# Alias OBJ Model File
# Exported from SketchUp, (c) 2000-2012 Trimble Navigation Limited
# File units = millimeters

mtllib 2.mtl

g Mesh1 ___505_1 Model

usemtl _
v 188.994 21.1294 -44.1745
vt -2.94553 0.03
vn -1.78742e-10 1 5.55072e-16
v 192.928 21.1294 -44.1745
vt -3.02419 0.03
vn -1.7874e-10 1 5.55072e-16
v 192.928 21.1294 -47.1745
vt -3.02419 0
v 188.994 21.1294 -47.1745
vt -2.94553 0
f 1/1/1 2/2/2 3/3/2 4/4/1 

v 182.231 17.7198 -44.1745
vt 2.81034 0.177198
vn -2.23685e-10 -5.55112e-16 1
v 182.231 17.6294 -44.1745
vt 2.81034 0.176294
v 105.578 17.6294 -44.1745
vt 1.27804 0.176294
v 105.578 17.7198 -44.1745
vt 1.27804 0.177198
v 105.578 17.959 -44.1745
vt 1.27804 0.17959
v 105.578 18.299 -44.1745
vt 1.27804 0.18299
v 105.578 18.6919 -44.1745
vt 1.27804 0.186919
v 105.578 19.0895 -44.1745
vt 1.27804 0.190895
v 105.578 19.4439 -44.1745
vt 1.27804 0.194439
v 105.578 19.7072 -44.1745
vt 1.27804 0.197072
v 105.578 19.8312 -44.1745
vt 1.27804 0.198312
v 105.562 20.04 -44.1745
vt 1.27772 0.2004
v 105.499 20.2815 -44.1745
vt 1.27646 0.202815
v 105.393 20.5023 -44.1745
vt 1.27435 0.205023
v 105.249 20.6974 -44.1745
vt 1.27147 0.206974
v 105.071 20.8621 -44.1745
vt 1.26792 0.208621
v 104.865 20.9916 -44.1745
vt 1.2638 0.209916
v 104.635 21.0809 -44.1745
vt 1.25921 0.210809
v 104.387 21.1253 -44.1745
vt 1.25424 0.211253
v 103.932 21.1294 -44.1745
vt 1.24515 0.211294
v 101.999 21.1294 -44.1745
vt 1.20651 0.211294
v 98.8148 21.1294 -44.1745
vt 1.14285 0.211294
v 94.8801 21.1294 -44.1745
vt 1.0642 0.211294
v 90.6952 21.1294 -44.1745
vt 0.980543 0.211294
v 86.7604 21.1294 -44.1745
vt 0.901888 0.211294
v 83.5763 21.1294 -44.1745
vt 0.838237 0.211294
v 81.6431 21.1294 -44.1745
vt 0.799593 0.211294
v 81.1883 21.1253 -44.1745
vt 0.7905 0.211253
v 80.9398 21.0809 -44.1745
vt 0.785533 0.210809
v 80.7101 20.9916 -44.1745
vt 0.780942 0.209916
v 80.5041 20.8621 -44.1745
vt 0.776825 0.208621
v 80.3267 20.6974 -44.1745
vt 0.773277 0.206974
v 80.1826 20.5023 -44.1745
vt 0.770396 0.205023
v 80.0766 20.2815 -44.1745
vt 0.768278 0.202815
v 80.0137 20.04 -44.1745
vt 0.76702 0.2004
v 79.9975 19.8312 -44.1745
vt 0.766698 0.198312
v 79.9975 19.7072 -44.1745
vt 0.766698 0.197072
v 79.9975 19.4439 -44.1745
vt 0.766698 0.194439
v 79.9975 19.0895 -44.1745
vt 0.766698 0.190895
v 79.9975 18.6919 -44.1745
vt 0.766698 0.186919
v 79.9975 18.299 -44.1745
vt 0.766698 0.18299
v 79.9975 17.959 -44.1745
vt 0.766698 0.17959
v 79.9975 17.7198 -44.1745
vt 0.766698 0.177198
v 79.9975 17.6294 -44.1745
vt 0.766698 0.176294
v 41.6435 17.6294 -44.1745
vt 0 0.176294
v 41.6435 3.5 -44.1745
vt 0 0.035
v 79.9975 3.5 -44.1745
vt 0.766698 0.035
v 79.9975 3.40959 -44.1745
vt 0.766698 0.0340959
v 79.9975 3.17037 -44.1745
vt 0.766698 0.0317037
v 79.9975 2.83033 -44.1745
vt 0.766698 0.0283033
v 79.9975 2.43749 -44.1745
vt 0.766698 0.0243749
v 79.9975 2.03985 -44.1745
vt 0.766698 0.0203985
v 79.9975 1.68541 -44.1745
vt 0.766698 0.0168541
v 79.9975 1.42218 -44.1745
vt 0.766698 0.0142218
v 79.9975 1.29817 -44.1745
vt 0.766698 0.0129817
v 80.0137 1.08936 -44.1745
vt 0.76702 0.0108936
v 80.0766 0.847826 -44.1745
vt 0.768278 0.00847826
v 80.1826 0.627068 -44.1745
vt 0.770396 0.00627068
v 80.3267 0.43192 -44.1745
vt 0.773277 0.0043192
v 80.5041 0.267214 -44.1745
vt 0.776825 0.00267214
v 80.7101 0.137784 -44.1745
vt 0.780942 0.00137784
v 80.9398 0.0484638 -44.1745
vt 0.785533 0.000484638
v 81.1883 0.00408511 -44.1745
vt 0.7905 4.08511e-05
v 81.6431 2.60734e-15 -44.1745
vt 0.799593 0
v 83.5763 4.32424e-10 -44.1745
vt 0.838237 0
v 86.7604 1.14467e-09 -44.1745
vt 0.901888 0
v 90.6952 2.02481e-09 -44.1745
vt 0.980543 0
v 94.8801 2.96092e-09 -44.1745
vt 1.0642 0
v 98.8148 3.84106e-09 -44.1745
vt 1.14285 0
v 101.999 4.5533e-09 -44.1745
vt 1.20651 0
v 103.932 4.98572e-09 -44.1745
vt 1.24515 0
v 104.387 0.00408512 -44.1745
vt 1.25424 4.08511e-05
v 104.635 0.0484638 -44.1745
vt 1.25921 0.000484638
v 104.865 0.137785 -44.1745
vt 1.2638 0.00137784
v 105.071 0.267214 -44.1745
vt 1.26792 0.00267214
v 105.249 0.43192 -44.1745
vt 1.27147 0.0043192
v 105.393 0.627068 -44.1745
vt 1.27435 0.00627068
v 105.499 0.847826 -44.1745
vt 1.27646 0.00847826
v 105.562 1.08936 -44.1745
vt 1.27772 0.0108936
v 105.578 1.29817 -44.1745
vt 1.27804 0.0129817
v 105.578 1.42218 -44.1745
vt 1.27804 0.0142218
v 105.578 1.68541 -44.1745
vt 1.27804 0.0168541
v 105.578 2.03985 -44.1745
vt 1.27804 0.0203985
v 105.578 2.43749 -44.1745
vt 1.27804 0.0243749
v 105.578 2.83033 -44.1745
vt 1.27804 0.0283033
v 105.578 3.17037 -44.1745
vt 1.27804 0.0317037
v 105.578 3.40959 -44.1745
vt 1.27804 0.0340959
v 105.578 3.5 -44.1745
vt 1.27804 0.035
v 182.231 3.5 -44.1745
vt 2.81034 0.035
v 182.231 3.40959 -44.1745
vt 2.81034 0.0340959
v 182.231 3.17037 -44.1745
vt 2.81034 0.0317037
v 182.231 2.83033 -44.1745
vt 2.81034 0.0283033
v 182.231 2.43749 -44.1745
vt 2.81034 0.0243749
v 182.231 2.03985 -44.1745
vt 2.81034 0.0203985
v 182.231 1.68541 -44.1745
vt 2.81034 0.0168541
v 182.231 1.42218 -44.1745
vt 2.81034 0.0142218
v 182.231 1.29817 -44.1745
vt 2.81034 0.0129817
v 182.247 1.08936 -44.1745
vt 2.81066 0.0108936
v 182.31 0.847826 -44.1745
vt 2.81192 0.00847826
v 182.416 0.627068 -44.1745
vt 2.81404 0.00627068
v 182.56 0.43192 -44.1745
vt 2.81692 0.0043192
v 182.737 0.267214 -44.1745
vt 2.82047 0.00267214
v 182.943 0.137785 -44.1745
vt 2.82458 0.00137784
v 183.173 0.0484638 -44.1745
vt 2.82918 0.000484638
v 183.422 0.00408514 -44.1745
vt 2.83414 4.08511e-05
v 183.876 2.46613e-08 -44.1745
vt 2.84324 1.79323e-11
v 185.81 2.51805e-08 -44.1745
vt 2.88188 1.88004e-11
v 188.994 2.60355e-08 -44.1745
vt 2.94553 2.0228e-11
v 192.928 2.7092e-08 -44.1745
vt 3.02419 2.19912e-11
v 197.113 2.82158e-08 -44.1745
vt 3.10784 2.38682e-11
v 201.048 2.92723e-08 -44.1745
vt 3.1865 2.56315e-11
v 204.232 3.01273e-08 -44.1745
vt 3.25015 2.7059e-11
v 206.165 3.06463e-08 -44.1745
vt 3.28879 2.79253e-11
v 206.62 0.00408514 -44.1745
vt 3.29789 4.08511e-05
v 206.869 0.0484638 -44.1745
vt 3.30285 0.000484638
v 207.098 0.137785 -44.1745
vt 3.30744 0.00137784
v 207.304 0.267214 -44.1745
vt 3.31156 0.00267214
v 207.482 0.43192 -44.1745
vt 3.31511 0.0043192
v 207.626 0.627068 -44.1745
vt 3.31799 0.00627068
v 207.732 0.847826 -44.1745
vt 3.32011 0.00847826
v 207.795 1.08936 -44.1745
vt 3.32136 0.0108936
v 207.811 1.29817 -44.1745
vt 3.32169 0.0129817
v 207.811 1.42218 -44.1745
vt 3.32169 0.0142218
v 207.811 1.68541 -44.1745
vt 3.32169 0.0168541
v 207.811 2.03985 -44.1745
vt 3.32169 0.0203985
v 207.811 2.43749 -44.1745
vt 3.32169 0.0243749
v 207.811 2.83033 -44.1745
vt 3.32169 0.0283033
v 207.811 3.17037 -44.1745
vt 3.32169 0.0317037
v 207.811 3.40959 -44.1745
vt 3.32169 0.0340959
v 207.811 3.5 -44.1745
vt 3.32169 0.035
v 246.165 3.5 -44.1745
vt 4.08839 0.035
v 246.165 17.6294 -44.1745
vt 4.08839 0.176294
v 207.811 17.6294 -44.1745
vt 3.32169 0.176294
v 207.811 17.7198 -44.1745
vt 3.32169 0.177198
v 207.811 17.959 -44.1745
vt 3.32169 0.17959
v 207.811 18.299 -44.1745
vt 3.32169 0.18299
v 207.811 18.6919 -44.1745
vt 3.32169 0.186919
v 207.811 19.0895 -44.1745
vt 3.32169 0.190895
v 207.811 19.4439 -44.1745
vt 3.32169 0.194439
v 207.811 19.7072 -44.1745
vt 3.32169 0.197072
v 207.811 19.8312 -44.1745
vt 3.32169 0.198312
v 207.795 20.04 -44.1745
vt 3.32136 0.2004
v 207.732 20.2815 -44.1745
vt 3.32011 0.202815
v 207.626 20.5023 -44.1745
vt 3.31799 0.205023
v 207.482 20.6974 -44.1745
vt 3.31511 0.206974
v 207.304 20.8621 -44.1745
vt 3.31156 0.208621
v 207.098 20.9916 -44.1745
vt 3.30744 0.209916
v 206.869 21.0809 -44.1745
vt 3.30285 0.210809
v 206.62 21.1253 -44.1745
vt 3.29789 0.211253
v 206.165 21.1294 -44.1745
vt 3.28879 0.211294
v 204.232 21.1294 -44.1745
vt 3.25015 0.211294
v 201.048 21.1294 -44.1745
vt 3.1865 0.211294
v 197.113 21.1294 -44.1745
vt 3.10784 0.211294
vt 3.02419 0.211294
vt 2.94553 0.211294
v 185.81 21.1294 -44.1745
vt 2.88188 0.211294
v 183.876 21.1294 -44.1745
vt 2.84324 0.211294
v 183.422 21.1253 -44.1745
vt 2.83414 0.211253
v 183.173 21.0809 -44.1745
vt 2.82918 0.210809
v 182.943 20.9916 -44.1745
vt 2.82458 0.209916
v 182.737 20.8621 -44.1745
vt 2.82047 0.208621
v 182.56 20.6974 -44.1745
vt 2.81692 0.206974
v 182.416 20.5023 -44.1745
vt 2.81404 0.205023
v 182.31 20.2815 -44.1745
vt 2.81192 0.202815
v 182.247 20.04 -44.1745
vt 2.81066 0.2004
v 182.231 19.8312 -44.1745
vt 2.81034 0.198312
v 182.231 19.7072 -44.1745
vt 2.81034 0.197072
v 182.231 19.4439 -44.1745
vt 2.81034 0.194439
v 182.231 19.0895 -44.1745
vt 2.81034 0.190895
v 182.231 18.6919 -44.1745
vt 2.81034 0.186919
v 182.231 18.299 -44.1745
vt 2.81034 0.18299
v 182.231 17.959 -44.1745
vt 2.81034 0.17959
f 5/5/3 6/6/3 7/7/3 8/8/3 9/9/3 10/10/3 11/11/3 12/12/3 13/13/3 14/14/3 15/15/3 16/16/3 17/17/3 18/18/3 19/19/3 20/20/3 21/21/3 22/22/3 23/23/3 24/24/3 25/25/3 26/26/3 27/27/3 28/28/3 29/29/3 30/30/3 31/31/3 32/32/3 33/33/3 34/34/3 35/35/3 36/36/3 37/37/3 38/38/3 39/39/3 40/40/3 41/41/3 42/42/3 43/43/3 44/44/3 45/45/3 46/46/3 47/47/3 48/48/3 49/49/3 50/50/3 51/51/3 52/52/3 53/53/3 54/54/3 55/55/3 56/56/3 57/57/3 58/58/3 59/59/3 60/60/3 61/61/3 62/62/3 63/63/3 64/64/3 65/65/3 66/66/3 67/67/3 68/68/3 69/69/3 70/70/3 71/71/3 72/72/3 73/73/3 74/74/3 75/75/3 76/76/3 77/77/3 78/78/3 79/79/3 80/80/3 81/81/3 82/82/3 83/83/3 84/84/3 85/85/3 86/86/3 87/87/3 88/88/3 89/89/3 90/90/3 91/91/3 92/92/3 93/93/3 94/94/3 95/95/3 96/96/3 97/97/3 98/98/3 99/99/3 100/100/3 101/101/3 102/102/3 103/103/3 104/104/3 105/105/3 106/106/3 107/107/3 108/108/3 109/109/3 110/110/3 111/111/3 112/112/3 113/113/3 114/114/3 115/115/3 116/116/3 117/117/3 118/118/3 119/119/3 120/120/3 121/121/3 122/122/3 123/123/3 124/124/3 125/125/3 126/126/3 127/127/3 128/128/3 129/129/3 130/130/3 131/131/3 132/132/3 133/133/3 134/134/3 135/135/3 136/136/3 137/137/3 138/138/3 139/139/3 140/140/3 141/141/3 142/142/3 143/143/3 144/144/3 145/145/3 146/146/3 147/147/3 148/148/3 149/149/3 150/150/3 151/151/3 152/152/3 153/153/3 154/154/3 155/155/3 156/156/3 157/157/3 2/158/3 1/159/3 158/160/3 159/161/3 160/162/3 161/163/3 162/164/3 163/165/3 164/166/3 165/167/3 166/168/3 167/169/3 168/170/3 169/171/3 170/172/3 171/173/3 172/174/3 173/175/3 174/176/3 

vt -0.352411 0.03
vn -1 -1.75776e-10 -2.23685e-10
vt -0.354218 0.03
vn -1 -1.77098e-10 -2.23685e-10
v 182.231 17.7198 -47.1745
vt -0.354218 0
v 182.231 17.6294 -47.1745
vt -0.352411 0
f 6/177/4 5/178/5 175/179/5 176/180/4 

vt -0.359 0.03
vn -1 -1.7876e-10 -2.23685e-10
v 182.231 17.959 -47.1745
vt -0.359 0
f 5/178/5 174/181/6 177/182/6 175/179/5 

vt -0.365797 0.03
vn -1 -1.79341e-10 -2.23685e-10
v 182.231 18.299 -47.1745
vt -0.365797 0
f 174/181/6 173/183/7 178/184/7 177/182/6 

vt -0.37365 0.03
vn -1 -1.7894e-10 -2.23685e-10
v 182.231 18.6919 -47.1745
vt -0.37365 0
f 173/183/7 172/185/8 179/186/8 178/184/7 

vt -0.381599 0.03
vn -1 -1.78587e-10 -2.23685e-10
v 182.231 19.0895 -47.1745
vt -0.381599 0
f 172/185/8 171/187/9 180/188/9 179/186/8 

vt -0.388684 0.03
vn -1 -1.7934e-10 -2.23685e-10
v 182.231 19.4439 -47.1745
vt -0.388684 0
f 171/187/9 170/189/10 181/190/10 180/188/9 

vt -0.393946 0.03
vn -1 -1.7846e-10 -2.23685e-10
v 182.231 19.7072 -47.1745
vt -0.393946 0
f 170/189/10 169/191/11 182/192/11 181/190/10 

vt -0.396425 0.03
vn -0.999257 0.0385473 -2.23519e-10
v 182.231 19.8312 -47.1745
vt -0.396425 0
f 169/191/11 168/193/12 183/194/12 182/192/11 

vt -0.611748 0.03
vt -0.615935 0.03
vn -0.986253 0.165244 -2.2061e-10
v 182.247 20.04 -47.1745
vt -0.615935 0
vt -0.611748 0
f 168/195/12 167/196/13 184/197/13 183/198/12 

vt -1.09635 0.03
vt -1.10134 0.03
vn -0.93897 0.343999 -2.10034e-10
v 182.31 20.2815 -47.1745
vt -1.10134 0
vt -1.09635 0
f 167/199/13 166/200/14 185/201/14 184/202/13 

vt -1.58214 0.03
vt -1.58703 0.03
vn -0.856793 0.515661 -1.91652e-10
v 182.416 20.5023 -47.1745
vt -1.58703 0
vt -1.58214 0
f 166/203/14 165/204/15 186/205/15 185/206/14 

vt -2.00142 0.03
vt -2.00627 0.03
vn -0.745583 0.666413 -1.66776e-10
v 182.56 20.6974 -47.1745
vt -2.00627 0
vt -2.00142 0
f 165/207/15 164/208/16 187/209/16 186/210/15 

vt -2.34615 0.03
vt -2.35099 0.03
vn -0.608827 0.793303 -1.36185e-10
v 182.737 20.8621 -47.1745
vt -2.35099 0
vt -2.34615 0
f 164/211/16 163/212/17 188/213/17 187/214/16 

vt -2.61 0.03
vt -2.61486 0.03
vn -0.449303 0.89338 -1.00502e-10
v 182.943 20.9916 -47.1745
vt -2.61486 0
vt -2.61 0
f 163/215/17 162/216/18 189/217/18 188/218/17 

vt -2.78459 0.03
vt -2.78951 0.03
vn -0.270425 0.962741 -6.04896e-11
v 183.173 21.0809 -47.1745
vt -2.78951 0
vt -2.78459 0
f 162/219/18 161/220/19 190/221/19 189/222/18 

vt -2.8592 0.03
vt -2.86424 0.03
vn -0.0927214 0.995692 -2.07399e-11
v 183.422 21.1253 -47.1745
vt -2.86424 0
vt -2.8592 0
f 161/223/19 160/224/20 191/225/20 190/226/19 

vt -2.83782 0.03
vt -2.84691 0.03
vn -0.00449034 0.99999 -1.00387e-12
v 183.876 21.1294 -47.1745
vt -2.84691 0
vt -2.83782 0
f 160/227/20 159/228/21 192/229/21 191/230/20 

vt -2.84324 0.03
vt -2.88188 0.03
vn -1.78787e-10 1 5.55072e-16
v 185.81 21.1294 -47.1745
vt -2.88188 0
vt -2.84324 0
f 159/231/21 158/232/22 193/233/22 192/234/21 

f 158/232/22 1/1/1 4/4/1 193/233/22 

vt -2.81034 0.176294
vn 2.23685e-10 5.55112e-16 -1
vt -2.81034 0.177198
vt -2.81034 0.17959
vt -2.81034 0.18299
vt -2.81034 0.186919
vt -2.81034 0.190895
vt -2.81034 0.194439
vt -2.81034 0.197072
vt -2.81034 0.198312
vt -2.81066 0.2004
vt -2.81192 0.202815
vt -2.81404 0.205023
vt -2.81692 0.206974
vt -2.82047 0.208621
vt -2.82458 0.209916
vt -2.82918 0.210809
vt -2.83414 0.211253
vt -2.84324 0.211294
vt -2.88188 0.211294
vt -2.94553 0.211294
vt -3.02419 0.211294
v 197.113 21.1294 -47.1745
vt -3.10784 0.211294
v 201.048 21.1294 -47.1745
vt -3.1865 0.211294
v 204.232 21.1294 -47.1745
vt -3.25015 0.211294
v 206.165 21.1294 -47.1745
vt -3.28879 0.211294
v 206.62 21.1253 -47.1745
vt -3.29789 0.211253
v 206.869 21.0809 -47.1745
vt -3.30285 0.210809
v 207.098 20.9916 -47.1745
vt -3.30744 0.209916
v 207.304 20.8621 -47.1745
vt -3.31156 0.208621
v 207.482 20.6974 -47.1745
vt -3.31511 0.206974
v 207.626 20.5023 -47.1745
vt -3.31799 0.205023
v 207.732 20.2815 -47.1745
vt -3.32011 0.202815
v 207.795 20.04 -47.1745
vt -3.32136 0.2004
v 207.811 19.8312 -47.1745
vt -3.32169 0.198312
v 207.811 19.7072 -47.1745
vt -3.32169 0.197072
v 207.811 19.4439 -47.1745
vt -3.32169 0.194439
v 207.811 19.0895 -47.1745
vt -3.32169 0.190895
v 207.811 18.6919 -47.1745
vt -3.32169 0.186919
v 207.811 18.299 -47.1745
vt -3.32169 0.18299
v 207.811 17.959 -47.1745
vt -3.32169 0.17959
v 207.811 17.7198 -47.1745
vt -3.32169 0.177198
v 207.811 17.6294 -47.1745
vt -3.32169 0.176294
v 246.165 17.6294 -47.1745
vt -4.08839 0.176294
v 246.165 3.5 -47.1745
vt -4.08839 0.035
v 207.811 3.5 -47.1745
vt -3.32169 0.035
v 207.811 3.40959 -47.1745
vt -3.32169 0.0340959
v 207.811 3.17037 -47.1745
vt -3.32169 0.0317037
v 207.811 2.83033 -47.1745
vt -3.32169 0.0283033
v 207.811 2.43749 -47.1745
vt -3.32169 0.0243749
v 207.811 2.03985 -47.1745
vt -3.32169 0.0203985
v 207.811 1.68541 -47.1745
vt -3.32169 0.0168541
v 207.811 1.42218 -47.1745
vt -3.32169 0.0142218
v 207.811 1.29817 -47.1745
vt -3.32169 0.0129817
v 207.795 1.08936 -47.1745
vt -3.32136 0.0108936
v 207.732 0.847826 -47.1745
vt -3.32011 0.00847826
v 207.626 0.627068 -47.1745
vt -3.31799 0.00627068
v 207.482 0.43192 -47.1745
vt -3.31511 0.0043192
v 207.304 0.267214 -47.1745
vt -3.31156 0.00267214
v 207.098 0.137785 -47.1745
vt -3.30744 0.00137784
v 206.869 0.0484638 -47.1745
vt -3.30285 0.000484638
v 206.62 0.00408514 -47.1745
vt -3.29789 4.08511e-05
v 206.165 3.06463e-08 -47.1745
vt -3.28879 2.79253e-11
v 204.232 3.01273e-08 -47.1745
vt -3.25015 2.7059e-11
v 201.048 2.92723e-08 -47.1745
vt -3.1865 2.56315e-11
v 197.113 2.82158e-08 -47.1745
vt -3.10784 2.38682e-11
v 192.928 2.7092e-08 -47.1745
vt -3.02419 2.19912e-11
v 188.994 2.60355e-08 -47.1745
vt -2.94553 2.0228e-11
v 185.81 2.51805e-08 -47.1745
vt -2.88188 1.88004e-11
v 183.876 2.46613e-08 -47.1745
vt -2.84324 1.79323e-11
v 183.422 0.00408514 -47.1745
vt -2.83414 4.08511e-05
v 183.173 0.0484638 -47.1745
vt -2.82918 0.000484638
v 182.943 0.137785 -47.1745
vt -2.82458 0.00137784
v 182.737 0.267214 -47.1745
vt -2.82047 0.00267214
v 182.56 0.43192 -47.1745
vt -2.81692 0.0043192
v 182.416 0.627068 -47.1745
vt -2.81404 0.00627068
v 182.31 0.847826 -47.1745
vt -2.81192 0.00847826
v 182.247 1.08936 -47.1745
vt -2.81066 0.0108936
v 182.231 1.29817 -47.1745
vt -2.81034 0.0129817
v 182.231 1.42218 -47.1745
vt -2.81034 0.0142218
v 182.231 1.68541 -47.1745
vt -2.81034 0.0168541
v 182.231 2.03985 -47.1745
vt -2.81034 0.0203985
v 182.231 2.43749 -47.1745
vt -2.81034 0.0243749
v 182.231 2.83033 -47.1745
vt -2.81034 0.0283033
v 182.231 3.17037 -47.1745
vt -2.81034 0.0317037
v 182.231 3.40959 -47.1745
vt -2.81034 0.0340959
v 182.231 3.5 -47.1745
vt -2.81034 0.035
v 105.578 3.5 -47.1745
vt -1.27804 0.035
v 105.578 3.40959 -47.1745
vt -1.27804 0.0340959
v 105.578 3.17037 -47.1745
vt -1.27804 0.0317037
v 105.578 2.83033 -47.1745
vt -1.27804 0.0283033
v 105.578 2.43749 -47.1745
vt -1.27804 0.0243749
v 105.578 2.03985 -47.1745
vt -1.27804 0.0203985
v 105.578 1.68541 -47.1745
vt -1.27804 0.0168541
v 105.578 1.42218 -47.1745
vt -1.27804 0.0142218
v 105.578 1.29817 -47.1745
vt -1.27804 0.0129817
v 105.562 1.08936 -47.1745
vt -1.27772 0.0108936
v 105.499 0.847826 -47.1745
vt -1.27646 0.00847826
v 105.393 0.627068 -47.1745
vt -1.27435 0.00627068
v 105.249 0.43192 -47.1745
vt -1.27147 0.0043192
v 105.071 0.267214 -47.1745
vt -1.26792 0.00267214
v 104.865 0.137785 -47.1745
vt -1.2638 0.00137784
v 104.635 0.0484638 -47.1745
vt -1.25921 0.000484638
v 104.387 0.00408512 -47.1745
vt -1.25424 4.08511e-05
v 103.932 4.98572e-09 -47.1745
vt -1.24515 0
v 101.999 4.5533e-09 -47.1745
vt -1.20651 0
v 98.8148 3.84106e-09 -47.1745
vt -1.14285 0
v 94.8801 2.96092e-09 -47.1745
vt -1.0642 0
v 90.6952 2.02481e-09 -47.1745
vt -0.980543 0
v 86.7604 1.14467e-09 -47.1745
vt -0.901888 0
v 83.5763 4.32426e-10 -47.1745
vt -0.838237 0
v 81.6431 4.27268e-15 -47.1745
vt -0.799593 0
v 81.1883 0.00408511 -47.1745
vt -0.7905 4.08511e-05
v 80.9398 0.0484638 -47.1745
vt -0.785533 0.000484638
v 80.7101 0.137784 -47.1745
vt -0.780942 0.00137784
v 80.5041 0.267214 -47.1745
vt -0.776825 0.00267214
v 80.3267 0.43192 -47.1745
vt -0.773277 0.0043192
v 80.1826 0.627068 -47.1745
vt -0.770396 0.00627068
v 80.0766 0.847826 -47.1745
vt -0.768278 0.00847826
v 80.0137 1.08936 -47.1745
vt -0.76702 0.0108936
v 79.9975 1.29817 -47.1745
vt -0.766698 0.0129817
v 79.9975 1.42218 -47.1745
vt -0.766698 0.0142218
v 79.9975 1.68541 -47.1745
vt -0.766698 0.0168541
v 79.9975 2.03985 -47.1745
vt -0.766698 0.0203985
v 79.9975 2.43749 -47.1745
vt -0.766698 0.0243749
v 79.9975 2.83033 -47.1745
vt -0.766698 0.0283033
v 79.9975 3.17037 -47.1745
vt -0.766698 0.0317037
v 79.9975 3.40959 -47.1745
vt -0.766698 0.0340959
v 79.9975 3.5 -47.1745
vt -0.766698 0.035
v 41.6435 3.5 -47.1745
v 41.6435 17.6294 -47.1745
v 79.9975 17.6294 -47.1745
vt -0.766698 0.176294
v 79.9975 17.7198 -47.1745
vt -0.766698 0.177198
v 79.9975 17.959 -47.1745
vt -0.766698 0.17959
v 79.9975 18.299 -47.1745
vt -0.766698 0.18299
v 79.9975 18.6919 -47.1745
vt -0.766698 0.186919
v 79.9975 19.0895 -47.1745
vt -0.766698 0.190895
v 79.9975 19.4439 -47.1745
vt -0.766698 0.194439
v 79.9975 19.7072 -47.1745
vt -0.766698 0.197072
v 79.9975 19.8312 -47.1745
vt -0.766698 0.198312
v 80.0137 20.04 -47.1745
vt -0.76702 0.2004
v 80.0766 20.2815 -47.1745
vt -0.768278 0.202815
v 80.1826 20.5023 -47.1745
vt -0.770396 0.205023
v 80.3267 20.6974 -47.1745
vt -0.773277 0.206974
v 80.5041 20.8621 -47.1745
vt -0.776825 0.208621
v 80.7101 20.9916 -47.1745
vt -0.780942 0.209916
v 80.9398 21.0809 -47.1745
vt -0.785533 0.210809
v 81.1883 21.1253 -47.1745
vt -0.7905 0.211253
v 81.6431 21.1294 -47.1745
vt -0.799593 0.211294
v 83.5763 21.1294 -47.1745
vt -0.838237 0.211294
v 86.7604 21.1294 -47.1745
vt -0.901888 0.211294
v 90.6952 21.1294 -47.1745
vt -0.980543 0.211294
v 94.8801 21.1294 -47.1745
vt -1.0642 0.211294
v 98.8148 21.1294 -47.1745
vt -1.14285 0.211294
v 101.999 21.1294 -47.1745
vt -1.20651 0.211294
v 103.932 21.1294 -47.1745
vt -1.24515 0.211294
v 104.387 21.1253 -47.1745
vt -1.25424 0.211253
v 104.635 21.0809 -47.1745
vt -1.25921 0.210809
v 104.865 20.9916 -47.1745
vt -1.2638 0.209916
v 105.071 20.8621 -47.1745
vt -1.26792 0.208621
v 105.249 20.6974 -47.1745
vt -1.27147 0.206974
v 105.393 20.5023 -47.1745
vt -1.27435 0.205023
v 105.499 20.2815 -47.1745
vt -1.27646 0.202815
v 105.562 20.04 -47.1745
vt -1.27772 0.2004
v 105.578 19.8312 -47.1745
vt -1.27804 0.198312
v 105.578 19.7072 -47.1745
vt -1.27804 0.197072
v 105.578 19.4439 -47.1745
vt -1.27804 0.194439
v 105.578 19.0895 -47.1745
vt -1.27804 0.190895
v 105.578 18.6919 -47.1745
vt -1.27804 0.186919
v 105.578 18.299 -47.1745
vt -1.27804 0.18299
v 105.578 17.959 -47.1745
vt -1.27804 0.17959
v 105.578 17.7198 -47.1745
vt -1.27804 0.177198
v 105.578 17.6294 -47.1745
vt -1.27804 0.176294
f 176/235/23 175/236/23 177/237/23 178/238/23 179/239/23 180/240/23 181/241/23 182/242/23 183/243/23 184/244/23 185/245/23 186/246/23 187/247/23 188/248/23 189/249/23 190/250/23 191/251/23 192/252/23 193/253/23 4/254/23 3/255/23 194/256/23 195/257/23 196/258/23 197/259/23 198/260/23 199/261/23 200/262/23 201/263/23 202/264/23 203/265/23 204/266/23 205/267/23 206/268/23 207/269/23 208/270/23 209/271/23 210/272/23 211/273/23 212/274/23 213/275/23 214/276/23 215/277/23 216/278/23 217/279/23 218/280/23 219/281/23 220/282/23 221/283/23 222/284/23 223/285/23 224/286/23 225/287/23 226/288/23 227/289/23 228/290/23 229/291/23 230/292/23 231/293/23 232/294/23 233/295/23 234/296/23 235/297/23 236/298/23 237/299/23 238/300/23 239/301/23 240/302/23 241/303/23 242/304/23 243/305/23 244/306/23 245/307/23 246/308/23 247/309/23 248/310/23 249/311/23 250/312/23 251/313/23 252/314/23 253/315/23 254/316/23 255/317/23 256/318/23 257/319/23 258/320/23 259/321/23 260/322/23 261/323/23 262/324/23 263/325/23 264/326/23 265/327/23 266/328/23 267/329/23 268/330/23 269/331/23 270/332/23 271/333/23 272/334/23 273/335/23 274/336/23 275/337/23 276/338/23 277/339/23 278/340/23 279/341/23 280/342/23 281/343/23 282/344/23 283/345/23 284/346/23 285/347/23 286/348/23 287/349/23 288/350/23 289/351/23 290/352/23 291/353/23 292/354/23 293/355/23 294/356/23 295/357/23 296/358/23 297/359/23 298/360/23 299/361/23 300/362/23 301/50/23 302/49/23 303/363/23 304/364/23 305/365/23 306/366/23 307/367/23 308/368/23 309/369/23 310/370/23 311/371/23 312/372/23 313/373/23 314/374/23 315/375/23 316/376/23 317/377/23 318/378/23 319/379/23 320/380/23 321/381/23 322/382/23 323/383/23 324/384/23 325/385/23 326/386/23 327/387/23 328/388/23 329/389/23 330/390/23 331/391/23 332/392/23 333/393/23 334/394/23 335/395/23 336/396/23 337/397/23 338/398/23 339/399/23 340/400/23 341/401/23 342/402/23 343/403/23 344/404/23 

vt -3.10784 0.03
vn -1.78763e-10 1 5.55072e-16
vt -3.10784 0
f 2/2/2 157/405/24 194/406/24 3/3/2 

vt -3.1865 0.03
vn -1.78708e-10 1 5.55072e-16
vt -3.1865 0
f 157/405/24 156/407/25 195/408/25 194/406/24 

vt -3.25015 0.03
vn -1.78731e-10 1 5.55072e-16
vt -3.25015 0
f 156/407/25 155/409/26 196/410/26 195/408/25 

vt -3.28879 0.03
vn 0.00449034 0.99999 1.00498e-12
vt -3.28879 0
f 155/409/26 154/411/27 197/412/27 196/410/26 

vt -3.28487 0.03
vt -3.29396 0.03
vn 0.0927214 0.995692 2.0741e-11
vt -3.29396 0
vt -3.28487 0
f 154/413/27 153/414/28 198/415/28 197/416/27 

vt -3.17227 0.03
vt -3.17732 0.03
vn 0.270425 0.962741 6.04906e-11
vt -3.17732 0
vt -3.17227 0
f 153/417/28 152/418/29 199/419/29 198/420/28 

vt -2.92546 0.03
vt -2.93038 0.03
vn 0.449303 0.89338 1.00503e-10
vt -2.93038 0
vt -2.92546 0
f 152/421/29 151/422/30 200/423/30 199/424/29 

vt -2.57718 0.03
vt -2.58204 0.03
vn 0.608827 0.793303 1.36186e-10
vt -2.58204 0
vt -2.57718 0
f 151/425/30 150/426/31 201/427/31 200/428/30 

vt -2.14355 0.03
vt -2.14839 0.03
vn 0.745583 0.666413 1.66776e-10
vt -2.14839 0
vt -2.14355 0
f 150/429/31 149/430/32 202/431/32 201/432/31 

vt -1.63659 0.03
vt -1.64144 0.03
vn 0.856793 0.515661 1.91652e-10
vt -1.64144 0
vt -1.63659 0
f 149/433/32 148/434/33 203/435/33 202/436/32 

vt -1.06609 0.03
vt -1.07098 0.03
vn 0.93897 0.343999 2.10034e-10
vt -1.07098 0
vt -1.06609 0
f 148/437/33 147/438/34 204/439/34 203/440/33 

vt -0.444823 0.03
vt -0.449813 0.03
vn 0.986253 0.165244 2.2061e-10
vt -0.449813 0
vt -0.444823 0
f 147/441/34 146/442/35 205/443/35 204/444/34 

vt 0.14354 0.03
vt 0.139353 0.03
vn 0.999257 0.0385473 2.23519e-10
vt 0.139353 0
vt 0.14354 0
f 146/445/35 145/446/36 206/447/36 205/448/35 

vt 0.396425 0.03
vt 0.393946 0.03
vn 1 1.7846e-10 2.23685e-10
vt 0.393946 0
vt 0.396425 0
f 145/449/36 144/450/37 207/451/37 206/452/36 

vt 0.388684 0.03
vn 1 1.7934e-10 2.23685e-10
vt 0.388684 0
f 144/450/37 143/453/38 208/454/38 207/451/37 

vt 0.381599 0.03
vn 1 1.78587e-10 2.23685e-10
vt 0.381599 0
f 143/453/38 142/455/39 209/456/39 208/454/38 

vt 0.37365 0.03
vn 1 1.7894e-10 2.23685e-10
vt 0.37365 0
f 142/455/39 141/457/40 210/458/40 209/456/39 

vt 0.365797 0.03
vn 1 1.7828e-10 2.23685e-10
vt 0.365797 0
f 141/457/40 140/459/41 211/460/41 210/458/40 

vt 0.359 0.03
vn 1 1.79208e-10 2.23685e-10
vt 0.359 0
f 140/459/41 139/461/42 212/462/42 211/460/41 

vt 0.354218 0.03
vn 1 1.78607e-10 2.23685e-10
vt 0.354218 0
f 139/461/42 138/463/43 213/464/43 212/462/42 

vt 0.352411 0.03
vn 1 1.75776e-10 2.23685e-10
vt 0.352411 0
f 138/463/43 137/465/44 214/466/44 213/464/43 

vt -3.32169 0.03
vn -1.78799e-10 1 5.55072e-16
vt -4.08839 0.03
vt -4.08839 0
vt -3.32169 0
f 137/467/45 136/468/45 215/469/45 214/470/45 

vn 1 0 2.23685e-10
vt 0.069965 0.03
vt 0.069965 0
f 136/465/46 135/471/46 216/472/46 215/466/46 

vt 4.08839 0.03
vn 1.48904e-10 -1 -5.55078e-16
vt 3.32169 0.03
vt 3.32169 0
vt 4.08839 0
f 135/473/47 134/474/47 217/475/47 216/476/47 

vn 1 2.6361e-10 2.23685e-10
vt 0.0681577 0.03
vn 1 2.6628e-10 2.23685e-10
vt 0.0681577 0
f 134/471/48 133/477/49 218/478/49 217/472/48 

vt 0.0633756 0.03
vn 1 2.69672e-10 2.23685e-10
vt 0.0633756 0
f 133/477/49 132/479/50 219/480/50 218/478/49 

vt 0.0565783 0.03
vn 1 2.69091e-10 2.23685e-10
vt 0.0565783 0
f 132/479/50 131/481/51 220/482/51 219/480/50 

vt 0.0487254 0.03
vn 1 2.68431e-10 2.23685e-10
vt 0.0487254 0
f 131/481/51 130/483/52 221/484/52 220/482/51 

vt 0.0407766 0.03
vn 1 2.68783e-10 2.23685e-10
vt 0.0407766 0
f 130/483/52 129/485/53 222/486/53 221/484/52 

vt 0.0336914 0.03
vn 1 2.6803e-10 2.23685e-10
vt 0.0336914 0
f 129/485/53 128/487/54 223/488/54 222/486/53 

vt 0.0284295 0.03
vn 1 2.68911e-10 2.23685e-10
vt 0.0284295 0
f 128/487/54 127/489/55 224/490/55 223/488/54 

vt 0.0259505 0.03
vn 0.999257 -0.0385473 2.23519e-10
vt 0.0259505 0
f 127/489/55 126/491/56 225/492/56 224/490/55 

vt 0.281767 0.03
vt 0.277581 0.03
vn 0.986253 -0.165244 2.2061e-10
vt 0.277581 0
vt 0.281767 0
f 126/493/56 125/494/57 226/495/57 225/496/56 

vt 0.858541 0.03
vt 0.853552 0.03
vn 0.93897 -0.343999 2.10034e-10
vt 0.853552 0
vt 0.858541 0
f 125/497/57 124/498/58 227/499/58 226/500/57 

vt 1.45178 0.03
vt 1.44688 0.03
vn 0.856793 -0.515661 1.91652e-10
vt 1.44688 0
vt 1.45178 0
f 124/501/58 123/502/59 228/503/59 227/504/58 

vt 1.9812 0.03
vt 1.97635 0.03
vn 0.745583 -0.666413 1.66776e-10
vt 1.97635 0
vt 1.9812 0
f 123/505/59 122/506/60 229/507/60 228/508/59 

vt 2.43572 0.03
vt 2.43088 0.03
vn 0.608827 -0.793303 1.36185e-10
vt 2.43088 0
vt 2.43572 0
f 122/509/60 121/510/61 230/511/61 229/512/60 

vt 2.80677 0.03
vt 2.8019 0.03
vn 0.449303 -0.89338 1.00502e-10
vt 2.8019 0
vt 2.80677 0
f 121/513/61 120/514/62 231/515/62 230/516/61 

vt 3.08349 0.03
vt 3.07857 0.03
vn 0.270425 -0.962741 6.04896e-11
vt 3.07857 0
vt 3.08349 0
f 120/517/62 119/518/63 232/519/63 231/520/62 

vt 3.25158 0.03
vt 3.24653 0.03
vn 0.0927214 -0.995692 2.07399e-11
vt 3.24653 0
vt 3.25158 0
f 119/521/63 118/522/64 233/523/64 232/524/63 

vt 3.29775 0.03
vt 3.28866 0.03
vn 0.00449034 -0.99999 1.00387e-12
vt 3.28866 0
vt 3.29775 0
f 118/525/64 117/526/65 234/527/65 233/528/64 

vt 3.28879 0.03
vt 3.25015 0.03
vn 2.68508e-10 -1 -5.55051e-16
vt 3.25015 0
vt 3.28879 0
f 117/529/65 116/530/66 235/531/66 234/532/65 

vt 3.1865 0.03
vn 2.68509e-10 -1 -5.55051e-16
vt 3.1865 0
f 116/530/66 115/533/67 236/534/67 235/531/66 

vt 3.10784 0.03
vn 2.68517e-10 -1 -5.55051e-16
vt 3.10784 0
f 115/533/67 114/535/68 237/536/68 236/534/67 

vt 3.02419 0.03
vt 3.02419 0
f 114/535/68 113/537/68 238/538/68 237/536/68 

vt 2.94553 0.03
vt 2.94553 0
f 113/537/68 112/539/67 239/540/67 238/538/68 

vt 2.88188 0.03
vn 2.68555e-10 -1 -5.55051e-16
vt 2.88188 0
f 112/539/67 111/541/69 240/542/69 239/540/67 

vt 2.84324 0.03
vn -0.00449034 -0.99999 -1.00498e-12
vt 2.84324 0
f 111/541/69 110/543/70 241/544/70 240/542/69 

vt 2.84312 0.03
vt 2.83403 0.03
vn -0.0927214 -0.995692 -2.0741e-11
vt 2.83403 0
vt 2.84312 0
f 110/545/70 109/546/71 242/547/71 241/548/70 

vt 2.78998 0.03
vt 2.78494 0.03
vn -0.270425 -0.962741 -6.04906e-11
vt 2.78494 0
vt 2.78998 0
f 109/549/71 108/550/72 243/551/72 242/552/71 

vt 2.6364 0.03
vt 2.63148 0.03
vn -0.449303 -0.89338 -1.00503e-10
vt 2.63148 0
vt 2.6364 0
f 108/553/72 107/554/73 244/555/73 243/556/72 

vt 2.39013 0.03
vt 2.38527 0.03
vn -0.608827 -0.793303 -1.36186e-10
vt 2.38527 0
vt 2.39013 0
f 107/557/73 106/558/74 245/559/74 244/560/73 

vt 2.06366 0.03
vt 2.05882 0.03
vn -0.745583 -0.666413 -1.66776e-10
vt 2.05882 0
vt 2.06366 0
f 106/561/74 105/562/75 246/563/75 245/564/74 

vt 1.6665 0.03
vt 1.66166 0.03
vn -0.856793 -0.515661 -1.91652e-10
vt 1.66166 0
vt 1.6665 0
f 105/565/75 104/566/76 247/567/76 246/568/75 

vt 1.20624 0.03
vt 1.20134 0.03
vn -0.93897 -0.343999 -2.10034e-10
vt 1.20134 0
vt 1.20624 0
f 104/569/76 103/570/77 248/571/77 247/572/76 

vt 0.692614 0.03
vt 0.687624 0.03
vn -0.986253 -0.165244 -2.2061e-10
vt 0.687624 0
vt 0.692614 0
f 103/573/77 102/574/78 249/575/78 248/576/77 

vt 0.194814 0.03
vt 0.190628 0.03
vn -0.999257 -0.0385473 -2.23519e-10
vt 0.190628 0
vt 0.194814 0
f 102/577/78 101/578/79 250/579/79 249/580/78 

vt -0.0259505 0.03
vt -0.0284295 0.03
vn -1 -2.68911e-10 -2.23685e-10
vt -0.0284295 0
vt -0.0259505 0
f 101/581/79 100/582/80 251/583/80 250/584/79 

vt -0.0336914 0.03
vn -1 -2.6803e-10 -2.23685e-10
vt -0.0336914 0
f 100/582/80 99/585/81 252/586/81 251/583/80 

vt -0.0407766 0.03
vn -1 -2.68783e-10 -2.23685e-10
vt -0.0407766 0
f 99/585/81 98/587/82 253/588/82 252/586/81 

vt -0.0487254 0.03
vn -1 -2.68431e-10 -2.23685e-10
vt -0.0487254 0
f 98/587/82 97/589/83 254/590/83 253/588/82 

vt -0.0565783 0.03
vn -1 -2.68029e-10 -2.23685e-10
vt -0.0565783 0
f 97/589/83 96/591/84 255/592/84 254/590/83 

vt -0.0633756 0.03
vn -1 -2.6861e-10 -2.23685e-10
vt -0.0633756 0
f 96/591/84 95/593/85 256/594/85 255/592/84 

vt -0.0681577 0.03
vn -1 -2.70273e-10 -2.23685e-10
vt -0.0681577 0
f 95/593/85 94/595/86 257/596/86 256/594/85 

vt -0.069965 0.03
vn -1 -2.71595e-10 -2.23685e-10
vt -0.069965 0
f 94/595/86 93/597/87 258/598/87 257/596/86 

vt 2.81034 0.03
vn 2.46102e-10 -1 -5.55056e-16
vt 1.27804 0.03
vt 1.27804 0
vt 2.81034 0
f 93/599/88 92/600/88 259/601/88 258/602/88 

vn 1 2.23685e-10 2.23685e-10
f 92/471/89 91/477/89 260/478/89 259/472/89 

f 91/477/89 90/479/89 261/480/89 260/478/89 

f 90/479/89 89/481/89 262/482/89 261/480/89 

f 89/481/89 88/483/89 263/484/89 262/482/89 

f 88/483/89 87/485/89 264/486/89 263/484/89 

f 87/485/89 86/487/89 265/488/89 264/486/89 

f 86/487/89 85/489/89 266/490/89 265/488/89 

f 85/489/89 84/491/56 267/492/56 266/490/89 

vt 0.124331 0.03
vt 0.120144 0.03
vt 0.120144 0
vt 0.124331 0
f 84/603/56 83/604/57 268/605/57 267/606/56 

vt 0.343245 0.03
vt 0.338256 0.03
vt 0.338256 0
vt 0.343245 0
f 83/607/57 82/608/58 269/609/58 268/610/57 

vt 0.567562 0.03
vt 0.562667 0.03
vt 0.562667 0
vt 0.567562 0
f 82/611/58 81/612/59 270/613/59 269/614/58 

vt 0.767135 0.03
vt 0.762286 0.03
vt 0.762286 0
vt 0.767135 0
f 81/615/59 80/616/60 271/617/60 270/618/59 

vt 0.937808 0.03
vt 0.932968 0.03
vt 0.932968 0
vt 0.937808 0
f 80/619/60 79/620/61 272/621/61 271/622/60 

vt 1.0764 0.03
vt 1.07154 0.03
vt 1.07154 0
vt 1.0764 0
f 79/623/61 78/624/62 273/625/62 272/626/61 

vt 1.17884 0.03
vt 1.17392 0.03
vt 1.17392 0
vt 1.17884 0
f 78/627/62 77/628/63 274/629/63 273/630/62 

vt 1.23977 0.03
vt 1.23472 0.03
vt 1.23472 0
vt 1.23977 0
f 77/631/63 76/632/64 275/633/64 274/634/63 

vt 1.25419 0.03
vt 1.2451 0.03
vt 1.2451 0
vt 1.25419 0
f 76/635/64 75/636/65 276/637/65 275/638/64 

vt 1.24515 0.03
vt 1.20651 0.03
vn 2.23685e-10 -1 -5.55061e-16
f 75/639/65 74/640/90 277/74/90 276/75/65 

vt 1.14285 0.03
f 74/640/90 73/641/90 278/73/90 277/74/90 

vt 1.0642 0.03
f 73/641/90 72/642/90 279/72/90 278/73/90 

vt 0.980543 0.03
f 72/642/90 71/643/90 280/71/90 279/72/90 

vt 0.901888 0.03
f 71/643/90 70/644/90 281/70/90 280/71/90 

vt 0.838237 0.03
f 70/644/90 69/645/90 282/69/90 281/70/90 

vt 0.799593 0.03
f 69/645/90 68/646/70 283/68/70 282/69/90 

vt 0.79956 0.03
vt 0.790467 0.03
vt 0.790467 0
vt 0.79956 0
f 68/647/70 67/648/71 284/649/71 283/650/70 

vt 0.778173 0.03
vt 0.773127 0.03
vt 0.773127 0
vt 0.778173 0
f 67/651/71 66/652/72 285/653/72 284/654/71 

vt 0.731755 0.03
vt 0.726829 0.03
vt 0.726829 0
vt 0.731755 0
f 66/655/72 65/656/73 286/657/73 285/658/72 

vt 0.659764 0.03
vt 0.654902 0.03
vt 0.654902 0
vt 0.659764 0
f 65/659/73 64/660/74 287/661/74 286/662/73 

vt 0.565748 0.03
vt 0.560908 0.03
vt 0.560908 0
vt 0.565748 0
f 64/663/74 63/664/75 288/665/75 287/666/74 

vt 0.452436 0.03
vt 0.447587 0.03
vt 0.447587 0
vt 0.452436 0
f 63/667/75 62/668/76 289/669/76 288/670/75 

vt 0.322023 0.03
vt 0.317128 0.03
vt 0.317128 0
vt 0.322023 0
f 62/671/76 61/672/77 290/673/77 289/674/76 

vt 0.177318 0.03
vt 0.172328 0.03
vt 0.172328 0
vt 0.177318 0
f 61/675/77 60/676/78 291/677/78 290/678/77 

vt 0.0373776 0.03
vt 0.033191 0.03
vt 0.033191 0
vt 0.0373776 0
f 60/679/78 59/680/79 292/681/79 291/682/78 

vn -1 -2.23685e-10 -2.23685e-10
f 59/581/79 58/582/91 293/583/91 292/584/79 

f 58/582/91 57/585/91 294/586/91 293/583/91 

f 57/585/91 56/587/91 295/588/91 294/586/91 

f 56/587/91 55/589/91 296/590/91 295/588/91 

f 55/589/91 54/591/91 297/592/91 296/590/91 

f 54/591/91 53/593/91 298/594/91 297/592/91 

f 53/593/91 52/595/91 299/596/91 298/594/91 

f 52/595/91 51/597/91 300/598/91 299/596/91 

vt 0.766698 0.03
vn 1.04018e-10 -1 -5.55088e-16
vt -8.37253e-12 0.03
vt -8.37253e-12 0
vt 0.766698 0
f 51/683/92 50/684/92 301/685/92 300/686/92 

f 50/597/91 49/177/91 302/180/91 301/598/91 

vt 0 0.03
vn -2.23685e-10 1 5.55061e-16
vt -0.766698 0.03
vt -0.766698 0
vt 0 0
f 49/687/93 48/688/93 303/689/93 302/690/93 

f 48/177/91 47/178/91 304/179/91 303/180/91 

f 47/178/91 46/181/91 305/182/91 304/179/91 

f 46/181/91 45/183/91 306/184/91 305/182/91 

f 45/183/91 44/185/91 307/186/91 306/184/91 

f 44/185/91 43/187/91 308/188/91 307/186/91 

f 43/187/91 42/189/91 309/190/91 308/188/91 

f 42/189/91 41/191/91 310/192/91 309/190/91 

f 41/191/91 40/193/12 311/194/12 310/192/91 

vt -0.454312 0.03
vt -0.458498 0.03
vt -0.458498 0
vt -0.454312 0
f 40/691/12 39/692/13 312/693/13 311/694/12 

vt -0.581057 0.03
vt -0.586046 0.03
vt -0.586046 0
vt -0.581057 0
f 39/695/13 38/696/14 313/697/14 312/698/13 

vt -0.697923 0.03
vt -0.702818 0.03
vt -0.702818 0
vt -0.697923 0
f 38/699/14 37/700/15 314/701/15 313/702/14 

vt -0.787351 0.03
vt -0.7922 0.03
vt -0.7922 0
vt -0.787351 0
f 37/703/15 36/704/16 315/705/16 314/706/15 

vt -0.848238 0.03
vt -0.853078 0.03
vt -0.853078 0
vt -0.848238 0
f 36/707/16 35/708/17 316/709/17 315/710/16 

vt -0.87963 0.03
vt -0.884493 0.03
vt -0.884493 0
vt -0.87963 0
f 35/711/17 34/712/18 317/713/18 316/714/17 

vt -0.879937 0.03
vt -0.884863 0.03
vt -0.884863 0
vt -0.879937 0
f 34/715/18 33/716/19 318/717/19 317/718/18 

vt -0.847385 0.03
vt -0.852431 0.03
vt -0.852431 0
vt -0.847385 0
f 33/719/19 32/720/20 319/721/20 318/722/19 

vt -0.794261 0.03
vt -0.803354 0.03
vt -0.803354 0
vt -0.794261 0
f 32/723/20 31/724/21 320/725/21 319/726/20 

vt -0.799593 0.03
vt -0.838237 0.03
f 31/727/21 30/728/93 321/344/93 320/345/21 

vt -0.901888 0.03
f 30/728/93 29/729/93 322/343/93 321/344/93 

vt -0.980543 0.03
f 29/729/93 28/730/93 323/342/93 322/343/93 

vt -1.0642 0.03
f 28/730/93 27/731/93 324/341/93 323/342/93 

vt -1.14285 0.03
f 27/731/93 26/732/93 325/340/93 324/341/93 

vt -1.20651 0.03
vn -2.23639e-10 1 5.55061e-16
f 26/732/93 25/733/94 326/339/94 325/340/93 

vt -1.24515 0.03
f 25/733/94 24/734/27 327/338/27 326/339/94 

vt -1.24131 0.03
vt -1.2504 0.03
vt -1.2504 0
vt -1.24131 0
f 24/735/27 23/736/28 328/737/28 327/738/27 

vt -1.16046 0.03
vt -1.16551 0.03
vt -1.16551 0
vt -1.16046 0
f 23/739/28 22/740/29 329/741/29 328/742/28 

vt -1.02081 0.03
vt -1.02574 0.03
vt -1.02574 0
vt -1.02081 0
f 22/743/29 21/744/30 330/745/30 329/746/29 

vt -0.846807 0.03
vt -0.85167 0.03
vt -0.85167 0
vt -0.846807 0
f 21/747/30 20/748/31 331/749/31 330/750/30 

vt -0.645638 0.03
vt -0.650478 0.03
vt -0.650478 0
vt -0.645638 0
f 20/751/31 19/752/32 332/753/32 331/754/31 

vt -0.422521 0.03
vt -0.427371 0.03
vt -0.427371 0
vt -0.422521 0
f 19/755/32 18/756/33 333/757/33 332/758/32 

vt -0.181873 0.03
vt -0.186768 0.03
vt -0.186768 0
vt -0.181873 0
f 18/759/33 17/760/34 334/761/34 333/762/33 

vt 0.0704728 0.03
vt 0.0654833 0.03
vt 0.0654833 0
vt 0.0704728 0
f 17/763/34 16/764/35 335/765/35 334/766/34 

vt 0.300977 0.03
vt 0.29679 0.03
vt 0.29679 0
vt 0.300977 0
f 16/767/35 15/768/36 336/769/36 335/770/35 

f 15/449/36 14/450/89 337/451/89 336/452/36 

f 14/450/89 13/453/89 338/454/89 337/451/89 

f 13/453/89 12/455/89 339/456/89 338/454/89 

f 12/455/89 11/457/89 340/458/89 339/456/89 

f 11/457/89 10/459/89 341/460/89 340/458/89 

f 10/459/89 9/461/89 342/462/89 341/460/89 

f 9/461/89 8/463/89 343/464/89 342/462/89 

f 8/463/89 7/465/89 344/466/89 343/464/89 

vt -1.27804 0.03
vn -2.01275e-10 1 5.55066e-16
vt -2.81034 0.03
vt -2.81034 0
vt -1.27804 0
f 7/771/95 6/772/95 176/773/95 344/774/95 

g Mesh2 ___506_1 Model

v 41.6435 17.6294 -47.1745
vn -9.95799e-17 0 1
v 41.6435 3.5 -47.1745
v 44.6435 3.5 -47.1745
v 44.6435 17.6294 -47.1745
f 345/465/96 346/471/96 347/472/96 348/466/96 

vt 2.52561 0.176294
vn -1 -1.11022e-16 -9.95799e-17
v 41.6435 17.6294 -97.4766
vt 1.52007 0.176294
v 41.6435 17.7198 -97.4766
vt 1.52007 0.177198
v 41.6435 17.959 -97.4766
vt 1.52007 0.17959
v 41.6435 18.299 -97.4766
vt 1.52007 0.18299
v 41.6435 18.6919 -97.4766
vt 1.52007 0.186919
v 41.6435 19.0895 -97.4766
vt 1.52007 0.190895
v 41.6435 19.4439 -97.4766
vt 1.52007 0.194439
v 41.6435 19.7072 -97.4766
vt 1.52007 0.197072
v 41.6435 19.8312 -97.4766
vt 1.52007 0.198312
v 41.6435 20.04 -97.4927
vt 1.51975 0.2004
v 41.6435 20.2815 -97.5557
vt 1.51849 0.202815
v 41.6435 20.5023 -97.6616
vt 1.51637 0.205023
v 41.6435 20.6974 -97.8057
vt 1.51349 0.206974
v 41.6435 20.8621 -97.9832
vt 1.50994 0.208621
v 41.6435 20.9916 -98.1892
vt 1.50582 0.209916
v 41.6435 21.0809 -98.4188
vt 1.50123 0.210809
v 41.6435 21.1253 -98.6673
vt 1.49627 0.211253
v 41.6435 21.1294 -99.1222
vt 1.48717 0.211294
v 41.6435 21.1294 -101.055
vt 1.44853 0.211294
v 41.6435 21.1294 -104.239
vt 1.38488 0.211294
v 41.6435 21.1294 -108.174
vt 1.30622 0.211294
v 41.6435 21.1294 -112.359
vt 1.22257 0.211294
v 41.6435 21.1294 -116.294
vt 1.14391 0.211294
v 41.6435 21.1294 -119.478
vt 1.08026 0.211294
v 41.6435 21.1294 -121.411
vt 1.04162 0.211294
v 41.6435 21.1253 -121.866
vt 1.03252 0.211253
v 41.6435 21.0809 -122.115
vt 1.02756 0.210809
v 41.6435 20.9916 -122.344
vt 1.02297 0.209916
v 41.6435 20.8621 -122.55
vt 1.01885 0.208621
v 41.6435 20.6974 -122.728
vt 1.0153 0.206974
v 41.6435 20.5023 -122.872
vt 1.01242 0.205023
v 41.6435 20.2815 -122.978
vt 1.0103 0.202815
v 41.6435 20.04 -123.041
vt 1.00904 0.2004
v 41.6435 19.8312 -123.057
vt 1.00872 0.198312
v 41.6435 19.7072 -123.057
vt 1.00872 0.197072
v 41.6435 19.4439 -123.057
vt 1.00872 0.194439
v 41.6435 19.0895 -123.057
vt 1.00872 0.190895
v 41.6435 18.6919 -123.057
vt 1.00872 0.186919
v 41.6435 18.299 -123.057
vt 1.00872 0.18299
v 41.6435 17.959 -123.057
vt 1.00872 0.17959
v 41.6435 17.7198 -123.057
vt 1.00872 0.177198
v 41.6435 17.6294 -123.057
vt 1.00872 0.176294
v 41.6435 17.6294 -173.518
v 41.6435 3.5 -173.518
v 41.6435 3.5 -123.057
vt 1.00872 0.035
v 41.6435 3.40959 -123.057
vt 1.00872 0.0340959
v 41.6435 3.17037 -123.057
vt 1.00872 0.0317037
v 41.6435 2.83033 -123.057
vt 1.00872 0.0283033
v 41.6435 2.43749 -123.057
vt 1.00872 0.0243749
v 41.6435 2.03985 -123.057
vt 1.00872 0.0203985
v 41.6435 1.68541 -123.057
vt 1.00872 0.0168541
v 41.6435 1.42218 -123.057
vt 1.00872 0.0142218
v 41.6435 1.29817 -123.057
vt 1.00872 0.0129817
v 41.6435 1.08936 -123.041
vt 1.00904 0.0108936
v 41.6435 0.847826 -122.978
vt 1.0103 0.00847826
v 41.6435 0.627068 -122.872
vt 1.01242 0.00627068
v 41.6435 0.43192 -122.728
vt 1.0153 0.0043192
v 41.6435 0.267214 -122.55
vt 1.01885 0.00267214
v 41.6435 0.137785 -122.344
vt 1.02297 0.00137784
v 41.6435 0.0484639 -122.115
vt 1.02756 0.000484638
v 41.6435 0.00408519 -121.866
vt 1.03252 4.08511e-05
v 41.6435 7.74447e-08 -121.411
vt 1.04162 0
v 41.6435 7.74447e-08 -119.478
vt 1.08026 0
v 41.6435 7.7445e-08 -116.294
vt 1.14391 2.70717e-15
v 41.6435 7.74449e-08 -112.359
vt 1.22257 1.80478e-15
v 41.6435 7.74449e-08 -108.174
vt 1.30622 1.80478e-15
v 41.6435 7.74449e-08 -104.239
vt 1.38488 1.80478e-15
v 41.6435 7.74449e-08 -101.055
vt 1.44853 1.80478e-15
v 41.6435 7.74449e-08 -99.1222
vt 1.48717 1.80478e-15
v 41.6435 0.00408519 -98.6673
vt 1.49627 4.08511e-05
v 41.6435 0.0484639 -98.4188
vt 1.50123 0.000484638
v 41.6435 0.137785 -98.1892
vt 1.50582 0.00137784
v 41.6435 0.267214 -97.9832
vt 1.50994 0.00267214
v 41.6435 0.43192 -97.8057
vt 1.51349 0.0043192
v 41.6435 0.627068 -97.6616
vt 1.51637 0.00627068
v 41.6435 0.847826 -97.5557
vt 1.51849 0.00847826
v 41.6435 1.08936 -97.4927
vt 1.51975 0.0108936
v 41.6435 1.29817 -97.4766
vt 1.52007 0.0129817
v 41.6435 1.42218 -97.4766
vt 1.52007 0.0142218
v 41.6435 1.68541 -97.4766
vt 1.52007 0.0168541
v 41.6435 2.03985 -97.4766
vt 1.52007 0.0203985
v 41.6435 2.43749 -97.4766
vt 1.52007 0.0243749
v 41.6435 2.83033 -97.4766
vt 1.52007 0.0283033
v 41.6435 3.17037 -97.4766
vt 1.52007 0.0317037
v 41.6435 3.40959 -97.4766
vt 1.52007 0.0340959
v 41.6435 3.5 -97.4766
vt 1.52007 0.035
vt 2.52561 0.035
f 345/775/97 349/776/97 350/777/97 351/778/97 352/779/97 353/780/97 354/781/97 355/782/97 356/783/97 357/784/97 358/785/97 359/786/97 360/787/97 361/788/97 362/789/97 363/790/97 364/791/97 365/792/97 366/793/97 367/794/97 368/795/97 369/796/97 370/797/97 371/798/97 372/799/97 373/800/97 374/801/97 375/802/97 376/803/97 377/804/97 378/805/97 379/806/97 380/807/97 381/808/97 382/809/97 383/810/97 384/811/97 385/812/97 386/813/97 387/814/97 388/815/97 389/816/97 390/817/97 391/49/97 392/50/97 393/818/97 394/819/97 395/820/97 396/821/97 397/822/97 398/823/97 399/824/97 400/825/97 401/826/97 402/827/97 403/828/97 404/829/97 405/830/97 406/831/97 407/832/97 408/833/97 409/834/97 410/835/97 411/836/97 412/837/97 413/838/97 414/839/97 415/840/97 416/841/97 417/842/97 418/843/97 419/844/97 420/845/97 421/846/97 422/847/97 423/848/97 424/849/97 425/850/97 426/851/97 427/852/97 428/853/97 429/854/97 430/855/97 431/856/97 432/857/97 433/858/97 434/859/97 346/860/97 

vt -1.52007 0.03
vn -1.11022e-16 1 -1.10556e-32
vt -2.52561 0.03
vt -2.52561 0
v 44.6435 17.6294 -97.4766
vt -1.52007 0
f 349/861/98 345/862/98 348/863/98 435/864/98 

vt -1.52007 0.176294
vn 1 1.11022e-16 9.95799e-17
vt -2.52561 0.176294
vt -2.52561 0.035
v 44.6435 3.5 -97.4766
vt -1.52007 0.035
v 44.6435 3.40959 -97.4766
vt -1.52007 0.0340959
v 44.6435 3.17037 -97.4766
vt -1.52007 0.0317037
v 44.6435 2.83033 -97.4766
vt -1.52007 0.0283033
v 44.6435 2.43749 -97.4766
vt -1.52007 0.0243749
v 44.6435 2.03985 -97.4766
vt -1.52007 0.0203985
v 44.6435 1.68541 -97.4766
vt -1.52007 0.0168541
v 44.6435 1.42218 -97.4766
vt -1.52007 0.0142218
v 44.6435 1.29817 -97.4766
vt -1.52007 0.0129817
v 44.6435 1.08936 -97.4927
vt -1.51975 0.0108936
v 44.6435 0.847826 -97.5557
vt -1.51849 0.00847826
v 44.6435 0.627068 -97.6616
vt -1.51637 0.00627068
v 44.6435 0.43192 -97.8057
vt -1.51349 0.0043192
v 44.6435 0.267214 -97.9832
vt -1.50994 0.00267214
v 44.6435 0.137785 -98.1892
vt -1.50582 0.00137784
v 44.6435 0.0484639 -98.4188
vt -1.50123 0.000484638
v 44.6435 0.00408519 -98.6673
vt -1.49627 4.08511e-05
v 44.6435 7.74449e-08 -99.1222
vt -1.48717 1.80478e-15
v 44.6435 7.74449e-08 -101.055
vt -1.44853 1.80478e-15
v 44.6435 7.74449e-08 -104.239
vt -1.38488 1.80478e-15
v 44.6435 7.74449e-08 -108.174
vt -1.30622 1.80478e-15
v 44.6435 7.74449e-08 -112.359
vt -1.22257 1.80478e-15
v 44.6435 7.7445e-08 -116.294
vt -1.14391 2.70717e-15
v 44.6435 7.74447e-08 -119.478
vt -1.08026 0
v 44.6435 7.74447e-08 -121.411
vt -1.04162 0
v 44.6435 0.00408519 -121.866
vt -1.03252 4.08511e-05
v 44.6435 0.0484639 -122.115
vt -1.02756 0.000484638
v 44.6435 0.137785 -122.344
vt -1.02297 0.00137784
v 44.6435 0.267214 -122.55
vt -1.01885 0.00267214
v 44.6435 0.43192 -122.728
vt -1.0153 0.0043192
v 44.6435 0.627068 -122.872
vt -1.01242 0.00627068
v 44.6435 0.847826 -122.978
vt -1.0103 0.00847826
v 44.6435 1.08936 -123.041
vt -1.00904 0.0108936
v 44.6435 1.29817 -123.057
vt -1.00872 0.0129817
v 44.6435 1.42218 -123.057
vt -1.00872 0.0142218
v 44.6435 1.68541 -123.057
vt -1.00872 0.0168541
v 44.6435 2.03985 -123.057
vt -1.00872 0.0203985
v 44.6435 2.43749 -123.057
vt -1.00872 0.0243749
v 44.6435 2.83033 -123.057
vt -1.00872 0.0283033
v 44.6435 3.17037 -123.057
vt -1.00872 0.0317037
v 44.6435 3.40959 -123.057
vt -1.00872 0.0340959
v 44.6435 3.5 -123.057
vt -1.00872 0.035
v 44.6435 3.5 -173.518
v 44.6435 17.6294 -173.518
v 44.6435 17.6294 -123.057
vt -1.00872 0.176294
v 44.6435 17.7198 -123.057
vt -1.00872 0.177198
v 44.6435 17.959 -123.057
vt -1.00872 0.17959
v 44.6435 18.299 -123.057
vt -1.00872 0.18299
v 44.6435 18.6919 -123.057
vt -1.00872 0.186919
v 44.6435 19.0895 -123.057
vt -1.00872 0.190895
v 44.6435 19.4439 -123.057
vt -1.00872 0.194439
v 44.6435 19.7072 -123.057
vt -1.00872 0.197072
v 44.6435 19.8312 -123.057
vt -1.00872 0.198312
v 44.6435 20.04 -123.041
vt -1.00904 0.2004
v 44.6435 20.2815 -122.978
vt -1.0103 0.202815
v 44.6435 20.5023 -122.872
vt -1.01242 0.205023
v 44.6435 20.6974 -122.728
vt -1.0153 0.206974
v 44.6435 20.8621 -122.55
vt -1.01885 0.208621
v 44.6435 20.9916 -122.344
vt -1.02297 0.209916
v 44.6435 21.0809 -122.115
vt -1.02756 0.210809
v 44.6435 21.1253 -121.866
vt -1.03252 0.211253
v 44.6435 21.1294 -121.411
vt -1.04162 0.211294
v 44.6435 21.1294 -119.478
vt -1.08026 0.211294
v 44.6435 21.1294 -116.294
vt -1.14391 0.211294
v 44.6435 21.1294 -112.359
vt -1.22257 0.211294
v 44.6435 21.1294 -108.174
vt -1.30622 0.211294
v 44.6435 21.1294 -104.239
vt -1.38488 0.211294
v 44.6435 21.1294 -101.055
vt -1.44853 0.211294
v 44.6435 21.1294 -99.1222
vt -1.48717 0.211294
v 44.6435 21.1253 -98.6673
vt -1.49627 0.211253
v 44.6435 21.0809 -98.4188
vt -1.50123 0.210809
v 44.6435 20.9916 -98.1892
vt -1.50582 0.209916
v 44.6435 20.8621 -97.9832
vt -1.50994 0.208621
v 44.6435 20.6974 -97.8057
vt -1.51349 0.206974
v 44.6435 20.5023 -97.6616
vt -1.51637 0.205023
v 44.6435 20.2815 -97.5557
vt -1.51849 0.202815
v 44.6435 20.04 -97.4927
vt -1.51975 0.2004
v 44.6435 19.8312 -97.4766
vt -1.52007 0.198312
v 44.6435 19.7072 -97.4766
vt -1.52007 0.197072
v 44.6435 19.4439 -97.4766
vt -1.52007 0.194439
v 44.6435 19.0895 -97.4766
vt -1.52007 0.190895
v 44.6435 18.6919 -97.4766
vt -1.52007 0.186919
v 44.6435 18.299 -97.4766
vt -1.52007 0.18299
v 44.6435 17.959 -97.4766
vt -1.52007 0.17959
v 44.6435 17.7198 -97.4766
vt -1.52007 0.177198
f 435/865/99 348/866/99 347/867/99 436/868/99 437/869/99 438/870/99 439/871/99 440/872/99 441/873/99 442/874/99 443/875/99 444/876/99 445/877/99 446/878/99 447/879/99 448/880/99 449/881/99 450/882/99 451/883/99 452/884/99 453/885/99 454/886/99 455/887/99 456/888/99 457/889/99 458/890/99 459/891/99 460/892/99 461/893/99 462/894/99 463/895/99 464/896/99 465/897/99 466/898/99 467/899/99 468/900/99 469/901/99 470/902/99 471/903/99 472/904/99 473/905/99 474/906/99 475/907/99 476/908/99 477/909/99 478/50/99 479/49/99 480/910/99 481/911/99 482/912/99 483/913/99 484/914/99 485/915/99 486/916/99 487/917/99 488/918/99 489/919/99 490/920/99 491/921/99 492/922/99 493/923/99 494/924/99 495/925/99 496/926/99 497/927/99 498/928/99 499/929/99 500/930/99 501/931/99 502/932/99 503/933/99 504/934/99 505/935/99 506/936/99 507/937/99 508/938/99 509/939/99 510/940/99 511/941/99 512/942/99 513/943/99 514/944/99 515/945/99 516/946/99 517/947/99 518/948/99 519/949/99 520/950/99 

vt 2.52561 0.03
vn 1.11022e-16 -1 1.79394e-15
vt 1.52007 0.03
vt 1.52007 0
vt 2.52561 0
f 346/951/100 434/952/100 436/953/100 347/954/100 

f 434/471/96 433/477/96 437/478/96 436/472/96 

f 433/477/96 432/479/96 438/480/96 437/478/96 

f 432/479/96 431/481/96 439/482/96 438/480/96 

f 431/481/96 430/483/96 440/484/96 439/482/96 

f 430/483/96 429/485/96 441/486/96 440/484/96 

f 429/485/96 428/487/96 442/488/96 441/486/96 

f 428/487/96 427/489/96 443/490/96 442/488/96 

vn -9.52263e-17 -0.0385473 0.999257
f 427/489/96 426/491/101 444/492/101 443/490/96 

vt 0.142975 0.03
vt 0.138789 0.03
vn -7.98652e-17 -0.165244 0.986253
vt 0.138789 0
vt 0.142975 0
f 426/955/101 425/956/102 445/957/102 444/958/101 

vt 0.404271 0.03
vt 0.399281 0.03
vn -5.5311e-17 -0.343999 0.93897
vt 0.399281 0
vt 0.404271 0
f 425/959/102 424/960/103 446/961/103 445/962/102 

vt 0.672278 0.03
vt 0.667383 0.03
vn -2.80695e-17 -0.515661 0.856793
vt 0.667383 0
vt 0.672278 0
f 424/963/103 423/964/104 447/965/104 446/966/103 

vt 0.910915 0.03
vt 0.906065 0.03
vn -2.5842e-19 -0.666413 0.745583
vt 0.906065 0
vt 0.910915 0
f 423/967/104 422/968/105 448/969/105 447/970/104 

vt 1.1152 0.03
vt 1.11036 0.03
vn 2.74474e-17 -0.793303 0.608827
vt 1.11036 0
vt 1.1152 0
f 422/971/105 421/972/106 449/973/106 448/974/105 

vt 1.28132 0.03
vt 1.27646 0.03
vn 5.44435e-17 -0.89338 0.449303
vt 1.27646 0
vt 1.28132 0
f 421/975/106 420/976/107 450/977/107 449/978/106 

vt 1.40441 0.03
vt 1.39948 0.03
vn 7.99568e-17 -0.962741 0.270425
vt 1.39948 0
vt 1.40441 0
f 420/979/107 419/980/108 451/981/108 450/982/107 

vt 1.47802 0.03
vt 1.47298 0.03
vn 1.01311e-16 -0.995692 0.0927214
vt 1.47298 0
vt 1.47802 0
f 419/983/108 418/984/109 452/985/109 451/986/108 

vt 1.49621 0.03
vt 1.48711 0.03
vn 1.10574e-16 -0.99999 0.00449034
vt 1.48711 0
vt 1.49621 0
f 418/987/109 417/988/110 453/989/110 452/990/109 

vt 1.48717 0.03
vt 1.44853 0.03
vn 1.11022e-16 -1 1.10556e-32
vt 1.44853 0
vt 1.48717 0
f 417/991/110 416/992/111 454/993/111 453/994/110 

vt 1.38488 0.03
vt 1.38488 0
f 416/992/111 415/995/111 455/996/111 454/993/111 

vt 1.30622 0.03
vt 1.30622 0
f 415/995/111 414/997/111 456/998/111 455/996/111 

vt 1.22257 0.03
vn 1.11022e-16 -1 -1.1467e-14
vt 1.22257 0
f 414/997/111 413/999/112 457/1000/112 456/998/111 

vt 1.14391 0.03
vn 1.11022e-16 -1 3.10432e-14
vt 1.14391 0
f 413/999/112 412/1001/113 458/1002/113 457/1000/112 

vt 1.08026 0.03
vn 1.11022e-16 -1 4.25102e-14
f 412/1001/113 411/1003/114 459/836/114 458/1002/113 

vt 1.04162 0.03
vn 1.11468e-16 -0.99999 -0.00449034
f 411/1003/114 410/1004/115 460/835/115 459/836/114 

vt 1.04157 0.03
vt 1.03248 0.03
vn 1.19777e-16 -0.995692 -0.0927214
vt 1.03248 0
vt 1.04157 0
f 410/1005/115 409/1006/116 461/1007/116 460/1008/115 

vt 1.01643 0.03
vt 1.01138 0.03
vn 1.33815e-16 -0.962741 -0.270425
vt 1.01138 0
vt 1.01643 0
f 409/1009/116 408/1010/117 462/1011/117 461/1012/116 

vt 0.957318 0.03
vt 0.952393 0.03
vn 1.43927e-16 -0.89338 -0.449303
vt 0.952393 0
vt 0.957318 0
f 408/1013/117 407/1014/118 463/1015/118 462/1016/117 

vt 0.864688 0.03
vt 0.859825 0.03
vn 1.48701e-16 -0.793303 -0.608827
vt 0.859825 0
vt 0.864688 0
f 407/1017/118 406/1018/119 464/1019/119 463/1020/118 

vt 0.743142 0.03
vt 0.738302 0.03
vn 1.48232e-16 -0.666413 -0.745583
vt 0.738302 0
vt 0.743142 0
f 406/1021/119 405/1022/120 465/1023/120 464/1024/119 

vt 0.596215 0.03
vt 0.591366 0.03
vn 1.42569e-16 -0.515661 -0.856793
vt 0.591366 0
vt 0.596215 0
f 405/1025/120 404/1026/121 466/1027/121 465/1028/120 

vt 0.426739 0.03
vt 0.421844 0.03
vn 1.31694e-16 -0.343999 -0.93897
vt 0.421844 0
vt 0.426739 0
f 404/1029/121 403/1030/122 467/1031/122 466/1032/121 

vt 0.238343 0.03
vt 0.233354 0.03
vn 1.16557e-16 -0.165244 -0.986253
vt 0.233354 0
vt 0.238343 0
f 403/1033/122 402/1034/123 468/1035/123 467/1036/122 

vt 0.0560225 0.03
vt 0.0518359 0.03
vn 1.03786e-16 -0.0385473 -0.999257
vt 0.0518359 0
vt 0.0560225 0
f 402/1037/123 401/1038/124 469/1039/124 468/1040/123 

vn 9.95799e-17 0 -1
f 401/581/124 400/582/125 470/583/125 469/584/124 

f 400/582/125 399/585/125 471/586/125 470/583/125 

f 399/585/125 398/587/125 472/588/125 471/586/125 

f 398/587/125 397/589/125 473/590/125 472/588/125 

f 397/589/125 396/591/125 474/592/125 473/590/125 

f 396/591/125 395/593/125 475/594/125 474/592/125 

f 395/593/125 394/595/125 476/596/125 475/594/125 

f 394/595/125 393/597/125 477/598/125 476/596/125 

vt 1.00872 0.03
vn 1.11022e-16 -1 -1.78828e-15
vt -1.25117e-16 0.03
vt -1.25117e-16 0
vt 1.00872 0
f 393/1041/126 392/1042/126 478/1043/126 477/1044/126 

f 392/597/125 391/177/125 479/180/125 478/598/125 

vt -1.00872 0.03
vt -1.00872 0
f 391/687/98 390/1045/98 480/1046/98 479/690/98 

f 390/177/125 389/178/125 481/179/125 480/180/125 

f 389/178/125 388/181/125 482/182/125 481/179/125 

f 388/181/125 387/183/125 483/184/125 482/182/125 

f 387/183/125 386/185/125 484/186/125 483/184/125 

f 386/185/125 385/187/125 485/188/125 484/186/125 

f 385/187/125 384/189/125 486/190/125 485/188/125 

f 384/189/125 383/191/125 487/192/125 486/190/125 

vn 9.52263e-17 0.0385473 -0.999257
f 383/191/125 382/193/127 488/194/127 487/192/125 

vt -0.472956 0.03
vt -0.477143 0.03
vn 7.98652e-17 0.165244 -0.986253
vt -0.477143 0
vt -0.472956 0
f 382/1047/127 381/1048/128 489/1049/128 488/1050/127 

vt -0.642082 0.03
vt -0.647072 0.03
vn 5.5311e-17 0.343999 -0.93897
vt -0.647072 0
vt -0.642082 0
f 381/1051/128 380/1052/129 490/1053/129 489/1054/128 

vt -0.802639 0.03
vt -0.807533 0.03
vn 2.80695e-17 0.515661 -0.856793
vt -0.807533 0
vt -0.802639 0
f 380/1055/129 379/1056/130 491/1057/130 490/1058/129 

vt -0.93113 0.03
vt -0.93598 0.03
vn 2.5842e-19 0.666413 -0.745583
vt -0.93598 0
vt -0.93113 0
f 379/1059/130 378/1060/131 492/1061/131 491/1062/130 

vt -1.02563 0.03
vt -1.03047 0.03
vn -2.74474e-17 0.793303 -0.608827
vt -1.03047 0
vt -1.02563 0
f 378/1063/131 377/1064/132 493/1065/132 492/1066/131 

vt -1.08455 0.03
vt -1.08942 0.03
vn -5.44435e-17 0.89338 -0.449303
vt -1.08942 0
vt -1.08455 0
f 377/1067/132 376/1068/133 494/1069/133 493/1070/132 

vt -1.1055 0.03
vt -1.11043 0.03
vn -7.99568e-17 0.962741 -0.270425
vt -1.11043 0
vt -1.1055 0
f 376/1071/133 375/1072/134 495/1073/134 494/1074/133 

vt -1.08564 0.03
vt -1.09069 0.03
vn -1.01311e-16 0.995692 -0.0927214
vt -1.09069 0
vt -1.08564 0
f 375/1075/134 374/1076/135 496/1077/135 495/1078/134 

vt -1.03627 0.03
vt -1.04537 0.03
vn -1.10574e-16 0.99999 -0.00449034
vt -1.04537 0
vt -1.03627 0
f 374/1079/135 373/1080/136 497/1081/136 496/1082/135 

vt -1.04162 0.03
vt -1.08026 0.03
f 373/1083/136 372/1084/98 498/891/98 497/892/136 

vt -1.14391 0.03
vt -1.14391 0
f 372/1084/98 371/1085/98 499/1086/98 498/891/98 

vt -1.22257 0.03
vt -1.22257 0
f 371/1085/98 370/1087/98 500/1088/98 499/1086/98 

vt -1.30622 0.03
vn -1.11022e-16 1 -2.2934e-14
vt -1.30622 0
f 370/1087/98 369/1089/137 501/1090/137 500/1088/98 

vt -1.38488 0.03
vn -1.11022e-16 1 5.40612e-15
vt -1.38488 0
f 369/1089/137 368/1091/138 502/1092/138 501/1090/137 

vt -1.44853 0.03
vn -1.11022e-16 1 2.83401e-14
vt -1.44853 0
f 368/1091/138 367/1093/139 503/1094/139 502/1092/138 

vt -1.48717 0.03
vn -1.11468e-16 0.99999 0.00449034
vt -1.48717 0
f 367/1093/139 366/1095/140 504/1096/140 503/1094/139 

vt -1.48332 0.03
vt -1.49241 0.03
vn -1.19777e-16 0.995692 0.0927214
vt -1.49241 0
vt -1.48332 0
f 366/1097/140 365/1098/141 505/1099/141 504/1100/140 

vt -1.39872 0.03
vt -1.40376 0.03
vn -1.33815e-16 0.962741 0.270425
vt -1.40376 0
vt -1.39872 0
f 365/1101/141 364/1102/142 506/1103/142 505/1104/141 

vt -1.24637 0.03
vt -1.2513 0.03
vn -1.43927e-16 0.89338 0.449303
vt -1.2513 0
vt -1.24637 0
f 364/1105/142 363/1106/143 507/1107/143 506/1108/142 

vt -1.05173 0.03
vt -1.05659 0.03
vn -1.48701e-16 0.793303 0.608827
vt -1.05659 0
vt -1.05173 0
f 363/1109/143 362/1110/144 508/1111/144 507/1112/143 

vt -0.823032 0.03
vt -0.827872 0.03
vn -1.48232e-16 0.666413 0.745583
vt -0.827872 0
vt -0.823032 0
f 362/1113/144 361/1114/145 509/1115/145 508/1116/144 

vt -0.566301 0.03
vt -0.57115 0.03
vn -1.42569e-16 0.515661 0.856793
vt -0.57115 0
vt -0.566301 0
f 361/1117/145 360/1118/146 510/1119/146 509/1120/145 

vt -0.286588 0.03
vt -0.291483 0.03
vn -1.31694e-16 0.343999 0.93897
vt -0.291483 0
vt -0.286588 0
f 360/1121/146 359/1122/147 511/1123/147 510/1124/146 

vt 0.00944746 0.03
vt 0.00445797 0.03
vn -1.16557e-16 0.165244 0.986253
vt 0.00445797 0
vt 0.00944746 0
f 359/1125/147 358/1126/148 512/1127/148 511/1128/147 

vt 0.282332 0.03
vt 0.278145 0.03
vn -1.03786e-16 0.0385473 0.999257
vt 0.278145 0
vt 0.282332 0
f 358/1129/148 357/1130/149 513/1131/149 512/1132/148 

f 357/449/149 356/450/96 514/451/96 513/452/149 

f 356/450/96 355/453/96 515/454/96 514/451/96 

f 355/453/96 354/455/96 516/456/96 515/454/96 

f 354/455/96 353/457/96 517/458/96 516/456/96 

f 353/457/96 352/459/96 518/460/96 517/458/96 

f 352/459/96 351/461/96 519/462/96 518/460/96 

f 351/461/96 350/463/96 520/464/96 519/462/96 

f 350/463/96 349/465/96 435/466/96 520/464/96 

g Mesh3 ___505_2 Model

v 98.8148 21.1294 -176.518
vn 1.78742e-10 1 -5.55072e-16
v 94.8801 21.1294 -176.518
vn 1.7874e-10 1 -5.55072e-16
v 94.8801 21.1294 -173.518
v 98.8148 21.1294 -173.518
f 521/1/150 522/2/151 523/3/151 524/4/150 

v 105.578 17.7198 -176.518
vn 2.23686e-10 -5.55112e-16 -1
v 105.578 17.6294 -176.518
v 182.231 17.6294 -176.518
v 182.231 17.7198 -176.518
v 182.231 17.959 -176.518
v 182.231 18.299 -176.518
v 182.231 18.6919 -176.518
v 182.231 19.0895 -176.518
v 182.231 19.4439 -176.518
v 182.231 19.7072 -176.518
v 182.231 19.8312 -176.518
v 182.247 20.04 -176.518
v 182.31 20.2815 -176.518
v 182.416 20.5023 -176.518
v 182.56 20.6974 -176.518
v 182.737 20.8621 -176.518
v 182.943 20.9916 -176.518
v 183.173 21.0809 -176.518
v 183.422 21.1253 -176.518
v 183.876 21.1294 -176.518
v 185.81 21.1294 -176.518
v 188.994 21.1294 -176.518
v 192.928 21.1294 -176.518
v 197.113 21.1294 -176.518
v 201.048 21.1294 -176.518
v 204.232 21.1294 -176.518
v 206.165 21.1294 -176.518
v 206.62 21.1253 -176.518
v 206.869 21.0809 -176.518
v 207.098 20.9916 -176.518
v 207.304 20.8621 -176.518
v 207.482 20.6974 -176.518
v 207.626 20.5023 -176.518
v 207.732 20.2815 -176.518
v 207.795 20.04 -176.518
v 207.811 19.8312 -176.518
v 207.811 19.7072 -176.518
v 207.811 19.4439 -176.518
v 207.811 19.0895 -176.518
v 207.811 18.6919 -176.518
v 207.811 18.299 -176.518
v 207.811 17.959 -176.518
v 207.811 17.7198 -176.518
v 207.811 17.6294 -176.518
v 246.165 17.6294 -176.518
v 246.165 3.5 -176.518
v 207.811 3.5 -176.518
v 207.811 3.40959 -176.518
v 207.811 3.17037 -176.518
v 207.811 2.83033 -176.518
v 207.811 2.43749 -176.518
v 207.811 2.03985 -176.518
v 207.811 1.68541 -176.518
v 207.811 1.42218 -176.518
v 207.811 1.29817 -176.518
v 207.795 1.08936 -176.518
v 207.732 0.847826 -176.518
v 207.626 0.627068 -176.518
v 207.482 0.43192 -176.518
v 207.304 0.267214 -176.518
v 207.098 0.137785 -176.518
v 206.869 0.0484638 -176.518
v 206.62 0.00408515 -176.518
v 206.165 4.11592e-08 -176.518
v 204.232 4.15917e-08 -176.518
v 201.048 4.23039e-08 -176.518
v 197.113 4.3184e-08 -176.518
v 192.928 4.41202e-08 -176.518
v 188.994 4.50003e-08 -176.518
v 185.81 4.57125e-08 -176.518
v 183.876 4.6145e-08 -176.518
v 183.422 0.00408516 -176.518
v 183.173 0.0484639 -176.518
v 182.943 0.137785 -176.518
v 182.737 0.267214 -176.518
v 182.56 0.43192 -176.518
v 182.416 0.627068 -176.518
v 182.31 0.847826 -176.518
v 182.247 1.08936 -176.518
v 182.231 1.29817 -176.518
v 182.231 1.42218 -176.518
v 182.231 1.68541 -176.518
v 182.231 2.03985 -176.518
v 182.231 2.43749 -176.518
v 182.231 2.83033 -176.518
v 182.231 3.17037 -176.518
v 182.231 3.40959 -176.518
v 182.231 3.5 -176.518
v 105.578 3.5 -176.518
v 105.578 3.40959 -176.518
v 105.578 3.17037 -176.518
v 105.578 2.83033 -176.518
v 105.578 2.43749 -176.518
v 105.578 2.03985 -176.518
v 105.578 1.68541 -176.518
v 105.578 1.42218 -176.518
v 105.578 1.29817 -176.518
v 105.562 1.08936 -176.518
v 105.499 0.847826 -176.518
v 105.393 0.627068 -176.518
v 105.249 0.43192 -176.518
v 105.071 0.267214 -176.518
v 104.865 0.137785 -176.518
v 104.635 0.0484639 -176.518
v 104.387 0.00408518 -176.518
v 103.932 6.58205e-08 -176.518
v 101.999 6.63398e-08 -176.518
v 98.8148 6.71948e-08 -176.518
v 94.8801 6.82512e-08 -176.518
v 90.6952 6.9375e-08 -176.518
v 86.7604 7.04315e-08 -176.518
v 83.5763 7.12865e-08 -176.518
v 81.6431 7.18056e-08 -176.518
v 81.1883 0.00408518 -176.518
v 80.9398 0.0484639 -176.518
v 80.7101 0.137785 -176.518
v 80.5041 0.267214 -176.518
v 80.3267 0.43192 -176.518
v 80.1826 0.627068 -176.518
v 80.0766 0.847826 -176.518
v 80.0137 1.08936 -176.518
v 79.9975 1.29817 -176.518
v 79.9975 1.42218 -176.518
v 79.9975 1.68541 -176.518
v 79.9975 2.03985 -176.518
v 79.9975 2.43749 -176.518
v 79.9975 2.83033 -176.518
v 79.9975 3.17037 -176.518
v 79.9975 3.40959 -176.518
v 79.9975 3.5 -176.518
v 41.6435 3.5 -176.518
v 41.6435 17.6294 -176.518
v 79.9975 17.6294 -176.518
v 79.9975 17.7198 -176.518
v 79.9975 17.959 -176.518
v 79.9975 18.299 -176.518
v 79.9975 18.6919 -176.518
v 79.9975 19.0895 -176.518
v 79.9975 19.4439 -176.518
v 79.9975 19.7072 -176.518
v 79.9975 19.8312 -176.518
v 80.0137 20.04 -176.518
v 80.0766 20.2815 -176.518
v 80.1826 20.5023 -176.518
v 80.3267 20.6974 -176.518
v 80.5041 20.8621 -176.518
v 80.7101 20.9916 -176.518
v 80.9398 21.0809 -176.518
v 81.1883 21.1253 -176.518
v 81.6431 21.1294 -176.518
v 83.5763 21.1294 -176.518
v 86.7604 21.1294 -176.518
v 90.6952 21.1294 -176.518
v 101.999 21.1294 -176.518
v 103.932 21.1294 -176.518
v 104.387 21.1253 -176.518
v 104.635 21.0809 -176.518
v 104.865 20.9916 -176.518
v 105.071 20.8621 -176.518
v 105.249 20.6974 -176.518
v 105.393 20.5023 -176.518
v 105.499 20.2815 -176.518
v 105.562 20.04 -176.518
v 105.578 19.8312 -176.518
v 105.578 19.7072 -176.518
v 105.578 19.4439 -176.518
v 105.578 19.0895 -176.518
v 105.578 18.6919 -176.518
v 105.578 18.299 -176.518
v 105.578 17.959 -176.518
f 525/5/152 526/6/152 527/7/152 528/8/152 529/9/152 530/10/152 531/11/152 532/12/152 533/13/152 534/14/152 535/15/152 536/16/152 537/17/152 538/18/152 539/19/152 540/20/152 541/21/152 542/22/152 543/23/152 544/24/152 545/25/152 546/26/152 547/27/152 548/28/152 549/29/152 550/30/152 551/31/152 552/32/152 553/33/152 554/34/152 555/35/152 556/36/152 557/37/152 558/38/152 559/39/152 560/40/152 561/41/152 562/42/152 563/43/152 564/44/152 565/45/152 566/46/152 567/47/152 568/48/152 569/49/152 570/50/152 571/51/152 572/52/152 573/53/152 574/54/152 575/55/152 576/56/152 577/57/152 578/58/152 579/59/152 580/60/152 581/61/152 582/62/152 583/63/152 584/64/152 585/65/152 586/66/152 587/67/152 588/68/152 589/69/152 590/70/152 591/71/152 592/72/152 593/73/152 594/74/152 595/75/152 596/76/152 597/77/152 598/78/152 599/79/152 600/80/152 601/81/152 602/82/152 603/83/152 604/84/152 605/85/152 606/86/152 607/87/152 608/88/152 609/89/152 610/90/152 611/91/152 612/92/152 613/93/152 614/94/152 615/95/152 616/96/152 617/97/152 618/98/152 619/99/152 620/100/152 621/101/152 622/102/152 623/103/152 624/104/152 625/105/152 626/106/152 627/107/152 628/108/152 629/109/152 630/110/152 631/111/152 632/112/152 633/113/152 634/114/152 635/115/152 636/116/152 637/117/152 638/118/152 639/119/152 640/120/152 641/121/152 642/122/152 643/123/152 644/124/152 645/125/152 646/126/152 647/127/152 648/128/152 649/129/152 650/130/152 651/131/152 652/132/152 653/133/152 654/134/152 655/135/152 656/136/152 657/137/152 658/138/152 659/139/152 660/140/152 661/141/152 662/142/152 663/143/152 664/144/152 665/145/152 666/146/152 667/147/152 668/148/152 669/149/152 670/150/152 671/151/152 672/152/152 673/153/152 674/154/152 675/155/152 676/156/152 677/157/152 522/158/152 521/159/152 678/160/152 679/161/152 680/162/152 681/163/152 682/164/152 683/165/152 684/166/152 685/167/152 686/168/152 687/169/152 688/170/152 689/171/152 690/172/152 691/173/152 692/174/152 693/175/152 694/176/152 

vn 1 -1.75776e-10 2.23686e-10
vn 1 -1.77098e-10 2.23686e-10
v 105.578 17.7198 -173.518
v 105.578 17.6294 -173.518
f 526/177/153 525/178/154 695/179/154 696/180/153 

vn 1 -1.7876e-10 2.23686e-10
v 105.578 17.959 -173.518
f 525/178/154 694/181/155 697/182/155 695/179/154 

vn 1 -1.79341e-10 2.23686e-10
v 105.578 18.299 -173.518
f 694/181/155 693/183/156 698/184/156 697/182/155 

vn 1 -1.7894e-10 2.23686e-10
v 105.578 18.6919 -173.518
f 693/183/156 692/185/157 699/186/157 698/184/156 

vn 1 -1.78587e-10 2.23686e-10
v 105.578 19.0895 -173.518
f 692/185/157 691/187/158 700/188/158 699/186/157 

vn 1 -1.7934e-10 2.23686e-10
v 105.578 19.4439 -173.518
f 691/187/158 690/189/159 701/190/159 700/188/158 

vn 1 -1.7846e-10 2.23686e-10
v 105.578 19.7072 -173.518
f 690/189/159 689/191/160 702/192/160 701/190/159 

vn 0.999257 0.0385473 2.2352e-10
v 105.578 19.8312 -173.518
f 689/191/160 688/193/161 703/194/161 702/192/160 

vn 0.986253 0.165244 2.20611e-10
v 105.562 20.04 -173.518
f 688/195/161 687/196/162 704/197/162 703/198/161 

v 105.499 20.2815 -173.518
f 687/199/162 686/200/34 705/201/34 704/202/162 

v 105.393 20.5023 -173.518
f 686/203/34 685/204/33 706/205/33 705/206/34 

v 105.249 20.6974 -173.518
f 685/207/33 684/208/32 707/209/32 706/210/33 

v 105.071 20.8621 -173.518
f 684/211/32 683/212/31 708/213/31 707/214/32 

vn 0.449303 0.89338 1.00502e-10
v 104.865 20.9916 -173.518
f 683/215/31 682/216/163 709/217/163 708/218/31 

vn 0.270425 0.962741 6.04898e-11
v 104.635 21.0809 -173.518
f 682/219/163 681/220/164 710/221/164 709/222/163 

vn 0.0927214 0.995692 2.07399e-11
v 104.387 21.1253 -173.518
f 681/223/164 680/224/165 711/225/165 710/226/164 

vn 0.00449034 0.99999 1.00387e-12
v 103.932 21.1294 -173.518
f 680/227/165 679/228/166 712/229/166 711/230/165 

vn 1.78787e-10 1 -5.55072e-16
v 101.999 21.1294 -173.518
f 679/231/166 678/232/167 713/233/167 712/234/166 

f 678/232/167 521/1/150 524/4/150 713/233/167 

vn -2.23686e-10 5.55112e-16 1
v 90.6952 21.1294 -173.518
v 86.7604 21.1294 -173.518
v 83.5763 21.1294 -173.518
v 81.6431 21.1294 -173.518
v 81.1883 21.1253 -173.518
v 80.9398 21.0809 -173.518
v 80.7101 20.9916 -173.518
v 80.5041 20.8621 -173.518
v 80.3267 20.6974 -173.518
v 80.1826 20.5023 -173.518
v 80.0766 20.2815 -173.518
v 80.0137 20.04 -173.518
v 79.9975 19.8312 -173.518
v 79.9975 19.7072 -173.518
v 79.9975 19.4439 -173.518
v 79.9975 19.0895 -173.518
v 79.9975 18.6919 -173.518
v 79.9975 18.299 -173.518
v 79.9975 17.959 -173.518
v 79.9975 17.7198 -173.518
v 79.9975 17.6294 -173.518
v 41.6435 17.6294 -173.518
v 41.6435 3.5 -173.518
v 79.9975 3.5 -173.518
v 79.9975 3.40959 -173.518
v 79.9975 3.17037 -173.518
v 79.9975 2.83033 -173.518
v 79.9975 2.43749 -173.518
v 79.9975 2.03985 -173.518
v 79.9975 1.68541 -173.518
v 79.9975 1.42218 -173.518
v 79.9975 1.29817 -173.518
v 80.0137 1.08936 -173.518
v 80.0766 0.847826 -173.518
v 80.1826 0.627068 -173.518
v 80.3267 0.43192 -173.518
v 80.5041 0.267214 -173.518
v 80.7101 0.137785 -173.518
v 80.9398 0.0484639 -173.518
v 81.1883 0.00408518 -173.518
v 81.6431 7.18056e-08 -173.518
v 83.5763 7.12865e-08 -173.518
v 86.7604 7.04315e-08 -173.518
v 90.6952 6.9375e-08 -173.518
v 94.8801 6.82512e-08 -173.518
v 98.8148 6.71948e-08 -173.518
v 101.999 6.63398e-08 -173.518
v 103.932 6.58205e-08 -173.518
v 104.387 0.00408518 -173.518
v 104.635 0.0484639 -173.518
v 104.865 0.137785 -173.518
v 105.071 0.267214 -173.518
v 105.249 0.43192 -173.518
v 105.393 0.627068 -173.518
v 105.499 0.847826 -173.518
v 105.562 1.08936 -173.518
v 105.578 1.29817 -173.518
v 105.578 1.42218 -173.518
v 105.578 1.68541 -173.518
v 105.578 2.03985 -173.518
v 105.578 2.43749 -173.518
v 105.578 2.83033 -173.518
v 105.578 3.17037 -173.518
v 105.578 3.40959 -173.518
v 105.578 3.5 -173.518
v 182.231 3.5 -173.518
v 182.231 3.40959 -173.518
v 182.231 3.17037 -173.518
v 182.231 2.83033 -173.518
v 182.231 2.43749 -173.518
v 182.231 2.03985 -173.518
v 182.231 1.68541 -173.518
v 182.231 1.42218 -173.518
v 182.231 1.29817 -173.518
v 182.247 1.08936 -173.518
v 182.31 0.847826 -173.518
v 182.416 0.627068 -173.518
v 182.56 0.43192 -173.518
v 182.737 0.267214 -173.518
v 182.943 0.137785 -173.518
v 183.173 0.0484639 -173.518
v 183.422 0.00408516 -173.518
v 183.876 4.6145e-08 -173.518
v 185.81 4.57125e-08 -173.518
v 188.994 4.50003e-08 -173.518
v 192.928 4.41202e-08 -173.518
v 197.113 4.3184e-08 -173.518
v 201.048 4.23039e-08 -173.518
v 204.232 4.15917e-08 -173.518
v 206.165 4.11592e-08 -173.518
v 206.62 0.00408515 -173.518
v 206.869 0.0484638 -173.518
v 207.098 0.137785 -173.518
v 207.304 0.267214 -173.518
v 207.482 0.43192 -173.518
v 207.626 0.627068 -173.518
v 207.732 0.847826 -173.518
v 207.795 1.08936 -173.518
v 207.811 1.29817 -173.518
v 207.811 1.42218 -173.518
v 207.811 1.68541 -173.518
v 207.811 2.03985 -173.518
v 207.811 2.43749 -173.518
v 207.811 2.83033 -173.518
v 207.811 3.17037 -173.518
v 207.811 3.40959 -173.518
v 207.811 3.5 -173.518
v 246.165 3.5 -173.518
v 246.165 17.6294 -173.518
v 207.811 17.6294 -173.518
v 207.811 17.7198 -173.518
v 207.811 17.959 -173.518
v 207.811 18.299 -173.518
v 207.811 18.6919 -173.518
v 207.811 19.0895 -173.518
v 207.811 19.4439 -173.518
v 207.811 19.7072 -173.518
v 207.811 19.8312 -173.518
v 207.795 20.04 -173.518
v 207.732 20.2815 -173.518
v 207.626 20.5023 -173.518
v 207.482 20.6974 -173.518
v 207.304 20.8621 -173.518
v 207.098 20.9916 -173.518
v 206.869 21.0809 -173.518
v 206.62 21.1253 -173.518
v 206.165 21.1294 -173.518
v 204.232 21.1294 -173.518
v 201.048 21.1294 -173.518
v 197.113 21.1294 -173.518
v 192.928 21.1294 -173.518
v 188.994 21.1294 -173.518
v 185.81 21.1294 -173.518
v 183.876 21.1294 -173.518
v 183.422 21.1253 -173.518
v 183.173 21.0809 -173.518
v 182.943 20.9916 -173.518
v 182.737 20.8621 -173.518
v 182.56 20.6974 -173.518
v 182.416 20.5023 -173.518
v 182.31 20.2815 -173.518
v 182.247 20.04 -173.518
v 182.231 19.8312 -173.518
v 182.231 19.7072 -173.518
v 182.231 19.4439 -173.518
v 182.231 19.0895 -173.518
v 182.231 18.6919 -173.518
v 182.231 18.299 -173.518
v 182.231 17.959 -173.518
v 182.231 17.7198 -173.518
v 182.231 17.6294 -173.518
f 696/235/168 695/236/168 697/237/168 698/238/168 699/239/168 700/240/168 701/241/168 702/242/168 703/243/168 704/244/168 705/245/168 706/246/168 707/247/168 708/248/168 709/249/168 710/250/168 711/251/168 712/252/168 713/253/168 524/254/168 523/255/168 714/256/168 715/257/168 716/258/168 717/259/168 718/260/168 719/261/168 720/262/168 721/263/168 722/264/168 723/265/168 724/266/168 725/267/168 726/268/168 727/269/168 728/270/168 729/271/168 730/272/168 731/273/168 732/274/168 733/275/168 734/276/168 735/277/168 736/278/168 737/279/168 738/280/168 739/281/168 740/282/168 741/283/168 742/284/168 743/285/168 744/286/168 745/287/168 746/288/168 747/289/168 748/290/168 749/291/168 750/292/168 751/293/168 752/294/168 753/295/168 754/296/168 755/297/168 756/298/168 757/299/168 758/300/168 759/301/168 760/302/168 761/303/168 762/304/168 763/305/168 764/306/168 765/307/168 766/308/168 767/309/168 768/310/168 769/311/168 770/312/168 771/313/168 772/314/168 773/315/168 774/316/168 775/317/168 776/318/168 777/319/168 778/320/168 779/321/168 780/322/168 781/323/168 782/324/168 783/325/168 784/326/168 785/327/168 786/328/168 787/329/168 788/330/168 789/331/168 790/332/168 791/333/168 792/334/168 793/335/168 794/336/168 795/337/168 796/338/168 797/339/168 798/340/168 799/341/168 800/342/168 801/343/168 802/344/168 803/345/168 804/346/168 805/347/168 806/348/168 807/349/168 808/350/168 809/351/168 810/352/168 811/353/168 812/354/168 813/355/168 814/356/168 815/357/168 816/358/168 817/359/168 818/360/168 819/361/168 820/362/168 821/50/168 822/49/168 823/363/168 824/364/168 825/365/168 826/366/168 827/367/168 828/368/168 829/369/168 830/370/168 831/371/168 832/372/168 833/373/168 834/374/168 835/375/168 836/376/168 837/377/168 838/378/168 839/379/168 840/380/168 841/381/168 842/382/168 843/383/168 844/384/168 845/385/168 846/386/168 847/387/168 848/388/168 849/389/168 850/390/168 851/391/168 852/392/168 853/393/168 854/394/168 855/395/168 856/396/168 857/397/168 858/398/168 859/399/168 860/400/168 861/401/168 862/402/168 863/403/168 864/404/168 

vn 1.78763e-10 1 -5.55072e-16
f 522/2/151 677/405/169 714/406/169 523/3/151 

vn 1.78708e-10 1 -5.55072e-16
f 677/405/169 676/407/170 715/408/170 714/406/169 

vn 1.78731e-10 1 -5.55072e-16
f 676/407/170 675/409/171 716/410/171 715/408/170 

vn -0.00449034 0.99999 -1.00498e-12
f 675/409/171 674/411/172 717/412/172 716/410/171 

vn -0.0927214 0.995692 -2.0741e-11
f 674/413/172 673/414/173 718/415/173 717/416/172 

vn -0.270425 0.962741 -6.04908e-11
f 673/417/173 672/418/174 719/419/174 718/420/173 

vn -0.449303 0.89338 -1.00503e-10
f 672/421/174 671/422/175 720/423/175 719/424/174 

vn -0.608827 0.793303 -1.36186e-10
f 671/425/175 670/426/176 721/427/176 720/428/175 

vn -0.745583 0.666413 -1.66777e-10
f 670/429/176 669/430/177 722/431/177 721/432/176 

vn -0.856793 0.515661 -1.91653e-10
f 669/433/177 668/434/178 723/435/178 722/436/177 

vn -0.93897 0.343999 -2.10035e-10
f 668/437/178 667/438/179 724/439/179 723/440/178 

vn -0.986253 0.165244 -2.20611e-10
f 667/441/179 666/442/180 725/443/180 724/444/179 

vn -0.999257 0.0385473 -2.2352e-10
f 666/445/180 665/446/181 726/447/181 725/448/180 

vn -1 1.7846e-10 -2.23686e-10
f 665/449/181 664/450/182 727/451/182 726/452/181 

vn -1 1.7934e-10 -2.23686e-10
f 664/450/182 663/453/183 728/454/183 727/451/182 

vn -1 1.78587e-10 -2.23686e-10
f 663/453/183 662/455/184 729/456/184 728/454/183 

vn -1 1.7894e-10 -2.23686e-10
f 662/455/184 661/457/185 730/458/185 729/456/184 

vn -1 1.7828e-10 -2.23686e-10
f 661/457/185 660/459/186 731/460/186 730/458/185 

vn -1 1.79208e-10 -2.23686e-10
f 660/459/186 659/461/187 732/462/187 731/460/186 

vn -1 1.78607e-10 -2.23686e-10
f 659/461/187 658/463/188 733/464/188 732/462/187 

vn -1 1.75776e-10 -2.23686e-10
f 658/463/188 657/465/189 734/466/189 733/464/188 

vn 1.78799e-10 1 -5.55072e-16
f 657/467/190 656/468/190 735/469/190 734/470/190 

vn -1 0 -2.23686e-10
f 656/465/191 655/471/191 736/472/191 735/466/191 

vn -1.48904e-10 -1 5.55078e-16
f 655/473/192 654/474/192 737/475/192 736/476/192 

vn -1 2.6361e-10 -2.23686e-10
vn -1 2.6628e-10 -2.23686e-10
f 654/471/193 653/477/194 738/478/194 737/472/193 

vn -1 2.69672e-10 -2.23686e-10
f 653/477/194 652/479/195 739/480/195 738/478/194 

vn -1 2.69091e-10 -2.23686e-10
f 652/479/195 651/481/196 740/482/196 739/480/195 

vn -1 2.68431e-10 -2.23686e-10
f 651/481/196 650/483/197 741/484/197 740/482/196 

vn -1 2.68783e-10 -2.23686e-10
f 650/483/197 649/485/198 742/486/198 741/484/197 

vn -1 2.6803e-10 -2.23686e-10
f 649/485/198 648/487/199 743/488/199 742/486/198 

vn -1 2.68911e-10 -2.23686e-10
f 648/487/199 647/489/200 744/490/200 743/488/199 

vn -0.999257 -0.0385473 -2.2352e-10
f 647/489/200 646/491/201 745/492/201 744/490/200 

vn -0.986253 -0.165244 -2.20611e-10
f 646/493/201 645/494/202 746/495/202 745/496/201 

f 645/497/202 644/498/77 747/499/77 746/500/202 

f 644/501/77 643/502/76 748/503/76 747/504/77 

f 643/505/76 642/506/75 749/507/75 748/508/76 

f 642/509/75 641/510/74 750/511/74 749/512/75 

vn -0.449303 -0.89338 -1.00502e-10
f 641/513/74 640/514/203 751/515/203 750/516/74 

vn -0.270425 -0.962741 -6.04898e-11
f 640/517/203 639/518/204 752/519/204 751/520/203 

vn -0.0927214 -0.995692 -2.07399e-11
f 639/521/204 638/522/205 753/523/205 752/524/204 

vn -0.00449034 -0.99999 -1.00387e-12
f 638/525/205 637/526/206 754/527/206 753/528/205 

vn -2.68508e-10 -1 5.55051e-16
f 637/529/206 636/530/207 755/531/207 754/532/206 

vn -2.68509e-10 -1 5.55051e-16
f 636/530/207 635/533/208 756/534/208 755/531/207 

vn -2.68517e-10 -1 5.55051e-16
f 635/533/208 634/535/209 757/536/209 756/534/208 

f 634/535/209 633/537/209 758/538/209 757/536/209 

f 633/537/209 632/539/208 759/540/208 758/538/209 

vn -2.68555e-10 -1 5.55051e-16
f 632/539/208 631/541/210 760/542/210 759/540/208 

vn 0.00449034 -0.99999 1.00498e-12
f 631/541/210 630/543/211 761/544/211 760/542/210 

vn 0.0927214 -0.995692 2.0741e-11
f 630/545/211 629/546/212 762/547/212 761/548/211 

vn 0.270425 -0.962741 6.04908e-11
f 629/549/212 628/550/213 763/551/213 762/552/212 

vn 0.449303 -0.89338 1.00503e-10
f 628/553/213 627/554/214 764/555/214 763/556/213 

vn 0.608827 -0.793303 1.36186e-10
f 627/557/214 626/558/215 765/559/215 764/560/214 

vn 0.745583 -0.666413 1.66777e-10
f 626/561/215 625/562/216 766/563/216 765/564/215 

vn 0.856793 -0.515661 1.91653e-10
f 625/565/216 624/566/217 767/567/217 766/568/216 

vn 0.93897 -0.343999 2.10035e-10
f 624/569/217 623/570/218 768/571/218 767/572/217 

vn 0.986253 -0.165244 2.20611e-10
f 623/573/218 622/574/219 769/575/219 768/576/218 

vn 0.999257 -0.0385473 2.2352e-10
f 622/577/219 621/578/220 770/579/220 769/580/219 

vn 1 -2.68911e-10 2.23686e-10
f 621/581/220 620/582/221 771/583/221 770/584/220 

vn 1 -2.6803e-10 2.23686e-10
f 620/582/221 619/585/222 772/586/222 771/583/221 

vn 1 -2.68783e-10 2.23686e-10
f 619/585/222 618/587/223 773/588/223 772/586/222 

vn 1 -2.68431e-10 2.23686e-10
f 618/587/223 617/589/224 774/590/224 773/588/223 

vn 1 -2.68029e-10 2.23686e-10
f 617/589/224 616/591/225 775/592/225 774/590/224 

vn 1 -2.6861e-10 2.23686e-10
f 616/591/225 615/593/226 776/594/226 775/592/225 

vn 1 -2.70273e-10 2.23686e-10
f 615/593/226 614/595/227 777/596/227 776/594/226 

vn 1 -2.71595e-10 2.23686e-10
f 614/595/227 613/597/228 778/598/228 777/596/227 

vn -2.46102e-10 -1 5.55056e-16
f 613/599/229 612/600/229 779/601/229 778/602/229 

vn -1 2.23685e-10 -2.23686e-10
f 612/471/230 611/477/230 780/478/230 779/472/230 

f 611/477/230 610/479/230 781/480/230 780/478/230 

f 610/479/230 609/481/230 782/482/230 781/480/230 

f 609/481/230 608/483/230 783/484/230 782/482/230 

f 608/483/230 607/485/230 784/486/230 783/484/230 

f 607/485/230 606/487/230 785/488/230 784/486/230 

f 606/487/230 605/489/230 786/490/230 785/488/230 

f 605/489/230 604/491/201 787/492/201 786/490/230 

f 604/603/201 603/604/202 788/605/202 787/606/201 

f 603/607/202 602/608/77 789/609/77 788/610/202 

f 602/611/77 601/612/76 790/613/76 789/614/77 

f 601/615/76 600/616/75 791/617/75 790/618/76 

f 600/619/75 599/620/74 792/621/74 791/622/75 

f 599/623/74 598/624/203 793/625/203 792/626/74 

f 598/627/203 597/628/204 794/629/204 793/630/203 

f 597/631/204 596/632/205 795/633/205 794/634/204 

f 596/635/205 595/636/206 796/637/206 795/638/205 

vn -2.23685e-10 -1 5.55061e-16
f 595/639/206 594/640/231 797/74/231 796/75/206 

f 594/640/231 593/641/231 798/73/231 797/74/231 

f 593/641/231 592/642/231 799/72/231 798/73/231 

f 592/642/231 591/643/231 800/71/231 799/72/231 

f 591/643/231 590/644/231 801/70/231 800/71/231 

f 590/644/231 589/645/231 802/69/231 801/70/231 

f 589/645/231 588/646/211 803/68/211 802/69/231 

f 588/647/211 587/648/212 804/649/212 803/650/211 

f 587/651/212 586/652/213 805/653/213 804/654/212 

f 586/655/213 585/656/214 806/657/214 805/658/213 

f 585/659/214 584/660/215 807/661/215 806/662/214 

f 584/663/215 583/664/216 808/665/216 807/666/215 

f 583/667/216 582/668/217 809/669/217 808/670/216 

f 582/671/217 581/672/218 810/673/218 809/674/217 

f 581/675/218 580/676/219 811/677/219 810/678/218 

f 580/679/219 579/680/220 812/681/220 811/682/219 

vn 1 -2.23685e-10 2.23686e-10
f 579/581/220 578/582/232 813/583/232 812/584/220 

f 578/582/232 577/585/232 814/586/232 813/583/232 

f 577/585/232 576/587/232 815/588/232 814/586/232 

f 576/587/232 575/589/232 816/590/232 815/588/232 

f 575/589/232 574/591/232 817/592/232 816/590/232 

f 574/591/232 573/593/232 818/594/232 817/592/232 

f 573/593/232 572/595/232 819/596/232 818/594/232 

f 572/595/232 571/597/232 820/598/232 819/596/232 

vn -1.04018e-10 -1 5.55088e-16
f 571/683/233 570/684/233 821/685/233 820/686/233 

f 570/597/232 569/177/232 822/180/232 821/598/232 

vn 2.23685e-10 1 -5.55061e-16
f 569/687/234 568/688/234 823/689/234 822/690/234 

f 568/177/232 567/178/232 824/179/232 823/180/232 

f 567/178/232 566/181/232 825/182/232 824/179/232 

f 566/181/232 565/183/232 826/184/232 825/182/232 

f 565/183/232 564/185/232 827/186/232 826/184/232 

f 564/185/232 563/187/232 828/188/232 827/186/232 

f 563/187/232 562/189/232 829/190/232 828/188/232 

f 562/189/232 561/191/232 830/192/232 829/190/232 

f 561/191/232 560/193/161 831/194/161 830/192/232 

f 560/691/161 559/692/162 832/693/162 831/694/161 

f 559/695/162 558/696/34 833/697/34 832/698/162 

f 558/699/34 557/700/33 834/701/33 833/702/34 

f 557/703/33 556/704/32 835/705/32 834/706/33 

f 556/707/32 555/708/31 836/709/31 835/710/32 

f 555/711/31 554/712/163 837/713/163 836/714/31 

f 554/715/163 553/716/164 838/717/164 837/718/163 

f 553/719/164 552/720/165 839/721/165 838/722/164 

f 552/723/165 551/724/166 840/725/166 839/726/165 

f 551/727/166 550/728/234 841/344/234 840/345/166 

f 550/728/234 549/729/234 842/343/234 841/344/234 

f 549/729/234 548/730/234 843/342/234 842/343/234 

f 548/730/234 547/731/234 844/341/234 843/342/234 

f 547/731/234 546/732/234 845/340/234 844/341/234 

vn 2.23639e-10 1 -5.55061e-16
f 546/732/234 545/733/235 846/339/235 845/340/234 

f 545/733/235 544/734/172 847/338/172 846/339/235 

f 544/735/172 543/736/173 848/737/173 847/738/172 

f 543/739/173 542/740/174 849/741/174 848/742/173 

f 542/743/174 541/744/175 850/745/175 849/746/174 

f 541/747/175 540/748/176 851/749/176 850/750/175 

f 540/751/176 539/752/177 852/753/177 851/754/176 

f 539/755/177 538/756/178 853/757/178 852/758/177 

f 538/759/178 537/760/179 854/761/179 853/762/178 

f 537/763/179 536/764/180 855/765/180 854/766/179 

f 536/767/180 535/768/181 856/769/181 855/770/180 

f 535/449/181 534/450/230 857/451/230 856/452/181 

f 534/450/230 533/453/230 858/454/230 857/451/230 

f 533/453/230 532/455/230 859/456/230 858/454/230 

f 532/455/230 531/457/230 860/458/230 859/456/230 

f 531/457/230 530/459/230 861/460/230 860/458/230 

f 530/459/230 529/461/230 862/462/230 861/460/230 

f 529/461/230 528/463/230 863/464/230 862/462/230 

f 528/463/230 527/465/230 864/466/230 863/464/230 

vn 2.01275e-10 1 -5.55066e-16
f 527/771/236 526/772/236 696/773/236 864/774/236 

g Mesh4 ___508_1 Model

v 248.135 18.1294 -40.6745
vt -4.21451 0
vn 0 -1 -0
v 239.475 18.1294 -40.6745
vt -4.0414 0
v 216.593 18.1294 -40.6745
vt -3.58398 0
v 184.131 18.1294 -40.6745
vt -2.93508 9.02389e-16
v 146.735 18.1294 -40.6745
vt -2.18753 0
v 109.049 18.1294 -40.6745
vt -1.43419 0
v 75.7172 18.1294 -40.6745
vt -0.767879 0
v 51.3833 18.1294 -40.6745
vt -0.281444 0
v 40.6919 18.1294 -40.6745
vt -0.0677221 0
v 39.9807 18.1294 -40.7236
vt -0.053506 0.000491108
v 39.3743 18.1294 -40.8927
vt -0.0413832 0.00218217
v 38.822 18.1294 -41.1704
vt -0.0303427 0.0049591
v 38.3363 18.1294 -41.5442
vt -0.0206333 0.00869746
v 37.9296 18.1294 -42.0017
vt -0.0125037 0.0132728
v 37.6144 18.1294 -42.5305
vt -0.00620281 0.0185607
v 37.4031 18.1294 -43.1181
vt -0.00197923 0.0244367
v 37.3082 18.1294 -43.7521
vt -8.17603e-05 0.0307763
v 37.3041 18.1294 -47.1093
vt -1.4431e-14 0.0643479
v 37.3041 18.1294 -59.78
vt 0 0.191055
v 37.3041 18.1294 -79.3366
vt -1.4431e-14 0.386622
v 37.3041 18.1294 -102.801
vt -1.4431e-14 0.62127
v 37.3041 18.1294 -127.197
vt -1.4431e-14 0.865224
v 37.3041 18.1294 -149.545
vt -1.4431e-14 1.08871
v 37.3041 18.1294 -166.868
vt -1.4431e-14 1.26194
v 37.3041 18.1294 -176.189
vt -1.4431e-14 1.35515
v 37.3294 18.1294 -177.42
vt -0.000504929 1.36746
v 37.4694 18.1294 -178.038
vt -0.00330384 1.37364
v 37.7211 18.1294 -178.605
vt -0.00833558 1.37931
v 38.072 18.1294 -179.109
vt -0.0153514 1.38434
v 38.5098 18.1294 -179.537
vt -0.0241025 1.38862
v 39.022 18.1294 -179.876
vt -0.0343402 1.39201
v 39.596 18.1294 -180.114
vt -0.0458157 1.3944
v 40.2196 18.1294 -180.239
vt -0.0582803 1.39565
v 42.8076 18.1294 -180.256
vt -0.110016 1.39581
v 59.1593 18.1294 -180.256
vt -0.436885 1.39581
v 87.4117 18.1294 -180.256
vt -1.00165 1.39581
v 122.921 18.1294 -180.256
vt -1.71148 1.39581
v 161.042 18.1294 -180.256
vt -2.47353 1.39581
v 197.132 18.1294 -180.256
vt -3.19496 1.39581
v 226.546 18.1294 -180.256
vt -3.78294 1.39581
v 244.639 18.1294 -180.256
vt -4.14462 1.39581
v 248.38 18.1294 -180.246
vt -4.21942 1.39572
v 249.009 18.1294 -180.136
vt -4.23199 1.39462
v 249.59 18.1294 -179.911
vt -4.2436 1.39237
v 250.111 18.1294 -179.584
vt -4.25401 1.3891
v 250.559 18.1294 -179.167
vt -4.26296 1.38492
v 250.921 18.1294 -178.672
vt -4.2702 1.37998
v 251.186 18.1294 -178.112
vt -4.2755 1.37438
v 251.34 18.1294 -177.5
vt -4.27859 1.36826
v 251.377 18.1294 -176.643
vt -4.27931 1.35969
v 251.377 18.1294 -168.532
vt -4.27931 1.27858
v 251.377 18.1294 -152.046
vt -4.27931 1.11372
v 251.377 18.1294 -130.163
vt -4.27931 0.89489
v 251.377 18.1294 -105.861
vt -4.27931 0.651866
v 251.377 18.1294 -82.1171
vt -4.27931 0.414426
v 251.377 18.1294 -61.909
vt -4.27931 0.212346
v 251.377 18.1294 -48.2147
vt -4.27931 0.0754028
v 251.376 18.1294 -43.834
vt -4.27929 0.0315952
v 251.296 18.1294 -43.1951
vt -4.2777 0.0252063
v 251.099 18.1294 -42.601
vt -4.27376 0.0192656
v 250.796 18.1294 -42.0642
vt -4.2677 0.0138974
v 250.4 18.1294 -41.5971
vt -4.25979 0.00922615
v 249.923 18.1294 -41.2121
vt -4.25026 0.00537637
v 249.379 18.1294 -40.9217
vt -4.23937 0.00247246
v 248.778 18.1294 -40.7384
vt -4.22737 0.000638855
f 865/1133/237 866/1134/237 867/1135/237 868/1136/237 869/1137/237 870/1138/237 871/1139/237 872/1140/237 873/1141/237 874/1142/237 875/1143/237 876/1144/237 877/1145/237 878/1146/237 879/1147/237 880/1148/237 881/1149/237 882/1150/237 883/1151/237 884/1152/237 885/1153/237 886/1154/237 887/1155/237 888/1156/237 889/1157/237 890/1158/237 891/1159/237 892/1160/237 893/1161/237 894/1162/237 895/1163/237 896/1164/237 897/1165/237 898/1166/237 899/1167/237 900/1168/237 901/1169/237 902/1170/237 903/1171/237 904/1172/237 905/1173/237 906/1174/237 907/1175/237 908/1176/237 909/1177/237 910/1178/237 911/1179/237 912/1180/237 913/1181/237 914/1182/237 915/1183/237 916/1184/237 917/1185/237 918/1186/237 919/1187/237 920/1188/237 921/1189/237 922/1190/237 923/1191/237 924/1192/237 925/1193/237 926/1194/237 927/1195/237 928/1196/237 929/1197/237 

v 248.135 21.1294 -40.6745
vt 4.21451 0.03
vn 0.0494482 0 0.998777
v 239.475 21.1294 -40.6745
vt 4.0414 0.03
vn 0 0 1
vt 4.0414 0
vt 4.21451 0
f 930/1198/238 931/1199/239 866/1200/239 865/1201/238 

vn 0 1 -0
v 248.778 21.1294 -40.7384
vt 4.22737 0.000638855
v 249.379 21.1294 -40.9217
vt 4.23937 0.00247246
v 249.923 21.1294 -41.2121
vt 4.25026 0.00537637
v 250.4 21.1294 -41.5971
vt 4.25979 0.00922615
v 250.796 21.1294 -42.0642
vt 4.2677 0.0138974
v 251.099 21.1294 -42.601
vt 4.27376 0.0192656
v 251.296 21.1294 -43.1951
vt 4.2777 0.0252063
v 251.376 21.1294 -43.834
vt 4.27929 0.0315952
v 251.377 21.1294 -48.2147
vt 4.27931 0.0754028
v 251.377 21.1294 -61.909
vt 4.27931 0.212346
v 251.377 21.1294 -82.1171
vt 4.27931 0.414426
v 251.377 21.1294 -105.861
vt 4.27931 0.651866
v 251.377 21.1294 -130.163
vt 4.27931 0.89489
v 251.377 21.1294 -152.046
vt 4.27931 1.11372
v 251.377 21.1294 -168.532
vt 4.27931 1.27858
v 251.377 21.1294 -176.643
vt 4.27931 1.35969
v 251.34 21.1294 -177.5
vt 4.27859 1.36826
v 251.186 21.1294 -178.112
vt 4.2755 1.37438
v 250.921 21.1294 -178.672
vt 4.2702 1.37998
v 250.559 21.1294 -179.167
vt 4.26296 1.38492
v 250.111 21.1294 -179.584
vt 4.25401 1.3891
v 249.59 21.1294 -179.911
vt 4.2436 1.39237
v 249.009 21.1294 -180.136
vt 4.23199 1.39462
v 248.38 21.1294 -180.246
vt 4.21942 1.39572
v 244.639 21.1294 -180.256
vt 4.14462 1.39581
v 226.546 21.1294 -180.256
vt 3.78294 1.39581
v 197.132 21.1294 -180.256
vt 3.19496 1.39581
v 161.042 21.1294 -180.256
vt 2.47353 1.39581
v 122.921 21.1294 -180.256
vt 1.71148 1.39581
v 87.4117 21.1294 -180.256
vt 1.00165 1.39581
v 59.1593 21.1294 -180.256
vt 0.436885 1.39581
v 42.8076 21.1294 -180.256
vt 0.110016 1.39581
v 40.2196 21.1294 -180.239
vt 0.0582803 1.39565
v 39.596 21.1294 -180.114
vt 0.0458157 1.3944
v 39.022 21.1294 -179.876
vt 0.0343402 1.39201
v 38.5098 21.1294 -179.537
vt 0.0241025 1.38862
v 38.072 21.1294 -179.109
vt 0.0153514 1.38434
v 37.7211 21.1294 -178.605
vt 0.00833558 1.37931
v 37.4694 21.1294 -178.038
vt 0.00330384 1.37364
v 37.3294 21.1294 -177.42
vt 0.000504929 1.36746
v 37.3041 21.1294 -176.189
vt 1.4431e-14 1.35515
v 37.3041 21.1294 -166.868
vt 1.4431e-14 1.26194
v 37.3041 21.1294 -149.545
vt 1.4431e-14 1.08871
v 37.3041 21.1294 -127.197
vt 1.4431e-14 0.865224
v 37.3041 21.1294 -102.801
vt 1.4431e-14 0.62127
v 37.3041 21.1294 -79.3366
vt 1.4431e-14 0.386622
v 37.3041 21.1294 -59.78
v 37.3041 21.1294 -47.1093
vt 1.4431e-14 0.0643479
v 37.3082 21.1294 -43.7521
vt 8.17603e-05 0.0307763
v 37.4031 21.1294 -43.1181
vt 0.00197923 0.0244367
v 37.6144 21.1294 -42.5305
vt 0.00620281 0.0185607
v 37.9296 21.1294 -42.0017
vt 0.0125037 0.0132728
v 38.3363 21.1294 -41.5442
vt 0.0206333 0.00869746
v 38.822 21.1294 -41.1704
vt 0.0303427 0.0049591
v 39.3743 21.1294 -40.8927
vt 0.0413832 0.00218217
v 39.9807 21.1294 -40.7236
vt 0.053506 0.000491108
v 40.6919 21.1294 -40.6745
vt 0.0677221 0
v 51.3833 21.1294 -40.6745
vt 0.281444 0
v 75.7172 21.1294 -40.6745
vt 0.767879 0
v 109.049 21.1294 -40.6745
vt 1.43419 0
v 146.735 21.1294 -40.6745
vt 2.18753 0
v 184.131 21.1294 -40.6745
vt 2.93508 9.02389e-16
v 216.593 21.1294 -40.6745
vt 3.58398 0
f 931/1200/240 930/1201/240 932/1202/240 933/1203/240 934/1204/240 935/1205/240 936/1206/240 937/1207/240 938/1208/240 939/1209/240 940/1210/240 941/1211/240 942/1212/240 943/1213/240 944/1214/240 945/1215/240 946/1216/240 947/1217/240 948/1218/240 949/1219/240 950/1220/240 951/1221/240 952/1222/240 953/1223/240 954/1224/240 955/1225/240 956/1226/240 957/1227/240 958/1228/240 959/1229/240 960/1230/240 961/1231/240 962/1232/240 963/1233/240 964/1234/240 965/1235/240 966/1236/240 967/1237/240 968/1238/240 969/1239/240 970/1240/240 971/1241/240 972/1242/240 973/1243/240 974/1244/240 975/1245/240 976/1246/240 977/1247/240 978/1151/240 979/1248/240 980/1249/240 981/1250/240 982/1251/240 983/1252/240 984/1253/240 985/1254/240 986/1255/240 987/1256/240 988/1257/240 989/1258/240 990/1259/240 991/1260/240 992/1261/240 993/1262/240 994/1263/240 

vt 4.20682 0.03
vn 0.196394 0 0.980525
vt 4.1939 0.03
vt 4.1939 0
vt 4.20682 0
f 932/1264/241 930/1265/238 865/1266/238 929/1267/241 

vt 4.05593 0.03
vn 0.383075 0 0.923717
vt 4.04338 0.03
vt 4.04338 0
vt 4.05593 0
f 933/1268/242 932/1269/241 929/1270/241 928/1271/242 

vt 3.75555 0.03
vn 0.551936 0 0.833887
vt 3.74321 0.03
vt 3.74321 0
vt 3.75555 0
f 934/1272/243 933/1273/242 928/1274/242 927/1275/243 

vt 3.32511 0.03
vn 0.698732 0 0.715384
vt 3.31286 0.03
vt 3.31286 0
vt 3.32511 0
f 935/1276/244 934/1277/243 927/1278/243 926/1279/244 

vt 2.7806 0.03
vn 0.820563 0 0.571556
vt 2.76836 0.03
vt 2.76836 0
vt 2.7806 0
f 936/1280/245 935/1281/244 926/1282/244 925/1283/245 

vt 2.13372 0.03
vn 0.914198 0 0.405268
vt 2.12139 0.03
vt 2.12139 0
vt 2.13372 0
f 937/1284/246 936/1285/245 925/1286/245 924/1287/246 

vt 1.39682 0.03
vn 0.975389 0 0.22049
vt 1.38431 0.03
vt 1.38431 0
vt 1.39682 0
f 938/1288/247 937/1289/246 924/1290/246 923/1291/247 

vt 0.591098 0.03
vn 0.998078 0 0.0619772
vt 0.578228 0.03
vt 0.578228 0
vt 0.591098 0
f 939/1292/248 938/1293/247 923/1294/247 922/1295/248 

vt 0.151733 0.03
vn 1 0 0.000117167
vt 0.0641615 0.03
vt 0.0641615 0
vt 0.151733 0
f 940/1296/249 939/1297/248 922/1298/248 921/1299/249 

vt 0.424479 0.03
vn 1 0 -0
vt 0.15073 0.03
vt 0.15073 0
vt 0.424479 0
f 941/1300/250 940/1301/249 921/1302/249 920/1303/250 

vt 0.828437 0.03
vt 0.828437 0
f 942/1304/250 941/1300/250 920/1303/250 919/1305/250 

vt 1.30308 0.03
vt 1.30308 0
f 943/1306/250 942/1304/250 919/1305/250 918/1307/250 

vt 1.78888 0.03
vt 1.78888 0
f 944/1308/250 943/1306/250 918/1307/250 917/1309/250 

vt 2.22633 0.03
vt 2.22633 0
f 945/1310/250 944/1308/250 917/1309/250 916/1311/250 

vt 2.55588 0.03
vn 1 0 4.45013e-14
vt 2.55588 0
f 946/1312/251 945/1310/250 916/1311/250 915/1313/251 

vt 2.71802 0.03
vn 0.999777 0 -0.021133
vt 2.71802 0
f 947/1314/252 946/1312/251 915/1313/251 914/1315/252 

vt 2.5519 0.03
vn 0.98953 0 -0.144327
vt 2.53476 0.03
vt 2.53476 0
vt 2.5519 0
f 948/1316/253 947/1317/252 914/1318/252 913/1319/253 

vt 1.61675 0.03
vn 0.941199 0 -0.337853
vt 1.60412 0.03
vt 1.60412 0
vt 1.61675 0
f 949/1320/254 948/1321/253 913/1322/253 912/1323/254 

vt 0.667541 0.03
vn 0.859187 0 -0.511661
vt 0.655162 0.03
vt 0.655162 0
vt 0.667541 0
f 950/1324/255 949/1325/254 912/1326/254 911/1327/255 

vt -0.286495 0.03
vn 0.747497 0 -0.664265
vt -0.298755 0.03
vt -0.298755 0
vt -0.286495 0
f 951/1328/256 950/1329/255 911/1330/255 910/1331/256 

vt -1.21915 0.03
vn 0.609735 0 -0.792605
vt -1.23138 0.03
vt -1.23138 0
vt -1.21915 0
f 952/1332/257 951/1333/256 910/1334/256 909/1335/257 

vt -2.11087 0.03
vn 0.448766 0 -0.893649
vt -2.12317 0.03
vt -2.12317 0
vt -2.11087 0
f 953/1336/258 952/1337/257 909/1338/257 908/1339/258 

vt -2.93973 0.03
vn 0.268105 0 -0.96339
vt -2.95218 0.03
vt -2.95218 0
vt -2.93973 0
f 954/1340/259 953/1341/258 908/1342/258 907/1343/259 

vt -3.67478 0.03
vn 0.0878102 0 -0.996137
vt -3.68754 0.03
vt -3.68754 0
vt -3.67478 0
f 955/1344/260 954/1345/259 907/1346/259 906/1347/260 

vt -4.13777 0.03
vn 0.00122488 0 -0.999999
vt -4.21257 0.03
vt -4.21257 0
vt -4.13777 0
f 956/1348/261 955/1349/260 906/1350/260 905/1351/261 

vt -3.78294 0.03
vn 1.53397e-15 0 -1
vt -4.14462 0.03
vt -4.14462 0
vt -3.78294 0
f 957/1352/262 956/1353/261 905/1354/261 904/1355/262 

vt -3.19496 0.03
vn 2.83764e-16 0 -1
vt -3.19496 0
f 958/1356/263 957/1352/262 904/1355/262 903/1357/263 

vt -2.47353 0.03
vn -1.25021e-15 0 -1
vt -2.47353 0
f 959/1358/264 958/1356/263 903/1357/263 902/1359/264 

vt -1.71148 0.03
vn 1.27064e-15 0 -1
vt -1.71148 0
f 960/1360/265 959/1358/264 902/1359/264 901/1361/265 

vt -1.00165 0.03
vt -1.00165 0
f 961/1362/265 960/1360/265 901/1361/265 900/1363/265 

vt -0.436885 0.03
vn -2.75933e-15 0 -1
vt -0.436885 0
f 962/1364/266 961/1362/265 900/1363/265 899/1365/266 

vt -0.110016 0.03
vn -0.0031356 0 -0.999995
vt -0.110016 0
f 963/1366/267 962/1364/266 899/1365/266 898/1367/267 

vt -0.0757751 0.03
vn -0.102018 0 -0.994783
vt -0.127512 0.03
vt -0.127512 0
vt -0.0757751 0
f 964/1368/268 963/1369/267 898/1370/267 897/1371/268 

vt -0.593556 0.03
vn -0.291592 0 -0.956543
vt -0.606269 0.03
vt -0.606269 0
vt -0.593556 0
f 965/1372/269 964/1373/268 897/1374/268 896/1375/269 

vt -1.09905 0.03
vn -0.470053 0 -0.882638
vt -1.11148 0.03
vt -1.11148 0
vt -1.09905 0
f 966/1376/270 965/1377/269 896/1378/269 895/1379/270 

vt -1.55301 0.03
vn -0.628282 0 -0.777986
vt -1.56529 0.03
vt -1.56529 0
vt -1.55301 0
f 967/1380/271 966/1381/270 895/1382/270 894/1383/271 

vt -1.94463 0.03
vn -0.762948 0 -0.64646
vt -1.95686 0.03
vt -1.95686 0
vt -1.94463 0
f 968/1384/272 967/1385/271 894/1386/271 893/1387/272 

vt -2.26675 0.03
vn -0.871148 0 -0.49102
vt -2.27902 0.03
vt -2.27902 0
vt -2.26675 0
f 969/1388/273 968/1389/272 893/1390/272 892/1391/273 

vt -2.51105 0.03
vn -0.949143 0 -0.314846
vt -2.52345 0.03
vt -2.52345 0
vt -2.51105 0
f 970/1392/274 969/1393/273 892/1394/273 891/1395/274 

vt -2.6661 0.03
vn -0.99261 0 -0.121352
vt -2.67877 0.03
vt -2.67877 0
vt -2.6661 0
f 971/1396/275 970/1397/274 891/1398/274 890/1399/275 

vt -2.70837 0.03
vn -0.999947 0 -0.0102575
vt -2.73299 0.03
vt -2.73299 0
vt -2.70837 0
f 972/1400/276 971/1401/275 890/1402/275 889/1403/276 

vt -2.52262 0.03
vn -1 0 -0
vt -2.70894 0.03
vt -2.70894 0
vt -2.52262 0
f 973/1404/277 972/1405/276 889/1406/276 888/1407/277 

vt -2.17632 0.03
vt -2.17632 0
f 974/1408/277 973/1404/277 888/1407/277 887/1409/277 

vt -1.72958 0.03
vt -1.72958 0
f 975/1410/277 974/1408/277 887/1409/277 886/1411/277 

vt -1.24192 0.03
vt -1.24192 0
f 976/1412/277 975/1410/277 886/1411/277 885/1413/277 

vt -0.772856 0.03
vn -1 0 -1.84569e-14
vt -0.772856 0
f 977/1414/278 976/1412/277 885/1413/277 884/1415/278 

vt -0.381919 0.03
vn -1 0 1.00305e-14
vt -0.381919 0
f 978/1416/279 977/1414/278 884/1415/278 883/1417/279 

vt -0.128631 0.03
vn -1 0 0.000609155
vt -0.128631 0
f 979/1418/280 978/1416/279 883/1417/279 882/1419/280 

vt -0.0615217 0.03
vn -0.997195 0 0.0748499
vt -0.0615217 0
f 980/1420/281 979/1418/280 882/1419/280 881/1421/281 

vt -0.0480173 0.03
vn -0.969675 0 0.244399
vt -0.0608315 0.03
vt -0.0608315 0
vt -0.0480173 0
f 981/1422/282 980/1423/281 881/1424/281 880/1425/282 

vt -0.0328155 0.03
vn -0.904172 0 0.427168
vt -0.0452978 0.03
vt -0.0452978 0
vt -0.0328155 0
f 982/1426/283 981/1427/282 880/1428/282 879/1429/283 

vt -0.0163883 0.03
vn -0.8068 0 0.590825
vt -0.0286943 0.03
vt -0.0286943 0
vt -0.0163883 0
f 983/1430/284 982/1431/283 879/1432/283 878/1433/284 

vt 0.000712864 0.03
vn -0.68169 0 0.731641
vt -0.011524 0.03
vt -0.011524 0
vt 0.000712864 0
f 984/1434/285 983/1435/284 878/1436/284 877/1437/285 

vt 0.017999 0.03
vn -0.531969 0 0.846764
vt 0.00574671 0.03
vt 0.00574671 0
vt 0.017999 0
f 985/1438/286 984/1439/285 877/1440/285 876/1441/286 

vt 0.0350133 0.03
vn -0.3606 0 0.932721
vt 0.0226558 0.03
vt 0.0226558 0
vt 0.0350133 0
f 986/1442/287 985/1443/286 876/1444/286 875/1445/287 

vt 0.051276 0.03
vn -0.169621 0 0.985509
vt 0.0386907 0.03
vt 0.0386907 0
vt 0.051276 0
f 987/1446/288 986/1447/287 875/1448/287 874/1449/288 

vt 0.0675611 0.03
vn -0.0344671 0 0.999406
vt 0.0533112 0.03
vt 0.0533112 0
vt 0.0675611 0
f 988/1450/289 987/1451/288 874/1452/288 873/1453/289 

vt 0.281444 0.03
vt 0.0677221 0.03
f 989/1454/239 988/1455/289 873/1257/289 872/1258/239 

vt 0.767879 0.03
f 990/1456/239 989/1454/239 872/1258/239 871/1259/239 

vt 1.43419 0.03
f 991/1457/239 990/1456/239 871/1259/239 870/1260/239 

vt 2.18753 0.03
vn 1.20654e-15 0 1
f 992/1458/290 991/1457/239 870/1260/239 869/1261/290 

vt 2.93508 0.03
vn -1.83408e-16 0 1
vt 2.93508 0
f 993/1459/291 992/1458/290 869/1261/290 868/1460/291 

vt 3.58398 0.03
vn -1.38994e-15 0 1
f 994/1461/292 993/1459/291 868/1460/291 867/1263/292 

f 931/1199/239 994/1461/292 867/1263/292 866/1200/239 

g Mesh5 ___503_1 ___504_1 Model

v 281.839 0.5 -63.2008
vt -3.55303 0.575963
vn -4.63518e-34 -1 5.2887e-33
v 281.839 0.5 -5.60454
vt -3.55303 -4.35713e-66
v 214.641 0.5 -5.60454
vt -2.20975 -2.70985e-66
v 214.641 0.5 -0.0263304
vt -2.20975 -0.0557821
v 198.762 0.5 -0.0263304
vt -1.89233 -0.0557821
v 198.762 0.5 -5.60454
vt -1.89233 -2.32059e-66
v 88.6651 0.5 -5.60454
vt 0.308507 3.78327e-67
v 88.6651 0.5 -0
vt 0.308507 -0.0560454
v 72.8134 0.5 -0
vt 0.625384 -0.0560454
v 72.8134 0.5 -5.60454
vt 0.625384 7.66917e-67
v 5.64613 0.5 -5.60454
vt 1.96806 2.41346e-66
v 5.64613 0.5 -63.2504
vt 1.96806 0.576459
v 0.0151626 0.5 -63.2504
vt 2.08062 0.576459
v 0.0151626 0.5 -79.1052
vt 2.08062 0.735007
v 5.64613 0.5 -79.1052
vt 1.96806 0.735007
v 5.64613 0.5 -142.097
vt 1.96806 1.36493
v 0.0104684 0.5 -142.097
vt 2.08071 1.36493
v 0.0104684 0.5 -157.976
vt 2.08071 1.52371
v 5.64613 0.5 -157.976
vt 1.96806 1.52371
v 5.64613 0.5 -215.134
vt 1.96806 2.09529
v 72.7028 0.5 -215.134
vt 0.627595 2.09529
v 72.7028 0.5 -220.688
vt 0.627595 2.15083
v 88.6384 0.5 -220.688
vt 0.309042 2.15083
v 88.6384 0.5 -215.134
vt 0.309042 2.09529
v 198.889 0.5 -215.134
vt -1.89487 2.09529
v 198.889 0.5 -220.585
vt -1.89487 2.14981
v 214.81 0.5 -220.585
vt -2.21313 2.14981
v 214.81 0.5 -215.134
vt -2.21313 2.09529
v 281.839 0.5 -215.134
vt -3.55303 2.09529
v 281.839 0.5 -158.028
vt -3.55303 1.52423
v 287.383 0.5 -158.028
vt -3.66385 1.52423
v 287.383 0.5 -142.105
vt -3.66385 1.36501
v 281.839 0.5 -142.105
vt -3.55303 1.36501
v 281.839 0.5 -79.1174
vt -3.55303 0.735129
v 287.378 0.5 -79.1174
vt -3.66376 0.735129
v 287.378 0.5 -63.2008
vt -3.66376 0.575963
f 995/1462/293 996/1463/293 997/1464/293 998/1465/293 999/1466/293 1000/1467/293 1001/1468/293 1002/1469/293 1003/1470/293 1004/1471/293 1005/1472/293 1006/1473/293 1007/1474/293 1008/1475/293 1009/1476/293 1010/1477/293 1011/1478/293 1012/1479/293 1013/1480/293 1014/1481/293 1015/1482/293 1016/1483/293 1017/1484/293 1018/1485/293 1019/1486/293 1020/1487/293 1021/1488/293 1022/1489/293 1023/1490/293 1024/1491/293 1025/1492/293 1026/1493/293 1027/1494/293 1028/1495/293 1029/1496/293 1030/1497/293 

vt 1.15135 0
v 281.839 3.5 -63.2008
vt 1.15135 0.03
v 281.839 3.5 -5.60454
f 996/690/250 995/1498/250 1031/1499/250 1032/687/250 

vt 3.55303 0.03
vt 3.55303 0
vt 3.66376 0
v 287.378 3.5 -63.2008
vt 3.66376 0.03
f 1031/1500/239 995/1501/239 1030/1502/239 1033/1503/239 

vt 1.46952 0
v 287.378 3.5 -79.1174
vt 1.46952 0.03
f 1030/1498/250 1029/1504/250 1034/1505/250 1033/1499/250 

vt -3.55303 0
vn 0 0 -1
v 281.839 3.5 -79.1174
vt -3.55303 0.03
vt -3.66376 0.03
vt -3.66376 0
f 1028/1506/294 1035/1507/294 1034/1508/294 1029/1509/294 

v 281.839 3.5 -142.105
vt 2.72865 0.03
vt 2.72865 0
f 1036/1510/250 1035/1505/250 1028/1504/250 1027/1511/250 

vt 3.55303 0.575963
vt 3.66376 0.575963
vt 3.66376 0.735129
vt 3.55303 0.735129
vt 3.55303 1.36501
v 287.383 3.5 -142.105
vt 3.66385 1.36501
v 287.383 3.5 -158.028
vt 3.66385 1.52423
v 281.839 3.5 -158.028
vt 3.55303 1.52423
v 281.839 3.5 -215.134
vt 3.55303 2.09529
v 214.81 3.5 -215.134
vt 2.21313 2.09529
v 214.81 3.5 -220.585
vt 2.21313 2.14981
v 198.889 3.5 -220.585
vt 1.89487 2.14981
v 198.889 3.5 -215.134
vt 1.89487 2.09529
v 88.6384 3.5 -215.134
vt -0.309042 2.09529
v 88.6384 3.5 -220.688
vt -0.309042 2.15083
v 72.7028 3.5 -220.688
vt -0.627595 2.15083
v 72.7028 3.5 -215.134
vt -0.627595 2.09529
v 5.64613 3.5 -215.134
vt -1.96806 2.09529
v 5.64613 3.5 -157.976
vt -1.96806 1.52371
v 0.0104684 3.5 -157.976
vt -2.08071 1.52371
v 0.0104684 3.5 -142.097
vt -2.08071 1.36493
v 5.64613 3.5 -142.097
vt -1.96806 1.36493
v 5.64613 3.5 -79.1052
vt -1.96806 0.735007
v 0.0151626 3.5 -79.1052
vt -2.08062 0.735007
v 0.0151626 3.5 -63.2504
vt -2.08062 0.576459
v 5.64613 3.5 -63.2504
vt -1.96806 0.576459
v 5.64613 3.5 -5.60454
vt -1.96806 0
v 72.8134 3.5 -5.60454
vt -0.625384 0
v 72.8134 3.5 -0
vt -0.625384 -0.0560454
v 88.6651 3.5 -0
vt -0.308507 -0.0560454
v 88.6651 3.5 -5.60454
vt -0.308507 0
v 198.762 3.5 -5.60454
vt 1.89233 0
v 198.762 3.5 -0.0263304
vt 1.89233 -0.0557821
v 214.641 3.5 -0.0263304
vt 2.20975 -0.0557821
v 214.641 3.5 -5.60454
vt 2.20975 0
f 1032/1501/240 1031/1512/240 1033/1513/240 1034/1514/240 1035/1515/240 1036/1516/240 1037/1517/240 1038/1518/240 1039/1519/240 1040/1520/240 1041/1521/240 1042/1522/240 1043/1523/240 1044/1524/240 1045/1525/240 1046/1526/240 1047/1527/240 1048/1528/240 1049/1529/240 1050/1530/240 1051/1531/240 1052/1532/240 1053/1533/240 1054/1534/240 1055/1535/240 1056/1536/240 1057/1537/240 1058/1538/240 1059/1539/240 1060/1540/240 1061/1541/240 1062/1542/240 1063/1543/240 1064/1544/240 1065/1545/240 1066/1546/240 

vt 3.66385 0
vt 3.66385 0.03
f 1036/1500/239 1027/1501/239 1026/1547/239 1037/1548/239 

vt 3.04694 0
vt 3.04694 0.03
f 1026/1511/250 1025/1549/250 1038/1550/250 1037/1510/250 

vt -3.66385 0.03
vt -3.66385 0
f 1024/1506/294 1039/1507/294 1038/1551/294 1025/1552/294 

vt 4.18849 0.03
vt 4.18849 0
f 1040/1553/250 1039/1550/250 1024/1549/250 1023/1554/250 

vt -2.21313 0
vt -2.21313 0.03
f 1023/1506/294 1022/1555/294 1041/1556/294 1040/1507/294 

vt 4.29746 0
vt 4.29746 0.03
f 1041/1553/250 1022/1554/250 1021/1557/250 1042/1558/250 

vt -1.89487 0
vt -1.89487 0.03
f 1021/1555/294 1020/1559/294 1043/1560/294 1042/1556/294 

vt -4.18849 0
vt -4.18849 0.03
vt -4.29746 0.03
vt -4.29746 0
f 1019/1561/277 1044/1562/277 1043/1563/277 1020/1564/277 

vt 0.309042 0.03
vt 0.309042 0
f 1045/1565/294 1044/1560/294 1019/1559/294 1018/1566/294 

vt 4.29952 0
vt 4.29952 0.03
f 1045/1553/250 1018/1554/250 1017/1567/250 1046/1568/250 

vt 0.627595 0
vt 0.627595 0.03
f 1017/1566/294 1016/1569/294 1047/1570/294 1046/1565/294 

vt -4.29952 0.03
vt -4.29952 0
f 1015/1561/277 1048/1562/277 1047/1571/277 1016/1572/277 

vt 1.96806 0.03
vt 1.96806 0
f 1049/1573/294 1048/1570/294 1015/1569/294 1014/1574/294 

vt -3.0459 0
vt -3.0459 0.03
f 1014/1561/277 1013/1575/277 1050/1576/277 1049/1562/277 

vt 2.08071 0
vt 2.08071 0.03
f 1050/1573/294 1013/1574/294 1012/1577/294 1051/1578/294 

vt -2.72849 0
vt -2.72849 0.03
f 1012/1575/277 1011/1579/277 1052/1580/277 1051/1576/277 

vt -1.96806 0.03
vt -2.08071 0.03
vt -2.08071 0
f 1010/1538/239 1053/1581/239 1052/1582/239 1011/1583/239 

vt -1.46928 0.03
vt -1.46928 0
f 1054/1584/277 1053/1580/277 1010/1579/277 1009/1585/277 

vt 2.08062 0
vt 2.08062 0.03
f 1054/1573/294 1009/1574/294 1008/1586/294 1055/1587/294 

vt -1.15234 0
vt -1.15234 0.03
f 1008/1585/277 1007/1588/277 1056/1589/277 1055/1584/277 

vt -2.08062 0.03
vt -2.08062 0
f 1006/1538/239 1057/1581/239 1056/1590/239 1007/1591/239 

f 1058/687/277 1057/1589/277 1006/1588/277 1005/690/277 

vt -0.625384 0.03
f 1005/1538/239 1004/1539/239 1059/1592/239 1058/1581/239 

vt 0.112035 0
vt 0.112035 0.03
f 1059/687/277 1004/690/277 1003/1593/277 1060/1594/277 

vt -0.308507 0.03
f 1003/1539/239 1002/1542/239 1061/1595/239 1060/1592/239 

vt -0.112035 0.03
vt -0.112035 0
f 1001/690/250 1062/687/250 1061/1596/250 1002/1597/250 

vt 1.89233 0.03
f 1063/1598/239 1062/1595/239 1001/1542/239 1000/1543/239 

vt 0.111508 0
vt 0.111508 0.03
f 1063/687/277 1000/690/277 999/1599/277 1064/1600/277 

vt 2.20975 0.03
f 999/1543/239 998/1546/239 1065/1601/239 1064/1598/239 

vt -0.111508 0.03
vt -0.111508 0
f 997/690/250 1066/687/250 1065/1602/250 998/1603/250 

f 1032/1500/239 1066/1601/239 997/1546/239 996/1501/239 

g Mesh6 ___506_2 Model

v 246.165 17.6294 -173.518
vn -6.66134e-16 0 -1
v 246.165 3.5 -173.518
v 243.165 3.5 -173.518
v 243.165 17.6294 -173.518
f 1067/465/295 1068/471/295 1069/472/295 1070/466/295 

vn 1 -1.11022e-16 -6.66134e-16
v 246.165 17.6294 -123.216
v 246.165 17.7198 -123.216
v 246.165 17.959 -123.216
v 246.165 18.299 -123.216
v 246.165 18.6919 -123.216
v 246.165 19.0895 -123.216
v 246.165 19.4439 -123.216
v 246.165 19.7072 -123.216
v 246.165 19.8312 -123.216
v 246.165 20.04 -123.2
v 246.165 20.2815 -123.137
v 246.165 20.5023 -123.031
v 246.165 20.6974 -122.887
v 246.165 20.8621 -122.709
v 246.165 20.9916 -122.503
v 246.165 21.0809 -122.274
v 246.165 21.1253 -122.025
v 246.165 21.1294 -121.57
v 246.165 21.1294 -119.637
v 246.165 21.1294 -116.453
v 246.165 21.1294 -112.518
v 246.165 21.1294 -108.333
v 246.165 21.1294 -104.399
v 246.165 21.1294 -101.215
v 246.165 21.1294 -99.2814
v 246.165 21.1253 -98.8265
v 246.165 21.0809 -98.578
v 246.165 20.9916 -98.3484
v 246.165 20.8621 -98.1424
v 246.165 20.6974 -97.9649
v 246.165 20.5023 -97.8208
v 246.165 20.2815 -97.7149
v 246.165 20.04 -97.6519
v 246.165 19.8312 -97.6358
v 246.165 19.7072 -97.6358
v 246.165 19.4439 -97.6358
v 246.165 19.0895 -97.6358
v 246.165 18.6919 -97.6358
v 246.165 18.299 -97.6358
v 246.165 17.959 -97.6358
v 246.165 17.7198 -97.6358
v 246.165 17.6294 -97.6358
v 246.165 17.6294 -47.1745
v 246.165 3.5 -47.1745
v 246.165 3.5 -97.6358
v 246.165 3.40959 -97.6358
v 246.165 3.17037 -97.6358
v 246.165 2.83033 -97.6358
v 246.165 2.43749 -97.6358
v 246.165 2.03985 -97.6358
v 246.165 1.68541 -97.6358
v 246.165 1.42218 -97.6358
v 246.165 1.29817 -97.6358
v 246.165 1.08936 -97.6519
v 246.165 0.847826 -97.7149
v 246.165 0.627068 -97.8208
v 246.165 0.43192 -97.9649
v 246.165 0.267214 -98.1424
v 246.165 0.137785 -98.3484
v 246.165 0.0484638 -98.578
v 246.165 0.00408515 -98.8265
v 246.165 3.62854e-08 -99.2814
v 246.165 3.62854e-08 -101.215
v 246.165 3.62857e-08 -104.399
v 246.165 3.62856e-08 -108.333
v 246.165 3.62856e-08 -112.518
v 246.165 3.62856e-08 -116.453
v 246.165 3.62856e-08 -119.637
v 246.165 3.62856e-08 -121.57
v 246.165 0.00408515 -122.025
v 246.165 0.0484638 -122.274
v 246.165 0.137785 -122.503
v 246.165 0.267214 -122.709
v 246.165 0.43192 -122.887
v 246.165 0.627068 -123.031
v 246.165 0.847826 -123.137
v 246.165 1.08936 -123.2
v 246.165 1.29817 -123.216
v 246.165 1.42218 -123.216
v 246.165 1.68541 -123.216
v 246.165 2.03985 -123.216
v 246.165 2.43749 -123.216
v 246.165 2.83033 -123.216
v 246.165 3.17037 -123.216
v 246.165 3.40959 -123.216
v 246.165 3.5 -123.216
f 1067/775/296 1071/776/296 1072/777/296 1073/778/296 1074/779/296 1075/780/296 1076/781/296 1077/782/296 1078/783/296 1079/784/296 1080/785/296 1081/786/296 1082/787/296 1083/788/296 1084/789/296 1085/790/296 1086/791/296 1087/792/296 1088/793/296 1089/794/296 1090/795/296 1091/796/296 1092/797/296 1093/798/296 1094/799/296 1095/800/296 1096/801/296 1097/802/296 1098/803/296 1099/804/296 1100/805/296 1101/806/296 1102/807/296 1103/808/296 1104/809/296 1105/810/296 1106/811/296 1107/812/296 1108/813/296 1109/814/296 1110/815/296 1111/816/296 1112/817/296 1113/49/296 1114/50/296 1115/818/296 1116/819/296 1117/820/296 1118/821/296 1119/822/296 1120/823/296 1121/824/296 1122/825/296 1123/826/296 1124/827/296 1125/828/296 1126/829/296 1127/830/296 1128/831/296 1129/832/296 1130/833/296 1131/834/296 1132/835/296 1133/836/296 1134/837/296 1135/838/296 1136/839/296 1137/840/296 1138/841/296 1139/842/296 1140/843/296 1141/844/296 1142/845/296 1143/846/296 1144/847/296 1145/848/296 1146/849/296 1147/850/296 1148/851/296 1149/852/296 1150/853/296 1151/854/296 1152/855/296 1153/856/296 1154/857/296 1155/858/296 1156/859/296 1068/860/296 

vn 1.11022e-16 1 -7.39557e-32
v 243.165 17.6294 -123.216
f 1071/861/297 1067/862/297 1070/863/297 1157/864/297 

vn -1 1.11022e-16 6.66134e-16
v 243.165 3.5 -123.216
v 243.165 3.40959 -123.216
v 243.165 3.17037 -123.216
v 243.165 2.83033 -123.216
v 243.165 2.43749 -123.216
v 243.165 2.03985 -123.216
v 243.165 1.68541 -123.216
v 243.165 1.42218 -123.216
v 243.165 1.29817 -123.216
v 243.165 1.08936 -123.2
v 243.165 0.847826 -123.137
v 243.165 0.627068 -123.031
v 243.165 0.43192 -122.887
v 243.165 0.267214 -122.709
v 243.165 0.137785 -122.503
v 243.165 0.0484638 -122.274
v 243.165 0.00408515 -122.025
v 243.165 3.62856e-08 -121.57
v 243.165 3.62856e-08 -119.637
v 243.165 3.62856e-08 -116.453
v 243.165 3.62856e-08 -112.518
v 243.165 3.62856e-08 -108.333
v 243.165 3.62857e-08 -104.399
v 243.165 3.62854e-08 -101.215
v 243.165 3.62854e-08 -99.2814
v 243.165 0.00408515 -98.8265
v 243.165 0.0484638 -98.578
v 243.165 0.137785 -98.3484
v 243.165 0.267214 -98.1424
v 243.165 0.43192 -97.9649
v 243.165 0.627068 -97.8208
v 243.165 0.847826 -97.7149
v 243.165 1.08936 -97.6519
v 243.165 1.29817 -97.6358
v 243.165 1.42218 -97.6358
v 243.165 1.68541 -97.6358
v 243.165 2.03985 -97.6358
v 243.165 2.43749 -97.6358
v 243.165 2.83033 -97.6358
v 243.165 3.17037 -97.6358
v 243.165 3.40959 -97.6358
v 243.165 3.5 -97.6358
v 243.165 3.5 -47.1745
v 243.165 17.6294 -47.1745
v 243.165 17.6294 -97.6358
v 243.165 17.7198 -97.6358
v 243.165 17.959 -97.6358
v 243.165 18.299 -97.6358
v 243.165 18.6919 -97.6358
v 243.165 19.0895 -97.6358
v 243.165 19.4439 -97.6358
v 243.165 19.7072 -97.6358
v 243.165 19.8312 -97.6358
v 243.165 20.04 -97.6519
v 243.165 20.2815 -97.7149
v 243.165 20.5023 -97.8208
v 243.165 20.6974 -97.9649
v 243.165 20.8621 -98.1424
v 243.165 20.9916 -98.3484
v 243.165 21.0809 -98.578
v 243.165 21.1253 -98.8265
v 243.165 21.1294 -99.2814
v 243.165 21.1294 -101.215
v 243.165 21.1294 -104.399
v 243.165 21.1294 -108.333
v 243.165 21.1294 -112.518
v 243.165 21.1294 -116.453
v 243.165 21.1294 -119.637
v 243.165 21.1294 -121.57
v 243.165 21.1253 -122.025
v 243.165 21.0809 -122.274
v 243.165 20.9916 -122.503
v 243.165 20.8621 -122.709
v 243.165 20.6974 -122.887
v 243.165 20.5023 -123.031
v 243.165 20.2815 -123.137
v 243.165 20.04 -123.2
v 243.165 19.8312 -123.216
v 243.165 19.7072 -123.216
v 243.165 19.4439 -123.216
v 243.165 19.0895 -123.216
v 243.165 18.6919 -123.216
v 243.165 18.299 -123.216
v 243.165 17.959 -123.216
v 243.165 17.7198 -123.216
f 1157/865/298 1070/866/298 1069/867/298 1158/868/298 1159/869/298 1160/870/298 1161/871/298 1162/872/298 1163/873/298 1164/874/298 1165/875/298 1166/876/298 1167/877/298 1168/878/298 1169/879/298 1170/880/298 1171/881/298 1172/882/298 1173/883/298 1174/884/298 1175/885/298 1176/886/298 1177/887/298 1178/888/298 1179/889/298 1180/890/298 1181/891/298 1182/892/298 1183/893/298 1184/894/298 1185/895/298 1186/896/298 1187/897/298 1188/898/298 1189/899/298 1190/900/298 1191/901/298 1192/902/298 1193/903/298 1194/904/298 1195/905/298 1196/906/298 1197/907/298 1198/908/298 1199/909/298 1200/50/298 1201/49/298 1202/910/298 1203/911/298 1204/912/298 1205/913/298 1206/914/298 1207/915/298 1208/916/298 1209/917/298 1210/918/298 1211/919/298 1212/920/298 1213/921/298 1214/922/298 1215/923/298 1216/924/298 1217/925/298 1218/926/298 1219/927/298 1220/928/298 1221/929/298 1222/930/298 1223/931/298 1224/932/298 1225/933/298 1226/934/298 1227/935/298 1228/936/298 1229/937/298 1230/938/298 1231/939/298 1232/940/298 1233/941/298 1234/942/298 1235/943/298 1236/944/298 1237/945/298 1238/946/298 1239/947/298 1240/948/298 1241/949/298 1242/950/298 

vn -1.11022e-16 -1 -1.79394e-15
f 1068/951/299 1156/952/299 1158/953/299 1069/954/299 

f 1156/471/295 1155/477/295 1159/478/295 1158/472/295 

f 1155/477/295 1154/479/295 1160/480/295 1159/478/295 

f 1154/479/295 1153/481/295 1161/482/295 1160/480/295 

f 1153/481/295 1152/483/295 1162/484/295 1161/482/295 

f 1152/483/295 1151/485/295 1163/486/295 1162/484/295 

f 1151/485/295 1150/487/295 1164/488/295 1163/486/295 

f 1150/487/295 1149/489/295 1165/490/295 1164/488/295 

vn -6.69918e-16 -0.0385473 -0.999257
f 1149/489/295 1148/491/300 1166/492/300 1165/490/295 

vn -6.75322e-16 -0.165244 -0.986253
f 1148/955/300 1147/956/301 1167/957/301 1166/958/300 

vn -6.63671e-16 -0.343999 -0.93897
f 1147/959/301 1146/960/302 1168/961/302 1167/962/301 

vn -6.27988e-16 -0.515661 -0.856793
f 1146/963/302 1145/964/303 1169/965/303 1168/966/302 

vn -5.70645e-16 -0.666413 -0.745583
f 1145/967/303 1144/968/304 1170/969/304 1169/970/303 

vn -4.93634e-16 -0.793303 -0.608827
f 1144/971/304 1143/972/305 1171/973/305 1170/974/304 

vn -3.98481e-16 -0.89338 -0.449303
f 1143/975/305 1142/976/306 1172/977/306 1171/978/305 

vn -2.87025e-16 -0.962741 -0.270425
f 1142/979/306 1141/980/307 1173/981/307 1172/982/306 

vn -1.72309e-16 -0.995692 -0.0927214
f 1141/983/307 1140/984/308 1174/985/308 1173/986/307 

vn -1.14012e-16 -0.99999 -0.00449034
f 1140/987/308 1139/988/309 1175/989/309 1174/990/308 

vn -1.11022e-16 -1 7.39557e-32
f 1139/991/309 1138/992/310 1176/993/310 1175/994/309 

f 1138/992/310 1137/995/310 1177/996/310 1176/993/310 

f 1137/995/310 1136/997/310 1178/998/310 1177/996/310 

vn -1.11022e-16 -1 1.1467e-14
f 1136/997/310 1135/999/311 1179/1000/311 1178/998/310 

vn -1.11022e-16 -1 -3.10432e-14
f 1135/999/311 1134/1001/312 1180/1002/312 1179/1000/311 

vn -1.11022e-16 -1 -4.25102e-14
f 1134/1001/312 1133/1003/313 1181/836/313 1180/1002/312 

vn -1.0803e-16 -0.99999 0.00449034
f 1133/1003/313 1132/1004/314 1182/835/314 1181/836/313 

vn -4.87792e-17 -0.995692 0.0927214
f 1132/1005/314 1131/1006/315 1183/1007/315 1182/1008/314 

vn 7.32535e-17 -0.962741 0.270425
f 1131/1009/315 1130/1010/316 1184/1011/316 1183/1012/315 

vn 2.00111e-16 -0.89338 0.449303
f 1130/1013/316 1129/1014/317 1185/1015/317 1184/1016/316 

vn 3.17486e-16 -0.793303 0.608827
f 1129/1017/317 1128/1018/318 1186/1019/318 1185/1020/317 

vn 4.22671e-16 -0.666413 0.745583
f 1128/1021/318 1127/1022/319 1187/1023/319 1186/1024/318 

vn 5.13489e-16 -0.515661 0.856793
f 1127/1025/319 1126/1026/320 1188/1027/320 1187/1028/319 

vn 5.87288e-16 -0.343999 0.93897
f 1126/1029/320 1125/1030/321 1189/1031/321 1188/1032/320 

vn 6.3863e-16 -0.165244 0.986253
f 1125/1033/321 1124/1034/322 1190/1035/322 1189/1036/321 

vn 6.61359e-16 -0.0385473 0.999257
f 1124/1037/322 1123/1038/323 1191/1039/323 1190/1040/322 

vn 6.66134e-16 0 1
f 1123/581/323 1122/582/324 1192/583/324 1191/584/323 

f 1122/582/324 1121/585/324 1193/586/324 1192/583/324 

f 1121/585/324 1120/587/324 1194/588/324 1193/586/324 

f 1120/587/324 1119/589/324 1195/590/324 1194/588/324 

f 1119/589/324 1118/591/324 1196/592/324 1195/590/324 

f 1118/591/324 1117/593/324 1197/594/324 1196/592/324 

f 1117/593/324 1116/595/324 1198/596/324 1197/594/324 

f 1116/595/324 1115/597/324 1199/598/324 1198/596/324 

vn -1.11022e-16 -1 1.78828e-15
f 1115/1041/325 1114/1042/325 1200/1043/325 1199/1044/325 

f 1114/597/324 1113/177/324 1201/180/324 1200/598/324 

f 1113/687/297 1112/1045/297 1202/1046/297 1201/690/297 

f 1112/177/324 1111/178/324 1203/179/324 1202/180/324 

f 1111/178/324 1110/181/324 1204/182/324 1203/179/324 

f 1110/181/324 1109/183/324 1205/184/324 1204/182/324 

f 1109/183/324 1108/185/324 1206/186/324 1205/184/324 

f 1108/185/324 1107/187/324 1207/188/324 1206/186/324 

f 1107/187/324 1106/189/324 1208/190/324 1207/188/324 

f 1106/189/324 1105/191/324 1209/192/324 1208/190/324 

vn 6.69918e-16 0.0385473 0.999257
f 1105/191/324 1104/193/326 1210/194/326 1209/192/324 

vn 6.75322e-16 0.165244 0.986253
f 1104/1047/326 1103/1048/327 1211/1049/327 1210/1050/326 

vn 6.63671e-16 0.343999 0.93897
f 1103/1051/327 1102/1052/328 1212/1053/328 1211/1054/327 

vn 6.27988e-16 0.515661 0.856793
f 1102/1055/328 1101/1056/329 1213/1057/329 1212/1058/328 

vn 5.70645e-16 0.666413 0.745583
f 1101/1059/329 1100/1060/330 1214/1061/330 1213/1062/329 

vn 4.93634e-16 0.793303 0.608827
f 1100/1063/330 1099/1064/331 1215/1065/331 1214/1066/330 

vn 3.98481e-16 0.89338 0.449303
f 1099/1067/331 1098/1068/332 1216/1069/332 1215/1070/331 

vn 2.87025e-16 0.962741 0.270425
f 1098/1071/332 1097/1072/333 1217/1073/333 1216/1074/332 

vn 1.72309e-16 0.995692 0.0927214
f 1097/1075/333 1096/1076/334 1218/1077/334 1217/1078/333 

vn 1.14012e-16 0.99999 0.00449034
f 1096/1079/334 1095/1080/335 1219/1081/335 1218/1082/334 

f 1095/1083/335 1094/1084/297 1220/891/297 1219/892/335 

f 1094/1084/297 1093/1085/297 1221/1086/297 1220/891/297 

f 1093/1085/297 1092/1087/297 1222/1088/297 1221/1086/297 

vn 1.11022e-16 1 2.2934e-14
f 1092/1087/297 1091/1089/336 1223/1090/336 1222/1088/297 

vn 1.11022e-16 1 -5.40612e-15
f 1091/1089/336 1090/1091/337 1224/1092/337 1223/1090/336 

vn 1.11022e-16 1 -2.83401e-14
f 1090/1091/337 1089/1093/338 1225/1094/338 1224/1092/337 

vn 1.0803e-16 0.99999 -0.00449034
f 1089/1093/338 1088/1095/339 1226/1096/339 1225/1094/338 

vn 4.87792e-17 0.995692 -0.0927214
f 1088/1097/339 1087/1098/340 1227/1099/340 1226/1100/339 

vn -7.32535e-17 0.962741 -0.270425
f 1087/1101/340 1086/1102/341 1228/1103/341 1227/1104/340 

vn -2.00111e-16 0.89338 -0.449303
f 1086/1105/341 1085/1106/342 1229/1107/342 1228/1108/341 

vn -3.17486e-16 0.793303 -0.608827
f 1085/1109/342 1084/1110/343 1230/1111/343 1229/1112/342 

vn -4.22671e-16 0.666413 -0.745583
f 1084/1113/343 1083/1114/344 1231/1115/344 1230/1116/343 

vn -5.13489e-16 0.515661 -0.856793
f 1083/1117/344 1082/1118/345 1232/1119/345 1231/1120/344 

vn -5.87288e-16 0.343999 -0.93897
f 1082/1121/345 1081/1122/346 1233/1123/346 1232/1124/345 

vn -6.3863e-16 0.165244 -0.986253
f 1081/1125/346 1080/1126/347 1234/1127/347 1233/1128/346 

vn -6.61359e-16 0.0385473 -0.999257
f 1080/1129/347 1079/1130/348 1235/1131/348 1234/1132/347 

f 1079/449/348 1078/450/295 1236/451/295 1235/452/348 

f 1078/450/295 1077/453/295 1237/454/295 1236/451/295 

f 1077/453/295 1076/455/295 1238/456/295 1237/454/295 

f 1076/455/295 1075/457/295 1239/458/295 1238/456/295 

f 1075/457/295 1074/459/295 1240/460/295 1239/458/295 

f 1074/459/295 1073/461/295 1241/462/295 1240/460/295 

f 1073/461/295 1072/463/295 1242/464/295 1241/462/295 

f 1072/463/295 1071/465/295 1157/466/295 1242/464/295 

