# Alias OBJ Model File
# Exported from SketchUp, (c) 2000-2012 Trimble Navigation Limited
# File units = millimeters

mtllib 8.mtl

g Mesh1 ___538_1 Model

usemtl _
v 30.715 19.691 -49.9083
vt -0.00527204 0.206269
vn 0 -0.84059 -0.541672
v 164.968 19.691 -49.9083
vt -2.68899 0.206269
v 164.968 8.51803 -32.5695
vt -2.68899 0
v 30.715 8.51803 -32.5695
vt -0.00527204 0
f 1/1/1 2/2/1 3/3/1 4/4/1 

v 30.715 22.2128 -48.2833
vt -0.00527204 0.03
vn 0 0.541672 -0.84059
v 164.968 22.2128 -48.2833
vt -2.68899 0.03
f 5/5/2 6/6/2 2/3/2 1/4/2 

vt 2.68899 0.206269
vn 0 0.84059 0.541672
vt 0.00527204 0.206269
v 30.715 11.0398 -30.9445
vt 0.00527204 0
v 164.968 11.0398 -30.9445
vt 2.68899 0
f 6/7/3 5/8/3 7/9/3 8/10/3 

vt 0 0.03
vn -1 0 -0
vt -0.412332 0.03
vt -0.412332 0
vt 0 0
f 7/11/4 5/12/4 1/13/4 4/14/4 

vt 2.68899 0.03
vn 0 -0.541672 0.84059
vt 0.00527204 0.03
f 8/15/5 7/16/5 4/9/5 3/10/5 

vt 0.412332 0.03
vn 1 0 -0
vt 0.412332 0
f 6/17/6 8/11/6 3/14/6 2/18/6 

g Mesh2 ___538_2 Model

v 30.715 8.51803 -70.6259
vn 0 -0.84059 0.541672
v 164.968 8.51803 -70.6259
v 164.968 19.691 -53.2871
v 30.715 19.691 -53.2871
f 9/4/7 10/3/7 11/2/7 12/1/7 

vn 0 -0.541672 -0.84059
v 30.715 11.0398 -72.2509
v 164.968 11.0398 -72.2509
f 10/10/8 9/9/8 13/16/8 14/15/8 

v 30.715 22.2128 -54.9122
f 9/14/4 12/13/4 15/12/4 13/11/4 

vn 0 0.541672 0.84059
v 164.968 22.2128 -54.9122
f 12/4/9 11/3/9 16/6/9 15/5/9 

f 11/18/6 10/14/6 14/11/6 16/17/6 

vn 0 0.84059 -0.541672
f 14/10/10 13/9/10 15/8/10 16/7/10 

g Mesh3 ___539_1 Model

v 32.3669 11.1419 -30.8164
vt 0.46381 0.249457
vn -0.000302609 0.942938 0.332967
v 9.2331 2.82882 -7.29534
vt 0.00133859 2.25597e-15
v 186.36 2.88242 -7.28615
vt 3.5421 2.25597e-15
v 163.032 11.1815 -30.8097
vt 3.0758 0.249457
f 17/19/11 18/20/11 19/21/11 20/22/11 

vt -0.000910237 0.03
vn -0.73325 0.226194 -0.641233
vt -0.681018 0.03
v 32.3678 8.3131 -31.8153
vt -0.681018 0
v 9.23401 -1.07152e-14 -8.29424
vt -0.000910237 0
f 18/23/12 17/24/12 21/25/12 22/26/12 

vt -0.46381 0.03
vn -5.18589e-05 0.332967 -0.942939
vt -3.0758 0.03
v 163.033 8.35264 -31.8086
vt -3.0758 0
vt -0.46381 0
f 17/27/13 20/28/13 23/29/13 21/30/13 

vt -1.73655 0.03
vn 0.730381 0.227638 -0.643992
vt -2.41926 0.03
v 186.361 0.0536001 -8.28505
vt -2.41926 0
vt -1.73655 0
f 20/31/14 19/32/14 24/33/14 23/34/14 

vt 3.5421 0.03
vn 5.18589e-05 -0.332967 0.942939
vt 0.00133859 0.03
vt 0.00133859 0
vt 3.5421 0
f 19/35/15 18/36/15 22/37/15 24/38/15 

vt -0.00133859 2.25597e-15
vn 0.000302609 -0.942938 -0.332967
vt -0.46381 0.249457
vt -3.0758 0.249457
vt -3.5421 2.25597e-15
f 22/39/16 21/40/16 23/41/16 24/42/16 

g Mesh4 ___540_1 ___2_1 Model

v 5.05869 3.69949 -10.0186
vt 0 0.236855
vn -0.308072 0.951363 -8.09967e-18
v 27.5922 10.9963 -33.1855
vt 0.463107 0
v 27.5922 10.9963 -70.691
vt 1.21284 0
v 5.05869 3.69949 -93.806
vt 1.67491 0.236855
f 25/43/17 26/44/17 27/45/17 28/46/17 

vt 0.323821 0.03
vn 0.665229 0.215415 0.71489
vt -0.338481 0.03
v 5.98291 0.8454 -10.0186
vt -0.338481 0
v 28.5164 8.14224 -33.1855
vt 0.323821 0
f 26/47/18 25/48/18 29/49/18 30/50/18 

vn -0.951363 -0.308072 2.26251e-16
vt -1.67491 0.03
v 5.98291 0.8454 -93.806
vt -1.67491 0
f 25/11/19 28/51/19 31/52/19 29/14/19 

vt 1.50867 0.03
vn 0.664465 0.215168 -0.715673
vt 0.84709 0.03
v 28.5164 8.14224 -70.691
vt 0.84709 0
vt 1.50867 0
f 28/53/20 27/54/20 32/55/20 31/56/20 

vt 1.21284 0.03
vn 0.951363 0.308072 -2.26251e-16
vt 0.463107 0.03
f 27/57/21 26/58/21 30/44/21 32/45/21 

vt -0.463107 0
vn 0.308072 -0.951363 8.09967e-18
vt -1.67491 0.236855
vt -1.21284 0
f 30/59/22 29/43/22 31/60/22 32/61/22 

g Mesh5 ___541_1 ___2_1 Model

v 27.4486 6.63092 -25.8408
vt 0.703813 0.0132246
vn 0.714473 -4.0448e-16 0.699663
v 29.8258 7.73177 -28.2683
vt 0.774669 0.0176097
v 29.7217 8.64169 -28.162
vt 0.775186 0.0268262
v 29.4925 10.6435 -27.928
vt 0.776325 0.0471026
v 29.2634 12.6454 -27.694
vt 0.777464 0.067379
v 29.1593 13.5553 -27.5877
vt 0.777982 0.0765955
v 29.117 13.5409 -27.5445
vt 0.776741 0.076569
v 28.9613 13.5211 -27.3856
vt 0.772299 0.0767951
v 28.1964 13.3214 -26.6044
vt 0.750084 0.0769013
v 26.3262 12.7673 -24.6947
vt 0.695521 0.0765148
v 24.2162 12.152 -22.5399
vt 0.633996 0.0761752
v 22.5416 11.7066 -20.8299
vt 0.585331 0.0763273
v 21.3592 11.4193 -19.6226
vt 0.551075 0.0767017
v 20.726 11.2783 -18.9759
vt 0.532775 0.0770288
v 20.6825 11.2773 -18.9315
vt 0.531552 0.0771367
v 20.6412 11.2922 -18.8894
vt 0.53045 0.077394
v 20.604 11.3217 -18.8513
vt 0.529517 0.0777843
v 20.5726 11.3646 -18.8193
vt 0.528799 0.0782909
v 20.4881 11.5144 -18.733
vt 0.526994 0.0799903
v 20.3022 11.844 -18.5431
vt 0.523023 0.083729
v 20.1162 12.1735 -18.3532
vt 0.519053 0.0874677
v 20.0275 12.3306 -18.2626
vt 0.517156 0.0892499
v 20.0139 12.3503 -18.2487
vt 0.516849 0.0894804
v 19.9025 12.4796 -18.135
vt 0.514214 0.0910502
v 19.75 12.6819 -17.9792
vt 0.510699 0.0934491
v 19.6636 12.8893 -17.891
vt 0.509059 0.0957197
v 19.7506 13.034 -17.9799
vt 0.512048 0.0969047
v 19.9211 13.1545 -18.154
vt 0.517286 0.0976281
v 20.0291 13.3408 -18.2643
vt 0.521021 0.099165
v 20.079 13.5927 -18.3152
vt 0.523371 0.101504
v 20.0748 13.9104 -18.3109
vt 0.524456 0.104635
v 19.9822 14.2806 -18.2164
vt 0.523257 0.108521
v 19.7743 14.6013 -18.004
vt 0.518635 0.112232
v 19.461 14.8056 -17.6842
vt 0.510619 0.115084
v 19.0526 14.8264 -17.267
vt 0.499238 0.116393
v 18.6921 14.6321 -16.899
vt 0.488392 0.115459
v 18.4874 14.2795 -16.6899
vt 0.481315 0.11255
v 18.3948 13.8342 -16.5954
vt 0.477034 0.108427
v 18.3709 13.3617 -16.5709
vt 0.474577 0.103852
v 18.4363 12.8877 -16.6378
vt 0.474621 0.0990204
v 18.5691 12.4441 -16.7733
vt 0.476669 0.0943058
v 18.6616 12.106 -16.8678
vt 0.477987 0.0907362
v 18.6063 11.9487 -16.8114
vt 0.475841 0.0893402
v 18.5111 11.9109 -16.7141
vt 0.473027 0.089227
v 18.402 11.8477 -16.6027
vt 0.469727 0.0889016
v 18.2877 11.769 -16.486
vt 0.466224 0.0884373
v 18.177 11.6846 -16.373
vt 0.462799 0.0879075
v 18.1156 11.6009 -16.3102
vt 0.460759 0.0872517
v 18.0917 11.4914 -16.2858
vt 0.459674 0.0862414
v 18.1063 11.3787 -16.3007
vt 0.459657 0.0850954
v 18.1602 11.2854 -16.3558
vt 0.460819 0.0840328
v 18.2693 11.1657 -16.4672
vt 0.463425 0.0825633
v 18.3788 11.0257 -16.579
vt 0.465969 0.0808922
v 18.4779 10.8693 -16.6802
vt 0.468158 0.0790889
v 18.5555 10.7007 -16.7595
vt 0.469697 0.0772228
v 18.6134 10.5067 -16.8185
vt 0.470588 0.0751613
v 18.6484 10.3208 -16.8543
vt 0.470868 0.0732415
v 18.6658 10.1523 -16.8721
vt 0.470719 0.0715395
v 18.6709 10.0103 -16.8773
vt 0.470325 0.0701319
v 18.6627 9.93476 -16.869
vt 0.469811 0.0694122
v 18.639 9.86872 -16.8447
vt 0.468896 0.0688278
v 18.602 9.8166 -16.8069
vt 0.46766 0.0684161
v 18.5539 9.78281 -16.7578
vt 0.466183 0.0682143
v 17.4934 9.35196 -15.6749
vt 0.434801 0.0668496
v 15.6418 8.72412 -13.7841
vt 0.380482 0.0656886
v 13.4136 8.20458 -11.5087
vt 0.316004 0.0666092
v 11.223 8.09865 -9.27173
vt 0.254145 0.0714895
v 8.68964 8.50722 -6.68478
vt 0.184616 0.0823482
v 6.01923 9.11522 -3.95785
vt 0.111994 0.0955357
v 3.88223 9.66605 -1.77562
vt 0.0541222 0.10672
v 2.94911 9.9031 -0.82275
vt 0.0288392 0.11157
v 2.7576 9.68291 -0.62718
vt 0.0226338 0.109925
v 2.47895 9.18382 -0.34263
vt 0.0129296 0.105778
v 2.23395 8.632 -0.0924529
vt 0.00397035 0.101021
v 2.14342 8.25362 -4.88498e-15
vt 0 0.0975502
v 2.24134 8.06305 -0.0999922
vt 0.00202685 0.0954143
v 2.44826 7.96041 -0.311294
vt 0.00744415 0.0938471
v 2.7148 8.00042 -0.583473
vt 0.0150732 0.0935196
v 2.99156 8.23778 -0.866098
vt 0.0237352 0.0951024
v 3.19292 8.45249 -1.07171
vt 0.0301959 0.0966665
v 3.37117 8.56091 -1.25374
vt 0.0356067 0.0972495
v 3.5146 8.5964 -1.40021
vt 0.0397649 0.0972103
v 3.6115 8.59232 -1.49916
vt 0.042468 0.0969084
v 3.6293 8.58742 -1.51734
vt 0.042949 0.0968121
v 3.64633 8.5795 -1.53472
vt 0.0433967 0.0966884
v 3.66261 8.56876 -1.55134
vt 0.0438127 0.0965389
v 3.67817 8.5554 -1.56724
vt 0.0441988 0.0963656
v 3.94104 8.29695 -1.83567
vt 0.0505969 0.0931173
v 4.43114 7.79351 -2.33614
vt 0.0624438 0.0868491
v 5.08669 7.08224 -3.00557
vt 0.078147 0.0780931
v 5.84593 6.20035 -3.78088
vt 0.0961141 0.0673813
v 6.30046 5.60202 -4.24503
vt 0.106604 0.0602775
v 7.54444 4.2155 -5.51535
vt 0.136264 0.0433003
v 9.3985 2.65348 -7.40864
vt 0.182376 0.0229511
v 11.6832 1.52868 -9.74173
vt 0.242223 0.00573114
v 15.8906 2.10305 -14.0382
vt 0.362435 0
v 21.9746 4.27924 -20.251
vt 0.54135 0.00492626
f 33/62/23 34/63/23 35/64/23 36/65/23 37/66/23 38/67/23 39/68/23 40/69/23 41/70/23 42/71/23 43/72/23 44/73/23 45/74/23 46/75/23 47/76/23 48/77/23 49/78/23 50/79/23 51/80/23 52/81/23 53/82/23 54/83/23 55/84/23 56/85/23 57/86/23 58/87/23 59/88/23 60/89/23 61/90/23 62/91/23 63/92/23 64/93/23 65/94/23 66/95/23 67/96/23 68/97/23 69/98/23 70/99/23 71/100/23 72/101/23 73/102/23 74/103/23 75/104/23 76/105/23 77/106/23 78/107/23 79/108/23 80/109/23 81/110/23 82/111/23 83/112/23 84/113/23 85/114/23 86/115/23 87/116/23 88/117/23 89/118/23 90/119/23 91/120/23 92/121/23 93/122/23 94/123/23 95/124/23 96/125/23 97/126/23 98/127/23 99/128/23 100/129/23 101/130/23 102/131/23 103/132/23 104/133/23 105/134/23 106/135/23 107/136/23 108/137/23 109/138/23 110/139/23 111/140/23 112/141/23 113/142/23 114/143/23 115/144/23 116/145/23 117/146/23 118/147/23 119/148/23 120/149/23 121/150/23 122/151/23 123/152/23 124/153/23 125/154/23 126/155/23 127/156/23 128/157/23 129/158/23 

vt 0.77313 0.03
vn 0.215655 -0.951313 -0.22022
vt 0.701734 0.03
vn 0.208543 -0.954547 -0.212957
v 25.3052 6.63092 -27.9398
vt 0.701734 0
v 27.6824 7.73177 -30.3673
vt 0.77313 0
f 34/159/24 33/160/25 130/161/25 131/162/24 

vt 0.702858 0.03
vt 0.539551 0.03
vn 0.185685 -0.964141 -0.189615
v 19.8312 4.27924 -22.35
vt 0.539551 0
vt 0.702858 0
f 33/163/25 129/164/26 132/165/26 130/166/25 

vt 0.541073 0.03
vt 0.361887 0.03
vn 0.118526 -0.985547 -0.121035
v 13.7472 2.10305 -16.1372
vt 0.361887 0
vt 0.541073 0
f 129/167/26 128/168/27 133/169/27 132/170/26 

vt 0.3608 0.03
vt 0.240043 0.03
vn 0.0665249 -0.99547 -0.067933
v 9.5398 1.52868 -11.8407
vt 0.240043 0
vt 0.3608 0
f 128/171/27 127/172/28 134/173/28 133/174/27 

vt 0.204256 0.03
vn -0.227864 -0.945481 0.232687
vt 0.135216 0.03
vn -0.293054 -0.908055 0.299257
v 7.25508 2.65348 -9.50763
vt 0.135216 0
vt 0.204256 0
f 127/175/29 126/176/30 135/177/30 134/178/29 

vt 0.106414 0.03
vt 0.0449243 0.03
vn -0.3936 -0.826759 0.401932
v 5.40103 4.2155 -7.61434
vt 0.0449243 0
vt 0.106414 0
f 126/179/30 125/180/31 136/181/31 135/182/30 

vt 0.0244945 0.03
vt -0.0205768 0.03
vn -0.452506 -0.762704 0.462084
v 4.15704 5.60202 -6.34402
vt -0.0205768 0
vt 0.0244945 0
f 125/183/31 124/184/32 137/185/32 136/186/31 

vt -0.0335751 0.03
vt -0.0512301 0.03
vn -0.45785 -0.756161 0.467541
v 3.70251 6.20035 -5.87987
vt -0.0512301 0
vt -0.0335751 0
f 124/187/32 123/188/33 138/189/33 137/190/32 

vt -0.0414032 0.03
vt -0.0693554 0.03
vn -0.432215 -0.786377 0.441364
v 2.94327 7.08224 -5.10456
vt -0.0693554 0
vt -0.0414032 0
f 123/191/33 122/192/34 139/193/34 138/194/33 

vt -0.0640126 0.03
vt -0.0875276 0.03
vn -0.415728 -0.80433 0.424527
v 2.28772 7.79351 -4.43513
vt -0.0875276 0
vt -0.0640126 0
f 122/195/34 121/196/35 140/197/35 139/198/34 

vt -0.0832537 0.03
vt -0.100498 0.03
vn -0.402454 -0.818005 0.410973
v 1.79762 8.29695 -3.93466
vt -0.100498 0
vt -0.0832537 0
f 121/199/35 120/200/36 141/201/36 140/202/35 

vt -0.0970781 0.03
vt -0.106194 0.03
vn -0.378608 -0.840939 0.386622
v 1.53475 8.5554 -3.66623
vt -0.106194 0
vt -0.0970781 0
f 120/203/36 119/204/37 142/205/37 141/206/36 

vt -0.0957441 0.03
vt -0.0962628 0.03
vn -0.32728 -0.883851 0.334207
v 1.51919 8.56876 -3.65033
vt -0.0962628 0
vt -0.0957441 0
f 119/207/37 118/208/38 143/209/38 142/210/37 

vt -0.0769725 0.03
vt -0.0774847 0.03
vn -0.255347 -0.931024 0.260752
v 1.50291 8.5795 -3.63371
vt -0.0774847 0
vt -0.0769725 0
f 118/211/38 117/212/39 144/213/39 143/214/38 

vt -0.0555126 0.03
vt -0.0560241 0.03
vn -0.17478 -0.968296 0.178479
v 1.48589 8.58742 -3.61633
vt -0.0560241 0
vt -0.0555126 0
f 117/215/39 116/216/40 145/217/40 144/218/39 

vt -0.0320028 0.03
vt -0.0325209 0.03
vn -0.0767131 -0.993971 0.0783368
v 1.46808 8.59232 -3.59815
vt -0.0325209 0
vt -0.0320028 0
f 116/219/40 115/220/41 146/221/41 145/222/40 

vt -0.000766375 0.03
vt -0.00353603 0.03
vn 0.0496339 -0.997481 -0.0506844
v 1.37118 8.5964 -3.4992
vt -0.00353603 0
vt -0.000766375 0
f 115/223/41 114/224/42 147/225/42 146/226/41 

vt 0.036103 0.03
vt 0.031944 0.03
vn 0.197987 -0.959128 -0.202177
v 1.22775 8.56091 -3.35273
vt 0.031944 0
vt 0.036103 0
f 114/227/42 113/228/43 148/229/43 147/230/42 

vt 0.0757355 0.03
vt 0.0702007 0.03
vn 0.348662 -0.866988 -0.356042
v 1.0495 8.45249 -3.1707
vt 0.0702007 0
vt 0.0757355 0
f 113/231/43 112/232/44 149/233/44 148/234/43 

vt 0.111361 0.03
vt 0.104183 0.03
vn 0.389684 -0.83054 -0.397932
v 0.848146 8.23778 -2.96509
vt 0.104183 0
vt 0.111361 0
f 112/235/44 111/236/45 150/237/45 149/238/44 

vt 0.087521 0.03
vt 0.0782992 0.03
vn 0.359996 -0.857474 -0.367615
v 0.571379 8.00042 -2.68246
vt 0.0782992 0
vt 0.087521 0
f 111/239/45 110/240/46 151/241/46 150/242/45 

vt -0.000969117 0.03
vn 0.0730647 -0.994532 -0.0746112
vt -0.0086262 0.03
v 0.304842 7.96041 -2.41028
vt -0.0086262 0
vt -0.000969117 0
f 110/243/47 109/244/47 152/245/47 151/246/47 

vt -0.0874687 0.03
vn -0.229401 -0.944722 0.234256
vt -0.0937265 0.03
v 0.0979196 8.06305 -2.19898
vt -0.0937265 0
vt -0.0874687 0
f 109/247/48 108/248/48 153/249/48 152/250/48 

vt -0.171435 0.03
vn -0.56392 -0.591933 0.575856
vt -0.176161 0.03
v -5.10703e-15 8.25362 -2.09899
vt -0.176161 0
vt -0.171435 0
f 108/251/49 107/252/49 154/253/49 153/254/49 

vt -0.169251 0.03
vn -0.662022 0.323581 0.676034
vt -0.177245 0.03
vn -0.630776 0.43269 0.644128
v 0.0905365 8.632 -2.19144
vt -0.177245 0
vt -0.169251 0
f 107/255/50 106/256/51 155/257/51 154/258/50 

vt -0.149697 0.03
vt -0.162761 0.03
vn -0.569654 0.580608 0.581712
v 0.335528 9.18382 -2.44162
vt -0.162761 0
vt -0.149697 0
f 106/259/51 105/260/52 156/261/52 155/262/51 

vt -0.147185 0.03
vt -0.159949 0.03
vn -0.495708 0.705716 0.5062
v 0.61418 9.68291 -2.72617
vt -0.159949 0
vt -0.147185 0
f 105/263/52 104/264/53 157/265/53 156/266/52 

vt -0.122873 0.03
vt -0.129895 0.03
vn -0.43855 0.779179 0.447832
v 0.805696 9.9031 -2.92174
vt -0.129895 0
vt -0.122873 0
f 104/267/53 103/268/54 158/269/54 157/270/53 

vt 0.0529222 0.03
vn 0.122445 0.984568 -0.125036
vt 0.0258443 0.03
vn 0.123311 0.984347 -0.125921
v 1.73881 9.66605 -3.87461
vt 0.0258443 0
vt 0.0529222 0
f 103/271/55 102/272/56 159/273/56 158/274/55 

vt 0.0263938 0.03
vt -0.0356471 0.03
vn 0.117129 0.985888 -0.119608
v 3.87581 9.11522 -6.05684
vt -0.0356471 0
vt 0.0263938 0
f 102/275/56 101/276/57 160/277/57 159/278/56 

vt -0.0401084 0.03
vt -0.117366 0.03
vn 0.094285 0.990879 -0.0962807
v 6.54622 8.50722 -8.78377
vt -0.117366 0
vt -0.0401084 0
f 101/279/57 100/280/58 161/281/58 160/282/57 

vt -0.127171 0.03
vt -0.200009 0.03
vn 0.0274702 0.999229 -0.0280516
v 9.07954 8.09865 -11.3707
vt -0.200009 0
vt -0.127171 0
f 100/283/58 99/284/59 162/285/59 161/286/58 

vt -0.228779 0.03
vt -0.291403 0.03
vn -0.0682932 0.995225 0.0697387
v 11.2702 8.20458 -13.6077
vt -0.291403 0
vt -0.228779 0
f 99/287/59 98/288/60 163/289/60 162/290/59 

vt -0.312076 0.03
vt -0.376581 0.03
vn -0.137167 0.980595 0.14007
v 13.4984 8.72412 -15.8831
vt -0.376581 0
vt -0.312076 0
f 98/291/60 97/292/61 164/293/61 163/294/60 

vt -0.385741 0.03
vt -0.44011 0.03
vn -0.176451 0.967677 0.180185
v 15.35 9.35196 -17.7739
vt -0.44011 0
vt -0.385741 0
f 97/295/61 96/296/62 165/297/62 164/298/61 

vt -0.444741 0.03
vt -0.47624 0.03
vn -0.250977 0.933448 0.25629
v 16.4104 9.78281 -18.8568
vt -0.47624 0
vt -0.444741 0
f 96/299/62 95/300/63 166/301/63 165/302/62 

vt -0.485638 0.03
vt -0.487169 0.03
vn -0.404968 0.815466 0.41354
v 16.4585 9.8166 -18.9059
vt -0.487169 0
vt -0.485638 0
f 95/303/63 94/304/64 167/305/64 166/306/63 

vt -0.465058 0.03
vt -0.466543 0.03
vn -0.563827 0.592114 0.575761
v 16.4956 9.86872 -18.9437
vt -0.466543 0
vt -0.465058 0
f 94/307/64 93/308/65 168/309/65 167/310/64 

vt -0.397465 0.03
vt -0.398948 0.03
vn -0.665542 0.308479 0.679629
v 16.5193 9.93476 -18.9679
vt -0.398948 0
vt -0.397465 0
f 93/311/65 92/312/66 169/313/66 168/314/65 

vt -0.288742 0.03
vt -0.29027 0.03
vn -0.698753 0.050982 0.713544
v 16.5274 10.0103 -18.9763
vt -0.29027 0
vt -0.288742 0
f 92/315/66 91/316/67 170/317/67 169/318/66 

vt -0.204151 0.03
vt -0.206992 0.03
vn -0.696251 -0.0986441 0.710988
v 16.5224 10.1523 -18.9711
vt -0.206992 0
vt -0.204151 0
f 91/319/67 90/320/68 171/321/68 170/322/67 

vt -0.163364 0.03
vt -0.16677 0.03
vn -0.68503 -0.203454 0.699529
v 16.505 10.3208 -18.9533
vt -0.16677 0
vt -0.163364 0
f 90/323/68 89/324/69 172/325/69 171/326/68 

vt -0.111756 0.03
vt -0.115604 0.03
vn -0.66122 -0.326914 0.675215
v 16.4699 10.5067 -18.9175
vt -0.115604 0
vt -0.111756 0
f 89/327/69 88/328/70 173/329/70 172/330/69 

vt -0.0474937 0.03
vt -0.0517096 0.03
vn -0.616564 -0.472688 0.629615
v 16.4121 10.7007 -18.8584
vt -0.0517096 0
vt -0.0474937 0
f 88/331/70 87/332/71 174/333/71 173/334/70 

vt 0.0365072 0.03
vt 0.0324716 0.03
vn -0.553248 -0.612158 0.564959
v 16.3345 10.8693 -18.7792
vt 0.0324716 0
vt 0.0365072 0
f 87/335/71 86/336/72 175/337/72 174/338/71 

vt 0.107822 0.03
vt 0.103604 0.03
vn -0.493197 -0.7093 0.503637
v 16.2354 11.0257 -18.678
vt 0.103604 0
vt 0.107822 0
f 86/339/72 85/340/73 176/341/73 175/342/72 

vt 0.153679 0.03
vt 0.14948 0.03
vn -0.446588 -0.769796 0.45604
v 16.1258 11.1657 -18.5662
vt 0.14948 0
vt 0.153679 0
f 85/343/73 84/344/74 177/345/74 176/346/73 

vt 0.184092 0.03
vt 0.180165 0.03
vn -0.485771 -0.719693 0.496053
v 16.0168 11.2854 -18.4548
vt 0.180165 0
vt 0.184092 0
f 84/347/74 83/348/75 178/349/75 177/350/74 

vt 0.0737784 0.03
vt 0.0713571 0.03
vn -0.539259 -0.637148 0.550674
v 15.9628 11.3787 -18.3997
vt 0.0713571 0
vt 0.0737784 0
f 83/351/75 82/352/76 179/353/76 178/354/75 

vt -0.173573 0.03
vn -0.68802 -0.181672 0.702583
vt -0.175864 0.03
v 15.9483 11.4914 -18.3848
vt -0.175864 0
vt -0.173573 0
f 82/355/77 81/356/77 180/357/77 179/358/77 

vt -0.369361 0.03
vn -0.667877 0.297988 0.682014
vt -0.371653 0.03
v 15.9722 11.6009 -18.4092
vt -0.371653 0
vt -0.369361 0
f 81/359/78 80/360/78 181/361/78 180/362/78 

vt -0.481919 0.03
vn -0.482704 0.723896 0.492921
vt -0.484344 0.03
vn -0.409794 0.810526 0.418468
v 16.0336 11.6846 -18.472
vt -0.484344 0
vt -0.481919 0
f 80/363/79 79/364/80 182/365/80 181/366/79 

vt -0.494056 0.03
vt -0.497642 0.03
vn -0.316666 0.891715 0.323369
v 16.1443 11.769 -18.585
vt -0.497642 0
vt -0.494056 0
f 79/367/80 78/368/81 183/369/81 182/370/80 

vt -0.495951 0.03
vt -0.499575 0.03
vn -0.283413 0.914286 0.289411
v 16.2586 11.8477 -18.7017
vt -0.499575 0
vt -0.495951 0
f 78/371/81 77/372/82 184/373/82 183/374/81 

vt -0.49523 0.03
vt -0.498593 0.03
vn -0.225185 0.946791 0.229952
v 16.3677 11.9109 -18.8131
vt -0.498593 0
vt -0.49523 0
f 77/375/82 76/376/83 185/377/83 184/378/82 

vt -0.485801 0.03
vt -0.488624 0.03
vn -0.186943 0.963644 0.1909
v 16.4629 11.9487 -18.9104
vt -0.488624 0
vt -0.485801 0
f 76/379/83 75/380/84 186/381/84 185/382/83 

vt -0.431626 0.03
vn -0.625296 0.448645 0.638531
vt -0.435146 0.03
v 16.5182 12.106 -18.9668
vt -0.435146 0
vt -0.431626 0
f 75/383/85 74/384/85 187/385/85 186/386/85 

vt -0.0915597 0.03
vn -0.651589 -0.364282 0.66538
vt -0.0988159 0.03
vn -0.647515 -0.378829 0.661221
v 16.4257 12.4441 -18.8723
vt -0.0988159 0
vt -0.0915597 0
f 74/387/86 73/388/87 188/389/87 187/390/86 

vt -0.0830071 0.03
vt -0.0926516 0.03
vn -0.668514 -0.295058 0.682664
v 16.2929 12.8877 -18.7368
vt -0.0926516 0
vt -0.0830071 0
f 73/391/87 72/392/88 189/393/88 188/394/87 

vt -0.195761 0.03
vt -0.205419 0.03
vn -0.698348 -0.0612825 0.71313
v 16.2275 13.3617 -18.6699
vt -0.205419 0
vt -0.195761 0
f 72/395/88 71/396/89 190/397/89 189/398/88 

vt -0.323611 0.03
vt -0.333081 0.03
vn -0.688296 0.179528 0.702865
v 16.2514 13.8342 -18.6943
vt -0.333081 0
vt -0.323611 0
f 71/399/89 70/400/90 191/401/90 190/402/89 

vt -0.412234 0.03
vt -0.421521 0.03
vn -0.670683 0.284824 0.684879
v 16.344 14.2795 -18.7889
vt -0.421521 0
vt -0.412234 0
f 70/403/90 69/404/91 192/405/91 191/406/90 

vt -0.514713 0.03
vn -0.538395 0.63864 0.549791
vt -0.523873 0.03
v 16.5487 14.6321 -18.998
vt -0.523873 0
vt -0.514713 0
f 69/407/92 68/408/92 193/409/92 192/410/92 

vt -0.520455 0.03
vn -0.246883 0.935676 0.252108
vt -0.531461 0.03
v 16.9091 14.8264 -19.366
vt -0.531461 0
vt -0.520455 0
f 68/411/93 67/412/93 194/413/93 193/414/93 

vt -0.434438 0.03
vn 0.0249485 0.999364 -0.0254766
vt -0.446116 0.03
v 17.3176 14.8056 -19.7831
vt -0.446116 0
vt -0.434438 0
f 67/415/94 66/416/94 195/417/94 194/418/94 

vt -0.282738 0.03
vn 0.290431 0.909775 -0.296578
vt -0.292575 0.03
v 17.6308 14.6013 -20.103
vt -0.292575 0
vt -0.282738 0
f 66/419/95 65/420/95 196/421/95 195/422/95 

vt -0.0838058 0.03
vn 0.513188 0.679713 -0.52405
vt -0.0925463 0.03
v 17.8388 14.2806 -20.3153
vt -0.0925463 0
vt -0.0838058 0
f 65/423/96 64/424/96 197/425/96 196/426/96 

vt 0.13456 0.03
vn 0.658812 0.336698 -0.672756
vt 0.126702 0.03
vn 0.688229 0.180052 -0.702796
v 17.9314 13.9104 -20.4099
vt 0.126702 0
vt 0.13456 0
f 64/427/97 63/428/98 198/429/98 197/430/97 

vt 0.295636 0.03
vt 0.289283 0.03
vn 0.693903 -0.128052 -0.708591
v 17.9355 13.5927 -20.4142
vt 0.289283 0
vt 0.295636 0
f 63/431/98 62/432/99 199/433/99 198/434/98 

vt 0.416326 0.03
vt 0.411092 0.03
vn 0.673282 -0.272009 -0.687533
v 17.8857 13.3408 -20.3633
vt 0.411092 0
vt 0.416326 0
f 62/435/99 61/436/100 200/437/100 199/438/99 

vt 0.528309 0.03
vn 0.538634 -0.638227 -0.550035
vt 0.523473 0.03
v 17.7777 13.1545 -20.253
vt 0.523473 0
vt 0.528309 0
f 61/439/101 60/440/101 201/441/101 200/442/101 

vt 0.550569 0.03
vn 0.310376 -0.896221 -0.316945
vt 0.545135 0.03
v 17.6072 13.034 -20.0789
vt 0.545135 0
vt 0.550569 0
f 60/443/102 59/444/102 202/445/102 201/446/102 

vt 0.52162 0.03
vn 0.530419 -0.652132 -0.541646
vt 0.517806 0.03
v 17.5202 12.8893 -19.99
vt 0.517806 0
vt 0.52162 0
f 59/447/103 58/448/103 203/449/103 202/450/103 

vt 0.00696128 0.03
vn 0.601191 0.511543 -0.613916
vt 0.00213506 0.03
vn 0.544099 0.628687 -0.555616
v 17.6066 12.6819 -20.0782
vt 0.00213506 0
vt 0.00696128 0
f 58/451/104 57/452/105 204/453/105 203/454/104 

vt -0.151242 0.03
vt -0.157187 0.03
vn 0.458733 0.755067 -0.468443
v 17.7591 12.4796 -20.234
vt -0.157187 0
vt -0.151242 0
f 57/455/105 56/456/106 205/457/106 204/458/105 

vt -0.191303 0.03
vt -0.195401 0.03
vn 0.470348 0.740325 -0.480304
v 17.8705 12.3503 -20.3477
vt -0.195401 0
vt -0.191303 0
f 56/459/106 55/460/107 206/461/107 205/462/106 

vt -0.137918 0.03
vt -0.138472 0.03
vn 0.5219 0.666024 -0.532947
v 17.8841 12.3306 -20.3616
vt -0.138472 0
vt -0.137918 0
f 55/463/107 54/464/108 207/465/108 206/466/107 

vt -0.0855102 0.03
vt -0.0895461 0.03
vn 0.544478 0.628016 -0.556003
v 17.9728 12.1735 -20.4522
vt -0.0895461 0
vt -0.0855102 0
f 54/467/108 53/468/109 208/469/109 207/470/108 

vt -0.0891248 0.03
vt -0.0975878 0.03
vn 0.54465 0.627712 -0.556178
v 18.1588 11.844 -20.6421
vt -0.0975878 0
vt -0.0891248 0
f 53/471/109 52/472/110 209/473/110 208/474/109 

vt -0.106051 0.03
v 18.3447 11.5144 -20.832
vt -0.106051 0
f 52/472/110 51/475/110 210/476/110 209/473/110 

vt -0.109898 0.03
vn 0.515406 0.676276 -0.526315
v 18.4292 11.3646 -20.9183
vt -0.109898 0
f 51/475/110 50/477/111 211/478/111 210/476/110 

vt -0.17807 0.03
vt -0.179311 0.03
vn 0.414998 0.8051 -0.423782
v 18.4606 11.3217 -20.9503
vt -0.179311 0
vt -0.17807 0
f 50/479/111 49/480/112 212/481/112 211/482/111 

vt -0.306605 0.03
vt -0.307822 0.03
vn 0.257066 0.930058 -0.262507
v 18.4978 11.2922 -20.9883
vt -0.307822 0
vt -0.306605 0
f 49/483/112 48/484/113 213/485/113 212/486/112 

vt -0.415195 0.03
vt -0.416412 0.03
vn 0.080588 0.993345 -0.0822938
v 18.5391 11.2773 -21.0305
vt -0.416412 0
vt -0.415195 0
f 48/487/113 47/488/114 214/489/114 213/490/113 

vt -0.496696 0.03
vt -0.497938 0.03
vn -0.0594752 0.99638 0.0607341
v 18.5826 11.2783 -21.0749
vt -0.497938 0
vt -0.496696 0
f 47/491/114 46/492/115 215/493/115 214/494/114 

vt -0.526937 0.03
vt -0.545248 0.03
vn -0.112479 0.986993 0.11486
v 19.2158 11.4193 -21.7215
vt -0.545248 0
vt -0.526937 0
f 46/495/115 45/496/116 216/497/116 215/498/115 

vt -0.547594 0.03
vt -0.581859 0.03
vn -0.12264 0.984518 0.125236
v 20.3982 11.7066 -22.9289
vt -0.581859 0
vt -0.547594 0
f 45/499/116 44/500/117 217/501/117 216/502/116 

vt -0.584366 0.03
vt -0.633032 0.03
vn -0.133946 0.981504 0.136782
v 22.0727 12.152 -24.6389
vt -0.633032 0
vt -0.584366 0
f 44/503/117 43/504/118 218/505/118 217/506/117 

vt -0.635638 0.03
vt -0.697166 0.03
vn -0.140947 0.979499 0.14393
v 24.1828 12.7673 -26.7937
vt -0.697166 0
vt -0.635638 0
f 43/507/118 42/508/119 219/509/119 218/510/118 

vt -0.697617 0.03
vt -0.752185 0.03
vn -0.133885 0.981521 0.136719
v 26.053 13.3214 -28.7034
vt -0.752185 0
vt -0.697617 0
f 42/511/119 41/512/120 220/513/120 219/514/119 

vt -0.748581 0.03
vt -0.770798 0.03
vn -0.0939941 0.990935 0.0959836
v 26.8179 13.5211 -29.4845
vt -0.770798 0
vt -0.748581 0
f 41/515/120 40/516/121 221/517/121 220/518/120 

vt -0.752786 0.03
vt -0.757251 0.03
vn -0.112097 0.987082 0.114469
v 26.9736 13.5409 -29.6435
vt -0.757251 0
vt -0.752786 0
f 40/519/121 39/520/122 222/521/122 221/522/121 

vt -0.782575 0.03
vt -0.783817 0.03
vn -0.161555 0.972977 0.164974
v 27.0159 13.5553 -29.6867
vt -0.783817 0
vt -0.782575 0
f 39/523/122 38/524/123 223/525/123 222/526/122 

vt 0.174907 0.03
vn 0.690486 0.161438 -0.705101
vt 0.156476 0.03
v 27.12 12.6454 -29.793
vt 0.156476 0
vt 0.174907 0
f 38/527/124 37/528/124 224/529/124 223/530/124 

vt 0.115928 0.03
v 27.3491 10.6435 -30.027
vt 0.115928 0
f 37/528/124 36/531/124 225/532/124 224/529/124 

vt 0.0753792 0.03
v 27.5782 8.64169 -30.261
vt 0.0753792 0
f 36/531/124 35/533/124 226/534/124 225/532/124 

vt 0.0569481 0.03
vt 0.0569481 0
f 35/533/124 34/535/124 131/536/124 226/534/124 

vt -0.774669 0.0176097
vn -0.714473 4.0448e-16 -0.699663
vt -0.703813 0.0132246
vt -0.54135 0.00492626
vt -0.362435 0
vt -0.242223 0.00573114
vt -0.182376 0.0229511
vt -0.136264 0.0433003
vt -0.106604 0.0602775
vt -0.0961141 0.0673813
vt -0.078147 0.0780931
vt -0.0624438 0.0868491
vt -0.0505969 0.0931173
vt -0.0441988 0.0963656
vt -0.0438127 0.0965389
vt -0.0433967 0.0966884
vt -0.042949 0.0968121
vt -0.042468 0.0969084
vt -0.0397649 0.0972103
vt -0.0356067 0.0972495
vt -0.0301959 0.0966665
vt -0.0237352 0.0951024
vt -0.0150732 0.0935196
vt -0.00744415 0.0938471
vt -0.00202685 0.0954143
vt -0.00397035 0.101021
vt -0.0129296 0.105778
vt -0.0226338 0.109925
vt -0.0288392 0.11157
vt -0.0541222 0.10672
vt -0.111994 0.0955357
vt -0.184616 0.0823482
vt -0.254145 0.0714895
vt -0.316004 0.0666092
vt -0.380482 0.0656886
vt -0.434801 0.0668496
vt -0.466183 0.0682143
vt -0.46766 0.0684161
vt -0.468896 0.0688278
vt -0.469811 0.0694122
vt -0.470325 0.0701319
vt -0.470719 0.0715395
vt -0.470868 0.0732415
vt -0.470588 0.0751613
vt -0.469697 0.0772228
vt -0.468158 0.0790889
vt -0.465969 0.0808922
vt -0.463425 0.0825633
vt -0.460819 0.0840328
vt -0.459657 0.0850954
vt -0.459674 0.0862414
vt -0.460759 0.0872517
vt -0.462799 0.0879075
vt -0.466224 0.0884373
vt -0.469727 0.0889016
vt -0.473027 0.089227
vt -0.475841 0.0893402
vt -0.477987 0.0907362
vt -0.476669 0.0943058
vt -0.474621 0.0990204
vt -0.474577 0.103852
vt -0.477034 0.108427
vt -0.481315 0.11255
vt -0.488392 0.115459
vt -0.499238 0.116393
vt -0.510619 0.115084
vt -0.518635 0.112232
vt -0.523257 0.108521
vt -0.524456 0.104635
vt -0.523371 0.101504
vt -0.521021 0.099165
vt -0.517286 0.0976281
vt -0.512048 0.0969047
vt -0.509059 0.0957197
vt -0.510699 0.0934491
vt -0.514214 0.0910502
vt -0.516849 0.0894804
vt -0.517156 0.0892499
vt -0.519053 0.0874677
vt -0.523023 0.083729
vt -0.526994 0.0799903
vt -0.528799 0.0782909
vt -0.529517 0.0777843
vt -0.53045 0.077394
vt -0.531552 0.0771367
vt -0.532775 0.0770288
vt -0.551075 0.0767017
vt -0.585331 0.0763273
vt -0.633996 0.0761752
vt -0.695521 0.0765148
vt -0.750084 0.0769013
vt -0.772299 0.0767951
vt -0.776741 0.076569
vt -0.777982 0.0765955
vt -0.777464 0.067379
vt -0.776325 0.0471026
vt -0.775186 0.0268262
f 131/537/125 130/538/125 132/539/125 133/540/125 134/541/125 135/542/125 136/543/125 137/544/125 138/545/125 139/546/125 140/547/125 141/548/125 142/549/125 143/550/125 144/551/125 145/552/125 146/553/125 147/554/125 148/555/125 149/556/125 150/557/125 151/558/125 152/559/125 153/560/125 154/136/125 155/561/125 156/562/125 157/563/125 158/564/125 159/565/125 160/566/125 161/567/125 162/568/125 163/569/125 164/570/125 165/571/125 166/572/125 167/573/125 168/574/125 169/575/125 170/576/125 171/577/125 172/578/125 173/579/125 174/580/125 175/581/125 176/582/125 177/583/125 178/584/125 179/585/125 180/586/125 181/587/125 182/588/125 183/589/125 184/590/125 185/591/125 186/592/125 187/593/125 188/594/125 189/595/125 190/596/125 191/597/125 192/598/125 193/599/125 194/600/125 195/601/125 196/602/125 197/603/125 198/604/125 199/605/125 200/606/125 201/607/125 202/608/125 203/609/125 204/610/125 205/611/125 206/612/125 207/613/125 208/614/125 209/615/125 210/616/125 211/617/125 212/618/125 213/619/125 214/620/125 215/621/125 216/622/125 217/623/125 218/624/125 219/625/125 220/626/125 221/627/125 222/628/125 223/629/125 224/630/125 225/631/125 226/632/125 

g Mesh6 ___541_2 ___2_1 Model

v 21.9746 4.27924 -81.9365
vn 0.714473 -4.0448e-16 -0.699663
v 15.8906 2.10305 -88.1493
v 11.6832 1.52868 -92.4458
v 9.3985 2.65348 -94.7788
v 7.54444 4.2155 -96.6721
v 6.30046 5.60202 -97.9425
v 5.84593 6.20035 -98.4066
v 5.08669 7.08224 -99.1819
v 4.43114 7.79351 -99.8513
v 3.94104 8.29695 -100.352
v 3.67817 8.5554 -100.62
v 3.66261 8.56876 -100.636
v 3.64633 8.5795 -100.653
v 3.6293 8.58742 -100.67
v 3.6115 8.59232 -100.688
v 3.5146 8.5964 -100.787
v 3.37117 8.56091 -100.934
v 3.19292 8.45249 -101.116
v 2.99156 8.23778 -101.321
v 2.7148 8.00042 -101.604
v 2.44826 7.96041 -101.876
v 2.24134 8.06305 -102.087
v 2.14342 8.25362 -102.187
v 2.23395 8.632 -102.095
v 2.47895 9.18382 -101.845
v 2.7576 9.68291 -101.56
v 2.94911 9.9031 -101.365
v 3.88223 9.66605 -100.412
v 6.01923 9.11522 -98.2296
v 8.68964 8.50722 -95.5027
v 11.223 8.09865 -92.9158
v 13.4136 8.20458 -90.6788
v 15.6418 8.72412 -88.4034
v 17.4934 9.35196 -86.5126
v 18.5539 9.78281 -85.4297
v 18.602 9.8166 -85.3806
v 18.639 9.86872 -85.3427
v 18.6627 9.93476 -85.3185
v 18.6709 10.0103 -85.3102
v 18.6658 10.1523 -85.3154
v 18.6484 10.3208 -85.3332
v 18.6134 10.5067 -85.3689
v 18.5555 10.7007 -85.428
v 18.4779 10.8693 -85.5073
v 18.3788 11.0257 -85.6085
v 18.2693 11.1657 -85.7203
v 18.1602 11.2854 -85.8316
v 18.1063 11.3787 -85.8868
v 18.0917 11.4914 -85.9017
v 18.1156 11.6009 -85.8772
v 18.177 11.6846 -85.8145
v 18.2877 11.769 -85.7014
v 18.402 11.8477 -85.5848
v 18.5111 11.9109 -85.4734
v 18.6063 11.9487 -85.3761
v 18.6616 12.106 -85.3197
v 18.5691 12.4441 -85.4141
v 18.4363 12.8877 -85.5497
v 18.3709 13.3617 -85.6165
v 18.3948 13.8342 -85.5921
v 18.4874 14.2795 -85.4976
v 18.6921 14.6321 -85.2885
v 19.0526 14.8264 -84.9204
v 19.461 14.8056 -84.5033
v 19.7743 14.6013 -84.1835
v 19.9822 14.2806 -83.9711
v 20.0748 13.9104 -83.8766
v 20.079 13.5927 -83.8723
v 20.0291 13.3408 -83.9232
v 19.9211 13.1545 -84.0335
v 19.7506 13.034 -84.2076
v 19.6636 12.8893 -84.2965
v 19.75 12.6819 -84.2082
v 19.9025 12.4796 -84.0525
v 20.0139 12.3503 -83.9388
v 20.0275 12.3306 -83.9249
v 20.1162 12.1735 -83.8342
v 20.3022 11.844 -83.6444
v 20.4881 11.5144 -83.4545
v 20.5726 11.3646 -83.3682
v 20.604 11.3217 -83.3362
v 20.6412 11.2922 -83.2981
v 20.6825 11.2773 -83.256
v 20.726 11.2783 -83.2116
v 21.3592 11.4193 -82.5649
v 22.5416 11.7066 -81.3576
v 24.2162 12.152 -79.6475
v 26.3262 12.7673 -77.4928
v 28.1964 13.3214 -75.5831
v 28.9613 13.5211 -74.8019
v 29.117 13.5409 -74.643
v 29.1593 13.5553 -74.5998
v 29.2634 12.6454 -74.4934
v 29.4925 10.6435 -74.2595
v 29.7217 8.64169 -74.0255
v 29.8258 7.73177 -73.9192
v 27.4486 6.63092 -76.3467
f 227/158/126 228/157/126 229/156/126 230/155/126 231/154/126 232/153/126 233/152/126 234/151/126 235/150/126 236/149/126 237/148/126 238/147/126 239/146/126 240/145/126 241/144/126 242/143/126 243/142/126 244/141/126 245/140/126 246/139/126 247/138/126 248/137/126 249/136/126 250/135/126 251/134/126 252/133/126 253/132/126 254/131/126 255/130/126 256/129/126 257/128/126 258/127/126 259/126/126 260/125/126 261/124/126 262/123/126 263/122/126 264/121/126 265/120/126 266/119/126 267/118/126 268/117/126 269/116/126 270/115/126 271/114/126 272/113/126 273/112/126 274/111/126 275/110/126 276/109/126 277/108/126 278/107/126 279/106/126 280/105/126 281/104/126 282/103/126 283/102/126 284/101/126 285/100/126 286/99/126 287/98/126 288/97/126 289/96/126 290/95/126 291/94/126 292/93/126 293/92/126 294/91/126 295/90/126 296/89/126 297/88/126 298/87/126 299/86/126 300/85/126 301/84/126 302/83/126 303/82/126 304/81/126 305/80/126 306/79/126 307/78/126 308/77/126 309/76/126 310/75/126 311/74/126 312/73/126 313/72/126 314/71/126 315/70/126 316/69/126 317/68/126 318/67/126 319/66/126 320/65/126 321/64/126 322/63/126 323/62/126 

v 19.8312 4.27924 -79.8375
vn 0.185685 -0.964141 0.189615
v 13.7472 2.10305 -86.0503
vn 0.118526 -0.985547 0.121035
f 324/170/127 325/169/128 228/168/128 227/167/127 

v 27.5782 8.64169 -71.9265
vn -0.714473 4.0448e-16 0.699663
v 27.3491 10.6435 -72.1605
v 27.12 12.6454 -72.3944
v 27.0159 13.5553 -72.5008
v 26.9736 13.5409 -72.544
v 26.8179 13.5211 -72.7029
v 26.053 13.3214 -73.4841
v 24.1828 12.7673 -75.3938
v 22.0727 12.152 -77.5485
v 20.3982 11.7066 -79.2586
v 19.2158 11.4193 -80.4659
v 18.5826 11.2783 -81.1126
v 18.5391 11.2773 -81.157
v 18.4978 11.2922 -81.1991
v 18.4606 11.3217 -81.2372
v 18.4292 11.3646 -81.2692
v 18.3447 11.5144 -81.3555
v 18.1588 11.844 -81.5454
v 17.9728 12.1735 -81.7353
v 17.8841 12.3306 -81.8259
v 17.8705 12.3503 -81.8398
v 17.7591 12.4796 -81.9535
v 17.6066 12.6819 -82.1092
v 17.5202 12.8893 -82.1975
v 17.6072 13.034 -82.1086
v 17.7777 13.1545 -81.9345
v 17.8857 13.3408 -81.8242
v 17.9355 13.5927 -81.7733
v 17.9314 13.9104 -81.7776
v 17.8388 14.2806 -81.8721
v 17.6308 14.6013 -82.0845
v 17.3176 14.8056 -82.4043
v 16.9091 14.8264 -82.8215
v 16.5487 14.6321 -83.1895
v 16.344 14.2795 -83.3986
v 16.2514 13.8342 -83.4931
v 16.2275 13.3617 -83.5175
v 16.2929 12.8877 -83.4507
v 16.4257 12.4441 -83.3151
v 16.5182 12.106 -83.2207
v 16.4629 11.9487 -83.2771
v 16.3677 11.9109 -83.3744
v 16.2586 11.8477 -83.4858
v 16.1443 11.769 -83.6024
v 16.0336 11.6846 -83.7155
v 15.9722 11.6009 -83.7782
v 15.9483 11.4914 -83.8027
v 15.9628 11.3787 -83.7878
v 16.0168 11.2854 -83.7326
v 16.1258 11.1657 -83.6213
v 16.2354 11.0257 -83.5095
v 16.3345 10.8693 -83.4083
v 16.4121 10.7007 -83.329
v 16.4699 10.5067 -83.2699
v 16.505 10.3208 -83.2342
v 16.5224 10.1523 -83.2164
v 16.5274 10.0103 -83.2112
v 16.5193 9.93476 -83.2195
v 16.4956 9.86872 -83.2438
v 16.4585 9.8166 -83.2816
v 16.4104 9.78281 -83.3307
v 15.35 9.35196 -84.4136
v 13.4984 8.72412 -86.3044
v 11.2702 8.20458 -88.5798
v 9.07954 8.09865 -90.8168
v 6.54622 8.50722 -93.4037
v 3.87581 9.11522 -96.1306
v 1.73881 9.66605 -98.3129
v 0.805696 9.9031 -99.2657
v 0.61418 9.68291 -99.4613
v 0.335528 9.18382 -99.7459
v 0.0905365 8.632 -99.996
v -5.10703e-15 8.25362 -100.088
v 0.0979196 8.06305 -99.9885
v 0.304842 7.96041 -99.7772
v 0.571379 8.00042 -99.505
v 0.848146 8.23778 -99.2224
v 1.0495 8.45249 -99.0168
v 1.22775 8.56091 -98.8348
v 1.37118 8.5964 -98.6883
v 1.46808 8.59232 -98.5893
v 1.48589 8.58742 -98.5712
v 1.50291 8.5795 -98.5538
v 1.51919 8.56876 -98.5371
v 1.53475 8.5554 -98.5213
v 1.79762 8.29695 -98.2528
v 2.28772 7.79351 -97.7523
v 2.94327 7.08224 -97.0829
v 3.70251 6.20035 -96.3076
v 4.15704 5.60202 -95.8435
v 5.40103 4.2155 -94.5731
v 7.25508 2.65348 -92.6798
v 9.5398 1.52868 -90.3468
v 25.3052 6.63092 -74.2477
v 27.6824 7.73177 -71.8202
f 326/632/129 327/631/129 328/630/129 329/629/129 330/628/129 331/627/129 332/626/129 333/625/129 334/624/129 335/623/129 336/622/129 337/621/129 338/620/129 339/619/129 340/618/129 341/617/129 342/616/129 343/615/129 344/614/129 345/613/129 346/612/129 347/611/129 348/610/129 349/609/129 350/608/129 351/607/129 352/606/129 353/605/129 354/604/129 355/603/129 356/602/129 357/601/129 358/600/129 359/599/129 360/598/129 361/597/129 362/596/129 363/595/129 364/594/129 365/593/129 366/592/129 367/591/129 368/590/129 369/589/129 370/588/129 371/587/129 372/586/129 373/585/129 374/584/129 375/583/129 376/582/129 377/581/129 378/580/129 379/579/129 380/578/129 381/577/129 382/576/129 383/575/129 384/574/129 385/573/129 386/572/129 387/571/129 388/570/129 389/569/129 390/568/129 391/567/129 392/566/129 393/565/129 394/564/129 395/563/129 396/562/129 397/561/129 398/136/129 399/560/129 400/559/129 401/558/129 402/557/129 403/556/129 404/555/129 405/554/129 406/553/129 407/552/129 408/551/129 409/550/129 410/549/129 411/548/129 412/547/129 413/546/129 414/545/129 415/544/129 416/543/129 417/542/129 418/541/129 325/540/129 324/539/129 419/538/129 420/537/129 

vn 0.690486 0.161438 0.705101
f 327/532/130 326/534/130 321/533/130 320/531/130 

f 326/534/130 420/536/130 322/535/130 321/533/130 

vn 0.215655 -0.951313 0.22022
vn 0.208543 -0.954547 0.212957
f 420/162/131 419/161/132 323/160/132 322/159/131 

f 419/166/132 324/165/127 227/164/127 323/163/132 

f 328/529/130 327/532/130 320/531/130 319/528/130 

f 329/530/130 328/529/130 319/528/130 318/527/130 

vn -0.112097 0.987082 -0.114469
vn -0.161555 0.972977 -0.164974
f 330/526/133 329/525/134 318/524/134 317/523/133 

vn -0.0939941 0.990935 -0.0959836
f 331/522/135 330/521/133 317/520/133 316/519/135 

vn -0.133885 0.981521 -0.136719
f 332/518/136 331/517/135 316/516/135 315/515/136 

vn -0.140947 0.979499 -0.14393
f 333/514/137 332/513/136 315/512/136 314/511/137 

vn -0.133946 0.981504 -0.136782
f 334/510/138 333/509/137 314/508/137 313/507/138 

vn -0.12264 0.984518 -0.125236
f 335/506/139 334/505/138 313/504/138 312/503/139 

vn -0.112479 0.986993 -0.11486
f 336/502/140 335/501/139 312/500/139 311/499/140 

vn -0.0594752 0.99638 -0.0607341
f 337/498/141 336/497/140 311/496/140 310/495/141 

vn 0.080588 0.993345 0.0822938
f 338/494/142 337/493/141 310/492/141 309/491/142 

vn 0.257066 0.930058 0.262507
f 339/490/143 338/489/142 309/488/142 308/487/143 

vn 0.414998 0.8051 0.423782
f 340/486/144 339/485/143 308/484/143 307/483/144 

vn 0.515406 0.676276 0.526315
f 341/482/145 340/481/144 307/480/144 306/479/145 

vn 0.54465 0.627712 0.556178
f 342/476/146 341/478/145 306/477/145 305/475/146 

f 343/473/146 342/476/146 305/475/146 304/472/146 

vn 0.544478 0.628016 0.556003
f 344/474/147 343/473/146 304/472/146 303/471/147 

vn 0.5219 0.666024 0.532947
f 345/470/148 344/469/147 303/468/147 302/467/148 

vn 0.470348 0.740325 0.480304
f 346/466/149 345/465/148 302/464/148 301/463/149 

vn 0.458733 0.755067 0.468443
f 347/462/150 346/461/149 301/460/149 300/459/150 

vn 0.544099 0.628687 0.555616
f 348/458/151 347/457/150 300/456/150 299/455/151 

vn 0.601191 0.511543 0.613916
f 349/454/152 348/453/151 299/452/151 298/451/152 

vn 0.530419 -0.652132 0.541646
f 350/450/153 349/449/153 298/448/153 297/447/153 

vn 0.310376 -0.896221 0.316945
f 351/446/154 350/445/154 297/444/154 296/443/154 

vn 0.538634 -0.638227 0.550035
f 352/442/155 351/441/155 296/440/155 295/439/155 

vn 0.693903 -0.128052 0.708591
vn 0.673282 -0.272009 0.687533
f 353/438/156 352/437/157 295/436/157 294/435/156 

vn 0.688229 0.180052 0.702796
f 354/434/158 353/433/156 294/432/156 293/431/158 

vn 0.658812 0.336698 0.672756
f 355/430/159 354/429/158 293/428/158 292/427/159 

vn 0.513188 0.679713 0.52405
f 356/426/160 355/425/160 292/424/160 291/423/160 

vn 0.290431 0.909775 0.296578
f 357/422/161 356/421/161 291/420/161 290/419/161 

vn 0.0249485 0.999364 0.0254766
f 358/418/162 357/417/162 290/416/162 289/415/162 

vn -0.246883 0.935676 -0.252108
f 359/414/163 358/413/163 289/412/163 288/411/163 

vn -0.538395 0.63864 -0.549791
f 360/410/164 359/409/164 288/408/164 287/407/164 

vn -0.688296 0.179528 -0.702865
vn -0.670683 0.284824 -0.684879
f 361/406/165 360/405/166 287/404/166 286/403/165 

vn -0.698348 -0.0612825 -0.71313
f 362/402/167 361/401/165 286/400/165 285/399/167 

vn -0.668514 -0.295058 -0.682664
f 363/398/168 362/397/167 285/396/167 284/395/168 

vn -0.647515 -0.378829 -0.661221
f 364/394/169 363/393/168 284/392/168 283/391/169 

vn -0.651589 -0.364282 -0.66538
f 365/390/170 364/389/169 283/388/169 282/387/170 

vn -0.625296 0.448645 -0.638531
f 366/386/171 365/385/171 282/384/171 281/383/171 

vn -0.225185 0.946791 -0.229952
vn -0.186943 0.963644 -0.1909
f 367/382/172 366/381/173 281/380/173 280/379/172 

vn -0.283413 0.914286 -0.289411
f 368/378/174 367/377/172 280/376/172 279/375/174 

vn -0.316666 0.891715 -0.323369
f 369/374/175 368/373/174 279/372/174 278/371/175 

vn -0.409794 0.810526 -0.418468
f 370/370/176 369/369/175 278/368/175 277/367/176 

vn -0.482704 0.723896 -0.492921
f 371/366/177 370/365/176 277/364/176 276/363/177 

vn -0.667877 0.297988 -0.682014
f 372/362/178 371/361/178 276/360/178 275/359/178 

vn -0.68802 -0.181672 -0.702583
f 373/358/179 372/357/179 275/356/179 274/355/179 

vn -0.485771 -0.719693 -0.496053
vn -0.539259 -0.637148 -0.550674
f 374/354/180 373/353/181 274/352/181 273/351/180 

vn -0.446588 -0.769796 -0.45604
f 375/350/182 374/349/180 273/348/180 272/347/182 

vn -0.493197 -0.7093 -0.503637
f 376/346/183 375/345/182 272/344/182 271/343/183 

vn -0.553248 -0.612158 -0.564959
f 377/342/184 376/341/183 271/340/183 270/339/184 

vn -0.616564 -0.472688 -0.629615
f 378/338/185 377/337/184 270/336/184 269/335/185 

vn -0.66122 -0.326914 -0.675215
f 379/334/186 378/333/185 269/332/185 268/331/186 

vn -0.68503 -0.203454 -0.699529
f 380/330/187 379/329/186 268/328/186 267/327/187 

vn -0.696251 -0.0986441 -0.710988
f 381/326/188 380/325/187 267/324/187 266/323/188 

vn -0.698753 0.050982 -0.713544
f 382/322/189 381/321/188 266/320/188 265/319/189 

vn -0.665542 0.308479 -0.679629
f 383/318/190 382/317/189 265/316/189 264/315/190 

vn -0.563827 0.592114 -0.575761
f 384/314/191 383/313/190 264/312/190 263/311/191 

vn -0.404968 0.815466 -0.41354
f 385/310/192 384/309/191 263/308/191 262/307/192 

vn -0.250977 0.933448 -0.25629
f 386/306/193 385/305/192 262/304/192 261/303/193 

vn -0.176451 0.967677 -0.180185
f 387/302/194 386/301/193 261/300/193 260/299/194 

vn -0.137167 0.980595 -0.14007
f 388/298/195 387/297/194 260/296/194 259/295/195 

vn -0.0682932 0.995225 -0.0697387
f 389/294/196 388/293/195 259/292/195 258/291/196 

vn 0.0274702 0.999229 0.0280516
f 390/290/197 389/289/196 258/288/196 257/287/197 

vn 0.094285 0.990879 0.0962807
f 391/286/198 390/285/197 257/284/197 256/283/198 

vn 0.117129 0.985888 0.119608
f 392/282/199 391/281/198 256/280/198 255/279/199 

vn 0.123311 0.984347 0.125921
f 393/278/200 392/277/199 255/276/199 254/275/200 

vn 0.122445 0.984568 0.125036
f 394/274/201 393/273/200 254/272/200 253/271/201 

vn -0.495708 0.705716 -0.5062
vn -0.43855 0.779179 -0.447832
f 395/270/202 394/269/203 253/268/203 252/267/202 

vn -0.569654 0.580608 -0.581712
f 396/266/204 395/265/202 252/264/202 251/263/204 

vn -0.630776 0.43269 -0.644128
f 397/262/205 396/261/204 251/260/204 250/259/205 

vn -0.662022 0.323581 -0.676034
f 398/258/206 397/257/205 250/256/205 249/255/206 

vn -0.56392 -0.591933 -0.575856
f 399/254/207 398/253/207 249/252/207 248/251/207 

vn -0.229401 -0.944722 -0.234256
f 400/250/208 399/249/208 248/248/208 247/247/208 

vn 0.0730647 -0.994532 0.0746112
f 401/246/209 400/245/209 247/244/209 246/243/209 

vn 0.389684 -0.83054 0.397932
vn 0.359996 -0.857474 0.367615
f 402/242/210 401/241/211 246/240/211 245/239/210 

vn 0.348662 -0.866988 0.356042
f 403/238/212 402/237/210 245/236/210 244/235/212 

vn 0.197987 -0.959128 0.202177
f 404/234/213 403/233/212 244/232/212 243/231/213 

vn 0.0496339 -0.997481 0.0506844
f 405/230/214 404/229/213 243/228/213 242/227/214 

vn -0.0767131 -0.993971 -0.0783368
f 406/226/215 405/225/214 242/224/214 241/223/215 

vn -0.17478 -0.968296 -0.178479
f 407/222/216 406/221/215 241/220/215 240/219/216 

vn -0.255347 -0.931024 -0.260752
f 408/218/217 407/217/216 240/216/216 239/215/217 

vn -0.32728 -0.883851 -0.334207
f 409/214/218 408/213/217 239/212/217 238/211/218 

vn -0.378608 -0.840939 -0.386622
f 410/210/219 409/209/218 238/208/218 237/207/219 

vn -0.402454 -0.818005 -0.410973
f 411/206/220 410/205/219 237/204/219 236/203/220 

vn -0.415728 -0.80433 -0.424527
f 412/202/221 411/201/220 236/200/220 235/199/221 

vn -0.432215 -0.786377 -0.441364
f 413/198/222 412/197/221 235/196/221 234/195/222 

vn -0.45785 -0.756161 -0.467541
f 414/194/223 413/193/222 234/192/222 233/191/223 

vn -0.452506 -0.762704 -0.462084
f 415/190/224 414/189/223 233/188/223 232/187/224 

vn -0.3936 -0.826759 -0.401932
f 416/186/225 415/185/224 232/184/224 231/183/225 

vn -0.293054 -0.908055 -0.299257
f 417/182/226 416/181/225 231/180/225 230/179/226 

vn -0.227864 -0.945481 -0.232687
f 418/178/227 417/177/226 230/176/226 229/175/227 

vn 0.0665249 -0.99547 0.067933
f 325/174/128 418/173/228 229/172/228 228/171/128 

g Mesh7 ___541_3 ___2_1 Model

v 168.007 6.63092 -76.3467
vn -0.714473 -4.0448e-16 -0.699663
v 165.63 7.73177 -73.9192
v 165.734 8.64169 -74.0255
v 165.963 10.6435 -74.2595
v 166.192 12.6454 -74.4934
v 166.296 13.5553 -74.5998
v 166.339 13.5409 -74.643
v 166.494 13.5211 -74.8019
v 167.259 13.3214 -75.5831
v 169.129 12.7673 -77.4928
v 171.24 12.152 -79.6475
v 172.914 11.7066 -81.3576
v 174.096 11.4193 -82.5649
v 174.73 11.2783 -83.2116
v 174.773 11.2773 -83.256
v 174.814 11.2922 -83.2981
v 174.852 11.3217 -83.3362
v 174.883 11.3646 -83.3682
v 174.968 11.5144 -83.4545
v 175.153 11.844 -83.6444
v 175.339 12.1735 -83.8342
v 175.428 12.3306 -83.9249
v 175.442 12.3503 -83.9388
v 175.553 12.4796 -84.0525
v 175.706 12.6819 -84.2082
v 175.792 12.8893 -84.2965
v 175.705 13.034 -84.2076
v 175.535 13.1545 -84.0335
v 175.427 13.3408 -83.9232
v 175.377 13.5927 -83.8723
v 175.381 13.9104 -83.8766
v 175.473 14.2806 -83.9711
v 175.681 14.6013 -84.1835
v 175.995 14.8056 -84.5033
v 176.403 14.8264 -84.9204
v 176.764 14.6321 -85.2885
v 176.968 14.2795 -85.4976
v 177.061 13.8342 -85.5921
v 177.085 13.3617 -85.6165
v 177.019 12.8877 -85.5497
v 176.887 12.4441 -85.4141
v 176.794 12.106 -85.3197
v 176.849 11.9487 -85.3761
v 176.945 11.9109 -85.4734
v 177.054 11.8477 -85.5848
v 177.168 11.769 -85.7014
v 177.279 11.6846 -85.8145
v 177.34 11.6009 -85.8772
v 177.364 11.4914 -85.9017
v 177.349 11.3787 -85.8868
v 177.295 11.2854 -85.8316
v 177.186 11.1657 -85.7203
v 177.077 11.0257 -85.6085
v 176.978 10.8693 -85.5073
v 176.9 10.7007 -85.428
v 176.842 10.5067 -85.3689
v 176.807 10.3208 -85.3332
v 176.79 10.1523 -85.3154
v 176.785 10.0103 -85.3102
v 176.793 9.93476 -85.3185
v 176.817 9.86872 -85.3427
v 176.854 9.8166 -85.3806
v 176.902 9.78281 -85.4297
v 177.962 9.35196 -86.5126
v 179.814 8.72412 -88.4034
v 182.042 8.20458 -90.6788
v 184.233 8.09865 -92.9158
v 186.766 8.50722 -95.5027
v 189.436 9.11522 -98.2296
v 191.573 9.66605 -100.412
v 192.507 9.9031 -101.365
v 192.698 9.68291 -101.56
v 192.977 9.18382 -101.845
v 193.222 8.632 -102.095
v 193.312 8.25362 -102.187
v 193.214 8.06305 -102.087
v 193.007 7.96041 -101.876
v 192.741 8.00042 -101.604
v 192.464 8.23778 -101.321
v 192.263 8.45249 -101.116
v 192.085 8.56091 -100.934
v 191.941 8.5964 -100.787
v 191.844 8.59232 -100.688
v 191.826 8.58742 -100.67
v 191.809 8.5795 -100.653
v 191.793 8.56876 -100.636
v 191.778 8.5554 -100.62
v 191.515 8.29695 -100.352
v 191.025 7.79351 -99.8513
v 190.369 7.08224 -99.1819
v 189.61 6.20035 -98.4066
v 189.155 5.60202 -97.9425
v 187.911 4.2155 -96.6721
v 186.057 2.65348 -94.7788
v 183.772 1.52868 -92.4458
v 179.565 2.10305 -88.1493
v 173.481 4.27924 -81.9365
f 421/62/229 422/63/229 423/64/229 424/65/229 425/66/229 426/67/229 427/68/229 428/69/229 429/70/229 430/71/229 431/72/229 432/73/229 433/74/229 434/75/229 435/76/229 436/77/229 437/78/229 438/79/229 439/80/229 440/81/229 441/82/229 442/83/229 443/84/229 444/85/229 445/86/229 446/87/229 447/88/229 448/89/229 449/90/229 450/91/229 451/92/229 452/93/229 453/94/229 454/95/229 455/96/229 456/97/229 457/98/229 458/99/229 459/100/229 460/101/229 461/102/229 462/103/229 463/104/229 464/105/229 465/106/229 466/107/229 467/108/229 468/109/229 469/110/229 470/111/229 471/112/229 472/113/229 473/114/229 474/115/229 475/116/229 476/117/229 477/118/229 478/119/229 479/120/229 480/121/229 481/122/229 482/123/229 483/124/229 484/125/229 485/126/229 486/127/229 487/128/229 488/129/229 489/130/229 490/131/229 491/132/229 492/133/229 493/134/229 494/135/229 495/136/229 496/137/229 497/138/229 498/139/229 499/140/229 500/141/229 501/142/229 502/143/229 503/144/229 504/145/229 505/146/229 506/147/229 507/148/229 508/149/229 509/150/229 510/151/229 511/152/229 512/153/229 513/154/229 514/155/229 515/156/229 516/157/229 517/158/229 

vn -0.215655 -0.951313 0.22022
vn -0.208543 -0.954547 0.212957
v 170.151 6.63092 -74.2477
v 167.773 7.73177 -71.8202
f 422/159/230 421/160/231 518/161/231 519/162/230 

vn -0.185685 -0.964141 0.189615
v 175.624 4.27924 -79.8375
f 421/163/231 517/164/232 520/165/232 518/166/231 

vn -0.118526 -0.985547 0.121035
v 181.708 2.10305 -86.0503
f 517/167/232 516/168/233 521/169/233 520/170/232 

vn -0.0665249 -0.99547 0.067933
v 185.916 1.52868 -90.3468
f 516/171/233 515/172/234 522/173/234 521/174/233 

vn 0.227864 -0.945481 -0.232687
vn 0.293054 -0.908055 -0.299257
v 188.201 2.65348 -92.6798
f 515/175/235 514/176/236 523/177/236 522/178/235 

vn 0.3936 -0.826759 -0.401932
v 190.055 4.2155 -94.5731
f 514/179/236 513/180/237 524/181/237 523/182/236 

vn 0.452506 -0.762704 -0.462084
v 191.299 5.60202 -95.8435
f 513/183/237 512/184/238 525/185/238 524/186/237 

vn 0.45785 -0.756161 -0.467541
v 191.753 6.20035 -96.3076
f 512/187/238 511/188/239 526/189/239 525/190/238 

vn 0.432215 -0.786377 -0.441364
v 192.512 7.08224 -97.0829
f 511/191/239 510/192/240 527/193/240 526/194/239 

vn 0.415728 -0.80433 -0.424527
v 193.168 7.79351 -97.7523
f 510/195/240 509/196/241 528/197/241 527/198/240 

vn 0.402454 -0.818005 -0.410973
v 193.658 8.29695 -98.2528
f 509/199/241 508/200/242 529/201/242 528/202/241 

vn 0.378608 -0.840939 -0.386622
v 193.921 8.5554 -98.5213
f 508/203/242 507/204/243 530/205/243 529/206/242 

vn 0.32728 -0.883851 -0.334207
v 193.936 8.56876 -98.5371
f 507/207/243 506/208/244 531/209/244 530/210/243 

vn 0.255347 -0.931024 -0.260752
v 193.953 8.5795 -98.5538
f 506/211/244 505/212/245 532/213/245 531/214/244 

vn 0.17478 -0.968296 -0.178479
v 193.97 8.58742 -98.5712
f 505/215/245 504/216/246 533/217/246 532/218/245 

vn 0.0767131 -0.993971 -0.0783368
v 193.988 8.59232 -98.5893
f 504/219/246 503/220/247 534/221/247 533/222/246 

vn -0.0496339 -0.997481 0.0506844
v 194.084 8.5964 -98.6883
f 503/223/247 502/224/248 535/225/248 534/226/247 

vn -0.197987 -0.959128 0.202177
v 194.228 8.56091 -98.8348
f 502/227/248 501/228/249 536/229/249 535/230/248 

vn -0.348662 -0.866988 0.356042
v 194.406 8.45249 -99.0168
f 501/231/249 500/232/250 537/233/250 536/234/249 

vn -0.389684 -0.83054 0.397932
v 194.608 8.23778 -99.2224
f 500/235/250 499/236/251 538/237/251 537/238/250 

vn -0.359996 -0.857474 0.367615
v 194.884 8.00042 -99.505
f 499/239/251 498/240/252 539/241/252 538/242/251 

vn -0.0730647 -0.994532 0.0746112
v 195.151 7.96041 -99.7772
f 498/243/253 497/244/253 540/245/253 539/246/253 

vn 0.229401 -0.944722 -0.234256
v 195.358 8.06305 -99.9885
f 497/247/254 496/248/254 541/249/254 540/250/254 

vn 0.56392 -0.591933 -0.575856
v 195.456 8.25362 -100.088
f 496/251/255 495/252/255 542/253/255 541/254/255 

vn 0.662022 0.323581 -0.676034
vn 0.630776 0.43269 -0.644128
v 195.365 8.632 -99.996
f 495/255/256 494/256/257 543/257/257 542/258/256 

vn 0.569654 0.580608 -0.581712
v 195.12 9.18382 -99.7459
f 494/259/257 493/260/258 544/261/258 543/262/257 

vn 0.495708 0.705716 -0.5062
v 194.841 9.68291 -99.4613
f 493/263/258 492/264/259 545/265/259 544/266/258 

vn 0.43855 0.779179 -0.447832
v 194.65 9.9031 -99.2657
f 492/267/259 491/268/260 546/269/260 545/270/259 

vn -0.122445 0.984568 0.125036
vn -0.123311 0.984347 0.125921
v 193.717 9.66605 -98.3129
f 491/271/261 490/272/262 547/273/262 546/274/261 

vn -0.117129 0.985888 0.119608
v 191.58 9.11522 -96.1306
f 490/275/262 489/276/263 548/277/263 547/278/262 

vn -0.094285 0.990879 0.0962807
v 188.909 8.50722 -93.4037
f 489/279/263 488/280/264 549/281/264 548/282/263 

vn -0.0274702 0.999229 0.0280516
v 186.376 8.09865 -90.8168
f 488/283/264 487/284/265 550/285/265 549/286/264 

vn 0.0682932 0.995225 -0.0697387
v 184.186 8.20458 -88.5798
f 487/287/265 486/288/266 551/289/266 550/290/265 

vn 0.137167 0.980595 -0.14007
v 181.957 8.72412 -86.3044
f 486/291/266 485/292/267 552/293/267 551/294/266 

vn 0.176451 0.967677 -0.180185
v 180.106 9.35196 -84.4136
f 485/295/267 484/296/268 553/297/268 552/298/267 

vn 0.250977 0.933448 -0.25629
v 179.045 9.78281 -83.3307
f 484/299/268 483/300/269 554/301/269 553/302/268 

vn 0.404968 0.815466 -0.41354
v 178.997 9.8166 -83.2816
f 483/303/269 482/304/270 555/305/270 554/306/269 

vn 0.563827 0.592114 -0.575761
v 178.96 9.86872 -83.2438
f 482/307/270 481/308/271 556/309/271 555/310/270 

vn 0.665542 0.308479 -0.679629
v 178.936 9.93476 -83.2195
f 481/311/271 480/312/272 557/313/272 556/314/271 

vn 0.698753 0.050982 -0.713544
v 178.928 10.0103 -83.2112
f 480/315/272 479/316/273 558/317/273 557/318/272 

vn 0.696251 -0.0986441 -0.710988
v 178.933 10.1523 -83.2164
f 479/319/273 478/320/274 559/321/274 558/322/273 

vn 0.68503 -0.203454 -0.699529
v 178.951 10.3208 -83.2342
f 478/323/274 477/324/275 560/325/275 559/326/274 

vn 0.66122 -0.326914 -0.675215
v 178.986 10.5067 -83.2699
f 477/327/275 476/328/276 561/329/276 560/330/275 

vn 0.616564 -0.472688 -0.629615
v 179.044 10.7007 -83.329
f 476/331/276 475/332/277 562/333/277 561/334/276 

vn 0.553248 -0.612158 -0.564959
v 179.121 10.8693 -83.4083
f 475/335/277 474/336/278 563/337/278 562/338/277 

vn 0.493197 -0.7093 -0.503637
v 179.22 11.0257 -83.5095
f 474/339/278 473/340/279 564/341/279 563/342/278 

vn 0.446588 -0.769796 -0.45604
v 179.33 11.1657 -83.6213
f 473/343/279 472/344/280 565/345/280 564/346/279 

vn 0.485771 -0.719693 -0.496053
v 179.439 11.2854 -83.7326
f 472/347/280 471/348/281 566/349/281 565/350/280 

vn 0.539259 -0.637148 -0.550674
v 179.493 11.3787 -83.7878
f 471/351/281 470/352/282 567/353/282 566/354/281 

vn 0.68802 -0.181672 -0.702583
v 179.507 11.4914 -83.8027
f 470/355/283 469/356/283 568/357/283 567/358/283 

vn 0.667877 0.297988 -0.682014
v 179.483 11.6009 -83.7782
f 469/359/284 468/360/284 569/361/284 568/362/284 

vn 0.482704 0.723896 -0.492921
vn 0.409794 0.810526 -0.418468
v 179.422 11.6846 -83.7155
f 468/363/285 467/364/286 570/365/286 569/366/285 

vn 0.316666 0.891715 -0.323369
v 179.311 11.769 -83.6024
f 467/367/286 466/368/287 571/369/287 570/370/286 

vn 0.283413 0.914286 -0.289411
v 179.197 11.8477 -83.4858
f 466/371/287 465/372/288 572/373/288 571/374/287 

vn 0.225185 0.946791 -0.229952
v 179.088 11.9109 -83.3744
f 465/375/288 464/376/289 573/377/289 572/378/288 

vn 0.186943 0.963644 -0.1909
v 178.993 11.9487 -83.2771
f 464/379/289 463/380/290 574/381/290 573/382/289 

vn 0.625296 0.448645 -0.638531
v 178.937 12.106 -83.2207
f 463/383/291 462/384/291 575/385/291 574/386/291 

vn 0.651589 -0.364282 -0.66538
vn 0.647515 -0.378829 -0.661221
v 179.03 12.4441 -83.3151
f 462/387/292 461/388/293 576/389/293 575/390/292 

vn 0.668514 -0.295058 -0.682664
v 179.163 12.8877 -83.4507
f 461/391/293 460/392/294 577/393/294 576/394/293 

vn 0.698348 -0.0612825 -0.71313
v 179.228 13.3617 -83.5175
f 460/395/294 459/396/295 578/397/295 577/398/294 

vn 0.688296 0.179528 -0.702865
v 179.204 13.8342 -83.4931
f 459/399/295 458/400/296 579/401/296 578/402/295 

vn 0.670683 0.284824 -0.684879
v 179.112 14.2795 -83.3986
f 458/403/296 457/404/297 580/405/297 579/406/296 

vn 0.538395 0.63864 -0.549791
v 178.907 14.6321 -83.1895
f 457/407/298 456/408/298 581/409/298 580/410/298 

vn 0.246883 0.935676 -0.252108
v 178.547 14.8264 -82.8215
f 456/411/299 455/412/299 582/413/299 581/414/299 

vn -0.0249485 0.999364 0.0254766
v 178.138 14.8056 -82.4043
f 455/415/300 454/416/300 583/417/300 582/418/300 

vn -0.290431 0.909775 0.296578
v 177.825 14.6013 -82.0845
f 454/419/301 453/420/301 584/421/301 583/422/301 

vn -0.513188 0.679713 0.52405
v 177.617 14.2806 -81.8721
f 453/423/302 452/424/302 585/425/302 584/426/302 

vn -0.658812 0.336698 0.672756
vn -0.688229 0.180052 0.702796
v 177.524 13.9104 -81.7776
f 452/427/303 451/428/304 586/429/304 585/430/303 

vn -0.693903 -0.128052 0.708591
v 177.52 13.5927 -81.7733
f 451/431/304 450/432/305 587/433/305 586/434/304 

vn -0.673282 -0.272009 0.687533
v 177.57 13.3408 -81.8242
f 450/435/305 449/436/306 588/437/306 587/438/305 

vn -0.538634 -0.638227 0.550035
v 177.678 13.1545 -81.9345
f 449/439/307 448/440/307 589/441/307 588/442/307 

vn -0.310376 -0.896221 0.316945
v 177.848 13.034 -82.1086
f 448/443/308 447/444/308 590/445/308 589/446/308 

vn -0.530419 -0.652132 0.541646
v 177.936 12.8893 -82.1975
f 447/447/309 446/448/309 591/449/309 590/450/309 

vn -0.601191 0.511543 0.613916
vn -0.544099 0.628687 0.555616
v 177.849 12.6819 -82.1092
f 446/451/310 445/452/311 592/453/311 591/454/310 

vn -0.458733 0.755067 0.468443
v 177.697 12.4796 -81.9535
f 445/455/311 444/456/312 593/457/312 592/458/311 

vn -0.470348 0.740325 0.480304
v 177.585 12.3503 -81.8398
f 444/459/312 443/460/313 594/461/313 593/462/312 

vn -0.5219 0.666024 0.532947
v 177.572 12.3306 -81.8259
f 443/463/313 442/464/314 595/465/314 594/466/313 

vn -0.544478 0.628016 0.556003
v 177.483 12.1735 -81.7353
f 442/467/314 441/468/315 596/469/315 595/470/314 

vn -0.54465 0.627712 0.556178
v 177.297 11.844 -81.5454
f 441/471/315 440/472/316 597/473/316 596/474/315 

v 177.111 11.5144 -81.3555
f 440/472/316 439/475/316 598/476/316 597/473/316 

vn -0.515406 0.676276 0.526315
v 177.026 11.3646 -81.2692
f 439/475/316 438/477/317 599/478/317 598/476/316 

vn -0.414998 0.8051 0.423782
v 176.995 11.3217 -81.2372
f 438/479/317 437/480/318 600/481/318 599/482/317 

vn -0.257066 0.930058 0.262507
v 176.958 11.2922 -81.1991
f 437/483/318 436/484/319 601/485/319 600/486/318 

vn -0.080588 0.993345 0.0822938
v 176.917 11.2773 -81.157
f 436/487/319 435/488/320 602/489/320 601/490/319 

vn 0.0594752 0.99638 -0.0607341
v 176.873 11.2783 -81.1126
f 435/491/320 434/492/321 603/493/321 602/494/320 

vn 0.112479 0.986993 -0.11486
v 176.24 11.4193 -80.4659
f 434/495/321 433/496/322 604/497/322 603/498/321 

vn 0.12264 0.984518 -0.125236
v 175.058 11.7066 -79.2586
f 433/499/322 432/500/323 605/501/323 604/502/322 

vn 0.133946 0.981504 -0.136782
v 173.383 12.152 -77.5485
f 432/503/323 431/504/324 606/505/324 605/506/323 

vn 0.140947 0.979499 -0.14393
v 171.273 12.7673 -75.3938
f 431/507/324 430/508/325 607/509/325 606/510/324 

vn 0.133885 0.981521 -0.136719
v 169.403 13.3214 -73.4841
f 430/511/325 429/512/326 608/513/326 607/514/325 

vn 0.0939941 0.990935 -0.0959836
v 168.638 13.5211 -72.7029
f 429/515/326 428/516/327 609/517/327 608/518/326 

vn 0.112097 0.987082 -0.114469
v 168.482 13.5409 -72.544
f 428/519/327 427/520/328 610/521/328 609/522/327 

vn 0.161555 0.972977 -0.164974
v 168.44 13.5553 -72.5008
f 427/523/328 426/524/329 611/525/329 610/526/328 

vn -0.690486 0.161438 0.705101
v 168.336 12.6454 -72.3944
f 426/527/330 425/528/330 612/529/330 611/530/330 

v 168.107 10.6435 -72.1605
f 425/528/330 424/531/330 613/532/330 612/529/330 

v 167.877 8.64169 -71.9265
f 424/531/330 423/533/330 614/534/330 613/532/330 

f 423/533/330 422/535/330 519/536/330 614/534/330 

vn 0.714473 4.0448e-16 0.699663
f 519/537/331 518/538/331 520/539/331 521/540/331 522/541/331 523/542/331 524/543/331 525/544/331 526/545/331 527/546/331 528/547/331 529/548/331 530/549/331 531/550/331 532/551/331 533/552/331 534/553/331 535/554/331 536/555/331 537/556/331 538/557/331 539/558/331 540/559/331 541/560/331 542/136/331 543/561/331 544/562/331 545/563/331 546/564/331 547/565/331 548/566/331 549/567/331 550/568/331 551/569/331 552/570/331 553/571/331 554/572/331 555/573/331 556/574/331 557/575/331 558/576/331 559/577/331 560/578/331 561/579/331 562/580/331 563/581/331 564/582/331 565/583/331 566/584/331 567/585/331 568/586/331 569/587/331 570/588/331 571/589/331 572/590/331 573/591/331 574/592/331 575/593/331 576/594/331 577/595/331 578/596/331 579/597/331 580/598/331 581/599/331 582/600/331 583/601/331 584/602/331 585/603/331 586/604/331 587/605/331 588/606/331 589/607/331 590/608/331 591/609/331 592/610/331 593/611/331 594/612/331 595/613/331 596/614/331 597/615/331 598/616/331 599/617/331 600/618/331 601/619/331 602/620/331 603/621/331 604/622/331 605/623/331 606/624/331 607/625/331 608/626/331 609/627/331 610/628/331 611/629/331 612/630/331 613/631/331 614/632/331 

g Mesh8 ___541_4 ___2_1 Model

v 173.481 4.27924 -20.251
vn -0.714473 -4.0448e-16 0.699663
v 179.565 2.10305 -14.0382
v 183.772 1.52868 -9.74173
v 186.057 2.65348 -7.40864
v 187.911 4.2155 -5.51535
v 189.155 5.60202 -4.24503
v 189.61 6.20035 -3.78088
v 190.369 7.08224 -3.00557
v 191.025 7.79351 -2.33614
v 191.515 8.29695 -1.83567
v 191.778 8.5554 -1.56724
v 191.793 8.56876 -1.55134
v 191.809 8.5795 -1.53472
v 191.826 8.58742 -1.51734
v 191.844 8.59232 -1.49916
v 191.941 8.5964 -1.40021
v 192.085 8.56091 -1.25374
v 192.263 8.45249 -1.07171
v 192.464 8.23778 -0.866098
v 192.741 8.00042 -0.583473
v 193.007 7.96041 -0.311294
v 193.214 8.06305 -0.0999922
v 193.312 8.25362 -4.88498e-15
v 193.222 8.632 -0.0924529
v 192.977 9.18382 -0.34263
v 192.698 9.68291 -0.62718
v 192.507 9.9031 -0.82275
v 191.573 9.66605 -1.77562
v 189.436 9.11522 -3.95785
v 186.766 8.50722 -6.68478
v 184.233 8.09865 -9.27173
v 182.042 8.20458 -11.5087
v 179.814 8.72412 -13.7841
v 177.962 9.35196 -15.6749
v 176.902 9.78281 -16.7578
v 176.854 9.8166 -16.8069
v 176.817 9.86872 -16.8447
v 176.793 9.93476 -16.869
v 176.785 10.0103 -16.8773
v 176.79 10.1523 -16.8721
v 176.807 10.3208 -16.8543
v 176.842 10.5067 -16.8185
v 176.9 10.7007 -16.7595
v 176.978 10.8693 -16.6802
v 177.077 11.0257 -16.579
v 177.186 11.1657 -16.4672
v 177.295 11.2854 -16.3558
v 177.349 11.3787 -16.3007
v 177.364 11.4914 -16.2858
v 177.34 11.6009 -16.3102
v 177.279 11.6846 -16.373
v 177.168 11.769 -16.486
v 177.054 11.8477 -16.6027
v 176.945 11.9109 -16.7141
v 176.849 11.9487 -16.8114
v 176.794 12.106 -16.8678
v 176.887 12.4441 -16.7733
v 177.019 12.8877 -16.6378
v 177.085 13.3617 -16.5709
v 177.061 13.8342 -16.5954
v 176.968 14.2795 -16.6899
v 176.764 14.6321 -16.899
v 176.403 14.8264 -17.267
v 175.995 14.8056 -17.6842
v 175.681 14.6013 -18.004
v 175.473 14.2806 -18.2164
v 175.381 13.9104 -18.3109
v 175.377 13.5927 -18.3152
v 175.427 13.3408 -18.2643
v 175.535 13.1545 -18.154
v 175.705 13.034 -17.9799
v 175.792 12.8893 -17.891
v 175.706 12.6819 -17.9792
v 175.553 12.4796 -18.135
v 175.442 12.3503 -18.2487
v 175.428 12.3306 -18.2626
v 175.339 12.1735 -18.3532
v 175.153 11.844 -18.5431
v 174.968 11.5144 -18.733
v 174.883 11.3646 -18.8193
v 174.852 11.3217 -18.8513
v 174.814 11.2922 -18.8894
v 174.773 11.2773 -18.9315
v 174.73 11.2783 -18.9759
v 174.096 11.4193 -19.6226
v 172.914 11.7066 -20.8299
v 171.24 12.152 -22.5399
v 169.129 12.7673 -24.6947
v 167.259 13.3214 -26.6044
v 166.494 13.5211 -27.3856
v 166.339 13.5409 -27.5445
v 166.296 13.5553 -27.5877
v 166.192 12.6454 -27.694
v 165.963 10.6435 -27.928
v 165.734 8.64169 -28.162
v 165.63 7.73177 -28.2683
v 168.007 6.63092 -25.8408
f 615/158/332 616/157/332 617/156/332 618/155/332 619/154/332 620/153/332 621/152/332 622/151/332 623/150/332 624/149/332 625/148/332 626/147/332 627/146/332 628/145/332 629/144/332 630/143/332 631/142/332 632/141/332 633/140/332 634/139/332 635/138/332 636/137/332 637/136/332 638/135/332 639/134/332 640/133/332 641/132/332 642/131/332 643/130/332 644/129/332 645/128/332 646/127/332 647/126/332 648/125/332 649/124/332 650/123/332 651/122/332 652/121/332 653/120/332 654/119/332 655/118/332 656/117/332 657/116/332 658/115/332 659/114/332 660/113/332 661/112/332 662/111/332 663/110/332 664/109/332 665/108/332 666/107/332 667/106/332 668/105/332 669/104/332 670/103/332 671/102/332 672/101/332 673/100/332 674/99/332 675/98/332 676/97/332 677/96/332 678/95/332 679/94/332 680/93/332 681/92/332 682/91/332 683/90/332 684/89/332 685/88/332 686/87/332 687/86/332 688/85/332 689/84/332 690/83/332 691/82/332 692/81/332 693/80/332 694/79/332 695/78/332 696/77/332 697/76/332 698/75/332 699/74/332 700/73/332 701/72/332 702/71/332 703/70/332 704/69/332 705/68/332 706/67/332 707/66/332 708/65/332 709/64/332 710/63/332 711/62/332 

v 175.624 4.27924 -22.35
vn -0.185685 -0.964141 -0.189615
v 181.708 2.10305 -16.1372
vn -0.118526 -0.985547 -0.121035
f 712/170/333 713/169/334 616/168/334 615/167/333 

v 167.877 8.64169 -30.261
vn 0.714473 4.0448e-16 -0.699663
v 168.107 10.6435 -30.027
v 168.336 12.6454 -29.793
v 168.44 13.5553 -29.6867
v 168.482 13.5409 -29.6435
v 168.638 13.5211 -29.4845
v 169.403 13.3214 -28.7034
v 171.273 12.7673 -26.7937
v 173.383 12.152 -24.6389
v 175.058 11.7066 -22.9289
v 176.24 11.4193 -21.7215
v 176.873 11.2783 -21.0749
v 176.917 11.2773 -21.0305
v 176.958 11.2922 -20.9883
v 176.995 11.3217 -20.9503
v 177.026 11.3646 -20.9183
v 177.111 11.5144 -20.832
v 177.297 11.844 -20.6421
v 177.483 12.1735 -20.4522
v 177.572 12.3306 -20.3616
v 177.585 12.3503 -20.3477
v 177.697 12.4796 -20.234
v 177.849 12.6819 -20.0782
v 177.936 12.8893 -19.99
v 177.848 13.034 -20.0789
v 177.678 13.1545 -20.253
v 177.57 13.3408 -20.3633
v 177.52 13.5927 -20.4142
v 177.524 13.9104 -20.4099
v 177.617 14.2806 -20.3153
v 177.825 14.6013 -20.103
v 178.138 14.8056 -19.7831
v 178.547 14.8264 -19.366
v 178.907 14.6321 -18.998
v 179.112 14.2795 -18.7889
v 179.204 13.8342 -18.6943
v 179.228 13.3617 -18.6699
v 179.163 12.8877 -18.7368
v 179.03 12.4441 -18.8723
v 178.937 12.106 -18.9668
v 178.993 11.9487 -18.9104
v 179.088 11.9109 -18.8131
v 179.197 11.8477 -18.7017
v 179.311 11.769 -18.585
v 179.422 11.6846 -18.472
v 179.483 11.6009 -18.4092
v 179.507 11.4914 -18.3848
v 179.493 11.3787 -18.3997
v 179.439 11.2854 -18.4548
v 179.33 11.1657 -18.5662
v 179.22 11.0257 -18.678
v 179.121 10.8693 -18.7792
v 179.044 10.7007 -18.8584
v 178.986 10.5067 -18.9175
v 178.951 10.3208 -18.9533
v 178.933 10.1523 -18.9711
v 178.928 10.0103 -18.9763
v 178.936 9.93476 -18.9679
v 178.96 9.86872 -18.9437
v 178.997 9.8166 -18.9059
v 179.045 9.78281 -18.8568
v 180.106 9.35196 -17.7739
v 181.957 8.72412 -15.8831
v 184.186 8.20458 -13.6077
v 186.376 8.09865 -11.3707
v 188.909 8.50722 -8.78377
v 191.58 9.11522 -6.05684
v 193.717 9.66605 -3.87461
v 194.65 9.9031 -2.92174
v 194.841 9.68291 -2.72617
v 195.12 9.18382 -2.44162
v 195.365 8.632 -2.19144
v 195.456 8.25362 -2.09899
v 195.358 8.06305 -2.19898
v 195.151 7.96041 -2.41028
v 194.884 8.00042 -2.68246
v 194.608 8.23778 -2.96509
v 194.406 8.45249 -3.1707
v 194.228 8.56091 -3.35273
v 194.084 8.5964 -3.4992
v 193.988 8.59232 -3.59815
v 193.97 8.58742 -3.61633
v 193.953 8.5795 -3.63371
v 193.936 8.56876 -3.65033
v 193.921 8.5554 -3.66623
v 193.658 8.29695 -3.93466
v 193.168 7.79351 -4.43513
v 192.512 7.08224 -5.10456
v 191.753 6.20035 -5.87987
v 191.299 5.60202 -6.34402
v 190.055 4.2155 -7.61434
v 188.201 2.65348 -9.50763
v 185.916 1.52868 -11.8407
v 170.151 6.63092 -27.9398
v 167.773 7.73177 -30.3673
f 714/632/335 715/631/335 716/630/335 717/629/335 718/628/335 719/627/335 720/626/335 721/625/335 722/624/335 723/623/335 724/622/335 725/621/335 726/620/335 727/619/335 728/618/335 729/617/335 730/616/335 731/615/335 732/614/335 733/613/335 734/612/335 735/611/335 736/610/335 737/609/335 738/608/335 739/607/335 740/606/335 741/605/335 742/604/335 743/603/335 744/602/335 745/601/335 746/600/335 747/599/335 748/598/335 749/597/335 750/596/335 751/595/335 752/594/335 753/593/335 754/592/335 755/591/335 756/590/335 757/589/335 758/588/335 759/587/335 760/586/335 761/585/335 762/584/335 763/583/335 764/582/335 765/581/335 766/580/335 767/579/335 768/578/335 769/577/335 770/576/335 771/575/335 772/574/335 773/573/335 774/572/335 775/571/335 776/570/335 777/569/335 778/568/335 779/567/335 780/566/335 781/565/335 782/564/335 783/563/335 784/562/335 785/561/335 786/136/335 787/560/335 788/559/335 789/558/335 790/557/335 791/556/335 792/555/335 793/554/335 794/553/335 795/552/335 796/551/335 797/550/335 798/549/335 799/548/335 800/547/335 801/546/335 802/545/335 803/544/335 804/543/335 805/542/335 806/541/335 713/540/335 712/539/335 807/538/335 808/537/335 

vn -0.690486 0.161438 -0.705101
f 715/532/336 714/534/336 709/533/336 708/531/336 

f 714/534/336 808/536/336 710/535/336 709/533/336 

vn -0.215655 -0.951313 -0.22022
vn -0.208543 -0.954547 -0.212957
f 808/162/337 807/161/338 711/160/338 710/159/337 

f 807/166/338 712/165/333 615/164/333 711/163/338 

f 716/529/336 715/532/336 708/531/336 707/528/336 

f 717/530/336 716/529/336 707/528/336 706/527/336 

vn 0.112097 0.987082 0.114469
vn 0.161555 0.972977 0.164974
f 718/526/339 717/525/340 706/524/340 705/523/339 

vn 0.0939941 0.990935 0.0959836
f 719/522/341 718/521/339 705/520/339 704/519/341 

vn 0.133885 0.981521 0.136719
f 720/518/342 719/517/341 704/516/341 703/515/342 

vn 0.140947 0.979499 0.14393
f 721/514/343 720/513/342 703/512/342 702/511/343 

vn 0.133946 0.981504 0.136782
f 722/510/344 721/509/343 702/508/343 701/507/344 

vn 0.12264 0.984518 0.125236
f 723/506/345 722/505/344 701/504/344 700/503/345 

vn 0.112479 0.986993 0.11486
f 724/502/346 723/501/345 700/500/345 699/499/346 

vn 0.0594752 0.99638 0.0607341
f 725/498/347 724/497/346 699/496/346 698/495/347 

vn -0.080588 0.993345 -0.0822938
f 726/494/348 725/493/347 698/492/347 697/491/348 

vn -0.257066 0.930058 -0.262507
f 727/490/349 726/489/348 697/488/348 696/487/349 

vn -0.414998 0.8051 -0.423782
f 728/486/350 727/485/349 696/484/349 695/483/350 

vn -0.515406 0.676276 -0.526315
f 729/482/351 728/481/350 695/480/350 694/479/351 

vn -0.54465 0.627712 -0.556178
f 730/476/352 729/478/351 694/477/351 693/475/352 

f 731/473/352 730/476/352 693/475/352 692/472/352 

vn -0.544478 0.628016 -0.556003
f 732/474/353 731/473/352 692/472/352 691/471/353 

vn -0.5219 0.666024 -0.532947
f 733/470/354 732/469/353 691/468/353 690/467/354 

vn -0.470348 0.740325 -0.480304
f 734/466/355 733/465/354 690/464/354 689/463/355 

vn -0.458733 0.755067 -0.468443
f 735/462/356 734/461/355 689/460/355 688/459/356 

vn -0.544099 0.628687 -0.555616
f 736/458/357 735/457/356 688/456/356 687/455/357 

vn -0.601191 0.511543 -0.613916
f 737/454/358 736/453/357 687/452/357 686/451/358 

vn -0.530419 -0.652132 -0.541646
f 738/450/359 737/449/359 686/448/359 685/447/359 

vn -0.310376 -0.896221 -0.316945
f 739/446/360 738/445/360 685/444/360 684/443/360 

vn -0.538634 -0.638227 -0.550035
f 740/442/361 739/441/361 684/440/361 683/439/361 

vn -0.693903 -0.128052 -0.708591
vn -0.673282 -0.272009 -0.687533
f 741/438/362 740/437/363 683/436/363 682/435/362 

vn -0.688229 0.180052 -0.702796
f 742/434/364 741/433/362 682/432/362 681/431/364 

vn -0.658812 0.336698 -0.672756
f 743/430/365 742/429/364 681/428/364 680/427/365 

vn -0.513188 0.679713 -0.52405
f 744/426/366 743/425/366 680/424/366 679/423/366 

vn -0.290431 0.909775 -0.296578
f 745/422/367 744/421/367 679/420/367 678/419/367 

vn -0.0249485 0.999364 -0.0254766
f 746/418/368 745/417/368 678/416/368 677/415/368 

vn 0.246883 0.935676 0.252108
f 747/414/369 746/413/369 677/412/369 676/411/369 

vn 0.538395 0.63864 0.549791
f 748/410/370 747/409/370 676/408/370 675/407/370 

vn 0.688296 0.179528 0.702865
vn 0.670683 0.284824 0.684879
f 749/406/371 748/405/372 675/404/372 674/403/371 

vn 0.698348 -0.0612825 0.71313
f 750/402/373 749/401/371 674/400/371 673/399/373 

vn 0.668514 -0.295058 0.682664
f 751/398/374 750/397/373 673/396/373 672/395/374 

vn 0.647515 -0.378829 0.661221
f 752/394/375 751/393/374 672/392/374 671/391/375 

vn 0.651589 -0.364282 0.66538
f 753/390/376 752/389/375 671/388/375 670/387/376 

vn 0.625296 0.448645 0.638531
f 754/386/377 753/385/377 670/384/377 669/383/377 

vn 0.225185 0.946791 0.229952
vn 0.186943 0.963644 0.1909
f 755/382/378 754/381/379 669/380/379 668/379/378 

vn 0.283413 0.914286 0.289411
f 756/378/380 755/377/378 668/376/378 667/375/380 

vn 0.316666 0.891715 0.323369
f 757/374/381 756/373/380 667/372/380 666/371/381 

vn 0.409794 0.810526 0.418468
f 758/370/382 757/369/381 666/368/381 665/367/382 

vn 0.482704 0.723896 0.492921
f 759/366/383 758/365/382 665/364/382 664/363/383 

vn 0.667877 0.297988 0.682014
f 760/362/384 759/361/384 664/360/384 663/359/384 

vn 0.68802 -0.181672 0.702583
f 761/358/385 760/357/385 663/356/385 662/355/385 

vn 0.485771 -0.719693 0.496053
vn 0.539259 -0.637148 0.550674
f 762/354/386 761/353/387 662/352/387 661/351/386 

vn 0.446588 -0.769796 0.45604
f 763/350/388 762/349/386 661/348/386 660/347/388 

vn 0.493197 -0.7093 0.503637
f 764/346/389 763/345/388 660/344/388 659/343/389 

vn 0.553248 -0.612158 0.564959
f 765/342/390 764/341/389 659/340/389 658/339/390 

vn 0.616564 -0.472688 0.629615
f 766/338/391 765/337/390 658/336/390 657/335/391 

vn 0.66122 -0.326914 0.675215
f 767/334/392 766/333/391 657/332/391 656/331/392 

vn 0.68503 -0.203454 0.699529
f 768/330/393 767/329/392 656/328/392 655/327/393 

vn 0.696251 -0.0986441 0.710988
f 769/326/394 768/325/393 655/324/393 654/323/394 

vn 0.698753 0.050982 0.713544
f 770/322/395 769/321/394 654/320/394 653/319/395 

vn 0.665542 0.308479 0.679629
f 771/318/396 770/317/395 653/316/395 652/315/396 

vn 0.563827 0.592114 0.575761
f 772/314/397 771/313/396 652/312/396 651/311/397 

vn 0.404968 0.815466 0.41354
f 773/310/398 772/309/397 651/308/397 650/307/398 

vn 0.250977 0.933448 0.25629
f 774/306/399 773/305/398 650/304/398 649/303/399 

vn 0.176451 0.967677 0.180185
f 775/302/400 774/301/399 649/300/399 648/299/400 

vn 0.137167 0.980595 0.14007
f 776/298/401 775/297/400 648/296/400 647/295/401 

vn 0.0682932 0.995225 0.0697387
f 777/294/402 776/293/401 647/292/401 646/291/402 

vn -0.0274702 0.999229 -0.0280516
f 778/290/403 777/289/402 646/288/402 645/287/403 

vn -0.094285 0.990879 -0.0962807
f 779/286/404 778/285/403 645/284/403 644/283/404 

vn -0.117129 0.985888 -0.119608
f 780/282/405 779/281/404 644/280/404 643/279/405 

vn -0.123311 0.984347 -0.125921
f 781/278/406 780/277/405 643/276/405 642/275/406 

vn -0.122445 0.984568 -0.125036
f 782/274/407 781/273/406 642/272/406 641/271/407 

vn 0.495708 0.705716 0.5062
vn 0.43855 0.779179 0.447832
f 783/270/408 782/269/409 641/268/409 640/267/408 

vn 0.569654 0.580608 0.581712
f 784/266/410 783/265/408 640/264/408 639/263/410 

vn 0.630776 0.43269 0.644128
f 785/262/411 784/261/410 639/260/410 638/259/411 

vn 0.662022 0.323581 0.676034
f 786/258/412 785/257/411 638/256/411 637/255/412 

vn 0.56392 -0.591933 0.575856
f 787/254/413 786/253/413 637/252/413 636/251/413 

vn 0.229401 -0.944722 0.234256
f 788/250/414 787/249/414 636/248/414 635/247/414 

vn -0.0730647 -0.994532 -0.0746112
f 789/246/415 788/245/415 635/244/415 634/243/415 

vn -0.389684 -0.83054 -0.397932
vn -0.359996 -0.857474 -0.367615
f 790/242/416 789/241/417 634/240/417 633/239/416 

vn -0.348662 -0.866988 -0.356042
f 791/238/418 790/237/416 633/236/416 632/235/418 

vn -0.197987 -0.959128 -0.202177
f 792/234/419 791/233/418 632/232/418 631/231/419 

vn -0.0496339 -0.997481 -0.0506844
f 793/230/420 792/229/419 631/228/419 630/227/420 

vn 0.0767131 -0.993971 0.0783368
f 794/226/421 793/225/420 630/224/420 629/223/421 

vn 0.17478 -0.968296 0.178479
f 795/222/422 794/221/421 629/220/421 628/219/422 

vn 0.255347 -0.931024 0.260752
f 796/218/423 795/217/422 628/216/422 627/215/423 

vn 0.32728 -0.883851 0.334207
f 797/214/424 796/213/423 627/212/423 626/211/424 

vn 0.378608 -0.840939 0.386622
f 798/210/425 797/209/424 626/208/424 625/207/425 

vn 0.402454 -0.818005 0.410973
f 799/206/426 798/205/425 625/204/425 624/203/426 

vn 0.415728 -0.80433 0.424527
f 800/202/427 799/201/426 624/200/426 623/199/427 

vn 0.432215 -0.786377 0.441364
f 801/198/428 800/197/427 623/196/427 622/195/428 

vn 0.45785 -0.756161 0.467541
f 802/194/429 801/193/428 622/192/428 621/191/429 

vn 0.452506 -0.762704 0.462084
f 803/190/430 802/189/429 621/188/429 620/187/430 

vn 0.3936 -0.826759 0.401932
f 804/186/431 803/185/430 620/184/430 619/183/431 

vn 0.293054 -0.908055 0.299257
f 805/182/432 804/181/431 619/180/431 618/179/432 

vn 0.227864 -0.945481 0.232687
f 806/178/433 805/177/432 618/176/432 617/175/433 

vn -0.0665249 -0.99547 -0.067933
f 713/174/334 806/173/434 617/172/434 616/171/334 

g Mesh9 ___540_2 ___2_1 Model

v 190.397 3.69949 -93.806
vn 0.308072 0.951363 -8.09967e-18
v 167.863 10.9963 -70.691
v 167.863 10.9963 -33.1855
v 190.397 3.69949 -10.0186
f 809/46/435 810/45/435 811/44/435 812/43/435 

v 189.473 0.8454 -93.806
vn -0.664465 0.215168 -0.715673
v 166.939 8.14224 -70.691
f 813/56/436 814/55/436 810/54/436 809/53/436 

vn -0.308072 -0.951363 8.09967e-18
v 189.473 0.8454 -10.0186
v 166.939 8.14224 -33.1855
f 814/61/437 813/60/437 815/43/437 816/59/437 

vn 0.951363 -0.308072 2.26251e-16
f 815/14/438 813/52/438 809/51/438 812/11/438 

vn -0.665229 0.215415 0.71489
f 816/50/439 815/49/439 812/48/439 811/47/439 

vn -0.951363 0.308072 -2.26251e-16
f 814/45/440 816/44/440 811/58/440 810/57/440 

g Mesh10 ___531_1 ___2_1 Model

v 27.4906 22.3509 -51.7317
vt 0.419546 8.58899e-05
vn -1 -5.55112e-17 2.77556e-16
v 27.4906 22.3595 -51.8579
vt 0.422067 0
v 27.4906 22.3529 -51.9903
vt 0.424714 6.51517e-05
v 27.4906 22.3328 -52.3452
vt 0.431808 0.000266418
v 27.4906 22.2982 -52.859
vt 0.442079 0.000612514
v 27.4906 22.2482 -53.4681
vt 0.454257 0.00111216
v 27.4906 22.1821 -54.1092
vt 0.467071 0.00177406
v 27.4906 22.0988 -54.7185
vt 0.479251 0.00260695
v 27.4906 21.9975 -55.2326
vt 0.489528 0.00361952
v 27.4906 21.8774 -55.5879
vt 0.49663 0.00482051
v 27.4906 21.3248 -56.4509
vt 0.513883 0.0103466
v 27.4906 20.1922 -58.1557
vt 0.547962 0.0216726
v 27.4906 18.6787 -60.4088
vt 0.593001 0.036808
v 27.4906 16.9535 -62.9633
vt 0.644065 0.0540601
v 27.4906 15.1859 -65.5724
vt 0.69622 0.0717358
v 27.4906 13.5452 -67.9891
vt 0.74453 0.0881424
v 27.4906 12.2008 -69.9666
vt 0.784061 0.101587
v 27.4906 11.3218 -71.258
vt 0.809877 0.110376
v 27.4906 11.1447 -71.5183
vt 0.815079 0.112148
v 27.4906 11.1161 -71.5608
vt 0.81593 0.112433
v 27.4906 11.0844 -71.608
vt 0.816872 0.112751
v 27.4906 11.0503 -71.6579
vt 0.81787 0.113091
v 27.4906 11.0148 -71.7088
vt 0.818888 0.113446
v 27.4906 10.9787 -71.759
vt 0.81989 0.113807
v 27.4906 10.9429 -71.8065
vt 0.820841 0.114166
v 27.4906 10.9081 -71.8497
vt 0.821703 0.114513
v 27.4906 10.8446 -71.9215
vt 0.823139 0.115149
v 27.4906 10.7265 -72.0498
vt 0.825704 0.11633
v 27.4906 10.5835 -72.1978
vt 0.828662 0.117759
v 27.4906 10.4247 -72.3515
vt 0.831735 0.119347
v 27.4906 10.2593 -72.4971
vt 0.834645 0.121002
v 27.4906 10.0963 -72.6206
vt 0.837114 0.122632
v 27.4906 9.94488 -72.708
vt 0.838862 0.124146
v 27.4906 9.81416 -72.7456
vt 0.839613 0.125453
v 27.4906 9.67391 -72.7035
vt 0.838772 0.126855
v 27.4906 9.49944 -72.5645
vt 0.835993 0.1286
v 27.4906 9.36924 -72.3792
vt 0.832289 0.129902
v 27.4906 9.27684 -72.1682
vt 0.828071 0.130826
v 27.4906 9.21574 -71.9522
vt 0.823753 0.131437
v 27.4906 9.17948 -71.7519
vt 0.819748 0.1318
v 27.4906 9.16158 -71.5878
vt 0.816468 0.131979
v 27.4906 9.15555 -71.4806
vt 0.814326 0.132039
v 27.4906 9.15492 -71.4255
vt 0.813225 0.132045
v 27.4906 9.15492 -70.3644
vt 0.792013 0.132045
v 27.4906 9.15492 -68.0443
vt 0.745635 0.132045
v 27.4906 9.15492 -64.897
vt 0.682719 0.132045
v 27.4906 9.15492 -61.3539
vt 0.611894 0.132045
v 27.4906 9.15492 -57.8469
vt 0.541787 0.132045
v 27.4906 9.15492 -54.8074
vt 0.481029 0.132045
v 27.4906 9.15492 -52.6672
vt 0.438246 0.132045
v 27.4906 9.15492 -51.8579
vt 0.422067 0.132045
v 27.4906 9.15492 -51.0548
vt 0.406014 0.132045
v 27.4906 9.15492 -48.9299
vt 0.363538 0.132045
v 27.4906 9.15492 -45.9096
vt 0.303162 0.132045
v 27.4906 9.15492 -42.4203
vt 0.23341 0.132045
v 27.4906 9.15492 -38.8883
vt 0.162806 0.132045
v 27.4906 9.15492 -35.7401
vt 0.0998724 0.132045
v 27.4906 9.15492 -33.402
vt 0.0531343 0.132045
v 27.4906 9.15492 -32.3005
vt 0.0311148 0.132045
v 27.4906 9.15853 -32.2277
vt 0.0296594 0.132009
v 27.4906 9.17388 -32.088
vt 0.0268668 0.131856
v 27.4906 9.20242 -31.8746
vt 0.0226025 0.13157
v 27.4906 9.24542 -31.618
vt 0.0174714 0.13114
v 27.4906 9.30412 -31.3482
vt 0.0120784 0.130553
v 27.4906 9.37976 -31.0956
vt 0.00702857 0.129797
v 27.4906 9.47361 -30.8904
vt 0.00292688 0.128859
v 27.4906 9.5869 -30.7629
vt 0.000378303 0.127726
v 27.4906 9.72771 -30.7439
vt 0 0.126317
v 27.4906 9.91656 -30.8397
vt 0.00191448 0.124429
v 27.4906 10.1377 -31.0199
vt 0.00551727 0.122218
v 27.4906 10.3718 -31.2525
vt 0.0101652 0.119877
v 27.4906 10.5994 -31.5051
vt 0.015215 0.1176
v 27.4906 10.8014 -31.7456
vt 0.0200235 0.115581
v 27.4906 10.9582 -31.9419
vt 0.0239477 0.114013
v 27.4906 11.0506 -32.0618
vt 0.0263441 0.113089
v 27.4906 11.1362 -32.1815
vt 0.0287367 0.112233
v 27.4906 11.8454 -33.1882
vt 0.0488606 0.105141
v 27.4906 13.1538 -35.0539
vt 0.0861559 0.0920564
v 27.4906 14.8528 -37.4914
vt 0.134881 0.0750668
v 27.4906 16.7334 -40.2134
vt 0.189295 0.0562603
v 27.4906 18.587 -42.9329
vt 0.243657 0.0377247
v 27.4906 20.2046 -45.3625
vt 0.292224 0.0215481
v 27.4906 21.3776 -47.215
vt 0.329256 0.00981847
v 27.4906 21.8778 -48.1456
vt 0.347858 0.00481622
v 27.4906 21.9833 -48.5387
vt 0.355717 0.00376187
v 27.4906 22.0776 -49.0689
vt 0.366316 0.00281853
v 27.4906 22.1599 -49.6778
vt 0.378487 0.0019953
v 27.4906 22.2293 -50.3069
vt 0.391063 0.0013013
v 27.4906 22.2849 -50.8978
vt 0.402876 0.000745658
v 27.4906 22.3257 -51.3923
vt 0.41276 0.000337482
f 817/633/441 818/634/441 819/635/441 820/636/441 821/637/441 822/638/441 823/639/441 824/640/441 825/641/441 826/642/441 827/643/441 828/644/441 829/645/441 830/646/441 831/647/441 832/648/441 833/649/441 834/650/441 835/651/441 836/652/441 837/653/441 838/654/441 839/655/441 840/656/441 841/657/441 842/658/441 843/659/441 844/660/441 845/661/441 846/662/441 847/663/441 848/664/441 849/665/441 850/666/441 851/667/441 852/668/441 853/669/441 854/670/441 855/671/441 856/672/441 857/673/441 858/674/441 859/675/441 860/676/441 861/677/441 862/678/441 863/679/441 864/680/441 865/681/441 866/682/441 867/683/441 868/684/441 869/685/441 870/686/441 871/687/441 872/688/441 873/689/441 874/690/441 875/691/441 876/692/441 877/693/441 878/694/441 879/695/441 880/696/441 881/697/441 882/698/441 883/699/441 884/700/441 885/701/441 886/702/441 887/703/441 888/704/441 889/705/441 890/706/441 891/707/441 892/708/441 893/709/441 894/710/441 895/711/441 896/712/441 897/713/441 898/714/441 899/715/441 900/716/441 901/717/441 902/718/441 903/719/441 904/720/441 905/721/441 906/722/441 

vt 0.421092 0.03
vn -5.28964e-17 0.999956 0.00941163
vt 0.418565 0.03
vn -3.56866e-17 0.997482 0.070922
v 30.4906 22.3509 -51.7317
vt 0.418565 0
v 30.4906 22.3595 -51.8579
vt 0.421092 0
f 818/723/442 817/724/443 907/725/443 908/726/442 

vt 0.418386 0.03
vt 0.411581 0.03
vn -3.36664e-17 0.996946 0.0780931
v 30.4906 22.3257 -51.3923
vt 0.411581 0
vt 0.418386 0
f 817/727/443 906/728/444 909/729/444 907/730/443 

vt 0.411305 0.03
vt 0.401388 0.03
vn -3.08865e-17 0.996125 0.0879449
v 30.4906 22.2849 -50.8978
vt 0.401388 0
vt 0.411305 0
f 906/731/444 905/732/445 910/733/445 909/734/444 

vt 0.400968 0.03
vt 0.389102 0.03
vn -2.70149e-17 0.994822 0.101633
v 30.4906 22.2293 -50.3069
vt 0.389102 0
vt 0.400968 0
f 905/735/445 904/736/446 911/737/446 910/738/445 

vt 0.38842 0.03
vt 0.375767 0.03
vn -2.12833e-17 0.992551 0.121829
v 30.4906 22.1599 -49.6778
vt 0.375767 0
vt 0.38842 0
f 904/739/446 903/740/447 912/741/447 911/742/446 

vt 0.374539 0.03
vt 0.362258 0.03
vn -1.19292e-17 0.987975 0.154616
v 30.4906 22.0776 -49.0689
vt 0.362258 0
vt 0.374539 0
f 903/743/447 902/744/448 913/745/448 912/746/447 

vt 0.359665 0.03
vt 0.3489 0.03
vn 6.1291e-18 0.976104 0.217303
v 30.4906 21.9833 -48.5387
vt 0.3489 0
vt 0.359665 0
f 902/747/448 901/748/449 914/749/449 913/750/448 

vt 0.341628 0.03
vt 0.333492 0.03
vn 5.07383e-17 0.929543 0.368713
v 30.4906 21.8778 -48.1456
vt 0.333492 0
vt 0.341628 0
f 901/751/449 900/752/450 915/753/450 914/754/449 

vt 0.301839 0.03
vt 0.280719 0.03
vn 9.2108e-17 0.863393 0.504532
v 30.4906 21.3776 -47.215
vt 0.280719 0
vt 0.301839 0
f 900/755/450 899/756/451 916/757/451 915/758/450 

vt 0.267683 0.03
vt 0.223852 0.03
vn 1.04606e-16 0.838684 0.544618
v 30.4906 20.2046 -45.3625
vt 0.223852 0
vt 0.267683 0
f 899/759/451 898/760/452 917/761/452 916/762/451 

vt 0.219368 0.03
vt 0.16102 0.03
vn 1.09037e-16 0.829357 0.558719
v 30.4906 18.587 -42.9329
vt 0.16102 0
vt 0.219368 0
f 898/763/452 897/764/453 918/765/453 917/766/452 

vt 0.158864 0.03
vt 0.0930759 0.03
vn 1.11276e-16 0.824529 0.56582
v 30.4906 16.7334 -40.2134
vt 0.0930759 0
vt 0.158864 0
f 897/767/453 896/768/454 919/769/454 918/770/453 

vt 0.0918129 0.03
vt 0.025675 0.03
vn 1.12634e-16 0.821561 0.570121
v 30.4906 14.8528 -37.4914
vt 0.025675 0
vt 0.0918129 0
f 896/771/454 895/772/455 920/773/455 919/774/454 

vt 0.0248482 0.03
vt -0.0345453 0.03
vn 1.13546e-16 0.819552 0.573005
v 30.4906 13.1538 -35.0539
vt -0.0345453 0
vt 0.0248482 0
f 895/775/455 894/776/456 921/777/456 920/778/455 

vt -0.0351256 0.03
vt -0.0806787 0.03
vn 1.14194e-16 0.818118 0.57505
v 30.4906 11.8454 -33.1882
vt -0.0806787 0
vt -0.0351256 0
f 894/779/456 893/780/457 922/781/457 921/782/456 

vt -0.0810981 0.03
vt -0.105714 0.03
vn 1.15368e-16 0.815499 0.578759
v 30.4906 11.1362 -32.1815
vt -0.105714 0
vt -0.0810981 0
f 893/783/457 892/784/458 923/785/458 922/786/457 

vt -0.107108 0.03
vt -0.110049 0.03
vn 1.20894e-16 0.802878 0.596143
v 30.4906 11.0506 -32.0618
vt -0.110049 0
vt -0.107108 0
f 892/787/458 891/788/459 924/789/459 923/790/458 

vt -0.117145 0.03
vt -0.12017 0.03
vn 1.27683e-16 0.786678 0.617364
v 30.4906 10.9582 -31.9419
vt -0.12017 0
vt -0.117145 0
f 891/791/459 890/792/460 925/793/460 924/794/459 

vt -0.12355 0.03
vt -0.128573 0.03
vn 1.32916e-16 0.773653 0.633609
v 30.4906 10.8014 -31.7456
vt -0.128573 0
vt -0.12355 0
f 890/795/460 889/796/461 926/797/461 925/798/460 

vt -0.133211 0.03
vt -0.139489 0.03
vn 1.40278e-16 0.754496 0.656305
v 30.4906 10.5994 -31.5051
vt -0.139489 0
vt -0.133211 0
f 889/799/461 888/800/462 927/801/462 926/802/461 

vt -0.146079 0.03
vt -0.152877 0.03
vn 1.51246e-16 0.724063 0.689733
v 30.4906 10.3718 -31.2525
vt -0.152877 0
vt -0.146079 0
f 888/803/462 887/804/463 928/805/463 927/806/462 

vt -0.162849 0.03
vt -0.169444 0.03
vn 1.69141e-16 0.669061 0.743208
v 30.4906 10.1377 -31.0199
vt -0.169444 0
vt -0.162849 0
f 887/807/463 886/808/464 929/809/464 928/810/463 

vt -0.185895 0.03
vt -0.191598 0.03
vn 2.02421e-16 0.545163 0.83833
v 30.4906 9.91656 -30.8397
vt -0.191598 0
vt -0.185895 0
f 886/811/464 885/812/465 930/813/465 929/814/464 

vt -0.220972 0.03
vt -0.225205 0.03
vn 2.22437e-16 0.45229 0.891871
v 30.4906 9.72771 -30.7439
vt -0.225205 0
vt -0.220972 0
f 885/815/465 884/816/466 931/817/466 930/818/465 

vt -0.250259 0.03
vn 2.82477e-16 -0.133197 0.99109
vt -0.253099 0.03
v 30.4906 9.5869 -30.7629
vt -0.253099 0
vt -0.250259 0
f 884/819/467 883/820/467 932/821/467 931/822/467 

vt -0.169881 0.03
vn 2.25861e-16 -0.747511 0.664249
vt -0.173291 0.03
vn 1.9808e-16 -0.837709 0.546118
v 30.4906 9.47361 -30.8904
vt -0.173291 0
vt -0.169881 0
f 883/823/468 882/824/469 933/825/469 932/826/468 

vt -0.109798 0.03
vt -0.114308 0.03
vn 1.49717e-16 -0.935914 0.35223
v 30.4906 9.37976 -31.0956
vt -0.114308 0
vt -0.109798 0
f 882/827/469 881/828/470 934/829/470 933/830/469 

vt -0.0811634 0.03
vt -0.0864347 0.03
vn 1.23114e-16 -0.968269 0.249912
v 30.4906 9.30412 -31.3482
vt -0.0864347 0
vt -0.0811634 0
f 881/831/470 880/832/471 935/833/471 934/834/470 

vt -0.0672844 0.03
vt -0.0728035 0.03
vn 1.06957e-16 -0.981986 0.188955
v 30.4906 9.24542 -31.618
vt -0.0728035 0
vt -0.0672844 0
f 880/835/471 879/836/472 936/837/472 935/838/471 

vt -0.0605397 0.03
vt -0.0657423 0.03
vn 9.62311e-17 -0.988846 0.14894
v 30.4906 9.20242 -31.8746
vt -0.0657423 0
vt -0.0605397 0
f 879/839/472 878/840/473 937/841/473 936/842/472 

vt -0.0572868 0.03
vt -0.0615892 0.03
vn 8.8666e-17 -0.992662 0.120921
v 30.4906 9.17388 -32.088
vt -0.0615892 0
vt -0.0572868 0
f 878/843/473 877/844/474 938/845/474 937/846/473 

vt -0.0554865 0.03
vt -0.0582958 0.03
vn 7.7374e-17 -0.996843 0.0794005
v 30.4906 9.15853 -32.2277
vt -0.0582958 0
vt -0.0554865 0
f 877/847/474 876/848/475 939/849/475 938/850/474 

vt -0.0426959 0.03
vt -0.0441531 0.03
vn 6.23713e-17 -0.999693 0.0247776
v 30.4906 9.15492 -32.3005
vt -0.0441531 0
vt -0.0426959 0
f 876/851/475 875/852/476 940/853/476 939/854/475 

vt -0.0311148 0.03
vt -0.0531343 0.03
vn 5.55112e-17 -1 -2.52115e-14
v 30.4906 9.15492 -33.402
vt -0.0531343 0
vt -0.0311148 0
f 875/855/476 874/856/477 941/857/477 940/858/476 

vt -0.0998724 0.03
vn 5.55112e-17 -1 5.56932e-14
v 30.4906 9.15492 -35.7401
vt -0.0998724 0
f 874/856/477 873/859/478 942/860/478 941/857/477 

vt -0.162806 0.03
vn 5.55112e-17 -1 -2.33575e-15
v 30.4906 9.15492 -38.8883
vt -0.162806 0
f 873/859/478 872/861/479 943/862/479 942/860/478 

vt -0.23341 0.03
vn 5.55112e-17 -1 -1.31648e-14
v 30.4906 9.15492 -42.4203
vt -0.23341 0
f 872/861/479 871/863/480 944/864/480 943/862/479 

vt -0.303162 0.03
vn 5.55112e-17 -1 -1.73879e-14
v 30.4906 9.15492 -45.9096
vt -0.303162 0
f 871/863/480 870/865/481 945/866/481 944/864/480 

vt -0.363538 0.03
vn 5.55112e-17 -1 -6.29523e-15
v 30.4906 9.15492 -48.9299
vt -0.363538 0
f 870/865/481 869/867/482 946/868/482 945/866/481 

vt -0.406014 0.03
vn 5.55112e-17 -1 3.49514e-14
v 30.4906 9.15492 -51.0548
vt -0.406014 0
f 869/867/482 868/869/483 947/870/483 946/868/482 

vt -0.422067 0.03
vn 5.55112e-17 -1 2.24954e-11
v 30.4906 9.15492 -51.8579
vt -0.422067 0
f 868/869/483 867/871/484 948/872/484 947/870/483 

vt -0.438246 0.03
vn 5.55112e-17 -1 4.48597e-11
v 30.4906 9.15492 -52.6672
vt -0.438246 0
f 867/871/484 866/873/485 949/874/485 948/872/484 

vt -0.481029 0.03
vn 5.55112e-17 -1 4.48654e-11
v 30.4906 9.15492 -54.8074
vt -0.481029 0
f 866/873/485 865/875/486 950/876/486 949/874/485 

vt -0.541787 0.03
vn 5.55112e-17 -1 4.48563e-11
v 30.4906 9.15492 -57.8469
vt -0.541787 0
f 865/875/486 864/877/487 951/878/487 950/876/486 

vt -0.611894 0.03
vn 5.55112e-17 -1 4.48244e-11
v 30.4906 9.15492 -61.3539
vt -0.611894 0
f 864/877/487 863/879/488 952/880/488 951/878/487 

vt -0.682719 0.03
vn 5.55112e-17 -1 4.48196e-11
v 30.4906 9.15492 -64.897
vt -0.682719 0
f 863/879/488 862/881/489 953/882/489 952/880/488 

vt -0.745635 0.03
vn 5.55112e-17 -1 4.4849e-11
v 30.4906 9.15492 -68.0443
vt -0.745635 0
f 862/881/489 861/883/490 954/884/490 953/882/489 

vt -0.792013 0.03
vn 5.55112e-17 -1 4.49147e-11
v 30.4906 9.15492 -70.3644
vt -0.792013 0
f 861/883/490 860/885/491 955/886/491 954/884/490 

vt -0.813225 0.03
vn 5.39356e-17 -0.999984 -0.00567327
v 30.4906 9.15492 -71.4255
vt -0.813225 0
f 860/885/491 859/887/492 956/888/492 955/886/491 

vt -0.810177 0.03
vt -0.811278 0.03
vn 4.6108e-17 -0.99943 -0.0337643
v 30.4906 9.15555 -71.4806
vt -0.811278 0
vt -0.810177 0
f 859/889/492 858/890/493 957/891/493 956/892/492 

vt -0.798215 0.03
vt -0.800361 0.03
vn 3.24665e-17 -0.996604 -0.0823478
v 30.4906 9.16158 -71.5878
vt -0.800361 0
vt -0.798215 0
f 858/893/493 857/894/494 958/895/494 957/896/493 

vt -0.783032 0.03
vt -0.786332 0.03
vn 1.51464e-17 -0.98967 -0.143363
v 30.4906 9.17948 -71.7519
vt -0.786332 0
vt -0.783032 0
f 857/897/494 856/898/495 959/899/495 958/900/494 

vt -0.759729 0.03
vt -0.763799 0.03
vn -8.47385e-18 -0.97427 -0.225384
v 30.4906 9.21574 -71.9522
vt -0.763799 0
vt -0.759729 0
f 856/901/495 855/902/496 960/903/496 959/904/495 

vt -0.721147 0.03
vt -0.725634 0.03
vn -4.14134e-17 -0.941335 -0.337474
v 30.4906 9.27684 -72.1682
vt -0.725634 0
vt -0.721147 0
f 855/905/496 854/906/497 961/907/497 960/908/496 

vt -0.653586 0.03
vt -0.658191 0.03
vn -8.77609e-17 -0.871451 -0.490482
v 30.4906 9.36924 -72.3792
vt -0.658191 0
vt -0.653586 0
f 854/909/497 853/910/498 962/911/498 961/912/497 

vt -0.531723 0.03
vt -0.53625 0.03
vn -1.49847e-16 -0.728078 -0.685495
v 30.4906 9.49944 -72.5645
vt -0.53625 0
vt -0.531723 0
f 853/913/498 852/914/499 963/915/499 962/916/498 

vt -0.319838 0.03
vt -0.324297 0.03
vn -1.825e-16 -0.623097 -0.782145
v 30.4906 9.67391 -72.7035
vt -0.324297 0
vt -0.319838 0
f 852/917/499 851/918/500 964/919/500 963/920/499 

vt 0.00191279 0.03
vn -2.49906e-16 -0.287301 -0.95784
vt -0.00101429 0.03
v 30.4906 9.81416 -72.7456
vt -0.00101429 0
vt 0.00191279 0
f 851/921/501 850/922/501 965/923/501 964/924/501 

vt 0.472736 0.03
vn -2.82097e-16 0.275952 -0.961171
vt 0.470017 0.03
vn -2.77165e-16 0.390994 -0.920393
v 30.4906 9.94488 -72.708
vt 0.470017 0
vt 0.472736 0
f 850/925/502 849/926/503 966/927/503 965/928/502 

vt 0.634498 0.03
vt 0.631003 0.03
vn -2.61937e-16 0.553117 -0.833103
v 30.4906 10.0963 -72.6206
vt 0.631003 0
vt 0.634498 0
f 849/929/503 848/930/504 967/931/504 966/932/503 

vt 0.700911 0.03
vt 0.696824 0.03
vn -2.50067e-16 0.632659 -0.77443
v 30.4906 10.2593 -72.4971
vt 0.696824 0
vt 0.700911 0
f 848/933/504 847/934/505 968/935/505 967/936/504 

vt 0.732951 0.03
vt 0.728546 0.03
vn -2.41596e-16 0.678303 -0.734782
v 30.4906 10.4247 -72.3515
vt 0.728546 0
vt 0.732951 0
f 847/937/505 846/938/506 969/939/506 968/940/505 

vt 0.749973 0.03
vt 0.745555 0.03
vn -2.35429e-16 0.70749 -0.706723
v 30.4906 10.5835 -72.1978
vt 0.745555 0
vt 0.749973 0
f 846/941/506 845/942/507 970/943/507 969/944/506 

vt 0.759504 0.03
vt 0.755391 0.03
vn -2.30805e-16 0.727551 -0.686054
v 30.4906 10.7265 -72.0498
vt 0.755391 0
vt 0.759504 0
f 845/945/507 844/946/508 971/947/508 970/948/507 

vt 0.765053 0.03
vt 0.761567 0.03
vn -2.27167e-16 0.742381 -0.669977
v 30.4906 10.8446 -71.9215
vt 0.761567 0
vt 0.765053 0
f 844/949/508 843/950/509 972/951/509 971/952/508 

vt 0.76896 0.03
vt 0.767044 0.03
vn -2.21472e-16 0.76408 -0.645121
v 30.4906 10.9081 -71.8497
vt 0.767044 0
vt 0.76896 0
f 843/953/509 842/954/510 973/955/510 972/956/509 

vt 0.783583 0.03
vt 0.782475 0.03
vn -2.14401e-16 0.788751 -0.614712
v 30.4906 10.9429 -71.8065
vt 0.782475 0
vt 0.783583 0
f 842/957/510 841/958/511 974/959/511 973/960/510 

vt 0.792781 0.03
vt 0.79159 0.03
vn -2.09357e-16 0.804989 -0.59329
v 30.4906 10.9787 -71.759
vt 0.79159 0
vt 0.792781 0
f 841/961/511 840/962/512 975/963/512 974/964/511 

vt 0.798266 0.03
vt 0.797031 0.03
vn -2.0576e-16 0.815937 -0.578141
v 30.4906 11.0148 -71.7088
vt 0.797031 0
vt 0.798266 0
f 840/965/512 839/966/513 976/967/513 975/968/512 

vt 0.801464 0.03
vt 0.800223 0.03
vn -2.03247e-16 0.823294 -0.567615
v 30.4906 11.0503 -71.6579
vt 0.800223 0
vt 0.801464 0
f 839/969/513 838/970/514 977/971/514 976/972/513 

vt 0.803091 0.03
vt 0.801884 0.03
vn -2.01644e-16 0.827865 -0.560928
v 30.4906 11.0844 -71.608
vt 0.801884 0
vt 0.803091 0
f 838/973/514 837/974/515 978/975/515 977/976/514 

vt 0.803482 0.03
vt 0.802346 0.03
vn -2.0094e-16 0.829844 -0.557995
v 30.4906 11.1161 -71.5608
vt 0.802346 0
vt 0.803482 0
f 837/977/515 836/978/516 979/979/516 978/980/515 

vt 0.802666 0.03
vt 0.801642 0.03
vn -2.01441e-16 0.828438 -0.560081
v 30.4906 11.1447 -71.5183
vt 0.801642 0
vt 0.802666 0
f 836/981/516 835/982/517 980/983/517 979/984/516 

vt 0.799957 0.03
vt 0.793664 0.03
vn -2.02058e-16 0.826694 -0.562651
v 30.4906 11.3218 -71.258
vt 0.793664 0
vt 0.799957 0
f 835/985/517 834/986/518 981/987/518 980/988/517 

vt 0.793667 0.03
vt 0.762439 0.03
vn -2.02007e-16 0.826838 -0.562441
v 30.4906 12.2008 -69.9666
vt 0.762439 0
vt 0.793667 0
f 834/989/518 833/990/519 982/991/519 981/992/518 

vt 0.762575 0.03
vt 0.714774 0.03
vn -2.01891e-16 0.827168 -0.561955
v 30.4906 13.5452 -67.9891
vt 0.714774 0
vt 0.762575 0
f 833/993/519 832/994/520 983/995/520 982/996/519 

vt 0.714958 0.03
vt 0.656567 0.03
vn -2.01729e-16 0.827627 -0.561279
v 30.4906 15.1859 -65.5724
vt 0.656567 0
vt 0.714958 0
f 832/997/520 831/998/521 984/999/521 983/1000/520 

vt 0.656828 0.03
vt 0.593831 0.03
vn -2.01489e-16 0.828303 -0.56028
v 30.4906 16.9535 -62.9633
vt 0.593831 0
vt 0.656828 0
f 831/1001/521 830/1002/522 985/1003/522 984/1004/521 

vt 0.594226 0.03
vt 0.532607 0.03
vn -2.01098e-16 0.829402 -0.558653
v 30.4906 18.6787 -60.4088
vt 0.532607 0
vt 0.594226 0
f 830/1005/522 829/1006/523 986/1007/523 985/1008/522 

vt 0.533274 0.03
vt 0.479016 0.03
vn -2.00341e-16 0.831516 -0.555501
v 30.4906 20.1922 -58.1557
vt 0.479016 0
vt 0.533274 0
f 829/1009/523 828/1010/524 987/1011/524 986/1012/523 

vt 0.480391 0.03
vt 0.439476 0.03
vn -1.98129e-16 0.837576 -0.546321
v 30.4906 21.3248 -56.4509
vt 0.439476 0
vt 0.480391 0
f 828/1013/524 827/1014/525 988/1015/525 987/1016/524 

vt 0.443922 0.03
vt 0.423437 0.03
vn -1.70202e-16 0.901426 -0.432932
v 30.4906 21.8774 -55.5879
vt 0.423437 0
vt 0.443922 0
f 827/1017/525 826/1018/526 989/1019/526 988/1020/525 

vt 0.473566 0.03
vt 0.466068 0.03
vn -1.25055e-16 0.966334 -0.257291
v 30.4906 21.9975 -55.2326
vt 0.466068 0
vt 0.473566 0
f 826/1021/526 825/1022/527 990/1023/527 989/1024/526 

vt 0.481698 0.03
vt 0.471224 0.03
vn -1.00389e-16 0.986392 -0.164412
v 30.4906 22.0988 -54.7185
vt 0.471224 0
vt 0.481698 0
f 825/1025/527 824/1026/528 991/1027/528 990/1028/527 

vt 0.475542 0.03
vt 0.463248 0.03
vn -8.81693e-17 0.992884 -0.119087
v 30.4906 22.1821 -54.1092
vt 0.463248 0
vt 0.475542 0
f 824/1029/528 823/1030/529 992/1031/529 991/1032/528 

vt 0.464965 0.03
vt 0.452083 0.03
vn -8.08742e-17 0.995738 -0.0922325
v 30.4906 22.2482 -53.4681
vt 0.452083 0
vt 0.464965 0
f 823/1033/529 822/1034/530 993/1035/530 992/1036/529 

vt 0.452918 0.03
vt 0.4407 0.03
vn -7.60287e-17 0.997223 -0.0744776
v 30.4906 22.2982 -52.859
vt 0.4407 0
vt 0.452918 0
f 822/1037/530 821/1038/531 994/1039/531 993/1040/530 

vt 0.441162 0.03
vt 0.430868 0.03
vn -7.25898e-17 0.998081 -0.0619162
v 30.4906 22.3328 -52.3452
vt 0.430868 0
vt 0.441162 0
f 821/1041/531 820/1042/532 995/1043/532 994/1044/531 

vt 0.431146 0.03
vt 0.42404 0.03
vn -7.01117e-17 0.998601 -0.0528839
v 30.4906 22.3529 -51.9903
vt 0.42404 0
vt 0.431146 0
f 820/1045/532 819/1046/533 996/1047/533 995/1048/532 

vt 0.424207 0.03
vt 0.421557 0.03
vt 0.421557 0
vt 0.424207 0
f 819/1049/533 818/1050/442 908/1051/442 996/1052/533 

vn 1 5.55112e-17 -2.77556e-16
vt -0.419546 8.58899e-05
vt -0.41276 0.000337482
vt -0.402876 0.000745658
vt -0.391063 0.0013013
vt -0.378487 0.0019953
vt -0.366316 0.00281853
vt -0.355717 0.00376187
vt -0.347858 0.00481622
vt -0.329256 0.00981847
vt -0.292224 0.0215481
vt -0.243657 0.0377247
vt -0.189295 0.0562603
vt -0.134881 0.0750668
vt -0.0861559 0.0920564
vt -0.0488606 0.105141
vt -0.0287367 0.112233
vt -0.0263441 0.113089
vt -0.0239477 0.114013
vt -0.0200235 0.115581
vt -0.015215 0.1176
vt -0.0101652 0.119877
vt -0.00551727 0.122218
vt -0.00191448 0.124429
vt -0.000378303 0.127726
vt -0.00292688 0.128859
vt -0.00702857 0.129797
vt -0.0120784 0.130553
vt -0.0174714 0.13114
vt -0.0226025 0.13157
vt -0.0268668 0.131856
vt -0.0296594 0.132009
vt -0.0311148 0.132045
vt -0.0531343 0.132045
vt -0.0998724 0.132045
vt -0.162806 0.132045
vt -0.23341 0.132045
vt -0.303162 0.132045
vt -0.363538 0.132045
vt -0.406014 0.132045
vt -0.422067 0.132045
vt -0.438246 0.132045
vt -0.481029 0.132045
vt -0.541787 0.132045
vt -0.611894 0.132045
vt -0.682719 0.132045
vt -0.745635 0.132045
vt -0.792013 0.132045
vt -0.813225 0.132045
vt -0.814326 0.132039
vt -0.816468 0.131979
vt -0.819748 0.1318
vt -0.823753 0.131437
vt -0.828071 0.130826
vt -0.832289 0.129902
vt -0.835993 0.1286
vt -0.838772 0.126855
vt -0.839613 0.125453
vt -0.838862 0.124146
vt -0.837114 0.122632
vt -0.834645 0.121002
vt -0.831735 0.119347
vt -0.828662 0.117759
vt -0.825704 0.11633
vt -0.823139 0.115149
vt -0.821703 0.114513
vt -0.820841 0.114166
vt -0.81989 0.113807
vt -0.818888 0.113446
vt -0.81787 0.113091
vt -0.816872 0.112751
vt -0.81593 0.112433
vt -0.815079 0.112148
vt -0.809877 0.110376
vt -0.784061 0.101587
vt -0.74453 0.0881424
vt -0.69622 0.0717358
vt -0.644065 0.0540601
vt -0.593001 0.036808
vt -0.547962 0.0216726
vt -0.513883 0.0103466
vt -0.49663 0.00482051
vt -0.489528 0.00361952
vt -0.479251 0.00260695
vt -0.467071 0.00177406
vt -0.454257 0.00111216
vt -0.442079 0.000612514
vt -0.431808 0.000266418
vt -0.424714 6.51517e-05
f 908/872/534 907/1053/534 909/1054/534 910/1055/534 911/1056/534 912/1057/534 913/1058/534 914/1059/534 915/1060/534 916/1061/534 917/1062/534 918/1063/534 919/1064/534 920/1065/534 921/1066/534 922/1067/534 923/1068/534 924/1069/534 925/1070/534 926/1071/534 927/1072/534 928/1073/534 929/1074/534 930/1075/534 931/700/534 932/1076/534 933/1077/534 934/1078/534 935/1079/534 936/1080/534 937/1081/534 938/1082/534 939/1083/534 940/1084/534 941/1085/534 942/1086/534 943/1087/534 944/1088/534 945/1089/534 946/1090/534 947/1091/534 948/1092/534 949/1093/534 950/1094/534 951/1095/534 952/1096/534 953/1097/534 954/1098/534 955/1099/534 956/1100/534 957/1101/534 958/1102/534 959/1103/534 960/1104/534 961/1105/534 962/1106/534 963/1107/534 964/1108/534 965/1109/534 966/1110/534 967/1111/534 968/1112/534 969/1113/534 970/1114/534 971/1115/534 972/1116/534 973/1117/534 974/1118/534 975/1119/534 976/1120/534 977/1121/534 978/1122/534 979/1123/534 980/1124/534 981/1125/534 982/1126/534 983/1127/534 984/1128/534 985/1129/534 986/1130/534 987/1131/534 988/1132/534 989/1133/534 990/1134/534 991/1135/534 992/1136/534 993/1137/534 994/1138/534 995/1139/534 996/1140/534 

g Mesh11 ___531_2 ___2_1 Model

v 167.965 22.3257 -51.3923
v 167.965 22.2849 -50.8978
v 167.965 22.2293 -50.3069
v 167.965 22.1599 -49.6778
v 167.965 22.0776 -49.0689
v 167.965 21.9833 -48.5387
v 167.965 21.8778 -48.1456
v 167.965 21.3776 -47.215
v 167.965 20.2046 -45.3625
v 167.965 18.587 -42.9329
v 167.965 16.7334 -40.2134
v 167.965 14.8528 -37.4914
v 167.965 13.1538 -35.0539
v 167.965 11.8454 -33.1882
v 167.965 11.1362 -32.1815
v 167.965 11.0506 -32.0618
v 167.965 10.9582 -31.9419
v 167.965 10.8014 -31.7456
v 167.965 10.5994 -31.5051
v 167.965 10.3718 -31.2525
v 167.965 10.1377 -31.0199
v 167.965 9.91656 -30.8397
v 167.965 9.72771 -30.7439
v 167.965 9.5869 -30.7629
v 167.965 9.47361 -30.8904
v 167.965 9.37976 -31.0956
v 167.965 9.30412 -31.3482
v 167.965 9.24542 -31.618
v 167.965 9.20242 -31.8746
v 167.965 9.17388 -32.088
v 167.965 9.15853 -32.2277
v 167.965 9.15492 -32.3005
v 167.965 9.15492 -33.402
v 167.965 9.15492 -35.7401
v 167.965 9.15492 -38.8883
v 167.965 9.15492 -42.4203
v 167.965 9.15492 -45.9096
v 167.965 9.15492 -48.9299
v 167.965 9.15492 -51.0548
v 167.965 9.15492 -51.8579
v 167.965 9.15492 -52.6672
v 167.965 9.15492 -54.8074
v 167.965 9.15492 -57.8469
v 167.965 9.15492 -61.3539
v 167.965 9.15492 -64.897
v 167.965 9.15492 -68.0443
v 167.965 9.15492 -70.3644
v 167.965 9.15492 -71.4255
v 167.965 9.15555 -71.4806
v 167.965 9.16158 -71.5878
v 167.965 9.17948 -71.7519
v 167.965 9.21574 -71.9522
v 167.965 9.27684 -72.1682
v 167.965 9.36924 -72.3792
v 167.965 9.49944 -72.5645
v 167.965 9.67391 -72.7035
v 167.965 9.81416 -72.7456
v 167.965 9.94488 -72.708
v 167.965 10.0963 -72.6206
v 167.965 10.2593 -72.4971
v 167.965 10.4247 -72.3515
v 167.965 10.5835 -72.1978
v 167.965 10.7265 -72.0498
v 167.965 10.8446 -71.9215
v 167.965 10.9081 -71.8497
v 167.965 10.9429 -71.8065
v 167.965 10.9787 -71.759
v 167.965 11.0148 -71.7088
v 167.965 11.0503 -71.6579
v 167.965 11.0844 -71.608
v 167.965 11.1161 -71.5608
v 167.965 11.1447 -71.5183
v 167.965 11.3218 -71.258
v 167.965 12.2008 -69.9666
v 167.965 13.5452 -67.9891
v 167.965 15.1859 -65.5724
v 167.965 16.9535 -62.9633
v 167.965 18.6787 -60.4088
v 167.965 20.1922 -58.1557
v 167.965 21.3248 -56.4509
v 167.965 21.8774 -55.5879
v 167.965 21.9975 -55.2326
v 167.965 22.0988 -54.7185
v 167.965 22.1821 -54.1092
v 167.965 22.2482 -53.4681
v 167.965 22.2982 -52.859
v 167.965 22.3328 -52.3452
v 167.965 22.3529 -51.9903
v 167.965 22.3595 -51.8579
v 167.965 22.3509 -51.7317
f 997/722/534 998/721/534 999/720/534 1000/719/534 1001/718/534 1002/717/534 1003/716/534 1004/715/534 1005/714/534 1006/713/534 1007/712/534 1008/711/534 1009/710/534 1010/709/534 1011/708/534 1012/707/534 1013/706/534 1014/705/534 1015/704/534 1016/703/534 1017/702/534 1018/701/534 1019/700/534 1020/699/534 1021/698/534 1022/697/534 1023/696/534 1024/695/534 1025/694/534 1026/693/534 1027/692/534 1028/691/534 1029/690/534 1030/689/534 1031/688/534 1032/687/534 1033/686/534 1034/685/534 1035/684/534 1036/683/534 1037/682/534 1038/681/534 1039/680/534 1040/679/534 1041/678/534 1042/677/534 1043/676/534 1044/675/534 1045/674/534 1046/673/534 1047/672/534 1048/671/534 1049/670/534 1050/669/534 1051/668/534 1052/667/534 1053/666/534 1054/665/534 1055/664/534 1056/663/534 1057/662/534 1058/661/534 1059/660/534 1060/659/534 1061/658/534 1062/657/534 1063/656/534 1064/655/534 1065/654/534 1066/653/534 1067/652/534 1068/651/534 1069/650/534 1070/649/534 1071/648/534 1072/647/534 1073/646/534 1074/645/534 1075/644/534 1076/643/534 1077/642/534 1078/641/534 1079/640/534 1080/639/534 1081/638/534 1082/637/534 1083/636/534 1084/635/534 1085/634/534 1086/633/534 

v 164.965 22.3257 -51.3923
v 164.965 22.2849 -50.8978
f 1087/734/444 1088/733/445 998/732/445 997/731/444 

v 164.965 22.3529 -51.9903
v 164.965 22.3328 -52.3452
v 164.965 22.2982 -52.859
v 164.965 22.2482 -53.4681
v 164.965 22.1821 -54.1092
v 164.965 22.0988 -54.7185
v 164.965 21.9975 -55.2326
v 164.965 21.8774 -55.5879
v 164.965 21.3248 -56.4509
v 164.965 20.1922 -58.1557
v 164.965 18.6787 -60.4088
v 164.965 16.9535 -62.9633
v 164.965 15.1859 -65.5724
v 164.965 13.5452 -67.9891
v 164.965 12.2008 -69.9666
v 164.965 11.3218 -71.258
v 164.965 11.1447 -71.5183
v 164.965 11.1161 -71.5608
v 164.965 11.0844 -71.608
v 164.965 11.0503 -71.6579
v 164.965 11.0148 -71.7088
v 164.965 10.9787 -71.759
v 164.965 10.9429 -71.8065
v 164.965 10.9081 -71.8497
v 164.965 10.8446 -71.9215
v 164.965 10.7265 -72.0498
v 164.965 10.5835 -72.1978
v 164.965 10.4247 -72.3515
v 164.965 10.2593 -72.4971
v 164.965 10.0963 -72.6206
v 164.965 9.94488 -72.708
v 164.965 9.81416 -72.7456
v 164.965 9.67391 -72.7035
v 164.965 9.49944 -72.5645
v 164.965 9.36924 -72.3792
v 164.965 9.27684 -72.1682
v 164.965 9.21574 -71.9522
v 164.965 9.17948 -71.7519
v 164.965 9.16158 -71.5878
v 164.965 9.15555 -71.4806
v 164.965 9.15492 -71.4255
v 164.965 9.15492 -70.3644
v 164.965 9.15492 -68.0443
v 164.965 9.15492 -64.897
v 164.965 9.15492 -61.3539
v 164.965 9.15492 -57.8469
v 164.965 9.15492 -54.8074
v 164.965 9.15492 -52.6672
v 164.965 9.15492 -51.8579
v 164.965 9.15492 -51.0548
v 164.965 9.15492 -48.9299
v 164.965 9.15492 -45.9096
v 164.965 9.15492 -42.4203
v 164.965 9.15492 -38.8883
v 164.965 9.15492 -35.7401
v 164.965 9.15492 -33.402
v 164.965 9.15492 -32.3005
v 164.965 9.15853 -32.2277
v 164.965 9.17388 -32.088
v 164.965 9.20242 -31.8746
v 164.965 9.24542 -31.618
v 164.965 9.30412 -31.3482
v 164.965 9.37976 -31.0956
v 164.965 9.47361 -30.8904
v 164.965 9.5869 -30.7629
v 164.965 9.72771 -30.7439
v 164.965 9.91656 -30.8397
v 164.965 10.1377 -31.0199
v 164.965 10.3718 -31.2525
v 164.965 10.5994 -31.5051
v 164.965 10.8014 -31.7456
v 164.965 10.9582 -31.9419
v 164.965 11.0506 -32.0618
v 164.965 11.1362 -32.1815
v 164.965 11.8454 -33.1882
v 164.965 13.1538 -35.0539
v 164.965 14.8528 -37.4914
v 164.965 16.7334 -40.2134
v 164.965 18.587 -42.9329
v 164.965 20.2046 -45.3625
v 164.965 21.3776 -47.215
v 164.965 21.8778 -48.1456
v 164.965 21.9833 -48.5387
v 164.965 22.0776 -49.0689
v 164.965 22.1599 -49.6778
v 164.965 22.2293 -50.3069
v 164.965 22.3509 -51.7317
v 164.965 22.3595 -51.8579
f 1089/1140/441 1090/1139/441 1091/1138/441 1092/1137/441 1093/1136/441 1094/1135/441 1095/1134/441 1096/1133/441 1097/1132/441 1098/1131/441 1099/1130/441 1100/1129/441 1101/1128/441 1102/1127/441 1103/1126/441 1104/1125/441 1105/1124/441 1106/1123/441 1107/1122/441 1108/1121/441 1109/1120/441 1110/1119/441 1111/1118/441 1112/1117/441 1113/1116/441 1114/1115/441 1115/1114/441 1116/1113/441 1117/1112/441 1118/1111/441 1119/1110/441 1120/1109/441 1121/1108/441 1122/1107/441 1123/1106/441 1124/1105/441 1125/1104/441 1126/1103/441 1127/1102/441 1128/1101/441 1129/1100/441 1130/1099/441 1131/1098/441 1132/1097/441 1133/1096/441 1134/1095/441 1135/1094/441 1136/1093/441 1137/1092/441 1138/1091/441 1139/1090/441 1140/1089/441 1141/1088/441 1142/1087/441 1143/1086/441 1144/1085/441 1145/1084/441 1146/1083/441 1147/1082/441 1148/1081/441 1149/1080/441 1150/1079/441 1151/1078/441 1152/1077/441 1153/1076/441 1154/700/441 1155/1075/441 1156/1074/441 1157/1073/441 1158/1072/441 1159/1071/441 1160/1070/441 1161/1069/441 1162/1068/441 1163/1067/441 1164/1066/441 1165/1065/441 1166/1064/441 1167/1063/441 1168/1062/441 1169/1061/441 1170/1060/441 1171/1059/441 1172/1058/441 1173/1057/441 1174/1056/441 1088/1055/441 1087/1054/441 1175/1053/441 1176/872/441 

f 1090/1048/532 1089/1047/533 1084/1046/533 1083/1045/532 

f 1089/1052/533 1176/1051/442 1085/1050/442 1084/1049/533 

f 1176/726/442 1175/725/443 1086/724/443 1085/723/442 

f 1175/730/443 1087/729/444 997/728/444 1086/727/443 

f 1091/1044/531 1090/1043/532 1083/1042/532 1082/1041/531 

f 1092/1040/530 1091/1039/531 1082/1038/531 1081/1037/530 

f 1093/1036/529 1092/1035/530 1081/1034/530 1080/1033/529 

f 1094/1032/528 1093/1031/529 1080/1030/529 1079/1029/528 

f 1095/1028/527 1094/1027/528 1079/1026/528 1078/1025/527 

f 1096/1024/526 1095/1023/527 1078/1022/527 1077/1021/526 

f 1097/1020/525 1096/1019/526 1077/1018/526 1076/1017/525 

f 1098/1016/524 1097/1015/525 1076/1014/525 1075/1013/524 

f 1099/1012/523 1098/1011/524 1075/1010/524 1074/1009/523 

f 1100/1008/522 1099/1007/523 1074/1006/523 1073/1005/522 

f 1101/1004/521 1100/1003/522 1073/1002/522 1072/1001/521 

f 1102/1000/520 1101/999/521 1072/998/521 1071/997/520 

f 1103/996/519 1102/995/520 1071/994/520 1070/993/519 

f 1104/992/518 1103/991/519 1070/990/519 1069/989/518 

f 1105/988/517 1104/987/518 1069/986/518 1068/985/517 

f 1106/984/516 1105/983/517 1068/982/517 1067/981/516 

f 1107/980/515 1106/979/516 1067/978/516 1066/977/515 

f 1108/976/514 1107/975/515 1066/974/515 1065/973/514 

f 1109/972/513 1108/971/514 1065/970/514 1064/969/513 

f 1110/968/512 1109/967/513 1064/966/513 1063/965/512 

f 1111/964/511 1110/963/512 1063/962/512 1062/961/511 

f 1112/960/510 1111/959/511 1062/958/511 1061/957/510 

f 1113/956/509 1112/955/510 1061/954/510 1060/953/509 

f 1114/952/508 1113/951/509 1060/950/509 1059/949/508 

f 1115/948/507 1114/947/508 1059/946/508 1058/945/507 

f 1116/944/506 1115/943/507 1058/942/507 1057/941/506 

f 1117/940/505 1116/939/506 1057/938/506 1056/937/505 

f 1118/936/504 1117/935/505 1056/934/505 1055/933/504 

f 1119/932/503 1118/931/504 1055/930/504 1054/929/503 

f 1120/928/502 1119/927/503 1054/926/503 1053/925/502 

f 1121/924/501 1120/923/501 1053/922/501 1052/921/501 

f 1122/920/499 1121/919/500 1052/918/500 1051/917/499 

f 1123/916/498 1122/915/499 1051/914/499 1050/913/498 

f 1124/912/497 1123/911/498 1050/910/498 1049/909/497 

f 1125/908/496 1124/907/497 1049/906/497 1048/905/496 

f 1126/904/495 1125/903/496 1048/902/496 1047/901/495 

f 1127/900/494 1126/899/495 1047/898/495 1046/897/494 

f 1128/896/493 1127/895/494 1046/894/494 1045/893/493 

f 1129/892/492 1128/891/493 1045/890/493 1044/889/492 

f 1130/886/491 1129/888/492 1044/887/492 1043/885/491 

f 1131/884/490 1130/886/491 1043/885/491 1042/883/490 

f 1132/882/489 1131/884/490 1042/883/490 1041/881/489 

f 1133/880/488 1132/882/489 1041/881/489 1040/879/488 

f 1134/878/487 1133/880/488 1040/879/488 1039/877/487 

f 1135/876/486 1134/878/487 1039/877/487 1038/875/486 

f 1136/874/485 1135/876/486 1038/875/486 1037/873/485 

f 1137/872/484 1136/874/485 1037/873/485 1036/871/484 

f 1138/870/483 1137/872/484 1036/871/484 1035/869/483 

f 1139/868/482 1138/870/483 1035/869/483 1034/867/482 

f 1140/866/481 1139/868/482 1034/867/482 1033/865/481 

f 1141/864/480 1140/866/481 1033/865/481 1032/863/480 

f 1142/862/479 1141/864/480 1032/863/480 1031/861/479 

f 1143/860/478 1142/862/479 1031/861/479 1030/859/478 

f 1144/857/477 1143/860/478 1030/859/478 1029/856/477 

f 1145/858/476 1144/857/477 1029/856/477 1028/855/476 

f 1146/854/475 1145/853/476 1028/852/476 1027/851/475 

f 1147/850/474 1146/849/475 1027/848/475 1026/847/474 

f 1148/846/473 1147/845/474 1026/844/474 1025/843/473 

f 1149/842/472 1148/841/473 1025/840/473 1024/839/472 

f 1150/838/471 1149/837/472 1024/836/472 1023/835/471 

f 1151/834/470 1150/833/471 1023/832/471 1022/831/470 

f 1152/830/469 1151/829/470 1022/828/470 1021/827/469 

f 1153/826/468 1152/825/469 1021/824/469 1020/823/468 

f 1154/822/467 1153/821/467 1020/820/467 1019/819/467 

f 1155/818/465 1154/817/466 1019/816/466 1018/815/465 

f 1156/814/464 1155/813/465 1018/812/465 1017/811/464 

f 1157/810/463 1156/809/464 1017/808/464 1016/807/463 

f 1158/806/462 1157/805/463 1016/804/463 1015/803/462 

f 1159/802/461 1158/801/462 1015/800/462 1014/799/461 

f 1160/798/460 1159/797/461 1014/796/461 1013/795/460 

f 1161/794/459 1160/793/460 1013/792/460 1012/791/459 

f 1162/790/458 1161/789/459 1012/788/459 1011/787/458 

f 1163/786/457 1162/785/458 1011/784/458 1010/783/457 

f 1164/782/456 1163/781/457 1010/780/457 1009/779/456 

f 1165/778/455 1164/777/456 1009/776/456 1008/775/455 

f 1166/774/454 1165/773/455 1008/772/455 1007/771/454 

f 1167/770/453 1166/769/454 1007/768/454 1006/767/453 

f 1168/766/452 1167/765/453 1006/764/453 1005/763/452 

f 1169/762/451 1168/761/452 1005/760/452 1004/759/451 

f 1170/758/450 1169/757/451 1004/756/451 1003/755/450 

f 1171/754/449 1170/753/450 1003/752/450 1002/751/449 

f 1172/750/448 1171/749/449 1002/748/449 1001/747/448 

f 1173/746/447 1172/745/448 1001/744/448 1000/743/447 

f 1174/742/446 1173/741/447 1000/740/447 999/739/446 

f 1088/738/445 1174/737/446 999/736/446 998/735/445 

g Mesh12 ___539_2 Model

v 163.032 11.1815 -72.3858
vn -0.000302609 0.942938 -0.332967
v 186.36 2.88242 -95.9093
v 9.2331 2.82882 -95.9001
v 32.3669 11.1419 -72.379
f 1177/22/535 1178/21/535 1179/20/535 1180/19/535 

v 163.033 8.35264 -71.3869
vn 0.730381 0.227638 0.643992
v 186.361 0.0536001 -94.9104
f 1181/34/536 1182/33/536 1178/32/536 1177/31/536 

vn 0.000302609 -0.942938 0.332967
v 32.3678 8.3131 -71.3801
v 9.23401 -1.07152e-14 -94.9012
f 1182/42/537 1181/41/537 1183/40/537 1184/39/537 

vn -5.18589e-05 0.332967 0.942939
f 1183/30/538 1181/29/538 1177/28/538 1180/27/538 

vn -0.73325 0.226194 0.641233
f 1184/26/539 1183/25/539 1180/24/539 1179/23/539 

vn 5.18589e-05 -0.332967 -0.942939
f 1182/38/540 1184/37/540 1179/36/540 1178/35/540 

