# Alias OBJ Model File
# Exported from SketchUp, (c) 2000-2012 Trimble Navigation Limited
# File units = millimeters

mtllib 2.mtl

g Mesh1 ___29_1 Model

usemtl _
v 299.258 150.72 -116.592
vt -5.98206 1.12799e-16
vn 4.43632e-11 1 5.55112e-16
v 302.124 150.72 -116.592
vt -6.03936 1.12799e-16
v 302.124 150.72 -119.592
vt -6.03936 0.03
v 299.258 150.72 -119.592
vt -5.98206 0.03
f 1/1/1 2/2/1 3/3/1 4/4/1 

v 0.00481165 82.3989 -116.592
vt 0 0.823989
vn 2.70228e-27 -4.86448e-16 1
v 175.764 82.3989 -116.592
vt -3.51342 0.823989
v 351.523 82.3989 -116.592
vt -7.02684 0.823989
v 351.523 164.494 -116.592
vt -7.02684 1.64494
v 302.124 164.494 -116.592
vt -6.03936 1.64494
vt -6.03936 1.5072
vt -5.98206 1.5072
v 299.258 164.494 -116.592
vt -5.98206 1.64494
v 252.091 164.494 -116.592
vt -5.0392 1.64494
v 252.091 150.72 -116.592
vt -5.0392 1.5072
v 249.225 150.72 -116.592
vt -4.9819 1.5072
v 249.225 164.494 -116.592
vt -4.9819 1.64494
v 202.068 164.494 -116.592
vt -4.03923 1.64494
v 202.068 150.72 -116.592
vt -4.03923 1.5072
v 199.202 150.72 -116.592
vt -3.98194 1.5072
v 199.202 164.494 -116.592
vt -3.98194 1.64494
v 175.764 164.494 -116.592
vt -3.51342 1.64494
v 152.326 164.494 -116.592
vt -3.0449 1.64494
v 152.326 150.72 -116.592
vt -3.0449 1.5072
v 149.46 150.72 -116.592
vt -2.98761 1.5072
v 149.46 164.494 -116.592
vt -2.98761 1.64494
v 102.303 164.494 -116.592
vt -2.04494 1.64494
v 102.303 150.72 -116.592
vt -2.04494 1.5072
v 99.4368 150.72 -116.592
vt -1.98765 1.5072
v 99.4368 164.494 -116.592
vt -1.98765 1.64494
v 52.2698 164.494 -116.592
vt -1.04478 1.64494
v 52.2698 150.72 -116.592
vt -1.04478 1.5072
v 49.4038 150.72 -116.592
vt -0.987485 1.5072
v 49.4038 164.494 -116.592
vt -0.987485 1.64494
v 0.00481165 164.494 -116.592
vt -6.09322e-43 1.64494
f 5/5/2 6/6/2 7/7/2 8/8/2 9/9/2 2/10/2 1/11/2 10/12/2 11/13/2 12/14/2 13/15/2 14/16/2 15/17/2 16/18/2 17/19/2 18/20/2 19/21/2 20/22/2 21/23/2 22/24/2 23/25/2 24/26/2 25/27/2 26/28/2 27/29/2 28/30/2 29/31/2 30/32/2 31/33/2 32/34/2 

v 220.338 3.26314 -116.592
vt -4.40445 0.0326314
vn -7.84258e-33 -5.55112e-16 1
v 220.338 3.2076 -116.592
vt -4.40445 0.032076
v 220.338 2.99594 -116.592
vt -4.40445 0.0299594
v 220.338 2.69509 -116.592
vt -4.40445 0.0269509
v 220.338 2.34751 -116.592
vt -4.40445 0.0234751
v 220.338 1.99569 -116.592
vt -4.40445 0.0199569
v 220.338 1.6821 -116.592
vt -4.40445 0.016821
v 220.338 1.4492 -116.592
vt -4.40445 0.014492
v 220.338 1.33948 -116.592
vt -4.40445 0.0133948
v 220.369 1.1245 -116.592
vt -4.40509 0.011245
v 220.493 0.875176 -116.592
vt -4.40756 0.00875176
v 220.701 0.647296 -116.592
vt -4.41172 0.00647296
v 220.984 0.445853 -116.592
vt -4.41738 0.00445853
v 221.333 0.275834 -116.592
vt -4.42435 0.00275834
v 221.738 0.142229 -116.592
vt -4.43244 0.00142229
v 222.189 0.0500272 -116.592
vt -4.44146 0.000500272
v 222.677 0.0042169 -116.592
vt -4.45121 4.2169e-05
v 223.136 4.63009e-09 -116.592
vt -4.46039 4.63002e-11
v 224.542 4.56706e-09 -116.592
vt -4.4885 4.56699e-11
v 226.858 4.46287e-09 -116.592
vt -4.5348 4.46281e-11
v 229.721 4.33424e-09 -116.592
vt -4.59202 4.33418e-11
v 232.765 4.19748e-09 -116.592
vt -4.65287 4.19742e-11
v 235.627 4.06889e-09 -116.592
vt -4.71009 4.06883e-11
v 237.943 3.96485e-09 -116.592
vt -4.75639 3.96478e-11
v 239.35 3.90177e-09 -116.592
vt -4.7845 3.90171e-11
v 239.801 0.00405837 -116.592
vt -4.79353 4.05837e-05
v 240.271 0.0481465 -116.592
vt -4.80292 0.000481465
v 240.705 0.136882 -116.592
vt -4.8116 0.00136882
v 241.094 0.265465 -116.592
vt -4.81938 0.00265465
v 241.43 0.429092 -116.592
vt -4.82609 0.00429092
v 241.702 0.622963 -116.592
vt -4.83154 0.00622963
v 241.903 0.842275 -116.592
vt -4.83554 0.00842275
v 242.022 1.08223 -116.592
vt -4.83792 0.0108223
v 242.052 1.28934 -116.592
vt -4.83853 0.0128934
v 242.052 1.40189 -116.592
vt -4.83853 0.0140189
v 242.052 1.64078 -116.592
vt -4.83853 0.0164078
v 242.052 1.96244 -116.592
vt -4.83853 0.0196244
v 242.052 2.32332 -116.592
vt -4.83853 0.0232332
v 242.052 2.67984 -116.592
vt -4.83853 0.0267984
v 242.052 2.98843 -116.592
vt -4.83853 0.0298843
v 242.052 3.20554 -116.592
vt -4.83853 0.0320554
v 242.052 3.26314 -116.592
vt -4.83853 0.0326314
v 307.289 3.26314 -116.592
vt -6.1426 0.0326314
v 307.289 3.2076 -116.592
vt -6.1426 0.032076
v 307.289 2.99594 -116.592
vt -6.1426 0.0299594
v 307.289 2.69509 -116.592
vt -6.1426 0.0269509
v 307.289 2.34751 -116.592
vt -6.1426 0.0234751
v 307.289 1.99569 -116.592
vt -6.1426 0.0199569
v 307.289 1.6821 -116.592
vt -6.1426 0.016821
v 307.289 1.4492 -116.592
vt -6.1426 0.014492
v 307.289 1.33948 -116.592
vt -6.1426 0.0133948
v 307.32 1.1245 -116.592
vt -6.14324 0.011245
v 307.444 0.875176 -116.592
vt -6.14571 0.00875176
v 307.652 0.647296 -116.592
vt -6.14987 0.00647296
v 307.935 0.445853 -116.592
vt -6.15553 0.00445853
v 308.284 0.275834 -116.592
vt -6.1625 0.00275834
v 308.688 0.142229 -116.592
vt -6.17059 0.00142229
v 309.14 0.0500272 -116.592
vt -6.1796 0.000500272
v 309.628 0.00421689 -116.592
vt -6.18936 4.21689e-05
v 310.087 7.28472e-10 -116.592
vt -6.19854 7.28409e-12
v 311.493 6.6526e-10 -116.592
vt -6.22665 6.65196e-12
v 313.809 5.61169e-10 -116.592
vt -6.27295 5.61106e-12
v 316.672 4.32624e-10 -116.592
vt -6.33017 4.3256e-12
v 319.716 2.95912e-10 -116.592
vt -6.39102 2.95848e-12
v 322.578 1.67276e-10 -116.592
vt -6.44824 1.67213e-12
v 324.894 6.32761e-11 -116.592
vt -6.49454 6.32124e-13
v 326.301 6.37026e-14 -116.592
vt -6.52265 0
v 326.752 0.00405837 -116.592
vt -6.53168 4.05837e-05
v 327.222 0.0481465 -116.592
vt -6.54107 0.000481465
v 327.656 0.136882 -116.592
vt -6.54975 0.00136882
v 328.045 0.265465 -116.592
vt -6.55753 0.00265465
v 328.381 0.429092 -116.592
vt -6.56424 0.00429092
v 328.653 0.622963 -116.592
vt -6.56969 0.00622963
v 328.854 0.842275 -116.592
vt -6.57369 0.00842275
v 328.973 1.08223 -116.592
vt -6.57607 0.0108223
v 329.003 1.28934 -116.592
vt -6.57668 0.0128934
v 329.003 1.40189 -116.592
vt -6.57668 0.0140189
v 329.003 1.64078 -116.592
vt -6.57668 0.0164078
v 329.003 1.96244 -116.592
vt -6.57668 0.0196244
v 329.003 2.32332 -116.592
vt -6.57668 0.0232332
v 329.003 2.67984 -116.592
vt -6.57668 0.0267984
v 329.003 2.98843 -116.592
vt -6.57668 0.0298843
v 329.003 3.20554 -116.592
vt -6.57668 0.0320554
v 329.003 3.26314 -116.592
vt -6.57668 0.0326314
v 351.523 3.26314 -116.592
vt -7.02684 0.0326314
v 0.00481165 3.26314 -116.592
vt 0 0.0326314
v 22.5243 3.26314 -116.592
vt -0.450164 0.0326314
v 22.5243 3.20554 -116.592
vt -0.450164 0.0320554
v 22.5243 2.98843 -116.592
vt -0.450164 0.0298843
v 22.5243 2.67984 -116.592
vt -0.450164 0.0267984
v 22.5243 2.32332 -116.592
vt -0.450164 0.0232332
v 22.5243 1.96244 -116.592
vt -0.450164 0.0196244
v 22.5243 1.64078 -116.592
vt -0.450164 0.0164078
v 22.5243 1.40189 -116.592
vt -0.450164 0.0140189
v 22.5243 1.28934 -116.592
vt -0.450164 0.0128934
v 22.5548 1.08223 -116.592
vt -0.450774 0.0108223
v 22.6738 0.842275 -116.592
vt -0.453152 0.00842275
v 22.8741 0.622963 -116.592
vt -0.457156 0.00622963
v 23.1465 0.429092 -116.592
vt -0.462603 0.00429092
v 23.4821 0.265465 -116.592
vt -0.46931 0.00265465
v 23.8715 0.136882 -116.592
vt -0.477095 0.00136882
v 24.3057 0.0481465 -116.592
vt -0.485774 0.000481465
v 24.7755 0.00405837 -116.592
vt -0.495165 4.05837e-05
v 25.2268 6.75846e-09 -116.592
vt -0.504188 6.7584e-11
v 26.6331 6.75846e-09 -116.592
vt -0.532299 6.7584e-11
v 28.9494 6.75855e-09 -116.592
vt -0.578601 6.75849e-11
v 31.8116 6.75855e-09 -116.592
vt -0.635818 6.75849e-11
v 34.8559 6.75855e-09 -116.592
vt -0.696673 6.75849e-11
v 37.7181 6.75846e-09 -116.592
vt -0.753889 6.7584e-11
v 40.0344 6.75855e-09 -116.592
vt -0.800191 6.75849e-11
v 41.4406 6.75846e-09 -116.592
vt -0.828302 6.7584e-11
v 41.8997 0.0042169 -116.592
vt -0.837478 4.2169e-05
v 42.3878 0.0500272 -116.592
vt -0.847236 0.000500272
v 42.839 0.142229 -116.592
vt -0.856255 0.00142229
v 43.2436 0.275834 -116.592
vt -0.864343 0.00275834
v 43.5922 0.445853 -116.592
vt -0.871312 0.00445853
v 43.8753 0.647296 -116.592
vt -0.876972 0.00647296
v 44.0835 0.875176 -116.592
vt -0.881132 0.00875176
v 44.2071 1.1245 -116.592
vt -0.883604 0.011245
v 44.2388 1.33948 -116.592
vt -0.884238 0.0133948
v 44.2388 1.4492 -116.592
vt -0.884238 0.014492
v 44.2388 1.6821 -116.592
vt -0.884238 0.016821
v 44.2388 1.99569 -116.592
vt -0.884238 0.0199569
v 44.2388 2.34751 -116.592
vt -0.884238 0.0234751
v 44.2388 2.69509 -116.592
vt -0.884238 0.0269509
v 44.2388 2.99594 -116.592
vt -0.884238 0.0299594
v 44.2388 3.2076 -116.592
vt -0.884238 0.032076
v 44.2388 3.26314 -116.592
vt -0.884238 0.0326314
v 109.475 3.26314 -116.592
vt -2.18831 0.0326314
v 109.475 3.20554 -116.592
vt -2.18831 0.0320554
v 109.475 2.98843 -116.592
vt -2.18831 0.0298843
v 109.475 2.67984 -116.592
vt -2.18831 0.0267984
v 109.475 2.32332 -116.592
vt -2.18831 0.0232332
v 109.475 1.96244 -116.592
vt -2.18831 0.0196244
v 109.475 1.64078 -116.592
vt -2.18831 0.0164078
v 109.475 1.40189 -116.592
vt -2.18831 0.0140189
v 109.475 1.28934 -116.592
vt -2.18831 0.0128934
v 109.506 1.08223 -116.592
vt -2.18892 0.0108223
v 109.625 0.842275 -116.592
vt -2.1913 0.00842275
v 109.825 0.622963 -116.592
vt -2.19531 0.00622963
v 110.097 0.429092 -116.592
vt -2.20075 0.00429092
v 110.433 0.265465 -116.592
vt -2.20746 0.00265465
v 110.822 0.136882 -116.592
vt -2.21524 0.00136882
v 111.257 0.0481465 -116.592
vt -2.22392 0.000481465
v 111.726 0.00405837 -116.592
vt -2.23331 4.05837e-05
v 112.178 6.75842e-09 -116.592
vt -2.24234 6.75835e-11
v 113.584 6.75842e-09 -116.592
vt -2.27045 6.75835e-11
v 115.9 6.75851e-09 -116.592
vt -2.31675 6.75844e-11
v 118.763 6.75851e-09 -116.592
vt -2.37397 6.75844e-11
v 121.807 6.75851e-09 -116.592
vt -2.43482 6.75844e-11
v 124.669 6.75842e-09 -116.592
vt -2.49204 6.75835e-11
v 126.985 6.75851e-09 -116.592
vt -2.53834 6.75844e-11
v 128.392 6.75842e-09 -116.592
vt -2.56645 6.75835e-11
v 128.851 0.0042169 -116.592
vt -2.57563 4.2169e-05
v 129.339 0.0500272 -116.592
vt -2.58539 0.000500272
v 129.79 0.142229 -116.592
vt -2.5944 0.00142229
v 130.195 0.275834 -116.592
vt -2.60249 0.00275834
v 130.543 0.445853 -116.592
vt -2.60946 0.00445853
v 130.826 0.647296 -116.592
vt -2.61512 0.00647296
v 131.034 0.875176 -116.592
vt -2.61928 0.00875176
v 131.158 1.1245 -116.592
vt -2.62175 0.011245
v 131.19 1.33948 -116.592
vt -2.62239 0.0133948
v 131.19 1.4492 -116.592
vt -2.62239 0.014492
v 131.19 1.6821 -116.592
vt -2.62239 0.016821
v 131.19 1.99569 -116.592
vt -2.62239 0.0199569
v 131.19 2.34751 -116.592
vt -2.62239 0.0234751
v 131.19 2.69509 -116.592
vt -2.62239 0.0269509
v 131.19 2.99594 -116.592
vt -2.62239 0.0299594
v 131.19 3.2076 -116.592
vt -2.62239 0.032076
v 131.19 3.26314 -116.592
vt -2.62239 0.0326314
v 175.764 3.26314 -116.592
vt -3.51342 0.0326314
f 33/35/3 34/36/3 35/37/3 36/38/3 37/39/3 38/40/3 39/41/3 40/42/3 41/43/3 42/44/3 43/45/3 44/46/3 45/47/3 46/48/3 47/49/3 48/50/3 49/51/3 50/52/3 51/53/3 52/54/3 53/55/3 54/56/3 55/57/3 56/58/3 57/59/3 58/60/3 59/61/3 60/62/3 61/63/3 62/64/3 63/65/3 64/66/3 65/67/3 66/68/3 67/69/3 68/70/3 69/71/3 70/72/3 71/73/3 72/74/3 73/75/3 74/76/3 75/77/3 76/78/3 77/79/3 78/80/3 79/81/3 80/82/3 81/83/3 82/84/3 83/85/3 84/86/3 85/87/3 86/88/3 87/89/3 88/90/3 89/91/3 90/92/3 91/93/3 92/94/3 93/95/3 94/96/3 95/97/3 96/98/3 97/99/3 98/100/3 99/101/3 100/102/3 101/103/3 102/104/3 103/105/3 104/106/3 105/107/3 106/108/3 107/109/3 108/110/3 109/111/3 110/112/3 111/113/3 112/114/3 113/115/3 114/116/3 115/117/3 116/118/3 117/119/3 7/7/3 6/6/3 5/5/3 118/120/3 119/121/3 120/122/3 121/123/3 122/124/3 123/125/3 124/126/3 125/127/3 126/128/3 127/129/3 128/130/3 129/131/3 130/132/3 131/133/3 132/134/3 133/135/3 134/136/3 135/137/3 136/138/3 137/139/3 138/140/3 139/141/3 140/142/3 141/143/3 142/144/3 143/145/3 144/146/3 145/147/3 146/148/3 147/149/3 148/150/3 149/151/3 150/152/3 151/153/3 152/154/3 153/155/3 154/156/3 155/157/3 156/158/3 157/159/3 158/160/3 159/161/3 160/162/3 161/163/3 162/164/3 163/165/3 164/166/3 165/167/3 166/168/3 167/169/3 168/170/3 169/171/3 170/172/3 171/173/3 172/174/3 173/175/3 174/176/3 175/177/3 176/178/3 177/179/3 178/180/3 179/181/3 180/182/3 181/183/3 182/184/3 183/185/3 184/186/3 185/187/3 186/188/3 187/189/3 188/190/3 189/191/3 190/192/3 191/193/3 192/194/3 193/195/3 194/196/3 195/197/3 196/198/3 197/199/3 198/200/3 199/201/3 200/202/3 201/203/3 202/204/3 203/205/3 

vt -0.0641199 0
vn -1 2.58454e-11 1.43471e-26
vt -0.0652302 0
vn -1 6.49865e-12 3.60747e-27
v 220.338 3.26314 -119.592
vt -0.0652302 0.03
v 220.338 3.2076 -119.592
vt -0.0641199 0.03
f 34/206/4 33/207/5 204/208/5 205/209/4 

vt 4.40445 0
vn -4.48715e-11 -1 -5.55112e-16
vt 3.51342 0
vn -2.24357e-11 -1 -5.55112e-16
v 175.764 3.26314 -119.592
vt 3.51342 0.03
vt 4.40445 0.03
f 33/210/6 203/211/7 206/212/7 204/213/6 

vt 2.62239 0
vn 0 -1 -5.55112e-16
v 131.19 3.26314 -119.592
vt 2.62239 0.03
f 203/211/7 202/214/8 207/215/8 206/212/7 

vt 0.0652302 0
vn 1 0 -0
vt 0.0641199 0
v 131.19 3.2076 -119.592
vt 0.0641199 0.03
vt 0.0652302 0.03
f 202/216/9 201/217/9 208/218/9 207/219/9 

vt 0.0598888 0
v 131.19 2.99594 -119.592
vt 0.0598888 0.03
f 201/217/9 200/220/9 209/221/9 208/218/9 

vt 0.0538748 0
v 131.19 2.69509 -119.592
vt 0.0538748 0.03
f 200/220/9 199/222/9 210/223/9 209/221/9 

vt 0.0469268 0
v 131.19 2.34751 -119.592
vt 0.0469268 0.03
f 199/222/9 198/224/9 211/225/9 210/223/9 

vt 0.0398939 0
v 131.19 1.99569 -119.592
vt 0.0398939 0.03
f 198/224/9 197/226/9 212/227/9 211/225/9 

vt 0.0336251 0
v 131.19 1.6821 -119.592
vt 0.0336251 0.03
f 197/226/9 196/228/9 213/229/9 212/227/9 

vt 0.0289695 0
v 131.19 1.4492 -119.592
vt 0.0289695 0.03
f 196/228/9 195/230/9 214/231/9 213/229/9 

vt 0.0267762 0
vn 0.997323 -0.0731262 -4.05932e-17
v 131.19 1.33948 -119.592
vt 0.0267762 0.03
f 195/230/9 194/232/10 215/233/10 214/231/9 

vt 0.408993 0
vt 0.404649 0
vn 0.954337 -0.298733 -1.6583e-16
v 131.158 1.1245 -119.592
vt 0.404649 0.03
vt 0.408993 0.03
f 194/234/10 193/235/11 216/236/11 215/237/10 

vt 1.18488 0
vt 1.17931 0
vn 0.825202 -0.564838 -3.13548e-16
v 131.034 0.875176 -119.592
vt 1.17931 0.03
vt 1.18488 0.03
f 193/238/11 192/239/12 217/240/12 216/241/11 

vt 1.77931 0
vt 1.77314 0
vn 0.66279 -0.748805 -4.1567e-16
v 130.826 0.647296 -119.592
vt 1.77314 0.03
vt 1.77931 0.03
f 192/242/12 191/243/13 218/244/13 217/245/12 

vt 2.13831 0
vt 2.13136 0
vn 0.510767 -0.859719 -4.7724e-16
v 130.543 0.445853 -119.592
vt 2.13136 0.03
vt 2.13831 0.03
f 191/246/13 190/247/14 219/248/14 218/249/13 

vt 2.34932 0
vt 2.34157 0
vn 0.376794 -0.926297 -5.14198e-16
v 130.195 0.275834 -119.592
vt 2.34157 0.03
vt 2.34932 0.03
f 190/250/14 189/251/15 220/252/15 219/253/14 

vt 2.47299 0
vt 2.46447 0
vn 0.25733 -0.966324 -5.36417e-16
v 129.79 0.142229 -119.592
vt 2.46447 0.03
vt 2.47299 0.03
f 189/254/15 188/255/16 221/256/16 220/257/15 

vt 2.54243 0
vt 2.53323 0
vn 0.147048 -0.989129 -5.49077e-16
v 129.339 0.0500272 -119.592
vt 2.53323 0.03
vt 2.54243 0.03
f 188/258/16 187/259/17 222/260/17 221/261/16 

vt 2.57417 0
vt 2.56437 0
vn 0.0513548 -0.99868 -5.54379e-16
v 128.851 0.0042169 -119.592
vt 2.56437 0.03
vt 2.57417 0.03
f 187/262/17 186/263/18 223/264/18 222/265/17 

vt 2.57552 0
vt 2.56634 0
vn 0.00459311 -0.999989 -5.55106e-16
v 128.392 6.75842e-09 -119.592
vt 2.56634 0.03
vt 2.57552 0.03
f 186/266/18 185/267/19 224/268/19 223/269/18 

vt 2.56645 0
vt 2.53834 0
vn -1.26054e-14 -1 -5.55112e-16
v 126.985 6.75851e-09 -119.592
vt 2.53834 0.03
vt 2.56645 0.03
f 185/270/19 184/271/20 225/272/20 224/273/19 

vt 2.49204 0
vn 3.71588e-15 -1 -5.55112e-16
v 124.669 6.75842e-09 -119.592
vt 2.49204 0.03
f 184/271/20 183/274/21 226/275/21 225/272/20 

vt 2.43482 0
vn -1.57636e-14 -1 -5.55112e-16
v 121.807 6.75851e-09 -119.592
vt 2.43482 0.03
f 183/274/21 182/276/22 227/277/22 226/275/21 

vt 2.37397 0
v 118.763 6.75851e-09 -119.592
vt 2.37397 0.03
f 182/276/22 181/278/8 228/279/8 227/277/22 

vt 2.31675 0
vn 1.94795e-14 -1 -5.55112e-16
v 115.9 6.75851e-09 -119.592
vt 2.31675 0.03
f 181/278/8 180/280/23 229/281/23 228/279/8 

vt 2.27045 0
v 113.584 6.75842e-09 -119.592
vt 2.27045 0.03
f 180/280/23 179/282/23 230/283/23 229/281/23 

vt 2.24234 0
vn -0.00449537 -0.99999 -5.55106e-16
v 112.178 6.75842e-09 -119.592
vt 2.24234 0.03
f 179/282/23 178/284/24 231/285/24 230/283/23 

vt 2.24225 0
vt 2.23322 0
vn -0.0512572 -0.998685 -5.54382e-16
v 111.726 0.00405837 -119.592
vt 2.23322 0.03
vt 2.24225 0.03
f 178/286/24 177/287/25 232/288/25 231/289/24 

vt 2.22354 0
vt 2.2141 0
vn -0.147048 -0.989129 -5.49077e-16
v 111.257 0.0481465 -119.592
vt 2.2141 0.03
vt 2.22354 0.03
f 177/290/25 176/291/26 233/292/26 232/293/25 

vt 2.17869 0
vt 2.16983 0
vn -0.25733 -0.966324 -5.36417e-16
v 110.822 0.136882 -119.592
vt 2.16983 0.03
vt 2.17869 0.03
f 176/294/26 175/295/27 234/296/27 233/297/26 

vt 2.10268 0
vt 2.09448 0
vn -0.376794 -0.926297 -5.14198e-16
v 110.433 0.265465 -119.592
vt 2.09448 0.03
vt 2.10268 0.03
f 175/298/27 174/299/28 235/300/28 234/301/27 

vt 1.98176 0
vt 1.9743 0
vn -0.510767 -0.859719 -4.7724e-16
v 110.097 0.429092 -119.592
vt 1.9743 0.03
vt 1.98176 0.03
f 174/302/28 173/303/29 236/304/29 235/305/28 

vt 1.78821 0
vt 1.78152 0
vn -0.66279 -0.748805 -4.1567e-16
v 109.825 0.622963 -119.592
vt 1.78152 0.03
vt 1.78821 0.03
f 173/306/29 172/307/30 237/308/30 236/309/29 

vt 1.47128 0
vt 1.46534 0
vn -0.825202 -0.564838 -3.13548e-16
v 109.625 0.842275 -119.592
vt 1.46534 0.03
vt 1.47128 0.03
f 172/310/30 171/311/31 238/312/31 237/313/30 

vt 0.958422 0
vt 0.953068 0
vn -0.954359 -0.298661 -1.6579e-16
v 109.506 1.08223 -119.592
vt 0.953068 0.03
vt 0.958422 0.03
f 171/314/31 170/315/32 239/316/32 238/317/31 

vt 0.297548 0
vt 0.293363 0
vn -0.997328 -0.0730508 -4.05513e-17
v 109.475 1.28934 -119.592
vt 0.293363 0.03
vt 0.297548 0.03
f 170/318/32 169/319/33 240/320/33 239/321/32 

vt -0.0257739 0
vt -0.0280237 0
vn -1 -8.01791e-13 -4.45083e-28
v 109.475 1.40189 -119.592
vt -0.0280237 0.03
vt -0.0257739 0.03
f 169/322/33 168/323/34 241/324/34 240/325/33 

vt -0.0327991 0
vn -1 0 -0
v 109.475 1.64078 -119.592
vt -0.0327991 0.03
f 168/323/34 167/326/35 242/327/35 241/324/34 

vt -0.0392292 0
vn -1 2.50056e-13 1.38809e-28
v 109.475 1.96244 -119.592
vt -0.0392292 0.03
f 167/326/35 166/328/36 243/329/36 242/327/35 

vt -0.0464431 0
vn -1 -3.05567e-15 -1.69624e-30
v 109.475 2.32332 -119.592
vt -0.0464431 0.03
f 166/328/36 165/330/37 244/331/37 243/329/36 

vt -0.0535699 0
vn -1 -2.53111e-13 -1.40505e-28
v 109.475 2.67984 -119.592
vt -0.0535699 0.03
f 165/330/37 164/332/38 245/333/38 244/331/37 

vt -0.0597388 0
v 109.475 2.98843 -119.592
vt -0.0597388 0.03
f 164/332/38 163/334/35 246/335/35 245/333/38 

vt -0.0640787 0
v 109.475 3.20554 -119.592
vt -0.0640787 0.03
f 163/334/35 162/336/35 247/337/35 246/335/35 

v 109.475 3.26314 -119.592
f 162/336/35 161/207/35 248/208/35 247/337/35 

vt 2.18831 0
vn -6.9163e-16 -1 -5.55112e-16
vt 0.884238 0
v 44.2388 3.26314 -119.592
vt 0.884238 0.03
vt 2.18831 0.03
f 161/338/39 160/339/39 249/340/39 248/341/39 

v 44.2388 3.2076 -119.592
f 160/216/9 159/217/9 250/218/9 249/219/9 

v 44.2388 2.99594 -119.592
f 159/217/9 158/220/9 251/221/9 250/218/9 

v 44.2388 2.69509 -119.592
f 158/220/9 157/222/9 252/223/9 251/221/9 

v 44.2388 2.34751 -119.592
f 157/222/9 156/224/9 253/225/9 252/223/9 

v 44.2388 1.99569 -119.592
f 156/224/9 155/226/9 254/227/9 253/225/9 

v 44.2388 1.6821 -119.592
f 155/226/9 154/228/9 255/229/9 254/227/9 

v 44.2388 1.4492 -119.592
f 154/228/9 153/230/9 256/231/9 255/229/9 

v 44.2388 1.33948 -119.592
f 153/230/9 152/232/10 257/233/10 256/231/9 

vt 0.155465 0
vt 0.151122 0
v 44.2071 1.1245 -119.592
vt 0.151122 0.03
vt 0.155465 0.03
f 152/342/10 151/343/11 258/344/11 257/345/10 

vt 0.412688 0
vt 0.407125 0
v 44.0835 0.875176 -119.592
vt 0.407125 0.03
vt 0.412688 0.03
f 151/346/11 150/347/12 259/348/12 258/349/11 

vt 0.607137 0
vt 0.600967 0
v 43.8753 0.647296 -119.592
vt 0.600967 0.03
vt 0.607137 0.03
f 150/350/12 149/351/13 260/352/13 259/353/12 

vt 0.722061 0
vt 0.715115 0
v 43.5922 0.445853 -119.592
vt 0.715115 0.03
vt 0.722061 0.03
f 149/354/13 148/355/14 261/356/14 260/357/13 

vt 0.787052 0
vt 0.779298 0
v 43.2436 0.275834 -119.592
vt 0.779298 0.03
vt 0.787052 0.03
f 148/358/14 147/359/15 262/360/15 261/361/14 

vt 0.822488 0
vt 0.81397 0
v 42.839 0.142229 -119.592
vt 0.81397 0.03
vt 0.822488 0.03
f 147/362/15 146/363/16 263/364/16 262/365/15 

vt 0.839483 -8.32008e-33
vt 0.830278 -8.32008e-33
v 42.3878 0.0500272 -119.592
vt 0.830278 0.03
vt 0.839483 0.03
f 146/366/16 145/367/17 264/368/17 263/369/16 

vt 0.843624 0
vt 0.833823 0
v 41.8997 0.0042169 -119.592
vt 0.833823 0.03
vt 0.843624 0.03
f 145/370/17 144/371/18 265/372/18 264/373/17 

vt 0.837444 3.75335e-34
vt 0.828267 3.75335e-34
v 41.4406 6.75846e-09 -119.592
vt 0.828267 0.03
vt 0.837444 0.03
f 144/374/18 143/375/19 266/376/19 265/377/18 

vt 0.828302 0
vt 0.800191 0
v 40.0344 6.75855e-09 -119.592
vt 0.800191 0.03
vt 0.828302 0.03
f 143/378/19 142/379/20 267/380/20 266/381/19 

vt 0.753889 0
v 37.7181 6.75846e-09 -119.592
vt 0.753889 0.03
f 142/379/20 141/382/21 268/383/21 267/380/20 

vt 0.696673 0
v 34.8559 6.75855e-09 -119.592
vt 0.696673 0.03
f 141/382/21 140/384/22 269/385/22 268/383/21 

vt 0.635818 0
v 31.8116 6.75855e-09 -119.592
vt 0.635818 0.03
f 140/384/22 139/386/8 270/387/8 269/385/22 

vt 0.578601 0
v 28.9494 6.75855e-09 -119.592
vt 0.578601 0.03
f 139/386/8 138/388/23 271/389/23 270/387/8 

vt 0.532299 0
v 26.6331 6.75846e-09 -119.592
vt 0.532299 0.03
f 138/388/23 137/390/23 272/391/23 271/389/23 

vt 0.504188 0
v 25.2268 6.75846e-09 -119.592
vt 0.504188 0.03
f 137/390/23 136/392/24 273/393/24 272/391/23 

vt 0.504168 0
vt 0.495145 0
v 24.7755 0.00405837 -119.592
vt 0.495145 0.03
vt 0.504168 0.03
f 136/394/24 135/395/25 274/396/25 273/397/24 

vt 0.492992 2.28613e-33
vt 0.483559 2.28613e-33
v 24.3057 0.0481465 -119.592
vt 0.483559 0.03
vt 0.492992 0.03
f 135/398/25 134/399/26 275/400/26 274/401/25 

vt 0.475743 0
vt 0.466884 0
v 23.8715 0.136882 -119.592
vt 0.466884 0.03
vt 0.475743 0.03
f 134/402/26 133/403/27 276/404/27 275/405/26 

vt 0.452179 0
vt 0.443981 0
v 23.4821 0.265465 -119.592
vt 0.443981 0.03
vt 0.452179 0.03
f 133/406/27 132/407/28 277/408/28 276/409/27 

vt 0.419495 0
vt 0.412033 0
v 23.1465 0.429092 -119.592
vt 0.412033 0.03
vt 0.419495 0.03
f 132/410/28 131/411/29 278/412/29 277/413/28 

vt 0.371958 0
vt 0.365273 0
v 22.8741 0.622963 -119.592
vt 0.365273 0.03
vt 0.371958 0.03
f 131/414/29 130/415/30 279/416/30 278/417/29 

vt 0.299102 0
vt 0.293165 0
v 22.6738 0.842275 -119.592
vt 0.293165 0.03
vt 0.299102 0.03
f 130/418/30 129/419/31 280/420/31 279/421/30 

vt 0.186233 0
vt 0.180879 0
v 22.5548 1.08223 -119.592
vt 0.180879 0.03
vt 0.186233 0.03
f 129/422/31 128/423/32 281/424/32 280/425/31 

vt 0.0442799 0
vt 0.0400951 0
v 22.5243 1.28934 -119.592
vt 0.0400951 0.03
vt 0.0442799 0.03
f 128/426/32 127/427/33 282/428/33 281/429/32 

v 22.5243 1.40189 -119.592
f 127/322/33 126/323/35 283/324/35 282/325/33 

v 22.5243 1.64078 -119.592
f 126/323/35 125/326/35 284/327/35 283/324/35 

vn -1 1.25028e-13 6.94044e-29
v 22.5243 1.96244 -119.592
f 125/326/35 124/328/40 285/329/40 284/327/35 

vn -1 -1.52783e-15 -8.48119e-31
v 22.5243 2.32332 -119.592
f 124/328/40 123/330/41 286/331/41 285/329/40 

vn -1 -1.26556e-13 -7.02525e-29
v 22.5243 2.67984 -119.592
f 123/330/41 122/332/42 287/333/42 286/331/41 

v 22.5243 2.98843 -119.592
f 122/332/42 121/334/35 288/335/35 287/333/42 

v 22.5243 3.20554 -119.592
f 121/334/35 120/336/35 289/337/35 288/335/35 

v 22.5243 3.26314 -119.592
f 120/336/35 119/207/35 290/208/35 289/337/35 

vt 0.450164 0
vt 0 0
v 0.00481165 3.26314 -119.592
vt 0 0.03
vt 0.450164 0.03
f 119/430/8 118/431/8 291/432/8 290/433/8 

vt -1.64715 0
v 0.00481165 82.3989 -119.592
vt -1.64715 0.03
f 118/207/35 5/434/35 292/435/35 291/208/35 

vt -3.28823 1.12799e-16
v 0.00481165 164.494 -119.592
vt -3.28823 0.03
f 5/434/35 32/436/35 293/437/35 292/435/35 

vt 0 1.12799e-16
vn 0 1 5.55112e-16
vt -0.987485 1.12799e-16
v 49.4038 164.494 -119.592
vt -0.987485 0.03
f 32/438/43 31/439/43 294/440/43 293/432/43 

vt 3.28823 1.12799e-16
vt 3.0129 1.12799e-16
v 49.4038 150.72 -119.592
vt 3.0129 0.03
vt 3.28823 0.03
f 31/441/9 30/442/9 295/443/9 294/444/9 

vt -1.04478 1.12799e-16
v 52.2698 150.72 -119.592
vt -1.04478 0.03
f 30/439/43 29/445/43 296/446/43 295/440/43 

vt -3.0129 1.12799e-16
v 52.2698 164.494 -119.592
vt -3.0129 0.03
f 29/447/35 28/436/35 297/437/35 296/448/35 

vt -1.98765 1.12799e-16
v 99.4368 164.494 -119.592
vt -1.98765 0.03
f 28/445/43 27/449/43 298/450/43 297/446/43 

v 99.4368 150.72 -119.592
f 27/441/9 26/442/9 299/443/9 298/444/9 

vt -2.04494 1.12799e-16
v 102.303 150.72 -119.592
vt -2.04494 0.03
f 26/449/43 25/451/43 300/452/43 299/450/43 

v 102.303 164.494 -119.592
f 25/447/35 24/436/35 301/437/35 300/448/35 

vt -2.98761 1.12799e-16
v 149.46 164.494 -119.592
vt -2.98761 0.03
f 24/451/43 23/453/43 302/454/43 301/452/43 

v 149.46 150.72 -119.592
f 23/441/9 22/442/9 303/443/9 302/444/9 

vn 3.14856e-14 1 5.55112e-16
vt -3.0449 1.12799e-16
v 152.326 150.72 -119.592
vt -3.0449 0.03
f 22/453/44 21/455/44 304/456/44 303/454/44 

v 152.326 164.494 -119.592
f 21/447/35 20/436/35 305/437/35 304/448/35 

vt -3.51342 1.12799e-16
vn 2.24213e-11 1 5.55112e-16
v 175.764 164.494 -119.592
vt -3.51342 0.03
f 20/455/43 19/457/45 306/458/45 305/456/43 

vt -3.98194 1.12799e-16
vn 4.48426e-11 1 5.55112e-16
v 199.202 164.494 -119.592
vt -3.98194 0.03
f 19/457/45 18/459/46 307/460/46 306/458/45 

vn 1 -4.48276e-11 -2.48843e-26
v 199.202 150.72 -119.592
f 18/441/47 17/442/47 308/443/47 307/444/47 

vn 4.56856e-11 1 5.55112e-16
vt -4.03923 1.12799e-16
v 202.068 150.72 -119.592
vt -4.03923 0.03
f 17/459/48 16/461/48 309/462/48 308/460/48 

vn -1 4.48276e-11 2.48843e-26
v 202.068 164.494 -119.592
f 16/447/49 15/436/49 310/437/49 309/448/49 

vn 4.48927e-11 1 5.55112e-16
vt -4.9819 1.12799e-16
v 249.225 164.494 -119.592
vt -4.9819 0.03
f 15/461/50 14/463/50 311/464/50 310/462/50 

v 249.225 150.72 -119.592
f 14/441/47 13/442/47 312/443/47 311/444/47 

vn 4.5717e-11 1 5.55112e-16
vt -5.0392 1.12799e-16
v 252.091 150.72 -119.592
vt -5.0392 0.03
f 13/463/51 12/465/51 313/466/51 312/464/51 

vn -1 4.50897e-11 2.50298e-26
v 252.091 164.494 -119.592
f 12/447/52 11/436/52 314/437/52 313/448/52 

vn 4.48832e-11 1 5.55112e-16
v 299.258 164.494 -119.592
f 11/465/53 10/1/53 315/4/53 314/466/53 

vn 1 -4.48145e-11 -2.48771e-26
f 10/441/54 1/442/54 4/443/54 315/444/54 

vt 5.98206 1.5072
vn 0 5.55112e-16 -1
vt 5.0392 1.64494
vt 5.98206 1.64494
f 4/467/55 314/468/55 315/469/55

v 351.523 82.3989 -119.592
vt 7.02684 0.823989
f 4/467/55 316/470/55 314/468/55

vt 6.03936 1.5072
f 3/471/55 316/470/55 4/467/55

v 302.124 164.494 -119.592
vt 6.03936 1.64494
f 317/472/55 316/470/55 3/471/55

v 351.523 164.494 -119.592
vt 7.02684 1.64494
f 318/473/55 316/470/55 317/472/55

vn 1 -4.49047e-11 1.63924e-26
vt 1.64715 1.45246e-25
vt 1.64715 0.03
f 8/441/56 7/474/56 316/475/56 318/444/56 

vt -3.51342 0
vn 2.24505e-11 1 5.55112e-16
vt -7.02684 0
vn 4.49005e-11 1 5.55112e-16
vt -7.02684 0.03
v 175.764 82.3989 -119.592
f 6/476/57 7/477/58 316/478/58 319/458/57 

vt 1.64715 0
vn 1 -4.48915e-11 -2.49198e-26
v 351.523 3.26314 -119.592
f 7/479/59 117/216/59 320/219/59 316/475/59 

vt 7.02684 0
vn -4.479e-11 -1 -5.55112e-16
vt 6.57668 0
v 329.003 3.26314 -119.592
vt 6.57668 0.03
vt 7.02684 0.03
f 117/480/60 116/481/60 321/482/60 320/483/60 

vn 1 -6.26638e-12 -3.47854e-27
vt 0.0640787 0
vn 1 -2.59936e-11 -1.44294e-26
v 329.003 3.20554 -119.592
vt 0.0640787 0.03
f 116/216/61 115/484/62 322/485/62 321/219/61 

vt 0.0597388 0
vn 1 -4.59614e-11 -2.55137e-26
v 329.003 2.98843 -119.592
vt 0.0597388 0.03
f 115/484/62 114/486/63 323/487/63 322/485/62 

vt 0.0535699 0
vn 1 -4.5881e-11 -2.54691e-26
v 329.003 2.67984 -119.592
vt 0.0535699 0.03
f 114/486/63 113/488/64 324/489/64 323/487/63 

vt 0.0464431 0
vn 1 -4.55351e-11 -2.5277e-26
v 329.003 2.32332 -119.592
vt 0.0464431 0.03
f 113/488/64 112/490/65 325/491/65 324/489/64 

vt 0.0392292 0
vn 1 -4.5759e-11 -2.54014e-26
v 329.003 1.96244 -119.592
vt 0.0392292 0.03
f 112/490/65 111/492/66 326/493/66 325/491/65 

vt 0.0327991 0
vn 1 -4.60463e-11 -2.55609e-26
v 329.003 1.64078 -119.592
vt 0.0327991 0.03
f 111/492/66 110/494/67 327/495/67 326/493/66 

vt 0.0280237 0
vn 1 -4.54925e-11 -2.52534e-26
v 329.003 1.40189 -119.592
vt 0.0280237 0.03
f 110/494/67 109/496/68 328/497/68 327/495/67 

vt 0.0257739 0
vn 0.997328 -0.0730508 -4.05513e-17
v 329.003 1.28934 -119.592
vt 0.0257739 0.03
f 109/496/68 108/498/69 329/499/69 328/497/68 

vt 0.983794 0
vt 0.97961 0
vn 0.954359 -0.298661 -1.6579e-16
v 328.973 1.08223 -119.592
vt 0.97961 0.03
vt 0.983794 0.03
f 108/500/69 107/501/70 330/502/70 329/503/69 

vt 2.94086 0
vt 2.93551 0
v 328.854 0.842275 -119.592
vt 2.93551 0.03
vt 2.94086 0.03
f 107/504/70 106/505/12 331/506/12 330/507/70 

vt 4.4456 0
vt 4.43966 0
v 328.653 0.622963 -119.592
vt 4.43966 0.03
vt 4.4456 0.03
f 106/508/12 105/509/13 332/510/13 331/511/12 

vt 5.36022 0
vt 5.35354 0
v 328.381 0.429092 -119.592
vt 5.35354 0.03
vt 5.36022 0.03
f 105/512/13 104/513/14 333/514/14 332/515/13 

vt 5.90377 0
vt 5.89631 0
v 328.045 0.265465 -119.592
vt 5.89631 0.03
vt 5.90377 0.03
f 104/516/14 103/517/15 334/518/15 333/519/14 

vt 6.22853 0
vt 6.22033 0
v 327.656 0.136882 -119.592
vt 6.22033 0.03
vt 6.22853 0.03
f 103/520/15 102/521/16 335/522/16 334/523/15 

vt 6.41765 0
vt 6.40879 0
v 327.222 0.0481465 -119.592
vt 6.40879 0.03
vt 6.41765 0.03
f 102/524/16 101/525/17 336/526/17 335/527/16 

vt 6.51254 0
vt 6.50311 0
vn 0.0512572 -0.998685 -5.54382e-16
v 326.752 0.00405837 -119.592
vt 6.50311 0.03
vt 6.51254 0.03
f 101/528/17 100/529/71 337/530/71 336/531/17 

vt 6.53141 0
vt 6.52239 0
vn 0.00449537 -0.99999 -5.55106e-16
v 326.301 6.53679e-14 -119.592
vt 6.52239 0.03
vt 6.53141 0.03
f 100/532/71 99/533/72 338/534/72 337/535/71 

vt 6.52265 0
vt 6.49454 0
vn -4.49255e-11 -1 -5.55112e-16
v 324.894 6.32777e-11 -119.592
vt 6.49454 0.03
vt 6.52265 0.03
f 99/536/72 98/537/73 339/538/73 338/539/72 

vt 6.44824 0
vn -4.49211e-11 -1 -5.55112e-16
v 322.578 1.67278e-10 -119.592
vt 6.44824 0.03
f 98/537/73 97/540/74 340/541/74 339/538/73 

vt 6.39102 0
vn -4.49251e-11 -1 -5.55112e-16
v 319.716 2.95914e-10 -119.592
vt 6.39102 0.03
f 97/540/74 96/542/75 341/543/75 340/541/74 

vt 6.33017 0
vn -4.49093e-11 -1 -5.55112e-16
v 316.672 4.32626e-10 -119.592
vt 6.33017 0.03
f 96/542/75 95/544/76 342/545/76 341/543/75 

vt 6.27295 0
vn -4.49248e-11 -1 -5.55112e-16
v 313.809 5.61171e-10 -119.592
vt 6.27295 0.03
f 95/544/76 94/546/77 343/547/77 342/545/76 

vt 6.22665 0
vn -4.4945e-11 -1 -5.55112e-16
v 311.493 6.65262e-10 -119.592
vt 6.22665 0.03
f 94/546/77 93/548/78 344/549/78 343/547/77 

vt 6.19854 0
vn -0.00459311 -0.999989 -5.55106e-16
v 310.087 7.28474e-10 -119.592
vt 6.19854 0.03
f 93/548/78 92/550/79 345/551/79 344/549/78 

vt 6.19828 0
vt 6.1891 0
vn -0.0513548 -0.99868 -5.54379e-16
v 309.628 0.00421689 -119.592
vt 6.1891 0.03
vt 6.19828 0.03
f 92/552/79 91/553/80 346/554/80 345/555/79 

vt 6.16228 0
vt 6.15248 0
v 309.14 0.0500272 -119.592
vt 6.15248 0.03
vt 6.16228 0.03
f 91/556/80 90/557/26 347/558/26 346/559/80 

vt 6.05425 0
vt 6.04505 0
v 308.688 0.142229 -119.592
vt 6.04505 0.03
vt 6.05425 0.03
f 90/560/26 89/561/27 348/562/27 347/563/26 

vt 5.85854 0
vt 5.85003 0
v 308.284 0.275834 -119.592
vt 5.85003 0.03
vt 5.85854 0.03
f 89/564/27 88/565/28 349/566/28 348/567/27 

vt 5.5365 0
vt 5.52875 0
v 307.935 0.445853 -119.592
vt 5.52875 0.03
vt 5.5365 0.03
f 88/568/28 87/569/29 350/570/29 349/571/28 

vt 5.01038 0
vt 5.00343 0
v 307.652 0.647296 -119.592
vt 5.00343 0.03
vt 5.01038 0.03
f 87/572/29 86/573/30 351/574/30 350/575/29 

vt 4.1378 0
vt 4.13163 0
v 307.444 0.875176 -119.592
vt 4.13163 0.03
vt 4.1378 0.03
f 86/576/30 85/577/31 352/578/31 351/579/30 

vt 2.71462 -1.35991e-31
vt 2.70905 -1.35991e-31
vn -0.954337 -0.298733 -1.6583e-16
v 307.32 1.1245 -119.592
vt 2.70905 0.03
vt 2.71462 0.03
f 85/580/31 84/581/81 353/582/81 352/583/31 

vt 0.873819 0
vt 0.869475 0
vn -0.997323 -0.0731262 -4.05932e-17
v 307.289 1.33948 -119.592
vt 0.869475 0.03
vt 0.873819 0.03
f 84/584/81 83/585/82 354/586/82 353/587/81 

vt -0.0267762 0
vt -0.0289695 0
vn -1 4.5066e-11 2.50166e-26
v 307.289 1.4492 -119.592
vt -0.0289695 0.03
vt -0.0267762 0.03
f 83/588/82 82/589/83 355/590/83 354/591/82 

vt -0.0336251 0
vn -1 4.53055e-11 2.51496e-26
v 307.289 1.6821 -119.592
vt -0.0336251 0.03
f 82/589/83 81/592/84 356/593/84 355/590/83 

vt -0.0398939 0
vn -1 4.52727e-11 2.51314e-26
v 307.289 1.99569 -119.592
vt -0.0398939 0.03
f 81/592/84 80/594/85 357/595/85 356/593/84 

vt -0.0469268 0
vn -1 4.54151e-11 2.52105e-26
v 307.289 2.34751 -119.592
vt -0.0469268 0.03
f 80/594/85 79/596/86 358/597/86 357/595/85 

vt -0.0538748 0
vn -1 4.53831e-11 2.51927e-26
v 307.289 2.69509 -119.592
vt -0.0538748 0.03
f 79/596/86 78/598/87 359/599/87 358/597/86 

vt -0.0598888 0
vn -1 4.53918e-11 2.51975e-26
v 307.289 2.99594 -119.592
vt -0.0598888 0.03
f 78/598/87 77/600/88 360/601/88 359/599/87 

vn -1 2.25961e-11 1.25434e-26
v 307.289 3.2076 -119.592
f 77/600/88 76/206/89 361/209/89 360/601/88 

v 307.289 3.26314 -119.592
f 76/206/89 75/207/35 362/208/35 361/209/89 

vt 6.1426 0
vn -4.49449e-11 -1 -5.55112e-16
vt 4.83853 0
v 242.052 3.26314 -119.592
vt 4.83853 0.03
vt 6.1426 0.03
f 75/602/90 74/603/90 363/604/90 362/605/90 

vn 1 -6.26638e-11 -3.47854e-26
vn 1 -5.33611e-11 -2.96213e-26
v 242.052 3.20554 -119.592
f 74/216/91 73/484/92 364/485/92 363/219/91 

vn 1 -4.39605e-11 -2.4403e-26
v 242.052 2.98843 -119.592
f 73/484/92 72/486/93 365/487/93 364/485/92 

vn 1 -4.36989e-11 -2.42578e-26
v 242.052 2.67984 -119.592
f 72/486/93 71/488/94 366/489/94 365/487/93 

vn 1 -4.40225e-11 -2.44374e-26
v 242.052 2.32332 -119.592
f 71/488/94 70/490/95 367/491/95 366/489/94 

vn 1 -4.38562e-11 -2.43451e-26
v 242.052 1.96244 -119.592
f 70/490/95 69/492/96 368/493/96 367/491/95 

vn 1 -4.38882e-11 -2.43628e-26
v 242.052 1.64078 -119.592
f 69/492/96 68/494/97 369/495/97 368/493/96 

vn 1 -4.39352e-11 -2.4389e-26
v 242.052 1.40189 -119.592
f 68/494/97 67/496/98 370/497/98 369/495/97 

v 242.052 1.28934 -119.592
f 67/496/98 66/498/69 371/499/69 370/497/98 

vt 0.730527 0
vt 0.726342 0
v 242.022 1.08223 -119.592
vt 0.726342 0.03
vt 0.730527 0.03
f 66/606/69 65/607/70 372/608/70 371/609/69 

vt 2.16867 0
vt 2.16332 0
v 241.903 0.842275 -119.592
vt 2.16332 0.03
vt 2.16867 0.03
f 65/610/70 64/611/12 373/612/12 372/613/70 

vt 3.27343 0
vt 3.26749 0
v 241.702 0.622963 -119.592
vt 3.26749 0.03
vt 3.27343 0.03
f 64/614/12 63/615/13 374/616/13 373/617/12 

vt 3.94397 0
vt 3.93729 0
v 241.43 0.429092 -119.592
vt 3.93729 0.03
vt 3.94397 0.03
f 63/618/13 62/619/14 375/620/14 374/621/13 

vt 4.3415 0
vt 4.33404 0
v 241.094 0.265465 -119.592
vt 4.33404 0.03
vt 4.3415 0.03
f 62/622/14 61/623/15 376/624/15 375/625/14 

vt 4.57803 0
vt 4.56983 0
v 240.705 0.136882 -119.592
vt 4.56983 0.03
vt 4.57803 0.03
f 61/626/15 60/627/16 377/628/16 376/629/15 

vt 4.7147 0
vt 4.70584 0
v 240.271 0.0481465 -119.592
vt 4.70584 0.03
vt 4.7147 0.03
f 60/630/16 59/631/17 378/632/17 377/633/16 

vt 4.782 0
vt 4.77257 0
v 239.801 0.00405837 -119.592
vt 4.77257 0.03
vt 4.782 0.03
f 59/634/17 58/635/71 379/636/71 378/637/17 

vt 4.79333 0
vt 4.78431 0
v 239.35 3.90177e-09 -119.592
vt 4.78431 0.03
vt 4.79333 0.03
f 58/638/71 57/639/72 380/640/72 379/641/71 

vt 4.7845 0
vt 4.75639 0
vn -4.48872e-11 -1 -5.55112e-16
v 237.943 3.96485e-09 -119.592
vt 4.75639 0.03
vt 4.7845 0.03
f 57/642/72 56/643/99 381/644/99 380/645/72 

vt 4.71009 0
vn -4.4923e-11 -1 -5.55112e-16
v 235.627 4.06889e-09 -119.592
vt 4.71009 0.03
f 56/643/99 55/646/100 382/647/100 381/644/99 

vt 4.65287 0
vn -4.49246e-11 -1 -5.55112e-16
v 232.765 4.19748e-09 -119.592
vt 4.65287 0.03
f 55/646/100 54/648/101 383/649/101 382/647/100 

vt 4.59202 0
vn -4.49325e-11 -1 -5.55112e-16
v 229.721 4.33424e-09 -119.592
vt 4.59202 0.03
f 54/648/101 53/650/102 384/651/102 383/649/101 

vt 4.5348 0
vn -4.49601e-11 -1 -5.55112e-16
v 226.858 4.46288e-09 -119.592
vt 4.5348 0.03
f 53/650/102 52/652/103 385/653/103 384/651/102 

vt 4.4885 0
vn -4.49003e-11 -1 -5.55112e-16
v 224.542 4.56706e-09 -119.592
vt 4.4885 0.03
f 52/652/103 51/654/104 386/655/104 385/653/103 

vt 4.46039 0
v 223.136 4.63009e-09 -119.592
vt 4.46039 0.03
f 51/654/104 50/656/79 387/657/79 386/655/104 

vt 4.4602 0
vt 4.45103 0
v 222.677 0.0042169 -119.592
vt 4.45103 0.03
vt 4.4602 0.03
f 50/658/79 49/659/80 388/660/80 387/661/79 

vt 4.43173 0
vt 4.42193 0
v 222.189 0.0500272 -119.592
vt 4.42193 0.03
vt 4.43173 0.03
f 49/662/80 48/663/26 389/664/26 388/665/80 

vt 4.35131 0
vt 4.3421 0
v 221.738 0.142229 -119.592
vt 4.3421 0.03
vt 4.35131 0.03
f 48/666/26 47/667/27 390/668/27 389/669/26 

vt 4.20804 0
vt 4.19952 0
v 221.333 0.275834 -119.592
vt 4.19952 0.03
vt 4.20804 0.03
f 47/670/27 46/671/28 391/672/28 390/673/27 

vt 3.97424 0
vt 3.96648 0
v 220.984 0.445853 -119.592
vt 3.96648 0.03
vt 3.97424 0.03
f 46/674/28 45/675/29 392/676/29 391/677/28 

vt 3.59413 0
vt 3.58718 0
v 220.701 0.647296 -119.592
vt 3.58718 0.03
vt 3.59413 0.03
f 45/678/29 44/679/30 393/680/30 392/681/29 

vt 2.96562 0
vt 2.95946 0
v 220.493 0.875176 -119.592
vt 2.95946 0.03
vt 2.96562 0.03
f 44/682/30 43/683/31 394/684/31 393/685/30 

vt 1.94243 -9.7584e-32
vt 1.93686 -9.7584e-32
v 220.369 1.1245 -119.592
vt 1.93686 0.03
vt 1.94243 0.03
f 43/686/31 42/687/81 395/688/81 394/689/31 

vt 0.620291 0
vt 0.615947 0
v 220.338 1.33948 -119.592
vt 0.615947 0.03
vt 0.620291 0.03
f 42/690/81 41/691/82 396/692/82 395/693/81 

vn -1 4.55009e-11 2.52581e-26
v 220.338 1.4492 -119.592
f 41/588/82 40/589/105 397/590/105 396/591/82 

vn -1 4.4918e-11 2.49345e-26
v 220.338 1.6821 -119.592
f 40/589/105 39/592/106 398/593/106 397/590/105 

vn -1 4.50162e-11 2.4989e-26
v 220.338 1.99569 -119.592
f 39/592/106 38/594/107 399/595/107 398/593/106 

vn -1 4.51586e-11 2.50681e-26
v 220.338 2.34751 -119.592
f 38/594/107 37/596/108 400/597/108 399/595/107 

vn -1 4.50832e-11 2.50262e-26
v 220.338 2.69509 -119.592
f 37/596/108 36/598/109 401/599/109 400/597/108 

vn -1 4.50919e-11 2.5031e-26
v 220.338 2.99594 -119.592
f 36/598/109 35/600/110 402/601/110 401/599/109 

f 35/600/110 34/206/4 205/209/4 402/601/110 

vt 2.62239 0.032076
vt 2.62239 0.0299594
vt 2.62239 0.0269509
vt 2.62239 0.0234751
vt 2.62239 0.0199569
vt 2.62239 0.016821
vt 2.62239 0.014492
vt 2.62239 0.0133948
vt 2.62175 0.011245
vt 2.61928 0.00875176
vt 2.61512 0.00647296
vt 2.60946 0.00445853
vt 2.60249 0.00275834
vt 2.5944 0.00142229
vt 2.58539 0.000500272
vt 2.57563 4.2169e-05
vt 2.56645 6.75835e-11
vt 2.53834 6.75844e-11
vt 2.49204 6.75835e-11
vt 2.43482 6.75844e-11
vt 2.37397 6.75844e-11
vt 2.31675 6.75844e-11
vt 2.27045 6.75835e-11
vt 2.24234 6.75835e-11
vt 2.23331 4.05837e-05
vt 2.22392 0.000481465
vt 2.21524 0.00136882
vt 2.20746 0.00265465
vt 2.20075 0.00429092
vt 2.19531 0.00622963
vt 2.1913 0.00842275
vt 2.18892 0.0108223
vt 2.18831 0.0128934
vt 2.18831 0.0140189
vt 2.18831 0.0164078
vt 2.18831 0.0196244
vt 2.18831 0.0232332
vt 2.18831 0.0267984
vt 2.18831 0.0298843
vt 2.18831 0.0320554
vt 2.18831 0.0326314
vt 0.884238 0.0326314
vt 0.884238 0.032076
vt 0.884238 0.0299594
vt 0.884238 0.0269509
vt 0.884238 0.0234751
vt 0.884238 0.0199569
vt 0.884238 0.016821
vt 0.884238 0.014492
vt 0.884238 0.0133948
vt 0.883604 0.011245
vt 0.881132 0.00875176
vt 0.876972 0.00647296
vt 0.871312 0.00445853
vt 0.864343 0.00275834
vt 0.856255 0.00142229
vt 0.847236 0.000500272
vt 0.837478 4.2169e-05
vt 0.828302 6.7584e-11
vt 0.800191 6.75849e-11
vt 0.753889 6.7584e-11
vt 0.696673 6.75849e-11
vt 0.635818 6.75849e-11
vt 0.578601 6.75849e-11
vt 0.532299 6.7584e-11
vt 0.504188 6.7584e-11
vt 0.495165 4.05837e-05
vt 0.485774 0.000481465
vt 0.477095 0.00136882
vt 0.46931 0.00265465
vt 0.462603 0.00429092
vt 0.457156 0.00622963
vt 0.453152 0.00842275
vt 0.450774 0.0108223
vt 0.450164 0.0128934
vt 0.450164 0.0140189
vt 0.450164 0.0164078
vt 0.450164 0.0196244
vt 0.450164 0.0232332
vt 0.450164 0.0267984
vt 0.450164 0.0298843
vt 0.450164 0.0320554
vt 0.450164 0.0326314
vt 3.51342 0.823989
vt 7.02684 0.0326314
vt 6.57668 0.0326314
vt 6.57668 0.0320554
vt 6.57668 0.0298843
vt 6.57668 0.0267984
vt 6.57668 0.0232332
vt 6.57668 0.0196244
vt 6.57668 0.0164078
vt 6.57668 0.0140189
vt 6.57668 0.0128934
vt 6.57607 0.0108223
vt 6.57369 0.00842275
vt 6.56969 0.00622963
vt 6.56424 0.00429092
vt 6.55753 0.00265465
vt 6.54975 0.00136882
vt 6.54107 0.000481465
vt 6.53168 4.05837e-05
vt 6.49454 6.32124e-13
vt 6.44824 1.67213e-12
vt 6.39102 2.95848e-12
vt 6.33017 4.3256e-12
vt 6.27295 5.61106e-12
vt 6.22665 6.65196e-12
vt 6.19854 7.28409e-12
vt 6.18936 4.21689e-05
vt 6.1796 0.000500272
vt 6.17059 0.00142229
vt 6.1625 0.00275834
vt 6.15553 0.00445853
vt 6.14987 0.00647296
vt 6.14571 0.00875176
vt 6.14324 0.011245
vt 6.1426 0.0133948
vt 6.1426 0.014492
vt 6.1426 0.016821
vt 6.1426 0.0199569
vt 6.1426 0.0234751
vt 6.1426 0.0269509
vt 6.1426 0.0299594
vt 6.1426 0.032076
vt 6.1426 0.0326314
vt 4.83853 0.0326314
vt 4.83853 0.0320554
vt 4.83853 0.0298843
vt 4.83853 0.0267984
vt 4.83853 0.0232332
vt 4.83853 0.0196244
vt 4.83853 0.0164078
vt 4.83853 0.0140189
vt 4.83853 0.0128934
vt 4.83792 0.0108223
vt 4.83554 0.00842275
vt 4.83154 0.00622963
vt 4.82609 0.00429092
vt 4.81938 0.00265465
vt 4.8116 0.00136882
vt 4.80292 0.000481465
vt 4.79353 4.05837e-05
vt 4.7845 3.90171e-11
vt 4.75639 3.96478e-11
vt 4.71009 4.06883e-11
vt 4.65287 4.19742e-11
vt 4.59202 4.33418e-11
vt 4.5348 4.46281e-11
vt 4.4885 4.56699e-11
vt 4.46039 4.63002e-11
vt 4.45121 4.2169e-05
vt 4.44146 0.000500272
vt 4.43244 0.00142229
vt 4.42435 0.00275834
vt 4.41738 0.00445853
vt 4.41172 0.00647296
vt 4.40756 0.00875176
vt 4.40509 0.011245
vt 4.40445 0.0133948
vt 4.40445 0.014492
vt 4.40445 0.016821
vt 4.40445 0.0199569
vt 4.40445 0.0234751
vt 4.40445 0.0269509
vt 4.40445 0.0299594
vt 4.40445 0.032076
vt 4.40445 0.0326314
vt 3.51342 0.0326314
vt 2.62239 0.0326314
f 208/694/55 209/695/55 210/696/55 211/697/55 212/698/55 213/699/55 214/700/55 215/701/55 216/702/55 217/703/55 218/704/55 219/705/55 220/706/55 221/707/55 222/708/55 223/709/55 224/710/55 225/711/55 226/712/55 227/713/55 228/714/55 229/715/55 230/716/55 231/717/55 232/718/55 233/719/55 234/720/55 235/721/55 236/722/55 237/723/55 238/724/55 239/725/55 240/726/55 241/727/55 242/728/55 243/729/55 244/730/55 245/731/55 246/732/55 247/733/55 248/734/55 249/735/55 250/736/55 251/737/55 252/738/55 253/739/55 254/740/55 255/741/55 256/742/55 257/743/55 258/744/55 259/745/55 260/746/55 261/747/55 262/748/55 263/749/55 264/750/55 265/751/55 266/752/55 267/753/55 268/754/55 269/755/55 270/756/55 271/757/55 272/758/55 273/759/55 274/760/55 275/761/55 276/762/55 277/763/55 278/764/55 279/765/55 280/766/55 281/767/55 282/768/55 283/769/55 284/770/55 285/771/55 286/772/55 287/773/55 288/774/55 289/775/55 290/776/55 291/120/55 292/5/55 319/777/55 316/470/55 320/778/55 321/779/55 322/780/55 323/781/55 324/782/55 325/783/55 326/784/55 327/785/55 328/786/55 329/787/55 330/788/55 331/789/55 332/790/55 333/791/55 334/792/55 335/793/55 336/794/55 337/795/55 338/536/55 339/796/55 340/797/55 341/798/55 342/799/55 343/800/55 344/801/55 345/802/55 346/803/55 347/804/55 348/805/55 349/806/55 350/807/55 351/808/55 352/809/55 353/810/55 354/811/55 355/812/55 356/813/55 357/814/55 358/815/55 359/816/55 360/817/55 361/818/55 362/819/55 363/820/55 364/821/55 365/822/55 366/823/55 367/824/55 368/825/55 369/826/55 370/827/55 371/828/55 372/829/55 373/830/55 374/831/55 375/832/55 376/833/55 377/834/55 378/835/55 379/836/55 380/837/55 381/838/55 382/839/55 383/840/55 384/841/55 385/842/55 386/843/55 387/844/55 388/845/55 389/846/55 390/847/55 391/848/55 392/849/55 393/850/55 394/851/55 395/852/55 396/853/55 397/854/55 398/855/55 399/856/55 400/857/55 401/858/55 402/859/55 205/860/55 204/861/55 206/862/55 207/863/55 

v 18.3687 100.187 -119.592
vt 0.367095 1.00187
f 319/777/55 292/5/55 403/864/55

vt 8.45689e-16 0
vn 5.13424e-16 1 5.55112e-16
vt 8.45689e-16 0.03
f 5/865/111 6/476/57 319/458/57 292/866/111 

vt 0 1.64494
f 293/867/55 403/864/55 292/5/55

v 18.3687 121.774 -119.592
vt 0.367095 1.21774
f 403/864/55 293/867/55 404/868/55

vt 0.987485 1.64494
f 294/869/55 404/868/55 293/867/55

v 33.2077 121.774 -119.592
vt 0.663726 1.21774
f 405/870/55 404/868/55 294/869/55

v 33.2077 100.187 -119.592
vt 0.663726 1.00187
f 405/870/55 406/871/55 403/864/55 404/868/55 

f 405/870/55 319/777/55 406/871/55

vt 0.987485 1.5072
f 295/872/55 319/777/55 405/870/55

vt 1.04478 1.5072
f 296/873/55 319/777/55 295/872/55

vt 1.04478 1.64494
f 297/874/55 319/777/55 296/873/55

vt 1.98765 1.5072
f 299/875/55 319/777/55 297/874/55

vt 2.04494 1.5072
f 300/876/55 319/777/55 299/875/55

vt 2.04494 1.64494
f 301/877/55 319/777/55 300/876/55

vt 2.98761 1.5072
f 303/878/55 319/777/55 301/877/55

vt 3.0449 1.5072
f 304/879/55 319/777/55 303/878/55

vt 3.0449 1.64494
f 305/880/55 319/777/55 304/879/55

vt 3.51342 1.64494
f 306/881/55 319/777/55 305/880/55

vt 3.98194 1.64494
f 307/882/55 319/777/55 306/881/55

vt 3.98194 1.5072
f 308/883/55 319/777/55 307/882/55

f 319/777/55 308/883/55 316/470/55

vt 4.03923 1.5072
f 309/884/55 316/470/55 308/883/55

vt 4.03923 1.64494
f 310/885/55 316/470/55 309/884/55

vt 4.9819 1.5072
f 312/886/55 316/470/55 310/885/55

vt 5.0392 1.5072
f 313/887/55 316/470/55 312/886/55

f 314/468/55 316/470/55 313/887/55

vt 4.9819 1.64494
f 312/886/55 310/885/55 311/888/55

vt 2.98761 1.64494
f 303/878/55 301/877/55 302/889/55

vt 1.98765 1.64494
f 299/875/55 297/874/55 298/890/55

f 295/872/55 405/870/55 294/869/55

f 406/871/55 319/777/55 403/864/55

vn 4.49195e-11 1 5.55112e-16
vt -7.02684 1.12799e-16
f 9/2/112 8/891/112 318/478/112 317/3/112 

vn -1 4.48538e-11 2.48989e-26
f 2/447/113 9/436/113 317/437/113 3/448/113 

g Mesh2 ___29_2 Model

v 299.253 150.72 -6.66134e-15
v 302.119 150.72 -6.66134e-15
v 302.119 150.72 -3
v 299.253 150.72 -3
f 407/4/1 408/3/1 409/2/1 410/1/1 

vn 0 -5.55112e-16 1
v 351.518 82.3989 -4.44089e-14
f 407/467/114 411/470/114 408/471/114

v 252.086 164.494 1.33227e-15
f 412/468/114 411/470/114 407/467/114

v 252.086 150.72 -6.66134e-15
f 413/887/114 411/470/114 412/468/114

v 249.22 150.72 -6.66134e-15
f 414/886/114 411/470/114 413/887/114

v 202.063 164.494 1.33227e-15
f 415/885/114 411/470/114 414/886/114

v 202.063 150.72 -6.66134e-15
f 416/884/114 411/470/114 415/885/114

v 199.197 150.72 -6.66134e-15
f 417/883/114 411/470/114 416/884/114

v 175.759 82.3989 -4.44089e-14
f 411/470/114 417/883/114 418/777/114

v 199.197 164.494 1.33227e-15
f 419/882/114 418/777/114 417/883/114

v 175.759 164.494 1.33227e-15
f 420/881/114 418/777/114 419/882/114

v 152.321 164.494 1.33227e-15
f 421/880/114 418/777/114 420/881/114

v 152.321 150.72 -6.66134e-15
f 422/879/114 418/777/114 421/880/114

v 149.455 150.72 -6.66134e-15
f 423/878/114 418/777/114 422/879/114

v 102.298 164.494 1.33227e-15
f 424/877/114 418/777/114 423/878/114

v 102.298 150.72 -6.66134e-15
f 425/876/114 418/777/114 424/877/114

v 99.432 150.72 -6.66134e-15
f 426/875/114 418/777/114 425/876/114

v 52.265 164.494 1.33227e-15
f 427/874/114 418/777/114 426/875/114

v 52.265 150.72 -6.66134e-15
f 428/873/114 418/777/114 427/874/114

v 49.399 150.72 -6.66134e-15
f 429/872/114 418/777/114 428/873/114

v 33.2029 121.774 -3.37508e-14
f 430/870/114 418/777/114 429/872/114

v 33.2029 100.187 -4.57412e-14
f 431/871/114 418/777/114 430/870/114

v 18.3639 100.187 -4.57412e-14
f 432/864/114 418/777/114 431/871/114

v 0 82.3989 -4.44089e-14
f 432/864/114 433/5/114 418/777/114

v 0 164.494 1.33227e-15
f 433/5/114 432/864/114 434/867/114

v 18.3639 121.774 -3.37508e-14
f 435/868/114 434/867/114 432/864/114

v 49.399 164.494 1.33227e-15
f 434/867/114 435/868/114 436/869/114

f 436/869/114 435/868/114 430/870/114

f 435/868/114 432/864/114 431/871/114 430/870/114 

f 436/869/114 430/870/114 429/872/114

v 49.399 150.72 -3
v 49.399 164.494 -3
f 436/444/9 429/443/9 437/442/9 438/441/9 

v 52.265 150.72 -3
f 429/440/43 428/446/43 439/445/43 437/439/43 

vn -1 0 0
v 52.265 164.494 -3
f 428/448/115 427/437/115 440/436/115 439/447/115 

v 99.432 164.494 1.33227e-15
v 99.432 164.494 -3
f 427/446/43 441/450/43 442/449/43 440/445/43 

f 441/890/114 427/874/114 426/875/114

v 99.432 150.72 -3
f 441/444/9 426/443/9 443/442/9 442/441/9 

v 102.298 150.72 -3
f 426/450/43 425/452/43 444/451/43 443/449/43 

v 102.298 164.494 -3
f 425/448/115 424/437/115 445/436/115 444/447/115 

v 149.455 164.494 1.33227e-15
v 149.455 164.494 -3
f 424/452/43 446/454/43 447/453/43 445/451/43 

f 446/889/114 424/877/114 423/878/114

v 149.455 150.72 -3
f 446/444/9 423/443/9 448/442/9 447/441/9 

v 152.321 150.72 -3
f 423/454/44 422/456/44 449/455/44 448/453/44 

v 152.321 164.494 -3
f 422/448/115 421/437/115 450/436/115 449/447/115 

v 175.759 164.494 -3
f 421/456/43 420/458/45 451/457/45 450/455/43 

v 199.197 164.494 -3
f 420/458/45 419/460/46 452/459/46 451/457/45 

v 199.197 150.72 -3
f 419/444/47 417/443/47 453/442/47 452/441/47 

v 202.063 150.72 -3
f 417/460/48 416/462/48 454/461/48 453/459/48 

v 202.063 164.494 -3
f 416/448/49 415/437/49 455/436/49 454/447/49 

v 249.22 164.494 1.33227e-15
v 249.22 164.494 -3
f 415/462/50 456/464/50 457/463/50 455/461/50 

f 456/888/114 415/885/114 414/886/114

v 249.22 150.72 -3
f 456/444/47 414/443/47 458/442/47 457/441/47 

v 252.086 150.72 -3
f 414/464/51 413/466/51 459/465/51 458/463/51 

v 252.086 164.494 -3
f 413/448/52 412/437/52 460/436/52 459/447/52 

v 299.253 164.494 1.33227e-15
v 299.253 164.494 -3
f 412/466/53 461/4/53 462/1/53 460/465/53 

f 461/469/114 412/468/114 407/467/114

f 461/444/54 407/443/54 410/442/54 462/441/54 

v 0 164.494 -3
vn 2.70228e-27 6.23775e-16 -1
v 302.119 164.494 -3
v 351.518 164.494 -3
v 351.518 82.3989 -3
v 175.759 82.3989 -3
v 0 82.3989 -3
f 463/34/116 438/33/116 437/32/116 439/31/116 440/30/116 442/29/116 443/28/116 444/27/116 445/26/116 447/25/116 448/24/116 449/23/116 450/22/116 451/21/116 452/20/116 453/19/116 454/18/116 455/17/116 457/16/116 458/15/116 459/14/116 460/13/116 462/12/116 410/11/116 409/10/116 464/9/116 465/8/116 466/7/116 467/6/116 468/5/116 

f 434/432/43 436/440/43 438/439/43 463/438/43 

f 433/435/115 434/437/115 463/436/115 468/434/115 

v 0 3.26314 -8.83738e-14
v 0 3.26314 -3
f 469/208/115 433/435/115 468/434/115 470/207/115 

v 131.185 3.26314 -8.83738e-14
v 175.759 3.26314 -8.83738e-14
v 220.333 3.26314 -8.83738e-14
v 220.333 3.2076 -8.83738e-14
v 220.333 2.99594 -8.83738e-14
v 220.333 2.69509 -8.88178e-14
v 220.333 2.34751 -8.88178e-14
v 220.333 1.99569 -8.92619e-14
v 220.333 1.6821 -8.92619e-14
v 220.333 1.4492 -8.92619e-14
v 220.333 1.33948 -8.92619e-14
v 220.365 1.1245 -8.9706e-14
v 220.488 0.875176 -8.9706e-14
v 220.696 0.647296 -8.9706e-14
v 220.979 0.445853 -8.9706e-14
v 221.328 0.275834 -1.01252e-13
v 221.733 0.142229 -1.01252e-13
v 222.184 0.0500272 -1.01252e-13
v 222.672 0.0042169 -1.01252e-13
v 223.131 4.63002e-09 -1.01252e-13
v 224.537 4.56699e-09 -1.01252e-13
v 226.854 4.46281e-09 -1.01252e-13
v 229.716 4.33418e-09 -1.01252e-13
v 232.76 4.19742e-09 -1.01252e-13
v 235.622 4.06883e-09 -1.01252e-13
v 237.939 3.96478e-09 -1.01252e-13
v 239.345 3.90171e-09 -1.01252e-13
v 239.796 0.00405837 -1.01252e-13
v 240.266 0.0481465 -1.01252e-13
v 240.7 0.136882 -1.01252e-13
v 241.09 0.265465 -1.01252e-13
v 241.425 0.429092 -8.9706e-14
v 241.698 0.622963 -8.9706e-14
v 241.898 0.842275 -8.9706e-14
v 242.017 1.08223 -8.9706e-14
v 242.047 1.28934 -8.92619e-14
v 242.047 1.40189 -8.92619e-14
v 242.047 1.64078 -8.92619e-14
v 242.047 1.96244 -8.92619e-14
v 242.047 2.32332 -8.88178e-14
v 242.047 2.67984 -8.88178e-14
v 242.047 2.98843 -8.83738e-14
v 242.047 3.20554 -8.83738e-14
v 242.047 3.26314 -8.83738e-14
v 307.284 3.26314 -8.83738e-14
v 307.284 3.2076 -8.83738e-14
v 307.284 2.99594 -8.83738e-14
v 307.284 2.69509 -8.88178e-14
v 307.284 2.34751 -8.88178e-14
v 307.284 1.99569 -8.92619e-14
v 307.284 1.6821 -8.92619e-14
v 307.284 1.4492 -8.92619e-14
v 307.284 1.33948 -8.92619e-14
v 307.316 1.1245 -8.9706e-14
v 307.439 0.875176 -8.9706e-14
v 307.647 0.647296 -8.9706e-14
v 307.93 0.445853 -8.9706e-14
v 308.279 0.275834 -1.01252e-13
v 308.684 0.142229 -1.01252e-13
v 309.135 0.0500272 -1.01252e-13
v 309.623 0.00421689 -1.01252e-13
v 310.082 7.28409e-10 -1.01252e-13
v 311.488 6.65196e-10 -1.01252e-13
v 313.805 5.61106e-10 -1.01252e-13
v 316.667 4.3256e-10 -1.01252e-13
v 319.711 2.95848e-10 -1.01252e-13
v 322.573 1.67213e-10 -1.01252e-13
v 324.89 6.32124e-11 -1.01252e-13
v 326.296 -1.99493e-18 -1.01252e-13
v 326.747 0.00405837 -1.01252e-13
v 327.217 0.0481465 -1.01252e-13
v 327.651 0.136882 -1.01252e-13
v 328.041 0.265465 -1.01252e-13
v 328.376 0.429092 -8.9706e-14
v 328.649 0.622963 -8.9706e-14
v 328.849 0.842275 -8.9706e-14
v 328.968 1.08223 -8.9706e-14
v 328.998 1.28934 -8.92619e-14
v 328.998 1.40189 -8.92619e-14
v 328.998 1.64078 -8.92619e-14
v 328.998 1.96244 -8.92619e-14
v 328.998 2.32332 -8.88178e-14
v 328.998 2.67984 -8.88178e-14
v 328.998 2.98843 -8.83738e-14
v 328.998 3.20554 -8.83738e-14
v 328.998 3.26314 -8.83738e-14
v 351.518 3.26314 -8.83738e-14
v 22.5194 3.26314 -8.83738e-14
v 22.5194 3.20554 -8.83738e-14
v 22.5194 2.98843 -8.83738e-14
v 22.5194 2.67984 -8.88178e-14
v 22.5194 2.32332 -8.88178e-14
v 22.5194 1.96244 -8.92619e-14
v 22.5194 1.64078 -8.92619e-14
v 22.5194 1.40189 -8.92619e-14
v 22.5194 1.28934 -8.92619e-14
v 22.55 1.08223 -8.9706e-14
v 22.6689 0.842275 -8.9706e-14
v 22.8692 0.622963 -8.9706e-14
v 23.1417 0.429092 -8.9706e-14
v 23.4772 0.265465 -1.01252e-13
v 23.8667 0.136882 -1.01252e-13
v 24.3008 0.0481465 -1.01252e-13
v 24.7707 0.00405837 -1.01252e-13
v 25.222 6.7584e-09 -1.01252e-13
v 26.6283 6.7584e-09 -1.01252e-13
v 28.9445 6.75849e-09 -1.01252e-13
v 31.8068 6.75849e-09 -1.01252e-13
v 34.8511 6.75849e-09 -1.01252e-13
v 37.7133 6.7584e-09 -1.01252e-13
v 40.0296 6.75849e-09 -1.01252e-13
v 41.4358 6.7584e-09 -1.01252e-13
v 41.8949 0.0042169 -1.01252e-13
v 42.383 0.0500272 -1.01252e-13
v 42.8342 0.142229 -1.01252e-13
v 43.2388 0.275834 -1.01252e-13
v 43.5874 0.445853 -8.9706e-14
v 43.8705 0.647296 -8.9706e-14
v 44.0787 0.875176 -8.9706e-14
v 44.2023 1.1245 -8.9706e-14
v 44.234 1.33948 -8.92619e-14
v 44.234 1.4492 -8.92619e-14
v 44.234 1.6821 -8.92619e-14
v 44.234 1.99569 -8.92619e-14
v 44.234 2.34751 -8.88178e-14
v 44.234 2.69509 -8.88178e-14
v 44.234 2.99594 -8.83738e-14
v 44.234 3.2076 -8.83738e-14
v 44.234 3.26314 -8.83738e-14
v 109.47 3.26314 -8.83738e-14
v 109.47 3.20554 -8.83738e-14
v 109.47 2.98843 -8.83738e-14
v 109.47 2.67984 -8.88178e-14
v 109.47 2.32332 -8.88178e-14
v 109.47 1.96244 -8.92619e-14
v 109.47 1.64078 -8.92619e-14
v 109.47 1.40189 -8.92619e-14
v 109.47 1.28934 -8.92619e-14
v 109.501 1.08223 -8.9706e-14
v 109.62 0.842275 -8.9706e-14
v 109.82 0.622963 -8.9706e-14
v 110.093 0.429092 -8.9706e-14
v 110.428 0.265465 -1.01252e-13
v 110.818 0.136882 -1.01252e-13
v 111.252 0.0481465 -1.01252e-13
v 111.722 0.00405837 -1.01252e-13
v 112.173 6.75835e-09 -1.01252e-13
v 113.579 6.75835e-09 -1.01252e-13
v 115.895 6.75844e-09 -1.01252e-13
v 118.758 6.75844e-09 -1.01252e-13
v 121.802 6.75844e-09 -1.01252e-13
v 124.664 6.75835e-09 -1.01252e-13
v 126.98 6.75844e-09 -1.01252e-13
v 128.387 6.75835e-09 -1.01252e-13
v 128.846 0.0042169 -1.01252e-13
v 129.334 0.0500272 -1.01252e-13
v 129.785 0.142229 -1.01252e-13
v 130.19 0.275834 -1.01252e-13
v 130.538 0.445853 -8.9706e-14
v 130.821 0.647296 -8.9706e-14
v 131.03 0.875176 -8.9706e-14
v 131.153 1.1245 -8.9706e-14
v 131.185 1.33948 -8.92619e-14
v 131.185 1.4492 -8.92619e-14
v 131.185 1.6821 -8.92619e-14
v 131.185 1.99569 -8.92619e-14
v 131.185 2.34751 -8.88178e-14
v 131.185 2.69509 -8.88178e-14
v 131.185 2.99594 -8.83738e-14
v 131.185 3.2076 -8.83738e-14
f 471/863/114 472/862/114 473/861/114 474/860/114 475/859/114 476/858/114 477/857/114 478/856/114 479/855/114 480/854/114 481/853/114 482/852/114 483/851/114 484/850/114 485/849/114 486/848/114 487/847/114 488/846/114 489/845/114 490/844/114 491/843/114 492/842/114 493/841/114 494/840/114 495/839/114 496/838/114 497/837/114 498/836/114 499/835/114 500/834/114 501/833/114 502/832/114 503/831/114 504/830/114 505/829/114 506/828/114 507/827/114 508/826/114 509/825/114 510/824/114 511/823/114 512/822/114 513/821/114 514/820/114 515/819/114 516/818/114 517/817/114 518/816/114 519/815/114 520/814/114 521/813/114 522/812/114 523/811/114 524/810/114 525/809/114 526/808/114 527/807/114 528/806/114 529/805/114 530/804/114 531/803/114 532/802/114 533/801/114 534/800/114 535/799/114 536/798/114 537/797/114 538/796/114 539/536/114 540/795/114 541/794/114 542/793/114 543/792/114 544/791/114 545/790/114 546/789/114 547/788/114 548/787/114 549/786/114 550/785/114 551/784/114 552/783/114 553/782/114 554/781/114 555/780/114 556/779/114 557/778/114 411/470/114 418/777/114 433/5/114 469/120/114 558/776/114 559/775/114 560/774/114 561/773/114 562/772/114 563/771/114 564/770/114 565/769/114 566/768/114 567/767/114 568/766/114 569/765/114 570/764/114 571/763/114 572/762/114 573/761/114 574/760/114 575/759/114 576/758/114 577/757/114 578/756/114 579/755/114 580/754/114 581/753/114 582/752/114 583/751/114 584/750/114 585/749/114 586/748/114 587/747/114 588/746/114 589/745/114 590/744/114 591/743/114 592/742/114 593/741/114 594/740/114 595/739/114 596/738/114 597/737/114 598/736/114 599/735/114 600/734/114 601/733/114 602/732/114 603/731/114 604/730/114 605/729/114 606/728/114 607/727/114 608/726/114 609/725/114 610/724/114 611/723/114 612/722/114 613/721/114 614/720/114 615/719/114 616/718/114 617/717/114 618/716/114 619/715/114 620/714/114 621/713/114 622/712/114 623/711/114 624/710/114 625/709/114 626/708/114 627/707/114 628/706/114 629/705/114 630/704/114 631/703/114 632/702/114 633/701/114 634/700/114 635/699/114 636/698/114 637/697/114 638/696/114 639/695/114 640/694/114 

v 131.185 3.26314 -3
v 175.759 3.26314 -3
f 472/212/7 471/215/8 641/214/8 642/211/7 

v 131.185 3.2076 -3
f 471/219/9 640/218/9 643/217/9 641/216/9 

v 131.185 2.99594 -3
f 640/218/9 639/221/9 644/220/9 643/217/9 

v 131.185 2.69509 -3
f 639/221/9 638/223/9 645/222/9 644/220/9 

v 131.185 2.34751 -3
f 638/223/9 637/225/9 646/224/9 645/222/9 

v 131.185 1.99569 -3
f 637/225/9 636/227/9 647/226/9 646/224/9 

v 131.185 1.6821 -3
f 636/227/9 635/229/9 648/228/9 647/226/9 

v 131.185 1.4492 -3
f 635/229/9 634/231/9 649/230/9 648/228/9 

v 131.185 1.33948 -3
f 634/231/9 633/233/10 650/232/10 649/230/9 

v 131.153 1.1245 -3
f 633/237/10 632/236/11 651/235/11 650/234/10 

v 131.03 0.875176 -3
f 632/241/11 631/240/12 652/239/12 651/238/11 

v 130.821 0.647296 -3
f 631/245/12 630/244/13 653/243/13 652/242/12 

v 130.538 0.445853 -3
f 630/249/13 629/248/14 654/247/14 653/246/13 

v 130.19 0.275834 -3
f 629/253/14 628/252/15 655/251/15 654/250/14 

v 129.785 0.142229 -3
f 628/257/15 627/256/16 656/255/16 655/254/15 

v 129.334 0.0500272 -3
f 627/261/16 626/260/17 657/259/17 656/258/16 

v 128.846 0.0042169 -3
f 626/265/17 625/264/18 658/263/18 657/262/17 

v 128.387 6.75836e-09 -3
f 625/269/18 624/268/19 659/267/19 658/266/18 

v 126.98 6.75845e-09 -3
f 624/273/19 623/272/20 660/271/20 659/270/19 

v 124.664 6.75836e-09 -3
f 623/272/20 622/275/21 661/274/21 660/271/20 

v 121.802 6.75845e-09 -3
f 622/275/21 621/277/22 662/276/22 661/274/21 

v 118.758 6.75845e-09 -3
f 621/277/22 620/279/8 663/278/8 662/276/22 

v 115.895 6.75845e-09 -3
f 620/279/8 619/281/23 664/280/23 663/278/8 

v 113.579 6.75836e-09 -3
f 619/281/23 618/283/23 665/282/23 664/280/23 

v 112.173 6.75836e-09 -3
f 618/283/23 617/285/24 666/284/24 665/282/23 

v 111.722 0.00405837 -3
f 617/289/24 616/288/25 667/287/25 666/286/24 

v 111.252 0.0481465 -3
f 616/293/25 615/292/26 668/291/26 667/290/25 

v 110.818 0.136882 -3
f 615/297/26 614/296/27 669/295/27 668/294/26 

v 110.428 0.265465 -3
f 614/301/27 613/300/28 670/299/28 669/298/27 

v 110.093 0.429092 -3
f 613/305/28 612/304/29 671/303/29 670/302/28 

v 109.82 0.622963 -3
f 612/309/29 611/308/30 672/307/30 671/306/29 

v 109.62 0.842275 -3
f 611/313/30 610/312/31 673/311/31 672/310/30 

v 109.501 1.08223 -3
f 610/317/31 609/316/32 674/315/32 673/314/31 

v 109.47 1.28934 -3
f 609/321/32 608/320/33 675/319/33 674/318/32 

v 109.47 1.40189 -3
f 608/325/33 607/324/34 676/323/34 675/322/33 

v 109.47 1.64078 -3
f 607/324/34 606/327/115 677/326/115 676/323/34 

v 109.47 1.96244 -3
f 606/327/115 605/329/36 678/328/36 677/326/115 

v 109.47 2.32332 -3
f 605/329/36 604/331/37 679/330/37 678/328/36 

v 109.47 2.67984 -3
f 604/331/37 603/333/38 680/332/38 679/330/37 

v 109.47 2.98843 -3
f 603/333/38 602/335/115 681/334/115 680/332/38 

v 109.47 3.20554 -3
f 602/335/115 601/337/115 682/336/115 681/334/115 

v 109.47 3.26314 -3
f 601/337/115 600/208/115 683/207/115 682/336/115 

v 44.234 3.26314 -3
f 600/341/39 599/340/39 684/339/39 683/338/39 

v 44.234 3.2076 -3
f 599/219/9 598/218/9 685/217/9 684/216/9 

v 44.234 2.99594 -3
f 598/218/9 597/221/9 686/220/9 685/217/9 

v 44.234 2.69509 -3
f 597/221/9 596/223/9 687/222/9 686/220/9 

v 44.234 2.34751 -3
f 596/223/9 595/225/9 688/224/9 687/222/9 

v 44.234 1.99569 -3
f 595/225/9 594/227/9 689/226/9 688/224/9 

v 44.234 1.6821 -3
f 594/227/9 593/229/9 690/228/9 689/226/9 

v 44.234 1.4492 -3
f 593/229/9 592/231/9 691/230/9 690/228/9 

v 44.234 1.33948 -3
f 592/231/9 591/233/10 692/232/10 691/230/9 

v 44.2023 1.1245 -3
f 591/345/10 590/344/11 693/343/11 692/342/10 

v 44.0787 0.875176 -3
f 590/349/11 589/348/12 694/347/12 693/346/11 

v 43.8705 0.647296 -3
f 589/353/12 588/352/13 695/351/13 694/350/12 

v 43.5874 0.445853 -3
f 588/357/13 587/356/14 696/355/14 695/354/13 

v 43.2388 0.275834 -3
f 587/361/14 586/360/15 697/359/15 696/358/14 

v 42.8342 0.142229 -3
f 586/365/15 585/364/16 698/363/16 697/362/15 

v 42.383 0.0500272 -3
f 585/369/16 584/368/17 699/367/17 698/366/16 

v 41.8949 0.0042169 -3
f 584/373/17 583/372/18 700/371/18 699/370/17 

v 41.4358 6.7584e-09 -3
f 583/377/18 582/376/19 701/375/19 700/374/18 

v 40.0296 6.75849e-09 -3
f 582/381/19 581/380/20 702/379/20 701/378/19 

v 37.7133 6.7584e-09 -3
f 581/380/20 580/383/21 703/382/21 702/379/20 

v 34.8511 6.75849e-09 -3
f 580/383/21 579/385/22 704/384/22 703/382/21 

v 31.8068 6.75849e-09 -3
f 579/385/22 578/387/8 705/386/8 704/384/22 

v 28.9445 6.75849e-09 -3
f 578/387/8 577/389/23 706/388/23 705/386/8 

v 26.6283 6.7584e-09 -3
f 577/389/23 576/391/23 707/390/23 706/388/23 

v 25.222 6.7584e-09 -3
f 576/391/23 575/393/24 708/392/24 707/390/23 

v 24.7707 0.00405837 -3
f 575/397/24 574/396/25 709/395/25 708/394/24 

v 24.3008 0.0481465 -3
f 574/401/25 573/400/26 710/399/26 709/398/25 

v 23.8667 0.136882 -3
f 573/405/26 572/404/27 711/403/27 710/402/26 

v 23.4772 0.265465 -3
f 572/409/27 571/408/28 712/407/28 711/406/27 

v 23.1417 0.429092 -3
f 571/413/28 570/412/29 713/411/29 712/410/28 

v 22.8692 0.622963 -3
f 570/417/29 569/416/30 714/415/30 713/414/29 

v 22.6689 0.842275 -3
f 569/421/30 568/420/31 715/419/31 714/418/30 

v 22.55 1.08223 -3
f 568/425/31 567/424/32 716/423/32 715/422/31 

v 22.5194 1.28934 -3
f 567/429/32 566/428/33 717/427/33 716/426/32 

v 22.5194 1.40189 -3
f 566/325/33 565/324/115 718/323/115 717/322/33 

v 22.5194 1.64078 -3
f 565/324/115 564/327/115 719/326/115 718/323/115 

v 22.5194 1.96244 -3
f 564/327/115 563/329/40 720/328/40 719/326/115 

v 22.5194 2.32332 -3
f 563/329/40 562/331/41 721/330/41 720/328/40 

v 22.5194 2.67984 -3
f 562/331/41 561/333/42 722/332/42 721/330/41 

v 22.5194 2.98843 -3
f 561/333/42 560/335/115 723/334/115 722/332/42 

v 22.5194 3.20554 -3
f 560/335/115 559/337/115 724/336/115 723/334/115 

v 22.5194 3.26314 -3
f 559/337/115 558/208/115 725/207/115 724/336/115 

f 558/433/8 469/432/8 470/431/8 725/430/8 

vn -7.84258e-33 5.55112e-16 -1
v 351.518 3.26314 -3
v 328.998 3.26314 -3
v 328.998 3.20554 -3
v 328.998 2.98843 -3
v 328.998 2.67984 -3
v 328.998 2.32332 -3
v 328.998 1.96244 -3
v 328.998 1.64078 -3
v 328.998 1.40189 -3
v 328.998 1.28934 -3
v 328.968 1.08223 -3
v 328.849 0.842275 -3
v 328.649 0.622963 -3
v 328.376 0.429092 -3
v 328.041 0.265465 -3
v 327.651 0.136882 -3
v 327.217 0.0481465 -3
v 326.747 0.00405837 -3
v 326.296 1.66334e-15 -3
v 324.89 6.3214e-11 -3
v 322.573 1.67214e-10 -3
v 319.711 2.9585e-10 -3
v 316.667 4.32562e-10 -3
v 313.805 5.61107e-10 -3
v 311.488 6.65198e-10 -3
v 310.082 7.2841e-10 -3
v 309.623 0.00421689 -3
v 309.135 0.0500272 -3
v 308.684 0.142229 -3
v 308.279 0.275834 -3
v 307.93 0.445853 -3
v 307.647 0.647296 -3
v 307.439 0.875176 -3
v 307.316 1.1245 -3
v 307.284 1.33948 -3
v 307.284 1.4492 -3
v 307.284 1.6821 -3
v 307.284 1.99569 -3
v 307.284 2.34751 -3
v 307.284 2.69509 -3
v 307.284 2.99594 -3
v 307.284 3.2076 -3
v 307.284 3.26314 -3
v 242.047 3.26314 -3
v 242.047 3.20554 -3
v 242.047 2.98843 -3
v 242.047 2.67984 -3
v 242.047 2.32332 -3
v 242.047 1.96244 -3
v 242.047 1.64078 -3
v 242.047 1.40189 -3
v 242.047 1.28934 -3
v 242.017 1.08223 -3
v 241.898 0.842275 -3
v 241.698 0.622963 -3
v 241.425 0.429092 -3
v 241.09 0.265465 -3
v 240.7 0.136882 -3
v 240.266 0.0481465 -3
v 239.796 0.00405837 -3
v 239.345 3.90171e-09 -3
v 237.939 3.96478e-09 -3
v 235.622 4.06883e-09 -3
v 232.76 4.19742e-09 -3
v 229.716 4.33418e-09 -3
v 226.854 4.46281e-09 -3
v 224.537 4.56699e-09 -3
v 223.131 4.63003e-09 -3
v 222.672 0.0042169 -3
v 222.184 0.0500272 -3
v 221.733 0.142229 -3
v 221.328 0.275834 -3
v 220.979 0.445853 -3
v 220.696 0.647296 -3
v 220.488 0.875176 -3
v 220.365 1.1245 -3
v 220.333 1.33948 -3
v 220.333 1.4492 -3
v 220.333 1.6821 -3
v 220.333 1.99569 -3
v 220.333 2.34751 -3
v 220.333 2.69509 -3
v 220.333 2.99594 -3
v 220.333 3.2076 -3
v 220.333 3.26314 -3
f 642/205/117 641/204/117 643/203/117 644/202/117 645/201/117 646/200/117 647/199/117 648/198/117 649/197/117 650/196/117 651/195/117 652/194/117 653/193/117 654/192/117 655/191/117 656/190/117 657/189/117 658/188/117 659/187/117 660/186/117 661/185/117 662/184/117 663/183/117 664/182/117 665/181/117 666/180/117 667/179/117 668/178/117 669/177/117 670/176/117 671/175/117 672/174/117 673/173/117 674/172/117 675/171/117 676/170/117 677/169/117 678/168/117 679/167/117 680/166/117 681/165/117 682/164/117 683/163/117 684/162/117 685/161/117 686/160/117 687/159/117 688/158/117 689/157/117 690/156/117 691/155/117 692/154/117 693/153/117 694/152/117 695/151/117 696/150/117 697/149/117 698/148/117 699/147/117 700/146/117 701/145/117 702/144/117 703/143/117 704/142/117 705/141/117 706/140/117 707/139/117 708/138/117 709/137/117 710/136/117 711/135/117 712/134/117 713/133/117 714/132/117 715/131/117 716/130/117 717/129/117 718/128/117 719/127/117 720/126/117 721/125/117 722/124/117 723/123/117 724/122/117 725/121/117 470/120/117 468/5/117 467/6/117 466/7/117 726/119/117 727/118/117 728/117/117 729/116/117 730/115/117 731/114/117 732/113/117 733/112/117 734/111/117 735/110/117 736/109/117 737/108/117 738/107/117 739/106/117 740/105/117 741/104/117 742/103/117 743/102/117 744/101/117 745/100/117 746/99/117 747/98/117 748/97/117 749/96/117 750/95/117 751/94/117 752/93/117 753/92/117 754/91/117 755/90/117 756/89/117 757/88/117 758/87/117 759/86/117 760/85/117 761/84/117 762/83/117 763/82/117 764/81/117 765/80/117 766/79/117 767/78/117 768/77/117 769/76/117 770/75/117 771/74/117 772/73/117 773/72/117 774/71/117 775/70/117 776/69/117 777/68/117 778/67/117 779/66/117 780/65/117 781/64/117 782/63/117 783/62/117 784/61/117 785/60/117 786/59/117 787/58/117 788/57/117 789/56/117 790/55/117 791/54/117 792/53/117 793/52/117 794/51/117 795/50/117 796/49/117 797/48/117 798/47/117 799/46/117 800/45/117 801/44/117 802/43/117 803/42/117 804/41/117 805/40/117 806/39/117 807/38/117 808/37/117 809/36/117 810/35/117 

f 433/866/111 418/458/57 467/476/57 468/865/111 

f 418/458/57 411/478/58 466/477/58 467/476/57 

v 351.518 164.494 1.33227e-15
vn 1 -4.49047e-11 -6.62467e-26
f 811/444/118 411/475/118 466/474/118 465/441/118 

v 302.119 164.494 1.33227e-15
f 812/472/114 411/470/114 811/473/114

f 408/471/114 411/470/114 812/472/114

f 408/448/113 812/437/113 464/436/113 409/447/113 

f 812/3/112 811/478/112 465/891/112 464/2/112 

f 411/475/59 557/219/59 726/216/59 466/479/59 

f 557/483/60 556/482/60 727/481/60 726/480/60 

f 556/219/61 555/485/62 728/484/62 727/216/61 

f 555/485/62 554/487/63 729/486/63 728/484/62 

f 554/487/63 553/489/64 730/488/64 729/486/63 

f 553/489/64 552/491/65 731/490/65 730/488/64 

f 552/491/65 551/493/66 732/492/66 731/490/65 

f 551/493/66 550/495/67 733/494/67 732/492/66 

f 550/495/67 549/497/68 734/496/68 733/494/67 

f 549/497/68 548/499/69 735/498/69 734/496/68 

f 548/503/69 547/502/70 736/501/70 735/500/69 

f 547/507/70 546/506/12 737/505/12 736/504/70 

f 546/511/12 545/510/13 738/509/13 737/508/12 

f 545/515/13 544/514/14 739/513/14 738/512/13 

f 544/519/14 543/518/15 740/517/15 739/516/14 

f 543/523/15 542/522/16 741/521/16 740/520/15 

f 542/527/16 541/526/17 742/525/17 741/524/16 

f 541/531/17 540/530/71 743/529/71 742/528/17 

f 540/535/71 539/534/72 744/533/72 743/532/71 

f 539/539/72 538/538/73 745/537/73 744/536/72 

f 538/538/73 537/541/74 746/540/74 745/537/73 

f 537/541/74 536/543/75 747/542/75 746/540/74 

f 536/543/75 535/545/76 748/544/76 747/542/75 

f 535/545/76 534/547/77 749/546/77 748/544/76 

f 534/547/77 533/549/78 750/548/78 749/546/77 

f 533/549/78 532/551/79 751/550/79 750/548/78 

f 532/555/79 531/554/80 752/553/80 751/552/79 

f 531/559/80 530/558/26 753/557/26 752/556/80 

f 530/563/26 529/562/27 754/561/27 753/560/26 

f 529/567/27 528/566/28 755/565/28 754/564/27 

f 528/571/28 527/570/29 756/569/29 755/568/28 

f 527/575/29 526/574/30 757/573/30 756/572/29 

f 526/579/30 525/578/31 758/577/31 757/576/30 

f 525/583/31 524/582/81 759/581/81 758/580/31 

f 524/587/81 523/586/82 760/585/82 759/584/81 

f 523/591/82 522/590/83 761/589/83 760/588/82 

f 522/590/83 521/593/84 762/592/84 761/589/83 

f 521/593/84 520/595/85 763/594/85 762/592/84 

f 520/595/85 519/597/86 764/596/86 763/594/85 

f 519/597/86 518/599/87 765/598/87 764/596/86 

f 518/599/87 517/601/88 766/600/88 765/598/87 

f 517/601/88 516/209/89 767/206/89 766/600/88 

f 516/209/89 515/208/115 768/207/115 767/206/89 

f 515/605/90 514/604/90 769/603/90 768/602/90 

f 514/219/91 513/485/92 770/484/92 769/216/91 

f 513/485/92 512/487/93 771/486/93 770/484/92 

f 512/487/93 511/489/94 772/488/94 771/486/93 

f 511/489/94 510/491/95 773/490/95 772/488/94 

f 510/491/95 509/493/96 774/492/96 773/490/95 

f 509/493/96 508/495/97 775/494/97 774/492/96 

f 508/495/97 507/497/98 776/496/98 775/494/97 

f 507/497/98 506/499/69 777/498/69 776/496/98 

f 506/609/69 505/608/70 778/607/70 777/606/69 

f 505/613/70 504/612/12 779/611/12 778/610/70 

f 504/617/12 503/616/13 780/615/13 779/614/12 

f 503/621/13 502/620/14 781/619/14 780/618/13 

f 502/625/14 501/624/15 782/623/15 781/622/14 

f 501/629/15 500/628/16 783/627/16 782/626/15 

f 500/633/16 499/632/17 784/631/17 783/630/16 

f 499/637/17 498/636/71 785/635/71 784/634/17 

f 498/641/71 497/640/72 786/639/72 785/638/71 

f 497/645/72 496/644/99 787/643/99 786/642/72 

f 496/644/99 495/647/100 788/646/100 787/643/99 

f 495/647/100 494/649/101 789/648/101 788/646/100 

f 494/649/101 493/651/102 790/650/102 789/648/101 

f 493/651/102 492/653/103 791/652/103 790/650/102 

f 492/653/103 491/655/104 792/654/104 791/652/103 

f 491/655/104 490/657/79 793/656/79 792/654/104 

f 490/661/79 489/660/80 794/659/80 793/658/79 

f 489/665/80 488/664/26 795/663/26 794/662/80 

f 488/669/26 487/668/27 796/667/27 795/666/26 

f 487/673/27 486/672/28 797/671/28 796/670/27 

f 486/677/28 485/676/29 798/675/29 797/674/28 

f 485/681/29 484/680/30 799/679/30 798/678/29 

f 484/685/30 483/684/31 800/683/31 799/682/30 

f 483/689/31 482/688/81 801/687/81 800/686/31 

f 482/693/81 481/692/82 802/691/82 801/690/81 

f 481/591/82 480/590/105 803/589/105 802/588/82 

f 480/590/105 479/593/106 804/592/106 803/589/105 

f 479/593/106 478/595/107 805/594/107 804/592/106 

f 478/595/107 477/597/108 806/596/108 805/594/107 

f 477/597/108 476/599/109 807/598/109 806/596/108 

f 476/599/109 475/601/110 808/600/110 807/598/109 

f 475/601/110 474/209/4 809/206/4 808/600/110 

f 474/209/4 473/208/5 810/207/5 809/206/4 

f 473/213/6 472/212/7 642/211/7 810/210/6 

g Mesh3 ___30_1 Model

v 348.518 3.26314 -116.592
vt -0.755724 -0.03
vn 4.48916e-11 -4.48915e-11 -1
v 348.518 82.3989 -116.592
vt -2.33765 -0.03
v 351.518 82.3989 -116.592
vt -2.33765 0
v 351.518 3.26314 -116.592
vt -0.755724 0
f 813/892/119 814/893/119 815/894/119 816/895/119 

v 348.518 3.26314 -105.943
vt -8.33803 0.378051
vn -1 -7.49401e-16 -4.48916e-11
v 348.518 3.20554 -105.943
vt -8.33803 0.377475
v 348.518 2.98843 -105.943
vt -8.33803 0.375304
v 348.518 2.67984 -105.943
vt -8.33803 0.372218
v 348.518 2.32332 -105.943
vt -8.33803 0.368653
v 348.518 1.96244 -105.943
vt -8.33803 0.365044
v 348.518 1.64078 -105.943
vt -8.33803 0.361828
v 348.518 1.40189 -105.943
vt -8.33803 0.359439
v 348.518 1.28934 -105.943
vt -8.33803 0.358313
v 348.518 1.08223 -105.913
vt -8.33864 0.356242
v 348.518 0.842275 -105.794
vt -8.34102 0.353843
v 348.518 0.622963 -105.593
vt -8.34503 0.351649
v 348.518 0.429092 -105.321
vt -8.35047 0.349711
v 348.518 0.265465 -104.985
vt -8.35718 0.348074
v 348.518 0.136882 -104.596
vt -8.36496 0.346789
v 348.518 0.0481465 -104.162
vt -8.37364 0.345901
v 348.518 0.00405837 -103.692
vt -8.38303 0.34546
v 348.518 4.80924e-09 -103.241
vt -8.39206 0.34542
v 348.518 4.87237e-09 -101.834
vt -8.42017 0.34542
v 348.518 4.97635e-09 -99.5181
vt -8.46647 0.34542
v 348.518 5.10484e-09 -96.6559
vt -8.52369 0.34542
v 348.518 5.2415e-09 -93.6116
vt -8.58454 0.34542
v 348.518 5.36999e-09 -90.7494
vt -8.64176 0.34542
v 348.518 5.47397e-09 -88.4331
vt -8.68806 0.34542
v 348.518 5.5371e-09 -87.0269
vt -8.71617 0.34542
v 348.518 0.0042169 -86.5678
vt -8.72535 0.345462
v 348.518 0.0500272 -86.0797
vt -8.73511 0.34592
v 348.518 0.142229 -85.6285
vt -8.74412 0.346842
v 348.518 0.275834 -85.2239
vt -8.75221 0.348178
v 348.518 0.445853 -84.8753
vt -8.75918 0.349878
v 348.518 0.647296 -84.5921
vt -8.76484 0.351893
v 348.518 0.875176 -84.384
vt -8.769 0.354172
v 348.518 1.1245 -84.2604
vt -8.77147 0.356665
v 348.518 1.33948 -84.2287
vt -8.77211 0.358815
v 348.518 1.4492 -84.2287
vt -8.77211 0.359912
v 348.518 1.6821 -84.2287
vt -8.77211 0.362241
v 348.518 1.99569 -84.2287
vt -8.77211 0.365377
v 348.518 2.34751 -84.2287
vt -8.77211 0.368895
v 348.518 2.69509 -84.2287
vt -8.77211 0.372371
v 348.518 2.99594 -84.2287
vt -8.77211 0.375379
v 348.518 3.2076 -84.2287
vt -8.77211 0.377496
v 348.518 3.26314 -84.2287
vt -8.77211 0.378051
v 348.518 3.26314 -59.7958
vt -9.26052 0.378051
v 348.518 3.26314 -35.3629
vt -9.74893 0.378051
v 348.518 3.2076 -35.3629
vt -9.74893 0.377496
v 348.518 2.99594 -35.3629
vt -9.74893 0.375379
v 348.518 2.69509 -35.3629
vt -9.74893 0.372371
v 348.518 2.34751 -35.3629
vt -9.74893 0.368895
v 348.518 1.99569 -35.3629
vt -9.74893 0.365377
v 348.518 1.6821 -35.3629
vt -9.74893 0.362241
v 348.518 1.4492 -35.3629
vt -9.74893 0.359912
v 348.518 1.33948 -35.3629
vt -9.74893 0.358815
v 348.518 1.1245 -35.3312
vt -9.74957 0.356665
v 348.518 0.875176 -35.2076
vt -9.75204 0.354172
v 348.518 0.647296 -34.9994
vt -9.7562 0.351893
v 348.518 0.445853 -34.7163
vt -9.76186 0.349878
v 348.518 0.275834 -34.3677
vt -9.76883 0.348178
v 348.518 0.142229 -33.9631
vt -9.77692 0.346842
v 348.518 0.0500272 -33.5119
vt -9.78593 0.34592
v 348.518 0.0042169 -33.0238
vt -9.79569 0.345462
v 348.518 6.75906e-09 -32.5647
vt -9.80487 0.34542
v 348.518 6.75909e-09 -31.1585
vt -9.83298 0.34542
v 348.518 6.75908e-09 -28.8422
vt -9.87928 0.34542
v 348.518 6.75907e-09 -25.98
vt -9.9365 0.34542
v 348.518 6.7591e-09 -22.9357
vt -9.99735 0.34542
v 348.518 6.75905e-09 -20.0735
vt -10.0546 0.34542
v 348.518 6.75905e-09 -17.7572
vt -10.1009 0.34542
v 348.518 6.75905e-09 -16.3509
vt -10.129 0.34542
v 348.518 0.00405837 -15.8996
vt -10.138 0.34546
v 348.518 0.0481465 -15.4297
vt -10.1474 0.345901
v 348.518 0.136882 -14.9956
vt -10.1561 0.346789
v 348.518 0.265465 -14.6061
vt -10.1639 0.348074
v 348.518 0.429092 -14.2706
vt -10.1706 0.349711
v 348.518 0.622963 -13.9981
vt -10.176 0.351649
v 348.518 0.842275 -13.7978
vt -10.18 0.353843
v 348.518 1.08223 -13.6789
vt -10.1824 0.356242
v 348.518 1.28934 -13.6484
vt -10.183 0.358313
v 348.518 1.40189 -13.6484
vt -10.183 0.359439
v 348.518 1.64078 -13.6484
vt -10.183 0.361828
v 348.518 1.96244 -13.6484
vt -10.183 0.365044
v 348.518 2.32332 -13.6484
vt -10.183 0.368653
v 348.518 2.67984 -13.6484
vt -10.183 0.372218
v 348.518 2.98843 -13.6484
vt -10.183 0.375304
v 348.518 3.20554 -13.6484
vt -10.183 0.377475
v 348.518 3.26314 -13.6484
vt -10.183 0.378051
v 348.518 3.26314 -3
vt -10.3959 0.378051
v 348.518 82.3989 -3
vt -10.3959 1.16941
v 348.518 82.3989 -59.7958
vt -9.26052 1.16941
vt -8.12517 1.16941
vt -8.12517 0.378051
f 817/896/120 818/897/120 819/898/120 820/899/120 821/900/120 822/901/120 823/902/120 824/903/120 825/904/120 826/905/120 827/906/120 828/907/120 829/908/120 830/909/120 831/910/120 832/911/120 833/912/120 834/913/120 835/914/120 836/915/120 837/916/120 838/917/120 839/918/120 840/919/120 841/920/120 842/921/120 843/922/120 844/923/120 845/924/120 846/925/120 847/926/120 848/927/120 849/928/120 850/929/120 851/930/120 852/931/120 853/932/120 854/933/120 855/934/120 856/935/120 857/936/120 858/937/120 859/938/120 860/939/120 861/940/120 862/941/120 863/942/120 864/943/120 865/944/120 866/945/120 867/946/120 868/947/120 869/948/120 870/949/120 871/950/120 872/951/120 873/952/120 874/953/120 875/954/120 876/955/120 877/956/120 878/957/120 879/958/120 880/959/120 881/960/120 882/961/120 883/962/120 884/963/120 885/964/120 886/965/120 887/966/120 888/967/120 889/968/120 890/969/120 891/970/120 892/971/120 893/972/120 894/973/120 895/974/120 896/975/120 897/976/120 898/977/120 899/978/120 900/979/120 901/980/120 902/981/120 903/982/120 904/983/120 814/984/120 813/985/120 

vt -0.754573 -0.03
v 351.518 3.26314 -105.943
v 351.518 3.20554 -105.943
vt -0.754573 0
f 818/986/119 817/892/119 905/895/119 906/987/119 

vt 8.33803 -0.03
vn 7.49399e-16 -1 4.48915e-11
vt 8.12517 -0.03
vt 8.12517 0
vt 8.33803 0
f 817/988/121 813/989/121 816/990/121 905/991/121 

v 351.518 82.3989 -59.7958
vt 9.26052 1.16941
vn 1 7.49401e-16 4.48916e-11
v 351.518 82.3989 -3
vt 10.3959 1.16941
v 351.518 3.26314 -3
vt 10.3959 0.378051
v 351.518 3.26314 -13.6484
vt 10.183 0.378051
v 351.518 3.20554 -13.6484
vt 10.183 0.377475
v 351.518 2.98843 -13.6484
vt 10.183 0.375304
v 351.518 2.67984 -13.6484
vt 10.183 0.372218
v 351.518 2.32332 -13.6484
vt 10.183 0.368653
v 351.518 1.96244 -13.6484
vt 10.183 0.365044
v 351.518 1.64078 -13.6484
vt 10.183 0.361828
v 351.518 1.40189 -13.6484
vt 10.183 0.359439
v 351.518 1.28934 -13.6484
vt 10.183 0.358313
v 351.518 1.08223 -13.6789
vt 10.1824 0.356242
v 351.518 0.842275 -13.7978
vt 10.18 0.353843
v 351.518 0.622963 -13.9981
vt 10.176 0.351649
v 351.518 0.429092 -14.2706
vt 10.1706 0.349711
v 351.518 0.265465 -14.6061
vt 10.1639 0.348074
v 351.518 0.136882 -14.9956
vt 10.1561 0.346789
v 351.518 0.0481465 -15.4297
vt 10.1474 0.345901
v 351.518 0.00405837 -15.8996
vt 10.138 0.34546
v 351.518 6.75906e-09 -16.3509
vt 10.129 0.34542
v 351.518 6.75905e-09 -17.7572
vt 10.1009 0.34542
v 351.518 6.75906e-09 -20.0735
vt 10.0546 0.34542
v 351.518 6.7591e-09 -22.9357
vt 9.99735 0.34542
v 351.518 6.75907e-09 -25.98
vt 9.9365 0.34542
v 351.518 6.75908e-09 -28.8422
vt 9.87928 0.34542
v 351.518 6.75909e-09 -31.1585
vt 9.83298 0.34542
v 351.518 6.75906e-09 -32.5647
vt 9.80487 0.34542
v 351.518 0.0042169 -33.0238
vt 9.79569 0.345462
v 351.518 0.0500272 -33.5119
vt 9.78593 0.34592
v 351.518 0.142229 -33.9631
vt 9.77692 0.346842
v 351.518 0.275834 -34.3677
vt 9.76883 0.348178
v 351.518 0.445853 -34.7163
vt 9.76186 0.349878
v 351.518 0.647296 -34.9994
vt 9.7562 0.351893
v 351.518 0.875176 -35.2076
vt 9.75204 0.354172
v 351.518 1.1245 -35.3312
vt 9.74957 0.356665
v 351.518 1.33948 -35.3629
vt 9.74893 0.358815
v 351.518 1.4492 -35.3629
vt 9.74893 0.359912
v 351.518 1.6821 -35.3629
vt 9.74893 0.362241
v 351.518 1.99569 -35.3629
vt 9.74893 0.365377
v 351.518 2.34751 -35.3629
vt 9.74893 0.368895
v 351.518 2.69509 -35.3629
vt 9.74893 0.372371
v 351.518 2.99594 -35.3629
vt 9.74893 0.375379
v 351.518 3.2076 -35.3629
vt 9.74893 0.377496
v 351.518 3.26314 -35.3629
vt 9.74893 0.378051
v 351.518 3.26314 -59.7958
vt 9.26052 0.378051
v 351.518 3.26314 -84.2287
vt 8.77211 0.378051
v 351.518 3.2076 -84.2287
vt 8.77211 0.377496
v 351.518 2.99594 -84.2287
vt 8.77211 0.375379
v 351.518 2.69509 -84.2287
vt 8.77211 0.372371
v 351.518 2.34751 -84.2287
vt 8.77211 0.368895
v 351.518 1.99569 -84.2287
vt 8.77211 0.365377
v 351.518 1.6821 -84.2287
vt 8.77211 0.362241
v 351.518 1.4492 -84.2287
vt 8.77211 0.359912
v 351.518 1.33948 -84.2287
vt 8.77211 0.358815
v 351.518 1.1245 -84.2604
vt 8.77147 0.356665
v 351.518 0.875176 -84.384
vt 8.769 0.354172
v 351.518 0.647296 -84.5921
vt 8.76484 0.351893
v 351.518 0.445853 -84.8753
vt 8.75918 0.349878
v 351.518 0.275834 -85.2239
vt 8.75221 0.348178
v 351.518 0.142229 -85.6285
vt 8.74412 0.346842
v 351.518 0.0500272 -86.0797
vt 8.73511 0.34592
v 351.518 0.0042169 -86.5678
vt 8.72535 0.345462
v 351.518 5.5371e-09 -87.0269
vt 8.71617 0.34542
v 351.518 5.47397e-09 -88.4331
vt 8.68806 0.34542
v 351.518 5.36999e-09 -90.7494
vt 8.64176 0.34542
v 351.518 5.2415e-09 -93.6116
vt 8.58454 0.34542
v 351.518 5.10484e-09 -96.6559
vt 8.52369 0.34542
v 351.518 4.97635e-09 -99.5181
vt 8.46647 0.34542
v 351.518 4.87237e-09 -101.834
vt 8.42017 0.34542
v 351.518 4.80924e-09 -103.241
vt 8.39206 0.34542
v 351.518 0.00405837 -103.692
vt 8.38303 0.34546
v 351.518 0.0481465 -104.162
vt 8.37364 0.345901
v 351.518 0.136882 -104.596
vt 8.36496 0.346789
v 351.518 0.265465 -104.985
vt 8.35718 0.348074
v 351.518 0.429092 -105.321
vt 8.35047 0.349711
v 351.518 0.622963 -105.593
vt 8.34503 0.351649
v 351.518 0.842275 -105.794
vt 8.34102 0.353843
v 351.518 1.08223 -105.913
vt 8.33864 0.356242
v 351.518 1.28934 -105.943
vt 8.33803 0.358313
v 351.518 1.40189 -105.943
vt 8.33803 0.359439
v 351.518 1.64078 -105.943
vt 8.33803 0.361828
v 351.518 1.96244 -105.943
vt 8.33803 0.365044
v 351.518 2.32332 -105.943
vt 8.33803 0.368653
v 351.518 2.67984 -105.943
vt 8.33803 0.372218
v 351.518 2.98843 -105.943
vt 8.33803 0.375304
vt 8.33803 0.377475
vt 8.33803 0.378051
vt 8.12517 0.378051
vt 8.12517 1.16941
f 907/992/122 908/993/122 909/994/122 910/995/122 911/996/122 912/997/122 913/998/122 914/999/122 915/1000/122 916/1001/122 917/1002/122 918/1003/122 919/1004/122 920/1005/122 921/1006/122 922/1007/122 923/1008/122 924/1009/122 925/1010/122 926/1011/122 927/1012/122 928/1013/122 929/1014/122 930/1015/122 931/1016/122 932/1017/122 933/1018/122 934/1019/122 935/1020/122 936/1021/122 937/1022/122 938/1023/122 939/1024/122 940/1025/122 941/1026/122 942/1027/122 943/1028/122 944/1029/122 945/1030/122 946/1031/122 947/1032/122 948/1033/122 949/1034/122 950/1035/122 951/1036/122 952/1037/122 953/1038/122 954/1039/122 955/1040/122 956/1041/122 957/1042/122 958/1043/122 959/1044/122 960/1045/122 961/1046/122 962/1047/122 963/1048/122 964/1049/122 965/1050/122 966/1051/122 967/1052/122 968/1053/122 969/1054/122 970/1055/122 971/1056/122 972/1057/122 973/1058/122 974/1059/122 975/1060/122 976/1061/122 977/1062/122 978/1063/122 979/1064/122 980/1065/122 981/1066/122 982/1067/122 983/1068/122 984/1069/122 985/1070/122 986/1071/122 987/1072/122 988/1073/122 989/1074/122 990/1075/122 991/1076/122 992/1077/122 906/1078/122 905/1079/122 816/1080/122 815/1081/122 

vt -9.26052 -0.03
vn -7.49401e-16 1 7.24121e-15
vt -10.3959 -0.03
vt -10.3959 0
vt -9.26052 0
f 904/1082/123 903/1083/123 908/1084/123 907/1085/123 

v 348.518 164.494 -3
vt -10.3959 1.99036
v 348.518 164.494 -58.3505
vt -9.28941 1.99036
v 348.518 150.72 -58.3505
vt -9.28941 1.85262
v 348.518 150.72 -61.2166
vt -9.23212 1.85262
v 348.518 164.494 -61.2166
vt -9.23212 1.99036
v 348.518 164.494 -116.592
vt -8.12517 1.99036
f 904/983/120 903/982/120 993/1086/120 994/1087/120 995/1088/120 996/1089/120 997/1090/120 998/1091/120 814/984/120 

vt 3.97872 -0.03
vn -4.48916e-11 -6.60852e-15 1
vt 2.33765 -0.03
vt 2.33765 0
v 351.518 164.494 -3
vt 3.97872 0
f 993/1092/124 903/1093/124 908/1094/124 999/1095/124 

vn -4.48916e-11 1.38406e-25 1
vt 0.755724 -0.03
vt 0.755724 0
f 903/1093/125 902/1096/125 909/1097/125 908/1094/125 

vt 10.3959 -0.03
vn 7.49401e-16 -1 -9.26753e-15
vt 10.183 -0.03
vt 10.183 0
vt 10.3959 0
f 902/1098/126 901/1099/126 910/1100/126 909/1101/126 

vn -4.48916e-11 4.16005e-12 1
vt 0.754573 -0.03
vt 0.754573 0
f 901/1096/127 900/1102/127 911/1103/127 910/1097/127 

vn -4.48916e-11 1.96372e-15 1
vt 0.750233 -0.03
vt 0.750233 0
f 900/1102/128 899/1104/128 912/1105/128 911/1103/128 

vn -4.48916e-11 1.51596e-13 1
vt 0.744064 -0.03
vt 0.744064 0
f 899/1104/129 898/1106/129 913/1107/129 912/1105/129 

vn -4.48916e-11 9.08489e-14 1
vt 0.736937 -0.03
vt 0.736937 0
f 898/1106/130 897/1108/130 914/1109/130 913/1107/130 

vn -4.48916e-11 -1.18464e-13 1
vt 0.729723 -0.03
vt 0.729723 0
f 897/1108/131 896/1110/131 915/1111/131 914/1109/131 

vn -4.48916e-11 5.71672e-15 1
vt 0.723293 -0.03
vt 0.723293 0
f 896/1110/132 895/1112/132 916/1113/132 915/1111/132 

vn -4.48916e-11 -5.99407e-14 1
vt 0.718518 -0.03
vt 0.718518 0
f 895/1112/133 894/1114/133 917/1115/133 916/1113/133 

vn -4.48916e-11 7.93029e-13 1
vt 0.716268 -0.03
vt 0.716268 0
f 894/1114/134 893/1116/134 918/1117/134 917/1115/134 

vt 2.1924 -0.03
vn -4.44124e-11 -0.145711 0.989327
vt 2.18822 -0.03
vt 2.18822 0
vt 2.1924 0
f 893/1118/135 892/1119/135 919/1120/135 918/1121/135 

vt 5.16162 -0.03
vn -4.0218e-11 -0.444259 0.895898
vt 5.15627 -0.03
vt 5.15627 0
vt 5.16162 0
f 892/1122/136 891/1123/136 920/1124/136 919/1125/136 

vt 7.38749 -0.03
vn -3.31468e-11 -0.674381 0.738384
vt 7.38155 -0.03
vt 7.38155 0
vt 7.38749 0
f 891/1126/137 890/1127/137 921/1128/137 920/1129/137 

vt 8.69898 -0.03
vn -2.60248e-11 -0.814803 0.579738
vt 8.69229 -0.03
vt 8.69229 0
vt 8.69898 0
f 890/1130/138 889/1131/138 922/1132/138 921/1133/138 

vt 9.44785 -0.03
vn -1.9677e-11 -0.898811 0.438337
vt 9.44038 -0.03
vt 9.44038 0
vt 9.44785 0
f 889/1134/139 888/1135/139 923/1136/139 922/1137/139 

vt 9.86951 -0.03
vn -1.40746e-11 -0.949575 0.31354
vt 9.86131 -0.03
vt 9.86131 0
vt 9.86951 0
f 888/1138/140 887/1139/140 924/1140/140 923/1141/140 

vt 10.0892 -0.03
vn -8.98816e-12 -0.979748 0.200235
vt 10.0803 -0.03
vt 10.0803 0
vt 10.0892 0
f 887/1142/141 886/1143/141 925/1144/141 924/1145/141 

vt 10.1676 -0.03
vn -4.19358e-12 -0.995626 0.0934321
vt 10.1582 -0.03
vt 10.1582 0
vt 10.1676 0
f 886/1146/142 885/1147/142 926/1148/142 925/1149/142 

vt 10.1438 -0.03
vn -4.02856e-13 -0.99996 0.00899065
vt 10.1348 -0.03
vt 10.1348 0
vt 10.1438 0
f 885/1150/143 884/1151/143 927/1152/143 926/1153/143 

vt 10.129 -0.03
vn 7.49401e-16 -1 4.84032e-15
vt 10.1009 -0.03
vt 10.1009 0
vt 10.129 0
f 884/1154/144 883/1155/144 928/1156/144 927/1157/144 

vn 7.49401e-16 -1 -3.80275e-15
vt 10.0546 -0.03
vt 10.0546 0
f 883/1155/145 882/1158/145 929/1159/145 928/1156/145 

vn 7.49401e-16 -1 -1.50206e-14
vt 9.99735 -0.03
vt 9.99735 0
f 882/1158/146 881/1160/146 930/1161/146 929/1159/146 

vn 7.49401e-16 -1 9.3065e-15
vt 9.9365 -0.03
vt 9.9365 0
f 881/1160/147 880/1162/147 931/1163/147 930/1161/147 

vn 7.49401e-16 -1 -3.19789e-15
vt 9.87928 -0.03
vt 9.87928 0
f 880/1162/148 879/1164/148 932/1165/148 931/1163/148 

vt 9.83298 -0.03
vt 9.83298 0
f 879/1164/145 878/1166/145 933/1167/145 932/1165/145 

vn 7.49401e-16 -1 2.08827e-14
vt 9.80487 -0.03
vt 9.80487 0
f 878/1166/149 877/1168/149 934/1169/149 933/1167/149 

vt 9.79811 -0.03
vn 4.1313e-13 -0.999958 -0.00918612
vt 9.78894 -0.03
vt 9.78894 0
vt 9.79811 0
f 877/1170/150 876/1171/150 935/1172/150 934/1173/150 

vt 9.68832 -0.03
vn 4.19507e-12 -0.995626 -0.0934321
vt 9.67852 -0.03
vt 9.67852 0
vt 9.68832 0
f 876/1174/151 875/1175/151 936/1176/151 935/1177/151 

vt 9.44929 -0.03
vn 8.98963e-12 -0.979748 -0.200235
vt 9.44008 -0.03
vt 9.44008 0
vt 9.44929 0
f 875/1178/152 874/1179/152 937/1180/152 936/1181/152 

vt 9.06653 -0.03
vn 1.4076e-11 -0.949575 -0.31354
vt 9.05801 -0.03
vt 9.05801 0
vt 9.06653 0
f 874/1182/153 873/1183/153 938/1184/153 937/1185/153 

vt 8.47524 -0.03
vn 1.96783e-11 -0.898811 -0.438337
vt 8.46749 -0.03
vt 8.46749 0
vt 8.47524 0
f 873/1186/154 872/1187/154 939/1188/154 938/1189/154 

vt 7.54852 -0.03
vn 2.6026e-11 -0.814803 -0.579738
vt 7.54158 -0.03
vt 7.54158 0
vt 7.54852 0
f 872/1190/155 871/1191/155 940/1192/155 939/1193/155 

vt 6.05999 -0.03
vn 3.31478e-11 -0.674381 -0.738384
vt 6.05382 -0.03
vt 6.05382 0
vt 6.05999 0
f 871/1194/156 870/1195/156 941/1196/156 940/1197/156 

vt 3.69815 -0.03
vn 4.02187e-11 -0.444259 -0.895898
vt 3.69259 -0.03
vt 3.69259 0
vt 3.69815 0
f 870/1198/157 869/1199/157 942/1200/157 941/1201/157 

vt 0.716732 -0.03
vn 4.44116e-11 -0.145861 -0.989305
vt 0.712388 -0.03
vt 0.712388 0
vt 0.716732 0
f 869/1202/158 868/1203/158 943/1204/158 942/1205/158 

vt -0.71727 -0.03
vn 4.48916e-11 -4.8051e-13 -1
vt -0.719464 -0.03
vt -0.719464 0
vt -0.71727 0
f 868/1206/159 867/1207/159 944/1208/159 943/1209/159 

vn 4.48916e-11 5.44419e-14 -1
vt -0.724119 -0.03
vt -0.724119 0
f 867/1207/160 866/1210/160 945/1211/160 944/1208/160 

vn 4.48916e-11 -2.89292e-13 -1
vt -0.730388 -0.03
vt -0.730388 0
f 866/1210/161 865/1212/161 946/1213/161 945/1211/161 

vn 4.48916e-11 -5.58799e-15 -1
vt -0.737421 -0.03
vt -0.737421 0
f 865/1212/162 864/1214/162 947/1215/162 946/1213/162 

vn 4.48916e-11 -2.3596e-13 -1
vt -0.744369 -0.03
vt -0.744369 0
f 864/1214/163 863/1216/163 948/1217/163 947/1215/163 

vn 4.48916e-11 1.00026e-13 -1
vt -0.750383 -0.03
vt -0.750383 0
f 863/1216/164 862/1218/164 949/1219/164 948/1217/164 

vn 4.48916e-11 -1.25684e-13 -1
vt -0.754614 -0.03
vt -0.754614 0
f 862/1218/165 861/1220/165 950/1221/165 949/1219/165 

vn 4.48916e-11 -4.275e-12 -1
f 861/1220/166 860/892/166 951/895/166 950/1221/166 

vt 9.74893 -0.03
vn 7.49401e-16 -1 -1.99118e-14
vt 9.26052 -0.03
vt 9.26052 0
vt 9.74893 0
f 860/1222/167 859/1223/167 952/1224/167 951/1225/167 

vt 8.77211 -0.03
vt 8.77211 0
f 859/1223/121 858/1226/121 953/1227/121 952/1224/121 

vn -4.48916e-11 4.65162e-11 1
vt 0.754614 -0.03
vt 0.754614 0
f 858/1096/168 857/1228/168 954/1229/168 953/1097/168 

vn -4.48916e-11 4.48915e-11 1
vt 0.750383 -0.03
vt 0.750383 0
f 857/1228/169 856/1230/169 955/1231/169 954/1229/169 

vn -4.48916e-11 4.45916e-11 1
vt 0.744369 -0.03
vt 0.744369 0
f 856/1230/170 855/1232/170 956/1233/170 955/1231/170 

vt 0.737421 -0.03
vt 0.737421 0
f 855/1232/169 854/1234/169 957/1235/169 956/1233/169 

vt 0.730388 -0.03
vt 0.730388 0
f 854/1234/169 853/1236/169 958/1237/169 957/1235/169 

vt 0.724119 -0.03
vt 0.724119 0
f 853/1236/169 852/1238/169 959/1239/169 958/1237/169 

vt 0.719464 -0.03
vt 0.719464 0
f 852/1238/169 851/1240/169 960/1241/169 959/1239/169 

vt 0.71727 -0.03
vt 0.71727 0
f 851/1240/169 850/1242/169 961/1243/169 960/1241/169 

vt 1.98911 -0.03
vn -4.44114e-11 -0.145861 0.989305
vt 1.98476 -0.03
vt 1.98476 0
vt 1.98911 0
f 850/1244/171 849/1245/171 962/1246/171 961/1247/171 

vt 4.53556 -0.03
vt 4.53 -0.03
vt 4.53 0
vt 4.53556 0
f 849/1248/136 848/1249/136 963/1250/136 962/1251/136 

vt 6.43641 -0.03
vt 6.43024 -0.03
vt 6.43024 0
vt 6.43641 0
f 848/1252/137 847/1253/137 964/1254/137 963/1255/137 

vt 7.54943 -0.03
vt 7.54248 -0.03
vt 7.54248 0
vt 7.54943 0
f 847/1256/138 846/1257/138 965/1258/138 964/1259/138 

vt 8.17942 -0.03
vt 8.17167 -0.03
vt 8.17167 0
vt 8.17942 0
f 846/1260/139 845/1261/139 966/1262/139 965/1263/139 

vt 8.52911 -0.03
vt 8.52059 -0.03
vt 8.52059 0
vt 8.52911 0
f 845/1264/140 844/1265/140 967/1266/140 966/1267/140 

vt 8.70587 -0.03
vt 8.69666 -0.03
vt 8.69666 0
vt 8.70587 0
f 844/1268/141 843/1269/141 968/1270/141 967/1271/141 

vt 8.7615 -0.03
vt 8.7517 -0.03
vt 8.7517 0
vt 8.7615 0
f 843/1272/142 842/1273/142 969/1274/142 968/1275/142 

vt 8.73132 -0.03
vn -4.11631e-13 -0.999958 0.00918612
vt 8.72215 -0.03
vt 8.72215 0
vt 8.73132 0
f 842/1276/172 841/1277/172 970/1278/172 969/1279/172 

vt 8.71617 -0.03
vt 8.68806 -0.03
vt 8.68806 0
vt 8.71617 0
f 841/1280/121 840/1281/121 971/1282/121 970/1283/121 

vt 8.64176 -0.03
vt 8.64176 0
f 840/1281/121 839/1284/121 972/1285/121 971/1282/121 

vt 8.58454 -0.03
vt 8.58454 0
f 839/1284/121 838/1286/121 973/1287/121 972/1285/121 

vt 8.52369 -0.03
vt 8.52369 0
f 838/1286/121 837/1288/121 974/1289/121 973/1287/121 

vt 8.46647 -0.03
vt 8.46647 0
f 837/1288/121 836/1290/121 975/1291/121 974/1289/121 

vt 8.42017 -0.03
vt 8.42017 0
f 836/1290/121 835/1292/121 976/1293/121 975/1291/121 

vt 8.39206 -0.03
vt 8.39206 0
f 835/1292/121 834/1294/121 977/1295/121 976/1293/121 

vt 8.38551 -0.03
vn 4.04354e-13 -0.99996 -0.00899065
vt 8.37649 -0.03
vt 8.37649 0
vt 8.38551 0
f 834/1296/173 833/1297/173 978/1298/173 977/1299/173 

vt 8.28184 -0.03
vt 8.27241 -0.03
vt 8.27241 0
vt 8.28184 0
f 833/1300/151 832/1301/151 979/1302/151 978/1303/151 

vt 8.0656 -0.03
vt 8.05675 -0.03
vt 8.05675 0
vt 8.0656 0
f 832/1304/152 831/1305/152 980/1306/152 979/1307/152 

vt 7.72581 -0.03
vt 7.71761 -0.03
vt 7.71761 0
vt 7.72581 0
f 831/1308/153 830/1309/153 981/1310/153 980/1311/153 

vt 7.20653 -0.03
vt 7.19907 -0.03
vt 7.19907 0
vt 7.20653 0
f 830/1312/154 829/1313/154 982/1314/154 981/1315/154 

vt 6.39871 -0.03
vt 6.39203 -0.03
vt 6.39203 0
vt 6.39871 0
f 829/1316/155 828/1317/155 983/1318/155 982/1319/155 

vt 5.10868 -0.03
vt 5.10274 -0.03
vt 5.10274 0
vt 5.10868 0
f 828/1320/156 827/1321/156 984/1322/156 983/1323/156 

vt 3.07188 -0.03
vt 3.06653 -0.03
vt 3.06653 0
vt 3.07188 0
f 827/1324/157 826/1325/157 985/1326/157 984/1327/157 

vt 0.510506 -0.03
vn 4.44126e-11 -0.145711 -0.989327
vt 0.506321 -0.03
vt 0.506321 0
vt 0.510506 0
f 826/1328/174 825/1329/174 986/1330/174 985/1331/174 

vt -0.716268 -0.03
vt -0.718518 -0.03
vt -0.718518 0
vt -0.716268 0
f 825/1332/119 824/1333/119 987/1334/119 986/1335/119 

vt -0.723293 -0.03
vt -0.723293 0
f 824/1333/119 823/1336/119 988/1337/119 987/1334/119 

vt -0.729723 -0.03
vt -0.729723 0
f 823/1336/119 822/1338/119 989/1339/119 988/1337/119 

vt -0.736937 -0.03
vt -0.736937 0
f 822/1338/119 821/1340/119 990/1341/119 989/1339/119 

vt -0.744064 -0.03
vt -0.744064 0
f 821/1340/119 820/1342/119 991/1343/119 990/1341/119 

vt -0.750233 -0.03
vt -0.750233 0
f 820/1342/119 819/1344/119 992/1345/119 991/1343/119 

f 819/1344/119 818/986/119 906/987/119 992/1345/119 

v 351.518 164.494 -61.2166
vt 9.23212 1.99036
v 351.518 150.72 -61.2166
vt 9.23212 1.85262
v 351.518 150.72 -58.3505
vt 9.28941 1.85262
v 351.518 164.494 -58.3505
vt 9.28941 1.99036
vt 10.3959 1.99036
v 351.518 164.494 -116.592
vt 8.12517 1.99036
f 1000/1346/122 1001/1347/122 1002/1348/122 1003/1349/122 999/1350/122 908/993/122 907/992/122 815/1081/122 1004/1351/122 

vt 3.7034 -0.03
vt 3.7034 0
f 997/1092/169 996/1352/169 1001/1353/169 1000/1095/169 

vt -9.23212 -0.03
vn -7.49399e-16 1 -4.48915e-11
vt -9.28941 -0.03
vt -9.28941 0
vt -9.23212 0
f 996/1354/175 995/1355/175 1002/1356/175 1001/1357/175 

vt -3.7034 -0.03
vt -3.97872 -0.03
vt -3.97872 0
vt -3.7034 0
f 995/1358/119 994/1359/119 1003/1360/119 1002/1361/119 

vn -7.49401e-16 1 1.19183e-12
f 994/1355/176 993/1083/176 999/1084/176 1003/1356/176 

vt -8.12517 -0.03
vt -8.12517 0
f 998/1362/175 997/1354/175 1000/1357/175 1004/1363/175 

f 814/893/119 998/1359/119 1004/1360/119 815/894/119 

f 814/1362/175 904/1082/175 907/1085/175 815/1363/175 

g Mesh4 ___30_2 Model

v 0.0096233 3.26314 -116.592
v 0.0096233 82.3989 -116.592
v 3.00962 82.3989 -116.592
v 3.00962 3.26314 -116.592
f 1005/895/119 1006/894/119 1007/893/119 1008/892/119 

v 0.0096233 3.26314 -105.943
v 0.0096233 3.20554 -105.943
v 0.0096233 2.98843 -105.943
v 0.0096233 2.67984 -105.943
v 0.0096233 2.32332 -105.943
v 0.0096233 1.96244 -105.943
v 0.0096233 1.64078 -105.943
v 0.0096233 1.40189 -105.943
v 0.0096233 1.28934 -105.943
v 0.0096233 1.08223 -105.913
v 0.0096233 0.842275 -105.794
v 0.0096233 0.622963 -105.593
v 0.0096233 0.429092 -105.321
v 0.0096233 0.265465 -104.985
v 0.0096233 0.136882 -104.596
v 0.0096233 0.0481465 -104.162
v 0.0096233 0.00405837 -103.692
v 0.0096233 4.80898e-09 -103.241
v 0.0096233 4.8721e-09 -101.834
v 0.0096233 4.97608e-09 -99.5181
v 0.0096233 5.10458e-09 -96.6559
v 0.0096233 5.24124e-09 -93.6116
v 0.0096233 5.36973e-09 -90.7494
v 0.0096233 5.47371e-09 -88.4331
v 0.0096233 5.53684e-09 -87.0269
v 0.0096233 0.0042169 -86.5678
v 0.0096233 0.0500272 -86.0797
v 0.0096233 0.142229 -85.6285
v 0.0096233 0.275834 -85.2239
v 0.0096233 0.445853 -84.8753
v 0.0096233 0.647296 -84.5921
v 0.0096233 0.875176 -84.384
v 0.0096233 1.1245 -84.2604
v 0.0096233 1.33948 -84.2287
v 0.0096233 1.4492 -84.2287
v 0.0096233 1.6821 -84.2287
v 0.0096233 1.99569 -84.2287
v 0.0096233 2.34751 -84.2287
v 0.0096233 2.69509 -84.2287
v 0.0096233 2.99594 -84.2287
v 0.0096233 3.2076 -84.2287
v 0.0096233 3.26314 -84.2287
v 0.0096233 3.26314 -59.7958
v 0.0096233 3.26314 -35.3629
v 0.0096233 3.2076 -35.3629
v 0.0096233 2.99594 -35.3629
v 0.0096233 2.69509 -35.3629
v 0.0096233 2.34751 -35.3629
v 0.0096233 1.99569 -35.3629
v 0.0096233 1.6821 -35.3629
v 0.0096233 1.4492 -35.3629
v 0.0096233 1.33948 -35.3629
v 0.0096233 1.1245 -35.3312
v 0.0096233 0.875176 -35.2076
v 0.0096233 0.647296 -34.9994
v 0.0096233 0.445853 -34.7163
v 0.0096233 0.275834 -34.3677
v 0.0096233 0.142229 -33.9631
v 0.0096233 0.0500272 -33.5119
v 0.0096233 0.0042169 -33.0238
v 0.0096233 6.7588e-09 -32.5647
v 0.0096233 6.75883e-09 -31.1585
v 0.0096233 6.75882e-09 -28.8422
v 0.00962329 6.75881e-09 -25.98
v 0.00962329 6.75884e-09 -22.9357
v 0.00962329 6.75879e-09 -20.0735
v 0.00962329 6.75878e-09 -17.7572
v 0.00962329 6.75879e-09 -16.3509
v 0.00962329 0.00405837 -15.8996
v 0.00962329 0.0481465 -15.4297
v 0.00962329 0.136882 -14.9956
v 0.00962329 0.265465 -14.6061
v 0.00962329 0.429092 -14.2706
v 0.00962329 0.622963 -13.9981
v 0.00962329 0.842275 -13.7978
v 0.00962329 1.08223 -13.6789
v 0.00962329 1.28934 -13.6484
v 0.00962329 1.40189 -13.6484
v 0.00962329 1.64078 -13.6484
v 0.00962329 1.96244 -13.6484
v 0.00962329 2.32332 -13.6484
v 0.00962329 2.67984 -13.6484
v 0.00962329 2.98843 -13.6484
v 0.00962329 3.20554 -13.6484
v 0.00962329 3.26314 -13.6484
v 0.00962329 3.26314 -3
v 0.00962329 82.3989 -3
v 0.0096233 82.3989 -59.7958
f 1006/1081/120 1005/1080/120 1009/1079/120 1010/1078/120 1011/1077/120 1012/1076/120 1013/1075/120 1014/1074/120 1015/1073/120 1016/1072/120 1017/1071/120 1018/1070/120 1019/1069/120 1020/1068/120 1021/1067/120 1022/1066/120 1023/1065/120 1024/1064/120 1025/1063/120 1026/1062/120 1027/1061/120 1028/1060/120 1029/1059/120 1030/1058/120 1031/1057/120 1032/1056/120 1033/1055/120 1034/1054/120 1035/1053/120 1036/1052/120 1037/1051/120 1038/1050/120 1039/1049/120 1040/1048/120 1041/1047/120 1042/1046/120 1043/1045/120 1044/1044/120 1045/1043/120 1046/1042/120 1047/1041/120 1048/1040/120 1049/1039/120 1050/1038/120 1051/1037/120 1052/1036/120 1053/1035/120 1054/1034/120 1055/1033/120 1056/1032/120 1057/1031/120 1058/1030/120 1059/1029/120 1060/1028/120 1061/1027/120 1062/1026/120 1063/1025/120 1064/1024/120 1065/1023/120 1066/1022/120 1067/1021/120 1068/1020/120 1069/1019/120 1070/1018/120 1071/1017/120 1072/1016/120 1073/1015/120 1074/1014/120 1075/1013/120 1076/1012/120 1077/1011/120 1078/1010/120 1079/1009/120 1080/1008/120 1081/1007/120 1082/1006/120 1083/1005/120 1084/1004/120 1085/1003/120 1086/1002/120 1087/1001/120 1088/1000/120 1089/999/120 1090/998/120 1091/997/120 1092/996/120 1093/995/120 1094/994/120 1095/993/120 1096/992/120 

v 3.00962 3.26314 -105.943
f 1009/991/121 1005/990/121 1008/989/121 1097/988/121 

v 3.00962 82.3989 -59.7958
v 3.00962 82.3989 -3
v 3.00962 3.26314 -3
v 3.00962 3.26314 -13.6484
v 3.00962 3.20554 -13.6484
v 3.00962 2.98843 -13.6484
v 3.00962 2.67984 -13.6484
v 3.00962 2.32332 -13.6484
v 3.00962 1.96244 -13.6484
v 3.00962 1.64078 -13.6484
v 3.00962 1.40189 -13.6484
v 3.00962 1.28934 -13.6484
v 3.00962 1.08223 -13.6789
v 3.00962 0.842275 -13.7978
v 3.00962 0.622963 -13.9981
v 3.00962 0.429092 -14.2706
v 3.00962 0.265465 -14.6061
v 3.00962 0.136882 -14.9956
v 3.00962 0.0481465 -15.4297
v 3.00962 0.00405837 -15.8996
v 3.00962 6.75879e-09 -16.3509
v 3.00962 6.75879e-09 -17.7572
v 3.00962 6.7588e-09 -20.0735
v 3.00962 6.75884e-09 -22.9357
v 3.00962 6.75881e-09 -25.98
v 3.00962 6.75882e-09 -28.8422
v 3.00962 6.75883e-09 -31.1585
v 3.00962 6.7588e-09 -32.5647
v 3.00962 0.0042169 -33.0238
v 3.00962 0.0500272 -33.5119
v 3.00962 0.142229 -33.9631
v 3.00962 0.275834 -34.3677
v 3.00962 0.445853 -34.7163
v 3.00962 0.647296 -34.9994
v 3.00962 0.875176 -35.2076
v 3.00962 1.1245 -35.3312
v 3.00962 1.33948 -35.3629
v 3.00962 1.4492 -35.3629
v 3.00962 1.6821 -35.3629
v 3.00962 1.99569 -35.3629
v 3.00962 2.34751 -35.3629
v 3.00962 2.69509 -35.3629
v 3.00962 2.99594 -35.3629
v 3.00962 3.2076 -35.3629
v 3.00962 3.26314 -35.3629
v 3.00962 3.26314 -59.7958
v 3.00962 3.26314 -84.2287
v 3.00962 3.2076 -84.2287
v 3.00962 2.99594 -84.2287
v 3.00962 2.69509 -84.2287
v 3.00962 2.34751 -84.2287
v 3.00962 1.99569 -84.2287
v 3.00962 1.6821 -84.2287
v 3.00962 1.4492 -84.2287
v 3.00962 1.33948 -84.2287
v 3.00962 1.1245 -84.2604
v 3.00962 0.875176 -84.384
v 3.00962 0.647296 -84.5921
v 3.00962 0.445853 -84.8753
v 3.00962 0.275834 -85.2239
v 3.00962 0.142229 -85.6285
v 3.00962 0.0500272 -86.0797
v 3.00962 0.0042169 -86.5678
v 3.00962 5.53684e-09 -87.0269
v 3.00962 5.47371e-09 -88.4331
v 3.00962 5.36973e-09 -90.7494
v 3.00962 5.24124e-09 -93.6116
v 3.00962 5.10458e-09 -96.6559
v 3.00962 4.97609e-09 -99.5181
v 3.00962 4.87211e-09 -101.834
v 3.00962 4.80898e-09 -103.241
v 3.00962 0.00405837 -103.692
v 3.00962 0.0481465 -104.162
v 3.00962 0.136882 -104.596
v 3.00962 0.265465 -104.985
v 3.00962 0.429092 -105.321
v 3.00962 0.622963 -105.593
v 3.00962 0.842275 -105.794
v 3.00962 1.08223 -105.913
v 3.00962 1.28934 -105.943
v 3.00962 1.40189 -105.943
v 3.00962 1.64078 -105.943
v 3.00962 1.96244 -105.943
v 3.00962 2.32332 -105.943
v 3.00962 2.67984 -105.943
v 3.00962 2.98843 -105.943
v 3.00962 3.20554 -105.943
f 1008/985/122 1007/984/122 1098/983/122 1099/982/122 1100/981/122 1101/980/122 1102/979/122 1103/978/122 1104/977/122 1105/976/122 1106/975/122 1107/974/122 1108/973/122 1109/972/122 1110/971/122 1111/970/122 1112/969/122 1113/968/122 1114/967/122 1115/966/122 1116/965/122 1117/964/122 1118/963/122 1119/962/122 1120/961/122 1121/960/122 1122/959/122 1123/958/122 1124/957/122 1125/956/122 1126/955/122 1127/954/122 1128/953/122 1129/952/122 1130/951/122 1131/950/122 1132/949/122 1133/948/122 1134/947/122 1135/946/122 1136/945/122 1137/944/122 1138/943/122 1139/942/122 1140/941/122 1141/940/122 1142/939/122 1143/938/122 1144/937/122 1145/936/122 1146/935/122 1147/934/122 1148/933/122 1149/932/122 1150/931/122 1151/930/122 1152/929/122 1153/928/122 1154/927/122 1155/926/122 1156/925/122 1157/924/122 1158/923/122 1159/922/122 1160/921/122 1161/920/122 1162/919/122 1163/918/122 1164/917/122 1165/916/122 1166/915/122 1167/914/122 1168/913/122 1169/912/122 1170/911/122 1171/910/122 1172/909/122 1173/908/122 1174/907/122 1175/906/122 1176/905/122 1177/904/122 1178/903/122 1179/902/122 1180/901/122 1181/900/122 1182/899/122 1183/898/122 1184/897/122 1097/896/122 

f 1006/1363/175 1096/1085/175 1098/1082/175 1007/1362/175 

v 0.0096233 164.494 -116.592
v 0.00962329 164.494 -3
v 0.0096233 164.494 -58.3505
v 0.0096233 150.72 -58.3505
v 0.0096233 150.72 -61.2166
v 0.0096233 164.494 -61.2166
f 1185/1351/120 1006/1081/120 1096/992/120 1095/993/120 1186/1350/120 1187/1349/120 1188/1348/120 1189/1347/120 1190/1346/120 

v 3.00962 164.494 -116.592
f 1006/894/119 1185/1360/119 1191/1359/119 1007/893/119 

v 3.00962 164.494 -61.2166
f 1185/1363/175 1190/1357/175 1192/1354/175 1191/1362/175 

v 3.00962 150.72 -61.2166
f 1190/1095/169 1189/1353/169 1193/1352/169 1192/1092/169 

v 3.00962 150.72 -58.3505
f 1189/1357/175 1188/1356/175 1194/1355/175 1193/1354/175 

v 3.00962 164.494 -58.3505
f 1188/1361/119 1187/1360/119 1195/1359/119 1194/1358/119 

v 3.00962 164.494 -3
f 1187/1356/176 1186/1084/176 1196/1083/176 1195/1355/176 

f 1186/1095/124 1095/1094/124 1099/1093/124 1196/1092/124 

f 1096/1085/123 1095/1084/123 1099/1083/123 1098/1082/123 

f 1095/1094/125 1094/1097/125 1100/1096/125 1099/1093/125 

f 1094/1101/126 1093/1100/126 1101/1099/126 1100/1098/126 

f 1093/1097/127 1092/1103/127 1102/1102/127 1101/1096/127 

f 1092/1103/128 1091/1105/128 1103/1104/128 1102/1102/128 

f 1091/1105/129 1090/1107/129 1104/1106/129 1103/1104/129 

f 1090/1107/130 1089/1109/130 1105/1108/130 1104/1106/130 

f 1089/1109/131 1088/1111/131 1106/1110/131 1105/1108/131 

f 1088/1111/132 1087/1113/132 1107/1112/132 1106/1110/132 

f 1087/1113/133 1086/1115/133 1108/1114/133 1107/1112/133 

f 1086/1115/134 1085/1117/134 1109/1116/134 1108/1114/134 

f 1085/1121/135 1084/1120/135 1110/1119/135 1109/1118/135 

f 1084/1125/136 1083/1124/136 1111/1123/136 1110/1122/136 

f 1083/1129/137 1082/1128/137 1112/1127/137 1111/1126/137 

f 1082/1133/138 1081/1132/138 1113/1131/138 1112/1130/138 

f 1081/1137/139 1080/1136/139 1114/1135/139 1113/1134/139 

f 1080/1141/140 1079/1140/140 1115/1139/140 1114/1138/140 

f 1079/1145/141 1078/1144/141 1116/1143/141 1115/1142/141 

f 1078/1149/142 1077/1148/142 1117/1147/142 1116/1146/142 

f 1077/1153/143 1076/1152/143 1118/1151/143 1117/1150/143 

f 1076/1157/144 1075/1156/144 1119/1155/144 1118/1154/144 

f 1075/1156/145 1074/1159/145 1120/1158/145 1119/1155/145 

f 1074/1159/146 1073/1161/146 1121/1160/146 1120/1158/146 

f 1073/1161/147 1072/1163/147 1122/1162/147 1121/1160/147 

f 1072/1163/148 1071/1165/148 1123/1164/148 1122/1162/148 

f 1071/1165/145 1070/1167/145 1124/1166/145 1123/1164/145 

f 1070/1167/149 1069/1169/149 1125/1168/149 1124/1166/149 

f 1069/1173/150 1068/1172/150 1126/1171/150 1125/1170/150 

f 1068/1177/151 1067/1176/151 1127/1175/151 1126/1174/151 

f 1067/1181/152 1066/1180/152 1128/1179/152 1127/1178/152 

f 1066/1185/153 1065/1184/153 1129/1183/153 1128/1182/153 

f 1065/1189/154 1064/1188/154 1130/1187/154 1129/1186/154 

f 1064/1193/155 1063/1192/155 1131/1191/155 1130/1190/155 

f 1063/1197/156 1062/1196/156 1132/1195/156 1131/1194/156 

f 1062/1201/157 1061/1200/157 1133/1199/157 1132/1198/157 

f 1061/1205/158 1060/1204/158 1134/1203/158 1133/1202/158 

f 1060/1209/159 1059/1208/159 1135/1207/159 1134/1206/159 

f 1059/1208/160 1058/1211/160 1136/1210/160 1135/1207/160 

f 1058/1211/161 1057/1213/161 1137/1212/161 1136/1210/161 

f 1057/1213/162 1056/1215/162 1138/1214/162 1137/1212/162 

f 1056/1215/163 1055/1217/163 1139/1216/163 1138/1214/163 

f 1055/1217/164 1054/1219/164 1140/1218/164 1139/1216/164 

f 1054/1219/165 1053/1221/165 1141/1220/165 1140/1218/165 

f 1053/1221/166 1052/895/166 1142/892/166 1141/1220/166 

f 1052/1225/167 1051/1224/167 1143/1223/167 1142/1222/167 

f 1051/1224/121 1050/1227/121 1144/1226/121 1143/1223/121 

f 1050/1097/168 1049/1229/168 1145/1228/168 1144/1096/168 

f 1049/1229/169 1048/1231/169 1146/1230/169 1145/1228/169 

f 1048/1231/170 1047/1233/170 1147/1232/170 1146/1230/170 

f 1047/1233/169 1046/1235/169 1148/1234/169 1147/1232/169 

f 1046/1235/169 1045/1237/169 1149/1236/169 1148/1234/169 

f 1045/1237/169 1044/1239/169 1150/1238/169 1149/1236/169 

f 1044/1239/169 1043/1241/169 1151/1240/169 1150/1238/169 

f 1043/1241/169 1042/1243/169 1152/1242/169 1151/1240/169 

f 1042/1247/171 1041/1246/171 1153/1245/171 1152/1244/171 

f 1041/1251/136 1040/1250/136 1154/1249/136 1153/1248/136 

f 1040/1255/137 1039/1254/137 1155/1253/137 1154/1252/137 

f 1039/1259/138 1038/1258/138 1156/1257/138 1155/1256/138 

f 1038/1263/139 1037/1262/139 1157/1261/139 1156/1260/139 

f 1037/1267/140 1036/1266/140 1158/1265/140 1157/1264/140 

f 1036/1271/141 1035/1270/141 1159/1269/141 1158/1268/141 

f 1035/1275/142 1034/1274/142 1160/1273/142 1159/1272/142 

f 1034/1279/172 1033/1278/172 1161/1277/172 1160/1276/172 

f 1033/1283/121 1032/1282/121 1162/1281/121 1161/1280/121 

f 1032/1282/121 1031/1285/121 1163/1284/121 1162/1281/121 

f 1031/1285/121 1030/1287/121 1164/1286/121 1163/1284/121 

f 1030/1287/121 1029/1289/121 1165/1288/121 1164/1286/121 

f 1029/1289/121 1028/1291/121 1166/1290/121 1165/1288/121 

f 1028/1291/121 1027/1293/121 1167/1292/121 1166/1290/121 

f 1027/1293/121 1026/1295/121 1168/1294/121 1167/1292/121 

f 1026/1299/173 1025/1298/173 1169/1297/173 1168/1296/173 

f 1025/1303/151 1024/1302/151 1170/1301/151 1169/1300/151 

f 1024/1307/152 1023/1306/152 1171/1305/152 1170/1304/152 

f 1023/1311/153 1022/1310/153 1172/1309/153 1171/1308/153 

f 1022/1315/154 1021/1314/154 1173/1313/154 1172/1312/154 

f 1021/1319/155 1020/1318/155 1174/1317/155 1173/1316/155 

f 1020/1323/156 1019/1322/156 1175/1321/156 1174/1320/156 

f 1019/1327/157 1018/1326/157 1176/1325/157 1175/1324/157 

f 1018/1331/174 1017/1330/174 1177/1329/174 1176/1328/174 

f 1017/1335/119 1016/1334/119 1178/1333/119 1177/1332/119 

f 1016/1334/119 1015/1337/119 1179/1336/119 1178/1333/119 

f 1015/1337/119 1014/1339/119 1180/1338/119 1179/1336/119 

f 1014/1339/119 1013/1341/119 1181/1340/119 1180/1338/119 

f 1013/1341/119 1012/1343/119 1182/1342/119 1181/1340/119 

f 1012/1343/119 1011/1345/119 1183/1344/119 1182/1342/119 

f 1011/1345/119 1010/987/119 1184/986/119 1183/1344/119 

f 1010/987/119 1009/895/119 1097/892/119 1184/986/119 

f 1007/984/122 1191/1091/122 1192/1090/122 1193/1089/122 1194/1088/122 1195/1087/122 1196/1086/122 1099/982/122 1098/983/122 

