# Alias OBJ Model File
# Exported from SketchUp, (c) 2000-2012 Trimble Navigation Limited
# File units = millimeters

mtllib 5.mtl

g Mesh1 ___50_1 Model

usemtl _
v 24.1901 24.316 -20.3089
vt -0.767026 0.03
vn -0.355048 0.876409 0.325342
v 24.2384 24.352 -20.3532
vt -0.768521 0.03
vn -0.450239 0.791879 0.412568
v 22.2116 24.352 -22.565
vt -0.768521 0
v 22.1633 24.316 -22.5207
vt -0.767026 0
f 1/1/1 2/2/2 3/3/2 4/4/1 

v 27.3087 17.9187 -23.1666
vt 0.752741 0.114828
vn 0.67559 7.80776e-16 0.737277
v 27.3296 18.4255 -23.1857
vt 0.756689 0.119503
v 27.3317 18.9635 -23.1877
vt 0.760368 0.12456
v 27.3208 19.4003 -23.1777
vt 0.763034 0.128722
v 27.2951 19.897 -23.1541
vt 0.765724 0.133515
v 27.2427 20.3368 -23.1061
vt 0.767351 0.137896
v 27.135 20.5576 -23.0075
vt 0.766091 0.140466
v 26.963 20.4101 -22.8498
vt 0.760704 0.139865
v 26.7695 20.0357 -22.6725
vt 0.753243 0.137224
v 26.6014 19.7332 -22.5185
vt 0.746913 0.135145
v 26.3374 19.9063 -22.2766
vt 0.741343 0.137982
v 25.9383 20.5346 -21.9109
vt 0.735389 0.145721
v 25.6845 21.1624 -21.6783
vt 0.733139 0.152792
v 25.683 21.5423 -21.6769
vt 0.735661 0.156376
v 25.7246 21.8044 -21.715
vt 0.738488 0.158654
v 25.7089 21.9459 -21.7007
vt 0.739041 0.160057
v 25.6045 21.9961 -21.605
vt 0.736714 0.161007
v 25.5049 22.0173 -21.5138
vt 0.734317 0.161662
v 25.4525 22.0221 -21.4658
vt 0.733012 0.161947
v 25.4826 22.0937 -21.4933
vt 0.734262 0.162483
v 25.5583 22.2831 -21.5627
vt 0.73747 0.163921
v 25.5999 22.4419 -21.6008
vt 0.7396 0.165225
v 25.5513 22.5054 -21.5562
vt 0.738788 0.166046
v 25.4618 22.5666 -21.4743
vt 0.736918 0.167031
v 25.4011 22.6017 -21.4186
vt 0.735603 0.167639
v 25.4022 22.6411 -21.4196
vt 0.735896 0.168005
v 25.4123 22.7642 -21.4289
vt 0.736985 0.169118
v 25.4183 22.9056 -21.4344
vt 0.738092 0.170422
v 25.3907 23.0056 -21.4091
vt 0.738061 0.171489
v 25.3081 23.0705 -21.3334
vt 0.736388 0.172478
v 25.2252 23.1289 -21.2574
vt 0.734665 0.173406
v 25.1962 23.2097 -21.2309
vt 0.734472 0.1743
v 25.2141 23.3132 -21.2473
vt 0.735625 0.175192
v 25.2254 23.4083 -21.2576
vt 0.736554 0.176036
v 25.1993 23.4842 -21.2337
vt 0.736399 0.17687
v 25.1688 23.5716 -21.2057
vt 0.736209 0.177832
v 25.1209 23.6438 -21.1618
vt 0.735473 0.178731
v 25.0513 23.6767 -21.0981
vt 0.73392 0.179359
v 24.9944 23.6974 -21.046
vt 0.732606 0.179814
v 24.9577 23.7519 -21.0123
vt 0.732036 0.180495
v 24.9446 23.8662 -21.0003
vt 0.732472 0.181631
v 24.9435 23.9864 -20.9993
vt 0.733254 0.182767
v 24.9341 24.0902 -20.9907
vt 0.733712 0.183788
v 24.8886 24.1517 -20.949
vt 0.732965 0.184575
v 24.7901 24.1518 -20.8588
vt 0.730453 0.185026
v 24.6882 24.1433 -20.7654
vt 0.727795 0.185412
v 24.6215 24.1733 -20.7043
vt 0.726295 0.186
v 24.5609 24.2235 -20.6487
vt 0.725085 0.186749
v 24.5178 24.2769 -20.6092
vt 0.724345 0.187449
v 24.5033 24.3342 -20.5959
vt 0.72436 0.188055
v 24.486 24.4305 -20.5801
vt 0.724568 0.18904
v 24.4461 24.5127 -20.5436
vt 0.724105 0.189997
v 24.3743 24.5181 -20.4777
vt 0.722307 0.190376
v 24.3007 24.4411 -20.4103
vt 0.719911 0.189987
vt 0.717719 0.189434
vt 0.716242 0.189316
v 24.1322 24.3232 -20.2559
vt 0.714814 0.189648
v 24.0698 24.3695 -20.1987
vt 0.713534 0.190368
v 24.0115 24.4438 -20.1453
vt 0.712546 0.191335
v 23.9562 24.465 -20.0946
vt 0.711277 0.191788
v 23.9136 24.4362 -20.0556
vt 0.709994 0.191711
v 23.8924 24.3772 -20.0362
vt 0.709057 0.191252
v 23.862 24.2939 -20.0083
vt 0.707719 0.190608
v 23.7808 24.1796 -19.9339
vt 0.704875 0.189902
v 23.6308 24.037 -19.7964
vt 0.700086 0.189246
v 23.548 23.937 -19.7206
vt 0.697299 0.188683
v 23.5262 23.8622 -19.7006
vt 0.696238 0.188079
v 23.5239 23.7709 -19.6985
vt 0.695565 0.187229
v 23.5476 23.6375 -19.7202
vt 0.695271 0.185865
v 23.5464 23.5299 -19.7191
vt 0.694514 0.184858
v 23.4623 23.5185 -19.6421
vt 0.692292 0.185134
v 23.3637 23.5274 -19.5517
vt 0.689836 0.185669
v 23.2975 23.5051 -19.4911
vt 0.687995 0.185762
v 23.2822 23.4319 -19.477
vt 0.687111 0.185142
v 23.2743 23.344 -19.4698
vt 0.686317 0.184351
v 23.2536 23.2588 -19.4508
vt 0.685214 0.183644
v 23.2187 23.1783 -19.4188
vt 0.683781 0.183046
v 23.205 23.0931 -19.4063
vt 0.682857 0.182306
v 23.2099 23.0192 -19.4108
vt 0.682485 0.181588
v 23.2155 22.975 -19.4159
vt 0.682329 0.181147
v 23.2205 22.8841 -19.4204
vt 0.681843 0.180268
v 23.2373 22.7518 -19.4359
vt 0.681382 0.178945
v 23.2788 22.6238 -19.4739
vt 0.681578 0.17755
v 23.3604 22.5079 -19.5487
vt 0.682881 0.176086
v 23.4411 22.423 -19.6226
vt 0.684368 0.174918
v 23.4667 22.3969 -19.6461
vt 0.684846 0.174555
v 23.4597 22.322 -19.6396
vt 0.684162 0.173882
v 23.4647 22.0959 -19.6443
vt 0.682767 0.171731
v 23.5093 21.6661 -19.6851
vt 0.681007 0.16748
v 23.6083 21.2425 -19.7759
vt 0.680682 0.163039
v 23.7232 21.0256 -19.8811
vt 0.682152 0.160472
v 23.8038 21.1185 -19.955
vt 0.684837 0.160978
v 23.8386 21.4813 -19.9868
vt 0.688168 0.164235
v 23.8774 21.8782 -20.0224
vt 0.691835 0.167794
v 23.9734 22.0729 -20.1104
vt 0.695597 0.169188
v 24.1048 22.0871 -20.2308
vt 0.699045 0.168721
v 24.2163 22.0223 -20.3329
vt 0.701455 0.167601
v 24.2766 21.8837 -20.3882
vt 0.70206 0.166021
v 24.2633 21.5 -20.376
vt 0.699136 0.162469
v 24.169 20.9255 -20.2896
vt 0.692857 0.157492
v 23.9874 20.3921 -20.1232
vt 0.684629 0.1533
v 23.836 20.0074 -19.9845
vt 0.678171 0.15037
v 23.7884 19.693 -19.9409
vt 0.674839 0.147628
v 23.8241 19.3744 -19.9736
vt 0.673602 0.144465
v 23.958 18.7974 -20.0963
vt 0.673132 0.13842
v 24.1208 18.0007 -20.2455
vt 0.671919 0.130175
v 24.1817 17.2841 -20.3012
vt 0.668644 0.123151
v 24.155 16.9629 -20.2768
vt 0.665798 0.120248
v 24.1222 16.7565 -20.2467
vt 0.663571 0.118456
v 24.0965 16.6154 -20.2232
vt 0.661965 0.117244
v 23.8447 16.5199 -19.9925
vt 0.654893 0.117496
v 23.5094 16.4114 -19.6852
vt 0.645602 0.118008
v 23.106 16.2913 -19.3156
vt 0.634496 0.118722
v 22.65 16.161 -18.8977
vt 0.621978 0.11958
v 22.1569 16.0218 -18.4459
vt 0.608454 0.120524
v 21.6422 15.8751 -17.9742
vt 0.594325 0.121497
v 21.1212 15.7222 -17.4968
vt 0.579996 0.122439
v 20.6095 15.5645 -17.0279
vt 0.565872 0.123293
v 20.152 15.428 -16.6087
vt 0.553273 0.1241
v 20.1225 15.4032 -16.5817
vt 0.552354 0.124002
v 20.088 15.4479 -16.55
vt 0.551773 0.124581
v 20.051 15.5104 -16.5161
vt 0.55125 0.125338
v 19.9222 15.7036 -16.3982
vt 0.549265 0.127746
v 19.751 15.911 -16.2412
vt 0.546291 0.130482
v 19.5388 16.1335 -16.0468
vt 0.542375 0.133546
v 19.1948 16.5804 -15.7316
vt 0.536605 0.139326
v 19.1393 16.9141 -15.6808
vt 0.537437 0.142722
v 19.2956 17.1297 -15.824
vt 0.54288 0.144037
v 19.4788 17.27 -15.9918
vt 0.548501 0.14452
v 19.5264 17.4243 -16.0354
vt 0.550756 0.145755
v 19.4268 17.6549 -15.9442
vt 0.549768 0.148381
v 19.1475 18.1104 -15.6882
vt 0.545708 0.153948
v 18.7947 18.6969 -15.365
vt 0.540653 0.161082
v 18.5969 19.0277 -15.1837
vt 0.537833 0.165101
v 18.5803 19.0828 -15.1685
vt 0.537781 0.165695
v 18.5993 19.1298 -15.1859
vt 0.538584 0.166051
v 18.6684 19.1832 -15.2492
vt 0.540706 0.166237
v 18.7592 19.2401 -15.3325
vt 0.543409 0.166358
v 18.8136 19.2718 -15.3823
vt 0.54501 0.166408
v 18.83 19.3203 -15.3974
vt 0.545757 0.166789
v 18.8631 19.4631 -15.4277
vt 0.547563 0.167982
v 18.8707 19.6312 -15.4347
vt 0.548891 0.16953
v 18.8117 19.773 -15.3805
vt 0.548338 0.171135
v 18.7119 19.8831 -15.2891
vt 0.546533 0.172628
v 18.645 19.9376 -15.2278
vt 0.545194 0.173447
v 18.6401 20.0263 -15.2233
vt 0.545665 0.174305
v 18.6237 20.3092 -15.2083
vt 0.547154 0.177043
v 18.5783 20.6393 -15.1667
vt 0.54822 0.180359
v 18.4756 20.9245 -15.0726
vt 0.54752 0.183513
v 18.3256 21.1941 -14.9351
vt 0.545507 0.186737
v 18.224 21.3503 -14.842
vt 0.543965 0.188672
v 18.2154 21.4521 -14.8341
vt 0.544432 0.18967
v 18.2033 21.7634 -14.823
vt 0.54622 0.192656
v 18.1778 22.0611 -14.7997
vt 0.547578 0.195575
v 18.1374 22.2178 -14.7627
vt 0.547601 0.197235
v 18.0943 22.4203 -14.7232
vt 0.547866 0.199339
v 18.0688 22.602 -14.6998
vt 0.54844 0.201166
v 18.0766 22.7305 -14.707
vt 0.549504 0.20234
v 18.0927 22.8915 -14.7217
vt 0.551 0.203783
v 18.073 22.9978 -14.7037
vt 0.551214 0.204874
v 17.993 22.9816 -14.6304
vt 0.549063 0.205087
v 17.9113 22.9266 -14.5555
vt 0.546606 0.204942
v 17.8609 22.8827 -14.5093
vt 0.545024 0.20476
v 17.8391 22.8637 -14.4893
vt 0.544338 0.20468
v 17.8031 22.9028 -14.4563
vt 0.543684 0.205213
v 17.7429 23.0175 -14.4012
vt 0.54292 0.206568
v 17.6775 23.0987 -14.3413
vt 0.541798 0.207631
v 17.6174 23.0815 -14.2862
vt 0.540149 0.207745
v 17.5658 22.9455 -14.2389
vt 0.537915 0.2067
v 17.5051 22.8214 -14.1832
vt 0.535527 0.205809
v 17.4407 22.7318 -14.1243
vt 0.533281 0.20526
v 17.3798 22.6676 -14.0684
vt 0.531293 0.204934
v 17.3226 22.5829 -14.0161
vt 0.529263 0.204398
v 17.2833 22.5086 -13.9801
vt 0.527759 0.203878
v 17.2635 22.4789 -13.9619
vt 0.527053 0.203689
v 17.202 22.4661 -13.9055
vt 0.525396 0.20385
v 17.1258 22.4413 -13.8357
vt 0.523284 0.203965
v 17.0727 22.3786 -13.7871
vt 0.521508 0.203617
v 17.038 22.2725 -13.7553
vt 0.519906 0.202777
v 17.0192 22.1838 -13.738
vt 0.518829 0.202028
v 17.0034 22.1632 -13.7235
vt 0.518285 0.201906
v 16.9114 22.1221 -13.6392
vt 0.515661 0.20194
v 16.8078 22.0229 -13.5443
vt 0.512348 0.201479
v 16.7753 21.8591 -13.5145
vt 0.510414 0.200086
v 16.7837 21.7124 -13.5222
vt 0.50964 0.198667
v 16.7993 21.6229 -13.5365
vt 0.509434 0.197752
v 16.7288 21.5352 -13.4719
vt 0.507045 0.197249
v 16.6177 21.4296 -13.3701
vt 0.503497 0.196763
v 16.4986 21.3099 -13.261
vt 0.49965 0.196181
v 16.3911 21.1342 -13.1625
vt 0.495723 0.195018
v 16.3234 20.9566 -13.1005
vt 0.492798 0.193655
v 16.3247 20.8508 -13.1017
vt 0.492119 0.192653
v 16.3756 20.7649 -13.1483
vt 0.492838 0.191612
v 16.4541 20.6953 -13.2202
vt 0.494373 0.190598
v 16.5469 20.6699 -13.3052
vt 0.49657 0.189934
v 16.6415 20.6799 -13.3919
vt 0.499053 0.189596
v 16.7113 20.699 -13.4559
vt 0.500963 0.189457
v 16.6882 20.5262 -13.4347
vt 0.499209 0.187936
v 16.6498 20.2612 -13.3995
vt 0.496443 0.185616
v 16.6671 20.0391 -13.4154
vt 0.49539 0.183446
v 16.7102 19.8559 -13.4549
vt 0.495253 0.181524
v 16.755 19.7268 -13.4959
vt 0.495528 0.180104
v 16.805 19.7165 -13.5417
vt 0.496734 0.179778
v 16.9126 19.9409 -13.6404
vt 0.500995 0.181399
v 17.0601 20.2512 -13.7755
vt 0.50685 0.183646
v 17.1957 20.4148 -13.8997
vt 0.511412 0.184566
v 17.3004 20.4284 -13.9957
vt 0.514177 0.184216
v 17.3701 20.3487 -14.0596
vt 0.515421 0.183146
v 17.3938 20.1683 -14.0813
vt 0.51481 0.181339
v 17.3659 19.8867 -14.0557
vt 0.512199 0.178816
v 17.2652 19.5253 -13.9635
vt 0.507194 0.175874
v 17.065 19.1107 -13.78
vt 0.499289 0.172886
v 16.843 18.7258 -13.5766
vt 0.491028 0.170277
v 16.6911 18.372 -13.4374
vt 0.484767 0.167641
v 16.6563 17.995 -13.4055
vt 0.481339 0.164251
v 16.7042 17.45 -13.4494
vt 0.478889 0.158901
v 16.762 16.903 -13.5023
vt 0.476678 0.153487
v 16.7872 16.677 -13.5254
vt 0.475798 0.151244
v 16.8201 16.1515 -13.5556
vt 0.473096 0.146145
v 16.8741 15.2889 -13.605
vt 0.468662 0.137778
v 16.8999 14.8699 -13.6288
vt 0.4665 0.133715
v 16.8075 14.7934 -13.544
vt 0.463625 0.133418
v 16.6256 14.6386 -13.3773
vt 0.457937 0.132792
v 16.4655 14.4921 -13.2307
vt 0.452865 0.132145
v 16.4149 14.4579 -13.1843
vt 0.451343 0.132054
v 16.3629 14.4333 -13.1366
vt 0.449847 0.13206
v 16.3236 14.4027 -13.1006
vt 0.448639 0.131952
v 16.0776 14.3274 -12.8752
vt 0.441852 0.132367
v 15.724 14.2157 -12.5512
vt 0.432074 0.132932
v 15.3451 14.0952 -12.204
vt 0.421591 0.13353
v 14.9416 13.9698 -11.8342
vt 0.410444 0.134195
v 14.514 13.8434 -11.4424
vt 0.398677 0.13496
v 14.0629 13.7198 -11.0291
vt 0.38633 0.135858
v 13.589 13.6027 -10.5948
vt 0.373444 0.136923
v 13.0929 13.4961 -10.1402
vt 0.360062 0.138187
v 12.5752 13.4038 -9.66586
vt 0.346225 0.139685
v 12.5977 13.4724 -9.68647
vt 0.347261 0.140228
v 12.6179 13.5333 -9.70495
vt 0.348187 0.14071
v 12.6353 13.5853 -9.7209
vt 0.348981 0.141119
v 12.6681 13.692 -9.75101
vt 0.350539 0.141974
v 12.7616 14.1446 -9.83662
vt 0.355974 0.145808
v 12.8435 14.7287 -9.91168
vt 0.362001 0.150932
v 12.8636 15.2239 -9.93014
vt 0.365852 0.155502
v 12.7748 15.4406 -9.84875
vt 0.365046 0.157949
v 12.5982 15.4345 -9.68692
vt 0.360496 0.158699
v 12.4196 15.3337 -9.52327
vt 0.355258 0.158566
v 12.3272 15.261 -9.43859
vt 0.352409 0.158305
v 12.2651 15.3159 -9.38169
vt 0.351194 0.159105
v 12.1794 15.4582 -9.30314
vt 0.349964 0.160837
v 12.0537 15.7361 -9.18801
vt 0.34863 0.164027
v 11.9221 15.9947 -9.06744
vt 0.347014 0.167064
v 11.811 16.1946 -8.96561
vt 0.345524 0.169454
v 11.731 16.4047 -8.89231
vt 0.344898 0.171798
v 11.6869 16.692 -8.85188
vt 0.345708 0.174704
v 11.6468 17.0583 -8.81515
vt 0.347153 0.178336
v 11.6046 17.4279 -8.77648
vt 0.348567 0.182009
v 11.5607 17.7205 -8.73619
vt 0.349416 0.184965
v 11.4898 17.9408 -8.67131
vt 0.349093 0.187363
v 11.3662 18.2334 -8.55797
vt 0.347907 0.190682
v 11.2446 18.5913 -8.44656
vt 0.347216 0.194608
v 11.1838 18.9702 -8.3909
vt 0.348218 0.198453
v 11.1636 19.0515 -8.37233
vt 0.348248 0.199311
v 11.1103 19.2334 -8.32349
vt 0.348114 0.201268
v 11.0271 19.4587 -8.24729
vt 0.347509 0.203769
v 10.9174 19.6719 -8.14675
vt 0.346145 0.206278
v 10.7918 19.8584 -8.0317
vt 0.344197 0.208607
v 10.6718 20.0314 -7.9217
vt 0.342298 0.210785
v 10.5795 20.2032 -7.83709
vt 0.341099 0.212824
v 10.5075 20.392 -7.77113
vt 0.340534 0.214932
v 10.3915 20.5975 -7.66485
vt 0.338958 0.217396
v 10.2662 20.7652 -7.55008
vt 0.336891 0.219548
v 10.1742 20.8381 -7.46577
vt 0.335033 0.220655
v 10.1234 20.7284 -7.4192
vt 0.332997 0.219854
v 10.082 20.4689 -7.38125
vt 0.330191 0.217601
v 10.039 20.197 -7.34181
vt 0.327261 0.215238
v 9.98288 20.0451 -7.29043
vt 0.324805 0.214064
v 9.90355 19.994 -7.21774
vt 0.322436 0.213946
v 9.81821 19.9721 -7.13954
vt 0.32011 0.21413
v 9.7506 19.9341 -7.07759
vt 0.318128 0.21408
v 9.71678 19.849 -7.04659
vt 0.316691 0.213434
v 9.69307 19.763 -7.02487
vt 0.315506 0.212733
v 9.67376 19.6906 -7.00717
vt 0.314526 0.212139
v 9.6572 19.6388 -6.992
vt 0.313754 0.211728
v 9.63367 19.5925 -6.97044
vt 0.312842 0.2114
v 9.59726 19.5282 -6.93708
vt 0.311478 0.21096
v 9.56293 19.466 -6.90562
vt 0.310183 0.210532
v 9.5452 19.4271 -6.88937
vt 0.309469 0.210247
v 9.5173 19.4216 -6.86381
vt 0.308719 0.210322
v 9.46913 19.4247 -6.81967
vt 0.307511 0.210572
v 9.41464 19.4051 -6.76973
vt 0.305988 0.210637
v 9.36916 19.3364 -6.72806
vt 0.304364 0.210198
v 9.34861 19.2463 -6.70923
vt 0.303232 0.209444
v 9.34524 19.1662 -6.70614
vt 0.302606 0.208705
v 9.34779 19.1223 -6.70848
vt 0.302376 0.20828
v 9.33224 19.0959 -6.69423
vt 0.301801 0.208102
v 9.28484 19.0002 -6.65079
vt 0.299946 0.207418
v 9.25089 18.857 -6.61968
vt 0.298114 0.206225
v 9.27788 18.6936 -6.64442
vt 0.297702 0.204563
v 9.35997 18.5443 -6.71964
vt 0.298791 0.202782
v 9.44626 18.431 -6.79871
vt 0.300231 0.201321
v 9.50861 18.3641 -6.85584
vt 0.301372 0.200407
v 9.52516 18.3359 -6.87101
vt 0.301604 0.200065
v 9.55613 18.1516 -6.89939
vt 0.301153 0.198189
v 9.61845 17.8453 -6.95649
vt 0.30068 0.19502
v 9.70538 17.5313 -7.03615
vt 0.300783 0.191666
v 9.80269 17.3048 -7.12532
vt 0.30174 0.189088
v 9.8815 17.1723 -7.19754
vt 0.302859 0.18748
v 9.94504 17.1607 -7.25576
vt 0.304403 0.187081
v 9.99942 17.3018 -7.30559
vt 0.306742 0.188161
v 10.0633 17.5005 -7.36413
vt 0.309711 0.189739
v 10.1467 17.5982 -7.44054
vt 0.312499 0.190278
v 10.2352 17.5905 -7.52163
vt 0.314705 0.1898
v 10.312 17.4716 -7.59201
vt 0.315865 0.18833
v 10.3078 17.2088 -7.58815
vt 0.313986 0.185875
v 10.206 16.844 -7.49492
vt 0.308931 0.182907
v 10.021 16.4486 -7.32535
vt 0.301543 0.18003
v 9.79649 16.0769 -7.11964
vt 0.293307 0.177556
v 9.6871 15.7042 -7.01939
vt 0.288003 0.174547
v 9.67027 15.3825 -7.00397
vt 0.285406 0.171596
v 9.69543 15.1783 -7.02703
vt 0.284672 0.169558
v 9.70472 15.0271 -7.03554
vt 0.283891 0.168093
v 9.67651 14.7553 -7.0097
vt 0.281339 0.165663
v 9.63823 14.4517 -6.97462
vt 0.278316 0.162979
v 9.61783 14.2105 -6.95592
vt 0.27617 0.160802
v 9.61132 13.988 -6.94996
vt 0.274505 0.158737
v 9.60581 13.7675 -6.94491
vt 0.272878 0.156686
v 9.60236 13.6167 -6.94174
vt 0.271774 0.155282
v 9.5952 13.5744 -6.93518
vt 0.271306 0.154917
v 9.53797 13.4577 -6.88274
vt 0.269059 0.15408
v 9.45671 13.2952 -6.80829
vt 0.26589 0.152921
v 9.39443 13.1782 -6.75122
vt 0.263512 0.152105
v 9.36804 13.1454 -6.72704
vt 0.262617 0.151916
v 9.32957 13.0893 -6.69179
vt 0.261257 0.151564
v 9.28412 12.9945 -6.65013
vt 0.259458 0.150879
v 9.24091 12.8536 -6.61054
vt 0.257405 0.149751
v 7.75864 12.6192 -5.25229
vt 0.217989 0.15432
v 6.71743 12.4619 -4.2982
vt 0.190351 0.157601
v 6.0406 12.3648 -3.678
vt 0.172419 0.159781
v 5.66416 12.3144 -3.33305
vt 0.16247 0.161027
v 5.52412 12.2973 -3.20473
vt 0.158781 0.161507
v 5.46906 12.451 -3.15428
vt 0.158411 0.163205
v 5.28202 13.0342 -2.98289
vt 0.157567 0.169551
v 5.02663 13.8306 -2.74887
vt 0.156414 0.178217
v 4.77928 14.6019 -2.52221
vt 0.155297 0.186609
v 4.61637 15.1099 -2.37293
vt 0.154562 0.192137
v 4.59582 15.2159 -2.3541
vt 0.154752 0.193229
v 4.63487 15.4057 -2.38988
vt 0.157028 0.194837
v 4.69262 15.7211 -2.4428
vt 0.160627 0.197543
v 4.74639 16.0885 -2.49207
vt 0.164475 0.200756
v 4.77351 16.4343 -2.51693
vt 0.167498 0.203887
v 4.75388 16.6921 -2.49893
vt 0.168734 0.206404
v 4.7337 17.0128 -2.48044
vt 0.17038 0.209516
v 4.70263 17.4252 -2.45198
vt 0.172366 0.213541
v 4.61305 17.85 -2.36989
vt 0.172941 0.217949
v 4.4173 18.2076 -2.19052
vt 0.170355 0.222211
v 4.06777 18.4186 -1.87024
vt 0.162854 0.225796
v 3.65652 18.4689 -1.49339
vt 0.152695 0.22815
v 3.3378 18.4217 -1.20134
vt 0.144242 0.229163
v 3.11414 18.2906 -0.996393
vt 0.137649 0.228951
v 2.98769 18.089 -0.880523
vt 0.133063 0.227631
v 2.96059 17.8302 -0.855692
vt 0.130627 0.225318
v 2.97899 17.5746 -0.872544
vt 0.129374 0.222828
v 2.89838 17.4342 -0.798685
vt 0.12637 0.221875
v 2.76039 17.3365 -0.672239
vt 0.122189 0.221585
v 2.61942 17.1972 -0.543062
vt 0.117652 0.220919
v 2.52987 16.9322 -0.461009
vt 0.113581 0.218833
v 2.52858 16.4988 -0.459825
vt 0.110628 0.214759
v 2.5117 16.1515 -0.444355
vt 0.107856 0.211566
v 2.47892 15.8794 -0.414322
vt 0.105186 0.209154
v 2.46348 15.5962 -0.400174
vt 0.102884 0.206559
v 2.49861 15.2161 -0.43236
vt 0.101219 0.20282
v 2.61542 14.6589 -0.539398
vt 0.100446 0.19704
v 2.73318 14.1479 -0.647307
vt 0.100008 0.19169
v 2.79727 13.7801 -0.706033
vt 0.0991661 0.187935
v 2.80918 13.4828 -0.716944
vt 0.0974663 0.185081
v 2.7704 13.1829 -0.681411
vt 0.094456 0.182435
v 2.68243 12.8077 -0.600801
vt 0.0896823 0.179305
v 2.54041 12.4076 -0.470663
vt 0.0833609 0.176187
v 2.35878 12.0869 -0.304233
vt 0.0765632 0.173998
v 2.18245 11.7594 -0.142652
vt 0.0698556 0.171722
v 2.05668 11.3375 -0.0274108
vt 0.0638017 0.168324
v 2.02677 10.733 -1.33227e-13
vt 0.0589649 0.16277
v 2.06705 10.2799 -0.0369048
vt 0.0569397 0.15832
v 2.10262 9.96764 -0.0695011
vt 0.0557437 0.155217
v 2.14558 9.60426 -0.108866
vt 0.0543917 0.1516
v 2.19473 9.19848 -0.153906
vt 0.052912 0.147555
v 2.24889 8.75902 -0.203531
vt 0.0513331 0.14317
v 2.28238 8.46753 -0.234224
vt 0.0502238 0.140272
v 2.31054 8.26568 -0.260027
vt 0.0495825 0.138243
v 2.38131 7.70441 -0.324875
vt 0.0476068 0.132635
v 2.45334 7.13665 -0.390878
vt 0.0456196 0.126961
v 2.5249 6.57633 -0.456456
vt 0.0436707 0.121358
v 2.59428 6.03741 -0.520028
vt 0.0418101 0.115967
v 2.65309 5.58473 -0.573915
vt 0.0402608 0.111437
v 2.66012 5.53091 -0.580358
vt 0.0400777 0.110898
v 2.72245 5.05327 -0.637468
vt 0.03845 0.106116
v 2.7752 4.64814 -0.685812
vt 0.0370667 0.102061
v 2.8163 4.33202 -0.723469
vt 0.0359856 0.0988966
v 2.84364 4.12141 -0.74852
vt 0.0352642 0.0967888
v 2.85512 4.03282 -0.759044
vt 0.0349604 0.0959022
v 2.87046 3.94938 -0.773095
vt 0.0347896 0.0950465
v 2.91739 3.69557 -0.816104
vt 0.0342774 0.0924424
v 2.97864 3.36439 -0.872225
vt 0.033609 0.0890444
v 3.03607 3.05384 -0.924849
vt 0.0329823 0.0858581
v 3.07155 2.86193 -0.957368
vt 0.0325951 0.0838891
v 3.05686 2.8172 -0.943903
vt 0.0319186 0.0835351
v 2.9555 2.69203 -0.851026
vt 0.0284878 0.0828201
v 2.80599 2.50739 -0.714023
vt 0.0234271 0.0817654
v 2.65407 2.31978 -0.574814
vt 0.0182849 0.0806936
v 2.54549 2.18568 -0.475318
vt 0.0146096 0.0799276
v 2.51453 2.13716 -0.446954
vt 0.0134925 0.0796123
v 2.44994 1.89561 -0.387765
vt 0.010216 0.0776336
v 2.36782 1.4543 -0.312511
vt 0.00514579 0.0738542
v 2.3401 0.925601 -0.287118
vt 0.000875803 0.0690034
v 2.43875 0.421933 -0.377514
vt 0 0.0638104
v 2.77355 0.0354193 -0.684301
vt 0.00594166 0.0586408
v 5.64844 0.179624 -3.31865
vt 0.0802986 0.046854
v 11.1542 1.56497 -8.36373
vt 0.230175 0.0347235
v 18.296 3.79512 -14.908
vt 0.427507 0.0230663
v 26.079 6.47374 -22.0398
vt 0.644228 0.0126996
v 33.5083 9.20447 -28.8475
vt 0.852274 0.00444032
v 35.5462 9.98739 -30.7149
vt 0.909569 0.00249381
v 36.3924 10.3274 -31.4903
vt 0.933459 0.0018257
v 37.3144 10.7076 -32.3351
vt 0.959557 0.00119001
v 38.3088 11.1261 -33.2464
vt 0.987762 0.000582774
v 39.3724 11.5807 -34.2209
vt 1.01797 0
v 39.8508 12.1257 -34.6594
vt 1.03386 0.00294374
v 39.5468 14.117 -34.3808
vt 1.03952 0.0230811
v 39.0852 17.1403 -33.9578
vt 1.04811 0.0536555
v 38.6086 20.2619 -33.521
vt 1.05698 0.0852239
v 38.2595 22.5481 -33.2012
vt 1.06347 0.108343
v 37.9261 23.0345 -32.8957
vt 1.05824 0.114447
v 36.2855 22.2395 -31.3923
vt 1.011 0.114464
v 33.8872 21.0842 -29.1947
vt 0.941996 0.114553
v 31.2474 19.8148 -26.7757
vt 0.866058 0.114671
v 28.8825 18.6775 -24.6087
vt 0.798027 0.114776
f 5/5/3 6/6/3 7/7/3 8/8/3 9/9/3 10/10/3 11/11/3 12/12/3 13/13/3 14/14/3 15/15/3 16/16/3 17/17/3 18/18/3 19/19/3 20/20/3 21/21/3 22/22/3 23/23/3 24/24/3 25/25/3 26/26/3 27/27/3 28/28/3 29/29/3 30/30/3 31/31/3 32/32/3 33/33/3 34/34/3 35/35/3 36/36/3 37/37/3 38/38/3 39/39/3 40/40/3 41/41/3 42/42/3 43/43/3 44/44/3 45/45/3 46/46/3 47/47/3 48/48/3 49/49/3 50/50/3 51/51/3 52/52/3 53/53/3 54/54/3 55/55/3 56/56/3 57/57/3 58/58/3 2/59/3 1/60/3 59/61/3 60/62/3 61/63/3 62/64/3 63/65/3 64/66/3 65/67/3 66/68/3 67/69/3 68/70/3 69/71/3 70/72/3 71/73/3 72/74/3 73/75/3 74/76/3 75/77/3 76/78/3 77/79/3 78/80/3 79/81/3 80/82/3 81/83/3 82/84/3 83/85/3 84/86/3 85/87/3 86/88/3 87/89/3 88/90/3 89/91/3 90/92/3 91/93/3 92/94/3 93/95/3 94/96/3 95/97/3 96/98/3 97/99/3 98/100/3 99/101/3 100/102/3 101/103/3 102/104/3 103/105/3 104/106/3 105/107/3 106/108/3 107/109/3 108/110/3 109/111/3 110/112/3 111/113/3 112/114/3 113/115/3 114/116/3 115/117/3 116/118/3 117/119/3 118/120/3 119/121/3 120/122/3 121/123/3 122/124/3 123/125/3 124/126/3 125/127/3 126/128/3 127/129/3 128/130/3 129/131/3 130/132/3 131/133/3 132/134/3 133/135/3 134/136/3 135/137/3 136/138/3 137/139/3 138/140/3 139/141/3 140/142/3 141/143/3 142/144/3 143/145/3 144/146/3 145/147/3 146/148/3 147/149/3 148/150/3 149/151/3 150/152/3 151/153/3 152/154/3 153/155/3 154/156/3 155/157/3 156/158/3 157/159/3 158/160/3 159/161/3 160/162/3 161/163/3 162/164/3 163/165/3 164/166/3 165/167/3 166/168/3 167/169/3 168/170/3 169/171/3 170/172/3 171/173/3 172/174/3 173/175/3 174/176/3 175/177/3 176/178/3 177/179/3 178/180/3 179/181/3 180/182/3 181/183/3 182/184/3 183/185/3 184/186/3 185/187/3 186/188/3 187/189/3 188/190/3 189/191/3 190/192/3 191/193/3 192/194/3 193/195/3 194/196/3 195/197/3 196/198/3 197/199/3 198/200/3 199/201/3 200/202/3 201/203/3 202/204/3 203/205/3 204/206/3 205/207/3 206/208/3 207/209/3 208/210/3 209/211/3 210/212/3 211/213/3 212/214/3 213/215/3 214/216/3 215/217/3 216/218/3 217/219/3 218/220/3 219/221/3 220/222/3 221/223/3 222/224/3 223/225/3 224/226/3 225/227/3 226/228/3 227/229/3 228/230/3 229/231/3 230/232/3 231/233/3 232/234/3 233/235/3 234/236/3 235/237/3 236/238/3 237/239/3 238/240/3 239/241/3 240/242/3 241/243/3 242/244/3 243/245/3 244/246/3 245/247/3 246/248/3 247/249/3 248/250/3 249/251/3 250/252/3 251/253/3 252/254/3 253/255/3 254/256/3 255/257/3 256/258/3 257/259/3 258/260/3 259/261/3 260/262/3 261/263/3 262/264/3 263/265/3 264/266/3 265/267/3 266/268/3 267/269/3 268/270/3 269/271/3 270/272/3 271/273/3 272/274/3 273/275/3 274/276/3 275/277/3 276/278/3 277/279/3 278/280/3 279/281/3 280/282/3 281/283/3 282/284/3 283/285/3 284/286/3 285/287/3 286/288/3 287/289/3 288/290/3 289/291/3 290/292/3 291/293/3 292/294/3 293/295/3 294/296/3 295/297/3 296/298/3 297/299/3 298/300/3 299/301/3 300/302/3 301/303/3 302/304/3 303/305/3 304/306/3 305/307/3 306/308/3 307/309/3 308/310/3 309/311/3 310/312/3 311/313/3 312/314/3 313/315/3 314/316/3 315/317/3 316/318/3 317/319/3 318/320/3 319/321/3 320/322/3 321/323/3 322/324/3 323/325/3 324/326/3 325/327/3 326/328/3 327/329/3 328/330/3 329/331/3 330/332/3 331/333/3 332/334/3 333/335/3 334/336/3 335/337/3 336/338/3 337/339/3 338/340/3 339/341/3 340/342/3 341/343/3 342/344/3 343/345/3 344/346/3 345/347/3 346/348/3 347/349/3 348/350/3 349/351/3 350/352/3 351/353/3 352/354/3 353/355/3 354/356/3 355/357/3 356/358/3 357/359/3 358/360/3 359/361/3 360/362/3 361/363/3 362/364/3 363/365/3 364/366/3 365/367/3 366/368/3 367/369/3 368/370/3 369/371/3 370/372/3 371/373/3 372/374/3 373/375/3 374/376/3 375/377/3 376/378/3 377/379/3 378/380/3 379/381/3 380/382/3 381/383/3 382/384/3 383/385/3 384/386/3 385/387/3 386/388/3 387/389/3 388/390/3 389/391/3 390/392/3 391/393/3 392/394/3 393/395/3 394/396/3 395/397/3 396/398/3 397/399/3 398/400/3 399/401/3 400/402/3 401/403/3 402/404/3 403/405/3 404/406/3 405/407/3 406/408/3 407/409/3 408/410/3 409/411/3 410/412/3 411/413/3 412/414/3 413/415/3 414/416/3 415/417/3 416/418/3 417/419/3 418/420/3 419/421/3 420/422/3 421/423/3 422/424/3 423/425/3 424/426/3 425/427/3 426/428/3 427/429/3 428/430/3 429/431/3 430/432/3 431/433/3 432/434/3 433/435/3 434/436/3 435/437/3 436/438/3 437/439/3 438/440/3 

vt 0.514514 0.03
vn 0.736933 -0.0305519 -0.675275
vt 0.504368 0.03
vn 0.736127 -0.0558361 -0.674536
v 25.2819 17.9187 -25.3784
vt 0.504368 0
v 25.3028 18.4255 -25.3976
vt 0.514514 0
f 6/441/4 5/442/5 439/443/5 440/444/4 

vt -0.752217 0.03
vn -0.246954 0.942234 0.226292
vt -0.797503 0.03
vn -0.246664 0.942374 0.226026
v 26.8557 18.6775 -26.8205
vt -0.797503 0
vt -0.752217 0
f 5/445/6 438/446/7 441/447/7 439/448/6 

vt -0.79731 0.03
vt -0.865341 0.03
vn -0.246374 0.942514 0.22576
v 29.2206 19.8148 -28.9876
vt -0.865341 0
vt -0.79731 0
f 438/449/7 437/450/8 442/451/8 441/452/7 

vt -0.94128 0.03
vn -0.246563 0.942423 0.225933
v 31.8604 21.0842 -31.4065
vt -0.94128 0
f 437/450/8 436/453/9 443/454/9 442/451/8 

vt -0.941406 0.03
vt -1.01041 0.03
vn -0.247393 0.942023 0.226694
v 34.2587 22.2395 -33.6042
vt -1.01041 0
vt -0.941406 0
f 436/455/9 435/456/10 444/457/10 443/458/9 

vt -1.01084 0.03
vt -1.05807 0.03
vn -0.248033 0.941713 0.227281
v 35.8993 23.0345 -35.1075
vt -1.05807 0
vt -1.01084 0
f 435/459/10 434/460/11 445/461/11 444/462/10 

vt -0.206873 0.03
vn 0.539961 0.680905 -0.494783
vt -0.220149 0.03
v 36.2327 22.5481 -35.413
vt -0.220149 0
vt -0.206873 0
f 434/463/12 433/464/12 446/465/12 445/466/12 

vt 0.36248 0.03
vn 0.721959 0.202785 -0.661554
vt 0.31581 0.03
v 36.5818 20.2619 -35.7329
vt 0.31581 0
vt 0.36248 0
f 433/467/13 432/468/13 447/469/13 446/470/13 

vt 0.252085 0.03
v 37.0584 17.1403 -36.1696
vt 0.252085 0
f 432/468/13 431/471/13 448/472/13 447/469/13 

vt 0.190366 0.03
v 37.52 14.117 -36.5926
vt 0.190366 0
f 431/471/13 430/473/13 449/474/13 448/472/13 

vt 0.149715 0.03
v 37.824 12.1257 -36.8712
vt 0.149715 0
f 430/473/13 429/475/13 450/476/13 449/474/13 

vt 0.971524 0.03
vn 0.474173 -0.765748 -0.434499
vt 0.954584 0.03
v 37.3456 11.5807 -36.4328
vt 0.954584 0
vt 0.971524 0
f 429/477/14 428/478/14 451/479/14 450/480/14 

vt 1.01722 0.03
vn 0.221603 -0.95376 -0.203062
vt 0.986983 0.03
vn 0.22003 -0.954429 -0.201621
v 36.282 11.1261 -35.4582
vt 0.986983 0
vt 1.01722 0
f 428/481/15 427/482/16 452/483/16 451/484/15 

vt 0.986798 0.03
vt 0.958567 0.03
vn 0.216469 -0.955926 -0.198358
v 35.2876 10.7076 -34.5469
vt 0.958567 0
vt 0.986798 0
f 427/485/16 426/486/17 453/487/17 452/488/16 

vt 0.958306 0.03
vt 0.932177 0.03
vn 0.211942 -0.957791 -0.194209
v 34.3656 10.3274 -33.7021
vt 0.932177 0
vt 0.958306 0
f 426/489/17 425/490/18 454/491/18 453/492/17 

vt 0.9318 0.03
vt 0.907873 0.03
vn 0.205169 -0.9605 -0.188003
v 33.5194 9.98739 -32.9267
vt 0.907873 0
vt 0.9318 0
f 425/493/18 424/494/19 455/495/19 454/496/18 

vt 0.907141 0.03
vt 0.849714 0.03
vn 0.196889 -0.963683 -0.180415
v 31.4816 9.20447 -31.0594
vt 0.849714 0
vt 0.907141 0
f 424/497/19 423/498/20 456/499/20 455/500/19 

vt 0.848901 0.03
vt 0.640201 0.03
vn 0.187093 -0.967267 -0.171439
v 24.0522 6.47374 -24.2516
vt 0.640201 0
vt 0.848901 0
f 423/501/20 422/502/21 457/503/21 456/504/20 

vt 0.638886 0.03
vt 0.421177 0.03
vn 0.173384 -0.971955 -0.158878
v 16.2692 3.79512 -17.1198
vt 0.421177 0
vt 0.638886 0
f 422/505/21 421/506/22 458/507/22 457/508/21 

vt 0.419149 0.03
vt 0.220447 0.03
vn 0.149982 -0.97909 -0.137433
v 9.12741 1.56497 -10.5756
vt 0.220447 0
vt 0.419149 0
f 421/509/22 420/510/23 459/511/23 458/512/22 

vt 0.216134 0.03
vt 0.0643087 0.03
vn 0.0810809 -0.993935 -0.074297
v 3.62167 0.179624 -5.53048
vt 0.0643087 0
vt 0.216134 0
f 420/513/23 419/514/24 460/515/24 459/516/23 

vt 0.0482551 0.03
vt -0.0297456 0.03
vn 0.0272473 -0.999317 -0.0249675
v 0.746783 0.0354193 -2.89613
vt -0.0297456 0
vt 0.0482551 0
f 419/517/24 418/518/25 461/519/25 460/520/24 

vt -0.0986618 0.03
vn -0.477875 -0.761503 0.437892
vt -0.110582 0.03
v 0.411984 0.421933 -2.58935
vt -0.110582 0
vt -0.0986618 0
f 418/521/26 417/522/26 462/523/26 461/524/26 

vt -0.127106 0.03
vn -0.712562 -0.256753 0.652943
vt -0.137523 0.03
vn -0.733999 -0.0942039 0.672586
v 0.313334 0.925601 -2.49895
vt -0.137523 0
vt -0.127106 0
f 417/525/27 416/526/28 463/527/28 462/528/27 

vt -0.126593 0.03
vt -0.137188 0.03
vn -0.727965 0.158436 0.667057
v 0.341045 1.4543 -2.52434
vt -0.137188 0
vt -0.126593 0
f 416/529/28 415/530/29 464/531/29 463/532/28 

vt -0.125455 0.03
vt -0.134554 0.03
vn -0.704869 0.293224 0.645894
v 0.423171 1.89561 -2.5996
vt -0.134554 0
vt -0.125455 0
f 415/533/29 414/534/30 465/535/30 464/536/29 

vt -0.12603 0.03
vt -0.131166 0.03
vn -0.693094 0.340976 0.635103
v 0.487764 2.13716 -2.65879
vt -0.131166 0
vt -0.12603 0
f 414/537/30 413/538/31 466/539/31 465/540/30 

vt -0.0899627 0.03
vn -0.557577 0.654265 0.510925
vt -0.0912455 0.03
vn -0.527906 0.698079 0.483737
v 0.518718 2.18568 -2.68715
vt -0.0912455 0
vt -0.0899627 0
f 413/541/32 412/542/33 467/543/33 466/544/32 

vt -0.0749328 0.03
vt -0.0789142 0.03
vn -0.496366 0.739422 0.454836
v 0.627299 2.31978 -2.78665
vt -0.0789142 0
vt -0.0749328 0
f 412/545/33 411/546/34 468/547/34 467/548/33 

vt -0.0844849 0.03
v 0.77922 2.50739 -2.92586
vt -0.0844849 0
f 411/546/34 410/549/34 469/550/34 468/547/34 

vt -0.0899672 0.03
v 0.928732 2.69203 -3.06286
vt -0.0899672 0
f 410/549/34 409/551/34 470/552/34 469/550/34 

vt -0.0936839 0.03
v 1.03009 2.8172 -3.15574
vt -0.0936839 0
f 409/551/34 408/553/34 471/554/34 470/552/34 

vt -0.142755 0.03
vn -0.673461 0.406966 0.617113
vt -0.143734 0.03
v 1.04478 2.86193 -3.1692
vt -0.143734 0
vt -0.142755 0
f 408/555/35 407/556/35 472/557/35 471/558/35 

vt -0.17008 0.03
vn -0.715125 -0.243288 0.655292
vt -0.174035 0.03
v 1.0093 3.05384 -3.13668
vt -0.174035 0
vt -0.17008 0
f 407/559/36 406/560/36 473/561/36 472/562/36 

vt -0.180435 0.03
v 0.951866 3.36439 -3.08406
vt -0.180435 0
f 406/560/36 405/563/36 474/564/36 473/561/36 

vt -0.187261 0.03
v 0.890621 3.69557 -3.02794
vt -0.187261 0
f 405/563/36 404/565/36 475/566/36 474/564/36 

vt -0.192491 0.03
vn -0.715258 -0.242569 0.655413
v 0.843686 3.94938 -2.98493
vt -0.192491 0
f 404/565/36 403/567/37 476/568/37 475/566/36 

vt -0.192515 0.03
vt -0.194234 0.03
vn -0.721208 -0.207646 0.660865
v 0.828351 4.03282 -2.97088
vt -0.194234 0
vt -0.192515 0
f 403/569/37 402/570/38 477/571/38 476/572/37 

vt -0.194859 0.03
vt -0.196657 0.03
vn -0.726123 -0.17329 0.665369
v 0.816866 4.12141 -2.96035
vt -0.196657 0
vt -0.194859 0
f 402/573/38 401/574/39 478/575/39 477/576/38 

vt -0.200932 0.03
vn -0.726093 -0.17352 0.665342
v 0.789528 4.33202 -2.9353
vt -0.200932 0
f 401/574/39 400/577/40 479/578/40 478/575/39 

vt -0.200931 0.03
vt -0.207348 0.03
vn -0.726058 -0.173791 0.665309
v 0.748432 4.64814 -2.89764
vt -0.207348 0
vt -0.200931 0
f 400/579/40 399/580/41 480/581/41 479/582/40 

vt -0.207347 0.03
vt -0.215571 0.03
vn -0.726017 -0.174106 0.665272
v 0.695674 5.05327 -2.8493
vt -0.215571 0
vt -0.207347 0
f 399/583/41 398/584/42 481/585/42 480/586/41 

vt -0.21557 0.03
vt -0.225267 0.03
vn -0.725981 -0.174378 0.665239
v 0.633349 5.53091 -2.79219
vt -0.225267 0
vt -0.21557 0
f 398/587/42 397/588/43 482/589/43 481/590/42 

vt -0.225266 0.03
vt -0.226359 0.03
vn -0.72603 -0.174005 0.665284
v 0.626318 5.58473 -2.78575
vt -0.226359 0
vt -0.225266 0
f 397/591/43 396/592/44 483/593/44 482/594/43 

vt -0.226361 0.03
vt -0.235549 0.03
vn -0.726191 -0.172765 0.665431
v 0.567511 6.03741 -2.73186
vt -0.235549 0
vt -0.226361 0
f 396/595/44 395/596/45 484/597/45 483/598/44 

vt -0.235552 0.03
vt -0.246489 0.03
vn -0.726373 -0.171348 0.665599
v 0.498134 6.57633 -2.66829
vt -0.246489 0
vt -0.235552 0
f 395/599/45 394/600/46 485/601/46 484/602/45 

vt -0.246491 0.03
vt -0.257858 0.03
vn -0.726528 -0.170139 0.66574
v 0.426568 7.13665 -2.60271
vt -0.257858 0
vt -0.246491 0
f 394/603/46 393/604/47 486/605/47 485/606/46 

vt -0.25786 0.03
vt -0.269376 0.03
vn -0.726663 -0.169076 0.665864
v 0.354539 7.70441 -2.53671
vt -0.269376 0
vt -0.25786 0
f 393/607/47 392/608/48 487/609/48 486/610/47 

vt -0.269377 0.03
vt -0.28076 0.03
vn -0.725603 -0.177252 0.664893
v 0.28377 8.26568 -2.47186
vt -0.28076 0
vt -0.269377 0
f 392/611/48 391/612/49 488/613/49 487/614/48 

vt -0.280701 0.03
vt -0.284807 0.03
vn -0.726548 -0.169981 0.665759
v 0.25561 8.46753 -2.44606
vt -0.284807 0
vt -0.280701 0
f 391/615/49 390/616/50 489/617/50 488/618/49 

vt -0.284846 0.03
vt -0.290743 0.03
vn -0.727847 -0.159429 0.666949
v 0.222115 8.75902 -2.41536
vt -0.290743 0
vt -0.284846 0
f 390/619/50 389/620/51 490/621/51 489/622/50 

vt -0.290763 0.03
vt -0.29967 0.03
vn -0.727357 -0.163491 0.6665
v 0.167959 9.19848 -2.36574
vt -0.29967 0
vt -0.290763 0
f 389/623/51 388/624/52 491/625/52 490/626/51 

vt -0.299668 0.03
vt -0.307889 0.03
vn -0.727752 -0.160226 0.666862
v 0.118806 9.60426 -2.3207
vt -0.307889 0
vt -0.299668 0
f 388/627/52 387/628/53 492/629/53 491/630/52 

vt -0.307882 0.03
vt -0.315239 0.03
vn -0.728307 -0.155522 0.66737
v 0.0758472 9.96764 -2.28133
vt -0.315239 0
vt -0.307882 0
f 387/631/53 386/632/54 493/633/54 492/634/53 

vt -0.315221 0.03
vt -0.321537 0.03
vn -0.730405 -0.136222 0.669293
v 0.0402745 10.2799 -2.24874
vt -0.321537 0
vt -0.315221 0
f 386/635/54 385/636/55 494/637/55 493/638/54 

vt -0.321224 0.03
vt -0.330348 0.03
vn -0.737019 -0.0264764 0.675353
v 0 10.733 -2.21183
vt -0.330348 0
vt -0.321224 0
f 385/639/55 384/640/56 495/641/56 494/642/55 

vt -0.321849 0.03
vt -0.33396 0.03
vn -0.718598 0.223672 0.658474
v 0.0299136 11.3375 -2.23924
vt -0.33396 0
vt -0.321849 0
f 384/643/56 383/644/57 496/645/57 495/646/56 

vt -0.293641 0.03
vt -0.30274 0.03
vn -0.644348 0.486004 0.590436
v 0.155677 11.7594 -2.35448
vt -0.30274 0
vt -0.293641 0
f 383/647/57 382/648/58 497/649/58 496/650/57 

vt -0.250523 0.03
vt -0.258628 0.03
vn -0.590084 0.599525 0.540713
v 0.332012 12.0869 -2.51606
vt -0.258628 0
vt -0.250523 0
f 382/651/58 381/652/59 498/653/59 497/654/58 

vt -0.252666 0.03
vt -0.260751 0.03
vn -0.627848 0.524231 0.575316
v 0.513639 12.4076 -2.6825
vt -0.260751 0
vt -0.252666 0
f 381/655/59 380/656/60 499/657/60 498/658/59 

vt -0.306625 0.03
vt -0.315502 0.03
vn -0.685147 0.369341 0.627822
v 0.65566 12.8077 -2.81263
vt -0.315502 0
vt -0.306625 0
f 380/659/60 379/660/61 500/661/61 499/662/60 

vt -0.339362 0.03
vt -0.347232 0.03
vn -0.716009 0.238459 0.656101
v 0.743629 13.1829 -2.89324
vt -0.347232 0
vt -0.339362 0
f 379/663/61 378/664/62 501/665/62 500/666/61 

vt -0.363665 0.03
vt -0.36975 0.03
vn -0.735964 0.0596599 0.674387
v 0.782407 13.4828 -2.92878
vt -0.36975 0
vt -0.363665 0
f 378/667/62 377/668/63 502/669/63 501/670/62 

vt -0.382403 0.03
vt -0.388356 0.03
vn -0.729733 -0.142693 0.668677
v 0.770499 13.7801 -2.91786
vt -0.388356 0
vt -0.382403 0
f 377/671/63 376/672/64 503/673/64 502/674/63 

vt -0.384395 0.03
vt -0.391949 0.03
vn -0.711053 -0.264333 0.65156
v 0.706412 14.1479 -2.85914
vt -0.391949 0
vt -0.384395 0
f 376/675/64 375/676/65 504/677/65 503/678/64 

vt -0.386957 0.03
vt -0.397661 0.03
vn -0.706496 -0.285934 0.647384
v 0.58865 14.6589 -2.75123
vt -0.397661 0
vt -0.386957 0
f 375/679/65 374/680/66 505/681/66 504/682/65 

vt -0.399708 0.03
vt -0.411288 0.03
vn -0.722455 -0.19951 0.662008
v 0.471838 15.2161 -2.64419
vt -0.411288 0
vt -0.399708 0
f 374/683/66 373/684/67 506/685/67 505/686/66 

vt -0.417744 0.03
vt -0.425403 0.03
vn -0.737039 -0.0254196 0.675372
v 0.436714 15.5962 -2.61201
vt -0.425403 0
vt -0.417744 0
f 373/687/67 372/688/68 507/689/68 506/690/67 

vt -0.41915 0.03
vt -0.424825 0.03
vn -0.732162 0.117597 0.670903
v 0.452153 15.8794 -2.62615
vt -0.424825 0
vt -0.41915 0
f 372/691/68 371/692/69 508/693/69 507/694/68 

vt -0.416718 0.03
vt -0.42223 0.03
vn -0.732502 0.113628 0.671215
v 0.484928 16.1515 -2.65619
vt -0.42223 0
vt -0.416718 0
f 371/695/69 370/696/70 509/697/70 508/698/69 

vt -0.430885 0.03
vt -0.437843 0.03
vn -0.736827 0.0349343 0.675178
v 0.501811 16.4988 -2.67166
vt -0.437843 0
vt -0.430885 0
f 370/699/70 369/700/71 510/701/71 509/702/70 

vt -0.441301 0.03
vt -0.449964 0.03
vn -0.737271 0.00404034 0.675585
v 0.503103 16.9322 -2.67284
vt -0.449964 0
vt -0.441301 0
f 369/703/71 368/704/72 511/705/72 510/706/71 

vt -0.392307 0.03
vn -0.670225 0.416677 0.614148
vt -0.398134 0.03
v 0.592648 17.1972 -2.75489
vt -0.398134 0
vt -0.392307 0
f 368/707/73 367/708/73 512/709/73 511/710/73 

vt -0.237351 0.03
vn -0.434094 0.808293 0.397774
vt -0.24208 0.03
vn -0.388777 0.84967 0.356249
v 0.73362 17.3365 -2.88407
vt -0.24208 0
vt -0.237351 0
f 367/711/74 366/712/75 513/713/75 512/714/74 

vt -0.181748 0.03
vt -0.185969 0.03
vn -0.341326 0.886382 0.312767
v 0.871611 17.4342 -3.01052
vt -0.185969 0
vt -0.181748 0
f 366/715/75 365/716/76 514/717/76 513/718/75 

vt -0.344314 0.03
vn -0.581717 0.614384 0.533046
vt -0.347871 0.03
v 0.952215 17.5746 -3.08438
vt -0.347871 0
vt -0.344314 0
f 365/719/77 364/720/77 515/721/77 514/722/77 

vt -0.463538 0.03
vn -0.733789 -0.0971602 0.672394
vt -0.46867 0.03
vn -0.737101 0.0218612 0.675429
v 0.933824 17.8302 -3.06752
vt -0.46867 0
vt -0.463538 0
f 364/723/78 363/724/79 516/725/79 515/726/78 

vt -0.459378 0.03
vt -0.464605 0.03
vn -0.729956 0.140573 0.668882
v 0.960922 18.089 -3.09235
vt -0.464605 0
vt -0.459378 0
f 363/727/79 362/728/80 517/729/80 516/730/79 

vt -0.342264 0.03
vn -0.561587 0.647926 0.514599
vt -0.347556 0.03
v 1.08737 18.2906 -3.20823
vt -0.347556 0
vt -0.342264 0
f 362/731/81 361/732/81 518/733/81 517/734/81 

vt -0.166642 0.03
vn -0.292423 0.91798 0.267957
vt -0.173248 0.03
vn -0.188318 0.966829 0.172561
v 1.31103 18.4217 -3.41317
vt -0.173248 0
vt -0.166642 0
f 361/735/82 360/736/83 519/737/83 518/738/82 

vt -0.0335659 0.03
vt -0.0422588 0.03
vn -0.00694558 0.999956 0.00636445
v 1.62975 18.4689 -3.70522
vt -0.0422588 0
vt -0.0335659 0
f 360/739/83 359/740/84 520/741/84 519/742/83 

vt 0.0531068 0.03
vt 0.0419113 0.03
vn 0.185491 0.967834 -0.169971
v 2.041 18.4186 -4.08207
vt 0.0419113 0
vt 0.0531068 0
f 359/743/84 358/744/85 521/745/85 520/746/84 

vt 0.194047 0.03
vt 0.183674 0.03
vn 0.299793 0.913597 -0.27471
v 2.39053 18.2076 -4.40235
vt 0.183674 0
vt 0.194047 0
f 358/747/85 357/748/86 522/749/86 521/750/85 

vt 0.375545 0.03
vn 0.591975 0.596087 -0.542445
vt 0.366641 0.03
v 2.58628 17.85 -4.58172
vt 0.366641 0
vt 0.375545 0
f 357/751/87 356/752/87 523/753/87 522/754/87 

vt 0.446024 0.03
vn 0.708844 0.275035 -0.649536
vt 0.437192 0.03
vn 0.723979 0.189071 -0.663405
v 2.67586 17.4252 -4.66381
vt 0.437192 0
vt 0.446024 0
f 356/755/88 355/756/89 524/757/89 523/758/88 

vt 0.455737 0.03
vt 0.44745 0.03
vn 0.734059 0.0933331 -0.672641
v 2.70693 17.0128 -4.69228
vt 0.44745 0
vt 0.455737 0
f 355/759/89 354/760/90 525/761/90 524/762/89 

vt 0.448472 0.03
vt 0.442038 0.03
vn 0.73402 0.0939014 -0.672605
v 2.72711 16.6921 -4.71076
vt 0.442038 0
vt 0.448472 0
f 354/763/90 353/764/91 526/765/91 525/766/90 

vt 0.440942 0.03
vt 0.435762 0.03
vn 0.737276 -0.00151867 -0.675589
v 2.74674 16.4343 -4.72876
vt 0.435762 0
vt 0.440942 0
f 353/767/91 352/768/92 527/769/92 526/770/91 

vt 0.439857 0.03
vt 0.432905 0.03
vn 0.72889 -0.150405 -0.667905
v 2.71962 16.0885 -4.7039
vt 0.432905 0
vt 0.439857 0
f 352/771/92 351/772/93 528/773/93 527/774/92 

vt 0.428784 0.03
vt 0.421296 0.03
vn 0.719557 -0.217926 -0.659353
v 2.66585 15.7211 -4.65463
vt 0.421296 0
vt 0.428784 0
f 351/775/93 350/776/94 529/777/94 528/778/93 

vt 0.417732 0.03
vt 0.411236 0.03
vn 0.712927 -0.25488 -0.653277
v 2.6081 15.4057 -4.60172
vt 0.411236 0
vt 0.417732 0
f 350/779/94 349/780/95 530/781/95 529/782/94 

vt 0.408631 0.03
vt 0.404691 0.03
vn 0.710164 -0.268697 -0.650745
v 2.56905 15.2159 -4.56594
vt 0.404691 0
vt 0.408631 0
f 349/783/95 348/784/96 531/785/96 530/786/95 

vt 0.398217 0.03
vn 0.713045 0.254274 -0.653385
vt 0.396027 0.03
vn 0.696609 0.327533 -0.638325
v 2.5896 15.1099 -4.58476
vt 0.396027 0
vt 0.398217 0
f 348/787/97 347/788/98 532/789/98 531/790/97 

vt 0.37297 0.03
vt 0.361896 0.03
vn 0.676089 0.398871 -0.619521
v 2.75251 14.6019 -4.73404
vt 0.361896 0
vt 0.37297 0
f 347/791/98 346/792/99 533/793/99 532/794/98 

vt 0.345082 0.03
v 2.99986 13.8306 -4.9607
vt 0.345082 0
f 346/792/99 345/795/99 534/796/99 533/793/99 

vt 0.327722 0.03
v 3.25525 13.0342 -5.19472
vt 0.327722 0
f 345/795/99 344/797/99 535/798/99 534/796/99 

vt 0.315008 0.03
vn 0.669753 0.418071 -0.613716
v 3.44229 12.451 -5.36611
vt 0.315008 0
f 344/797/99 343/799/100 536/800/100 535/798/99 

vt 0.30717 0.03
vt 0.303754 0.03
vn 0.663122 0.437086 -0.607639
v 3.49735 12.2973 -5.41657
vt 0.303754 0
vt 0.30717 0
f 343/801/100 342/802/101 537/803/101 536/804/100 

vt -0.0724576 0.03
vn -0.0659253 0.995994 0.0604094
vt -0.0762696 0.03
vn -0.0691983 0.995586 0.0634086
v 3.63739 12.3144 -5.54488
vt -0.0762696 0
vt -0.0724576 0
f 342/805/102 341/806/103 538/807/103 537/808/102 

vt -0.0794088 0.03
vt -0.089665 0.03
vn -0.075033 0.994808 0.0687551
v 4.01383 12.3648 -5.88983
vt -0.089665 0
vt -0.0794088 0
f 341/809/103 340/810/104 539/811/104 538/812/103 

vt -0.0921204 0.03
vt -0.110574 0.03
vn -0.079587 0.994157 0.0729281
v 4.69066 12.4619 -6.51003
vt -0.110574 0
vt -0.0921204 0
f 340/813/104 339/814/105 540/815/105 539/816/104 

vt -0.11248 0.03
vt -0.140885 0.03
vn -0.0834894 0.993568 0.076504
v 5.73187 12.6192 -7.46413
vt -0.140885 0
vt -0.11248 0
f 339/817/105 338/818/106 541/819/106 540/820/105 

vt -0.142712 0.03
vt -0.183173 0.03
vn -0.0853998 0.993269 0.0782545
v 7.21414 12.8536 -8.82237
vt -0.183173 0
vt -0.142712 0
f 338/821/106 337/822/107 542/823/107 541/824/106 

vt -0.394649 0.03
vn -0.68072 0.384106 0.623765
vt -0.397699 0.03
vn -0.652075 0.466659 0.597517
v 7.25735 12.9945 -8.86197
vt -0.397699 0
vt -0.394649 0
f 337/825/108 336/826/109 543/827/109 542/828/108 

vt -0.389095 0.03
vt -0.391355 0.03
vn -0.581125 0.615414 0.532503
v 7.3028 13.0893 -8.90362
vt -0.391355 0
vt -0.389095 0
f 336/829/109 335/830/110 544/831/110 543/832/109 

vt -0.371333 0.03
vt -0.372865 0.03
vn -0.519618 0.709426 0.476142
v 7.34127 13.1454 -8.93887
vt -0.372865 0
vt -0.371333 0
f 335/833/110 334/834/111 545/835/111 544/836/110 

vt -0.359903 0.03
vt -0.360874 0.03
vn -0.550914 0.664569 0.504819
v 7.36766 13.1782 -8.96305
vt -0.360874 0
vt -0.359903 0
f 334/837/111 333/838/112 546/839/112 545/840/111 

vt -0.389318 0.03
vt -0.392202 0.03
vn -0.604001 0.573462 0.553465
v 7.42994 13.2952 -9.02012
vt -0.392202 0
vt -0.389318 0
f 333/841/112 332/842/113 547/843/113 546/844/112 

vt -0.395034 0.03
vt -0.398959 0.03
vn -0.612078 0.557486 0.560866
v 7.5112 13.4577 -9.09458
vt -0.398959 0
vt -0.395034 0
f 332/845/113 331/846/114 548/847/114 547/848/113 

vt -0.399767 0.03
vt -0.40257 0.03
vn -0.613957 0.553671 0.562588
v 7.56842 13.5744 -9.14702
vt -0.40257 0
vt -0.399767 0
f 331/849/114 330/850/115 549/851/115 548/852/114 

vt -0.407104 0.03
vn -0.718555 0.223927 0.658434
vt -0.407971 0.03
vn -0.731205 0.128082 0.670026
v 7.57559 13.6167 -9.15358
vt -0.407971 0
vt -0.407104 0
f 330/853/116 329/854/117 550/855/117 549/856/116 

vt -0.388361 0.03
vt -0.391377 0.03
vn -0.736889 0.0324704 0.675234
v 7.57904 13.7675 -9.15674
vt -0.391377 0
vt -0.388361 0
f 329/857/117 328/858/118 551/859/118 550/860/117 

vt -0.391779 0.03
vt -0.39619 0.03
vn -0.736779 0.036764 0.675133
v 7.58455 13.988 -9.16179
vt -0.39619 0
vt -0.391779 0
f 328/861/118 327/862/119 552/863/119 551/864/118 

vt -0.39697 0.03
vt -0.401421 0.03
vn -0.735097 0.0768476 0.673592
v 7.59106 14.2105 -9.16775
vt -0.401421 0
vt -0.39697 0
f 327/865/119 326/866/120 553/867/120 552/868/119 

vt -0.41043 0.03
vt -0.415283 0.03
vn -0.729877 0.141331 0.668809
v 7.61146 14.4517 -9.18645
vt -0.415283 0
vt -0.41043 0
f 326/869/120 325/870/121 554/871/121 553/872/120 

vt -0.420471 0.03
vt -0.426629 0.03
vn -0.728483 0.153997 0.667531
v 7.64974 14.7553 -9.22153
vt -0.426629 0
vt -0.420471 0
f 325/873/121 324/874/122 555/875/122 554/876/121 

vt -0.424006 0.03
vt -0.429492 0.03
vn -0.736981 0.0283528 0.675319
v 7.67795 15.0271 -9.24737
vt -0.429492 0
vt -0.424006 0
f 324/877/122 323/878/123 556/879/123 555/880/122 

vt -0.397838 0.03
vt -0.40087 0.03
vn -0.731584 -0.12403 0.670374
v 7.66866 15.1783 -9.23887
vt -0.40087 0
vt -0.397838 0
f 323/881/123 322/882/124 557/883/124 556/884/123 

vt -0.384053 0.03
vt -0.388192 0.03
vn -0.736451 -0.0473455 0.674833
v 7.6435 15.3825 -9.21581
vt -0.388192 0
vt -0.384053 0
f 322/885/124 321/886/125 558/887/125 557/888/124 

vt -0.428937 0.03
vt -0.435383 0.03
vn -0.718716 0.222975 0.658582
v 7.66033 15.7042 -9.23123
vt -0.435383 0
vt -0.428937 0
f 321/889/125 320/890/126 559/891/126 558/892/125 

vt -0.452187 0.03
vt -0.460206 0.03
vn -0.635173 0.507738 0.582029
v 7.76972 16.0769 -9.33147
vt -0.460206 0
vt -0.452187 0
f 320/893/126 319/894/127 560/895/127 559/896/126 

vt -0.43417 0.03
vt -0.443776 0.03
vn -0.597514 0.58583 0.547521
v 7.99422 16.4486 -9.53718
vt -0.443776 0
vt -0.43417 0
f 319/897/127 318/898/128 561/899/128 560/900/127 

vt -0.459003 0.03
vt -0.468365 0.03
vn -0.659439 0.447219 0.604264
v 8.17927 16.844 -9.70675
vt -0.468365 0
vt -0.459003 0
f 318/901/128 317/902/129 562/903/129 561/904/128 

vt -0.478665 0.03
vt -0.48646 0.03
vn -0.723769 0.19055 0.663212
v 8.28101 17.2088 -9.79998
vt -0.48646 0
vt -0.478665 0
f 317/905/129 316/906/130 563/907/130 562/908/129 

vt -0.459251 0.03
vt -0.464507 0.03
vn -0.737104 0.0217121 0.675431
v 8.28522 17.4716 -9.80384
vt -0.464507 0
vt -0.459251 0
f 316/909/130 315/910/131 564/911/131 563/912/130 

vt -0.234223 0.03
vn -0.554414 -0.659192 0.508027
vt -0.237382 0.03
v 8.20842 17.5905 -9.73346
vt -0.237382 0
vt -0.234223 0
f 315/913/132 314/914/132 565/915/132 564/916/132 

vt 0.138053 0.03
vn -0.0477138 -0.997904 0.0437216
vt 0.135648 0.03
v 8.11992 17.5982 -9.65237
vt 0.135648 0
vt 0.138053 0
f 314/917/133 313/918/133 566/919/133 565/920/133 

vt 0.428599 0.03
vn 0.482033 -0.756667 -0.441702
vt 0.425611 0.03
v 8.03653 17.5005 -9.57596
vt 0.425611 0
vt 0.428599 0
f 313/921/134 312/922/134 567/923/134 566/924/134 

vt 0.488465 0.03
vn 0.67581 -0.399738 -0.619266
vt 0.484132 0.03
vn 0.665027 -0.431729 -0.609385
v 7.97265 17.3018 -9.51742
vt 0.484132 0
vt 0.488465 0
f 312/925/135 311/926/136 568/927/136 567/928/135 

vt 0.480516 0.03
vt 0.477333 0.03
vn 0.65342 -0.463187 -0.598749
v 7.91827 17.1607 -9.46759
vt 0.477333 0
vt 0.480516 0
f 311/929/136 310/930/137 569/931/137 568/932/136 

vt 0.0986352 0.03
vn -0.0980345 -0.99112 0.0898321
vt 0.096897 0.03
v 7.85473 17.1723 -9.40937
vt 0.096897 0
vt 0.0986352 0
f 310/933/138 309/934/138 570/935/138 569/936/138 

vt -0.254394 0.03
vn -0.573857 -0.627835 0.525843
vt -0.257798 0.03
vn -0.607192 -0.56723 0.556389
v 7.77592 17.3048 -9.33715
vt -0.257798 0
vt -0.254394 0
f 309/937/139 308/938/140 571/939/140 570/940/139 

vt -0.316517 0.03
vt -0.321758 0.03
vn -0.665992 -0.428984 0.610269
v 7.67861 17.5313 -9.24799
vt -0.321758 0
vt -0.316517 0
f 308/941/140 307/942/141 572/943/141 571/944/140 

vt -0.378464 0.03
vt -0.385169 0.03
vn -0.701178 -0.309078 0.642511
v 7.59168 17.8453 -9.16833
vt -0.385169 0
vt -0.378464 0
f 307/945/141 306/946/142 573/947/142 572/948/141 

vt -0.411172 0.03
vt -0.417525 0.03
vn -0.714959 -0.244184 0.655139
v 7.52936 18.1516 -9.11122
vt -0.417525 0
vt -0.411172 0
f 306/949/142 305/950/143 574/951/143 573/952/142 

vt -0.429305 0.03
vt -0.433084 0.03
vn -0.718836 -0.222263 0.658692
v 7.49839 18.3359 -9.08284
vt -0.433084 0
vt -0.429305 0
f 305/953/143 304/954/144 575/955/144 574/956/143 

vt -0.281177 0.03
vn -0.576755 -0.622931 0.528499
vt -0.281898 0.03
vn -0.52043 -0.708331 0.476886
v 7.48183 18.3641 -9.06767
vt -0.281898 0
vt -0.281177 0
f 304/957/145 303/958/146 576/959/146 575/960/145 

vt -0.180297 0.03
vt -0.182452 0.03
vn -0.485606 -0.752452 0.444976
v 7.41949 18.431 -9.01055
vt -0.182452 0
vt -0.180297 0
f 303/961/146 302/962/147 577/963/147 576/964/146 

vt -0.22824 0.03
vt -0.231496 0.03
vn -0.553646 -0.660378 0.507323
v 7.3332 18.5443 -8.93147
vt -0.231496 0
vt -0.22824 0
f 302/965/147 301/966/148 578/967/148 577/968/147 

vt -0.300157 0.03
vt -0.30388 0.03
vn -0.590985 -0.597891 0.541538
v 7.25111 18.6936 -8.85625
vt -0.30388 0
vt -0.300157 0
f 301/969/148 300/970/149 579/971/149 578/972/148 

vt -0.442476 0.03
vn -0.719452 -0.218565 0.659256
vt -0.445824 0.03
v 7.22412 18.857 -8.83151
vt -0.445824 0
vt -0.442476 0
f 300/973/150 299/974/150 580/975/150 579/976/150 

vt -0.508529 0.03
vn -0.701875 0.306151 0.64315
vt -0.511535 0.03
vn -0.663419 0.436256 0.607911
v 7.25807 19.0002 -8.86262
vt -0.511535 0
vt -0.508529 0
f 299/977/151 298/978/152 581/979/152 580/980/151 

vt -0.487464 0.03
vt -0.489769 0.03
vn -0.594695 0.591084 0.544938
v 7.30547 19.0959 -8.90606
vt -0.489769 0
vt -0.487464 0
f 298/981/152 297/982/153 582/983/153 581/984/152 

vt -0.475489 0.03
vt -0.476165 0.03
vn -0.576479 0.623401 0.528246
v 7.32102 19.1223 -8.92031
vt -0.476165 0
vt -0.475489 0
f 297/985/153 296/986/154 583/987/154 582/988/153 

vt -0.481031 0.03
vn -0.734994 -0.078649 0.673497
vt -0.481911 0.03
vn -0.737234 -0.0108698 0.67555
v 7.31847 19.1662 -8.91797
vt -0.481911 0
vt -0.481031 0
f 296/989/155 295/990/156 584/991/156 583/992/155 

vt -0.502203 0.03
vt -0.503807 0.03
vn -0.725555 0.177612 0.664849
v 7.32184 19.2463 -8.92106
vt -0.503807 0
vt -0.502203 0
f 295/993/156 294/994/157 585/995/157 584/996/156 

vt -0.516877 0.03
vt -0.518762 0.03
vn -0.70432 0.295642 0.64539
v 7.34239 19.3364 -8.93989
vt -0.518762 0
vt -0.516877 0
f 294/997/157 293/998/158 586/999/158 585/1000/157 

vt -0.467514 0.03
vn -0.548613 0.668061 0.502711
vt -0.46936 0.03
v 7.38787 19.4051 -8.98156
vt -0.46936 0
vt -0.467514 0
f 293/1001/159 292/1002/159 587/1003/159 586/1004/159 

vt -0.269465 0.03
vn -0.189233 0.966501 0.1734
vt -0.270994 0.03
vn -0.0777226 0.994428 0.0712196
v 7.44236 19.4247 -9.0315
vt -0.270994 0
vt -0.269465 0
f 292/1005/160 291/1006/161 588/1007/161 587/1008/160 

vt -0.123287 0.03
vt -0.124594 0.03
vn -0.0354658 0.998842 0.0324984
v 7.49053 19.4216 -9.07564
vt -0.124594 0
vt -0.123287 0
f 291/1009/161 290/1010/162 589/1011/162 588/1012/161 

vt -0.219395 0.03
vt -0.22016 0.03
vn -0.106228 0.989566 0.09734
v 7.51843 19.4271 -9.10121
vt -0.22016 0
vt -0.219395 0
f 290/1013/162 289/1014/163 590/1015/163 589/1016/162 

vt -0.504012 0.03
vn -0.627142 0.525782 0.57467
vt -0.504927 0.03
vn -0.609211 0.563232 0.558239
v 7.53616 19.466 -9.11745
vt -0.504927 0
vt -0.504012 0
f 289/1017/164 288/1018/165 591/1019/165 590/1020/164 

vt -0.490822 0.03
vt -0.492374 0.03
vn -0.587554 0.604079 0.538394
v 7.57049 19.5282 -9.14891
vt -0.492374 0
vt -0.490822 0
f 288/1021/165 287/1022/166 592/1023/166 591/1024/165 

vt -0.490304 0.03
vt -0.491926 0.03
vn -0.596265 0.588168 0.546376
v 7.6069 19.5925 -9.18227
vt -0.491926 0
vt -0.490304 0
f 287/1025/166 286/1026/167 593/1027/167 592/1028/166 

vt -0.500742 0.03
vt -0.501867 0.03
vn -0.644702 0.48514 0.590761
v 7.63043 19.6388 -9.20383
vt -0.501867 0
vt -0.500742 0
f 286/1029/167 285/1030/168 594/1031/168 593/1032/167 

vt -0.523337 0.03
vt -0.524464 0.03
vn -0.685112 0.369462 0.627789
v 7.64699 19.6906 -9.21901
vt -0.524464 0
vt -0.523337 0
f 285/1033/168 284/1034/169 595/1035/169 594/1036/168 

vt -0.527241 0.03
vt -0.52878 0.03
vn -0.691973 0.345137 0.634077
v 7.6663 19.763 -9.2367
vt -0.52878 0
vt -0.527241 0
f 284/1037/169 283/1038/170 596/1039/170 595/1040/169 

vt -0.528457 0.03
vt -0.530293 0.03
vn -0.671342 0.413356 0.615172
v 7.69001 19.849 -9.25842
vt -0.530293 0
vt -0.528457 0
f 283/1041/170 282/1042/171 597/1043/171 596/1044/170 

vt -0.520762 0.03
vt -0.522693 0.03
vn -0.64891 0.474706 0.594617
v 7.72383 19.9341 -9.28942
vt -0.522693 0
vt -0.520762 0
f 282/1045/171 281/1046/172 598/1047/172 597/1048/171 

vt -0.338902 0.03
vn -0.282555 0.923648 0.258914
vt -0.340886 0.03
vn -0.210918 0.958207 0.193271
v 7.79144 19.9721 -9.35137
vt -0.340886 0
vt -0.338902 0
f 281/1049/173 280/1050/174 599/1051/174 598/1052/173 

vt -0.249307 0.03
vt -0.251662 0.03
vn -0.228581 0.950726 0.209456
v 7.87678 19.994 -9.42957
vt -0.251662 0
vt -0.249307 0
f 280/1053/174 279/1054/175 600/1055/175 599/1056/174 

vt -0.363391 0.03
vt -0.365772 0.03
vn -0.316367 0.903256 0.289897
v 7.95611 20.0451 -9.50226
vt -0.365772 0
vt -0.363391 0
f 279/1057/175 278/1058/176 601/1059/176 600/1060/175 

vt -0.530469 0.03
vn -0.659269 0.447681 0.604108
vt -0.533866 0.03
vn -0.695599 0.331458 0.637399
v 8.01218 20.197 -9.55364
vt -0.533866 0
vt -0.530469 0
f 278/1061/177 277/1062/178 602/1063/178 601/1064/177 

vt -0.538145 0.03
vt -0.543703 0.03
vn -0.720717 0.210754 0.660416
v 8.05522 20.4689 -9.59308
vt -0.543703 0
vt -0.538145 0
f 277/1065/178 276/1066/179 603/1067/179 602/1068/178 

vt -0.543786 0.03
vt -0.549094 0.03
vn -0.68271 0.377553 0.625588
v 8.09663 20.7284 -9.63103
vt -0.549094 0
vt -0.543786 0
f 276/1069/179 275/1070/180 604/1071/180 603/1072/179 

vt -0.533347 0.03
vt -0.535937 0.03
vn -0.624216 0.53215 0.571988
v 8.14746 20.8381 -9.6776
vt -0.535937 0
vt -0.533347 0
f 275/1073/180 274/1074/181 605/1075/181 604/1076/180 

vt 0.12224 0.03
vn 0.371625 0.863674 -0.340532
vt 0.119351 0.03
vn 0.448331 0.793868 -0.41082
v 8.23947 20.7652 -9.76191
vt 0.119351 0
vt 0.12224 0
f 274/1077/182 273/1078/183 606/1079/183 605/1080/182 

vt 0.249666 0.03
vt 0.244893 0.03
vn 0.553023 0.661338 -0.506752
v 8.36472 20.5975 -9.87668
vt 0.244893 0
vt 0.249666 0
f 273/1081/183 272/1082/184 607/1083/184 606/1084/183 

vt 0.310641 0.03
vt 0.305468 0.03
vn 0.622586 0.535651 -0.570495
v 8.4807 20.392 -9.98297
vt 0.305468 0
vt 0.310641 0
f 272/1085/184 271/1086/185 608/1087/185 607/1088/184 

vt 0.380578 0.03
vt 0.376329 0.03
vn 0.62719 0.525677 -0.574714
v 8.55269 20.2032 -10.0489
vt 0.376329 0
vt 0.380578 0
f 271/1089/185 270/1090/186 609/1091/186 608/1092/185 

vt 0.311896 0.03
vt 0.307646 0.03
vn 0.56746 0.638443 -0.519981
v 8.64502 20.0314 -10.1335
vt 0.307646 0
vt 0.311896 0
f 270/1093/186 269/1094/187 610/1095/187 609/1096/186 

vt 0.249404 0.03
vt 0.244655 0.03
vn 0.540663 0.679879 -0.495427
v 8.76506 19.8584 -10.2435
vt 0.244655 0
vt 0.249404 0
f 269/1097/187 268/1098/188 611/1099/188 610/1100/187 

vt 0.251817 0.03
vt 0.24677 0.03
vn 0.575707 0.624713 -0.527538
v 8.89061 19.6719 -10.3586
vt 0.24677 0
vt 0.251817 0
f 268/1101/188 267/1102/189 612/1103/189 611/1104/188 

vt 0.307051 0.03
vt 0.301854 0.03
vn 0.633577 0.511393 -0.580566
v 9.00033 19.4587 -10.4591
vt 0.301854 0
vt 0.307051 0
f 267/1105/189 266/1106/190 613/1107/190 612/1108/189 

vt 0.362648 0.03
vt 0.357611 0.03
vn 0.672841 0.408848 -0.616545
v 9.0835 19.2334 -10.5353
vt 0.357611 0
vt 0.362648 0
f 266/1109/190 265/1110/191 614/1111/191 613/1112/190 

vt 0.390149 0.03
vt 0.386235 0.03
vn 0.692054 0.344838 -0.634151
v 9.1368 19.0515 -10.5842
vt 0.386235 0
vt 0.390149 0
f 265/1113/191 264/1114/192 615/1115/192 614/1116/191 

vt 0.404577 0.03
vt 0.402861 0.03
vn 0.710553 0.266796 -0.651102
v 9.15706 18.9702 -10.6027
vt 0.402861 0
vt 0.404577 0
f 264/1117/192 263/1118/193 616/1119/193 615/1120/192 

vt 0.438403 0.03
vt 0.430653 0.03
vn 0.69917 0.317335 -0.640671
v 9.21781 18.5913 -10.6584
vt 0.430653 0
vt 0.438403 0
f 263/1121/193 262/1122/194 617/1123/194 616/1124/193 

vt 0.357061 0.03
vt 0.349182 0.03
vn 0.655254 0.458396 -0.600429
v 9.33938 18.2334 -10.7698
vt 0.349182 0
vt 0.357061 0
f 262/1125/194 261/1126/195 618/1127/195 617/1128/194 

vt 0.314011 0.03
vt 0.30727 0.03
vn 0.658707 0.4492 -0.603593
v 9.46307 17.9408 -10.8831
vt 0.30727 0
vt 0.314011 0
f 261/1129/195 260/1130/196 619/1131/196 618/1132/195 

vt 0.35025 0.03
vt 0.345445 0.03
vn 0.703016 0.301298 -0.644195
v 9.53388 17.7205 -10.948
vt 0.345445 0
vt 0.35025 0
f 260/1133/196 259/1134/197 620/1135/197 619/1136/196 

vt 0.415695 0.03
vt 0.409726 0.03
vn 0.725713 0.176422 -0.664993
v 9.57785 17.4279 -10.9883
vt 0.409726 0
vt 0.415695 0
f 259/1137/197 258/1138/198 621/1139/198 620/1140/197 

vt 0.423175 0.03
vt 0.415698 0.03
vn 0.728945 0.149916 -0.667955
v 9.62004 17.0583 -11.027
vt 0.415698 0
vt 0.423175 0
f 258/1141/198 257/1142/199 622/1143/199 621/1144/198 

vt 0.417408 0.03
vt 0.410004 0.03
vn 0.72584 0.175457 -0.66511
v 9.66013 16.692 -11.0637
vt 0.410004 0
vt 0.417408 0
f 257/1145/199 256/1146/200 623/1147/200 622/1148/199 

vt 0.393596 0.03
vt 0.38773 0.03
vn 0.694816 0.334468 -0.636681
v 9.70426 16.4047 -11.1041
vt 0.38773 0
vt 0.393596 0
f 256/1149/200 255/1150/201 624/1151/201 623/1152/200 

vt 0.294711 0.03
vt 0.289985 0.03
vn 0.624119 0.532359 -0.5719
v 9.78424 16.1946 -11.1774
vt 0.289985 0
vt 0.294711 0
f 255/1153/201 254/1154/202 625/1155/202 624/1156/201 

vt 0.220528 0.03
vt 0.215523 0.03
vn 0.597886 0.585132 -0.547862
v 9.89538 15.9947 -11.2793
vt 0.215523 0
vt 0.220528 0
f 254/1157/202 253/1158/203 626/1159/203 625/1160/202 

vt 0.233455 0.03
vt 0.227174 0.03
vn 0.617895 0.545551 -0.566197
v 10.027 15.7361 -11.3998
vt 0.227174 0
vt 0.233455 0
f 253/1161/203 252/1162/204 627/1163/204 626/1164/203 

vt 0.249538 0.03
vt 0.243022 0.03
vn 0.601094 0.579055 -0.550801
v 10.1526 15.4582 -11.515
vt 0.243022 0
vt 0.249538 0
f 252/1165/204 251/1166/205 628/1167/205 627/1168/204 

vt 0.185869 0.03
vt 0.182195 0.03
vn 0.492428 0.744251 -0.451227
v 10.2383 15.3159 -11.5935
vt 0.182195 0
vt 0.185869 0
f 251/1169/205 250/1170/206 629/1171/206 628/1172/205 

vt 0.0406792 0.03
vt 0.0386704 0.03
vn 0.402202 0.838096 -0.36855
v 10.3004 15.261 -11.6504
vt 0.0386704 0
vt 0.0406792 0
f 250/1173/206 249/1174/207 630/1175/207 629/1176/206 

vt -0.40373 0.03
vn -0.369714 0.865181 0.338781
vt -0.406626 0.03
vn -0.327244 0.896099 0.299864
v 10.3928 15.3337 -11.7351
vt -0.406626 0
vt -0.40373 0
f 249/1177/208 248/1178/209 631/1179/209 630/1180/208 

vt -0.370858 0.03
vt -0.376104 0.03
vn -0.283375 0.923186 0.259666
v 10.5714 15.4345 -11.8988
vt -0.376104 0
vt -0.370858 0
f 248/1181/209 247/1182/210 632/1183/210 631/1184/209 

vt -0.243084 0.03
vn -0.0187786 0.999676 0.0172074
vt -0.247874 0.03
v 10.748 15.4406 -12.0606
vt -0.247874 0
vt -0.243084 0
f 247/1185/211 246/1186/211 633/1187/211 632/1188/211 

vt 0.252128 0.03
vn 0.644429 0.485807 -0.590511
vt 0.247171 0.03
v 10.8369 15.2239 -12.142
vt 0.247171 0
vt 0.252128 0
f 246/1189/212 245/1190/212 634/1191/212 633/1192/212 

vt 0.428554 0.03
vn 0.736157 -0.0550959 -0.674564
vt 0.418641 0.03
vn 0.731838 -0.121245 -0.670606
v 10.8167 14.7287 -12.1235
vt 0.418641 0
vt 0.428554 0
f 245/1193/213 244/1194/214 635/1195/214 634/1196/213 

vt 0.443611 0.03
vt 0.431725 0.03
vn 0.71778 -0.228454 -0.657724
v 10.7348 14.1446 -12.0485
vt 0.431725 0
vt 0.443611 0
f 244/1197/214 243/1198/215 636/1199/215 635/1200/214 

vt 0.443672 0.03
vt 0.434277 0.03
vn 0.696471 -0.328071 -0.638198
v 10.6414 13.692 -11.9628
vt 0.434277 0
vt 0.443672 0
f 243/1201/215 242/1202/216 637/1203/216 636/1204/215 

vt 0.445901 0.03
vt 0.443589 0.03
vn 0.675825 -0.399691 -0.61928
v 10.6085 13.5853 -11.9327
vt 0.443589 0
vt 0.445901 0
f 242/1205/216 241/1206/217 638/1207/217 637/1208/216 

vt 0.445496 0.03
vt 0.444356 0.03
vn 0.671902 -0.41168 -0.615684
v 10.5911 13.5333 -11.9168
vt 0.444356 0
vt 0.445496 0
f 241/1209/217 240/1210/218 639/1211/218 638/1212/217 

vt 0.444075 0.03
vt 0.442739 0.03
vn 0.673193 -0.407781 -0.616868
v 10.5709 13.4724 -11.8983
vt 0.442739 0
vt 0.444075 0
f 240/1213/218 239/1214/219 640/1215/219 639/1216/218 

vt 0.442543 0.03
vt 0.441042 0.03
vn 0.673709 -0.406209 -0.617341
v 10.5484 13.4038 -11.8777
vt 0.441042 0
vt 0.442543 0
f 239/1217/219 238/1218/220 641/1219/220 640/1220/219 

vt -0.279344 0.03
vn -0.0961202 0.991465 0.0880779
vt -0.293501 0.03
vn -0.105752 0.98966 0.0969042
v 11.0661 13.4961 -12.3521
vt -0.293501 0
vt -0.279344 0
f 238/1221/221 237/1222/222 642/1223/222 641/1224/221 

vt -0.302528 0.03
vt -0.316147 0.03
vn -0.123732 0.985817 0.113379
v 11.5622 13.6027 -12.8067
vt -0.316147 0
vt -0.302528 0
f 237/1225/222 236/1226/223 643/1227/223 642/1228/222 

vt -0.323842 0.03
vt -0.336902 0.03
vn -0.139074 0.982048 0.127438
v 12.0361 13.7198 -13.2409
vt -0.336902 0
vt -0.323842 0
f 236/1229/223 235/1230/224 644/1231/224 643/1232/223 

vt -0.343225 0.03
vt -0.355703 0.03
vn -0.151539 0.978649 0.13886
v 12.4872 13.8434 -13.6542
vt -0.355703 0
vt -0.343225 0
f 235/1233/224 234/1234/225 645/1235/225 644/1236/224 

vt -0.360588 0.03
vt -0.372455 0.03
vn -0.160807 0.975924 0.147353
v 12.9148 13.9698 -14.0461
vt -0.372455 0
vt -0.360588 0
f 234/1237/225 233/1238/226 646/1239/226 645/1240/225 

vt -0.375794 0.03
vt -0.387019 0.03
vn -0.166435 0.974187 0.152509
v 13.3184 14.0952 -14.4159
vt -0.387019 0
vt -0.375794 0
f 233/1241/226 232/1242/227 647/1243/227 646/1244/226 

vt -0.388627 0.03
vt -0.399178 0.03
vn -0.16779 0.973759 0.153751
v 13.6973 14.2157 -14.763
vt -0.399178 0
vt -0.388627 0
f 232/1245/227 231/1246/228 648/1247/228 647/1248/227 

vt -0.398756 0.03
vt -0.408599 0.03
vn -0.164819 0.974692 0.151029
v 14.0508 14.3274 -15.087
vt -0.408599 0
vt -0.398756 0
f 231/1249/228 230/1250/229 649/1251/229 648/1252/228 

vt -0.406419 0.03
vt -0.413256 0.03
vn -0.26774 0.931732 0.245339
v 14.2968 14.4027 -15.3125
vt -0.413256 0
vt -0.406419 0
f 230/1253/229 229/1254/230 650/1255/230 649/1256/229 

vt -0.488158 0.03
vt -0.489385 0.03
vn -0.306392 0.90956 0.280757
v 14.3361 14.4333 -15.3484
vt -0.489385 0
vt -0.488158 0
f 229/1257/230 228/1258/231 651/1259/231 650/1260/230 

vt -0.447727 0.03
vt -0.449223 0.03
vn -0.286533 0.921391 0.262559
v 14.3882 14.4579 -15.3962
vt -0.449223 0
vt -0.447727 0
f 228/1261/231 227/1262/232 652/1263/232 651/1264/231 

vt -0.47941 0.03
vt -0.480943 0.03
vn -0.371487 0.863783 0.340405
v 14.4387 14.4921 -15.4425
vt -0.480943 0
vt -0.47941 0
f 227/1265/232 226/1266/233 653/1267/233 652/1268/232 

vt -0.504118 0.03
vt -0.509354 0.03
vn -0.402169 0.838125 0.36852
v 14.5988 14.6386 -15.5892
vt -0.509354 0
vt -0.504118 0
f 226/1269/233 225/1270/234 654/1271/234 653/1272/233 

vt -0.504254 0.03
vt -0.510077 0.03
vn -0.387912 0.850397 0.355456
v 14.7807 14.7934 -15.7559
vt -0.510077 0
vt -0.504254 0
f 225/1273/234 224/1274/235 655/1275/235 654/1276/234 

vt -0.50805 0.03
vt -0.510986 0.03
vn -0.384031 0.853632 0.3519
v 14.8732 14.8699 -15.8406
vt -0.510986 0
vt -0.50805 0
f 224/1277/235 223/1278/236 656/1279/236 655/1280/235 

vt -0.37832 0.03
vn -0.734701 -0.0835264 0.673229
vt -0.386723 0.03
vn -0.734668 -0.0840538 0.673199
v 14.8473 15.2889 -15.8169
vt -0.386723 0
vt -0.37832 0
f 223/1281/237 222/1282/238 657/1283/238 656/1284/237 

vt -0.386319 0.03
vt -0.403624 0.03
vn -0.734635 -0.0845811 0.673169
v 14.7933 16.1515 -15.7674
vt -0.403624 0
vt -0.386319 0
f 222/1285/238 221/1286/239 658/1287/239 657/1288/238 

vt -0.414167 0.03
vn -0.732205 -0.117097 0.670942
v 14.7604 16.677 -15.7373
vt -0.414167 0
f 221/1286/239 220/1289/240 659/1290/240 658/1287/239 

vt -0.388302 0.03
vt -0.392871 0.03
vn -0.729413 -0.145668 0.668384
v 14.7352 16.903 -15.7142
vt -0.392871 0
vt -0.388302 0
f 220/1291/240 219/1292/241 660/1293/241 659/1294/240 

vt -0.396016 0.03
vt -0.407061 0.03
vn -0.731008 -0.130133 0.669845
v 14.6774 17.45 -15.6612
vt -0.407061 0
vt -0.396016 0
f 219/1295/241 218/1296/242 661/1297/242 660/1298/241 

vt -0.416538 0.03
vt -0.427511 0.03
vn -0.737274 0.00295487 0.675587
v 14.6295 17.995 -15.6173
vt -0.427511 0
vt -0.416538 0
f 218/1299/242 217/1300/243 662/1301/243 661/1302/242 

vt -0.510284 0.03
vt -0.517878 0.03
vn -0.731562 0.124268 0.670353
v 14.6643 18.372 -15.6492
vt -0.517878 0
vt -0.510284 0
f 217/1303/243 216/1304/244 663/1305/244 662/1306/243 

vt -0.586682 0.03
vn -0.637093 0.503293 0.583788
vt -0.594865 0.03
vn -0.610325 0.56101 0.55926
v 14.8162 18.7258 -15.7884
vt -0.594865 0
vt -0.586682 0
f 216/1307/245 215/1308/246 664/1309/246 663/1310/245 

vt -0.596918 0.03
vt -0.606687 0.03
vn -0.599269 0.582524 0.549129
v 15.0382 19.1107 -15.9918
vt -0.606687 0
vt -0.596918 0
f 215/1311/246 214/1312/247 665/1313/247 664/1314/246 

vt -0.606704 0.03
vt -0.616612 0.03
vn -0.657148 0.453379 0.602166
v 15.2384 19.5253 -16.1753
vt -0.616612 0
vt -0.606704 0
f 214/1315/247 213/1316/248 666/1317/248 665/1318/247 

vt -0.596453 0.03
vt -0.604175 0.03
vn -0.714801 0.245037 0.654994
v 15.3391 19.8867 -16.2675
vt -0.604175 0
vt -0.596453 0
f 213/1319/248 212/1320/249 667/1321/249 666/1322/248 

vt -0.552914 0.03
vt -0.558593 0.03
vn -0.737112 -0.0211894 0.675439
v 15.3671 20.1683 -16.2932
vt -0.558593 0
vt -0.552914 0
f 212/1323/249 211/1324/250 668/1325/250 667/1326/249 

vt -0.443289 0.03
vt -0.446953 0.03
vn -0.725856 -0.175336 0.665124
v 15.3434 20.3487 -16.2714
vt -0.446953 0
vt -0.443289 0
f 211/1327/250 210/1328/251 669/1329/251 668/1330/250 

vt -0.0571648 0.03
vn -0.474909 -0.764909 0.435174
vt -0.0596381 0.03
v 15.2736 20.4284 -16.2075
vt -0.0596381 0
vt -0.0571648 0
f 210/1331/252 209/1332/252 670/1333/252 669/1334/252 

vt 0.40806 0.03
vn 0.0705546 -0.995411 -0.0646514
vt 0.405208 0.03
v 15.1689 20.4148 -16.1116
vt 0.405208 0
vt 0.40806 0
f 209/1335/253 208/1336/253 671/1337/253 670/1338/253 

vt 0.61227 0.03
vn 0.490043 -0.747141 -0.449042
vt 0.607351 0.03
vn 0.559994 -0.650457 -0.51314
v 15.0334 20.2512 -15.9874
vt 0.607351 0
vt 0.61227 0
f 208/1339/254 207/1340/255 672/1341/255 671/1342/254 

vt 0.625595 0.03
vt 0.618215 0.03
vn 0.618829 -0.543602 -0.567052
v 14.8859 19.9409 -15.8522
vt 0.618215 0
vt 0.625595 0
f 207/1343/255 206/1344/256 673/1345/256 672/1346/255 

vt 0.618282 0.03
vt 0.612929 0.03
vn 0.617986 -0.545364 -0.566279
v 14.7782 19.7165 -15.7536
vt 0.612929 0
vt 0.618282 0
f 206/1347/256 205/1348/257 674/1349/257 673/1350/256 

vt 0.265813 0.03
vn -0.111798 -0.988436 0.102444
vt 0.264442 0.03
v 14.7282 19.7268 -15.7078
vt 0.264442 0
vt 0.265813 0
f 205/1351/258 204/1352/258 675/1353/258 674/1354/258 

vt -0.310556 0.03
vn -0.666918 -0.426329 0.611118
vt -0.313407 0.03
vn -0.686207 -0.365702 0.628793
v 14.6834 19.8559 -15.6667
vt -0.313407 0
vt -0.310556 0
f 204/1355/259 203/1356/260 676/1357/260 675/1358/259 

vt -0.380208 0.03
vn -0.721533 -0.205556 0.661163
v 14.6404 20.0391 -15.6273
vt -0.380208 0
f 203/1359/260 202/885/261 677/888/261 676/1360/260 

vt -0.473209 0.03
vt -0.477672 0.03
vn -0.736557 0.0441914 0.67493
v 14.623 20.2612 -15.6113
vt -0.477672 0
vt -0.473209 0
f 202/1361/261 201/1362/262 678/1363/262 677/1364/261 

vt -0.573008 0.03
vt -0.578408 0.03
vn -0.724466 0.185613 0.66385
v 14.6614 20.5262 -15.6465
vt -0.578408 0
vt -0.573008 0
f 201/1365/262 200/1366/263 679/1367/263 678/1368/262 

vt -0.574832 0.03
vt -0.578342 0.03
vn -0.725463 0.178303 0.664764
v 14.6845 20.699 -15.6677
vt -0.578342 0
vt -0.574832 0
f 200/1369/263 199/1370/264 680/1371/264 679/1372/263 

vt 0.44103 0.03
vn 0.145706 -0.980277 -0.133515
vt 0.4391 0.03
vn 0.10185 -0.990412 -0.093328
v 14.6147 20.6799 -15.6038
vt 0.4391 0
vt 0.44103 0
f 199/1373/265 198/1374/266 681/1375/266 680/1376/265 

vt 0.382073 0.03
vt 0.3795 0.03
vn -0.0446543 -0.998164 0.0409182
v 14.5201 20.6699 -15.517
vt 0.3795 0
vt 0.382073 0
f 198/1377/266 197/1378/267 682/1379/267 681/1380/266 

vt 0.228803 0.03
vt 0.226236 0.03
vn -0.146072 -0.980177 0.13385
v 14.4273 20.6953 -15.432
vt 0.226236 0
vt 0.228803 0
f 197/1381/267 196/1382/268 683/1383/268 682/1384/267 

vt -0.00525212 0.03
vn -0.403289 -0.837134 0.369546
vt -0.00779386 0.03
vn -0.495238 -0.740812 0.453802
v 14.3488 20.7649 -15.3601
vt -0.00779386 0
vt -0.00525212 0
f 196/1385/269 195/1386/270 684/1387/270 683/1388/269 

vt -0.201066 0.03
vt -0.203269 0.03
vn -0.57489 -0.626094 0.52679
v 14.298 20.8508 -15.3135
vt -0.203269 0
vt -0.201066 0
f 195/1389/270 194/1390/271 685/1391/271 684/1392/270 

vt -0.522807 0.03
vn -0.737174 -0.01674 0.675496
vt -0.524922 0.03
v 14.2966 20.9566 -15.3123
vt -0.524922 0
vt -0.522807 0
f 194/1393/272 193/1394/272 686/1395/272 685/1396/272 

vt -0.62445 0.03
vn -0.65498 0.459115 0.600179
vt -0.628447 0.03
vn -0.61479 0.551969 0.563351
v 14.3643 21.1342 -15.3743
vt -0.628447 0
vt -0.62445 0
f 193/1397/273 192/1398/274 687/1399/274 686/1400/273 

vt -0.625172 0.03
vt -0.629735 0.03
vn -0.506826 0.726252 0.46442
v 14.4718 21.3099 -15.4728
vt -0.629735 0
vt -0.625172 0
f 192/1401/274 191/1402/275 688/1403/275 687/1404/274 

vt -0.591787 0.03
vt -0.595806 0.03
vn -0.43094 0.811392 0.394884
v 14.5909 21.4296 -15.5819
vt -0.595806 0
vt -0.591787 0
f 191/1405/275 190/1406/276 689/1407/276 688/1408/275 

vt -0.589473 0.03
vt -0.593152 0.03
vn -0.461733 0.779608 0.4231
v 14.702 21.5352 -15.6838
vt -0.593152 0
vt -0.589473 0
f 190/1409/276 189/1410/277 690/1411/277 689/1412/276 

vt -0.62035 0.03
vt -0.622942 0.03
vn -0.498507 0.736768 0.456798
v 14.7725 21.6229 -15.7483
vt -0.622942 0
vt -0.62035 0
f 189/1413/277 188/1414/278 691/1415/278 690/1416/277 

vt -0.449776 0.03
vn -0.717557 -0.229741 0.657519
vt -0.451615 0.03
vn -0.728469 -0.154112 0.667519
v 14.7569 21.7124 -15.734
vt -0.451615 0
vt -0.449776 0
f 188/1417/279 187/1418/280 692/1419/280 691/1420/279 

vt -0.517209 0.03
vt -0.520151 0.03
vn -0.734106 0.0926529 0.672684
v 14.7485 21.8591 -15.7263
vt -0.520151 0
vt -0.517209 0
f 187/1421/280 186/1422/281 693/1423/281 692/1424/280 

vt -0.619675 0.03
vt -0.623065 0.03
vn -0.711884 0.26019 0.652321
v 14.781 22.0229 -15.7561
vt -0.623065 0
vt -0.619675 0
f 186/1425/281 185/1426/282 694/1427/282 693/1428/281 

vt -0.601585 0.03
vn -0.425564 0.816596 0.389958
vt -0.605024 0.03
vn -0.331532 0.893194 0.303794
v 14.8846 22.1221 -15.8511
vt -0.605024 0
vt -0.601585 0
f 185/1429/283 184/1430/284 695/1431/284 694/1432/283 

vt -0.504849 0.03
vt -0.507474 0.03
vn -0.230163 0.950023 0.210905
v 14.9766 22.1632 -15.9354
vt -0.507474 0
vt -0.504849 0
f 184/1433/284 183/1434/285 696/1435/285 695/1436/284 

vt -0.638092 0.03
vn -0.510904 0.720976 0.468157
vt -0.638688 0.03
v 14.9924 22.1838 -15.9499
vt -0.638688 0
vt -0.638092 0
f 183/1437/286 182/1438/286 697/1439/286 696/1440/286 

vt -0.630813 0.03
vn -0.708615 0.276116 0.649326
vt -0.632658 0.03
vn -0.69285 0.341888 0.63488
v 15.0112 22.2725 -15.9671
vt -0.632658 0
vt -0.630813 0
f 182/1441/287 181/1442/288 698/1443/288 697/1444/287 

vt -0.652175 0.03
vt -0.654494 0.03
vn -0.67377 0.406024 0.617397
v 15.046 22.3786 -15.9989
vt -0.654494 0
vt -0.652175 0
f 181/1445/288 180/1446/289 699/1447/289 698/1448/288 

vt -0.634145 0.03
vn -0.484894 0.753296 0.444323
vt -0.636053 0.03
v 15.099 22.4413 -16.0475
vt -0.636053 0
vt -0.634145 0
f 180/1449/290 179/1450/290 700/1451/290 699/1452/290 

vt -0.475779 0.03
vn -0.171477 0.972577 0.15713
vt -0.477903 0.03
vn -0.141839 0.98132 0.129972
v 15.1752 22.4661 -16.1173
vt -0.477903 0
vt -0.475779 0
f 179/1453/291 178/1454/292 701/1455/292 700/1456/291 

vt -0.438291 0.03
vt -0.439979 0.03
vn -0.111962 0.988402 0.102594
v 15.2367 22.4789 -16.1737
vt -0.439979 0
vt -0.438291 0
f 178/1457/292 177/1458/293 702/1459/293 701/1460/292 

vt -0.656826 0.03
vn -0.54669 0.670955 0.500949
vt -0.657627 0.03
vn -0.573886 0.627786 0.52587
v 15.2566 22.5086 -16.1919
vt -0.657627 0
vt -0.656826 0
f 177/1461/294 176/1462/295 703/1463/295 702/1464/294 

vt -0.665885 0.03
vt -0.667713 0.03
vn -0.572462 0.630173 0.524565
v 15.2958 22.5829 -16.2279
vt -0.667713 0
vt -0.665885 0
f 176/1465/295 175/1466/296 704/1467/296 703/1468/295 

vt -0.658753 0.03
vt -0.661047 0.03
vn -0.499724 0.73525 0.457912
v 15.353 22.6676 -16.2803
vt -0.661047 0
vt -0.658753 0
f 175/1469/296 174/1470/297 705/1471/297 704/1472/296 

vt -0.632416 0.03
vt -0.634508 0.03
vn -0.491455 0.745432 0.450336
v 15.414 22.7318 -16.3361
vt -0.634508 0
vt -0.632416 0
f 174/1473/297 173/1474/298 706/1475/298 705/1476/297 

vt -0.659348 0.03
vt -0.661848 0.03
vn -0.573683 0.628128 0.525684
v 15.4783 22.8214 -16.3951
vt -0.661848 0
vt -0.659348 0
f 173/1477/298 172/1478/299 707/1479/299 706/1480/298 

vt -0.675244 0.03
vt -0.678222 0.03
vn -0.635831 0.50622 0.582632
v 15.5391 22.9455 -16.4508
vt -0.678222 0
vt -0.675244 0
f 172/1481/299 171/1482/300 708/1483/300 707/1484/299 

vt -0.675122 0.03
vt -0.678181 0.03
vn -0.655576 0.457548 0.600725
v 15.5907 23.0815 -16.498
vt -0.678181 0
vt -0.675122 0
f 171/1485/300 170/1486/301 709/1487/301 708/1488/300 

vt -0.478566 0.03
vn -0.151694 0.978605 0.139002
vt -0.480231 0.03
v 15.6508 23.0987 -16.5531
vt -0.480231 0
vt -0.478566 0
f 170/1489/302 169/1490/302 710/1491/302 709/1492/302 

vt 0.11406 0.03
vn 0.497772 0.737681 -0.456124
vt 0.111657 0.03
vn 0.552311 0.662432 -0.5061
v 15.7161 23.0175 -16.613
vt 0.111657 0
vt 0.11406 0
f 169/1493/303 168/1494/304 711/1495/304 710/1496/303 

vt 0.2502 0.03
vt 0.247386 0.03
vn 0.536229 0.686309 -0.491364
v 15.7763 22.9028 -16.6682
vt 0.247386 0
vt 0.2502 0
f 168/1497/304 167/1498/305 712/1499/305 711/1500/304 

vt 0.0652208 0.03
vt 0.0639702 0.03
vn 0.461577 0.779778 -0.422957
v 15.8123 22.8637 -16.7011
vt 0.0639702 0
vt 0.0652208 0
f 167/1501/305 166/1502/306 713/1503/306 712/1504/305 

vt -0.622675 0.03
vn -0.398866 0.841024 0.365493
vt -0.623379 0.03
vn -0.398407 0.841423 0.365073
v 15.8341 22.8827 -16.7211
vt -0.623379 0
vt -0.622675 0
f 166/1505/307 165/1506/308 714/1507/308 713/1508/307 

vt -0.622971 0.03
vt -0.624595 0.03
vn -0.363561 0.869965 0.333142
v 15.8845 22.9266 -16.7673
vt -0.624595 0
vt -0.622971 0
f 165/1509/308 164/1510/309 715/1511/309 714/1512/308 

vt -0.590813 0.03
vt -0.593287 0.03
vn -0.221222 0.953923 0.202712
v 15.9663 22.9816 -16.8422
vt -0.593287 0
vt -0.590813 0
f 164/1513/309 163/1514/310 716/1515/310 715/1516/309 

vt -0.458956 0.03
vt -0.461148 0.03
vn -0.108947 0.989022 0.0998313
v 16.0462 22.9978 -16.9155
vt -0.461148 0
vt -0.458956 0
f 163/1517/310 162/1518/311 717/1519/311 716/1520/310 

vt 0.461338 0.03
vn 0.715051 0.24369 -0.655223
vt 0.459147 0.03
v 16.0659 22.8915 -16.9335
vt 0.459147 0
vt 0.461338 0
f 162/1521/312 161/1522/312 718/1523/312 717/1524/312 

vt 0.615326 0.03
vn 0.730599 -0.134296 -0.66947
vt 0.612077 0.03
vn 0.73296 -0.108059 -0.671634
v 16.0498 22.7305 -16.9188
vt 0.612077 0
vt 0.615326 0
f 161/1525/313 160/1526/314 719/1527/314 718/1528/313 

vt 0.59529 0.03
vt 0.592714 0.03
vn 0.736241 0.0529921 -0.674641
v 16.0421 22.602 -16.9117
vt 0.592714 0
vt 0.59529 0
f 160/1529/314 159/1530/315 720/1531/315 719/1532/314 

vt 0.482438 0.03
vt 0.47874 0.03
vn 0.717117 0.23225 -0.657117
v 16.0675 22.4203 -16.935
vt 0.47874 0
vt 0.482438 0
f 159/1533/315 158/1534/316 721/1535/316 720/1536/315 

vt 0.43214 0.03
vt 0.427926 0.03
vn 0.702393 0.303959 -0.643625
v 16.1106 22.2178 -16.9745
vt 0.427926 0
vt 0.43214 0
f 158/1537/316 157/1538/317 722/1539/317 721/1540/316 

vt 0.398122 0.03
vt 0.394804 0.03
vn 0.718525 0.224103 -0.658407
v 16.1511 22.0611 -17.0116
vt 0.394804 0
vt 0.398122 0
f 157/1541/317 156/1542/318 723/1543/318 722/1544/317 

vt 0.504858 0.03
vt 0.498867 0.03
vn 0.734679 0.0838768 -0.67321
v 16.1765 21.7634 -17.0348
vt 0.498867 0
vt 0.504858 0
f 156/1545/318 155/1546/319 724/1547/319 723/1548/318 

vt 0.525703 0.03
vt 0.519472 0.03
vn 0.73471 0.083385 -0.673237
v 16.1886 21.4521 -17.0459
vt 0.519472 0
vt 0.525703 0
f 155/1549/319 154/1550/320 725/1551/320 724/1552/319 

vt 0.493087 0.03
vt 0.491038 0.03
vn 0.732469 0.114027 -0.671184
v 16.1972 21.3503 -17.0538
vt 0.491038 0
vt 0.493087 0
f 154/1553/320 153/1554/321 726/1555/321 725/1556/320 

vt 0.148983 0.03
vn 0.552801 0.661679 -0.506549
vt 0.144819 0.03
vn 0.571053 0.632521 -0.523274
v 16.2988 21.1941 -17.147
vt 0.144819 0
vt 0.148983 0
f 153/1557/322 152/1558/323 727/1559/323 726/1560/322 

vt 0.193687 0.03
vt 0.186934 0.03
vn 0.628376 0.523066 -0.5758
v 16.4489 20.9245 -17.2844
vt 0.186934 0
vt 0.193687 0
f 152/1561/323 151/1562/324 728/1563/324 727/1564/323 

vt 0.304223 0.03
vt 0.297879 0.03
vn 0.699993 0.313979 -0.641426
v 16.5515 20.6393 -17.3785
vt 0.297879 0
vt 0.304223 0
f 151/1565/324 150/1566/325 729/1567/325 728/1568/324 

vt 0.442985 0.03
vt 0.436273 0.03
vn 0.730928 0.130954 -0.669772
v 16.5969 20.3092 -17.4201
vt 0.436273 0
vt 0.442985 0
f 150/1569/325 149/1570/326 730/1571/326 729/1572/325 

vt 0.485118 0.03
vt 0.479445 0.03
vn 0.735095 0.076878 -0.673591
v 16.6133 20.0263 -17.4351
vt 0.479445 0
vt 0.485118 0
f 149/1573/326 148/1574/327 731/1575/327 730/1576/326 

vt 0.480561 0.03
vt 0.478783 0.03
vn 0.735168 0.0755981 -0.673657
v 16.6183 19.9376 -17.4397
vt 0.478783 0
vt 0.480561 0
f 148/1577/327 147/1578/328 732/1579/328 731/1580/327 

vt -0.0766965 0.03
vn 0.380033 0.856917 -0.348236
vt -0.0788119 0.03
vn 0.423737 0.818342 -0.388283
v 16.6851 19.8831 -17.5009
vt -0.0788119 0
vt -0.0766965 0
f 147/1581/329 146/1582/330 733/1583/330 732/1584/329 

vt 0.0124346 0.03
vt 0.00894644 0.03
vn 0.465321 0.775674 -0.426388
v 16.7849 19.773 -17.5924
vt 0.00894644 0
vt 0.0124346 0
f 146/1585/330 145/1586/331 734/1587/331 733/1588/330 

vt 0.244055 0.03
vn 0.641864 0.492015 -0.58816
vt 0.2408 0.03
v 16.844 19.6312 -17.6465
vt 0.2408 0
vt 0.244055 0
f 145/1589/332 144/1590/332 735/1591/332 734/1592/332 

vt 0.527921 0.03
vn 0.735877 -0.0615955 -0.674307
vt 0.524554 0.03
vn 0.724971 -0.181949 -0.664313
v 16.8363 19.4631 -17.6395
vt 0.524554 0
vt 0.527921 0
f 144/1593/333 143/1594/334 736/1595/334 735/1596/333 

vt 0.598264 0.03
vt 0.595273 0.03
vn 0.68791 -0.359768 -0.630354
v 16.8033 19.3203 -17.6092
vt 0.595273 0
vt 0.598264 0
f 143/1597/334 142/1598/335 737/1599/335 736/1600/334 

vt 0.62016 0.03
vt 0.619093 0.03
vn 0.669625 -0.418448 -0.613598
v 16.7868 19.2718 -17.5941
vt 0.619093 0
vt 0.62016 0
f 142/1601/335 141/1602/336 738/1603/336 737/1604/335 

vt 0.564809 0.03
vn 0.291598 -0.918463 -0.2672
vt 0.563205 0.03
vn 0.300435 -0.913209 -0.275298
v 16.7325 19.2401 -17.5443
vt 0.563205 0
vt 0.564809 0
f 141/1605/337 140/1606/338 739/1607/338 738/1608/337 

vt 0.570806 0.03
vt 0.568093 0.03
vn 0.337336 -0.889188 -0.309111
v 16.6416 19.1832 -17.4611
vt 0.568093 0
vt 0.570806 0
f 140/1609/338 139/1610/339 740/1611/339 739/1612/338 

vt 0.590034 0.03
vt 0.587879 0.03
vn 0.364844 -0.868977 -0.334318
v 16.5725 19.1298 -17.3978
vt 0.587879 0
vt 0.590034 0
f 139/1613/339 138/1614/340 741/1615/340 740/1616/339 

vt 0.623283 0.03
vn 0.646212 -0.48143 -0.592144
vt 0.622211 0.03
v 16.5535 19.0828 -17.3803
vt 0.622211 0
vt 0.623283 0
f 138/1617/341 137/1618/341 742/1619/341 741/1620/341 

vt 0.307467 0.03
vn 0.682631 0.377816 -0.625516
vt 0.306278 0.03
vn 0.634469 0.509354 -0.581384
v 16.5701 19.0277 -17.3955
vt 0.306278 0
vt 0.307467 0
f 137/1621/342 136/1622/343 743/1623/343 742/1624/342 

vt 0.133262 0.03
vt 0.124747 0.03
vn 0.571927 0.631067 -0.524075
v 16.7679 18.6969 -17.5768
vt 0.124747 0
vt 0.133262 0
f 136/1625/343 135/1626/344 744/1627/344 743/1628/343 

vt 0.122903 0.03
vt 0.107772 0.03
vn 0.569053 0.635829 -0.521441
v 17.1207 18.1104 -17.9001
vt 0.107772 0
vt 0.122903 0
f 135/1629/344 134/1630/345 745/1631/345 744/1632/344 

vt 0.102016 0.03
vt 0.0901708 0.03
vn 0.603564 0.574309 -0.553064
v 17.4001 17.6549 -18.1561
vt 0.0901708 0
vt 0.102016 0
f 134/1633/345 133/1634/346 746/1635/346 745/1636/345 

vt 0.189861 0.03
vt 0.18452 0.03
vn 0.636211 0.50534 -0.58298
v 17.4996 17.4243 -18.2473
vt 0.18452 0
vt 0.189861 0
f 133/1637/346 132/1638/347 747/1639/347 746/1640/346 

vt 0.586537 0.03
vn 0.680165 -0.38591 -0.623257
vt 0.583192 0.03
v 17.452 17.27 -18.2037
vt 0.583192 0
vt 0.586537 0
f 132/1641/348 131/1642/348 748/1643/348 747/1644/348 

vt 0.589498 0.03
vn 0.362477 -0.870797 -0.332149
vt 0.583795 0.03
vn 0.448489 -0.793704 -0.410965
v 17.2688 17.1297 -18.0358
vt 0.583795 0
vt 0.589498 0
f 131/1645/349 130/1646/350 749/1647/350 748/1648/349 

vt 0.614075 0.03
vt 0.608031 0.03
vn 0.525732 -0.701091 -0.481744
v 17.1126 16.9141 -17.8926
vt 0.608031 0
vt 0.614075 0
f 130/1649/350 129/1650/351 750/1651/351 749/1652/350 

vt 0.348576 0.03
vn 0.719209 0.220033 -0.659033
vt 0.341738 0.03
v 17.168 16.5804 -17.9434
vt 0.341738 0
vt 0.348576 0
f 129/1653/352 128/1654/352 751/1655/352 750/1656/352 

vt 0.00944437 0.03
vn 0.509972 0.722189 -0.467303
vt -0.00347049 0.03
vn 0.481155 0.757693 -0.440898
v 17.512 16.1335 -18.2587
vt -0.00347049 0
vt 0.00944437 0
f 128/1657/353 127/1658/354 752/1659/354 751/1660/353 

vt -0.0671797 0.03
vt -0.0744504 0.03
vn 0.471308 0.768995 -0.431874
v 17.7242 15.911 -18.4531
vt -0.0744504 0
vt -0.0671797 0
f 127/1661/354 126/1662/355 753/1663/355 752/1664/354 

vt -0.0318702 0.03
vt -0.0380956 0.03
vn 0.519739 0.709263 -0.476253
v 17.8955 15.7036 -18.61
vt -0.0380956 0
vt -0.0318702 0
f 126/1665/355 125/1666/356 754/1667/356 753/1668/355 

vt 0.0266864 0.03
vt 0.0214804 0.03
vn 0.5612 0.648542 -0.514245
v 18.0242 15.5104 -18.728
vt 0.0214804 0
vt 0.0266864 0
f 125/1669/356 124/1670/357 755/1671/357 754/1672/356 

vt 0.0568635 0.03
vt 0.0552622 0.03
vn 0.543056 0.676361 -0.497619
v 18.0612 15.4479 -18.7619
vt 0.0552622 0
vt 0.0568635 0
f 124/1673/357 123/1674/358 756/1675/358 755/1676/357 

vt -0.0250801 0.03
vt -0.0263757 0.03
vn 0.508758 0.723762 -0.466191
v 18.0958 15.4032 -18.7935
vt -0.0263757 0
vt -0.0250801 0
f 123/1677/358 122/1678/359 757/1679/359 756/1680/358 

vt -0.59191 0.03
vn -0.387855 0.850445 0.355404
vt -0.59285 0.03
vn -0.277074 0.926698 0.253892
v 18.1252 15.428 -18.8206
vt -0.59285 0
vt -0.59191 0
f 122/1681/360 121/1682/361 758/1683/361 757/1684/360 

vt -0.552354 0.124002
vn -0.67559 -7.80776e-16 -0.737277
v 20.133 15.4285 -16.5913
vt -0.55279 0.124192
v 20.1485 15.4548 -16.6055
vt -0.553365 0.124368
vt -0.553273 0.1241
f 122/1685/362 759/1686/362 760/1687/362 121/1688/362 

vt -0.517314 0.03
vt -0.530015 0.03
vn -0.16092 0.97589 0.147456
v 18.5827 15.5645 -19.2398
vt -0.530015 0
vt -0.517314 0
f 121/1689/361 120/1690/363 761/1691/363 758/1692/361 

vt -0.532194 0.03
vt -0.546421 0.03
vn -0.159673 0.976267 0.146313
v 19.0944 15.7222 -19.7087
vt -0.546421 0
vt -0.532194 0
f 120/1693/363 119/1694/364 762/1695/364 761/1696/363 

vt -0.543143 0.03
vt -0.557594 0.03
vn -0.15377 0.978009 0.140904
v 19.6154 15.8751 -20.186
vt -0.557594 0
vt -0.543143 0
f 119/1697/364 118/1698/365 763/1699/365 762/1700/364 

vt -0.555677 0.03
vt -0.569939 0.03
vn -0.150903 0.97883 0.138277
v 20.1302 16.0218 -20.6577
vt -0.569939 0
vt -0.555677 0
f 118/1701/365 117/1702/366 764/1703/366 763/1704/365 

vt -0.569309 0.03
vt -0.582965 0.03
vn -0.15109 0.978777 0.138449
v 20.6233 16.161 -21.1096
vt -0.582965 0
vt -0.569309 0
f 117/1705/366 116/1706/367 765/1707/367 764/1708/366 

vt -0.583761 0.03
vt -0.596396 0.03
vn -0.155007 0.977649 0.142037
v 21.0792 16.2913 -21.5274
vt -0.596396 0
vt -0.583761 0
f 116/1709/367 115/1710/368 766/1711/368 765/1712/367 

vt -0.599069 0.03
vt -0.610266 0.03
vn -0.164555 0.974774 0.150786
v 21.4826 16.4114 -21.897
vt -0.610266 0
vt -0.599069 0
f 115/1713/368 114/1714/369 767/1715/369 766/1716/368 

vt -0.615904 0.03
vt -0.625251 0.03
vn -0.184911 0.968038 0.16944
v 21.818 16.5199 -22.2043
vt -0.625251 0
vt -0.615904 0
f 114/1717/369 113/1718/370 768/1719/370 767/1720/369 

vt -0.636589 0.03
vt -0.643679 0.03
vn -0.198686 0.963004 0.182062
v 22.0698 16.6154 -22.4351
vt -0.643679 0
vt -0.636589 0
f 113/1721/370 112/1722/371 769/1723/371 768/1724/370 

vt -0.561223 0.03
vn -0.71582 0.2395 0.655928
vt -0.564128 0.03
vn -0.718351 0.225126 0.658248
v 22.0954 16.7565 -22.4586
vt -0.564128 0
vt -0.561223 0
f 112/1725/372 111/1726/373 770/1727/373 769/1728/372 

vt -0.551408 0.03
vt -0.555627 0.03
vn -0.727594 0.161539 0.666717
v 22.1282 16.9629 -22.4886
vt -0.555627 0
vt -0.551408 0
f 111/1729/373 110/1730/374 771/1731/374 770/1732/373 

vt -0.509023 0.03
vt -0.515485 0.03
vn -0.737277 -0.0012503 0.67559
v 22.1549 17.2841 -22.5131
vt -0.515485 0
vt -0.509023 0
f 110/1733/374 109/1734/375 772/1735/375 771/1736/374 

vt -0.39161 0.03
vt -0.406029 0.03
vn -0.723655 -0.191343 0.663107
v 22.094 18.0007 -22.4573
vt -0.406029 0
vt -0.39161 0
f 109/1737/375 108/1738/376 773/1739/376 772/1740/375 

vt -0.308842 0.03
vt -0.325369 0.03
vn -0.706989 -0.283682 0.647836
v 21.9313 18.7974 -22.3081
vt -0.325369 0
vt -0.308842 0
f 108/1741/376 107/1742/377 774/1743/377 773/1744/376 

vt -0.302685 0.03
vt -0.314779 0.03
vn -0.718226 -0.22586 0.658133
v 21.7974 19.3744 -22.1854
vt -0.314779 0
vt -0.302685 0
f 107/1745/377 106/1746/378 775/1747/378 774/1748/377 

vt -0.412676 0.03
vt -0.419118 0.03
vn -0.728916 -0.150173 0.667929
v 21.7617 19.693 -22.1527
vt -0.419118 0
vt -0.412676 0
f 106/1749/378 105/1750/379 776/1751/379 775/1752/378 

vt -0.602713 0.03
vn -0.722231 0.200994 0.661803
vt -0.609128 0.03
vn -0.693496 0.339468 0.635472
v 21.8092 20.0074 -22.1963
vt -0.609128 0
vt -0.602713 0
f 105/1753/380 104/1754/381 777/1755/381 776/1756/380 

vt -0.70428 0.03
vt -0.712997 0.03
vn -0.660174 0.445218 0.604938
v 21.9607 20.3921 -22.3351
vt -0.712997 0
vt -0.70428 0
f 104/1757/381 103/1758/382 778/1759/382 777/1760/381 

vt -0.698344 0.03
vt -0.710088 0.03
vn -0.69849 0.320077 0.640048
v 22.1422 20.9255 -22.5014
vt -0.710088 0
vt -0.698344 0
f 103/1761/382 102/1762/383 779/1763/383 778/1764/382 

vt -0.636007 0.03
vt -0.647773 0.03
vn -0.730767 0.1326 0.669625
v 22.2365 21.5 -22.5879
vt -0.647773 0
vt -0.636007 0
f 102/1765/383 101/1766/384 780/1767/384 779/1768/383 

vt -0.566556 0.03
vt -0.574234 0.03
vn -0.736468 0.046851 0.674848
v 22.2498 21.8837 -22.6
vt -0.574234 0
vt -0.566556 0
f 101/1769/384 100/1770/385 781/1771/385 780/1772/384 

vt -0.193889 0.03
vn -0.634983 -0.508174 0.581855
vt -0.197105 0.03
v 22.1895 22.0223 -22.5448
vt -0.197105 0
vt -0.193889 0
f 100/1773/386 99/1774/386 782/1775/386 781/1776/386 

vt 0.285878 0.03
vn -0.290353 -0.919188 0.26606
vt 0.282589 0.03
v 22.078 22.0871 -22.4426
vt 0.282589 0
vt 0.285878 0
f 99/1777/387 98/1778/387 783/1779/387 782/1780/387 

vt 0.586721 0.03
vn 0.058655 -0.99683 -0.0537474
vt 0.583148 0.03
v 21.9467 22.0729 -22.3222
vt 0.583148 0
vt 0.586721 0
f 98/1781/388 97/1782/388 784/1783/388 783/1784/388 

vt 0.760291 0.03
vn 0.612786 -0.556052 -0.561515
vt 0.75561 0.03
v 21.8506 21.8782 -22.2343
vt 0.75561 0
vt 0.760291 0
f 97/1785/389 96/1786/389 785/1787/389 784/1788/389 

vt 0.615085 0.03
vn 0.730861 -0.131643 -0.669711
vt 0.607082 0.03
vn 0.731001 -0.130208 -0.669839
v 21.8118 21.4813 -22.1987
vt 0.607082 0
vt 0.615085 0
f 96/1789/390 95/1790/391 786/1791/391 785/1792/390 

vt 0.605743 0.03
vt 0.598429 0.03
vn 0.731139 -0.128772 -0.669965
v 21.7771 21.1185 -22.1668
vt 0.598429 0
vt 0.605743 0
f 95/1793/391 94/1794/392 787/1795/392 786/1796/391 

vt 0.754338 0.03
vn 0.477509 -0.761925 -0.437556
vt 0.751469 0.03
v 21.6964 21.0256 -22.0929
vt 0.751469 0
vt 0.754338 0
f 94/1797/393 93/1798/393 788/1799/393 787/1800/393 

vt -0.120483 0.03
vn -0.59882 -0.583373 0.548717
vt -0.125821 0.03
vn -0.658979 -0.448465 0.603843
v 21.5816 21.2425 -21.9877
vt -0.125821 0
vt -0.120483 0
f 93/1801/394 92/1802/395 789/1803/395 788/1804/394 

vt -0.350611 0.03
vt -0.359496 0.03
vn -0.718954 -0.221555 0.6588
v 21.4825 21.6661 -21.8969
vt -0.359496 0
vt -0.350611 0
f 92/1805/395 91/1806/396 790/1807/396 789/1808/395 

vt -0.465953 0.03
vt -0.47463 0.03
vn -0.734619 -0.0848426 0.673154
v 21.438 22.0959 -21.8561
vt -0.47463 0
vt -0.465953 0
f 91/1809/396 90/1810/397 791/1811/397 790/1812/396 

vt -0.537138 0.03
vt -0.541659 0.03
vn -0.736416 0.0483196 0.674801
v 21.4329 22.322 -21.8515
vt -0.541659 0
vt -0.537138 0
f 90/1813/397 89/1814/398 792/1815/398 791/1816/397 

vt -0.620109 0.03
vt -0.621618 0.03
vn -0.731343 0.126626 0.670152
v 21.4399 22.3969 -21.8579
vt -0.621618 0
vt -0.620109 0
f 89/1817/398 88/1818/399 793/1819/399 792/1820/398 

vt 0.0854005 0.03
vn -0.442897 -0.79946 0.40584
vt 0.0845312 0.03
vn -0.447364 -0.794871 0.409933
v 21.4143 22.423 -21.8344
vt 0.0845312 0
vt 0.0854005 0
f 88/1821/400 87/1822/401 794/1823/401 793/1824/400 

vt 0.0729119 0.03
vt 0.0701443 0.03
vn -0.493864 -0.742498 0.452543
v 21.3337 22.5079 -21.7605
vt 0.0701443 0
vt 0.0729119 0
f 87/1825/401 86/1826/402 795/1827/402 794/1828/401 

vt -0.0440579 0.03
vt -0.0472618 0.03
vn -0.613364 -0.554879 0.562044
v 21.252 22.6238 -21.6857
vt -0.0472618 0
vt -0.0440579 0
f 86/1829/402 85/1830/403 796/1831/403 795/1832/402 

vt -0.306227 0.03
vt -0.309024 0.03
vn -0.705948 -0.288412 0.646882
v 21.2106 22.7518 -21.6477
vt -0.309024 0
vt -0.306227 0
f 85/1833/403 84/1834/404 797/1835/404 796/1836/403 

vt -0.469507 0.03
vt -0.47219 0.03
vn -0.73175 -0.122216 0.670526
v 21.1937 22.8841 -21.6323
vt -0.47219 0
vt -0.469507 0
f 84/1837/404 83/1838/405 798/1839/405 797/1840/404 

vt -0.529098 0.03
vt -0.530921 0.03
vn -0.731819 -0.121456 0.670589
v 21.1887 22.975 -21.6277
vt -0.530921 0
vt -0.529098 0
f 83/1841/405 82/1842/406 799/1843/406 798/1844/405 

vt -0.474938 0.03
vt -0.475834 0.03
vn -0.731073 -0.129454 0.669905
v 21.1832 23.0192 -21.6226
vt -0.475834 0
vt -0.474938 0
f 82/1845/406 81/1846/407 800/1847/407 799/1848/406 

vt -0.522698 0.03
vt -0.52418 0.03
vn -0.735845 0.0622938 0.674278
v 21.1782 23.0931 -21.6181
vt -0.52418 0
vt -0.522698 0
f 81/1849/407 80/1850/408 801/1851/408 800/1852/407 

vt -0.670941 0.03
vt -0.672686 0.03
vn -0.686541 0.364548 0.629099
v 21.192 23.1783 -21.6307
vt -0.672686 0
vt -0.670941 0
f 80/1853/408 79/1854/409 802/1855/409 801/1856/408 

vt -0.759437 0.03
vt -0.761304 0.03
vn -0.671673 0.412367 0.615475
v 21.2268 23.2588 -21.6626
vt -0.761304 0
vt -0.759437 0
f 79/1857/409 78/1858/410 803/1859/410 802/1860/409 

vt -0.710879 0.03
vt -0.712671 0.03
vn -0.719512 0.2182 0.659311
v 21.2476 23.344 -21.6816
vt -0.712671 0
vt -0.710879 0
f 78/1861/410 77/1862/411 804/1863/411 803/1864/410 

vt -0.637246 0.03
vt -0.639015 0.03
vn -0.722769 0.197403 0.662296
v 21.2555 23.4319 -21.6889
vt -0.639015 0
vt -0.637246 0
f 77/1865/411 76/1866/412 805/1867/412 804/1868/411 

vt -0.700404 0.03
vt -0.701927 0.03
vn -0.709367 0.272541 0.650015
v 21.2708 23.5051 -21.7029
vt -0.701927 0
vt -0.700404 0
f 76/1869/412 75/1870/413 806/1871/413 805/1872/412 

vt -0.647097 0.03
vn -0.17736 0.970634 0.16252
vt -0.648947 0.03
vn -0.064916 0.996116 0.0594846
v 21.337 23.5274 -21.7636
vt -0.648947 0
vt -0.647097 0
f 75/1873/414 74/1874/415 807/1875/415 806/1876/414 

vt -0.484442 0.03
vt -0.487121 0.03
vn -0.0123428 0.99986 0.0113101
v 21.4356 23.5185 -21.8539
vt -0.487121 0
vt -0.484442 0
f 74/1877/415 73/1878/416 808/1879/416 807/1880/415 

vt -0.582522 0.03
vt -0.584812 0.03
vn -0.0736797 0.994994 0.0675151
v 21.5196 23.5299 -21.9309
vt -0.584812 0
vt -0.582522 0
f 73/1881/416 72/1882/417 809/1883/417 808/1884/416 

vt -0.590273 0.03
vn -0.737186 0.0157281 0.675507
vt -0.592424 0.03
vn -0.732783 -0.110243 0.671472
v 21.5208 23.6375 -21.9321
vt -0.592424 0
vt -0.590273 0
f 72/1885/418 71/1886/419 810/1887/419 809/1888/418 

vt -0.443781 0.03
vt -0.446523 0.03
vn -0.733475 -0.10143 0.672106
v 21.4971 23.7709 -21.9103
vt -0.446523 0
vt -0.443781 0
f 71/1889/419 70/1890/420 811/1891/420 810/1892/419 

vt -0.604192 0.03
vt -0.606019 0.03
vn -0.721755 0.204119 0.661366
v 21.4994 23.8622 -21.9124
vt -0.606019 0
vt -0.604192 0
f 70/1893/420 69/1894/421 812/1895/421 811/1896/420 

vt -0.742158 0.03
vt -0.743765 0.03
vn -0.685318 0.368759 0.627978
v 21.5212 23.937 -21.9324
vt -0.743765 0
vt -0.742158 0
f 69/1897/421 68/1898/422 813/1899/422 812/1900/421 

vt -0.787819 0.03
vn -0.490471 0.746624 0.449434
vt -0.790825 0.03
vn -0.457559 0.784123 0.419275
v 21.604 24.037 -22.0083
vt -0.790825 0
vt -0.787819 0
f 68/1901/423 67/1902/424 814/1903/424 813/1904/423 

vt -0.775159 0.03
vt -0.780124 0.03
vn -0.479332 0.759816 0.439227
v 21.754 24.1796 -22.1457
vt -0.780124 0
vt -0.775159 0
f 67/1905/424 66/1906/425 815/1907/425 814/1908/424 

vt -0.800148 0.03
vt -0.803322 0.03
vn -0.602773 0.575834 0.55234
v 21.8352 24.2939 -22.2201
vt -0.803322 0
vt -0.800148 0
f 66/1909/425 65/1910/426 816/1911/426 815/1912/425 

vt -0.774154 0.03
vt -0.776011 0.03
vn -0.661824 0.440691 0.60645
v 21.8657 24.3772 -22.248
vt -0.776011 0
vt -0.774154 0
f 65/1913/426 64/1914/427 817/1915/427 816/1916/426 

vt -0.774075 0.03
vt -0.775386 0.03
vn -0.66325 0.436729 0.607756
v 21.8868 24.4362 -22.2674
vt -0.775386 0
vt -0.774075 0
f 64/1917/427 63/1918/428 818/1919/428 817/1920/427 

vt -0.750473 0.03
vn -0.329187 0.894788 0.301644
vt -0.751764 0.03
v 21.9294 24.465 -22.3064
vt -0.751764 0
vt -0.750473 0
f 63/1921/429 62/1922/429 819/1923/429 818/1924/429 

vt -0.356345 0.03
vn 0.200828 0.962186 -0.184025
vt -0.357905 0.03
v 21.9848 24.4438 -22.3572
vt -0.357905 0
vt -0.356345 0
f 62/1925/430 61/1926/430 820/1927/430 819/1928/430 

vt 0.0162665 0.03
vn 0.504951 0.72865 -0.462702
vt 0.0140971 0.03
vn 0.432772 0.809597 -0.396562
v 22.0431 24.3695 -22.4106
vt 0.0140971 0
vt 0.0162665 0
f 61/1929/431 60/1930/432 821/1931/432 820/1932/431 

vt -0.189707 0.03
vt -0.191635 0.03
vn 0.353609 0.877479 -0.324023
v 22.1055 24.3232 -22.4677
vt -0.191635 0
vt -0.189707 0
f 60/1933/432 59/1934/433 822/1935/433 821/1936/432 

vt -0.488316 0.03
vn 0.0673169 0.995823 -0.0616846
vt -0.48989 0.03
vt -0.48989 0
vt -0.488316 0
f 59/1937/434 1/1938/434 4/1939/434 822/1940/434 

vt -0.756689 0.119503
vt -0.752741 0.114828
vt -0.798027 0.114776
vt -0.866058 0.114671
vt -0.941996 0.114553
vt -1.011 0.114464
vt -1.05824 0.114447
vt -1.06347 0.108343
vt -1.05698 0.0852239
vt -1.04811 0.0536555
vt -1.03952 0.0230811
vt -1.03386 0.00294374
vt -1.01797 0
vt -0.987762 0.000582774
vt -0.959557 0.00119001
vt -0.933459 0.0018257
vt -0.909569 0.00249381
vt -0.852274 0.00444032
vt -0.644228 0.0126996
vt -0.427507 0.0230663
vt -0.230175 0.0347235
vt -0.0802986 0.046854
vt -0.00594166 0.0586408
vt -0.000875803 0.0690034
vt -0.00514579 0.0738542
vt -0.010216 0.0776336
vt -0.0134925 0.0796123
vt -0.0146096 0.0799276
vt -0.0182849 0.0806936
vt -0.0234271 0.0817654
vt -0.0284878 0.0828201
vt -0.0319186 0.0835351
vt -0.0325951 0.0838891
vt -0.0329823 0.0858581
vt -0.033609 0.0890444
vt -0.0342774 0.0924424
vt -0.0347896 0.0950465
vt -0.0349604 0.0959022
vt -0.0352642 0.0967888
vt -0.0359856 0.0988966
vt -0.0370667 0.102061
vt -0.03845 0.106116
vt -0.0400777 0.110898
vt -0.0402608 0.111437
vt -0.0418101 0.115967
vt -0.0436707 0.121358
vt -0.0456196 0.126961
vt -0.0476068 0.132635
vt -0.0495825 0.138243
vt -0.0502238 0.140272
vt -0.0513331 0.14317
vt -0.052912 0.147555
vt -0.0543917 0.1516
vt -0.0557437 0.155217
vt -0.0569397 0.15832
vt -0.0589649 0.16277
vt -0.0638017 0.168324
vt -0.0698556 0.171722
vt -0.0765632 0.173998
vt -0.0833609 0.176187
vt -0.0896823 0.179305
vt -0.094456 0.182435
vt -0.0974663 0.185081
vt -0.0991661 0.187935
vt -0.100008 0.19169
vt -0.100446 0.19704
vt -0.101219 0.20282
vt -0.102884 0.206559
vt -0.105186 0.209154
vt -0.107856 0.211566
vt -0.110628 0.214759
vt -0.113581 0.218833
vt -0.117652 0.220919
vt -0.122189 0.221585
vt -0.12637 0.221875
vt -0.129374 0.222828
vt -0.130627 0.225318
vt -0.133063 0.227631
vt -0.137649 0.228951
vt -0.144242 0.229163
vt -0.152695 0.22815
vt -0.162854 0.225796
vt -0.170355 0.222211
vt -0.172941 0.217949
vt -0.172366 0.213541
vt -0.17038 0.209516
vt -0.168734 0.206404
vt -0.167498 0.203887
vt -0.164475 0.200756
vt -0.160627 0.197543
vt -0.157028 0.194837
vt -0.154752 0.193229
vt -0.154562 0.192137
vt -0.155297 0.186609
vt -0.156414 0.178217
vt -0.157567 0.169551
vt -0.158411 0.163205
vt -0.158781 0.161507
vt -0.16247 0.161027
vt -0.172419 0.159781
vt -0.190351 0.157601
vt -0.217989 0.15432
vt -0.257405 0.149751
vt -0.259458 0.150879
vt -0.261257 0.151564
vt -0.262617 0.151916
vt -0.263512 0.152105
vt -0.26589 0.152921
vt -0.269059 0.15408
vt -0.271306 0.154917
vt -0.271774 0.155282
vt -0.272878 0.156686
vt -0.274505 0.158737
vt -0.27617 0.160802
vt -0.278316 0.162979
vt -0.281339 0.165663
vt -0.283891 0.168093
vt -0.284672 0.169558
vt -0.285406 0.171596
vt -0.288003 0.174547
vt -0.293307 0.177556
vt -0.301543 0.18003
vt -0.308931 0.182907
vt -0.313986 0.185875
vt -0.315865 0.18833
vt -0.314705 0.1898
vt -0.312499 0.190278
vt -0.309711 0.189739
vt -0.306742 0.188161
vt -0.304403 0.187081
vt -0.302859 0.18748
vt -0.30174 0.189088
vt -0.300783 0.191666
vt -0.30068 0.19502
vt -0.301153 0.198189
vt -0.301604 0.200065
vt -0.301372 0.200407
vt -0.300231 0.201321
vt -0.298791 0.202782
vt -0.297702 0.204563
vt -0.298114 0.206225
vt -0.299946 0.207418
vt -0.301801 0.208102
vt -0.302376 0.20828
vt -0.302606 0.208705
vt -0.303232 0.209444
vt -0.304364 0.210198
vt -0.305988 0.210637
vt -0.307511 0.210572
vt -0.308719 0.210322
vt -0.309469 0.210247
vt -0.310183 0.210532
vt -0.311478 0.21096
vt -0.312842 0.2114
vt -0.313754 0.211728
vt -0.314526 0.212139
vt -0.315506 0.212733
vt -0.316691 0.213434
vt -0.318128 0.21408
vt -0.32011 0.21413
vt -0.322436 0.213946
vt -0.324805 0.214064
vt -0.327261 0.215238
vt -0.330191 0.217601
vt -0.332997 0.219854
vt -0.335033 0.220655
vt -0.336891 0.219548
vt -0.338958 0.217396
vt -0.340534 0.214932
vt -0.341099 0.212824
vt -0.342298 0.210785
vt -0.344197 0.208607
vt -0.346145 0.206278
vt -0.347509 0.203769
vt -0.348114 0.201268
vt -0.348248 0.199311
vt -0.348218 0.198453
vt -0.347216 0.194608
vt -0.347907 0.190682
vt -0.349093 0.187363
vt -0.349416 0.184965
vt -0.348567 0.182009
vt -0.347153 0.178336
vt -0.345708 0.174704
vt -0.344898 0.171798
vt -0.345524 0.169454
vt -0.347014 0.167064
vt -0.34863 0.164027
vt -0.349964 0.160837
vt -0.351194 0.159105
vt -0.352409 0.158305
vt -0.355258 0.158566
vt -0.360496 0.158699
vt -0.365046 0.157949
vt -0.365852 0.155502
vt -0.362001 0.150932
vt -0.355974 0.145808
vt -0.350539 0.141974
vt -0.348981 0.141119
vt -0.348187 0.14071
vt -0.347261 0.140228
vt -0.346225 0.139685
vt -0.360062 0.138187
vt -0.373444 0.136923
vt -0.38633 0.135858
vt -0.398677 0.13496
vt -0.410444 0.134195
vt -0.421591 0.13353
vt -0.432074 0.132932
vt -0.441852 0.132367
vt -0.448639 0.131952
vt -0.449847 0.13206
vt -0.451343 0.132054
vt -0.452865 0.132145
vt -0.457937 0.132792
vt -0.463625 0.133418
vt -0.4665 0.133715
vt -0.468662 0.137778
vt -0.473096 0.146145
vt -0.475798 0.151244
vt -0.476678 0.153487
vt -0.478889 0.158901
vt -0.481339 0.164251
vt -0.484767 0.167641
vt -0.491028 0.170277
vt -0.499289 0.172886
vt -0.507194 0.175874
vt -0.512199 0.178816
vt -0.51481 0.181339
vt -0.515421 0.183146
vt -0.514177 0.184216
vt -0.511412 0.184566
vt -0.50685 0.183646
vt -0.500995 0.181399
vt -0.496734 0.179778
vt -0.495528 0.180104
vt -0.495253 0.181524
vt -0.49539 0.183446
vt -0.496443 0.185616
vt -0.499209 0.187936
vt -0.500963 0.189457
vt -0.499053 0.189596
vt -0.49657 0.189934
vt -0.494373 0.190598
vt -0.492838 0.191612
vt -0.492119 0.192653
vt -0.492798 0.193655
vt -0.495723 0.195018
vt -0.49965 0.196181
vt -0.503497 0.196763
vt -0.507045 0.197249
vt -0.509434 0.197752
vt -0.50964 0.198667
vt -0.510414 0.200086
vt -0.512348 0.201479
vt -0.515661 0.20194
vt -0.518285 0.201906
vt -0.518829 0.202028
vt -0.519906 0.202777
vt -0.521508 0.203617
vt -0.523284 0.203965
vt -0.525396 0.20385
vt -0.527053 0.203689
vt -0.527759 0.203878
vt -0.529263 0.204398
vt -0.531293 0.204934
vt -0.533281 0.20526
vt -0.535527 0.205809
vt -0.537915 0.2067
vt -0.540149 0.207745
vt -0.541798 0.207631
vt -0.54292 0.206568
vt -0.543684 0.205213
vt -0.544338 0.20468
vt -0.545024 0.20476
vt -0.546606 0.204942
vt -0.549063 0.205087
vt -0.551214 0.204874
vt -0.551 0.203783
vt -0.549504 0.20234
vt -0.54844 0.201166
vt -0.547866 0.199339
vt -0.547601 0.197235
vt -0.547578 0.195575
vt -0.54622 0.192656
vt -0.544432 0.18967
vt -0.543965 0.188672
vt -0.545507 0.186737
vt -0.54752 0.183513
vt -0.54822 0.180359
vt -0.547154 0.177043
vt -0.545665 0.174305
vt -0.545194 0.173447
vt -0.546533 0.172628
vt -0.548338 0.171135
vt -0.548891 0.16953
vt -0.547563 0.167982
vt -0.545757 0.166789
vt -0.54501 0.166408
vt -0.543409 0.166358
vt -0.540706 0.166237
vt -0.538584 0.166051
vt -0.537781 0.165695
vt -0.537833 0.165101
vt -0.540653 0.161082
vt -0.545708 0.153948
vt -0.549768 0.148381
vt -0.550756 0.145755
vt -0.548501 0.14452
vt -0.54288 0.144037
vt -0.537437 0.142722
vt -0.536605 0.139326
vt -0.542375 0.133546
vt -0.546291 0.130482
vt -0.549265 0.127746
vt -0.55125 0.125338
vt -0.551773 0.124581
vt -0.565872 0.123293
vt -0.579996 0.122439
vt -0.594325 0.121497
vt -0.608454 0.120524
vt -0.621978 0.11958
vt -0.634496 0.118722
vt -0.645602 0.118008
vt -0.654893 0.117496
vt -0.661965 0.117244
vt -0.663571 0.118456
vt -0.665798 0.120248
vt -0.668644 0.123151
vt -0.671919 0.130175
vt -0.673132 0.13842
vt -0.673602 0.144465
vt -0.674839 0.147628
vt -0.678171 0.15037
vt -0.684629 0.1533
vt -0.692857 0.157492
vt -0.699136 0.162469
vt -0.70206 0.166021
vt -0.701455 0.167601
vt -0.699045 0.168721
vt -0.695597 0.169188
vt -0.691835 0.167794
vt -0.688168 0.164235
vt -0.684837 0.160978
vt -0.682152 0.160472
vt -0.680682 0.163039
vt -0.681007 0.16748
vt -0.682767 0.171731
vt -0.684162 0.173882
vt -0.684846 0.174555
vt -0.684368 0.174918
vt -0.682881 0.176086
vt -0.681578 0.17755
vt -0.681382 0.178945
vt -0.681843 0.180268
vt -0.682329 0.181147
vt -0.682485 0.181588
vt -0.682857 0.182306
vt -0.683781 0.183046
vt -0.685214 0.183644
vt -0.686317 0.184351
vt -0.687111 0.185142
vt -0.687995 0.185762
vt -0.689836 0.185669
vt -0.692292 0.185134
vt -0.694514 0.184858
vt -0.695271 0.185865
vt -0.695565 0.187229
vt -0.696238 0.188079
vt -0.697299 0.188683
vt -0.700086 0.189246
vt -0.704875 0.189902
vt -0.707719 0.190608
vt -0.709057 0.191252
vt -0.709994 0.191711
vt -0.711277 0.191788
vt -0.712546 0.191335
vt -0.713534 0.190368
vt -0.714814 0.189648
vt -0.716242 0.189316
vt -0.717719 0.189434
v 22.274 24.4411 -22.6222
vt -0.719911 0.189987
v 22.3475 24.5181 -22.6896
vt -0.722307 0.190376
v 22.4194 24.5127 -22.7554
vt -0.724105 0.189997
v 22.4592 24.4305 -22.7919
vt -0.724568 0.18904
v 22.4765 24.3342 -22.8077
vt -0.72436 0.188055
v 22.491 24.2769 -22.8211
vt -0.724345 0.187449
v 22.5341 24.2235 -22.8606
vt -0.725085 0.186749
v 22.5948 24.1733 -22.9161
vt -0.726295 0.186
v 22.6615 24.1433 -22.9772
vt -0.727795 0.185412
v 22.7633 24.1518 -23.0706
vt -0.730453 0.185026
v 22.8618 24.1517 -23.1608
vt -0.732965 0.184575
v 22.9073 24.0902 -23.2025
vt -0.733712 0.183788
v 22.9167 23.9864 -23.2112
vt -0.733254 0.182767
v 22.9178 23.8662 -23.2122
vt -0.732472 0.181631
v 22.9309 23.7519 -23.2241
vt -0.732036 0.180495
v 22.9676 23.6974 -23.2578
vt -0.732606 0.179814
v 23.0246 23.6767 -23.31
vt -0.73392 0.179359
v 23.0941 23.6438 -23.3737
vt -0.735473 0.178731
v 23.142 23.5716 -23.4176
vt -0.736209 0.177832
v 23.1725 23.4842 -23.4455
vt -0.736399 0.17687
v 23.1986 23.4083 -23.4694
vt -0.736554 0.176036
v 23.1873 23.3132 -23.4591
vt -0.735625 0.175192
v 23.1695 23.2097 -23.4427
vt -0.734472 0.1743
v 23.1984 23.1289 -23.4692
vt -0.734665 0.173406
v 23.2813 23.0705 -23.5452
vt -0.736388 0.172478
v 23.364 23.0056 -23.621
vt -0.738061 0.171489
v 23.3916 22.9056 -23.6462
vt -0.738092 0.170422
v 23.3855 22.7642 -23.6407
vt -0.736985 0.169118
v 23.3754 22.6411 -23.6314
vt -0.735896 0.168005
v 23.3743 22.6017 -23.6304
vt -0.735603 0.167639
v 23.4351 22.5666 -23.6861
vt -0.736918 0.167031
v 23.5245 22.5054 -23.7681
vt -0.738788 0.166046
v 23.5731 22.4419 -23.8126
vt -0.7396 0.165225
v 23.5315 22.2831 -23.7745
vt -0.73747 0.163921
v 23.4559 22.0937 -23.7052
vt -0.734262 0.162483
v 23.4258 22.0221 -23.6776
vt -0.733012 0.161947
v 23.4782 22.0173 -23.7256
vt -0.734317 0.161662
v 23.5777 21.9961 -23.8168
vt -0.736714 0.161007
v 23.6821 21.9459 -23.9125
vt -0.739041 0.160057
v 23.6978 21.8044 -23.9268
vt -0.738488 0.158654
v 23.6562 21.5423 -23.8888
vt -0.735661 0.156376
v 23.6577 21.1624 -23.8901
vt -0.733139 0.152792
v 23.9116 20.5346 -24.1228
vt -0.735389 0.145721
v 24.3107 19.9063 -24.4885
vt -0.741343 0.137982
v 24.5746 19.7332 -24.7303
vt -0.746913 0.135145
v 24.7427 20.0357 -24.8844
vt -0.753243 0.137224
v 24.9362 20.4101 -25.0616
vt -0.760704 0.139865
v 25.1083 20.5576 -25.2193
vt -0.766091 0.140466
v 25.2159 20.3368 -25.318
vt -0.767351 0.137896
v 25.2683 19.897 -25.3659
vt -0.765724 0.133515
v 25.294 19.4003 -25.3895
vt -0.763034 0.128722
v 25.3049 18.9635 -25.3995
vt -0.760368 0.12456
f 440/1941/362 439/1942/362 441/1943/362 442/1944/362 443/1945/362 444/1946/362 445/1947/362 446/1948/362 447/1949/362 448/1950/362 449/1951/362 450/1952/362 451/1953/362 452/1954/362 453/1955/362 454/1956/362 455/1957/362 456/1958/362 457/1959/362 458/1960/362 459/1961/362 460/1962/362 461/1963/362 462/419/362 463/1964/362 464/1965/362 465/1966/362 466/1967/362 467/1968/362 468/1969/362 469/1970/362 470/1971/362 471/1972/362 472/1973/362 473/1974/362 474/1975/362 475/1976/362 476/1977/362 477/1978/362 478/1979/362 479/1980/362 480/1981/362 481/1982/362 482/1983/362 483/1984/362 484/1985/362 485/1986/362 486/1987/362 487/1988/362 488/1989/362 489/1990/362 490/1991/362 491/1992/362 492/1993/362 493/1994/362 494/1995/362 495/1996/362 496/1997/362 497/1998/362 498/1999/362 499/2000/362 500/2001/362 501/2002/362 502/2003/362 503/2004/362 504/2005/362 505/2006/362 506/2007/362 507/2008/362 508/2009/362 509/2010/362 510/2011/362 511/2012/362 512/2013/362 513/2014/362 514/2015/362 515/2016/362 516/2017/362 517/2018/362 518/2019/362 519/2020/362 520/2021/362 521/2022/362 522/2023/362 523/2024/362 524/2025/362 525/2026/362 526/2027/362 527/2028/362 528/2029/362 529/2030/362 530/2031/362 531/2032/362 532/2033/362 533/2034/362 534/2035/362 535/2036/362 536/2037/362 537/2038/362 538/2039/362 539/2040/362 540/2041/362 541/2042/362 542/2043/362 543/2044/362 544/2045/362 545/2046/362 546/2047/362 547/2048/362 548/2049/362 549/2050/362 550/2051/362 551/2052/362 552/2053/362 553/2054/362 554/2055/362 555/2056/362 556/2057/362 557/2058/362 558/2059/362 559/2060/362 560/2061/362 561/2062/362 562/2063/362 563/2064/362 564/2065/362 565/2066/362 566/2067/362 567/2068/362 568/2069/362 569/2070/362 570/2071/362 571/2072/362 572/2073/362 573/2074/362 574/2075/362 575/2076/362 576/2077/362 577/2078/362 578/2079/362 579/2080/362 580/2081/362 581/2082/362 582/2083/362 583/2084/362 584/2085/362 585/2086/362 586/2087/362 587/2088/362 588/2089/362 589/2090/362 590/2091/362 591/2092/362 592/2093/362 593/2094/362 594/2095/362 595/2096/362 596/2097/362 597/2098/362 598/2099/362 599/2100/362 600/2101/362 601/2102/362 602/2103/362 603/2104/362 604/2105/362 605/2106/362 606/2107/362 607/2108/362 608/2109/362 609/2110/362 610/2111/362 611/2112/362 612/2113/362 613/2114/362 614/2115/362 615/2116/362 616/2117/362 617/2118/362 618/2119/362 619/2120/362 620/2121/362 621/2122/362 622/2123/362 623/2124/362 624/2125/362 625/2126/362 626/2127/362 627/2128/362 628/2129/362 629/2130/362 630/2131/362 631/2132/362 632/2133/362 633/2134/362 634/2135/362 635/2136/362 636/2137/362 637/2138/362 638/2139/362 639/2140/362 640/2141/362 641/2142/362 642/2143/362 643/2144/362 644/2145/362 645/2146/362 646/2147/362 647/2148/362 648/2149/362 649/2150/362 650/2151/362 651/2152/362 652/2153/362 653/2154/362 654/2155/362 655/2156/362 656/2157/362 657/2158/362 658/2159/362 659/2160/362 660/2161/362 661/2162/362 662/2163/362 663/2164/362 664/2165/362 665/2166/362 666/2167/362 667/2168/362 668/2169/362 669/2170/362 670/2171/362 671/2172/362 672/2173/362 673/2174/362 674/2175/362 675/2176/362 676/2177/362 677/2178/362 678/2179/362 679/2180/362 680/2181/362 681/2182/362 682/2183/362 683/2184/362 684/2185/362 685/2186/362 686/2187/362 687/2188/362 688/2189/362 689/2190/362 690/2191/362 691/2192/362 692/2193/362 693/2194/362 694/2195/362 695/2196/362 696/2197/362 697/2198/362 698/2199/362 699/2200/362 700/2201/362 701/2202/362 702/2203/362 703/2204/362 704/2205/362 705/2206/362 706/2207/362 707/2208/362 708/2209/362 709/2210/362 710/2211/362 711/2212/362 712/2213/362 713/2214/362 714/2215/362 715/2216/362 716/2217/362 717/2218/362 718/2219/362 719/2220/362 720/2221/362 721/2222/362 722/2223/362 723/2224/362 724/2225/362 725/2226/362 726/2227/362 727/2228/362 728/2229/362 729/2230/362 730/2231/362 731/2232/362 732/2233/362 733/2234/362 734/2235/362 735/2236/362 736/2237/362 737/2238/362 738/2239/362 739/2240/362 740/2241/362 741/2242/362 742/2243/362 743/2244/362 744/2245/362 745/2246/362 746/2247/362 747/2248/362 748/2249/362 749/2250/362 750/2251/362 751/2252/362 752/2253/362 753/2254/362 754/2255/362 755/2256/362 756/2257/362 757/1685/362 758/1688/362 761/2258/362 762/2259/362 763/2260/362 764/2261/362 765/2262/362 766/2263/362 767/2264/362 768/2265/362 769/2266/362 770/2267/362 771/2268/362 772/2269/362 773/2270/362 774/2271/362 775/2272/362 776/2273/362 777/2274/362 778/2275/362 779/2276/362 780/2277/362 781/2278/362 782/2279/362 783/2280/362 784/2281/362 785/2282/362 786/2283/362 787/2284/362 788/2285/362 789/2286/362 790/2287/362 791/2288/362 792/2289/362 793/2290/362 794/2291/362 795/2292/362 796/2293/362 797/2294/362 798/2295/362 799/2296/362 800/2297/362 801/2298/362 802/2299/362 803/2300/362 804/2301/362 805/2302/362 806/2303/362 807/2304/362 808/2305/362 809/2306/362 810/2307/362 811/2308/362 812/2309/362 813/2310/362 814/2311/362 815/2312/362 816/2313/362 817/2314/362 818/2315/362 819/2316/362 820/2317/362 821/2318/362 822/2319/362 4/2320/362 3/2321/362 823/2322/362 824/2323/362 825/2324/362 826/2325/362 827/2326/362 828/2327/362 829/2328/362 830/2329/362 831/2330/362 832/2331/362 833/2332/362 834/2333/362 835/2334/362 836/2335/362 837/2336/362 838/2337/362 839/2338/362 840/2339/362 841/2340/362 842/2341/362 843/2342/362 844/2343/362 845/2344/362 846/2345/362 847/2346/362 848/2347/362 849/2348/362 850/2349/362 851/2350/362 852/2351/362 853/2352/362 854/2353/362 855/2354/362 856/2355/362 857/2356/362 858/2357/362 859/2358/362 860/2359/362 861/2360/362 862/2361/362 863/2362/362 864/2363/362 865/2364/362 866/2365/362 867/2366/362 868/2367/362 869/2368/362 870/2369/362 871/2370/362 872/2371/362 873/2372/362 874/2373/362 

vt -0.81136 0.03
vt -0.813816 0.03
vn -0.494067 0.742249 0.452729
vt -0.813816 0
vt -0.81136 0
f 2/2374/2 58/2375/435 823/2376/435 3/2377/2 

vt -0.801949 0.03
vt -0.804468 0.03
vn -0.450499 0.791607 0.412806
vt -0.804468 0
vt -0.801949 0
f 58/2378/435 57/2379/436 824/2380/436 823/2381/435 

vt -0.517787 0.03
vn 0.0405798 0.998484 -0.0371845
vt -0.519738 0.03
vt -0.519738 0
vt -0.517787 0
f 57/2382/437 56/2383/437 825/2384/437 824/2385/437 

vt 0.198875 0.03
vn 0.616216 0.549036 -0.564658
vt 0.196907 0.03
vn 0.676202 0.398516 -0.619625
vt 0.196907 0
vt 0.198875 0
f 56/2386/438 55/2387/439 826/2388/439 825/2389/438 

vt 0.451916 0.03
vt 0.449935 0.03
vn 0.707516 0.281255 -0.648319
vt 0.449935 0
vt 0.451916 0
f 55/2390/439 54/2391/440 827/2392/440 826/2393/439 

vt 0.38474 0.03
vt 0.383529 0.03
vn 0.697108 0.325572 -0.638782
vt 0.383529 0
vt 0.38474 0
f 54/2394/440 53/2395/441 828/2396/441 827/2397/440 

vt -0.00787891 0.03
vn 0.497086 0.738532 -0.455495
vt -0.00946157 0.03
vn 0.442608 0.799754 -0.405575
vt -0.00946157 0
vt -0.00787891 0
f 53/2398/442 52/2399/443 829/2400/443 828/2401/442 

vt -0.164894 0.03
vt -0.16682 0.03
vn 0.310343 0.907093 -0.284377
vt -0.16682 0
vt -0.164894 0
f 52/2402/443 51/2403/444 830/2404/444 829/2405/443 

vt -0.342209 0.03
vt -0.344115 0.03
vn 0.232642 0.948912 -0.213177
vt -0.344115 0
vt -0.342209 0
f 51/2406/444 50/2407/445 831/2408/445 830/2409/444 

vt -0.595866 0.03
vn -0.045502 0.998094 0.0416949
vt -0.598634 0.03
vn -0.0223317 0.999541 0.0204632
vt -0.598634 0
vt -0.595866 0
f 50/2410/446 49/2411/447 832/2412/447 831/2413/446 

vt -0.562325 0.03
vt -0.564994 0.03
vn 0.000860723 0.999999 -0.000788707
vt -0.564994 0
vt -0.562325 0
f 49/2414/447 48/2415/448 833/2416/448 832/2417/447 

vt 0.0186536 0.03
vn 0.520263 0.708556 -0.476734
vt 0.0169126 0.03
vt 0.0169126 0
vt 0.0186536 0
f 48/2418/449 47/2419/449 834/2420/449 833/2421/449 

vt 0.519233 0.03
vn 0.731714 0.122612 -0.670493
vt 0.517141 0.03
vn 0.735588 0.0676613 -0.674042
vt 0.517141 0
vt 0.519233 0
f 47/2422/450 46/2423/451 835/2424/451 834/2425/450 

vt 0.584006 0.03
vt 0.581603 0.03
vn 0.734724 0.0831547 -0.67325
vt 0.581603 0
vt 0.584006 0
f 46/2426/451 45/2427/452 836/2428/452 835/2429/451 

vt 0.494771 0.03
vt 0.49246 0.03
vn 0.728552 0.153389 -0.667595
vt 0.49246 0
vt 0.494771 0
f 45/2430/452 44/2431/453 837/2432/453 836/2433/452 

vt 0.050204 0.03
vn 0.544349 0.674447 -0.498804
vt 0.0487281 0.03
vt 0.0487281 0
vt 0.050204 0
f 44/2434/454 43/2435/454 838/2436/454 837/2437/454 

vt -0.397658 0.03
vn 0.190844 0.965918 -0.174876
vt -0.399257 0.03
vn 0.217232 0.955608 -0.199057
vt -0.399257 0
vt -0.397658 0
f 43/2438/455 42/2439/456 839/2440/456 838/2441/455 

vt -0.345112 0.03
vt -0.347109 0.03
vn 0.243319 0.943973 -0.222961
vt -0.347109 0
vt -0.345112 0
f 42/2442/456 41/2443/457 840/2444/457 839/2445/456 

vt 0.0517411 0.03
vn 0.54806 0.668895 -0.502205
vt 0.0498001 0.03
vn 0.613656 0.554285 -0.562312
vt 0.0498001 0
vt 0.0517411 0
f 41/2446/458 40/2447/459 841/2448/459 840/2449/458 

vt 0.281398 0.03
vt 0.279465 0.03
vn 0.667229 0.425431 -0.611403
vt 0.279465 0
vt 0.281398 0
f 40/2450/459 39/2451/460 842/2452/460 841/2453/459 

vt 0.283831 0.03
vt 0.282157 0.03
vn 0.66812 0.422853 -0.612219
vt 0.282157 0
vt 0.283831 0
f 39/2454/460 38/2455/461 843/2456/461 842/2457/460 

vt 0.663516 0.03
vn 0.727922 -0.1588 -0.667017
vt 0.66159 0.03
vn 0.723343 -0.193502 -0.662821
vt 0.66159 0
vt 0.663516 0
f 38/2458/462 37/2459/463 844/2460/463 843/2461/462 

vt 0.693445 0.03
vt 0.691321 0.03
vn 0.717865 -0.227963 -0.657802
vt 0.691321 0
vt 0.693445 0
f 37/2462/463 36/2463/464 845/2464/464 844/2465/463 

vt 0.26715 0.03
vn 0.663259 0.436702 -0.607765
vt 0.265354 0.03
vt 0.265354 0
vt 0.26715 0
f 36/2466/465 35/2467/465 846/2468/465 845/2469/465 

vt -0.245638 0.03
vn 0.339748 0.887497 -0.311321
vt -0.248171 0.03
vn 0.354603 0.876741 -0.324934
vt -0.248171 0
vt -0.245638 0
f 35/2470/466 34/2471/467 847/2472/467 846/2473/466 

vt -0.212551 0.03
vt -0.215142 0.03
vn 0.369274 0.865527 -0.338378
vt -0.215142 0
vt -0.212551 0
f 34/2474/467 33/2475/468 848/2476/468 847/2477/467 

vt 0.33225 0.03
vn 0.690512 0.350481 -0.632737
vt 0.330117 0.03
vt 0.330117 0
vt 0.33225 0
f 33/2478/469 32/2479/469 849/2480/469 848/2481/469 

vt 0.60212 0.03
vn 0.736044 -0.0578083 -0.67446
vt 0.599288 0.03
vn 0.734649 -0.0843703 -0.673181
vt 0.599288 0
vt 0.60212 0
f 32/2482/470 31/2483/471 850/2484/471 849/2485/470 

vt 0.627513 0.03
vt 0.625036 0.03
vn 0.735245 -0.074197 -0.673728
vt 0.625036 0
vt 0.627513 0
f 31/2486/471 30/2487/472 851/2488/472 850/2489/471 

vt 0.585546 0.03
vt 0.584758 0.03
vn 0.736761 -0.0374207 -0.675117
vt 0.584758 0
vt 0.585546 0
f 30/2490/472 29/2491/473 852/2492/473 851/2493/472 

vt -0.312665 0.03
vn 0.288699 0.920146 -0.264544
vt -0.314455 0.03
vn 0.310472 0.907011 -0.284495
vt -0.314455 0
vt -0.312665 0
f 29/2494/474 28/2495/475 853/2496/475 852/2497/474 

vt -0.265643 0.03
vt -0.268359 0.03
vn 0.426672 0.815531 -0.390973
vt -0.268359 0
vt -0.265643 0
f 28/2498/475 27/2499/476 854/2500/476 853/2501/475 

vt -0.0302817 0.03
vt -0.0321127 0.03
vn 0.51182 0.71978 -0.468996
vt -0.0321127 0
vt -0.0302817 0
f 27/2502/476 26/2503/477 855/2504/477 854/2505/476 

vt 0.723749 0.03
vn 0.694753 -0.334705 -0.636624
vt 0.720381 0.03
vn 0.673531 -0.406752 -0.617178
vt 0.720381 0
vt 0.723749 0
f 26/2506/478 25/2507/479 856/2508/479 855/2509/478 

vt 0.767946 0.03
vt 0.76364 0.03
vn 0.644396 -0.485887 -0.59048
vt 0.76364 0
vt 0.767946 0
f 25/2510/479 24/2511/480 857/2512/480 856/2513/479 

vt 0.768853 0.03
vt 0.767206 0.03
vn 0.640462 -0.495365 -0.586875
vt 0.767206 0
vt 0.768853 0
f 24/2514/480 23/2515/481 858/2516/481 857/2517/480 

vt -0.54216 0.03
vn 0.0500701 0.997691 -0.0458808
vt -0.543584 0.03
vn 0.0823252 0.993746 -0.0754371
vt -0.543584 0
vt -0.54216 0
f 23/2518/482 22/2519/483 859/2520/483 858/2521/482 

vt -0.489711 0.03
vt -0.492442 0.03
vn 0.181172 0.969338 -0.166014
vt -0.492442 0
vt -0.489711 0
f 22/2522/483 21/2523/484 860/2524/484 859/2525/483 

vt -0.367216 0.03
vt -0.37022 0.03
vn 0.246376 0.942513 -0.225762
vt -0.37022 0
vt -0.367216 0
f 21/2526/484 20/2527/485 861/2528/485 860/2529/484 

vt 0.456901 0.03
vn 0.729095 0.148566 -0.668093
vt 0.454041 0.03
vt 0.454041 0
vt 0.456901 0
f 20/2530/486 19/2531/486 862/2532/486 861/2533/486 

vt 0.659006 0.03
vn 0.720792 -0.210285 -0.660484
vt 0.653647 0.03
vn 0.73335 -0.103074 -0.671992
vt 0.653647 0
vt 0.659006 0
f 19/2534/487 18/2535/488 863/2536/488 862/2537/487 

vt 0.539137 0.03
vt 0.531542 0.03
vn 0.737267 0.00535186 -0.675581
vt 0.531542 0
vt 0.539137 0
f 18/2538/488 17/2539/489 864/2540/489 863/2541/488 

vt 0.186382 0.03
vn 0.646424 0.480906 -0.592339
vt 0.17207 0.03
vn 0.605807 0.569947 -0.55512
vt 0.17207 0
vt 0.186382 0
f 17/2542/490 16/2543/491 865/2544/491 864/2545/490 

vt 0.00774019 0.03
vt -0.00883746 0.03
vn 0.558548 0.65274 -0.511815
vt -0.00883746 0
vt 0.00774019 0
f 16/2546/491 15/2547/492 866/2548/492 865/2549/491 

vt -0.322696 0.03
vn 0.321057 0.900207 -0.294194
vt -0.330645 0.03
vt -0.330645 0
vt -0.322696 0
f 15/2550/493 14/2551/493 867/2552/493 866/2553/493 

vt -0.772634 0.03
vn -0.588724 0.60198 0.539466
vt -0.780207 0.03
vn -0.596349 0.588011 0.546453
vt -0.780207 0
vt -0.772634 0
f 14/2554/494 13/2555/495 868/2556/495 867/2557/494 

vt -0.773336 0.03
vt -0.782476 0.03
vn -0.603794 0.573863 0.553275
vt -0.782476 0
vt -0.773336 0
f 13/2558/495 12/2559/496 869/2560/496 868/2561/495 

vt -0.803347 0.03
vn -0.393806 0.845399 0.360857
vt -0.808866 0.03
vt -0.808866 0
vt -0.803347 0
f 12/2562/497 11/2563/497 870/2564/497 869/2565/497 

vt 0.0902712 0.03
vn 0.614967 0.551605 -0.563514
vt 0.0849804 0.03
vt 0.0849804 0
vt 0.0902712 0
f 11/2566/498 10/2567/498 871/2568/498 870/2569/498 

vt 0.4112 0.03
vn 0.727847 0.159427 -0.666949
vt 0.402294 0.03
vn 0.732394 0.114904 -0.671116
vt 0.402294 0
vt 0.4112 0
f 10/2570/499 9/2571/500 872/2572/500 871/2573/499 

vt 0.463884 0.03
vt 0.453931 0.03
vn 0.736283 0.0519175 -0.674679
vt 0.453931 0
vt 0.463884 0
f 9/2574/500 8/2575/501 873/2576/501 872/2577/500 

vt 0.477919 0.03
vt 0.469182 0.03
vn 0.737203 0.0142137 -0.675522
vt 0.469182 0
vt 0.477919 0
f 8/2578/501 7/2579/502 874/2580/502 873/2581/501 

vt 0.494047 0.03
vt 0.483291 0.03
vt 0.483291 0
vt 0.494047 0
f 7/2582/502 6/2583/4 440/2584/4 874/2585/502 

g Mesh2 ___50_2 Model

v 471.365 24.316 -22.5207
vn 0.355048 0.876409 0.325342
v 471.317 24.352 -22.565
vn 0.450239 0.791879 0.412568
v 469.29 24.352 -20.3532
v 469.338 24.316 -20.3089
f 875/4/503 876/3/504 877/2/504 878/1/503 

v 468.224 18.9635 -25.3995
vn 0.67559 -2.55737e-16 -0.737277
v 468.234 19.4003 -25.3895
v 468.26 19.897 -25.3659
v 468.313 20.3368 -25.318
v 468.42 20.5576 -25.2193
v 468.592 20.4101 -25.0616
v 468.786 20.0357 -24.8844
v 468.954 19.7332 -24.7303
v 469.218 19.9063 -24.4885
v 469.617 20.5346 -24.1228
v 469.871 21.1624 -23.8901
v 469.872 21.5423 -23.8888
v 469.831 21.8044 -23.9268
v 469.846 21.9459 -23.9125
v 469.951 21.9961 -23.8168
v 470.05 22.0173 -23.7256
v 470.103 22.0221 -23.6776
v 470.073 22.0937 -23.7052
v 469.997 22.2831 -23.7745
v 469.955 22.4419 -23.8126
v 470.004 22.5054 -23.7681
v 470.093 22.5666 -23.6861
v 470.154 22.6017 -23.6304
v 470.153 22.6411 -23.6314
v 470.143 22.7642 -23.6407
v 470.137 22.9056 -23.6462
v 470.164 23.0056 -23.621
v 470.247 23.0705 -23.5452
v 470.33 23.1289 -23.4692
v 470.359 23.2097 -23.4427
v 470.341 23.3132 -23.4591
v 470.33 23.4083 -23.4694
v 470.356 23.4842 -23.4455
v 470.386 23.5716 -23.4176
v 470.434 23.6438 -23.3737
v 470.504 23.6767 -23.31
v 470.561 23.6974 -23.2578
v 470.598 23.7519 -23.2241
v 470.611 23.8662 -23.2122
v 470.612 23.9864 -23.2112
v 470.621 24.0902 -23.2025
v 470.667 24.1517 -23.1608
v 470.765 24.1518 -23.0706
v 470.867 24.1433 -22.9772
v 470.934 24.1733 -22.9161
v 470.994 24.2235 -22.8606
v 471.037 24.2769 -22.8211
v 471.052 24.3342 -22.8077
v 471.069 24.4305 -22.7919
v 471.109 24.5127 -22.7554
v 471.181 24.5181 -22.6896
v 471.254 24.4411 -22.6222
v 471.423 24.3232 -22.4677
v 471.485 24.3695 -22.4106
v 471.544 24.4438 -22.3572
v 471.599 24.465 -22.3064
v 471.642 24.4362 -22.2674
v 471.663 24.3772 -22.248
v 471.693 24.2939 -22.2201
v 471.774 24.1796 -22.1457
v 471.924 24.037 -22.0083
v 472.007 23.937 -21.9324
v 472.029 23.8622 -21.9124
v 472.031 23.7709 -21.9103
v 472.008 23.6375 -21.9321
v 472.009 23.5299 -21.9309
v 472.093 23.5185 -21.8539
v 472.191 23.5274 -21.7636
v 472.258 23.5051 -21.7029
v 472.273 23.4319 -21.6889
v 472.281 23.344 -21.6816
v 472.302 23.2588 -21.6626
v 472.336 23.1783 -21.6307
v 472.35 23.0931 -21.6181
v 472.345 23.0192 -21.6226
v 472.34 22.975 -21.6277
v 472.335 22.8841 -21.6323
v 472.318 22.7518 -21.6477
v 472.276 22.6238 -21.6857
v 472.195 22.5079 -21.7605
v 472.114 22.423 -21.8344
v 472.088 22.3969 -21.8579
v 472.096 22.322 -21.8515
v 472.09 22.0959 -21.8561
v 472.046 21.6661 -21.8969
v 471.947 21.2425 -21.9877
v 471.832 21.0256 -22.0929
v 471.751 21.1185 -22.1668
v 471.717 21.4813 -22.1987
v 471.678 21.8782 -22.2343
v 471.582 22.0729 -22.3222
v 471.45 22.0871 -22.4426
v 471.339 22.0223 -22.5448
v 471.279 21.8837 -22.6
v 471.292 21.5 -22.5879
v 471.386 20.9255 -22.5014
v 471.568 20.3921 -22.3351
v 471.719 20.0074 -22.1963
v 471.767 19.693 -22.1527
v 471.731 19.3744 -22.1854
v 471.597 18.7974 -22.3081
v 471.434 18.0007 -22.4573
v 471.374 17.2841 -22.5131
v 471.4 16.9629 -22.4886
v 471.433 16.7565 -22.4586
v 471.459 16.6154 -22.4351
v 471.71 16.5199 -22.2043
v 472.046 16.4114 -21.897
v 472.449 16.2913 -21.5274
v 472.905 16.161 -21.1096
v 473.398 16.0218 -20.6577
v 473.913 15.8751 -20.186
v 474.434 15.7222 -19.7087
v 474.946 15.5645 -19.2398
v 475.403 15.428 -18.8206
v 475.433 15.4032 -18.7935
v 475.467 15.4479 -18.7619
v 475.504 15.5104 -18.728
v 475.633 15.7036 -18.61
v 475.804 15.911 -18.4531
v 476.016 16.1335 -18.2587
v 476.36 16.5804 -17.9434
v 476.416 16.9141 -17.8926
v 476.26 17.1297 -18.0358
v 476.076 17.27 -18.2037
v 476.029 17.4243 -18.2473
v 476.128 17.6549 -18.1561
v 476.408 18.1104 -17.9001
v 476.761 18.6969 -17.5768
v 476.958 19.0277 -17.3955
v 476.975 19.0828 -17.3803
v 476.956 19.1298 -17.3978
v 476.887 19.1832 -17.4611
v 476.796 19.2401 -17.5443
v 476.742 19.2718 -17.5941
v 476.725 19.3203 -17.6092
v 476.692 19.4631 -17.6395
v 476.684 19.6312 -17.6465
v 476.744 19.773 -17.5924
v 476.843 19.8831 -17.5009
v 476.91 19.9376 -17.4397
v 476.915 20.0263 -17.4351
v 476.932 20.3092 -17.4201
v 476.977 20.6393 -17.3785
v 477.08 20.9245 -17.2844
v 477.23 21.1941 -17.147
v 477.331 21.3503 -17.0538
v 477.34 21.4521 -17.0459
v 477.352 21.7634 -17.0348
v 477.377 22.0611 -17.0116
v 477.418 22.2178 -16.9745
v 477.461 22.4203 -16.935
v 477.486 22.602 -16.9117
v 477.479 22.7305 -16.9188
v 477.463 22.8915 -16.9335
v 477.482 22.9978 -16.9155
v 477.562 22.9816 -16.8422
v 477.644 22.9266 -16.7673
v 477.694 22.8827 -16.7211
v 477.716 22.8637 -16.7011
v 477.752 22.9028 -16.6682
v 477.812 23.0175 -16.613
v 477.878 23.0987 -16.5531
v 477.938 23.0815 -16.498
v 477.989 22.9455 -16.4508
v 478.05 22.8214 -16.3951
v 478.114 22.7318 -16.3361
v 478.175 22.6676 -16.2803
v 478.233 22.5829 -16.2279
v 478.272 22.5086 -16.1919
v 478.292 22.4789 -16.1737
v 478.353 22.4661 -16.1173
v 478.429 22.4413 -16.0475
v 478.482 22.3786 -15.9989
v 478.517 22.2725 -15.9671
v 478.536 22.1838 -15.9499
v 478.552 22.1632 -15.9354
v 478.644 22.1221 -15.8511
v 478.747 22.0229 -15.7561
v 478.78 21.8591 -15.7263
v 478.772 21.7124 -15.734
v 478.756 21.6229 -15.7483
v 478.826 21.5352 -15.6838
v 478.938 21.4296 -15.5819
v 479.057 21.3099 -15.4728
v 479.164 21.1342 -15.3743
v 479.232 20.9566 -15.3123
v 479.23 20.8508 -15.3135
v 479.18 20.7649 -15.3601
v 479.101 20.6953 -15.432
v 479.008 20.6699 -15.517
v 478.914 20.6799 -15.6038
v 478.844 20.699 -15.6677
v 478.867 20.5262 -15.6465
v 478.905 20.2612 -15.6113
v 478.888 20.0391 -15.6273
v 478.845 19.8559 -15.6667
v 478.8 19.7268 -15.7078
v 478.75 19.7165 -15.7536
v 478.643 19.9409 -15.8522
v 478.495 20.2512 -15.9874
v 478.36 20.4148 -16.1116
v 478.255 20.4284 -16.2075
v 478.185 20.3487 -16.2714
v 478.161 20.1683 -16.2932
v 478.189 19.8867 -16.2675
v 478.29 19.5253 -16.1753
v 478.49 19.1107 -15.9918
v 478.712 18.7258 -15.7884
v 478.864 18.372 -15.6492
v 478.899 17.995 -15.6173
v 478.851 17.45 -15.6612
v 478.793 16.903 -15.7142
v 478.768 16.677 -15.7373
v 478.735 16.1515 -15.7674
v 478.681 15.2889 -15.8169
v 478.655 14.8699 -15.8406
v 478.748 14.7934 -15.7559
v 478.93 14.6386 -15.5892
v 479.09 14.4921 -15.4425
v 479.14 14.4579 -15.3962
v 479.192 14.4333 -15.3484
v 479.232 14.4027 -15.3125
v 479.478 14.3274 -15.087
v 479.831 14.2157 -14.763
v 480.21 14.0952 -14.4159
v 480.614 13.9698 -14.0461
v 481.041 13.8434 -13.6542
v 481.492 13.7198 -13.2409
v 481.966 13.6027 -12.8067
v 482.462 13.4961 -12.3521
v 482.98 13.4038 -11.8777
v 482.958 13.4724 -11.8983
v 482.937 13.5333 -11.9168
v 482.92 13.5853 -11.9327
v 482.887 13.692 -11.9628
v 482.794 14.1446 -12.0485
v 482.712 14.7287 -12.1235
v 482.692 15.2239 -12.142
v 482.78 15.4406 -12.0606
v 482.957 15.4345 -11.8988
v 483.136 15.3337 -11.7351
v 483.228 15.261 -11.6504
v 483.29 15.3159 -11.5935
v 483.376 15.4582 -11.515
v 483.501 15.7361 -11.3998
v 483.633 15.9947 -11.2793
v 483.744 16.1946 -11.1774
v 483.824 16.4047 -11.1041
v 483.868 16.692 -11.0637
v 483.908 17.0583 -11.027
v 483.951 17.4279 -10.9883
v 483.995 17.7205 -10.948
v 484.065 17.9408 -10.8831
v 484.189 18.2334 -10.7698
v 484.311 18.5913 -10.6584
v 484.371 18.9702 -10.6027
v 484.392 19.0515 -10.5842
v 484.445 19.2334 -10.5353
v 484.528 19.4587 -10.4591
v 484.638 19.6719 -10.3586
v 484.763 19.8584 -10.2435
v 484.883 20.0314 -10.1335
v 484.976 20.2032 -10.0489
v 485.048 20.392 -9.98297
v 485.164 20.5975 -9.87668
v 485.289 20.7652 -9.76191
v 485.381 20.8381 -9.6776
v 485.432 20.7284 -9.63103
v 485.473 20.4689 -9.59308
v 485.516 20.197 -9.55364
v 485.572 20.0451 -9.50226
v 485.652 19.994 -9.42957
v 485.737 19.9721 -9.35137
v 485.805 19.9341 -9.28942
v 485.838 19.849 -9.25842
v 485.862 19.763 -9.2367
v 485.881 19.6906 -9.21901
v 485.898 19.6388 -9.20383
v 485.922 19.5925 -9.18227
v 485.958 19.5282 -9.14891
v 485.992 19.466 -9.11745
v 486.01 19.4271 -9.10121
v 486.038 19.4216 -9.07564
v 486.086 19.4247 -9.0315
v 486.141 19.4051 -8.98156
v 486.186 19.3364 -8.93989
v 486.207 19.2463 -8.92106
v 486.21 19.1662 -8.91797
v 486.207 19.1223 -8.92031
v 486.223 19.0959 -8.90606
v 486.27 19.0002 -8.86262
v 486.304 18.857 -8.83151
v 486.277 18.6936 -8.85625
v 486.195 18.5443 -8.93147
v 486.109 18.431 -9.01055
v 486.047 18.3641 -9.06767
v 486.03 18.3359 -9.08284
v 485.999 18.1516 -9.11122
v 485.937 17.8453 -9.16833
v 485.85 17.5313 -9.24799
v 485.753 17.3048 -9.33715
v 485.674 17.1723 -9.40937
v 485.61 17.1607 -9.46759
v 485.556 17.3018 -9.51742
v 485.492 17.5005 -9.57596
v 485.409 17.5982 -9.65237
v 485.32 17.5905 -9.73346
v 485.243 17.4716 -9.80384
v 485.247 17.2088 -9.79998
v 485.349 16.844 -9.70675
v 485.534 16.4486 -9.53718
v 485.759 16.0769 -9.33147
v 485.868 15.7042 -9.23123
v 485.885 15.3825 -9.21581
v 485.86 15.1783 -9.23887
v 485.85 15.0271 -9.24737
v 485.879 14.7553 -9.22153
v 485.917 14.4517 -9.18645
v 485.937 14.2105 -9.16775
v 485.944 13.988 -9.16179
v 485.949 13.7675 -9.15674
v 485.953 13.6167 -9.15358
v 485.96 13.5744 -9.14702
v 486.017 13.4577 -9.09458
v 486.099 13.2952 -9.02012
v 486.161 13.1782 -8.96305
v 486.187 13.1454 -8.93887
v 486.226 13.0893 -8.90362
v 486.271 12.9945 -8.86197
v 486.314 12.8536 -8.82237
v 487.797 12.6192 -7.46413
v 488.838 12.4619 -6.51003
v 489.515 12.3648 -5.88983
v 489.891 12.3144 -5.54488
v 490.031 12.2973 -5.41657
v 490.086 12.451 -5.36611
v 490.273 13.0342 -5.19472
v 490.529 13.8306 -4.9607
v 490.776 14.6019 -4.73404
v 490.939 15.1099 -4.58476
v 490.959 15.2159 -4.56594
v 490.92 15.4057 -4.60172
v 490.863 15.7211 -4.65463
v 490.809 16.0885 -4.7039
v 490.782 16.4343 -4.72876
v 490.801 16.6921 -4.71076
v 490.822 17.0128 -4.69228
v 490.853 17.4252 -4.66381
v 490.942 17.85 -4.58172
v 491.138 18.2076 -4.40235
v 491.487 18.4186 -4.08207
v 491.899 18.4689 -3.70522
v 492.217 18.4217 -3.41317
v 492.441 18.2906 -3.20823
v 492.568 18.089 -3.09235
v 492.595 17.8302 -3.06752
v 492.576 17.5746 -3.08438
v 492.657 17.4342 -3.01052
v 492.795 17.3365 -2.88407
v 492.936 17.1972 -2.75489
v 493.025 16.9322 -2.67284
v 493.027 16.4988 -2.67166
v 493.044 16.1515 -2.65619
v 493.076 15.8794 -2.62615
v 493.092 15.5962 -2.61201
v 493.057 15.2161 -2.64419
v 492.94 14.6589 -2.75123
v 492.822 14.1479 -2.85914
v 492.758 13.7801 -2.91786
v 492.746 13.4828 -2.92878
v 492.785 13.1829 -2.89324
v 492.873 12.8077 -2.81263
v 493.015 12.4076 -2.6825
v 493.196 12.0869 -2.51606
v 493.373 11.7594 -2.35448
v 493.499 11.3375 -2.23924
v 493.528 10.733 -2.21183
v 493.488 10.2799 -2.24874
v 493.453 9.96764 -2.28133
v 493.41 9.60426 -2.3207
v 493.36 9.19848 -2.36574
v 493.306 8.75902 -2.41536
v 493.273 8.46753 -2.44606
v 493.245 8.26568 -2.47186
v 493.174 7.70441 -2.53671
v 493.102 7.13665 -2.60271
v 493.03 6.57633 -2.66829
v 492.961 6.03741 -2.73186
v 492.902 5.58473 -2.78575
v 492.895 5.53091 -2.79219
v 492.833 5.05327 -2.8493
v 492.78 4.64814 -2.89764
v 492.739 4.33202 -2.9353
v 492.712 4.12141 -2.96035
v 492.7 4.03282 -2.97088
v 492.685 3.94938 -2.98493
v 492.638 3.69557 -3.02794
v 492.577 3.36439 -3.08406
v 492.519 3.05384 -3.13668
v 492.484 2.86193 -3.1692
v 492.498 2.8172 -3.15574
v 492.6 2.69203 -3.06286
v 492.749 2.50739 -2.92586
v 492.901 2.31978 -2.78665
v 493.01 2.18568 -2.68715
v 493.041 2.13716 -2.65879
v 493.105 1.89561 -2.5996
v 493.187 1.4543 -2.52434
v 493.215 0.925601 -2.49895
v 493.116 0.421933 -2.58935
v 492.782 0.0354193 -2.89613
v 489.907 0.179624 -5.53048
v 484.401 1.56497 -10.5756
v 477.259 3.79512 -17.1198
v 469.476 6.47374 -24.2516
v 462.047 9.20447 -31.0594
v 460.009 9.98739 -32.9267
v 459.163 10.3274 -33.7021
v 458.241 10.7076 -34.5469
v 457.246 11.1261 -35.4582
v 456.183 11.5807 -36.4328
v 455.704 12.1257 -36.8712
v 456.008 14.117 -36.5926
v 456.47 17.1403 -36.1696
v 456.947 20.2619 -35.7329
v 457.296 22.5481 -35.413
v 457.629 23.0345 -35.1075
v 459.27 22.2395 -33.6042
v 461.668 21.0842 -31.4065
v 464.308 19.8148 -28.9876
v 466.673 18.6775 -26.8205
v 468.247 17.9187 -25.3784
v 468.226 18.4255 -25.3976
f 879/2373/505 880/2372/505 881/2371/505 882/2370/505 883/2369/505 884/2368/505 885/2367/505 886/2366/505 887/2365/505 888/2364/505 889/2363/505 890/2362/505 891/2361/505 892/2360/505 893/2359/505 894/2358/505 895/2357/505 896/2356/505 897/2355/505 898/2354/505 899/2353/505 900/2352/505 901/2351/505 902/2350/505 903/2349/505 904/2348/505 905/2347/505 906/2346/505 907/2345/505 908/2344/505 909/2343/505 910/2342/505 911/2341/505 912/2340/505 913/2339/505 914/2338/505 915/2337/505 916/2336/505 917/2335/505 918/2334/505 919/2333/505 920/2332/505 921/2331/505 922/2330/505 923/2329/505 924/2328/505 925/2327/505 926/2326/505 927/2325/505 928/2324/505 929/2323/505 930/2322/505 876/2321/505 875/2320/505 931/2319/505 932/2318/505 933/2317/505 934/2316/505 935/2315/505 936/2314/505 937/2313/505 938/2312/505 939/2311/505 940/2310/505 941/2309/505 942/2308/505 943/2307/505 944/2306/505 945/2305/505 946/2304/505 947/2303/505 948/2302/505 949/2301/505 950/2300/505 951/2299/505 952/2298/505 953/2297/505 954/2296/505 955/2295/505 956/2294/505 957/2293/505 958/2292/505 959/2291/505 960/2290/505 961/2289/505 962/2288/505 963/2287/505 964/2286/505 965/2285/505 966/2284/505 967/2283/505 968/2282/505 969/2281/505 970/2280/505 971/2279/505 972/2278/505 973/2277/505 974/2276/505 975/2275/505 976/2274/505 977/2273/505 978/2272/505 979/2271/505 980/2270/505 981/2269/505 982/2268/505 983/2267/505 984/2266/505 985/2265/505 986/2264/505 987/2263/505 988/2262/505 989/2261/505 990/2260/505 991/2259/505 992/2258/505 993/1688/505 994/1685/505 995/2257/505 996/2256/505 997/2255/505 998/2254/505 999/2253/505 1000/2252/505 1001/2251/505 1002/2250/505 1003/2249/505 1004/2248/505 1005/2247/505 1006/2246/505 1007/2245/505 1008/2244/505 1009/2243/505 1010/2242/505 1011/2241/505 1012/2240/505 1013/2239/505 1014/2238/505 1015/2237/505 1016/2236/505 1017/2235/505 1018/2234/505 1019/2233/505 1020/2232/505 1021/2231/505 1022/2230/505 1023/2229/505 1024/2228/505 1025/2227/505 1026/2226/505 1027/2225/505 1028/2224/505 1029/2223/505 1030/2222/505 1031/2221/505 1032/2220/505 1033/2219/505 1034/2218/505 1035/2217/505 1036/2216/505 1037/2215/505 1038/2214/505 1039/2213/505 1040/2212/505 1041/2211/505 1042/2210/505 1043/2209/505 1044/2208/505 1045/2207/505 1046/2206/505 1047/2205/505 1048/2204/505 1049/2203/505 1050/2202/505 1051/2201/505 1052/2200/505 1053/2199/505 1054/2198/505 1055/2197/505 1056/2196/505 1057/2195/505 1058/2194/505 1059/2193/505 1060/2192/505 1061/2191/505 1062/2190/505 1063/2189/505 1064/2188/505 1065/2187/505 1066/2186/505 1067/2185/505 1068/2184/505 1069/2183/505 1070/2182/505 1071/2181/505 1072/2180/505 1073/2179/505 1074/2178/505 1075/2177/505 1076/2176/505 1077/2175/505 1078/2174/505 1079/2173/505 1080/2172/505 1081/2171/505 1082/2170/505 1083/2169/505 1084/2168/505 1085/2167/505 1086/2166/505 1087/2165/505 1088/2164/505 1089/2163/505 1090/2162/505 1091/2161/505 1092/2160/505 1093/2159/505 1094/2158/505 1095/2157/505 1096/2156/505 1097/2155/505 1098/2154/505 1099/2153/505 1100/2152/505 1101/2151/505 1102/2150/505 1103/2149/505 1104/2148/505 1105/2147/505 1106/2146/505 1107/2145/505 1108/2144/505 1109/2143/505 1110/2142/505 1111/2141/505 1112/2140/505 1113/2139/505 1114/2138/505 1115/2137/505 1116/2136/505 1117/2135/505 1118/2134/505 1119/2133/505 1120/2132/505 1121/2131/505 1122/2130/505 1123/2129/505 1124/2128/505 1125/2127/505 1126/2126/505 1127/2125/505 1128/2124/505 1129/2123/505 1130/2122/505 1131/2121/505 1132/2120/505 1133/2119/505 1134/2118/505 1135/2117/505 1136/2116/505 1137/2115/505 1138/2114/505 1139/2113/505 1140/2112/505 1141/2111/505 1142/2110/505 1143/2109/505 1144/2108/505 1145/2107/505 1146/2106/505 1147/2105/505 1148/2104/505 1149/2103/505 1150/2102/505 1151/2101/505 1152/2100/505 1153/2099/505 1154/2098/505 1155/2097/505 1156/2096/505 1157/2095/505 1158/2094/505 1159/2093/505 1160/2092/505 1161/2091/505 1162/2090/505 1163/2089/505 1164/2088/505 1165/2087/505 1166/2086/505 1167/2085/505 1168/2084/505 1169/2083/505 1170/2082/505 1171/2081/505 1172/2080/505 1173/2079/505 1174/2078/505 1175/2077/505 1176/2076/505 1177/2075/505 1178/2074/505 1179/2073/505 1180/2072/505 1181/2071/505 1182/2070/505 1183/2069/505 1184/2068/505 1185/2067/505 1186/2066/505 1187/2065/505 1188/2064/505 1189/2063/505 1190/2062/505 1191/2061/505 1192/2060/505 1193/2059/505 1194/2058/505 1195/2057/505 1196/2056/505 1197/2055/505 1198/2054/505 1199/2053/505 1200/2052/505 1201/2051/505 1202/2050/505 1203/2049/505 1204/2048/505 1205/2047/505 1206/2046/505 1207/2045/505 1208/2044/505 1209/2043/505 1210/2042/505 1211/2041/505 1212/2040/505 1213/2039/505 1214/2038/505 1215/2037/505 1216/2036/505 1217/2035/505 1218/2034/505 1219/2033/505 1220/2032/505 1221/2031/505 1222/2030/505 1223/2029/505 1224/2028/505 1225/2027/505 1226/2026/505 1227/2025/505 1228/2024/505 1229/2023/505 1230/2022/505 1231/2021/505 1232/2020/505 1233/2019/505 1234/2018/505 1235/2017/505 1236/2016/505 1237/2015/505 1238/2014/505 1239/2013/505 1240/2012/505 1241/2011/505 1242/2010/505 1243/2009/505 1244/2008/505 1245/2007/505 1246/2006/505 1247/2005/505 1248/2004/505 1249/2003/505 1250/2002/505 1251/2001/505 1252/2000/505 1253/1999/505 1254/1998/505 1255/1997/505 1256/1996/505 1257/1995/505 1258/1994/505 1259/1993/505 1260/1992/505 1261/1991/505 1262/1990/505 1263/1989/505 1264/1988/505 1265/1987/505 1266/1986/505 1267/1985/505 1268/1984/505 1269/1983/505 1270/1982/505 1271/1981/505 1272/1980/505 1273/1979/505 1274/1978/505 1275/1977/505 1276/1976/505 1277/1975/505 1278/1974/505 1279/1973/505 1280/1972/505 1281/1971/505 1282/1970/505 1283/1969/505 1284/1968/505 1285/1967/505 1286/1966/505 1287/1965/505 1288/1964/505 1289/419/505 1290/1963/505 1291/1962/505 1292/1961/505 1293/1960/505 1294/1959/505 1295/1958/505 1296/1957/505 1297/1956/505 1298/1955/505 1299/1954/505 1300/1953/505 1301/1952/505 1302/1951/505 1303/1950/505 1304/1949/505 1305/1948/505 1306/1947/505 1307/1946/505 1308/1945/505 1309/1944/505 1310/1943/505 1311/1942/505 1312/1941/505 

vn -0.736283 0.0519175 -0.674679
vn -0.737203 0.0142137 -0.675522
v 466.197 18.9635 -23.1877
v 466.208 19.4003 -23.1777
f 880/2581/506 879/2580/507 1313/2579/507 1314/2578/506 

vn -0.736933 -0.0305519 -0.675275
v 466.199 18.4255 -23.1857
f 879/2585/507 1312/2584/508 1315/2583/508 1313/2582/507 

vn -0.736127 -0.0558361 -0.674536
v 466.22 17.9187 -23.1666
f 1312/444/508 1311/443/509 1316/442/509 1315/441/508 

vn 0.246954 0.942234 0.226292
vn 0.246664 0.942374 0.226026
v 464.646 18.6775 -24.6087
f 1311/448/510 1310/447/511 1317/446/511 1316/445/510 

vn 0.246374 0.942514 0.22576
v 462.281 19.8148 -26.7757
f 1310/452/511 1309/451/512 1318/450/512 1317/449/511 

vn 0.246563 0.942423 0.225933
v 459.641 21.0842 -29.1947
f 1309/451/512 1308/454/513 1319/453/513 1318/450/512 

vn 0.247393 0.942023 0.226694
v 457.243 22.2395 -31.3923
f 1308/458/513 1307/457/514 1320/456/514 1319/455/513 

vn 0.248033 0.941713 0.227281
v 455.602 23.0345 -32.8957
f 1307/462/514 1306/461/515 1321/460/515 1320/459/514 

vn -0.539961 0.680905 -0.494783
v 455.269 22.5481 -33.2012
f 1306/466/516 1305/465/516 1322/464/516 1321/463/516 

vn -0.721959 0.202785 -0.661554
v 454.92 20.2619 -33.521
f 1305/470/517 1304/469/517 1323/468/517 1322/467/517 

v 454.443 17.1403 -33.9578
f 1304/469/517 1303/472/517 1324/471/517 1323/468/517 

v 453.982 14.117 -34.3808
f 1303/472/517 1302/474/517 1325/473/517 1324/471/517 

v 453.678 12.1257 -34.6594
f 1302/474/517 1301/476/517 1326/475/517 1325/473/517 

vn -0.474173 -0.765748 -0.434499
v 454.156 11.5807 -34.2209
f 1301/480/518 1300/479/518 1327/478/518 1326/477/518 

vn -0.221603 -0.95376 -0.203062
vn -0.22003 -0.954429 -0.201621
v 455.22 11.1261 -33.2464
f 1300/484/519 1299/483/520 1328/482/520 1327/481/519 

vn -0.216469 -0.955926 -0.198358
v 456.214 10.7076 -32.3351
f 1299/488/520 1298/487/521 1329/486/521 1328/485/520 

vn -0.211942 -0.957791 -0.194209
v 457.136 10.3274 -31.4903
f 1298/492/521 1297/491/522 1330/490/522 1329/489/521 

vn -0.205169 -0.9605 -0.188003
v 457.982 9.98739 -30.7149
f 1297/496/522 1296/495/523 1331/494/523 1330/493/522 

vn -0.196889 -0.963683 -0.180415
v 460.02 9.20447 -28.8475
f 1296/500/523 1295/499/524 1332/498/524 1331/497/523 

vn -0.187093 -0.967267 -0.171439
v 467.449 6.47374 -22.0398
f 1295/504/524 1294/503/525 1333/502/525 1332/501/524 

vn -0.173384 -0.971955 -0.158878
v 475.232 3.79512 -14.908
f 1294/508/525 1293/507/526 1334/506/526 1333/505/525 

vn -0.149982 -0.97909 -0.137433
v 482.374 1.56497 -8.36373
f 1293/512/526 1292/511/527 1335/510/527 1334/509/526 

vn -0.0810809 -0.993935 -0.074297
v 487.88 0.179624 -3.31865
f 1292/516/527 1291/515/528 1336/514/528 1335/513/527 

vn -0.0272473 -0.999317 -0.0249675
v 490.755 0.0354193 -0.684301
f 1291/520/528 1290/519/529 1337/518/529 1336/517/528 

vn 0.477875 -0.761503 0.437892
v 491.09 0.421933 -0.377514
f 1290/524/530 1289/523/530 1338/522/530 1337/521/530 

vn 0.712562 -0.256753 0.652943
vn 0.733999 -0.0942039 0.672586
v 491.188 0.925601 -0.287118
f 1289/528/531 1288/527/532 1339/526/532 1338/525/531 

vn 0.727965 0.158436 0.667057
v 491.161 1.4543 -0.312511
f 1288/532/532 1287/531/533 1340/530/533 1339/529/532 

vn 0.704869 0.293224 0.645894
v 491.079 1.89561 -0.387765
f 1287/536/533 1286/535/534 1341/534/534 1340/533/533 

vn 0.693094 0.340976 0.635103
v 491.014 2.13716 -0.446954
f 1286/540/534 1285/539/535 1342/538/535 1341/537/534 

vn 0.557577 0.654265 0.510925
vn 0.527906 0.698079 0.483737
v 490.983 2.18568 -0.475318
f 1285/544/536 1284/543/537 1343/542/537 1342/541/536 

vn 0.496366 0.739422 0.454836
v 490.874 2.31978 -0.574814
f 1284/548/537 1283/547/538 1344/546/538 1343/545/537 

v 490.722 2.50739 -0.714023
f 1283/547/538 1282/550/538 1345/549/538 1344/546/538 

v 490.573 2.69203 -0.851026
f 1282/550/538 1281/552/538 1346/551/538 1345/549/538 

v 490.472 2.8172 -0.943903
f 1281/552/538 1280/554/538 1347/553/538 1346/551/538 

vn 0.673461 0.406966 0.617113
v 490.457 2.86193 -0.957368
f 1280/558/539 1279/557/539 1348/556/539 1347/555/539 

vn 0.715125 -0.243288 0.655292
v 490.492 3.05384 -0.924849
f 1279/562/540 1278/561/540 1349/560/540 1348/559/540 

v 490.55 3.36439 -0.872225
f 1278/561/540 1277/564/540 1350/563/540 1349/560/540 

v 490.611 3.69557 -0.816104
f 1277/564/540 1276/566/540 1351/565/540 1350/563/540 

vn 0.715258 -0.242569 0.655413
v 490.658 3.94938 -0.773095
f 1276/566/540 1275/568/541 1352/567/541 1351/565/540 

vn 0.721208 -0.207646 0.660865
v 490.673 4.03282 -0.759044
f 1275/572/541 1274/571/542 1353/570/542 1352/569/541 

vn 0.726123 -0.17329 0.665369
v 490.685 4.12141 -0.74852
f 1274/576/542 1273/575/543 1354/574/543 1353/573/542 

vn 0.726093 -0.17352 0.665342
v 490.712 4.33202 -0.723469
f 1273/575/543 1272/578/544 1355/577/544 1354/574/543 

vn 0.726058 -0.173791 0.665309
v 490.753 4.64814 -0.685812
f 1272/582/544 1271/581/545 1356/580/545 1355/579/544 

vn 0.726017 -0.174106 0.665272
v 490.806 5.05327 -0.637468
f 1271/586/545 1270/585/546 1357/584/546 1356/583/545 

vn 0.725981 -0.174378 0.665239
v 490.868 5.53091 -0.580358
f 1270/590/546 1269/589/547 1358/588/547 1357/587/546 

vn 0.72603 -0.174005 0.665284
v 490.875 5.58473 -0.573915
f 1269/594/547 1268/593/548 1359/592/548 1358/591/547 

vn 0.726191 -0.172765 0.665431
v 490.934 6.03741 -0.520028
f 1268/598/548 1267/597/549 1360/596/549 1359/595/548 

vn 0.726373 -0.171348 0.665599
v 491.004 6.57633 -0.456456
f 1267/602/549 1266/601/550 1361/600/550 1360/599/549 

vn 0.726528 -0.170139 0.66574
v 491.075 7.13665 -0.390878
f 1266/606/550 1265/605/551 1362/604/551 1361/603/550 

vn 0.726663 -0.169076 0.665864
v 491.147 7.70441 -0.324875
f 1265/610/551 1264/609/552 1363/608/552 1362/607/551 

vn 0.725603 -0.177252 0.664893
v 491.218 8.26568 -0.260027
f 1264/614/552 1263/613/553 1364/612/553 1363/611/552 

vn 0.726548 -0.169981 0.665759
v 491.246 8.46753 -0.234224
f 1263/618/553 1262/617/554 1365/616/554 1364/615/553 

vn 0.727847 -0.159429 0.666949
v 491.28 8.75902 -0.203531
f 1262/622/554 1261/621/555 1366/620/555 1365/619/554 

vn 0.727357 -0.163491 0.6665
v 491.334 9.19848 -0.153906
f 1261/626/555 1260/625/556 1367/624/556 1366/623/555 

vn 0.727752 -0.160226 0.666862
v 491.383 9.60426 -0.108866
f 1260/630/556 1259/629/557 1368/628/557 1367/627/556 

vn 0.728307 -0.155522 0.66737
v 491.426 9.96764 -0.0695011
f 1259/634/557 1258/633/558 1369/632/558 1368/631/557 

vn 0.730405 -0.136222 0.669293
v 491.461 10.2799 -0.0369048
f 1258/638/558 1257/637/559 1370/636/559 1369/635/558 

vn 0.737019 -0.0264764 0.675353
v 491.502 10.733 -8.88178e-16
f 1257/642/559 1256/641/560 1371/640/560 1370/639/559 

vn 0.718598 0.223672 0.658474
v 491.472 11.3375 -0.0274108
f 1256/646/560 1255/645/561 1372/644/561 1371/643/560 

vn 0.644348 0.486004 0.590436
v 491.346 11.7594 -0.142652
f 1255/650/561 1254/649/562 1373/648/562 1372/647/561 

vn 0.590084 0.599525 0.540713
v 491.17 12.0869 -0.304233
f 1254/654/562 1253/653/563 1374/652/563 1373/651/562 

vn 0.627848 0.524231 0.575316
v 490.988 12.4076 -0.470663
f 1253/658/563 1252/657/564 1375/656/564 1374/655/563 

vn 0.685147 0.369341 0.627822
v 490.846 12.8077 -0.600801
f 1252/662/564 1251/661/565 1376/660/565 1375/659/564 

vn 0.716009 0.238459 0.656101
v 490.758 13.1829 -0.681411
f 1251/666/565 1250/665/566 1377/664/566 1376/663/565 

vn 0.735964 0.0596599 0.674387
v 490.719 13.4828 -0.716944
f 1250/670/566 1249/669/567 1378/668/567 1377/667/566 

vn 0.729733 -0.142693 0.668677
v 490.731 13.7801 -0.706033
f 1249/674/567 1248/673/568 1379/672/568 1378/671/567 

vn 0.711053 -0.264333 0.65156
v 490.795 14.1479 -0.647307
f 1248/678/568 1247/677/569 1380/676/569 1379/675/568 

vn 0.706496 -0.285934 0.647384
v 490.913 14.6589 -0.539398
f 1247/682/569 1246/681/570 1381/680/570 1380/679/569 

vn 0.722455 -0.19951 0.662008
v 491.03 15.2161 -0.43236
f 1246/686/570 1245/685/571 1382/684/571 1381/683/570 

vn 0.737039 -0.0254196 0.675372
v 491.065 15.5962 -0.400174
f 1245/690/571 1244/689/572 1383/688/572 1382/687/571 

vn 0.732162 0.117597 0.670903
v 491.05 15.8794 -0.414322
f 1244/694/572 1243/693/573 1384/692/573 1383/691/572 

vn 0.732502 0.113628 0.671215
v 491.017 16.1515 -0.444355
f 1243/698/573 1242/697/574 1385/696/574 1384/695/573 

vn 0.736827 0.0349343 0.675178
v 491 16.4988 -0.459825
f 1242/702/574 1241/701/575 1386/700/575 1385/699/574 

vn 0.737271 0.00404034 0.675585
v 490.999 16.9322 -0.461009
f 1241/706/575 1240/705/576 1387/704/576 1386/703/575 

vn 0.670225 0.416677 0.614148
v 490.909 17.1972 -0.543062
f 1240/710/577 1239/709/577 1388/708/577 1387/707/577 

vn 0.434094 0.808293 0.397774
vn 0.388777 0.84967 0.356249
v 490.768 17.3365 -0.672239
f 1239/714/578 1238/713/579 1389/712/579 1388/711/578 

vn 0.341326 0.886382 0.312767
v 490.63 17.4342 -0.798685
f 1238/718/579 1237/717/580 1390/716/580 1389/715/579 

vn 0.581717 0.614384 0.533046
v 490.549 17.5746 -0.872544
f 1237/722/581 1236/721/581 1391/720/581 1390/719/581 

vn 0.733789 -0.0971602 0.672394
vn 0.737101 0.0218612 0.675429
v 490.568 17.8302 -0.855692
f 1236/726/582 1235/725/583 1392/724/583 1391/723/582 

vn 0.729956 0.140573 0.668882
v 490.541 18.089 -0.880523
f 1235/730/583 1234/729/584 1393/728/584 1392/727/583 

vn 0.561587 0.647926 0.514599
v 490.414 18.2906 -0.996393
f 1234/734/585 1233/733/585 1394/732/585 1393/731/585 

vn 0.292423 0.91798 0.267957
vn 0.188318 0.966829 0.172561
v 490.191 18.4217 -1.20134
f 1233/738/586 1232/737/587 1395/736/587 1394/735/586 

vn 0.00694558 0.999956 0.00636445
v 489.872 18.4689 -1.49339
f 1232/742/587 1231/741/588 1396/740/588 1395/739/587 

vn -0.185491 0.967834 -0.169971
v 489.461 18.4186 -1.87024
f 1231/746/588 1230/745/589 1397/744/589 1396/743/588 

vn -0.299793 0.913597 -0.27471
v 489.111 18.2076 -2.19052
f 1230/750/589 1229/749/590 1398/748/590 1397/747/589 

vn -0.591975 0.596087 -0.542445
v 488.915 17.85 -2.36989
f 1229/754/591 1228/753/591 1399/752/591 1398/751/591 

vn -0.708844 0.275035 -0.649536
vn -0.723979 0.189071 -0.663405
v 488.826 17.4252 -2.45198
f 1228/758/592 1227/757/593 1400/756/593 1399/755/592 

vn -0.734059 0.0933331 -0.672641
v 488.795 17.0128 -2.48044
f 1227/762/593 1226/761/594 1401/760/594 1400/759/593 

vn -0.73402 0.0939014 -0.672605
v 488.775 16.6921 -2.49893
f 1226/766/594 1225/765/595 1402/764/595 1401/763/594 

vn -0.737276 -0.00151867 -0.675589
v 488.755 16.4343 -2.51693
f 1225/770/595 1224/769/596 1403/768/596 1402/767/595 

vn -0.72889 -0.150405 -0.667905
v 488.782 16.0885 -2.49207
f 1224/774/596 1223/773/597 1404/772/597 1403/771/596 

vn -0.719557 -0.217926 -0.659353
v 488.836 15.7211 -2.4428
f 1223/778/597 1222/777/598 1405/776/598 1404/775/597 

vn -0.712927 -0.25488 -0.653277
v 488.894 15.4057 -2.38988
f 1222/782/598 1221/781/599 1406/780/599 1405/779/598 

vn -0.710164 -0.268697 -0.650745
v 488.933 15.2159 -2.3541
f 1221/786/599 1220/785/600 1407/784/600 1406/783/599 

vn -0.713045 0.254274 -0.653385
vn -0.696609 0.327533 -0.638325
v 488.912 15.1099 -2.37293
f 1220/790/601 1219/789/602 1408/788/602 1407/787/601 

vn -0.676089 0.398871 -0.619521
v 488.749 14.6019 -2.52221
f 1219/794/602 1218/793/603 1409/792/603 1408/791/602 

v 488.502 13.8306 -2.74887
f 1218/793/603 1217/796/603 1410/795/603 1409/792/603 

v 488.246 13.0342 -2.98289
f 1217/796/603 1216/798/603 1411/797/603 1410/795/603 

vn -0.669753 0.418071 -0.613716
v 488.059 12.451 -3.15428
f 1216/798/603 1215/800/604 1412/799/604 1411/797/603 

vn -0.663122 0.437086 -0.607639
v 488.004 12.2973 -3.20473
f 1215/804/604 1214/803/605 1413/802/605 1412/801/604 

vn 0.0659253 0.995994 0.0604094
vn 0.0691983 0.995586 0.0634086
v 487.864 12.3144 -3.33305
f 1214/808/606 1213/807/607 1414/806/607 1413/805/606 

vn 0.075033 0.994808 0.0687551
v 487.488 12.3648 -3.678
f 1213/812/607 1212/811/608 1415/810/608 1414/809/607 

vn 0.079587 0.994157 0.0729281
v 486.811 12.4619 -4.2982
f 1212/816/608 1211/815/609 1416/814/609 1415/813/608 

vn 0.0834894 0.993568 0.076504
v 485.77 12.6192 -5.25229
f 1211/820/609 1210/819/610 1417/818/610 1416/817/609 

vn 0.0853998 0.993269 0.0782545
v 484.288 12.8536 -6.61054
f 1210/824/610 1209/823/611 1418/822/611 1417/821/610 

vn 0.68072 0.384106 0.623765
vn 0.652075 0.466659 0.597517
v 484.244 12.9945 -6.65013
f 1209/828/612 1208/827/613 1419/826/613 1418/825/612 

vn 0.581125 0.615414 0.532503
v 484.199 13.0893 -6.69179
f 1208/832/613 1207/831/614 1420/830/614 1419/829/613 

vn 0.519618 0.709426 0.476142
v 484.16 13.1454 -6.72704
f 1207/836/614 1206/835/615 1421/834/615 1420/833/614 

vn 0.550914 0.664569 0.504819
v 484.134 13.1782 -6.75122
f 1206/840/615 1205/839/616 1422/838/616 1421/837/615 

vn 0.604001 0.573462 0.553465
v 484.072 13.2952 -6.80829
f 1205/844/616 1204/843/617 1423/842/617 1422/841/616 

vn 0.612078 0.557486 0.560866
v 483.99 13.4577 -6.88274
f 1204/848/617 1203/847/618 1424/846/618 1423/845/617 

vn 0.613957 0.553671 0.562588
v 483.933 13.5744 -6.93518
f 1203/852/618 1202/851/619 1425/850/619 1424/849/618 

vn 0.718555 0.223927 0.658434
vn 0.731205 0.128082 0.670026
v 483.926 13.6167 -6.94174
f 1202/856/620 1201/855/621 1426/854/621 1425/853/620 

vn 0.736889 0.0324704 0.675234
v 483.923 13.7675 -6.94491
f 1201/860/621 1200/859/622 1427/858/622 1426/857/621 

vn 0.736779 0.036764 0.675133
v 483.917 13.988 -6.94996
f 1200/864/622 1199/863/623 1428/862/623 1427/861/622 

vn 0.735097 0.0768476 0.673592
v 483.911 14.2105 -6.95592
f 1199/868/623 1198/867/624 1429/866/624 1428/865/623 

vn 0.729877 0.141331 0.668809
v 483.89 14.4517 -6.97462
f 1198/872/624 1197/871/625 1430/870/625 1429/869/624 

vn 0.728483 0.153997 0.667531
v 483.852 14.7553 -7.0097
f 1197/876/625 1196/875/626 1431/874/626 1430/873/625 

vn 0.736981 0.0283528 0.675319
v 483.824 15.0271 -7.03554
f 1196/880/626 1195/879/627 1432/878/627 1431/877/626 

vn 0.731584 -0.12403 0.670374
v 483.833 15.1783 -7.02703
f 1195/884/627 1194/883/628 1433/882/628 1432/881/627 

vn 0.736451 -0.0473455 0.674833
v 483.858 15.3825 -7.00397
f 1194/888/628 1193/887/629 1434/886/629 1433/885/628 

vn 0.718716 0.222975 0.658582
v 483.841 15.7042 -7.01939
f 1193/892/629 1192/891/630 1435/890/630 1434/889/629 

vn 0.635173 0.507738 0.582029
v 483.732 16.0769 -7.11964
f 1192/896/630 1191/895/631 1436/894/631 1435/893/630 

vn 0.597514 0.58583 0.547521
v 483.507 16.4486 -7.32535
f 1191/900/631 1190/899/632 1437/898/632 1436/897/631 

vn 0.659439 0.447219 0.604264
v 483.322 16.844 -7.49492
f 1190/904/632 1189/903/633 1438/902/633 1437/901/632 

vn 0.723769 0.19055 0.663212
v 483.221 17.2088 -7.58815
f 1189/908/633 1188/907/634 1439/906/634 1438/905/633 

vn 0.737104 0.0217121 0.675431
v 483.216 17.4716 -7.59201
f 1188/912/634 1187/911/635 1440/910/635 1439/909/634 

vn 0.554414 -0.659192 0.508027
v 483.293 17.5905 -7.52163
f 1187/916/636 1186/915/636 1441/914/636 1440/913/636 

vn 0.0477138 -0.997904 0.0437216
v 483.382 17.5982 -7.44054
f 1186/920/637 1185/919/637 1442/918/637 1441/917/637 

vn -0.482033 -0.756667 -0.441702
v 483.465 17.5005 -7.36413
f 1185/924/638 1184/923/638 1443/922/638 1442/921/638 

vn -0.67581 -0.399738 -0.619266
vn -0.665027 -0.431729 -0.609385
v 483.529 17.3018 -7.30559
f 1184/928/639 1183/927/640 1444/926/640 1443/925/639 

vn -0.65342 -0.463187 -0.598749
v 483.583 17.1607 -7.25576
f 1183/932/640 1182/931/641 1445/930/641 1444/929/640 

vn 0.0980345 -0.99112 0.0898321
v 483.647 17.1723 -7.19754
f 1182/936/642 1181/935/642 1446/934/642 1445/933/642 

vn 0.573857 -0.627835 0.525843
vn 0.607192 -0.56723 0.556389
v 483.726 17.3048 -7.12532
f 1181/940/643 1180/939/644 1447/938/644 1446/937/643 

vn 0.665992 -0.428984 0.610269
v 483.823 17.5313 -7.03615
f 1180/944/644 1179/943/645 1448/942/645 1447/941/644 

vn 0.701178 -0.309078 0.642511
v 483.91 17.8453 -6.95649
f 1179/948/645 1178/947/646 1449/946/646 1448/945/645 

vn 0.714959 -0.244184 0.655139
v 483.972 18.1516 -6.89939
f 1178/952/646 1177/951/647 1450/950/647 1449/949/646 

vn 0.718836 -0.222263 0.658692
v 484.003 18.3359 -6.87101
f 1177/956/647 1176/955/648 1451/954/648 1450/953/647 

vn 0.576755 -0.622931 0.528499
vn 0.52043 -0.708331 0.476886
v 484.02 18.3641 -6.85584
f 1176/960/649 1175/959/650 1452/958/650 1451/957/649 

vn 0.485606 -0.752452 0.444976
v 484.082 18.431 -6.79871
f 1175/964/650 1174/963/651 1453/962/651 1452/961/650 

vn 0.553646 -0.660378 0.507323
v 484.168 18.5443 -6.71964
f 1174/968/651 1173/967/652 1454/966/652 1453/965/651 

vn 0.590985 -0.597891 0.541538
v 484.251 18.6936 -6.64442
f 1173/972/652 1172/971/653 1455/970/653 1454/969/652 

vn 0.719452 -0.218565 0.659256
v 484.278 18.857 -6.61968
f 1172/976/654 1171/975/654 1456/974/654 1455/973/654 

vn 0.701875 0.306151 0.64315
vn 0.663419 0.436256 0.607911
v 484.244 19.0002 -6.65079
f 1171/980/655 1170/979/656 1457/978/656 1456/977/655 

vn 0.594695 0.591084 0.544938
v 484.196 19.0959 -6.69423
f 1170/984/656 1169/983/657 1458/982/657 1457/981/656 

vn 0.576479 0.623401 0.528246
v 484.181 19.1223 -6.70848
f 1169/988/657 1168/987/658 1459/986/658 1458/985/657 

vn 0.734994 -0.078649 0.673497
vn 0.737234 -0.0108698 0.67555
v 484.183 19.1662 -6.70614
f 1168/992/659 1167/991/660 1460/990/660 1459/989/659 

vn 0.725555 0.177612 0.664849
v 484.18 19.2463 -6.70923
f 1167/996/660 1166/995/661 1461/994/661 1460/993/660 

vn 0.70432 0.295642 0.64539
v 484.159 19.3364 -6.72806
f 1166/1000/661 1165/999/662 1462/998/662 1461/997/661 

vn 0.548613 0.668061 0.502711
v 484.114 19.4051 -6.76973
f 1165/1004/663 1164/1003/663 1463/1002/663 1462/1001/663 

vn 0.189233 0.966501 0.1734
vn 0.0777226 0.994428 0.0712196
v 484.059 19.4247 -6.81967
f 1164/1008/664 1163/1007/665 1464/1006/665 1463/1005/664 

vn 0.0354658 0.998842 0.0324984
v 484.011 19.4216 -6.86381
f 1163/1012/665 1162/1011/666 1465/1010/666 1464/1009/665 

vn 0.106228 0.989566 0.09734
v 483.983 19.4271 -6.88937
f 1162/1016/666 1161/1015/667 1466/1014/667 1465/1013/666 

vn 0.627142 0.525782 0.57467
vn 0.609211 0.563232 0.558239
v 483.966 19.466 -6.90562
f 1161/1020/668 1160/1019/669 1467/1018/669 1466/1017/668 

vn 0.587554 0.604079 0.538394
v 483.931 19.5282 -6.93708
f 1160/1024/669 1159/1023/670 1468/1022/670 1467/1021/669 

vn 0.596265 0.588168 0.546376
v 483.895 19.5925 -6.97044
f 1159/1028/670 1158/1027/671 1469/1026/671 1468/1025/670 

vn 0.644702 0.48514 0.590761
v 483.871 19.6388 -6.992
f 1158/1032/671 1157/1031/672 1470/1030/672 1469/1029/671 

vn 0.685112 0.369462 0.627789
v 483.855 19.6906 -7.00717
f 1157/1036/672 1156/1035/673 1471/1034/673 1470/1033/672 

vn 0.691973 0.345137 0.634077
v 483.835 19.763 -7.02487
f 1156/1040/673 1155/1039/674 1472/1038/674 1471/1037/673 

vn 0.671342 0.413356 0.615172
v 483.812 19.849 -7.04659
f 1155/1044/674 1154/1043/675 1473/1042/675 1472/1041/674 

vn 0.64891 0.474706 0.594617
v 483.778 19.9341 -7.07759
f 1154/1048/675 1153/1047/676 1474/1046/676 1473/1045/675 

vn 0.282555 0.923648 0.258914
vn 0.210918 0.958207 0.193271
v 483.71 19.9721 -7.13954
f 1153/1052/677 1152/1051/678 1475/1050/678 1474/1049/677 

vn 0.228581 0.950726 0.209456
v 483.625 19.994 -7.21774
f 1152/1056/678 1151/1055/679 1476/1054/679 1475/1053/678 

vn 0.316367 0.903256 0.289897
v 483.546 20.0451 -7.29043
f 1151/1060/679 1150/1059/680 1477/1058/680 1476/1057/679 

vn 0.659269 0.447681 0.604108
vn 0.695599 0.331458 0.637399
v 483.489 20.197 -7.34181
f 1150/1064/681 1149/1063/682 1478/1062/682 1477/1061/681 

vn 0.720717 0.210754 0.660416
v 483.446 20.4689 -7.38125
f 1149/1068/682 1148/1067/683 1479/1066/683 1478/1065/682 

vn 0.68271 0.377553 0.625588
v 483.405 20.7284 -7.4192
f 1148/1072/683 1147/1071/684 1480/1070/684 1479/1069/683 

vn 0.624216 0.53215 0.571988
v 483.354 20.8381 -7.46577
f 1147/1076/684 1146/1075/685 1481/1074/685 1480/1073/684 

vn -0.371625 0.863674 -0.340532
vn -0.448331 0.793868 -0.41082
v 483.262 20.7652 -7.55008
f 1146/1080/686 1145/1079/687 1482/1078/687 1481/1077/686 

vn -0.553023 0.661338 -0.506752
v 483.137 20.5975 -7.66485
f 1145/1084/687 1144/1083/688 1483/1082/688 1482/1081/687 

vn -0.622586 0.535651 -0.570495
v 483.021 20.392 -7.77113
f 1144/1088/688 1143/1087/689 1484/1086/689 1483/1085/688 

vn -0.62719 0.525677 -0.574714
v 482.949 20.2032 -7.83709
f 1143/1092/689 1142/1091/690 1485/1090/690 1484/1089/689 

vn -0.56746 0.638443 -0.519981
v 482.857 20.0314 -7.9217
f 1142/1096/690 1141/1095/691 1486/1094/691 1485/1093/690 

vn -0.540663 0.679879 -0.495427
v 482.737 19.8584 -8.0317
f 1141/1100/691 1140/1099/692 1487/1098/692 1486/1097/691 

vn -0.575707 0.624713 -0.527538
v 482.611 19.6719 -8.14675
f 1140/1104/692 1139/1103/693 1488/1102/693 1487/1101/692 

vn -0.633577 0.511393 -0.580566
v 482.501 19.4587 -8.24729
f 1139/1108/693 1138/1107/694 1489/1106/694 1488/1105/693 

vn -0.672841 0.408848 -0.616545
v 482.418 19.2334 -8.32349
f 1138/1112/694 1137/1111/695 1490/1110/695 1489/1109/694 

vn -0.692054 0.344838 -0.634151
v 482.365 19.0515 -8.37233
f 1137/1116/695 1136/1115/696 1491/1114/696 1490/1113/695 

vn -0.710553 0.266796 -0.651102
v 482.345 18.9702 -8.3909
f 1136/1120/696 1135/1119/697 1492/1118/697 1491/1117/696 

vn -0.69917 0.317335 -0.640671
v 482.284 18.5913 -8.44656
f 1135/1124/697 1134/1123/698 1493/1122/698 1492/1121/697 

vn -0.655254 0.458396 -0.600429
v 482.162 18.2334 -8.55797
f 1134/1128/698 1133/1127/699 1494/1126/699 1493/1125/698 

vn -0.658707 0.4492 -0.603593
v 482.039 17.9408 -8.67131
f 1133/1132/699 1132/1131/700 1495/1130/700 1494/1129/699 

vn -0.703016 0.301298 -0.644195
v 481.968 17.7205 -8.73619
f 1132/1136/700 1131/1135/701 1496/1134/701 1495/1133/700 

vn -0.725713 0.176422 -0.664993
v 481.924 17.4279 -8.77648
f 1131/1140/701 1130/1139/702 1497/1138/702 1496/1137/701 

vn -0.728945 0.149916 -0.667955
v 481.882 17.0583 -8.81515
f 1130/1144/702 1129/1143/703 1498/1142/703 1497/1141/702 

vn -0.72584 0.175457 -0.66511
v 481.842 16.692 -8.85188
f 1129/1148/703 1128/1147/704 1499/1146/704 1498/1145/703 

vn -0.694816 0.334468 -0.636681
v 481.797 16.4047 -8.89231
f 1128/1152/704 1127/1151/705 1500/1150/705 1499/1149/704 

vn -0.624119 0.532359 -0.5719
v 481.717 16.1946 -8.96561
f 1127/1156/705 1126/1155/706 1501/1154/706 1500/1153/705 

vn -0.597886 0.585132 -0.547862
v 481.606 15.9947 -9.06744
f 1126/1160/706 1125/1159/707 1502/1158/707 1501/1157/706 

vn -0.617895 0.545551 -0.566197
v 481.475 15.7361 -9.18801
f 1125/1164/707 1124/1163/708 1503/1162/708 1502/1161/707 

vn -0.601094 0.579055 -0.550801
v 481.349 15.4582 -9.30314
f 1124/1168/708 1123/1167/709 1504/1166/709 1503/1165/708 

vn -0.492428 0.744251 -0.451227
v 481.263 15.3159 -9.38169
f 1123/1172/709 1122/1171/710 1505/1170/710 1504/1169/709 

vn -0.402202 0.838096 -0.36855
v 481.201 15.261 -9.43859
f 1122/1176/710 1121/1175/711 1506/1174/711 1505/1173/710 

vn 0.369714 0.865181 0.338781
vn 0.327244 0.896099 0.299864
v 481.109 15.3337 -9.52327
f 1121/1180/712 1120/1179/713 1507/1178/713 1506/1177/712 

vn 0.283375 0.923186 0.259666
v 480.93 15.4345 -9.68692
f 1120/1184/713 1119/1183/714 1508/1182/714 1507/1181/713 

vn 0.0187786 0.999676 0.0172074
v 480.754 15.4406 -9.84875
f 1119/1188/715 1118/1187/715 1509/1186/715 1508/1185/715 

vn -0.644429 0.485807 -0.590511
v 480.665 15.2239 -9.93014
f 1118/1192/716 1117/1191/716 1510/1190/716 1509/1189/716 

vn -0.736157 -0.0550959 -0.674564
vn -0.731838 -0.121245 -0.670606
v 480.685 14.7287 -9.91168
f 1117/1196/717 1116/1195/718 1511/1194/718 1510/1193/717 

vn -0.71778 -0.228454 -0.657724
v 480.767 14.1446 -9.83662
f 1116/1200/718 1115/1199/719 1512/1198/719 1511/1197/718 

vn -0.696471 -0.328071 -0.638198
v 480.86 13.692 -9.75101
f 1115/1204/719 1114/1203/720 1513/1202/720 1512/1201/719 

vn -0.675825 -0.399691 -0.61928
v 480.893 13.5853 -9.7209
f 1114/1208/720 1113/1207/721 1514/1206/721 1513/1205/720 

vn -0.671902 -0.41168 -0.615684
v 480.911 13.5333 -9.70495
f 1113/1212/721 1112/1211/722 1515/1210/722 1514/1209/721 

vn -0.673193 -0.407781 -0.616868
v 480.931 13.4724 -9.68647
f 1112/1216/722 1111/1215/723 1516/1214/723 1515/1213/722 

vn -0.673709 -0.406209 -0.617341
v 480.953 13.4038 -9.66586
f 1111/1220/723 1110/1219/724 1517/1218/724 1516/1217/723 

vn 0.0961202 0.991465 0.0880779
vn 0.105752 0.98966 0.0969042
v 480.436 13.4961 -10.1402
f 1110/1224/725 1109/1223/726 1518/1222/726 1517/1221/725 

vn 0.123732 0.985817 0.113379
v 479.939 13.6027 -10.5948
f 1109/1228/726 1108/1227/727 1519/1226/727 1518/1225/726 

vn 0.139074 0.982048 0.127438
v 479.466 13.7198 -11.0291
f 1108/1232/727 1107/1231/728 1520/1230/728 1519/1229/727 

vn 0.151539 0.978649 0.13886
v 479.014 13.8434 -11.4424
f 1107/1236/728 1106/1235/729 1521/1234/729 1520/1233/728 

vn 0.160807 0.975924 0.147353
v 478.587 13.9698 -11.8342
f 1106/1240/729 1105/1239/730 1522/1238/730 1521/1237/729 

vn 0.166435 0.974187 0.152509
v 478.183 14.0952 -12.204
f 1105/1244/730 1104/1243/731 1523/1242/731 1522/1241/730 

vn 0.16779 0.973759 0.153751
v 477.804 14.2157 -12.5512
f 1104/1248/731 1103/1247/732 1524/1246/732 1523/1245/731 

vn 0.164819 0.974692 0.151029
v 477.451 14.3274 -12.8752
f 1103/1252/732 1102/1251/733 1525/1250/733 1524/1249/732 

vn 0.26774 0.931732 0.245339
v 477.205 14.4027 -13.1006
f 1102/1256/733 1101/1255/734 1526/1254/734 1525/1253/733 

vn 0.306392 0.90956 0.280757
v 477.166 14.4333 -13.1366
f 1101/1260/734 1100/1259/735 1527/1258/735 1526/1257/734 

vn 0.286533 0.921391 0.262559
v 477.114 14.4579 -13.1843
f 1100/1264/735 1099/1263/736 1528/1262/736 1527/1261/735 

vn 0.371487 0.863783 0.340405
v 477.063 14.4921 -13.2307
f 1099/1268/736 1098/1267/737 1529/1266/737 1528/1265/736 

vn 0.402169 0.838125 0.36852
v 476.903 14.6386 -13.3773
f 1098/1272/737 1097/1271/738 1530/1270/738 1529/1269/737 

vn 0.387912 0.850397 0.355456
v 476.721 14.7934 -13.544
f 1097/1276/738 1096/1275/739 1531/1274/739 1530/1273/738 

vn 0.384031 0.853632 0.3519
v 476.629 14.8699 -13.6288
f 1096/1280/739 1095/1279/740 1532/1278/740 1531/1277/739 

vn 0.734701 -0.0835264 0.673229
vn 0.734668 -0.0840538 0.673199
v 476.654 15.2889 -13.605
f 1095/1284/741 1094/1283/742 1533/1282/742 1532/1281/741 

vn 0.734635 -0.0845811 0.673169
v 476.708 16.1515 -13.5556
f 1094/1288/742 1093/1287/743 1534/1286/743 1533/1285/742 

vn 0.732205 -0.117097 0.670942
v 476.741 16.677 -13.5254
f 1093/1287/743 1092/1290/744 1535/1289/744 1534/1286/743 

vn 0.729413 -0.145668 0.668384
v 476.766 16.903 -13.5023
f 1092/1294/744 1091/1293/745 1536/1292/745 1535/1291/744 

vn 0.731008 -0.130133 0.669845
v 476.824 17.45 -13.4494
f 1091/1298/745 1090/1297/746 1537/1296/746 1536/1295/745 

vn 0.737274 0.00295487 0.675587
v 476.872 17.995 -13.4055
f 1090/1302/746 1089/1301/747 1538/1300/747 1537/1299/746 

vn 0.731562 0.124268 0.670353
v 476.837 18.372 -13.4374
f 1089/1306/747 1088/1305/748 1539/1304/748 1538/1303/747 

vn 0.637093 0.503293 0.583788
vn 0.610325 0.56101 0.55926
v 476.685 18.7258 -13.5766
f 1088/1310/749 1087/1309/750 1540/1308/750 1539/1307/749 

vn 0.599269 0.582524 0.549129
v 476.463 19.1107 -13.78
f 1087/1314/750 1086/1313/751 1541/1312/751 1540/1311/750 

vn 0.657148 0.453379 0.602166
v 476.263 19.5253 -13.9635
f 1086/1318/751 1085/1317/752 1542/1316/752 1541/1315/751 

vn 0.714801 0.245037 0.654994
v 476.163 19.8867 -14.0557
f 1085/1322/752 1084/1321/753 1543/1320/753 1542/1319/752 

vn 0.737112 -0.0211894 0.675439
v 476.135 20.1683 -14.0813
f 1084/1326/753 1083/1325/754 1544/1324/754 1543/1323/753 

vn 0.725856 -0.175336 0.665124
v 476.158 20.3487 -14.0596
f 1083/1330/754 1082/1329/755 1545/1328/755 1544/1327/754 

vn 0.474909 -0.764909 0.435174
v 476.228 20.4284 -13.9957
f 1082/1334/756 1081/1333/756 1546/1332/756 1545/1331/756 

vn -0.0705546 -0.995411 -0.0646514
v 476.333 20.4148 -13.8997
f 1081/1338/757 1080/1337/757 1547/1336/757 1546/1335/757 

vn -0.490043 -0.747141 -0.449042
vn -0.559994 -0.650457 -0.51314
v 476.468 20.2512 -13.7755
f 1080/1342/758 1079/1341/759 1548/1340/759 1547/1339/758 

vn -0.618829 -0.543602 -0.567052
v 476.616 19.9409 -13.6404
f 1079/1346/759 1078/1345/760 1549/1344/760 1548/1343/759 

vn -0.617986 -0.545364 -0.566279
v 476.723 19.7165 -13.5417
f 1078/1350/760 1077/1349/761 1550/1348/761 1549/1347/760 

vn 0.111798 -0.988436 0.102444
v 476.773 19.7268 -13.4959
f 1077/1354/762 1076/1353/762 1551/1352/762 1550/1351/762 

vn 0.666918 -0.426329 0.611118
vn 0.686207 -0.365702 0.628793
v 476.818 19.8559 -13.4549
f 1076/1358/763 1075/1357/764 1552/1356/764 1551/1355/763 

vn 0.721533 -0.205556 0.661163
v 476.861 20.0391 -13.4154
f 1075/1360/764 1074/888/765 1553/885/765 1552/1359/764 

vn 0.736557 0.0441914 0.67493
v 476.879 20.2612 -13.3995
f 1074/1364/765 1073/1363/766 1554/1362/766 1553/1361/765 

vn 0.724466 0.185613 0.66385
v 476.84 20.5262 -13.4347
f 1073/1368/766 1072/1367/767 1555/1366/767 1554/1365/766 

vn 0.725463 0.178303 0.664764
v 476.817 20.699 -13.4559
f 1072/1372/767 1071/1371/768 1556/1370/768 1555/1369/767 

vn -0.145706 -0.980277 -0.133515
vn -0.10185 -0.990412 -0.093328
v 476.887 20.6799 -13.3919
f 1071/1376/769 1070/1375/770 1557/1374/770 1556/1373/769 

vn 0.0446543 -0.998164 0.0409182
v 476.982 20.6699 -13.3052
f 1070/1380/770 1069/1379/771 1558/1378/771 1557/1377/770 

vn 0.146072 -0.980177 0.13385
v 477.074 20.6953 -13.2202
f 1069/1384/771 1068/1383/772 1559/1382/772 1558/1381/771 

vn 0.403289 -0.837134 0.369546
vn 0.495238 -0.740812 0.453802
v 477.153 20.7649 -13.1483
f 1068/1388/773 1067/1387/774 1560/1386/774 1559/1385/773 

vn 0.57489 -0.626094 0.52679
v 477.204 20.8508 -13.1017
f 1067/1392/774 1066/1391/775 1561/1390/775 1560/1389/774 

vn 0.737174 -0.01674 0.675496
v 477.205 20.9566 -13.1005
f 1066/1396/776 1065/1395/776 1562/1394/776 1561/1393/776 

vn 0.65498 0.459115 0.600179
vn 0.61479 0.551969 0.563351
v 477.137 21.1342 -13.1625
f 1065/1400/777 1064/1399/778 1563/1398/778 1562/1397/777 

vn 0.506826 0.726252 0.46442
v 477.03 21.3099 -13.261
f 1064/1404/778 1063/1403/779 1564/1402/779 1563/1401/778 

vn 0.43094 0.811392 0.394884
v 476.911 21.4296 -13.3701
f 1063/1408/779 1062/1407/780 1565/1406/780 1564/1405/779 

vn 0.461733 0.779608 0.4231
v 476.8 21.5352 -13.4719
f 1062/1412/780 1061/1411/781 1566/1410/781 1565/1409/780 

vn 0.498507 0.736768 0.456798
v 476.729 21.6229 -13.5365
f 1061/1416/781 1060/1415/782 1567/1414/782 1566/1413/781 

vn 0.717557 -0.229741 0.657519
vn 0.728469 -0.154112 0.667519
v 476.745 21.7124 -13.5222
f 1060/1420/783 1059/1419/784 1568/1418/784 1567/1417/783 

vn 0.734106 0.0926529 0.672684
v 476.753 21.8591 -13.5145
f 1059/1424/784 1058/1423/785 1569/1422/785 1568/1421/784 

vn 0.711884 0.26019 0.652321
v 476.721 22.0229 -13.5443
f 1058/1428/785 1057/1427/786 1570/1426/786 1569/1425/785 

vn 0.425564 0.816596 0.389958
vn 0.331532 0.893194 0.303794
v 476.617 22.1221 -13.6392
f 1057/1432/787 1056/1431/788 1571/1430/788 1570/1429/787 

vn 0.230163 0.950023 0.210905
v 476.525 22.1632 -13.7235
f 1056/1436/788 1055/1435/789 1572/1434/789 1571/1433/788 

vn 0.510904 0.720976 0.468157
v 476.509 22.1838 -13.738
f 1055/1440/790 1054/1439/790 1573/1438/790 1572/1437/790 

vn 0.708615 0.276116 0.649326
vn 0.69285 0.341888 0.63488
v 476.49 22.2725 -13.7553
f 1054/1444/791 1053/1443/792 1574/1442/792 1573/1441/791 

vn 0.67377 0.406024 0.617397
v 476.456 22.3786 -13.7871
f 1053/1448/792 1052/1447/793 1575/1446/793 1574/1445/792 

vn 0.484894 0.753296 0.444323
v 476.403 22.4413 -13.8357
f 1052/1452/794 1051/1451/794 1576/1450/794 1575/1449/794 

vn 0.171477 0.972577 0.15713
vn 0.141839 0.98132 0.129972
v 476.326 22.4661 -13.9055
f 1051/1456/795 1050/1455/796 1577/1454/796 1576/1453/795 

vn 0.111962 0.988402 0.102594
v 476.265 22.4789 -13.9619
f 1050/1460/796 1049/1459/797 1578/1458/797 1577/1457/796 

vn 0.54669 0.670955 0.500949
vn 0.573886 0.627786 0.52587
v 476.245 22.5086 -13.9801
f 1049/1464/798 1048/1463/799 1579/1462/799 1578/1461/798 

vn 0.572462 0.630173 0.524565
v 476.206 22.5829 -14.0161
f 1048/1468/799 1047/1467/800 1580/1466/800 1579/1465/799 

vn 0.499724 0.73525 0.457912
v 476.149 22.6676 -14.0684
f 1047/1472/800 1046/1471/801 1581/1470/801 1580/1469/800 

vn 0.491455 0.745432 0.450336
v 476.088 22.7318 -14.1243
f 1046/1476/801 1045/1475/802 1582/1474/802 1581/1473/801 

vn 0.573683 0.628128 0.525684
v 476.023 22.8214 -14.1832
f 1045/1480/802 1044/1479/803 1583/1478/803 1582/1477/802 

vn 0.635831 0.50622 0.582632
v 475.963 22.9455 -14.2389
f 1044/1484/803 1043/1483/804 1584/1482/804 1583/1481/803 

vn 0.655576 0.457548 0.600725
v 475.911 23.0815 -14.2862
f 1043/1488/804 1042/1487/805 1585/1486/805 1584/1485/804 

vn 0.151694 0.978605 0.139002
v 475.851 23.0987 -14.3413
f 1042/1492/806 1041/1491/806 1586/1490/806 1585/1489/806 

vn -0.497772 0.737681 -0.456124
vn -0.552311 0.662432 -0.5061
v 475.786 23.0175 -14.4012
f 1041/1496/807 1040/1495/808 1587/1494/808 1586/1493/807 

vn -0.536229 0.686309 -0.491364
v 475.725 22.9028 -14.4563
f 1040/1500/808 1039/1499/809 1588/1498/809 1587/1497/808 

vn -0.461577 0.779778 -0.422957
v 475.689 22.8637 -14.4893
f 1039/1504/809 1038/1503/810 1589/1502/810 1588/1501/809 

vn 0.398866 0.841024 0.365493
vn 0.398407 0.841423 0.365073
v 475.668 22.8827 -14.5093
f 1038/1508/811 1037/1507/812 1590/1506/812 1589/1505/811 

vn 0.363561 0.869965 0.333142
v 475.617 22.9266 -14.5555
f 1037/1512/812 1036/1511/813 1591/1510/813 1590/1509/812 

vn 0.221222 0.953923 0.202712
v 475.535 22.9816 -14.6304
f 1036/1516/813 1035/1515/814 1592/1514/814 1591/1513/813 

vn 0.108947 0.989022 0.0998313
v 475.455 22.9978 -14.7037
f 1035/1520/814 1034/1519/815 1593/1518/815 1592/1517/814 

vn -0.715051 0.24369 -0.655223
v 475.436 22.8915 -14.7217
f 1034/1524/816 1033/1523/816 1594/1522/816 1593/1521/816 

vn -0.730599 -0.134296 -0.66947
vn -0.73296 -0.108059 -0.671634
v 475.452 22.7305 -14.707
f 1033/1528/817 1032/1527/818 1595/1526/818 1594/1525/817 

vn -0.736241 0.0529921 -0.674641
v 475.46 22.602 -14.6998
f 1032/1532/818 1031/1531/819 1596/1530/819 1595/1529/818 

vn -0.717117 0.23225 -0.657117
v 475.434 22.4203 -14.7232
f 1031/1536/819 1030/1535/820 1597/1534/820 1596/1533/819 

vn -0.702393 0.303959 -0.643625
v 475.391 22.2178 -14.7627
f 1030/1540/820 1029/1539/821 1598/1538/821 1597/1537/820 

vn -0.718525 0.224103 -0.658407
v 475.351 22.0611 -14.7997
f 1029/1544/821 1028/1543/822 1599/1542/822 1598/1541/821 

vn -0.734679 0.0838768 -0.67321
v 475.325 21.7634 -14.823
f 1028/1548/822 1027/1547/823 1600/1546/823 1599/1545/822 

vn -0.73471 0.083385 -0.673237
v 475.313 21.4521 -14.8341
f 1027/1552/823 1026/1551/824 1601/1550/824 1600/1549/823 

vn -0.732469 0.114027 -0.671184
v 475.304 21.3503 -14.842
f 1026/1556/824 1025/1555/825 1602/1554/825 1601/1553/824 

vn -0.552801 0.661679 -0.506549
vn -0.571053 0.632521 -0.523274
v 475.203 21.1941 -14.9351
f 1025/1560/826 1024/1559/827 1603/1558/827 1602/1557/826 

vn -0.628376 0.523066 -0.5758
v 475.053 20.9245 -15.0726
f 1024/1564/827 1023/1563/828 1604/1562/828 1603/1561/827 

vn -0.699993 0.313979 -0.641426
v 474.95 20.6393 -15.1667
f 1023/1568/828 1022/1567/829 1605/1566/829 1604/1565/828 

vn -0.730928 0.130954 -0.669772
v 474.905 20.3092 -15.2083
f 1022/1572/829 1021/1571/830 1606/1570/830 1605/1569/829 

vn -0.735095 0.076878 -0.673591
v 474.888 20.0263 -15.2233
f 1021/1576/830 1020/1575/831 1607/1574/831 1606/1573/830 

vn -0.735168 0.0755981 -0.673657
v 474.883 19.9376 -15.2278
f 1020/1580/831 1019/1579/832 1608/1578/832 1607/1577/831 

vn -0.380033 0.856917 -0.348236
vn -0.423737 0.818342 -0.388283
v 474.817 19.8831 -15.2891
f 1019/1584/833 1018/1583/834 1609/1582/834 1608/1581/833 

vn -0.465321 0.775674 -0.426388
v 474.717 19.773 -15.3805
f 1018/1588/834 1017/1587/835 1610/1586/835 1609/1585/834 

vn -0.641864 0.492015 -0.58816
v 474.658 19.6312 -15.4347
f 1017/1592/836 1016/1591/836 1611/1590/836 1610/1589/836 

vn -0.735877 -0.0615955 -0.674307
vn -0.724971 -0.181949 -0.664313
v 474.665 19.4631 -15.4277
f 1016/1596/837 1015/1595/838 1612/1594/838 1611/1593/837 

vn -0.68791 -0.359768 -0.630354
v 474.698 19.3203 -15.3974
f 1015/1600/838 1014/1599/839 1613/1598/839 1612/1597/838 

vn -0.669625 -0.418448 -0.613598
v 474.715 19.2718 -15.3823
f 1014/1604/839 1013/1603/840 1614/1602/840 1613/1601/839 

vn -0.291598 -0.918463 -0.2672
vn -0.300435 -0.913209 -0.275298
v 474.769 19.2401 -15.3325
f 1013/1608/841 1012/1607/842 1615/1606/842 1614/1605/841 

vn -0.337336 -0.889188 -0.309111
v 474.86 19.1832 -15.2492
f 1012/1612/842 1011/1611/843 1616/1610/843 1615/1609/842 

vn -0.364844 -0.868977 -0.334318
v 474.929 19.1298 -15.1859
f 1011/1616/843 1010/1615/844 1617/1614/844 1616/1613/843 

vn -0.646212 -0.48143 -0.592144
v 474.948 19.0828 -15.1685
f 1010/1620/845 1009/1619/845 1618/1618/845 1617/1617/845 

vn -0.682631 0.377816 -0.625516
vn -0.634469 0.509354 -0.581384
v 474.932 19.0277 -15.1837
f 1009/1624/846 1008/1623/847 1619/1622/847 1618/1621/846 

vn -0.571927 0.631067 -0.524075
v 474.734 18.6969 -15.365
f 1008/1628/847 1007/1627/848 1620/1626/848 1619/1625/847 

vn -0.569053 0.635829 -0.521441
v 474.381 18.1104 -15.6882
f 1007/1632/848 1006/1631/849 1621/1630/849 1620/1629/848 

vn -0.603564 0.574309 -0.553064
v 474.102 17.6549 -15.9442
f 1006/1636/849 1005/1635/850 1622/1634/850 1621/1633/849 

vn -0.636211 0.50534 -0.58298
v 474.002 17.4243 -16.0354
f 1005/1640/850 1004/1639/851 1623/1638/851 1622/1637/850 

vn -0.680165 -0.38591 -0.623257
v 474.05 17.27 -15.9918
f 1004/1644/852 1003/1643/852 1624/1642/852 1623/1641/852 

vn -0.362477 -0.870797 -0.332149
vn -0.448489 -0.793704 -0.410965
v 474.233 17.1297 -15.824
f 1003/1648/853 1002/1647/854 1625/1646/854 1624/1645/853 

vn -0.525732 -0.701091 -0.481744
v 474.389 16.9141 -15.6808
f 1002/1652/854 1001/1651/855 1626/1650/855 1625/1649/854 

vn -0.719209 0.220033 -0.659033
v 474.334 16.5804 -15.7316
f 1001/1656/856 1000/1655/856 1627/1654/856 1626/1653/856 

vn -0.509972 0.722189 -0.467303
vn -0.481155 0.757693 -0.440898
v 473.99 16.1335 -16.0468
f 1000/1660/857 999/1659/858 1628/1658/858 1627/1657/857 

vn -0.471308 0.768995 -0.431874
v 473.777 15.911 -16.2412
f 999/1664/858 998/1663/859 1629/1662/859 1628/1661/858 

vn -0.519739 0.709263 -0.476253
v 473.606 15.7036 -16.3982
f 998/1668/859 997/1667/860 1630/1666/860 1629/1665/859 

vn -0.5612 0.648542 -0.514245
v 473.477 15.5104 -16.5161
f 997/1672/860 996/1671/861 1631/1670/861 1630/1669/860 

vn -0.543056 0.676361 -0.497619
v 473.44 15.4479 -16.55
f 996/1676/861 995/1675/862 1632/1674/862 1631/1673/861 

vn -0.508758 0.723762 -0.466191
v 473.406 15.4032 -16.5817
f 995/1680/862 994/1679/863 1633/1678/863 1632/1677/862 

vn 0.387855 0.850445 0.355404
vn 0.277074 0.926698 0.253892
v 473.376 15.428 -16.6087
f 994/1684/864 993/1683/865 1634/1682/865 1633/1681/864 

vn 0.16092 0.97589 0.147456
v 472.919 15.5645 -17.0279
f 993/1692/865 992/1691/866 1635/1690/866 1634/1689/865 

vn 0.159673 0.976267 0.146313
v 472.407 15.7222 -17.4968
f 992/1696/866 991/1695/867 1636/1694/867 1635/1693/866 

vn 0.15377 0.978009 0.140904
v 471.886 15.8751 -17.9742
f 991/1700/867 990/1699/868 1637/1698/868 1636/1697/867 

vn 0.150903 0.97883 0.138277
v 471.372 16.0218 -18.4459
f 990/1704/868 989/1703/869 1638/1702/869 1637/1701/868 

vn 0.15109 0.978777 0.138449
v 470.878 16.161 -18.8977
f 989/1708/869 988/1707/870 1639/1706/870 1638/1705/869 

vn 0.155007 0.977649 0.142037
v 470.422 16.2913 -19.3156
f 988/1712/870 987/1711/871 1640/1710/871 1639/1709/870 

vn 0.164555 0.974774 0.150786
v 470.019 16.4114 -19.6852
f 987/1716/871 986/1715/872 1641/1714/872 1640/1713/871 

vn 0.184911 0.968038 0.16944
v 469.684 16.5199 -19.9925
f 986/1720/872 985/1719/873 1642/1718/873 1641/1717/872 

vn 0.198686 0.963004 0.182062
v 469.432 16.6154 -20.2232
f 985/1724/873 984/1723/874 1643/1722/874 1642/1721/873 

vn 0.71582 0.2395 0.655928
vn 0.718351 0.225126 0.658248
v 469.406 16.7565 -20.2467
f 984/1728/875 983/1727/876 1644/1726/876 1643/1725/875 

vn 0.727594 0.161539 0.666717
v 469.373 16.9629 -20.2768
f 983/1732/876 982/1731/877 1645/1730/877 1644/1729/876 

vn 0.737277 -0.0012503 0.67559
v 469.347 17.2841 -20.3012
f 982/1736/877 981/1735/878 1646/1734/878 1645/1733/877 

vn 0.723655 -0.191343 0.663107
v 469.408 18.0007 -20.2455
f 981/1740/878 980/1739/879 1647/1738/879 1646/1737/878 

vn 0.706989 -0.283682 0.647836
v 469.57 18.7974 -20.0963
f 980/1744/879 979/1743/880 1648/1742/880 1647/1741/879 

vn 0.718226 -0.22586 0.658133
v 469.704 19.3744 -19.9736
f 979/1748/880 978/1747/881 1649/1746/881 1648/1745/880 

vn 0.728916 -0.150173 0.667929
v 469.74 19.693 -19.9409
f 978/1752/881 977/1751/882 1650/1750/882 1649/1749/881 

vn 0.722231 0.200994 0.661803
vn 0.693496 0.339468 0.635472
v 469.692 20.0074 -19.9845
f 977/1756/883 976/1755/884 1651/1754/884 1650/1753/883 

vn 0.660174 0.445218 0.604938
v 469.541 20.3921 -20.1232
f 976/1760/884 975/1759/885 1652/1758/885 1651/1757/884 

vn 0.69849 0.320077 0.640048
v 469.359 20.9255 -20.2896
f 975/1764/885 974/1763/886 1653/1762/886 1652/1761/885 

vn 0.730767 0.1326 0.669625
v 469.265 21.5 -20.376
f 974/1768/886 973/1767/887 1654/1766/887 1653/1765/886 

vn 0.736468 0.046851 0.674848
v 469.252 21.8837 -20.3882
f 973/1772/887 972/1771/888 1655/1770/888 1654/1769/887 

vn 0.634983 -0.508174 0.581855
v 469.312 22.0223 -20.3329
f 972/1776/889 971/1775/889 1656/1774/889 1655/1773/889 

vn 0.290353 -0.919188 0.26606
v 469.424 22.0871 -20.2308
f 971/1780/890 970/1779/890 1657/1778/890 1656/1777/890 

vn -0.058655 -0.99683 -0.0537474
v 469.555 22.0729 -20.1104
f 970/1784/891 969/1783/891 1658/1782/891 1657/1781/891 

vn -0.612786 -0.556052 -0.561515
v 469.651 21.8782 -20.0224
f 969/1788/892 968/1787/892 1659/1786/892 1658/1785/892 

vn -0.730861 -0.131643 -0.669711
vn -0.731001 -0.130208 -0.669839
v 469.69 21.4813 -19.9868
f 968/1792/893 967/1791/894 1660/1790/894 1659/1789/893 

vn -0.731139 -0.128772 -0.669965
v 469.725 21.1185 -19.955
f 967/1796/894 966/1795/895 1661/1794/895 1660/1793/894 

vn -0.477509 -0.761925 -0.437556
v 469.805 21.0256 -19.8811
f 966/1800/896 965/1799/896 1662/1798/896 1661/1797/896 

vn 0.59882 -0.583373 0.548717
vn 0.658979 -0.448465 0.603843
v 469.92 21.2425 -19.7759
f 965/1804/897 964/1803/898 1663/1802/898 1662/1801/897 

vn 0.718954 -0.221555 0.6588
v 470.019 21.6661 -19.6851
f 964/1808/898 963/1807/899 1664/1806/899 1663/1805/898 

vn 0.734619 -0.0848426 0.673154
v 470.064 22.0959 -19.6443
f 963/1812/899 962/1811/900 1665/1810/900 1664/1809/899 

vn 0.736416 0.0483196 0.674801
v 470.069 22.322 -19.6396
f 962/1816/900 961/1815/901 1666/1814/901 1665/1813/900 

vn 0.731343 0.126626 0.670152
v 470.062 22.3969 -19.6461
f 961/1820/901 960/1819/902 1667/1818/902 1666/1817/901 

vn 0.442897 -0.79946 0.40584
vn 0.447364 -0.794871 0.409933
v 470.087 22.423 -19.6226
f 960/1824/903 959/1823/904 1668/1822/904 1667/1821/903 

vn 0.493864 -0.742498 0.452543
v 470.168 22.5079 -19.5487
f 959/1828/904 958/1827/905 1669/1826/905 1668/1825/904 

vn 0.613364 -0.554879 0.562044
v 470.25 22.6238 -19.4739
f 958/1832/905 957/1831/906 1670/1830/906 1669/1829/905 

vn 0.705948 -0.288412 0.646882
v 470.291 22.7518 -19.4359
f 957/1836/906 956/1835/907 1671/1834/907 1670/1833/906 

vn 0.73175 -0.122216 0.670526
v 470.308 22.8841 -19.4204
f 956/1840/907 955/1839/908 1672/1838/908 1671/1837/907 

vn 0.731819 -0.121456 0.670589
v 470.313 22.975 -19.4159
f 955/1844/908 954/1843/909 1673/1842/909 1672/1841/908 

vn 0.731073 -0.129454 0.669905
v 470.319 23.0192 -19.4108
f 954/1848/909 953/1847/910 1674/1846/910 1673/1845/909 

vn 0.735845 0.0622938 0.674278
v 470.323 23.0931 -19.4063
f 953/1852/910 952/1851/911 1675/1850/911 1674/1849/910 

vn 0.686541 0.364548 0.629099
v 470.31 23.1783 -19.4188
f 952/1856/911 951/1855/912 1676/1854/912 1675/1853/911 

vn 0.671673 0.412367 0.615475
v 470.275 23.2588 -19.4508
f 951/1860/912 950/1859/913 1677/1858/913 1676/1857/912 

vn 0.719512 0.2182 0.659311
v 470.254 23.344 -19.4698
f 950/1864/913 949/1863/914 1678/1862/914 1677/1861/913 

vn 0.722769 0.197403 0.662296
v 470.246 23.4319 -19.477
f 949/1868/914 948/1867/915 1679/1866/915 1678/1865/914 

vn 0.709367 0.272541 0.650015
v 470.231 23.5051 -19.4911
f 948/1872/915 947/1871/916 1680/1870/916 1679/1869/915 

vn 0.17736 0.970634 0.16252
vn 0.064916 0.996116 0.0594846
v 470.165 23.5274 -19.5517
f 947/1876/917 946/1875/918 1681/1874/918 1680/1873/917 

vn 0.0123428 0.99986 0.0113101
v 470.066 23.5185 -19.6421
f 946/1880/918 945/1879/919 1682/1878/919 1681/1877/918 

vn 0.0736797 0.994994 0.0675151
v 469.982 23.5299 -19.7191
f 945/1884/919 944/1883/920 1683/1882/920 1682/1881/919 

vn 0.737186 0.0157281 0.675507
vn 0.732783 -0.110243 0.671472
v 469.981 23.6375 -19.7202
f 944/1888/921 943/1887/922 1684/1886/922 1683/1885/921 

vn 0.733475 -0.10143 0.672106
v 470.005 23.7709 -19.6985
f 943/1892/922 942/1891/923 1685/1890/923 1684/1889/922 

vn 0.721755 0.204119 0.661366
v 470.002 23.8622 -19.7006
f 942/1896/923 941/1895/924 1686/1894/924 1685/1893/923 

vn 0.685318 0.368759 0.627978
v 469.98 23.937 -19.7206
f 941/1900/924 940/1899/925 1687/1898/925 1686/1897/924 

vn 0.490471 0.746624 0.449434
vn 0.457559 0.784123 0.419275
v 469.898 24.037 -19.7964
f 940/1904/926 939/1903/927 1688/1902/927 1687/1901/926 

vn 0.479332 0.759816 0.439227
v 469.748 24.1796 -19.9339
f 939/1908/927 938/1907/928 1689/1906/928 1688/1905/927 

vn 0.602773 0.575834 0.55234
v 469.666 24.2939 -20.0083
f 938/1912/928 937/1911/929 1690/1910/929 1689/1909/928 

vn 0.661824 0.440691 0.60645
v 469.636 24.3772 -20.0362
f 937/1916/929 936/1915/930 1691/1914/930 1690/1913/929 

vn 0.66325 0.436729 0.607756
v 469.615 24.4362 -20.0556
f 936/1920/930 935/1919/931 1692/1918/931 1691/1917/930 

vn 0.329187 0.894788 0.301644
v 469.572 24.465 -20.0946
f 935/1924/932 934/1923/932 1693/1922/932 1692/1921/932 

vn -0.200828 0.962186 -0.184025
v 469.517 24.4438 -20.1453
f 934/1928/933 933/1927/933 1694/1926/933 1693/1925/933 

vn -0.504951 0.72865 -0.462702
vn -0.432772 0.809597 -0.396562
v 469.459 24.3695 -20.1987
f 933/1932/934 932/1931/935 1695/1930/935 1694/1929/934 

vn -0.353609 0.877479 -0.324023
v 469.396 24.3232 -20.2559
f 932/1936/935 931/1935/936 1696/1934/936 1695/1933/935 

vn -0.0673169 0.995823 -0.0616846
f 931/1940/937 875/1939/937 878/1938/937 1696/1937/937 

vn -0.67559 2.55737e-16 0.737277
v 469.228 24.4411 -20.4103
v 469.154 24.5181 -20.4777
v 469.082 24.5127 -20.5436
v 469.042 24.4305 -20.5801
v 469.025 24.3342 -20.5959
v 469.011 24.2769 -20.6092
v 468.968 24.2235 -20.6487
v 468.907 24.1733 -20.7043
v 468.84 24.1433 -20.7654
v 468.738 24.1518 -20.8588
v 468.64 24.1517 -20.949
v 468.594 24.0902 -20.9907
v 468.585 23.9864 -20.9993
v 468.584 23.8662 -21.0003
v 468.571 23.7519 -21.0123
v 468.534 23.6974 -21.046
v 468.477 23.6767 -21.0981
v 468.408 23.6438 -21.1618
v 468.36 23.5716 -21.2057
v 468.329 23.4842 -21.2337
v 468.303 23.4083 -21.2576
v 468.314 23.3132 -21.2473
v 468.332 23.2097 -21.2309
v 468.303 23.1289 -21.2574
v 468.22 23.0705 -21.3334
v 468.138 23.0056 -21.4091
v 468.11 22.9056 -21.4344
v 468.116 22.7642 -21.4289
v 468.126 22.6411 -21.4196
v 468.127 22.6017 -21.4186
v 468.067 22.5666 -21.4743
v 467.977 22.5054 -21.5562
v 467.929 22.4419 -21.6008
v 467.97 22.2831 -21.5627
v 468.046 22.0937 -21.4933
v 468.076 22.0221 -21.4658
v 468.023 22.0173 -21.5138
v 467.924 21.9961 -21.605
v 467.82 21.9459 -21.7007
v 467.804 21.8044 -21.715
v 467.845 21.5423 -21.6769
v 467.844 21.1624 -21.6783
v 467.59 20.5346 -21.9109
v 467.191 19.9063 -22.2766
v 466.927 19.7332 -22.5185
v 466.759 20.0357 -22.6725
v 466.565 20.4101 -22.8498
v 466.393 20.5576 -23.0075
v 466.286 20.3368 -23.1061
v 466.233 19.897 -23.1541
f 1317/440/938 1318/439/938 1319/438/938 1320/437/938 1321/436/938 1322/435/938 1323/434/938 1324/433/938 1325/432/938 1326/431/938 1327/430/938 1328/429/938 1329/428/938 1330/427/938 1331/426/938 1332/425/938 1333/424/938 1334/423/938 1335/422/938 1336/421/938 1337/420/938 1338/419/938 1339/418/938 1340/417/938 1341/416/938 1342/415/938 1343/414/938 1344/413/938 1345/412/938 1346/411/938 1347/410/938 1348/409/938 1349/408/938 1350/407/938 1351/406/938 1352/405/938 1353/404/938 1354/403/938 1355/402/938 1356/401/938 1357/400/938 1358/399/938 1359/398/938 1360/397/938 1361/396/938 1362/395/938 1363/394/938 1364/393/938 1365/392/938 1366/391/938 1367/390/938 1368/389/938 1369/388/938 1370/387/938 1371/386/938 1372/385/938 1373/384/938 1374/383/938 1375/382/938 1376/381/938 1377/380/938 1378/379/938 1379/378/938 1380/377/938 1381/376/938 1382/375/938 1383/374/938 1384/373/938 1385/372/938 1386/371/938 1387/370/938 1388/369/938 1389/368/938 1390/367/938 1391/366/938 1392/365/938 1393/364/938 1394/363/938 1395/362/938 1396/361/938 1397/360/938 1398/359/938 1399/358/938 1400/357/938 1401/356/938 1402/355/938 1403/354/938 1404/353/938 1405/352/938 1406/351/938 1407/350/938 1408/349/938 1409/348/938 1410/347/938 1411/346/938 1412/345/938 1413/344/938 1414/343/938 1415/342/938 1416/341/938 1417/340/938 1418/339/938 1419/338/938 1420/337/938 1421/336/938 1422/335/938 1423/334/938 1424/333/938 1425/332/938 1426/331/938 1427/330/938 1428/329/938 1429/328/938 1430/327/938 1431/326/938 1432/325/938 1433/324/938 1434/323/938 1435/322/938 1436/321/938 1437/320/938 1438/319/938 1439/318/938 1440/317/938 1441/316/938 1442/315/938 1443/314/938 1444/313/938 1445/312/938 1446/311/938 1447/310/938 1448/309/938 1449/308/938 1450/307/938 1451/306/938 1452/305/938 1453/304/938 1454/303/938 1455/302/938 1456/301/938 1457/300/938 1458/299/938 1459/298/938 1460/297/938 1461/296/938 1462/295/938 1463/294/938 1464/293/938 1465/292/938 1466/291/938 1467/290/938 1468/289/938 1469/288/938 1470/287/938 1471/286/938 1472/285/938 1473/284/938 1474/283/938 1475/282/938 1476/281/938 1477/280/938 1478/279/938 1479/278/938 1480/277/938 1481/276/938 1482/275/938 1483/274/938 1484/273/938 1485/272/938 1486/271/938 1487/270/938 1488/269/938 1489/268/938 1490/267/938 1491/266/938 1492/265/938 1493/264/938 1494/263/938 1495/262/938 1496/261/938 1497/260/938 1498/259/938 1499/258/938 1500/257/938 1501/256/938 1502/255/938 1503/254/938 1504/253/938 1505/252/938 1506/251/938 1507/250/938 1508/249/938 1509/248/938 1510/247/938 1511/246/938 1512/245/938 1513/244/938 1514/243/938 1515/242/938 1516/241/938 1517/240/938 1518/239/938 1519/238/938 1520/237/938 1521/236/938 1522/235/938 1523/234/938 1524/233/938 1525/232/938 1526/231/938 1527/230/938 1528/229/938 1529/228/938 1530/227/938 1531/226/938 1532/225/938 1533/224/938 1534/223/938 1535/222/938 1536/221/938 1537/220/938 1538/219/938 1539/218/938 1540/217/938 1541/216/938 1542/215/938 1543/214/938 1544/213/938 1545/212/938 1546/211/938 1547/210/938 1548/209/938 1549/208/938 1550/207/938 1551/206/938 1552/205/938 1553/204/938 1554/203/938 1555/202/938 1556/201/938 1557/200/938 1558/199/938 1559/198/938 1560/197/938 1561/196/938 1562/195/938 1563/194/938 1564/193/938 1565/192/938 1566/191/938 1567/190/938 1568/189/938 1569/188/938 1570/187/938 1571/186/938 1572/185/938 1573/184/938 1574/183/938 1575/182/938 1576/181/938 1577/180/938 1578/179/938 1579/178/938 1580/177/938 1581/176/938 1582/175/938 1583/174/938 1584/173/938 1585/172/938 1586/171/938 1587/170/938 1588/169/938 1589/168/938 1590/167/938 1591/166/938 1592/165/938 1593/164/938 1594/163/938 1595/162/938 1596/161/938 1597/160/938 1598/159/938 1599/158/938 1600/157/938 1601/156/938 1602/155/938 1603/154/938 1604/153/938 1605/152/938 1606/151/938 1607/150/938 1608/149/938 1609/148/938 1610/147/938 1611/146/938 1612/145/938 1613/144/938 1614/143/938 1615/142/938 1616/141/938 1617/140/938 1618/139/938 1619/138/938 1620/137/938 1621/136/938 1622/135/938 1623/134/938 1624/133/938 1625/132/938 1626/131/938 1627/130/938 1628/129/938 1629/128/938 1630/127/938 1631/126/938 1632/125/938 1633/124/938 1634/123/938 1635/122/938 1636/121/938 1637/120/938 1638/119/938 1639/118/938 1640/117/938 1641/116/938 1642/115/938 1643/114/938 1644/113/938 1645/112/938 1646/111/938 1647/110/938 1648/109/938 1649/108/938 1650/107/938 1651/106/938 1652/105/938 1653/104/938 1654/103/938 1655/102/938 1656/101/938 1657/100/938 1658/99/938 1659/98/938 1660/97/938 1661/96/938 1662/95/938 1663/94/938 1664/93/938 1665/92/938 1666/91/938 1667/90/938 1668/89/938 1669/88/938 1670/87/938 1671/86/938 1672/85/938 1673/84/938 1674/83/938 1675/82/938 1676/81/938 1677/80/938 1678/79/938 1679/78/938 1680/77/938 1681/76/938 1682/75/938 1683/74/938 1684/73/938 1685/72/938 1686/71/938 1687/70/938 1688/69/938 1689/68/938 1690/67/938 1691/66/938 1692/65/938 1693/64/938 1694/63/938 1695/62/938 1696/61/938 878/60/938 877/59/938 1697/58/938 1698/57/938 1699/56/938 1700/55/938 1701/54/938 1702/53/938 1703/52/938 1704/51/938 1705/50/938 1706/49/938 1707/48/938 1708/47/938 1709/46/938 1710/45/938 1711/44/938 1712/43/938 1713/42/938 1714/41/938 1715/40/938 1716/39/938 1717/38/938 1718/37/938 1719/36/938 1720/35/938 1721/34/938 1722/33/938 1723/32/938 1724/31/938 1725/30/938 1726/29/938 1727/28/938 1728/27/938 1729/26/938 1730/25/938 1731/24/938 1732/23/938 1733/22/938 1734/21/938 1735/20/938 1736/19/938 1737/18/938 1738/17/938 1739/16/938 1740/15/938 1741/14/938 1742/13/938 1743/12/938 1744/11/938 1745/10/938 1746/9/938 1314/8/938 1313/7/938 1315/6/938 1316/5/938 

v 473.38 15.4548 -16.6055
v 473.395 15.4285 -16.5913
f 1634/1688/505 1747/1687/505 1748/1686/505 1633/1685/505 

vn 0.494067 0.742249 0.452729
f 876/2377/504 930/2376/939 1697/2375/939 877/2374/504 

vn 0.450499 0.791607 0.412806
f 930/2381/939 929/2380/940 1698/2379/940 1697/2378/939 

vn -0.0405798 0.998484 -0.0371845
f 929/2385/941 928/2384/941 1699/2383/941 1698/2382/941 

vn -0.616216 0.549036 -0.564658
vn -0.676202 0.398516 -0.619625
f 928/2389/942 927/2388/943 1700/2387/943 1699/2386/942 

vn -0.707516 0.281255 -0.648319
f 927/2393/943 926/2392/944 1701/2391/944 1700/2390/943 

vn -0.697108 0.325572 -0.638782
f 926/2397/944 925/2396/945 1702/2395/945 1701/2394/944 

vn -0.497086 0.738532 -0.455495
vn -0.442608 0.799754 -0.405575
f 925/2401/946 924/2400/947 1703/2399/947 1702/2398/946 

vn -0.310343 0.907093 -0.284377
f 924/2405/947 923/2404/948 1704/2403/948 1703/2402/947 

vn -0.232642 0.948912 -0.213177
f 923/2409/948 922/2408/949 1705/2407/949 1704/2406/948 

vn 0.045502 0.998094 0.0416949
vn 0.0223317 0.999541 0.0204632
f 922/2413/950 921/2412/951 1706/2411/951 1705/2410/950 

vn -0.000860723 0.999999 -0.000788707
f 921/2417/951 920/2416/952 1707/2415/952 1706/2414/951 

vn -0.520263 0.708556 -0.476734
f 920/2421/953 919/2420/953 1708/2419/953 1707/2418/953 

vn -0.731714 0.122612 -0.670493
vn -0.735588 0.0676613 -0.674042
f 919/2425/954 918/2424/955 1709/2423/955 1708/2422/954 

vn -0.734724 0.0831547 -0.67325
f 918/2429/955 917/2428/956 1710/2427/956 1709/2426/955 

vn -0.728552 0.153389 -0.667595
f 917/2433/956 916/2432/957 1711/2431/957 1710/2430/956 

vn -0.544349 0.674447 -0.498804
f 916/2437/958 915/2436/958 1712/2435/958 1711/2434/958 

vn -0.190844 0.965918 -0.174876
vn -0.217232 0.955608 -0.199057
f 915/2441/959 914/2440/960 1713/2439/960 1712/2438/959 

vn -0.243319 0.943973 -0.222961
f 914/2445/960 913/2444/961 1714/2443/961 1713/2442/960 

vn -0.54806 0.668895 -0.502205
vn -0.613656 0.554285 -0.562312
f 913/2449/962 912/2448/963 1715/2447/963 1714/2446/962 

vn -0.667229 0.425431 -0.611403
f 912/2453/963 911/2452/964 1716/2451/964 1715/2450/963 

vn -0.66812 0.422853 -0.612219
f 911/2457/964 910/2456/965 1717/2455/965 1716/2454/964 

vn -0.727922 -0.1588 -0.667017
vn -0.723343 -0.193502 -0.662821
f 910/2461/966 909/2460/967 1718/2459/967 1717/2458/966 

vn -0.717865 -0.227963 -0.657802
f 909/2465/967 908/2464/968 1719/2463/968 1718/2462/967 

vn -0.663259 0.436702 -0.607765
f 908/2469/969 907/2468/969 1720/2467/969 1719/2466/969 

vn -0.339748 0.887497 -0.311321
vn -0.354603 0.876741 -0.324934
f 907/2473/970 906/2472/971 1721/2471/971 1720/2470/970 

vn -0.369274 0.865527 -0.338378
f 906/2477/971 905/2476/972 1722/2475/972 1721/2474/971 

vn -0.690512 0.350481 -0.632737
f 905/2481/973 904/2480/973 1723/2479/973 1722/2478/973 

vn -0.736044 -0.0578083 -0.67446
vn -0.734649 -0.0843703 -0.673181
f 904/2485/974 903/2484/975 1724/2483/975 1723/2482/974 

vn -0.735245 -0.074197 -0.673728
f 903/2489/975 902/2488/976 1725/2487/976 1724/2486/975 

vn -0.736761 -0.0374207 -0.675117
f 902/2493/976 901/2492/977 1726/2491/977 1725/2490/976 

vn -0.288699 0.920146 -0.264544
vn -0.310472 0.907011 -0.284495
f 901/2497/978 900/2496/979 1727/2495/979 1726/2494/978 

vn -0.426672 0.815531 -0.390973
f 900/2501/979 899/2500/980 1728/2499/980 1727/2498/979 

vn -0.51182 0.71978 -0.468996
f 899/2505/980 898/2504/981 1729/2503/981 1728/2502/980 

vn -0.694753 -0.334705 -0.636624
vn -0.673531 -0.406752 -0.617178
f 898/2509/982 897/2508/983 1730/2507/983 1729/2506/982 

vn -0.644396 -0.485887 -0.59048
f 897/2513/983 896/2512/984 1731/2511/984 1730/2510/983 

vn -0.640462 -0.495365 -0.586875
f 896/2517/984 895/2516/985 1732/2515/985 1731/2514/984 

vn -0.0500701 0.997691 -0.0458808
vn -0.0823252 0.993746 -0.0754371
f 895/2521/986 894/2520/987 1733/2519/987 1732/2518/986 

vn -0.181172 0.969338 -0.166014
f 894/2525/987 893/2524/988 1734/2523/988 1733/2522/987 

vn -0.246376 0.942513 -0.225762
f 893/2529/988 892/2528/989 1735/2527/989 1734/2526/988 

vn -0.729095 0.148566 -0.668093
f 892/2533/990 891/2532/990 1736/2531/990 1735/2530/990 

vn -0.720792 -0.210285 -0.660484
vn -0.73335 -0.103074 -0.671992
f 891/2537/991 890/2536/992 1737/2535/992 1736/2534/991 

vn -0.737267 0.00535186 -0.675581
f 890/2541/992 889/2540/993 1738/2539/993 1737/2538/992 

vn -0.646424 0.480906 -0.592339
vn -0.605807 0.569947 -0.55512
f 889/2545/994 888/2544/995 1739/2543/995 1738/2542/994 

vn -0.558548 0.65274 -0.511815
f 888/2549/995 887/2548/996 1740/2547/996 1739/2546/995 

vn -0.321057 0.900207 -0.294194
f 887/2553/997 886/2552/997 1741/2551/997 1740/2550/997 

vn 0.588724 0.60198 0.539466
vn 0.596349 0.588011 0.546453
f 886/2557/998 885/2556/999 1742/2555/999 1741/2554/998 

vn 0.603794 0.573863 0.553275
f 885/2561/999 884/2560/1000 1743/2559/1000 1742/2558/999 

vn 0.393806 0.845399 0.360857
f 884/2565/1001 883/2564/1001 1744/2563/1001 1743/2562/1001 

vn -0.614967 0.551605 -0.563514
f 883/2569/1002 882/2568/1002 1745/2567/1002 1744/2566/1002 

vn -0.727847 0.159427 -0.666949
vn -0.732394 0.114904 -0.671116
f 882/2573/1003 881/2572/1004 1746/2571/1004 1745/2570/1003 

f 881/2577/1004 880/2576/506 1314/2575/506 1746/2574/1004 

g Mesh3 ___50_3 Model

v 22.1633 24.316 -231.606
vn -0.355048 0.876409 -0.325342
v 22.2116 24.352 -231.562
vn -0.450239 0.791879 -0.412568
v 24.2384 24.352 -233.774
v 24.1901 24.316 -233.818
f 1749/4/1005 1750/3/1006 1751/2/1006 1752/1/1005 

v 25.3049 18.9635 -228.727
vn -0.67559 -7.80776e-16 0.737277
v 25.294 19.4003 -228.737
v 25.2683 19.897 -228.761
v 25.2159 20.3368 -228.809
v 25.1083 20.5576 -228.907
v 24.9362 20.4101 -229.065
v 24.7427 20.0357 -229.242
v 24.5746 19.7332 -229.396
v 24.3107 19.9063 -229.638
v 23.9116 20.5346 -230.004
v 23.6577 21.1624 -230.237
v 23.6562 21.5423 -230.238
v 23.6978 21.8044 -230.2
v 23.6821 21.9459 -230.214
v 23.5777 21.9961 -230.31
v 23.4782 22.0173 -230.401
v 23.4258 22.0221 -230.449
v 23.4559 22.0937 -230.422
v 23.5315 22.2831 -230.352
v 23.5731 22.4419 -230.314
v 23.5245 22.5054 -230.359
v 23.4351 22.5666 -230.441
v 23.3743 22.6017 -230.496
v 23.3754 22.6411 -230.495
v 23.3855 22.7642 -230.486
v 23.3916 22.9056 -230.481
v 23.364 23.0056 -230.506
v 23.2813 23.0705 -230.582
v 23.1984 23.1289 -230.658
v 23.1695 23.2097 -230.684
v 23.1873 23.3132 -230.668
v 23.1986 23.4083 -230.657
v 23.1725 23.4842 -230.681
v 23.142 23.5716 -230.709
v 23.0941 23.6438 -230.753
v 23.0246 23.6767 -230.817
v 22.9676 23.6974 -230.869
v 22.9309 23.7519 -230.903
v 22.9178 23.8662 -230.915
v 22.9167 23.9864 -230.916
v 22.9073 24.0902 -230.924
v 22.8618 24.1517 -230.966
v 22.7633 24.1518 -231.056
v 22.6615 24.1433 -231.15
v 22.5948 24.1733 -231.211
v 22.5341 24.2235 -231.266
v 22.491 24.2769 -231.306
v 22.4765 24.3342 -231.319
v 22.4592 24.4305 -231.335
v 22.4194 24.5127 -231.371
v 22.3475 24.5181 -231.437
v 22.274 24.4411 -231.505
v 22.1055 24.3232 -231.659
v 22.0431 24.3695 -231.716
v 21.9848 24.4438 -231.77
v 21.9294 24.465 -231.82
v 21.8868 24.4362 -231.859
v 21.8657 24.3772 -231.879
v 21.8352 24.2939 -231.907
v 21.754 24.1796 -231.981
v 21.604 24.037 -232.119
v 21.5212 23.937 -232.194
v 21.4994 23.8622 -232.214
v 21.4971 23.7709 -232.216
v 21.5208 23.6375 -232.195
v 21.5196 23.5299 -232.196
v 21.4356 23.5185 -232.273
v 21.337 23.5274 -232.363
v 21.2708 23.5051 -232.424
v 21.2555 23.4319 -232.438
v 21.2476 23.344 -232.445
v 21.2268 23.2588 -232.464
v 21.192 23.1783 -232.496
v 21.1782 23.0931 -232.509
v 21.1832 23.0192 -232.504
v 21.1887 22.975 -232.499
v 21.1937 22.8841 -232.495
v 21.2106 22.7518 -232.479
v 21.252 22.6238 -232.441
v 21.3337 22.5079 -232.366
v 21.4143 22.423 -232.292
v 21.4399 22.3969 -232.269
v 21.4329 22.322 -232.275
v 21.438 22.0959 -232.271
v 21.4825 21.6661 -232.23
v 21.5816 21.2425 -232.139
v 21.6964 21.0256 -232.034
v 21.7771 21.1185 -231.96
v 21.8118 21.4813 -231.928
v 21.8506 21.8782 -231.893
v 21.9467 22.0729 -231.805
v 22.078 22.0871 -231.684
v 22.1895 22.0223 -231.582
v 22.2498 21.8837 -231.527
v 22.2365 21.5 -231.539
v 22.1422 20.9255 -231.625
v 21.9607 20.3921 -231.792
v 21.8092 20.0074 -231.93
v 21.7617 19.693 -231.974
v 21.7974 19.3744 -231.941
v 21.9313 18.7974 -231.819
v 22.094 18.0007 -231.67
v 22.1549 17.2841 -231.614
v 22.1282 16.9629 -231.638
v 22.0954 16.7565 -231.668
v 22.0698 16.6154 -231.692
v 21.818 16.5199 -231.922
v 21.4826 16.4114 -232.23
v 21.0792 16.2913 -232.599
v 20.6233 16.161 -233.017
v 20.1302 16.0218 -233.469
v 19.6154 15.8751 -233.941
v 19.0944 15.7222 -234.418
v 18.5827 15.5645 -234.887
v 18.1252 15.428 -235.306
v 18.0958 15.4032 -235.333
v 18.0612 15.4479 -235.365
v 18.0242 15.5104 -235.399
v 17.8955 15.7036 -235.517
v 17.7242 15.911 -235.674
v 17.512 16.1335 -235.868
v 17.168 16.5804 -236.183
v 17.1126 16.9141 -236.234
v 17.2688 17.1297 -236.091
v 17.452 17.27 -235.923
v 17.4996 17.4243 -235.88
v 17.4001 17.6549 -235.971
v 17.1207 18.1104 -236.227
v 16.7679 18.6969 -236.55
v 16.5701 19.0277 -236.731
v 16.5535 19.0828 -236.746
v 16.5725 19.1298 -236.729
v 16.6416 19.1832 -236.666
v 16.7325 19.2401 -236.582
v 16.7868 19.2718 -236.533
v 16.8033 19.3203 -236.518
v 16.8363 19.4631 -236.487
v 16.844 19.6312 -236.48
v 16.7849 19.773 -236.534
v 16.6851 19.8831 -236.626
v 16.6183 19.9376 -236.687
v 16.6133 20.0263 -236.692
v 16.5969 20.3092 -236.707
v 16.5515 20.6393 -236.748
v 16.4489 20.9245 -236.842
v 16.2988 21.1941 -236.98
v 16.1972 21.3503 -237.073
v 16.1886 21.4521 -237.081
v 16.1765 21.7634 -237.092
v 16.1511 22.0611 -237.115
v 16.1106 22.2178 -237.152
v 16.0675 22.4203 -237.192
v 16.0421 22.602 -237.215
v 16.0498 22.7305 -237.208
v 16.0659 22.8915 -237.193
v 16.0462 22.9978 -237.211
v 15.9663 22.9816 -237.285
v 15.8845 22.9266 -237.359
v 15.8341 22.8827 -237.406
v 15.8123 22.8637 -237.426
v 15.7763 22.9028 -237.459
v 15.7161 23.0175 -237.514
v 15.6508 23.0987 -237.574
v 15.5907 23.0815 -237.629
v 15.5391 22.9455 -237.676
v 15.4783 22.8214 -237.732
v 15.414 22.7318 -237.791
v 15.353 22.6676 -237.847
v 15.2958 22.5829 -237.899
v 15.2566 22.5086 -237.935
v 15.2367 22.4789 -237.953
v 15.1752 22.4661 -238.009
v 15.099 22.4413 -238.079
v 15.046 22.3786 -238.128
v 15.0112 22.2725 -238.16
v 14.9924 22.1838 -238.177
v 14.9766 22.1632 -238.191
v 14.8846 22.1221 -238.276
v 14.781 22.0229 -238.371
v 14.7485 21.8591 -238.4
v 14.7569 21.7124 -238.393
v 14.7725 21.6229 -238.378
v 14.702 21.5352 -238.443
v 14.5909 21.4296 -238.545
v 14.4718 21.3099 -238.654
v 14.3643 21.1342 -238.752
v 14.2966 20.9566 -238.815
v 14.298 20.8508 -238.813
v 14.3488 20.7649 -238.767
v 14.4273 20.6953 -238.695
v 14.5201 20.6699 -238.61
v 14.6147 20.6799 -238.523
v 14.6845 20.699 -238.459
v 14.6614 20.5262 -238.48
v 14.623 20.2612 -238.515
v 14.6404 20.0391 -238.5
v 14.6834 19.8559 -238.46
v 14.7282 19.7268 -238.419
v 14.7782 19.7165 -238.373
v 14.8859 19.9409 -238.275
v 15.0334 20.2512 -238.139
v 15.1689 20.4148 -238.015
v 15.2736 20.4284 -237.919
v 15.3434 20.3487 -237.855
v 15.3671 20.1683 -237.834
v 15.3391 19.8867 -237.859
v 15.2384 19.5253 -237.952
v 15.0382 19.1107 -238.135
v 14.8162 18.7258 -238.338
v 14.6643 18.372 -238.478
v 14.6295 17.995 -238.509
v 14.6774 17.45 -238.466
v 14.7352 16.903 -238.413
v 14.7604 16.677 -238.39
v 14.7933 16.1515 -238.359
v 14.8473 15.2889 -238.31
v 14.8732 14.8699 -238.286
v 14.7807 14.7934 -238.371
v 14.5988 14.6386 -238.538
v 14.4387 14.4921 -238.684
v 14.3882 14.4579 -238.731
v 14.3361 14.4333 -238.778
v 14.2968 14.4027 -238.814
v 14.0508 14.3274 -239.04
v 13.6973 14.2157 -239.364
v 13.3184 14.0952 -239.711
v 12.9148 13.9698 -240.081
v 12.4872 13.8434 -240.473
v 12.0361 13.7198 -240.886
v 11.5622 13.6027 -241.32
v 11.0661 13.4961 -241.775
v 10.5484 13.4038 -242.249
v 10.5709 13.4724 -242.228
v 10.5911 13.5333 -242.21
v 10.6085 13.5853 -242.194
v 10.6414 13.692 -242.164
v 10.7348 14.1446 -242.078
v 10.8167 14.7287 -242.003
v 10.8369 15.2239 -241.985
v 10.748 15.4406 -242.066
v 10.5714 15.4345 -242.228
v 10.3928 15.3337 -242.392
v 10.3004 15.261 -242.476
v 10.2383 15.3159 -242.533
v 10.1526 15.4582 -242.612
v 10.027 15.7361 -242.727
v 9.89538 15.9947 -242.848
v 9.78424 16.1946 -242.949
v 9.70426 16.4047 -243.023
v 9.66013 16.692 -243.063
v 9.62004 17.0583 -243.1
v 9.57785 17.4279 -243.138
v 9.53388 17.7205 -243.179
v 9.46307 17.9408 -243.244
v 9.33938 18.2334 -243.357
v 9.21781 18.5913 -243.468
v 9.15706 18.9702 -243.524
v 9.1368 19.0515 -243.543
v 9.0835 19.2334 -243.591
v 9.00033 19.4587 -243.668
v 8.89061 19.6719 -243.768
v 8.76506 19.8584 -243.883
v 8.64502 20.0314 -243.993
v 8.55269 20.2032 -244.078
v 8.4807 20.392 -244.144
v 8.36472 20.5975 -244.25
v 8.23947 20.7652 -244.365
v 8.14746 20.8381 -244.449
v 8.09663 20.7284 -244.496
v 8.05522 20.4689 -244.534
v 8.01218 20.197 -244.573
v 7.95611 20.0451 -244.625
v 7.87678 19.994 -244.697
v 7.79144 19.9721 -244.775
v 7.72383 19.9341 -244.837
v 7.69001 19.849 -244.868
v 7.6663 19.763 -244.89
v 7.64699 19.6906 -244.908
v 7.63043 19.6388 -244.923
v 7.6069 19.5925 -244.945
v 7.57049 19.5282 -244.978
v 7.53616 19.466 -245.009
v 7.51843 19.4271 -245.026
v 7.49053 19.4216 -245.051
v 7.44236 19.4247 -245.095
v 7.38787 19.4051 -245.145
v 7.34239 19.3364 -245.187
v 7.32184 19.2463 -245.206
v 7.31847 19.1662 -245.209
v 7.32102 19.1223 -245.206
v 7.30547 19.0959 -245.221
v 7.25807 19.0002 -245.264
v 7.22412 18.857 -245.295
v 7.25111 18.6936 -245.271
v 7.3332 18.5443 -245.195
v 7.41949 18.431 -245.116
v 7.48183 18.3641 -245.059
v 7.49839 18.3359 -245.044
v 7.52936 18.1516 -245.016
v 7.59168 17.8453 -244.958
v 7.67861 17.5313 -244.879
v 7.77592 17.3048 -244.79
v 7.85473 17.1723 -244.717
v 7.91827 17.1607 -244.659
v 7.97265 17.3018 -244.609
v 8.03653 17.5005 -244.551
v 8.11992 17.5982 -244.474
v 8.20842 17.5905 -244.393
v 8.28522 17.4716 -244.323
v 8.28101 17.2088 -244.327
v 8.17927 16.844 -244.42
v 7.99422 16.4486 -244.59
v 7.76972 16.0769 -244.795
v 7.66033 15.7042 -244.896
v 7.6435 15.3825 -244.911
v 7.66866 15.1783 -244.888
v 7.67795 15.0271 -244.879
v 7.64974 14.7553 -244.905
v 7.61146 14.4517 -244.94
v 7.59106 14.2105 -244.959
v 7.58455 13.988 -244.965
v 7.57904 13.7675 -244.97
v 7.57559 13.6167 -244.973
v 7.56842 13.5744 -244.98
v 7.5112 13.4577 -245.032
v 7.42994 13.2952 -245.107
v 7.36766 13.1782 -245.164
v 7.34127 13.1454 -245.188
v 7.3028 13.0893 -245.223
v 7.25735 12.9945 -245.265
v 7.21414 12.8536 -245.304
v 5.73187 12.6192 -246.663
v 4.69066 12.4619 -247.617
v 4.01383 12.3648 -248.237
v 3.63739 12.3144 -248.582
v 3.49735 12.2973 -248.71
v 3.44229 12.451 -248.761
v 3.25525 13.0342 -248.932
v 2.99986 13.8306 -249.166
v 2.75251 14.6019 -249.393
v 2.5896 15.1099 -249.542
v 2.56905 15.2159 -249.561
v 2.6081 15.4057 -249.525
v 2.66585 15.7211 -249.472
v 2.71962 16.0885 -249.423
v 2.74674 16.4343 -249.398
v 2.72711 16.6921 -249.416
v 2.70693 17.0128 -249.435
v 2.67586 17.4252 -249.463
v 2.58628 17.85 -249.545
v 2.39053 18.2076 -249.724
v 2.041 18.4186 -250.045
v 1.62975 18.4689 -250.422
v 1.31103 18.4217 -250.714
v 1.08737 18.2906 -250.919
v 0.960922 18.089 -251.034
v 0.933824 17.8302 -251.059
v 0.952215 17.5746 -251.042
v 0.871611 17.4342 -251.116
v 0.73362 17.3365 -251.243
v 0.592648 17.1972 -251.372
v 0.503103 16.9322 -251.454
v 0.501811 16.4988 -251.455
v 0.484928 16.1515 -251.471
v 0.452153 15.8794 -251.501
v 0.436714 15.5962 -251.515
v 0.471838 15.2161 -251.483
v 0.58865 14.6589 -251.376
v 0.706412 14.1479 -251.268
v 0.770499 13.7801 -251.209
v 0.782407 13.4828 -251.198
v 0.743629 13.1829 -251.234
v 0.65566 12.8077 -251.314
v 0.513639 12.4076 -251.444
v 0.332012 12.0869 -251.611
v 0.155677 11.7594 -251.772
v 0.0299136 11.3375 -251.888
v 0 10.733 -251.915
v 0.0402745 10.2799 -251.878
v 0.0758472 9.96764 -251.845
v 0.118806 9.60426 -251.806
v 0.167959 9.19848 -251.761
v 0.222115 8.75902 -251.711
v 0.25561 8.46753 -251.681
v 0.28377 8.26568 -251.655
v 0.354539 7.70441 -251.59
v 0.426568 7.13665 -251.524
v 0.498134 6.57633 -251.459
v 0.567511 6.03741 -251.395
v 0.626318 5.58473 -251.341
v 0.633349 5.53091 -251.335
v 0.695674 5.05327 -251.277
v 0.748432 4.64814 -251.229
v 0.789528 4.33202 -251.191
v 0.816866 4.12141 -251.166
v 0.828351 4.03282 -251.156
v 0.843686 3.94938 -251.142
v 0.890621 3.69557 -251.099
v 0.951866 3.36439 -251.043
v 1.0093 3.05384 -250.99
v 1.04478 2.86193 -250.958
v 1.03009 2.8172 -250.971
v 0.928732 2.69203 -251.064
v 0.77922 2.50739 -251.201
v 0.627299 2.31978 -251.34
v 0.518718 2.18568 -251.44
v 0.487764 2.13716 -251.468
v 0.423171 1.89561 -251.527
v 0.341045 1.4543 -251.602
v 0.313334 0.925601 -251.628
v 0.411984 0.421933 -251.537
v 0.746783 0.0354193 -251.231
v 3.62167 0.179624 -248.596
v 9.12741 1.56497 -243.551
v 16.2692 3.79512 -237.007
v 24.0522 6.47374 -229.875
v 31.4816 9.20447 -223.067
v 33.5194 9.98739 -221.2
v 34.3656 10.3274 -220.425
v 35.2876 10.7076 -219.58
v 36.282 11.1261 -218.669
v 37.3456 11.5807 -217.694
v 37.824 12.1257 -217.256
v 37.52 14.117 -217.534
v 37.0584 17.1403 -217.957
v 36.5818 20.2619 -218.394
v 36.2327 22.5481 -218.714
v 35.8993 23.0345 -219.019
v 34.2587 22.2395 -220.523
v 31.8604 21.0842 -222.72
v 29.2206 19.8148 -225.139
v 26.8557 18.6775 -227.306
v 25.2819 17.9187 -228.748
v 25.3028 18.4255 -228.729
f 1753/2373/1007 1754/2372/1007 1755/2371/1007 1756/2370/1007 1757/2369/1007 1758/2368/1007 1759/2367/1007 1760/2366/1007 1761/2365/1007 1762/2364/1007 1763/2363/1007 1764/2362/1007 1765/2361/1007 1766/2360/1007 1767/2359/1007 1768/2358/1007 1769/2357/1007 1770/2356/1007 1771/2355/1007 1772/2354/1007 1773/2353/1007 1774/2352/1007 1775/2351/1007 1776/2350/1007 1777/2349/1007 1778/2348/1007 1779/2347/1007 1780/2346/1007 1781/2345/1007 1782/2344/1007 1783/2343/1007 1784/2342/1007 1785/2341/1007 1786/2340/1007 1787/2339/1007 1788/2338/1007 1789/2337/1007 1790/2336/1007 1791/2335/1007 1792/2334/1007 1793/2333/1007 1794/2332/1007 1795/2331/1007 1796/2330/1007 1797/2329/1007 1798/2328/1007 1799/2327/1007 1800/2326/1007 1801/2325/1007 1802/2324/1007 1803/2323/1007 1804/2322/1007 1750/2321/1007 1749/2320/1007 1805/2319/1007 1806/2318/1007 1807/2317/1007 1808/2316/1007 1809/2315/1007 1810/2314/1007 1811/2313/1007 1812/2312/1007 1813/2311/1007 1814/2310/1007 1815/2309/1007 1816/2308/1007 1817/2307/1007 1818/2306/1007 1819/2305/1007 1820/2304/1007 1821/2303/1007 1822/2302/1007 1823/2301/1007 1824/2300/1007 1825/2299/1007 1826/2298/1007 1827/2297/1007 1828/2296/1007 1829/2295/1007 1830/2294/1007 1831/2293/1007 1832/2292/1007 1833/2291/1007 1834/2290/1007 1835/2289/1007 1836/2288/1007 1837/2287/1007 1838/2286/1007 1839/2285/1007 1840/2284/1007 1841/2283/1007 1842/2282/1007 1843/2281/1007 1844/2280/1007 1845/2279/1007 1846/2278/1007 1847/2277/1007 1848/2276/1007 1849/2275/1007 1850/2274/1007 1851/2273/1007 1852/2272/1007 1853/2271/1007 1854/2270/1007 1855/2269/1007 1856/2268/1007 1857/2267/1007 1858/2266/1007 1859/2265/1007 1860/2264/1007 1861/2263/1007 1862/2262/1007 1863/2261/1007 1864/2260/1007 1865/2259/1007 1866/2258/1007 1867/1688/1007 1868/1685/1007 1869/2257/1007 1870/2256/1007 1871/2255/1007 1872/2254/1007 1873/2253/1007 1874/2252/1007 1875/2251/1007 1876/2250/1007 1877/2249/1007 1878/2248/1007 1879/2247/1007 1880/2246/1007 1881/2245/1007 1882/2244/1007 1883/2243/1007 1884/2242/1007 1885/2241/1007 1886/2240/1007 1887/2239/1007 1888/2238/1007 1889/2237/1007 1890/2236/1007 1891/2235/1007 1892/2234/1007 1893/2233/1007 1894/2232/1007 1895/2231/1007 1896/2230/1007 1897/2229/1007 1898/2228/1007 1899/2227/1007 1900/2226/1007 1901/2225/1007 1902/2224/1007 1903/2223/1007 1904/2222/1007 1905/2221/1007 1906/2220/1007 1907/2219/1007 1908/2218/1007 1909/2217/1007 1910/2216/1007 1911/2215/1007 1912/2214/1007 1913/2213/1007 1914/2212/1007 1915/2211/1007 1916/2210/1007 1917/2209/1007 1918/2208/1007 1919/2207/1007 1920/2206/1007 1921/2205/1007 1922/2204/1007 1923/2203/1007 1924/2202/1007 1925/2201/1007 1926/2200/1007 1927/2199/1007 1928/2198/1007 1929/2197/1007 1930/2196/1007 1931/2195/1007 1932/2194/1007 1933/2193/1007 1934/2192/1007 1935/2191/1007 1936/2190/1007 1937/2189/1007 1938/2188/1007 1939/2187/1007 1940/2186/1007 1941/2185/1007 1942/2184/1007 1943/2183/1007 1944/2182/1007 1945/2181/1007 1946/2180/1007 1947/2179/1007 1948/2178/1007 1949/2177/1007 1950/2176/1007 1951/2175/1007 1952/2174/1007 1953/2173/1007 1954/2172/1007 1955/2171/1007 1956/2170/1007 1957/2169/1007 1958/2168/1007 1959/2167/1007 1960/2166/1007 1961/2165/1007 1962/2164/1007 1963/2163/1007 1964/2162/1007 1965/2161/1007 1966/2160/1007 1967/2159/1007 1968/2158/1007 1969/2157/1007 1970/2156/1007 1971/2155/1007 1972/2154/1007 1973/2153/1007 1974/2152/1007 1975/2151/1007 1976/2150/1007 1977/2149/1007 1978/2148/1007 1979/2147/1007 1980/2146/1007 1981/2145/1007 1982/2144/1007 1983/2143/1007 1984/2142/1007 1985/2141/1007 1986/2140/1007 1987/2139/1007 1988/2138/1007 1989/2137/1007 1990/2136/1007 1991/2135/1007 1992/2134/1007 1993/2133/1007 1994/2132/1007 1995/2131/1007 1996/2130/1007 1997/2129/1007 1998/2128/1007 1999/2127/1007 2000/2126/1007 2001/2125/1007 2002/2124/1007 2003/2123/1007 2004/2122/1007 2005/2121/1007 2006/2120/1007 2007/2119/1007 2008/2118/1007 2009/2117/1007 2010/2116/1007 2011/2115/1007 2012/2114/1007 2013/2113/1007 2014/2112/1007 2015/2111/1007 2016/2110/1007 2017/2109/1007 2018/2108/1007 2019/2107/1007 2020/2106/1007 2021/2105/1007 2022/2104/1007 2023/2103/1007 2024/2102/1007 2025/2101/1007 2026/2100/1007 2027/2099/1007 2028/2098/1007 2029/2097/1007 2030/2096/1007 2031/2095/1007 2032/2094/1007 2033/2093/1007 2034/2092/1007 2035/2091/1007 2036/2090/1007 2037/2089/1007 2038/2088/1007 2039/2087/1007 2040/2086/1007 2041/2085/1007 2042/2084/1007 2043/2083/1007 2044/2082/1007 2045/2081/1007 2046/2080/1007 2047/2079/1007 2048/2078/1007 2049/2077/1007 2050/2076/1007 2051/2075/1007 2052/2074/1007 2053/2073/1007 2054/2072/1007 2055/2071/1007 2056/2070/1007 2057/2069/1007 2058/2068/1007 2059/2067/1007 2060/2066/1007 2061/2065/1007 2062/2064/1007 2063/2063/1007 2064/2062/1007 2065/2061/1007 2066/2060/1007 2067/2059/1007 2068/2058/1007 2069/2057/1007 2070/2056/1007 2071/2055/1007 2072/2054/1007 2073/2053/1007 2074/2052/1007 2075/2051/1007 2076/2050/1007 2077/2049/1007 2078/2048/1007 2079/2047/1007 2080/2046/1007 2081/2045/1007 2082/2044/1007 2083/2043/1007 2084/2042/1007 2085/2041/1007 2086/2040/1007 2087/2039/1007 2088/2038/1007 2089/2037/1007 2090/2036/1007 2091/2035/1007 2092/2034/1007 2093/2033/1007 2094/2032/1007 2095/2031/1007 2096/2030/1007 2097/2029/1007 2098/2028/1007 2099/2027/1007 2100/2026/1007 2101/2025/1007 2102/2024/1007 2103/2023/1007 2104/2022/1007 2105/2021/1007 2106/2020/1007 2107/2019/1007 2108/2018/1007 2109/2017/1007 2110/2016/1007 2111/2015/1007 2112/2014/1007 2113/2013/1007 2114/2012/1007 2115/2011/1007 2116/2010/1007 2117/2009/1007 2118/2008/1007 2119/2007/1007 2120/2006/1007 2121/2005/1007 2122/2004/1007 2123/2003/1007 2124/2002/1007 2125/2001/1007 2126/2000/1007 2127/1999/1007 2128/1998/1007 2129/1997/1007 2130/1996/1007 2131/1995/1007 2132/1994/1007 2133/1993/1007 2134/1992/1007 2135/1991/1007 2136/1990/1007 2137/1989/1007 2138/1988/1007 2139/1987/1007 2140/1986/1007 2141/1985/1007 2142/1984/1007 2143/1983/1007 2144/1982/1007 2145/1981/1007 2146/1980/1007 2147/1979/1007 2148/1978/1007 2149/1977/1007 2150/1976/1007 2151/1975/1007 2152/1974/1007 2153/1973/1007 2154/1972/1007 2155/1971/1007 2156/1970/1007 2157/1969/1007 2158/1968/1007 2159/1967/1007 2160/1966/1007 2161/1965/1007 2162/1964/1007 2163/419/1007 2164/1963/1007 2165/1962/1007 2166/1961/1007 2167/1960/1007 2168/1959/1007 2169/1958/1007 2170/1957/1007 2171/1956/1007 2172/1955/1007 2173/1954/1007 2174/1953/1007 2175/1952/1007 2176/1951/1007 2177/1950/1007 2178/1949/1007 2179/1948/1007 2180/1947/1007 2181/1946/1007 2182/1945/1007 2183/1944/1007 2184/1943/1007 2185/1942/1007 2186/1941/1007 

vn 0.736283 0.0519175 0.674679
vn 0.737203 0.0142137 0.675522
v 27.3317 18.9635 -230.939
v 27.3208 19.4003 -230.949
f 1754/2581/1008 1753/2580/1009 2187/2579/1009 2188/2578/1008 

vn 0.736933 -0.0305519 0.675275
v 27.3296 18.4255 -230.941
f 1753/2585/1009 2186/2584/1010 2189/2583/1010 2187/2582/1009 

vn 0.736127 -0.0558361 0.674536
v 27.3087 17.9187 -230.96
f 2186/444/1010 2185/443/1011 2190/442/1011 2189/441/1010 

vn -0.246954 0.942234 -0.226292
vn -0.246664 0.942374 -0.226026
v 28.8825 18.6775 -229.518
f 2185/448/1012 2184/447/1013 2191/446/1013 2190/445/1012 

vn -0.246374 0.942514 -0.22576
v 31.2474 19.8148 -227.351
f 2184/452/1013 2183/451/1014 2192/450/1014 2191/449/1013 

vn -0.246563 0.942423 -0.225933
v 33.8872 21.0842 -224.932
f 2183/451/1014 2182/454/1015 2193/453/1015 2192/450/1014 

vn -0.247393 0.942023 -0.226694
v 36.2855 22.2395 -222.734
f 2182/458/1015 2181/457/1016 2194/456/1016 2193/455/1015 

vn -0.248033 0.941713 -0.227281
v 37.9261 23.0345 -221.231
f 2181/462/1016 2180/461/1017 2195/460/1017 2194/459/1016 

vn 0.539961 0.680905 0.494783
v 38.2595 22.5481 -220.926
f 2180/466/1018 2179/465/1018 2196/464/1018 2195/463/1018 

vn 0.721959 0.202785 0.661554
v 38.6086 20.2619 -220.606
f 2179/470/1019 2178/469/1019 2197/468/1019 2196/467/1019 

v 39.0852 17.1403 -220.169
f 2178/469/1019 2177/472/1019 2198/471/1019 2197/468/1019 

v 39.5468 14.117 -219.746
f 2177/472/1019 2176/474/1019 2199/473/1019 2198/471/1019 

v 39.8508 12.1257 -219.467
f 2176/474/1019 2175/476/1019 2200/475/1019 2199/473/1019 

vn 0.474173 -0.765748 0.434499
v 39.3724 11.5807 -219.906
f 2175/480/1020 2174/479/1020 2201/478/1020 2200/477/1020 

vn 0.221603 -0.95376 0.203062
vn 0.22003 -0.954429 0.201621
v 38.3088 11.1261 -220.88
f 2174/484/1021 2173/483/1022 2202/482/1022 2201/481/1021 

vn 0.216469 -0.955926 0.198358
v 37.3144 10.7076 -221.792
f 2173/488/1022 2172/487/1023 2203/486/1023 2202/485/1022 

vn 0.211942 -0.957791 0.194209
v 36.3924 10.3274 -222.637
f 2172/492/1023 2171/491/1024 2204/490/1024 2203/489/1023 

vn 0.205169 -0.9605 0.188003
v 35.5462 9.98739 -223.412
f 2171/496/1024 2170/495/1025 2205/494/1025 2204/493/1024 

vn 0.196889 -0.963683 0.180415
v 33.5083 9.20447 -225.279
f 2170/500/1025 2169/499/1026 2206/498/1026 2205/497/1025 

vn 0.187093 -0.967267 0.171439
v 26.079 6.47374 -232.087
f 2169/504/1026 2168/503/1027 2207/502/1027 2206/501/1026 

vn 0.173384 -0.971955 0.158878
v 18.296 3.79512 -239.219
f 2168/508/1027 2167/507/1028 2208/506/1028 2207/505/1027 

vn 0.149982 -0.97909 0.137433
v 11.1542 1.56497 -245.763
f 2167/512/1028 2166/511/1029 2209/510/1029 2208/509/1028 

vn 0.0810809 -0.993935 0.074297
v 5.64844 0.179624 -250.808
f 2166/516/1029 2165/515/1030 2210/514/1030 2209/513/1029 

vn 0.0272473 -0.999317 0.0249675
v 2.77355 0.0354193 -253.442
f 2165/520/1030 2164/519/1031 2211/518/1031 2210/517/1030 

vn -0.477875 -0.761503 -0.437892
v 2.43875 0.421933 -253.749
f 2164/524/1032 2163/523/1032 2212/522/1032 2211/521/1032 

vn -0.712562 -0.256753 -0.652943
vn -0.733999 -0.0942039 -0.672586
v 2.3401 0.925601 -253.84
f 2163/528/1033 2162/527/1034 2213/526/1034 2212/525/1033 

vn -0.727965 0.158436 -0.667057
v 2.36782 1.4543 -253.814
f 2162/532/1034 2161/531/1035 2214/530/1035 2213/529/1034 

vn -0.704869 0.293224 -0.645894
v 2.44994 1.89561 -253.739
f 2161/536/1035 2160/535/1036 2215/534/1036 2214/533/1035 

vn -0.693094 0.340976 -0.635103
v 2.51453 2.13716 -253.68
f 2160/540/1036 2159/539/1037 2216/538/1037 2215/537/1036 

vn -0.557577 0.654265 -0.510925
vn -0.527906 0.698079 -0.483737
v 2.54549 2.18568 -253.651
f 2159/544/1038 2158/543/1039 2217/542/1039 2216/541/1038 

vn -0.496366 0.739422 -0.454836
v 2.65407 2.31978 -253.552
f 2158/548/1039 2157/547/1040 2218/546/1040 2217/545/1039 

v 2.80599 2.50739 -253.413
f 2157/547/1040 2156/550/1040 2219/549/1040 2218/546/1040 

v 2.9555 2.69203 -253.276
f 2156/550/1040 2155/552/1040 2220/551/1040 2219/549/1040 

v 3.05686 2.8172 -253.183
f 2155/552/1040 2154/554/1040 2221/553/1040 2220/551/1040 

vn -0.673461 0.406966 -0.617113
v 3.07155 2.86193 -253.169
f 2154/558/1041 2153/557/1041 2222/556/1041 2221/555/1041 

vn -0.715125 -0.243288 -0.655292
v 3.03607 3.05384 -253.202
f 2153/562/1042 2152/561/1042 2223/560/1042 2222/559/1042 

v 2.97864 3.36439 -253.255
f 2152/561/1042 2151/564/1042 2224/563/1042 2223/560/1042 

v 2.91739 3.69557 -253.311
f 2151/564/1042 2150/566/1042 2225/565/1042 2224/563/1042 

vn -0.715258 -0.242569 -0.655413
v 2.87046 3.94938 -253.354
f 2150/566/1042 2149/568/1043 2226/567/1043 2225/565/1042 

vn -0.721208 -0.207646 -0.660865
v 2.85512 4.03282 -253.368
f 2149/572/1043 2148/571/1044 2227/570/1044 2226/569/1043 

vn -0.726123 -0.17329 -0.665369
v 2.84364 4.12141 -253.378
f 2148/576/1044 2147/575/1045 2228/574/1045 2227/573/1044 

vn -0.726093 -0.17352 -0.665342
v 2.8163 4.33202 -253.403
f 2147/575/1045 2146/578/1046 2229/577/1046 2228/574/1045 

vn -0.726058 -0.173791 -0.665309
v 2.7752 4.64814 -253.441
f 2146/582/1046 2145/581/1047 2230/580/1047 2229/579/1046 

vn -0.726017 -0.174106 -0.665272
v 2.72245 5.05327 -253.489
f 2145/586/1047 2144/585/1048 2231/584/1048 2230/583/1047 

vn -0.725981 -0.174378 -0.665239
v 2.66012 5.53091 -253.546
f 2144/590/1048 2143/589/1049 2232/588/1049 2231/587/1048 

vn -0.72603 -0.174005 -0.665284
v 2.65309 5.58473 -253.553
f 2143/594/1049 2142/593/1050 2233/592/1050 2232/591/1049 

vn -0.726191 -0.172765 -0.665431
v 2.59428 6.03741 -253.607
f 2142/598/1050 2141/597/1051 2234/596/1051 2233/595/1050 

vn -0.726373 -0.171348 -0.665599
v 2.5249 6.57633 -253.67
f 2141/602/1051 2140/601/1052 2235/600/1052 2234/599/1051 

vn -0.726528 -0.170139 -0.66574
v 2.45334 7.13665 -253.736
f 2140/606/1052 2139/605/1053 2236/604/1053 2235/603/1052 

vn -0.726663 -0.169076 -0.665864
v 2.38131 7.70441 -253.802
f 2139/610/1053 2138/609/1054 2237/608/1054 2236/607/1053 

vn -0.725603 -0.177252 -0.664893
v 2.31054 8.26568 -253.867
f 2138/614/1054 2137/613/1055 2238/612/1055 2237/611/1054 

vn -0.726548 -0.169981 -0.665759
v 2.28238 8.46753 -253.893
f 2137/618/1055 2136/617/1056 2239/616/1056 2238/615/1055 

vn -0.727847 -0.159429 -0.666949
v 2.24889 8.75902 -253.923
f 2136/622/1056 2135/621/1057 2240/620/1057 2239/619/1056 

vn -0.727357 -0.163491 -0.6665
v 2.19473 9.19848 -253.973
f 2135/626/1057 2134/625/1058 2241/624/1058 2240/623/1057 

vn -0.727752 -0.160226 -0.666862
v 2.14558 9.60426 -254.018
f 2134/630/1058 2133/629/1059 2242/628/1059 2241/627/1058 

vn -0.728307 -0.155522 -0.66737
v 2.10262 9.96764 -254.057
f 2133/634/1059 2132/633/1060 2243/632/1060 2242/631/1059 

vn -0.730405 -0.136222 -0.669293
v 2.06705 10.2799 -254.09
f 2132/638/1060 2131/637/1061 2244/636/1061 2243/635/1060 

vn -0.737019 -0.0264764 -0.675353
v 2.02677 10.733 -254.127
f 2131/642/1061 2130/641/1062 2245/640/1062 2244/639/1061 

vn -0.718598 0.223672 -0.658474
v 2.05668 11.3375 -254.099
f 2130/646/1062 2129/645/1063 2246/644/1063 2245/643/1062 

vn -0.644348 0.486004 -0.590436
v 2.18245 11.7594 -253.984
f 2129/650/1063 2128/649/1064 2247/648/1064 2246/647/1063 

vn -0.590084 0.599525 -0.540713
v 2.35878 12.0869 -253.823
f 2128/654/1064 2127/653/1065 2248/652/1065 2247/651/1064 

vn -0.627848 0.524231 -0.575316
v 2.54041 12.4076 -253.656
f 2127/658/1065 2126/657/1066 2249/656/1066 2248/655/1065 

vn -0.685147 0.369341 -0.627822
v 2.68243 12.8077 -253.526
f 2126/662/1066 2125/661/1067 2250/660/1067 2249/659/1066 

vn -0.716009 0.238459 -0.656101
v 2.7704 13.1829 -253.445
f 2125/666/1067 2124/665/1068 2251/664/1068 2250/663/1067 

vn -0.735964 0.0596599 -0.674387
v 2.80918 13.4828 -253.41
f 2124/670/1068 2123/669/1069 2252/668/1069 2251/667/1068 

vn -0.729733 -0.142693 -0.668677
v 2.79727 13.7801 -253.421
f 2123/674/1069 2122/673/1070 2253/672/1070 2252/671/1069 

vn -0.711053 -0.264333 -0.65156
v 2.73318 14.1479 -253.479
f 2122/678/1070 2121/677/1071 2254/676/1071 2253/675/1070 

vn -0.706496 -0.285934 -0.647384
v 2.61542 14.6589 -253.587
f 2121/682/1071 2120/681/1072 2255/680/1072 2254/679/1071 

vn -0.722455 -0.19951 -0.662008
v 2.49861 15.2161 -253.694
f 2120/686/1072 2119/685/1073 2256/684/1073 2255/683/1072 

vn -0.737039 -0.0254196 -0.675372
v 2.46348 15.5962 -253.727
f 2119/690/1073 2118/689/1074 2257/688/1074 2256/687/1073 

vn -0.732162 0.117597 -0.670903
v 2.47892 15.8794 -253.712
f 2118/694/1074 2117/693/1075 2258/692/1075 2257/691/1074 

vn -0.732502 0.113628 -0.671215
v 2.5117 16.1515 -253.682
f 2117/698/1075 2116/697/1076 2259/696/1076 2258/695/1075 

vn -0.736827 0.0349343 -0.675178
v 2.52858 16.4988 -253.667
f 2116/702/1076 2115/701/1077 2260/700/1077 2259/699/1076 

vn -0.737271 0.00404034 -0.675585
v 2.52987 16.9322 -253.666
f 2115/706/1077 2114/705/1078 2261/704/1078 2260/703/1077 

vn -0.670225 0.416677 -0.614148
v 2.61942 17.1972 -253.584
f 2114/710/1079 2113/709/1079 2262/708/1079 2261/707/1079 

vn -0.434094 0.808293 -0.397774
vn -0.388777 0.84967 -0.356249
v 2.76039 17.3365 -253.455
f 2113/714/1080 2112/713/1081 2263/712/1081 2262/711/1080 

vn -0.341326 0.886382 -0.312767
v 2.89838 17.4342 -253.328
f 2112/718/1081 2111/717/1082 2264/716/1082 2263/715/1081 

vn -0.581717 0.614384 -0.533046
v 2.97899 17.5746 -253.254
f 2111/722/1083 2110/721/1083 2265/720/1083 2264/719/1083 

vn -0.733789 -0.0971602 -0.672394
vn -0.737101 0.0218612 -0.675429
v 2.96059 17.8302 -253.271
f 2110/726/1084 2109/725/1085 2266/724/1085 2265/723/1084 

vn -0.729956 0.140573 -0.668882
v 2.98769 18.089 -253.246
f 2109/730/1085 2108/729/1086 2267/728/1086 2266/727/1085 

vn -0.561587 0.647926 -0.514599
v 3.11414 18.2906 -253.13
f 2108/734/1087 2107/733/1087 2268/732/1087 2267/731/1087 

vn -0.292423 0.91798 -0.267957
vn -0.188318 0.966829 -0.172561
v 3.3378 18.4217 -252.925
f 2107/738/1088 2106/737/1089 2269/736/1089 2268/735/1088 

vn -0.00694558 0.999956 -0.00636445
v 3.65652 18.4689 -252.633
f 2106/742/1089 2105/741/1090 2270/740/1090 2269/739/1089 

vn 0.185491 0.967834 0.169971
v 4.06777 18.4186 -252.257
f 2105/746/1090 2104/745/1091 2271/744/1091 2270/743/1090 

vn 0.299793 0.913597 0.27471
v 4.4173 18.2076 -251.936
f 2104/750/1091 2103/749/1092 2272/748/1092 2271/747/1091 

vn 0.591975 0.596087 0.542445
v 4.61305 17.85 -251.757
f 2103/754/1093 2102/753/1093 2273/752/1093 2272/751/1093 

vn 0.708844 0.275035 0.649536
vn 0.723979 0.189071 0.663405
v 4.70263 17.4252 -251.675
f 2102/758/1094 2101/757/1095 2274/756/1095 2273/755/1094 

vn 0.734059 0.0933331 0.672641
v 4.7337 17.0128 -251.646
f 2101/762/1095 2100/761/1096 2275/760/1096 2274/759/1095 

vn 0.73402 0.0939014 0.672605
v 4.75388 16.6921 -251.628
f 2100/766/1096 2099/765/1097 2276/764/1097 2275/763/1096 

vn 0.737276 -0.00151867 0.675589
v 4.77351 16.4343 -251.61
f 2099/770/1097 2098/769/1098 2277/768/1098 2276/767/1097 

vn 0.72889 -0.150405 0.667905
v 4.74639 16.0885 -251.635
f 2098/774/1098 2097/773/1099 2278/772/1099 2277/771/1098 

vn 0.719557 -0.217926 0.659353
v 4.69262 15.7211 -251.684
f 2097/778/1099 2096/777/1100 2279/776/1100 2278/775/1099 

vn 0.712927 -0.25488 0.653277
v 4.63487 15.4057 -251.737
f 2096/782/1100 2095/781/1101 2280/780/1101 2279/779/1100 

vn 0.710164 -0.268697 0.650745
v 4.59582 15.2159 -251.773
f 2095/786/1101 2094/785/1102 2281/784/1102 2280/783/1101 

vn 0.713045 0.254274 0.653385
vn 0.696609 0.327533 0.638325
v 4.61637 15.1099 -251.754
f 2094/790/1103 2093/789/1104 2282/788/1104 2281/787/1103 

vn 0.676089 0.398871 0.619521
v 4.77928 14.6019 -251.605
f 2093/794/1104 2092/793/1105 2283/792/1105 2282/791/1104 

v 5.02663 13.8306 -251.378
f 2092/793/1105 2091/796/1105 2284/795/1105 2283/792/1105 

v 5.28202 13.0342 -251.144
f 2091/796/1105 2090/798/1105 2285/797/1105 2284/795/1105 

vn 0.669753 0.418071 0.613716
v 5.46906 12.451 -250.973
f 2090/798/1105 2089/800/1106 2286/799/1106 2285/797/1105 

vn 0.663122 0.437086 0.607639
v 5.52412 12.2973 -250.922
f 2089/804/1106 2088/803/1107 2287/802/1107 2286/801/1106 

vn -0.0659253 0.995994 -0.0604094
vn -0.0691983 0.995586 -0.0634086
v 5.66416 12.3144 -250.794
f 2088/808/1108 2087/807/1109 2288/806/1109 2287/805/1108 

vn -0.075033 0.994808 -0.0687551
v 6.0406 12.3648 -250.449
f 2087/812/1109 2086/811/1110 2289/810/1110 2288/809/1109 

vn -0.079587 0.994157 -0.0729281
v 6.71743 12.4619 -249.829
f 2086/816/1110 2085/815/1111 2290/814/1111 2289/813/1110 

vn -0.0834894 0.993568 -0.076504
v 7.75864 12.6192 -248.875
f 2085/820/1111 2084/819/1112 2291/818/1112 2290/817/1111 

vn -0.0853998 0.993269 -0.0782545
v 9.24091 12.8536 -247.516
f 2084/824/1112 2083/823/1113 2292/822/1113 2291/821/1112 

vn -0.68072 0.384106 -0.623765
vn -0.652075 0.466659 -0.597517
v 9.28412 12.9945 -247.477
f 2083/828/1114 2082/827/1115 2293/826/1115 2292/825/1114 

vn -0.581125 0.615414 -0.532503
v 9.32957 13.0893 -247.435
f 2082/832/1115 2081/831/1116 2294/830/1116 2293/829/1115 

vn -0.519618 0.709426 -0.476142
v 9.36804 13.1454 -247.4
f 2081/836/1116 2080/835/1117 2295/834/1117 2294/833/1116 

vn -0.550914 0.664569 -0.504819
v 9.39443 13.1782 -247.376
f 2080/840/1117 2079/839/1118 2296/838/1118 2295/837/1117 

vn -0.604001 0.573462 -0.553465
v 9.45671 13.2952 -247.319
f 2079/844/1118 2078/843/1119 2297/842/1119 2296/841/1118 

vn -0.612078 0.557486 -0.560866
v 9.53797 13.4577 -247.244
f 2078/848/1119 2077/847/1120 2298/846/1120 2297/845/1119 

vn -0.613957 0.553671 -0.562588
v 9.5952 13.5744 -247.192
f 2077/852/1120 2076/851/1121 2299/850/1121 2298/849/1120 

vn -0.718555 0.223927 -0.658434
vn -0.731205 0.128082 -0.670026
v 9.60236 13.6167 -247.185
f 2076/856/1122 2075/855/1123 2300/854/1123 2299/853/1122 

vn -0.736889 0.0324704 -0.675234
v 9.60581 13.7675 -247.182
f 2075/860/1123 2074/859/1124 2301/858/1124 2300/857/1123 

vn -0.736779 0.036764 -0.675133
v 9.61132 13.988 -247.177
f 2074/864/1124 2073/863/1125 2302/862/1125 2301/861/1124 

vn -0.735097 0.0768476 -0.673592
v 9.61783 14.2105 -247.171
f 2073/868/1125 2072/867/1126 2303/866/1126 2302/865/1125 

vn -0.729877 0.141331 -0.668809
v 9.63823 14.4517 -247.152
f 2072/872/1126 2071/871/1127 2304/870/1127 2303/869/1126 

vn -0.728483 0.153997 -0.667531
v 9.67651 14.7553 -247.117
f 2071/876/1127 2070/875/1128 2305/874/1128 2304/873/1127 

vn -0.736981 0.0283528 -0.675319
v 9.70472 15.0271 -247.091
f 2070/880/1128 2069/879/1129 2306/878/1129 2305/877/1128 

vn -0.731584 -0.12403 -0.670374
v 9.69543 15.1783 -247.1
f 2069/884/1129 2068/883/1130 2307/882/1130 2306/881/1129 

vn -0.736451 -0.0473455 -0.674833
v 9.67027 15.3825 -247.123
f 2068/888/1130 2067/887/1131 2308/886/1131 2307/885/1130 

vn -0.718716 0.222975 -0.658582
v 9.6871 15.7042 -247.107
f 2067/892/1131 2066/891/1132 2309/890/1132 2308/889/1131 

vn -0.635173 0.507738 -0.582029
v 9.79649 16.0769 -247.007
f 2066/896/1132 2065/895/1133 2310/894/1133 2309/893/1132 

vn -0.597514 0.58583 -0.547521
v 10.021 16.4486 -246.801
f 2065/900/1133 2064/899/1134 2311/898/1134 2310/897/1133 

vn -0.659439 0.447219 -0.604264
v 10.206 16.844 -246.632
f 2064/904/1134 2063/903/1135 2312/902/1135 2311/901/1134 

vn -0.723769 0.19055 -0.663212
v 10.3078 17.2088 -246.539
f 2063/908/1135 2062/907/1136 2313/906/1136 2312/905/1135 

vn -0.737104 0.0217121 -0.675431
v 10.312 17.4716 -246.535
f 2062/912/1136 2061/911/1137 2314/910/1137 2313/909/1136 

vn -0.554414 -0.659192 -0.508027
v 10.2352 17.5905 -246.605
f 2061/916/1138 2060/915/1138 2315/914/1138 2314/913/1138 

vn -0.0477138 -0.997904 -0.0437216
v 10.1467 17.5982 -246.686
f 2060/920/1139 2059/919/1139 2316/918/1139 2315/917/1139 

vn 0.482033 -0.756667 0.441702
v 10.0633 17.5005 -246.763
f 2059/924/1140 2058/923/1140 2317/922/1140 2316/921/1140 

vn 0.67581 -0.399738 0.619266
vn 0.665027 -0.431729 0.609385
v 9.99942 17.3018 -246.821
f 2058/928/1141 2057/927/1142 2318/926/1142 2317/925/1141 

vn 0.65342 -0.463187 0.598749
v 9.94504 17.1607 -246.871
f 2057/932/1142 2056/931/1143 2319/930/1143 2318/929/1142 

vn -0.0980345 -0.99112 -0.0898321
v 9.8815 17.1723 -246.929
f 2056/936/1144 2055/935/1144 2320/934/1144 2319/933/1144 

vn -0.573857 -0.627835 -0.525843
vn -0.607192 -0.56723 -0.556389
v 9.80269 17.3048 -247.001
f 2055/940/1145 2054/939/1146 2321/938/1146 2320/937/1145 

vn -0.665992 -0.428984 -0.610269
v 9.70538 17.5313 -247.091
f 2054/944/1146 2053/943/1147 2322/942/1147 2321/941/1146 

vn -0.701178 -0.309078 -0.642511
v 9.61845 17.8453 -247.17
f 2053/948/1147 2052/947/1148 2323/946/1148 2322/945/1147 

vn -0.714959 -0.244184 -0.655139
v 9.55613 18.1516 -247.227
f 2052/952/1148 2051/951/1149 2324/950/1149 2323/949/1148 

vn -0.718836 -0.222263 -0.658692
v 9.52516 18.3359 -247.256
f 2051/956/1149 2050/955/1150 2325/954/1150 2324/953/1149 

vn -0.576755 -0.622931 -0.528499
vn -0.52043 -0.708331 -0.476886
v 9.50861 18.3641 -247.271
f 2050/960/1151 2049/959/1152 2326/958/1152 2325/957/1151 

vn -0.485606 -0.752452 -0.444976
v 9.44626 18.431 -247.328
f 2049/964/1152 2048/963/1153 2327/962/1153 2326/961/1152 

vn -0.553646 -0.660378 -0.507323
v 9.35997 18.5443 -247.407
f 2048/968/1153 2047/967/1154 2328/966/1154 2327/965/1153 

vn -0.590985 -0.597891 -0.541538
v 9.27788 18.6936 -247.482
f 2047/972/1154 2046/971/1155 2329/970/1155 2328/969/1154 

vn -0.719452 -0.218565 -0.659256
v 9.25089 18.857 -247.507
f 2046/976/1156 2045/975/1156 2330/974/1156 2329/973/1156 

vn -0.701875 0.306151 -0.64315
vn -0.663419 0.436256 -0.607911
v 9.28484 19.0002 -247.476
f 2045/980/1157 2044/979/1158 2331/978/1158 2330/977/1157 

vn -0.594695 0.591084 -0.544938
v 9.33224 19.0959 -247.433
f 2044/984/1158 2043/983/1159 2332/982/1159 2331/981/1158 

vn -0.576479 0.623401 -0.528246
v 9.34779 19.1223 -247.418
f 2043/988/1159 2042/987/1160 2333/986/1160 2332/985/1159 

vn -0.734994 -0.078649 -0.673497
vn -0.737234 -0.0108698 -0.67555
v 9.34524 19.1662 -247.421
f 2042/992/1161 2041/991/1162 2334/990/1162 2333/989/1161 

vn -0.725555 0.177612 -0.664849
v 9.34861 19.2463 -247.418
f 2041/996/1162 2040/995/1163 2335/994/1163 2334/993/1162 

vn -0.70432 0.295642 -0.64539
v 9.36916 19.3364 -247.399
f 2040/1000/1163 2039/999/1164 2336/998/1164 2335/997/1163 

vn -0.548613 0.668061 -0.502711
v 9.41464 19.4051 -247.357
f 2039/1004/1165 2038/1003/1165 2337/1002/1165 2336/1001/1165 

vn -0.189233 0.966501 -0.1734
vn -0.0777226 0.994428 -0.0712196
v 9.46913 19.4247 -247.307
f 2038/1008/1166 2037/1007/1167 2338/1006/1167 2337/1005/1166 

vn -0.0354658 0.998842 -0.0324984
v 9.5173 19.4216 -247.263
f 2037/1012/1167 2036/1011/1168 2339/1010/1168 2338/1009/1167 

vn -0.106228 0.989566 -0.09734
v 9.5452 19.4271 -247.237
f 2036/1016/1168 2035/1015/1169 2340/1014/1169 2339/1013/1168 

vn -0.627142 0.525782 -0.57467
vn -0.609211 0.563232 -0.558239
v 9.56293 19.466 -247.221
f 2035/1020/1170 2034/1019/1171 2341/1018/1171 2340/1017/1170 

vn -0.587554 0.604079 -0.538394
v 9.59726 19.5282 -247.19
f 2034/1024/1171 2033/1023/1172 2342/1022/1172 2341/1021/1171 

vn -0.596265 0.588168 -0.546376
v 9.63367 19.5925 -247.156
f 2033/1028/1172 2032/1027/1173 2343/1026/1173 2342/1025/1172 

vn -0.644702 0.48514 -0.590761
v 9.6572 19.6388 -247.135
f 2032/1032/1173 2031/1031/1174 2344/1030/1174 2343/1029/1173 

vn -0.685112 0.369462 -0.627789
v 9.67376 19.6906 -247.12
f 2031/1036/1174 2030/1035/1175 2345/1034/1175 2344/1033/1174 

vn -0.691973 0.345137 -0.634077
v 9.69307 19.763 -247.102
f 2030/1040/1175 2029/1039/1176 2346/1038/1176 2345/1037/1175 

vn -0.671342 0.413356 -0.615172
v 9.71678 19.849 -247.08
f 2029/1044/1176 2028/1043/1177 2347/1042/1177 2346/1041/1176 

vn -0.64891 0.474706 -0.594617
v 9.7506 19.9341 -247.049
f 2028/1048/1177 2027/1047/1178 2348/1046/1178 2347/1045/1177 

vn -0.282555 0.923648 -0.258914
vn -0.210918 0.958207 -0.193271
v 9.81821 19.9721 -246.987
f 2027/1052/1179 2026/1051/1180 2349/1050/1180 2348/1049/1179 

vn -0.228581 0.950726 -0.209456
v 9.90355 19.994 -246.909
f 2026/1056/1180 2025/1055/1181 2350/1054/1181 2349/1053/1180 

vn -0.316367 0.903256 -0.289897
v 9.98288 20.0451 -246.836
f 2025/1060/1181 2024/1059/1182 2351/1058/1182 2350/1057/1181 

vn -0.659269 0.447681 -0.604108
vn -0.695599 0.331458 -0.637399
v 10.039 20.197 -246.785
f 2024/1064/1183 2023/1063/1184 2352/1062/1184 2351/1061/1183 

vn -0.720717 0.210754 -0.660416
v 10.082 20.4689 -246.746
f 2023/1068/1184 2022/1067/1185 2353/1066/1185 2352/1065/1184 

vn -0.68271 0.377553 -0.625588
v 10.1234 20.7284 -246.708
f 2022/1072/1185 2021/1071/1186 2354/1070/1186 2353/1069/1185 

vn -0.624216 0.53215 -0.571988
v 10.1742 20.8381 -246.661
f 2021/1076/1186 2020/1075/1187 2355/1074/1187 2354/1073/1186 

vn 0.371625 0.863674 0.340532
vn 0.448331 0.793868 0.41082
v 10.2662 20.7652 -246.577
f 2020/1080/1188 2019/1079/1189 2356/1078/1189 2355/1077/1188 

vn 0.553023 0.661338 0.506752
v 10.3915 20.5975 -246.462
f 2019/1084/1189 2018/1083/1190 2357/1082/1190 2356/1081/1189 

vn 0.622586 0.535651 0.570495
v 10.5075 20.392 -246.356
f 2018/1088/1190 2017/1087/1191 2358/1086/1191 2357/1085/1190 

vn 0.62719 0.525677 0.574714
v 10.5795 20.2032 -246.29
f 2017/1092/1191 2016/1091/1192 2359/1090/1192 2358/1089/1191 

vn 0.56746 0.638443 0.519981
v 10.6718 20.0314 -246.205
f 2016/1096/1192 2015/1095/1193 2360/1094/1193 2359/1093/1192 

vn 0.540663 0.679879 0.495427
v 10.7918 19.8584 -246.095
f 2015/1100/1193 2014/1099/1194 2361/1098/1194 2360/1097/1193 

vn 0.575707 0.624713 0.527538
v 10.9174 19.6719 -245.98
f 2014/1104/1194 2013/1103/1195 2362/1102/1195 2361/1101/1194 

vn 0.633577 0.511393 0.580566
v 11.0271 19.4587 -245.88
f 2013/1108/1195 2012/1107/1196 2363/1106/1196 2362/1105/1195 

vn 0.672841 0.408848 0.616545
v 11.1103 19.2334 -245.803
f 2012/1112/1196 2011/1111/1197 2364/1110/1197 2363/1109/1196 

vn 0.692054 0.344838 0.634151
v 11.1636 19.0515 -245.754
f 2011/1116/1197 2010/1115/1198 2365/1114/1198 2364/1113/1197 

vn 0.710553 0.266796 0.651102
v 11.1838 18.9702 -245.736
f 2010/1120/1198 2009/1119/1199 2366/1118/1199 2365/1117/1198 

vn 0.69917 0.317335 0.640671
v 11.2446 18.5913 -245.68
f 2009/1124/1199 2008/1123/1200 2367/1122/1200 2366/1121/1199 

vn 0.655254 0.458396 0.600429
v 11.3662 18.2334 -245.569
f 2008/1128/1200 2007/1127/1201 2368/1126/1201 2367/1125/1200 

vn 0.658707 0.4492 0.603593
v 11.4898 17.9408 -245.455
f 2007/1132/1201 2006/1131/1202 2369/1130/1202 2368/1129/1201 

vn 0.703016 0.301298 0.644195
v 11.5607 17.7205 -245.391
f 2006/1136/1202 2005/1135/1203 2370/1134/1203 2369/1133/1202 

vn 0.725713 0.176422 0.664993
v 11.6046 17.4279 -245.35
f 2005/1140/1203 2004/1139/1204 2371/1138/1204 2370/1137/1203 

vn 0.728945 0.149916 0.667955
v 11.6468 17.0583 -245.312
f 2004/1144/1204 2003/1143/1205 2372/1142/1205 2371/1141/1204 

vn 0.72584 0.175457 0.66511
v 11.6869 16.692 -245.275
f 2003/1148/1205 2002/1147/1206 2373/1146/1206 2372/1145/1205 

vn 0.694816 0.334468 0.636681
v 11.731 16.4047 -245.234
f 2002/1152/1206 2001/1151/1207 2374/1150/1207 2373/1149/1206 

vn 0.624119 0.532359 0.5719
v 11.811 16.1946 -245.161
f 2001/1156/1207 2000/1155/1208 2375/1154/1208 2374/1153/1207 

vn 0.597886 0.585132 0.547862
v 11.9221 15.9947 -245.059
f 2000/1160/1208 1999/1159/1209 2376/1158/1209 2375/1157/1208 

vn 0.617895 0.545551 0.566197
v 12.0537 15.7361 -244.939
f 1999/1164/1209 1998/1163/1210 2377/1162/1210 2376/1161/1209 

vn 0.601094 0.579055 0.550801
v 12.1794 15.4582 -244.824
f 1998/1168/1210 1997/1167/1211 2378/1166/1211 2377/1165/1210 

vn 0.492428 0.744251 0.451227
v 12.2651 15.3159 -244.745
f 1997/1172/1211 1996/1171/1212 2379/1170/1212 2378/1169/1211 

vn 0.402202 0.838096 0.36855
v 12.3272 15.261 -244.688
f 1996/1176/1212 1995/1175/1213 2380/1174/1213 2379/1173/1212 

vn -0.369714 0.865181 -0.338781
vn -0.327244 0.896099 -0.299864
v 12.4196 15.3337 -244.604
f 1995/1180/1214 1994/1179/1215 2381/1178/1215 2380/1177/1214 

vn -0.283375 0.923186 -0.259666
v 12.5982 15.4345 -244.44
f 1994/1184/1215 1993/1183/1216 2382/1182/1216 2381/1181/1215 

vn -0.0187786 0.999676 -0.0172074
v 12.7748 15.4406 -244.278
f 1993/1188/1217 1992/1187/1217 2383/1186/1217 2382/1185/1217 

vn 0.644429 0.485807 0.590511
v 12.8636 15.2239 -244.197
f 1992/1192/1218 1991/1191/1218 2384/1190/1218 2383/1189/1218 

vn 0.736157 -0.0550959 0.674564
vn 0.731838 -0.121245 0.670606
v 12.8435 14.7287 -244.215
f 1991/1196/1219 1990/1195/1220 2385/1194/1220 2384/1193/1219 

vn 0.71778 -0.228454 0.657724
v 12.7616 14.1446 -244.29
f 1990/1200/1220 1989/1199/1221 2386/1198/1221 2385/1197/1220 

vn 0.696471 -0.328071 0.638198
v 12.6681 13.692 -244.376
f 1989/1204/1221 1988/1203/1222 2387/1202/1222 2386/1201/1221 

vn 0.675825 -0.399691 0.61928
v 12.6353 13.5853 -244.406
f 1988/1208/1222 1987/1207/1223 2388/1206/1223 2387/1205/1222 

vn 0.671902 -0.41168 0.615684
v 12.6179 13.5333 -244.422
f 1987/1212/1223 1986/1211/1224 2389/1210/1224 2388/1209/1223 

vn 0.673193 -0.407781 0.616868
v 12.5977 13.4724 -244.44
f 1986/1216/1224 1985/1215/1225 2390/1214/1225 2389/1213/1224 

vn 0.673709 -0.406209 0.617341
v 12.5752 13.4038 -244.461
f 1985/1220/1225 1984/1219/1226 2391/1218/1226 2390/1217/1225 

vn -0.0961202 0.991465 -0.0880779
vn -0.105752 0.98966 -0.0969042
v 13.0929 13.4961 -243.987
f 1984/1224/1227 1983/1223/1228 2392/1222/1228 2391/1221/1227 

vn -0.123732 0.985817 -0.113379
v 13.589 13.6027 -243.532
f 1983/1228/1228 1982/1227/1229 2393/1226/1229 2392/1225/1228 

vn -0.139074 0.982048 -0.127438
v 14.0629 13.7198 -243.098
f 1982/1232/1229 1981/1231/1230 2394/1230/1230 2393/1229/1229 

vn -0.151539 0.978649 -0.13886
v 14.514 13.8434 -242.684
f 1981/1236/1230 1980/1235/1231 2395/1234/1231 2394/1233/1230 

vn -0.160807 0.975924 -0.147353
v 14.9416 13.9698 -242.293
f 1980/1240/1231 1979/1239/1232 2396/1238/1232 2395/1237/1231 

vn -0.166435 0.974187 -0.152509
v 15.3451 14.0952 -241.923
f 1979/1244/1232 1978/1243/1233 2397/1242/1233 2396/1241/1232 

vn -0.16779 0.973759 -0.153751
v 15.724 14.2157 -241.576
f 1978/1248/1233 1977/1247/1234 2398/1246/1234 2397/1245/1233 

vn -0.164819 0.974692 -0.151029
v 16.0776 14.3274 -241.252
f 1977/1252/1234 1976/1251/1235 2399/1250/1235 2398/1249/1234 

vn -0.26774 0.931732 -0.245339
v 16.3236 14.4027 -241.026
f 1976/1256/1235 1975/1255/1236 2400/1254/1236 2399/1253/1235 

vn -0.306392 0.90956 -0.280757
v 16.3629 14.4333 -240.99
f 1975/1260/1236 1974/1259/1237 2401/1258/1237 2400/1257/1236 

vn -0.286533 0.921391 -0.262559
v 16.4149 14.4579 -240.942
f 1974/1264/1237 1973/1263/1238 2402/1262/1238 2401/1261/1237 

vn -0.371487 0.863783 -0.340405
v 16.4655 14.4921 -240.896
f 1973/1268/1238 1972/1267/1239 2403/1266/1239 2402/1265/1238 

vn -0.402169 0.838125 -0.36852
v 16.6256 14.6386 -240.749
f 1972/1272/1239 1971/1271/1240 2404/1270/1240 2403/1269/1239 

vn -0.387912 0.850397 -0.355456
v 16.8075 14.7934 -240.583
f 1971/1276/1240 1970/1275/1241 2405/1274/1241 2404/1273/1240 

vn -0.384031 0.853632 -0.3519
v 16.8999 14.8699 -240.498
f 1970/1280/1241 1969/1279/1242 2406/1278/1242 2405/1277/1241 

vn -0.734701 -0.0835264 -0.673229
vn -0.734668 -0.0840538 -0.673199
v 16.8741 15.2889 -240.522
f 1969/1284/1243 1968/1283/1244 2407/1282/1244 2406/1281/1243 

vn -0.734635 -0.0845811 -0.673169
v 16.8201 16.1515 -240.571
f 1968/1288/1244 1967/1287/1245 2408/1286/1245 2407/1285/1244 

vn -0.732205 -0.117097 -0.670942
v 16.7872 16.677 -240.601
f 1967/1287/1245 1966/1290/1246 2409/1289/1246 2408/1286/1245 

vn -0.729413 -0.145668 -0.668384
v 16.762 16.903 -240.624
f 1966/1294/1246 1965/1293/1247 2410/1292/1247 2409/1291/1246 

vn -0.731008 -0.130133 -0.669845
v 16.7042 17.45 -240.677
f 1965/1298/1247 1964/1297/1248 2411/1296/1248 2410/1295/1247 

vn -0.737274 0.00295487 -0.675587
v 16.6563 17.995 -240.721
f 1964/1302/1248 1963/1301/1249 2412/1300/1249 2411/1299/1248 

vn -0.731562 0.124268 -0.670353
v 16.6911 18.372 -240.689
f 1963/1306/1249 1962/1305/1250 2413/1304/1250 2412/1303/1249 

vn -0.637093 0.503293 -0.583788
vn -0.610325 0.56101 -0.55926
v 16.843 18.7258 -240.55
f 1962/1310/1251 1961/1309/1252 2414/1308/1252 2413/1307/1251 

vn -0.599269 0.582524 -0.549129
v 17.065 19.1107 -240.347
f 1961/1314/1252 1960/1313/1253 2415/1312/1253 2414/1311/1252 

vn -0.657148 0.453379 -0.602166
v 17.2652 19.5253 -240.163
f 1960/1318/1253 1959/1317/1254 2416/1316/1254 2415/1315/1253 

vn -0.714801 0.245037 -0.654994
v 17.3659 19.8867 -240.071
f 1959/1322/1254 1958/1321/1255 2417/1320/1255 2416/1319/1254 

vn -0.737112 -0.0211894 -0.675439
v 17.3938 20.1683 -240.045
f 1958/1326/1255 1957/1325/1256 2418/1324/1256 2417/1323/1255 

vn -0.725856 -0.175336 -0.665124
v 17.3701 20.3487 -240.067
f 1957/1330/1256 1956/1329/1257 2419/1328/1257 2418/1327/1256 

vn -0.474909 -0.764909 -0.435174
v 17.3004 20.4284 -240.131
f 1956/1334/1258 1955/1333/1258 2420/1332/1258 2419/1331/1258 

vn 0.0705546 -0.995411 0.0646514
v 17.1957 20.4148 -240.227
f 1955/1338/1259 1954/1337/1259 2421/1336/1259 2420/1335/1259 

vn 0.490043 -0.747141 0.449042
vn 0.559994 -0.650457 0.51314
v 17.0601 20.2512 -240.351
f 1954/1342/1260 1953/1341/1261 2422/1340/1261 2421/1339/1260 

vn 0.618829 -0.543602 0.567052
v 16.9126 19.9409 -240.486
f 1953/1346/1261 1952/1345/1262 2423/1344/1262 2422/1343/1261 

vn 0.617986 -0.545364 0.566279
v 16.805 19.7165 -240.585
f 1952/1350/1262 1951/1349/1263 2424/1348/1263 2423/1347/1262 

vn -0.111798 -0.988436 -0.102444
v 16.755 19.7268 -240.631
f 1951/1354/1264 1950/1353/1264 2425/1352/1264 2424/1351/1264 

vn -0.666918 -0.426329 -0.611118
vn -0.686207 -0.365702 -0.628793
v 16.7102 19.8559 -240.672
f 1950/1358/1265 1949/1357/1266 2426/1356/1266 2425/1355/1265 

vn -0.721533 -0.205556 -0.661163
v 16.6671 20.0391 -240.711
f 1949/1360/1266 1948/888/1267 2427/885/1267 2426/1359/1266 

vn -0.736557 0.0441914 -0.67493
v 16.6498 20.2612 -240.727
f 1948/1364/1267 1947/1363/1268 2428/1362/1268 2427/1361/1267 

vn -0.724466 0.185613 -0.66385
v 16.6882 20.5262 -240.692
f 1947/1368/1268 1946/1367/1269 2429/1366/1269 2428/1365/1268 

vn -0.725463 0.178303 -0.664764
v 16.7113 20.699 -240.671
f 1946/1372/1269 1945/1371/1270 2430/1370/1270 2429/1369/1269 

vn 0.145706 -0.980277 0.133515
vn 0.10185 -0.990412 0.093328
v 16.6415 20.6799 -240.735
f 1945/1376/1271 1944/1375/1272 2431/1374/1272 2430/1373/1271 

vn -0.0446543 -0.998164 -0.0409182
v 16.5469 20.6699 -240.822
f 1944/1380/1272 1943/1379/1273 2432/1378/1273 2431/1377/1272 

vn -0.146072 -0.980177 -0.13385
v 16.4541 20.6953 -240.907
f 1943/1384/1273 1942/1383/1274 2433/1382/1274 2432/1381/1273 

vn -0.403289 -0.837134 -0.369546
vn -0.495238 -0.740812 -0.453802
v 16.3756 20.7649 -240.979
f 1942/1388/1275 1941/1387/1276 2434/1386/1276 2433/1385/1275 

vn -0.57489 -0.626094 -0.52679
v 16.3247 20.8508 -241.025
f 1941/1392/1276 1940/1391/1277 2435/1390/1277 2434/1389/1276 

vn -0.737174 -0.01674 -0.675496
v 16.3234 20.9566 -241.026
f 1940/1396/1278 1939/1395/1278 2436/1394/1278 2435/1393/1278 

vn -0.65498 0.459115 -0.600179
vn -0.61479 0.551969 -0.563351
v 16.3911 21.1342 -240.964
f 1939/1400/1279 1938/1399/1280 2437/1398/1280 2436/1397/1279 

vn -0.506826 0.726252 -0.46442
v 16.4986 21.3099 -240.866
f 1938/1404/1280 1937/1403/1281 2438/1402/1281 2437/1401/1280 

vn -0.43094 0.811392 -0.394884
v 16.6177 21.4296 -240.757
f 1937/1408/1281 1936/1407/1282 2439/1406/1282 2438/1405/1281 

vn -0.461733 0.779608 -0.4231
v 16.7288 21.5352 -240.655
f 1936/1412/1282 1935/1411/1283 2440/1410/1283 2439/1409/1282 

vn -0.498507 0.736768 -0.456798
v 16.7993 21.6229 -240.59
f 1935/1416/1283 1934/1415/1284 2441/1414/1284 2440/1413/1283 

vn -0.717557 -0.229741 -0.657519
vn -0.728469 -0.154112 -0.667519
v 16.7837 21.7124 -240.605
f 1934/1420/1285 1933/1419/1286 2442/1418/1286 2441/1417/1285 

vn -0.734106 0.0926529 -0.672684
v 16.7753 21.8591 -240.612
f 1933/1424/1286 1932/1423/1287 2443/1422/1287 2442/1421/1286 

vn -0.711884 0.26019 -0.652321
v 16.8078 22.0229 -240.582
f 1932/1428/1287 1931/1427/1288 2444/1426/1288 2443/1425/1287 

vn -0.425564 0.816596 -0.389958
vn -0.331532 0.893194 -0.303794
v 16.9114 22.1221 -240.488
f 1931/1432/1289 1930/1431/1290 2445/1430/1290 2444/1429/1289 

vn -0.230163 0.950023 -0.210905
v 17.0034 22.1632 -240.403
f 1930/1436/1290 1929/1435/1291 2446/1434/1291 2445/1433/1290 

vn -0.510904 0.720976 -0.468157
v 17.0192 22.1838 -240.389
f 1929/1440/1292 1928/1439/1292 2447/1438/1292 2446/1437/1292 

vn -0.708615 0.276116 -0.649326
vn -0.69285 0.341888 -0.63488
v 17.038 22.2725 -240.372
f 1928/1444/1293 1927/1443/1294 2448/1442/1294 2447/1441/1293 

vn -0.67377 0.406024 -0.617397
v 17.0727 22.3786 -240.34
f 1927/1448/1294 1926/1447/1295 2449/1446/1295 2448/1445/1294 

vn -0.484894 0.753296 -0.444323
v 17.1258 22.4413 -240.291
f 1926/1452/1296 1925/1451/1296 2450/1450/1296 2449/1449/1296 

vn -0.171477 0.972577 -0.15713
vn -0.141839 0.98132 -0.129972
v 17.202 22.4661 -240.221
f 1925/1456/1297 1924/1455/1298 2451/1454/1298 2450/1453/1297 

vn -0.111962 0.988402 -0.102594
v 17.2635 22.4789 -240.165
f 1924/1460/1298 1923/1459/1299 2452/1458/1299 2451/1457/1298 

vn -0.54669 0.670955 -0.500949
vn -0.573886 0.627786 -0.52587
v 17.2833 22.5086 -240.147
f 1923/1464/1300 1922/1463/1301 2453/1462/1301 2452/1461/1300 

vn -0.572462 0.630173 -0.524565
v 17.3226 22.5829 -240.111
f 1922/1468/1301 1921/1467/1302 2454/1466/1302 2453/1465/1301 

vn -0.499724 0.73525 -0.457912
v 17.3798 22.6676 -240.058
f 1921/1472/1302 1920/1471/1303 2455/1470/1303 2454/1469/1302 

vn -0.491455 0.745432 -0.450336
v 17.4407 22.7318 -240.003
f 1920/1476/1303 1919/1475/1304 2456/1474/1304 2455/1473/1303 

vn -0.573683 0.628128 -0.525684
v 17.5051 22.8214 -239.944
f 1919/1480/1304 1918/1479/1305 2457/1478/1305 2456/1477/1304 

vn -0.635831 0.50622 -0.582632
v 17.5658 22.9455 -239.888
f 1918/1484/1305 1917/1483/1306 2458/1482/1306 2457/1481/1305 

vn -0.655576 0.457548 -0.600725
v 17.6174 23.0815 -239.841
f 1917/1488/1306 1916/1487/1307 2459/1486/1307 2458/1485/1306 

vn -0.151694 0.978605 -0.139002
v 17.6775 23.0987 -239.786
f 1916/1492/1308 1915/1491/1308 2460/1490/1308 2459/1489/1308 

vn 0.497772 0.737681 0.456124
vn 0.552311 0.662432 0.5061
v 17.7429 23.0175 -239.726
f 1915/1496/1309 1914/1495/1310 2461/1494/1310 2460/1493/1309 

vn 0.536229 0.686309 0.491364
v 17.8031 22.9028 -239.67
f 1914/1500/1310 1913/1499/1311 2462/1498/1311 2461/1497/1310 

vn 0.461577 0.779778 0.422957
v 17.8391 22.8637 -239.638
f 1913/1504/1311 1912/1503/1312 2463/1502/1312 2462/1501/1311 

vn -0.398866 0.841024 -0.365493
vn -0.398407 0.841423 -0.365073
v 17.8609 22.8827 -239.617
f 1912/1508/1313 1911/1507/1314 2464/1506/1314 2463/1505/1313 

vn -0.363561 0.869965 -0.333142
v 17.9113 22.9266 -239.571
f 1911/1512/1314 1910/1511/1315 2465/1510/1315 2464/1509/1314 

vn -0.221222 0.953923 -0.202712
v 17.993 22.9816 -239.496
f 1910/1516/1315 1909/1515/1316 2466/1514/1316 2465/1513/1315 

vn -0.108947 0.989022 -0.0998313
v 18.073 22.9978 -239.423
f 1909/1520/1316 1908/1519/1317 2467/1518/1317 2466/1517/1316 

vn 0.715051 0.24369 0.655223
v 18.0927 22.8915 -239.405
f 1908/1524/1318 1907/1523/1318 2468/1522/1318 2467/1521/1318 

vn 0.730599 -0.134296 0.66947
vn 0.73296 -0.108059 0.671634
v 18.0766 22.7305 -239.42
f 1907/1528/1319 1906/1527/1320 2469/1526/1320 2468/1525/1319 

vn 0.736241 0.0529921 0.674641
v 18.0688 22.602 -239.427
f 1906/1532/1320 1905/1531/1321 2470/1530/1321 2469/1529/1320 

vn 0.717117 0.23225 0.657117
v 18.0943 22.4203 -239.404
f 1905/1536/1321 1904/1535/1322 2471/1534/1322 2470/1533/1321 

vn 0.702393 0.303959 0.643625
v 18.1374 22.2178 -239.364
f 1904/1540/1322 1903/1539/1323 2472/1538/1323 2471/1537/1322 

vn 0.718525 0.224103 0.658407
v 18.1778 22.0611 -239.327
f 1903/1544/1323 1902/1543/1324 2473/1542/1324 2472/1541/1323 

vn 0.734679 0.0838768 0.67321
v 18.2033 21.7634 -239.304
f 1902/1548/1324 1901/1547/1325 2474/1546/1325 2473/1545/1324 

vn 0.73471 0.083385 0.673237
v 18.2154 21.4521 -239.293
f 1901/1552/1325 1900/1551/1326 2475/1550/1326 2474/1549/1325 

vn 0.732469 0.114027 0.671184
v 18.224 21.3503 -239.285
f 1900/1556/1326 1899/1555/1327 2476/1554/1327 2475/1553/1326 

vn 0.552801 0.661679 0.506549
vn 0.571053 0.632521 0.523274
v 18.3256 21.1941 -239.192
f 1899/1560/1328 1898/1559/1329 2477/1558/1329 2476/1557/1328 

vn 0.628376 0.523066 0.5758
v 18.4756 20.9245 -239.054
f 1898/1564/1329 1897/1563/1330 2478/1562/1330 2477/1561/1329 

vn 0.699993 0.313979 0.641426
v 18.5783 20.6393 -238.96
f 1897/1568/1330 1896/1567/1331 2479/1566/1331 2478/1565/1330 

vn 0.730928 0.130954 0.669772
v 18.6237 20.3092 -238.918
f 1896/1572/1331 1895/1571/1332 2480/1570/1332 2479/1569/1331 

vn 0.735095 0.076878 0.673591
v 18.6401 20.0263 -238.904
f 1895/1576/1332 1894/1575/1333 2481/1574/1333 2480/1573/1332 

vn 0.735168 0.0755981 0.673657
v 18.645 19.9376 -238.899
f 1894/1580/1333 1893/1579/1334 2482/1578/1334 2481/1577/1333 

vn 0.380033 0.856917 0.348236
vn 0.423737 0.818342 0.388283
v 18.7119 19.8831 -238.838
f 1893/1584/1335 1892/1583/1336 2483/1582/1336 2482/1581/1335 

vn 0.465321 0.775674 0.426388
v 18.8117 19.773 -238.746
f 1892/1588/1336 1891/1587/1337 2484/1586/1337 2483/1585/1336 

vn 0.641864 0.492015 0.58816
v 18.8707 19.6312 -238.692
f 1891/1592/1338 1890/1591/1338 2485/1590/1338 2484/1589/1338 

vn 0.735877 -0.0615955 0.674307
vn 0.724971 -0.181949 0.664313
v 18.8631 19.4631 -238.699
f 1890/1596/1339 1889/1595/1340 2486/1594/1340 2485/1593/1339 

vn 0.68791 -0.359768 0.630354
v 18.83 19.3203 -238.729
f 1889/1600/1340 1888/1599/1341 2487/1598/1341 2486/1597/1340 

vn 0.669625 -0.418448 0.613598
v 18.8136 19.2718 -238.745
f 1888/1604/1341 1887/1603/1342 2488/1602/1342 2487/1601/1341 

vn 0.291598 -0.918463 0.2672
vn 0.300435 -0.913209 0.275298
v 18.7592 19.2401 -238.794
f 1887/1608/1343 1886/1607/1344 2489/1606/1344 2488/1605/1343 

vn 0.337336 -0.889188 0.309111
v 18.6684 19.1832 -238.878
f 1886/1612/1344 1885/1611/1345 2490/1610/1345 2489/1609/1344 

vn 0.364844 -0.868977 0.334318
v 18.5993 19.1298 -238.941
f 1885/1616/1345 1884/1615/1346 2491/1614/1346 2490/1613/1345 

vn 0.646212 -0.48143 0.592144
v 18.5803 19.0828 -238.958
f 1884/1620/1347 1883/1619/1347 2492/1618/1347 2491/1617/1347 

vn 0.682631 0.377816 0.625516
vn 0.634469 0.509354 0.581384
v 18.5969 19.0277 -238.943
f 1883/1624/1348 1882/1623/1349 2493/1622/1349 2492/1621/1348 

vn 0.571927 0.631067 0.524075
v 18.7947 18.6969 -238.762
f 1882/1628/1349 1881/1627/1350 2494/1626/1350 2493/1625/1349 

vn 0.569053 0.635829 0.521441
v 19.1475 18.1104 -238.439
f 1881/1632/1350 1880/1631/1351 2495/1630/1351 2494/1629/1350 

vn 0.603564 0.574309 0.553064
v 19.4268 17.6549 -238.183
f 1880/1636/1351 1879/1635/1352 2496/1634/1352 2495/1633/1351 

vn 0.636211 0.50534 0.58298
v 19.5264 17.4243 -238.091
f 1879/1640/1352 1878/1639/1353 2497/1638/1353 2496/1637/1352 

vn 0.680165 -0.38591 0.623257
v 19.4788 17.27 -238.135
f 1878/1644/1354 1877/1643/1354 2498/1642/1354 2497/1641/1354 

vn 0.362477 -0.870797 0.332149
vn 0.448489 -0.793704 0.410965
v 19.2956 17.1297 -238.303
f 1877/1648/1355 1876/1647/1356 2499/1646/1356 2498/1645/1355 

vn 0.525732 -0.701091 0.481744
v 19.1393 16.9141 -238.446
f 1876/1652/1356 1875/1651/1357 2500/1650/1357 2499/1649/1356 

vn 0.719209 0.220033 0.659033
v 19.1948 16.5804 -238.395
f 1875/1656/1358 1874/1655/1358 2501/1654/1358 2500/1653/1358 

vn 0.509972 0.722189 0.467303
vn 0.481155 0.757693 0.440898
v 19.5388 16.1335 -238.08
f 1874/1660/1359 1873/1659/1360 2502/1658/1360 2501/1657/1359 

vn 0.471308 0.768995 0.431874
v 19.751 15.911 -237.886
f 1873/1664/1360 1872/1663/1361 2503/1662/1361 2502/1661/1360 

vn 0.519739 0.709263 0.476253
v 19.9222 15.7036 -237.729
f 1872/1668/1361 1871/1667/1362 2504/1666/1362 2503/1665/1361 

vn 0.5612 0.648542 0.514245
v 20.051 15.5104 -237.611
f 1871/1672/1362 1870/1671/1363 2505/1670/1363 2504/1669/1362 

vn 0.543056 0.676361 0.497619
v 20.088 15.4479 -237.577
f 1870/1676/1363 1869/1675/1364 2506/1674/1364 2505/1673/1363 

vn 0.508758 0.723762 0.466191
v 20.1225 15.4032 -237.545
f 1869/1680/1364 1868/1679/1365 2507/1678/1365 2506/1677/1364 

vn -0.387855 0.850445 -0.355404
vn -0.277074 0.926698 -0.253892
v 20.152 15.428 -237.518
f 1868/1684/1366 1867/1683/1367 2508/1682/1367 2507/1681/1366 

vn -0.16092 0.97589 -0.147456
v 20.6095 15.5645 -237.099
f 1867/1692/1367 1866/1691/1368 2509/1690/1368 2508/1689/1367 

vn -0.159673 0.976267 -0.146313
v 21.1212 15.7222 -236.63
f 1866/1696/1368 1865/1695/1369 2510/1694/1369 2509/1693/1368 

vn -0.15377 0.978009 -0.140904
v 21.6422 15.8751 -236.153
f 1865/1700/1369 1864/1699/1370 2511/1698/1370 2510/1697/1369 

vn -0.150903 0.97883 -0.138277
v 22.1569 16.0218 -235.681
f 1864/1704/1370 1863/1703/1371 2512/1702/1371 2511/1701/1370 

vn -0.15109 0.978777 -0.138449
v 22.65 16.161 -235.229
f 1863/1708/1371 1862/1707/1372 2513/1706/1372 2512/1705/1371 

vn -0.155007 0.977649 -0.142037
v 23.106 16.2913 -234.811
f 1862/1712/1372 1861/1711/1373 2514/1710/1373 2513/1709/1372 

vn -0.164555 0.974774 -0.150786
v 23.5094 16.4114 -234.442
f 1861/1716/1373 1860/1715/1374 2515/1714/1374 2514/1713/1373 

vn -0.184911 0.968038 -0.16944
v 23.8447 16.5199 -234.134
f 1860/1720/1374 1859/1719/1375 2516/1718/1375 2515/1717/1374 

vn -0.198686 0.963004 -0.182062
v 24.0965 16.6154 -233.904
f 1859/1724/1375 1858/1723/1376 2517/1722/1376 2516/1721/1375 

vn -0.71582 0.2395 -0.655928
vn -0.718351 0.225126 -0.658248
v 24.1222 16.7565 -233.88
f 1858/1728/1377 1857/1727/1378 2518/1726/1378 2517/1725/1377 

vn -0.727594 0.161539 -0.666717
v 24.155 16.9629 -233.85
f 1857/1732/1378 1856/1731/1379 2519/1730/1379 2518/1729/1378 

vn -0.737277 -0.0012503 -0.67559
v 24.1817 17.2841 -233.826
f 1856/1736/1379 1855/1735/1380 2520/1734/1380 2519/1733/1379 

vn -0.723655 -0.191343 -0.663107
v 24.1208 18.0007 -233.881
f 1855/1740/1380 1854/1739/1381 2521/1738/1381 2520/1737/1380 

vn -0.706989 -0.283682 -0.647836
v 23.958 18.7974 -234.031
f 1854/1744/1381 1853/1743/1382 2522/1742/1382 2521/1741/1381 

vn -0.718226 -0.22586 -0.658133
v 23.8241 19.3744 -234.153
f 1853/1748/1382 1852/1747/1383 2523/1746/1383 2522/1745/1382 

vn -0.728916 -0.150173 -0.667929
v 23.7884 19.693 -234.186
f 1852/1752/1383 1851/1751/1384 2524/1750/1384 2523/1749/1383 

vn -0.722231 0.200994 -0.661803
vn -0.693496 0.339468 -0.635472
v 23.836 20.0074 -234.142
f 1851/1756/1385 1850/1755/1386 2525/1754/1386 2524/1753/1385 

vn -0.660174 0.445218 -0.604938
v 23.9874 20.3921 -234.004
f 1850/1760/1386 1849/1759/1387 2526/1758/1387 2525/1757/1386 

vn -0.69849 0.320077 -0.640048
v 24.169 20.9255 -233.837
f 1849/1764/1387 1848/1763/1388 2527/1762/1388 2526/1761/1387 

vn -0.730767 0.1326 -0.669625
v 24.2633 21.5 -233.751
f 1848/1768/1388 1847/1767/1389 2528/1766/1389 2527/1765/1388 

vn -0.736468 0.046851 -0.674848
v 24.2766 21.8837 -233.739
f 1847/1772/1389 1846/1771/1390 2529/1770/1390 2528/1769/1389 

vn -0.634983 -0.508174 -0.581855
v 24.2163 22.0223 -233.794
f 1846/1776/1391 1845/1775/1391 2530/1774/1391 2529/1773/1391 

vn -0.290353 -0.919188 -0.26606
v 24.1048 22.0871 -233.896
f 1845/1780/1392 1844/1779/1392 2531/1778/1392 2530/1777/1392 

vn 0.058655 -0.99683 0.0537474
v 23.9734 22.0729 -234.016
f 1844/1784/1393 1843/1783/1393 2532/1782/1393 2531/1781/1393 

vn 0.612786 -0.556052 0.561515
v 23.8774 21.8782 -234.104
f 1843/1788/1394 1842/1787/1394 2533/1786/1394 2532/1785/1394 

vn 0.730861 -0.131643 0.669711
vn 0.731001 -0.130208 0.669839
v 23.8386 21.4813 -234.14
f 1842/1792/1395 1841/1791/1396 2534/1790/1396 2533/1789/1395 

vn 0.731139 -0.128772 0.669965
v 23.8038 21.1185 -234.172
f 1841/1796/1396 1840/1795/1397 2535/1794/1397 2534/1793/1396 

vn 0.477509 -0.761925 0.437556
v 23.7232 21.0256 -234.246
f 1840/1800/1398 1839/1799/1398 2536/1798/1398 2535/1797/1398 

vn -0.59882 -0.583373 -0.548717
vn -0.658979 -0.448465 -0.603843
v 23.6083 21.2425 -234.351
f 1839/1804/1399 1838/1803/1400 2537/1802/1400 2536/1801/1399 

vn -0.718954 -0.221555 -0.6588
v 23.5093 21.6661 -234.442
f 1838/1808/1400 1837/1807/1401 2538/1806/1401 2537/1805/1400 

vn -0.734619 -0.0848426 -0.673154
v 23.4647 22.0959 -234.483
f 1837/1812/1401 1836/1811/1402 2539/1810/1402 2538/1809/1401 

vn -0.736416 0.0483196 -0.674801
v 23.4597 22.322 -234.487
f 1836/1816/1402 1835/1815/1403 2540/1814/1403 2539/1813/1402 

vn -0.731343 0.126626 -0.670152
v 23.4667 22.3969 -234.481
f 1835/1820/1403 1834/1819/1404 2541/1818/1404 2540/1817/1403 

vn -0.442897 -0.79946 -0.40584
vn -0.447364 -0.794871 -0.409933
v 23.4411 22.423 -234.504
f 1834/1824/1405 1833/1823/1406 2542/1822/1406 2541/1821/1405 

vn -0.493864 -0.742498 -0.452543
v 23.3604 22.5079 -234.578
f 1833/1828/1406 1832/1827/1407 2543/1826/1407 2542/1825/1406 

vn -0.613364 -0.554879 -0.562044
v 23.2788 22.6238 -234.653
f 1832/1832/1407 1831/1831/1408 2544/1830/1408 2543/1829/1407 

vn -0.705948 -0.288412 -0.646882
v 23.2373 22.7518 -234.691
f 1831/1836/1408 1830/1835/1409 2545/1834/1409 2544/1833/1408 

vn -0.73175 -0.122216 -0.670526
v 23.2205 22.8841 -234.706
f 1830/1840/1409 1829/1839/1410 2546/1838/1410 2545/1837/1409 

vn -0.731819 -0.121456 -0.670589
v 23.2155 22.975 -234.711
f 1829/1844/1410 1828/1843/1411 2547/1842/1411 2546/1841/1410 

vn -0.731073 -0.129454 -0.669905
v 23.2099 23.0192 -234.716
f 1828/1848/1411 1827/1847/1412 2548/1846/1412 2547/1845/1411 

vn -0.735845 0.0622938 -0.674278
v 23.205 23.0931 -234.721
f 1827/1852/1412 1826/1851/1413 2549/1850/1413 2548/1849/1412 

vn -0.686541 0.364548 -0.629099
v 23.2187 23.1783 -234.708
f 1826/1856/1413 1825/1855/1414 2550/1854/1414 2549/1853/1413 

vn -0.671673 0.412367 -0.615475
v 23.2536 23.2588 -234.676
f 1825/1860/1414 1824/1859/1415 2551/1858/1415 2550/1857/1414 

vn -0.719512 0.2182 -0.659311
v 23.2743 23.344 -234.657
f 1824/1864/1415 1823/1863/1416 2552/1862/1416 2551/1861/1415 

vn -0.722769 0.197403 -0.662296
v 23.2822 23.4319 -234.65
f 1823/1868/1416 1822/1867/1417 2553/1866/1417 2552/1865/1416 

vn -0.709367 0.272541 -0.650015
v 23.2975 23.5051 -234.636
f 1822/1872/1417 1821/1871/1418 2554/1870/1418 2553/1869/1417 

vn -0.17736 0.970634 -0.16252
vn -0.064916 0.996116 -0.0594846
v 23.3637 23.5274 -234.575
f 1821/1876/1419 1820/1875/1420 2555/1874/1420 2554/1873/1419 

vn -0.0123428 0.99986 -0.0113101
v 23.4623 23.5185 -234.485
f 1820/1880/1420 1819/1879/1421 2556/1878/1421 2555/1877/1420 

vn -0.0736797 0.994994 -0.0675151
v 23.5464 23.5299 -234.408
f 1819/1884/1421 1818/1883/1422 2557/1882/1422 2556/1881/1421 

vn -0.737186 0.0157281 -0.675507
vn -0.732783 -0.110243 -0.671472
v 23.5476 23.6375 -234.407
f 1818/1888/1423 1817/1887/1424 2558/1886/1424 2557/1885/1423 

vn -0.733475 -0.10143 -0.672106
v 23.5239 23.7709 -234.428
f 1817/1892/1424 1816/1891/1425 2559/1890/1425 2558/1889/1424 

vn -0.721755 0.204119 -0.661366
v 23.5262 23.8622 -234.426
f 1816/1896/1425 1815/1895/1426 2560/1894/1426 2559/1893/1425 

vn -0.685318 0.368759 -0.627978
v 23.548 23.937 -234.406
f 1815/1900/1426 1814/1899/1427 2561/1898/1427 2560/1897/1426 

vn -0.490471 0.746624 -0.449434
vn -0.457559 0.784123 -0.419275
v 23.6308 24.037 -234.33
f 1814/1904/1428 1813/1903/1429 2562/1902/1429 2561/1901/1428 

vn -0.479332 0.759816 -0.439227
v 23.7808 24.1796 -234.193
f 1813/1908/1429 1812/1907/1430 2563/1906/1430 2562/1905/1429 

vn -0.602773 0.575834 -0.55234
v 23.862 24.2939 -234.119
f 1812/1912/1430 1811/1911/1431 2564/1910/1431 2563/1909/1430 

vn -0.661824 0.440691 -0.60645
v 23.8924 24.3772 -234.091
f 1811/1916/1431 1810/1915/1432 2565/1914/1432 2564/1913/1431 

vn -0.66325 0.436729 -0.607756
v 23.9136 24.4362 -234.071
f 1810/1920/1432 1809/1919/1433 2566/1918/1433 2565/1917/1432 

vn -0.329187 0.894788 -0.301644
v 23.9562 24.465 -234.032
f 1809/1924/1434 1808/1923/1434 2567/1922/1434 2566/1921/1434 

vn 0.200828 0.962186 0.184025
v 24.0115 24.4438 -233.981
f 1808/1928/1435 1807/1927/1435 2568/1926/1435 2567/1925/1435 

vn 0.504951 0.72865 0.462702
vn 0.432772 0.809597 0.396562
v 24.0698 24.3695 -233.928
f 1807/1932/1436 1806/1931/1437 2569/1930/1437 2568/1929/1436 

vn 0.353609 0.877479 0.324023
v 24.1322 24.3232 -233.871
f 1806/1936/1437 1805/1935/1438 2570/1934/1438 2569/1933/1437 

vn 0.0673169 0.995823 0.0616846
f 1805/1940/1439 1749/1939/1439 1752/1938/1439 2570/1937/1439 

vn 0.67559 7.80776e-16 -0.737277
v 24.3007 24.4411 -233.716
v 24.3743 24.5181 -233.649
v 24.4461 24.5127 -233.583
v 24.486 24.4305 -233.547
v 24.5033 24.3342 -233.531
v 24.5178 24.2769 -233.518
v 24.5609 24.2235 -233.478
v 24.6215 24.1733 -233.423
v 24.6882 24.1433 -233.361
v 24.7901 24.1518 -233.268
v 24.8886 24.1517 -233.178
v 24.9341 24.0902 -233.136
v 24.9435 23.9864 -233.127
v 24.9446 23.8662 -233.126
v 24.9577 23.7519 -233.114
v 24.9944 23.6974 -233.081
v 25.0513 23.6767 -233.029
v 25.1209 23.6438 -232.965
v 25.1688 23.5716 -232.921
v 25.1993 23.4842 -232.893
v 25.2254 23.4083 -232.869
v 25.2141 23.3132 -232.88
v 25.1962 23.2097 -232.896
v 25.2252 23.1289 -232.869
v 25.3081 23.0705 -232.793
v 25.3907 23.0056 -232.718
v 25.4183 22.9056 -232.692
v 25.4123 22.7642 -232.698
v 25.4022 22.6411 -232.707
v 25.4011 22.6017 -232.708
v 25.4618 22.5666 -232.653
v 25.5513 22.5054 -232.571
v 25.5999 22.4419 -232.526
v 25.5583 22.2831 -232.564
v 25.4826 22.0937 -232.633
v 25.4525 22.0221 -232.661
v 25.5049 22.0173 -232.613
v 25.6045 21.9961 -232.522
v 25.7089 21.9459 -232.426
v 25.7246 21.8044 -232.412
v 25.683 21.5423 -232.45
v 25.6845 21.1624 -232.448
v 25.9383 20.5346 -232.216
v 26.3374 19.9063 -231.85
v 26.6014 19.7332 -231.608
v 26.7695 20.0357 -231.454
v 26.963 20.4101 -231.277
v 27.135 20.5576 -231.119
v 27.2427 20.3368 -231.021
v 27.2951 19.897 -230.973
f 2191/440/1440 2192/439/1440 2193/438/1440 2194/437/1440 2195/436/1440 2196/435/1440 2197/434/1440 2198/433/1440 2199/432/1440 2200/431/1440 2201/430/1440 2202/429/1440 2203/428/1440 2204/427/1440 2205/426/1440 2206/425/1440 2207/424/1440 2208/423/1440 2209/422/1440 2210/421/1440 2211/420/1440 2212/419/1440 2213/418/1440 2214/417/1440 2215/416/1440 2216/415/1440 2217/414/1440 2218/413/1440 2219/412/1440 2220/411/1440 2221/410/1440 2222/409/1440 2223/408/1440 2224/407/1440 2225/406/1440 2226/405/1440 2227/404/1440 2228/403/1440 2229/402/1440 2230/401/1440 2231/400/1440 2232/399/1440 2233/398/1440 2234/397/1440 2235/396/1440 2236/395/1440 2237/394/1440 2238/393/1440 2239/392/1440 2240/391/1440 2241/390/1440 2242/389/1440 2243/388/1440 2244/387/1440 2245/386/1440 2246/385/1440 2247/384/1440 2248/383/1440 2249/382/1440 2250/381/1440 2251/380/1440 2252/379/1440 2253/378/1440 2254/377/1440 2255/376/1440 2256/375/1440 2257/374/1440 2258/373/1440 2259/372/1440 2260/371/1440 2261/370/1440 2262/369/1440 2263/368/1440 2264/367/1440 2265/366/1440 2266/365/1440 2267/364/1440 2268/363/1440 2269/362/1440 2270/361/1440 2271/360/1440 2272/359/1440 2273/358/1440 2274/357/1440 2275/356/1440 2276/355/1440 2277/354/1440 2278/353/1440 2279/352/1440 2280/351/1440 2281/350/1440 2282/349/1440 2283/348/1440 2284/347/1440 2285/346/1440 2286/345/1440 2287/344/1440 2288/343/1440 2289/342/1440 2290/341/1440 2291/340/1440 2292/339/1440 2293/338/1440 2294/337/1440 2295/336/1440 2296/335/1440 2297/334/1440 2298/333/1440 2299/332/1440 2300/331/1440 2301/330/1440 2302/329/1440 2303/328/1440 2304/327/1440 2305/326/1440 2306/325/1440 2307/324/1440 2308/323/1440 2309/322/1440 2310/321/1440 2311/320/1440 2312/319/1440 2313/318/1440 2314/317/1440 2315/316/1440 2316/315/1440 2317/314/1440 2318/313/1440 2319/312/1440 2320/311/1440 2321/310/1440 2322/309/1440 2323/308/1440 2324/307/1440 2325/306/1440 2326/305/1440 2327/304/1440 2328/303/1440 2329/302/1440 2330/301/1440 2331/300/1440 2332/299/1440 2333/298/1440 2334/297/1440 2335/296/1440 2336/295/1440 2337/294/1440 2338/293/1440 2339/292/1440 2340/291/1440 2341/290/1440 2342/289/1440 2343/288/1440 2344/287/1440 2345/286/1440 2346/285/1440 2347/284/1440 2348/283/1440 2349/282/1440 2350/281/1440 2351/280/1440 2352/279/1440 2353/278/1440 2354/277/1440 2355/276/1440 2356/275/1440 2357/274/1440 2358/273/1440 2359/272/1440 2360/271/1440 2361/270/1440 2362/269/1440 2363/268/1440 2364/267/1440 2365/266/1440 2366/265/1440 2367/264/1440 2368/263/1440 2369/262/1440 2370/261/1440 2371/260/1440 2372/259/1440 2373/258/1440 2374/257/1440 2375/256/1440 2376/255/1440 2377/254/1440 2378/253/1440 2379/252/1440 2380/251/1440 2381/250/1440 2382/249/1440 2383/248/1440 2384/247/1440 2385/246/1440 2386/245/1440 2387/244/1440 2388/243/1440 2389/242/1440 2390/241/1440 2391/240/1440 2392/239/1440 2393/238/1440 2394/237/1440 2395/236/1440 2396/235/1440 2397/234/1440 2398/233/1440 2399/232/1440 2400/231/1440 2401/230/1440 2402/229/1440 2403/228/1440 2404/227/1440 2405/226/1440 2406/225/1440 2407/224/1440 2408/223/1440 2409/222/1440 2410/221/1440 2411/220/1440 2412/219/1440 2413/218/1440 2414/217/1440 2415/216/1440 2416/215/1440 2417/214/1440 2418/213/1440 2419/212/1440 2420/211/1440 2421/210/1440 2422/209/1440 2423/208/1440 2424/207/1440 2425/206/1440 2426/205/1440 2427/204/1440 2428/203/1440 2429/202/1440 2430/201/1440 2431/200/1440 2432/199/1440 2433/198/1440 2434/197/1440 2435/196/1440 2436/195/1440 2437/194/1440 2438/193/1440 2439/192/1440 2440/191/1440 2441/190/1440 2442/189/1440 2443/188/1440 2444/187/1440 2445/186/1440 2446/185/1440 2447/184/1440 2448/183/1440 2449/182/1440 2450/181/1440 2451/180/1440 2452/179/1440 2453/178/1440 2454/177/1440 2455/176/1440 2456/175/1440 2457/174/1440 2458/173/1440 2459/172/1440 2460/171/1440 2461/170/1440 2462/169/1440 2463/168/1440 2464/167/1440 2465/166/1440 2466/165/1440 2467/164/1440 2468/163/1440 2469/162/1440 2470/161/1440 2471/160/1440 2472/159/1440 2473/158/1440 2474/157/1440 2475/156/1440 2476/155/1440 2477/154/1440 2478/153/1440 2479/152/1440 2480/151/1440 2481/150/1440 2482/149/1440 2483/148/1440 2484/147/1440 2485/146/1440 2486/145/1440 2487/144/1440 2488/143/1440 2489/142/1440 2490/141/1440 2491/140/1440 2492/139/1440 2493/138/1440 2494/137/1440 2495/136/1440 2496/135/1440 2497/134/1440 2498/133/1440 2499/132/1440 2500/131/1440 2501/130/1440 2502/129/1440 2503/128/1440 2504/127/1440 2505/126/1440 2506/125/1440 2507/124/1440 2508/123/1440 2509/122/1440 2510/121/1440 2511/120/1440 2512/119/1440 2513/118/1440 2514/117/1440 2515/116/1440 2516/115/1440 2517/114/1440 2518/113/1440 2519/112/1440 2520/111/1440 2521/110/1440 2522/109/1440 2523/108/1440 2524/107/1440 2525/106/1440 2526/105/1440 2527/104/1440 2528/103/1440 2529/102/1440 2530/101/1440 2531/100/1440 2532/99/1440 2533/98/1440 2534/97/1440 2535/96/1440 2536/95/1440 2537/94/1440 2538/93/1440 2539/92/1440 2540/91/1440 2541/90/1440 2542/89/1440 2543/88/1440 2544/87/1440 2545/86/1440 2546/85/1440 2547/84/1440 2548/83/1440 2549/82/1440 2550/81/1440 2551/80/1440 2552/79/1440 2553/78/1440 2554/77/1440 2555/76/1440 2556/75/1440 2557/74/1440 2558/73/1440 2559/72/1440 2560/71/1440 2561/70/1440 2562/69/1440 2563/68/1440 2564/67/1440 2565/66/1440 2566/65/1440 2567/64/1440 2568/63/1440 2569/62/1440 2570/61/1440 1752/60/1440 1751/59/1440 2571/58/1440 2572/57/1440 2573/56/1440 2574/55/1440 2575/54/1440 2576/53/1440 2577/52/1440 2578/51/1440 2579/50/1440 2580/49/1440 2581/48/1440 2582/47/1440 2583/46/1440 2584/45/1440 2585/44/1440 2586/43/1440 2587/42/1440 2588/41/1440 2589/40/1440 2590/39/1440 2591/38/1440 2592/37/1440 2593/36/1440 2594/35/1440 2595/34/1440 2596/33/1440 2597/32/1440 2598/31/1440 2599/30/1440 2600/29/1440 2601/28/1440 2602/27/1440 2603/26/1440 2604/25/1440 2605/24/1440 2606/23/1440 2607/22/1440 2608/21/1440 2609/20/1440 2610/19/1440 2611/18/1440 2612/17/1440 2613/16/1440 2614/15/1440 2615/14/1440 2616/13/1440 2617/12/1440 2618/11/1440 2619/10/1440 2620/9/1440 2188/8/1440 2187/7/1440 2189/6/1440 2190/5/1440 

v 20.1485 15.4548 -237.521
v 20.133 15.4285 -237.536
f 2508/1688/1007 2621/1687/1007 2622/1686/1007 2507/1685/1007 

vn -0.494067 0.742249 -0.452729
f 1750/2377/1006 1804/2376/1441 2571/2375/1441 1751/2374/1006 

vn -0.450499 0.791607 -0.412806
f 1804/2381/1441 1803/2380/1442 2572/2379/1442 2571/2378/1441 

vn 0.0405798 0.998484 0.0371845
f 1803/2385/1443 1802/2384/1443 2573/2383/1443 2572/2382/1443 

vn 0.616216 0.549036 0.564658
vn 0.676202 0.398516 0.619625
f 1802/2389/1444 1801/2388/1445 2574/2387/1445 2573/2386/1444 

vn 0.707516 0.281255 0.648319
f 1801/2393/1445 1800/2392/1446 2575/2391/1446 2574/2390/1445 

vn 0.697108 0.325572 0.638782
f 1800/2397/1446 1799/2396/1447 2576/2395/1447 2575/2394/1446 

vn 0.497086 0.738532 0.455495
vn 0.442608 0.799754 0.405575
f 1799/2401/1448 1798/2400/1449 2577/2399/1449 2576/2398/1448 

vn 0.310343 0.907093 0.284377
f 1798/2405/1449 1797/2404/1450 2578/2403/1450 2577/2402/1449 

vn 0.232642 0.948912 0.213177
f 1797/2409/1450 1796/2408/1451 2579/2407/1451 2578/2406/1450 

vn -0.045502 0.998094 -0.0416949
vn -0.0223317 0.999541 -0.0204632
f 1796/2413/1452 1795/2412/1453 2580/2411/1453 2579/2410/1452 

vn 0.000860723 0.999999 0.000788707
f 1795/2417/1453 1794/2416/1454 2581/2415/1454 2580/2414/1453 

vn 0.520263 0.708556 0.476734
f 1794/2421/1455 1793/2420/1455 2582/2419/1455 2581/2418/1455 

vn 0.731714 0.122612 0.670493
vn 0.735588 0.0676613 0.674042
f 1793/2425/1456 1792/2424/1457 2583/2423/1457 2582/2422/1456 

vn 0.734724 0.0831547 0.67325
f 1792/2429/1457 1791/2428/1458 2584/2427/1458 2583/2426/1457 

vn 0.728552 0.153389 0.667595
f 1791/2433/1458 1790/2432/1459 2585/2431/1459 2584/2430/1458 

vn 0.544349 0.674447 0.498804
f 1790/2437/1460 1789/2436/1460 2586/2435/1460 2585/2434/1460 

vn 0.190844 0.965918 0.174876
vn 0.217232 0.955608 0.199057
f 1789/2441/1461 1788/2440/1462 2587/2439/1462 2586/2438/1461 

vn 0.243319 0.943973 0.222961
f 1788/2445/1462 1787/2444/1463 2588/2443/1463 2587/2442/1462 

vn 0.54806 0.668895 0.502205
vn 0.613656 0.554285 0.562312
f 1787/2449/1464 1786/2448/1465 2589/2447/1465 2588/2446/1464 

vn 0.667229 0.425431 0.611403
f 1786/2453/1465 1785/2452/1466 2590/2451/1466 2589/2450/1465 

vn 0.66812 0.422853 0.612219
f 1785/2457/1466 1784/2456/1467 2591/2455/1467 2590/2454/1466 

vn 0.727922 -0.1588 0.667017
vn 0.723343 -0.193502 0.662821
f 1784/2461/1468 1783/2460/1469 2592/2459/1469 2591/2458/1468 

vn 0.717865 -0.227963 0.657802
f 1783/2465/1469 1782/2464/1470 2593/2463/1470 2592/2462/1469 

vn 0.663259 0.436702 0.607765
f 1782/2469/1471 1781/2468/1471 2594/2467/1471 2593/2466/1471 

vn 0.339748 0.887497 0.311321
vn 0.354603 0.876741 0.324934
f 1781/2473/1472 1780/2472/1473 2595/2471/1473 2594/2470/1472 

vn 0.369274 0.865527 0.338378
f 1780/2477/1473 1779/2476/1474 2596/2475/1474 2595/2474/1473 

vn 0.690512 0.350481 0.632737
f 1779/2481/1475 1778/2480/1475 2597/2479/1475 2596/2478/1475 

vn 0.736044 -0.0578083 0.67446
vn 0.734649 -0.0843703 0.673181
f 1778/2485/1476 1777/2484/1477 2598/2483/1477 2597/2482/1476 

vn 0.735245 -0.074197 0.673728
f 1777/2489/1477 1776/2488/1478 2599/2487/1478 2598/2486/1477 

vn 0.736761 -0.0374207 0.675117
f 1776/2493/1478 1775/2492/1479 2600/2491/1479 2599/2490/1478 

vn 0.288699 0.920146 0.264544
vn 0.310472 0.907011 0.284495
f 1775/2497/1480 1774/2496/1481 2601/2495/1481 2600/2494/1480 

vn 0.426672 0.815531 0.390973
f 1774/2501/1481 1773/2500/1482 2602/2499/1482 2601/2498/1481 

vn 0.51182 0.71978 0.468996
f 1773/2505/1482 1772/2504/1483 2603/2503/1483 2602/2502/1482 

vn 0.694753 -0.334705 0.636624
vn 0.673531 -0.406752 0.617178
f 1772/2509/1484 1771/2508/1485 2604/2507/1485 2603/2506/1484 

vn 0.644396 -0.485887 0.59048
f 1771/2513/1485 1770/2512/1486 2605/2511/1486 2604/2510/1485 

vn 0.640462 -0.495365 0.586875
f 1770/2517/1486 1769/2516/1487 2606/2515/1487 2605/2514/1486 

vn 0.0500701 0.997691 0.0458808
vn 0.0823252 0.993746 0.0754371
f 1769/2521/1488 1768/2520/1489 2607/2519/1489 2606/2518/1488 

vn 0.181172 0.969338 0.166014
f 1768/2525/1489 1767/2524/1490 2608/2523/1490 2607/2522/1489 

vn 0.246376 0.942513 0.225762
f 1767/2529/1490 1766/2528/1491 2609/2527/1491 2608/2526/1490 

vn 0.729095 0.148566 0.668093
f 1766/2533/1492 1765/2532/1492 2610/2531/1492 2609/2530/1492 

vn 0.720792 -0.210285 0.660484
vn 0.73335 -0.103074 0.671992
f 1765/2537/1493 1764/2536/1494 2611/2535/1494 2610/2534/1493 

vn 0.737267 0.00535186 0.675581
f 1764/2541/1494 1763/2540/1495 2612/2539/1495 2611/2538/1494 

vn 0.646424 0.480906 0.592339
vn 0.605807 0.569947 0.55512
f 1763/2545/1496 1762/2544/1497 2613/2543/1497 2612/2542/1496 

vn 0.558548 0.65274 0.511815
f 1762/2549/1497 1761/2548/1498 2614/2547/1498 2613/2546/1497 

vn 0.321057 0.900207 0.294194
f 1761/2553/1499 1760/2552/1499 2615/2551/1499 2614/2550/1499 

vn -0.588724 0.60198 -0.539466
vn -0.596349 0.588011 -0.546453
f 1760/2557/1500 1759/2556/1501 2616/2555/1501 2615/2554/1500 

vn -0.603794 0.573863 -0.553275
f 1759/2561/1501 1758/2560/1502 2617/2559/1502 2616/2558/1501 

vn -0.393806 0.845399 -0.360857
f 1758/2565/1503 1757/2564/1503 2618/2563/1503 2617/2562/1503 

vn 0.614967 0.551605 0.563514
f 1757/2569/1504 1756/2568/1504 2619/2567/1504 2618/2566/1504 

vn 0.727847 0.159427 0.666949
vn 0.732394 0.114904 0.671116
f 1756/2573/1505 1755/2572/1506 2620/2571/1506 2619/2570/1505 

f 1755/2577/1506 1754/2576/1008 2188/2575/1008 2620/2574/1506 

g Mesh4 ___50_4 Model

v 469.338 24.316 -233.818
vn 0.355048 0.876409 -0.325342
v 469.29 24.352 -233.774
vn 0.450239 0.791879 -0.412568
v 471.317 24.352 -231.562
v 471.365 24.316 -231.606
f 2623/1/1507 2624/2/1508 2625/3/1508 2626/4/1507 

v 466.22 17.9187 -230.96
vn -0.67559 2.55737e-16 -0.737277
v 466.199 18.4255 -230.941
v 466.197 18.9635 -230.939
v 466.208 19.4003 -230.949
v 466.233 19.897 -230.973
v 466.286 20.3368 -231.021
v 466.393 20.5576 -231.119
v 466.565 20.4101 -231.277
v 466.759 20.0357 -231.454
v 466.927 19.7332 -231.608
v 467.191 19.9063 -231.85
v 467.59 20.5346 -232.216
v 467.844 21.1624 -232.448
v 467.845 21.5423 -232.45
v 467.804 21.8044 -232.412
v 467.82 21.9459 -232.426
v 467.924 21.9961 -232.522
v 468.023 22.0173 -232.613
v 468.076 22.0221 -232.661
v 468.046 22.0937 -232.633
v 467.97 22.2831 -232.564
v 467.929 22.4419 -232.526
v 467.977 22.5054 -232.571
v 468.067 22.5666 -232.653
v 468.127 22.6017 -232.708
v 468.126 22.6411 -232.707
v 468.116 22.7642 -232.698
v 468.11 22.9056 -232.692
v 468.138 23.0056 -232.718
v 468.22 23.0705 -232.793
v 468.303 23.1289 -232.869
v 468.332 23.2097 -232.896
v 468.314 23.3132 -232.88
v 468.303 23.4083 -232.869
v 468.329 23.4842 -232.893
v 468.36 23.5716 -232.921
v 468.408 23.6438 -232.965
v 468.477 23.6767 -233.029
v 468.534 23.6974 -233.081
v 468.571 23.7519 -233.114
v 468.584 23.8662 -233.126
v 468.585 23.9864 -233.127
v 468.594 24.0902 -233.136
v 468.64 24.1517 -233.178
v 468.738 24.1518 -233.268
v 468.84 24.1433 -233.361
v 468.907 24.1733 -233.423
v 468.968 24.2235 -233.478
v 469.011 24.2769 -233.518
v 469.025 24.3342 -233.531
v 469.042 24.4305 -233.547
v 469.082 24.5127 -233.583
v 469.154 24.5181 -233.649
v 469.228 24.4411 -233.716
v 469.396 24.3232 -233.871
v 469.459 24.3695 -233.928
v 469.517 24.4438 -233.981
v 469.572 24.465 -234.032
v 469.615 24.4362 -234.071
v 469.636 24.3772 -234.091
v 469.666 24.2939 -234.119
v 469.748 24.1796 -234.193
v 469.898 24.037 -234.33
v 469.98 23.937 -234.406
v 470.002 23.8622 -234.426
v 470.005 23.7709 -234.428
v 469.981 23.6375 -234.407
v 469.982 23.5299 -234.408
v 470.066 23.5185 -234.485
v 470.165 23.5274 -234.575
v 470.231 23.5051 -234.636
v 470.246 23.4319 -234.65
v 470.254 23.344 -234.657
v 470.275 23.2588 -234.676
v 470.31 23.1783 -234.708
v 470.323 23.0931 -234.721
v 470.319 23.0192 -234.716
v 470.313 22.975 -234.711
v 470.308 22.8841 -234.706
v 470.291 22.7518 -234.691
v 470.25 22.6238 -234.653
v 470.168 22.5079 -234.578
v 470.087 22.423 -234.504
v 470.062 22.3969 -234.481
v 470.069 22.322 -234.487
v 470.064 22.0959 -234.483
v 470.019 21.6661 -234.442
v 469.92 21.2425 -234.351
v 469.805 21.0256 -234.246
v 469.725 21.1185 -234.172
v 469.69 21.4813 -234.14
v 469.651 21.8782 -234.104
v 469.555 22.0729 -234.016
v 469.424 22.0871 -233.896
v 469.312 22.0223 -233.794
v 469.252 21.8837 -233.739
v 469.265 21.5 -233.751
v 469.359 20.9255 -233.837
v 469.541 20.3921 -234.004
v 469.692 20.0074 -234.142
v 469.74 19.693 -234.186
v 469.704 19.3744 -234.153
v 469.57 18.7974 -234.031
v 469.408 18.0007 -233.881
v 469.347 17.2841 -233.826
v 469.373 16.9629 -233.85
v 469.406 16.7565 -233.88
v 469.432 16.6154 -233.904
v 469.684 16.5199 -234.134
v 470.019 16.4114 -234.442
v 470.422 16.2913 -234.811
v 470.878 16.161 -235.229
v 471.372 16.0218 -235.681
v 471.886 15.8751 -236.153
v 472.407 15.7222 -236.63
v 472.919 15.5645 -237.099
v 473.376 15.428 -237.518
v 473.406 15.4032 -237.545
v 473.44 15.4479 -237.577
v 473.477 15.5104 -237.611
v 473.606 15.7036 -237.729
v 473.777 15.911 -237.886
v 473.99 16.1335 -238.08
v 474.334 16.5804 -238.395
v 474.389 16.9141 -238.446
v 474.233 17.1297 -238.303
v 474.05 17.27 -238.135
v 474.002 17.4243 -238.091
v 474.102 17.6549 -238.183
v 474.381 18.1104 -238.439
v 474.734 18.6969 -238.762
v 474.932 19.0277 -238.943
v 474.948 19.0828 -238.958
v 474.929 19.1298 -238.941
v 474.86 19.1832 -238.878
v 474.769 19.2401 -238.794
v 474.715 19.2718 -238.745
v 474.698 19.3203 -238.729
v 474.665 19.4631 -238.699
v 474.658 19.6312 -238.692
v 474.717 19.773 -238.746
v 474.817 19.8831 -238.838
v 474.883 19.9376 -238.899
v 474.888 20.0263 -238.904
v 474.905 20.3092 -238.918
v 474.95 20.6393 -238.96
v 475.053 20.9245 -239.054
v 475.203 21.1941 -239.192
v 475.304 21.3503 -239.285
v 475.313 21.4521 -239.293
v 475.325 21.7634 -239.304
v 475.351 22.0611 -239.327
v 475.391 22.2178 -239.364
v 475.434 22.4203 -239.404
v 475.46 22.602 -239.427
v 475.452 22.7305 -239.42
v 475.436 22.8915 -239.405
v 475.455 22.9978 -239.423
v 475.535 22.9816 -239.496
v 475.617 22.9266 -239.571
v 475.668 22.8827 -239.617
v 475.689 22.8637 -239.638
v 475.725 22.9028 -239.67
v 475.786 23.0175 -239.726
v 475.851 23.0987 -239.786
v 475.911 23.0815 -239.841
v 475.963 22.9455 -239.888
v 476.023 22.8214 -239.944
v 476.088 22.7318 -240.003
v 476.149 22.6676 -240.058
v 476.206 22.5829 -240.111
v 476.245 22.5086 -240.147
v 476.265 22.4789 -240.165
v 476.326 22.4661 -240.221
v 476.403 22.4413 -240.291
v 476.456 22.3786 -240.34
v 476.49 22.2725 -240.372
v 476.509 22.1838 -240.389
v 476.525 22.1632 -240.403
v 476.617 22.1221 -240.488
v 476.721 22.0229 -240.582
v 476.753 21.8591 -240.612
v 476.745 21.7124 -240.605
v 476.729 21.6229 -240.59
v 476.8 21.5352 -240.655
v 476.911 21.4296 -240.757
v 477.03 21.3099 -240.866
v 477.137 21.1342 -240.964
v 477.205 20.9566 -241.026
v 477.204 20.8508 -241.025
v 477.153 20.7649 -240.979
v 477.074 20.6953 -240.907
v 476.982 20.6699 -240.822
v 476.887 20.6799 -240.735
v 476.817 20.699 -240.671
v 476.84 20.5262 -240.692
v 476.879 20.2612 -240.727
v 476.861 20.0391 -240.711
v 476.818 19.8559 -240.672
v 476.773 19.7268 -240.631
v 476.723 19.7165 -240.585
v 476.616 19.9409 -240.486
v 476.468 20.2512 -240.351
v 476.333 20.4148 -240.227
v 476.228 20.4284 -240.131
v 476.158 20.3487 -240.067
v 476.135 20.1683 -240.045
v 476.163 19.8867 -240.071
v 476.263 19.5253 -240.163
v 476.463 19.1107 -240.347
v 476.685 18.7258 -240.55
v 476.837 18.372 -240.689
v 476.872 17.995 -240.721
v 476.824 17.45 -240.677
v 476.766 16.903 -240.624
v 476.741 16.677 -240.601
v 476.708 16.1515 -240.571
v 476.654 15.2889 -240.522
v 476.629 14.8699 -240.498
v 476.721 14.7934 -240.583
v 476.903 14.6386 -240.749
v 477.063 14.4921 -240.896
v 477.114 14.4579 -240.942
v 477.166 14.4333 -240.99
v 477.205 14.4027 -241.026
v 477.451 14.3274 -241.252
v 477.804 14.2157 -241.576
v 478.183 14.0952 -241.923
v 478.587 13.9698 -242.293
v 479.014 13.8434 -242.684
v 479.466 13.7198 -243.098
v 479.939 13.6027 -243.532
v 480.436 13.4961 -243.987
v 480.953 13.4038 -244.461
v 480.931 13.4724 -244.44
v 480.911 13.5333 -244.422
v 480.893 13.5853 -244.406
v 480.86 13.692 -244.376
v 480.767 14.1446 -244.29
v 480.685 14.7287 -244.215
v 480.665 15.2239 -244.197
v 480.754 15.4406 -244.278
v 480.93 15.4345 -244.44
v 481.109 15.3337 -244.604
v 481.201 15.261 -244.688
v 481.263 15.3159 -244.745
v 481.349 15.4582 -244.824
v 481.475 15.7361 -244.939
v 481.606 15.9947 -245.059
v 481.717 16.1946 -245.161
v 481.797 16.4047 -245.234
v 481.842 16.692 -245.275
v 481.882 17.0583 -245.312
v 481.924 17.4279 -245.35
v 481.968 17.7205 -245.391
v 482.039 17.9408 -245.455
v 482.162 18.2334 -245.569
v 482.284 18.5913 -245.68
v 482.345 18.9702 -245.736
v 482.365 19.0515 -245.754
v 482.418 19.2334 -245.803
v 482.501 19.4587 -245.88
v 482.611 19.6719 -245.98
v 482.737 19.8584 -246.095
v 482.857 20.0314 -246.205
v 482.949 20.2032 -246.29
v 483.021 20.392 -246.356
v 483.137 20.5975 -246.462
v 483.262 20.7652 -246.577
v 483.354 20.8381 -246.661
v 483.405 20.7284 -246.708
v 483.446 20.4689 -246.746
v 483.489 20.197 -246.785
v 483.546 20.0451 -246.836
v 483.625 19.994 -246.909
v 483.71 19.9721 -246.987
v 483.778 19.9341 -247.049
v 483.812 19.849 -247.08
v 483.835 19.763 -247.102
v 483.855 19.6906 -247.12
v 483.871 19.6388 -247.135
v 483.895 19.5925 -247.156
v 483.931 19.5282 -247.19
v 483.966 19.466 -247.221
v 483.983 19.4271 -247.237
v 484.011 19.4216 -247.263
v 484.059 19.4247 -247.307
v 484.114 19.4051 -247.357
v 484.159 19.3364 -247.399
v 484.18 19.2463 -247.418
v 484.183 19.1662 -247.421
v 484.181 19.1223 -247.418
v 484.196 19.0959 -247.433
v 484.244 19.0002 -247.476
v 484.278 18.857 -247.507
v 484.251 18.6936 -247.482
v 484.168 18.5443 -247.407
v 484.082 18.431 -247.328
v 484.02 18.3641 -247.271
v 484.003 18.3359 -247.256
v 483.972 18.1516 -247.227
v 483.91 17.8453 -247.17
v 483.823 17.5313 -247.091
v 483.726 17.3048 -247.001
v 483.647 17.1723 -246.929
v 483.583 17.1607 -246.871
v 483.529 17.3018 -246.821
v 483.465 17.5005 -246.763
v 483.382 17.5982 -246.686
v 483.293 17.5905 -246.605
v 483.216 17.4716 -246.535
v 483.221 17.2088 -246.539
v 483.322 16.844 -246.632
v 483.507 16.4486 -246.801
v 483.732 16.0769 -247.007
v 483.841 15.7042 -247.107
v 483.858 15.3825 -247.123
v 483.833 15.1783 -247.1
v 483.824 15.0271 -247.091
v 483.852 14.7553 -247.117
v 483.89 14.4517 -247.152
v 483.911 14.2105 -247.171
v 483.917 13.988 -247.177
v 483.923 13.7675 -247.182
v 483.926 13.6167 -247.185
v 483.933 13.5744 -247.192
v 483.99 13.4577 -247.244
v 484.072 13.2952 -247.319
v 484.134 13.1782 -247.376
v 484.16 13.1454 -247.4
v 484.199 13.0893 -247.435
v 484.244 12.9945 -247.477
v 484.288 12.8536 -247.516
v 485.77 12.6192 -248.875
v 486.811 12.4619 -249.829
v 487.488 12.3648 -250.449
v 487.864 12.3144 -250.794
v 488.004 12.2973 -250.922
v 488.059 12.451 -250.973
v 488.246 13.0342 -251.144
v 488.502 13.8306 -251.378
v 488.749 14.6019 -251.605
v 488.912 15.1099 -251.754
v 488.933 15.2159 -251.773
v 488.894 15.4057 -251.737
v 488.836 15.7211 -251.684
v 488.782 16.0885 -251.635
v 488.755 16.4343 -251.61
v 488.775 16.6921 -251.628
v 488.795 17.0128 -251.646
v 488.826 17.4252 -251.675
v 488.915 17.85 -251.757
v 489.111 18.2076 -251.936
v 489.461 18.4186 -252.257
v 489.872 18.4689 -252.633
v 490.191 18.4217 -252.925
v 490.414 18.2906 -253.13
v 490.541 18.089 -253.246
v 490.568 17.8302 -253.271
v 490.549 17.5746 -253.254
v 490.63 17.4342 -253.328
v 490.768 17.3365 -253.455
v 490.909 17.1972 -253.584
v 490.999 16.9322 -253.666
v 491 16.4988 -253.667
v 491.017 16.1515 -253.682
v 491.05 15.8794 -253.712
v 491.065 15.5962 -253.727
v 491.03 15.2161 -253.694
v 490.913 14.6589 -253.587
v 490.795 14.1479 -253.479
v 490.731 13.7801 -253.421
v 490.719 13.4828 -253.41
v 490.758 13.1829 -253.445
v 490.846 12.8077 -253.526
v 490.988 12.4076 -253.656
v 491.17 12.0869 -253.823
v 491.346 11.7594 -253.984
v 491.472 11.3375 -254.099
v 491.502 10.733 -254.127
v 491.461 10.2799 -254.09
v 491.426 9.96764 -254.057
v 491.383 9.60426 -254.018
v 491.334 9.19848 -253.973
v 491.28 8.75902 -253.923
v 491.246 8.46753 -253.893
v 491.218 8.26568 -253.867
v 491.147 7.70441 -253.802
v 491.075 7.13665 -253.736
v 491.004 6.57633 -253.67
v 490.934 6.03741 -253.607
v 490.875 5.58473 -253.553
v 490.868 5.53091 -253.546
v 490.806 5.05327 -253.489
v 490.753 4.64814 -253.441
v 490.712 4.33202 -253.403
v 490.685 4.12141 -253.378
v 490.673 4.03282 -253.368
v 490.658 3.94938 -253.354
v 490.611 3.69557 -253.311
v 490.55 3.36439 -253.255
v 490.492 3.05384 -253.202
v 490.457 2.86193 -253.169
v 490.472 2.8172 -253.183
v 490.573 2.69203 -253.276
v 490.722 2.50739 -253.413
v 490.874 2.31978 -253.552
v 490.983 2.18568 -253.651
v 491.014 2.13716 -253.68
v 491.079 1.89561 -253.739
v 491.161 1.4543 -253.814
v 491.188 0.925601 -253.84
v 491.09 0.421933 -253.749
v 490.755 0.0354193 -253.442
v 487.88 0.179624 -250.808
v 482.374 1.56497 -245.763
v 475.232 3.79512 -239.219
v 467.449 6.47374 -232.087
v 460.02 9.20447 -225.279
v 457.982 9.98739 -223.412
v 457.136 10.3274 -222.637
v 456.214 10.7076 -221.792
v 455.22 11.1261 -220.88
v 454.156 11.5807 -219.906
v 453.678 12.1257 -219.467
v 453.982 14.117 -219.746
v 454.443 17.1403 -220.169
v 454.92 20.2619 -220.606
v 455.269 22.5481 -220.926
v 455.602 23.0345 -221.231
v 457.243 22.2395 -222.734
v 459.641 21.0842 -224.932
v 462.281 19.8148 -227.351
v 464.646 18.6775 -229.518
f 2627/5/1509 2628/6/1509 2629/7/1509 2630/8/1509 2631/9/1509 2632/10/1509 2633/11/1509 2634/12/1509 2635/13/1509 2636/14/1509 2637/15/1509 2638/16/1509 2639/17/1509 2640/18/1509 2641/19/1509 2642/20/1509 2643/21/1509 2644/22/1509 2645/23/1509 2646/24/1509 2647/25/1509 2648/26/1509 2649/27/1509 2650/28/1509 2651/29/1509 2652/30/1509 2653/31/1509 2654/32/1509 2655/33/1509 2656/34/1509 2657/35/1509 2658/36/1509 2659/37/1509 2660/38/1509 2661/39/1509 2662/40/1509 2663/41/1509 2664/42/1509 2665/43/1509 2666/44/1509 2667/45/1509 2668/46/1509 2669/47/1509 2670/48/1509 2671/49/1509 2672/50/1509 2673/51/1509 2674/52/1509 2675/53/1509 2676/54/1509 2677/55/1509 2678/56/1509 2679/57/1509 2680/58/1509 2624/59/1509 2623/60/1509 2681/61/1509 2682/62/1509 2683/63/1509 2684/64/1509 2685/65/1509 2686/66/1509 2687/67/1509 2688/68/1509 2689/69/1509 2690/70/1509 2691/71/1509 2692/72/1509 2693/73/1509 2694/74/1509 2695/75/1509 2696/76/1509 2697/77/1509 2698/78/1509 2699/79/1509 2700/80/1509 2701/81/1509 2702/82/1509 2703/83/1509 2704/84/1509 2705/85/1509 2706/86/1509 2707/87/1509 2708/88/1509 2709/89/1509 2710/90/1509 2711/91/1509 2712/92/1509 2713/93/1509 2714/94/1509 2715/95/1509 2716/96/1509 2717/97/1509 2718/98/1509 2719/99/1509 2720/100/1509 2721/101/1509 2722/102/1509 2723/103/1509 2724/104/1509 2725/105/1509 2726/106/1509 2727/107/1509 2728/108/1509 2729/109/1509 2730/110/1509 2731/111/1509 2732/112/1509 2733/113/1509 2734/114/1509 2735/115/1509 2736/116/1509 2737/117/1509 2738/118/1509 2739/119/1509 2740/120/1509 2741/121/1509 2742/122/1509 2743/123/1509 2744/124/1509 2745/125/1509 2746/126/1509 2747/127/1509 2748/128/1509 2749/129/1509 2750/130/1509 2751/131/1509 2752/132/1509 2753/133/1509 2754/134/1509 2755/135/1509 2756/136/1509 2757/137/1509 2758/138/1509 2759/139/1509 2760/140/1509 2761/141/1509 2762/142/1509 2763/143/1509 2764/144/1509 2765/145/1509 2766/146/1509 2767/147/1509 2768/148/1509 2769/149/1509 2770/150/1509 2771/151/1509 2772/152/1509 2773/153/1509 2774/154/1509 2775/155/1509 2776/156/1509 2777/157/1509 2778/158/1509 2779/159/1509 2780/160/1509 2781/161/1509 2782/162/1509 2783/163/1509 2784/164/1509 2785/165/1509 2786/166/1509 2787/167/1509 2788/168/1509 2789/169/1509 2790/170/1509 2791/171/1509 2792/172/1509 2793/173/1509 2794/174/1509 2795/175/1509 2796/176/1509 2797/177/1509 2798/178/1509 2799/179/1509 2800/180/1509 2801/181/1509 2802/182/1509 2803/183/1509 2804/184/1509 2805/185/1509 2806/186/1509 2807/187/1509 2808/188/1509 2809/189/1509 2810/190/1509 2811/191/1509 2812/192/1509 2813/193/1509 2814/194/1509 2815/195/1509 2816/196/1509 2817/197/1509 2818/198/1509 2819/199/1509 2820/200/1509 2821/201/1509 2822/202/1509 2823/203/1509 2824/204/1509 2825/205/1509 2826/206/1509 2827/207/1509 2828/208/1509 2829/209/1509 2830/210/1509 2831/211/1509 2832/212/1509 2833/213/1509 2834/214/1509 2835/215/1509 2836/216/1509 2837/217/1509 2838/218/1509 2839/219/1509 2840/220/1509 2841/221/1509 2842/222/1509 2843/223/1509 2844/224/1509 2845/225/1509 2846/226/1509 2847/227/1509 2848/228/1509 2849/229/1509 2850/230/1509 2851/231/1509 2852/232/1509 2853/233/1509 2854/234/1509 2855/235/1509 2856/236/1509 2857/237/1509 2858/238/1509 2859/239/1509 2860/240/1509 2861/241/1509 2862/242/1509 2863/243/1509 2864/244/1509 2865/245/1509 2866/246/1509 2867/247/1509 2868/248/1509 2869/249/1509 2870/250/1509 2871/251/1509 2872/252/1509 2873/253/1509 2874/254/1509 2875/255/1509 2876/256/1509 2877/257/1509 2878/258/1509 2879/259/1509 2880/260/1509 2881/261/1509 2882/262/1509 2883/263/1509 2884/264/1509 2885/265/1509 2886/266/1509 2887/267/1509 2888/268/1509 2889/269/1509 2890/270/1509 2891/271/1509 2892/272/1509 2893/273/1509 2894/274/1509 2895/275/1509 2896/276/1509 2897/277/1509 2898/278/1509 2899/279/1509 2900/280/1509 2901/281/1509 2902/282/1509 2903/283/1509 2904/284/1509 2905/285/1509 2906/286/1509 2907/287/1509 2908/288/1509 2909/289/1509 2910/290/1509 2911/291/1509 2912/292/1509 2913/293/1509 2914/294/1509 2915/295/1509 2916/296/1509 2917/297/1509 2918/298/1509 2919/299/1509 2920/300/1509 2921/301/1509 2922/302/1509 2923/303/1509 2924/304/1509 2925/305/1509 2926/306/1509 2927/307/1509 2928/308/1509 2929/309/1509 2930/310/1509 2931/311/1509 2932/312/1509 2933/313/1509 2934/314/1509 2935/315/1509 2936/316/1509 2937/317/1509 2938/318/1509 2939/319/1509 2940/320/1509 2941/321/1509 2942/322/1509 2943/323/1509 2944/324/1509 2945/325/1509 2946/326/1509 2947/327/1509 2948/328/1509 2949/329/1509 2950/330/1509 2951/331/1509 2952/332/1509 2953/333/1509 2954/334/1509 2955/335/1509 2956/336/1509 2957/337/1509 2958/338/1509 2959/339/1509 2960/340/1509 2961/341/1509 2962/342/1509 2963/343/1509 2964/344/1509 2965/345/1509 2966/346/1509 2967/347/1509 2968/348/1509 2969/349/1509 2970/350/1509 2971/351/1509 2972/352/1509 2973/353/1509 2974/354/1509 2975/355/1509 2976/356/1509 2977/357/1509 2978/358/1509 2979/359/1509 2980/360/1509 2981/361/1509 2982/362/1509 2983/363/1509 2984/364/1509 2985/365/1509 2986/366/1509 2987/367/1509 2988/368/1509 2989/369/1509 2990/370/1509 2991/371/1509 2992/372/1509 2993/373/1509 2994/374/1509 2995/375/1509 2996/376/1509 2997/377/1509 2998/378/1509 2999/379/1509 3000/380/1509 3001/381/1509 3002/382/1509 3003/383/1509 3004/384/1509 3005/385/1509 3006/386/1509 3007/387/1509 3008/388/1509 3009/389/1509 3010/390/1509 3011/391/1509 3012/392/1509 3013/393/1509 3014/394/1509 3015/395/1509 3016/396/1509 3017/397/1509 3018/398/1509 3019/399/1509 3020/400/1509 3021/401/1509 3022/402/1509 3023/403/1509 3024/404/1509 3025/405/1509 3026/406/1509 3027/407/1509 3028/408/1509 3029/409/1509 3030/410/1509 3031/411/1509 3032/412/1509 3033/413/1509 3034/414/1509 3035/415/1509 3036/416/1509 3037/417/1509 3038/418/1509 3039/419/1509 3040/420/1509 3041/421/1509 3042/422/1509 3043/423/1509 3044/424/1509 3045/425/1509 3046/426/1509 3047/427/1509 3048/428/1509 3049/429/1509 3050/430/1509 3051/431/1509 3052/432/1509 3053/433/1509 3054/434/1509 3055/435/1509 3056/436/1509 3057/437/1509 3058/438/1509 3059/439/1509 3060/440/1509 

vn -0.736933 -0.0305519 0.675275
vn -0.736127 -0.0558361 0.674536
v 468.247 17.9187 -228.748
v 468.226 18.4255 -228.729
f 2628/441/1510 2627/442/1511 3061/443/1511 3062/444/1510 

vn 0.246954 0.942234 -0.226292
vn 0.246664 0.942374 -0.226026
v 466.673 18.6775 -227.306
f 2627/445/1512 3060/446/1513 3063/447/1513 3061/448/1512 

vn 0.246374 0.942514 -0.22576
v 464.308 19.8148 -225.139
f 3060/449/1513 3059/450/1514 3064/451/1514 3063/452/1513 

vn 0.246563 0.942423 -0.225933
v 461.668 21.0842 -222.72
f 3059/450/1514 3058/453/1515 3065/454/1515 3064/451/1514 

vn 0.247393 0.942023 -0.226694
v 459.27 22.2395 -220.523
f 3058/455/1515 3057/456/1516 3066/457/1516 3065/458/1515 

vn 0.248033 0.941713 -0.227281
v 457.629 23.0345 -219.019
f 3057/459/1516 3056/460/1517 3067/461/1517 3066/462/1516 

vn -0.539961 0.680905 0.494783
v 457.296 22.5481 -218.714
f 3056/463/1518 3055/464/1518 3068/465/1518 3067/466/1518 

vn -0.721959 0.202785 0.661554
v 456.947 20.2619 -218.394
f 3055/467/1519 3054/468/1519 3069/469/1519 3068/470/1519 

v 456.47 17.1403 -217.957
f 3054/468/1519 3053/471/1519 3070/472/1519 3069/469/1519 

v 456.008 14.117 -217.534
f 3053/471/1519 3052/473/1519 3071/474/1519 3070/472/1519 

v 455.704 12.1257 -217.256
f 3052/473/1519 3051/475/1519 3072/476/1519 3071/474/1519 

vn -0.474173 -0.765748 0.434499
v 456.183 11.5807 -217.694
f 3051/477/1520 3050/478/1520 3073/479/1520 3072/480/1520 

vn -0.221603 -0.95376 0.203062
vn -0.22003 -0.954429 0.201621
v 457.246 11.1261 -218.669
f 3050/481/1521 3049/482/1522 3074/483/1522 3073/484/1521 

vn -0.216469 -0.955926 0.198358
v 458.241 10.7076 -219.58
f 3049/485/1522 3048/486/1523 3075/487/1523 3074/488/1522 

vn -0.211942 -0.957791 0.194209
v 459.163 10.3274 -220.425
f 3048/489/1523 3047/490/1524 3076/491/1524 3075/492/1523 

vn -0.205169 -0.9605 0.188003
v 460.009 9.98739 -221.2
f 3047/493/1524 3046/494/1525 3077/495/1525 3076/496/1524 

vn -0.196889 -0.963683 0.180415
v 462.047 9.20447 -223.067
f 3046/497/1525 3045/498/1526 3078/499/1526 3077/500/1525 

vn -0.187093 -0.967267 0.171439
v 469.476 6.47374 -229.875
f 3045/501/1526 3044/502/1527 3079/503/1527 3078/504/1526 

vn -0.173384 -0.971955 0.158878
v 477.259 3.79512 -237.007
f 3044/505/1527 3043/506/1528 3080/507/1528 3079/508/1527 

vn -0.149982 -0.97909 0.137433
v 484.401 1.56497 -243.551
f 3043/509/1528 3042/510/1529 3081/511/1529 3080/512/1528 

vn -0.0810809 -0.993935 0.074297
v 489.907 0.179624 -248.596
f 3042/513/1529 3041/514/1530 3082/515/1530 3081/516/1529 

vn -0.0272473 -0.999317 0.0249675
v 492.782 0.0354193 -251.231
f 3041/517/1530 3040/518/1531 3083/519/1531 3082/520/1530 

vn 0.477875 -0.761503 -0.437892
v 493.116 0.421933 -251.537
f 3040/521/1532 3039/522/1532 3084/523/1532 3083/524/1532 

vn 0.712562 -0.256753 -0.652943
vn 0.733999 -0.0942039 -0.672586
v 493.215 0.925601 -251.628
f 3039/525/1533 3038/526/1534 3085/527/1534 3084/528/1533 

vn 0.727965 0.158436 -0.667057
v 493.187 1.4543 -251.602
f 3038/529/1534 3037/530/1535 3086/531/1535 3085/532/1534 

vn 0.704869 0.293224 -0.645894
v 493.105 1.89561 -251.527
f 3037/533/1535 3036/534/1536 3087/535/1536 3086/536/1535 

vn 0.693094 0.340976 -0.635103
v 493.041 2.13716 -251.468
f 3036/537/1536 3035/538/1537 3088/539/1537 3087/540/1536 

vn 0.557577 0.654265 -0.510925
vn 0.527906 0.698079 -0.483737
v 493.01 2.18568 -251.44
f 3035/541/1538 3034/542/1539 3089/543/1539 3088/544/1538 

vn 0.496366 0.739422 -0.454836
v 492.901 2.31978 -251.34
f 3034/545/1539 3033/546/1540 3090/547/1540 3089/548/1539 

v 492.749 2.50739 -251.201
f 3033/546/1540 3032/549/1540 3091/550/1540 3090/547/1540 

v 492.6 2.69203 -251.064
f 3032/549/1540 3031/551/1540 3092/552/1540 3091/550/1540 

v 492.498 2.8172 -250.971
f 3031/551/1540 3030/553/1540 3093/554/1540 3092/552/1540 

vn 0.673461 0.406966 -0.617113
v 492.484 2.86193 -250.958
f 3030/555/1541 3029/556/1541 3094/557/1541 3093/558/1541 

vn 0.715125 -0.243288 -0.655292
v 492.519 3.05384 -250.99
f 3029/559/1542 3028/560/1542 3095/561/1542 3094/562/1542 

v 492.577 3.36439 -251.043
f 3028/560/1542 3027/563/1542 3096/564/1542 3095/561/1542 

v 492.638 3.69557 -251.099
f 3027/563/1542 3026/565/1542 3097/566/1542 3096/564/1542 

vn 0.715258 -0.242569 -0.655413
v 492.685 3.94938 -251.142
f 3026/565/1542 3025/567/1543 3098/568/1543 3097/566/1542 

vn 0.721208 -0.207646 -0.660865
v 492.7 4.03282 -251.156
f 3025/569/1543 3024/570/1544 3099/571/1544 3098/572/1543 

vn 0.726123 -0.17329 -0.665369
v 492.712 4.12141 -251.166
f 3024/573/1544 3023/574/1545 3100/575/1545 3099/576/1544 

vn 0.726093 -0.17352 -0.665342
v 492.739 4.33202 -251.191
f 3023/574/1545 3022/577/1546 3101/578/1546 3100/575/1545 

vn 0.726058 -0.173791 -0.665309
v 492.78 4.64814 -251.229
f 3022/579/1546 3021/580/1547 3102/581/1547 3101/582/1546 

vn 0.726017 -0.174106 -0.665272
v 492.833 5.05327 -251.277
f 3021/583/1547 3020/584/1548 3103/585/1548 3102/586/1547 

vn 0.725981 -0.174378 -0.665239
v 492.895 5.53091 -251.335
f 3020/587/1548 3019/588/1549 3104/589/1549 3103/590/1548 

vn 0.72603 -0.174005 -0.665284
v 492.902 5.58473 -251.341
f 3019/591/1549 3018/592/1550 3105/593/1550 3104/594/1549 

vn 0.726191 -0.172765 -0.665431
v 492.961 6.03741 -251.395
f 3018/595/1550 3017/596/1551 3106/597/1551 3105/598/1550 

vn 0.726373 -0.171348 -0.665599
v 493.03 6.57633 -251.459
f 3017/599/1551 3016/600/1552 3107/601/1552 3106/602/1551 

vn 0.726528 -0.170139 -0.66574
v 493.102 7.13665 -251.524
f 3016/603/1552 3015/604/1553 3108/605/1553 3107/606/1552 

vn 0.726663 -0.169076 -0.665864
v 493.174 7.70441 -251.59
f 3015/607/1553 3014/608/1554 3109/609/1554 3108/610/1553 

vn 0.725603 -0.177252 -0.664893
v 493.245 8.26568 -251.655
f 3014/611/1554 3013/612/1555 3110/613/1555 3109/614/1554 

vn 0.726548 -0.169981 -0.665759
v 493.273 8.46753 -251.681
f 3013/615/1555 3012/616/1556 3111/617/1556 3110/618/1555 

vn 0.727847 -0.159429 -0.666949
v 493.306 8.75902 -251.711
f 3012/619/1556 3011/620/1557 3112/621/1557 3111/622/1556 

vn 0.727357 -0.163491 -0.6665
v 493.36 9.19848 -251.761
f 3011/623/1557 3010/624/1558 3113/625/1558 3112/626/1557 

vn 0.727752 -0.160226 -0.666862
v 493.41 9.60426 -251.806
f 3010/627/1558 3009/628/1559 3114/629/1559 3113/630/1558 

vn 0.728307 -0.155522 -0.66737
v 493.453 9.96764 -251.845
f 3009/631/1559 3008/632/1560 3115/633/1560 3114/634/1559 

vn 0.730405 -0.136222 -0.669293
v 493.488 10.2799 -251.878
f 3008/635/1560 3007/636/1561 3116/637/1561 3115/638/1560 

vn 0.737019 -0.0264764 -0.675353
v 493.528 10.733 -251.915
f 3007/639/1561 3006/640/1562 3117/641/1562 3116/642/1561 

vn 0.718598 0.223672 -0.658474
v 493.499 11.3375 -251.888
f 3006/643/1562 3005/644/1563 3118/645/1563 3117/646/1562 

vn 0.644348 0.486004 -0.590436
v 493.373 11.7594 -251.772
f 3005/647/1563 3004/648/1564 3119/649/1564 3118/650/1563 

vn 0.590084 0.599525 -0.540713
v 493.196 12.0869 -251.611
f 3004/651/1564 3003/652/1565 3120/653/1565 3119/654/1564 

vn 0.627848 0.524231 -0.575316
v 493.015 12.4076 -251.444
f 3003/655/1565 3002/656/1566 3121/657/1566 3120/658/1565 

vn 0.685147 0.369341 -0.627822
v 492.873 12.8077 -251.314
f 3002/659/1566 3001/660/1567 3122/661/1567 3121/662/1566 

vn 0.716009 0.238459 -0.656101
v 492.785 13.1829 -251.234
f 3001/663/1567 3000/664/1568 3123/665/1568 3122/666/1567 

vn 0.735964 0.0596599 -0.674387
v 492.746 13.4828 -251.198
f 3000/667/1568 2999/668/1569 3124/669/1569 3123/670/1568 

vn 0.729733 -0.142693 -0.668677
v 492.758 13.7801 -251.209
f 2999/671/1569 2998/672/1570 3125/673/1570 3124/674/1569 

vn 0.711053 -0.264333 -0.65156
v 492.822 14.1479 -251.268
f 2998/675/1570 2997/676/1571 3126/677/1571 3125/678/1570 

vn 0.706496 -0.285934 -0.647384
v 492.94 14.6589 -251.376
f 2997/679/1571 2996/680/1572 3127/681/1572 3126/682/1571 

vn 0.722455 -0.19951 -0.662008
v 493.057 15.2161 -251.483
f 2996/683/1572 2995/684/1573 3128/685/1573 3127/686/1572 

vn 0.737039 -0.0254196 -0.675372
v 493.092 15.5962 -251.515
f 2995/687/1573 2994/688/1574 3129/689/1574 3128/690/1573 

vn 0.732162 0.117597 -0.670903
v 493.076 15.8794 -251.501
f 2994/691/1574 2993/692/1575 3130/693/1575 3129/694/1574 

vn 0.732502 0.113628 -0.671215
v 493.044 16.1515 -251.471
f 2993/695/1575 2992/696/1576 3131/697/1576 3130/698/1575 

vn 0.736827 0.0349343 -0.675178
v 493.027 16.4988 -251.455
f 2992/699/1576 2991/700/1577 3132/701/1577 3131/702/1576 

vn 0.737271 0.00404034 -0.675585
v 493.025 16.9322 -251.454
f 2991/703/1577 2990/704/1578 3133/705/1578 3132/706/1577 

vn 0.670225 0.416677 -0.614148
v 492.936 17.1972 -251.372
f 2990/707/1579 2989/708/1579 3134/709/1579 3133/710/1579 

vn 0.434094 0.808293 -0.397774
vn 0.388777 0.84967 -0.356249
v 492.795 17.3365 -251.243
f 2989/711/1580 2988/712/1581 3135/713/1581 3134/714/1580 

vn 0.341326 0.886382 -0.312767
v 492.657 17.4342 -251.116
f 2988/715/1581 2987/716/1582 3136/717/1582 3135/718/1581 

vn 0.581717 0.614384 -0.533046
v 492.576 17.5746 -251.042
f 2987/719/1583 2986/720/1583 3137/721/1583 3136/722/1583 

vn 0.733789 -0.0971602 -0.672394
vn 0.737101 0.0218612 -0.675429
v 492.595 17.8302 -251.059
f 2986/723/1584 2985/724/1585 3138/725/1585 3137/726/1584 

vn 0.729956 0.140573 -0.668882
v 492.568 18.089 -251.034
f 2985/727/1585 2984/728/1586 3139/729/1586 3138/730/1585 

vn 0.561587 0.647926 -0.514599
v 492.441 18.2906 -250.919
f 2984/731/1587 2983/732/1587 3140/733/1587 3139/734/1587 

vn 0.292423 0.91798 -0.267957
vn 0.188318 0.966829 -0.172561
v 492.217 18.4217 -250.714
f 2983/735/1588 2982/736/1589 3141/737/1589 3140/738/1588 

vn 0.00694558 0.999956 -0.00636445
v 491.899 18.4689 -250.422
f 2982/739/1589 2981/740/1590 3142/741/1590 3141/742/1589 

vn -0.185491 0.967834 0.169971
v 491.487 18.4186 -250.045
f 2981/743/1590 2980/744/1591 3143/745/1591 3142/746/1590 

vn -0.299793 0.913597 0.27471
v 491.138 18.2076 -249.724
f 2980/747/1591 2979/748/1592 3144/749/1592 3143/750/1591 

vn -0.591975 0.596087 0.542445
v 490.942 17.85 -249.545
f 2979/751/1593 2978/752/1593 3145/753/1593 3144/754/1593 

vn -0.708844 0.275035 0.649536
vn -0.723979 0.189071 0.663405
v 490.853 17.4252 -249.463
f 2978/755/1594 2977/756/1595 3146/757/1595 3145/758/1594 

vn -0.734059 0.0933331 0.672641
v 490.822 17.0128 -249.435
f 2977/759/1595 2976/760/1596 3147/761/1596 3146/762/1595 

vn -0.73402 0.0939014 0.672605
v 490.801 16.6921 -249.416
f 2976/763/1596 2975/764/1597 3148/765/1597 3147/766/1596 

vn -0.737276 -0.00151867 0.675589
v 490.782 16.4343 -249.398
f 2975/767/1597 2974/768/1598 3149/769/1598 3148/770/1597 

vn -0.72889 -0.150405 0.667905
v 490.809 16.0885 -249.423
f 2974/771/1598 2973/772/1599 3150/773/1599 3149/774/1598 

vn -0.719557 -0.217926 0.659353
v 490.863 15.7211 -249.472
f 2973/775/1599 2972/776/1600 3151/777/1600 3150/778/1599 

vn -0.712927 -0.25488 0.653277
v 490.92 15.4057 -249.525
f 2972/779/1600 2971/780/1601 3152/781/1601 3151/782/1600 

vn -0.710164 -0.268697 0.650745
v 490.959 15.2159 -249.561
f 2971/783/1601 2970/784/1602 3153/785/1602 3152/786/1601 

vn -0.713045 0.254274 0.653385
vn -0.696609 0.327533 0.638325
v 490.939 15.1099 -249.542
f 2970/787/1603 2969/788/1604 3154/789/1604 3153/790/1603 

vn -0.676089 0.398871 0.619521
v 490.776 14.6019 -249.393
f 2969/791/1604 2968/792/1605 3155/793/1605 3154/794/1604 

v 490.529 13.8306 -249.166
f 2968/792/1605 2967/795/1605 3156/796/1605 3155/793/1605 

v 490.273 13.0342 -248.932
f 2967/795/1605 2966/797/1605 3157/798/1605 3156/796/1605 

vn -0.669753 0.418071 0.613716
v 490.086 12.451 -248.761
f 2966/797/1605 2965/799/1606 3158/800/1606 3157/798/1605 

vn -0.663122 0.437086 0.607639
v 490.031 12.2973 -248.71
f 2965/801/1606 2964/802/1607 3159/803/1607 3158/804/1606 

vn 0.0659253 0.995994 -0.0604094
vn 0.0691983 0.995586 -0.0634086
v 489.891 12.3144 -248.582
f 2964/805/1608 2963/806/1609 3160/807/1609 3159/808/1608 

vn 0.075033 0.994808 -0.0687551
v 489.515 12.3648 -248.237
f 2963/809/1609 2962/810/1610 3161/811/1610 3160/812/1609 

vn 0.079587 0.994157 -0.0729281
v 488.838 12.4619 -247.617
f 2962/813/1610 2961/814/1611 3162/815/1611 3161/816/1610 

vn 0.0834894 0.993568 -0.076504
v 487.797 12.6192 -246.663
f 2961/817/1611 2960/818/1612 3163/819/1612 3162/820/1611 

vn 0.0853998 0.993269 -0.0782545
v 486.314 12.8536 -245.304
f 2960/821/1612 2959/822/1613 3164/823/1613 3163/824/1612 

vn 0.68072 0.384106 -0.623765
vn 0.652075 0.466659 -0.597517
v 486.271 12.9945 -245.265
f 2959/825/1614 2958/826/1615 3165/827/1615 3164/828/1614 

vn 0.581125 0.615414 -0.532503
v 486.226 13.0893 -245.223
f 2958/829/1615 2957/830/1616 3166/831/1616 3165/832/1615 

vn 0.519618 0.709426 -0.476142
v 486.187 13.1454 -245.188
f 2957/833/1616 2956/834/1617 3167/835/1617 3166/836/1616 

vn 0.550914 0.664569 -0.504819
v 486.161 13.1782 -245.164
f 2956/837/1617 2955/838/1618 3168/839/1618 3167/840/1617 

vn 0.604001 0.573462 -0.553465
v 486.099 13.2952 -245.107
f 2955/841/1618 2954/842/1619 3169/843/1619 3168/844/1618 

vn 0.612078 0.557486 -0.560866
v 486.017 13.4577 -245.032
f 2954/845/1619 2953/846/1620 3170/847/1620 3169/848/1619 

vn 0.613957 0.553671 -0.562588
v 485.96 13.5744 -244.98
f 2953/849/1620 2952/850/1621 3171/851/1621 3170/852/1620 

vn 0.718555 0.223927 -0.658434
vn 0.731205 0.128082 -0.670026
v 485.953 13.6167 -244.973
f 2952/853/1622 2951/854/1623 3172/855/1623 3171/856/1622 

vn 0.736889 0.0324704 -0.675234
v 485.949 13.7675 -244.97
f 2951/857/1623 2950/858/1624 3173/859/1624 3172/860/1623 

vn 0.736779 0.036764 -0.675133
v 485.944 13.988 -244.965
f 2950/861/1624 2949/862/1625 3174/863/1625 3173/864/1624 

vn 0.735097 0.0768476 -0.673592
v 485.937 14.2105 -244.959
f 2949/865/1625 2948/866/1626 3175/867/1626 3174/868/1625 

vn 0.729877 0.141331 -0.668809
v 485.917 14.4517 -244.94
f 2948/869/1626 2947/870/1627 3176/871/1627 3175/872/1626 

vn 0.728483 0.153997 -0.667531
v 485.879 14.7553 -244.905
f 2947/873/1627 2946/874/1628 3177/875/1628 3176/876/1627 

vn 0.736981 0.0283528 -0.675319
v 485.85 15.0271 -244.879
f 2946/877/1628 2945/878/1629 3178/879/1629 3177/880/1628 

vn 0.731584 -0.12403 -0.670374
v 485.86 15.1783 -244.888
f 2945/881/1629 2944/882/1630 3179/883/1630 3178/884/1629 

vn 0.736451 -0.0473455 -0.674833
v 485.885 15.3825 -244.911
f 2944/885/1630 2943/886/1631 3180/887/1631 3179/888/1630 

vn 0.718716 0.222975 -0.658582
v 485.868 15.7042 -244.896
f 2943/889/1631 2942/890/1632 3181/891/1632 3180/892/1631 

vn 0.635173 0.507738 -0.582029
v 485.759 16.0769 -244.795
f 2942/893/1632 2941/894/1633 3182/895/1633 3181/896/1632 

vn 0.597514 0.58583 -0.547521
v 485.534 16.4486 -244.59
f 2941/897/1633 2940/898/1634 3183/899/1634 3182/900/1633 

vn 0.659439 0.447219 -0.604264
v 485.349 16.844 -244.42
f 2940/901/1634 2939/902/1635 3184/903/1635 3183/904/1634 

vn 0.723769 0.19055 -0.663212
v 485.247 17.2088 -244.327
f 2939/905/1635 2938/906/1636 3185/907/1636 3184/908/1635 

vn 0.737104 0.0217121 -0.675431
v 485.243 17.4716 -244.323
f 2938/909/1636 2937/910/1637 3186/911/1637 3185/912/1636 

vn 0.554414 -0.659192 -0.508027
v 485.32 17.5905 -244.393
f 2937/913/1638 2936/914/1638 3187/915/1638 3186/916/1638 

vn 0.0477138 -0.997904 -0.0437216
v 485.409 17.5982 -244.474
f 2936/917/1639 2935/918/1639 3188/919/1639 3187/920/1639 

vn -0.482033 -0.756667 0.441702
v 485.492 17.5005 -244.551
f 2935/921/1640 2934/922/1640 3189/923/1640 3188/924/1640 

vn -0.67581 -0.399738 0.619266
vn -0.665027 -0.431729 0.609385
v 485.556 17.3018 -244.609
f 2934/925/1641 2933/926/1642 3190/927/1642 3189/928/1641 

vn -0.65342 -0.463187 0.598749
v 485.61 17.1607 -244.659
f 2933/929/1642 2932/930/1643 3191/931/1643 3190/932/1642 

vn 0.0980345 -0.99112 -0.0898321
v 485.674 17.1723 -244.717
f 2932/933/1644 2931/934/1644 3192/935/1644 3191/936/1644 

vn 0.573857 -0.627835 -0.525843
vn 0.607192 -0.56723 -0.556389
v 485.753 17.3048 -244.79
f 2931/937/1645 2930/938/1646 3193/939/1646 3192/940/1645 

vn 0.665992 -0.428984 -0.610269
v 485.85 17.5313 -244.879
f 2930/941/1646 2929/942/1647 3194/943/1647 3193/944/1646 

vn 0.701178 -0.309078 -0.642511
v 485.937 17.8453 -244.958
f 2929/945/1647 2928/946/1648 3195/947/1648 3194/948/1647 

vn 0.714959 -0.244184 -0.655139
v 485.999 18.1516 -245.016
f 2928/949/1648 2927/950/1649 3196/951/1649 3195/952/1648 

vn 0.718836 -0.222263 -0.658692
v 486.03 18.3359 -245.044
f 2927/953/1649 2926/954/1650 3197/955/1650 3196/956/1649 

vn 0.576755 -0.622931 -0.528499
vn 0.52043 -0.708331 -0.476886
v 486.047 18.3641 -245.059
f 2926/957/1651 2925/958/1652 3198/959/1652 3197/960/1651 

vn 0.485606 -0.752452 -0.444976
v 486.109 18.431 -245.116
f 2925/961/1652 2924/962/1653 3199/963/1653 3198/964/1652 

vn 0.553646 -0.660378 -0.507323
v 486.195 18.5443 -245.195
f 2924/965/1653 2923/966/1654 3200/967/1654 3199/968/1653 

vn 0.590985 -0.597891 -0.541538
v 486.277 18.6936 -245.271
f 2923/969/1654 2922/970/1655 3201/971/1655 3200/972/1654 

vn 0.719452 -0.218565 -0.659256
v 486.304 18.857 -245.295
f 2922/973/1656 2921/974/1656 3202/975/1656 3201/976/1656 

vn 0.701875 0.306151 -0.64315
vn 0.663419 0.436256 -0.607911
v 486.27 19.0002 -245.264
f 2921/977/1657 2920/978/1658 3203/979/1658 3202/980/1657 

vn 0.594695 0.591084 -0.544938
v 486.223 19.0959 -245.221
f 2920/981/1658 2919/982/1659 3204/983/1659 3203/984/1658 

vn 0.576479 0.623401 -0.528246
v 486.207 19.1223 -245.206
f 2919/985/1659 2918/986/1660 3205/987/1660 3204/988/1659 

vn 0.734994 -0.078649 -0.673497
vn 0.737234 -0.0108698 -0.67555
v 486.21 19.1662 -245.209
f 2918/989/1661 2917/990/1662 3206/991/1662 3205/992/1661 

vn 0.725555 0.177612 -0.664849
v 486.207 19.2463 -245.206
f 2917/993/1662 2916/994/1663 3207/995/1663 3206/996/1662 

vn 0.70432 0.295642 -0.64539
v 486.186 19.3364 -245.187
f 2916/997/1663 2915/998/1664 3208/999/1664 3207/1000/1663 

vn 0.548613 0.668061 -0.502711
v 486.141 19.4051 -245.145
f 2915/1001/1665 2914/1002/1665 3209/1003/1665 3208/1004/1665 

vn 0.189233 0.966501 -0.1734
vn 0.0777226 0.994428 -0.0712196
v 486.086 19.4247 -245.095
f 2914/1005/1666 2913/1006/1667 3210/1007/1667 3209/1008/1666 

vn 0.0354658 0.998842 -0.0324984
v 486.038 19.4216 -245.051
f 2913/1009/1667 2912/1010/1668 3211/1011/1668 3210/1012/1667 

vn 0.106228 0.989566 -0.09734
v 486.01 19.4271 -245.026
f 2912/1013/1668 2911/1014/1669 3212/1015/1669 3211/1016/1668 

vn 0.627142 0.525782 -0.57467
vn 0.609211 0.563232 -0.558239
v 485.992 19.466 -245.009
f 2911/1017/1670 2910/1018/1671 3213/1019/1671 3212/1020/1670 

vn 0.587554 0.604079 -0.538394
v 485.958 19.5282 -244.978
f 2910/1021/1671 2909/1022/1672 3214/1023/1672 3213/1024/1671 

vn 0.596265 0.588168 -0.546376
v 485.922 19.5925 -244.945
f 2909/1025/1672 2908/1026/1673 3215/1027/1673 3214/1028/1672 

vn 0.644702 0.48514 -0.590761
v 485.898 19.6388 -244.923
f 2908/1029/1673 2907/1030/1674 3216/1031/1674 3215/1032/1673 

vn 0.685112 0.369462 -0.627789
v 485.881 19.6906 -244.908
f 2907/1033/1674 2906/1034/1675 3217/1035/1675 3216/1036/1674 

vn 0.691973 0.345137 -0.634077
v 485.862 19.763 -244.89
f 2906/1037/1675 2905/1038/1676 3218/1039/1676 3217/1040/1675 

vn 0.671342 0.413356 -0.615172
v 485.838 19.849 -244.868
f 2905/1041/1676 2904/1042/1677 3219/1043/1677 3218/1044/1676 

vn 0.64891 0.474706 -0.594617
v 485.805 19.9341 -244.837
f 2904/1045/1677 2903/1046/1678 3220/1047/1678 3219/1048/1677 

vn 0.282555 0.923648 -0.258914
vn 0.210918 0.958207 -0.193271
v 485.737 19.9721 -244.775
f 2903/1049/1679 2902/1050/1680 3221/1051/1680 3220/1052/1679 

vn 0.228581 0.950726 -0.209456
v 485.652 19.994 -244.697
f 2902/1053/1680 2901/1054/1681 3222/1055/1681 3221/1056/1680 

vn 0.316367 0.903256 -0.289897
v 485.572 20.0451 -244.625
f 2901/1057/1681 2900/1058/1682 3223/1059/1682 3222/1060/1681 

vn 0.659269 0.447681 -0.604108
vn 0.695599 0.331458 -0.637399
v 485.516 20.197 -244.573
f 2900/1061/1683 2899/1062/1684 3224/1063/1684 3223/1064/1683 

vn 0.720717 0.210754 -0.660416
v 485.473 20.4689 -244.534
f 2899/1065/1684 2898/1066/1685 3225/1067/1685 3224/1068/1684 

vn 0.68271 0.377553 -0.625588
v 485.432 20.7284 -244.496
f 2898/1069/1685 2897/1070/1686 3226/1071/1686 3225/1072/1685 

vn 0.624216 0.53215 -0.571988
v 485.381 20.8381 -244.449
f 2897/1073/1686 2896/1074/1687 3227/1075/1687 3226/1076/1686 

vn -0.371625 0.863674 0.340532
vn -0.448331 0.793868 0.41082
v 485.289 20.7652 -244.365
f 2896/1077/1688 2895/1078/1689 3228/1079/1689 3227/1080/1688 

vn -0.553023 0.661338 0.506752
v 485.164 20.5975 -244.25
f 2895/1081/1689 2894/1082/1690 3229/1083/1690 3228/1084/1689 

vn -0.622586 0.535651 0.570495
v 485.048 20.392 -244.144
f 2894/1085/1690 2893/1086/1691 3230/1087/1691 3229/1088/1690 

vn -0.62719 0.525677 0.574714
v 484.976 20.2032 -244.078
f 2893/1089/1691 2892/1090/1692 3231/1091/1692 3230/1092/1691 

vn -0.56746 0.638443 0.519981
v 484.883 20.0314 -243.993
f 2892/1093/1692 2891/1094/1693 3232/1095/1693 3231/1096/1692 

vn -0.540663 0.679879 0.495427
v 484.763 19.8584 -243.883
f 2891/1097/1693 2890/1098/1694 3233/1099/1694 3232/1100/1693 

vn -0.575707 0.624713 0.527538
v 484.638 19.6719 -243.768
f 2890/1101/1694 2889/1102/1695 3234/1103/1695 3233/1104/1694 

vn -0.633577 0.511393 0.580566
v 484.528 19.4587 -243.668
f 2889/1105/1695 2888/1106/1696 3235/1107/1696 3234/1108/1695 

vn -0.672841 0.408848 0.616545
v 484.445 19.2334 -243.591
f 2888/1109/1696 2887/1110/1697 3236/1111/1697 3235/1112/1696 

vn -0.692054 0.344838 0.634151
v 484.392 19.0515 -243.543
f 2887/1113/1697 2886/1114/1698 3237/1115/1698 3236/1116/1697 

vn -0.710553 0.266796 0.651102
v 484.371 18.9702 -243.524
f 2886/1117/1698 2885/1118/1699 3238/1119/1699 3237/1120/1698 

vn -0.69917 0.317335 0.640671
v 484.311 18.5913 -243.468
f 2885/1121/1699 2884/1122/1700 3239/1123/1700 3238/1124/1699 

vn -0.655254 0.458396 0.600429
v 484.189 18.2334 -243.357
f 2884/1125/1700 2883/1126/1701 3240/1127/1701 3239/1128/1700 

vn -0.658707 0.4492 0.603593
v 484.065 17.9408 -243.244
f 2883/1129/1701 2882/1130/1702 3241/1131/1702 3240/1132/1701 

vn -0.703016 0.301298 0.644195
v 483.995 17.7205 -243.179
f 2882/1133/1702 2881/1134/1703 3242/1135/1703 3241/1136/1702 

vn -0.725713 0.176422 0.664993
v 483.951 17.4279 -243.138
f 2881/1137/1703 2880/1138/1704 3243/1139/1704 3242/1140/1703 

vn -0.728945 0.149916 0.667955
v 483.908 17.0583 -243.1
f 2880/1141/1704 2879/1142/1705 3244/1143/1705 3243/1144/1704 

vn -0.72584 0.175457 0.66511
v 483.868 16.692 -243.063
f 2879/1145/1705 2878/1146/1706 3245/1147/1706 3244/1148/1705 

vn -0.694816 0.334468 0.636681
v 483.824 16.4047 -243.023
f 2878/1149/1706 2877/1150/1707 3246/1151/1707 3245/1152/1706 

vn -0.624119 0.532359 0.5719
v 483.744 16.1946 -242.949
f 2877/1153/1707 2876/1154/1708 3247/1155/1708 3246/1156/1707 

vn -0.597886 0.585132 0.547862
v 483.633 15.9947 -242.848
f 2876/1157/1708 2875/1158/1709 3248/1159/1709 3247/1160/1708 

vn -0.617895 0.545551 0.566197
v 483.501 15.7361 -242.727
f 2875/1161/1709 2874/1162/1710 3249/1163/1710 3248/1164/1709 

vn -0.601094 0.579055 0.550801
v 483.376 15.4582 -242.612
f 2874/1165/1710 2873/1166/1711 3250/1167/1711 3249/1168/1710 

vn -0.492428 0.744251 0.451227
v 483.29 15.3159 -242.533
f 2873/1169/1711 2872/1170/1712 3251/1171/1712 3250/1172/1711 

vn -0.402202 0.838096 0.36855
v 483.228 15.261 -242.476
f 2872/1173/1712 2871/1174/1713 3252/1175/1713 3251/1176/1712 

vn 0.369714 0.865181 -0.338781
vn 0.327244 0.896099 -0.299864
v 483.136 15.3337 -242.392
f 2871/1177/1714 2870/1178/1715 3253/1179/1715 3252/1180/1714 

vn 0.283375 0.923186 -0.259666
v 482.957 15.4345 -242.228
f 2870/1181/1715 2869/1182/1716 3254/1183/1716 3253/1184/1715 

vn 0.0187786 0.999676 -0.0172074
v 482.78 15.4406 -242.066
f 2869/1185/1717 2868/1186/1717 3255/1187/1717 3254/1188/1717 

vn -0.644429 0.485807 0.590511
v 482.692 15.2239 -241.985
f 2868/1189/1718 2867/1190/1718 3256/1191/1718 3255/1192/1718 

vn -0.736157 -0.0550959 0.674564
vn -0.731838 -0.121245 0.670606
v 482.712 14.7287 -242.003
f 2867/1193/1719 2866/1194/1720 3257/1195/1720 3256/1196/1719 

vn -0.71778 -0.228454 0.657724
v 482.794 14.1446 -242.078
f 2866/1197/1720 2865/1198/1721 3258/1199/1721 3257/1200/1720 

vn -0.696471 -0.328071 0.638198
v 482.887 13.692 -242.164
f 2865/1201/1721 2864/1202/1722 3259/1203/1722 3258/1204/1721 

vn -0.675825 -0.399691 0.61928
v 482.92 13.5853 -242.194
f 2864/1205/1722 2863/1206/1723 3260/1207/1723 3259/1208/1722 

vn -0.671902 -0.41168 0.615684
v 482.937 13.5333 -242.21
f 2863/1209/1723 2862/1210/1724 3261/1211/1724 3260/1212/1723 

vn -0.673193 -0.407781 0.616868
v 482.958 13.4724 -242.228
f 2862/1213/1724 2861/1214/1725 3262/1215/1725 3261/1216/1724 

vn -0.673709 -0.406209 0.617341
v 482.98 13.4038 -242.249
f 2861/1217/1725 2860/1218/1726 3263/1219/1726 3262/1220/1725 

vn 0.0961202 0.991465 -0.0880779
vn 0.105752 0.98966 -0.0969042
v 482.462 13.4961 -241.775
f 2860/1221/1727 2859/1222/1728 3264/1223/1728 3263/1224/1727 

vn 0.123732 0.985817 -0.113379
v 481.966 13.6027 -241.32
f 2859/1225/1728 2858/1226/1729 3265/1227/1729 3264/1228/1728 

vn 0.139074 0.982048 -0.127438
v 481.492 13.7198 -240.886
f 2858/1229/1729 2857/1230/1730 3266/1231/1730 3265/1232/1729 

vn 0.151539 0.978649 -0.13886
v 481.041 13.8434 -240.473
f 2857/1233/1730 2856/1234/1731 3267/1235/1731 3266/1236/1730 

vn 0.160807 0.975924 -0.147353
v 480.614 13.9698 -240.081
f 2856/1237/1731 2855/1238/1732 3268/1239/1732 3267/1240/1731 

vn 0.166435 0.974187 -0.152509
v 480.21 14.0952 -239.711
f 2855/1241/1732 2854/1242/1733 3269/1243/1733 3268/1244/1732 

vn 0.16779 0.973759 -0.153751
v 479.831 14.2157 -239.364
f 2854/1245/1733 2853/1246/1734 3270/1247/1734 3269/1248/1733 

vn 0.164819 0.974692 -0.151029
v 479.478 14.3274 -239.04
f 2853/1249/1734 2852/1250/1735 3271/1251/1735 3270/1252/1734 

vn 0.26774 0.931732 -0.245339
v 479.232 14.4027 -238.814
f 2852/1253/1735 2851/1254/1736 3272/1255/1736 3271/1256/1735 

vn 0.306392 0.90956 -0.280757
v 479.192 14.4333 -238.778
f 2851/1257/1736 2850/1258/1737 3273/1259/1737 3272/1260/1736 

vn 0.286533 0.921391 -0.262559
v 479.14 14.4579 -238.731
f 2850/1261/1737 2849/1262/1738 3274/1263/1738 3273/1264/1737 

vn 0.371487 0.863783 -0.340405
v 479.09 14.4921 -238.684
f 2849/1265/1738 2848/1266/1739 3275/1267/1739 3274/1268/1738 

vn 0.402169 0.838125 -0.36852
v 478.93 14.6386 -238.538
f 2848/1269/1739 2847/1270/1740 3276/1271/1740 3275/1272/1739 

vn 0.387912 0.850397 -0.355456
v 478.748 14.7934 -238.371
f 2847/1273/1740 2846/1274/1741 3277/1275/1741 3276/1276/1740 

vn 0.384031 0.853632 -0.3519
v 478.655 14.8699 -238.286
f 2846/1277/1741 2845/1278/1742 3278/1279/1742 3277/1280/1741 

vn 0.734701 -0.0835264 -0.673229
vn 0.734668 -0.0840538 -0.673199
v 478.681 15.2889 -238.31
f 2845/1281/1743 2844/1282/1744 3279/1283/1744 3278/1284/1743 

vn 0.734635 -0.0845811 -0.673169
v 478.735 16.1515 -238.359
f 2844/1285/1744 2843/1286/1745 3280/1287/1745 3279/1288/1744 

vn 0.732205 -0.117097 -0.670942
v 478.768 16.677 -238.39
f 2843/1286/1745 2842/1289/1746 3281/1290/1746 3280/1287/1745 

vn 0.729413 -0.145668 -0.668384
v 478.793 16.903 -238.413
f 2842/1291/1746 2841/1292/1747 3282/1293/1747 3281/1294/1746 

vn 0.731008 -0.130133 -0.669845
v 478.851 17.45 -238.466
f 2841/1295/1747 2840/1296/1748 3283/1297/1748 3282/1298/1747 

vn 0.737274 0.00295487 -0.675587
v 478.899 17.995 -238.509
f 2840/1299/1748 2839/1300/1749 3284/1301/1749 3283/1302/1748 

vn 0.731562 0.124268 -0.670353
v 478.864 18.372 -238.478
f 2839/1303/1749 2838/1304/1750 3285/1305/1750 3284/1306/1749 

vn 0.637093 0.503293 -0.583788
vn 0.610325 0.56101 -0.55926
v 478.712 18.7258 -238.338
f 2838/1307/1751 2837/1308/1752 3286/1309/1752 3285/1310/1751 

vn 0.599269 0.582524 -0.549129
v 478.49 19.1107 -238.135
f 2837/1311/1752 2836/1312/1753 3287/1313/1753 3286/1314/1752 

vn 0.657148 0.453379 -0.602166
v 478.29 19.5253 -237.952
f 2836/1315/1753 2835/1316/1754 3288/1317/1754 3287/1318/1753 

vn 0.714801 0.245037 -0.654994
v 478.189 19.8867 -237.859
f 2835/1319/1754 2834/1320/1755 3289/1321/1755 3288/1322/1754 

vn 0.737112 -0.0211894 -0.675439
v 478.161 20.1683 -237.834
f 2834/1323/1755 2833/1324/1756 3290/1325/1756 3289/1326/1755 

vn 0.725856 -0.175336 -0.665124
v 478.185 20.3487 -237.855
f 2833/1327/1756 2832/1328/1757 3291/1329/1757 3290/1330/1756 

vn 0.474909 -0.764909 -0.435174
v 478.255 20.4284 -237.919
f 2832/1331/1758 2831/1332/1758 3292/1333/1758 3291/1334/1758 

vn -0.0705546 -0.995411 0.0646514
v 478.36 20.4148 -238.015
f 2831/1335/1759 2830/1336/1759 3293/1337/1759 3292/1338/1759 

vn -0.490043 -0.747141 0.449042
vn -0.559994 -0.650457 0.51314
v 478.495 20.2512 -238.139
f 2830/1339/1760 2829/1340/1761 3294/1341/1761 3293/1342/1760 

vn -0.618829 -0.543602 0.567052
v 478.643 19.9409 -238.275
f 2829/1343/1761 2828/1344/1762 3295/1345/1762 3294/1346/1761 

vn -0.617986 -0.545364 0.566279
v 478.75 19.7165 -238.373
f 2828/1347/1762 2827/1348/1763 3296/1349/1763 3295/1350/1762 

vn 0.111798 -0.988436 -0.102444
v 478.8 19.7268 -238.419
f 2827/1351/1764 2826/1352/1764 3297/1353/1764 3296/1354/1764 

vn 0.666918 -0.426329 -0.611118
vn 0.686207 -0.365702 -0.628793
v 478.845 19.8559 -238.46
f 2826/1355/1765 2825/1356/1766 3298/1357/1766 3297/1358/1765 

vn 0.721533 -0.205556 -0.661163
v 478.888 20.0391 -238.5
f 2825/1359/1766 2824/885/1767 3299/888/1767 3298/1360/1766 

vn 0.736557 0.0441914 -0.67493
v 478.905 20.2612 -238.515
f 2824/1361/1767 2823/1362/1768 3300/1363/1768 3299/1364/1767 

vn 0.724466 0.185613 -0.66385
v 478.867 20.5262 -238.48
f 2823/1365/1768 2822/1366/1769 3301/1367/1769 3300/1368/1768 

vn 0.725463 0.178303 -0.664764
v 478.844 20.699 -238.459
f 2822/1369/1769 2821/1370/1770 3302/1371/1770 3301/1372/1769 

vn -0.145706 -0.980277 0.133515
vn -0.10185 -0.990412 0.093328
v 478.914 20.6799 -238.523
f 2821/1373/1771 2820/1374/1772 3303/1375/1772 3302/1376/1771 

vn 0.0446543 -0.998164 -0.0409182
v 479.008 20.6699 -238.61
f 2820/1377/1772 2819/1378/1773 3304/1379/1773 3303/1380/1772 

vn 0.146072 -0.980177 -0.13385
v 479.101 20.6953 -238.695
f 2819/1381/1773 2818/1382/1774 3305/1383/1774 3304/1384/1773 

vn 0.403289 -0.837134 -0.369546
vn 0.495238 -0.740812 -0.453802
v 479.18 20.7649 -238.767
f 2818/1385/1775 2817/1386/1776 3306/1387/1776 3305/1388/1775 

vn 0.57489 -0.626094 -0.52679
v 479.23 20.8508 -238.813
f 2817/1389/1776 2816/1390/1777 3307/1391/1777 3306/1392/1776 

vn 0.737174 -0.01674 -0.675496
v 479.232 20.9566 -238.815
f 2816/1393/1778 2815/1394/1778 3308/1395/1778 3307/1396/1778 

vn 0.65498 0.459115 -0.600179
vn 0.61479 0.551969 -0.563351
v 479.164 21.1342 -238.752
f 2815/1397/1779 2814/1398/1780 3309/1399/1780 3308/1400/1779 

vn 0.506826 0.726252 -0.46442
v 479.057 21.3099 -238.654
f 2814/1401/1780 2813/1402/1781 3310/1403/1781 3309/1404/1780 

vn 0.43094 0.811392 -0.394884
v 478.938 21.4296 -238.545
f 2813/1405/1781 2812/1406/1782 3311/1407/1782 3310/1408/1781 

vn 0.461733 0.779608 -0.4231
v 478.826 21.5352 -238.443
f 2812/1409/1782 2811/1410/1783 3312/1411/1783 3311/1412/1782 

vn 0.498507 0.736768 -0.456798
v 478.756 21.6229 -238.378
f 2811/1413/1783 2810/1414/1784 3313/1415/1784 3312/1416/1783 

vn 0.717557 -0.229741 -0.657519
vn 0.728469 -0.154112 -0.667519
v 478.772 21.7124 -238.393
f 2810/1417/1785 2809/1418/1786 3314/1419/1786 3313/1420/1785 

vn 0.734106 0.0926529 -0.672684
v 478.78 21.8591 -238.4
f 2809/1421/1786 2808/1422/1787 3315/1423/1787 3314/1424/1786 

vn 0.711884 0.26019 -0.652321
v 478.747 22.0229 -238.371
f 2808/1425/1787 2807/1426/1788 3316/1427/1788 3315/1428/1787 

vn 0.425564 0.816596 -0.389958
vn 0.331532 0.893194 -0.303794
v 478.644 22.1221 -238.276
f 2807/1429/1789 2806/1430/1790 3317/1431/1790 3316/1432/1789 

vn 0.230163 0.950023 -0.210905
v 478.552 22.1632 -238.191
f 2806/1433/1790 2805/1434/1791 3318/1435/1791 3317/1436/1790 

vn 0.510904 0.720976 -0.468157
v 478.536 22.1838 -238.177
f 2805/1437/1792 2804/1438/1792 3319/1439/1792 3318/1440/1792 

vn 0.708615 0.276116 -0.649326
vn 0.69285 0.341888 -0.63488
v 478.517 22.2725 -238.16
f 2804/1441/1793 2803/1442/1794 3320/1443/1794 3319/1444/1793 

vn 0.67377 0.406024 -0.617397
v 478.482 22.3786 -238.128
f 2803/1445/1794 2802/1446/1795 3321/1447/1795 3320/1448/1794 

vn 0.484894 0.753296 -0.444323
v 478.429 22.4413 -238.079
f 2802/1449/1796 2801/1450/1796 3322/1451/1796 3321/1452/1796 

vn 0.171477 0.972577 -0.15713
vn 0.141839 0.98132 -0.129972
v 478.353 22.4661 -238.009
f 2801/1453/1797 2800/1454/1798 3323/1455/1798 3322/1456/1797 

vn 0.111962 0.988402 -0.102594
v 478.292 22.4789 -237.953
f 2800/1457/1798 2799/1458/1799 3324/1459/1799 3323/1460/1798 

vn 0.54669 0.670955 -0.500949
vn 0.573886 0.627786 -0.52587
v 478.272 22.5086 -237.935
f 2799/1461/1800 2798/1462/1801 3325/1463/1801 3324/1464/1800 

vn 0.572462 0.630173 -0.524565
v 478.233 22.5829 -237.899
f 2798/1465/1801 2797/1466/1802 3326/1467/1802 3325/1468/1801 

vn 0.499724 0.73525 -0.457912
v 478.175 22.6676 -237.847
f 2797/1469/1802 2796/1470/1803 3327/1471/1803 3326/1472/1802 

vn 0.491455 0.745432 -0.450336
v 478.114 22.7318 -237.791
f 2796/1473/1803 2795/1474/1804 3328/1475/1804 3327/1476/1803 

vn 0.573683 0.628128 -0.525684
v 478.05 22.8214 -237.732
f 2795/1477/1804 2794/1478/1805 3329/1479/1805 3328/1480/1804 

vn 0.635831 0.50622 -0.582632
v 477.989 22.9455 -237.676
f 2794/1481/1805 2793/1482/1806 3330/1483/1806 3329/1484/1805 

vn 0.655576 0.457548 -0.600725
v 477.938 23.0815 -237.629
f 2793/1485/1806 2792/1486/1807 3331/1487/1807 3330/1488/1806 

vn 0.151694 0.978605 -0.139002
v 477.878 23.0987 -237.574
f 2792/1489/1808 2791/1490/1808 3332/1491/1808 3331/1492/1808 

vn -0.497772 0.737681 0.456124
vn -0.552311 0.662432 0.5061
v 477.812 23.0175 -237.514
f 2791/1493/1809 2790/1494/1810 3333/1495/1810 3332/1496/1809 

vn -0.536229 0.686309 0.491364
v 477.752 22.9028 -237.459
f 2790/1497/1810 2789/1498/1811 3334/1499/1811 3333/1500/1810 

vn -0.461577 0.779778 0.422957
v 477.716 22.8637 -237.426
f 2789/1501/1811 2788/1502/1812 3335/1503/1812 3334/1504/1811 

vn 0.398866 0.841024 -0.365493
vn 0.398407 0.841423 -0.365073
v 477.694 22.8827 -237.406
f 2788/1505/1813 2787/1506/1814 3336/1507/1814 3335/1508/1813 

vn 0.363561 0.869965 -0.333142
v 477.644 22.9266 -237.359
f 2787/1509/1814 2786/1510/1815 3337/1511/1815 3336/1512/1814 

vn 0.221222 0.953923 -0.202712
v 477.562 22.9816 -237.285
f 2786/1513/1815 2785/1514/1816 3338/1515/1816 3337/1516/1815 

vn 0.108947 0.989022 -0.0998313
v 477.482 22.9978 -237.211
f 2785/1517/1816 2784/1518/1817 3339/1519/1817 3338/1520/1816 

vn -0.715051 0.24369 0.655223
v 477.463 22.8915 -237.193
f 2784/1521/1818 2783/1522/1818 3340/1523/1818 3339/1524/1818 

vn -0.730599 -0.134296 0.66947
vn -0.73296 -0.108059 0.671634
v 477.479 22.7305 -237.208
f 2783/1525/1819 2782/1526/1820 3341/1527/1820 3340/1528/1819 

vn -0.736241 0.0529921 0.674641
v 477.486 22.602 -237.215
f 2782/1529/1820 2781/1530/1821 3342/1531/1821 3341/1532/1820 

vn -0.717117 0.23225 0.657117
v 477.461 22.4203 -237.192
f 2781/1533/1821 2780/1534/1822 3343/1535/1822 3342/1536/1821 

vn -0.702393 0.303959 0.643625
v 477.418 22.2178 -237.152
f 2780/1537/1822 2779/1538/1823 3344/1539/1823 3343/1540/1822 

vn -0.718525 0.224103 0.658407
v 477.377 22.0611 -237.115
f 2779/1541/1823 2778/1542/1824 3345/1543/1824 3344/1544/1823 

vn -0.734679 0.0838768 0.67321
v 477.352 21.7634 -237.092
f 2778/1545/1824 2777/1546/1825 3346/1547/1825 3345/1548/1824 

vn -0.73471 0.083385 0.673237
v 477.34 21.4521 -237.081
f 2777/1549/1825 2776/1550/1826 3347/1551/1826 3346/1552/1825 

vn -0.732469 0.114027 0.671184
v 477.331 21.3503 -237.073
f 2776/1553/1826 2775/1554/1827 3348/1555/1827 3347/1556/1826 

vn -0.552801 0.661679 0.506549
vn -0.571053 0.632521 0.523274
v 477.23 21.1941 -236.98
f 2775/1557/1828 2774/1558/1829 3349/1559/1829 3348/1560/1828 

vn -0.628376 0.523066 0.5758
v 477.08 20.9245 -236.842
f 2774/1561/1829 2773/1562/1830 3350/1563/1830 3349/1564/1829 

vn -0.699993 0.313979 0.641426
v 476.977 20.6393 -236.748
f 2773/1565/1830 2772/1566/1831 3351/1567/1831 3350/1568/1830 

vn -0.730928 0.130954 0.669772
v 476.932 20.3092 -236.707
f 2772/1569/1831 2771/1570/1832 3352/1571/1832 3351/1572/1831 

vn -0.735095 0.076878 0.673591
v 476.915 20.0263 -236.692
f 2771/1573/1832 2770/1574/1833 3353/1575/1833 3352/1576/1832 

vn -0.735168 0.0755981 0.673657
v 476.91 19.9376 -236.687
f 2770/1577/1833 2769/1578/1834 3354/1579/1834 3353/1580/1833 

vn -0.380033 0.856917 0.348236
vn -0.423737 0.818342 0.388283
v 476.843 19.8831 -236.626
f 2769/1581/1835 2768/1582/1836 3355/1583/1836 3354/1584/1835 

vn -0.465321 0.775674 0.426388
v 476.744 19.773 -236.534
f 2768/1585/1836 2767/1586/1837 3356/1587/1837 3355/1588/1836 

vn -0.641864 0.492015 0.58816
v 476.684 19.6312 -236.48
f 2767/1589/1838 2766/1590/1838 3357/1591/1838 3356/1592/1838 

vn -0.735877 -0.0615955 0.674307
vn -0.724971 -0.181949 0.664313
v 476.692 19.4631 -236.487
f 2766/1593/1839 2765/1594/1840 3358/1595/1840 3357/1596/1839 

vn -0.68791 -0.359768 0.630354
v 476.725 19.3203 -236.518
f 2765/1597/1840 2764/1598/1841 3359/1599/1841 3358/1600/1840 

vn -0.669625 -0.418448 0.613598
v 476.742 19.2718 -236.533
f 2764/1601/1841 2763/1602/1842 3360/1603/1842 3359/1604/1841 

vn -0.291598 -0.918463 0.2672
vn -0.300435 -0.913209 0.275298
v 476.796 19.2401 -236.582
f 2763/1605/1843 2762/1606/1844 3361/1607/1844 3360/1608/1843 

vn -0.337336 -0.889188 0.309111
v 476.887 19.1832 -236.666
f 2762/1609/1844 2761/1610/1845 3362/1611/1845 3361/1612/1844 

vn -0.364844 -0.868977 0.334318
v 476.956 19.1298 -236.729
f 2761/1613/1845 2760/1614/1846 3363/1615/1846 3362/1616/1845 

vn -0.646212 -0.48143 0.592144
v 476.975 19.0828 -236.746
f 2760/1617/1847 2759/1618/1847 3364/1619/1847 3363/1620/1847 

vn -0.682631 0.377816 0.625516
vn -0.634469 0.509354 0.581384
v 476.958 19.0277 -236.731
f 2759/1621/1848 2758/1622/1849 3365/1623/1849 3364/1624/1848 

vn -0.571927 0.631067 0.524075
v 476.761 18.6969 -236.55
f 2758/1625/1849 2757/1626/1850 3366/1627/1850 3365/1628/1849 

vn -0.569053 0.635829 0.521441
v 476.408 18.1104 -236.227
f 2757/1629/1850 2756/1630/1851 3367/1631/1851 3366/1632/1850 

vn -0.603564 0.574309 0.553064
v 476.128 17.6549 -235.971
f 2756/1633/1851 2755/1634/1852 3368/1635/1852 3367/1636/1851 

vn -0.636211 0.50534 0.58298
v 476.029 17.4243 -235.88
f 2755/1637/1852 2754/1638/1853 3369/1639/1853 3368/1640/1852 

vn -0.680165 -0.38591 0.623257
v 476.076 17.27 -235.923
f 2754/1641/1854 2753/1642/1854 3370/1643/1854 3369/1644/1854 

vn -0.362477 -0.870797 0.332149
vn -0.448489 -0.793704 0.410965
v 476.26 17.1297 -236.091
f 2753/1645/1855 2752/1646/1856 3371/1647/1856 3370/1648/1855 

vn -0.525732 -0.701091 0.481744
v 476.416 16.9141 -236.234
f 2752/1649/1856 2751/1650/1857 3372/1651/1857 3371/1652/1856 

vn -0.719209 0.220033 0.659033
v 476.36 16.5804 -236.183
f 2751/1653/1858 2750/1654/1858 3373/1655/1858 3372/1656/1858 

vn -0.509972 0.722189 0.467303
vn -0.481155 0.757693 0.440898
v 476.016 16.1335 -235.868
f 2750/1657/1859 2749/1658/1860 3374/1659/1860 3373/1660/1859 

vn -0.471308 0.768995 0.431874
v 475.804 15.911 -235.674
f 2749/1661/1860 2748/1662/1861 3375/1663/1861 3374/1664/1860 

vn -0.519739 0.709263 0.476253
v 475.633 15.7036 -235.517
f 2748/1665/1861 2747/1666/1862 3376/1667/1862 3375/1668/1861 

vn -0.5612 0.648542 0.514245
v 475.504 15.5104 -235.399
f 2747/1669/1862 2746/1670/1863 3377/1671/1863 3376/1672/1862 

vn -0.543056 0.676361 0.497619
v 475.467 15.4479 -235.365
f 2746/1673/1863 2745/1674/1864 3378/1675/1864 3377/1676/1863 

vn -0.508758 0.723762 0.466191
v 475.433 15.4032 -235.333
f 2745/1677/1864 2744/1678/1865 3379/1679/1865 3378/1680/1864 

vn 0.387855 0.850445 -0.355404
vn 0.277074 0.926698 -0.253892
v 475.403 15.428 -235.306
f 2744/1681/1866 2743/1682/1867 3380/1683/1867 3379/1684/1866 

vn 0.67559 -2.55737e-16 0.737277
v 473.395 15.4285 -237.536
v 473.38 15.4548 -237.521
f 2744/1685/1868 3381/1686/1868 3382/1687/1868 2743/1688/1868 

vn 0.16092 0.97589 -0.147456
v 474.946 15.5645 -234.887
f 2743/1689/1867 2742/1690/1869 3383/1691/1869 3380/1692/1867 

vn 0.159673 0.976267 -0.146313
v 474.434 15.7222 -234.418
f 2742/1693/1869 2741/1694/1870 3384/1695/1870 3383/1696/1869 

vn 0.15377 0.978009 -0.140904
v 473.913 15.8751 -233.941
f 2741/1697/1870 2740/1698/1871 3385/1699/1871 3384/1700/1870 

vn 0.150903 0.97883 -0.138277
v 473.398 16.0218 -233.469
f 2740/1701/1871 2739/1702/1872 3386/1703/1872 3385/1704/1871 

vn 0.15109 0.978777 -0.138449
v 472.905 16.161 -233.017
f 2739/1705/1872 2738/1706/1873 3387/1707/1873 3386/1708/1872 

vn 0.155007 0.977649 -0.142037
v 472.449 16.2913 -232.599
f 2738/1709/1873 2737/1710/1874 3388/1711/1874 3387/1712/1873 

vn 0.164555 0.974774 -0.150786
v 472.046 16.4114 -232.23
f 2737/1713/1874 2736/1714/1875 3389/1715/1875 3388/1716/1874 

vn 0.184911 0.968038 -0.16944
v 471.71 16.5199 -231.922
f 2736/1717/1875 2735/1718/1876 3390/1719/1876 3389/1720/1875 

vn 0.198686 0.963004 -0.182062
v 471.459 16.6154 -231.692
f 2735/1721/1876 2734/1722/1877 3391/1723/1877 3390/1724/1876 

vn 0.71582 0.2395 -0.655928
vn 0.718351 0.225126 -0.658248
v 471.433 16.7565 -231.668
f 2734/1725/1878 2733/1726/1879 3392/1727/1879 3391/1728/1878 

vn 0.727594 0.161539 -0.666717
v 471.4 16.9629 -231.638
f 2733/1729/1879 2732/1730/1880 3393/1731/1880 3392/1732/1879 

vn 0.737277 -0.0012503 -0.67559
v 471.374 17.2841 -231.614
f 2732/1733/1880 2731/1734/1881 3394/1735/1881 3393/1736/1880 

vn 0.723655 -0.191343 -0.663107
v 471.434 18.0007 -231.67
f 2731/1737/1881 2730/1738/1882 3395/1739/1882 3394/1740/1881 

vn 0.706989 -0.283682 -0.647836
v 471.597 18.7974 -231.819
f 2730/1741/1882 2729/1742/1883 3396/1743/1883 3395/1744/1882 

vn 0.718226 -0.22586 -0.658133
v 471.731 19.3744 -231.941
f 2729/1745/1883 2728/1746/1884 3397/1747/1884 3396/1748/1883 

vn 0.728916 -0.150173 -0.667929
v 471.767 19.693 -231.974
f 2728/1749/1884 2727/1750/1885 3398/1751/1885 3397/1752/1884 

vn 0.722231 0.200994 -0.661803
vn 0.693496 0.339468 -0.635472
v 471.719 20.0074 -231.93
f 2727/1753/1886 2726/1754/1887 3399/1755/1887 3398/1756/1886 

vn 0.660174 0.445218 -0.604938
v 471.568 20.3921 -231.792
f 2726/1757/1887 2725/1758/1888 3400/1759/1888 3399/1760/1887 

vn 0.69849 0.320077 -0.640048
v 471.386 20.9255 -231.625
f 2725/1761/1888 2724/1762/1889 3401/1763/1889 3400/1764/1888 

vn 0.730767 0.1326 -0.669625
v 471.292 21.5 -231.539
f 2724/1765/1889 2723/1766/1890 3402/1767/1890 3401/1768/1889 

vn 0.736468 0.046851 -0.674848
v 471.279 21.8837 -231.527
f 2723/1769/1890 2722/1770/1891 3403/1771/1891 3402/1772/1890 

vn 0.634983 -0.508174 -0.581855
v 471.339 22.0223 -231.582
f 2722/1773/1892 2721/1774/1892 3404/1775/1892 3403/1776/1892 

vn 0.290353 -0.919188 -0.26606
v 471.45 22.0871 -231.684
f 2721/1777/1893 2720/1778/1893 3405/1779/1893 3404/1780/1893 

vn -0.058655 -0.99683 0.0537474
v 471.582 22.0729 -231.805
f 2720/1781/1894 2719/1782/1894 3406/1783/1894 3405/1784/1894 

vn -0.612786 -0.556052 0.561515
v 471.678 21.8782 -231.893
f 2719/1785/1895 2718/1786/1895 3407/1787/1895 3406/1788/1895 

vn -0.730861 -0.131643 0.669711
vn -0.731001 -0.130208 0.669839
v 471.717 21.4813 -231.928
f 2718/1789/1896 2717/1790/1897 3408/1791/1897 3407/1792/1896 

vn -0.731139 -0.128772 0.669965
v 471.751 21.1185 -231.96
f 2717/1793/1897 2716/1794/1898 3409/1795/1898 3408/1796/1897 

vn -0.477509 -0.761925 0.437556
v 471.832 21.0256 -232.034
f 2716/1797/1899 2715/1798/1899 3410/1799/1899 3409/1800/1899 

vn 0.59882 -0.583373 -0.548717
vn 0.658979 -0.448465 -0.603843
v 471.947 21.2425 -232.139
f 2715/1801/1900 2714/1802/1901 3411/1803/1901 3410/1804/1900 

vn 0.718954 -0.221555 -0.6588
v 472.046 21.6661 -232.23
f 2714/1805/1901 2713/1806/1902 3412/1807/1902 3411/1808/1901 

vn 0.734619 -0.0848426 -0.673154
v 472.09 22.0959 -232.271
f 2713/1809/1902 2712/1810/1903 3413/1811/1903 3412/1812/1902 

vn 0.736416 0.0483196 -0.674801
v 472.096 22.322 -232.275
f 2712/1813/1903 2711/1814/1904 3414/1815/1904 3413/1816/1903 

vn 0.731343 0.126626 -0.670152
v 472.088 22.3969 -232.269
f 2711/1817/1904 2710/1818/1905 3415/1819/1905 3414/1820/1904 

vn 0.442897 -0.79946 -0.40584
vn 0.447364 -0.794871 -0.409933
v 472.114 22.423 -232.292
f 2710/1821/1906 2709/1822/1907 3416/1823/1907 3415/1824/1906 

vn 0.493864 -0.742498 -0.452543
v 472.195 22.5079 -232.366
f 2709/1825/1907 2708/1826/1908 3417/1827/1908 3416/1828/1907 

vn 0.613364 -0.554879 -0.562044
v 472.276 22.6238 -232.441
f 2708/1829/1908 2707/1830/1909 3418/1831/1909 3417/1832/1908 

vn 0.705948 -0.288412 -0.646882
v 472.318 22.7518 -232.479
f 2707/1833/1909 2706/1834/1910 3419/1835/1910 3418/1836/1909 

vn 0.73175 -0.122216 -0.670526
v 472.335 22.8841 -232.495
f 2706/1837/1910 2705/1838/1911 3420/1839/1911 3419/1840/1910 

vn 0.731819 -0.121456 -0.670589
v 472.34 22.975 -232.499
f 2705/1841/1911 2704/1842/1912 3421/1843/1912 3420/1844/1911 

vn 0.731073 -0.129454 -0.669905
v 472.345 23.0192 -232.504
f 2704/1845/1912 2703/1846/1913 3422/1847/1913 3421/1848/1912 

vn 0.735845 0.0622938 -0.674278
v 472.35 23.0931 -232.509
f 2703/1849/1913 2702/1850/1914 3423/1851/1914 3422/1852/1913 

vn 0.686541 0.364548 -0.629099
v 472.336 23.1783 -232.496
f 2702/1853/1914 2701/1854/1915 3424/1855/1915 3423/1856/1914 

vn 0.671673 0.412367 -0.615475
v 472.302 23.2588 -232.464
f 2701/1857/1915 2700/1858/1916 3425/1859/1916 3424/1860/1915 

vn 0.719512 0.2182 -0.659311
v 472.281 23.344 -232.445
f 2700/1861/1916 2699/1862/1917 3426/1863/1917 3425/1864/1916 

vn 0.722769 0.197403 -0.662296
v 472.273 23.4319 -232.438
f 2699/1865/1917 2698/1866/1918 3427/1867/1918 3426/1868/1917 

vn 0.709367 0.272541 -0.650015
v 472.258 23.5051 -232.424
f 2698/1869/1918 2697/1870/1919 3428/1871/1919 3427/1872/1918 

vn 0.17736 0.970634 -0.16252
vn 0.064916 0.996116 -0.0594846
v 472.191 23.5274 -232.363
f 2697/1873/1920 2696/1874/1921 3429/1875/1921 3428/1876/1920 

vn 0.0123428 0.99986 -0.0113101
v 472.093 23.5185 -232.273
f 2696/1877/1921 2695/1878/1922 3430/1879/1922 3429/1880/1921 

vn 0.0736797 0.994994 -0.0675151
v 472.009 23.5299 -232.196
f 2695/1881/1922 2694/1882/1923 3431/1883/1923 3430/1884/1922 

vn 0.737186 0.0157281 -0.675507
vn 0.732783 -0.110243 -0.671472
v 472.008 23.6375 -232.195
f 2694/1885/1924 2693/1886/1925 3432/1887/1925 3431/1888/1924 

vn 0.733475 -0.10143 -0.672106
v 472.031 23.7709 -232.216
f 2693/1889/1925 2692/1890/1926 3433/1891/1926 3432/1892/1925 

vn 0.721755 0.204119 -0.661366
v 472.029 23.8622 -232.214
f 2692/1893/1926 2691/1894/1927 3434/1895/1927 3433/1896/1926 

vn 0.685318 0.368759 -0.627978
v 472.007 23.937 -232.194
f 2691/1897/1927 2690/1898/1928 3435/1899/1928 3434/1900/1927 

vn 0.490471 0.746624 -0.449434
vn 0.457559 0.784123 -0.419275
v 471.924 24.037 -232.119
f 2690/1901/1929 2689/1902/1930 3436/1903/1930 3435/1904/1929 

vn 0.479332 0.759816 -0.439227
v 471.774 24.1796 -231.981
f 2689/1905/1930 2688/1906/1931 3437/1907/1931 3436/1908/1930 

vn 0.602773 0.575834 -0.55234
v 471.693 24.2939 -231.907
f 2688/1909/1931 2687/1910/1932 3438/1911/1932 3437/1912/1931 

vn 0.661824 0.440691 -0.60645
v 471.663 24.3772 -231.879
f 2687/1913/1932 2686/1914/1933 3439/1915/1933 3438/1916/1932 

vn 0.66325 0.436729 -0.607756
v 471.642 24.4362 -231.859
f 2686/1917/1933 2685/1918/1934 3440/1919/1934 3439/1920/1933 

vn 0.329187 0.894788 -0.301644
v 471.599 24.465 -231.82
f 2685/1921/1935 2684/1922/1935 3441/1923/1935 3440/1924/1935 

vn -0.200828 0.962186 0.184025
v 471.544 24.4438 -231.77
f 2684/1925/1936 2683/1926/1936 3442/1927/1936 3441/1928/1936 

vn -0.504951 0.72865 0.462702
vn -0.432772 0.809597 0.396562
v 471.485 24.3695 -231.716
f 2683/1929/1937 2682/1930/1938 3443/1931/1938 3442/1932/1937 

vn -0.353609 0.877479 0.324023
v 471.423 24.3232 -231.659
f 2682/1933/1938 2681/1934/1939 3444/1935/1939 3443/1936/1938 

vn -0.0673169 0.995823 0.0616846
f 2681/1937/1940 2623/1938/1940 2626/1939/1940 3444/1940/1940 

v 471.254 24.4411 -231.505
v 471.181 24.5181 -231.437
v 471.109 24.5127 -231.371
v 471.069 24.4305 -231.335
v 471.052 24.3342 -231.319
v 471.037 24.2769 -231.306
v 470.994 24.2235 -231.266
v 470.934 24.1733 -231.211
v 470.867 24.1433 -231.15
v 470.765 24.1518 -231.056
v 470.667 24.1517 -230.966
v 470.621 24.0902 -230.924
v 470.612 23.9864 -230.916
v 470.611 23.8662 -230.915
v 470.598 23.7519 -230.903
v 470.561 23.6974 -230.869
v 470.504 23.6767 -230.817
v 470.434 23.6438 -230.753
v 470.386 23.5716 -230.709
v 470.356 23.4842 -230.681
v 470.33 23.4083 -230.657
v 470.341 23.3132 -230.668
v 470.359 23.2097 -230.684
v 470.33 23.1289 -230.658
v 470.247 23.0705 -230.582
v 470.164 23.0056 -230.506
v 470.137 22.9056 -230.481
v 470.143 22.7642 -230.486
v 470.153 22.6411 -230.495
v 470.154 22.6017 -230.496
v 470.093 22.5666 -230.441
v 470.004 22.5054 -230.359
v 469.955 22.4419 -230.314
v 469.997 22.2831 -230.352
v 470.073 22.0937 -230.422
v 470.103 22.0221 -230.449
v 470.05 22.0173 -230.401
v 469.951 21.9961 -230.31
v 469.846 21.9459 -230.214
v 469.831 21.8044 -230.2
v 469.872 21.5423 -230.238
v 469.871 21.1624 -230.237
v 469.617 20.5346 -230.004
v 469.218 19.9063 -229.638
v 468.954 19.7332 -229.396
v 468.786 20.0357 -229.242
v 468.592 20.4101 -229.065
v 468.42 20.5576 -228.907
v 468.313 20.3368 -228.809
v 468.26 19.897 -228.761
v 468.234 19.4003 -228.737
v 468.224 18.9635 -228.727
f 3062/1941/1868 3061/1942/1868 3063/1943/1868 3064/1944/1868 3065/1945/1868 3066/1946/1868 3067/1947/1868 3068/1948/1868 3069/1949/1868 3070/1950/1868 3071/1951/1868 3072/1952/1868 3073/1953/1868 3074/1954/1868 3075/1955/1868 3076/1956/1868 3077/1957/1868 3078/1958/1868 3079/1959/1868 3080/1960/1868 3081/1961/1868 3082/1962/1868 3083/1963/1868 3084/419/1868 3085/1964/1868 3086/1965/1868 3087/1966/1868 3088/1967/1868 3089/1968/1868 3090/1969/1868 3091/1970/1868 3092/1971/1868 3093/1972/1868 3094/1973/1868 3095/1974/1868 3096/1975/1868 3097/1976/1868 3098/1977/1868 3099/1978/1868 3100/1979/1868 3101/1980/1868 3102/1981/1868 3103/1982/1868 3104/1983/1868 3105/1984/1868 3106/1985/1868 3107/1986/1868 3108/1987/1868 3109/1988/1868 3110/1989/1868 3111/1990/1868 3112/1991/1868 3113/1992/1868 3114/1993/1868 3115/1994/1868 3116/1995/1868 3117/1996/1868 3118/1997/1868 3119/1998/1868 3120/1999/1868 3121/2000/1868 3122/2001/1868 3123/2002/1868 3124/2003/1868 3125/2004/1868 3126/2005/1868 3127/2006/1868 3128/2007/1868 3129/2008/1868 3130/2009/1868 3131/2010/1868 3132/2011/1868 3133/2012/1868 3134/2013/1868 3135/2014/1868 3136/2015/1868 3137/2016/1868 3138/2017/1868 3139/2018/1868 3140/2019/1868 3141/2020/1868 3142/2021/1868 3143/2022/1868 3144/2023/1868 3145/2024/1868 3146/2025/1868 3147/2026/1868 3148/2027/1868 3149/2028/1868 3150/2029/1868 3151/2030/1868 3152/2031/1868 3153/2032/1868 3154/2033/1868 3155/2034/1868 3156/2035/1868 3157/2036/1868 3158/2037/1868 3159/2038/1868 3160/2039/1868 3161/2040/1868 3162/2041/1868 3163/2042/1868 3164/2043/1868 3165/2044/1868 3166/2045/1868 3167/2046/1868 3168/2047/1868 3169/2048/1868 3170/2049/1868 3171/2050/1868 3172/2051/1868 3173/2052/1868 3174/2053/1868 3175/2054/1868 3176/2055/1868 3177/2056/1868 3178/2057/1868 3179/2058/1868 3180/2059/1868 3181/2060/1868 3182/2061/1868 3183/2062/1868 3184/2063/1868 3185/2064/1868 3186/2065/1868 3187/2066/1868 3188/2067/1868 3189/2068/1868 3190/2069/1868 3191/2070/1868 3192/2071/1868 3193/2072/1868 3194/2073/1868 3195/2074/1868 3196/2075/1868 3197/2076/1868 3198/2077/1868 3199/2078/1868 3200/2079/1868 3201/2080/1868 3202/2081/1868 3203/2082/1868 3204/2083/1868 3205/2084/1868 3206/2085/1868 3207/2086/1868 3208/2087/1868 3209/2088/1868 3210/2089/1868 3211/2090/1868 3212/2091/1868 3213/2092/1868 3214/2093/1868 3215/2094/1868 3216/2095/1868 3217/2096/1868 3218/2097/1868 3219/2098/1868 3220/2099/1868 3221/2100/1868 3222/2101/1868 3223/2102/1868 3224/2103/1868 3225/2104/1868 3226/2105/1868 3227/2106/1868 3228/2107/1868 3229/2108/1868 3230/2109/1868 3231/2110/1868 3232/2111/1868 3233/2112/1868 3234/2113/1868 3235/2114/1868 3236/2115/1868 3237/2116/1868 3238/2117/1868 3239/2118/1868 3240/2119/1868 3241/2120/1868 3242/2121/1868 3243/2122/1868 3244/2123/1868 3245/2124/1868 3246/2125/1868 3247/2126/1868 3248/2127/1868 3249/2128/1868 3250/2129/1868 3251/2130/1868 3252/2131/1868 3253/2132/1868 3254/2133/1868 3255/2134/1868 3256/2135/1868 3257/2136/1868 3258/2137/1868 3259/2138/1868 3260/2139/1868 3261/2140/1868 3262/2141/1868 3263/2142/1868 3264/2143/1868 3265/2144/1868 3266/2145/1868 3267/2146/1868 3268/2147/1868 3269/2148/1868 3270/2149/1868 3271/2150/1868 3272/2151/1868 3273/2152/1868 3274/2153/1868 3275/2154/1868 3276/2155/1868 3277/2156/1868 3278/2157/1868 3279/2158/1868 3280/2159/1868 3281/2160/1868 3282/2161/1868 3283/2162/1868 3284/2163/1868 3285/2164/1868 3286/2165/1868 3287/2166/1868 3288/2167/1868 3289/2168/1868 3290/2169/1868 3291/2170/1868 3292/2171/1868 3293/2172/1868 3294/2173/1868 3295/2174/1868 3296/2175/1868 3297/2176/1868 3298/2177/1868 3299/2178/1868 3300/2179/1868 3301/2180/1868 3302/2181/1868 3303/2182/1868 3304/2183/1868 3305/2184/1868 3306/2185/1868 3307/2186/1868 3308/2187/1868 3309/2188/1868 3310/2189/1868 3311/2190/1868 3312/2191/1868 3313/2192/1868 3314/2193/1868 3315/2194/1868 3316/2195/1868 3317/2196/1868 3318/2197/1868 3319/2198/1868 3320/2199/1868 3321/2200/1868 3322/2201/1868 3323/2202/1868 3324/2203/1868 3325/2204/1868 3326/2205/1868 3327/2206/1868 3328/2207/1868 3329/2208/1868 3330/2209/1868 3331/2210/1868 3332/2211/1868 3333/2212/1868 3334/2213/1868 3335/2214/1868 3336/2215/1868 3337/2216/1868 3338/2217/1868 3339/2218/1868 3340/2219/1868 3341/2220/1868 3342/2221/1868 3343/2222/1868 3344/2223/1868 3345/2224/1868 3346/2225/1868 3347/2226/1868 3348/2227/1868 3349/2228/1868 3350/2229/1868 3351/2230/1868 3352/2231/1868 3353/2232/1868 3354/2233/1868 3355/2234/1868 3356/2235/1868 3357/2236/1868 3358/2237/1868 3359/2238/1868 3360/2239/1868 3361/2240/1868 3362/2241/1868 3363/2242/1868 3364/2243/1868 3365/2244/1868 3366/2245/1868 3367/2246/1868 3368/2247/1868 3369/2248/1868 3370/2249/1868 3371/2250/1868 3372/2251/1868 3373/2252/1868 3374/2253/1868 3375/2254/1868 3376/2255/1868 3377/2256/1868 3378/2257/1868 3379/1685/1868 3380/1688/1868 3383/2258/1868 3384/2259/1868 3385/2260/1868 3386/2261/1868 3387/2262/1868 3388/2263/1868 3389/2264/1868 3390/2265/1868 3391/2266/1868 3392/2267/1868 3393/2268/1868 3394/2269/1868 3395/2270/1868 3396/2271/1868 3397/2272/1868 3398/2273/1868 3399/2274/1868 3400/2275/1868 3401/2276/1868 3402/2277/1868 3403/2278/1868 3404/2279/1868 3405/2280/1868 3406/2281/1868 3407/2282/1868 3408/2283/1868 3409/2284/1868 3410/2285/1868 3411/2286/1868 3412/2287/1868 3413/2288/1868 3414/2289/1868 3415/2290/1868 3416/2291/1868 3417/2292/1868 3418/2293/1868 3419/2294/1868 3420/2295/1868 3421/2296/1868 3422/2297/1868 3423/2298/1868 3424/2299/1868 3425/2300/1868 3426/2301/1868 3427/2302/1868 3428/2303/1868 3429/2304/1868 3430/2305/1868 3431/2306/1868 3432/2307/1868 3433/2308/1868 3434/2309/1868 3435/2310/1868 3436/2311/1868 3437/2312/1868 3438/2313/1868 3439/2314/1868 3440/2315/1868 3441/2316/1868 3442/2317/1868 3443/2318/1868 3444/2319/1868 2626/2320/1868 2625/2321/1868 3445/2322/1868 3446/2323/1868 3447/2324/1868 3448/2325/1868 3449/2326/1868 3450/2327/1868 3451/2328/1868 3452/2329/1868 3453/2330/1868 3454/2331/1868 3455/2332/1868 3456/2333/1868 3457/2334/1868 3458/2335/1868 3459/2336/1868 3460/2337/1868 3461/2338/1868 3462/2339/1868 3463/2340/1868 3464/2341/1868 3465/2342/1868 3466/2343/1868 3467/2344/1868 3468/2345/1868 3469/2346/1868 3470/2347/1868 3471/2348/1868 3472/2349/1868 3473/2350/1868 3474/2351/1868 3475/2352/1868 3476/2353/1868 3477/2354/1868 3478/2355/1868 3479/2356/1868 3480/2357/1868 3481/2358/1868 3482/2359/1868 3483/2360/1868 3484/2361/1868 3485/2362/1868 3486/2363/1868 3487/2364/1868 3488/2365/1868 3489/2366/1868 3490/2367/1868 3491/2368/1868 3492/2369/1868 3493/2370/1868 3494/2371/1868 3495/2372/1868 3496/2373/1868 

vn 0.494067 0.742249 -0.452729
f 2624/2374/1508 2680/2375/1941 3445/2376/1941 2625/2377/1508 

vn 0.450499 0.791607 -0.412806
f 2680/2378/1941 2679/2379/1942 3446/2380/1942 3445/2381/1941 

vn -0.0405798 0.998484 0.0371845
f 2679/2382/1943 2678/2383/1943 3447/2384/1943 3446/2385/1943 

vn -0.616216 0.549036 0.564658
vn -0.676202 0.398516 0.619625
f 2678/2386/1944 2677/2387/1945 3448/2388/1945 3447/2389/1944 

vn -0.707516 0.281255 0.648319
f 2677/2390/1945 2676/2391/1946 3449/2392/1946 3448/2393/1945 

vn -0.697108 0.325572 0.638782
f 2676/2394/1946 2675/2395/1947 3450/2396/1947 3449/2397/1946 

vn -0.497086 0.738532 0.455495
vn -0.442608 0.799754 0.405575
f 2675/2398/1948 2674/2399/1949 3451/2400/1949 3450/2401/1948 

vn -0.310343 0.907093 0.284377
f 2674/2402/1949 2673/2403/1950 3452/2404/1950 3451/2405/1949 

vn -0.232642 0.948912 0.213177
f 2673/2406/1950 2672/2407/1951 3453/2408/1951 3452/2409/1950 

vn 0.045502 0.998094 -0.0416949
vn 0.0223317 0.999541 -0.0204632
f 2672/2410/1952 2671/2411/1953 3454/2412/1953 3453/2413/1952 

vn -0.000860723 0.999999 0.000788707
f 2671/2414/1953 2670/2415/1954 3455/2416/1954 3454/2417/1953 

vn -0.520263 0.708556 0.476734
f 2670/2418/1955 2669/2419/1955 3456/2420/1955 3455/2421/1955 

vn -0.731714 0.122612 0.670493
vn -0.735588 0.0676613 0.674042
f 2669/2422/1956 2668/2423/1957 3457/2424/1957 3456/2425/1956 

vn -0.734724 0.0831547 0.67325
f 2668/2426/1957 2667/2427/1958 3458/2428/1958 3457/2429/1957 

vn -0.728552 0.153389 0.667595
f 2667/2430/1958 2666/2431/1959 3459/2432/1959 3458/2433/1958 

vn -0.544349 0.674447 0.498804
f 2666/2434/1960 2665/2435/1960 3460/2436/1960 3459/2437/1960 

vn -0.190844 0.965918 0.174876
vn -0.217232 0.955608 0.199057
f 2665/2438/1961 2664/2439/1962 3461/2440/1962 3460/2441/1961 

vn -0.243319 0.943973 0.222961
f 2664/2442/1962 2663/2443/1963 3462/2444/1963 3461/2445/1962 

vn -0.54806 0.668895 0.502205
vn -0.613656 0.554285 0.562312
f 2663/2446/1964 2662/2447/1965 3463/2448/1965 3462/2449/1964 

vn -0.667229 0.425431 0.611403
f 2662/2450/1965 2661/2451/1966 3464/2452/1966 3463/2453/1965 

vn -0.66812 0.422853 0.612219
f 2661/2454/1966 2660/2455/1967 3465/2456/1967 3464/2457/1966 

vn -0.727922 -0.1588 0.667017
vn -0.723343 -0.193502 0.662821
f 2660/2458/1968 2659/2459/1969 3466/2460/1969 3465/2461/1968 

vn -0.717865 -0.227963 0.657802
f 2659/2462/1969 2658/2463/1970 3467/2464/1970 3466/2465/1969 

vn -0.663259 0.436702 0.607765
f 2658/2466/1971 2657/2467/1971 3468/2468/1971 3467/2469/1971 

vn -0.339748 0.887497 0.311321
vn -0.354603 0.876741 0.324934
f 2657/2470/1972 2656/2471/1973 3469/2472/1973 3468/2473/1972 

vn -0.369274 0.865527 0.338378
f 2656/2474/1973 2655/2475/1974 3470/2476/1974 3469/2477/1973 

vn -0.690512 0.350481 0.632737
f 2655/2478/1975 2654/2479/1975 3471/2480/1975 3470/2481/1975 

vn -0.736044 -0.0578083 0.67446
vn -0.734649 -0.0843703 0.673181
f 2654/2482/1976 2653/2483/1977 3472/2484/1977 3471/2485/1976 

vn -0.735245 -0.074197 0.673728
f 2653/2486/1977 2652/2487/1978 3473/2488/1978 3472/2489/1977 

vn -0.736761 -0.0374207 0.675117
f 2652/2490/1978 2651/2491/1979 3474/2492/1979 3473/2493/1978 

vn -0.288699 0.920146 0.264544
vn -0.310472 0.907011 0.284495
f 2651/2494/1980 2650/2495/1981 3475/2496/1981 3474/2497/1980 

vn -0.426672 0.815531 0.390973
f 2650/2498/1981 2649/2499/1982 3476/2500/1982 3475/2501/1981 

vn -0.51182 0.71978 0.468996
f 2649/2502/1982 2648/2503/1983 3477/2504/1983 3476/2505/1982 

vn -0.694753 -0.334705 0.636624
vn -0.673531 -0.406752 0.617178
f 2648/2506/1984 2647/2507/1985 3478/2508/1985 3477/2509/1984 

vn -0.644396 -0.485887 0.59048
f 2647/2510/1985 2646/2511/1986 3479/2512/1986 3478/2513/1985 

vn -0.640462 -0.495365 0.586875
f 2646/2514/1986 2645/2515/1987 3480/2516/1987 3479/2517/1986 

vn -0.0500701 0.997691 0.0458808
vn -0.0823252 0.993746 0.0754371
f 2645/2518/1988 2644/2519/1989 3481/2520/1989 3480/2521/1988 

vn -0.181172 0.969338 0.166014
f 2644/2522/1989 2643/2523/1990 3482/2524/1990 3481/2525/1989 

vn -0.246376 0.942513 0.225762
f 2643/2526/1990 2642/2527/1991 3483/2528/1991 3482/2529/1990 

vn -0.729095 0.148566 0.668093
f 2642/2530/1992 2641/2531/1992 3484/2532/1992 3483/2533/1992 

vn -0.720792 -0.210285 0.660484
vn -0.73335 -0.103074 0.671992
f 2641/2534/1993 2640/2535/1994 3485/2536/1994 3484/2537/1993 

vn -0.737267 0.00535186 0.675581
f 2640/2538/1994 2639/2539/1995 3486/2540/1995 3485/2541/1994 

vn -0.646424 0.480906 0.592339
vn -0.605807 0.569947 0.55512
f 2639/2542/1996 2638/2543/1997 3487/2544/1997 3486/2545/1996 

vn -0.558548 0.65274 0.511815
f 2638/2546/1997 2637/2547/1998 3488/2548/1998 3487/2549/1997 

vn -0.321057 0.900207 0.294194
f 2637/2550/1999 2636/2551/1999 3489/2552/1999 3488/2553/1999 

vn 0.588724 0.60198 -0.539466
vn 0.596349 0.588011 -0.546453
f 2636/2554/2000 2635/2555/2001 3490/2556/2001 3489/2557/2000 

vn 0.603794 0.573863 -0.553275
f 2635/2558/2001 2634/2559/2002 3491/2560/2002 3490/2561/2001 

vn 0.393806 0.845399 -0.360857
f 2634/2562/2003 2633/2563/2003 3492/2564/2003 3491/2565/2003 

vn -0.614967 0.551605 0.563514
f 2633/2566/2004 2632/2567/2004 3493/2568/2004 3492/2569/2004 

vn -0.727847 0.159427 0.666949
vn -0.732394 0.114904 0.671116
f 2632/2570/2005 2631/2571/2006 3494/2572/2006 3493/2573/2005 

vn -0.736283 0.0519175 0.674679
f 2631/2574/2006 2630/2575/2007 3495/2576/2007 3494/2577/2006 

vn -0.737203 0.0142137 0.675522
f 2630/2578/2007 2629/2579/2008 3496/2580/2008 3495/2581/2007 

f 2629/2582/2008 2628/2583/1510 3062/2584/1510 3496/2585/2008 

g Mesh5 ___37_1 Model

v 174.695 0.00252598 -67.5952
vt -1.07064 -1.80478e-15
vn -2.22433e-09 -1 -4.71629e-05
v 174.698 2.24532e-09 -14.0366
vt 0 0
v 171.698 2.24532e-09 -14.0364
vt 0 0.03
v 171.695 0.00252598 -67.595
vt -1.07064 0.03
f 3497/2586/2009 3498/2587/2009 3499/2588/2009 3500/2589/2009 

vt 2.1708e-41 0.535586
vn 1 5.55112e-16 -4.71629e-05
v 174.695 2.8904 -67.595
vt -0.0577286 0.535586
v 174.695 2.8904 -67.686
vt -0.0577286 0.536496
v 174.695 2.89041 -67.9268
vt -0.0577286 0.538904
v 174.695 2.89043 -68.2691
vt -0.0577286 0.542326
v 174.695 2.89045 -68.6645
vt -0.0577286 0.546281
v 174.695 2.89047 -69.0648
vt -0.0577286 0.550283
v 174.695 2.89048 -69.4215
vt -0.0577286 0.553851
v 174.695 2.8905 -69.6865
vt -0.0577286 0.5565
v 174.695 2.8905 -69.8113
vt -0.0577286 0.557749
v 174.695 2.89846 -69.9162
vt -0.0578876 0.558798
v 174.695 2.92949 -70.0353
vt -0.0585077 0.559988
v 174.695 2.98172 -70.1441
vt -0.0595516 0.561077
v 174.695 3.05276 -70.2403
vt -0.0609718 0.562039
v 174.695 3.14025 -70.3215
vt -0.0627204 0.56285
v 174.695 3.24178 -70.3853
vt -0.06475 0.563488
v 174.695 3.35498 -70.4293
vt -0.0670129 0.563929
v 174.695 3.47747 -70.4512
vt -0.0694615 0.564148
v 174.695 3.6025 -70.4532
vt -0.0719608 0.564168
v 174.695 4.00957 -70.4532
vt -0.0800981 0.564168
v 174.695 4.68005 -70.4531
vt -0.093501 0.564168
v 174.695 5.50858 -70.4531
vt -0.110063 0.564168
v 174.695 6.3898 -70.453
vt -0.127679 0.564168
v 174.695 7.21833 -70.453
vt -0.144241 0.564168
v 174.695 7.88881 -70.453
vt -0.157644 0.564168
v 174.695 8.29588 -70.4529
vt -0.165781 0.564168
v 174.695 8.4143 -70.4512
vt -0.168149 0.56415
v 174.695 8.52094 -70.4321
vt -0.17028 0.56396
v 174.695 8.61949 -70.3938
vt -0.17225 0.563576
v 174.695 8.70788 -70.3383
vt -0.174017 0.563021
v 174.695 8.78403 -70.2676
vt -0.17554 0.562314
v 174.695 8.84588 -70.1838
vt -0.176776 0.561477
v 174.695 8.89134 -70.0891
vt -0.177685 0.560529
v 174.695 8.91834 -69.9854
vt -0.178225 0.559493
v 174.695 8.92526 -69.8934
vt -0.178363 0.558573
v 174.695 8.92525 -69.764
vt -0.178363 0.557278
v 174.695 8.92524 -69.4892
vt -0.178363 0.55453
v 174.695 8.92522 -69.1191
vt -0.178363 0.55083
v 174.695 8.9252 -68.704
vt -0.178363 0.546678
v 174.695 8.92518 -68.2939
vt -0.178363 0.542577
v 174.695 8.92517 -67.9389
vt -0.178363 0.539027
v 174.695 8.92515 -67.6891
vt -0.178363 0.53653
v 174.695 8.92515 -67.5947
vt -0.178363 0.535586
v 174.695 11.5522 -67.5946
vt -0.230878 0.535586
v 174.696 11.5517 -56.3792
vt -0.230878 0.423432
v 174.697 11.5526 -37.0077
vt -0.230916 0.229716
v 174.697 15.1734 -36.9521
vt -0.303295 0.229162
v 174.697 11.9747 -30.6839
vt -0.239358 0.166479
v 174.697 12.0873 -30.6264
vt -0.241609 0.165904
v 174.697 12.3852 -30.4744
vt -0.247564 0.164384
v 174.697 12.8086 -30.2582
vt -0.256029 0.162222
v 174.697 13.2978 -30.0085
vt -0.265809 0.159725
v 174.697 13.793 -29.7557
vt -0.275708 0.157198
v 174.697 14.2344 -29.5304
vt -0.284531 0.154945
v 174.697 14.5622 -29.3631
vt -0.291084 0.153272
v 174.697 14.7166 -29.2843
vt -0.294171 0.152484
v 174.697 14.7764 -29.1945
vt -0.295365 0.151586
v 174.697 14.8329 -29.084
vt -0.296496 0.150481
v 174.697 14.8761 -28.9735
vt -0.297359 0.149377
v 174.697 14.9059 -28.865
vt -0.297956 0.148291
v 174.697 14.9224 -28.7601
vt -0.298286 0.147242
v 174.697 14.9257 -28.6608
vt -0.29835 0.146249
v 174.697 14.9156 -28.5687
vt -0.298149 0.145328
v 174.697 14.8923 -28.4858
vt -0.297683 0.144499
v 174.697 14.8079 -28.3077
vt -0.295997 0.142718
v 174.697 14.4153 -27.4937
vt -0.28815 0.134578
v 174.697 13.7686 -26.153
vt -0.275224 0.121171
v 174.697 12.9695 -24.4963
vt -0.259251 0.104603
v 174.697 12.1196 -22.7342
vt -0.242263 0.086982
v 174.697 11.3205 -21.0775
vt -0.22629 0.0704144
v 174.697 10.6738 -19.7368
vt -0.213364 0.0570072
v 174.697 10.2812 -18.9228
vt -0.205517 0.0488674
v 174.697 10.1914 -18.7412
vt -0.203721 0.0470515
v 174.697 10.1312 -18.6681
vt -0.202519 0.0463196
v 174.698 10.0535 -18.6111
vt -0.200965 0.0457495
v 174.698 9.96116 -18.5708
vt -0.199119 0.0453467
v 174.698 9.85726 -18.5478
vt -0.197042 0.0451167
v 174.698 9.74475 -18.5426
vt -0.194793 0.0450649
v 174.698 9.62664 -18.5558
vt -0.192432 0.0451969
v 174.698 9.5059 -18.588
vt -0.190019 0.0455182
v 174.698 9.40474 -18.6299
vt -0.187996 0.0459379
v 174.697 9.25431 -18.7024
vt -0.184989 0.0466622
v 174.697 8.93502 -18.8561
vt -0.178607 0.0481997
v 174.697 8.50509 -19.0632
vt -0.170012 0.0502699
v 174.697 8.02276 -19.2954
vt -0.16037 0.0525925
v 174.697 7.54625 -19.5249
vt -0.150844 0.054887
v 174.697 7.13379 -19.7235
vt -0.142599 0.0568731
v 174.697 6.84361 -19.8633
vt -0.136798 0.0582704
v 174.697 6.73395 -19.9161
vt -0.134606 0.0587984
v 174.698 3.85266 -14.0364
vt -0.0770146 -5.63993e-17
f 3497/2590/2010 3501/2591/2010 3502/2592/2010 3503/2593/2010 3504/2594/2010 3505/2595/2010 3506/2596/2010 3507/2597/2010 3508/2598/2010 3509/2599/2010 3510/2600/2010 3511/2601/2010 3512/2602/2010 3513/2603/2010 3514/2604/2010 3515/2605/2010 3516/2606/2010 3517/2607/2010 3518/2608/2010 3519/2609/2010 3520/2610/2010 3521/2611/2010 3522/2612/2010 3523/2613/2010 3524/2614/2010 3525/2615/2010 3526/2616/2010 3527/2617/2010 3528/2618/2010 3529/2619/2010 3530/2620/2010 3531/2621/2010 3532/2622/2010 3533/2623/2010 3534/2624/2010 3535/2625/2010 3536/2626/2010 3537/2627/2010 3538/2628/2010 3539/2629/2010 3540/2630/2010 3541/2631/2010 3542/2632/2010 3543/2633/2010 3544/2634/2010 3545/2635/2010 3546/2636/2010 3547/2637/2010 3548/2638/2010 3549/2639/2010 3550/2640/2010 3551/2641/2010 3552/2642/2010 3553/2643/2010 3554/2644/2010 3555/2645/2010 3556/2646/2010 3557/2647/2010 3558/2648/2010 3559/2649/2010 3560/2650/2010 3561/2651/2010 3562/2652/2010 3563/2653/2010 3564/2654/2010 3565/2655/2010 3566/2656/2010 3567/2657/2010 3568/2658/2010 3569/2659/2010 3570/2660/2010 3571/2661/2010 3572/2662/2010 3573/2663/2010 3574/2664/2010 3575/2665/2010 3576/2666/2010 3577/2667/2010 3578/2668/2010 3579/2669/2010 3580/2670/2010 3581/2671/2010 3582/2672/2010 3583/2673/2010 3584/2674/2010 3585/2675/2010 3586/2676/2010 3587/2677/2010 3588/2678/2010 3589/2679/2010 3498/2587/2010 

vt -0.0577286 -1.80478e-15
vn -4.71629e-05 4.71629e-05 -1
vt -7.25491e-21 -1.80478e-15
vt -7.25491e-21 0.03
v 171.695 2.8904 -67.5949
vt -0.0577286 0.03
f 3501/2680/2011 3497/2681/2011 3500/2682/2011 3590/2683/2011 

vt 0.0577286 0.535586
vn -1 -5.55112e-16 4.71629e-05
vt 3.60842e-28 0.535586
vt 3.60842e-28 -2.77323e-23
v 171.698 3.85266 -14.0363
vt 0.0770146 -5.63994e-17
v 171.697 6.73395 -19.916
vt 0.134606 0.0587984
v 171.697 6.84361 -19.8631
vt 0.136798 0.0582704
v 171.697 7.13379 -19.7234
vt 0.142599 0.0568731
v 171.697 7.54625 -19.5248
vt 0.150844 0.054887
v 171.697 8.02276 -19.2953
vt 0.16037 0.0525925
v 171.697 8.50509 -19.063
vt 0.170012 0.0502699
v 171.697 8.93502 -18.856
vt 0.178607 0.0481997
v 171.697 9.25431 -18.7022
vt 0.184989 0.0466622
v 171.698 9.40474 -18.6298
vt 0.187996 0.0459379
v 171.698 9.5059 -18.5878
vt 0.190019 0.0455182
v 171.698 9.62664 -18.5557
vt 0.192432 0.0451969
v 171.698 9.74475 -18.5425
vt 0.194793 0.0450649
v 171.698 9.85726 -18.5476
vt 0.197042 0.0451167
v 171.698 9.96116 -18.5706
vt 0.199119 0.0453467
v 171.698 10.0535 -18.6109
vt 0.200965 0.0457495
v 171.697 10.1312 -18.6679
vt 0.202519 0.0463196
v 171.697 10.1914 -18.7411
vt 0.203721 0.0470515
v 171.697 10.2812 -18.9227
vt 0.205517 0.0488674
v 171.697 10.6738 -19.7367
vt 0.213364 0.0570072
v 171.697 11.3205 -21.0773
vt 0.22629 0.0704144
v 171.697 12.1196 -22.7341
vt 0.242263 0.086982
v 171.697 12.9695 -24.4961
vt 0.259251 0.104603
v 171.697 13.7686 -26.1529
vt 0.275224 0.121171
v 171.697 14.4153 -27.4935
vt 0.28815 0.134578
v 171.697 14.8079 -28.3075
vt 0.295997 0.142718
v 171.697 14.8923 -28.4856
vt 0.297683 0.144499
v 171.697 14.9156 -28.5686
vt 0.298149 0.145328
v 171.697 14.9257 -28.6606
vt 0.29835 0.146249
v 171.697 14.9224 -28.76
vt 0.298286 0.147242
v 171.697 14.9059 -28.8648
vt 0.297956 0.148291
v 171.697 14.8761 -28.9734
vt 0.297359 0.149377
v 171.697 14.8329 -29.0838
vt 0.296496 0.150481
v 171.697 14.7764 -29.1944
vt 0.295365 0.151586
v 171.697 14.7166 -29.2841
vt 0.294171 0.152484
v 171.697 14.5622 -29.363
vt 0.291084 0.153272
v 171.697 14.2344 -29.5303
vt 0.284531 0.154945
v 171.697 13.793 -29.7556
vt 0.275708 0.157198
v 171.697 13.2978 -30.0084
vt 0.265809 0.159725
v 171.697 12.8086 -30.2581
vt 0.256029 0.162222
v 171.697 12.3852 -30.4742
vt 0.247564 0.164384
v 171.697 12.0873 -30.6263
vt 0.241609 0.165904
v 171.697 11.9747 -30.6838
vt 0.239358 0.166479
v 171.697 15.1734 -36.9519
vt 0.303295 0.229162
v 171.697 11.5526 -37.0075
vt 0.230916 0.229716
v 171.696 11.5517 -56.3791
vt 0.230878 0.423432
v 171.695 11.5522 -67.5945
vt 0.230878 0.535586
v 171.695 8.92515 -67.5946
vt 0.178363 0.535586
v 171.695 8.92515 -67.689
vt 0.178363 0.53653
v 171.695 8.92517 -67.9387
vt 0.178363 0.539027
v 171.695 8.92518 -68.2937
vt 0.178363 0.542577
v 171.695 8.9252 -68.7039
vt 0.178363 0.546678
v 171.695 8.92522 -69.119
vt 0.178363 0.55083
v 171.695 8.92524 -69.489
vt 0.178363 0.55453
v 171.695 8.92525 -69.7638
vt 0.178363 0.557278
v 171.695 8.92526 -69.8933
vt 0.178363 0.558573
v 171.695 8.91834 -69.9853
vt 0.178225 0.559493
v 171.695 8.89134 -70.0889
vt 0.177685 0.560529
v 171.695 8.84588 -70.1837
vt 0.176776 0.561477
v 171.695 8.78403 -70.2674
vt 0.17554 0.562314
v 171.695 8.70788 -70.3381
vt 0.174017 0.563021
v 171.695 8.61949 -70.3937
vt 0.17225 0.563576
v 171.695 8.52094 -70.432
vt 0.17028 0.56396
v 171.695 8.4143 -70.451
vt 0.168149 0.56415
v 171.695 8.29588 -70.4528
vt 0.165781 0.564168
v 171.695 7.88881 -70.4528
vt 0.157644 0.564168
v 171.695 7.21833 -70.4529
vt 0.144241 0.564168
v 171.695 6.3898 -70.4529
vt 0.127679 0.564168
v 171.695 5.50858 -70.4529
vt 0.110063 0.564168
v 171.695 4.68005 -70.453
vt 0.093501 0.564168
v 171.695 4.00957 -70.453
vt 0.0800981 0.564168
v 171.695 3.6025 -70.453
vt 0.0719608 0.564168
v 171.695 3.47747 -70.451
vt 0.0694615 0.564148
v 171.695 3.35498 -70.4292
vt 0.0670129 0.563929
v 171.695 3.24178 -70.3851
vt 0.06475 0.563488
v 171.695 3.14025 -70.3213
vt 0.0627204 0.56285
v 171.695 3.05276 -70.2401
vt 0.0609718 0.562039
v 171.695 2.98172 -70.144
vt 0.0595516 0.561077
v 171.695 2.92949 -70.0351
vt 0.0585077 0.559988
v 171.695 2.89846 -69.9161
vt 0.0578876 0.558798
v 171.695 2.8905 -69.8112
vt 0.0577286 0.557749
v 171.695 2.8905 -69.6863
vt 0.0577286 0.5565
v 171.695 2.89048 -69.4214
vt 0.0577286 0.553851
v 171.695 2.89047 -69.0646
vt 0.0577286 0.550283
v 171.695 2.89045 -68.6644
vt 0.0577286 0.546281
v 171.695 2.89043 -68.2689
vt 0.0577286 0.542326
v 171.695 2.89041 -67.9267
vt 0.0577286 0.538904
v 171.695 2.8904 -67.6859
vt 0.0577286 0.536496
f 3590/2684/2012 3500/2685/2012 3499/2686/2012 3591/2687/2012 3592/2688/2012 3593/2689/2012 3594/2690/2012 3595/2691/2012 3596/2692/2012 3597/2693/2012 3598/2694/2012 3599/2695/2012 3600/2696/2012 3601/2697/2012 3602/2698/2012 3603/2699/2012 3604/2700/2012 3605/2701/2012 3606/2702/2012 3607/2703/2012 3608/2704/2012 3609/2705/2012 3610/2706/2012 3611/2707/2012 3612/2708/2012 3613/2709/2012 3614/2710/2012 3615/2711/2012 3616/2712/2012 3617/2713/2012 3618/2714/2012 3619/2715/2012 3620/2716/2012 3621/2717/2012 3622/2718/2012 3623/2719/2012 3624/2720/2012 3625/2721/2012 3626/2722/2012 3627/2723/2012 3628/2724/2012 3629/2725/2012 3630/2726/2012 3631/2727/2012 3632/2728/2012 3633/2729/2012 3634/2730/2012 3635/2731/2012 3636/2732/2012 3637/2733/2012 3638/2734/2012 3639/2735/2012 3640/2736/2012 3641/2737/2012 3642/2738/2012 3643/2739/2012 3644/2740/2012 3645/2741/2012 3646/2742/2012 3647/2743/2012 3648/2744/2012 3649/2745/2012 3650/2746/2012 3651/2747/2012 3652/2748/2012 3653/2749/2012 3654/2750/2012 3655/2751/2012 3656/2752/2012 3657/2753/2012 3658/2754/2012 3659/2755/2012 3660/2756/2012 3661/2757/2012 3662/2758/2012 3663/2759/2012 3664/2760/2012 3665/2761/2012 3666/2762/2012 3667/2763/2012 3668/2764/2012 3669/2765/2012 3670/2766/2012 3671/2767/2012 3672/2768/2012 3673/2769/2012 3674/2770/2012 3675/2771/2012 3676/2772/2012 3677/2773/2012 3678/2774/2012 

vn 4.71629e-05 -4.71629e-05 1
vt 0.0770146 -3.30042e-37
vt 0.0770146 0.03
f 3498/2587/2013 3589/2775/2013 3591/2776/2013 3499/2588/2013 

vt 0.0338866 -6.71238e-23
vn 2.07537e-05 0.897976 0.440044
vt 0.164776 -6.71238e-23
vt 0.164776 0.03
vt 0.0338866 0.03
f 3589/2777/2014 3588/2778/2014 3592/2779/2014 3591/2780/2014 

vt 0.070286 -2.03342e-22
vn 4.24923e-05 -0.433882 0.90097
vt 0.0727192 -2.03342e-22
vt 0.0727192 0.03
vt 0.070286 0.03
f 3588/2781/2015 3587/2782/2015 3593/2783/2015 3592/2784/2015 

vt 0.0791574 -2.03342e-22
vt 0.0791574 0.03
f 3587/2782/2015 3586/2785/2015 3594/2786/2015 3593/2783/2015 

vt 0.0883087 -2.03342e-22
vt 0.0883087 0.03
f 3586/2785/2015 3585/2787/2015 3595/2788/2015 3594/2786/2015 

vt 0.0883087 -7.60284e-22
vt 0.0988812 -7.60284e-22
vt 0.0988812 0.03
f 3585/2789/2015 3584/2790/2015 3596/2791/2015 3595/2788/2015 

vt 0.0988812 -2.03342e-22
vt 0.109583 -1.80478e-15
vt 0.109583 0.03
f 3584/2792/2015 3583/2793/2015 3597/2794/2015 3596/2791/2015 

vt 0.119122 -7.60284e-22
vt 0.119122 0.03
f 3583/2793/2015 3582/2795/2015 3598/2796/2015 3597/2794/2015 

vt 0.119122 -2.03342e-22
vt 0.126206 -1.80478e-15
vt 0.126206 0.03
f 3582/2797/2015 3581/2798/2015 3599/2799/2015 3598/2796/2015 

vt 0.129543 -1.80478e-15
vn 4.30442e-05 -0.408693 0.912672
vt 0.129543 0.03
f 3581/2798/2015 3580/2800/2016 3600/2801/2016 3599/2799/2015 

vt 0.138466 -1.80478e-15
vt 0.140655 -1.80478e-15
vn 4.46684e-05 -0.320912 0.947109
vt 0.140655 0.03
vt 0.138466 0.03
f 3580/2802/2016 3579/2803/2017 3601/2804/2017 3600/2805/2016 

vt 0.160228 -1.80478e-15
vt 0.162725 -5.6112e-23
vn 4.63516e-05 -0.184682 0.982798
vt 0.162725 0.03
vt 0.160228 0.03
f 3579/2806/2017 3578/2807/2018 3602/2808/2018 3601/2809/2017 

vt 0.181205 -1.28536e-22
vt 0.183581 -1.80478e-15
vn 4.71376e-05 -0.0327091 0.999465
vt 0.183581 0.03
vt 0.181205 0.03
f 3578/2810/2018 3577/2811/2019 3603/2812/2019 3602/2813/2018 

vt 0.198728 -1.80478e-15
vt 0.200979 -1.80478e-15
vn 4.67533e-05 0.131502 0.991316
vt 0.200979 0.03
vt 0.198728 0.03
f 3577/2814/2019 3576/2815/2020 3604/2816/2020 3603/2817/2019 

vt 0.211879 -1.80478e-15
vt 0.214007 -1.80478e-15
vn 4.48478e-05 0.309459 0.950913
vt 0.214007 0.03
vt 0.211879 0.03
f 3576/2818/2020 3575/2819/2021 3605/2820/2021 3604/2821/2020 

vt 0.218755 -1.80478e-15
vt 0.220768 -1.80478e-15
vn 4.08802e-05 0.498678 0.866787
vt 0.220768 0.03
vt 0.218755 0.03
f 3575/2822/2021 3574/2823/2022 3606/2824/2022 3605/2825/2021 

vt 0.216139 -1.80478e-15
vt 0.218067 1.16813e-22
vn 3.42598e-05 0.687257 0.726415
vt 0.218067 0.03
vt 0.216139 0.03
f 3574/2826/2022 3573/2827/2023 3607/2828/2023 3606/2829/2022 

vt 0.200135 -7.25764e-23
vt 0.202029 -1.80478e-15
vn 2.5599e-05 0.839876 0.542778
vt 0.202029 0.03
vt 0.200135 0.03
f 3573/2830/2023 3572/2831/2024 3608/2832/2024 3607/2833/2023 

vt 0.174624 -1.80478e-15
vt 0.178674 -1.80478e-15
vn 2.07006e-05 0.898528 0.438916
vt 0.178674 0.03
vt 0.174624 0.03
f 3572/2834/2024 3571/2835/2025 3609/2836/2025 3608/2837/2024 

vt 0.177265 -1.80478e-15
vt 0.19533 -1.80478e-15
vn 2.04898e-05 0.900697 0.434447
vt 0.19533 0.03
vt 0.177265 0.03
f 3571/2838/2025 3570/2839/2026 3610/2840/2026 3609/2841/2025 

vt 0.225085 -1.81866e-22
vt 0.225085 0.03
f 3570/2839/2026 3569/2842/2026 3611/2843/2026 3610/2840/2026 

vt 0.225085 5.99593e-23
vt 0.261854 5.99593e-23
vt 0.261854 0.03
f 3569/2844/2026 3568/2845/2026 3612/2846/2026 3611/2843/2026 

vt 0.261854 -1.81866e-22
vt 0.300961 -1.81866e-22
vt 0.300961 0.03
f 3568/2847/2026 3567/2848/2026 3613/2849/2026 3612/2846/2026 

vt 0.300961 5.99593e-23
vt 0.337731 5.99593e-23
vt 0.337731 0.03
f 3567/2850/2026 3566/2851/2026 3614/2852/2026 3613/2849/2026 

vt 0.337731 5.99592e-23
vt 0.367486 5.99592e-23
vt 0.367486 0.03
f 3566/2853/2026 3565/2854/2026 3615/2855/2026 3614/2852/2026 

vt 0.367486 5.99593e-23
vt 0.385551 5.99593e-23
vn 2.03386e-05 0.902236 0.431243
vt 0.385551 0.03
f 3565/2856/2026 3564/2857/2027 3616/2858/2027 3615/2855/2026 

vt 0.384527 1.3043e-22
vt 0.388467 1.3043e-22
vn 1.65299e-05 0.936568 0.350486
vt 0.388467 0.03
vt 0.384527 0.03
f 3564/2859/2027 3563/2860/2028 3617/2861/2028 3616/2862/2027 

vt 0.358589 2.30415e-22
vt 0.360311 2.30415e-22
vn 8.97005e-06 0.981747 0.190193
vt 0.360311 0.03
vt 0.358589 0.03
f 3563/2863/2028 3562/2864/2029 3618/2865/2029 3617/2866/2028 

vt 0.32117 1.31685e-22
vt 0.323021 1.31685e-22
vn 1.8054e-06 0.999267 0.03828
vt 0.323021 0.03
vt 0.32117 0.03
f 3562/2867/2029 3561/2868/2030 3619/2869/2030 3618/2870/2029 

vt 0.282557 2.78509e-23
vt 0.284545 2.78509e-23
vn -4.43567e-06 0.995567 -0.0940501
vt 0.284545 0.03
vt 0.282557 0.03
f 3561/2871/2030 3560/2872/2031 3620/2873/2031 3619/2874/2030 

vt 0.244368 1.5601e-22
vt 0.24649 -1.80478e-15
vn -9.92951e-06 0.977586 -0.210537
vt 0.24649 0.03
vt 0.244368 0.03
f 3560/2875/2031 3559/2876/2032 3621/2877/2032 3620/2878/2031 

vt 0.206882 -1.80478e-15
vt 0.209133 5.64938e-23
vn -1.48541e-05 0.949107 -0.314954
vt 0.209133 0.03
vt 0.206882 0.03
f 3559/2879/2032 3558/2880/2033 3622/2881/2033 3621/2882/2032 

vt 0.169818 3.91897e-22
vt 0.172189 -1.80478e-15
vn -1.93521e-05 0.911939 -0.410326
vt 0.172189 0.03
vt 0.169818 0.03
f 3558/2883/2033 3557/2884/2034 3623/2885/2034 3622/2886/2033 

vt 0.132714 -1.80478e-15
vt 0.135196 -1.80478e-15
vn -2.38454e-05 0.86277 -0.505597
vt 0.135196 0.03
vt 0.132714 0.03
f 3557/2887/2034 3556/2888/2035 3624/2889/2035 3623/2890/2034 

vt 0.0886031 -1.80478e-15
vt 0.090758 8.53128e-22
vn -2.61297e-05 0.832496 -0.55403
vt 0.090758 0.03
vt 0.0886031 0.03
f 3556/2891/2035 3555/2892/2036 3625/2893/2036 3624/2894/2035 

vt -0.123447 -6.70915e-22
vn -4.20067e-05 0.454645 -0.890673
vt -0.119981 -1.80478e-15
vt -0.119981 0.03
vt -0.123447 0.03
f 3555/2895/2037 3554/2896/2037 3626/2897/2037 3625/2898/2037 

vt -0.112624 -1.80478e-15
vt -0.112624 0.03
f 3554/2896/2037 3553/2899/2037 3627/2900/2037 3626/2897/2037 

vt -0.102717 -1.80478e-15
vt -0.102717 0.03
f 3553/2899/2037 3552/2901/2037 3628/2902/2037 3627/2900/2037 

vt -0.0916035 -1.80478e-15
vt -0.0916035 0.03
f 3552/2901/2037 3551/2903/2037 3629/2904/2037 3628/2902/2037 

vt -0.0806237 7.02739e-22
vt -0.0806237 0.03
f 3551/2903/2037 3550/2905/2037 3630/2906/2037 3629/2904/2037 

vt -0.0711198 7.02739e-22
vt -0.0711198 0.03
f 3550/2905/2037 3549/2907/2037 3631/2908/2037 3630/2906/2037 

vt -0.0711198 -6.70915e-22
vt -0.0644336 -1.80478e-15
vt -0.0644336 0.03
f 3549/2909/2037 3548/2910/2037 3632/2911/2037 3631/2908/2037 

vt -0.0619067 -1.80478e-15
vt -0.0619067 0.03
f 3548/2910/2037 3547/2912/2037 3633/2913/2037 3632/2911/2037 

vt 0.405222 -1.80478e-15
vn 2.14379e-05 0.890721 0.45455
vt 0.545895 8.09579e-23
vt 0.545895 0.03
vt 0.405222 0.03
f 3547/2914/2038 3546/2915/2038 3634/2916/2038 3633/2917/2038 

vt -0.296249 7.96988e-22
vn -4.71573e-05 0.0153504 -0.999882
vt -0.223861 -1.80478e-15
vt -0.223861 0.03
vt -0.296249 0.03
f 3546/2918/2039 3545/2919/2039 3635/2920/2039 3634/2921/2039 

vt 0.459181 -1.80478e-15
vn -2.31706e-09 1 -4.91289e-05
vt 0.846418 -1.80478e-15
vn -4.63616e-11 1 -9.82999e-07
vt 0.846418 0.03
vt 0.459181 0.03
f 3545/2922/2040 3544/2923/2041 3636/2924/2041 3635/2925/2040 

vt 0.84644 -1.80478e-15
vt 1.07064 -4.70735e-26
vn 2.22433e-09 1 4.71629e-05
vt 1.07064 0.03
vt 0.84644 0.03
f 3544/2926/2041 3543/2927/2042 3637/2928/2042 3636/2929/2041 

vt -0.230878 3.13417e-21
vt -0.178363 3.13417e-21
vt -0.178363 0.03
vt -0.230878 0.03
f 3543/2930/2011 3542/2931/2011 3638/2932/2011 3637/2933/2011 

vt 1.07064 -3.63662e-26
vt 1.07252 -3.63662e-26
vt 1.07252 0.03
f 3542/2934/2042 3541/2935/2042 3639/2936/2042 3638/2928/2042 

vt 1.07752 -1.80478e-15
vt 1.07752 0.03
f 3541/2935/2042 3540/2937/2042 3640/2938/2042 3639/2936/2042 

vt 1.08461 -3.63662e-26
vt 1.08461 0.03
f 3540/2937/2042 3539/2939/2042 3641/2940/2042 3640/2938/2042 

vt 1.09281 -1.80478e-15
vt 1.09281 0.03
f 3539/2939/2042 3538/2941/2042 3642/2942/2042 3641/2940/2042 

vt 1.10111 -3.63662e-26
vt 1.10111 0.03
f 3538/2941/2042 3537/2943/2042 3643/2944/2042 3642/2942/2042 

vt 1.10851 -3.63662e-26
vt 1.10851 0.03
f 3537/2943/2042 3536/2945/2042 3644/2946/2042 3643/2944/2042 

vt 1.114 -3.63662e-26
vt 1.114 0.03
f 3536/2945/2042 3535/2947/2042 3645/2948/2042 3644/2946/2042 

vt 1.11659 -3.63662e-26
vn -1.76893e-06 0.999296 -0.0375068
vt 1.11659 0.03
f 3535/2947/2042 3534/2949/2043 3646/2950/2043 3645/2948/2042 

vt 1.10005 -2.02089e-23
vt 1.10189 -2.02089e-23
vn -7.74494e-06 0.986424 -0.164217
vt 1.10189 0.03
vt 1.10005 0.03
f 3534/2951/2043 3533/2952/2044 3647/2953/2044 3646/2954/2043 

vt 1.03735 1.16361e-22
vt 1.03949 -1.80478e-15
vn -1.62219e-05 0.938986 -0.343955
vt 1.03949 0.03
vt 1.03735 0.03
f 3533/2955/2044 3532/2956/2045 3648/2957/2045 3647/2958/2044 

vt 0.933312 -1.80478e-15
vt 0.935412 -1.80478e-15
vn -2.43181e-05 0.856817 -0.515621
vt 0.935412 0.03
vt 0.933312 0.03
f 3532/2959/2045 3531/2960/2046 3649/2961/2046 3648/2962/2045 

vt 0.797849 -1.80478e-15
vt 0.79993 7.76219e-22
vn -3.14283e-05 0.745614 -0.666378
vt 0.79993 0.03
vt 0.797849 0.03
f 3531/2963/2046 3530/2964/2047 3650/2965/2047 3649/2966/2046 

vt 0.636006 -1.17149e-21
vt 0.638083 -1.80478e-15
vn -3.74131e-05 0.608864 -0.793275
vt 0.638083 0.03
vt 0.636006 0.03
f 3530/2967/2047 3529/2968/2048 3651/2969/2048 3650/2970/2047 

vt 0.451478 -1.80478e-15
vt 0.453565 -1.93536e-21
vn -4.21333e-05 0.449345 -0.893358
vt 0.453565 0.03
vt 0.451478 0.03
f 3529/2971/2048 3528/2972/2049 3652/2973/2049 3651/2974/2048 

vt 0.247844 -2.8638e-22
vt 0.249958 -2.8638e-22
vn -4.5405e-05 0.27047 -0.962728
vt 0.249958 0.03
vt 0.247844 0.03
f 3528/2975/2049 3527/2976/2050 3653/2977/2050 3652/2978/2049 

vt 0.0305725 -3.1585e-21
vt 0.032738 -1.80478e-15
vn -4.69465e-05 0.0956664 -0.995413
vt 0.032738 0.03
vt 0.0305725 0.03
f 3527/2979/2050 3526/2980/2051 3654/2981/2051 3653/2982/2050 

vt -0.151437 -1.80478e-15
vt -0.14907 1.72881e-21
vn -4.71615e-05 0.00744841 -0.999972
vt -0.14907 0.03
vt -0.151437 0.03
f 3526/2983/2051 3525/2984/2052 3655/2985/2052 3654/2986/2051 

vt -0.165781 3.30143e-21
vt -0.157644 3.30143e-21
vt -0.157644 0.03
vt -0.165781 0.03
f 3525/2987/2052 3524/2988/2011 3656/2989/2011 3655/2990/2052 

vt -0.144241 -1.80478e-15
vt -0.144241 0.03
f 3524/2988/2011 3523/2991/2011 3657/2992/2011 3656/2989/2011 

vt -0.127679 3.30143e-21
vt -0.127679 0.03
f 3523/2991/2011 3522/2993/2011 3658/2994/2011 3657/2992/2011 

vt -0.110063 -1.80478e-15
vt -0.110063 0.03
f 3522/2993/2011 3521/2995/2011 3659/2996/2011 3658/2994/2011 

vt -0.093501 3.30143e-21
vt -0.093501 0.03
f 3521/2995/2011 3520/2997/2011 3660/2998/2011 3659/2996/2011 

vt -0.0800981 -1.80478e-15
vt -0.0800981 0.03
f 3520/2997/2011 3519/2999/2011 3661/3000/2011 3660/2998/2011 

vt -0.0719608 -1.80478e-15
vn -4.71613e-05 -0.00800483 -0.999968
vt -0.0719608 0.03
f 3519/2999/2011 3518/3001/2053 3662/3002/2053 3661/3000/2011 

vt -0.0901125 -1.80477e-15
vt -0.0876129 -1.80477e-15
vn -4.6944e-05 -0.0962202 -0.99536
vt -0.0876129 0.03
vt -0.0901125 0.03
f 3518/3003/2053 3517/3004/2054 3663/3005/2054 3662/3006/2053 

vt -0.266646 -1.80478e-15
vt -0.264159 -2.14257e-21
vn -4.54062e-05 -0.27038 -0.962754
vt -0.264159 0.03
vt -0.266646 0.03
f 3517/3007/2054 3516/3008/2055 3664/3009/2055 3663/3010/2054 

vt -0.47109 9.65657e-22
vt -0.468662 -1.80478e-15
vn -4.21353e-05 -0.449261 -0.893401
vt -0.468662 0.03
vt -0.47109 0.03
f 3516/3011/2055 3515/3012/2056 3665/3013/2056 3664/3014/2055 

vt -0.654142 -1.80478e-15
vt -0.651744 -1.80478e-15
vn -3.74158e-05 -0.608789 -0.793332
vt -0.651744 0.03
vt -0.654142 0.03
f 3515/3015/2056 3514/3016/2057 3666/3017/2057 3665/3018/2056 

vt -0.81137 -1.80478e-15
vt -0.808985 7.96946e-23
vn -3.14316e-05 -0.745552 -0.666448
vt -0.808985 0.03
vt -0.81137 0.03
f 3514/3019/2057 3513/3020/2058 3667/3021/2058 3666/3022/2057 

vt -0.939991 -1.45182e-21
vt -0.937601 -1.80478e-15
vn -2.4322e-05 -0.856768 -0.515701
vt -0.937601 0.03
vt -0.939991 0.03
f 3513/3023/2058 3512/3024/2059 3668/3025/2059 3667/3026/2058 

vt -1.03694 -1.80478e-15
vt -1.03453 1.23641e-21
vn -1.62261e-05 -0.938954 -0.344043
vt -1.03453 0.03
vt -1.03694 0.03
f 3512/3027/2059 3511/3028/2060 3669/3029/2060 3668/3030/2059 

vt -1.098 -2.8848e-22
vt -1.09554 1.80478e-15
vn -7.76171e-06 -0.986365 -0.164572
vt -1.09554 0.03
vt -1.098 0.03
f 3511/3031/2060 3510/3032/2061 3670/3033/2061 3669/3034/2060 

vt -1.11822 1.80478e-15
vt -1.11611 6.81405e-24
vn -1.78591e-06 -0.999283 -0.0378669
vt -1.11611 0.03
vt -1.11822 0.03
f 3510/3035/2061 3509/3036/2062 3671/3037/2062 3670/3038/2061 

vt -1.11494 -1.17702e-26
vt -1.11244 -1.17702e-26
vt -1.11244 0.03
vt -1.11494 0.03
f 3509/3039/2062 3508/3040/2009 3672/3041/2009 3671/3042/2062 

vt -1.10715 -1.17702e-26
vt -1.10715 0.03
f 3508/3040/2009 3507/3043/2009 3673/3044/2009 3672/3041/2009 

vt -1.10002 -1.17702e-26
vt -1.10002 0.03
f 3507/3043/2009 3506/3045/2009 3674/3046/2009 3673/3044/2009 

vt -1.09202 -1.17702e-26
vt -1.09202 0.03
f 3506/3045/2009 3505/3047/2009 3675/3048/2009 3674/3046/2009 

vt -1.09202 1.73764e-28
vt -1.08411 1.73764e-28
vt -1.08411 0.03
f 3505/3049/2009 3504/3050/2009 3676/3051/2009 3675/3048/2009 

vt -1.08411 -1.17702e-26
vt -1.07727 -1.80478e-15
vt -1.07727 0.03
f 3504/3052/2009 3503/3053/2009 3677/3054/2009 3676/3051/2009 

vt -1.07246 -1.17702e-26
vt -1.07246 0.03
f 3503/3053/2009 3502/3055/2009 3678/3056/2009 3677/3054/2009 

f 3502/3055/2009 3501/2586/2009 3590/2589/2009 3678/3056/2009 

g Mesh6 ___37_2 Model

v 324.483 0.00252598 -67.5952
v 324.485 2.24532e-09 -14.0366
v 321.485 2.24532e-09 -14.0364
v 321.483 0.00252598 -67.595
f 3679/2586/2009 3680/2587/2009 3681/2588/2009 3682/2589/2009 

v 324.483 2.8904 -67.595
v 324.483 2.8904 -67.686
v 324.483 2.89041 -67.9268
v 324.483 2.89043 -68.2691
v 324.483 2.89045 -68.6645
v 324.483 2.89047 -69.0648
v 324.483 2.89048 -69.4215
v 324.483 2.8905 -69.6865
v 324.483 2.8905 -69.8113
v 324.483 2.89846 -69.9162
v 324.483 2.92949 -70.0353
v 324.483 2.98172 -70.1441
v 324.483 3.05276 -70.2403
v 324.483 3.14025 -70.3215
v 324.483 3.24178 -70.3853
v 324.483 3.35498 -70.4293
v 324.483 3.47747 -70.4512
v 324.483 3.6025 -70.4532
v 324.483 4.00957 -70.4532
v 324.483 4.68005 -70.4531
v 324.483 5.50858 -70.4531
v 324.483 6.3898 -70.453
v 324.483 7.21833 -70.453
v 324.483 7.88881 -70.453
v 324.483 8.29588 -70.4529
v 324.483 8.4143 -70.4512
v 324.483 8.52094 -70.4321
v 324.483 8.61949 -70.3938
v 324.483 8.70788 -70.3383
v 324.483 8.78403 -70.2676
v 324.483 8.84588 -70.1838
v 324.483 8.89134 -70.0891
v 324.483 8.91834 -69.9854
v 324.483 8.92526 -69.8934
v 324.483 8.92525 -69.764
v 324.483 8.92524 -69.4892
v 324.483 8.92522 -69.1191
v 324.483 8.9252 -68.704
v 324.483 8.92518 -68.2939
v 324.483 8.92517 -67.9389
v 324.483 8.92515 -67.6891
v 324.483 8.92515 -67.5947
v 324.483 11.5522 -67.5946
v 324.483 11.5517 -56.3792
v 324.484 11.5526 -37.0077
v 324.484 15.1734 -36.9521
v 324.485 11.9747 -30.6839
v 324.485 12.0873 -30.6264
v 324.485 12.3852 -30.4744
v 324.485 12.8086 -30.2582
v 324.485 13.2978 -30.0085
v 324.485 13.793 -29.7557
v 324.485 14.2344 -29.5304
v 324.485 14.5622 -29.3631
v 324.485 14.7166 -29.2843
v 324.485 14.7764 -29.1945
v 324.485 14.8329 -29.084
v 324.485 14.8761 -28.9735
v 324.485 14.9059 -28.865
v 324.485 14.9224 -28.7601
v 324.485 14.9257 -28.6608
v 324.485 14.9156 -28.5687
v 324.485 14.8923 -28.4858
v 324.485 14.8079 -28.3077
v 324.485 14.4153 -27.4937
v 324.485 13.7686 -26.153
v 324.485 12.9695 -24.4963
v 324.485 12.1196 -22.7342
v 324.485 11.3205 -21.0775
v 324.485 10.6738 -19.7368
v 324.485 10.2812 -18.9228
v 324.485 10.1914 -18.7412
v 324.485 10.1312 -18.6681
v 324.485 10.0535 -18.6111
v 324.485 9.96116 -18.5708
v 324.485 9.85726 -18.5478
v 324.485 9.74475 -18.5426
v 324.485 9.62664 -18.5558
v 324.485 9.5059 -18.588
v 324.485 9.40474 -18.6299
v 324.485 9.25431 -18.7024
v 324.485 8.93502 -18.8561
v 324.485 8.50509 -19.0632
v 324.485 8.02276 -19.2954
v 324.485 7.54625 -19.5249
v 324.485 7.13379 -19.7235
v 324.485 6.84361 -19.8633
v 324.485 6.73395 -19.9161
v 324.485 3.85266 -14.0364
f 3679/2590/2010 3683/2591/2010 3684/2592/2010 3685/2593/2010 3686/2594/2010 3687/2595/2010 3688/2596/2010 3689/2597/2010 3690/2598/2010 3691/2599/2010 3692/2600/2010 3693/2601/2010 3694/2602/2010 3695/2603/2010 3696/2604/2010 3697/2605/2010 3698/2606/2010 3699/2607/2010 3700/2608/2010 3701/2609/2010 3702/2610/2010 3703/2611/2010 3704/2612/2010 3705/2613/2010 3706/2614/2010 3707/2615/2010 3708/2616/2010 3709/2617/2010 3710/2618/2010 3711/2619/2010 3712/2620/2010 3713/2621/2010 3714/2622/2010 3715/2623/2010 3716/2624/2010 3717/2625/2010 3718/2626/2010 3719/2627/2010 3720/2628/2010 3721/2629/2010 3722/2630/2010 3723/2631/2010 3724/2632/2010 3725/2633/2010 3726/2634/2010 3727/2635/2010 3728/2636/2010 3729/2637/2010 3730/2638/2010 3731/2639/2010 3732/2640/2010 3733/2641/2010 3734/2642/2010 3735/2643/2010 3736/2644/2010 3737/2645/2010 3738/2646/2010 3739/2647/2010 3740/2648/2010 3741/2649/2010 3742/2650/2010 3743/2651/2010 3744/2652/2010 3745/2653/2010 3746/2654/2010 3747/2655/2010 3748/2656/2010 3749/2657/2010 3750/2658/2010 3751/2659/2010 3752/2660/2010 3753/2661/2010 3754/2662/2010 3755/2663/2010 3756/2664/2010 3757/2665/2010 3758/2666/2010 3759/2667/2010 3760/2668/2010 3761/2669/2010 3762/2670/2010 3763/2671/2010 3764/2672/2010 3765/2673/2010 3766/2674/2010 3767/2675/2010 3768/2676/2010 3769/2677/2010 3770/2678/2010 3771/2679/2010 3680/2587/2010 

v 321.483 2.8904 -67.5949
f 3683/2680/2011 3679/2681/2011 3682/2682/2011 3772/2683/2011 

v 321.485 3.85266 -14.0363
v 321.485 6.73395 -19.916
v 321.485 6.84361 -19.8631
v 321.485 7.13379 -19.7234
v 321.485 7.54625 -19.5248
v 321.485 8.02276 -19.2953
v 321.485 8.50509 -19.063
v 321.485 8.93502 -18.856
v 321.485 9.25431 -18.7022
v 321.485 9.40474 -18.6298
v 321.485 9.5059 -18.5878
v 321.485 9.62664 -18.5557
v 321.485 9.74475 -18.5425
v 321.485 9.85726 -18.5476
v 321.485 9.96116 -18.5706
v 321.485 10.0535 -18.6109
v 321.485 10.1312 -18.6679
v 321.485 10.1914 -18.7411
v 321.485 10.2812 -18.9227
v 321.485 10.6738 -19.7367
v 321.485 11.3205 -21.0773
v 321.485 12.1196 -22.7341
v 321.485 12.9695 -24.4961
v 321.485 13.7686 -26.1529
v 321.485 14.4153 -27.4935
v 321.485 14.8079 -28.3075
v 321.485 14.8923 -28.4856
v 321.485 14.9156 -28.5686
v 321.485 14.9257 -28.6606
v 321.485 14.9224 -28.76
v 321.485 14.9059 -28.8648
v 321.485 14.8761 -28.9734
v 321.485 14.8329 -29.0838
v 321.485 14.7764 -29.1944
v 321.485 14.7166 -29.2841
v 321.485 14.5622 -29.363
v 321.485 14.2344 -29.5303
v 321.485 13.793 -29.7556
v 321.485 13.2978 -30.0084
v 321.485 12.8086 -30.2581
v 321.485 12.3852 -30.4742
v 321.485 12.0873 -30.6263
v 321.485 11.9747 -30.6838
v 321.484 15.1734 -36.9519
v 321.484 11.5526 -37.0075
v 321.483 11.5517 -56.3791
v 321.483 11.5522 -67.5945
v 321.483 8.92515 -67.5946
v 321.483 8.92515 -67.689
v 321.483 8.92517 -67.9387
v 321.483 8.92518 -68.2937
v 321.483 8.9252 -68.7039
v 321.483 8.92522 -69.119
v 321.483 8.92524 -69.489
v 321.483 8.92525 -69.7638
v 321.483 8.92526 -69.8933
v 321.483 8.91834 -69.9853
v 321.483 8.89134 -70.0889
v 321.483 8.84588 -70.1837
v 321.483 8.78403 -70.2674
v 321.483 8.70788 -70.3381
v 321.483 8.61949 -70.3937
v 321.483 8.52094 -70.432
v 321.483 8.4143 -70.451
v 321.483 8.29588 -70.4528
v 321.483 7.88881 -70.4528
v 321.483 7.21833 -70.4529
v 321.483 6.3898 -70.4529
v 321.483 5.50858 -70.4529
v 321.483 4.68005 -70.453
v 321.483 4.00957 -70.453
v 321.483 3.6025 -70.453
v 321.483 3.47747 -70.451
v 321.483 3.35498 -70.4292
v 321.483 3.24178 -70.3851
v 321.483 3.14025 -70.3213
v 321.483 3.05276 -70.2401
v 321.483 2.98172 -70.144
v 321.483 2.92949 -70.0351
v 321.483 2.89846 -69.9161
v 321.483 2.8905 -69.8112
v 321.483 2.8905 -69.6863
v 321.483 2.89048 -69.4214
v 321.483 2.89047 -69.0646
v 321.483 2.89045 -68.6644
v 321.483 2.89043 -68.2689
v 321.483 2.89041 -67.9267
v 321.483 2.8904 -67.6859
f 3772/2684/2012 3682/2685/2012 3681/2686/2012 3773/2687/2012 3774/2688/2012 3775/2689/2012 3776/2690/2012 3777/2691/2012 3778/2692/2012 3779/2693/2012 3780/2694/2012 3781/2695/2012 3782/2696/2012 3783/2697/2012 3784/2698/2012 3785/2699/2012 3786/2700/2012 3787/2701/2012 3788/2702/2012 3789/2703/2012 3790/2704/2012 3791/2705/2012 3792/2706/2012 3793/2707/2012 3794/2708/2012 3795/2709/2012 3796/2710/2012 3797/2711/2012 3798/2712/2012 3799/2713/2012 3800/2714/2012 3801/2715/2012 3802/2716/2012 3803/2717/2012 3804/2718/2012 3805/2719/2012 3806/2720/2012 3807/2721/2012 3808/2722/2012 3809/2723/2012 3810/2724/2012 3811/2725/2012 3812/2726/2012 3813/2727/2012 3814/2728/2012 3815/2729/2012 3816/2730/2012 3817/2731/2012 3818/2732/2012 3819/2733/2012 3820/2734/2012 3821/2735/2012 3822/2736/2012 3823/2737/2012 3824/2738/2012 3825/2739/2012 3826/2740/2012 3827/2741/2012 3828/2742/2012 3829/2743/2012 3830/2744/2012 3831/2745/2012 3832/2746/2012 3833/2747/2012 3834/2748/2012 3835/2749/2012 3836/2750/2012 3837/2751/2012 3838/2752/2012 3839/2753/2012 3840/2754/2012 3841/2755/2012 3842/2756/2012 3843/2757/2012 3844/2758/2012 3845/2759/2012 3846/2760/2012 3847/2761/2012 3848/2762/2012 3849/2763/2012 3850/2764/2012 3851/2765/2012 3852/2766/2012 3853/2767/2012 3854/2768/2012 3855/2769/2012 3856/2770/2012 3857/2771/2012 3858/2772/2012 3859/2773/2012 3860/2774/2012 

f 3680/2587/2013 3771/2775/2013 3773/2776/2013 3681/2588/2013 

f 3771/2777/2014 3770/2778/2014 3774/2779/2014 3773/2780/2014 

f 3770/2781/2015 3769/2782/2015 3775/2783/2015 3774/2784/2015 

f 3769/2782/2015 3768/2785/2015 3776/2786/2015 3775/2783/2015 

f 3768/2785/2015 3767/2787/2015 3777/2788/2015 3776/2786/2015 

f 3767/2789/2015 3766/2790/2015 3778/2791/2015 3777/2788/2015 

f 3766/2792/2015 3765/2793/2015 3779/2794/2015 3778/2791/2015 

f 3765/2793/2015 3764/2795/2015 3780/2796/2015 3779/2794/2015 

f 3764/2797/2015 3763/2798/2015 3781/2799/2015 3780/2796/2015 

f 3763/2798/2015 3762/2800/2016 3782/2801/2016 3781/2799/2015 

f 3762/2802/2016 3761/2803/2017 3783/2804/2017 3782/2805/2016 

f 3761/2806/2017 3760/2807/2018 3784/2808/2018 3783/2809/2017 

f 3760/2810/2018 3759/2811/2019 3785/2812/2019 3784/2813/2018 

f 3759/2814/2019 3758/2815/2020 3786/2816/2020 3785/2817/2019 

f 3758/2818/2020 3757/2819/2021 3787/2820/2021 3786/2821/2020 

f 3757/2822/2021 3756/2823/2022 3788/2824/2022 3787/2825/2021 

f 3756/2826/2022 3755/2827/2023 3789/2828/2023 3788/2829/2022 

f 3755/2830/2023 3754/2831/2024 3790/2832/2024 3789/2833/2023 

f 3754/2834/2024 3753/2835/2025 3791/2836/2025 3790/2837/2024 

f 3753/2838/2025 3752/2839/2026 3792/2840/2026 3791/2841/2025 

f 3752/2839/2026 3751/2842/2026 3793/2843/2026 3792/2840/2026 

f 3751/2844/2026 3750/2845/2026 3794/2846/2026 3793/2843/2026 

f 3750/2847/2026 3749/2848/2026 3795/2849/2026 3794/2846/2026 

f 3749/2850/2026 3748/2851/2026 3796/2852/2026 3795/2849/2026 

f 3748/2853/2026 3747/2854/2026 3797/2855/2026 3796/2852/2026 

f 3747/2856/2026 3746/2857/2027 3798/2858/2027 3797/2855/2026 

f 3746/2859/2027 3745/2860/2028 3799/2861/2028 3798/2862/2027 

f 3745/2863/2028 3744/2864/2029 3800/2865/2029 3799/2866/2028 

f 3744/2867/2029 3743/2868/2030 3801/2869/2030 3800/2870/2029 

f 3743/2871/2030 3742/2872/2031 3802/2873/2031 3801/2874/2030 

f 3742/2875/2031 3741/2876/2032 3803/2877/2032 3802/2878/2031 

f 3741/2879/2032 3740/2880/2033 3804/2881/2033 3803/2882/2032 

f 3740/2883/2033 3739/2884/2034 3805/2885/2034 3804/2886/2033 

f 3739/2887/2034 3738/2888/2035 3806/2889/2035 3805/2890/2034 

f 3738/2891/2035 3737/2892/2036 3807/2893/2036 3806/2894/2035 

f 3737/2895/2037 3736/2896/2037 3808/2897/2037 3807/2898/2037 

f 3736/2896/2037 3735/2899/2037 3809/2900/2037 3808/2897/2037 

f 3735/2899/2037 3734/2901/2037 3810/2902/2037 3809/2900/2037 

f 3734/2901/2037 3733/2903/2037 3811/2904/2037 3810/2902/2037 

f 3733/2903/2037 3732/2905/2037 3812/2906/2037 3811/2904/2037 

f 3732/2905/2037 3731/2907/2037 3813/2908/2037 3812/2906/2037 

f 3731/2909/2037 3730/2910/2037 3814/2911/2037 3813/2908/2037 

f 3730/2910/2037 3729/2912/2037 3815/2913/2037 3814/2911/2037 

f 3729/2914/2038 3728/2915/2038 3816/2916/2038 3815/2917/2038 

f 3728/2918/2039 3727/2919/2039 3817/2920/2039 3816/2921/2039 

f 3727/2922/2040 3726/2923/2041 3818/2924/2041 3817/2925/2040 

f 3726/2926/2041 3725/2927/2042 3819/2928/2042 3818/2929/2041 

f 3725/2930/2011 3724/2931/2011 3820/2932/2011 3819/2933/2011 

f 3724/2934/2042 3723/2935/2042 3821/2936/2042 3820/2928/2042 

f 3723/2935/2042 3722/2937/2042 3822/2938/2042 3821/2936/2042 

f 3722/2937/2042 3721/2939/2042 3823/2940/2042 3822/2938/2042 

f 3721/2939/2042 3720/2941/2042 3824/2942/2042 3823/2940/2042 

f 3720/2941/2042 3719/2943/2042 3825/2944/2042 3824/2942/2042 

f 3719/2943/2042 3718/2945/2042 3826/2946/2042 3825/2944/2042 

f 3718/2945/2042 3717/2947/2042 3827/2948/2042 3826/2946/2042 

f 3717/2947/2042 3716/2949/2043 3828/2950/2043 3827/2948/2042 

f 3716/2951/2043 3715/2952/2044 3829/2953/2044 3828/2954/2043 

f 3715/2955/2044 3714/2956/2045 3830/2957/2045 3829/2958/2044 

f 3714/2959/2045 3713/2960/2046 3831/2961/2046 3830/2962/2045 

f 3713/2963/2046 3712/2964/2047 3832/2965/2047 3831/2966/2046 

f 3712/2967/2047 3711/2968/2048 3833/2969/2048 3832/2970/2047 

f 3711/2971/2048 3710/2972/2049 3834/2973/2049 3833/2974/2048 

f 3710/2975/2049 3709/2976/2050 3835/2977/2050 3834/2978/2049 

f 3709/2979/2050 3708/2980/2051 3836/2981/2051 3835/2982/2050 

f 3708/2983/2051 3707/2984/2052 3837/2985/2052 3836/2986/2051 

f 3707/2987/2052 3706/2988/2011 3838/2989/2011 3837/2990/2052 

f 3706/2988/2011 3705/2991/2011 3839/2992/2011 3838/2989/2011 

f 3705/2991/2011 3704/2993/2011 3840/2994/2011 3839/2992/2011 

f 3704/2993/2011 3703/2995/2011 3841/2996/2011 3840/2994/2011 

f 3703/2995/2011 3702/2997/2011 3842/2998/2011 3841/2996/2011 

f 3702/2997/2011 3701/2999/2011 3843/3000/2011 3842/2998/2011 

f 3701/2999/2011 3700/3001/2053 3844/3002/2053 3843/3000/2011 

f 3700/3003/2053 3699/3004/2054 3845/3005/2054 3844/3006/2053 

f 3699/3007/2054 3698/3008/2055 3846/3009/2055 3845/3010/2054 

f 3698/3011/2055 3697/3012/2056 3847/3013/2056 3846/3014/2055 

f 3697/3015/2056 3696/3016/2057 3848/3017/2057 3847/3018/2056 

f 3696/3019/2057 3695/3020/2058 3849/3021/2058 3848/3022/2057 

f 3695/3023/2058 3694/3024/2059 3850/3025/2059 3849/3026/2058 

f 3694/3027/2059 3693/3028/2060 3851/3029/2060 3850/3030/2059 

f 3693/3031/2060 3692/3032/2061 3852/3033/2061 3851/3034/2060 

f 3692/3035/2061 3691/3036/2062 3853/3037/2062 3852/3038/2061 

f 3691/3039/2062 3690/3040/2009 3854/3041/2009 3853/3042/2062 

f 3690/3040/2009 3689/3043/2009 3855/3044/2009 3854/3041/2009 

f 3689/3043/2009 3688/3045/2009 3856/3046/2009 3855/3044/2009 

f 3688/3045/2009 3687/3047/2009 3857/3048/2009 3856/3046/2009 

f 3687/3049/2009 3686/3050/2009 3858/3051/2009 3857/3048/2009 

f 3686/3052/2009 3685/3053/2009 3859/3054/2009 3858/3051/2009 

f 3685/3053/2009 3684/3055/2009 3860/3056/2009 3859/3054/2009 

f 3684/3055/2009 3683/2586/2009 3772/2589/2009 3860/3056/2009 

g Mesh7 ___37_3 Model

v 124.667 0.00252598 -67.5952
v 124.67 2.24532e-09 -14.0366
v 121.67 2.24532e-09 -14.0364
v 121.667 0.00252598 -67.595
f 3861/2586/2009 3862/2587/2009 3863/2588/2009 3864/2589/2009 

v 124.667 2.8904 -67.595
v 124.667 2.8904 -67.686
v 124.667 2.89041 -67.9268
v 124.667 2.89043 -68.2691
v 124.667 2.89045 -68.6645
v 124.667 2.89047 -69.0648
v 124.667 2.89048 -69.4215
v 124.667 2.8905 -69.6865
v 124.667 2.8905 -69.8113
v 124.667 2.89846 -69.9162
v 124.667 2.92949 -70.0353
v 124.667 2.98172 -70.1441
v 124.667 3.05276 -70.2403
v 124.667 3.14025 -70.3215
v 124.667 3.24178 -70.3853
v 124.667 3.35498 -70.4293
v 124.667 3.47747 -70.4512
v 124.667 3.6025 -70.4532
v 124.667 4.00957 -70.4532
v 124.667 4.68005 -70.4531
v 124.667 5.50858 -70.4531
v 124.667 6.3898 -70.453
v 124.667 7.21833 -70.453
v 124.667 7.88881 -70.453
v 124.667 8.29588 -70.4529
v 124.667 8.4143 -70.4512
v 124.667 8.52094 -70.4321
v 124.667 8.61949 -70.3938
v 124.667 8.70788 -70.3383
v 124.667 8.78403 -70.2676
v 124.667 8.84588 -70.1838
v 124.667 8.89134 -70.0891
v 124.667 8.91834 -69.9854
v 124.667 8.92526 -69.8934
v 124.667 8.92525 -69.764
v 124.667 8.92524 -69.4892
v 124.667 8.92522 -69.1191
v 124.667 8.9252 -68.704
v 124.667 8.92518 -68.2939
v 124.667 8.92517 -67.9389
v 124.667 8.92515 -67.6891
v 124.667 8.92515 -67.5947
v 124.667 11.5522 -67.5946
v 124.668 11.5517 -56.3792
v 124.669 11.5526 -37.0077
v 124.669 15.1734 -36.9521
v 124.669 11.9747 -30.6839
v 124.669 12.0873 -30.6264
v 124.669 12.3852 -30.4744
v 124.669 12.8086 -30.2582
v 124.669 13.2978 -30.0085
v 124.669 13.793 -29.7557
v 124.669 14.2344 -29.5304
v 124.669 14.5622 -29.3631
v 124.669 14.7166 -29.2843
v 124.669 14.7764 -29.1945
v 124.669 14.8329 -29.084
v 124.669 14.8761 -28.9735
v 124.669 14.9059 -28.865
v 124.669 14.9224 -28.7601
v 124.669 14.9257 -28.6608
v 124.669 14.9156 -28.5687
v 124.669 14.8923 -28.4858
v 124.669 14.8079 -28.3077
v 124.669 14.4153 -27.4937
v 124.669 13.7686 -26.153
v 124.669 12.9695 -24.4963
v 124.669 12.1196 -22.7342
v 124.669 11.3205 -21.0775
v 124.669 10.6738 -19.7368
v 124.669 10.2812 -18.9228
v 124.669 10.1914 -18.7412
v 124.669 10.1312 -18.6681
v 124.669 10.0535 -18.6111
v 124.669 9.96116 -18.5708
v 124.669 9.85726 -18.5478
v 124.669 9.74475 -18.5426
v 124.669 9.62664 -18.5558
v 124.669 9.5059 -18.588
v 124.669 9.40474 -18.6299
v 124.669 9.25431 -18.7024
v 124.669 8.93502 -18.8561
v 124.669 8.50509 -19.0632
v 124.669 8.02276 -19.2954
v 124.669 7.54625 -19.5249
v 124.669 7.13379 -19.7235
v 124.669 6.84361 -19.8633
v 124.669 6.73395 -19.9161
v 124.67 3.85266 -14.0364
f 3861/2590/2010 3865/2591/2010 3866/2592/2010 3867/2593/2010 3868/2594/2010 3869/2595/2010 3870/2596/2010 3871/2597/2010 3872/2598/2010 3873/2599/2010 3874/2600/2010 3875/2601/2010 3876/2602/2010 3877/2603/2010 3878/2604/2010 3879/2605/2010 3880/2606/2010 3881/2607/2010 3882/2608/2010 3883/2609/2010 3884/2610/2010 3885/2611/2010 3886/2612/2010 3887/2613/2010 3888/2614/2010 3889/2615/2010 3890/2616/2010 3891/2617/2010 3892/2618/2010 3893/2619/2010 3894/2620/2010 3895/2621/2010 3896/2622/2010 3897/2623/2010 3898/2624/2010 3899/2625/2010 3900/2626/2010 3901/2627/2010 3902/2628/2010 3903/2629/2010 3904/2630/2010 3905/2631/2010 3906/2632/2010 3907/2633/2010 3908/2634/2010 3909/2635/2010 3910/2636/2010 3911/2637/2010 3912/2638/2010 3913/2639/2010 3914/2640/2010 3915/2641/2010 3916/2642/2010 3917/2643/2010 3918/2644/2010 3919/2645/2010 3920/2646/2010 3921/2647/2010 3922/2648/2010 3923/2649/2010 3924/2650/2010 3925/2651/2010 3926/2652/2010 3927/2653/2010 3928/2654/2010 3929/2655/2010 3930/2656/2010 3931/2657/2010 3932/2658/2010 3933/2659/2010 3934/2660/2010 3935/2661/2010 3936/2662/2010 3937/2663/2010 3938/2664/2010 3939/2665/2010 3940/2666/2010 3941/2667/2010 3942/2668/2010 3943/2669/2010 3944/2670/2010 3945/2671/2010 3946/2672/2010 3947/2673/2010 3948/2674/2010 3949/2675/2010 3950/2676/2010 3951/2677/2010 3952/2678/2010 3953/2679/2010 3862/2587/2010 

v 121.667 2.8904 -67.5949
f 3865/2680/2011 3861/2681/2011 3864/2682/2011 3954/2683/2011 

v 121.67 3.85266 -14.0363
v 121.669 6.73395 -19.916
v 121.669 6.84361 -19.8631
v 121.669 7.13379 -19.7234
v 121.669 7.54625 -19.5248
v 121.669 8.02276 -19.2953
v 121.669 8.50509 -19.063
v 121.669 8.93502 -18.856
v 121.669 9.25431 -18.7022
v 121.669 9.40474 -18.6298
v 121.669 9.5059 -18.5878
v 121.669 9.62664 -18.5557
v 121.669 9.74475 -18.5425
v 121.669 9.85726 -18.5476
v 121.669 9.96116 -18.5706
v 121.669 10.0535 -18.6109
v 121.669 10.1312 -18.6679
v 121.669 10.1914 -18.7411
v 121.669 10.2812 -18.9227
v 121.669 10.6738 -19.7367
v 121.669 11.3205 -21.0773
v 121.669 12.1196 -22.7341
v 121.669 12.9695 -24.4961
v 121.669 13.7686 -26.1529
v 121.669 14.4153 -27.4935
v 121.669 14.8079 -28.3075
v 121.669 14.8923 -28.4856
v 121.669 14.9156 -28.5686
v 121.669 14.9257 -28.6606
v 121.669 14.9224 -28.76
v 121.669 14.9059 -28.8648
v 121.669 14.8761 -28.9734
v 121.669 14.8329 -29.0838
v 121.669 14.7764 -29.1944
v 121.669 14.7166 -29.2841
v 121.669 14.5622 -29.363
v 121.669 14.2344 -29.5303
v 121.669 13.793 -29.7556
v 121.669 13.2978 -30.0084
v 121.669 12.8086 -30.2581
v 121.669 12.3852 -30.4742
v 121.669 12.0873 -30.6263
v 121.669 11.9747 -30.6838
v 121.669 15.1734 -36.9519
v 121.669 11.5526 -37.0075
v 121.668 11.5517 -56.3791
v 121.667 11.5522 -67.5945
v 121.667 8.92515 -67.5946
v 121.667 8.92515 -67.689
v 121.667 8.92517 -67.9387
v 121.667 8.92518 -68.2937
v 121.667 8.9252 -68.7039
v 121.667 8.92522 -69.119
v 121.667 8.92524 -69.489
v 121.667 8.92525 -69.7638
v 121.667 8.92526 -69.8933
v 121.667 8.91834 -69.9853
v 121.667 8.89134 -70.0889
v 121.667 8.84588 -70.1837
v 121.667 8.78403 -70.2674
v 121.667 8.70788 -70.3381
v 121.667 8.61949 -70.3937
v 121.667 8.52094 -70.432
v 121.667 8.4143 -70.451
v 121.667 8.29588 -70.4528
v 121.667 7.88881 -70.4528
v 121.667 7.21833 -70.4529
v 121.667 6.3898 -70.4529
v 121.667 5.50858 -70.4529
v 121.667 4.68005 -70.453
v 121.667 4.00957 -70.453
v 121.667 3.6025 -70.453
v 121.667 3.47747 -70.451
v 121.667 3.35498 -70.4292
v 121.667 3.24178 -70.3851
v 121.667 3.14025 -70.3213
v 121.667 3.05276 -70.2401
v 121.667 2.98172 -70.144
v 121.667 2.92949 -70.0351
v 121.667 2.89846 -69.9161
v 121.667 2.8905 -69.8112
v 121.667 2.8905 -69.6863
v 121.667 2.89048 -69.4214
v 121.667 2.89047 -69.0646
v 121.667 2.89045 -68.6644
v 121.667 2.89043 -68.2689
v 121.667 2.89041 -67.9267
v 121.667 2.8904 -67.6859
f 3954/2684/2012 3864/2685/2012 3863/2686/2012 3955/2687/2012 3956/2688/2012 3957/2689/2012 3958/2690/2012 3959/2691/2012 3960/2692/2012 3961/2693/2012 3962/2694/2012 3963/2695/2012 3964/2696/2012 3965/2697/2012 3966/2698/2012 3967/2699/2012 3968/2700/2012 3969/2701/2012 3970/2702/2012 3971/2703/2012 3972/2704/2012 3973/2705/2012 3974/2706/2012 3975/2707/2012 3976/2708/2012 3977/2709/2012 3978/2710/2012 3979/2711/2012 3980/2712/2012 3981/2713/2012 3982/2714/2012 3983/2715/2012 3984/2716/2012 3985/2717/2012 3986/2718/2012 3987/2719/2012 3988/2720/2012 3989/2721/2012 3990/2722/2012 3991/2723/2012 3992/2724/2012 3993/2725/2012 3994/2726/2012 3995/2727/2012 3996/2728/2012 3997/2729/2012 3998/2730/2012 3999/2731/2012 4000/2732/2012 4001/2733/2012 4002/2734/2012 4003/2735/2012 4004/2736/2012 4005/2737/2012 4006/2738/2012 4007/2739/2012 4008/2740/2012 4009/2741/2012 4010/2742/2012 4011/2743/2012 4012/2744/2012 4013/2745/2012 4014/2746/2012 4015/2747/2012 4016/2748/2012 4017/2749/2012 4018/2750/2012 4019/2751/2012 4020/2752/2012 4021/2753/2012 4022/2754/2012 4023/2755/2012 4024/2756/2012 4025/2757/2012 4026/2758/2012 4027/2759/2012 4028/2760/2012 4029/2761/2012 4030/2762/2012 4031/2763/2012 4032/2764/2012 4033/2765/2012 4034/2766/2012 4035/2767/2012 4036/2768/2012 4037/2769/2012 4038/2770/2012 4039/2771/2012 4040/2772/2012 4041/2773/2012 4042/2774/2012 

f 3862/2587/2013 3953/2775/2013 3955/2776/2013 3863/2588/2013 

f 3953/2777/2014 3952/2778/2014 3956/2779/2014 3955/2780/2014 

f 3952/2781/2015 3951/2782/2015 3957/2783/2015 3956/2784/2015 

f 3951/2782/2015 3950/2785/2015 3958/2786/2015 3957/2783/2015 

f 3950/2785/2015 3949/2787/2015 3959/2788/2015 3958/2786/2015 

f 3949/2789/2015 3948/2790/2015 3960/2791/2015 3959/2788/2015 

f 3948/2792/2015 3947/2793/2015 3961/2794/2015 3960/2791/2015 

f 3947/2793/2015 3946/2795/2015 3962/2796/2015 3961/2794/2015 

f 3946/2797/2015 3945/2798/2015 3963/2799/2015 3962/2796/2015 

f 3945/2798/2015 3944/2800/2016 3964/2801/2016 3963/2799/2015 

f 3944/2802/2016 3943/2803/2017 3965/2804/2017 3964/2805/2016 

f 3943/2806/2017 3942/2807/2018 3966/2808/2018 3965/2809/2017 

f 3942/2810/2018 3941/2811/2019 3967/2812/2019 3966/2813/2018 

f 3941/2814/2019 3940/2815/2020 3968/2816/2020 3967/2817/2019 

f 3940/2818/2020 3939/2819/2021 3969/2820/2021 3968/2821/2020 

f 3939/2822/2021 3938/2823/2022 3970/2824/2022 3969/2825/2021 

f 3938/2826/2022 3937/2827/2023 3971/2828/2023 3970/2829/2022 

f 3937/2830/2023 3936/2831/2024 3972/2832/2024 3971/2833/2023 

f 3936/2834/2024 3935/2835/2025 3973/2836/2025 3972/2837/2024 

f 3935/2838/2025 3934/2839/2026 3974/2840/2026 3973/2841/2025 

f 3934/2839/2026 3933/2842/2026 3975/2843/2026 3974/2840/2026 

f 3933/2844/2026 3932/2845/2026 3976/2846/2026 3975/2843/2026 

f 3932/2847/2026 3931/2848/2026 3977/2849/2026 3976/2846/2026 

f 3931/2850/2026 3930/2851/2026 3978/2852/2026 3977/2849/2026 

f 3930/2853/2026 3929/2854/2026 3979/2855/2026 3978/2852/2026 

f 3929/2856/2026 3928/2857/2027 3980/2858/2027 3979/2855/2026 

f 3928/2859/2027 3927/2860/2028 3981/2861/2028 3980/2862/2027 

f 3927/2863/2028 3926/2864/2029 3982/2865/2029 3981/2866/2028 

f 3926/2867/2029 3925/2868/2030 3983/2869/2030 3982/2870/2029 

f 3925/2871/2030 3924/2872/2031 3984/2873/2031 3983/2874/2030 

f 3924/2875/2031 3923/2876/2032 3985/2877/2032 3984/2878/2031 

f 3923/2879/2032 3922/2880/2033 3986/2881/2033 3985/2882/2032 

f 3922/2883/2033 3921/2884/2034 3987/2885/2034 3986/2886/2033 

f 3921/2887/2034 3920/2888/2035 3988/2889/2035 3987/2890/2034 

f 3920/2891/2035 3919/2892/2036 3989/2893/2036 3988/2894/2035 

f 3919/2895/2037 3918/2896/2037 3990/2897/2037 3989/2898/2037 

f 3918/2896/2037 3917/2899/2037 3991/2900/2037 3990/2897/2037 

f 3917/2899/2037 3916/2901/2037 3992/2902/2037 3991/2900/2037 

f 3916/2901/2037 3915/2903/2037 3993/2904/2037 3992/2902/2037 

f 3915/2903/2037 3914/2905/2037 3994/2906/2037 3993/2904/2037 

f 3914/2905/2037 3913/2907/2037 3995/2908/2037 3994/2906/2037 

f 3913/2909/2037 3912/2910/2037 3996/2911/2037 3995/2908/2037 

f 3912/2910/2037 3911/2912/2037 3997/2913/2037 3996/2911/2037 

f 3911/2914/2038 3910/2915/2038 3998/2916/2038 3997/2917/2038 

f 3910/2918/2039 3909/2919/2039 3999/2920/2039 3998/2921/2039 

f 3909/2922/2040 3908/2923/2041 4000/2924/2041 3999/2925/2040 

f 3908/2926/2041 3907/2927/2042 4001/2928/2042 4000/2929/2041 

f 3907/2930/2011 3906/2931/2011 4002/2932/2011 4001/2933/2011 

f 3906/2934/2042 3905/2935/2042 4003/2936/2042 4002/2928/2042 

f 3905/2935/2042 3904/2937/2042 4004/2938/2042 4003/2936/2042 

f 3904/2937/2042 3903/2939/2042 4005/2940/2042 4004/2938/2042 

f 3903/2939/2042 3902/2941/2042 4006/2942/2042 4005/2940/2042 

f 3902/2941/2042 3901/2943/2042 4007/2944/2042 4006/2942/2042 

f 3901/2943/2042 3900/2945/2042 4008/2946/2042 4007/2944/2042 

f 3900/2945/2042 3899/2947/2042 4009/2948/2042 4008/2946/2042 

f 3899/2947/2042 3898/2949/2043 4010/2950/2043 4009/2948/2042 

f 3898/2951/2043 3897/2952/2044 4011/2953/2044 4010/2954/2043 

f 3897/2955/2044 3896/2956/2045 4012/2957/2045 4011/2958/2044 

f 3896/2959/2045 3895/2960/2046 4013/2961/2046 4012/2962/2045 

f 3895/2963/2046 3894/2964/2047 4014/2965/2047 4013/2966/2046 

f 3894/2967/2047 3893/2968/2048 4015/2969/2048 4014/2970/2047 

f 3893/2971/2048 3892/2972/2049 4016/2973/2049 4015/2974/2048 

f 3892/2975/2049 3891/2976/2050 4017/2977/2050 4016/2978/2049 

f 3891/2979/2050 3890/2980/2051 4018/2981/2051 4017/2982/2050 

f 3890/2983/2051 3889/2984/2052 4019/2985/2052 4018/2986/2051 

f 3889/2987/2052 3888/2988/2011 4020/2989/2011 4019/2990/2052 

f 3888/2988/2011 3887/2991/2011 4021/2992/2011 4020/2989/2011 

f 3887/2991/2011 3886/2993/2011 4022/2994/2011 4021/2992/2011 

f 3886/2993/2011 3885/2995/2011 4023/2996/2011 4022/2994/2011 

f 3885/2995/2011 3884/2997/2011 4024/2998/2011 4023/2996/2011 

f 3884/2997/2011 3883/2999/2011 4025/3000/2011 4024/2998/2011 

f 3883/2999/2011 3882/3001/2053 4026/3002/2053 4025/3000/2011 

f 3882/3003/2053 3881/3004/2054 4027/3005/2054 4026/3006/2053 

f 3881/3007/2054 3880/3008/2055 4028/3009/2055 4027/3010/2054 

f 3880/3011/2055 3879/3012/2056 4029/3013/2056 4028/3014/2055 

f 3879/3015/2056 3878/3016/2057 4030/3017/2057 4029/3018/2056 

f 3878/3019/2057 3877/3020/2058 4031/3021/2058 4030/3022/2057 

f 3877/3023/2058 3876/3024/2059 4032/3025/2059 4031/3026/2058 

f 3876/3027/2059 3875/3028/2060 4033/3029/2060 4032/3030/2059 

f 3875/3031/2060 3874/3032/2061 4034/3033/2061 4033/3034/2060 

f 3874/3035/2061 3873/3036/2062 4035/3037/2062 4034/3038/2061 

f 3873/3039/2062 3872/3040/2009 4036/3041/2009 4035/3042/2062 

f 3872/3040/2009 3871/3043/2009 4037/3044/2009 4036/3041/2009 

f 3871/3043/2009 3870/3045/2009 4038/3046/2009 4037/3044/2009 

f 3870/3045/2009 3869/3047/2009 4039/3048/2009 4038/3046/2009 

f 3869/3049/2009 3868/3050/2009 4040/3051/2009 4039/3048/2009 

f 3868/3052/2009 3867/3053/2009 4041/3054/2009 4040/3051/2009 

f 3867/3053/2009 3866/3055/2009 4042/3056/2009 4041/3054/2009 

f 3866/3055/2009 3865/2586/2009 3954/2589/2009 4042/3056/2009 

g Mesh8 ___37_4 Model

v 374.511 0.00252598 -67.5952
v 374.514 0 -14.0366
v 371.514 -1.66533e-15 -14.0364
v 371.511 0.00252598 -67.595
f 4043/2586/2009 4044/2587/2009 4045/2588/2009 4046/2589/2009 

v 374.511 2.8904 -67.595
v 374.511 2.8904 -67.686
v 374.511 2.89041 -67.9268
v 374.511 2.89043 -68.2691
v 374.511 2.89045 -68.6645
v 374.511 2.89047 -69.0648
v 374.511 2.89048 -69.4215
v 374.511 2.8905 -69.6865
v 374.511 2.8905 -69.8113
v 374.511 2.89846 -69.9162
v 374.511 2.92949 -70.0353
v 374.511 2.98172 -70.1441
v 374.511 3.05276 -70.2403
v 374.511 3.14025 -70.3215
v 374.511 3.24178 -70.3853
v 374.511 3.35498 -70.4293
v 374.511 3.47747 -70.4512
v 374.511 3.6025 -70.4532
v 374.511 4.00957 -70.4532
v 374.511 4.68005 -70.4531
v 374.511 5.50858 -70.4531
v 374.511 6.3898 -70.453
v 374.511 7.21833 -70.453
v 374.511 7.88881 -70.453
v 374.511 8.29588 -70.4529
v 374.511 8.4143 -70.4512
v 374.511 8.52094 -70.4321
v 374.511 8.61949 -70.3938
v 374.511 8.70788 -70.3383
v 374.511 8.78403 -70.2676
v 374.511 8.84588 -70.1838
v 374.511 8.89134 -70.0891
v 374.511 8.91834 -69.9854
v 374.511 8.92526 -69.8934
v 374.511 8.92525 -69.764
v 374.511 8.92524 -69.4892
v 374.511 8.92522 -69.1191
v 374.511 8.9252 -68.704
v 374.511 8.92518 -68.2939
v 374.511 8.92517 -67.9389
v 374.511 8.92515 -67.6891
v 374.511 8.92515 -67.5947
v 374.511 11.5522 -67.5946
v 374.512 11.5517 -56.3792
v 374.512 11.5526 -37.0077
v 374.512 15.1734 -36.9521
v 374.513 11.9747 -30.6839
v 374.513 12.0873 -30.6264
v 374.513 12.3852 -30.4744
v 374.513 12.8086 -30.2582
v 374.513 13.2978 -30.0085
v 374.513 13.793 -29.7557
v 374.513 14.2344 -29.5304
v 374.513 14.5622 -29.3631
v 374.513 14.7166 -29.2843
v 374.513 14.7764 -29.1945
v 374.513 14.8329 -29.084
v 374.513 14.8761 -28.9735
v 374.513 14.9059 -28.865
v 374.513 14.9224 -28.7601
v 374.513 14.9257 -28.6608
v 374.513 14.9156 -28.5687
v 374.513 14.8923 -28.4858
v 374.513 14.8079 -28.3077
v 374.513 14.4153 -27.4937
v 374.513 13.7686 -26.153
v 374.513 12.9695 -24.4963
v 374.513 12.1196 -22.7342
v 374.513 11.3205 -21.0775
v 374.513 10.6738 -19.7368
v 374.513 10.2812 -18.9228
v 374.513 10.1914 -18.7412
v 374.513 10.1312 -18.6681
v 374.513 10.0535 -18.6111
v 374.513 9.96116 -18.5708
v 374.513 9.85726 -18.5478
v 374.513 9.74475 -18.5426
v 374.513 9.62664 -18.5558
v 374.513 9.5059 -18.588
v 374.513 9.40474 -18.6299
v 374.513 9.25431 -18.7024
v 374.513 8.93502 -18.8561
v 374.513 8.50509 -19.0632
v 374.513 8.02276 -19.2954
v 374.513 7.54625 -19.5249
v 374.513 7.13379 -19.7235
v 374.513 6.84361 -19.8633
v 374.513 6.73395 -19.9161
v 374.514 3.85266 -14.0364
f 4043/2590/2010 4047/2591/2010 4048/2592/2010 4049/2593/2010 4050/2594/2010 4051/2595/2010 4052/2596/2010 4053/2597/2010 4054/2598/2010 4055/2599/2010 4056/2600/2010 4057/2601/2010 4058/2602/2010 4059/2603/2010 4060/2604/2010 4061/2605/2010 4062/2606/2010 4063/2607/2010 4064/2608/2010 4065/2609/2010 4066/2610/2010 4067/2611/2010 4068/2612/2010 4069/2613/2010 4070/2614/2010 4071/2615/2010 4072/2616/2010 4073/2617/2010 4074/2618/2010 4075/2619/2010 4076/2620/2010 4077/2621/2010 4078/2622/2010 4079/2623/2010 4080/2624/2010 4081/2625/2010 4082/2626/2010 4083/2627/2010 4084/2628/2010 4085/2629/2010 4086/2630/2010 4087/2631/2010 4088/2632/2010 4089/2633/2010 4090/2634/2010 4091/2635/2010 4092/2636/2010 4093/2637/2010 4094/2638/2010 4095/2639/2010 4096/2640/2010 4097/2641/2010 4098/2642/2010 4099/2643/2010 4100/2644/2010 4101/2645/2010 4102/2646/2010 4103/2647/2010 4104/2648/2010 4105/2649/2010 4106/2650/2010 4107/2651/2010 4108/2652/2010 4109/2653/2010 4110/2654/2010 4111/2655/2010 4112/2656/2010 4113/2657/2010 4114/2658/2010 4115/2659/2010 4116/2660/2010 4117/2661/2010 4118/2662/2010 4119/2663/2010 4120/2664/2010 4121/2665/2010 4122/2666/2010 4123/2667/2010 4124/2668/2010 4125/2669/2010 4126/2670/2010 4127/2671/2010 4128/2672/2010 4129/2673/2010 4130/2674/2010 4131/2675/2010 4132/2676/2010 4133/2677/2010 4134/2678/2010 4135/2679/2010 4044/2587/2010 

v 371.511 2.8904 -67.5949
f 4047/2680/2011 4043/2681/2011 4046/2682/2011 4136/2683/2011 

v 371.514 3.85266 -14.0363
v 371.513 6.73395 -19.916
v 371.513 6.84361 -19.8631
v 371.513 7.13379 -19.7234
v 371.513 7.54625 -19.5248
v 371.513 8.02276 -19.2953
v 371.513 8.50509 -19.063
v 371.513 8.93502 -18.856
v 371.513 9.25431 -18.7022
v 371.513 9.40474 -18.6298
v 371.513 9.5059 -18.5878
v 371.513 9.62664 -18.5557
v 371.513 9.74475 -18.5425
v 371.513 9.85726 -18.5476
v 371.513 9.96116 -18.5706
v 371.513 10.0535 -18.6109
v 371.513 10.1312 -18.6679
v 371.513 10.1914 -18.7411
v 371.513 10.2812 -18.9227
v 371.513 10.6738 -19.7367
v 371.513 11.3205 -21.0773
v 371.513 12.1196 -22.7341
v 371.513 12.9695 -24.4961
v 371.513 13.7686 -26.1529
v 371.513 14.4153 -27.4935
v 371.513 14.8079 -28.3075
v 371.513 14.8923 -28.4856
v 371.513 14.9156 -28.5686
v 371.513 14.9257 -28.6606
v 371.513 14.9224 -28.76
v 371.513 14.9059 -28.8648
v 371.513 14.8761 -28.9734
v 371.513 14.8329 -29.0838
v 371.513 14.7764 -29.1944
v 371.513 14.7166 -29.2841
v 371.513 14.5622 -29.363
v 371.513 14.2344 -29.5303
v 371.513 13.793 -29.7556
v 371.513 13.2978 -30.0084
v 371.513 12.8086 -30.2581
v 371.513 12.3852 -30.4742
v 371.513 12.0873 -30.6263
v 371.513 11.9747 -30.6838
v 371.512 15.1734 -36.9519
v 371.512 11.5526 -37.0075
v 371.512 11.5517 -56.3791
v 371.511 11.5522 -67.5945
v 371.511 8.92515 -67.5946
v 371.511 8.92515 -67.689
v 371.511 8.92517 -67.9387
v 371.511 8.92518 -68.2937
v 371.511 8.9252 -68.7039
v 371.511 8.92522 -69.119
v 371.511 8.92524 -69.489
v 371.511 8.92525 -69.7638
v 371.511 8.92526 -69.8933
v 371.511 8.91834 -69.9853
v 371.511 8.89134 -70.0889
v 371.511 8.84588 -70.1837
v 371.511 8.78403 -70.2674
v 371.511 8.70788 -70.3381
v 371.511 8.61949 -70.3937
v 371.511 8.52094 -70.432
v 371.511 8.4143 -70.451
v 371.511 8.29588 -70.4528
v 371.511 7.88881 -70.4528
v 371.511 7.21833 -70.4529
v 371.511 6.3898 -70.4529
v 371.511 5.50858 -70.4529
v 371.511 4.68005 -70.453
v 371.511 4.00957 -70.453
v 371.511 3.6025 -70.453
v 371.511 3.47747 -70.451
v 371.511 3.35498 -70.4292
v 371.511 3.24178 -70.3851
v 371.511 3.14025 -70.3213
v 371.511 3.05276 -70.2401
v 371.511 2.98172 -70.144
v 371.511 2.92949 -70.0351
v 371.511 2.89846 -69.9161
v 371.511 2.8905 -69.8112
v 371.511 2.8905 -69.6863
v 371.511 2.89048 -69.4214
v 371.511 2.89047 -69.0646
v 371.511 2.89045 -68.6644
v 371.511 2.89043 -68.2689
v 371.511 2.89041 -67.9267
v 371.511 2.8904 -67.6859
f 4136/2684/2012 4046/2685/2012 4045/2686/2012 4137/2687/2012 4138/2688/2012 4139/2689/2012 4140/2690/2012 4141/2691/2012 4142/2692/2012 4143/2693/2012 4144/2694/2012 4145/2695/2012 4146/2696/2012 4147/2697/2012 4148/2698/2012 4149/2699/2012 4150/2700/2012 4151/2701/2012 4152/2702/2012 4153/2703/2012 4154/2704/2012 4155/2705/2012 4156/2706/2012 4157/2707/2012 4158/2708/2012 4159/2709/2012 4160/2710/2012 4161/2711/2012 4162/2712/2012 4163/2713/2012 4164/2714/2012 4165/2715/2012 4166/2716/2012 4167/2717/2012 4168/2718/2012 4169/2719/2012 4170/2720/2012 4171/2721/2012 4172/2722/2012 4173/2723/2012 4174/2724/2012 4175/2725/2012 4176/2726/2012 4177/2727/2012 4178/2728/2012 4179/2729/2012 4180/2730/2012 4181/2731/2012 4182/2732/2012 4183/2733/2012 4184/2734/2012 4185/2735/2012 4186/2736/2012 4187/2737/2012 4188/2738/2012 4189/2739/2012 4190/2740/2012 4191/2741/2012 4192/2742/2012 4193/2743/2012 4194/2744/2012 4195/2745/2012 4196/2746/2012 4197/2747/2012 4198/2748/2012 4199/2749/2012 4200/2750/2012 4201/2751/2012 4202/2752/2012 4203/2753/2012 4204/2754/2012 4205/2755/2012 4206/2756/2012 4207/2757/2012 4208/2758/2012 4209/2759/2012 4210/2760/2012 4211/2761/2012 4212/2762/2012 4213/2763/2012 4214/2764/2012 4215/2765/2012 4216/2766/2012 4217/2767/2012 4218/2768/2012 4219/2769/2012 4220/2770/2012 4221/2771/2012 4222/2772/2012 4223/2773/2012 4224/2774/2012 

f 4044/2587/2013 4135/2775/2013 4137/2776/2013 4045/2588/2013 

f 4135/2777/2014 4134/2778/2014 4138/2779/2014 4137/2780/2014 

f 4134/2781/2015 4133/2782/2015 4139/2783/2015 4138/2784/2015 

f 4133/2782/2015 4132/2785/2015 4140/2786/2015 4139/2783/2015 

f 4132/2785/2015 4131/2787/2015 4141/2788/2015 4140/2786/2015 

f 4131/2789/2015 4130/2790/2015 4142/2791/2015 4141/2788/2015 

f 4130/2792/2015 4129/2793/2015 4143/2794/2015 4142/2791/2015 

f 4129/2793/2015 4128/2795/2015 4144/2796/2015 4143/2794/2015 

f 4128/2797/2015 4127/2798/2015 4145/2799/2015 4144/2796/2015 

f 4127/2798/2015 4126/2800/2016 4146/2801/2016 4145/2799/2015 

f 4126/2802/2016 4125/2803/2017 4147/2804/2017 4146/2805/2016 

f 4125/2806/2017 4124/2807/2018 4148/2808/2018 4147/2809/2017 

f 4124/2810/2018 4123/2811/2019 4149/2812/2019 4148/2813/2018 

f 4123/2814/2019 4122/2815/2020 4150/2816/2020 4149/2817/2019 

f 4122/2818/2020 4121/2819/2021 4151/2820/2021 4150/2821/2020 

f 4121/2822/2021 4120/2823/2022 4152/2824/2022 4151/2825/2021 

f 4120/2826/2022 4119/2827/2023 4153/2828/2023 4152/2829/2022 

f 4119/2830/2023 4118/2831/2024 4154/2832/2024 4153/2833/2023 

f 4118/2834/2024 4117/2835/2025 4155/2836/2025 4154/2837/2024 

f 4117/2838/2025 4116/2839/2026 4156/2840/2026 4155/2841/2025 

f 4116/2839/2026 4115/2842/2026 4157/2843/2026 4156/2840/2026 

f 4115/2844/2026 4114/2845/2026 4158/2846/2026 4157/2843/2026 

f 4114/2847/2026 4113/2848/2026 4159/2849/2026 4158/2846/2026 

f 4113/2850/2026 4112/2851/2026 4160/2852/2026 4159/2849/2026 

f 4112/2853/2026 4111/2854/2026 4161/2855/2026 4160/2852/2026 

f 4111/2856/2026 4110/2857/2027 4162/2858/2027 4161/2855/2026 

f 4110/2859/2027 4109/2860/2028 4163/2861/2028 4162/2862/2027 

f 4109/2863/2028 4108/2864/2029 4164/2865/2029 4163/2866/2028 

f 4108/2867/2029 4107/2868/2030 4165/2869/2030 4164/2870/2029 

f 4107/2871/2030 4106/2872/2031 4166/2873/2031 4165/2874/2030 

f 4106/2875/2031 4105/2876/2032 4167/2877/2032 4166/2878/2031 

f 4105/2879/2032 4104/2880/2033 4168/2881/2033 4167/2882/2032 

f 4104/2883/2033 4103/2884/2034 4169/2885/2034 4168/2886/2033 

f 4103/2887/2034 4102/2888/2035 4170/2889/2035 4169/2890/2034 

f 4102/2891/2035 4101/2892/2036 4171/2893/2036 4170/2894/2035 

f 4101/2895/2037 4100/2896/2037 4172/2897/2037 4171/2898/2037 

f 4100/2896/2037 4099/2899/2037 4173/2900/2037 4172/2897/2037 

f 4099/2899/2037 4098/2901/2037 4174/2902/2037 4173/2900/2037 

f 4098/2901/2037 4097/2903/2037 4175/2904/2037 4174/2902/2037 

f 4097/2903/2037 4096/2905/2037 4176/2906/2037 4175/2904/2037 

f 4096/2905/2037 4095/2907/2037 4177/2908/2037 4176/2906/2037 

f 4095/2909/2037 4094/2910/2037 4178/2911/2037 4177/2908/2037 

f 4094/2910/2037 4093/2912/2037 4179/2913/2037 4178/2911/2037 

f 4093/2914/2038 4092/2915/2038 4180/2916/2038 4179/2917/2038 

f 4092/2918/2039 4091/2919/2039 4181/2920/2039 4180/2921/2039 

f 4091/2922/2040 4090/2923/2041 4182/2924/2041 4181/2925/2040 

f 4090/2926/2041 4089/2927/2042 4183/2928/2042 4182/2929/2041 

f 4089/2930/2011 4088/2931/2011 4184/2932/2011 4183/2933/2011 

f 4088/2934/2042 4087/2935/2042 4185/2936/2042 4184/2928/2042 

f 4087/2935/2042 4086/2937/2042 4186/2938/2042 4185/2936/2042 

f 4086/2937/2042 4085/2939/2042 4187/2940/2042 4186/2938/2042 

f 4085/2939/2042 4084/2941/2042 4188/2942/2042 4187/2940/2042 

f 4084/2941/2042 4083/2943/2042 4189/2944/2042 4188/2942/2042 

f 4083/2943/2042 4082/2945/2042 4190/2946/2042 4189/2944/2042 

f 4082/2945/2042 4081/2947/2042 4191/2948/2042 4190/2946/2042 

f 4081/2947/2042 4080/2949/2043 4192/2950/2043 4191/2948/2042 

f 4080/2951/2043 4079/2952/2044 4193/2953/2044 4192/2954/2043 

f 4079/2955/2044 4078/2956/2045 4194/2957/2045 4193/2958/2044 

f 4078/2959/2045 4077/2960/2046 4195/2961/2046 4194/2962/2045 

f 4077/2963/2046 4076/2964/2047 4196/2965/2047 4195/2966/2046 

f 4076/2967/2047 4075/2968/2048 4197/2969/2048 4196/2970/2047 

f 4075/2971/2048 4074/2972/2049 4198/2973/2049 4197/2974/2048 

f 4074/2975/2049 4073/2976/2050 4199/2977/2050 4198/2978/2049 

f 4073/2979/2050 4072/2980/2051 4200/2981/2051 4199/2982/2050 

f 4072/2983/2051 4071/2984/2052 4201/2985/2052 4200/2986/2051 

f 4071/2987/2052 4070/2988/2011 4202/2989/2011 4201/2990/2052 

f 4070/2988/2011 4069/2991/2011 4203/2992/2011 4202/2989/2011 

f 4069/2991/2011 4068/2993/2011 4204/2994/2011 4203/2992/2011 

f 4068/2993/2011 4067/2995/2011 4205/2996/2011 4204/2994/2011 

f 4067/2995/2011 4066/2997/2011 4206/2998/2011 4205/2996/2011 

f 4066/2997/2011 4065/2999/2011 4207/3000/2011 4206/2998/2011 

f 4065/2999/2011 4064/3001/2053 4208/3002/2053 4207/3000/2011 

f 4064/3003/2053 4063/3004/2054 4209/3005/2054 4208/3006/2053 

f 4063/3007/2054 4062/3008/2055 4210/3009/2055 4209/3010/2054 

f 4062/3011/2055 4061/3012/2056 4211/3013/2056 4210/3014/2055 

f 4061/3015/2056 4060/3016/2057 4212/3017/2057 4211/3018/2056 

f 4060/3019/2057 4059/3020/2058 4213/3021/2058 4212/3022/2057 

f 4059/3023/2058 4058/3024/2059 4214/3025/2059 4213/3026/2058 

f 4058/3027/2059 4057/3028/2060 4215/3029/2060 4214/3030/2059 

f 4057/3031/2060 4056/3032/2061 4216/3033/2061 4215/3034/2060 

f 4056/3035/2061 4055/3036/2062 4217/3037/2062 4216/3038/2061 

f 4055/3039/2062 4054/3040/2009 4218/3041/2009 4217/3042/2062 

f 4054/3040/2009 4053/3043/2009 4219/3044/2009 4218/3041/2009 

f 4053/3043/2009 4052/3045/2009 4220/3046/2009 4219/3044/2009 

f 4052/3045/2009 4051/3047/2009 4221/3048/2009 4220/3046/2009 

f 4051/3049/2009 4050/3050/2009 4222/3051/2009 4221/3048/2009 

f 4050/3052/2009 4049/3053/2009 4223/3054/2009 4222/3051/2009 

f 4049/3053/2009 4048/3055/2009 4224/3056/2009 4223/3054/2009 

f 4048/3055/2009 4047/2586/2009 4136/2589/2009 4224/3056/2009 

g Mesh9 ___45_1 Model

v 453.015 15.7405 -217.908
vt -0.717896 0.352531
vn -2.08014e-05 -0.897481 0.441054
v 43.1212 15.7491 -217.91
vt -8.91167 0.352531
v 7.2083 0.201287 -249.549
vt -9.62957 0
v 8.49594 0.201261 -249.549
vt -9.60383 1.08166e-10
v 488.927 0.191267 -249.546
vt 0 1.08166e-10
f 4225/3057/2063 4226/3058/2063 4227/3059/2063 4228/3060/2063 4229/3061/2063 

v 453.015 18.433 -219.231
vt -0.717896 0.03
vn 4.83509e-06 0.441054 0.897481
v 43.1213 18.4415 -219.233
vt -8.91167 0.03
vt -8.91167 0
vt -0.717896 0
f 4230/3062/2064 4231/3063/2064 4226/3064/2064 4225/3065/2064 

vt 8.91167 0.352531
vn 2.08014e-05 0.897481 -0.441054
vt 0.717896 0.352531
v 488.927 2.88371 -250.87
v 8.496 2.8937 -250.872
vt 9.60383 1.08166e-10
v 7.20836 2.89373 -250.872
vt 9.62957 0
f 4231/3066/2065 4230/3067/2065 4232/3061/2065 4233/3068/2065 4234/3069/2065 

vt -1.51469e-10 0.03
vn 0.700525 0.314735 0.640473
vt -1.00598 0.03
vt -1.00598 0
vt -1.51469e-10 0
f 4232/3070/2066 4230/3071/2066 4225/3072/2066 4229/3073/2066 

vt 9.60383 0.03
vn -4.83511e-06 -0.441054 -0.897481
vt 9.60383 0
f 4233/3074/2067 4232/2588/2067 4229/2587/2067 4228/3075/2067 

vt 9.62957 0.03
vn -4.82671e-06 -0.441054 -0.897481
f 4234/3076/2068 4233/3074/2068 4228/3075/2068 4227/3069/2068 

vt -5.86598 0.03
vn -0.700518 0.314764 0.640466
vt -6.87196 0.03
vt -6.87196 0
vt -5.86598 0
f 4231/3077/2069 4234/3078/2069 4227/3079/2069 4226/3080/2069 

g Mesh10 ___37_5 Model

v 71.3054 0.00252598 -73.8302
vn 4.71629e-05 -1 2.22433e-09
v 17.7468 2.11394e-09 -73.8327
v 17.747 2.11394e-09 -76.8327
v 71.3055 0.00252598 -76.8302
f 4235/2589/2070 4236/2588/2070 4237/2587/2070 4238/2586/2070 

v 71.3963 2.8904 -73.8302
vn -4.71629e-05 -5.55112e-16 1
v 71.6371 2.89041 -73.8302
v 71.9793 2.89043 -73.8302
v 72.3747 2.89045 -73.8302
v 72.775 2.89047 -73.8301
v 73.1318 2.89048 -73.8301
v 73.3967 2.8905 -73.8301
v 73.5215 2.8905 -73.8301
v 73.6265 2.89846 -73.8301
v 73.7455 2.92949 -73.8301
v 73.8543 2.98172 -73.8301
v 73.9505 3.05276 -73.8301
v 74.0317 3.14025 -73.8301
v 74.0955 3.24178 -73.8301
v 74.1395 3.35498 -73.8301
v 74.1614 3.47747 -73.8301
v 74.1634 3.6025 -73.8301
v 74.1634 4.00957 -73.8301
v 74.1634 4.68005 -73.8301
v 74.1633 5.50858 -73.8301
v 74.1633 6.3898 -73.8301
v 74.1632 7.21833 -73.8301
v 74.1632 7.88881 -73.8301
v 74.1632 8.29588 -73.8301
v 74.1614 8.4143 -73.8301
v 74.1424 8.52094 -73.8301
v 74.104 8.61949 -73.8301
v 74.0485 8.70788 -73.8301
v 73.9778 8.78403 -73.8301
v 73.8941 8.84588 -73.8301
v 73.7993 8.89134 -73.8301
v 73.6957 8.91834 -73.8301
v 73.6037 8.92526 -73.8301
v 73.4742 8.92525 -73.8301
v 73.1994 8.92524 -73.8301
v 72.8294 8.92522 -73.8301
v 72.4142 8.9252 -73.8302
v 72.0041 8.92518 -73.8302
v 71.6491 8.92517 -73.8302
v 71.3994 8.92515 -73.8302
v 71.305 8.92515 -73.8302
v 71.3048 11.5522 -73.8302
v 60.0895 11.5517 -73.8307
v 40.7179 11.5526 -73.8317
v 40.6623 15.1734 -73.8317
v 34.3941 11.9747 -73.8319
v 34.3367 12.0873 -73.832
v 34.1846 12.3852 -73.832
v 33.9685 12.8086 -73.832
v 33.7187 13.2978 -73.832
v 33.466 13.793 -73.832
v 33.2407 14.2344 -73.832
v 33.0733 14.5622 -73.832
v 32.9945 14.7166 -73.832
v 32.9048 14.7764 -73.832
v 32.7942 14.8329 -73.832
v 32.6838 14.8761 -73.832
v 32.5752 14.9059 -73.832
v 32.4704 14.9224 -73.832
v 32.371 14.9257 -73.832
v 32.2789 14.9156 -73.832
v 32.196 14.8923 -73.8321
v 32.0179 14.8079 -73.8321
v 31.2039 14.4153 -73.8321
v 29.8632 13.7686 -73.8322
v 28.2065 12.9695 -73.8322
v 26.4444 12.1196 -73.8323
v 24.7877 11.3205 -73.8324
v 23.447 10.6738 -73.8325
v 22.6331 10.2812 -73.8325
v 22.4515 10.1914 -73.8325
v 22.3783 10.1312 -73.8325
v 22.3213 10.0535 -73.8325
v 22.281 9.96116 -73.8325
v 22.258 9.85726 -73.8325
v 22.2528 9.74475 -73.8325
v 22.2661 9.62664 -73.8325
v 22.2982 9.5059 -73.8325
v 22.3402 9.40474 -73.8325
v 22.4126 9.25431 -73.8325
v 22.5664 8.93502 -73.8325
v 22.7734 8.50509 -73.8325
v 23.0057 8.02276 -73.8325
v 23.2352 7.54625 -73.8325
v 23.4338 7.13379 -73.8325
v 23.5735 6.84361 -73.8325
v 23.6263 6.73395 -73.8325
v 17.7466 3.85266 -73.8327
v 71.3053 2.8904 -73.8302
f 4239/2774/2071 4240/2773/2071 4241/2772/2071 4242/2771/2071 4243/2770/2071 4244/2769/2071 4245/2768/2071 4246/2767/2071 4247/2766/2071 4248/2765/2071 4249/2764/2071 4250/2763/2071 4251/2762/2071 4252/2761/2071 4253/2760/2071 4254/2759/2071 4255/2758/2071 4256/2757/2071 4257/2756/2071 4258/2755/2071 4259/2754/2071 4260/2753/2071 4261/2752/2071 4262/2751/2071 4263/2750/2071 4264/2749/2071 4265/2748/2071 4266/2747/2071 4267/2746/2071 4268/2745/2071 4269/2744/2071 4270/2743/2071 4271/2742/2071 4272/2741/2071 4273/2740/2071 4274/2739/2071 4275/2738/2071 4276/2737/2071 4277/2736/2071 4278/2735/2071 4279/2734/2071 4280/2733/2071 4281/2732/2071 4282/2731/2071 4283/2730/2071 4284/2729/2071 4285/2728/2071 4286/2727/2071 4287/2726/2071 4288/2725/2071 4289/2724/2071 4290/2723/2071 4291/2722/2071 4292/2721/2071 4293/2720/2071 4294/2719/2071 4295/2718/2071 4296/2717/2071 4297/2716/2071 4298/2715/2071 4299/2714/2071 4300/2713/2071 4301/2712/2071 4302/2711/2071 4303/2710/2071 4304/2709/2071 4305/2708/2071 4306/2707/2071 4307/2706/2071 4308/2705/2071 4309/2704/2071 4310/2703/2071 4311/2702/2071 4312/2701/2071 4313/2700/2071 4314/2699/2071 4315/2698/2071 4316/2697/2071 4317/2696/2071 4318/2695/2071 4319/2694/2071 4320/2693/2071 4321/2692/2071 4322/2691/2071 4323/2690/2071 4324/2689/2071 4325/2688/2071 4326/2687/2071 4236/2686/2071 4235/2685/2071 4327/2684/2071 

v 71.3964 2.8904 -76.8302
v 71.6372 2.89041 -76.8302
f 4240/3054/2070 4239/3056/2070 4328/3055/2070 4329/3053/2070 

v 71.3054 2.8904 -76.8302
f 4239/3056/2070 4327/2589/2070 4330/2586/2070 4328/3055/2070 

vn 1 4.71629e-05 4.71629e-05
f 4327/2683/2072 4235/2682/2072 4238/2681/2072 4330/2680/2072 

vn 4.71629e-05 5.55112e-16 -1
v 17.7468 3.85266 -76.8327
v 23.6265 6.73395 -76.8325
v 23.5737 6.84361 -76.8325
v 23.4339 7.13379 -76.8325
v 23.2353 7.54625 -76.8325
v 23.0058 8.02276 -76.8325
v 22.7735 8.50509 -76.8325
v 22.5665 8.93502 -76.8325
v 22.4127 9.25431 -76.8325
v 22.3403 9.40474 -76.8325
v 22.2983 9.5059 -76.8325
v 22.2662 9.62664 -76.8325
v 22.253 9.74475 -76.8325
v 22.2582 9.85726 -76.8325
v 22.2812 9.96116 -76.8325
v 22.3214 10.0535 -76.8325
v 22.3784 10.1312 -76.8325
v 22.4516 10.1914 -76.8325
v 22.6332 10.2812 -76.8325
v 23.4472 10.6738 -76.8325
v 24.7879 11.3205 -76.8324
v 26.4446 12.1196 -76.8323
v 28.2067 12.9695 -76.8322
v 29.8634 13.7686 -76.8322
v 31.2041 14.4153 -76.8321
v 32.018 14.8079 -76.8321
v 32.1962 14.8923 -76.8321
v 32.2791 14.9156 -76.832
v 32.3711 14.9257 -76.832
v 32.4705 14.9224 -76.832
v 32.5754 14.9059 -76.832
v 32.6839 14.8761 -76.832
v 32.7944 14.8329 -76.832
v 32.9049 14.7764 -76.832
v 32.9946 14.7166 -76.832
v 33.0735 14.5622 -76.832
v 33.2408 14.2344 -76.832
v 33.4661 13.793 -76.832
v 33.7189 13.2978 -76.832
v 33.9686 12.8086 -76.832
v 34.1847 12.3852 -76.832
v 34.3368 12.0873 -76.832
v 34.3943 11.9747 -76.8319
v 40.6625 15.1734 -76.8317
v 40.718 11.5526 -76.8317
v 60.0896 11.5517 -76.8307
v 71.305 11.5522 -76.8302
v 71.3051 8.92515 -76.8302
v 71.3995 8.92515 -76.8302
v 71.6493 8.92517 -76.8302
v 72.0042 8.92518 -76.8302
v 72.4144 8.9252 -76.8302
v 72.8295 8.92522 -76.8301
v 73.1995 8.92524 -76.8301
v 73.4744 8.92525 -76.8301
v 73.6038 8.92526 -76.8301
v 73.6958 8.91834 -76.8301
v 73.7995 8.89134 -76.8301
v 73.8942 8.84588 -76.8301
v 73.978 8.78403 -76.8301
v 74.0486 8.70788 -76.8301
v 74.1042 8.61949 -76.8301
v 74.1425 8.52094 -76.8301
v 74.1616 8.4143 -76.8301
v 74.1633 8.29588 -76.8301
v 74.1633 7.88881 -76.8301
v 74.1634 7.21833 -76.8301
v 74.1634 6.3898 -76.8301
v 74.1635 5.50858 -76.8301
v 74.1635 4.68005 -76.8301
v 74.1635 4.00957 -76.8301
v 74.1636 3.6025 -76.8301
v 74.1615 3.47747 -76.8301
v 74.1397 3.35498 -76.8301
v 74.0957 3.24178 -76.8301
v 74.0319 3.14025 -76.8301
v 73.9507 3.05276 -76.8301
v 73.8545 2.98172 -76.8301
v 73.7457 2.92949 -76.8301
v 73.6266 2.89846 -76.8301
v 73.5217 2.8905 -76.8301
v 73.3969 2.8905 -76.8301
v 73.1319 2.89048 -76.8301
v 72.7751 2.89047 -76.8301
v 72.3749 2.89045 -76.8302
v 71.9795 2.89043 -76.8302
f 4237/2587/2073 4331/2679/2073 4332/2678/2073 4333/2677/2073 4334/2676/2073 4335/2675/2073 4336/2674/2073 4337/2673/2073 4338/2672/2073 4339/2671/2073 4340/2670/2073 4341/2669/2073 4342/2668/2073 4343/2667/2073 4344/2666/2073 4345/2665/2073 4346/2664/2073 4347/2663/2073 4348/2662/2073 4349/2661/2073 4350/2660/2073 4351/2659/2073 4352/2658/2073 4353/2657/2073 4354/2656/2073 4355/2655/2073 4356/2654/2073 4357/2653/2073 4358/2652/2073 4359/2651/2073 4360/2650/2073 4361/2649/2073 4362/2648/2073 4363/2647/2073 4364/2646/2073 4365/2645/2073 4366/2644/2073 4367/2643/2073 4368/2642/2073 4369/2641/2073 4370/2640/2073 4371/2639/2073 4372/2638/2073 4373/2637/2073 4374/2636/2073 4375/2635/2073 4376/2634/2073 4377/2633/2073 4378/2632/2073 4379/2631/2073 4380/2630/2073 4381/2629/2073 4382/2628/2073 4383/2627/2073 4384/2626/2073 4385/2625/2073 4386/2624/2073 4387/2623/2073 4388/2622/2073 4389/2621/2073 4390/2620/2073 4391/2619/2073 4392/2618/2073 4393/2617/2073 4394/2616/2073 4395/2615/2073 4396/2614/2073 4397/2613/2073 4398/2612/2073 4399/2611/2073 4400/2610/2073 4401/2609/2073 4402/2608/2073 4403/2607/2073 4404/2606/2073 4405/2605/2073 4406/2604/2073 4407/2603/2073 4408/2602/2073 4409/2601/2073 4410/2600/2073 4411/2599/2073 4412/2598/2073 4413/2597/2073 4414/2596/2073 4415/2595/2073 4416/2594/2073 4329/2593/2073 4328/2592/2073 4330/2591/2073 4238/2590/2073 

vn -1 -4.71629e-05 -4.71629e-05
f 4236/2588/2074 4326/2776/2074 4331/2775/2074 4237/2587/2074 

vn -0.440044 0.897976 -2.07537e-05
f 4326/2780/2075 4325/2779/2075 4332/2778/2075 4331/2777/2075 

vn -0.90097 -0.433882 -4.24923e-05
f 4325/2784/2076 4324/2783/2076 4333/2782/2076 4332/2781/2076 

f 4324/2783/2076 4323/2786/2076 4334/2785/2076 4333/2782/2076 

f 4323/2786/2076 4322/2788/2076 4335/2787/2076 4334/2785/2076 

f 4322/2788/2076 4321/2791/2076 4336/2790/2076 4335/2789/2076 

f 4321/2791/2076 4320/2794/2076 4337/2793/2076 4336/2792/2076 

f 4320/2794/2076 4319/2796/2076 4338/2795/2076 4337/2793/2076 

f 4319/2796/2076 4318/2799/2076 4339/2798/2076 4338/2797/2076 

vn -0.912672 -0.408693 -4.30442e-05
f 4318/2799/2076 4317/2801/2077 4340/2800/2077 4339/2798/2076 

vn -0.947109 -0.320912 -4.46684e-05
f 4317/2805/2077 4316/2804/2078 4341/2803/2078 4340/2802/2077 

vn -0.982798 -0.184682 -4.63516e-05
f 4316/2809/2078 4315/2808/2079 4342/2807/2079 4341/2806/2078 

vn -0.999465 -0.0327091 -4.71376e-05
f 4315/2813/2079 4314/2812/2080 4343/2811/2080 4342/2810/2079 

vn -0.991316 0.131502 -4.67533e-05
f 4314/2817/2080 4313/2816/2081 4344/2815/2081 4343/2814/2080 

vn -0.950913 0.309459 -4.48478e-05
f 4313/2821/2081 4312/2820/2082 4345/2819/2082 4344/2818/2081 

vn -0.866787 0.498678 -4.08802e-05
f 4312/2825/2082 4311/2824/2083 4346/2823/2083 4345/2822/2082 

vn -0.726415 0.687257 -3.42598e-05
f 4311/2829/2083 4310/2828/2084 4347/2827/2084 4346/2826/2083 

vn -0.542778 0.839876 -2.5599e-05
f 4310/2833/2084 4309/2832/2085 4348/2831/2085 4347/2830/2084 

vn -0.438916 0.898528 -2.07006e-05
f 4309/2837/2085 4308/2836/2086 4349/2835/2086 4348/2834/2085 

vn -0.434447 0.900697 -2.04898e-05
f 4308/2841/2086 4307/2840/2087 4350/2839/2087 4349/2838/2086 

f 4307/2840/2087 4306/2843/2087 4351/2842/2087 4350/2839/2087 

f 4306/2843/2087 4305/2846/2087 4352/2845/2087 4351/2844/2087 

f 4305/2846/2087 4304/2849/2087 4353/2848/2087 4352/2847/2087 

f 4304/2849/2087 4303/2852/2087 4354/2851/2087 4353/2850/2087 

f 4303/2852/2087 4302/2855/2087 4355/2854/2087 4354/2853/2087 

vn -0.431243 0.902236 -2.03386e-05
f 4302/2855/2087 4301/2858/2088 4356/2857/2088 4355/2856/2087 

vn -0.350486 0.936568 -1.65299e-05
f 4301/2862/2088 4300/2861/2089 4357/2860/2089 4356/2859/2088 

vn -0.190193 0.981747 -8.97005e-06
f 4300/2866/2089 4299/2865/2090 4358/2864/2090 4357/2863/2089 

vn -0.03828 0.999267 -1.8054e-06
f 4299/2870/2090 4298/2869/2091 4359/2868/2091 4358/2867/2090 

vn 0.0940501 0.995567 4.43567e-06
f 4298/2874/2091 4297/2873/2092 4360/2872/2092 4359/2871/2091 

vn 0.210537 0.977586 9.92951e-06
f 4297/2878/2092 4296/2877/2093 4361/2876/2093 4360/2875/2092 

vn 0.314954 0.949107 1.48541e-05
f 4296/2882/2093 4295/2881/2094 4362/2880/2094 4361/2879/2093 

vn 0.410326 0.911939 1.93521e-05
f 4295/2886/2094 4294/2885/2095 4363/2884/2095 4362/2883/2094 

vn 0.505597 0.86277 2.38454e-05
f 4294/2890/2095 4293/2889/2096 4364/2888/2096 4363/2887/2095 

vn 0.55403 0.832496 2.61297e-05
f 4293/2894/2096 4292/2893/2097 4365/2892/2097 4364/2891/2096 

vn 0.890673 0.454645 4.20067e-05
f 4292/2898/2098 4291/2897/2098 4366/2896/2098 4365/2895/2098 

f 4291/2897/2098 4290/2900/2098 4367/2899/2098 4366/2896/2098 

f 4290/2900/2098 4289/2902/2098 4368/2901/2098 4367/2899/2098 

f 4289/2902/2098 4288/2904/2098 4369/2903/2098 4368/2901/2098 

f 4288/2904/2098 4287/2906/2098 4370/2905/2098 4369/2903/2098 

f 4287/2906/2098 4286/2908/2098 4371/2907/2098 4370/2905/2098 

f 4286/2908/2098 4285/2911/2098 4372/2910/2098 4371/2909/2098 

f 4285/2911/2098 4284/2913/2098 4373/2912/2098 4372/2910/2098 

vn -0.45455 0.890721 -2.14379e-05
f 4284/2917/2099 4283/2916/2099 4374/2915/2099 4373/2914/2099 

vn 0.999882 0.0153504 4.71573e-05
f 4283/2921/2100 4282/2920/2100 4375/2919/2100 4374/2918/2100 

vn 4.91289e-05 1 2.31706e-09
vn 9.82999e-07 1 4.63616e-11
f 4282/2925/2101 4281/2924/2102 4376/2923/2102 4375/2922/2101 

vn -4.71629e-05 1 -2.22433e-09
f 4281/2929/2102 4280/2928/2103 4377/2927/2103 4376/2926/2102 

f 4280/2933/2072 4279/2932/2072 4378/2931/2072 4377/2930/2072 

f 4279/2928/2103 4278/2936/2103 4379/2935/2103 4378/2934/2103 

f 4278/2936/2103 4277/2938/2103 4380/2937/2103 4379/2935/2103 

f 4277/2938/2103 4276/2940/2103 4381/2939/2103 4380/2937/2103 

f 4276/2940/2103 4275/2942/2103 4382/2941/2103 4381/2939/2103 

f 4275/2942/2103 4274/2944/2103 4383/2943/2103 4382/2941/2103 

f 4274/2944/2103 4273/2946/2103 4384/2945/2103 4383/2943/2103 

f 4273/2946/2103 4272/2948/2103 4385/2947/2103 4384/2945/2103 

vn 0.0375068 0.999296 1.76893e-06
f 4272/2948/2103 4271/2950/2104 4386/2949/2104 4385/2947/2103 

vn 0.164217 0.986424 7.74494e-06
f 4271/2954/2104 4270/2953/2105 4387/2952/2105 4386/2951/2104 

vn 0.343955 0.938986 1.62219e-05
f 4270/2958/2105 4269/2957/2106 4388/2956/2106 4387/2955/2105 

vn 0.515621 0.856817 2.43181e-05
f 4269/2962/2106 4268/2961/2107 4389/2960/2107 4388/2959/2106 

vn 0.666378 0.745614 3.14283e-05
f 4268/2966/2107 4267/2965/2108 4390/2964/2108 4389/2963/2107 

vn 0.793275 0.608864 3.74131e-05
f 4267/2970/2108 4266/2969/2109 4391/2968/2109 4390/2967/2108 

vn 0.893358 0.449345 4.21333e-05
f 4266/2974/2109 4265/2973/2110 4392/2972/2110 4391/2971/2109 

vn 0.962728 0.27047 4.5405e-05
f 4265/2978/2110 4264/2977/2111 4393/2976/2111 4392/2975/2110 

vn 0.995413 0.0956664 4.69465e-05
f 4264/2982/2111 4263/2981/2112 4394/2980/2112 4393/2979/2111 

vn 0.999972 0.00744841 4.71615e-05
f 4263/2986/2112 4262/2985/2113 4395/2984/2113 4394/2983/2112 

f 4262/2990/2113 4261/2989/2072 4396/2988/2072 4395/2987/2113 

f 4261/2989/2072 4260/2992/2072 4397/2991/2072 4396/2988/2072 

f 4260/2992/2072 4259/2994/2072 4398/2993/2072 4397/2991/2072 

f 4259/2994/2072 4258/2996/2072 4399/2995/2072 4398/2993/2072 

f 4258/2996/2072 4257/2998/2072 4400/2997/2072 4399/2995/2072 

f 4257/2998/2072 4256/3000/2072 4401/2999/2072 4400/2997/2072 

vn 0.999968 -0.00800483 4.71613e-05
f 4256/3000/2072 4255/3002/2114 4402/3001/2114 4401/2999/2072 

vn 0.99536 -0.0962202 4.6944e-05
f 4255/3006/2114 4254/3005/2115 4403/3004/2115 4402/3003/2114 

vn 0.962754 -0.27038 4.54062e-05
f 4254/3010/2115 4253/3009/2116 4404/3008/2116 4403/3007/2115 

vn 0.893401 -0.449261 4.21353e-05
f 4253/3014/2116 4252/3013/2117 4405/3012/2117 4404/3011/2116 

vn 0.793332 -0.608789 3.74158e-05
f 4252/3018/2117 4251/3017/2118 4406/3016/2118 4405/3015/2117 

vn 0.666448 -0.745552 3.14316e-05
f 4251/3022/2118 4250/3021/2119 4407/3020/2119 4406/3019/2118 

vn 0.515701 -0.856768 2.4322e-05
f 4250/3026/2119 4249/3025/2120 4408/3024/2120 4407/3023/2119 

vn 0.344043 -0.938954 1.62261e-05
f 4249/3030/2120 4248/3029/2121 4409/3028/2121 4408/3027/2120 

vn 0.164572 -0.986365 7.76171e-06
f 4248/3034/2121 4247/3033/2122 4410/3032/2122 4409/3031/2121 

vn 0.0378669 -0.999283 1.78591e-06
f 4247/3038/2122 4246/3037/2123 4411/3036/2123 4410/3035/2122 

f 4246/3042/2123 4245/3041/2070 4412/3040/2070 4411/3039/2123 

f 4245/3041/2070 4244/3044/2070 4413/3043/2070 4412/3040/2070 

f 4244/3044/2070 4243/3046/2070 4414/3045/2070 4413/3043/2070 

f 4243/3046/2070 4242/3048/2070 4415/3047/2070 4414/3045/2070 

f 4242/3048/2070 4241/3051/2070 4416/3050/2070 4415/3049/2070 

f 4241/3051/2070 4240/3054/2070 4329/3053/2070 4416/3052/2070 

g Mesh11 ___37_6 Model

v 424.827 0.00252598 -76.8302
vn -4.71629e-05 -1 2.22433e-09
v 478.385 2.11394e-09 -76.8327
v 478.385 2.11394e-09 -73.8327
v 424.827 0.00252598 -73.8302
f 4417/2586/2124 4418/2587/2124 4419/2588/2124 4420/2589/2124 

vn -4.71629e-05 5.55112e-16 -1
v 424.827 2.8904 -76.8302
v 424.736 2.8904 -76.8302
v 424.495 2.89041 -76.8302
v 424.153 2.89043 -76.8302
v 423.757 2.89045 -76.8302
v 423.357 2.89047 -76.8301
v 423 2.89048 -76.8301
v 422.735 2.8905 -76.8301
v 422.61 2.8905 -76.8301
v 422.506 2.89846 -76.8301
v 422.386 2.92949 -76.8301
v 422.278 2.98172 -76.8301
v 422.181 3.05276 -76.8301
v 422.1 3.14025 -76.8301
v 422.036 3.24178 -76.8301
v 421.992 3.35498 -76.8301
v 421.971 3.47747 -76.8301
v 421.969 3.6025 -76.8301
v 421.969 4.00957 -76.8301
v 421.969 4.68005 -76.8301
v 421.969 5.50858 -76.8301
v 421.969 6.3898 -76.8301
v 421.969 7.21833 -76.8301
v 421.969 7.88881 -76.8301
v 421.969 8.29588 -76.8301
v 421.971 8.4143 -76.8301
v 421.99 8.52094 -76.8301
v 422.028 8.61949 -76.8301
v 422.083 8.70788 -76.8301
v 422.154 8.78403 -76.8301
v 422.238 8.84588 -76.8301
v 422.333 8.89134 -76.8301
v 422.436 8.91834 -76.8301
v 422.528 8.92526 -76.8301
v 422.658 8.92525 -76.8301
v 422.933 8.92524 -76.8301
v 423.303 8.92522 -76.8301
v 423.718 8.9252 -76.8302
v 424.128 8.92518 -76.8302
v 424.483 8.92517 -76.8302
v 424.733 8.92515 -76.8302
v 424.827 8.92515 -76.8302
v 424.827 11.5522 -76.8302
v 436.043 11.5517 -76.8307
v 455.414 11.5526 -76.8317
v 455.47 15.1734 -76.8317
v 461.738 11.9747 -76.8319
v 461.795 12.0873 -76.832
v 461.947 12.3852 -76.832
v 462.164 12.8086 -76.832
v 462.413 13.2978 -76.832
v 462.666 13.793 -76.832
v 462.891 14.2344 -76.832
v 463.059 14.5622 -76.832
v 463.137 14.7166 -76.832
v 463.227 14.7764 -76.832
v 463.338 14.8329 -76.832
v 463.448 14.8761 -76.832
v 463.557 14.9059 -76.832
v 463.662 14.9224 -76.832
v 463.761 14.9257 -76.832
v 463.853 14.9156 -76.832
v 463.936 14.8923 -76.8321
v 464.114 14.8079 -76.8321
v 464.928 14.4153 -76.8321
v 466.269 13.7686 -76.8322
v 467.925 12.9695 -76.8322
v 469.688 12.1196 -76.8323
v 471.344 11.3205 -76.8324
v 472.685 10.6738 -76.8325
v 473.499 10.2812 -76.8325
v 473.681 10.1914 -76.8325
v 473.754 10.1312 -76.8325
v 473.811 10.0535 -76.8325
v 473.851 9.96116 -76.8325
v 473.874 9.85726 -76.8325
v 473.879 9.74475 -76.8325
v 473.866 9.62664 -76.8325
v 473.834 9.5059 -76.8325
v 473.792 9.40474 -76.8325
v 473.719 9.25431 -76.8325
v 473.566 8.93502 -76.8325
v 473.359 8.50509 -76.8325
v 473.126 8.02276 -76.8325
v 472.897 7.54625 -76.8325
v 472.698 7.13379 -76.8325
v 472.558 6.84361 -76.8325
v 472.506 6.73395 -76.8325
v 478.385 3.85266 -76.8327
f 4417/2590/2125 4421/2591/2125 4422/2592/2125 4423/2593/2125 4424/2594/2125 4425/2595/2125 4426/2596/2125 4427/2597/2125 4428/2598/2125 4429/2599/2125 4430/2600/2125 4431/2601/2125 4432/2602/2125 4433/2603/2125 4434/2604/2125 4435/2605/2125 4436/2606/2125 4437/2607/2125 4438/2608/2125 4439/2609/2125 4440/2610/2125 4441/2611/2125 4442/2612/2125 4443/2613/2125 4444/2614/2125 4445/2615/2125 4446/2616/2125 4447/2617/2125 4448/2618/2125 4449/2619/2125 4450/2620/2125 4451/2621/2125 4452/2622/2125 4453/2623/2125 4454/2624/2125 4455/2625/2125 4456/2626/2125 4457/2627/2125 4458/2628/2125 4459/2629/2125 4460/2630/2125 4461/2631/2125 4462/2632/2125 4463/2633/2125 4464/2634/2125 4465/2635/2125 4466/2636/2125 4467/2637/2125 4468/2638/2125 4469/2639/2125 4470/2640/2125 4471/2641/2125 4472/2642/2125 4473/2643/2125 4474/2644/2125 4475/2645/2125 4476/2646/2125 4477/2647/2125 4478/2648/2125 4479/2649/2125 4480/2650/2125 4481/2651/2125 4482/2652/2125 4483/2653/2125 4484/2654/2125 4485/2655/2125 4486/2656/2125 4487/2657/2125 4488/2658/2125 4489/2659/2125 4490/2660/2125 4491/2661/2125 4492/2662/2125 4493/2663/2125 4494/2664/2125 4495/2665/2125 4496/2666/2125 4497/2667/2125 4498/2668/2125 4499/2669/2125 4500/2670/2125 4501/2671/2125 4502/2672/2125 4503/2673/2125 4504/2674/2125 4505/2675/2125 4506/2676/2125 4507/2677/2125 4508/2678/2125 4509/2679/2125 4418/2587/2125 

vn -1 4.71629e-05 4.71629e-05
v 424.827 2.8904 -73.8302
f 4421/2680/2126 4417/2681/2126 4420/2682/2126 4510/2683/2126 

vn 4.71629e-05 -5.55112e-16 1
v 478.386 3.85266 -73.8327
v 472.506 6.73395 -73.8325
v 472.559 6.84361 -73.8325
v 472.698 7.13379 -73.8325
v 472.897 7.54625 -73.8325
v 473.126 8.02276 -73.8325
v 473.359 8.50509 -73.8325
v 473.566 8.93502 -73.8325
v 473.72 9.25431 -73.8325
v 473.792 9.40474 -73.8325
v 473.834 9.5059 -73.8325
v 473.866 9.62664 -73.8325
v 473.879 9.74475 -73.8325
v 473.874 9.85726 -73.8325
v 473.851 9.96116 -73.8325
v 473.811 10.0535 -73.8325
v 473.754 10.1312 -73.8325
v 473.681 10.1914 -73.8325
v 473.499 10.2812 -73.8325
v 472.685 10.6738 -73.8325
v 471.344 11.3205 -73.8324
v 469.688 12.1196 -73.8323
v 467.926 12.9695 -73.8322
v 466.269 13.7686 -73.8322
v 464.928 14.4153 -73.8321
v 464.114 14.8079 -73.8321
v 463.936 14.8923 -73.8321
v 463.853 14.9156 -73.832
v 463.761 14.9257 -73.832
v 463.662 14.9224 -73.832
v 463.557 14.9059 -73.832
v 463.448 14.8761 -73.832
v 463.338 14.8329 -73.832
v 463.227 14.7764 -73.832
v 463.138 14.7166 -73.832
v 463.059 14.5622 -73.832
v 462.891 14.2344 -73.832
v 462.666 13.793 -73.832
v 462.413 13.2978 -73.832
v 462.164 12.8086 -73.832
v 461.948 12.3852 -73.832
v 461.795 12.0873 -73.832
v 461.738 11.9747 -73.8319
v 455.47 15.1734 -73.8317
v 455.414 11.5526 -73.8317
v 436.043 11.5517 -73.8307
v 424.827 11.5522 -73.8302
v 424.827 8.92515 -73.8302
v 424.733 8.92515 -73.8302
v 424.483 8.92517 -73.8302
v 424.128 8.92518 -73.8302
v 423.718 8.9252 -73.8302
v 423.303 8.92522 -73.8301
v 422.933 8.92524 -73.8301
v 422.658 8.92525 -73.8301
v 422.528 8.92526 -73.8301
v 422.436 8.91834 -73.8301
v 422.333 8.89134 -73.8301
v 422.238 8.84588 -73.8301
v 422.154 8.78403 -73.8301
v 422.084 8.70788 -73.8301
v 422.028 8.61949 -73.8301
v 421.99 8.52094 -73.8301
v 421.971 8.4143 -73.8301
v 421.969 8.29588 -73.8301
v 421.969 7.88881 -73.8301
v 421.969 7.21833 -73.8301
v 421.969 6.3898 -73.8301
v 421.969 5.50858 -73.8301
v 421.969 4.68005 -73.8301
v 421.969 4.00957 -73.8301
v 421.969 3.6025 -73.8301
v 421.971 3.47747 -73.8301
v 421.993 3.35498 -73.8301
v 422.037 3.24178 -73.8301
v 422.1 3.14025 -73.8301
v 422.182 3.05276 -73.8301
v 422.278 2.98172 -73.8301
v 422.387 2.92949 -73.8301
v 422.506 2.89846 -73.8301
v 422.611 2.8905 -73.8301
v 422.735 2.8905 -73.8301
v 423 2.89048 -73.8301
v 423.357 2.89047 -73.8301
v 423.757 2.89045 -73.8302
v 424.153 2.89043 -73.8302
v 424.495 2.89041 -73.8302
v 424.736 2.8904 -73.8302
f 4510/2684/2127 4420/2685/2127 4419/2686/2127 4511/2687/2127 4512/2688/2127 4513/2689/2127 4514/2690/2127 4515/2691/2127 4516/2692/2127 4517/2693/2127 4518/2694/2127 4519/2695/2127 4520/2696/2127 4521/2697/2127 4522/2698/2127 4523/2699/2127 4524/2700/2127 4525/2701/2127 4526/2702/2127 4527/2703/2127 4528/2704/2127 4529/2705/2127 4530/2706/2127 4531/2707/2127 4532/2708/2127 4533/2709/2127 4534/2710/2127 4535/2711/2127 4536/2712/2127 4537/2713/2127 4538/2714/2127 4539/2715/2127 4540/2716/2127 4541/2717/2127 4542/2718/2127 4543/2719/2127 4544/2720/2127 4545/2721/2127 4546/2722/2127 4547/2723/2127 4548/2724/2127 4549/2725/2127 4550/2726/2127 4551/2727/2127 4552/2728/2127 4553/2729/2127 4554/2730/2127 4555/2731/2127 4556/2732/2127 4557/2733/2127 4558/2734/2127 4559/2735/2127 4560/2736/2127 4561/2737/2127 4562/2738/2127 4563/2739/2127 4564/2740/2127 4565/2741/2127 4566/2742/2127 4567/2743/2127 4568/2744/2127 4569/2745/2127 4570/2746/2127 4571/2747/2127 4572/2748/2127 4573/2749/2127 4574/2750/2127 4575/2751/2127 4576/2752/2127 4577/2753/2127 4578/2754/2127 4579/2755/2127 4580/2756/2127 4581/2757/2127 4582/2758/2127 4583/2759/2127 4584/2760/2127 4585/2761/2127 4586/2762/2127 4587/2763/2127 4588/2764/2127 4589/2765/2127 4590/2766/2127 4591/2767/2127 4592/2768/2127 4593/2769/2127 4594/2770/2127 4595/2771/2127 4596/2772/2127 4597/2773/2127 4598/2774/2127 

vn 1 -4.71629e-05 -4.71629e-05
f 4418/2587/2128 4509/2775/2128 4511/2776/2128 4419/2588/2128 

vn 0.440044 0.897976 -2.07537e-05
f 4509/2777/2129 4508/2778/2129 4512/2779/2129 4511/2780/2129 

vn 0.90097 -0.433882 -4.24923e-05
f 4508/2781/2130 4507/2782/2130 4513/2783/2130 4512/2784/2130 

f 4507/2782/2130 4506/2785/2130 4514/2786/2130 4513/2783/2130 

f 4506/2785/2130 4505/2787/2130 4515/2788/2130 4514/2786/2130 

f 4505/2789/2130 4504/2790/2130 4516/2791/2130 4515/2788/2130 

f 4504/2792/2130 4503/2793/2130 4517/2794/2130 4516/2791/2130 

f 4503/2793/2130 4502/2795/2130 4518/2796/2130 4517/2794/2130 

f 4502/2797/2130 4501/2798/2130 4519/2799/2130 4518/2796/2130 

vn 0.912672 -0.408693 -4.30442e-05
f 4501/2798/2130 4500/2800/2131 4520/2801/2131 4519/2799/2130 

vn 0.947109 -0.320912 -4.46684e-05
f 4500/2802/2131 4499/2803/2132 4521/2804/2132 4520/2805/2131 

vn 0.982798 -0.184682 -4.63516e-05
f 4499/2806/2132 4498/2807/2133 4522/2808/2133 4521/2809/2132 

vn 0.999465 -0.0327091 -4.71376e-05
f 4498/2810/2133 4497/2811/2134 4523/2812/2134 4522/2813/2133 

vn 0.991316 0.131502 -4.67533e-05
f 4497/2814/2134 4496/2815/2135 4524/2816/2135 4523/2817/2134 

vn 0.950913 0.309459 -4.48478e-05
f 4496/2818/2135 4495/2819/2136 4525/2820/2136 4524/2821/2135 

vn 0.866787 0.498678 -4.08802e-05
f 4495/2822/2136 4494/2823/2137 4526/2824/2137 4525/2825/2136 

vn 0.726415 0.687257 -3.42598e-05
f 4494/2826/2137 4493/2827/2138 4527/2828/2138 4526/2829/2137 

vn 0.542778 0.839876 -2.5599e-05
f 4493/2830/2138 4492/2831/2139 4528/2832/2139 4527/2833/2138 

vn 0.438916 0.898528 -2.07006e-05
f 4492/2834/2139 4491/2835/2140 4529/2836/2140 4528/2837/2139 

vn 0.434447 0.900697 -2.04898e-05
f 4491/2838/2140 4490/2839/2141 4530/2840/2141 4529/2841/2140 

f 4490/2839/2141 4489/2842/2141 4531/2843/2141 4530/2840/2141 

f 4489/2844/2141 4488/2845/2141 4532/2846/2141 4531/2843/2141 

f 4488/2847/2141 4487/2848/2141 4533/2849/2141 4532/2846/2141 

f 4487/2850/2141 4486/2851/2141 4534/2852/2141 4533/2849/2141 

f 4486/2853/2141 4485/2854/2141 4535/2855/2141 4534/2852/2141 

vn 0.431243 0.902236 -2.03386e-05
f 4485/2856/2141 4484/2857/2142 4536/2858/2142 4535/2855/2141 

vn 0.350486 0.936568 -1.65299e-05
f 4484/2859/2142 4483/2860/2143 4537/2861/2143 4536/2862/2142 

vn 0.190193 0.981747 -8.97005e-06
f 4483/2863/2143 4482/2864/2144 4538/2865/2144 4537/2866/2143 

vn 0.03828 0.999267 -1.8054e-06
f 4482/2867/2144 4481/2868/2145 4539/2869/2145 4538/2870/2144 

vn -0.0940501 0.995567 4.43567e-06
f 4481/2871/2145 4480/2872/2146 4540/2873/2146 4539/2874/2145 

vn -0.210537 0.977586 9.92951e-06
f 4480/2875/2146 4479/2876/2147 4541/2877/2147 4540/2878/2146 

vn -0.314954 0.949107 1.48541e-05
f 4479/2879/2147 4478/2880/2148 4542/2881/2148 4541/2882/2147 

vn -0.410326 0.911939 1.93521e-05
f 4478/2883/2148 4477/2884/2149 4543/2885/2149 4542/2886/2148 

vn -0.505597 0.86277 2.38454e-05
f 4477/2887/2149 4476/2888/2150 4544/2889/2150 4543/2890/2149 

vn -0.55403 0.832496 2.61297e-05
f 4476/2891/2150 4475/2892/2151 4545/2893/2151 4544/2894/2150 

vn -0.890673 0.454645 4.20067e-05
f 4475/2895/2152 4474/2896/2152 4546/2897/2152 4545/2898/2152 

f 4474/2896/2152 4473/2899/2152 4547/2900/2152 4546/2897/2152 

f 4473/2899/2152 4472/2901/2152 4548/2902/2152 4547/2900/2152 

f 4472/2901/2152 4471/2903/2152 4549/2904/2152 4548/2902/2152 

f 4471/2903/2152 4470/2905/2152 4550/2906/2152 4549/2904/2152 

f 4470/2905/2152 4469/2907/2152 4551/2908/2152 4550/2906/2152 

f 4469/2909/2152 4468/2910/2152 4552/2911/2152 4551/2908/2152 

f 4468/2910/2152 4467/2912/2152 4553/2913/2152 4552/2911/2152 

vn 0.45455 0.890721 -2.14379e-05
f 4467/2914/2153 4466/2915/2153 4554/2916/2153 4553/2917/2153 

vn -0.999882 0.0153504 4.71573e-05
f 4466/2918/2154 4465/2919/2154 4555/2920/2154 4554/2921/2154 

vn -4.91289e-05 1 2.31706e-09
vn -9.82999e-07 1 4.63616e-11
f 4465/2922/2155 4464/2923/2156 4556/2924/2156 4555/2925/2155 

vn 4.71629e-05 1 -2.22433e-09
f 4464/2926/2156 4463/2927/2157 4557/2928/2157 4556/2929/2156 

f 4463/2930/2126 4462/2931/2126 4558/2932/2126 4557/2933/2126 

f 4462/2934/2157 4461/2935/2157 4559/2936/2157 4558/2928/2157 

f 4461/2935/2157 4460/2937/2157 4560/2938/2157 4559/2936/2157 

f 4460/2937/2157 4459/2939/2157 4561/2940/2157 4560/2938/2157 

f 4459/2939/2157 4458/2941/2157 4562/2942/2157 4561/2940/2157 

f 4458/2941/2157 4457/2943/2157 4563/2944/2157 4562/2942/2157 

f 4457/2943/2157 4456/2945/2157 4564/2946/2157 4563/2944/2157 

f 4456/2945/2157 4455/2947/2157 4565/2948/2157 4564/2946/2157 

vn -0.0375068 0.999296 1.76893e-06
f 4455/2947/2157 4454/2949/2158 4566/2950/2158 4565/2948/2157 

vn -0.164217 0.986424 7.74494e-06
f 4454/2951/2158 4453/2952/2159 4567/2953/2159 4566/2954/2158 

vn -0.343955 0.938986 1.62219e-05
f 4453/2955/2159 4452/2956/2160 4568/2957/2160 4567/2958/2159 

vn -0.515621 0.856817 2.43181e-05
f 4452/2959/2160 4451/2960/2161 4569/2961/2161 4568/2962/2160 

vn -0.666378 0.745614 3.14283e-05
f 4451/2963/2161 4450/2964/2162 4570/2965/2162 4569/2966/2161 

vn -0.793275 0.608864 3.74131e-05
f 4450/2967/2162 4449/2968/2163 4571/2969/2163 4570/2970/2162 

vn -0.893358 0.449345 4.21333e-05
f 4449/2971/2163 4448/2972/2164 4572/2973/2164 4571/2974/2163 

vn -0.962728 0.27047 4.5405e-05
f 4448/2975/2164 4447/2976/2165 4573/2977/2165 4572/2978/2164 

vn -0.995413 0.0956664 4.69465e-05
f 4447/2979/2165 4446/2980/2166 4574/2981/2166 4573/2982/2165 

vn -0.999972 0.00744841 4.71615e-05
f 4446/2983/2166 4445/2984/2167 4575/2985/2167 4574/2986/2166 

f 4445/2987/2167 4444/2988/2126 4576/2989/2126 4575/2990/2167 

f 4444/2988/2126 4443/2991/2126 4577/2992/2126 4576/2989/2126 

f 4443/2991/2126 4442/2993/2126 4578/2994/2126 4577/2992/2126 

f 4442/2993/2126 4441/2995/2126 4579/2996/2126 4578/2994/2126 

f 4441/2995/2126 4440/2997/2126 4580/2998/2126 4579/2996/2126 

f 4440/2997/2126 4439/2999/2126 4581/3000/2126 4580/2998/2126 

vn -0.999968 -0.00800483 4.71613e-05
f 4439/2999/2126 4438/3001/2168 4582/3002/2168 4581/3000/2126 

vn -0.99536 -0.0962202 4.6944e-05
f 4438/3003/2168 4437/3004/2169 4583/3005/2169 4582/3006/2168 

vn -0.962754 -0.27038 4.54062e-05
f 4437/3007/2169 4436/3008/2170 4584/3009/2170 4583/3010/2169 

vn -0.893401 -0.449261 4.21353e-05
f 4436/3011/2170 4435/3012/2171 4585/3013/2171 4584/3014/2170 

vn -0.793332 -0.608789 3.74158e-05
f 4435/3015/2171 4434/3016/2172 4586/3017/2172 4585/3018/2171 

vn -0.666448 -0.745552 3.14316e-05
f 4434/3019/2172 4433/3020/2173 4587/3021/2173 4586/3022/2172 

vn -0.515701 -0.856768 2.4322e-05
f 4433/3023/2173 4432/3024/2174 4588/3025/2174 4587/3026/2173 

vn -0.344043 -0.938954 1.62261e-05
f 4432/3027/2174 4431/3028/2175 4589/3029/2175 4588/3030/2174 

vn -0.164572 -0.986365 7.76171e-06
f 4431/3031/2175 4430/3032/2176 4590/3033/2176 4589/3034/2175 

vn -0.0378669 -0.999283 1.78591e-06
f 4430/3035/2176 4429/3036/2177 4591/3037/2177 4590/3038/2176 

f 4429/3039/2177 4428/3040/2124 4592/3041/2124 4591/3042/2177 

f 4428/3040/2124 4427/3043/2124 4593/3044/2124 4592/3041/2124 

f 4427/3043/2124 4426/3045/2124 4594/3046/2124 4593/3044/2124 

f 4426/3045/2124 4425/3047/2124 4595/3048/2124 4594/3046/2124 

f 4425/3049/2124 4424/3050/2124 4596/3051/2124 4595/3048/2124 

f 4424/3052/2124 4423/3053/2124 4597/3054/2124 4596/3051/2124 

f 4423/3053/2124 4422/3055/2124 4598/3056/2124 4597/3054/2124 

f 4422/3055/2124 4421/2586/2124 4510/2589/2124 4598/3056/2124 

g Mesh12 ___48_1 Model

v 487.641 0.0262376 -8.22887
vt -0.704709 0
vn -0.438143 -0.898905 2.06641e-05
v 455.951 15.4715 -36.5853
vt 0 0.283563
v 455.951 15.4678 -218.259
vt -6.49395e-14 2.1003
v 487.64 0.0213116 -246.615
vt -0.704709 2.38386
f 4599/3081/2178 4600/3082/2178 4601/3083/2178 4602/3084/2178 

v 488.955 2.72295 -8.22893
vt 0.549115 0.03
vn -0.563399 0.274629 0.779205
v 457.266 18.1683 -36.5854
vt -0.355277 0.03
vt -0.355277 0
vt 0.549115 0
f 4603/3085/2179 4604/3086/2179 4600/3087/2179 4599/3088/2179 

vn 0.438143 0.898905 -2.06641e-05
vt 0.704709 0
v 488.954 2.71803 -246.615
vt 0.704709 2.38386
v 457.265 18.1645 -218.259
vt 6.49395e-14 2.1003
f 4604/3082/2180 4603/3089/2180 4605/3090/2180 4606/3091/2180 

vt 4.76534 0.03
vn 0.898905 -0.438143 4.76791e-06
vt 4.76534 0
f 4605/3092/2181 4603/2588/2181 4599/2587/2181 4602/3093/2181 

vt -2.63147 0.03
vn -0.563407 0.274597 -0.779211
vt -3.53587 0.03
vt -3.53587 0
vt -2.63147 0
f 4606/3094/2182 4605/3095/2182 4602/3096/2182 4601/3097/2182 

vt -0.566842 0.03
vn -0.898905 0.438143 -4.76791e-06
vt -4.1985 0.03
vt -4.1985 0
vt -0.566842 0
f 4604/3098/2183 4606/3099/2183 4601/3100/2183 4600/3101/2183 

g Mesh13 ___46_1 Model

v 488.933 0.423308 -5.05741
vn 0.700525 0.305749 -0.644812
v 453.02 15.5286 -36.9105
v 453.02 18.2393 -35.6251
v 488.933 3.13399 -3.77202
f 4607/2587/2184 4608/3072/2184 4609/3071/2184 4610/2588/2184 

v 277.707 0.427576 -5.05645
vt -4.2224 0
vn -2.02075e-05 -0.90356 -0.428461
v 277.707 15.5322 -36.9097
vt -4.2224 0.352531
f 4611/3102/2185 4612/3103/2185 4608/3057/2185 4607/2587/2185 

vn -1 2.02075e-05 4.54838e-06
v 277.707 3.13826 -3.77106
v 277.707 18.2428 -35.6243
vt 0.704709 0.03
f 4612/3089/2186 4611/2587/2186 4613/2588/2186 4614/3104/2186 

vt 4.2224 0
vn -4.54838e-06 -0.428461 0.90356
vt 4.2224 0.03
f 4611/3105/2187 4607/2587/2187 4610/2588/2187 4613/3106/2187 

vt 4.2224 0.352531
vn 2.02075e-05 0.90356 0.428461
f 4614/3107/2188 4613/3105/2188 4610/2587/2188 4609/3067/2188 

vn 4.54838e-06 0.428461 -0.90356
vt -4.2224 0.03
f 4608/3065/2189 4612/3102/2189 4614/3108/2189 4609/3062/2189 

g Mesh14 ___37_7 Model

v 424.827 0.00252598 -180.967
v 478.385 2.11394e-09 -180.97
v 478.385 2.11394e-09 -177.97
v 424.827 0.00252598 -177.967
f 4615/2586/2124 4616/2587/2124 4617/2588/2124 4618/2589/2124 

v 424.827 2.8904 -180.967
v 424.736 2.8904 -180.967
v 424.495 2.89041 -180.967
v 424.153 2.89043 -180.967
v 423.757 2.89045 -180.967
v 423.357 2.89047 -180.967
v 423 2.89048 -180.967
v 422.735 2.8905 -180.967
v 422.61 2.8905 -180.967
v 422.506 2.89846 -180.967
v 422.386 2.92949 -180.967
v 422.278 2.98172 -180.967
v 422.181 3.05276 -180.967
v 422.1 3.14025 -180.967
v 422.036 3.24178 -180.967
v 421.992 3.35498 -180.967
v 421.971 3.47747 -180.967
v 421.969 3.6025 -180.967
v 421.969 4.00957 -180.967
v 421.969 4.68005 -180.967
v 421.969 5.50858 -180.967
v 421.969 6.3898 -180.967
v 421.969 7.21833 -180.967
v 421.969 7.88881 -180.967
v 421.969 8.29588 -180.967
v 421.971 8.4143 -180.967
v 421.99 8.52094 -180.967
v 422.028 8.61949 -180.967
v 422.083 8.70788 -180.967
v 422.154 8.78403 -180.967
v 422.238 8.84588 -180.967
v 422.333 8.89134 -180.967
v 422.436 8.91834 -180.967
v 422.528 8.92526 -180.967
v 422.658 8.92525 -180.967
v 422.933 8.92524 -180.967
v 423.303 8.92522 -180.967
v 423.718 8.9252 -180.967
v 424.128 8.92518 -180.967
v 424.483 8.92517 -180.967
v 424.733 8.92515 -180.967
v 424.827 8.92515 -180.967
v 424.827 11.5522 -180.967
v 436.043 11.5517 -180.968
v 455.414 11.5526 -180.969
v 455.47 15.1734 -180.969
v 461.738 11.9747 -180.969
v 461.795 12.0873 -180.969
v 461.947 12.3852 -180.969
v 462.164 12.8086 -180.969
v 462.413 13.2978 -180.969
v 462.666 13.793 -180.969
v 462.891 14.2344 -180.969
v 463.059 14.5622 -180.969
v 463.137 14.7166 -180.969
v 463.227 14.7764 -180.969
v 463.338 14.8329 -180.969
v 463.448 14.8761 -180.969
v 463.557 14.9059 -180.969
v 463.662 14.9224 -180.969
v 463.761 14.9257 -180.969
v 463.853 14.9156 -180.969
v 463.936 14.8923 -180.969
v 464.114 14.8079 -180.969
v 464.928 14.4153 -180.969
v 466.269 13.7686 -180.969
v 467.925 12.9695 -180.969
v 469.688 12.1196 -180.97
v 471.344 11.3205 -180.97
v 472.685 10.6738 -180.97
v 473.499 10.2812 -180.97
v 473.681 10.1914 -180.97
v 473.754 10.1312 -180.97
v 473.811 10.0535 -180.97
v 473.851 9.96116 -180.97
v 473.874 9.85726 -180.97
v 473.879 9.74475 -180.97
v 473.866 9.62664 -180.97
v 473.834 9.5059 -180.97
v 473.792 9.40474 -180.97
v 473.719 9.25431 -180.97
v 473.566 8.93502 -180.97
v 473.359 8.50509 -180.97
v 473.126 8.02276 -180.97
v 472.897 7.54625 -180.97
v 472.698 7.13379 -180.97
v 472.558 6.84361 -180.97
v 472.506 6.73395 -180.97
v 478.385 3.85266 -180.97
f 4615/2590/2125 4619/2591/2125 4620/2592/2125 4621/2593/2125 4622/2594/2125 4623/2595/2125 4624/2596/2125 4625/2597/2125 4626/2598/2125 4627/2599/2125 4628/2600/2125 4629/2601/2125 4630/2602/2125 4631/2603/2125 4632/2604/2125 4633/2605/2125 4634/2606/2125 4635/2607/2125 4636/2608/2125 4637/2609/2125 4638/2610/2125 4639/2611/2125 4640/2612/2125 4641/2613/2125 4642/2614/2125 4643/2615/2125 4644/2616/2125 4645/2617/2125 4646/2618/2125 4647/2619/2125 4648/2620/2125 4649/2621/2125 4650/2622/2125 4651/2623/2125 4652/2624/2125 4653/2625/2125 4654/2626/2125 4655/2627/2125 4656/2628/2125 4657/2629/2125 4658/2630/2125 4659/2631/2125 4660/2632/2125 4661/2633/2125 4662/2634/2125 4663/2635/2125 4664/2636/2125 4665/2637/2125 4666/2638/2125 4667/2639/2125 4668/2640/2125 4669/2641/2125 4670/2642/2125 4671/2643/2125 4672/2644/2125 4673/2645/2125 4674/2646/2125 4675/2647/2125 4676/2648/2125 4677/2649/2125 4678/2650/2125 4679/2651/2125 4680/2652/2125 4681/2653/2125 4682/2654/2125 4683/2655/2125 4684/2656/2125 4685/2657/2125 4686/2658/2125 4687/2659/2125 4688/2660/2125 4689/2661/2125 4690/2662/2125 4691/2663/2125 4692/2664/2125 4693/2665/2125 4694/2666/2125 4695/2667/2125 4696/2668/2125 4697/2669/2125 4698/2670/2125 4699/2671/2125 4700/2672/2125 4701/2673/2125 4702/2674/2125 4703/2675/2125 4704/2676/2125 4705/2677/2125 4706/2678/2125 4707/2679/2125 4616/2587/2125 

v 424.827 2.8904 -177.967
f 4619/2680/2126 4615/2681/2126 4618/2682/2126 4708/2683/2126 

v 478.386 3.85266 -177.97
v 472.506 6.73395 -177.97
v 472.559 6.84361 -177.97
v 472.698 7.13379 -177.97
v 472.897 7.54625 -177.97
v 473.126 8.02276 -177.97
v 473.359 8.50509 -177.97
v 473.566 8.93502 -177.97
v 473.72 9.25431 -177.97
v 473.792 9.40474 -177.97
v 473.834 9.5059 -177.97
v 473.866 9.62664 -177.97
v 473.879 9.74475 -177.97
v 473.874 9.85726 -177.97
v 473.851 9.96116 -177.97
v 473.811 10.0535 -177.97
v 473.754 10.1312 -177.97
v 473.681 10.1914 -177.97
v 473.499 10.2812 -177.97
v 472.685 10.6738 -177.97
v 471.344 11.3205 -177.97
v 469.688 12.1196 -177.97
v 467.926 12.9695 -177.969
v 466.269 13.7686 -177.969
v 464.928 14.4153 -177.969
v 464.114 14.8079 -177.969
v 463.936 14.8923 -177.969
v 463.853 14.9156 -177.969
v 463.761 14.9257 -177.969
v 463.662 14.9224 -177.969
v 463.557 14.9059 -177.969
v 463.448 14.8761 -177.969
v 463.338 14.8329 -177.969
v 463.227 14.7764 -177.969
v 463.138 14.7166 -177.969
v 463.059 14.5622 -177.969
v 462.891 14.2344 -177.969
v 462.666 13.793 -177.969
v 462.413 13.2978 -177.969
v 462.164 12.8086 -177.969
v 461.948 12.3852 -177.969
v 461.795 12.0873 -177.969
v 461.738 11.9747 -177.969
v 455.47 15.1734 -177.969
v 455.414 11.5526 -177.969
v 436.043 11.5517 -177.968
v 424.827 11.5522 -177.967
v 424.827 8.92515 -177.967
v 424.733 8.92515 -177.967
v 424.483 8.92517 -177.967
v 424.128 8.92518 -177.967
v 423.718 8.9252 -177.967
v 423.303 8.92522 -177.967
v 422.933 8.92524 -177.967
v 422.658 8.92525 -177.967
v 422.528 8.92526 -177.967
v 422.436 8.91834 -177.967
v 422.333 8.89134 -177.967
v 422.238 8.84588 -177.967
v 422.154 8.78403 -177.967
v 422.084 8.70788 -177.967
v 422.028 8.61949 -177.967
v 421.99 8.52094 -177.967
v 421.971 8.4143 -177.967
v 421.969 8.29588 -177.967
v 421.969 7.88881 -177.967
v 421.969 7.21833 -177.967
v 421.969 6.3898 -177.967
v 421.969 5.50858 -177.967
v 421.969 4.68005 -177.967
v 421.969 4.00957 -177.967
v 421.969 3.6025 -177.967
v 421.971 3.47747 -177.967
v 421.993 3.35498 -177.967
v 422.037 3.24178 -177.967
v 422.1 3.14025 -177.967
v 422.182 3.05276 -177.967
v 422.278 2.98172 -177.967
v 422.387 2.92949 -177.967
v 422.506 2.89846 -177.967
v 422.611 2.8905 -177.967
v 422.735 2.8905 -177.967
v 423 2.89048 -177.967
v 423.357 2.89047 -177.967
v 423.757 2.89045 -177.967
v 424.153 2.89043 -177.967
v 424.495 2.89041 -177.967
v 424.736 2.8904 -177.967
f 4708/2684/2127 4618/2685/2127 4617/2686/2127 4709/2687/2127 4710/2688/2127 4711/2689/2127 4712/2690/2127 4713/2691/2127 4714/2692/2127 4715/2693/2127 4716/2694/2127 4717/2695/2127 4718/2696/2127 4719/2697/2127 4720/2698/2127 4721/2699/2127 4722/2700/2127 4723/2701/2127 4724/2702/2127 4725/2703/2127 4726/2704/2127 4727/2705/2127 4728/2706/2127 4729/2707/2127 4730/2708/2127 4731/2709/2127 4732/2710/2127 4733/2711/2127 4734/2712/2127 4735/2713/2127 4736/2714/2127 4737/2715/2127 4738/2716/2127 4739/2717/2127 4740/2718/2127 4741/2719/2127 4742/2720/2127 4743/2721/2127 4744/2722/2127 4745/2723/2127 4746/2724/2127 4747/2725/2127 4748/2726/2127 4749/2727/2127 4750/2728/2127 4751/2729/2127 4752/2730/2127 4753/2731/2127 4754/2732/2127 4755/2733/2127 4756/2734/2127 4757/2735/2127 4758/2736/2127 4759/2737/2127 4760/2738/2127 4761/2739/2127 4762/2740/2127 4763/2741/2127 4764/2742/2127 4765/2743/2127 4766/2744/2127 4767/2745/2127 4768/2746/2127 4769/2747/2127 4770/2748/2127 4771/2749/2127 4772/2750/2127 4773/2751/2127 4774/2752/2127 4775/2753/2127 4776/2754/2127 4777/2755/2127 4778/2756/2127 4779/2757/2127 4780/2758/2127 4781/2759/2127 4782/2760/2127 4783/2761/2127 4784/2762/2127 4785/2763/2127 4786/2764/2127 4787/2765/2127 4788/2766/2127 4789/2767/2127 4790/2768/2127 4791/2769/2127 4792/2770/2127 4793/2771/2127 4794/2772/2127 4795/2773/2127 4796/2774/2127 

f 4616/2587/2128 4707/2775/2128 4709/2776/2128 4617/2588/2128 

f 4707/2777/2129 4706/2778/2129 4710/2779/2129 4709/2780/2129 

f 4706/2781/2130 4705/2782/2130 4711/2783/2130 4710/2784/2130 

f 4705/2782/2130 4704/2785/2130 4712/2786/2130 4711/2783/2130 

f 4704/2785/2130 4703/2787/2130 4713/2788/2130 4712/2786/2130 

f 4703/2789/2130 4702/2790/2130 4714/2791/2130 4713/2788/2130 

f 4702/2792/2130 4701/2793/2130 4715/2794/2130 4714/2791/2130 

f 4701/2793/2130 4700/2795/2130 4716/2796/2130 4715/2794/2130 

f 4700/2797/2130 4699/2798/2130 4717/2799/2130 4716/2796/2130 

f 4699/2798/2130 4698/2800/2131 4718/2801/2131 4717/2799/2130 

f 4698/2802/2131 4697/2803/2132 4719/2804/2132 4718/2805/2131 

f 4697/2806/2132 4696/2807/2133 4720/2808/2133 4719/2809/2132 

f 4696/2810/2133 4695/2811/2134 4721/2812/2134 4720/2813/2133 

f 4695/2814/2134 4694/2815/2135 4722/2816/2135 4721/2817/2134 

f 4694/2818/2135 4693/2819/2136 4723/2820/2136 4722/2821/2135 

f 4693/2822/2136 4692/2823/2137 4724/2824/2137 4723/2825/2136 

f 4692/2826/2137 4691/2827/2138 4725/2828/2138 4724/2829/2137 

f 4691/2830/2138 4690/2831/2139 4726/2832/2139 4725/2833/2138 

f 4690/2834/2139 4689/2835/2140 4727/2836/2140 4726/2837/2139 

f 4689/2838/2140 4688/2839/2141 4728/2840/2141 4727/2841/2140 

f 4688/2839/2141 4687/2842/2141 4729/2843/2141 4728/2840/2141 

f 4687/2844/2141 4686/2845/2141 4730/2846/2141 4729/2843/2141 

f 4686/2847/2141 4685/2848/2141 4731/2849/2141 4730/2846/2141 

f 4685/2850/2141 4684/2851/2141 4732/2852/2141 4731/2849/2141 

f 4684/2853/2141 4683/2854/2141 4733/2855/2141 4732/2852/2141 

f 4683/2856/2141 4682/2857/2142 4734/2858/2142 4733/2855/2141 

f 4682/2859/2142 4681/2860/2143 4735/2861/2143 4734/2862/2142 

f 4681/2863/2143 4680/2864/2144 4736/2865/2144 4735/2866/2143 

f 4680/2867/2144 4679/2868/2145 4737/2869/2145 4736/2870/2144 

f 4679/2871/2145 4678/2872/2146 4738/2873/2146 4737/2874/2145 

f 4678/2875/2146 4677/2876/2147 4739/2877/2147 4738/2878/2146 

f 4677/2879/2147 4676/2880/2148 4740/2881/2148 4739/2882/2147 

f 4676/2883/2148 4675/2884/2149 4741/2885/2149 4740/2886/2148 

f 4675/2887/2149 4674/2888/2150 4742/2889/2150 4741/2890/2149 

f 4674/2891/2150 4673/2892/2151 4743/2893/2151 4742/2894/2150 

f 4673/2895/2152 4672/2896/2152 4744/2897/2152 4743/2898/2152 

f 4672/2896/2152 4671/2899/2152 4745/2900/2152 4744/2897/2152 

f 4671/2899/2152 4670/2901/2152 4746/2902/2152 4745/2900/2152 

f 4670/2901/2152 4669/2903/2152 4747/2904/2152 4746/2902/2152 

f 4669/2903/2152 4668/2905/2152 4748/2906/2152 4747/2904/2152 

f 4668/2905/2152 4667/2907/2152 4749/2908/2152 4748/2906/2152 

f 4667/2909/2152 4666/2910/2152 4750/2911/2152 4749/2908/2152 

f 4666/2910/2152 4665/2912/2152 4751/2913/2152 4750/2911/2152 

f 4665/2914/2153 4664/2915/2153 4752/2916/2153 4751/2917/2153 

f 4664/2918/2154 4663/2919/2154 4753/2920/2154 4752/2921/2154 

f 4663/2922/2155 4662/2923/2156 4754/2924/2156 4753/2925/2155 

f 4662/2926/2156 4661/2927/2157 4755/2928/2157 4754/2929/2156 

f 4661/2930/2126 4660/2931/2126 4756/2932/2126 4755/2933/2126 

f 4660/2934/2157 4659/2935/2157 4757/2936/2157 4756/2928/2157 

f 4659/2935/2157 4658/2937/2157 4758/2938/2157 4757/2936/2157 

f 4658/2937/2157 4657/2939/2157 4759/2940/2157 4758/2938/2157 

f 4657/2939/2157 4656/2941/2157 4760/2942/2157 4759/2940/2157 

f 4656/2941/2157 4655/2943/2157 4761/2944/2157 4760/2942/2157 

f 4655/2943/2157 4654/2945/2157 4762/2946/2157 4761/2944/2157 

f 4654/2945/2157 4653/2947/2157 4763/2948/2157 4762/2946/2157 

f 4653/2947/2157 4652/2949/2158 4764/2950/2158 4763/2948/2157 

f 4652/2951/2158 4651/2952/2159 4765/2953/2159 4764/2954/2158 

f 4651/2955/2159 4650/2956/2160 4766/2957/2160 4765/2958/2159 

f 4650/2959/2160 4649/2960/2161 4767/2961/2161 4766/2962/2160 

f 4649/2963/2161 4648/2964/2162 4768/2965/2162 4767/2966/2161 

f 4648/2967/2162 4647/2968/2163 4769/2969/2163 4768/2970/2162 

f 4647/2971/2163 4646/2972/2164 4770/2973/2164 4769/2974/2163 

f 4646/2975/2164 4645/2976/2165 4771/2977/2165 4770/2978/2164 

f 4645/2979/2165 4644/2980/2166 4772/2981/2166 4771/2982/2165 

f 4644/2983/2166 4643/2984/2167 4773/2985/2167 4772/2986/2166 

f 4643/2987/2167 4642/2988/2126 4774/2989/2126 4773/2990/2167 

f 4642/2988/2126 4641/2991/2126 4775/2992/2126 4774/2989/2126 

f 4641/2991/2126 4640/2993/2126 4776/2994/2126 4775/2992/2126 

f 4640/2993/2126 4639/2995/2126 4777/2996/2126 4776/2994/2126 

f 4639/2995/2126 4638/2997/2126 4778/2998/2126 4777/2996/2126 

f 4638/2997/2126 4637/2999/2126 4779/3000/2126 4778/2998/2126 

f 4637/2999/2126 4636/3001/2168 4780/3002/2168 4779/3000/2126 

f 4636/3003/2168 4635/3004/2169 4781/3005/2169 4780/3006/2168 

f 4635/3007/2169 4634/3008/2170 4782/3009/2170 4781/3010/2169 

f 4634/3011/2170 4633/3012/2171 4783/3013/2171 4782/3014/2170 

f 4633/3015/2171 4632/3016/2172 4784/3017/2172 4783/3018/2171 

f 4632/3019/2172 4631/3020/2173 4785/3021/2173 4784/3022/2172 

f 4631/3023/2173 4630/3024/2174 4786/3025/2174 4785/3026/2173 

f 4630/3027/2174 4629/3028/2175 4787/3029/2175 4786/3030/2174 

f 4629/3031/2175 4628/3032/2176 4788/3033/2176 4787/3034/2175 

f 4628/3035/2176 4627/3036/2177 4789/3037/2177 4788/3038/2176 

f 4627/3039/2177 4626/3040/2124 4790/3041/2124 4789/3042/2177 

f 4626/3040/2124 4625/3043/2124 4791/3044/2124 4790/3041/2124 

f 4625/3043/2124 4624/3045/2124 4792/3046/2124 4791/3044/2124 

f 4624/3045/2124 4623/3047/2124 4793/3048/2124 4792/3046/2124 

f 4623/3049/2124 4622/3050/2124 4794/3051/2124 4793/3048/2124 

f 4622/3052/2124 4621/3053/2124 4795/3054/2124 4794/3051/2124 

f 4621/3053/2124 4620/3055/2124 4796/3056/2124 4795/3054/2124 

f 4620/3055/2124 4619/2586/2124 4708/2589/2124 4796/3056/2124 

g Mesh15 ___37_8 Model

v 424.827 0.00252598 -128.899
v 478.385 2.11394e-09 -128.901
v 478.385 2.11394e-09 -125.901
v 424.827 0.00252598 -125.899
f 4797/2586/2124 4798/2587/2124 4799/2588/2124 4800/2589/2124 

v 424.827 2.8904 -128.899
v 424.736 2.8904 -128.899
v 424.495 2.89041 -128.899
v 424.153 2.89043 -128.899
v 423.757 2.89045 -128.899
v 423.357 2.89047 -128.899
v 423 2.89048 -128.899
v 422.735 2.8905 -128.899
v 422.61 2.8905 -128.899
v 422.506 2.89846 -128.899
v 422.386 2.92949 -128.899
v 422.278 2.98172 -128.899
v 422.181 3.05276 -128.899
v 422.1 3.14025 -128.899
v 422.036 3.24178 -128.899
v 421.992 3.35498 -128.899
v 421.971 3.47747 -128.899
v 421.969 3.6025 -128.899
v 421.969 4.00957 -128.899
v 421.969 4.68005 -128.899
v 421.969 5.50858 -128.899
v 421.969 6.3898 -128.899
v 421.969 7.21833 -128.899
v 421.969 7.88881 -128.899
v 421.969 8.29588 -128.899
v 421.971 8.4143 -128.899
v 421.99 8.52094 -128.899
v 422.028 8.61949 -128.899
v 422.083 8.70788 -128.899
v 422.154 8.78403 -128.899
v 422.238 8.84588 -128.899
v 422.333 8.89134 -128.899
v 422.436 8.91834 -128.899
v 422.528 8.92526 -128.899
v 422.658 8.92525 -128.899
v 422.933 8.92524 -128.899
v 423.303 8.92522 -128.899
v 423.718 8.9252 -128.899
v 424.128 8.92518 -128.899
v 424.483 8.92517 -128.899
v 424.733 8.92515 -128.899
v 424.827 8.92515 -128.899
v 424.827 11.5522 -128.899
v 436.043 11.5517 -128.899
v 455.414 11.5526 -128.9
v 455.47 15.1734 -128.9
v 461.738 11.9747 -128.901
v 461.795 12.0873 -128.901
v 461.947 12.3852 -128.901
v 462.164 12.8086 -128.901
v 462.413 13.2978 -128.901
v 462.666 13.793 -128.901
v 462.891 14.2344 -128.901
v 463.059 14.5622 -128.901
v 463.137 14.7166 -128.901
v 463.227 14.7764 -128.901
v 463.338 14.8329 -128.901
v 463.448 14.8761 -128.901
v 463.557 14.9059 -128.901
v 463.662 14.9224 -128.901
v 463.761 14.9257 -128.901
v 463.853 14.9156 -128.901
v 463.936 14.8923 -128.901
v 464.114 14.8079 -128.901
v 464.928 14.4153 -128.901
v 466.269 13.7686 -128.901
v 467.925 12.9695 -128.901
v 469.688 12.1196 -128.901
v 471.344 11.3205 -128.901
v 472.685 10.6738 -128.901
v 473.499 10.2812 -128.901
v 473.681 10.1914 -128.901
v 473.754 10.1312 -128.901
v 473.811 10.0535 -128.901
v 473.851 9.96116 -128.901
v 473.874 9.85726 -128.901
v 473.879 9.74475 -128.901
v 473.866 9.62664 -128.901
v 473.834 9.5059 -128.901
v 473.792 9.40474 -128.901
v 473.719 9.25431 -128.901
v 473.566 8.93502 -128.901
v 473.359 8.50509 -128.901
v 473.126 8.02276 -128.901
v 472.897 7.54625 -128.901
v 472.698 7.13379 -128.901
v 472.558 6.84361 -128.901
v 472.506 6.73395 -128.901
v 478.385 3.85266 -128.901
f 4797/2590/2125 4801/2591/2125 4802/2592/2125 4803/2593/2125 4804/2594/2125 4805/2595/2125 4806/2596/2125 4807/2597/2125 4808/2598/2125 4809/2599/2125 4810/2600/2125 4811/2601/2125 4812/2602/2125 4813/2603/2125 4814/2604/2125 4815/2605/2125 4816/2606/2125 4817/2607/2125 4818/2608/2125 4819/2609/2125 4820/2610/2125 4821/2611/2125 4822/2612/2125 4823/2613/2125 4824/2614/2125 4825/2615/2125 4826/2616/2125 4827/2617/2125 4828/2618/2125 4829/2619/2125 4830/2620/2125 4831/2621/2125 4832/2622/2125 4833/2623/2125 4834/2624/2125 4835/2625/2125 4836/2626/2125 4837/2627/2125 4838/2628/2125 4839/2629/2125 4840/2630/2125 4841/2631/2125 4842/2632/2125 4843/2633/2125 4844/2634/2125 4845/2635/2125 4846/2636/2125 4847/2637/2125 4848/2638/2125 4849/2639/2125 4850/2640/2125 4851/2641/2125 4852/2642/2125 4853/2643/2125 4854/2644/2125 4855/2645/2125 4856/2646/2125 4857/2647/2125 4858/2648/2125 4859/2649/2125 4860/2650/2125 4861/2651/2125 4862/2652/2125 4863/2653/2125 4864/2654/2125 4865/2655/2125 4866/2656/2125 4867/2657/2125 4868/2658/2125 4869/2659/2125 4870/2660/2125 4871/2661/2125 4872/2662/2125 4873/2663/2125 4874/2664/2125 4875/2665/2125 4876/2666/2125 4877/2667/2125 4878/2668/2125 4879/2669/2125 4880/2670/2125 4881/2671/2125 4882/2672/2125 4883/2673/2125 4884/2674/2125 4885/2675/2125 4886/2676/2125 4887/2677/2125 4888/2678/2125 4889/2679/2125 4798/2587/2125 

v 424.827 2.8904 -125.899
f 4801/2680/2126 4797/2681/2126 4800/2682/2126 4890/2683/2126 

v 478.386 3.85266 -125.901
v 472.506 6.73395 -125.901
v 472.559 6.84361 -125.901
v 472.698 7.13379 -125.901
v 472.897 7.54625 -125.901
v 473.126 8.02276 -125.901
v 473.359 8.50509 -125.901
v 473.566 8.93502 -125.901
v 473.72 9.25431 -125.901
v 473.792 9.40474 -125.901
v 473.834 9.5059 -125.901
v 473.866 9.62664 -125.901
v 473.879 9.74475 -125.901
v 473.874 9.85726 -125.901
v 473.851 9.96116 -125.901
v 473.811 10.0535 -125.901
v 473.754 10.1312 -125.901
v 473.681 10.1914 -125.901
v 473.499 10.2812 -125.901
v 472.685 10.6738 -125.901
v 471.344 11.3205 -125.901
v 469.688 12.1196 -125.901
v 467.926 12.9695 -125.901
v 466.269 13.7686 -125.901
v 464.928 14.4153 -125.901
v 464.114 14.8079 -125.901
v 463.936 14.8923 -125.901
v 463.853 14.9156 -125.901
v 463.761 14.9257 -125.901
v 463.662 14.9224 -125.901
v 463.557 14.9059 -125.901
v 463.448 14.8761 -125.901
v 463.338 14.8329 -125.901
v 463.227 14.7764 -125.901
v 463.138 14.7166 -125.901
v 463.059 14.5622 -125.901
v 462.891 14.2344 -125.901
v 462.666 13.793 -125.901
v 462.413 13.2978 -125.901
v 462.164 12.8086 -125.901
v 461.948 12.3852 -125.901
v 461.795 12.0873 -125.901
v 461.738 11.9747 -125.901
v 455.47 15.1734 -125.9
v 455.414 11.5526 -125.9
v 436.043 11.5517 -125.899
v 424.827 11.5522 -125.899
v 424.827 8.92515 -125.899
v 424.733 8.92515 -125.899
v 424.483 8.92517 -125.899
v 424.128 8.92518 -125.899
v 423.718 8.9252 -125.899
v 423.303 8.92522 -125.899
v 422.933 8.92524 -125.899
v 422.658 8.92525 -125.899
v 422.528 8.92526 -125.899
v 422.436 8.91834 -125.899
v 422.333 8.89134 -125.899
v 422.238 8.84588 -125.899
v 422.154 8.78403 -125.899
v 422.084 8.70788 -125.899
v 422.028 8.61949 -125.899
v 421.99 8.52094 -125.899
v 421.971 8.4143 -125.899
v 421.969 8.29588 -125.899
v 421.969 7.88881 -125.899
v 421.969 7.21833 -125.899
v 421.969 6.3898 -125.899
v 421.969 5.50858 -125.899
v 421.969 4.68005 -125.899
v 421.969 4.00957 -125.899
v 421.969 3.6025 -125.899
v 421.971 3.47747 -125.899
v 421.993 3.35498 -125.899
v 422.037 3.24178 -125.899
v 422.1 3.14025 -125.899
v 422.182 3.05276 -125.899
v 422.278 2.98172 -125.899
v 422.387 2.92949 -125.899
v 422.506 2.89846 -125.899
v 422.611 2.8905 -125.899
v 422.735 2.8905 -125.899
v 423 2.89048 -125.899
v 423.357 2.89047 -125.899
v 423.757 2.89045 -125.899
v 424.153 2.89043 -125.899
v 424.495 2.89041 -125.899
v 424.736 2.8904 -125.899
f 4890/2684/2127 4800/2685/2127 4799/2686/2127 4891/2687/2127 4892/2688/2127 4893/2689/2127 4894/2690/2127 4895/2691/2127 4896/2692/2127 4897/2693/2127 4898/2694/2127 4899/2695/2127 4900/2696/2127 4901/2697/2127 4902/2698/2127 4903/2699/2127 4904/2700/2127 4905/2701/2127 4906/2702/2127 4907/2703/2127 4908/2704/2127 4909/2705/2127 4910/2706/2127 4911/2707/2127 4912/2708/2127 4913/2709/2127 4914/2710/2127 4915/2711/2127 4916/2712/2127 4917/2713/2127 4918/2714/2127 4919/2715/2127 4920/2716/2127 4921/2717/2127 4922/2718/2127 4923/2719/2127 4924/2720/2127 4925/2721/2127 4926/2722/2127 4927/2723/2127 4928/2724/2127 4929/2725/2127 4930/2726/2127 4931/2727/2127 4932/2728/2127 4933/2729/2127 4934/2730/2127 4935/2731/2127 4936/2732/2127 4937/2733/2127 4938/2734/2127 4939/2735/2127 4940/2736/2127 4941/2737/2127 4942/2738/2127 4943/2739/2127 4944/2740/2127 4945/2741/2127 4946/2742/2127 4947/2743/2127 4948/2744/2127 4949/2745/2127 4950/2746/2127 4951/2747/2127 4952/2748/2127 4953/2749/2127 4954/2750/2127 4955/2751/2127 4956/2752/2127 4957/2753/2127 4958/2754/2127 4959/2755/2127 4960/2756/2127 4961/2757/2127 4962/2758/2127 4963/2759/2127 4964/2760/2127 4965/2761/2127 4966/2762/2127 4967/2763/2127 4968/2764/2127 4969/2765/2127 4970/2766/2127 4971/2767/2127 4972/2768/2127 4973/2769/2127 4974/2770/2127 4975/2771/2127 4976/2772/2127 4977/2773/2127 4978/2774/2127 

f 4798/2587/2128 4889/2775/2128 4891/2776/2128 4799/2588/2128 

f 4889/2777/2129 4888/2778/2129 4892/2779/2129 4891/2780/2129 

f 4888/2781/2130 4887/2782/2130 4893/2783/2130 4892/2784/2130 

f 4887/2782/2130 4886/2785/2130 4894/2786/2130 4893/2783/2130 

f 4886/2785/2130 4885/2787/2130 4895/2788/2130 4894/2786/2130 

f 4885/2789/2130 4884/2790/2130 4896/2791/2130 4895/2788/2130 

f 4884/2792/2130 4883/2793/2130 4897/2794/2130 4896/2791/2130 

f 4883/2793/2130 4882/2795/2130 4898/2796/2130 4897/2794/2130 

f 4882/2797/2130 4881/2798/2130 4899/2799/2130 4898/2796/2130 

f 4881/2798/2130 4880/2800/2131 4900/2801/2131 4899/2799/2130 

f 4880/2802/2131 4879/2803/2132 4901/2804/2132 4900/2805/2131 

f 4879/2806/2132 4878/2807/2133 4902/2808/2133 4901/2809/2132 

f 4878/2810/2133 4877/2811/2134 4903/2812/2134 4902/2813/2133 

f 4877/2814/2134 4876/2815/2135 4904/2816/2135 4903/2817/2134 

f 4876/2818/2135 4875/2819/2136 4905/2820/2136 4904/2821/2135 

f 4875/2822/2136 4874/2823/2137 4906/2824/2137 4905/2825/2136 

f 4874/2826/2137 4873/2827/2138 4907/2828/2138 4906/2829/2137 

f 4873/2830/2138 4872/2831/2139 4908/2832/2139 4907/2833/2138 

f 4872/2834/2139 4871/2835/2140 4909/2836/2140 4908/2837/2139 

f 4871/2838/2140 4870/2839/2141 4910/2840/2141 4909/2841/2140 

f 4870/2839/2141 4869/2842/2141 4911/2843/2141 4910/2840/2141 

f 4869/2844/2141 4868/2845/2141 4912/2846/2141 4911/2843/2141 

f 4868/2847/2141 4867/2848/2141 4913/2849/2141 4912/2846/2141 

f 4867/2850/2141 4866/2851/2141 4914/2852/2141 4913/2849/2141 

f 4866/2853/2141 4865/2854/2141 4915/2855/2141 4914/2852/2141 

f 4865/2856/2141 4864/2857/2142 4916/2858/2142 4915/2855/2141 

f 4864/2859/2142 4863/2860/2143 4917/2861/2143 4916/2862/2142 

f 4863/2863/2143 4862/2864/2144 4918/2865/2144 4917/2866/2143 

f 4862/2867/2144 4861/2868/2145 4919/2869/2145 4918/2870/2144 

f 4861/2871/2145 4860/2872/2146 4920/2873/2146 4919/2874/2145 

f 4860/2875/2146 4859/2876/2147 4921/2877/2147 4920/2878/2146 

f 4859/2879/2147 4858/2880/2148 4922/2881/2148 4921/2882/2147 

f 4858/2883/2148 4857/2884/2149 4923/2885/2149 4922/2886/2148 

f 4857/2887/2149 4856/2888/2150 4924/2889/2150 4923/2890/2149 

f 4856/2891/2150 4855/2892/2151 4925/2893/2151 4924/2894/2150 

f 4855/2895/2152 4854/2896/2152 4926/2897/2152 4925/2898/2152 

f 4854/2896/2152 4853/2899/2152 4927/2900/2152 4926/2897/2152 

f 4853/2899/2152 4852/2901/2152 4928/2902/2152 4927/2900/2152 

f 4852/2901/2152 4851/2903/2152 4929/2904/2152 4928/2902/2152 

f 4851/2903/2152 4850/2905/2152 4930/2906/2152 4929/2904/2152 

f 4850/2905/2152 4849/2907/2152 4931/2908/2152 4930/2906/2152 

f 4849/2909/2152 4848/2910/2152 4932/2911/2152 4931/2908/2152 

f 4848/2910/2152 4847/2912/2152 4933/2913/2152 4932/2911/2152 

f 4847/2914/2153 4846/2915/2153 4934/2916/2153 4933/2917/2153 

f 4846/2918/2154 4845/2919/2154 4935/2920/2154 4934/2921/2154 

f 4845/2922/2155 4844/2923/2156 4936/2924/2156 4935/2925/2155 

f 4844/2926/2156 4843/2927/2157 4937/2928/2157 4936/2929/2156 

f 4843/2930/2126 4842/2931/2126 4938/2932/2126 4937/2933/2126 

f 4842/2934/2157 4841/2935/2157 4939/2936/2157 4938/2928/2157 

f 4841/2935/2157 4840/2937/2157 4940/2938/2157 4939/2936/2157 

f 4840/2937/2157 4839/2939/2157 4941/2940/2157 4940/2938/2157 

f 4839/2939/2157 4838/2941/2157 4942/2942/2157 4941/2940/2157 

f 4838/2941/2157 4837/2943/2157 4943/2944/2157 4942/2942/2157 

f 4837/2943/2157 4836/2945/2157 4944/2946/2157 4943/2944/2157 

f 4836/2945/2157 4835/2947/2157 4945/2948/2157 4944/2946/2157 

f 4835/2947/2157 4834/2949/2158 4946/2950/2158 4945/2948/2157 

f 4834/2951/2158 4833/2952/2159 4947/2953/2159 4946/2954/2158 

f 4833/2955/2159 4832/2956/2160 4948/2957/2160 4947/2958/2159 

f 4832/2959/2160 4831/2960/2161 4949/2961/2161 4948/2962/2160 

f 4831/2963/2161 4830/2964/2162 4950/2965/2162 4949/2966/2161 

f 4830/2967/2162 4829/2968/2163 4951/2969/2163 4950/2970/2162 

f 4829/2971/2163 4828/2972/2164 4952/2973/2164 4951/2974/2163 

f 4828/2975/2164 4827/2976/2165 4953/2977/2165 4952/2978/2164 

f 4827/2979/2165 4826/2980/2166 4954/2981/2166 4953/2982/2165 

f 4826/2983/2166 4825/2984/2167 4955/2985/2167 4954/2986/2166 

f 4825/2987/2167 4824/2988/2126 4956/2989/2126 4955/2990/2167 

f 4824/2988/2126 4823/2991/2126 4957/2992/2126 4956/2989/2126 

f 4823/2991/2126 4822/2993/2126 4958/2994/2126 4957/2992/2126 

f 4822/2993/2126 4821/2995/2126 4959/2996/2126 4958/2994/2126 

f 4821/2995/2126 4820/2997/2126 4960/2998/2126 4959/2996/2126 

f 4820/2997/2126 4819/2999/2126 4961/3000/2126 4960/2998/2126 

f 4819/2999/2126 4818/3001/2168 4962/3002/2168 4961/3000/2126 

f 4818/3003/2168 4817/3004/2169 4963/3005/2169 4962/3006/2168 

f 4817/3007/2169 4816/3008/2170 4964/3009/2170 4963/3010/2169 

f 4816/3011/2170 4815/3012/2171 4965/3013/2171 4964/3014/2170 

f 4815/3015/2171 4814/3016/2172 4966/3017/2172 4965/3018/2171 

f 4814/3019/2172 4813/3020/2173 4967/3021/2173 4966/3022/2172 

f 4813/3023/2173 4812/3024/2174 4968/3025/2174 4967/3026/2173 

f 4812/3027/2174 4811/3028/2175 4969/3029/2175 4968/3030/2174 

f 4811/3031/2175 4810/3032/2176 4970/3033/2176 4969/3034/2175 

f 4810/3035/2176 4809/3036/2177 4971/3037/2177 4970/3038/2176 

f 4809/3039/2177 4808/3040/2124 4972/3041/2124 4971/3042/2177 

f 4808/3040/2124 4807/3043/2124 4973/3044/2124 4972/3041/2124 

f 4807/3043/2124 4806/3045/2124 4974/3046/2124 4973/3044/2124 

f 4806/3045/2124 4805/3047/2124 4975/3048/2124 4974/3046/2124 

f 4805/3049/2124 4804/3050/2124 4976/3051/2124 4975/3048/2124 

f 4804/3052/2124 4803/3053/2124 4977/3054/2124 4976/3051/2124 

f 4803/3053/2124 4802/3055/2124 4978/3056/2124 4977/3054/2124 

f 4802/3055/2124 4801/2586/2124 4890/2589/2124 4978/3056/2124 

g Mesh16 ___37_9 Model

v 321.483 0.00252598 -187.296
vn -2.22433e-09 -1 4.71629e-05
v 321.485 2.24532e-09 -240.854
v 324.485 2.24532e-09 -240.854
v 324.483 0.00252598 -187.295
f 4979/2589/2190 4980/2588/2190 4981/2587/2190 4982/2586/2190 

v 321.483 2.8904 -187.205
vn -1 -5.55112e-16 -4.71629e-05
v 321.483 2.89041 -186.964
v 321.483 2.89043 -186.622
v 321.483 2.89045 -186.226
v 321.483 2.89047 -185.826
v 321.483 2.89048 -185.469
v 321.483 2.8905 -185.204
v 321.483 2.8905 -185.079
v 321.483 2.89846 -184.974
v 321.483 2.92949 -184.855
v 321.483 2.98172 -184.747
v 321.483 3.05276 -184.65
v 321.483 3.14025 -184.569
v 321.483 3.24178 -184.505
v 321.483 3.35498 -184.461
v 321.483 3.47747 -184.44
v 321.483 3.6025 -184.437
v 321.483 4.00957 -184.438
v 321.483 4.68005 -184.438
v 321.483 5.50858 -184.438
v 321.483 6.3898 -184.438
v 321.483 7.21833 -184.438
v 321.483 7.88881 -184.438
v 321.483 8.29588 -184.438
v 321.483 8.4143 -184.439
v 321.483 8.52094 -184.459
v 321.483 8.61949 -184.497
v 321.483 8.70788 -184.552
v 321.483 8.78403 -184.623
v 321.483 8.84588 -184.707
v 321.483 8.89134 -184.802
v 321.483 8.91834 -184.905
v 321.483 8.92526 -184.997
v 321.483 8.92525 -185.127
v 321.483 8.92524 -185.402
v 321.483 8.92522 -185.772
v 321.483 8.9252 -186.187
v 321.483 8.92518 -186.597
v 321.483 8.92517 -186.952
v 321.483 8.92515 -187.202
v 321.483 8.92515 -187.296
v 321.483 11.5522 -187.296
v 321.483 11.5517 -198.511
v 321.484 11.5526 -217.883
v 321.484 15.1734 -217.939
v 321.485 11.9747 -224.207
v 321.485 12.0873 -224.264
v 321.485 12.3852 -224.416
v 321.485 12.8086 -224.632
v 321.485 13.2978 -224.882
v 321.485 13.793 -225.135
v 321.485 14.2344 -225.36
v 321.485 14.5622 -225.528
v 321.485 14.7166 -225.606
v 321.485 14.7764 -225.696
v 321.485 14.8329 -225.807
v 321.485 14.8761 -225.917
v 321.485 14.9059 -226.026
v 321.485 14.9224 -226.131
v 321.485 14.9257 -226.23
v 321.485 14.9156 -226.322
v 321.485 14.8923 -226.405
v 321.485 14.8079 -226.583
v 321.485 14.4153 -227.397
v 321.485 13.7686 -228.738
v 321.485 12.9695 -230.394
v 321.485 12.1196 -232.156
v 321.485 11.3205 -233.813
v 321.485 10.6738 -235.154
v 321.485 10.2812 -235.968
v 321.485 10.1914 -236.149
v 321.485 10.1312 -236.223
v 321.485 10.0535 -236.28
v 321.485 9.96116 -236.32
v 321.485 9.85726 -236.343
v 321.485 9.74475 -236.348
v 321.485 9.62664 -236.335
v 321.485 9.5059 -236.303
v 321.485 9.40474 -236.261
v 321.485 9.25431 -236.188
v 321.485 8.93502 -236.035
v 321.485 8.50509 -235.828
v 321.485 8.02276 -235.595
v 321.485 7.54625 -235.366
v 321.485 7.13379 -235.167
v 321.485 6.84361 -235.027
v 321.485 6.73395 -234.975
v 321.485 3.85266 -240.854
v 321.483 2.8904 -187.296
f 4983/2774/2191 4984/2773/2191 4985/2772/2191 4986/2771/2191 4987/2770/2191 4988/2769/2191 4989/2768/2191 4990/2767/2191 4991/2766/2191 4992/2765/2191 4993/2764/2191 4994/2763/2191 4995/2762/2191 4996/2761/2191 4997/2760/2191 4998/2759/2191 4999/2758/2191 5000/2757/2191 5001/2756/2191 5002/2755/2191 5003/2754/2191 5004/2753/2191 5005/2752/2191 5006/2751/2191 5007/2750/2191 5008/2749/2191 5009/2748/2191 5010/2747/2191 5011/2746/2191 5012/2745/2191 5013/2744/2191 5014/2743/2191 5015/2742/2191 5016/2741/2191 5017/2740/2191 5018/2739/2191 5019/2738/2191 5020/2737/2191 5021/2736/2191 5022/2735/2191 5023/2734/2191 5024/2733/2191 5025/2732/2191 5026/2731/2191 5027/2730/2191 5028/2729/2191 5029/2728/2191 5030/2727/2191 5031/2726/2191 5032/2725/2191 5033/2724/2191 5034/2723/2191 5035/2722/2191 5036/2721/2191 5037/2720/2191 5038/2719/2191 5039/2718/2191 5040/2717/2191 5041/2716/2191 5042/2715/2191 5043/2714/2191 5044/2713/2191 5045/2712/2191 5046/2711/2191 5047/2710/2191 5048/2709/2191 5049/2708/2191 5050/2707/2191 5051/2706/2191 5052/2705/2191 5053/2704/2191 5054/2703/2191 5055/2702/2191 5056/2701/2191 5057/2700/2191 5058/2699/2191 5059/2698/2191 5060/2697/2191 5061/2696/2191 5062/2695/2191 5063/2694/2191 5064/2693/2191 5065/2692/2191 5066/2691/2191 5067/2690/2191 5068/2689/2191 5069/2688/2191 5070/2687/2191 4980/2686/2191 4979/2685/2191 5071/2684/2191 

v 324.483 2.8904 -187.205
v 324.483 2.89041 -186.964
f 4984/3054/2190 4983/3056/2190 5072/3055/2190 5073/3053/2190 

v 324.483 2.8904 -187.296
f 4983/3056/2190 5071/2589/2190 5074/2586/2190 5072/3055/2190 

vn -4.71629e-05 4.71629e-05 1
f 5071/2683/2192 4979/2682/2192 4982/2681/2192 5074/2680/2192 

vn 1 5.55112e-16 4.71629e-05
v 324.485 3.85266 -240.854
v 324.485 6.73395 -234.974
v 324.485 6.84361 -235.027
v 324.485 7.13379 -235.167
v 324.485 7.54625 -235.366
v 324.485 8.02276 -235.595
v 324.485 8.50509 -235.827
v 324.485 8.93502 -236.034
v 324.485 9.25431 -236.188
v 324.485 9.40474 -236.261
v 324.485 9.5059 -236.303
v 324.485 9.62664 -236.335
v 324.485 9.74475 -236.348
v 324.485 9.85726 -236.343
v 324.485 9.96116 -236.32
v 324.485 10.0535 -236.279
v 324.485 10.1312 -236.222
v 324.485 10.1914 -236.149
v 324.485 10.2812 -235.968
v 324.485 10.6738 -235.154
v 324.485 11.3205 -233.813
v 324.485 12.1196 -232.156
v 324.485 12.9695 -230.394
v 324.485 13.7686 -228.738
v 324.485 14.4153 -227.397
v 324.485 14.8079 -226.583
v 324.485 14.8923 -226.405
v 324.485 14.9156 -226.322
v 324.485 14.9257 -226.23
v 324.485 14.9224 -226.13
v 324.485 14.9059 -226.026
v 324.485 14.8761 -225.917
v 324.485 14.8329 -225.807
v 324.485 14.7764 -225.696
v 324.485 14.7166 -225.606
v 324.485 14.5622 -225.527
v 324.485 14.2344 -225.36
v 324.485 13.793 -225.135
v 324.485 13.2978 -224.882
v 324.485 12.8086 -224.632
v 324.485 12.3852 -224.416
v 324.485 12.0873 -224.264
v 324.485 11.9747 -224.207
v 324.484 15.1734 -217.938
v 324.484 11.5526 -217.883
v 324.483 11.5517 -198.511
v 324.483 11.5522 -187.296
v 324.483 8.92515 -187.296
v 324.483 8.92515 -187.201
v 324.483 8.92517 -186.952
v 324.483 8.92518 -186.597
v 324.483 8.9252 -186.187
v 324.483 8.92522 -185.771
v 324.483 8.92524 -185.401
v 324.483 8.92525 -185.127
v 324.483 8.92526 -184.997
v 324.483 8.91834 -184.905
v 324.483 8.89134 -184.801
v 324.483 8.84588 -184.707
v 324.483 8.78403 -184.623
v 324.483 8.70788 -184.552
v 324.483 8.61949 -184.497
v 324.483 8.52094 -184.458
v 324.483 8.4143 -184.439
v 324.483 8.29588 -184.438
v 324.483 7.88881 -184.438
v 324.483 7.21833 -184.438
v 324.483 6.3898 -184.437
v 324.483 5.50858 -184.437
v 324.483 4.68005 -184.437
v 324.483 4.00957 -184.437
v 324.483 3.6025 -184.437
v 324.483 3.47747 -184.439
v 324.483 3.35498 -184.461
v 324.483 3.24178 -184.505
v 324.483 3.14025 -184.569
v 324.483 3.05276 -184.65
v 324.483 2.98172 -184.746
v 324.483 2.92949 -184.855
v 324.483 2.89846 -184.974
v 324.483 2.8905 -185.079
v 324.483 2.8905 -185.204
v 324.483 2.89048 -185.469
v 324.483 2.89047 -185.826
v 324.483 2.89045 -186.226
v 324.483 2.89043 -186.621
f 4981/2587/2193 5075/2679/2193 5076/2678/2193 5077/2677/2193 5078/2676/2193 5079/2675/2193 5080/2674/2193 5081/2673/2193 5082/2672/2193 5083/2671/2193 5084/2670/2193 5085/2669/2193 5086/2668/2193 5087/2667/2193 5088/2666/2193 5089/2665/2193 5090/2664/2193 5091/2663/2193 5092/2662/2193 5093/2661/2193 5094/2660/2193 5095/2659/2193 5096/2658/2193 5097/2657/2193 5098/2656/2193 5099/2655/2193 5100/2654/2193 5101/2653/2193 5102/2652/2193 5103/2651/2193 5104/2650/2193 5105/2649/2193 5106/2648/2193 5107/2647/2193 5108/2646/2193 5109/2645/2193 5110/2644/2193 5111/2643/2193 5112/2642/2193 5113/2641/2193 5114/2640/2193 5115/2639/2193 5116/2638/2193 5117/2637/2193 5118/2636/2193 5119/2635/2193 5120/2634/2193 5121/2633/2193 5122/2632/2193 5123/2631/2193 5124/2630/2193 5125/2629/2193 5126/2628/2193 5127/2627/2193 5128/2626/2193 5129/2625/2193 5130/2624/2193 5131/2623/2193 5132/2622/2193 5133/2621/2193 5134/2620/2193 5135/2619/2193 5136/2618/2193 5137/2617/2193 5138/2616/2193 5139/2615/2193 5140/2614/2193 5141/2613/2193 5142/2612/2193 5143/2611/2193 5144/2610/2193 5145/2609/2193 5146/2608/2193 5147/2607/2193 5148/2606/2193 5149/2605/2193 5150/2604/2193 5151/2603/2193 5152/2602/2193 5153/2601/2193 5154/2600/2193 5155/2599/2193 5156/2598/2193 5157/2597/2193 5158/2596/2193 5159/2595/2193 5160/2594/2193 5073/2593/2193 5072/2592/2193 5074/2591/2193 4982/2590/2193 

vn 4.71629e-05 -4.71629e-05 -1
f 4980/2588/2194 5070/2776/2194 5075/2775/2194 4981/2587/2194 

vn 2.07537e-05 0.897976 -0.440044
f 5070/2780/2195 5069/2779/2195 5076/2778/2195 5075/2777/2195 

vn 4.24923e-05 -0.433882 -0.90097
f 5069/2784/2196 5068/2783/2196 5077/2782/2196 5076/2781/2196 

f 5068/2783/2196 5067/2786/2196 5078/2785/2196 5077/2782/2196 

f 5067/2786/2196 5066/2788/2196 5079/2787/2196 5078/2785/2196 

f 5066/2788/2196 5065/2791/2196 5080/2790/2196 5079/2789/2196 

f 5065/2791/2196 5064/2794/2196 5081/2793/2196 5080/2792/2196 

f 5064/2794/2196 5063/2796/2196 5082/2795/2196 5081/2793/2196 

f 5063/2796/2196 5062/2799/2196 5083/2798/2196 5082/2797/2196 

vn 4.30442e-05 -0.408693 -0.912672
f 5062/2799/2196 5061/2801/2197 5084/2800/2197 5083/2798/2196 

vn 4.46684e-05 -0.320912 -0.947109
f 5061/2805/2197 5060/2804/2198 5085/2803/2198 5084/2802/2197 

vn 4.63516e-05 -0.184682 -0.982798
f 5060/2809/2198 5059/2808/2199 5086/2807/2199 5085/2806/2198 

vn 4.71376e-05 -0.0327091 -0.999465
f 5059/2813/2199 5058/2812/2200 5087/2811/2200 5086/2810/2199 

vn 4.67533e-05 0.131502 -0.991316
f 5058/2817/2200 5057/2816/2201 5088/2815/2201 5087/2814/2200 

vn 4.48478e-05 0.309459 -0.950913
f 5057/2821/2201 5056/2820/2202 5089/2819/2202 5088/2818/2201 

vn 4.08802e-05 0.498678 -0.866787
f 5056/2825/2202 5055/2824/2203 5090/2823/2203 5089/2822/2202 

vn 3.42598e-05 0.687257 -0.726415
f 5055/2829/2203 5054/2828/2204 5091/2827/2204 5090/2826/2203 

vn 2.5599e-05 0.839876 -0.542778
f 5054/2833/2204 5053/2832/2205 5092/2831/2205 5091/2830/2204 

vn 2.07006e-05 0.898528 -0.438916
f 5053/2837/2205 5052/2836/2206 5093/2835/2206 5092/2834/2205 

vn 2.04898e-05 0.900697 -0.434447
f 5052/2841/2206 5051/2840/2207 5094/2839/2207 5093/2838/2206 

f 5051/2840/2207 5050/2843/2207 5095/2842/2207 5094/2839/2207 

f 5050/2843/2207 5049/2846/2207 5096/2845/2207 5095/2844/2207 

f 5049/2846/2207 5048/2849/2207 5097/2848/2207 5096/2847/2207 

f 5048/2849/2207 5047/2852/2207 5098/2851/2207 5097/2850/2207 

f 5047/2852/2207 5046/2855/2207 5099/2854/2207 5098/2853/2207 

vn 2.03386e-05 0.902236 -0.431243
f 5046/2855/2207 5045/2858/2208 5100/2857/2208 5099/2856/2207 

vn 1.65299e-05 0.936568 -0.350486
f 5045/2862/2208 5044/2861/2209 5101/2860/2209 5100/2859/2208 

vn 8.97005e-06 0.981747 -0.190193
f 5044/2866/2209 5043/2865/2210 5102/2864/2210 5101/2863/2209 

vn 1.8054e-06 0.999267 -0.03828
f 5043/2870/2210 5042/2869/2211 5103/2868/2211 5102/2867/2210 

vn -4.43567e-06 0.995567 0.0940501
f 5042/2874/2211 5041/2873/2212 5104/2872/2212 5103/2871/2211 

vn -9.92951e-06 0.977586 0.210537
f 5041/2878/2212 5040/2877/2213 5105/2876/2213 5104/2875/2212 

vn -1.48541e-05 0.949107 0.314954
f 5040/2882/2213 5039/2881/2214 5106/2880/2214 5105/2879/2213 

vn -1.93521e-05 0.911939 0.410326
f 5039/2886/2214 5038/2885/2215 5107/2884/2215 5106/2883/2214 

vn -2.38454e-05 0.86277 0.505597
f 5038/2890/2215 5037/2889/2216 5108/2888/2216 5107/2887/2215 

vn -2.61297e-05 0.832496 0.55403
f 5037/2894/2216 5036/2893/2217 5109/2892/2217 5108/2891/2216 

vn -4.20067e-05 0.454645 0.890673
f 5036/2898/2218 5035/2897/2218 5110/2896/2218 5109/2895/2218 

f 5035/2897/2218 5034/2900/2218 5111/2899/2218 5110/2896/2218 

f 5034/2900/2218 5033/2902/2218 5112/2901/2218 5111/2899/2218 

f 5033/2902/2218 5032/2904/2218 5113/2903/2218 5112/2901/2218 

f 5032/2904/2218 5031/2906/2218 5114/2905/2218 5113/2903/2218 

f 5031/2906/2218 5030/2908/2218 5115/2907/2218 5114/2905/2218 

f 5030/2908/2218 5029/2911/2218 5116/2910/2218 5115/2909/2218 

f 5029/2911/2218 5028/2913/2218 5117/2912/2218 5116/2910/2218 

vn 2.14379e-05 0.890721 -0.45455
f 5028/2917/2219 5027/2916/2219 5118/2915/2219 5117/2914/2219 

vn -4.71573e-05 0.0153504 0.999882
f 5027/2921/2220 5026/2920/2220 5119/2919/2220 5118/2918/2220 

vn -2.31706e-09 1 4.91289e-05
vn -4.63616e-11 1 9.82999e-07
f 5026/2925/2221 5025/2924/2222 5120/2923/2222 5119/2922/2221 

vn 2.22433e-09 1 -4.71629e-05
f 5025/2929/2222 5024/2928/2223 5121/2927/2223 5120/2926/2222 

f 5024/2933/2192 5023/2932/2192 5122/2931/2192 5121/2930/2192 

f 5023/2928/2223 5022/2936/2223 5123/2935/2223 5122/2934/2223 

f 5022/2936/2223 5021/2938/2223 5124/2937/2223 5123/2935/2223 

f 5021/2938/2223 5020/2940/2223 5125/2939/2223 5124/2937/2223 

f 5020/2940/2223 5019/2942/2223 5126/2941/2223 5125/2939/2223 

f 5019/2942/2223 5018/2944/2223 5127/2943/2223 5126/2941/2223 

f 5018/2944/2223 5017/2946/2223 5128/2945/2223 5127/2943/2223 

f 5017/2946/2223 5016/2948/2223 5129/2947/2223 5128/2945/2223 

vn -1.76893e-06 0.999296 0.0375068
f 5016/2948/2223 5015/2950/2224 5130/2949/2224 5129/2947/2223 

vn -7.74494e-06 0.986424 0.164217
f 5015/2954/2224 5014/2953/2225 5131/2952/2225 5130/2951/2224 

vn -1.62219e-05 0.938986 0.343955
f 5014/2958/2225 5013/2957/2226 5132/2956/2226 5131/2955/2225 

vn -2.43181e-05 0.856817 0.515621
f 5013/2962/2226 5012/2961/2227 5133/2960/2227 5132/2959/2226 

vn -3.14283e-05 0.745614 0.666378
f 5012/2966/2227 5011/2965/2228 5134/2964/2228 5133/2963/2227 

vn -3.74131e-05 0.608864 0.793275
f 5011/2970/2228 5010/2969/2229 5135/2968/2229 5134/2967/2228 

vn -4.21333e-05 0.449345 0.893358
f 5010/2974/2229 5009/2973/2230 5136/2972/2230 5135/2971/2229 

vn -4.5405e-05 0.27047 0.962728
f 5009/2978/2230 5008/2977/2231 5137/2976/2231 5136/2975/2230 

vn -4.69465e-05 0.0956664 0.995413
f 5008/2982/2231 5007/2981/2232 5138/2980/2232 5137/2979/2231 

vn -4.71615e-05 0.00744841 0.999972
f 5007/2986/2232 5006/2985/2233 5139/2984/2233 5138/2983/2232 

f 5006/2990/2233 5005/2989/2192 5140/2988/2192 5139/2987/2233 

f 5005/2989/2192 5004/2992/2192 5141/2991/2192 5140/2988/2192 

f 5004/2992/2192 5003/2994/2192 5142/2993/2192 5141/2991/2192 

f 5003/2994/2192 5002/2996/2192 5143/2995/2192 5142/2993/2192 

f 5002/2996/2192 5001/2998/2192 5144/2997/2192 5143/2995/2192 

f 5001/2998/2192 5000/3000/2192 5145/2999/2192 5144/2997/2192 

vn -4.71613e-05 -0.00800483 0.999968
f 5000/3000/2192 4999/3002/2234 5146/3001/2234 5145/2999/2192 

vn -4.6944e-05 -0.0962202 0.99536
f 4999/3006/2234 4998/3005/2235 5147/3004/2235 5146/3003/2234 

vn -4.54062e-05 -0.27038 0.962754
f 4998/3010/2235 4997/3009/2236 5148/3008/2236 5147/3007/2235 

vn -4.21353e-05 -0.449261 0.893401
f 4997/3014/2236 4996/3013/2237 5149/3012/2237 5148/3011/2236 

vn -3.74158e-05 -0.608789 0.793332
f 4996/3018/2237 4995/3017/2238 5150/3016/2238 5149/3015/2237 

vn -3.14316e-05 -0.745552 0.666448
f 4995/3022/2238 4994/3021/2239 5151/3020/2239 5150/3019/2238 

vn -2.4322e-05 -0.856768 0.515701
f 4994/3026/2239 4993/3025/2240 5152/3024/2240 5151/3023/2239 

vn -1.62261e-05 -0.938954 0.344043
f 4993/3030/2240 4992/3029/2241 5153/3028/2241 5152/3027/2240 

vn -7.76171e-06 -0.986365 0.164572
f 4992/3034/2241 4991/3033/2242 5154/3032/2242 5153/3031/2241 

vn -1.78591e-06 -0.999283 0.0378669
f 4991/3038/2242 4990/3037/2243 5155/3036/2243 5154/3035/2242 

f 4990/3042/2243 4989/3041/2190 5156/3040/2190 5155/3039/2243 

f 4989/3041/2190 4988/3044/2190 5157/3043/2190 5156/3040/2190 

f 4988/3044/2190 4987/3046/2190 5158/3045/2190 5157/3043/2190 

f 4987/3046/2190 4986/3048/2190 5159/3047/2190 5158/3045/2190 

f 4986/3048/2190 4985/3051/2190 5160/3050/2190 5159/3049/2190 

f 4985/3051/2190 4984/3054/2190 5073/3053/2190 5160/3052/2190 

g Mesh17 ___37_10 Model

v 71.3054 0.00252598 -177.967
v 17.7468 2.11394e-09 -177.97
v 17.747 2.11394e-09 -180.97
v 71.3055 0.00252598 -180.967
f 5161/2589/2070 5162/2588/2070 5163/2587/2070 5164/2586/2070 

v 71.3963 2.8904 -177.967
v 71.6371 2.89041 -177.967
v 71.9793 2.89043 -177.967
v 72.3747 2.89045 -177.967
v 72.775 2.89047 -177.967
v 73.1318 2.89048 -177.967
v 73.3967 2.8905 -177.967
v 73.5215 2.8905 -177.967
v 73.6265 2.89846 -177.967
v 73.7455 2.92949 -177.967
v 73.8543 2.98172 -177.967
v 73.9505 3.05276 -177.967
v 74.0317 3.14025 -177.967
v 74.0955 3.24178 -177.967
v 74.1395 3.35498 -177.967
v 74.1614 3.47747 -177.967
v 74.1634 3.6025 -177.967
v 74.1634 4.00957 -177.967
v 74.1634 4.68005 -177.967
v 74.1633 5.50858 -177.967
v 74.1633 6.3898 -177.967
v 74.1632 7.21833 -177.967
v 74.1632 7.88881 -177.967
v 74.1632 8.29588 -177.967
v 74.1614 8.4143 -177.967
v 74.1424 8.52094 -177.967
v 74.104 8.61949 -177.967
v 74.0485 8.70788 -177.967
v 73.9778 8.78403 -177.967
v 73.8941 8.84588 -177.967
v 73.7993 8.89134 -177.967
v 73.6957 8.91834 -177.967
v 73.6037 8.92526 -177.967
v 73.4742 8.92525 -177.967
v 73.1994 8.92524 -177.967
v 72.8294 8.92522 -177.967
v 72.4142 8.9252 -177.967
v 72.0041 8.92518 -177.967
v 71.6491 8.92517 -177.967
v 71.3994 8.92515 -177.967
v 71.305 8.92515 -177.967
v 71.3048 11.5522 -177.967
v 60.0895 11.5517 -177.968
v 40.7179 11.5526 -177.969
v 40.6623 15.1734 -177.969
v 34.3941 11.9747 -177.969
v 34.3367 12.0873 -177.969
v 34.1846 12.3852 -177.969
v 33.9685 12.8086 -177.969
v 33.7187 13.2978 -177.969
v 33.466 13.793 -177.969
v 33.2407 14.2344 -177.969
v 33.0733 14.5622 -177.969
v 32.9945 14.7166 -177.969
v 32.9048 14.7764 -177.969
v 32.7942 14.8329 -177.969
v 32.6838 14.8761 -177.969
v 32.5752 14.9059 -177.969
v 32.4704 14.9224 -177.969
v 32.371 14.9257 -177.969
v 32.2789 14.9156 -177.969
v 32.196 14.8923 -177.969
v 32.0179 14.8079 -177.969
v 31.2039 14.4153 -177.969
v 29.8632 13.7686 -177.969
v 28.2065 12.9695 -177.969
v 26.4444 12.1196 -177.97
v 24.7877 11.3205 -177.97
v 23.447 10.6738 -177.97
v 22.6331 10.2812 -177.97
v 22.4515 10.1914 -177.97
v 22.3783 10.1312 -177.97
v 22.3213 10.0535 -177.97
v 22.281 9.96116 -177.97
v 22.258 9.85726 -177.97
v 22.2528 9.74475 -177.97
v 22.2661 9.62664 -177.97
v 22.2982 9.5059 -177.97
v 22.3402 9.40474 -177.97
v 22.4126 9.25431 -177.97
v 22.5664 8.93502 -177.97
v 22.7734 8.50509 -177.97
v 23.0057 8.02276 -177.97
v 23.2352 7.54625 -177.97
v 23.4338 7.13379 -177.97
v 23.5735 6.84361 -177.97
v 23.6263 6.73395 -177.97
v 17.7466 3.85266 -177.97
v 71.3053 2.8904 -177.967
f 5165/2774/2071 5166/2773/2071 5167/2772/2071 5168/2771/2071 5169/2770/2071 5170/2769/2071 5171/2768/2071 5172/2767/2071 5173/2766/2071 5174/2765/2071 5175/2764/2071 5176/2763/2071 5177/2762/2071 5178/2761/2071 5179/2760/2071 5180/2759/2071 5181/2758/2071 5182/2757/2071 5183/2756/2071 5184/2755/2071 5185/2754/2071 5186/2753/2071 5187/2752/2071 5188/2751/2071 5189/2750/2071 5190/2749/2071 5191/2748/2071 5192/2747/2071 5193/2746/2071 5194/2745/2071 5195/2744/2071 5196/2743/2071 5197/2742/2071 5198/2741/2071 5199/2740/2071 5200/2739/2071 5201/2738/2071 5202/2737/2071 5203/2736/2071 5204/2735/2071 5205/2734/2071 5206/2733/2071 5207/2732/2071 5208/2731/2071 5209/2730/2071 5210/2729/2071 5211/2728/2071 5212/2727/2071 5213/2726/2071 5214/2725/2071 5215/2724/2071 5216/2723/2071 5217/2722/2071 5218/2721/2071 5219/2720/2071 5220/2719/2071 5221/2718/2071 5222/2717/2071 5223/2716/2071 5224/2715/2071 5225/2714/2071 5226/2713/2071 5227/2712/2071 5228/2711/2071 5229/2710/2071 5230/2709/2071 5231/2708/2071 5232/2707/2071 5233/2706/2071 5234/2705/2071 5235/2704/2071 5236/2703/2071 5237/2702/2071 5238/2701/2071 5239/2700/2071 5240/2699/2071 5241/2698/2071 5242/2697/2071 5243/2696/2071 5244/2695/2071 5245/2694/2071 5246/2693/2071 5247/2692/2071 5248/2691/2071 5249/2690/2071 5250/2689/2071 5251/2688/2071 5252/2687/2071 5162/2686/2071 5161/2685/2071 5253/2684/2071 

v 71.3964 2.8904 -180.967
v 71.6372 2.89041 -180.967
f 5166/3054/2070 5165/3056/2070 5254/3055/2070 5255/3053/2070 

v 71.3054 2.8904 -180.967
f 5165/3056/2070 5253/2589/2070 5256/2586/2070 5254/3055/2070 

f 5253/2683/2072 5161/2682/2072 5164/2681/2072 5256/2680/2072 

v 17.7468 3.85266 -180.97
v 23.6265 6.73395 -180.97
v 23.5737 6.84361 -180.97
v 23.4339 7.13379 -180.97
v 23.2353 7.54625 -180.97
v 23.0058 8.02276 -180.97
v 22.7735 8.50509 -180.97
v 22.5665 8.93502 -180.97
v 22.4127 9.25431 -180.97
v 22.3403 9.40474 -180.97
v 22.2983 9.5059 -180.97
v 22.2662 9.62664 -180.97
v 22.253 9.74475 -180.97
v 22.2582 9.85726 -180.97
v 22.2812 9.96116 -180.97
v 22.3214 10.0535 -180.97
v 22.3784 10.1312 -180.97
v 22.4516 10.1914 -180.97
v 22.6332 10.2812 -180.97
v 23.4472 10.6738 -180.97
v 24.7879 11.3205 -180.97
v 26.4446 12.1196 -180.97
v 28.2067 12.9695 -180.969
v 29.8634 13.7686 -180.969
v 31.2041 14.4153 -180.969
v 32.018 14.8079 -180.969
v 32.1962 14.8923 -180.969
v 32.2791 14.9156 -180.969
v 32.3711 14.9257 -180.969
v 32.4705 14.9224 -180.969
v 32.5754 14.9059 -180.969
v 32.6839 14.8761 -180.969
v 32.7944 14.8329 -180.969
v 32.9049 14.7764 -180.969
v 32.9946 14.7166 -180.969
v 33.0735 14.5622 -180.969
v 33.2408 14.2344 -180.969
v 33.4661 13.793 -180.969
v 33.7189 13.2978 -180.969
v 33.9686 12.8086 -180.969
v 34.1847 12.3852 -180.969
v 34.3368 12.0873 -180.969
v 34.3943 11.9747 -180.969
v 40.6625 15.1734 -180.969
v 40.718 11.5526 -180.969
v 60.0896 11.5517 -180.968
v 71.305 11.5522 -180.967
v 71.3051 8.92515 -180.967
v 71.3995 8.92515 -180.967
v 71.6493 8.92517 -180.967
v 72.0042 8.92518 -180.967
v 72.4144 8.9252 -180.967
v 72.8295 8.92522 -180.967
v 73.1995 8.92524 -180.967
v 73.4744 8.92525 -180.967
v 73.6038 8.92526 -180.967
v 73.6958 8.91834 -180.967
v 73.7995 8.89134 -180.967
v 73.8942 8.84588 -180.967
v 73.978 8.78403 -180.967
v 74.0486 8.70788 -180.967
v 74.1042 8.61949 -180.967
v 74.1425 8.52094 -180.967
v 74.1616 8.4143 -180.967
v 74.1633 8.29588 -180.967
v 74.1633 7.88881 -180.967
v 74.1634 7.21833 -180.967
v 74.1634 6.3898 -180.967
v 74.1635 5.50858 -180.967
v 74.1635 4.68005 -180.967
v 74.1635 4.00957 -180.967
v 74.1636 3.6025 -180.967
v 74.1615 3.47747 -180.967
v 74.1397 3.35498 -180.967
v 74.0957 3.24178 -180.967
v 74.0319 3.14025 -180.967
v 73.9507 3.05276 -180.967
v 73.8545 2.98172 -180.967
v 73.7457 2.92949 -180.967
v 73.6266 2.89846 -180.967
v 73.5217 2.8905 -180.967
v 73.3969 2.8905 -180.967
v 73.1319 2.89048 -180.967
v 72.7751 2.89047 -180.967
v 72.3749 2.89045 -180.967
v 71.9795 2.89043 -180.967
f 5163/2587/2073 5257/2679/2073 5258/2678/2073 5259/2677/2073 5260/2676/2073 5261/2675/2073 5262/2674/2073 5263/2673/2073 5264/2672/2073 5265/2671/2073 5266/2670/2073 5267/2669/2073 5268/2668/2073 5269/2667/2073 5270/2666/2073 5271/2665/2073 5272/2664/2073 5273/2663/2073 5274/2662/2073 5275/2661/2073 5276/2660/2073 5277/2659/2073 5278/2658/2073 5279/2657/2073 5280/2656/2073 5281/2655/2073 5282/2654/2073 5283/2653/2073 5284/2652/2073 5285/2651/2073 5286/2650/2073 5287/2649/2073 5288/2648/2073 5289/2647/2073 5290/2646/2073 5291/2645/2073 5292/2644/2073 5293/2643/2073 5294/2642/2073 5295/2641/2073 5296/2640/2073 5297/2639/2073 5298/2638/2073 5299/2637/2073 5300/2636/2073 5301/2635/2073 5302/2634/2073 5303/2633/2073 5304/2632/2073 5305/2631/2073 5306/2630/2073 5307/2629/2073 5308/2628/2073 5309/2627/2073 5310/2626/2073 5311/2625/2073 5312/2624/2073 5313/2623/2073 5314/2622/2073 5315/2621/2073 5316/2620/2073 5317/2619/2073 5318/2618/2073 5319/2617/2073 5320/2616/2073 5321/2615/2073 5322/2614/2073 5323/2613/2073 5324/2612/2073 5325/2611/2073 5326/2610/2073 5327/2609/2073 5328/2608/2073 5329/2607/2073 5330/2606/2073 5331/2605/2073 5332/2604/2073 5333/2603/2073 5334/2602/2073 5335/2601/2073 5336/2600/2073 5337/2599/2073 5338/2598/2073 5339/2597/2073 5340/2596/2073 5341/2595/2073 5342/2594/2073 5255/2593/2073 5254/2592/2073 5256/2591/2073 5164/2590/2073 

f 5162/2588/2074 5252/2776/2074 5257/2775/2074 5163/2587/2074 

f 5252/2780/2075 5251/2779/2075 5258/2778/2075 5257/2777/2075 

f 5251/2784/2076 5250/2783/2076 5259/2782/2076 5258/2781/2076 

f 5250/2783/2076 5249/2786/2076 5260/2785/2076 5259/2782/2076 

f 5249/2786/2076 5248/2788/2076 5261/2787/2076 5260/2785/2076 

f 5248/2788/2076 5247/2791/2076 5262/2790/2076 5261/2789/2076 

f 5247/2791/2076 5246/2794/2076 5263/2793/2076 5262/2792/2076 

f 5246/2794/2076 5245/2796/2076 5264/2795/2076 5263/2793/2076 

f 5245/2796/2076 5244/2799/2076 5265/2798/2076 5264/2797/2076 

f 5244/2799/2076 5243/2801/2077 5266/2800/2077 5265/2798/2076 

f 5243/2805/2077 5242/2804/2078 5267/2803/2078 5266/2802/2077 

f 5242/2809/2078 5241/2808/2079 5268/2807/2079 5267/2806/2078 

f 5241/2813/2079 5240/2812/2080 5269/2811/2080 5268/2810/2079 

f 5240/2817/2080 5239/2816/2081 5270/2815/2081 5269/2814/2080 

f 5239/2821/2081 5238/2820/2082 5271/2819/2082 5270/2818/2081 

f 5238/2825/2082 5237/2824/2083 5272/2823/2083 5271/2822/2082 

f 5237/2829/2083 5236/2828/2084 5273/2827/2084 5272/2826/2083 

f 5236/2833/2084 5235/2832/2085 5274/2831/2085 5273/2830/2084 

f 5235/2837/2085 5234/2836/2086 5275/2835/2086 5274/2834/2085 

f 5234/2841/2086 5233/2840/2087 5276/2839/2087 5275/2838/2086 

f 5233/2840/2087 5232/2843/2087 5277/2842/2087 5276/2839/2087 

f 5232/2843/2087 5231/2846/2087 5278/2845/2087 5277/2844/2087 

f 5231/2846/2087 5230/2849/2087 5279/2848/2087 5278/2847/2087 

f 5230/2849/2087 5229/2852/2087 5280/2851/2087 5279/2850/2087 

f 5229/2852/2087 5228/2855/2087 5281/2854/2087 5280/2853/2087 

f 5228/2855/2087 5227/2858/2088 5282/2857/2088 5281/2856/2087 

f 5227/2862/2088 5226/2861/2089 5283/2860/2089 5282/2859/2088 

f 5226/2866/2089 5225/2865/2090 5284/2864/2090 5283/2863/2089 

f 5225/2870/2090 5224/2869/2091 5285/2868/2091 5284/2867/2090 

f 5224/2874/2091 5223/2873/2092 5286/2872/2092 5285/2871/2091 

f 5223/2878/2092 5222/2877/2093 5287/2876/2093 5286/2875/2092 

f 5222/2882/2093 5221/2881/2094 5288/2880/2094 5287/2879/2093 

f 5221/2886/2094 5220/2885/2095 5289/2884/2095 5288/2883/2094 

f 5220/2890/2095 5219/2889/2096 5290/2888/2096 5289/2887/2095 

f 5219/2894/2096 5218/2893/2097 5291/2892/2097 5290/2891/2096 

f 5218/2898/2098 5217/2897/2098 5292/2896/2098 5291/2895/2098 

f 5217/2897/2098 5216/2900/2098 5293/2899/2098 5292/2896/2098 

f 5216/2900/2098 5215/2902/2098 5294/2901/2098 5293/2899/2098 

f 5215/2902/2098 5214/2904/2098 5295/2903/2098 5294/2901/2098 

f 5214/2904/2098 5213/2906/2098 5296/2905/2098 5295/2903/2098 

f 5213/2906/2098 5212/2908/2098 5297/2907/2098 5296/2905/2098 

f 5212/2908/2098 5211/2911/2098 5298/2910/2098 5297/2909/2098 

f 5211/2911/2098 5210/2913/2098 5299/2912/2098 5298/2910/2098 

f 5210/2917/2099 5209/2916/2099 5300/2915/2099 5299/2914/2099 

f 5209/2921/2100 5208/2920/2100 5301/2919/2100 5300/2918/2100 

f 5208/2925/2101 5207/2924/2102 5302/2923/2102 5301/2922/2101 

f 5207/2929/2102 5206/2928/2103 5303/2927/2103 5302/2926/2102 

f 5206/2933/2072 5205/2932/2072 5304/2931/2072 5303/2930/2072 

f 5205/2928/2103 5204/2936/2103 5305/2935/2103 5304/2934/2103 

f 5204/2936/2103 5203/2938/2103 5306/2937/2103 5305/2935/2103 

f 5203/2938/2103 5202/2940/2103 5307/2939/2103 5306/2937/2103 

f 5202/2940/2103 5201/2942/2103 5308/2941/2103 5307/2939/2103 

f 5201/2942/2103 5200/2944/2103 5309/2943/2103 5308/2941/2103 

f 5200/2944/2103 5199/2946/2103 5310/2945/2103 5309/2943/2103 

f 5199/2946/2103 5198/2948/2103 5311/2947/2103 5310/2945/2103 

f 5198/2948/2103 5197/2950/2104 5312/2949/2104 5311/2947/2103 

f 5197/2954/2104 5196/2953/2105 5313/2952/2105 5312/2951/2104 

f 5196/2958/2105 5195/2957/2106 5314/2956/2106 5313/2955/2105 

f 5195/2962/2106 5194/2961/2107 5315/2960/2107 5314/2959/2106 

f 5194/2966/2107 5193/2965/2108 5316/2964/2108 5315/2963/2107 

f 5193/2970/2108 5192/2969/2109 5317/2968/2109 5316/2967/2108 

f 5192/2974/2109 5191/2973/2110 5318/2972/2110 5317/2971/2109 

f 5191/2978/2110 5190/2977/2111 5319/2976/2111 5318/2975/2110 

f 5190/2982/2111 5189/2981/2112 5320/2980/2112 5319/2979/2111 

f 5189/2986/2112 5188/2985/2113 5321/2984/2113 5320/2983/2112 

f 5188/2990/2113 5187/2989/2072 5322/2988/2072 5321/2987/2113 

f 5187/2989/2072 5186/2992/2072 5323/2991/2072 5322/2988/2072 

f 5186/2992/2072 5185/2994/2072 5324/2993/2072 5323/2991/2072 

f 5185/2994/2072 5184/2996/2072 5325/2995/2072 5324/2993/2072 

f 5184/2996/2072 5183/2998/2072 5326/2997/2072 5325/2995/2072 

f 5183/2998/2072 5182/3000/2072 5327/2999/2072 5326/2997/2072 

f 5182/3000/2072 5181/3002/2114 5328/3001/2114 5327/2999/2072 

f 5181/3006/2114 5180/3005/2115 5329/3004/2115 5328/3003/2114 

f 5180/3010/2115 5179/3009/2116 5330/3008/2116 5329/3007/2115 

f 5179/3014/2116 5178/3013/2117 5331/3012/2117 5330/3011/2116 

f 5178/3018/2117 5177/3017/2118 5332/3016/2118 5331/3015/2117 

f 5177/3022/2118 5176/3021/2119 5333/3020/2119 5332/3019/2118 

f 5176/3026/2119 5175/3025/2120 5334/3024/2120 5333/3023/2119 

f 5175/3030/2120 5174/3029/2121 5335/3028/2121 5334/3027/2120 

f 5174/3034/2121 5173/3033/2122 5336/3032/2122 5335/3031/2121 

f 5173/3038/2122 5172/3037/2123 5337/3036/2123 5336/3035/2122 

f 5172/3042/2123 5171/3041/2070 5338/3040/2070 5337/3039/2123 

f 5171/3041/2070 5170/3044/2070 5339/3043/2070 5338/3040/2070 

f 5170/3044/2070 5169/3046/2070 5340/3045/2070 5339/3043/2070 

f 5169/3046/2070 5168/3048/2070 5341/3047/2070 5340/3045/2070 

f 5168/3048/2070 5167/3051/2070 5342/3050/2070 5341/3049/2070 

f 5167/3051/2070 5166/3054/2070 5255/3053/2070 5342/3052/2070 

g Mesh18 ___46_2 Model

v 7.20284 3.14383 -3.76981
vn -0.700519 0.305777 -0.644805
v 43.1158 18.2477 -35.6233
v 43.1157 15.537 -36.9086
v 7.20278 0.433152 -5.05519
f 5343/2588/2244 5344/3071/2244 5345/3072/2244 5346/2587/2244 

v 218.429 3.13956 -3.77077
v 218.429 18.2441 -35.6241
f 5344/3067/2188 5343/2587/2188 5347/3105/2188 5348/3107/2188 

v 218.428 0.428883 -5.05615
f 5347/3106/2187 5343/2588/2187 5346/2587/2187 5349/3105/2187 

v 218.429 15.5335 -36.9094
f 5346/2587/2185 5345/3057/2185 5350/3103/2185 5349/3102/2185 

f 5344/3062/2189 5348/3108/2189 5350/3102/2189 5345/3065/2189 

vn 1 -2.02075e-05 -4.54838e-06
f 5348/3104/2245 5347/2588/2245 5349/2587/2245 5350/3089/2245 

g Mesh19 ___37_11 Model

v 371.511 0.00252598 -187.296
v 371.514 -1.66533e-15 -240.854
v 374.514 0 -240.854
v 374.511 0.00252598 -187.295
f 5351/2589/2190 5352/2588/2190 5353/2587/2190 5354/2586/2190 

v 371.511 2.8904 -187.205
v 371.511 2.89041 -186.964
v 371.511 2.89043 -186.622
v 371.511 2.89045 -186.226
v 371.511 2.89047 -185.826
v 371.511 2.89048 -185.469
v 371.511 2.8905 -185.204
v 371.511 2.8905 -185.079
v 371.511 2.89846 -184.974
v 371.511 2.92949 -184.855
v 371.511 2.98172 -184.747
v 371.511 3.05276 -184.65
v 371.511 3.14025 -184.569
v 371.511 3.24178 -184.505
v 371.511 3.35498 -184.461
v 371.511 3.47747 -184.44
v 371.511 3.6025 -184.437
v 371.511 4.00957 -184.438
v 371.511 4.68005 -184.438
v 371.511 5.50858 -184.438
v 371.511 6.3898 -184.438
v 371.511 7.21833 -184.438
v 371.511 7.88881 -184.438
v 371.511 8.29588 -184.438
v 371.511 8.4143 -184.439
v 371.511 8.52094 -184.459
v 371.511 8.61949 -184.497
v 371.511 8.70788 -184.552
v 371.511 8.78403 -184.623
v 371.511 8.84588 -184.707
v 371.511 8.89134 -184.802
v 371.511 8.91834 -184.905
v 371.511 8.92526 -184.997
v 371.511 8.92525 -185.127
v 371.511 8.92524 -185.402
v 371.511 8.92522 -185.772
v 371.511 8.9252 -186.187
v 371.511 8.92518 -186.597
v 371.511 8.92517 -186.952
v 371.511 8.92515 -187.202
v 371.511 8.92515 -187.296
v 371.511 11.5522 -187.296
v 371.512 11.5517 -198.511
v 371.512 11.5526 -217.883
v 371.512 15.1734 -217.939
v 371.513 11.9747 -224.207
v 371.513 12.0873 -224.264
v 371.513 12.3852 -224.416
v 371.513 12.8086 -224.632
v 371.513 13.2978 -224.882
v 371.513 13.793 -225.135
v 371.513 14.2344 -225.36
v 371.513 14.5622 -225.528
v 371.513 14.7166 -225.606
v 371.513 14.7764 -225.696
v 371.513 14.8329 -225.807
v 371.513 14.8761 -225.917
v 371.513 14.9059 -226.026
v 371.513 14.9224 -226.131
v 371.513 14.9257 -226.23
v 371.513 14.9156 -226.322
v 371.513 14.8923 -226.405
v 371.513 14.8079 -226.583
v 371.513 14.4153 -227.397
v 371.513 13.7686 -228.738
v 371.513 12.9695 -230.394
v 371.513 12.1196 -232.156
v 371.513 11.3205 -233.813
v 371.513 10.6738 -235.154
v 371.513 10.2812 -235.968
v 371.513 10.1914 -236.149
v 371.513 10.1312 -236.223
v 371.513 10.0535 -236.28
v 371.513 9.96116 -236.32
v 371.513 9.85726 -236.343
v 371.513 9.74475 -236.348
v 371.513 9.62664 -236.335
v 371.513 9.5059 -236.303
v 371.513 9.40474 -236.261
v 371.513 9.25431 -236.188
v 371.513 8.93502 -236.035
v 371.513 8.50509 -235.828
v 371.513 8.02276 -235.595
v 371.513 7.54625 -235.366
v 371.513 7.13379 -235.167
v 371.513 6.84361 -235.027
v 371.513 6.73395 -234.975
v 371.514 3.85266 -240.854
v 371.511 2.8904 -187.296
f 5355/2774/2191 5356/2773/2191 5357/2772/2191 5358/2771/2191 5359/2770/2191 5360/2769/2191 5361/2768/2191 5362/2767/2191 5363/2766/2191 5364/2765/2191 5365/2764/2191 5366/2763/2191 5367/2762/2191 5368/2761/2191 5369/2760/2191 5370/2759/2191 5371/2758/2191 5372/2757/2191 5373/2756/2191 5374/2755/2191 5375/2754/2191 5376/2753/2191 5377/2752/2191 5378/2751/2191 5379/2750/2191 5380/2749/2191 5381/2748/2191 5382/2747/2191 5383/2746/2191 5384/2745/2191 5385/2744/2191 5386/2743/2191 5387/2742/2191 5388/2741/2191 5389/2740/2191 5390/2739/2191 5391/2738/2191 5392/2737/2191 5393/2736/2191 5394/2735/2191 5395/2734/2191 5396/2733/2191 5397/2732/2191 5398/2731/2191 5399/2730/2191 5400/2729/2191 5401/2728/2191 5402/2727/2191 5403/2726/2191 5404/2725/2191 5405/2724/2191 5406/2723/2191 5407/2722/2191 5408/2721/2191 5409/2720/2191 5410/2719/2191 5411/2718/2191 5412/2717/2191 5413/2716/2191 5414/2715/2191 5415/2714/2191 5416/2713/2191 5417/2712/2191 5418/2711/2191 5419/2710/2191 5420/2709/2191 5421/2708/2191 5422/2707/2191 5423/2706/2191 5424/2705/2191 5425/2704/2191 5426/2703/2191 5427/2702/2191 5428/2701/2191 5429/2700/2191 5430/2699/2191 5431/2698/2191 5432/2697/2191 5433/2696/2191 5434/2695/2191 5435/2694/2191 5436/2693/2191 5437/2692/2191 5438/2691/2191 5439/2690/2191 5440/2689/2191 5441/2688/2191 5442/2687/2191 5352/2686/2191 5351/2685/2191 5443/2684/2191 

v 374.511 2.8904 -187.205
v 374.511 2.89041 -186.964
f 5356/3054/2190 5355/3056/2190 5444/3055/2190 5445/3053/2190 

v 374.511 2.8904 -187.296
f 5355/3056/2190 5443/2589/2190 5446/2586/2190 5444/3055/2190 

f 5443/2683/2192 5351/2682/2192 5354/2681/2192 5446/2680/2192 

v 374.514 3.85266 -240.854
v 374.513 6.73395 -234.974
v 374.513 6.84361 -235.027
v 374.513 7.13379 -235.167
v 374.513 7.54625 -235.366
v 374.513 8.02276 -235.595
v 374.513 8.50509 -235.827
v 374.513 8.93502 -236.034
v 374.513 9.25431 -236.188
v 374.513 9.40474 -236.261
v 374.513 9.5059 -236.303
v 374.513 9.62664 -236.335
v 374.513 9.74475 -236.348
v 374.513 9.85726 -236.343
v 374.513 9.96116 -236.32
v 374.513 10.0535 -236.279
v 374.513 10.1312 -236.222
v 374.513 10.1914 -236.149
v 374.513 10.2812 -235.968
v 374.513 10.6738 -235.154
v 374.513 11.3205 -233.813
v 374.513 12.1196 -232.156
v 374.513 12.9695 -230.394
v 374.513 13.7686 -228.738
v 374.513 14.4153 -227.397
v 374.513 14.8079 -226.583
v 374.513 14.8923 -226.405
v 374.513 14.9156 -226.322
v 374.513 14.9257 -226.23
v 374.513 14.9224 -226.13
v 374.513 14.9059 -226.026
v 374.513 14.8761 -225.917
v 374.513 14.8329 -225.807
v 374.513 14.7764 -225.696
v 374.513 14.7166 -225.606
v 374.513 14.5622 -225.527
v 374.513 14.2344 -225.36
v 374.513 13.793 -225.135
v 374.513 13.2978 -224.882
v 374.513 12.8086 -224.632
v 374.513 12.3852 -224.416
v 374.513 12.0873 -224.264
v 374.513 11.9747 -224.207
v 374.512 15.1734 -217.938
v 374.512 11.5526 -217.883
v 374.512 11.5517 -198.511
v 374.511 11.5522 -187.296
v 374.511 8.92515 -187.296
v 374.511 8.92515 -187.201
v 374.511 8.92517 -186.952
v 374.511 8.92518 -186.597
v 374.511 8.9252 -186.187
v 374.511 8.92522 -185.771
v 374.511 8.92524 -185.401
v 374.511 8.92525 -185.127
v 374.511 8.92526 -184.997
v 374.511 8.91834 -184.905
v 374.511 8.89134 -184.801
v 374.511 8.84588 -184.707
v 374.511 8.78403 -184.623
v 374.511 8.70788 -184.552
v 374.511 8.61949 -184.497
v 374.511 8.52094 -184.458
v 374.511 8.4143 -184.439
v 374.511 8.29588 -184.438
v 374.511 7.88881 -184.438
v 374.511 7.21833 -184.438
v 374.511 6.3898 -184.437
v 374.511 5.50858 -184.437
v 374.511 4.68005 -184.437
v 374.511 4.00957 -184.437
v 374.511 3.6025 -184.437
v 374.511 3.47747 -184.439
v 374.511 3.35498 -184.461
v 374.511 3.24178 -184.505
v 374.511 3.14025 -184.569
v 374.511 3.05276 -184.65
v 374.511 2.98172 -184.746
v 374.511 2.92949 -184.855
v 374.511 2.89846 -184.974
v 374.511 2.8905 -185.079
v 374.511 2.8905 -185.204
v 374.511 2.89048 -185.469
v 374.511 2.89047 -185.826
v 374.511 2.89045 -186.226
v 374.511 2.89043 -186.621
f 5353/2587/2193 5447/2679/2193 5448/2678/2193 5449/2677/2193 5450/2676/2193 5451/2675/2193 5452/2674/2193 5453/2673/2193 5454/2672/2193 5455/2671/2193 5456/2670/2193 5457/2669/2193 5458/2668/2193 5459/2667/2193 5460/2666/2193 5461/2665/2193 5462/2664/2193 5463/2663/2193 5464/2662/2193 5465/2661/2193 5466/2660/2193 5467/2659/2193 5468/2658/2193 5469/2657/2193 5470/2656/2193 5471/2655/2193 5472/2654/2193 5473/2653/2193 5474/2652/2193 5475/2651/2193 5476/2650/2193 5477/2649/2193 5478/2648/2193 5479/2647/2193 5480/2646/2193 5481/2645/2193 5482/2644/2193 5483/2643/2193 5484/2642/2193 5485/2641/2193 5486/2640/2193 5487/2639/2193 5488/2638/2193 5489/2637/2193 5490/2636/2193 5491/2635/2193 5492/2634/2193 5493/2633/2193 5494/2632/2193 5495/2631/2193 5496/2630/2193 5497/2629/2193 5498/2628/2193 5499/2627/2193 5500/2626/2193 5501/2625/2193 5502/2624/2193 5503/2623/2193 5504/2622/2193 5505/2621/2193 5506/2620/2193 5507/2619/2193 5508/2618/2193 5509/2617/2193 5510/2616/2193 5511/2615/2193 5512/2614/2193 5513/2613/2193 5514/2612/2193 5515/2611/2193 5516/2610/2193 5517/2609/2193 5518/2608/2193 5519/2607/2193 5520/2606/2193 5521/2605/2193 5522/2604/2193 5523/2603/2193 5524/2602/2193 5525/2601/2193 5526/2600/2193 5527/2599/2193 5528/2598/2193 5529/2597/2193 5530/2596/2193 5531/2595/2193 5532/2594/2193 5445/2593/2193 5444/2592/2193 5446/2591/2193 5354/2590/2193 

f 5352/2588/2194 5442/2776/2194 5447/2775/2194 5353/2587/2194 

f 5442/2780/2195 5441/2779/2195 5448/2778/2195 5447/2777/2195 

f 5441/2784/2196 5440/2783/2196 5449/2782/2196 5448/2781/2196 

f 5440/2783/2196 5439/2786/2196 5450/2785/2196 5449/2782/2196 

f 5439/2786/2196 5438/2788/2196 5451/2787/2196 5450/2785/2196 

f 5438/2788/2196 5437/2791/2196 5452/2790/2196 5451/2789/2196 

f 5437/2791/2196 5436/2794/2196 5453/2793/2196 5452/2792/2196 

f 5436/2794/2196 5435/2796/2196 5454/2795/2196 5453/2793/2196 

f 5435/2796/2196 5434/2799/2196 5455/2798/2196 5454/2797/2196 

f 5434/2799/2196 5433/2801/2197 5456/2800/2197 5455/2798/2196 

f 5433/2805/2197 5432/2804/2198 5457/2803/2198 5456/2802/2197 

f 5432/2809/2198 5431/2808/2199 5458/2807/2199 5457/2806/2198 

f 5431/2813/2199 5430/2812/2200 5459/2811/2200 5458/2810/2199 

f 5430/2817/2200 5429/2816/2201 5460/2815/2201 5459/2814/2200 

f 5429/2821/2201 5428/2820/2202 5461/2819/2202 5460/2818/2201 

f 5428/2825/2202 5427/2824/2203 5462/2823/2203 5461/2822/2202 

f 5427/2829/2203 5426/2828/2204 5463/2827/2204 5462/2826/2203 

f 5426/2833/2204 5425/2832/2205 5464/2831/2205 5463/2830/2204 

f 5425/2837/2205 5424/2836/2206 5465/2835/2206 5464/2834/2205 

f 5424/2841/2206 5423/2840/2207 5466/2839/2207 5465/2838/2206 

f 5423/2840/2207 5422/2843/2207 5467/2842/2207 5466/2839/2207 

f 5422/2843/2207 5421/2846/2207 5468/2845/2207 5467/2844/2207 

f 5421/2846/2207 5420/2849/2207 5469/2848/2207 5468/2847/2207 

f 5420/2849/2207 5419/2852/2207 5470/2851/2207 5469/2850/2207 

f 5419/2852/2207 5418/2855/2207 5471/2854/2207 5470/2853/2207 

f 5418/2855/2207 5417/2858/2208 5472/2857/2208 5471/2856/2207 

f 5417/2862/2208 5416/2861/2209 5473/2860/2209 5472/2859/2208 

f 5416/2866/2209 5415/2865/2210 5474/2864/2210 5473/2863/2209 

f 5415/2870/2210 5414/2869/2211 5475/2868/2211 5474/2867/2210 

f 5414/2874/2211 5413/2873/2212 5476/2872/2212 5475/2871/2211 

f 5413/2878/2212 5412/2877/2213 5477/2876/2213 5476/2875/2212 

f 5412/2882/2213 5411/2881/2214 5478/2880/2214 5477/2879/2213 

f 5411/2886/2214 5410/2885/2215 5479/2884/2215 5478/2883/2214 

f 5410/2890/2215 5409/2889/2216 5480/2888/2216 5479/2887/2215 

f 5409/2894/2216 5408/2893/2217 5481/2892/2217 5480/2891/2216 

f 5408/2898/2218 5407/2897/2218 5482/2896/2218 5481/2895/2218 

f 5407/2897/2218 5406/2900/2218 5483/2899/2218 5482/2896/2218 

f 5406/2900/2218 5405/2902/2218 5484/2901/2218 5483/2899/2218 

f 5405/2902/2218 5404/2904/2218 5485/2903/2218 5484/2901/2218 

f 5404/2904/2218 5403/2906/2218 5486/2905/2218 5485/2903/2218 

f 5403/2906/2218 5402/2908/2218 5487/2907/2218 5486/2905/2218 

f 5402/2908/2218 5401/2911/2218 5488/2910/2218 5487/2909/2218 

f 5401/2911/2218 5400/2913/2218 5489/2912/2218 5488/2910/2218 

f 5400/2917/2219 5399/2916/2219 5490/2915/2219 5489/2914/2219 

f 5399/2921/2220 5398/2920/2220 5491/2919/2220 5490/2918/2220 

f 5398/2925/2221 5397/2924/2222 5492/2923/2222 5491/2922/2221 

f 5397/2929/2222 5396/2928/2223 5493/2927/2223 5492/2926/2222 

f 5396/2933/2192 5395/2932/2192 5494/2931/2192 5493/2930/2192 

f 5395/2928/2223 5394/2936/2223 5495/2935/2223 5494/2934/2223 

f 5394/2936/2223 5393/2938/2223 5496/2937/2223 5495/2935/2223 

f 5393/2938/2223 5392/2940/2223 5497/2939/2223 5496/2937/2223 

f 5392/2940/2223 5391/2942/2223 5498/2941/2223 5497/2939/2223 

f 5391/2942/2223 5390/2944/2223 5499/2943/2223 5498/2941/2223 

f 5390/2944/2223 5389/2946/2223 5500/2945/2223 5499/2943/2223 

f 5389/2946/2223 5388/2948/2223 5501/2947/2223 5500/2945/2223 

f 5388/2948/2223 5387/2950/2224 5502/2949/2224 5501/2947/2223 

f 5387/2954/2224 5386/2953/2225 5503/2952/2225 5502/2951/2224 

f 5386/2958/2225 5385/2957/2226 5504/2956/2226 5503/2955/2225 

f 5385/2962/2226 5384/2961/2227 5505/2960/2227 5504/2959/2226 

f 5384/2966/2227 5383/2965/2228 5506/2964/2228 5505/2963/2227 

f 5383/2970/2228 5382/2969/2229 5507/2968/2229 5506/2967/2228 

f 5382/2974/2229 5381/2973/2230 5508/2972/2230 5507/2971/2229 

f 5381/2978/2230 5380/2977/2231 5509/2976/2231 5508/2975/2230 

f 5380/2982/2231 5379/2981/2232 5510/2980/2232 5509/2979/2231 

f 5379/2986/2232 5378/2985/2233 5511/2984/2233 5510/2983/2232 

f 5378/2990/2233 5377/2989/2192 5512/2988/2192 5511/2987/2233 

f 5377/2989/2192 5376/2992/2192 5513/2991/2192 5512/2988/2192 

f 5376/2992/2192 5375/2994/2192 5514/2993/2192 5513/2991/2192 

f 5375/2994/2192 5374/2996/2192 5515/2995/2192 5514/2993/2192 

f 5374/2996/2192 5373/2998/2192 5516/2997/2192 5515/2995/2192 

f 5373/2998/2192 5372/3000/2192 5517/2999/2192 5516/2997/2192 

f 5372/3000/2192 5371/3002/2234 5518/3001/2234 5517/2999/2192 

f 5371/3006/2234 5370/3005/2235 5519/3004/2235 5518/3003/2234 

f 5370/3010/2235 5369/3009/2236 5520/3008/2236 5519/3007/2235 

f 5369/3014/2236 5368/3013/2237 5521/3012/2237 5520/3011/2236 

f 5368/3018/2237 5367/3017/2238 5522/3016/2238 5521/3015/2237 

f 5367/3022/2238 5366/3021/2239 5523/3020/2239 5522/3019/2238 

f 5366/3026/2239 5365/3025/2240 5524/3024/2240 5523/3023/2239 

f 5365/3030/2240 5364/3029/2241 5525/3028/2241 5524/3027/2240 

f 5364/3034/2241 5363/3033/2242 5526/3032/2242 5525/3031/2241 

f 5363/3038/2242 5362/3037/2243 5527/3036/2243 5526/3035/2242 

f 5362/3042/2243 5361/3041/2190 5528/3040/2190 5527/3039/2243 

f 5361/3041/2190 5360/3044/2190 5529/3043/2190 5528/3040/2190 

f 5360/3044/2190 5359/3046/2190 5530/3045/2190 5529/3043/2190 

f 5359/3046/2190 5358/3048/2190 5531/3047/2190 5530/3045/2190 

f 5358/3048/2190 5357/3051/2190 5532/3050/2190 5531/3049/2190 

f 5357/3051/2190 5356/3054/2190 5445/3053/2190 5532/3052/2190 

g Mesh20 ___37_12 Model

v 171.695 0.00252598 -187.296
v 171.698 2.24532e-09 -240.854
v 174.698 2.24532e-09 -240.854
v 174.695 0.00252598 -187.295
f 5533/2589/2190 5534/2588/2190 5535/2587/2190 5536/2586/2190 

v 171.695 2.8904 -187.205
v 171.695 2.89041 -186.964
v 171.695 2.89043 -186.622
v 171.695 2.89045 -186.226
v 171.695 2.89047 -185.826
v 171.695 2.89048 -185.469
v 171.695 2.8905 -185.204
v 171.695 2.8905 -185.079
v 171.695 2.89846 -184.974
v 171.695 2.92949 -184.855
v 171.695 2.98172 -184.747
v 171.695 3.05276 -184.65
v 171.695 3.14025 -184.569
v 171.695 3.24178 -184.505
v 171.695 3.35498 -184.461
v 171.695 3.47747 -184.44
v 171.695 3.6025 -184.437
v 171.695 4.00957 -184.438
v 171.695 4.68005 -184.438
v 171.695 5.50858 -184.438
v 171.695 6.3898 -184.438
v 171.695 7.21833 -184.438
v 171.695 7.88881 -184.438
v 171.695 8.29588 -184.438
v 171.695 8.4143 -184.439
v 171.695 8.52094 -184.459
v 171.695 8.61949 -184.497
v 171.695 8.70788 -184.552
v 171.695 8.78403 -184.623
v 171.695 8.84588 -184.707
v 171.695 8.89134 -184.802
v 171.695 8.91834 -184.905
v 171.695 8.92526 -184.997
v 171.695 8.92525 -185.127
v 171.695 8.92524 -185.402
v 171.695 8.92522 -185.772
v 171.695 8.9252 -186.187
v 171.695 8.92518 -186.597
v 171.695 8.92517 -186.952
v 171.695 8.92515 -187.202
v 171.695 8.92515 -187.296
v 171.695 11.5522 -187.296
v 171.696 11.5517 -198.511
v 171.697 11.5526 -217.883
v 171.697 15.1734 -217.939
v 171.697 11.9747 -224.207
v 171.697 12.0873 -224.264
v 171.697 12.3852 -224.416
v 171.697 12.8086 -224.632
v 171.697 13.2978 -224.882
v 171.697 13.793 -225.135
v 171.697 14.2344 -225.36
v 171.697 14.5622 -225.528
v 171.697 14.7166 -225.606
v 171.697 14.7764 -225.696
v 171.697 14.8329 -225.807
v 171.697 14.8761 -225.917
v 171.697 14.9059 -226.026
v 171.697 14.9224 -226.131
v 171.697 14.9257 -226.23
v 171.697 14.9156 -226.322
v 171.697 14.8923 -226.405
v 171.697 14.8079 -226.583
v 171.697 14.4153 -227.397
v 171.697 13.7686 -228.738
v 171.697 12.9695 -230.394
v 171.697 12.1196 -232.156
v 171.697 11.3205 -233.813
v 171.697 10.6738 -235.154
v 171.697 10.2812 -235.968
v 171.697 10.1914 -236.149
v 171.697 10.1312 -236.223
v 171.698 10.0535 -236.28
v 171.698 9.96116 -236.32
v 171.698 9.85726 -236.343
v 171.698 9.74475 -236.348
v 171.698 9.62664 -236.335
v 171.698 9.5059 -236.303
v 171.698 9.40474 -236.261
v 171.697 9.25431 -236.188
v 171.697 8.93502 -236.035
v 171.697 8.50509 -235.828
v 171.697 8.02276 -235.595
v 171.697 7.54625 -235.366
v 171.697 7.13379 -235.167
v 171.697 6.84361 -235.027
v 171.697 6.73395 -234.975
v 171.698 3.85266 -240.854
v 171.695 2.8904 -187.296
f 5537/2774/2191 5538/2773/2191 5539/2772/2191 5540/2771/2191 5541/2770/2191 5542/2769/2191 5543/2768/2191 5544/2767/2191 5545/2766/2191 5546/2765/2191 5547/2764/2191 5548/2763/2191 5549/2762/2191 5550/2761/2191 5551/2760/2191 5552/2759/2191 5553/2758/2191 5554/2757/2191 5555/2756/2191 5556/2755/2191 5557/2754/2191 5558/2753/2191 5559/2752/2191 5560/2751/2191 5561/2750/2191 5562/2749/2191 5563/2748/2191 5564/2747/2191 5565/2746/2191 5566/2745/2191 5567/2744/2191 5568/2743/2191 5569/2742/2191 5570/2741/2191 5571/2740/2191 5572/2739/2191 5573/2738/2191 5574/2737/2191 5575/2736/2191 5576/2735/2191 5577/2734/2191 5578/2733/2191 5579/2732/2191 5580/2731/2191 5581/2730/2191 5582/2729/2191 5583/2728/2191 5584/2727/2191 5585/2726/2191 5586/2725/2191 5587/2724/2191 5588/2723/2191 5589/2722/2191 5590/2721/2191 5591/2720/2191 5592/2719/2191 5593/2718/2191 5594/2717/2191 5595/2716/2191 5596/2715/2191 5597/2714/2191 5598/2713/2191 5599/2712/2191 5600/2711/2191 5601/2710/2191 5602/2709/2191 5603/2708/2191 5604/2707/2191 5605/2706/2191 5606/2705/2191 5607/2704/2191 5608/2703/2191 5609/2702/2191 5610/2701/2191 5611/2700/2191 5612/2699/2191 5613/2698/2191 5614/2697/2191 5615/2696/2191 5616/2695/2191 5617/2694/2191 5618/2693/2191 5619/2692/2191 5620/2691/2191 5621/2690/2191 5622/2689/2191 5623/2688/2191 5624/2687/2191 5534/2686/2191 5533/2685/2191 5625/2684/2191 

v 174.695 2.8904 -187.205
v 174.695 2.89041 -186.964
f 5538/3054/2190 5537/3056/2190 5626/3055/2190 5627/3053/2190 

v 174.695 2.8904 -187.296
f 5537/3056/2190 5625/2589/2190 5628/2586/2190 5626/3055/2190 

f 5625/2683/2192 5533/2682/2192 5536/2681/2192 5628/2680/2192 

v 174.698 3.85266 -240.854
v 174.697 6.73395 -234.974
v 174.697 6.84361 -235.027
v 174.697 7.13379 -235.167
v 174.697 7.54625 -235.366
v 174.697 8.02276 -235.595
v 174.697 8.50509 -235.827
v 174.697 8.93502 -236.034
v 174.697 9.25431 -236.188
v 174.698 9.40474 -236.261
v 174.698 9.5059 -236.303
v 174.698 9.62664 -236.335
v 174.698 9.74475 -236.348
v 174.698 9.85726 -236.343
v 174.698 9.96116 -236.32
v 174.698 10.0535 -236.279
v 174.697 10.1312 -236.222
v 174.697 10.1914 -236.149
v 174.697 10.2812 -235.968
v 174.697 10.6738 -235.154
v 174.697 11.3205 -233.813
v 174.697 12.1196 -232.156
v 174.697 12.9695 -230.394
v 174.697 13.7686 -228.738
v 174.697 14.4153 -227.397
v 174.697 14.8079 -226.583
v 174.697 14.8923 -226.405
v 174.697 14.9156 -226.322
v 174.697 14.9257 -226.23
v 174.697 14.9224 -226.13
v 174.697 14.9059 -226.026
v 174.697 14.8761 -225.917
v 174.697 14.8329 -225.807
v 174.697 14.7764 -225.696
v 174.697 14.7166 -225.606
v 174.697 14.5622 -225.527
v 174.697 14.2344 -225.36
v 174.697 13.793 -225.135
v 174.697 13.2978 -224.882
v 174.697 12.8086 -224.632
v 174.697 12.3852 -224.416
v 174.697 12.0873 -224.264
v 174.697 11.9747 -224.207
v 174.697 15.1734 -217.938
v 174.697 11.5526 -217.883
v 174.696 11.5517 -198.511
v 174.695 11.5522 -187.296
v 174.695 8.92515 -187.296
v 174.695 8.92515 -187.201
v 174.695 8.92517 -186.952
v 174.695 8.92518 -186.597
v 174.695 8.9252 -186.187
v 174.695 8.92522 -185.771
v 174.695 8.92524 -185.401
v 174.695 8.92525 -185.127
v 174.695 8.92526 -184.997
v 174.695 8.91834 -184.905
v 174.695 8.89134 -184.801
v 174.695 8.84588 -184.707
v 174.695 8.78403 -184.623
v 174.695 8.70788 -184.552
v 174.695 8.61949 -184.497
v 174.695 8.52094 -184.458
v 174.695 8.4143 -184.439
v 174.695 8.29588 -184.438
v 174.695 7.88881 -184.438
v 174.695 7.21833 -184.438
v 174.695 6.3898 -184.437
v 174.695 5.50858 -184.437
v 174.695 4.68005 -184.437
v 174.695 4.00957 -184.437
v 174.695 3.6025 -184.437
v 174.695 3.47747 -184.439
v 174.695 3.35498 -184.461
v 174.695 3.24178 -184.505
v 174.695 3.14025 -184.569
v 174.695 3.05276 -184.65
v 174.695 2.98172 -184.746
v 174.695 2.92949 -184.855
v 174.695 2.89846 -184.974
v 174.695 2.8905 -185.079
v 174.695 2.8905 -185.204
v 174.695 2.89048 -185.469
v 174.695 2.89047 -185.826
v 174.695 2.89045 -186.226
v 174.695 2.89043 -186.621
f 5535/2587/2193 5629/2679/2193 5630/2678/2193 5631/2677/2193 5632/2676/2193 5633/2675/2193 5634/2674/2193 5635/2673/2193 5636/2672/2193 5637/2671/2193 5638/2670/2193 5639/2669/2193 5640/2668/2193 5641/2667/2193 5642/2666/2193 5643/2665/2193 5644/2664/2193 5645/2663/2193 5646/2662/2193 5647/2661/2193 5648/2660/2193 5649/2659/2193 5650/2658/2193 5651/2657/2193 5652/2656/2193 5653/2655/2193 5654/2654/2193 5655/2653/2193 5656/2652/2193 5657/2651/2193 5658/2650/2193 5659/2649/2193 5660/2648/2193 5661/2647/2193 5662/2646/2193 5663/2645/2193 5664/2644/2193 5665/2643/2193 5666/2642/2193 5667/2641/2193 5668/2640/2193 5669/2639/2193 5670/2638/2193 5671/2637/2193 5672/2636/2193 5673/2635/2193 5674/2634/2193 5675/2633/2193 5676/2632/2193 5677/2631/2193 5678/2630/2193 5679/2629/2193 5680/2628/2193 5681/2627/2193 5682/2626/2193 5683/2625/2193 5684/2624/2193 5685/2623/2193 5686/2622/2193 5687/2621/2193 5688/2620/2193 5689/2619/2193 5690/2618/2193 5691/2617/2193 5692/2616/2193 5693/2615/2193 5694/2614/2193 5695/2613/2193 5696/2612/2193 5697/2611/2193 5698/2610/2193 5699/2609/2193 5700/2608/2193 5701/2607/2193 5702/2606/2193 5703/2605/2193 5704/2604/2193 5705/2603/2193 5706/2602/2193 5707/2601/2193 5708/2600/2193 5709/2599/2193 5710/2598/2193 5711/2597/2193 5712/2596/2193 5713/2595/2193 5714/2594/2193 5627/2593/2193 5626/2592/2193 5628/2591/2193 5536/2590/2193 

f 5534/2588/2194 5624/2776/2194 5629/2775/2194 5535/2587/2194 

f 5624/2780/2195 5623/2779/2195 5630/2778/2195 5629/2777/2195 

f 5623/2784/2196 5622/2783/2196 5631/2782/2196 5630/2781/2196 

f 5622/2783/2196 5621/2786/2196 5632/2785/2196 5631/2782/2196 

f 5621/2786/2196 5620/2788/2196 5633/2787/2196 5632/2785/2196 

f 5620/2788/2196 5619/2791/2196 5634/2790/2196 5633/2789/2196 

f 5619/2791/2196 5618/2794/2196 5635/2793/2196 5634/2792/2196 

f 5618/2794/2196 5617/2796/2196 5636/2795/2196 5635/2793/2196 

f 5617/2796/2196 5616/2799/2196 5637/2798/2196 5636/2797/2196 

f 5616/2799/2196 5615/2801/2197 5638/2800/2197 5637/2798/2196 

f 5615/2805/2197 5614/2804/2198 5639/2803/2198 5638/2802/2197 

f 5614/2809/2198 5613/2808/2199 5640/2807/2199 5639/2806/2198 

f 5613/2813/2199 5612/2812/2200 5641/2811/2200 5640/2810/2199 

f 5612/2817/2200 5611/2816/2201 5642/2815/2201 5641/2814/2200 

f 5611/2821/2201 5610/2820/2202 5643/2819/2202 5642/2818/2201 

f 5610/2825/2202 5609/2824/2203 5644/2823/2203 5643/2822/2202 

f 5609/2829/2203 5608/2828/2204 5645/2827/2204 5644/2826/2203 

f 5608/2833/2204 5607/2832/2205 5646/2831/2205 5645/2830/2204 

f 5607/2837/2205 5606/2836/2206 5647/2835/2206 5646/2834/2205 

f 5606/2841/2206 5605/2840/2207 5648/2839/2207 5647/2838/2206 

f 5605/2840/2207 5604/2843/2207 5649/2842/2207 5648/2839/2207 

f 5604/2843/2207 5603/2846/2207 5650/2845/2207 5649/2844/2207 

f 5603/2846/2207 5602/2849/2207 5651/2848/2207 5650/2847/2207 

f 5602/2849/2207 5601/2852/2207 5652/2851/2207 5651/2850/2207 

f 5601/2852/2207 5600/2855/2207 5653/2854/2207 5652/2853/2207 

f 5600/2855/2207 5599/2858/2208 5654/2857/2208 5653/2856/2207 

f 5599/2862/2208 5598/2861/2209 5655/2860/2209 5654/2859/2208 

f 5598/2866/2209 5597/2865/2210 5656/2864/2210 5655/2863/2209 

f 5597/2870/2210 5596/2869/2211 5657/2868/2211 5656/2867/2210 

f 5596/2874/2211 5595/2873/2212 5658/2872/2212 5657/2871/2211 

f 5595/2878/2212 5594/2877/2213 5659/2876/2213 5658/2875/2212 

f 5594/2882/2213 5593/2881/2214 5660/2880/2214 5659/2879/2213 

f 5593/2886/2214 5592/2885/2215 5661/2884/2215 5660/2883/2214 

f 5592/2890/2215 5591/2889/2216 5662/2888/2216 5661/2887/2215 

f 5591/2894/2216 5590/2893/2217 5663/2892/2217 5662/2891/2216 

f 5590/2898/2218 5589/2897/2218 5664/2896/2218 5663/2895/2218 

f 5589/2897/2218 5588/2900/2218 5665/2899/2218 5664/2896/2218 

f 5588/2900/2218 5587/2902/2218 5666/2901/2218 5665/2899/2218 

f 5587/2902/2218 5586/2904/2218 5667/2903/2218 5666/2901/2218 

f 5586/2904/2218 5585/2906/2218 5668/2905/2218 5667/2903/2218 

f 5585/2906/2218 5584/2908/2218 5669/2907/2218 5668/2905/2218 

f 5584/2908/2218 5583/2911/2218 5670/2910/2218 5669/2909/2218 

f 5583/2911/2218 5582/2913/2218 5671/2912/2218 5670/2910/2218 

f 5582/2917/2219 5581/2916/2219 5672/2915/2219 5671/2914/2219 

f 5581/2921/2220 5580/2920/2220 5673/2919/2220 5672/2918/2220 

f 5580/2925/2221 5579/2924/2222 5674/2923/2222 5673/2922/2221 

f 5579/2929/2222 5578/2928/2223 5675/2927/2223 5674/2926/2222 

f 5578/2933/2192 5577/2932/2192 5676/2931/2192 5675/2930/2192 

f 5577/2928/2223 5576/2936/2223 5677/2935/2223 5676/2934/2223 

f 5576/2936/2223 5575/2938/2223 5678/2937/2223 5677/2935/2223 

f 5575/2938/2223 5574/2940/2223 5679/2939/2223 5678/2937/2223 

f 5574/2940/2223 5573/2942/2223 5680/2941/2223 5679/2939/2223 

f 5573/2942/2223 5572/2944/2223 5681/2943/2223 5680/2941/2223 

f 5572/2944/2223 5571/2946/2223 5682/2945/2223 5681/2943/2223 

f 5571/2946/2223 5570/2948/2223 5683/2947/2223 5682/2945/2223 

f 5570/2948/2223 5569/2950/2224 5684/2949/2224 5683/2947/2223 

f 5569/2954/2224 5568/2953/2225 5685/2952/2225 5684/2951/2224 

f 5568/2958/2225 5567/2957/2226 5686/2956/2226 5685/2955/2225 

f 5567/2962/2226 5566/2961/2227 5687/2960/2227 5686/2959/2226 

f 5566/2966/2227 5565/2965/2228 5688/2964/2228 5687/2963/2227 

f 5565/2970/2228 5564/2969/2229 5689/2968/2229 5688/2967/2228 

f 5564/2974/2229 5563/2973/2230 5690/2972/2230 5689/2971/2229 

f 5563/2978/2230 5562/2977/2231 5691/2976/2231 5690/2975/2230 

f 5562/2982/2231 5561/2981/2232 5692/2980/2232 5691/2979/2231 

f 5561/2986/2232 5560/2985/2233 5693/2984/2233 5692/2983/2232 

f 5560/2990/2233 5559/2989/2192 5694/2988/2192 5693/2987/2233 

f 5559/2989/2192 5558/2992/2192 5695/2991/2192 5694/2988/2192 

f 5558/2992/2192 5557/2994/2192 5696/2993/2192 5695/2991/2192 

f 5557/2994/2192 5556/2996/2192 5697/2995/2192 5696/2993/2192 

f 5556/2996/2192 5555/2998/2192 5698/2997/2192 5697/2995/2192 

f 5555/2998/2192 5554/3000/2192 5699/2999/2192 5698/2997/2192 

f 5554/3000/2192 5553/3002/2234 5700/3001/2234 5699/2999/2192 

f 5553/3006/2234 5552/3005/2235 5701/3004/2235 5700/3003/2234 

f 5552/3010/2235 5551/3009/2236 5702/3008/2236 5701/3007/2235 

f 5551/3014/2236 5550/3013/2237 5703/3012/2237 5702/3011/2236 

f 5550/3018/2237 5549/3017/2238 5704/3016/2238 5703/3015/2237 

f 5549/3022/2238 5548/3021/2239 5705/3020/2239 5704/3019/2238 

f 5548/3026/2239 5547/3025/2240 5706/3024/2240 5705/3023/2239 

f 5547/3030/2240 5546/3029/2241 5707/3028/2241 5706/3027/2240 

f 5546/3034/2241 5545/3033/2242 5708/3032/2242 5707/3031/2241 

f 5545/3038/2242 5544/3037/2243 5709/3036/2243 5708/3035/2242 

f 5544/3042/2243 5543/3041/2190 5710/3040/2190 5709/3039/2243 

f 5543/3041/2190 5542/3044/2190 5711/3043/2190 5710/3040/2190 

f 5542/3044/2190 5541/3046/2190 5712/3045/2190 5711/3043/2190 

f 5541/3046/2190 5540/3048/2190 5713/3047/2190 5712/3045/2190 

f 5540/3048/2190 5539/3051/2190 5714/3050/2190 5713/3049/2190 

f 5539/3051/2190 5538/3054/2190 5627/3053/2190 5714/3052/2190 

g Mesh21 ___48_2 Model

v 6.65239 0.0213116 -246.615
vn 0.438143 -0.898905 2.06641e-05
v 38.3414 15.4678 -218.259
v 38.3406 15.4715 -36.5853
v 6.65125 0.0262377 -8.22887
f 5715/3084/2246 5716/3083/2246 5717/3082/2246 5718/3081/2246 

vn 0.563407 0.274597 -0.779211
v 5.33796 2.71803 -246.615
v 37.027 18.1645 -218.259
f 5716/3097/2247 5715/3096/2247 5719/3095/2247 5720/3094/2247 

vn -0.898905 -0.438143 4.76791e-06
v 5.33682 2.72295 -8.22893
f 5715/3093/2248 5718/2587/2248 5721/2588/2248 5719/3092/2248 

vn 0.563399 0.274629 0.779205
v 37.0261 18.1683 -36.5854
f 5718/3088/2249 5717/3087/2249 5722/3086/2249 5721/3085/2249 

vn 0.898905 0.438143 -4.76791e-06
f 5717/3101/2250 5716/3100/2250 5720/3099/2250 5722/3098/2250 

vn -0.438143 0.898905 -2.06641e-05
f 5720/3091/2251 5719/3090/2251 5721/3089/2251 5722/3082/2251 

g Mesh22 ___37_13 Model

v 71.3054 0.00252598 -125.899
v 17.7468 2.11394e-09 -125.901
v 17.747 2.11394e-09 -128.901
v 71.3055 0.00252598 -128.899
f 5723/2589/2070 5724/2588/2070 5725/2587/2070 5726/2586/2070 

v 71.3963 2.8904 -125.899
v 71.6371 2.89041 -125.899
v 71.9793 2.89043 -125.899
v 72.3747 2.89045 -125.899
v 72.775 2.89047 -125.899
v 73.1318 2.89048 -125.899
v 73.3967 2.8905 -125.899
v 73.5215 2.8905 -125.899
v 73.6265 2.89846 -125.899
v 73.7455 2.92949 -125.899
v 73.8543 2.98172 -125.899
v 73.9505 3.05276 -125.899
v 74.0317 3.14025 -125.899
v 74.0955 3.24178 -125.899
v 74.1395 3.35498 -125.899
v 74.1614 3.47747 -125.899
v 74.1634 3.6025 -125.899
v 74.1634 4.00957 -125.899
v 74.1634 4.68005 -125.899
v 74.1633 5.50858 -125.899
v 74.1633 6.3898 -125.899
v 74.1632 7.21833 -125.899
v 74.1632 7.88881 -125.899
v 74.1632 8.29588 -125.899
v 74.1614 8.4143 -125.899
v 74.1424 8.52094 -125.899
v 74.104 8.61949 -125.899
v 74.0485 8.70788 -125.899
v 73.9778 8.78403 -125.899
v 73.8941 8.84588 -125.899
v 73.7993 8.89134 -125.899
v 73.6957 8.91834 -125.899
v 73.6037 8.92526 -125.899
v 73.4742 8.92525 -125.899
v 73.1994 8.92524 -125.899
v 72.8294 8.92522 -125.899
v 72.4142 8.9252 -125.899
v 72.0041 8.92518 -125.899
v 71.6491 8.92517 -125.899
v 71.3994 8.92515 -125.899
v 71.305 8.92515 -125.899
v 71.3048 11.5522 -125.899
v 60.0895 11.5517 -125.899
v 40.7179 11.5526 -125.9
v 40.6623 15.1734 -125.9
v 34.3941 11.9747 -125.901
v 34.3367 12.0873 -125.901
v 34.1846 12.3852 -125.901
v 33.9685 12.8086 -125.901
v 33.7187 13.2978 -125.901
v 33.466 13.793 -125.901
v 33.2407 14.2344 -125.901
v 33.0733 14.5622 -125.901
v 32.9945 14.7166 -125.901
v 32.9048 14.7764 -125.901
v 32.7942 14.8329 -125.901
v 32.6838 14.8761 -125.901
v 32.5752 14.9059 -125.901
v 32.4704 14.9224 -125.901
v 32.371 14.9257 -125.901
v 32.2789 14.9156 -125.901
v 32.196 14.8923 -125.901
v 32.0179 14.8079 -125.901
v 31.2039 14.4153 -125.901
v 29.8632 13.7686 -125.901
v 28.2065 12.9695 -125.901
v 26.4444 12.1196 -125.901
v 24.7877 11.3205 -125.901
v 23.447 10.6738 -125.901
v 22.6331 10.2812 -125.901
v 22.4515 10.1914 -125.901
v 22.3783 10.1312 -125.901
v 22.3213 10.0535 -125.901
v 22.281 9.96116 -125.901
v 22.258 9.85726 -125.901
v 22.2528 9.74475 -125.901
v 22.2661 9.62664 -125.901
v 22.2982 9.5059 -125.901
v 22.3402 9.40474 -125.901
v 22.4126 9.25431 -125.901
v 22.5664 8.93502 -125.901
v 22.7734 8.50509 -125.901
v 23.0057 8.02276 -125.901
v 23.2352 7.54625 -125.901
v 23.4338 7.13379 -125.901
v 23.5735 6.84361 -125.901
v 23.6263 6.73395 -125.901
v 17.7466 3.85266 -125.901
v 71.3053 2.8904 -125.899
f 5727/2774/2071 5728/2773/2071 5729/2772/2071 5730/2771/2071 5731/2770/2071 5732/2769/2071 5733/2768/2071 5734/2767/2071 5735/2766/2071 5736/2765/2071 5737/2764/2071 5738/2763/2071 5739/2762/2071 5740/2761/2071 5741/2760/2071 5742/2759/2071 5743/2758/2071 5744/2757/2071 5745/2756/2071 5746/2755/2071 5747/2754/2071 5748/2753/2071 5749/2752/2071 5750/2751/2071 5751/2750/2071 5752/2749/2071 5753/2748/2071 5754/2747/2071 5755/2746/2071 5756/2745/2071 5757/2744/2071 5758/2743/2071 5759/2742/2071 5760/2741/2071 5761/2740/2071 5762/2739/2071 5763/2738/2071 5764/2737/2071 5765/2736/2071 5766/2735/2071 5767/2734/2071 5768/2733/2071 5769/2732/2071 5770/2731/2071 5771/2730/2071 5772/2729/2071 5773/2728/2071 5774/2727/2071 5775/2726/2071 5776/2725/2071 5777/2724/2071 5778/2723/2071 5779/2722/2071 5780/2721/2071 5781/2720/2071 5782/2719/2071 5783/2718/2071 5784/2717/2071 5785/2716/2071 5786/2715/2071 5787/2714/2071 5788/2713/2071 5789/2712/2071 5790/2711/2071 5791/2710/2071 5792/2709/2071 5793/2708/2071 5794/2707/2071 5795/2706/2071 5796/2705/2071 5797/2704/2071 5798/2703/2071 5799/2702/2071 5800/2701/2071 5801/2700/2071 5802/2699/2071 5803/2698/2071 5804/2697/2071 5805/2696/2071 5806/2695/2071 5807/2694/2071 5808/2693/2071 5809/2692/2071 5810/2691/2071 5811/2690/2071 5812/2689/2071 5813/2688/2071 5814/2687/2071 5724/2686/2071 5723/2685/2071 5815/2684/2071 

v 71.3964 2.8904 -128.899
v 71.6372 2.89041 -128.899
f 5728/3054/2070 5727/3056/2070 5816/3055/2070 5817/3053/2070 

v 71.3054 2.8904 -128.899
f 5727/3056/2070 5815/2589/2070 5818/2586/2070 5816/3055/2070 

f 5815/2683/2072 5723/2682/2072 5726/2681/2072 5818/2680/2072 

v 17.7468 3.85266 -128.901
v 23.6265 6.73395 -128.901
v 23.5737 6.84361 -128.901
v 23.4339 7.13379 -128.901
v 23.2353 7.54625 -128.901
v 23.0058 8.02276 -128.901
v 22.7735 8.50509 -128.901
v 22.5665 8.93502 -128.901
v 22.4127 9.25431 -128.901
v 22.3403 9.40474 -128.901
v 22.2983 9.5059 -128.901
v 22.2662 9.62664 -128.901
v 22.253 9.74475 -128.901
v 22.2582 9.85726 -128.901
v 22.2812 9.96116 -128.901
v 22.3214 10.0535 -128.901
v 22.3784 10.1312 -128.901
v 22.4516 10.1914 -128.901
v 22.6332 10.2812 -128.901
v 23.4472 10.6738 -128.901
v 24.7879 11.3205 -128.901
v 26.4446 12.1196 -128.901
v 28.2067 12.9695 -128.901
v 29.8634 13.7686 -128.901
v 31.2041 14.4153 -128.901
v 32.018 14.8079 -128.901
v 32.1962 14.8923 -128.901
v 32.2791 14.9156 -128.901
v 32.3711 14.9257 -128.901
v 32.4705 14.9224 -128.901
v 32.5754 14.9059 -128.901
v 32.6839 14.8761 -128.901
v 32.7944 14.8329 -128.901
v 32.9049 14.7764 -128.901
v 32.9946 14.7166 -128.901
v 33.0735 14.5622 -128.901
v 33.2408 14.2344 -128.901
v 33.4661 13.793 -128.901
v 33.7189 13.2978 -128.901
v 33.9686 12.8086 -128.901
v 34.1847 12.3852 -128.901
v 34.3368 12.0873 -128.901
v 34.3943 11.9747 -128.901
v 40.6625 15.1734 -128.9
v 40.718 11.5526 -128.9
v 60.0896 11.5517 -128.899
v 71.305 11.5522 -128.899
v 71.3051 8.92515 -128.899
v 71.3995 8.92515 -128.899
v 71.6493 8.92517 -128.899
v 72.0042 8.92518 -128.899
v 72.4144 8.9252 -128.899
v 72.8295 8.92522 -128.899
v 73.1995 8.92524 -128.899
v 73.4744 8.92525 -128.899
v 73.6038 8.92526 -128.899
v 73.6958 8.91834 -128.899
v 73.7995 8.89134 -128.899
v 73.8942 8.84588 -128.899
v 73.978 8.78403 -128.899
v 74.0486 8.70788 -128.899
v 74.1042 8.61949 -128.899
v 74.1425 8.52094 -128.899
v 74.1616 8.4143 -128.899
v 74.1633 8.29588 -128.899
v 74.1633 7.88881 -128.899
v 74.1634 7.21833 -128.899
v 74.1634 6.3898 -128.899
v 74.1635 5.50858 -128.899
v 74.1635 4.68005 -128.899
v 74.1635 4.00957 -128.899
v 74.1636 3.6025 -128.899
v 74.1615 3.47747 -128.899
v 74.1397 3.35498 -128.899
v 74.0957 3.24178 -128.899
v 74.0319 3.14025 -128.899
v 73.9507 3.05276 -128.899
v 73.8545 2.98172 -128.899
v 73.7457 2.92949 -128.899
v 73.6266 2.89846 -128.899
v 73.5217 2.8905 -128.899
v 73.3969 2.8905 -128.899
v 73.1319 2.89048 -128.899
v 72.7751 2.89047 -128.899
v 72.3749 2.89045 -128.899
v 71.9795 2.89043 -128.899
f 5725/2587/2073 5819/2679/2073 5820/2678/2073 5821/2677/2073 5822/2676/2073 5823/2675/2073 5824/2674/2073 5825/2673/2073 5826/2672/2073 5827/2671/2073 5828/2670/2073 5829/2669/2073 5830/2668/2073 5831/2667/2073 5832/2666/2073 5833/2665/2073 5834/2664/2073 5835/2663/2073 5836/2662/2073 5837/2661/2073 5838/2660/2073 5839/2659/2073 5840/2658/2073 5841/2657/2073 5842/2656/2073 5843/2655/2073 5844/2654/2073 5845/2653/2073 5846/2652/2073 5847/2651/2073 5848/2650/2073 5849/2649/2073 5850/2648/2073 5851/2647/2073 5852/2646/2073 5853/2645/2073 5854/2644/2073 5855/2643/2073 5856/2642/2073 5857/2641/2073 5858/2640/2073 5859/2639/2073 5860/2638/2073 5861/2637/2073 5862/2636/2073 5863/2635/2073 5864/2634/2073 5865/2633/2073 5866/2632/2073 5867/2631/2073 5868/2630/2073 5869/2629/2073 5870/2628/2073 5871/2627/2073 5872/2626/2073 5873/2625/2073 5874/2624/2073 5875/2623/2073 5876/2622/2073 5877/2621/2073 5878/2620/2073 5879/2619/2073 5880/2618/2073 5881/2617/2073 5882/2616/2073 5883/2615/2073 5884/2614/2073 5885/2613/2073 5886/2612/2073 5887/2611/2073 5888/2610/2073 5889/2609/2073 5890/2608/2073 5891/2607/2073 5892/2606/2073 5893/2605/2073 5894/2604/2073 5895/2603/2073 5896/2602/2073 5897/2601/2073 5898/2600/2073 5899/2599/2073 5900/2598/2073 5901/2597/2073 5902/2596/2073 5903/2595/2073 5904/2594/2073 5817/2593/2073 5816/2592/2073 5818/2591/2073 5726/2590/2073 

f 5724/2588/2074 5814/2776/2074 5819/2775/2074 5725/2587/2074 

f 5814/2780/2075 5813/2779/2075 5820/2778/2075 5819/2777/2075 

f 5813/2784/2076 5812/2783/2076 5821/2782/2076 5820/2781/2076 

f 5812/2783/2076 5811/2786/2076 5822/2785/2076 5821/2782/2076 

f 5811/2786/2076 5810/2788/2076 5823/2787/2076 5822/2785/2076 

f 5810/2788/2076 5809/2791/2076 5824/2790/2076 5823/2789/2076 

f 5809/2791/2076 5808/2794/2076 5825/2793/2076 5824/2792/2076 

f 5808/2794/2076 5807/2796/2076 5826/2795/2076 5825/2793/2076 

f 5807/2796/2076 5806/2799/2076 5827/2798/2076 5826/2797/2076 

f 5806/2799/2076 5805/2801/2077 5828/2800/2077 5827/2798/2076 

f 5805/2805/2077 5804/2804/2078 5829/2803/2078 5828/2802/2077 

f 5804/2809/2078 5803/2808/2079 5830/2807/2079 5829/2806/2078 

f 5803/2813/2079 5802/2812/2080 5831/2811/2080 5830/2810/2079 

f 5802/2817/2080 5801/2816/2081 5832/2815/2081 5831/2814/2080 

f 5801/2821/2081 5800/2820/2082 5833/2819/2082 5832/2818/2081 

f 5800/2825/2082 5799/2824/2083 5834/2823/2083 5833/2822/2082 

f 5799/2829/2083 5798/2828/2084 5835/2827/2084 5834/2826/2083 

f 5798/2833/2084 5797/2832/2085 5836/2831/2085 5835/2830/2084 

f 5797/2837/2085 5796/2836/2086 5837/2835/2086 5836/2834/2085 

f 5796/2841/2086 5795/2840/2087 5838/2839/2087 5837/2838/2086 

f 5795/2840/2087 5794/2843/2087 5839/2842/2087 5838/2839/2087 

f 5794/2843/2087 5793/2846/2087 5840/2845/2087 5839/2844/2087 

f 5793/2846/2087 5792/2849/2087 5841/2848/2087 5840/2847/2087 

f 5792/2849/2087 5791/2852/2087 5842/2851/2087 5841/2850/2087 

f 5791/2852/2087 5790/2855/2087 5843/2854/2087 5842/2853/2087 

f 5790/2855/2087 5789/2858/2088 5844/2857/2088 5843/2856/2087 

f 5789/2862/2088 5788/2861/2089 5845/2860/2089 5844/2859/2088 

f 5788/2866/2089 5787/2865/2090 5846/2864/2090 5845/2863/2089 

f 5787/2870/2090 5786/2869/2091 5847/2868/2091 5846/2867/2090 

f 5786/2874/2091 5785/2873/2092 5848/2872/2092 5847/2871/2091 

f 5785/2878/2092 5784/2877/2093 5849/2876/2093 5848/2875/2092 

f 5784/2882/2093 5783/2881/2094 5850/2880/2094 5849/2879/2093 

f 5783/2886/2094 5782/2885/2095 5851/2884/2095 5850/2883/2094 

f 5782/2890/2095 5781/2889/2096 5852/2888/2096 5851/2887/2095 

f 5781/2894/2096 5780/2893/2097 5853/2892/2097 5852/2891/2096 

f 5780/2898/2098 5779/2897/2098 5854/2896/2098 5853/2895/2098 

f 5779/2897/2098 5778/2900/2098 5855/2899/2098 5854/2896/2098 

f 5778/2900/2098 5777/2902/2098 5856/2901/2098 5855/2899/2098 

f 5777/2902/2098 5776/2904/2098 5857/2903/2098 5856/2901/2098 

f 5776/2904/2098 5775/2906/2098 5858/2905/2098 5857/2903/2098 

f 5775/2906/2098 5774/2908/2098 5859/2907/2098 5858/2905/2098 

f 5774/2908/2098 5773/2911/2098 5860/2910/2098 5859/2909/2098 

f 5773/2911/2098 5772/2913/2098 5861/2912/2098 5860/2910/2098 

f 5772/2917/2099 5771/2916/2099 5862/2915/2099 5861/2914/2099 

f 5771/2921/2100 5770/2920/2100 5863/2919/2100 5862/2918/2100 

f 5770/2925/2101 5769/2924/2102 5864/2923/2102 5863/2922/2101 

f 5769/2929/2102 5768/2928/2103 5865/2927/2103 5864/2926/2102 

f 5768/2933/2072 5767/2932/2072 5866/2931/2072 5865/2930/2072 

f 5767/2928/2103 5766/2936/2103 5867/2935/2103 5866/2934/2103 

f 5766/2936/2103 5765/2938/2103 5868/2937/2103 5867/2935/2103 

f 5765/2938/2103 5764/2940/2103 5869/2939/2103 5868/2937/2103 

f 5764/2940/2103 5763/2942/2103 5870/2941/2103 5869/2939/2103 

f 5763/2942/2103 5762/2944/2103 5871/2943/2103 5870/2941/2103 

f 5762/2944/2103 5761/2946/2103 5872/2945/2103 5871/2943/2103 

f 5761/2946/2103 5760/2948/2103 5873/2947/2103 5872/2945/2103 

f 5760/2948/2103 5759/2950/2104 5874/2949/2104 5873/2947/2103 

f 5759/2954/2104 5758/2953/2105 5875/2952/2105 5874/2951/2104 

f 5758/2958/2105 5757/2957/2106 5876/2956/2106 5875/2955/2105 

f 5757/2962/2106 5756/2961/2107 5877/2960/2107 5876/2959/2106 

f 5756/2966/2107 5755/2965/2108 5878/2964/2108 5877/2963/2107 

f 5755/2970/2108 5754/2969/2109 5879/2968/2109 5878/2967/2108 

f 5754/2974/2109 5753/2973/2110 5880/2972/2110 5879/2971/2109 

f 5753/2978/2110 5752/2977/2111 5881/2976/2111 5880/2975/2110 

f 5752/2982/2111 5751/2981/2112 5882/2980/2112 5881/2979/2111 

f 5751/2986/2112 5750/2985/2113 5883/2984/2113 5882/2983/2112 

f 5750/2990/2113 5749/2989/2072 5884/2988/2072 5883/2987/2113 

f 5749/2989/2072 5748/2992/2072 5885/2991/2072 5884/2988/2072 

f 5748/2992/2072 5747/2994/2072 5886/2993/2072 5885/2991/2072 

f 5747/2994/2072 5746/2996/2072 5887/2995/2072 5886/2993/2072 

f 5746/2996/2072 5745/2998/2072 5888/2997/2072 5887/2995/2072 

f 5745/2998/2072 5744/3000/2072 5889/2999/2072 5888/2997/2072 

f 5744/3000/2072 5743/3002/2114 5890/3001/2114 5889/2999/2072 

f 5743/3006/2114 5742/3005/2115 5891/3004/2115 5890/3003/2114 

f 5742/3010/2115 5741/3009/2116 5892/3008/2116 5891/3007/2115 

f 5741/3014/2116 5740/3013/2117 5893/3012/2117 5892/3011/2116 

f 5740/3018/2117 5739/3017/2118 5894/3016/2118 5893/3015/2117 

f 5739/3022/2118 5738/3021/2119 5895/3020/2119 5894/3019/2118 

f 5738/3026/2119 5737/3025/2120 5896/3024/2120 5895/3023/2119 

f 5737/3030/2120 5736/3029/2121 5897/3028/2121 5896/3027/2120 

f 5736/3034/2121 5735/3033/2122 5898/3032/2122 5897/3031/2121 

f 5735/3038/2122 5734/3037/2123 5899/3036/2123 5898/3035/2122 

f 5734/3042/2123 5733/3041/2070 5900/3040/2070 5899/3039/2123 

f 5733/3041/2070 5732/3044/2070 5901/3043/2070 5900/3040/2070 

f 5732/3044/2070 5731/3046/2070 5902/3045/2070 5901/3043/2070 

f 5731/3046/2070 5730/3048/2070 5903/3047/2070 5902/3045/2070 

f 5730/3048/2070 5729/3051/2070 5904/3050/2070 5903/3049/2070 

f 5729/3051/2070 5728/3054/2070 5817/3053/2070 5904/3052/2070 

g Mesh23 ___37_14 Model

v 121.667 0.00252598 -187.296
v 121.67 2.24532e-09 -240.854
v 124.67 2.24532e-09 -240.854
v 124.667 0.00252598 -187.295
f 5905/2589/2190 5906/2588/2190 5907/2587/2190 5908/2586/2190 

v 121.667 2.8904 -187.205
v 121.667 2.89041 -186.964
v 121.667 2.89043 -186.622
v 121.667 2.89045 -186.226
v 121.667 2.89047 -185.826
v 121.667 2.89048 -185.469
v 121.667 2.8905 -185.204
v 121.667 2.8905 -185.079
v 121.667 2.89846 -184.974
v 121.667 2.92949 -184.855
v 121.667 2.98172 -184.747
v 121.667 3.05276 -184.65
v 121.667 3.14025 -184.569
v 121.667 3.24178 -184.505
v 121.667 3.35498 -184.461
v 121.667 3.47747 -184.44
v 121.667 3.6025 -184.437
v 121.667 4.00957 -184.438
v 121.667 4.68005 -184.438
v 121.667 5.50858 -184.438
v 121.667 6.3898 -184.438
v 121.667 7.21833 -184.438
v 121.667 7.88881 -184.438
v 121.667 8.29588 -184.438
v 121.667 8.4143 -184.439
v 121.667 8.52094 -184.459
v 121.667 8.61949 -184.497
v 121.667 8.70788 -184.552
v 121.667 8.78403 -184.623
v 121.667 8.84588 -184.707
v 121.667 8.89134 -184.802
v 121.667 8.91834 -184.905
v 121.667 8.92526 -184.997
v 121.667 8.92525 -185.127
v 121.667 8.92524 -185.402
v 121.667 8.92522 -185.772
v 121.667 8.9252 -186.187
v 121.667 8.92518 -186.597
v 121.667 8.92517 -186.952
v 121.667 8.92515 -187.202
v 121.667 8.92515 -187.296
v 121.667 11.5522 -187.296
v 121.668 11.5517 -198.511
v 121.669 11.5526 -217.883
v 121.669 15.1734 -217.939
v 121.669 11.9747 -224.207
v 121.669 12.0873 -224.264
v 121.669 12.3852 -224.416
v 121.669 12.8086 -224.632
v 121.669 13.2978 -224.882
v 121.669 13.793 -225.135
v 121.669 14.2344 -225.36
v 121.669 14.5622 -225.528
v 121.669 14.7166 -225.606
v 121.669 14.7764 -225.696
v 121.669 14.8329 -225.807
v 121.669 14.8761 -225.917
v 121.669 14.9059 -226.026
v 121.669 14.9224 -226.131
v 121.669 14.9257 -226.23
v 121.669 14.9156 -226.322
v 121.669 14.8923 -226.405
v 121.669 14.8079 -226.583
v 121.669 14.4153 -227.397
v 121.669 13.7686 -228.738
v 121.669 12.9695 -230.394
v 121.669 12.1196 -232.156
v 121.669 11.3205 -233.813
v 121.669 10.6738 -235.154
v 121.669 10.2812 -235.968
v 121.669 10.1914 -236.149
v 121.669 10.1312 -236.223
v 121.669 10.0535 -236.28
v 121.669 9.96116 -236.32
v 121.669 9.85726 -236.343
v 121.669 9.74475 -236.348
v 121.669 9.62664 -236.335
v 121.669 9.5059 -236.303
v 121.669 9.40474 -236.261
v 121.669 9.25431 -236.188
v 121.669 8.93502 -236.035
v 121.669 8.50509 -235.828
v 121.669 8.02276 -235.595
v 121.669 7.54625 -235.366
v 121.669 7.13379 -235.167
v 121.669 6.84361 -235.027
v 121.669 6.73395 -234.975
v 121.67 3.85266 -240.854
v 121.667 2.8904 -187.296
f 5909/2774/2191 5910/2773/2191 5911/2772/2191 5912/2771/2191 5913/2770/2191 5914/2769/2191 5915/2768/2191 5916/2767/2191 5917/2766/2191 5918/2765/2191 5919/2764/2191 5920/2763/2191 5921/2762/2191 5922/2761/2191 5923/2760/2191 5924/2759/2191 5925/2758/2191 5926/2757/2191 5927/2756/2191 5928/2755/2191 5929/2754/2191 5930/2753/2191 5931/2752/2191 5932/2751/2191 5933/2750/2191 5934/2749/2191 5935/2748/2191 5936/2747/2191 5937/2746/2191 5938/2745/2191 5939/2744/2191 5940/2743/2191 5941/2742/2191 5942/2741/2191 5943/2740/2191 5944/2739/2191 5945/2738/2191 5946/2737/2191 5947/2736/2191 5948/2735/2191 5949/2734/2191 5950/2733/2191 5951/2732/2191 5952/2731/2191 5953/2730/2191 5954/2729/2191 5955/2728/2191 5956/2727/2191 5957/2726/2191 5958/2725/2191 5959/2724/2191 5960/2723/2191 5961/2722/2191 5962/2721/2191 5963/2720/2191 5964/2719/2191 5965/2718/2191 5966/2717/2191 5967/2716/2191 5968/2715/2191 5969/2714/2191 5970/2713/2191 5971/2712/2191 5972/2711/2191 5973/2710/2191 5974/2709/2191 5975/2708/2191 5976/2707/2191 5977/2706/2191 5978/2705/2191 5979/2704/2191 5980/2703/2191 5981/2702/2191 5982/2701/2191 5983/2700/2191 5984/2699/2191 5985/2698/2191 5986/2697/2191 5987/2696/2191 5988/2695/2191 5989/2694/2191 5990/2693/2191 5991/2692/2191 5992/2691/2191 5993/2690/2191 5994/2689/2191 5995/2688/2191 5996/2687/2191 5906/2686/2191 5905/2685/2191 5997/2684/2191 

v 124.667 2.8904 -187.205
v 124.667 2.89041 -186.964
f 5910/3054/2190 5909/3056/2190 5998/3055/2190 5999/3053/2190 

v 124.667 2.8904 -187.296
f 5909/3056/2190 5997/2589/2190 6000/2586/2190 5998/3055/2190 

f 5997/2683/2192 5905/2682/2192 5908/2681/2192 6000/2680/2192 

v 124.67 3.85266 -240.854
v 124.669 6.73395 -234.974
v 124.669 6.84361 -235.027
v 124.669 7.13379 -235.167
v 124.669 7.54625 -235.366
v 124.669 8.02276 -235.595
v 124.669 8.50509 -235.827
v 124.669 8.93502 -236.034
v 124.669 9.25431 -236.188
v 124.669 9.40474 -236.261
v 124.669 9.5059 -236.303
v 124.669 9.62664 -236.335
v 124.669 9.74475 -236.348
v 124.669 9.85726 -236.343
v 124.669 9.96116 -236.32
v 124.669 10.0535 -236.279
v 124.669 10.1312 -236.222
v 124.669 10.1914 -236.149
v 124.669 10.2812 -235.968
v 124.669 10.6738 -235.154
v 124.669 11.3205 -233.813
v 124.669 12.1196 -232.156
v 124.669 12.9695 -230.394
v 124.669 13.7686 -228.738
v 124.669 14.4153 -227.397
v 124.669 14.8079 -226.583
v 124.669 14.8923 -226.405
v 124.669 14.9156 -226.322
v 124.669 14.9257 -226.23
v 124.669 14.9224 -226.13
v 124.669 14.9059 -226.026
v 124.669 14.8761 -225.917
v 124.669 14.8329 -225.807
v 124.669 14.7764 -225.696
v 124.669 14.7166 -225.606
v 124.669 14.5622 -225.527
v 124.669 14.2344 -225.36
v 124.669 13.793 -225.135
v 124.669 13.2978 -224.882
v 124.669 12.8086 -224.632
v 124.669 12.3852 -224.416
v 124.669 12.0873 -224.264
v 124.669 11.9747 -224.207
v 124.669 15.1734 -217.938
v 124.669 11.5526 -217.883
v 124.668 11.5517 -198.511
v 124.667 11.5522 -187.296
v 124.667 8.92515 -187.296
v 124.667 8.92515 -187.201
v 124.667 8.92517 -186.952
v 124.667 8.92518 -186.597
v 124.667 8.9252 -186.187
v 124.667 8.92522 -185.771
v 124.667 8.92524 -185.401
v 124.667 8.92525 -185.127
v 124.667 8.92526 -184.997
v 124.667 8.91834 -184.905
v 124.667 8.89134 -184.801
v 124.667 8.84588 -184.707
v 124.667 8.78403 -184.623
v 124.667 8.70788 -184.552
v 124.667 8.61949 -184.497
v 124.667 8.52094 -184.458
v 124.667 8.4143 -184.439
v 124.667 8.29588 -184.438
v 124.667 7.88881 -184.438
v 124.667 7.21833 -184.438
v 124.667 6.3898 -184.437
v 124.667 5.50858 -184.437
v 124.667 4.68005 -184.437
v 124.667 4.00957 -184.437
v 124.667 3.6025 -184.437
v 124.667 3.47747 -184.439
v 124.667 3.35498 -184.461
v 124.667 3.24178 -184.505
v 124.667 3.14025 -184.569
v 124.667 3.05276 -184.65
v 124.667 2.98172 -184.746
v 124.667 2.92949 -184.855
v 124.667 2.89846 -184.974
v 124.667 2.8905 -185.079
v 124.667 2.8905 -185.204
v 124.667 2.89048 -185.469
v 124.667 2.89047 -185.826
v 124.667 2.89045 -186.226
v 124.667 2.89043 -186.621
f 5907/2587/2193 6001/2679/2193 6002/2678/2193 6003/2677/2193 6004/2676/2193 6005/2675/2193 6006/2674/2193 6007/2673/2193 6008/2672/2193 6009/2671/2193 6010/2670/2193 6011/2669/2193 6012/2668/2193 6013/2667/2193 6014/2666/2193 6015/2665/2193 6016/2664/2193 6017/2663/2193 6018/2662/2193 6019/2661/2193 6020/2660/2193 6021/2659/2193 6022/2658/2193 6023/2657/2193 6024/2656/2193 6025/2655/2193 6026/2654/2193 6027/2653/2193 6028/2652/2193 6029/2651/2193 6030/2650/2193 6031/2649/2193 6032/2648/2193 6033/2647/2193 6034/2646/2193 6035/2645/2193 6036/2644/2193 6037/2643/2193 6038/2642/2193 6039/2641/2193 6040/2640/2193 6041/2639/2193 6042/2638/2193 6043/2637/2193 6044/2636/2193 6045/2635/2193 6046/2634/2193 6047/2633/2193 6048/2632/2193 6049/2631/2193 6050/2630/2193 6051/2629/2193 6052/2628/2193 6053/2627/2193 6054/2626/2193 6055/2625/2193 6056/2624/2193 6057/2623/2193 6058/2622/2193 6059/2621/2193 6060/2620/2193 6061/2619/2193 6062/2618/2193 6063/2617/2193 6064/2616/2193 6065/2615/2193 6066/2614/2193 6067/2613/2193 6068/2612/2193 6069/2611/2193 6070/2610/2193 6071/2609/2193 6072/2608/2193 6073/2607/2193 6074/2606/2193 6075/2605/2193 6076/2604/2193 6077/2603/2193 6078/2602/2193 6079/2601/2193 6080/2600/2193 6081/2599/2193 6082/2598/2193 6083/2597/2193 6084/2596/2193 6085/2595/2193 6086/2594/2193 5999/2593/2193 5998/2592/2193 6000/2591/2193 5908/2590/2193 

f 5906/2588/2194 5996/2776/2194 6001/2775/2194 5907/2587/2194 

f 5996/2780/2195 5995/2779/2195 6002/2778/2195 6001/2777/2195 

f 5995/2784/2196 5994/2783/2196 6003/2782/2196 6002/2781/2196 

f 5994/2783/2196 5993/2786/2196 6004/2785/2196 6003/2782/2196 

f 5993/2786/2196 5992/2788/2196 6005/2787/2196 6004/2785/2196 

f 5992/2788/2196 5991/2791/2196 6006/2790/2196 6005/2789/2196 

f 5991/2791/2196 5990/2794/2196 6007/2793/2196 6006/2792/2196 

f 5990/2794/2196 5989/2796/2196 6008/2795/2196 6007/2793/2196 

f 5989/2796/2196 5988/2799/2196 6009/2798/2196 6008/2797/2196 

f 5988/2799/2196 5987/2801/2197 6010/2800/2197 6009/2798/2196 

f 5987/2805/2197 5986/2804/2198 6011/2803/2198 6010/2802/2197 

f 5986/2809/2198 5985/2808/2199 6012/2807/2199 6011/2806/2198 

f 5985/2813/2199 5984/2812/2200 6013/2811/2200 6012/2810/2199 

f 5984/2817/2200 5983/2816/2201 6014/2815/2201 6013/2814/2200 

f 5983/2821/2201 5982/2820/2202 6015/2819/2202 6014/2818/2201 

f 5982/2825/2202 5981/2824/2203 6016/2823/2203 6015/2822/2202 

f 5981/2829/2203 5980/2828/2204 6017/2827/2204 6016/2826/2203 

f 5980/2833/2204 5979/2832/2205 6018/2831/2205 6017/2830/2204 

f 5979/2837/2205 5978/2836/2206 6019/2835/2206 6018/2834/2205 

f 5978/2841/2206 5977/2840/2207 6020/2839/2207 6019/2838/2206 

f 5977/2840/2207 5976/2843/2207 6021/2842/2207 6020/2839/2207 

f 5976/2843/2207 5975/2846/2207 6022/2845/2207 6021/2844/2207 

f 5975/2846/2207 5974/2849/2207 6023/2848/2207 6022/2847/2207 

f 5974/2849/2207 5973/2852/2207 6024/2851/2207 6023/2850/2207 

f 5973/2852/2207 5972/2855/2207 6025/2854/2207 6024/2853/2207 

f 5972/2855/2207 5971/2858/2208 6026/2857/2208 6025/2856/2207 

f 5971/2862/2208 5970/2861/2209 6027/2860/2209 6026/2859/2208 

f 5970/2866/2209 5969/2865/2210 6028/2864/2210 6027/2863/2209 

f 5969/2870/2210 5968/2869/2211 6029/2868/2211 6028/2867/2210 

f 5968/2874/2211 5967/2873/2212 6030/2872/2212 6029/2871/2211 

f 5967/2878/2212 5966/2877/2213 6031/2876/2213 6030/2875/2212 

f 5966/2882/2213 5965/2881/2214 6032/2880/2214 6031/2879/2213 

f 5965/2886/2214 5964/2885/2215 6033/2884/2215 6032/2883/2214 

f 5964/2890/2215 5963/2889/2216 6034/2888/2216 6033/2887/2215 

f 5963/2894/2216 5962/2893/2217 6035/2892/2217 6034/2891/2216 

f 5962/2898/2218 5961/2897/2218 6036/2896/2218 6035/2895/2218 

f 5961/2897/2218 5960/2900/2218 6037/2899/2218 6036/2896/2218 

f 5960/2900/2218 5959/2902/2218 6038/2901/2218 6037/2899/2218 

f 5959/2902/2218 5958/2904/2218 6039/2903/2218 6038/2901/2218 

f 5958/2904/2218 5957/2906/2218 6040/2905/2218 6039/2903/2218 

f 5957/2906/2218 5956/2908/2218 6041/2907/2218 6040/2905/2218 

f 5956/2908/2218 5955/2911/2218 6042/2910/2218 6041/2909/2218 

f 5955/2911/2218 5954/2913/2218 6043/2912/2218 6042/2910/2218 

f 5954/2917/2219 5953/2916/2219 6044/2915/2219 6043/2914/2219 

f 5953/2921/2220 5952/2920/2220 6045/2919/2220 6044/2918/2220 

f 5952/2925/2221 5951/2924/2222 6046/2923/2222 6045/2922/2221 

f 5951/2929/2222 5950/2928/2223 6047/2927/2223 6046/2926/2222 

f 5950/2933/2192 5949/2932/2192 6048/2931/2192 6047/2930/2192 

f 5949/2928/2223 5948/2936/2223 6049/2935/2223 6048/2934/2223 

f 5948/2936/2223 5947/2938/2223 6050/2937/2223 6049/2935/2223 

f 5947/2938/2223 5946/2940/2223 6051/2939/2223 6050/2937/2223 

f 5946/2940/2223 5945/2942/2223 6052/2941/2223 6051/2939/2223 

f 5945/2942/2223 5944/2944/2223 6053/2943/2223 6052/2941/2223 

f 5944/2944/2223 5943/2946/2223 6054/2945/2223 6053/2943/2223 

f 5943/2946/2223 5942/2948/2223 6055/2947/2223 6054/2945/2223 

f 5942/2948/2223 5941/2950/2224 6056/2949/2224 6055/2947/2223 

f 5941/2954/2224 5940/2953/2225 6057/2952/2225 6056/2951/2224 

f 5940/2958/2225 5939/2957/2226 6058/2956/2226 6057/2955/2225 

f 5939/2962/2226 5938/2961/2227 6059/2960/2227 6058/2959/2226 

f 5938/2966/2227 5937/2965/2228 6060/2964/2228 6059/2963/2227 

f 5937/2970/2228 5936/2969/2229 6061/2968/2229 6060/2967/2228 

f 5936/2974/2229 5935/2973/2230 6062/2972/2230 6061/2971/2229 

f 5935/2978/2230 5934/2977/2231 6063/2976/2231 6062/2975/2230 

f 5934/2982/2231 5933/2981/2232 6064/2980/2232 6063/2979/2231 

f 5933/2986/2232 5932/2985/2233 6065/2984/2233 6064/2983/2232 

f 5932/2990/2233 5931/2989/2192 6066/2988/2192 6065/2987/2233 

f 5931/2989/2192 5930/2992/2192 6067/2991/2192 6066/2988/2192 

f 5930/2992/2192 5929/2994/2192 6068/2993/2192 6067/2991/2192 

f 5929/2994/2192 5928/2996/2192 6069/2995/2192 6068/2993/2192 

f 5928/2996/2192 5927/2998/2192 6070/2997/2192 6069/2995/2192 

f 5927/2998/2192 5926/3000/2192 6071/2999/2192 6070/2997/2192 

f 5926/3000/2192 5925/3002/2234 6072/3001/2234 6071/2999/2192 

f 5925/3006/2234 5924/3005/2235 6073/3004/2235 6072/3003/2234 

f 5924/3010/2235 5923/3009/2236 6074/3008/2236 6073/3007/2235 

f 5923/3014/2236 5922/3013/2237 6075/3012/2237 6074/3011/2236 

f 5922/3018/2237 5921/3017/2238 6076/3016/2238 6075/3015/2237 

f 5921/3022/2238 5920/3021/2239 6077/3020/2239 6076/3019/2238 

f 5920/3026/2239 5919/3025/2240 6078/3024/2240 6077/3023/2239 

f 5919/3030/2240 5918/3029/2241 6079/3028/2241 6078/3027/2240 

f 5918/3034/2241 5917/3033/2242 6080/3032/2242 6079/3031/2241 

f 5917/3038/2242 5916/3037/2243 6081/3036/2243 6080/3035/2242 

f 5916/3042/2243 5915/3041/2190 6082/3040/2190 6081/3039/2243 

f 5915/3041/2190 5914/3044/2190 6083/3043/2190 6082/3040/2190 

f 5914/3044/2190 5913/3046/2190 6084/3045/2190 6083/3043/2190 

f 5913/3046/2190 5912/3048/2190 6085/3047/2190 6084/3045/2190 

f 5912/3048/2190 5911/3051/2190 6086/3050/2190 6085/3049/2190 

f 5911/3051/2190 5910/3054/2190 5999/3053/2190 6086/3052/2190 

