# Alias OBJ Model File
# Exported from SketchUp, (c) 2000-2012 Trimble Navigation Limited
# File units = millimeters

mtllib 6.mtl

g Mesh1 ___38_1 Model

usemtl _
v 142.816 6.89106e-08 -36.3845
vt 0.727075 0.03
vn -3.88578e-16 -1 -2.14766e-14
v 142.816 6.89107e-08 -21.3207
vt 0.425949 0.03
vn -3.88578e-16 -1 1.07534e-14
v 139.816 6.89107e-08 -21.3207
vt 0.425949 0
v 139.816 6.89106e-08 -36.3845
vt 0.727075 0
f 1/1/1 2/2/2 3/3/2 4/4/1 

v 142.816 53.8617 -76.5319
vt 1.52962 0.538617
vn 1 -3.88578e-16 -4.996e-16
v 142.816 53.9594 -76.4518
vt 1.52802 0.539594
v 142.816 54.2181 -76.2397
vt 1.52378 0.542181
v 142.816 54.5858 -75.9382
vt 1.51775 0.545858
v 142.816 55.0105 -75.5899
vt 1.51079 0.550105
v 142.816 55.4405 -75.2374
vt 1.50374 0.554405
v 142.816 55.8238 -74.9232
vt 1.49746 0.558238
v 142.816 56.1084 -74.6898
vt 1.4928 0.561084
v 142.816 56.2425 -74.5798
vt 1.4906 0.562425
v 142.816 56.2783 -74.4748
vt 1.4885 0.562783
v 142.816 56.3053 -74.3484
vt 1.48597 0.563053
v 142.816 56.3189 -74.2244
vt 1.48349 0.563189
v 142.816 56.3195 -74.1047
vt 1.4811 0.563195
v 142.816 56.3077 -73.9912
vt 1.47883 0.563077
v 142.816 56.2841 -73.8858
vt 1.47673 0.562841
v 142.816 56.249 -73.7904
vt 1.47482 0.56249
v 142.816 56.2031 -73.707
vt 1.47315 0.562031
v 142.816 55.9885 -73.4331
vt 1.46768 0.559885
v 142.816 54.9242 -72.0887
vt 1.4408 0.549242
v 142.816 53.1714 -69.8744
vt 1.39654 0.531714
v 142.816 51.0053 -67.1382
vt 1.34184 0.510053
v 142.816 48.7015 -64.228
vt 1.28367 0.487015
v 142.816 46.5354 -61.4917
vt 1.22897 0.465354
v 142.816 44.7825 -59.2774
vt 1.18471 0.447825
v 142.816 43.7183 -57.9331
vt 1.15783 0.437183
v 142.816 43.4972 -57.6565
vt 1.1523 0.434972
v 142.816 43.4168 -57.5897
vt 1.15097 0.434168
v 142.816 43.3231 -57.543
vt 1.15003 0.433231
v 142.816 43.2193 -57.5165
vt 1.1495 0.432193
v 142.816 43.1085 -57.5103
vt 1.14938 0.431085
v 142.816 42.9939 -57.5243
vt 1.14966 0.429939
v 142.816 42.8786 -57.5588
vt 1.15035 0.428786
v 142.816 42.7658 -57.6136
vt 1.15145 0.427658
v 142.816 42.6753 -57.6754
vt 1.15268 0.426753
v 142.816 42.5435 -57.7779
vt 1.15473 0.425435
v 142.816 42.2638 -57.9955
vt 1.15908 0.422638
v 142.816 41.8871 -58.2885
vt 1.16494 0.418871
v 142.816 41.4646 -58.6172
vt 1.17151 0.414646
v 142.816 41.0471 -58.9419
vt 1.178 0.410471
v 142.816 40.6858 -59.223
vt 1.18362 0.406858
v 142.816 40.4315 -59.4207
vt 1.18757 0.404315
v 142.816 40.3355 -59.4954
vt 1.18906 0.403355
v 142.816 29.5464 -45.6277
vt 0.911847 0.295464
v 142.816 20.1065 -27.1368
vt 0.542214 0.201065
v 142.816 20.2191 -27.0793
vt 0.541065 0.202191
v 142.816 20.517 -26.9273
vt 0.538026 0.20517
v 142.816 20.9405 -26.7112
vt 0.533705 0.209405
v 142.816 21.4297 -26.4615
vt 0.528714 0.214297
v 142.816 21.9249 -26.2087
vt 0.523661 0.219249
v 142.816 22.3663 -25.9834
vt 0.519158 0.223663
v 142.816 22.6941 -25.8161
vt 0.515813 0.226941
v 142.816 22.8486 -25.7373
vt 0.514238 0.228486
v 142.816 22.9083 -25.6475
vt 0.512444 0.229083
v 142.816 22.9649 -25.537
vt 0.510234 0.229649
v 142.816 23.0081 -25.4266
vt 0.508026 0.230081
v 142.816 23.0379 -25.318
vt 0.505856 0.230379
v 142.816 23.0544 -25.2132
vt 0.50376 0.230544
v 142.816 23.0576 -25.1138
vt 0.501774 0.230576
v 142.816 23.0476 -25.0217
vt 0.499934 0.230476
v 142.816 23.0243 -24.9388
vt 0.498276 0.230243
v 142.816 22.8869 -24.6566
vt 0.492635 0.228869
v 142.816 22.2025 -23.2698
vt 0.464913 0.222025
v 142.816 21.0752 -20.9857
vt 0.419253 0.210752
v 142.816 19.6822 -18.1631
vt 0.362829 0.196822
v 142.816 18.2006 -15.161
vt 0.302818 0.182006
v 142.816 16.8076 -12.3384
vt 0.246394 0.168076
v 142.816 15.6803 -10.0542
vt 0.200734 0.156803
v 142.816 14.9959 -8.66747
vt 0.173012 0.149959
v 142.816 14.8531 -8.38181
vt 0.167302 0.148531
v 142.816 14.7929 -8.30862
vt 0.165839 0.147929
v 142.816 14.7151 -8.25161
vt 0.164699 0.147151
v 142.816 14.6228 -8.21132
vt 0.163894 0.146228
v 142.816 14.5189 -8.18832
vt 0.163434 0.145189
v 142.816 14.4064 -8.18314
vt 0.16333 0.144064
v 142.816 14.2883 -8.19635
vt 0.163594 0.142883
v 142.816 14.1676 -8.22848
vt 0.164237 0.141676
v 142.816 14.0664 -8.27044
vt 0.165075 0.140664
v 142.816 13.916 -8.34287
vt 0.166523 0.13916
v 142.816 13.5967 -8.49662
vt 0.169597 0.135967
v 142.816 13.1667 -8.70364
vt 0.173735 0.131667
v 142.816 12.6844 -8.9359
vt 0.178378 0.126844
v 142.816 12.2079 -9.16535
vt 0.182965 0.122079
v 142.816 11.7954 -9.36396
vt 0.186935 0.117954
v 142.816 11.5052 -9.50369
vt 0.189728 0.115052
v 142.816 11.3956 -9.5565
vt 0.190784 0.113956
v 142.816 11.206 -9.16972
vt 0.183052 0.11206
v 142.816 10.7041 -8.1454
vt 0.162576 0.107041
v 142.816 9.98983 -6.68756
vt 0.133434 0.0998983
v 142.816 9.16306 -5.0002
vt 0.0997033 0.0916306
v 142.816 8.32379 -3.28734
vt 0.0654632 0.0832379
v 142.816 7.57199 -1.75299
vt 0.0347916 0.0757199
v 142.816 7.00762 -0.60117
vt 0.0117666 0.0700762
v 142.816 6.73064 -0.0358832
vt 0.000466557 0.0673064
v 142.816 6.65341 -0.0125437
vt 0 0.0665341
v 142.816 6.39654 -0.0221968
vt 0.000192965 0.0639654
v 142.816 5.99888 -0.0371405
vt 0.000491691 0.0599888
v 142.816 5.51971 -0.0551472
vt 0.000851646 0.0551971
v 142.816 5.01832 -0.0739893
vt 0.0012283 0.0501832
v 142.816 4.55398 -0.0914392
vt 0.00157712 0.0455398
v 142.816 4.18596 -0.105269
vt 0.00185358 0.0418596
v 142.816 3.97355 -0.113251
vt 0.00201315 0.0397355
v 142.816 3.54922 -0.148124
vt 0.00271026 0.0354922
v 142.816 2.79647 -0.322685
vt 0.00619972 0.0279647
v 142.816 2.1048 -0.628077
vt 0.0123045 0.021048
v 142.816 1.4879 -1.05007
vt 0.0207402 0.014879
v 142.816 0.959485 -1.57443
vt 0.0312222 0.00959485
v 142.816 0.533266 -2.18693
vt 0.043466 0.00533266
v 142.816 0.222947 -2.87334
vt 0.0571872 0.00222947
v 142.816 0.0422345 -3.61942
vt 0.0721014 0.000422345
v 142.816 6.89107e-08 -4.46255
vt 0.0889556 4.19701e-11
v 142.816 6.89108e-08 -7.74283
vt 0.154529 4.19719e-11
v 142.816 4.91842 -7.74283
vt 0.154529 0.0491842
v 142.816 4.91842 -10.6089
vt 0.211821 0.0491842
v 142.816 6.89109e-08 -10.6089
vt 0.211821 4.19719e-11
vt 0.425949 4.19701e-11
vt 0.727075 4.19692e-11
v 142.816 6.89107e-08 -38.2798
vt 0.764962 4.19701e-11
v 142.816 2.88787 -38.2798
vt 0.764962 0.0288787
v 142.816 8.92262 -38.2798
vt 0.764962 0.0892262
v 142.816 11.5497 -38.2798
vt 0.764962 0.115497
v 142.816 12.0245 -38.2798
vt 0.764962 0.120245
v 142.816 12.0245 -41.1458
vt 0.822254 0.120245
v 142.816 6.89107e-08 -41.1458
vt 0.822254 4.19701e-11
v 142.816 6.89107e-08 -53.2008
vt 1.06323 4.19701e-11
v 142.816 6.89109e-08 -69.7668
vt 1.39439 4.19719e-11
v 142.816 6.89107e-08 -84.0795
vt 1.6805 4.19701e-11
v 142.816 6.89107e-08 -94.136
vt 1.88153 4.19701e-11
v 142.816 6.89107e-08 -97.9332
vt 1.95743 4.19701e-11
v 142.816 6.87403e-08 -101.73
vt 2.03334 4.02655e-11
v 142.816 6.82888e-08 -111.787
vt 2.23437 3.57509e-11
v 142.816 6.76462e-08 -126.1
vt 2.52048 2.93249e-11
v 142.816 6.69022e-08 -142.666
vt 2.85164 2.18847e-11
v 142.816 6.63604e-08 -154.721
vt 3.09261 1.64668e-11
v 142.816 12.0245 -154.721
vt 3.09261 0.120245
v 142.816 12.0245 -157.587
vt 3.14991 0.120245
v 142.816 11.5497 -157.587
vt 3.14991 0.115497
v 142.816 8.92262 -157.587
vt 3.14991 0.0892262
v 142.816 2.88787 -157.587
vt 3.14991 0.0288787
v 142.816 6.62334e-08 -157.587
vt 3.14991 1.51962e-11
v 142.816 6.61469e-08 -159.482
vt 3.18779 1.43317e-11
v 142.816 6.54707e-08 -174.546
vt 3.48892 7.56924e-12
v 142.816 6.49916e-08 -185.258
vt 3.70305 2.77846e-12
v 142.816 4.91842 -185.258
vt 3.70305 0.0491842
v 142.816 4.91842 -188.124
vt 3.76034 0.0491842
v 142.816 6.4861e-08 -188.124
vt 3.76034 1.4727e-12
v 142.816 6.47138e-08 -191.404
vt 3.82591 0
v 142.816 0.0422345 -192.247
vt 3.84277 0.000422345
v 142.816 0.222947 -192.993
vt 3.85768 0.00222947
v 142.816 0.533266 -193.68
vt 3.8714 0.00533266
v 142.816 0.959485 -194.292
vt 3.88365 0.00959485
v 142.816 1.4879 -194.816
vt 3.89413 0.014879
v 142.816 2.1048 -195.238
vt 3.90256 0.0210479
v 142.816 2.79647 -195.544
vt 3.90867 0.0279647
v 142.816 3.54922 -195.718
vt 3.91216 0.0354922
v 142.816 3.97355 -195.753
vt 3.91286 0.0397355
v 142.816 4.18596 -195.761
vt 3.91302 0.0418596
v 142.816 4.55398 -195.775
vt 3.91329 0.0455398
v 142.816 5.01832 -195.792
vt 3.91364 0.0501832
v 142.816 5.51971 -195.811
vt 3.91402 0.0551971
v 142.816 5.99888 -195.829
vt 3.91438 0.0599888
v 142.816 6.39654 -195.844
vt 3.91468 0.0639654
v 142.816 6.65341 -195.854
vt 3.91487 0.0665341
v 142.816 6.73064 -195.831
vt 3.9144 0.0673064
v 142.816 7.00762 -195.265
vt 3.9031 0.0700762
v 142.816 7.57199 -194.113
vt 3.88008 0.0757199
v 142.816 8.32379 -192.579
vt 3.84941 0.0832379
v 142.816 9.16306 -190.866
vt 3.81517 0.0916306
v 142.816 9.98983 -189.179
vt 3.78144 0.0998983
v 142.816 10.7041 -187.721
vt 3.75229 0.107041
v 142.816 11.206 -186.697
vt 3.73182 0.11206
v 142.816 11.3956 -186.31
vt 3.72409 0.113956
v 142.816 11.5052 -186.363
vt 3.72514 0.115052
v 142.816 11.7954 -186.503
vt 3.72793 0.117954
v 142.816 12.2079 -186.701
vt 3.7319 0.122079
v 142.816 12.6844 -186.931
vt 3.73649 0.126844
v 142.816 13.1667 -187.163
vt 3.74113 0.131667
v 142.816 13.5967 -187.37
vt 3.74527 0.135967
v 142.816 13.916 -187.524
vt 3.74835 0.13916
v 142.816 14.0664 -187.596
vt 3.74979 0.140664
v 142.816 14.1676 -187.638
vt 3.75063 0.141676
v 142.816 14.2883 -187.67
vt 3.75127 0.142883
v 142.816 14.4064 -187.683
vt 3.75154 0.144064
v 142.816 14.5189 -187.678
vt 3.75144 0.145189
v 142.816 14.6228 -187.655
vt 3.75098 0.146228
v 142.816 14.7151 -187.615
vt 3.75017 0.147151
v 142.816 14.7929 -187.558
vt 3.74903 0.147929
v 142.816 14.8531 -187.485
vt 3.74757 0.148531
v 142.816 14.9959 -187.199
vt 3.74186 0.149959
v 142.816 15.6803 -185.812
vt 3.71414 0.156803
v 142.816 16.8076 -183.528
vt 3.66848 0.168076
v 142.816 18.2006 -180.705
vt 3.61205 0.182006
v 142.816 19.6822 -177.703
vt 3.55204 0.196822
v 142.816 21.0752 -174.881
vt 3.49562 0.210752
v 142.816 22.2025 -172.597
vt 3.44996 0.222025
v 142.816 22.8869 -171.21
vt 3.42223 0.228869
v 142.816 23.0243 -170.928
vt 3.41659 0.230243
v 142.816 23.0476 -170.845
vt 3.41494 0.230476
v 142.816 23.0576 -170.753
vt 3.4131 0.230576
v 142.816 23.0544 -170.653
vt 3.41111 0.230544
v 142.816 23.0379 -170.548
vt 3.40901 0.230379
v 142.816 23.0081 -170.44
vt 3.40684 0.230081
v 142.816 22.9649 -170.329
vt 3.40463 0.229649
v 142.816 22.9083 -170.219
vt 3.40243 0.229083
v 142.816 22.8486 -170.129
vt 3.40063 0.228486
v 142.816 22.6941 -170.05
vt 3.39906 0.226941
v 142.816 22.3663 -169.883
vt 3.39571 0.223663
v 142.816 21.9249 -169.658
vt 3.39121 0.219249
v 142.816 21.4297 -169.405
vt 3.38616 0.214297
v 142.816 20.9405 -169.155
vt 3.38116 0.209405
v 142.816 20.517 -168.939
vt 3.37684 0.20517
v 142.816 20.2191 -168.787
vt 3.3738 0.202191
v 142.816 20.1065 -168.73
vt 3.37266 0.201065
v 142.816 29.5464 -150.239
vt 3.00302 0.295464
v 142.816 40.3355 -136.371
vt 2.72581 0.403355
v 142.816 40.4315 -136.446
vt 2.7273 0.404315
v 142.816 40.6858 -136.644
vt 2.73125 0.406858
v 142.816 41.0471 -136.925
vt 2.73687 0.410471
v 142.816 41.4646 -137.249
vt 2.74336 0.414646
v 142.816 41.8871 -137.578
vt 2.74993 0.418871
v 142.816 42.2638 -137.871
vt 2.75579 0.422638
v 142.816 42.5435 -138.089
vt 2.76014 0.425435
v 142.816 42.6753 -138.191
vt 2.76219 0.426753
v 142.816 42.7658 -138.253
vt 2.76342 0.427658
v 142.816 42.8786 -138.308
vt 2.76452 0.428786
v 142.816 42.9939 -138.342
vt 2.76521 0.429939
v 142.816 43.1085 -138.356
vt 2.76549 0.431085
v 142.816 43.2193 -138.35
vt 2.76536 0.432193
v 142.816 43.3231 -138.323
vt 2.76483 0.433231
v 142.816 43.4168 -138.277
vt 2.7639 0.434168
v 142.816 43.4972 -138.21
vt 2.76257 0.434972
v 142.816 43.7183 -137.933
vt 2.75704 0.437183
v 142.816 44.7825 -136.589
vt 2.73016 0.447825
v 142.816 46.5354 -134.375
vt 2.6859 0.465354
v 142.816 48.7015 -131.639
vt 2.6312 0.487015
v 142.816 51.0053 -128.728
vt 2.57303 0.510053
v 142.816 53.1714 -125.992
vt 2.51833 0.531714
v 142.816 54.9242 -123.778
vt 2.47407 0.549242
v 142.816 55.9885 -122.433
vt 2.44719 0.559885
v 142.816 56.2031 -122.159
vt 2.44172 0.562031
v 142.816 56.249 -122.076
vt 2.44005 0.56249
v 142.816 56.2841 -121.981
vt 2.43814 0.562841
v 142.816 56.3077 -121.875
vt 2.43604 0.563077
v 142.816 56.3195 -121.762
vt 2.43377 0.563195
v 142.816 56.3189 -121.642
vt 2.43137 0.563189
v 142.816 56.3053 -121.518
vt 2.4289 0.563053
v 142.816 56.2783 -121.392
vt 2.42637 0.562783
v 142.816 56.2425 -121.287
vt 2.42427 0.562425
v 142.816 56.1084 -121.177
vt 2.42207 0.561084
v 142.816 55.8238 -120.943
vt 2.41741 0.558238
v 142.816 55.4405 -120.629
vt 2.41112 0.554405
v 142.816 55.0105 -120.277
vt 2.40408 0.550105
v 142.816 54.5858 -119.928
vt 2.39712 0.545858
v 142.816 54.2181 -119.627
vt 2.39109 0.542181
v 142.816 53.9594 -119.415
vt 2.38685 0.539594
v 142.816 53.8617 -119.335
vt 2.38525 0.538617
v 142.816 54.4128 -118.635
vt 2.37127 0.544128
v 142.816 55.8723 -116.784
vt 2.33426 0.558723
v 142.816 57.9495 -114.149
vt 2.28159 0.579495
v 142.816 60.3537 -111.099
vt 2.22063 0.603537
v 142.816 62.7943 -108.004
vt 2.15874 0.627943
v 142.816 64.9805 -105.23
vt 2.1033 0.649805
v 142.816 66.6217 -103.149
vt 2.06169 0.666217
v 142.816 67.4272 -102.127
vt 2.04126 0.674272
v 142.816 67.488 -102.05
vt 2.03974 0.67488
v 142.816 67.5809 -101.924
vt 2.0372 0.675809
v 142.816 67.718 -101.707
vt 2.03287 0.67718
v 142.816 67.8713 -101.411
vt 2.02696 0.678713
v 142.816 68.0132 -101.047
vt 2.01967 0.680132
v 142.816 68.116 -100.624
vt 2.01123 0.68116
v 142.816 68.1518 -100.155
vt 2.00185 0.681518
v 142.816 68.0929 -99.649
vt 1.99173 0.680929
v 142.816 67.7019 -99.3856
vt 1.98647 0.677019
v 142.816 65.4027 -99.3856
vt 1.98647 0.654027
v 142.816 61.4193 -99.3856
vt 1.98647 0.614193
v 142.816 56.3932 -99.3856
vt 1.98647 0.563932
v 142.816 50.9661 -99.3856
vt 1.98647 0.509661
v 142.816 45.7796 -99.3856
vt 1.98647 0.457796
v 142.816 41.4753 -99.3856
vt 1.98647 0.414753
v 142.816 38.695 -99.3856
vt 1.98647 0.38695
v 142.816 37.9958 -99.3817
vt 1.98639 0.379958
v 142.816 37.9985 -99.2957
vt 1.98467 0.379985
v 142.816 38.0039 -99.1205
vt 1.98117 0.380039
v 142.816 38.0111 -98.887
vt 1.9765 0.380111
v 142.816 38.0192 -98.6264
vt 1.97129 0.380192
v 142.816 38.0272 -98.3697
vt 1.96616 0.380272
v 142.816 38.0341 -98.1479
vt 1.96173 0.380341
v 142.816 38.0389 -97.9921
vt 1.95861 0.380389
v 142.816 38.0407 -97.9332
vt 1.95743 0.380407
v 142.816 38.0389 -97.8744
vt 1.95626 0.380389
v 142.816 38.0341 -97.7185
vt 1.95314 0.380341
v 142.816 38.0272 -97.4967
vt 1.94871 0.380272
v 142.816 38.0192 -97.24
vt 1.94358 0.380192
v 142.816 38.0111 -96.9794
vt 1.93837 0.380111
v 142.816 38.0039 -96.746
vt 1.9337 0.380039
v 142.816 37.9985 -96.5708
vt 1.9302 0.379985
v 142.816 37.9958 -96.4848
vt 1.92848 0.379958
v 142.816 38.695 -96.4808
vt 1.9284 0.38695
v 142.816 41.4753 -96.4808
vt 1.9284 0.414753
v 142.816 45.7796 -96.4808
vt 1.9284 0.457796
v 142.816 50.9661 -96.4808
vt 1.9284 0.509661
v 142.816 56.3932 -96.4808
vt 1.9284 0.563932
v 142.816 61.4193 -96.4808
vt 1.9284 0.614193
v 142.816 65.4027 -96.4808
vt 1.9284 0.654027
v 142.816 67.7019 -96.4808
vt 1.9284 0.677019
v 142.816 68.0929 -96.2175
vt 1.92314 0.680929
v 142.816 68.1518 -95.7116
vt 1.91302 0.681518
v 142.816 68.116 -95.2421
vt 1.90364 0.68116
v 142.816 68.0132 -94.8199
vt 1.8952 0.680132
v 142.816 67.8713 -94.4555
vt 1.88791 0.678713
v 142.816 67.718 -94.1596
vt 1.882 0.67718
v 142.816 67.5809 -93.9429
vt 1.87767 0.675809
v 142.816 67.488 -93.816
vt 1.87513 0.67488
v 142.816 67.4272 -93.7396
vt 1.8736 0.674272
v 142.816 66.6217 -92.7179
vt 1.85318 0.666217
v 142.816 64.9805 -90.6361
vt 1.81156 0.649805
v 142.816 62.7943 -87.8629
vt 1.75613 0.627943
v 142.816 60.3537 -84.767
vt 1.69424 0.603537
v 142.816 57.9495 -81.7173
vt 1.63328 0.579495
v 142.816 55.8723 -79.0823
vt 1.58061 0.558723
v 142.816 54.4128 -77.231
vt 1.5436 0.544128
f 5/5/3 6/6/3 7/7/3 8/8/3 9/9/3 10/10/3 11/11/3 12/12/3 13/13/3 14/14/3 15/15/3 16/16/3 17/17/3 18/18/3 19/19/3 20/20/3 21/21/3 22/22/3 23/23/3 24/24/3 25/25/3 26/26/3 27/27/3 28/28/3 29/29/3 30/30/3 31/31/3 32/32/3 33/33/3 34/34/3 35/35/3 36/36/3 37/37/3 38/38/3 39/39/3 40/40/3 41/41/3 42/42/3 43/43/3 44/44/3 45/45/3 46/46/3 47/47/3 48/48/3 49/49/3 50/50/3 51/51/3 52/52/3 53/53/3 54/54/3 55/55/3 56/56/3 57/57/3 58/58/3 59/59/3 60/60/3 61/61/3 62/62/3 63/63/3 64/64/3 65/65/3 66/66/3 67/67/3 68/68/3 69/69/3 70/70/3 71/71/3 72/72/3 73/73/3 74/74/3 75/75/3 76/76/3 77/77/3 78/78/3 79/79/3 80/80/3 81/81/3 82/82/3 83/83/3 84/84/3 85/85/3 86/86/3 87/87/3 88/88/3 89/89/3 90/90/3 91/91/3 92/92/3 93/93/3 94/94/3 95/95/3 96/96/3 97/97/3 98/98/3 99/99/3 100/100/3 101/101/3 102/102/3 103/103/3 104/104/3 105/105/3 106/106/3 107/107/3 108/108/3 109/109/3 110/110/3 111/111/3 112/112/3 113/113/3 114/114/3 115/115/3 116/116/3 117/117/3 118/118/3 2/119/3 1/120/3 119/121/3 120/122/3 121/123/3 122/124/3 123/125/3 124/126/3 125/127/3 126/128/3 127/129/3 128/130/3 129/131/3 130/132/3 131/133/3 132/134/3 133/135/3 134/136/3 135/137/3 136/138/3 137/139/3 138/140/3 139/141/3 140/142/3 141/143/3 142/144/3 143/145/3 144/146/3 145/147/3 146/148/3 147/149/3 148/150/3 149/151/3 150/152/3 151/153/3 152/154/3 153/155/3 154/156/3 155/157/3 156/158/3 157/159/3 158/160/3 159/161/3 160/162/3 161/163/3 162/164/3 163/165/3 164/166/3 165/167/3 166/168/3 167/169/3 168/170/3 169/171/3 170/172/3 171/173/3 172/174/3 173/175/3 174/176/3 175/177/3 176/178/3 177/179/3 178/180/3 179/181/3 180/182/3 181/183/3 182/184/3 183/185/3 184/186/3 185/187/3 186/188/3 187/189/3 188/190/3 189/191/3 190/192/3 191/193/3 192/194/3 193/195/3 194/196/3 195/197/3 196/198/3 197/199/3 198/200/3 199/201/3 200/202/3 201/203/3 202/204/3 203/205/3 204/206/3 205/207/3 206/208/3 207/209/3 208/210/3 209/211/3 210/212/3 211/213/3 212/214/3 213/215/3 214/216/3 215/217/3 216/218/3 217/219/3 218/220/3 219/221/3 220/222/3 221/223/3 222/224/3 223/225/3 224/226/3 225/227/3 226/228/3 227/229/3 228/230/3 229/231/3 230/232/3 231/233/3 232/234/3 233/235/3 234/236/3 235/237/3 236/238/3 237/239/3 238/240/3 239/241/3 240/242/3 241/243/3 242/244/3 243/245/3 244/246/3 245/247/3 246/248/3 247/249/3 248/250/3 249/251/3 250/252/3 251/253/3 252/254/3 253/255/3 254/256/3 255/257/3 256/258/3 257/259/3 258/260/3 259/261/3 260/262/3 261/263/3 262/264/3 263/265/3 264/266/3 265/267/3 266/268/3 267/269/3 268/270/3 269/271/3 270/272/3 271/273/3 272/274/3 273/275/3 274/276/3 275/277/3 276/278/3 277/279/3 278/280/3 279/281/3 280/282/3 281/283/3 282/284/3 283/285/3 284/286/3 285/287/3 286/288/3 287/289/3 288/290/3 289/291/3 290/292/3 291/293/3 292/294/3 293/295/3 294/296/3 295/297/3 296/298/3 297/299/3 298/300/3 299/301/3 300/302/3 301/303/3 302/304/3 303/305/3 304/306/3 305/307/3 306/308/3 307/309/3 308/310/3 309/311/3 310/312/3 311/313/3 312/314/3 313/315/3 314/316/3 315/317/3 316/318/3 317/319/3 318/320/3 319/321/3 320/322/3 321/323/3 322/324/3 

vt -0.134712 0.03
vn -1.39965e-16 0.634043 -0.773298
vt -0.137239 0.03
v 139.816 53.8617 -76.5319
vt -0.137239 0
v 139.816 53.9594 -76.4518
vt -0.134712 0
f 6/325/4 5/326/4 323/327/4 324/328/4 

vt -1.86781 0.03
vn 6.14457e-16 0.785317 0.619094
vt -1.88561 0.03
v 139.816 54.4128 -77.231
vt -1.88561 0
vt -1.86781 0
f 5/329/5 322/330/5 325/331/5 323/332/5 

vt -1.93273 0.03
v 139.816 55.8723 -79.0823
vt -1.93273 0
f 322/330/5 321/333/5 326/334/5 325/331/5 

vt -1.99981 0.03
v 139.816 57.9495 -81.7173
vt -1.99981 0
f 321/333/5 320/335/5 327/336/5 326/334/5 

vt -2.07744 0.03
v 139.816 60.3537 -84.767
vt -2.07744 0
f 320/335/5 319/337/5 328/338/5 327/336/5 

vt -2.15624 0.03
v 139.816 62.7943 -87.8629
vt -2.15624 0
f 319/337/5 318/339/5 329/340/5 328/338/5 

vt -2.22683 0.03
v 139.816 64.9805 -90.6361
vt -2.22683 0
f 318/339/5 317/341/5 330/342/5 329/340/5 

vt -2.27982 0.03
v 139.816 66.6217 -92.7179
vt -2.27982 0
f 317/341/5 316/343/5 331/344/5 330/342/5 

vt -2.30583 0.03
vn 6.14841e-16 0.783736 0.621094
v 139.816 67.4272 -93.7396
vt -2.30583 0
f 316/343/5 315/345/6 332/346/6 331/344/5 

vt -2.30528 0.03
vt -2.30724 0.03
vn 6.121e-16 0.794557 0.60719
v 139.816 67.488 -93.816
vt -2.30724 0
vt -2.30528 0
f 315/347/6 314/348/7 333/349/7 332/350/6 

vt -2.30992 0.03
vt -2.31307 0.03
vn 6.02434e-16 0.826411 0.563068
v 139.816 67.5809 -93.9429
vt -2.31307 0
vt -2.30992 0
f 314/351/7 313/352/8 334/353/8 333/354/7 

vt -2.30901 0.03
vt -2.31414 0.03
vn 5.85695e-16 0.867326 0.497741
v 139.816 67.718 -94.1596
vt -2.31414 0
vt -2.30901 0
f 313/355/8 312/356/9 335/357/9 334/358/8 

vt -2.29381 0.03
vt -2.30047 0.03
vn 5.59937e-16 0.911135 0.412109
v 139.816 67.8713 -94.4555
vt -2.30047 0
vt -2.29381 0
f 312/359/9 311/360/10 336/361/10 335/362/9 

vt -2.25158 0.03
vt -2.2594 0.03
vn 5.20682e-16 0.953837 0.300324
v 139.816 68.0132 -94.8199
vt -2.2594 0
vt -2.25158 0
f 311/363/10 310/364/11 337/365/11 336/366/10 

vt -2.1629 0.03
vt -2.17159 0.03
vn 4.62092e-16 0.987637 0.156761
v 139.816 68.116 -95.2421
vt -2.17159 0
vt -2.1629 0
f 310/367/11 309/368/12 338/369/12 337/370/11 

vt -2.0017 0.03
vt -2.01111 0.03
vn 3.78588e-16 0.999803 -0.0198434
v 139.816 68.1518 -95.7116
vt -2.01111 0
vt -2.0017 0
f 309/371/12 308/372/13 339/373/13 338/374/12 

vt -1.74275 0.03
vt -1.75294 0.03
vn 3.28235e-16 0.993299 -0.115572
v 139.816 68.0929 -96.2175
vt -1.75294 0
vt -1.74275 0
f 308/375/13 307/376/14 340/377/14 339/378/13 

vt 0.0549522 0.03
vn -1.9738e-16 0.558528 -0.829486
vt 0.0455274 0.03
v 139.816 67.7019 -96.4808
vt 0.0455274 0
vt 0.0549522 0
f 307/379/15 306/380/15 341/381/15 340/382/15 

vt 1.35336 0.03
vn -4.996e-16 6.66134e-16 -1
vt 1.3074 0.03
v 139.816 65.4027 -96.4808
vt 1.3074 0
vt 1.35336 0
f 306/383/16 305/384/16 342/385/16 341/386/16 

vt 1.22777 0.03
v 139.816 61.4193 -96.4808
vt 1.22777 0
f 305/384/16 304/387/16 343/388/16 342/385/16 

vt 1.1273 0.03
v 139.816 56.3932 -96.4808
vt 1.1273 0
f 304/387/16 303/389/16 344/390/16 343/388/16 

vt 1.01881 0.03
v 139.816 50.9661 -96.4808
vt 1.01881 0
f 303/389/16 302/391/16 345/392/16 344/390/16 

vt 0.915134 0.03
v 139.816 45.7796 -96.4808
vt 0.915134 0
f 302/391/16 301/393/16 346/394/16 345/392/16 

vt 0.829092 0.03
v 139.816 41.4753 -96.4808
vt 0.829092 0
f 301/393/16 300/395/16 347/396/16 346/394/16 

vt 0.773512 0.03
vn -4.98509e-16 0.00280355 -0.999996
v 139.816 38.695 -96.4808
vt 0.773512 0
f 300/395/16 299/397/17 348/398/17 347/396/16 

vt 0.762687 0.03
vt 0.748711 0.03
vn -4.97414e-16 0.00560707 -0.999984
v 139.816 37.9958 -96.4848
vt 0.748711 0
vt 0.762687 0
f 299/399/17 298/400/18 349/401/18 348/402/17 

vt -1.95109 0.03
vn 4.03875e-16 0.99952 0.0309929
vt -1.95281 0.03
v 139.816 37.9985 -96.5708
vt -1.95281 0
vt -1.95109 0
f 298/403/19 297/404/19 350/405/19 349/406/19 

vt -1.95632 0.03
v 139.816 38.0039 -96.746
vt -1.95632 0
f 297/404/19 296/407/19 351/408/19 350/405/19 

vt -1.96099 0.03
v 139.816 38.0111 -96.9794
vt -1.96099 0
f 296/407/19 295/409/19 352/410/19 351/408/19 

vt -1.9662 0.03
v 139.816 38.0192 -97.24
vt -1.9662 0
f 295/409/19 294/411/19 353/412/19 352/410/19 

vt -1.97133 0.03
v 139.816 38.0272 -97.4967
vt -1.97133 0
f 294/411/19 293/413/19 354/414/19 353/412/19 

vt -1.97577 0.03
v 139.816 38.0341 -97.7185
vt -1.97577 0
f 293/413/19 292/415/19 355/416/19 354/414/19 

vt -1.97889 0.03
v 139.816 38.0389 -97.8744
vt -1.97889 0
f 292/415/19 291/417/19 356/418/19 355/416/19 

vt -1.98006 0.03
vn 3.88578e-16 1 1.47523e-07
v 139.816 38.0407 -97.9332
vt -1.98006 0
f 291/417/19 290/419/20 357/420/20 356/418/19 

vt -1.93293 0.03
vt -1.9341 0.03
vn 3.72907e-16 0.99952 -0.0309927
v 139.816 38.0389 -97.9921
vt -1.9341 0
vt -1.93293 0
f 290/421/20 289/422/21 358/423/21 357/424/20 

vt -1.93722 0.03
vn 3.72907e-16 0.99952 -0.0309929
v 139.816 38.0341 -98.1479
vt -1.93722 0
f 289/422/21 288/425/22 359/426/22 358/423/21 

vt -1.94166 0.03
v 139.816 38.0272 -98.3697
vt -1.94166 0
f 288/425/22 287/427/22 360/428/22 359/426/22 

vt -1.94679 0.03
v 139.816 38.0192 -98.6264
vt -1.94679 0
f 287/427/22 286/429/22 361/430/22 360/428/22 

vt -1.952 0.03
v 139.816 38.0111 -98.887
vt -1.952 0
f 286/429/22 285/431/22 362/432/22 361/430/22 

vt -1.95667 0.03
v 139.816 38.0039 -99.1205
vt -1.95667 0
f 285/431/22 284/433/22 363/434/22 362/432/22 

vt -1.96018 0.03
v 139.816 37.9985 -99.2957
vt -1.96018 0
f 284/433/22 283/435/22 364/436/22 363/434/22 

vt -1.9619 0.03
v 139.816 37.9958 -99.3817
vt -1.9619 0
f 283/435/22 282/437/22 365/438/22 364/436/22 

vt -0.770662 0.03
vn 5.01771e-16 0.00560707 0.999984
vt -0.784638 0.03
vn 5.00688e-16 0.00280355 0.999996
v 139.816 38.695 -99.3856
vt -0.784638 0
vt -0.770662 0
f 282/439/23 281/440/24 366/441/24 365/442/23 

vt -0.773512 0.03
vt -0.829092 0.03
vn 4.996e-16 4.48912e-11 1
v 139.816 41.4753 -99.3856
vt -0.829092 0
vt -0.773512 0
f 281/443/24 280/444/25 367/445/25 366/446/24 

vt -0.915134 0.03
vn 4.996e-16 4.48765e-11 1
v 139.816 45.7796 -99.3856
vt -0.915134 0
f 280/444/25 279/447/26 368/448/26 367/445/25 

vt -1.01881 0.03
vn 4.996e-16 4.4891e-11 1
v 139.816 50.9661 -99.3856
vt -1.01881 0
f 279/447/26 278/449/27 369/450/27 368/448/26 

vt -1.1273 0.03
vn 4.996e-16 4.48711e-11 1
v 139.816 56.3932 -99.3856
vt -1.1273 0
f 278/449/27 277/451/28 370/452/28 369/450/27 

vt -1.22777 0.03
vn 4.996e-16 4.48737e-11 1
v 139.816 61.4193 -99.3856
vt -1.22777 0
f 277/451/28 276/453/29 371/454/29 370/452/28 

vt -1.3074 0.03
vn 4.996e-16 4.48992e-11 1
v 139.816 65.4027 -99.3856
vt -1.3074 0
f 276/453/29 275/455/30 372/456/30 371/454/29 

vt -1.35336 0.03
vn 4.996e-16 4.48997e-11 1
v 139.816 67.7019 -99.3856
vt -1.35336 0
f 275/455/30 274/457/31 373/458/31 372/456/30 

vt -2.23209 0.03
vn 6.31443e-16 0.558528 0.829486
vt -2.24152 0.03
v 139.816 68.0929 -99.649
vt -2.24152 0
vt -2.23209 0
f 274/459/32 273/460/32 374/461/32 373/462/32 

vt -2.1357 0.03
vn 4.43714e-16 0.993299 0.115572
vt -2.14588 0.03
vn 3.98415e-16 0.999803 0.0198434
v 139.816 68.1518 -100.155
vt -2.14588 0
vt -2.1357 0
f 273/463/33 272/464/34 375/465/34 374/466/33 

vt -1.89241 0.03
vt -1.90183 0.03
vn 3.05456e-16 0.987637 -0.156761
v 139.816 68.116 -100.624
vt -1.90183 0
vt -1.89241 0
f 272/467/34 271/468/35 376/469/35 375/470/34 

vt -1.63229 0.03
vt -1.64098 0.03
vn 2.20598e-16 0.953837 -0.300324
v 139.816 68.0132 -101.047
vt -1.64098 0
vt -1.63229 0
f 271/471/35 270/472/36 377/473/36 376/474/35 

vt -1.38858 0.03
vt -1.3964 0.03
vn 1.48157e-16 0.911135 -0.412109
v 139.816 67.8713 -101.411
vt -1.3964 0
vt -1.38858 0
f 270/475/36 269/476/37 378/477/37 377/478/36 

vt -1.17534 0.03
vt -1.182 0.03
vn 8.83522e-17 0.867326 -0.497741
v 139.816 67.718 -101.707
vt -1.182 0
vt -1.17534 0
f 269/479/37 268/480/38 379/481/38 378/482/37 

vt -0.994755 0.03
vt -0.999881 0.03
vn 3.98164e-17 0.826411 -0.563068
v 139.816 67.5809 -101.924
vt -0.999881 0
vt -0.994755 0
f 268/483/38 267/484/39 380/485/39 379/486/38 

vt -0.844824 0.03
vt -0.847968 0.03
vn 5.39498e-18 0.794557 -0.60719
v 139.816 67.488 -102.05
vt -0.847968 0
vt -0.844824 0
f 267/487/39 266/488/40 381/489/40 380/490/39 

vt -0.75478 0.03
vt -0.756731 0.03
vn -5.75629e-18 0.783736 -0.621094
v 139.816 67.4272 -102.127
vt -0.756731 0
vt -0.75478 0
f 266/491/40 265/492/41 382/493/41 381/494/40 

vt -0.768581 0.03
vt -0.794588 0.03
vn -4.14285e-18 0.785317 -0.619094
v 139.816 66.6217 -103.149
vt -0.794588 0
vt -0.768581 0
f 265/495/41 264/496/42 383/497/42 382/498/41 

vt -0.847581 0.03
v 139.816 64.9805 -105.23
vt -0.847581 0
f 264/496/42 263/499/42 384/500/42 383/497/42 

vt -0.918172 0.03
v 139.816 62.7943 -108.004
vt -0.918172 0
f 263/499/42 262/501/42 385/502/42 384/500/42 

vt -0.996976 0.03
v 139.816 60.3537 -111.099
vt -0.996976 0
f 262/501/42 261/503/42 386/504/42 385/502/42 

vt -1.07461 0.03
v 139.816 57.9495 -114.149
vt -1.07461 0
f 261/503/42 260/505/42 387/506/42 386/504/42 

vt -1.14168 0.03
v 139.816 55.8723 -116.784
vt -1.14168 0
f 260/505/42 259/507/42 388/508/42 387/506/42 

vt -1.1888 0.03
v 139.816 54.4128 -118.635
vt -1.1888 0
f 259/507/42 258/509/42 389/510/42 388/508/42 

vt -1.2066 0.03
v 139.816 53.8617 -119.335
vt -1.2066 0
f 258/509/42 257/511/42 390/512/42 389/510/42 

vt -2.34495 0.03
vn 6.32715e-16 0.634043 0.773298
vt -2.34748 0.03
v 139.816 53.9594 -119.415
vt -2.34748 0
vt -2.34495 0
f 257/513/43 256/514/43 391/515/43 390/516/43 

vt -2.35417 0.03
v 139.816 54.2181 -119.627
vt -2.35417 0
f 256/514/43 255/517/43 392/518/43 391/515/43 

vt -2.36367 0.03
v 139.816 54.5858 -119.928
vt -2.36367 0
f 255/517/43 254/519/43 393/520/43 392/518/43 

vt -2.37465 0.03
v 139.816 55.0105 -120.277
vt -2.37465 0
f 254/519/43 253/521/43 394/522/43 393/520/43 

vt -2.38577 0.03
v 139.816 55.4405 -120.629
vt -2.38577 0
f 253/521/43 252/523/43 395/524/43 394/522/43 

vt -2.39567 0.03
v 139.816 55.8238 -120.943
vt -2.39567 0
f 252/523/43 251/525/43 396/526/43 395/524/43 

vt -2.40303 0.03
v 139.816 56.1084 -121.177
vt -2.40303 0
f 251/525/43 250/527/43 397/528/43 396/526/43 

vt -2.4065 0.03
v 139.816 56.2425 -121.287
vt -2.4065 0
f 250/527/43 249/529/43 398/530/43 397/528/43 

vt -2.6574 0.03
vn 5.29034e-16 0.94648 0.322763
vt -2.65962 0.03
vn 5.07588e-16 0.963892 0.266294
v 139.816 56.2783 -121.392
vt -2.65962 0
vt -2.6574 0
f 249/531/44 248/532/45 399/533/45 398/534/44 

vt -2.60785 0.03
vt -2.61043 0.03
vn 4.63075e-16 0.987277 0.159009
v 139.816 56.3053 -121.518
vt -2.61043 0
vt -2.60785 0
f 248/535/45 247/536/46 400/537/46 399/538/45 

vt -2.53686 0.03
vt -2.53936 0.03
vn 4.16467e-16 0.998369 0.0570913
v 139.816 56.3189 -121.642
vt -2.53936 0
vt -2.53686 0
f 247/539/46 246/540/47 401/541/47 400/542/46 

vt -2.43732 0.03
vt -2.43972 0.03
vn 3.63629e-16 0.998799 -0.0490038
v 139.816 56.3195 -121.762
vt -2.43972 0
vt -2.43732 0
f 246/543/47 245/544/48 402/545/48 401/546/47 

vt -2.30462 0.03
vt -2.3069 0.03
vn 3.02836e-16 0.986885 -0.161422
v 139.816 56.3077 -121.875
vt -2.3069 0
vt -2.30462 0
f 245/547/48 244/548/49 403/549/49 402/550/48 

vt -2.13022 0.03
vt -2.13238 0.03
vn 2.31555e-16 0.959239 -0.282595
v 139.816 56.2841 -121.981
vt -2.13238 0
vt -2.13022 0
f 244/551/49 243/552/50 404/553/50 403/554/49 

vt -1.90055 0.03
vt -1.90258 0.03
vn 1.46509e-16 0.910028 -0.414547
v 139.816 56.249 -122.076
vt -1.90258 0
vt -1.90055 0
f 243/555/50 242/556/51 405/557/51 404/558/50 

vt -1.59624 0.03
vt -1.59814 0.03
vn 4.88646e-17 0.834395 -0.551167
v 139.816 56.2031 -122.159
vt -1.59814 0
vt -1.59624 0
f 242/559/51 241/560/52 406/561/52 405/562/51 

vt -1.22881 0.03
vt -1.23576 0.03
vn -3.87944e-18 0.785574 -0.618767
v 139.816 55.9885 -122.433
vt -1.23576 0
vt -1.22881 0
f 241/563/52 240/564/53 407/565/53 406/566/52 

vt -1.22407 0.03
vt -1.25835 0.03
vn -5.42477e-18 0.784061 -0.620684
v 139.816 54.9242 -123.778
vt -1.25835 0
vt -1.22407 0
f 240/567/53 239/568/54 408/569/54 407/570/53 

vt -1.3148 0.03
v 139.816 53.1714 -125.992
vt -1.3148 0
f 239/568/54 238/571/54 409/572/54 408/569/54 

vt -1.38456 0.03
v 139.816 51.0053 -128.728
vt -1.38456 0
f 238/571/54 237/573/54 410/574/54 409/572/54 

vt -1.45876 0.03
v 139.816 48.7015 -131.639
vt -1.45876 0
f 237/573/54 236/575/54 411/576/54 410/574/54 

vt -1.52852 0.03
v 139.816 46.5354 -134.375
vt -1.52852 0
f 236/575/54 235/577/54 412/578/54 411/576/54 

vt -1.58498 0.03
v 139.816 44.7825 -136.589
vt -1.58498 0
f 235/577/54 234/579/54 413/580/54 412/578/54 

vt -1.61925 0.03
vn -6.91237e-18 0.7826 -0.622525
v 139.816 43.7183 -137.933
vt -1.61925 0
f 234/579/54 233/581/55 414/582/55 413/580/54 

vt -1.60797 0.03
vt -1.61505 0.03
vn -7.25384e-17 0.713788 -0.700362
v 139.816 43.4972 -138.21
vt -1.61505 0
vt -1.60797 0
f 233/583/55 232/584/56 415/585/56 414/586/55 

vt -1.09673 0.03
vt -1.09882 0.03
vn -2.06295e-16 0.546138 -0.837695
v 139.816 43.4168 -138.277
vt -1.09882 0
vt -1.09673 0
f 232/587/56 231/588/57 416/589/57 415/590/56 

vt -0.455614 0.03
vt -0.457706 0.03
vn -3.32842e-16 0.348532 -0.937297
v 139.816 43.3231 -138.323
vt -0.457706 0
vt -0.455614 0
f 231/591/57 230/592/58 417/593/58 416/594/57 

vt 0.155601 0.03
vt 0.153459 0.03
vn -4.34507e-16 0.152482 -0.988306
v 139.816 43.2193 -138.35
vt 0.153459 0
vt 0.155601 0
f 230/595/58 229/596/59 418/597/59 417/598/58 

vt 0.706863 0.03
vt 0.704645 0.03
vn -5.12081e-16 -0.0328105 -0.999462
v 139.816 43.1085 -138.356
vt 0.704645 0
vt 0.706863 0
f 229/599/59 228/600/60 419/601/60 418/602/59 

vt 1.19182 0.03
vt 1.18951 0.03
vn -5.68523e-16 -0.204559 -0.978854
v 139.816 42.9939 -138.342
vt 1.18951 0
vt 1.19182 0
f 228/603/60 227/604/61 420/605/61 419/606/60 

vt 1.6144 0.03
vt 1.612 0.03
vn -6.06534e-16 -0.362784 -0.931873
v 139.816 42.8786 -138.308
vt 1.612 0
vt 1.6144 0
f 227/607/61 226/608/62 421/609/62 420/610/61 

vt 1.97947 0.03
vt 1.97696 0.03
vn -6.2716e-16 -0.502057 -0.864834
v 139.816 42.7658 -138.253
vt 1.97696 0
vt 1.97947 0
f 226/611/62 225/612/63 422/613/63 421/614/62 

vt 2.26501 0.03
vt 2.26282 0.03
vn -6.32625e-16 -0.589376 -0.807859
v 139.816 42.6753 -138.191
vt 2.26282 0
vt 2.26501 0
f 225/615/63 224/616/64 423/617/64 422/618/63 

vt 2.36925 0.03
vt 2.36591 0.03
vn -6.32925e-16 -0.613965 -0.789333
v 139.816 42.5435 -138.089
vt 2.36591 0
vt 2.36925 0
f 224/619/64 223/620/65 424/621/65 423/622/64 

vt 2.35883 0.03
v 139.816 42.2638 -137.871
vt 2.35883 0
f 223/620/65 222/623/65 425/624/65 424/621/65 

vt 2.34929 0.03
v 139.816 41.8871 -137.578
vt 2.34929 0
f 222/623/65 221/625/65 426/626/65 425/624/65 

vt 2.33859 0.03
v 139.816 41.4646 -137.249
vt 2.33859 0
f 221/625/65 220/627/65 427/628/65 426/626/65 

vt 2.32802 0.03
v 139.816 41.0471 -136.925
vt 2.32802 0
f 220/627/65 219/629/65 428/630/65 427/628/65 

vt 2.31887 0.03
v 139.816 40.6858 -136.644
vt 2.31887 0
f 219/629/65 218/631/65 429/632/65 428/630/65 

vt 2.31243 0.03
v 139.816 40.4315 -136.446
vt 2.31243 0
f 218/631/65 217/633/65 430/634/65 429/632/65 

vt 2.30999 0.03
v 139.816 40.3355 -136.371
vt 2.30999 0
f 217/633/65 216/635/65 431/636/65 430/634/65 

vt -1.65628 0.03
vn -8.70108e-20 0.789268 -0.614049
vt -2.00751 0.03
vn 5.96853e-17 0.84373 -0.536768
v 139.816 29.5464 -150.239
vt -2.00751 0
vt -1.65628 0
f 216/637/66 215/638/67 432/639/67 431/640/66 

vt -2.40609 0.03
vt -2.8211 0.03
vn 1.18924e-16 0.89065 -0.454689
v 139.816 20.1065 -168.73
vt -2.8211 0
vt -2.40609 0
f 215/641/67 214/642/68 433/643/68 432/644/67 

vt -1.89122 0.03
vn 6.2164e-16 0.454603 0.890694
vt -1.89374 0.03
v 139.816 20.2191 -168.787
vt -1.89374 0
vt -1.89122 0
f 214/645/69 213/646/69 434/647/69 433/648/69 

vt -1.90043 0.03
v 139.816 20.517 -168.939
vt -1.90043 0
f 213/646/69 212/649/69 435/650/69 434/647/69 

vt -1.90993 0.03
v 139.816 20.9405 -169.155
vt -1.90993 0
f 212/649/69 211/651/69 436/652/69 435/650/69 

vt -1.92091 0.03
v 139.816 21.4297 -169.405
vt -1.92091 0
f 211/651/69 210/653/69 437/654/69 436/652/69 

vt -1.93203 0.03
v 139.816 21.9249 -169.658
vt -1.93203 0
f 210/653/69 209/655/69 438/656/69 437/654/69 

vt -1.94193 0.03
v 139.816 22.3663 -169.883
vt -1.94193 0
f 209/655/69 208/657/69 439/658/69 438/656/69 

vt -1.94929 0.03
v 139.816 22.6941 -170.05
vt -1.94929 0
f 208/657/69 207/659/69 440/660/69 439/658/69 

vt -1.95276 0.03
v 139.816 22.8486 -170.129
vt -1.95276 0
f 207/659/69 206/661/69 441/662/69 440/660/69 

vt -3.08399 0.03
vn 6.00293e-16 0.83247 0.55407
vt -3.08615 0.03
vn 5.87861e-16 0.862746 0.505638
v 139.816 22.9083 -170.219
vt -3.08615 0
vt -3.08399 0
f 206/663/70 205/664/71 442/665/71 441/666/70 

vt -3.23748 0.03
vt -3.23996 0.03
vn 5.59372e-16 0.91192 0.410369
v 139.816 22.9649 -170.329
vt -3.23996 0
vt -3.23748 0
f 205/667/71 204/668/72 443/669/72 442/670/71 

vt -3.33804 0.03
vt -3.34041 0.03
vn 5.2617e-16 0.949092 0.314999
v 139.816 23.0081 -170.44
vt -3.34041 0
vt -3.33804 0
f 204/671/72 203/672/73 444/673/73 443/674/72 

vt -3.40693 0.03
vt -3.40918 0.03
vn 4.85072e-16 0.977576 0.210583
v 139.816 23.0379 -170.548
vt -3.40918 0
vt -3.40693 0
f 203/675/73 202/676/74 445/677/74 444/678/73 

vt -3.43916 0.03
vt -3.44128 0.03
vn 4.33865e-16 0.995563 0.0940971
v 139.816 23.0544 -170.653
vt -3.44128 0
vt -3.43916 0
f 202/679/74 201/680/75 446/681/75 445/682/74 

vt -3.42422 0.03
vt -3.42621 0.03
vn 3.69193e-16 0.999269 -0.0382329
v 139.816 23.0576 -170.753
vt -3.42621 0
vt -3.42422 0
f 201/683/75 200/684/76 447/685/76 446/686/75 

vt -3.34286 0.03
vt -3.34471 0.03
vn 2.86491e-16 0.981756 -0.190147
v 139.816 23.0476 -170.845
vt -3.34471 0
vt -3.34286 0
f 200/687/76 199/688/77 448/689/77 447/690/76 

vt -3.16313 0.03
vt -3.16485 0.03
vn 1.856e-16 0.934684 -0.35548
v 139.816 23.0243 -170.928
vt -3.16485 0
vt -3.16313 0
f 199/691/77 198/692/78 449/693/78 448/694/77 

vt -2.87048 0.03
vt -2.87675 0.03
vn 1.29028e-16 0.897933 -0.440131
v 139.816 22.8869 -171.21
vt -2.87675 0
vt -2.87048 0
f 198/695/78 197/696/79 450/697/79 449/698/78 

vt -2.86637 0.03
vt -2.89729 0.03
vn 1.2735e-16 0.896739 -0.44256
v 139.816 22.2025 -172.597
vt -2.89729 0
vt -2.86637 0
f 197/699/79 196/700/80 451/701/80 450/702/79 

vt -2.94821 0.03
v 139.816 21.0752 -174.881
vt -2.94821 0
f 196/700/80 195/703/80 452/704/80 451/701/80 

vt -3.01113 0.03
v 139.816 19.6822 -177.703
vt -3.01113 0
f 195/703/80 194/705/80 453/706/80 452/704/80 

vt -3.07805 0.03
v 139.816 18.2006 -180.705
vt -3.07805 0
f 194/705/80 193/707/80 454/708/80 453/706/80 

vt -3.14097 0.03
v 139.816 16.8076 -183.528
vt -3.14097 0
f 193/707/80 192/709/80 455/710/80 454/708/80 

vt -3.19189 0.03
v 139.816 15.6803 -185.812
vt -3.19189 0
f 192/709/80 191/711/80 456/712/80 455/710/80 

vt -3.2228 0.03
vn 1.25734e-16 0.895582 -0.444896
v 139.816 14.9959 -187.199
vt -3.2228 0
f 191/711/80 190/713/81 457/714/81 456/712/80 

vt -3.21273 0.03
vt -3.21911 0.03
vn 5.38434e-17 0.838719 -0.544564
v 139.816 14.8531 -187.485
vt -3.21911 0
vt -3.21273 0
f 190/715/81 189/716/82 458/717/82 457/718/81 

vt -2.70633 0.03
vt -2.70822 0.03
vn -9.58346e-17 0.687291 -0.726382
v 139.816 14.7929 -187.558
vt -2.70822 0
vt -2.70633 0
f 189/719/82 188/720/83 459/721/83 458/722/82 

vt -1.97869 0.03
vt -1.98062 0.03
vn -2.39244e-16 0.498719 -0.866764
v 139.816 14.7151 -187.615
vt -1.98062 0
vt -1.97869 0
f 188/723/83 187/724/84 460/725/84 459/726/83 

vt -1.23025 0.03
vt -1.23227 0.03
vn -3.54803e-16 0.309504 -0.950898
v 139.816 14.6228 -187.655
vt -1.23227 0
vt -1.23025 0
f 187/727/84 186/728/85 461/729/85 460/730/84 

vt -0.525436 0.03
vt -0.527563 0.03
vn -4.44142e-16 0.131549 -0.99131
v 139.816 14.5189 -187.678
vt -0.527563 0
vt -0.525436 0
f 186/731/85 185/732/86 462/733/86 461/734/85 

vt 0.117512 0.03
vt 0.115261 0.03
vn -5.12026e-16 -0.032662 -0.999466
v 139.816 14.4064 -187.683
vt 0.115261 0
vt 0.117512 0
f 185/735/86 184/736/87 463/737/87 462/738/86 

vt 0.70293 0.03
vt 0.700554 0.03
vn -5.62756e-16 -0.184635 -0.982807
v 139.816 14.2883 -187.67
vt 0.700554 0
vt 0.70293 0
f 184/739/87 183/740/88 464/741/88 463/742/87 

vt 1.24072 0.03
vt 1.23822 0.03
vn -5.97865e-16 -0.320867 -0.947124
v 139.816 14.1676 -187.638
vt 1.23822 0
vt 1.24072 0
f 183/743/88 182/744/89 465/745/89 464/746/88 

vt 1.69864 0.03
vt 1.69645 0.03
vn -6.14773e-16 -0.40865 -0.912691
v 139.816 14.0664 -187.596
vt 1.69645 0
vt 1.69864 0
f 182/747/89 181/748/90 466/749/90 465/750/89 

vt 1.88016 0.03
vt 1.87682 0.03
vn -6.18716e-16 -0.43384 -0.90099
v 139.816 13.916 -187.524
vt 1.87682 0
vt 1.88016 0
f 181/751/90 180/752/91 467/753/91 466/754/90 

vt 1.86974 0.03
v 139.816 13.5967 -187.37
vt 1.86974 0
f 180/752/91 179/755/91 468/756/91 467/753/91 

vt 1.8602 0.03
v 139.816 13.1667 -187.163
vt 1.8602 0
f 179/755/91 178/757/91 469/758/91 468/756/91 

vt 1.84949 0.03
v 139.816 12.6844 -186.931
vt 1.84949 0
f 178/757/91 177/759/91 470/760/91 469/758/91 

vt 1.83892 0.03
v 139.816 12.2079 -186.701
vt 1.83892 0
f 177/759/91 176/761/91 471/762/91 470/760/91 

vt 1.82977 0.03
v 139.816 11.7954 -186.503
vt 1.82977 0
f 176/761/91 175/763/91 472/764/91 471/762/91 

vt 1.82333 0.03
v 139.816 11.5052 -186.363
vt 1.82333 0
f 175/763/91 174/765/91 473/766/91 472/764/91 

vt 1.8209 0.03
v 139.816 11.3956 -186.31
vt 1.8209 0
f 174/765/91 173/767/91 474/768/91 473/766/91 

vt -3.24399 0.03
vn 1.29117e-16 0.897997 -0.440002
vt -3.2526 0.03
v 139.816 11.206 -186.697
vt -3.2526 0
vt -3.24399 0
f 173/769/92 172/770/92 475/771/92 474/772/92 

vt -3.2754 0.03
v 139.816 10.7041 -187.721
vt -3.2754 0
f 172/770/92 171/773/92 476/774/92 475/771/92 

vt -3.30785 0.03
v 139.816 9.98983 -189.179
vt -3.30785 0
f 171/773/92 170/775/92 477/776/92 476/774/92 

vt -3.34541 0.03
v 139.816 9.16306 -190.866
vt -3.34541 0
f 170/775/92 169/777/92 478/778/92 477/776/92 

vt -3.38354 0.03
v 139.816 8.32379 -192.579
vt -3.38354 0
f 169/777/92 168/779/92 479/780/92 478/778/92 

vt -3.4177 0.03
v 139.816 7.57199 -194.113
vt -3.4177 0
f 168/779/92 167/781/92 480/782/92 479/780/92 

vt -3.44334 0.03
v 139.816 7.00762 -195.265
vt -3.44334 0
f 167/781/92 166/783/92 481/784/92 480/782/92 

vt -3.45592 0.03
v 139.816 6.73064 -195.831
vt -3.45592 0
f 166/783/92 165/785/92 482/786/92 481/784/92 

vt -1.0036 0.03
vn -3.65827e-16 0.289289 -0.957242
vt -1.00521 0.03
vn -4.45928e-16 0.127612 -0.991824
v 139.816 6.65341 -195.854
vt -1.00521 0
vt -1.0036 0
f 165/787/93 164/788/94 483/789/94 482/790/93 

vt 0.279923 0.03
vt 0.274784 0.03
vn -5.1384e-16 -0.037553 -0.999295
v 139.816 6.39654 -195.844
vt 0.274784 0
vt 0.279923 0
f 164/791/94 163/792/95 484/793/95 483/794/94 

vt 0.26683 0.03
v 139.816 5.99888 -195.829
vt 0.26683 0
f 163/792/95 162/795/95 485/796/95 484/793/95 

vt 0.257244 0.03
v 139.816 5.51971 -195.811
vt 0.257244 0
f 162/795/95 161/797/95 486/798/95 485/796/95 

vt 0.247214 0.03
v 139.816 5.01832 -195.792
vt 0.247214 0
f 161/797/95 160/799/95 487/800/95 486/798/95 

vt 0.237926 0.03
v 139.816 4.55398 -195.775
vt 0.237926 0
f 160/799/95 159/801/95 488/802/95 487/800/95 

vt 0.230564 0.03
v 139.816 4.18596 -195.761
vt 0.230564 0
f 159/801/95 158/803/95 489/804/95 488/802/95 

vt 0.226315 0.03
vn -5.21924e-16 -0.0597455 -0.998214
v 139.816 3.97355 -195.753
vt 0.226315 0
f 158/803/95 157/805/96 490/806/96 489/804/95 

vt 0.39966 0.03
vt 0.391149 0.03
vn -5.5358e-16 -0.154316 -0.988022
v 139.816 3.54922 -195.718
vt 0.391149 0
vt 0.39966 0
f 157/807/96 156/808/97 491/809/97 490/810/96 

vt 0.952881 0.03
vt 0.937434 0.03
vn -5.96858e-16 -0.3163 -0.948659
v 139.816 2.79647 -195.544
vt 0.937434 0
vt 0.952881 0
f 156/811/97 155/812/98 492/813/98 491/814/97 

vt 1.62988 0.03
vt 1.61476 0.03
vn -6.25514e-16 -0.486312 -0.873785
v 139.816 2.1048 -195.238
vt 1.61476 0
vt 1.62988 0
f 155/815/98 154/816/99 493/817/99 492/818/98 

vt 2.2381 0.03
vt 2.22316 0.03
vn -6.32645e-16 -0.637114 -0.770769
v 139.816 1.4879 -194.816
vt 2.22316 0
vt 2.2381 0
f 154/819/99 153/820/100 494/821/100 493/822/99 

vt 2.76406 0.03
vt 2.74918 0.03
vn -6.18867e-16 -0.765746 -0.643144
v 139.816 0.959485 -194.292
vt 2.74918 0
vt 2.76406 0
f 153/823/100 152/824/101 495/825/101 494/826/100 

vt 3.19874 0.03
vt 3.18382 0.03
vn -5.84556e-16 -0.869666 -0.49364
v 139.816 0.533266 -193.68
vt 3.18382 0
vt 3.19874 0
f 152/827/101 151/828/102 496/829/102 495/830/101 

vt 3.53204 0.03
vt 3.51698 0.03
vn -5.2989e-16 -0.94568 -0.325099
v 139.816 0.222947 -192.993
vt 3.51698 0
vt 3.53204 0
f 151/831/102 150/832/103 497/833/103 496/834/102 

vt 3.75032 0.03
vt 3.73497 0.03
vn -4.56182e-16 -0.989672 -0.143349
v 139.816 0.0422345 -192.247
vt 3.73497 0
vt 3.75032 0
f 150/835/103 149/836/104 498/837/104 497/838/103 

vt 3.838 0.03
vt 3.82112 0.03
vn -4.00958e-16 -0.999687 -0.0250226
v 139.816 6.47138e-08 -191.404
vt 3.82112 0
vt 3.838 0
f 149/839/104 148/840/105 499/841/105 498/842/104 

vt 3.82591 0.03
vt 3.76034 0.03
vn -3.88578e-16 -1 4.48948e-11
v 139.816 6.4861e-08 -188.124
vt 3.76034 0
f 148/843/105 147/844/106 500/845/106 499/150/105 

vt -1.71697e-10 0.03
vt -0.0983191 0.03
v 139.816 4.91842 -188.124
vt -0.0983191 0
vt -1.71697e-10 0
f 147/846/26 146/847/26 501/848/26 500/849/26 

vn -3.88578e-16 -1 4.43625e-11
vt 3.70305 0.03
v 139.816 4.91842 -185.258
vt 3.70305 0
f 146/844/107 145/850/107 502/851/107 501/845/107 

vt 0.0983191 0.03
vn -4.996e-16 -4.48765e-11 -1
vt 1.71736e-10 0.03
v 139.816 6.49916e-08 -185.258
vt 1.71736e-10 0
vt 0.0983191 0
f 145/852/108 144/853/108 503/854/108 502/855/108 

vn -3.88578e-16 -1 4.47238e-11
vt 3.48892 0.03
vn -3.88578e-16 -1 4.48078e-11
v 139.816 6.54707e-08 -174.546
vt 3.48892 0
f 144/850/109 143/856/110 504/857/110 503/851/109 

vt 3.18779 0.03
vn -3.88578e-16 -1 4.52514e-11
v 139.816 6.61469e-08 -159.482
vt 3.18779 0
f 143/856/110 142/858/111 505/859/111 504/857/110 

vt 3.14991 0.03
vn -3.88578e-16 -1 4.56111e-11
v 139.816 6.62334e-08 -157.587
vt 3.14991 0
f 142/858/111 141/860/112 506/861/112 505/859/111 

vt -1.71915e-10 0.03
vn 4.996e-16 4.49333e-11 1
vt -0.0577286 0.03
vn 4.996e-16 4.4941e-11 1
v 139.816 2.88787 -157.587
vt -0.0577286 0
vt -1.71915e-10 0
f 141/862/113 140/863/114 507/864/114 506/865/113 

vt -0.178363 0.03
vn 4.996e-16 4.487e-11 1
v 139.816 8.92262 -157.587
vt -0.178363 0
f 140/863/114 139/866/115 508/867/115 507/864/114 

vt -0.230878 0.03
vn 4.996e-16 4.53934e-11 1
v 139.816 11.5497 -157.587
vt -0.230878 0
f 139/866/115 138/868/116 509/869/116 508/867/115 

vt -0.240369 0.03
vn 4.996e-16 4.59955e-11 1
v 139.816 12.0245 -157.587
vt -0.240369 0
f 138/868/116 137/870/117 510/871/117 509/869/116 

vn -3.88578e-16 -1 4.55275e-11
vt 3.09261 0.03
v 139.816 12.0245 -154.721
vt 3.09261 0
f 137/860/118 136/872/118 511/873/118 510/861/118 

vt 0.240369 0.03
vn -4.996e-16 -4.48769e-11 -1
vt 1.71706e-10 0.03
v 139.816 6.63604e-08 -154.721
vt 1.71706e-10 0
vt 0.240369 0
f 136/874/119 135/875/119 512/876/119 511/877/119 

vn -3.88578e-16 -1 4.49428e-11
vt 2.85164 0.03
vn -3.88578e-16 -1 4.49273e-11
v 139.816 6.69022e-08 -142.666
vt 2.85164 0
f 135/872/120 134/878/121 513/879/121 512/873/120 

vt 2.52048 0.03
vn -3.88578e-16 -1 4.49039e-11
v 139.816 6.76462e-08 -126.1
vt 2.52048 0
f 134/878/121 133/880/122 514/881/122 513/879/121 

vt 2.23437 0.03
vn -3.88578e-16 -1 4.48942e-11
v 139.816 6.82888e-08 -111.787
vt 2.23437 0
f 133/880/122 132/882/123 515/883/123 514/881/122 

vt 2.03334 0.03
vn -3.88578e-16 -1 4.48913e-11
v 139.816 6.87403e-08 -101.73
vt 2.03334 0
f 132/882/123 131/884/124 516/885/124 515/883/123 

vt 1.95743 0.03
vn -3.88578e-16 -1 2.24447e-11
v 139.816 6.89107e-08 -97.9332
vt 1.95743 0
f 131/884/124 130/886/125 517/887/125 516/885/124 

vt 1.88153 0.03
vn -3.88578e-16 -1 -6.66134e-16
v 139.816 6.89107e-08 -94.136
vt 1.88153 0
f 130/886/125 129/888/126 518/889/126 517/887/125 

vt 1.6805 0.03
vn -3.88578e-16 -1 5.63868e-15
v 139.816 6.89107e-08 -84.0795
vt 1.6805 0
f 129/888/126 128/890/127 519/891/127 518/889/126 

vt 1.39439 0.03
vn -3.88578e-16 -1 1.91448e-16
v 139.816 6.89109e-08 -69.7668
vt 1.39439 0
f 128/890/127 127/892/128 520/893/128 519/891/127 

vt 1.06323 0.03
vn -3.88578e-16 -1 -6.11337e-15
v 139.816 6.89107e-08 -53.2008
vt 1.06323 0
f 127/892/128 126/894/129 521/895/129 520/893/128 

vt 0.822254 0.03
v 139.816 6.89107e-08 -41.1458
vt 0.822254 0
f 126/894/129 125/896/126 522/897/126 521/895/129 

vt -8.38983e-11 0.03
vn 4.996e-16 -6.66134e-16 1
v 139.816 12.0245 -41.1458
vt -8.38983e-11 0
f 125/898/130 124/870/130 523/871/130 522/899/130 

vt 0.764962 0.03
v 139.816 12.0245 -38.2798
vt 0.764962 0
f 124/896/126 123/900/126 524/901/126 523/897/126 

vt 0.230878 0.03
v 139.816 11.5497 -38.2798
vt 0.230878 0
f 123/874/16 122/902/16 525/903/16 524/877/16 

vt 0.178363 0.03
v 139.816 8.92262 -38.2798
vt 0.178363 0
f 122/902/16 121/904/16 526/905/16 525/903/16 

vt 0.0577286 0.03
v 139.816 2.88787 -38.2798
vt 0.0577286 0
f 121/904/16 120/906/16 527/907/16 526/905/16 

vt 8.38983e-11 0.03
v 139.816 6.89107e-08 -38.2798
vt 8.38983e-11 0
f 120/906/16 119/908/16 528/909/16 527/907/16 

vn -3.88578e-16 -1 -4.82776e-14
f 119/900/131 1/1/1 4/4/1 528/901/131 

vt -1.52802 0.539594
vn -1 3.88578e-16 4.996e-16
vt -1.52962 0.538617
vt -1.5436 0.544128
vt -1.58061 0.558723
vt -1.63328 0.579495
vt -1.69424 0.603537
vt -1.75613 0.627943
vt -1.81156 0.649805
vt -1.85318 0.666217
vt -1.8736 0.674272
vt -1.87513 0.67488
vt -1.87767 0.675809
vt -1.882 0.67718
vt -1.88791 0.678713
vt -1.8952 0.680132
vt -1.90364 0.68116
vt -1.91302 0.681518
vt -1.92314 0.680929
vt -1.9284 0.677019
vt -1.9284 0.654027
vt -1.9284 0.614193
vt -1.9284 0.563932
vt -1.9284 0.509661
vt -1.9284 0.457796
vt -1.9284 0.414753
vt -1.9284 0.38695
vt -1.92848 0.379958
vt -1.9302 0.379985
vt -1.9337 0.380039
vt -1.93837 0.380111
vt -1.94358 0.380192
vt -1.94871 0.380272
vt -1.95314 0.380341
vt -1.95626 0.380389
vt -1.95743 0.380407
vt -1.95861 0.380389
vt -1.96173 0.380341
vt -1.96616 0.380272
vt -1.97129 0.380192
vt -1.9765 0.380111
vt -1.98117 0.380039
vt -1.98467 0.379985
vt -1.98639 0.379958
vt -1.98647 0.38695
vt -1.98647 0.414753
vt -1.98647 0.457796
vt -1.98647 0.509661
vt -1.98647 0.563932
vt -1.98647 0.614193
vt -1.98647 0.654027
vt -1.98647 0.677019
vt -1.99173 0.680929
vt -2.00185 0.681518
vt -2.01123 0.68116
vt -2.01967 0.680132
vt -2.02696 0.678713
vt -2.03287 0.67718
vt -2.0372 0.675809
vt -2.03974 0.67488
vt -2.04126 0.674272
vt -2.06169 0.666217
vt -2.1033 0.649805
vt -2.15874 0.627943
vt -2.22063 0.603537
vt -2.28159 0.579495
vt -2.33426 0.558723
vt -2.37127 0.544128
vt -2.38525 0.538617
vt -2.38685 0.539594
vt -2.39109 0.542181
vt -2.39712 0.545858
vt -2.40408 0.550105
vt -2.41112 0.554405
vt -2.41741 0.558238
vt -2.42207 0.561084
vt -2.42427 0.562425
vt -2.42637 0.562783
vt -2.4289 0.563053
vt -2.43137 0.563189
vt -2.43377 0.563195
vt -2.43604 0.563077
vt -2.43814 0.562841
vt -2.44005 0.56249
vt -2.44172 0.562031
vt -2.44719 0.559885
vt -2.47407 0.549242
vt -2.51833 0.531714
vt -2.57303 0.510053
vt -2.6312 0.487015
vt -2.6859 0.465354
vt -2.73016 0.447825
vt -2.75704 0.437183
vt -2.76257 0.434972
vt -2.7639 0.434168
vt -2.76483 0.433231
vt -2.76536 0.432193
vt -2.76549 0.431085
vt -2.76521 0.429939
vt -2.76452 0.428786
vt -2.76342 0.427658
vt -2.76219 0.426753
vt -2.76014 0.425435
vt -2.75579 0.422638
vt -2.74993 0.418871
vt -2.74336 0.414646
vt -2.73687 0.410471
vt -2.73125 0.406858
vt -2.7273 0.404315
vt -2.72581 0.403355
vt -3.00302 0.295464
vt -3.37266 0.201065
vt -3.3738 0.202191
vt -3.37684 0.20517
vt -3.38116 0.209405
vt -3.38616 0.214297
vt -3.39121 0.219249
vt -3.39571 0.223663
vt -3.39906 0.226941
vt -3.40063 0.228486
vt -3.40243 0.229083
vt -3.40463 0.229649
vt -3.40684 0.230081
vt -3.40901 0.230379
vt -3.41111 0.230544
vt -3.4131 0.230576
vt -3.41494 0.230476
vt -3.41659 0.230243
vt -3.42223 0.228869
vt -3.44996 0.222025
vt -3.49562 0.210752
vt -3.55204 0.196822
vt -3.61205 0.182006
vt -3.66848 0.168076
vt -3.71414 0.156803
vt -3.74186 0.149959
vt -3.74757 0.148531
vt -3.74903 0.147929
vt -3.75017 0.147151
vt -3.75098 0.146228
vt -3.75144 0.145189
vt -3.75154 0.144064
vt -3.75127 0.142883
vt -3.75063 0.141676
vt -3.74979 0.140664
vt -3.74835 0.13916
vt -3.74527 0.135967
vt -3.74113 0.131667
vt -3.73649 0.126844
vt -3.7319 0.122079
vt -3.72793 0.117954
vt -3.72514 0.115052
vt -3.72409 0.113956
vt -3.73182 0.11206
vt -3.75229 0.107041
vt -3.78144 0.0998983
vt -3.81517 0.0916306
vt -3.84941 0.0832379
vt -3.88008 0.0757199
vt -3.9031 0.0700762
vt -3.9144 0.0673064
vt -3.91487 0.0665341
vt -3.91468 0.0639654
vt -3.91438 0.0599888
vt -3.91402 0.0551971
vt -3.91364 0.0501832
vt -3.91329 0.0455398
vt -3.91302 0.0418596
vt -3.91286 0.0397355
vt -3.91216 0.0354922
vt -3.90867 0.0279647
vt -3.90256 0.0210479
vt -3.89413 0.014879
vt -3.88365 0.00959485
vt -3.8714 0.00533266
vt -3.85768 0.00222947
vt -3.84277 0.000422345
vt -3.82591 0
vt -3.76034 1.4727e-12
vt -3.76034 0.0491842
vt -3.70305 0.0491842
vt -3.70305 2.77846e-12
vt -3.48892 7.56924e-12
vt -3.18779 1.43317e-11
vt -3.14991 1.51962e-11
vt -3.14991 0.0288787
vt -3.14991 0.0892262
vt -3.14991 0.115497
vt -3.14991 0.120245
vt -3.09261 0.120245
vt -3.09261 1.64668e-11
vt -2.85164 2.18847e-11
vt -2.52048 2.93249e-11
vt -2.23437 3.57509e-11
vt -2.03334 4.02655e-11
vt -1.95743 4.19701e-11
vt -1.88153 4.19701e-11
vt -1.6805 4.19701e-11
vt -1.39439 4.19719e-11
vt -1.06323 4.19701e-11
vt -0.822254 4.19701e-11
vt -0.822254 0.120245
vt -0.764962 0.120245
vt -0.764962 0.115497
vt -0.764962 0.0892262
vt -0.764962 0.0288787
vt -0.764962 4.19701e-11
vt -0.727075 4.19692e-11
vt -0.425949 4.19701e-11
v 139.816 6.89109e-08 -10.6089
vt -0.211821 4.19719e-11
v 139.816 4.91842 -10.6089
vt -0.211821 0.0491842
v 139.816 4.91842 -7.74283
vt -0.154529 0.0491842
v 139.816 6.89108e-08 -7.74283
vt -0.154529 4.19719e-11
v 139.816 6.89107e-08 -4.46255
vt -0.0889556 4.19701e-11
v 139.816 0.0422345 -3.61942
vt -0.0721014 0.000422345
v 139.816 0.222947 -2.87334
vt -0.0571872 0.00222947
v 139.816 0.533266 -2.18693
vt -0.043466 0.00533266
v 139.816 0.959485 -1.57443
vt -0.0312222 0.00959485
v 139.816 1.4879 -1.05007
vt -0.0207402 0.014879
v 139.816 2.1048 -0.628077
vt -0.0123045 0.021048
v 139.816 2.79647 -0.322685
vt -0.00619972 0.0279647
v 139.816 3.54922 -0.148124
vt -0.00271026 0.0354922
v 139.816 3.97355 -0.113251
vt -0.00201315 0.0397355
v 139.816 4.18596 -0.105269
vt -0.00185358 0.0418596
v 139.816 4.55398 -0.0914392
vt -0.00157712 0.0455398
v 139.816 5.01832 -0.0739893
vt -0.0012283 0.0501832
v 139.816 5.51971 -0.0551472
vt -0.000851646 0.0551971
v 139.816 5.99888 -0.0371405
vt -0.000491691 0.0599888
v 139.816 6.39654 -0.0221968
vt -0.000192965 0.0639654
v 139.816 6.65341 -0.0125437
v 139.816 6.73064 -0.0358832
vt -0.000466557 0.0673064
v 139.816 7.00762 -0.60117
vt -0.0117666 0.0700762
v 139.816 7.57199 -1.75299
vt -0.0347916 0.0757199
v 139.816 8.32379 -3.28734
vt -0.0654632 0.0832379
v 139.816 9.16306 -5.0002
vt -0.0997033 0.0916306
v 139.816 9.98983 -6.68756
vt -0.133434 0.0998983
v 139.816 10.7041 -8.1454
vt -0.162576 0.107041
v 139.816 11.206 -9.16972
vt -0.183052 0.11206
v 139.816 11.3956 -9.5565
vt -0.190784 0.113956
v 139.816 11.5052 -9.50369
vt -0.189728 0.115052
v 139.816 11.7954 -9.36396
vt -0.186935 0.117954
v 139.816 12.2079 -9.16535
vt -0.182965 0.122079
v 139.816 12.6844 -8.9359
vt -0.178378 0.126844
v 139.816 13.1667 -8.70364
vt -0.173735 0.131667
v 139.816 13.5967 -8.49662
vt -0.169597 0.135967
v 139.816 13.916 -8.34287
vt -0.166523 0.13916
v 139.816 14.0664 -8.27044
vt -0.165075 0.140664
v 139.816 14.1676 -8.22848
vt -0.164237 0.141676
v 139.816 14.2883 -8.19635
vt -0.163594 0.142883
v 139.816 14.4064 -8.18314
vt -0.16333 0.144064
v 139.816 14.5189 -8.18832
vt -0.163434 0.145189
v 139.816 14.6228 -8.21132
vt -0.163894 0.146228
v 139.816 14.7151 -8.25161
vt -0.164699 0.147151
v 139.816 14.7929 -8.30862
vt -0.165839 0.147929
v 139.816 14.8531 -8.38181
vt -0.167302 0.148531
v 139.816 14.9959 -8.66747
vt -0.173012 0.149959
v 139.816 15.6803 -10.0542
vt -0.200734 0.156803
v 139.816 16.8076 -12.3384
vt -0.246394 0.168076
v 139.816 18.2006 -15.161
vt -0.302818 0.182006
v 139.816 19.6822 -18.1631
vt -0.362829 0.196822
v 139.816 21.0752 -20.9857
vt -0.419253 0.210752
v 139.816 22.2025 -23.2698
vt -0.464913 0.222025
v 139.816 22.8869 -24.6566
vt -0.492635 0.228869
v 139.816 23.0243 -24.9388
vt -0.498276 0.230243
v 139.816 23.0476 -25.0217
vt -0.499934 0.230476
v 139.816 23.0576 -25.1138
vt -0.501774 0.230576
v 139.816 23.0544 -25.2132
vt -0.50376 0.230544
v 139.816 23.0379 -25.318
vt -0.505856 0.230379
v 139.816 23.0081 -25.4266
vt -0.508026 0.230081
v 139.816 22.9649 -25.537
vt -0.510234 0.229649
v 139.816 22.9083 -25.6475
vt -0.512444 0.229083
v 139.816 22.8486 -25.7373
vt -0.514238 0.228486
v 139.816 22.6941 -25.8161
vt -0.515813 0.226941
v 139.816 22.3663 -25.9834
vt -0.519158 0.223663
v 139.816 21.9249 -26.2087
vt -0.523661 0.219249
v 139.816 21.4297 -26.4615
vt -0.528714 0.214297
v 139.816 20.9405 -26.7112
vt -0.533705 0.209405
v 139.816 20.517 -26.9273
vt -0.538026 0.20517
v 139.816 20.2191 -27.0793
vt -0.541065 0.202191
v 139.816 20.1065 -27.1368
vt -0.542214 0.201065
v 139.816 29.5464 -45.6277
vt -0.911847 0.295464
v 139.816 40.3355 -59.4954
vt -1.18906 0.403355
v 139.816 40.4315 -59.4207
vt -1.18757 0.404315
v 139.816 40.6858 -59.223
vt -1.18362 0.406858
v 139.816 41.0471 -58.9419
vt -1.178 0.410471
v 139.816 41.4646 -58.6172
vt -1.17151 0.414646
v 139.816 41.8871 -58.2885
vt -1.16494 0.418871
v 139.816 42.2638 -57.9955
vt -1.15908 0.422638
v 139.816 42.5435 -57.7779
vt -1.15473 0.425435
v 139.816 42.6753 -57.6754
vt -1.15268 0.426753
v 139.816 42.7658 -57.6136
vt -1.15145 0.427658
v 139.816 42.8786 -57.5588
vt -1.15035 0.428786
v 139.816 42.9939 -57.5243
vt -1.14966 0.429939
v 139.816 43.1085 -57.5103
vt -1.14938 0.431085
v 139.816 43.2193 -57.5165
vt -1.1495 0.432193
v 139.816 43.3231 -57.543
vt -1.15003 0.433231
v 139.816 43.4168 -57.5897
vt -1.15097 0.434168
v 139.816 43.4972 -57.6565
vt -1.1523 0.434972
v 139.816 43.7183 -57.9331
vt -1.15783 0.437183
v 139.816 44.7825 -59.2774
vt -1.18471 0.447825
v 139.816 46.5354 -61.4917
vt -1.22897 0.465354
v 139.816 48.7015 -64.228
vt -1.28367 0.487015
v 139.816 51.0053 -67.1382
vt -1.34184 0.510053
v 139.816 53.1714 -69.8744
vt -1.39654 0.531714
v 139.816 54.9242 -72.0887
vt -1.4408 0.549242
v 139.816 55.9885 -73.4331
vt -1.46768 0.559885
v 139.816 56.2031 -73.707
vt -1.47315 0.562031
v 139.816 56.249 -73.7904
vt -1.47482 0.56249
v 139.816 56.2841 -73.8858
vt -1.47673 0.562841
v 139.816 56.3077 -73.9912
vt -1.47883 0.563077
v 139.816 56.3195 -74.1047
vt -1.4811 0.563195
v 139.816 56.3189 -74.2244
vt -1.48349 0.563189
v 139.816 56.3053 -74.3484
vt -1.48597 0.563053
v 139.816 56.2783 -74.4748
vt -1.4885 0.562783
v 139.816 56.2425 -74.5798
vt -1.4906 0.562425
v 139.816 56.1084 -74.6898
vt -1.4928 0.561084
v 139.816 55.8238 -74.9232
vt -1.49746 0.558238
v 139.816 55.4405 -75.2374
vt -1.50374 0.554405
v 139.816 55.0105 -75.5899
vt -1.51079 0.550105
v 139.816 54.5858 -75.9382
vt -1.51775 0.545858
v 139.816 54.2181 -76.2397
vt -1.52378 0.542181
f 324/910/132 323/911/132 325/912/132 326/913/132 327/914/132 328/915/132 329/916/132 330/917/132 331/918/132 332/919/132 333/920/132 334/921/132 335/922/132 336/923/132 337/924/132 338/925/132 339/926/132 340/927/132 341/928/132 342/929/132 343/930/132 344/931/132 345/932/132 346/933/132 347/934/132 348/935/132 349/936/132 350/937/132 351/938/132 352/939/132 353/940/132 354/941/132 355/942/132 356/943/132 357/944/132 358/945/132 359/946/132 360/947/132 361/948/132 362/949/132 363/950/132 364/951/132 365/952/132 366/953/132 367/954/132 368/955/132 369/956/132 370/957/132 371/958/132 372/959/132 373/960/132 374/961/132 375/962/132 376/963/132 377/964/132 378/965/132 379/966/132 380/967/132 381/968/132 382/969/132 383/970/132 384/971/132 385/972/132 386/973/132 387/974/132 388/975/132 389/976/132 390/977/132 391/978/132 392/979/132 393/980/132 394/981/132 395/982/132 396/983/132 397/984/132 398/985/132 399/986/132 400/987/132 401/988/132 402/989/132 403/990/132 404/991/132 405/992/132 406/993/132 407/994/132 408/995/132 409/996/132 410/997/132 411/998/132 412/999/132 413/1000/132 414/1001/132 415/1002/132 416/1003/132 417/1004/132 418/1005/132 419/1006/132 420/1007/132 421/1008/132 422/1009/132 423/1010/132 424/1011/132 425/1012/132 426/1013/132 427/1014/132 428/1015/132 429/1016/132 430/1017/132 431/1018/132 432/1019/132 433/1020/132 434/1021/132 435/1022/132 436/1023/132 437/1024/132 438/1025/132 439/1026/132 440/1027/132 441/1028/132 442/1029/132 443/1030/132 444/1031/132 445/1032/132 446/1033/132 447/1034/132 448/1035/132 449/1036/132 450/1037/132 451/1038/132 452/1039/132 453/1040/132 454/1041/132 455/1042/132 456/1043/132 457/1044/132 458/1045/132 459/1046/132 460/1047/132 461/1048/132 462/1049/132 463/1050/132 464/1051/132 465/1052/132 466/1053/132 467/1054/132 468/1055/132 469/1056/132 470/1057/132 471/1058/132 472/1059/132 473/1060/132 474/1061/132 475/1062/132 476/1063/132 477/1064/132 478/1065/132 479/1066/132 480/1067/132 481/1068/132 482/1069/132 483/1070/132 484/1071/132 485/1072/132 486/1073/132 487/1074/132 488/1075/132 489/1076/132 490/1077/132 491/1078/132 492/1079/132 493/1080/132 494/1081/132 495/1082/132 496/1083/132 497/1084/132 498/1085/132 499/1086/132 500/1087/132 501/1088/132 502/1089/132 503/1090/132 504/1091/132 505/1092/132 506/1093/132 507/1094/132 508/1095/132 509/1096/132 510/1097/132 511/1098/132 512/1099/132 513/1100/132 514/1101/132 515/1102/132 516/1103/132 517/1104/132 518/1105/132 519/1106/132 520/1107/132 521/1108/132 522/1109/132 523/1110/132 524/1111/132 525/1112/132 526/1113/132 527/1114/132 528/1115/132 4/1116/132 3/1117/132 529/1118/132 530/1119/132 531/1120/132 532/1121/132 533/1122/132 534/1123/132 535/1124/132 536/1125/132 537/1126/132 538/1127/132 539/1128/132 540/1129/132 541/1130/132 542/1131/132 543/1132/132 544/1133/132 545/1134/132 546/1135/132 547/1136/132 548/1137/132 549/98/132 550/1138/132 551/1139/132 552/1140/132 553/1141/132 554/1142/132 555/1143/132 556/1144/132 557/1145/132 558/1146/132 559/1147/132 560/1148/132 561/1149/132 562/1150/132 563/1151/132 564/1152/132 565/1153/132 566/1154/132 567/1155/132 568/1156/132 569/1157/132 570/1158/132 571/1159/132 572/1160/132 573/1161/132 574/1162/132 575/1163/132 576/1164/132 577/1165/132 578/1166/132 579/1167/132 580/1168/132 581/1169/132 582/1170/132 583/1171/132 584/1172/132 585/1173/132 586/1174/132 587/1175/132 588/1176/132 589/1177/132 590/1178/132 591/1179/132 592/1180/132 593/1181/132 594/1182/132 595/1183/132 596/1184/132 597/1185/132 598/1186/132 599/1187/132 600/1188/132 601/1189/132 602/1190/132 603/1191/132 604/1192/132 605/1193/132 606/1194/132 607/1195/132 608/1196/132 609/1197/132 610/1198/132 611/1199/132 612/1200/132 613/1201/132 614/1202/132 615/1203/132 616/1204/132 617/1205/132 618/1206/132 619/1207/132 620/1208/132 621/1209/132 622/1210/132 623/1211/132 624/1212/132 625/1213/132 626/1214/132 627/1215/132 628/1216/132 629/1217/132 630/1218/132 631/1219/132 632/1220/132 633/1221/132 634/1222/132 635/1223/132 636/1224/132 637/1225/132 638/1226/132 639/1227/132 640/1228/132 

vt 0.211821 0.03
vn -3.88578e-16 -1 1.61824e-14
vt 0.211821 0
f 2/2/2 118/1229/133 529/1230/133 3/3/2 

vt -8.39019e-11 0.03
vt -8.39019e-11 0
f 118/1231/130 117/847/130 530/848/130 529/1232/130 

vt 0.154529 0.03
vt 0.154529 0
f 117/1229/126 116/1233/126 531/1234/126 530/1230/126 

vt 8.39019e-11 0.03
vt 8.39019e-11 0
f 116/852/16 115/1235/16 532/1236/16 531/855/16 

vn -3.88578e-16 -1 -5.56851e-14
vt 0.0889556 0.03
vn -3.75955e-16 -0.999687 0.0250226
vt 0.0889556 0
f 115/1233/134 114/1237/135 533/1238/135 532/1234/134 

vt 0.0888442 0.03
vt 0.0719688 0.03
vn -3.12947e-16 -0.989672 0.143349
vt 0.0719688 0
vt 0.0888442 0
f 114/1239/135 113/1240/136 534/1241/136 533/1242/135 

vt 0.0698763 0.03
vt 0.0545309 0.03
vn -2.05051e-16 -0.94568 0.325099
vt 0.0545309 0
vt 0.0698763 0
f 113/1243/136 112/1244/137 535/1245/137 534/1246/136 

vt 0.0502734 0.03
vt 0.0352151 0.03
vn -9.13104e-17 -0.869666 0.49364
vt 0.0352151 0
vt 0.0502734 0
f 112/1247/137 111/1248/138 536/1249/138 535/1250/137 

vt 0.029589 0.03
vt 0.0146725 0.03
vn 2.37628e-17 -0.765746 0.643144
vt 0.0146725 0
vt 0.029589 0
f 111/1251/138 110/1252/139 537/1253/139 536/1254/138 

vt 0.00837785 0.03
vt -0.00650329 0.03
vn 1.37508e-16 -0.637114 0.770769
vt -0.00650329 0
vt 0.00837785 0
f 110/1255/139 109/1256/140 538/1257/140 537/1258/139 

vt -0.0128391 0.03
vt -0.0277801 0.03
vn 2.47573e-16 -0.486312 0.873785
vt -0.0277801 0
vt -0.0128391 0
f 109/1259/140 108/1260/141 539/1261/141 538/1262/140 

vt -0.0335202 0.03
vt -0.0486346 0.03
vn 3.51043e-16 -0.3163 0.948659
vt -0.0486346 0
vt -0.0335202 0
f 108/1263/141 107/1264/142 540/1265/142 539/1266/141 

vt -0.0530559 0.03
vt -0.0685027 0.03
vn 4.33652e-16 -0.154316 0.988022
vt -0.0685027 0
vt -0.0530559 0
f 107/1267/142 106/1268/143 541/1269/143 540/1270/142 

vt -0.0704886 0.03
vt -0.0789994 0.03
vn 4.75492e-16 -0.0597455 0.998214
vt -0.0789994 0
vt -0.0704886 0
f 106/1271/143 105/1272/144 542/1273/144 541/1274/143 

vt -0.0792996 0.03
vt -0.0835487 0.03
vn 4.84656e-16 -0.037553 0.999295
vt -0.0835487 0
vt -0.0792996 0
f 105/1275/144 104/1276/145 543/1277/145 542/1278/144 

vt -0.0909106 0.03
vt -0.0909106 0
f 104/1276/145 103/1279/145 544/1280/145 543/1277/145 

vt -0.100199 0.03
vt -0.100199 0
f 103/1279/145 102/1281/145 545/1282/145 544/1280/145 

vt -0.110229 0.03
vt -0.110229 0
f 102/1281/145 101/1283/145 546/1284/145 545/1282/145 

vt -0.119815 0.03
vt -0.119815 0
f 101/1283/145 100/1285/145 547/1286/145 546/1284/145 

vt -0.127769 0.03
vt -0.127769 0
f 100/1285/145 99/1287/145 548/1288/145 547/1286/145 

vt -0.132908 0.03
vn 5.45103e-16 0.127612 0.991824
vt -0.132908 0
f 99/1287/145 98/1289/146 549/1290/146 548/1288/145 

vt -0.127315 0.03
vt -0.128927 0.03
vn 5.9065e-16 0.289289 0.957242
vt -0.128927 0
vt -0.127315 0
f 98/1291/146 97/1292/147 550/1293/147 549/1294/146 

vt -0.0596192 0.03
vn 5.68767e-16 0.897997 0.440002
vt -0.0722028 0.03
vt -0.0722028 0
vt -0.0596192 0
f 97/1295/148 96/1296/148 551/1297/148 550/1298/148 

vt -0.0978432 0.03
vt -0.0978432 0
f 96/1296/148 95/1299/148 552/1300/148 551/1297/148 

vt -0.131999 0.03
vt -0.131999 0
f 95/1299/148 94/1301/148 553/1302/148 552/1300/148 

vt -0.170128 0.03
vt -0.170128 0
f 94/1301/148 93/1303/148 554/1304/148 553/1302/148 

vt -0.20769 0.03
vt -0.20769 0
f 93/1303/148 92/1305/148 555/1306/148 554/1304/148 

vt -0.240142 0.03
vt -0.240142 0
f 92/1305/148 91/1307/148 556/1308/148 555/1306/148 

vt -0.262944 0.03
vt -0.262944 0
f 91/1307/148 90/1309/148 557/1310/148 556/1308/148 

vt -0.271554 0.03
vt -0.271554 0
f 90/1309/148 89/1311/148 558/1312/148 557/1310/148 

vt -0.122473 0.03
vn 2.81554e-16 -0.43384 0.90099
vt -0.124907 0.03
vt -0.124907 0
vt -0.122473 0
f 89/1313/149 88/1314/149 559/1315/149 558/1316/149 

vt -0.131345 0.03
vt -0.131345 0
f 88/1314/149 87/1317/149 560/1318/149 559/1315/149 

vt -0.140496 0.03
vt -0.140496 0
f 87/1317/149 86/1319/149 561/1320/149 560/1318/149 

vt -0.151069 0.03
vt -0.151069 0
f 86/1319/149 85/1321/149 562/1322/149 561/1320/149 

vt -0.16177 0.03
vt -0.16177 0
f 85/1321/149 84/1323/149 563/1324/149 562/1322/149 

vt -0.171309 0.03
vt -0.171309 0
f 84/1323/149 83/1325/149 564/1326/149 563/1324/149 

vt -0.178393 0.03
vt -0.178393 0
f 83/1325/149 82/1327/149 565/1328/149 564/1326/149 

vt -0.181731 0.03
vn 2.97188e-16 -0.40865 0.912691
vt -0.181731 0
f 82/1327/149 81/1329/150 566/1330/150 565/1328/149 

vt -0.196482 0.03
vt -0.198671 0.03
vn 3.48502e-16 -0.320867 0.947124
vt -0.198671 0
vt -0.196482 0
f 81/1331/150 80/1332/151 567/1333/151 566/1334/150 

vt -0.231448 0.03
vt -0.233946 0.03
vn 4.19266e-16 -0.184635 0.982807
vt -0.233946 0
vt -0.231448 0
f 80/1335/151 79/1336/152 568/1337/152 567/1338/151 

vt -0.265683 0.03
vt -0.268059 0.03
vn 4.86642e-16 -0.032662 0.999466
vt -0.268059 0
vt -0.265683 0
f 79/1339/152 78/1340/153 569/1341/153 568/1342/152 

vt -0.295187 0.03
vt -0.297438 0.03
vn 5.46376e-16 0.131549 0.99131
vt -0.297438 0
vt -0.295187 0
f 78/1343/153 77/1344/154 570/1345/154 569/1346/153 

vt -0.3187 0.03
vt -0.320828 0.03
vn 5.95335e-16 0.309504 0.950898
vt -0.320828 0
vt -0.3187 0
f 77/1347/154 76/1348/155 571/1349/155 570/1350/154 

vt -0.333462 0.03
vt -0.335476 0.03
vn 6.26827e-16 0.498719 0.866764
vt -0.335476 0
vt -0.333462 0
f 76/1351/155 75/1352/156 572/1353/156 571/1354/155 

vt -0.334604 0.03
vt -0.336531 0.03
vn 6.29967e-16 0.687291 0.726382
vt -0.336531 0
vt -0.334604 0
f 75/1355/156 74/1356/157 573/1357/157 572/1358/156 

vt -0.315896 0.03
vt -0.31779 0.03
vn 5.97972e-16 0.838719 0.544564
vt -0.31779 0
vt -0.315896 0
f 74/1359/157 73/1360/158 574/1361/158 573/1362/157 

vt -0.282425 0.03
vt -0.28881 0.03
vn 5.70274e-16 0.895582 0.444896
vt -0.28881 0
vt -0.282425 0
f 73/1363/158 72/1364/159 575/1365/159 574/1366/158 

vt -0.287812 0.03
vt -0.318726 0.03
vn 5.69556e-16 0.896739 0.44256
vt -0.318726 0
vt -0.287812 0
f 72/1367/159 71/1368/160 576/1369/160 575/1370/159 

vt -0.369644 0.03
vt -0.369644 0
f 71/1368/160 70/1371/160 577/1372/160 576/1369/160 

vt -0.432565 0.03
vt -0.432565 0
f 70/1371/160 69/1373/160 578/1374/160 577/1372/160 

vt -0.499487 0.03
vt -0.499487 0
f 69/1373/160 68/1375/160 579/1376/160 578/1374/160 

vt -0.562408 0.03
vt -0.562408 0
f 68/1375/160 67/1377/160 580/1378/160 579/1376/160 

vt -0.613326 0.03
vt -0.613326 0
f 67/1377/160 66/1379/160 581/1380/160 580/1378/160 

vt -0.64424 0.03
vn 5.68807e-16 0.897933 0.440131
vt -0.64424 0
f 66/1379/160 65/1381/161 582/1382/161 581/1380/160 

vt -0.64319 0.03
vt -0.649464 0.03
vn 5.40796e-16 0.934684 0.35548
vt -0.649464 0
vt -0.64319 0
f 65/1383/161 64/1384/162 583/1385/162 582/1386/161 

vt -0.60417 0.03
vt -0.605892 0.03
vn 4.76486e-16 0.981756 0.190147
vt -0.605892 0
vt -0.60417 0
f 64/1387/162 63/1388/163 584/1389/163 583/1390/162 

vt -0.547008 0.03
vt -0.548859 0.03
vn 4.07395e-16 0.999269 0.0382329
vt -0.548859 0
vt -0.547008 0
f 63/1391/163 62/1392/164 585/1393/164 584/1394/163 

vt -0.486617 0.03
vt -0.488604 0.03
vn 3.39843e-16 0.995563 -0.0940971
vt -0.488604 0
vt -0.486617 0
f 62/1395/164 61/1396/165 586/1397/165 585/1398/164 

vt -0.425959 0.03
vt -0.428081 0.03
vn 2.74657e-16 0.977576 -0.210583
vt -0.428081 0
vt -0.425959 0
f 61/1399/165 60/1400/166 587/1401/166 586/1402/165 

vt -0.365739 0.03
vt -0.36799 0.03
vn 2.11423e-16 0.949092 -0.314999
vt -0.36799 0
vt -0.365739 0
f 60/1403/166 59/1404/167 588/1405/167 587/1406/166 

vt -0.305661 0.03
vt -0.308032 0.03
vn 1.49332e-16 0.91192 -0.410369
vt -0.308032 0
vt -0.305661 0
f 59/1407/167 58/1408/168 589/1409/168 588/1410/167 

vt -0.245083 0.03
vt -0.247565 0.03
vn 8.26275e-17 0.862746 -0.505638
vt -0.247565 0
vt -0.245083 0
f 58/1411/168 57/1412/169 590/1413/169 589/1414/168 

vt -0.172865 0.03
vt -0.17502 0.03
vn 4.66663e-17 0.83247 -0.55407
vt -0.17502 0
vt -0.172865 0
f 57/1415/169 56/1416/170 591/1417/170 590/1418/169 

vt 0.173045 0.03
vn -2.68342e-16 0.454603 -0.890694
vt 0.169578 0.03
vt 0.169578 0
vt 0.173045 0
f 56/1419/171 55/1420/171 592/1421/171 591/1422/171 

vt 0.162221 0.03
vt 0.162221 0
f 55/1420/171 54/1423/171 593/1424/171 592/1421/171 

vt 0.152315 0.03
vt 0.152315 0
f 54/1423/171 53/1425/171 594/1426/171 593/1424/171 

vt 0.141201 0.03
vt 0.141201 0
f 53/1425/171 52/1427/171 595/1428/171 594/1426/171 

vt 0.130221 0.03
vt 0.130221 0
f 52/1427/171 51/1429/171 596/1430/171 595/1428/171 

vt 0.120717 0.03
vt 0.120717 0
f 51/1429/171 50/1431/171 597/1432/171 596/1430/171 

vt 0.114031 0.03
vt 0.114031 0
f 50/1431/171 49/1433/171 598/1434/171 597/1432/171 

vt 0.111504 0.03
vt 0.111504 0
f 49/1433/171 48/1435/171 599/1436/171 598/1434/171 

vt -0.665676 0.03
vn 5.7325e-16 0.89065 0.454689
vt -1.08069 0.03
vn 5.96024e-16 0.84373 0.536768
vt -1.08069 0
vt -0.665676 0
f 48/1437/172 47/1438/173 600/1439/173 599/1440/172 

vt -1.08237 0.03
vt -1.4336 0.03
vn 6.13471e-16 0.789268 0.614049
vt -1.4336 0
vt -1.08237 0
f 47/1441/173 46/1442/174 601/1443/174 600/1444/173 

vt 0.0935998 0.03
vn 1.55777e-16 -0.613965 0.789333
vt 0.0911667 0.03
vt 0.0911667 0
vt 0.0935998 0
f 46/1445/175 45/1446/175 602/1447/175 601/1448/175 

vt 0.0847284 0.03
vt 0.0847284 0
f 45/1446/175 44/1449/175 603/1450/175 602/1447/175 

vt 0.0755771 0.03
vt 0.0755771 0
f 44/1449/175 43/1451/175 604/1452/175 603/1450/175 

vt 0.0650047 0.03
vt 0.0650047 0
f 43/1451/175 42/1453/175 605/1454/175 604/1452/175 

vt 0.054303 0.03
vt 0.054303 0
f 42/1453/175 41/1455/175 606/1456/175 605/1454/175 

vt 0.0447641 0.03
vt 0.0447641 0
f 41/1455/175 40/1457/175 607/1458/175 606/1456/175 

vt 0.0376799 0.03
vt 0.0376799 0
f 40/1457/175 39/1459/175 608/1460/175 607/1458/175 

vt 0.0343424 0.03
vn 1.74588e-16 -0.589376 0.807859
vt 0.0343424 0
f 39/1459/175 38/1461/176 609/1462/176 608/1460/175 

vt -0.0539442 0.03
vt -0.0561344 0.03
vn 2.36983e-16 -0.502057 0.864834
vt -0.0561344 0
vt -0.0539442 0
f 38/1463/176 37/1464/177 610/1465/177 609/1466/176 

vt -0.265485 0.03
vt -0.267992 0.03
vn 3.24595e-16 -0.362784 0.931873
vt -0.267992 0
vt -0.265485 0
f 37/1467/177 36/1468/178 611/1469/178 610/1470/177 

vt -0.492336 0.03
vt -0.494742 0.03
vn 4.09549e-16 -0.204559 0.978854
vt -0.494742 0
vt -0.492336 0
f 36/1471/178 35/1472/179 612/1473/179 611/1474/178 

vt -0.713182 0.03
vt -0.71549 0.03
vn 4.86582e-16 -0.0328105 0.999462
vt -0.71549 0
vt -0.713182 0
f 35/1475/179 34/1476/180 613/1477/180 612/1478/179 

vt -0.925095 0.03
vt -0.927313 0.03
vn 5.53009e-16 0.152482 0.988306
vt -0.927313 0
vt -0.925095 0
f 34/1479/180 33/1480/181 614/1481/181 613/1482/180 

vt -1.12132 0.03
vt -1.12347 0.03
vn 6.03706e-16 0.348532 0.937297
vt -1.12347 0
vt -1.12132 0
f 33/1483/181 32/1484/182 615/1485/182 614/1486/181 

vt -1.28798 0.03
vt -1.29007 0.03
vn 6.3073e-16 0.546138 0.837695
vt -1.29007 0
vt -1.28798 0
f 32/1487/182 31/1488/183 616/1489/183 615/1490/182 

vt -1.4031 0.03
vt -1.40519 0.03
vn 6.27263e-16 0.713788 0.700362
vt -1.40519 0
vt -1.4031 0
f 31/1491/183 30/1492/184 617/1493/184 616/1494/183 

vt -1.44299 0.03
vt -1.45007 0.03
vn 6.15115e-16 0.7826 0.622525
vt -1.45007 0
vt -1.44299 0
f 30/1495/184 29/1496/185 618/1497/185 617/1498/184 

vt -1.45024 0.03
vt -1.48452 0.03
vn 6.14763e-16 0.784061 0.620684
vt -1.48452 0
vt -1.45024 0
f 29/1499/185 28/1500/186 619/1501/186 618/1502/185 

vt -1.54097 0.03
vt -1.54097 0
f 28/1500/186 27/1503/186 620/1504/186 619/1501/186 

vt -1.61073 0.03
vt -1.61073 0
f 27/1503/186 26/1505/186 621/1506/186 620/1504/186 

vt -1.68493 0.03
vt -1.68493 0
f 26/1505/186 25/1507/186 622/1508/186 621/1506/186 

vt -1.75469 0.03
vt -1.75469 0
f 25/1507/186 24/1509/186 623/1510/186 622/1508/186 

vt -1.81115 0.03
vt -1.81115 0
f 24/1509/186 23/1511/186 624/1512/186 623/1510/186 

vt -1.84542 0.03
vn 6.14393e-16 0.785574 0.618767
vt -1.84542 0
f 23/1511/186 22/1513/187 625/1514/187 624/1512/186 

vt -1.84556 0.03
vt -1.85252 0.03
vn 5.99591e-16 0.834395 0.551167
vt -1.85252 0
vt -1.84556 0
f 22/1515/187 21/1516/188 626/1517/188 625/1518/187 

vt -1.83222 0.03
vt -1.83412 0.03
vn 5.60725e-16 0.910028 0.414547
vt -1.83412 0
vt -1.83222 0
f 21/1519/188 20/1520/189 627/1521/189 626/1522/188 

vt -1.77212 0.03
vt -1.77415 0.03
vn 5.13924e-16 0.959239 0.282595
vt -1.77415 0
vt -1.77212 0
f 20/1523/189 19/1524/190 628/1525/190 627/1526/189 

vt -1.68736 0.03
vt -1.68952 0.03
vn 4.64128e-16 0.986885 0.161422
vt -1.68952 0
vt -1.68736 0
f 19/1527/190 18/1528/191 629/1529/191 628/1530/190 

vt -1.58708 0.03
vt -1.58936 0.03
vn 4.12594e-16 0.998799 0.0490038
vt -1.58936 0
vt -1.58708 0
f 18/1531/191 17/1532/192 630/1533/192 629/1534/191 

vt -1.4751 0.03
vt -1.47749 0.03
vn 3.59421e-16 0.998369 -0.0570913
vt -1.47749 0
vt -1.4751 0
f 17/1535/192 16/1536/193 631/1537/193 630/1538/192 

vt -1.35231 0.03
vt -1.3548 0.03
vn 3.04193e-16 0.987277 -0.159009
vt -1.3548 0
vt -1.35231 0
f 16/1539/193 15/1540/194 632/1541/194 631/1542/193 

vt -1.21807 0.03
vt -1.22065 0.03
vn 2.41507e-16 0.963892 -0.266294
vt -1.22065 0
vt -1.21807 0
f 15/1543/194 14/1544/195 633/1545/195 632/1546/194 

vt -1.04573 0.03
vt -1.04795 0.03
vn 2.06529e-16 0.94648 -0.322763
vt -1.04795 0
vt -1.04573 0
f 14/1547/195 13/1548/196 634/1549/196 633/1550/195 

vt -0.0756948 0.03
vt -0.0791611 0.03
vt -0.0791611 0
vt -0.0756948 0
f 13/1551/4 12/1552/4 635/1553/4 634/1554/4 

vt -0.0865187 0.03
vt -0.0865187 0
f 12/1552/4 11/1555/4 636/1556/4 635/1553/4 

vt -0.0964258 0.03
vt -0.0964258 0
f 11/1555/4 10/1557/4 637/1558/4 636/1556/4 

vt -0.10754 0.03
vt -0.10754 0
f 10/1557/4 9/1559/4 638/1560/4 637/1558/4 

vt -0.118521 0.03
vt -0.118521 0
f 9/1559/4 8/1561/4 639/1562/4 638/1560/4 

vt -0.128025 0.03
vt -0.128025 0
f 8/1561/4 7/1563/4 640/1564/4 639/1562/4 

f 7/1563/4 6/325/4 324/328/4 640/1564/4 

g Mesh2 ___39_1 Model

v 189.839 7.89915 -2.36842
vt -3.39111 0.03
vn -3.44112e-12 0.895021 0.446024
v 189.839 6.7695 -0.101588
vt -3.44174 0.03
v 192.839 6.7695 -0.101588
vt -3.44174 0
v 192.839 7.89915 -2.36842
vt -3.39111 0
f 641/1565/197 642/1566/197 643/1567/197 644/1568/197 

v 189.839 14.8391 -96.4548
vt 1.98676 0.148391
vn -1 -6.10623e-16 -7.71389e-12
v 189.839 14.8391 -99.3548
vt 1.92879 0.148391
v 189.839 25.7952 -99.3548
vt 1.92879 0.257952
v 189.839 25.7952 -157.563
vt 0.765213 0.257952
v 189.839 25.0223 -159.114
vt 0.734208 0.250223
v 189.839 22.9753 -163.222
vt 0.652098 0.229753
v 189.839 20.062 -169.068
vt 0.535236 0.20062
v 189.839 16.69 -175.834
vt 0.399976 0.1669
v 189.839 13.2671 -182.703
vt 0.262671 0.132671
v 189.839 10.2009 -188.855
vt 0.139676 0.102009
v 189.839 7.89915 -193.474
vt 0.0473447 0.0789915
v 189.839 6.7695 -195.741
vt 0.00203075 0.067695
v 189.839 6.65726 -195.843
vt 0 0.0665726
v 189.839 6.41569 -195.836
vt 0.000138308 0.0641569
v 189.839 6.04172 -195.825
vt 0.000352419 0.0604172
v 189.839 5.5911 -195.812
vt 0.000610417 0.055911
v 189.839 5.11957 -195.799
vt 0.000880383 0.0511957
v 189.839 4.68289 -195.786
vt 0.0011304 0.0468289
v 189.839 4.33679 -195.776
vt 0.00132855 0.0433679
v 189.839 4.13703 -195.771
vt 0.00144292 0.0413703
v 189.839 3.69883 -195.738
vt 0.00208909 0.0369883
v 189.839 2.91573 -195.563
vt 0.00559117 0.0291573
v 189.839 2.19551 -195.251
vt 0.0118337 0.0219551
v 189.839 1.55266 -194.816
vt 0.0205192 0.0155266
v 189.839 1.00163 -194.274
vt 0.0313501 0.0100163
v 189.839 0.556886 -193.64
vt 0.0440287 0.00556886
v 189.839 0.232899 -192.928
vt 0.0582575 0.00232899
v 189.839 0.0441335 -192.154
vt 0.073739 0.000441335
v 189.839 1.35711e-09 -191.288
vt 0.0910445 2.79772e-11
v 189.839 1.38167e-09 -188.1
vt 0.154779 2.79768e-11
v 189.839 4.91842 -188.1
vt 0.154779 0.0491842
v 189.839 4.91842 -185.234
vt 0.212071 0.0491842
v 189.839 1.40378e-09 -185.234
vt 0.212071 2.79768e-11
v 189.839 1.48694e-09 -174.449
vt 0.427664 2.79763e-11
v 189.839 1.60302e-09 -159.402
vt 0.728455 2.79763e-11
v 189.839 1.61721e-09 -157.563
vt 0.765213 2.79763e-11
v 189.839 2.88787 -157.563
vt 0.765213 0.0288787
v 189.839 8.92262 -157.563
vt 0.765213 0.0892262
v 189.839 11.5497 -157.563
vt 0.765213 0.115497
v 189.839 12.0245 -157.563
vt 0.765213 0.120245
v 189.839 12.0245 -154.697
vt 0.822505 0.120245
v 189.839 1.63932e-09 -154.697
vt 0.822505 2.79763e-11
v 189.839 1.73261e-09 -142.604
vt 1.06424 2.79763e-11
v 189.839 1.86027e-09 -126.056
vt 1.39503 2.79763e-11
v 189.839 1.97057e-09 -111.76
vt 1.68082 2.79763e-11
v 189.839 2.04807e-09 -101.714
vt 1.88163 2.79763e-11
v 189.839 2.07733e-09 -97.9214
vt 1.95745 2.79763e-11
v 189.839 3.33109e-09 -94.1283
vt 2.03327 4.02213e-11
v 189.839 2.95744e-09 -84.0831
vt 2.23408 3.57098e-11
v 189.839 2.42586e-09 -69.7863
vt 2.51987 2.92911e-11
v 189.839 1.8105e-09 -53.2387
vt 2.85066 2.18608e-11
v 189.839 1.36055e-09 -41.1458
vt 3.09239 1.64284e-11
v 189.839 12.0245 -41.1458
vt 3.09239 0.120245
v 189.839 12.0245 -38.2798
vt 3.14968 0.120245
v 189.839 11.5497 -38.2798
vt 3.14968 0.115497
v 189.839 8.92262 -38.2798
vt 3.14968 0.0892262
v 189.839 2.88787 -38.2798
vt 3.14968 0.0288787
v 189.839 1.25507e-09 -38.2798
vt 3.14968 1.51525e-11
v 189.839 1.18578e-09 -36.441
vt 3.18644 1.43178e-11
v 189.839 6.26249e-10 -21.3939
vt 3.48723 7.56157e-12
v 189.839 2.25592e-10 -10.6089
vt 3.70283 2.72296e-12
v 189.839 4.91842 -10.6089
vt 3.70283 0.0491842
v 189.839 4.91842 -7.74283
vt 3.76012 0.0491842
v 189.839 1.18661e-10 -7.74283
vt 3.76012 1.43254e-12
v 189.839 4.08854e-15 -4.5545
vt 3.82385 0
v 189.839 0.0441335 -3.68879
vt 3.84116 0.000441335
v 189.839 0.232899 -2.91433
vt 3.85664 0.00232899
v 189.839 0.556886 -2.20254
vt 3.87087 0.00556886
v 189.839 1.00163 -1.56829
vt 3.88355 0.0100163
v 189.839 1.55266 -1.02647
vt 3.89438 0.0155266
v 189.839 2.19551 -0.591983
vt 3.90306 0.0219551
v 189.839 2.91573 -0.279698
vt 3.90931 0.0291573
v 189.839 3.69883 -0.104507
vt 3.91281 0.0369883
v 189.839 4.13703 -0.0721823
vt 3.91345 0.0413703
v 189.839 4.33679 -0.0664609
vt 3.91357 0.0433679
v 189.839 4.68289 -0.0565483
vt 3.91377 0.0468289
v 189.839 5.11957 -0.0440412
vt 3.91402 0.0511957
v 189.839 5.5911 -0.0305361
vt 3.91429 0.055911
v 189.839 6.04172 -0.0176298
vt 3.91454 0.0604172
v 189.839 6.41569 -0.00691886
vt 3.91476 0.0641569
v 189.839 6.65726 -2.31068e-11
vt 3.9149 0.0665726
vt 3.91287 0.067695
vt 3.86755 0.0789915
v 189.839 10.2009 -6.9873
vt 3.77522 0.102009
v 189.839 13.2671 -13.1401
vt 3.65223 0.132671
v 189.839 16.69 -20.0088
vt 3.51492 0.1669
v 189.839 20.062 -26.7752
vt 3.37966 0.20062
v 189.839 22.9753 -32.6212
vt 3.2628 0.229753
v 189.839 25.0223 -36.7288
vt 3.18069 0.250223
v 189.839 25.7952 -38.2798
vt 3.14968 0.257952
v 189.839 25.7952 -96.4548
vt 1.98676 0.257952
f 645/1569/198 646/1570/198 647/1571/198 648/1572/198 649/1573/198 650/1574/198 651/1575/198 652/1576/198 653/1577/198 654/1578/198 655/1579/198 656/1580/198 657/1581/198 658/1582/198 659/1583/198 660/1584/198 661/1585/198 662/1586/198 663/1587/198 664/1588/198 665/1589/198 666/1590/198 667/1591/198 668/1592/198 669/1593/198 670/1594/198 671/1595/198 672/1596/198 673/1597/198 674/1598/198 675/1599/198 676/1600/198 677/1601/198 678/1602/198 679/1603/198 680/1604/198 681/1605/198 682/1606/198 683/1607/198 684/1608/198 685/1609/198 686/1610/198 687/1611/198 688/1612/198 689/1613/198 690/1614/198 691/1615/198 692/1616/198 693/1617/198 694/1618/198 695/1619/198 696/1620/198 697/1621/198 698/1622/198 699/1623/198 700/1624/198 701/1625/198 702/1626/198 703/1627/198 704/1628/198 705/1629/198 706/1630/198 707/1631/198 708/1632/198 709/1633/198 710/1634/198 711/1635/198 712/1636/198 713/1637/198 714/1638/198 715/1639/198 716/1640/198 717/1641/198 718/1642/198 719/1643/198 720/1644/198 721/1645/198 722/1646/198 723/1647/198 724/1648/198 725/1649/198 642/1650/198 641/1651/198 726/1652/198 727/1653/198 728/1654/198 729/1655/198 730/1656/198 731/1657/198 732/1658/198 733/1659/198 

vt -1.92879 0.03
vn -6.10623e-16 1 -7.7148e-12
vt -1.98676 0.03
v 192.839 14.8391 -96.4548
vt -1.98676 0
v 192.839 14.8391 -99.3548
vt -1.92879 0
f 646/1660/199 645/1661/199 734/1662/199 735/1663/199 

vt -0.296634 0.03
vn 7.71389e-12 -7.7148e-12 -1
vt -0.515646 0.03
v 192.839 25.7952 -96.4548
vt -0.515646 0
vt -0.296634 0
f 645/1664/200 733/1665/200 736/1666/200 734/1667/200 

vn -6.10623e-16 1 -7.76754e-12
vt -3.14968 0.03
v 192.839 25.7952 -38.2798
vt -3.14968 0
f 733/1661/201 732/1668/201 737/1669/201 736/1662/201 

vt -2.58904 0.03
vt -2.62368 0.03
v 192.839 25.0223 -36.7288
vt -2.62368 0
vt -2.58904 0
f 732/1670/197 731/1671/197 738/1672/197 737/1673/197 

vt -2.71543 0.03
v 192.839 22.9753 -32.6212
vt -2.71543 0
f 731/1671/197 730/1674/197 739/1675/197 738/1672/197 

vt -2.84599 0.03
v 192.839 20.062 -26.7752
vt -2.84599 0
f 730/1674/197 729/1676/197 740/1677/197 739/1675/197 

vt -2.99712 0.03
v 192.839 16.69 -20.0088
vt -2.99712 0
f 729/1676/197 728/1678/197 741/1679/197 740/1677/197 

vt -3.15053 0.03
v 192.839 13.2671 -13.1401
vt -3.15053 0
f 728/1678/197 727/1680/197 742/1681/197 741/1679/197 

vt -3.28795 0.03
v 192.839 10.2009 -6.9873
vt -3.28795 0
f 727/1680/197 726/1682/197 743/1683/197 742/1681/197 

f 726/1682/197 641/1565/197 644/1568/197 743/1683/197 

vt -1.92879 0.148391
vn 1 6.10623e-16 7.71389e-12
vt -1.98676 0.148391
vt -1.98676 0.257952
vt -3.14968 0.257952
vt -3.18069 0.250223
vt -3.2628 0.229753
vt -3.37966 0.20062
vt -3.51492 0.1669
vt -3.65223 0.132671
vt -3.77522 0.102009
vt -3.86755 0.0789915
vt -3.91287 0.067695
v 192.839 6.65726 2.84217e-14
vt -3.9149 0.0665726
v 192.839 6.41569 -0.00691886
vt -3.91476 0.0641569
v 192.839 6.04172 -0.0176298
vt -3.91454 0.0604172
v 192.839 5.5911 -0.0305361
vt -3.91429 0.055911
v 192.839 5.11957 -0.0440412
vt -3.91402 0.0511957
v 192.839 4.68289 -0.0565483
vt -3.91377 0.0468289
v 192.839 4.33679 -0.0664609
vt -3.91357 0.0433679
v 192.839 4.13703 -0.0721823
vt -3.91345 0.0413703
v 192.839 3.69883 -0.104507
vt -3.91281 0.0369883
v 192.839 2.91573 -0.279698
vt -3.90931 0.0291573
v 192.839 2.19551 -0.591983
vt -3.90306 0.0219551
v 192.839 1.55266 -1.02647
vt -3.89438 0.0155266
v 192.839 1.00163 -1.56829
vt -3.88355 0.0100163
v 192.839 0.556886 -2.20254
vt -3.87087 0.00556886
v 192.839 0.232899 -2.91433
vt -3.85664 0.00232899
v 192.839 0.0441335 -3.68879
vt -3.84116 0.000441335
v 192.839 5.92041e-15 -4.5545
vt -3.82385 0
v 192.839 1.18663e-10 -7.74283
vt -3.76012 1.43254e-12
v 192.839 4.91842 -7.74283
vt -3.76012 0.0491842
v 192.839 4.91842 -10.6089
vt -3.70283 0.0491842
v 192.839 2.25594e-10 -10.6089
vt -3.70283 2.72296e-12
v 192.839 6.26251e-10 -21.3939
vt -3.48723 7.56157e-12
v 192.839 1.18578e-09 -36.441
vt -3.18644 1.43178e-11
v 192.839 1.25507e-09 -38.2798
vt -3.14968 1.51525e-11
v 192.839 2.88787 -38.2798
vt -3.14968 0.0288787
v 192.839 8.92262 -38.2798
vt -3.14968 0.0892262
v 192.839 11.5497 -38.2798
vt -3.14968 0.115497
v 192.839 12.0245 -38.2798
vt -3.14968 0.120245
v 192.839 12.0245 -41.1458
vt -3.09239 0.120245
v 192.839 1.36056e-09 -41.1458
vt -3.09239 1.64284e-11
v 192.839 1.8105e-09 -53.2387
vt -2.85066 2.18608e-11
v 192.839 2.42587e-09 -69.7863
vt -2.51987 2.92911e-11
v 192.839 2.95744e-09 -84.0831
vt -2.23408 3.57098e-11
v 192.839 3.33109e-09 -94.1283
vt -2.03327 4.02213e-11
v 192.839 2.07733e-09 -97.9214
vt -1.95745 2.79763e-11
v 192.839 2.04807e-09 -101.714
vt -1.88163 2.79763e-11
v 192.839 1.97057e-09 -111.76
vt -1.68082 2.79763e-11
v 192.839 1.86027e-09 -126.056
vt -1.39503 2.79763e-11
v 192.839 1.73261e-09 -142.604
vt -1.06424 2.79763e-11
v 192.839 1.63932e-09 -154.697
vt -0.822505 2.79763e-11
v 192.839 12.0245 -154.697
vt -0.822505 0.120245
v 192.839 12.0245 -157.563
vt -0.765213 0.120245
v 192.839 11.5497 -157.563
vt -0.765213 0.115497
v 192.839 8.92262 -157.563
vt -0.765213 0.0892262
v 192.839 2.88787 -157.563
vt -0.765213 0.0288787
v 192.839 1.61721e-09 -157.563
vt -0.765213 2.79763e-11
v 192.839 1.60302e-09 -159.402
vt -0.728455 2.79763e-11
v 192.839 1.48694e-09 -174.449
vt -0.427664 2.79763e-11
v 192.839 1.40378e-09 -185.234
vt -0.212071 2.79768e-11
v 192.839 4.91842 -185.234
vt -0.212071 0.0491842
v 192.839 4.91842 -188.1
vt -0.154779 0.0491842
v 192.839 1.38167e-09 -188.1
vt -0.154779 2.79768e-11
v 192.839 1.35711e-09 -191.288
vt -0.0910445 2.79772e-11
v 192.839 0.0441335 -192.154
vt -0.073739 0.000441335
v 192.839 0.232899 -192.928
vt -0.0582575 0.00232899
v 192.839 0.556886 -193.64
vt -0.0440287 0.00556886
v 192.839 1.00163 -194.274
vt -0.0313501 0.0100163
v 192.839 1.55266 -194.816
vt -0.0205192 0.0155266
v 192.839 2.19551 -195.251
vt -0.0118337 0.0219551
v 192.839 2.91573 -195.563
vt -0.00559117 0.0291573
v 192.839 3.69883 -195.738
vt -0.00208909 0.0369883
v 192.839 4.13703 -195.771
vt -0.00144292 0.0413703
v 192.839 4.33679 -195.776
vt -0.00132855 0.0433679
v 192.839 4.68289 -195.786
vt -0.0011304 0.0468289
v 192.839 5.11957 -195.799
vt -0.000880383 0.0511957
v 192.839 5.5911 -195.812
vt -0.000610417 0.055911
v 192.839 6.04172 -195.825
vt -0.000352419 0.0604172
v 192.839 6.41569 -195.836
vt -0.000138308 0.0641569
v 192.839 6.65726 -195.843
v 192.839 6.7695 -195.741
vt -0.00203075 0.067695
v 192.839 7.89915 -193.474
vt -0.0473447 0.0789915
v 192.839 10.2009 -188.855
vt -0.139676 0.102009
v 192.839 13.2671 -182.703
vt -0.262671 0.132671
v 192.839 16.69 -175.834
vt -0.399976 0.1669
v 192.839 20.062 -169.068
vt -0.535236 0.20062
v 192.839 22.9753 -163.222
vt -0.652098 0.229753
v 192.839 25.0223 -159.114
vt -0.734208 0.250223
v 192.839 25.7952 -157.563
vt -0.765213 0.257952
v 192.839 25.7952 -99.3548
vt -1.92879 0.257952
f 735/1684/202 734/1685/202 736/1686/202 737/1687/202 738/1688/202 739/1689/202 740/1690/202 741/1691/202 742/1692/202 743/1693/202 644/1694/202 643/1695/202 744/1696/202 745/1697/202 746/1698/202 747/1699/202 748/1700/202 749/1701/202 750/1702/202 751/1703/202 752/1704/202 753/1705/202 754/1706/202 755/1707/202 756/1708/202 757/1709/202 758/1710/202 759/1711/202 760/1712/202 761/1713/202 762/1714/202 763/1715/202 764/1716/202 765/1717/202 766/1718/202 767/1719/202 768/1720/202 769/1721/202 770/1722/202 771/1723/202 772/1724/202 773/1725/202 774/1726/202 775/1727/202 776/1728/202 777/1729/202 778/1730/202 779/1731/202 780/1732/202 781/1733/202 782/1734/202 783/1735/202 784/1736/202 785/1737/202 786/1738/202 787/1739/202 788/1740/202 789/1741/202 790/1742/202 791/1743/202 792/1744/202 793/1745/202 794/1746/202 795/1747/202 796/1748/202 797/1749/202 798/1750/202 799/1751/202 800/1752/202 801/1753/202 802/1754/202 803/1755/202 804/1756/202 805/1757/202 806/1758/202 807/1759/202 808/1760/202 809/1761/202 810/1762/202 811/1763/202 812/1581/202 813/1764/202 814/1765/202 815/1766/202 816/1767/202 817/1768/202 818/1769/202 819/1770/202 820/1771/202 821/1772/202 822/1773/202 

vt -2.5253 0.03
vn -5.71976e-12 0.671024 0.741435
vt -2.52832 0.03
vt -2.52832 0
vt -2.5253 0
f 642/1774/203 725/1775/203 744/1776/203 643/1777/203 

vt 0.245106 0.03
vn -7.71071e-12 -0.0286295 0.99959
vt 0.240275 0.03
vt 0.240275 0
vt 0.245106 0
f 725/1778/204 724/1779/204 745/1780/204 744/1781/204 

vt 0.232796 0.03
vt 0.232796 0
f 724/1779/204 723/1782/204 746/1783/204 745/1780/204 

vt 0.223784 0.03
vt 0.223784 0
f 723/1782/204 722/1784/204 747/1785/204 746/1783/204 

vt 0.214355 0.03
vt 0.214355 0
f 722/1784/204 721/1786/204 748/1787/204 747/1785/204 

vt 0.205622 0.03
vt 0.205622 0
f 721/1786/204 720/1788/204 749/1789/204 748/1787/204 

vt 0.1987 0.03
vt 0.1987 0
f 720/1788/204 719/1790/204 750/1791/204 749/1789/204 

vt 0.194706 0.03
vn -7.70377e-12 -0.0511108 0.998693
vt 0.194706 0
f 719/1790/204 718/1792/205 751/1793/205 750/1791/204 

vt 0.370373 0.03
vt 0.36159 0.03
vn -7.63076e-12 -0.146334 0.989235
vt 0.36159 0
vt 0.370373 0
f 718/1794/205 717/1795/206 752/1796/206 751/1797/205 

vt 0.926391 0.03
vt 0.91035 0.03
vn -7.33507e-12 -0.309447 0.950917
vt 0.91035 0
vt 0.926391 0
f 717/1798/206 716/1799/207 753/1800/207 752/1801/206 

vt 1.60865 0.03
vt 1.59296 0.03
vn -6.76282e-12 -0.480954 0.876746
vt 1.59296 0
vt 1.60865 0
f 716/1802/207 715/1803/208 754/1804/208 753/1805/207 

vt 2.22197 0.03
vt 2.20646 0.03
vn -5.97018e-12 -0.633182 0.774003
vt 2.20646 0
vt 2.22197 0
f 715/1806/208 714/1807/209 755/1808/209 754/1809/208 

vt 2.75255 0.03
vt 2.7371 0.03
vn -4.98478e-12 -0.763109 0.64627
vt 2.7371 0
vt 2.75255 0
f 714/1810/209 713/1811/210 756/1812/210 755/1813/209 

vt 3.19121 0.03
vt 3.17573 0.03
vn -3.82793e-12 -0.868147 0.496307
vt 3.17573 0
vt 3.19121 0
f 713/1814/210 712/1815/211 757/1816/211 756/1817/210 

vt 3.5277 0.03
vt 3.51206 0.03
vn -2.52173e-12 -0.94503 0.326983
vt 3.51206 0
vt 3.5277 0
f 712/1818/211 711/1819/212 758/1820/212 757/1821/211 

vt 3.74805 0.03
vt 3.73211 0.03
vn -1.11404e-12 -0.989505 0.144498
vt 3.73211 0
vt 3.74805 0
f 711/1822/212 710/1823/213 759/1824/213 758/1825/212 

vt 3.83622 0.03
vt 3.81889 0.03
vn -1.95824e-13 -0.999676 0.025465
vt 3.81889 0
vt 3.83622 0
f 710/1826/213 709/1827/214 760/1828/214 759/1829/213 

vt 3.82385 0.03
vt 3.76012 0.03
vn 6.10623e-16 -1 -3.7216e-11
vt 3.76012 0
f 709/1830/214 708/1831/215 761/1832/215 760/1633/214 

vt -1.70089e-10 0.03
vn 7.71389e-12 3.67587e-11 -1
vt -1.70089e-10 0
f 708/1833/216 707/847/216 762/848/216 761/1834/216 

vn 6.10623e-16 -1 -3.78606e-11
vt 3.70283 0.03
vt 3.70283 0
f 707/1831/217 706/1835/217 763/1836/217 762/1832/217 

vn -7.71389e-12 -3.75293e-11 1
vt 1.72974e-10 0.03
vt 1.72974e-10 0
f 706/852/218 705/1837/218 764/1838/218 763/855/218 

vn 6.10623e-16 -1 -3.71494e-11
vt 3.48723 0.03
vn 6.10623e-16 -1 -3.71675e-11
vt 3.48723 0
f 705/1835/219 704/1839/220 765/1840/220 764/1836/219 

vt 3.18644 0.03
vn 6.10623e-16 -1 -3.74322e-11
vt 3.18644 0
f 704/1839/220 703/1841/221 766/1842/221 765/1840/220 

vt 3.14968 0.03
vn 6.10623e-16 -1 -3.76789e-11
vt 3.14968 0
f 703/1841/221 702/1843/222 767/1844/222 766/1842/221 

vt -1.73195e-10 0.03
vn 7.71389e-12 3.76566e-11 -1
vn 7.71389e-12 3.71316e-11 -1
vt -1.73195e-10 0
f 702/1845/223 701/863/224 768/864/224 767/1846/223 

vn 7.71389e-12 3.74258e-11 -1
f 701/863/224 700/866/225 769/867/225 768/864/224 

vn 7.71389e-12 3.67427e-11 -1
f 700/866/225 699/868/226 770/869/226 769/867/225 

vn 7.71389e-12 3.52403e-11 -1
f 699/868/226 698/870/227 771/871/227 770/869/226 

vn 6.10623e-16 -1 -3.66011e-11
vt 3.09239 0.03
vt 3.09239 0
f 698/1843/228 697/1847/228 772/1848/228 771/1844/228 

vn -7.71389e-12 -3.71628e-11 1
vt 1.71619e-10 0.03
vt 1.71619e-10 0
f 697/874/229 696/1849/229 773/1850/229 772/877/229 

vn 6.10623e-16 -1 -3.72075e-11
vt 2.85066 0.03
vn 6.10623e-16 -1 -3.71976e-11
vt 2.85066 0
f 696/1847/230 695/1851/231 774/1852/231 773/1848/230 

vt 2.51987 0.03
vn 6.10623e-16 -1 -3.71844e-11
vt 2.51987 0
f 695/1851/231 694/1853/232 775/1854/232 774/1852/231 

vt 2.23408 0.03
vn 6.10623e-16 -1 -3.7189e-11
vt 2.23408 0
f 694/1853/232 693/1855/233 776/1856/233 775/1854/232 

vt 2.03327 0.03
vn 6.10622e-16 -1 1.46673e-10
vt 2.03327 0
f 693/1855/233 692/1857/234 777/1858/234 776/1856/233 

vt 1.95745 0.03
vn 6.10621e-16 -1 1.69129e-10
vt 1.95745 0
f 692/1857/234 691/1859/235 778/1860/235 777/1858/234 

vt 1.88163 0.03
vn 6.10623e-16 -1 7.7148e-12
vt 1.88163 0
f 691/1859/235 690/1861/236 779/1862/236 778/1860/235 

vt 1.68082 0.03
vt 1.68082 0
f 690/1861/236 689/1863/236 780/1864/236 779/1862/236 

vt 1.39503 0.03
vt 1.39503 0
f 689/1863/236 688/1865/236 781/1866/236 780/1864/236 

vt 1.06424 0.03
vt 1.06424 0
f 688/1865/236 687/1867/236 782/1868/236 781/1866/236 

vt 0.822505 0.03
vt 0.822505 0
f 687/1867/236 686/1869/236 783/1870/236 782/1868/236 

vt -5.59247e-11 0.03
vt -5.59247e-11 0
f 686/1871/200 685/870/200 784/871/200 783/1872/200 

vt 0.765213 0.03
vt 0.765213 0
f 685/1869/236 684/1873/236 785/1874/236 784/1870/236 

vn -7.71389e-12 7.7148e-12 1
f 684/874/237 683/902/237 786/903/237 785/877/237 

vn -7.71389e-12 7.69985e-12 1
f 683/902/237 682/904/238 787/905/238 786/903/237 

vn -7.71389e-12 7.7311e-12 1
f 682/904/238 681/906/239 788/907/239 787/905/238 

vt 5.58768e-11 0.03
vn -7.71389e-12 7.7773e-12 1
vt 5.58768e-11 0
f 681/906/239 680/1875/240 789/1876/240 788/907/239 

vt 0.728455 0.03
vt 0.728455 0
f 680/1873/236 679/1877/236 790/1878/236 789/1874/236 

vt 0.427664 0.03
vn 6.10623e-16 -1 7.71271e-12
vt 0.427664 0
f 679/1877/236 678/1879/241 791/1880/241 790/1878/236 

vt 0.212071 0.03
vn 6.10623e-16 -1 7.71062e-12
vt 0.212071 0
f 678/1879/241 677/1881/242 792/1882/242 791/1880/241 

vt -5.59256e-11 0.03
vt -5.59256e-11 0
f 677/1883/200 676/847/200 793/848/200 792/1884/200 

vt 0.154779 0.03
vt 0.154779 0
f 676/1881/236 675/1885/236 794/1886/236 793/1882/236 

vt 5.59256e-11 0.03
vt 5.59256e-11 0
f 675/852/237 674/1887/237 795/1888/237 794/855/237 

vn 6.10623e-16 -1 7.70065e-12
vt 0.0910445 0.03
vn 1.97045e-13 -0.999676 -0.025465
vt 0.0910445 0
f 674/1885/243 673/1889/244 796/1890/244 795/1886/243 

vt 0.0909264 0.03
vt 0.0735984 0.03
vn 1.11525e-12 -0.989505 -0.144498
vt 0.0735984 0
vt 0.0909264 0
f 673/1891/244 672/1892/245 797/1893/245 796/1894/244 

vt 0.0714327 0.03
vt 0.055498 0.03
vn 2.52289e-12 -0.94503 -0.326983
vt 0.055498 0
vt 0.0714327 0
f 672/1895/245 671/1896/246 798/1897/246 797/1898/245 

vt 0.0510946 0.03
vt 0.0354611 0.03
vn 3.82899e-12 -0.868147 -0.496307
vt 0.0354611 0
vt 0.0510946 0
f 671/1899/246 670/1900/247 799/1901/247 798/1902/246 

vt 0.0296579 0.03
vt 0.0141729 0.03
vn 4.98571e-12 -0.763109 -0.64627
vt 0.0141729 0
vt 0.0296579 0
f 670/1903/247 669/1904/248 800/1905/248 799/1906/247 

vt 0.00770309 0.03
vt -0.00774488 0.03
vn 5.97095e-12 -0.633182 -0.774003
vt -0.00774488 0
vt 0.00770309 0
f 669/1907/248 668/1908/249 801/1909/249 800/1910/248 

vt -0.0142248 0.03
vt -0.0297354 0.03
vn 6.76341e-12 -0.480954 -0.876746
vt -0.0297354 0
vt -0.0142248 0
f 668/1911/249 667/1912/250 802/1913/250 801/1914/249 

vt -0.0355584 0.03
vt -0.0512506 0.03
vn 7.33545e-12 -0.309447 -0.950917
vt -0.0512506 0
vt -0.0355584 0
f 667/1915/250 666/1916/251 803/1917/251 802/1918/250 

vt -0.0556587 0.03
vt -0.0717 0.03
vn 7.63094e-12 -0.146334 -0.989235
vt -0.0717 0
vt -0.0556587 0
f 666/1919/251 665/1920/252 804/1921/252 803/1922/251 

vt -0.0735856 0.03
vt -0.082369 0.03
vn 7.70383e-12 -0.0511108 -0.998693
vt -0.082369 0
vt -0.0735856 0
f 665/1923/252 664/1924/253 805/1925/253 804/1926/252 

vt -0.0826241 0.03
vt -0.0866189 0.03
vn 7.71074e-12 -0.0286295 -0.99959
vt -0.0866189 0
vt -0.0826241 0
f 664/1927/253 663/1928/254 806/1929/254 805/1930/253 

vt -0.0935402 0.03
vt -0.0935402 0
f 663/1928/254 662/1931/254 807/1932/254 806/1929/254 

vt -0.102273 0.03
vt -0.102273 0
f 662/1931/254 661/1933/254 808/1934/254 807/1932/254 

vt -0.111703 0.03
vt -0.111703 0
f 661/1933/254 660/1935/254 809/1936/254 808/1934/254 

vt -0.120714 0.03
vt -0.120714 0
f 660/1935/254 659/1937/254 810/1938/254 809/1936/254 

vt -0.128193 0.03
vt -0.128193 0
f 659/1937/254 658/1939/254 811/1940/254 810/1938/254 

vt -0.133024 0.03
vt -0.133024 0
f 658/1939/254 657/1941/254 812/1942/254 811/1940/254 

vt -0.0986691 0.03
vn 5.71894e-12 0.671024 -0.741435
vt -0.101695 0.03
vt -0.101695 0
vt -0.0986691 0
f 657/1943/255 656/1944/255 813/1945/255 812/1946/255 

vt -0.0621745 0.03
vn 3.44003e-12 0.895021 -0.446024
vt -0.112803 0.03
vt -0.112803 0
vt -0.0621745 0
f 656/1947/256 655/1948/256 814/1949/256 813/1950/256 

vt -0.215965 0.03
vt -0.215965 0
f 655/1948/256 654/1951/256 815/1952/256 814/1949/256 

vt -0.353386 0.03
vt -0.353386 0
f 654/1951/256 653/1953/256 816/1954/256 815/1952/256 

vt -0.506795 0.03
vt -0.506795 0
f 653/1953/256 652/1955/256 817/1956/256 816/1954/256 

vt -0.657921 0.03
vt -0.657921 0
f 652/1955/256 651/1957/256 818/1958/256 817/1956/256 

vt -0.78849 0.03
vt -0.78849 0
f 651/1957/256 650/1959/256 819/1960/256 818/1958/256 

vt -0.880231 0.03
vt -0.880231 0
f 650/1959/256 649/1961/256 820/1962/256 819/1960/256 

vt -0.914872 0.03
vt -0.914872 0
f 649/1961/256 648/1963/256 821/1964/256 820/1962/256 

vt -0.765213 0.03
vn -6.10623e-16 1 3.8344e-11
vt -0.765213 0
f 648/1965/257 647/1660/257 822/1663/257 821/1966/257 

vt 0.515646 0.03
vt 0.296634 0.03
vt 0.296634 0
vt 0.515646 0
f 647/1967/237 646/1968/237 735/1969/237 822/1970/237 

g Mesh3 ___38_2 Model

v 293.091 6.89105e-08 -36.3845
v 293.091 6.89106e-08 -21.3207
v 290.091 6.89106e-08 -21.3207
v 290.091 6.89105e-08 -36.3845
f 823/4/1 824/3/2 825/2/2 826/1/1 

v 293.091 54.2181 -76.2397
v 293.091 54.5858 -75.9382
v 293.091 55.0105 -75.5899
v 293.091 55.4405 -75.2374
v 293.091 55.8238 -74.9232
v 293.091 56.1084 -74.6898
v 293.091 56.2425 -74.5798
v 293.091 56.2783 -74.4748
v 293.091 56.3053 -74.3484
v 293.091 56.3189 -74.2244
v 293.091 56.3195 -74.1047
v 293.091 56.3077 -73.9912
v 293.091 56.2841 -73.8858
v 293.091 56.249 -73.7904
v 293.091 56.2031 -73.707
v 293.091 55.9885 -73.4331
v 293.091 54.9242 -72.0887
v 293.091 53.1714 -69.8744
v 293.091 51.0053 -67.1382
v 293.091 48.7015 -64.228
v 293.091 46.5354 -61.4917
v 293.091 44.7825 -59.2774
v 293.091 43.7183 -57.9331
v 293.091 43.4972 -57.6565
v 293.091 43.4168 -57.5897
v 293.091 43.3231 -57.543
v 293.091 43.2193 -57.5165
v 293.091 43.1085 -57.5103
v 293.091 42.9939 -57.5243
v 293.091 42.8786 -57.5588
v 293.091 42.7658 -57.6136
v 293.091 42.6753 -57.6754
v 293.091 42.5435 -57.7779
v 293.091 42.2638 -57.9955
v 293.091 41.8871 -58.2885
v 293.091 41.4646 -58.6172
v 293.091 41.0471 -58.9419
v 293.091 40.6858 -59.223
v 293.091 40.4315 -59.4207
v 293.091 40.3355 -59.4954
v 293.091 29.5464 -45.6277
v 293.091 20.1065 -27.1368
v 293.091 20.2191 -27.0793
v 293.091 20.517 -26.9273
v 293.091 20.9405 -26.7112
v 293.091 21.4297 -26.4615
v 293.091 21.9249 -26.2087
v 293.091 22.3663 -25.9834
v 293.091 22.6941 -25.8161
v 293.091 22.8486 -25.7373
v 293.091 22.9083 -25.6475
v 293.091 22.9649 -25.537
v 293.091 23.0081 -25.4266
v 293.091 23.0379 -25.318
v 293.091 23.0544 -25.2132
v 293.091 23.0576 -25.1138
v 293.091 23.0476 -25.0217
v 293.091 23.0243 -24.9388
v 293.091 22.8869 -24.6566
v 293.091 22.2025 -23.2698
v 293.091 21.0752 -20.9857
v 293.091 19.6822 -18.1631
v 293.091 18.2006 -15.161
v 293.091 16.8076 -12.3384
v 293.091 15.6803 -10.0542
v 293.091 14.9959 -8.66747
v 293.091 14.8531 -8.38181
v 293.091 14.7929 -8.30862
v 293.091 14.7151 -8.25161
v 293.091 14.6228 -8.21132
v 293.091 14.5189 -8.18832
v 293.091 14.4064 -8.18314
v 293.091 14.2883 -8.19635
v 293.091 14.1676 -8.22848
v 293.091 14.0664 -8.27044
v 293.091 13.916 -8.34287
v 293.091 13.5967 -8.49662
v 293.091 13.1667 -8.70364
v 293.091 12.6844 -8.9359
v 293.091 12.2079 -9.16535
v 293.091 11.7954 -9.36396
v 293.091 11.5052 -9.50369
v 293.091 11.3956 -9.5565
v 293.091 11.206 -9.16972
v 293.091 10.7041 -8.1454
v 293.091 9.98983 -6.68756
v 293.091 9.16306 -5.0002
v 293.091 8.32379 -3.28734
v 293.091 7.57199 -1.75299
v 293.091 7.00762 -0.60117
v 293.091 6.73064 -0.0358832
v 293.091 6.65341 -0.0125437
v 293.091 6.39654 -0.0221968
v 293.091 5.99888 -0.0371405
v 293.091 5.51971 -0.0551472
v 293.091 5.01832 -0.0739893
v 293.091 4.55398 -0.0914392
v 293.091 4.18596 -0.105269
v 293.091 3.97355 -0.113251
v 293.091 3.54922 -0.148124
v 293.091 2.79647 -0.322685
v 293.091 2.1048 -0.628077
v 293.091 1.4879 -1.05007
v 293.091 0.959485 -1.57443
v 293.091 0.533266 -2.18693
v 293.091 0.222947 -2.87334
v 293.091 0.0422345 -3.61942
v 293.091 6.89106e-08 -4.46255
v 293.091 6.89108e-08 -7.74283
v 293.091 4.91842 -7.74283
v 293.091 4.91842 -10.6089
v 293.091 6.89108e-08 -10.6089
v 293.091 6.89106e-08 -38.2798
v 293.091 2.88787 -38.2798
v 293.091 8.92262 -38.2798
v 293.091 11.5497 -38.2798
v 293.091 12.0245 -38.2798
v 293.091 12.0245 -41.1458
v 293.091 6.89106e-08 -41.1458
v 293.091 6.89106e-08 -53.2008
v 293.091 6.89108e-08 -69.7668
v 293.091 6.89107e-08 -84.0795
v 293.091 6.89107e-08 -94.136
v 293.091 6.89107e-08 -97.9332
v 293.091 6.87402e-08 -101.73
v 293.091 6.82887e-08 -111.787
v 293.091 6.76462e-08 -126.1
v 293.091 6.69022e-08 -142.666
v 293.091 6.63604e-08 -154.721
v 293.091 12.0245 -154.721
v 293.091 12.0245 -157.587
v 293.091 11.5497 -157.587
v 293.091 8.92262 -157.587
v 293.091 2.88787 -157.587
v 293.091 6.62333e-08 -157.587
v 293.091 6.61469e-08 -159.482
v 293.091 6.54706e-08 -174.546
v 293.091 6.49916e-08 -185.258
v 293.091 4.91842 -185.258
v 293.091 4.91842 -188.124
v 293.091 6.4861e-08 -188.124
v 293.091 6.47137e-08 -191.404
v 293.091 0.0422345 -192.247
v 293.091 0.222947 -192.993
v 293.091 0.533266 -193.68
v 293.091 0.959485 -194.292
v 293.091 1.4879 -194.816
v 293.091 2.1048 -195.238
v 293.091 2.79647 -195.544
v 293.091 3.54922 -195.718
v 293.091 3.97355 -195.753
v 293.091 4.18596 -195.761
v 293.091 4.55398 -195.775
v 293.091 5.01832 -195.792
v 293.091 5.51971 -195.811
v 293.091 5.99888 -195.829
v 293.091 6.39654 -195.844
v 293.091 6.65341 -195.854
v 293.091 6.73064 -195.831
v 293.091 7.00762 -195.265
v 293.091 7.57199 -194.113
v 293.091 8.32379 -192.579
v 293.091 9.16306 -190.866
v 293.091 9.98983 -189.179
v 293.091 10.7041 -187.721
v 293.091 11.206 -186.697
v 293.091 11.3956 -186.31
v 293.091 11.5052 -186.363
v 293.091 11.7954 -186.503
v 293.091 12.2079 -186.701
v 293.091 12.6844 -186.931
v 293.091 13.1667 -187.163
v 293.091 13.5967 -187.37
v 293.091 13.916 -187.524
v 293.091 14.0664 -187.596
v 293.091 14.1676 -187.638
v 293.091 14.2883 -187.67
v 293.091 14.4064 -187.683
v 293.091 14.5189 -187.678
v 293.091 14.6228 -187.655
v 293.091 14.7151 -187.615
v 293.091 14.7929 -187.558
v 293.091 14.8531 -187.485
v 293.091 14.9959 -187.199
v 293.091 15.6803 -185.812
v 293.091 16.8076 -183.528
v 293.091 18.2006 -180.705
v 293.091 19.6822 -177.703
v 293.091 21.0752 -174.881
v 293.091 22.2025 -172.597
v 293.091 22.8869 -171.21
v 293.091 23.0243 -170.928
v 293.091 23.0476 -170.845
v 293.091 23.0576 -170.753
v 293.091 23.0544 -170.653
v 293.091 23.0379 -170.548
v 293.091 23.0081 -170.44
v 293.091 22.9649 -170.329
v 293.091 22.9083 -170.219
v 293.091 22.8486 -170.129
v 293.091 22.6941 -170.05
v 293.091 22.3663 -169.883
v 293.091 21.9249 -169.658
v 293.091 21.4297 -169.405
v 293.091 20.9405 -169.155
v 293.091 20.517 -168.939
v 293.091 20.2191 -168.787
v 293.091 20.1065 -168.73
v 293.091 29.5464 -150.239
v 293.091 40.3355 -136.371
v 293.091 40.4315 -136.446
v 293.091 40.6858 -136.644
v 293.091 41.0471 -136.925
v 293.091 41.4646 -137.249
v 293.091 41.8871 -137.578
v 293.091 42.2638 -137.871
v 293.091 42.5435 -138.089
v 293.091 42.6753 -138.191
v 293.091 42.7658 -138.253
v 293.091 42.8786 -138.308
v 293.091 42.9939 -138.342
v 293.091 43.1085 -138.356
v 293.091 43.2193 -138.35
v 293.091 43.3231 -138.323
v 293.091 43.4168 -138.277
v 293.091 43.4972 -138.21
v 293.091 43.7183 -137.933
v 293.091 44.7825 -136.589
v 293.091 46.5354 -134.375
v 293.091 48.7015 -131.639
v 293.091 51.0053 -128.728
v 293.091 53.1714 -125.992
v 293.091 54.9242 -123.778
v 293.091 55.9885 -122.433
v 293.091 56.2031 -122.159
v 293.091 56.249 -122.076
v 293.091 56.2841 -121.981
v 293.091 56.3077 -121.875
v 293.091 56.3195 -121.762
v 293.091 56.3189 -121.642
v 293.091 56.3053 -121.518
v 293.091 56.2783 -121.392
v 293.091 56.2425 -121.287
v 293.091 56.1084 -121.177
v 293.091 55.8238 -120.943
v 293.091 55.4405 -120.629
v 293.091 55.0105 -120.277
v 293.091 54.5858 -119.928
v 293.091 54.2181 -119.627
v 293.091 53.9594 -119.415
v 293.091 53.8617 -119.335
v 293.091 54.4128 -118.635
v 293.091 55.8723 -116.784
v 293.091 57.9495 -114.149
v 293.091 60.3537 -111.099
v 293.091 62.7943 -108.004
v 293.091 64.9805 -105.23
v 293.091 66.6217 -103.149
v 293.091 67.4272 -102.127
v 293.091 67.488 -102.05
v 293.091 67.5809 -101.924
v 293.091 67.718 -101.707
v 293.091 67.8713 -101.411
v 293.091 68.0132 -101.047
v 293.091 68.116 -100.624
v 293.091 68.1518 -100.155
v 293.091 68.0929 -99.649
v 293.091 67.7019 -99.3856
v 293.091 65.4027 -99.3856
v 293.091 61.4193 -99.3856
v 293.091 56.3932 -99.3856
v 293.091 50.9661 -99.3856
v 293.091 45.7796 -99.3856
v 293.091 41.4753 -99.3856
v 293.091 38.695 -99.3856
v 293.091 37.9958 -99.3817
v 293.091 37.9985 -99.2957
v 293.091 38.0039 -99.1205
v 293.091 38.0111 -98.887
v 293.091 38.0192 -98.6264
v 293.091 38.0272 -98.3697
v 293.091 38.0341 -98.1479
v 293.091 38.0389 -97.9921
v 293.091 38.0407 -97.9332
v 293.091 38.0389 -97.8744
v 293.091 38.0341 -97.7185
v 293.091 38.0272 -97.4967
v 293.091 38.0192 -97.24
v 293.091 38.0111 -96.9794
v 293.091 38.0039 -96.746
v 293.091 37.9985 -96.5708
v 293.091 37.9958 -96.4848
v 293.091 38.695 -96.4808
v 293.091 41.4753 -96.4808
v 293.091 45.7796 -96.4808
v 293.091 50.9661 -96.4808
v 293.091 56.3932 -96.4808
v 293.091 61.4193 -96.4808
v 293.091 65.4027 -96.4808
v 293.091 67.7019 -96.4808
v 293.091 68.0929 -96.2175
v 293.091 68.1518 -95.7116
v 293.091 68.116 -95.2421
v 293.091 68.0132 -94.8199
v 293.091 67.8713 -94.4555
v 293.091 67.718 -94.1596
v 293.091 67.5809 -93.9429
v 293.091 67.488 -93.816
v 293.091 67.4272 -93.7396
v 293.091 66.6217 -92.7179
v 293.091 64.9805 -90.6361
v 293.091 62.7943 -87.8629
v 293.091 60.3537 -84.767
v 293.091 57.9495 -81.7173
v 293.091 55.8723 -79.0823
v 293.091 54.4128 -77.231
v 293.091 53.8617 -76.5319
v 293.091 53.9594 -76.4518
f 827/1228/3 828/1227/3 829/1226/3 830/1225/3 831/1224/3 832/1223/3 833/1222/3 834/1221/3 835/1220/3 836/1219/3 837/1218/3 838/1217/3 839/1216/3 840/1215/3 841/1214/3 842/1213/3 843/1212/3 844/1211/3 845/1210/3 846/1209/3 847/1208/3 848/1207/3 849/1206/3 850/1205/3 851/1204/3 852/1203/3 853/1202/3 854/1201/3 855/1200/3 856/1199/3 857/1198/3 858/1197/3 859/1196/3 860/1195/3 861/1194/3 862/1193/3 863/1192/3 864/1191/3 865/1190/3 866/1189/3 867/1188/3 868/1187/3 869/1186/3 870/1185/3 871/1184/3 872/1183/3 873/1182/3 874/1181/3 875/1180/3 876/1179/3 877/1178/3 878/1177/3 879/1176/3 880/1175/3 881/1174/3 882/1173/3 883/1172/3 884/1171/3 885/1170/3 886/1169/3 887/1168/3 888/1167/3 889/1166/3 890/1165/3 891/1164/3 892/1163/3 893/1162/3 894/1161/3 895/1160/3 896/1159/3 897/1158/3 898/1157/3 899/1156/3 900/1155/3 901/1154/3 902/1153/3 903/1152/3 904/1151/3 905/1150/3 906/1149/3 907/1148/3 908/1147/3 909/1146/3 910/1145/3 911/1144/3 912/1143/3 913/1142/3 914/1141/3 915/1140/3 916/1139/3 917/1138/3 918/98/3 919/1137/3 920/1136/3 921/1135/3 922/1134/3 923/1133/3 924/1132/3 925/1131/3 926/1130/3 927/1129/3 928/1128/3 929/1127/3 930/1126/3 931/1125/3 932/1124/3 933/1123/3 934/1122/3 935/1121/3 936/1120/3 937/1119/3 938/1118/3 824/1117/3 823/1116/3 939/1115/3 940/1114/3 941/1113/3 942/1112/3 943/1111/3 944/1110/3 945/1109/3 946/1108/3 947/1107/3 948/1106/3 949/1105/3 950/1104/3 951/1103/3 952/1102/3 953/1101/3 954/1100/3 955/1099/3 956/1098/3 957/1097/3 958/1096/3 959/1095/3 960/1094/3 961/1093/3 962/1092/3 963/1091/3 964/1090/3 965/1089/3 966/1088/3 967/1087/3 968/1086/3 969/1085/3 970/1084/3 971/1083/3 972/1082/3 973/1081/3 974/1080/3 975/1079/3 976/1078/3 977/1077/3 978/1076/3 979/1075/3 980/1074/3 981/1073/3 982/1072/3 983/1071/3 984/1070/3 985/1069/3 986/1068/3 987/1067/3 988/1066/3 989/1065/3 990/1064/3 991/1063/3 992/1062/3 993/1061/3 994/1060/3 995/1059/3 996/1058/3 997/1057/3 998/1056/3 999/1055/3 1000/1054/3 1001/1053/3 1002/1052/3 1003/1051/3 1004/1050/3 1005/1049/3 1006/1048/3 1007/1047/3 1008/1046/3 1009/1045/3 1010/1044/3 1011/1043/3 1012/1042/3 1013/1041/3 1014/1040/3 1015/1039/3 1016/1038/3 1017/1037/3 1018/1036/3 1019/1035/3 1020/1034/3 1021/1033/3 1022/1032/3 1023/1031/3 1024/1030/3 1025/1029/3 1026/1028/3 1027/1027/3 1028/1026/3 1029/1025/3 1030/1024/3 1031/1023/3 1032/1022/3 1033/1021/3 1034/1020/3 1035/1019/3 1036/1018/3 1037/1017/3 1038/1016/3 1039/1015/3 1040/1014/3 1041/1013/3 1042/1012/3 1043/1011/3 1044/1010/3 1045/1009/3 1046/1008/3 1047/1007/3 1048/1006/3 1049/1005/3 1050/1004/3 1051/1003/3 1052/1002/3 1053/1001/3 1054/1000/3 1055/999/3 1056/998/3 1057/997/3 1058/996/3 1059/995/3 1060/994/3 1061/993/3 1062/992/3 1063/991/3 1064/990/3 1065/989/3 1066/988/3 1067/987/3 1068/986/3 1069/985/3 1070/984/3 1071/983/3 1072/982/3 1073/981/3 1074/980/3 1075/979/3 1076/978/3 1077/977/3 1078/976/3 1079/975/3 1080/974/3 1081/973/3 1082/972/3 1083/971/3 1084/970/3 1085/969/3 1086/968/3 1087/967/3 1088/966/3 1089/965/3 1090/964/3 1091/963/3 1092/962/3 1093/961/3 1094/960/3 1095/959/3 1096/958/3 1097/957/3 1098/956/3 1099/955/3 1100/954/3 1101/953/3 1102/952/3 1103/951/3 1104/950/3 1105/949/3 1106/948/3 1107/947/3 1108/946/3 1109/945/3 1110/944/3 1111/943/3 1112/942/3 1113/941/3 1114/940/3 1115/939/3 1116/938/3 1117/937/3 1118/936/3 1119/935/3 1120/934/3 1121/933/3 1122/932/3 1123/931/3 1124/930/3 1125/929/3 1126/928/3 1127/927/3 1128/926/3 1129/925/3 1130/924/3 1131/923/3 1132/922/3 1133/921/3 1134/920/3 1135/919/3 1136/918/3 1137/917/3 1138/916/3 1139/915/3 1140/914/3 1141/913/3 1142/912/3 1143/911/3 1144/910/3 

v 290.091 54.2181 -76.2397
v 290.091 54.5858 -75.9382
f 828/1562/4 827/1564/4 1145/1563/4 1146/1561/4 

v 290.091 53.9594 -76.4518
f 827/1564/4 1144/328/4 1147/325/4 1145/1563/4 

v 290.091 53.8617 -76.5319
f 1144/328/4 1143/327/4 1148/326/4 1147/325/4 

v 290.091 54.4128 -77.231
f 1143/332/5 1142/331/5 1149/330/5 1148/329/5 

v 290.091 55.8723 -79.0823
f 1142/331/5 1141/334/5 1150/333/5 1149/330/5 

v 290.091 57.9495 -81.7173
f 1141/334/5 1140/336/5 1151/335/5 1150/333/5 

v 290.091 60.3537 -84.767
f 1140/336/5 1139/338/5 1152/337/5 1151/335/5 

v 290.091 62.7943 -87.8629
f 1139/338/5 1138/340/5 1153/339/5 1152/337/5 

v 290.091 64.9805 -90.6361
f 1138/340/5 1137/342/5 1154/341/5 1153/339/5 

v 290.091 66.6217 -92.7179
f 1137/342/5 1136/344/5 1155/343/5 1154/341/5 

v 290.091 67.4272 -93.7396
f 1136/344/5 1135/346/6 1156/345/6 1155/343/5 

v 290.091 67.488 -93.816
f 1135/350/6 1134/349/7 1157/348/7 1156/347/6 

v 290.091 67.5809 -93.9429
f 1134/354/7 1133/353/8 1158/352/8 1157/351/7 

v 290.091 67.718 -94.1596
f 1133/358/8 1132/357/9 1159/356/9 1158/355/8 

v 290.091 67.8713 -94.4555
f 1132/362/9 1131/361/10 1160/360/10 1159/359/9 

v 290.091 68.0132 -94.8199
f 1131/366/10 1130/365/11 1161/364/11 1160/363/10 

v 290.091 68.116 -95.2421
f 1130/370/11 1129/369/12 1162/368/12 1161/367/11 

v 290.091 68.1518 -95.7116
f 1129/374/12 1128/373/13 1163/372/13 1162/371/12 

v 290.091 68.0929 -96.2175
f 1128/378/13 1127/377/14 1164/376/14 1163/375/13 

v 290.091 67.7019 -96.4808
f 1127/382/15 1126/381/15 1165/380/15 1164/379/15 

v 290.091 65.4027 -96.4808
f 1126/386/16 1125/385/16 1166/384/16 1165/383/16 

v 290.091 61.4193 -96.4808
f 1125/385/16 1124/388/16 1167/387/16 1166/384/16 

v 290.091 56.3932 -96.4808
f 1124/388/16 1123/390/16 1168/389/16 1167/387/16 

v 290.091 50.9661 -96.4808
f 1123/390/16 1122/392/16 1169/391/16 1168/389/16 

v 290.091 45.7796 -96.4808
f 1122/392/16 1121/394/16 1170/393/16 1169/391/16 

v 290.091 41.4753 -96.4808
f 1121/394/16 1120/396/16 1171/395/16 1170/393/16 

v 290.091 38.695 -96.4808
f 1120/396/16 1119/398/17 1172/397/17 1171/395/16 

v 290.091 37.9958 -96.4848
f 1119/402/17 1118/401/18 1173/400/18 1172/399/17 

v 290.091 37.9985 -96.5708
f 1118/406/19 1117/405/19 1174/404/19 1173/403/19 

v 290.091 38.0039 -96.746
f 1117/405/19 1116/408/19 1175/407/19 1174/404/19 

v 290.091 38.0111 -96.9794
f 1116/408/19 1115/410/19 1176/409/19 1175/407/19 

v 290.091 38.0192 -97.24
f 1115/410/19 1114/412/19 1177/411/19 1176/409/19 

v 290.091 38.0272 -97.4967
f 1114/412/19 1113/414/19 1178/413/19 1177/411/19 

v 290.091 38.0341 -97.7185
f 1113/414/19 1112/416/19 1179/415/19 1178/413/19 

v 290.091 38.0389 -97.8744
f 1112/416/19 1111/418/19 1180/417/19 1179/415/19 

v 290.091 38.0407 -97.9332
f 1111/418/19 1110/420/20 1181/419/20 1180/417/19 

v 290.091 38.0389 -97.9921
f 1110/424/20 1109/423/21 1182/422/21 1181/421/20 

v 290.091 38.0341 -98.1479
f 1109/423/21 1108/426/22 1183/425/22 1182/422/21 

v 290.091 38.0272 -98.3697
f 1108/426/22 1107/428/22 1184/427/22 1183/425/22 

v 290.091 38.0192 -98.6264
f 1107/428/22 1106/430/22 1185/429/22 1184/427/22 

v 290.091 38.0111 -98.887
f 1106/430/22 1105/432/22 1186/431/22 1185/429/22 

v 290.091 38.0039 -99.1205
f 1105/432/22 1104/434/22 1187/433/22 1186/431/22 

v 290.091 37.9985 -99.2957
f 1104/434/22 1103/436/22 1188/435/22 1187/433/22 

v 290.091 37.9958 -99.3817
f 1103/436/22 1102/438/22 1189/437/22 1188/435/22 

v 290.091 38.695 -99.3856
f 1102/442/23 1101/441/24 1190/440/24 1189/439/23 

v 290.091 41.4753 -99.3856
f 1101/446/24 1100/445/25 1191/444/25 1190/443/24 

v 290.091 45.7796 -99.3856
f 1100/445/25 1099/448/26 1192/447/26 1191/444/25 

v 290.091 50.9661 -99.3856
f 1099/448/26 1098/450/27 1193/449/27 1192/447/26 

v 290.091 56.3932 -99.3856
f 1098/450/27 1097/452/28 1194/451/28 1193/449/27 

v 290.091 61.4193 -99.3856
f 1097/452/28 1096/454/29 1195/453/29 1194/451/28 

v 290.091 65.4027 -99.3856
f 1096/454/29 1095/456/30 1196/455/30 1195/453/29 

v 290.091 67.7019 -99.3856
f 1095/456/30 1094/458/31 1197/457/31 1196/455/30 

v 290.091 68.0929 -99.649
f 1094/462/32 1093/461/32 1198/460/32 1197/459/32 

v 290.091 68.1518 -100.155
f 1093/466/33 1092/465/34 1199/464/34 1198/463/33 

v 290.091 68.116 -100.624
f 1092/470/34 1091/469/35 1200/468/35 1199/467/34 

v 290.091 68.0132 -101.047
f 1091/474/35 1090/473/36 1201/472/36 1200/471/35 

v 290.091 67.8713 -101.411
f 1090/478/36 1089/477/37 1202/476/37 1201/475/36 

v 290.091 67.718 -101.707
f 1089/482/37 1088/481/38 1203/480/38 1202/479/37 

v 290.091 67.5809 -101.924
f 1088/486/38 1087/485/39 1204/484/39 1203/483/38 

v 290.091 67.488 -102.05
f 1087/490/39 1086/489/40 1205/488/40 1204/487/39 

v 290.091 67.4272 -102.127
f 1086/494/40 1085/493/41 1206/492/41 1205/491/40 

v 290.091 66.6217 -103.149
f 1085/498/41 1084/497/42 1207/496/42 1206/495/41 

v 290.091 64.9805 -105.23
f 1084/497/42 1083/500/42 1208/499/42 1207/496/42 

v 290.091 62.7943 -108.004
f 1083/500/42 1082/502/42 1209/501/42 1208/499/42 

v 290.091 60.3537 -111.099
f 1082/502/42 1081/504/42 1210/503/42 1209/501/42 

v 290.091 57.9495 -114.149
f 1081/504/42 1080/506/42 1211/505/42 1210/503/42 

v 290.091 55.8723 -116.784
f 1080/506/42 1079/508/42 1212/507/42 1211/505/42 

v 290.091 54.4128 -118.635
f 1079/508/42 1078/510/42 1213/509/42 1212/507/42 

v 290.091 53.8617 -119.335
f 1078/510/42 1077/512/42 1214/511/42 1213/509/42 

v 290.091 53.9594 -119.415
f 1077/516/43 1076/515/43 1215/514/43 1214/513/43 

v 290.091 54.2181 -119.627
f 1076/515/43 1075/518/43 1216/517/43 1215/514/43 

v 290.091 54.5858 -119.928
f 1075/518/43 1074/520/43 1217/519/43 1216/517/43 

v 290.091 55.0105 -120.277
f 1074/520/43 1073/522/43 1218/521/43 1217/519/43 

v 290.091 55.4405 -120.629
f 1073/522/43 1072/524/43 1219/523/43 1218/521/43 

v 290.091 55.8238 -120.943
f 1072/524/43 1071/526/43 1220/525/43 1219/523/43 

v 290.091 56.1084 -121.177
f 1071/526/43 1070/528/43 1221/527/43 1220/525/43 

v 290.091 56.2425 -121.287
f 1070/528/43 1069/530/43 1222/529/43 1221/527/43 

v 290.091 56.2783 -121.392
f 1069/534/44 1068/533/45 1223/532/45 1222/531/44 

v 290.091 56.3053 -121.518
f 1068/538/45 1067/537/46 1224/536/46 1223/535/45 

v 290.091 56.3189 -121.642
f 1067/542/46 1066/541/47 1225/540/47 1224/539/46 

v 290.091 56.3195 -121.762
f 1066/546/47 1065/545/48 1226/544/48 1225/543/47 

v 290.091 56.3077 -121.875
f 1065/550/48 1064/549/49 1227/548/49 1226/547/48 

v 290.091 56.2841 -121.981
f 1064/554/49 1063/553/50 1228/552/50 1227/551/49 

v 290.091 56.249 -122.076
f 1063/558/50 1062/557/51 1229/556/51 1228/555/50 

v 290.091 56.2031 -122.159
f 1062/562/51 1061/561/52 1230/560/52 1229/559/51 

v 290.091 55.9885 -122.433
f 1061/566/52 1060/565/53 1231/564/53 1230/563/52 

v 290.091 54.9242 -123.778
f 1060/570/53 1059/569/54 1232/568/54 1231/567/53 

v 290.091 53.1714 -125.992
f 1059/569/54 1058/572/54 1233/571/54 1232/568/54 

v 290.091 51.0053 -128.728
f 1058/572/54 1057/574/54 1234/573/54 1233/571/54 

v 290.091 48.7015 -131.639
f 1057/574/54 1056/576/54 1235/575/54 1234/573/54 

v 290.091 46.5354 -134.375
f 1056/576/54 1055/578/54 1236/577/54 1235/575/54 

v 290.091 44.7825 -136.589
f 1055/578/54 1054/580/54 1237/579/54 1236/577/54 

v 290.091 43.7183 -137.933
f 1054/580/54 1053/582/55 1238/581/55 1237/579/54 

v 290.091 43.4972 -138.21
f 1053/586/55 1052/585/56 1239/584/56 1238/583/55 

v 290.091 43.4168 -138.277
f 1052/590/56 1051/589/57 1240/588/57 1239/587/56 

v 290.091 43.3231 -138.323
f 1051/594/57 1050/593/58 1241/592/58 1240/591/57 

v 290.091 43.2193 -138.35
f 1050/598/58 1049/597/59 1242/596/59 1241/595/58 

v 290.091 43.1085 -138.356
f 1049/602/59 1048/601/60 1243/600/60 1242/599/59 

v 290.091 42.9939 -138.342
f 1048/606/60 1047/605/61 1244/604/61 1243/603/60 

v 290.091 42.8786 -138.308
f 1047/610/61 1046/609/62 1245/608/62 1244/607/61 

v 290.091 42.7658 -138.253
f 1046/614/62 1045/613/63 1246/612/63 1245/611/62 

v 290.091 42.6753 -138.191
f 1045/618/63 1044/617/64 1247/616/64 1246/615/63 

v 290.091 42.5435 -138.089
f 1044/622/64 1043/621/65 1248/620/65 1247/619/64 

v 290.091 42.2638 -137.871
f 1043/621/65 1042/624/65 1249/623/65 1248/620/65 

v 290.091 41.8871 -137.578
f 1042/624/65 1041/626/65 1250/625/65 1249/623/65 

v 290.091 41.4646 -137.249
f 1041/626/65 1040/628/65 1251/627/65 1250/625/65 

v 290.091 41.0471 -136.925
f 1040/628/65 1039/630/65 1252/629/65 1251/627/65 

v 290.091 40.6858 -136.644
f 1039/630/65 1038/632/65 1253/631/65 1252/629/65 

v 290.091 40.4315 -136.446
f 1038/632/65 1037/634/65 1254/633/65 1253/631/65 

v 290.091 40.3355 -136.371
f 1037/634/65 1036/636/65 1255/635/65 1254/633/65 

v 290.091 29.5464 -150.239
f 1036/640/66 1035/639/67 1256/638/67 1255/637/66 

v 290.091 20.1065 -168.73
f 1035/644/67 1034/643/68 1257/642/68 1256/641/67 

v 290.091 20.2191 -168.787
f 1034/648/69 1033/647/69 1258/646/69 1257/645/69 

v 290.091 20.517 -168.939
f 1033/647/69 1032/650/69 1259/649/69 1258/646/69 

v 290.091 20.9405 -169.155
f 1032/650/69 1031/652/69 1260/651/69 1259/649/69 

v 290.091 21.4297 -169.405
f 1031/652/69 1030/654/69 1261/653/69 1260/651/69 

v 290.091 21.9249 -169.658
f 1030/654/69 1029/656/69 1262/655/69 1261/653/69 

v 290.091 22.3663 -169.883
f 1029/656/69 1028/658/69 1263/657/69 1262/655/69 

v 290.091 22.6941 -170.05
f 1028/658/69 1027/660/69 1264/659/69 1263/657/69 

v 290.091 22.8486 -170.129
f 1027/660/69 1026/662/69 1265/661/69 1264/659/69 

v 290.091 22.9083 -170.219
f 1026/666/70 1025/665/71 1266/664/71 1265/663/70 

v 290.091 22.9649 -170.329
f 1025/670/71 1024/669/72 1267/668/72 1266/667/71 

v 290.091 23.0081 -170.44
f 1024/674/72 1023/673/73 1268/672/73 1267/671/72 

v 290.091 23.0379 -170.548
f 1023/678/73 1022/677/74 1269/676/74 1268/675/73 

v 290.091 23.0544 -170.653
f 1022/682/74 1021/681/75 1270/680/75 1269/679/74 

v 290.091 23.0576 -170.753
f 1021/686/75 1020/685/76 1271/684/76 1270/683/75 

v 290.091 23.0476 -170.845
f 1020/690/76 1019/689/77 1272/688/77 1271/687/76 

v 290.091 23.0243 -170.928
f 1019/694/77 1018/693/78 1273/692/78 1272/691/77 

v 290.091 22.8869 -171.21
f 1018/698/78 1017/697/79 1274/696/79 1273/695/78 

v 290.091 22.2025 -172.597
f 1017/702/79 1016/701/80 1275/700/80 1274/699/79 

v 290.091 21.0752 -174.881
f 1016/701/80 1015/704/80 1276/703/80 1275/700/80 

v 290.091 19.6822 -177.703
f 1015/704/80 1014/706/80 1277/705/80 1276/703/80 

v 290.091 18.2006 -180.705
f 1014/706/80 1013/708/80 1278/707/80 1277/705/80 

v 290.091 16.8076 -183.528
f 1013/708/80 1012/710/80 1279/709/80 1278/707/80 

v 290.091 15.6803 -185.812
f 1012/710/80 1011/712/80 1280/711/80 1279/709/80 

v 290.091 14.9959 -187.199
f 1011/712/80 1010/714/81 1281/713/81 1280/711/80 

v 290.091 14.8531 -187.485
f 1010/718/81 1009/717/82 1282/716/82 1281/715/81 

v 290.091 14.7929 -187.558
f 1009/722/82 1008/721/83 1283/720/83 1282/719/82 

v 290.091 14.7151 -187.615
f 1008/726/83 1007/725/84 1284/724/84 1283/723/83 

v 290.091 14.6228 -187.655
f 1007/730/84 1006/729/85 1285/728/85 1284/727/84 

v 290.091 14.5189 -187.678
f 1006/734/85 1005/733/86 1286/732/86 1285/731/85 

v 290.091 14.4064 -187.683
f 1005/738/86 1004/737/87 1287/736/87 1286/735/86 

v 290.091 14.2883 -187.67
f 1004/742/87 1003/741/88 1288/740/88 1287/739/87 

v 290.091 14.1676 -187.638
f 1003/746/88 1002/745/89 1289/744/89 1288/743/88 

v 290.091 14.0664 -187.596
f 1002/750/89 1001/749/90 1290/748/90 1289/747/89 

v 290.091 13.916 -187.524
f 1001/754/90 1000/753/91 1291/752/91 1290/751/90 

v 290.091 13.5967 -187.37
f 1000/753/91 999/756/91 1292/755/91 1291/752/91 

v 290.091 13.1667 -187.163
f 999/756/91 998/758/91 1293/757/91 1292/755/91 

v 290.091 12.6844 -186.931
f 998/758/91 997/760/91 1294/759/91 1293/757/91 

v 290.091 12.2079 -186.701
f 997/760/91 996/762/91 1295/761/91 1294/759/91 

v 290.091 11.7954 -186.503
f 996/762/91 995/764/91 1296/763/91 1295/761/91 

v 290.091 11.5052 -186.363
f 995/764/91 994/766/91 1297/765/91 1296/763/91 

v 290.091 11.3956 -186.31
f 994/766/91 993/768/91 1298/767/91 1297/765/91 

v 290.091 11.206 -186.697
f 993/772/92 992/771/92 1299/770/92 1298/769/92 

v 290.091 10.7041 -187.721
f 992/771/92 991/774/92 1300/773/92 1299/770/92 

v 290.091 9.98983 -189.179
f 991/774/92 990/776/92 1301/775/92 1300/773/92 

v 290.091 9.16306 -190.866
f 990/776/92 989/778/92 1302/777/92 1301/775/92 

v 290.091 8.32379 -192.579
f 989/778/92 988/780/92 1303/779/92 1302/777/92 

v 290.091 7.57199 -194.113
f 988/780/92 987/782/92 1304/781/92 1303/779/92 

v 290.091 7.00762 -195.265
f 987/782/92 986/784/92 1305/783/92 1304/781/92 

v 290.091 6.73064 -195.831
f 986/784/92 985/786/92 1306/785/92 1305/783/92 

v 290.091 6.65341 -195.854
f 985/790/93 984/789/94 1307/788/94 1306/787/93 

v 290.091 6.39654 -195.844
f 984/794/94 983/793/95 1308/792/95 1307/791/94 

v 290.091 5.99888 -195.829
f 983/793/95 982/796/95 1309/795/95 1308/792/95 

v 290.091 5.51971 -195.811
f 982/796/95 981/798/95 1310/797/95 1309/795/95 

v 290.091 5.01832 -195.792
f 981/798/95 980/800/95 1311/799/95 1310/797/95 

v 290.091 4.55398 -195.775
f 980/800/95 979/802/95 1312/801/95 1311/799/95 

v 290.091 4.18596 -195.761
f 979/802/95 978/804/95 1313/803/95 1312/801/95 

v 290.091 3.97355 -195.753
f 978/804/95 977/806/96 1314/805/96 1313/803/95 

v 290.091 3.54922 -195.718
f 977/810/96 976/809/97 1315/808/97 1314/807/96 

v 290.091 2.79647 -195.544
f 976/814/97 975/813/98 1316/812/98 1315/811/97 

v 290.091 2.1048 -195.238
f 975/818/98 974/817/99 1317/816/99 1316/815/98 

v 290.091 1.4879 -194.816
f 974/822/99 973/821/100 1318/820/100 1317/819/99 

v 290.091 0.959485 -194.292
f 973/826/100 972/825/101 1319/824/101 1318/823/100 

v 290.091 0.533266 -193.68
f 972/830/101 971/829/102 1320/828/102 1319/827/101 

v 290.091 0.222947 -192.993
f 971/834/102 970/833/103 1321/832/103 1320/831/102 

v 290.091 0.0422345 -192.247
f 970/838/103 969/837/104 1322/836/104 1321/835/103 

v 290.091 6.47137e-08 -191.404
f 969/842/104 968/841/105 1323/840/105 1322/839/104 

v 290.091 6.4861e-08 -188.124
f 968/150/105 967/845/106 1324/844/106 1323/843/105 

v 290.091 4.91842 -188.124
f 967/849/26 966/848/26 1325/847/26 1324/846/26 

v 290.091 4.91842 -185.258
f 966/845/107 965/851/107 1326/850/107 1325/844/107 

v 290.091 6.49916e-08 -185.258
f 965/855/108 964/854/108 1327/853/108 1326/852/108 

v 290.091 6.54706e-08 -174.546
f 964/851/109 963/857/110 1328/856/110 1327/850/109 

v 290.091 6.61469e-08 -159.482
f 963/857/110 962/859/111 1329/858/111 1328/856/110 

v 290.091 6.62333e-08 -157.587
f 962/859/111 961/861/112 1330/860/112 1329/858/111 

v 290.091 2.88787 -157.587
f 961/865/113 960/864/114 1331/863/114 1330/862/113 

v 290.091 8.92262 -157.587
f 960/864/114 959/867/115 1332/866/115 1331/863/114 

v 290.091 11.5497 -157.587
f 959/867/115 958/869/116 1333/868/116 1332/866/115 

v 290.091 12.0245 -157.587
f 958/869/116 957/871/117 1334/870/117 1333/868/116 

v 290.091 12.0245 -154.721
f 957/861/118 956/873/118 1335/872/118 1334/860/118 

v 290.091 6.63604e-08 -154.721
f 956/877/119 955/876/119 1336/875/119 1335/874/119 

v 290.091 6.69022e-08 -142.666
f 955/873/120 954/879/121 1337/878/121 1336/872/120 

v 290.091 6.76462e-08 -126.1
f 954/879/121 953/881/122 1338/880/122 1337/878/121 

v 290.091 6.82887e-08 -111.787
f 953/881/122 952/883/123 1339/882/123 1338/880/122 

v 290.091 6.87402e-08 -101.73
f 952/883/123 951/885/124 1340/884/124 1339/882/123 

v 290.091 6.89107e-08 -97.9332
f 951/885/124 950/887/125 1341/886/125 1340/884/124 

v 290.091 6.89107e-08 -94.136
f 950/887/125 949/889/126 1342/888/126 1341/886/125 

v 290.091 6.89107e-08 -84.0795
f 949/889/126 948/891/127 1343/890/127 1342/888/126 

v 290.091 6.89108e-08 -69.7668
f 948/891/127 947/893/128 1344/892/128 1343/890/127 

v 290.091 6.89106e-08 -53.2008
f 947/893/128 946/895/129 1345/894/129 1344/892/128 

v 290.091 6.89106e-08 -41.1458
f 946/895/129 945/897/126 1346/896/126 1345/894/129 

v 290.091 12.0245 -41.1458
f 945/899/130 944/871/130 1347/870/130 1346/898/130 

v 290.091 12.0245 -38.2798
f 944/897/126 943/901/126 1348/900/126 1347/896/126 

v 290.091 11.5497 -38.2798
f 943/877/16 942/903/16 1349/902/16 1348/874/16 

v 290.091 8.92262 -38.2798
f 942/903/16 941/905/16 1350/904/16 1349/902/16 

v 290.091 2.88787 -38.2798
f 941/905/16 940/907/16 1351/906/16 1350/904/16 

v 290.091 6.89106e-08 -38.2798
f 940/907/16 939/909/16 1352/908/16 1351/906/16 

f 939/901/131 823/4/1 826/1/1 1352/900/131 

v 290.091 6.89108e-08 -10.6089
v 290.091 4.91842 -10.6089
v 290.091 4.91842 -7.74283
v 290.091 6.89108e-08 -7.74283
v 290.091 6.89106e-08 -4.46255
v 290.091 0.0422345 -3.61942
v 290.091 0.222947 -2.87334
v 290.091 0.533266 -2.18693
v 290.091 0.959485 -1.57443
v 290.091 1.4879 -1.05007
v 290.091 2.1048 -0.628077
v 290.091 2.79647 -0.322685
v 290.091 3.54922 -0.148124
v 290.091 3.97355 -0.113251
v 290.091 4.18596 -0.105269
v 290.091 4.55398 -0.0914392
v 290.091 5.01832 -0.0739893
v 290.091 5.51971 -0.0551472
v 290.091 5.99888 -0.0371405
v 290.091 6.39654 -0.0221968
v 290.091 6.65341 -0.0125437
v 290.091 6.73064 -0.0358832
v 290.091 7.00762 -0.60117
v 290.091 7.57199 -1.75299
v 290.091 8.32379 -3.28734
v 290.091 9.16306 -5.0002
v 290.091 9.98983 -6.68756
v 290.091 10.7041 -8.1454
v 290.091 11.206 -9.16972
v 290.091 11.3956 -9.5565
v 290.091 11.5052 -9.50369
v 290.091 11.7954 -9.36396
v 290.091 12.2079 -9.16535
v 290.091 12.6844 -8.9359
v 290.091 13.1667 -8.70364
v 290.091 13.5967 -8.49662
v 290.091 13.916 -8.34287
v 290.091 14.0664 -8.27044
v 290.091 14.1676 -8.22848
v 290.091 14.2883 -8.19635
v 290.091 14.4064 -8.18314
v 290.091 14.5189 -8.18832
v 290.091 14.6228 -8.21132
v 290.091 14.7151 -8.25161
v 290.091 14.7929 -8.30862
v 290.091 14.8531 -8.38181
v 290.091 14.9959 -8.66747
v 290.091 15.6803 -10.0542
v 290.091 16.8076 -12.3384
v 290.091 18.2006 -15.161
v 290.091 19.6822 -18.1631
v 290.091 21.0752 -20.9857
v 290.091 22.2025 -23.2698
v 290.091 22.8869 -24.6566
v 290.091 23.0243 -24.9388
v 290.091 23.0476 -25.0217
v 290.091 23.0576 -25.1138
v 290.091 23.0544 -25.2132
v 290.091 23.0379 -25.318
v 290.091 23.0081 -25.4266
v 290.091 22.9649 -25.537
v 290.091 22.9083 -25.6475
v 290.091 22.8486 -25.7373
v 290.091 22.6941 -25.8161
v 290.091 22.3663 -25.9834
v 290.091 21.9249 -26.2087
v 290.091 21.4297 -26.4615
v 290.091 20.9405 -26.7112
v 290.091 20.517 -26.9273
v 290.091 20.2191 -27.0793
v 290.091 20.1065 -27.1368
v 290.091 29.5464 -45.6277
v 290.091 40.3355 -59.4954
v 290.091 40.4315 -59.4207
v 290.091 40.6858 -59.223
v 290.091 41.0471 -58.9419
v 290.091 41.4646 -58.6172
v 290.091 41.8871 -58.2885
v 290.091 42.2638 -57.9955
v 290.091 42.5435 -57.7779
v 290.091 42.6753 -57.6754
v 290.091 42.7658 -57.6136
v 290.091 42.8786 -57.5588
v 290.091 42.9939 -57.5243
v 290.091 43.1085 -57.5103
v 290.091 43.2193 -57.5165
v 290.091 43.3231 -57.543
v 290.091 43.4168 -57.5897
v 290.091 43.4972 -57.6565
v 290.091 43.7183 -57.9331
v 290.091 44.7825 -59.2774
v 290.091 46.5354 -61.4917
v 290.091 48.7015 -64.228
v 290.091 51.0053 -67.1382
v 290.091 53.1714 -69.8744
v 290.091 54.9242 -72.0887
v 290.091 55.9885 -73.4331
v 290.091 56.2031 -73.707
v 290.091 56.249 -73.7904
v 290.091 56.2841 -73.8858
v 290.091 56.3077 -73.9912
v 290.091 56.3195 -74.1047
v 290.091 56.3189 -74.2244
v 290.091 56.3053 -74.3484
v 290.091 56.2783 -74.4748
v 290.091 56.2425 -74.5798
v 290.091 56.1084 -74.6898
v 290.091 55.8238 -74.9232
v 290.091 55.4405 -75.2374
v 290.091 55.0105 -75.5899
f 1149/324/132 1150/323/132 1151/322/132 1152/321/132 1153/320/132 1154/319/132 1155/318/132 1156/317/132 1157/316/132 1158/315/132 1159/314/132 1160/313/132 1161/312/132 1162/311/132 1163/310/132 1164/309/132 1165/308/132 1166/307/132 1167/306/132 1168/305/132 1169/304/132 1170/303/132 1171/302/132 1172/301/132 1173/300/132 1174/299/132 1175/298/132 1176/297/132 1177/296/132 1178/295/132 1179/294/132 1180/293/132 1181/292/132 1182/291/132 1183/290/132 1184/289/132 1185/288/132 1186/287/132 1187/286/132 1188/285/132 1189/284/132 1190/283/132 1191/282/132 1192/281/132 1193/280/132 1194/279/132 1195/278/132 1196/277/132 1197/276/132 1198/275/132 1199/274/132 1200/273/132 1201/272/132 1202/271/132 1203/270/132 1204/269/132 1205/268/132 1206/267/132 1207/266/132 1208/265/132 1209/264/132 1210/263/132 1211/262/132 1212/261/132 1213/260/132 1214/259/132 1215/258/132 1216/257/132 1217/256/132 1218/255/132 1219/254/132 1220/253/132 1221/252/132 1222/251/132 1223/250/132 1224/249/132 1225/248/132 1226/247/132 1227/246/132 1228/245/132 1229/244/132 1230/243/132 1231/242/132 1232/241/132 1233/240/132 1234/239/132 1235/238/132 1236/237/132 1237/236/132 1238/235/132 1239/234/132 1240/233/132 1241/232/132 1242/231/132 1243/230/132 1244/229/132 1245/228/132 1246/227/132 1247/226/132 1248/225/132 1249/224/132 1250/223/132 1251/222/132 1252/221/132 1253/220/132 1254/219/132 1255/218/132 1256/217/132 1257/216/132 1258/215/132 1259/214/132 1260/213/132 1261/212/132 1262/211/132 1263/210/132 1264/209/132 1265/208/132 1266/207/132 1267/206/132 1268/205/132 1269/204/132 1270/203/132 1271/202/132 1272/201/132 1273/200/132 1274/199/132 1275/198/132 1276/197/132 1277/196/132 1278/195/132 1279/194/132 1280/193/132 1281/192/132 1282/191/132 1283/190/132 1284/189/132 1285/188/132 1286/187/132 1287/186/132 1288/185/132 1289/184/132 1290/183/132 1291/182/132 1292/181/132 1293/180/132 1294/179/132 1295/178/132 1296/177/132 1297/176/132 1298/175/132 1299/174/132 1300/173/132 1301/172/132 1302/171/132 1303/170/132 1304/169/132 1305/168/132 1306/167/132 1307/166/132 1308/165/132 1309/164/132 1310/163/132 1311/162/132 1312/161/132 1313/160/132 1314/159/132 1315/158/132 1316/157/132 1317/156/132 1318/155/132 1319/154/132 1320/153/132 1321/152/132 1322/151/132 1323/150/132 1324/149/132 1325/148/132 1326/147/132 1327/146/132 1328/145/132 1329/144/132 1330/143/132 1331/142/132 1332/141/132 1333/140/132 1334/139/132 1335/138/132 1336/137/132 1337/136/132 1338/135/132 1339/134/132 1340/133/132 1341/132/132 1342/131/132 1343/130/132 1344/129/132 1345/128/132 1346/127/132 1347/126/132 1348/125/132 1349/124/132 1350/123/132 1351/122/132 1352/121/132 826/120/132 825/119/132 1353/118/132 1354/117/132 1355/116/132 1356/115/132 1357/114/132 1358/113/132 1359/112/132 1360/111/132 1361/110/132 1362/109/132 1363/108/132 1364/107/132 1365/106/132 1366/105/132 1367/104/132 1368/103/132 1369/102/132 1370/101/132 1371/100/132 1372/99/132 1373/98/132 1374/97/132 1375/96/132 1376/95/132 1377/94/132 1378/93/132 1379/92/132 1380/91/132 1381/90/132 1382/89/132 1383/88/132 1384/87/132 1385/86/132 1386/85/132 1387/84/132 1388/83/132 1389/82/132 1390/81/132 1391/80/132 1392/79/132 1393/78/132 1394/77/132 1395/76/132 1396/75/132 1397/74/132 1398/73/132 1399/72/132 1400/71/132 1401/70/132 1402/69/132 1403/68/132 1404/67/132 1405/66/132 1406/65/132 1407/64/132 1408/63/132 1409/62/132 1410/61/132 1411/60/132 1412/59/132 1413/58/132 1414/57/132 1415/56/132 1416/55/132 1417/54/132 1418/53/132 1419/52/132 1420/51/132 1421/50/132 1422/49/132 1423/48/132 1424/47/132 1425/46/132 1426/45/132 1427/44/132 1428/43/132 1429/42/132 1430/41/132 1431/40/132 1432/39/132 1433/38/132 1434/37/132 1435/36/132 1436/35/132 1437/34/132 1438/33/132 1439/32/132 1440/31/132 1441/30/132 1442/29/132 1443/28/132 1444/27/132 1445/26/132 1446/25/132 1447/24/132 1448/23/132 1449/22/132 1450/21/132 1451/20/132 1452/19/132 1453/18/132 1454/17/132 1455/16/132 1456/15/132 1457/14/132 1458/13/132 1459/12/132 1460/11/132 1461/10/132 1462/9/132 1146/8/132 1145/7/132 1147/6/132 1148/5/132 

f 824/3/2 938/1230/133 1353/1229/133 825/2/2 

f 938/1232/130 937/848/130 1354/847/130 1353/1231/130 

f 937/1230/126 936/1234/126 1355/1233/126 1354/1229/126 

f 936/855/16 935/1236/16 1356/1235/16 1355/852/16 

f 935/1234/134 934/1238/135 1357/1237/135 1356/1233/134 

f 934/1242/135 933/1241/136 1358/1240/136 1357/1239/135 

f 933/1246/136 932/1245/137 1359/1244/137 1358/1243/136 

f 932/1250/137 931/1249/138 1360/1248/138 1359/1247/137 

f 931/1254/138 930/1253/139 1361/1252/139 1360/1251/138 

f 930/1258/139 929/1257/140 1362/1256/140 1361/1255/139 

f 929/1262/140 928/1261/141 1363/1260/141 1362/1259/140 

f 928/1266/141 927/1265/142 1364/1264/142 1363/1263/141 

f 927/1270/142 926/1269/143 1365/1268/143 1364/1267/142 

f 926/1274/143 925/1273/144 1366/1272/144 1365/1271/143 

f 925/1278/144 924/1277/145 1367/1276/145 1366/1275/144 

f 924/1277/145 923/1280/145 1368/1279/145 1367/1276/145 

f 923/1280/145 922/1282/145 1369/1281/145 1368/1279/145 

f 922/1282/145 921/1284/145 1370/1283/145 1369/1281/145 

f 921/1284/145 920/1286/145 1371/1285/145 1370/1283/145 

f 920/1286/145 919/1288/145 1372/1287/145 1371/1285/145 

f 919/1288/145 918/1290/146 1373/1289/146 1372/1287/145 

f 918/1294/146 917/1293/147 1374/1292/147 1373/1291/146 

f 917/1298/148 916/1297/148 1375/1296/148 1374/1295/148 

f 916/1297/148 915/1300/148 1376/1299/148 1375/1296/148 

f 915/1300/148 914/1302/148 1377/1301/148 1376/1299/148 

f 914/1302/148 913/1304/148 1378/1303/148 1377/1301/148 

f 913/1304/148 912/1306/148 1379/1305/148 1378/1303/148 

f 912/1306/148 911/1308/148 1380/1307/148 1379/1305/148 

f 911/1308/148 910/1310/148 1381/1309/148 1380/1307/148 

f 910/1310/148 909/1312/148 1382/1311/148 1381/1309/148 

f 909/1316/149 908/1315/149 1383/1314/149 1382/1313/149 

f 908/1315/149 907/1318/149 1384/1317/149 1383/1314/149 

f 907/1318/149 906/1320/149 1385/1319/149 1384/1317/149 

f 906/1320/149 905/1322/149 1386/1321/149 1385/1319/149 

f 905/1322/149 904/1324/149 1387/1323/149 1386/1321/149 

f 904/1324/149 903/1326/149 1388/1325/149 1387/1323/149 

f 903/1326/149 902/1328/149 1389/1327/149 1388/1325/149 

f 902/1328/149 901/1330/150 1390/1329/150 1389/1327/149 

f 901/1334/150 900/1333/151 1391/1332/151 1390/1331/150 

f 900/1338/151 899/1337/152 1392/1336/152 1391/1335/151 

f 899/1342/152 898/1341/153 1393/1340/153 1392/1339/152 

f 898/1346/153 897/1345/154 1394/1344/154 1393/1343/153 

f 897/1350/154 896/1349/155 1395/1348/155 1394/1347/154 

f 896/1354/155 895/1353/156 1396/1352/156 1395/1351/155 

f 895/1358/156 894/1357/157 1397/1356/157 1396/1355/156 

f 894/1362/157 893/1361/158 1398/1360/158 1397/1359/157 

f 893/1366/158 892/1365/159 1399/1364/159 1398/1363/158 

f 892/1370/159 891/1369/160 1400/1368/160 1399/1367/159 

f 891/1369/160 890/1372/160 1401/1371/160 1400/1368/160 

f 890/1372/160 889/1374/160 1402/1373/160 1401/1371/160 

f 889/1374/160 888/1376/160 1403/1375/160 1402/1373/160 

f 888/1376/160 887/1378/160 1404/1377/160 1403/1375/160 

f 887/1378/160 886/1380/160 1405/1379/160 1404/1377/160 

f 886/1380/160 885/1382/161 1406/1381/161 1405/1379/160 

f 885/1386/161 884/1385/162 1407/1384/162 1406/1383/161 

f 884/1390/162 883/1389/163 1408/1388/163 1407/1387/162 

f 883/1394/163 882/1393/164 1409/1392/164 1408/1391/163 

f 882/1398/164 881/1397/165 1410/1396/165 1409/1395/164 

f 881/1402/165 880/1401/166 1411/1400/166 1410/1399/165 

f 880/1406/166 879/1405/167 1412/1404/167 1411/1403/166 

f 879/1410/167 878/1409/168 1413/1408/168 1412/1407/167 

f 878/1414/168 877/1413/169 1414/1412/169 1413/1411/168 

f 877/1418/169 876/1417/170 1415/1416/170 1414/1415/169 

f 876/1422/171 875/1421/171 1416/1420/171 1415/1419/171 

f 875/1421/171 874/1424/171 1417/1423/171 1416/1420/171 

f 874/1424/171 873/1426/171 1418/1425/171 1417/1423/171 

f 873/1426/171 872/1428/171 1419/1427/171 1418/1425/171 

f 872/1428/171 871/1430/171 1420/1429/171 1419/1427/171 

f 871/1430/171 870/1432/171 1421/1431/171 1420/1429/171 

f 870/1432/171 869/1434/171 1422/1433/171 1421/1431/171 

f 869/1434/171 868/1436/171 1423/1435/171 1422/1433/171 

f 868/1440/172 867/1439/173 1424/1438/173 1423/1437/172 

f 867/1444/173 866/1443/174 1425/1442/174 1424/1441/173 

f 866/1448/175 865/1447/175 1426/1446/175 1425/1445/175 

f 865/1447/175 864/1450/175 1427/1449/175 1426/1446/175 

f 864/1450/175 863/1452/175 1428/1451/175 1427/1449/175 

f 863/1452/175 862/1454/175 1429/1453/175 1428/1451/175 

f 862/1454/175 861/1456/175 1430/1455/175 1429/1453/175 

f 861/1456/175 860/1458/175 1431/1457/175 1430/1455/175 

f 860/1458/175 859/1460/175 1432/1459/175 1431/1457/175 

f 859/1460/175 858/1462/176 1433/1461/176 1432/1459/175 

f 858/1466/176 857/1465/177 1434/1464/177 1433/1463/176 

f 857/1470/177 856/1469/178 1435/1468/178 1434/1467/177 

f 856/1474/178 855/1473/179 1436/1472/179 1435/1471/178 

f 855/1478/179 854/1477/180 1437/1476/180 1436/1475/179 

f 854/1482/180 853/1481/181 1438/1480/181 1437/1479/180 

f 853/1486/181 852/1485/182 1439/1484/182 1438/1483/181 

f 852/1490/182 851/1489/183 1440/1488/183 1439/1487/182 

f 851/1494/183 850/1493/184 1441/1492/184 1440/1491/183 

f 850/1498/184 849/1497/185 1442/1496/185 1441/1495/184 

f 849/1502/185 848/1501/186 1443/1500/186 1442/1499/185 

f 848/1501/186 847/1504/186 1444/1503/186 1443/1500/186 

f 847/1504/186 846/1506/186 1445/1505/186 1444/1503/186 

f 846/1506/186 845/1508/186 1446/1507/186 1445/1505/186 

f 845/1508/186 844/1510/186 1447/1509/186 1446/1507/186 

f 844/1510/186 843/1512/186 1448/1511/186 1447/1509/186 

f 843/1512/186 842/1514/187 1449/1513/187 1448/1511/186 

f 842/1518/187 841/1517/188 1450/1516/188 1449/1515/187 

f 841/1522/188 840/1521/189 1451/1520/189 1450/1519/188 

f 840/1526/189 839/1525/190 1452/1524/190 1451/1523/189 

f 839/1530/190 838/1529/191 1453/1528/191 1452/1527/190 

f 838/1534/191 837/1533/192 1454/1532/192 1453/1531/191 

f 837/1538/192 836/1537/193 1455/1536/193 1454/1535/192 

f 836/1542/193 835/1541/194 1456/1540/194 1455/1539/193 

f 835/1546/194 834/1545/195 1457/1544/195 1456/1543/194 

f 834/1550/195 833/1549/196 1458/1548/196 1457/1547/195 

f 833/1554/4 832/1553/4 1459/1552/4 1458/1551/4 

f 832/1553/4 831/1556/4 1460/1555/4 1459/1552/4 

f 831/1556/4 830/1558/4 1461/1557/4 1460/1555/4 

f 830/1558/4 829/1560/4 1462/1559/4 1461/1557/4 

f 829/1560/4 828/1562/4 1146/1561/4 1462/1559/4 

g Mesh4 ___39_2 Model

v 89.7828 7.89915 -2.36842
v 89.7828 6.7695 -0.101588
v 92.7828 6.7695 -0.101588
v 92.7828 7.89915 -2.36842
f 1463/1565/197 1464/1566/197 1465/1567/197 1466/1568/197 

v 89.7828 14.8391 -96.4548
v 89.7828 14.8391 -99.3548
v 89.7828 25.7952 -99.3548
v 89.7828 25.7952 -157.563
v 89.7828 25.0223 -159.114
v 89.7828 22.9753 -163.222
v 89.7828 20.062 -169.068
v 89.7828 16.69 -175.834
v 89.7828 13.2671 -182.703
v 89.7828 10.2009 -188.855
v 89.7828 7.89915 -193.474
v 89.7828 6.7695 -195.741
v 89.7828 6.65726 -195.843
v 89.7828 6.41569 -195.836
v 89.7828 6.04172 -195.825
v 89.7828 5.5911 -195.812
v 89.7828 5.11957 -195.799
v 89.7828 4.68289 -195.786
v 89.7828 4.33679 -195.776
v 89.7828 4.13703 -195.771
v 89.7828 3.69883 -195.738
v 89.7828 2.91573 -195.563
v 89.7828 2.19551 -195.251
v 89.7828 1.55266 -194.816
v 89.7828 1.00163 -194.274
v 89.7828 0.556886 -193.64
v 89.7828 0.232899 -192.928
v 89.7828 0.0441335 -192.154
v 89.7828 1.35711e-09 -191.288
v 89.7828 1.38167e-09 -188.1
v 89.7828 4.91842 -188.1
v 89.7828 4.91842 -185.234
v 89.7828 1.40378e-09 -185.234
v 89.7828 1.48694e-09 -174.449
v 89.7828 1.60302e-09 -159.402
v 89.7828 1.61721e-09 -157.563
v 89.7828 2.88787 -157.563
v 89.7828 8.92262 -157.563
v 89.7828 11.5497 -157.563
v 89.7828 12.0245 -157.563
v 89.7828 12.0245 -154.697
v 89.7828 1.63932e-09 -154.697
v 89.7828 1.73261e-09 -142.604
v 89.7828 1.86027e-09 -126.056
v 89.7828 1.97057e-09 -111.76
v 89.7828 2.04807e-09 -101.714
v 89.7828 2.07733e-09 -97.9214
v 89.7828 3.33109e-09 -94.1283
v 89.7828 2.95744e-09 -84.0831
v 89.7828 2.42586e-09 -69.7863
v 89.7828 1.8105e-09 -53.2387
v 89.7828 1.36055e-09 -41.1458
v 89.7828 12.0245 -41.1458
v 89.7828 12.0245 -38.2798
v 89.7828 11.5497 -38.2798
v 89.7828 8.92262 -38.2798
v 89.7828 2.88787 -38.2798
v 89.7828 1.25507e-09 -38.2798
v 89.7828 1.18578e-09 -36.441
v 89.7828 6.26249e-10 -21.3939
v 89.7828 2.25592e-10 -10.6089
v 89.7828 4.91842 -10.6089
v 89.7828 4.91842 -7.74283
v 89.7828 1.18661e-10 -7.74283
v 89.7828 4.08854e-15 -4.5545
v 89.7828 0.0441335 -3.68879
v 89.7828 0.232899 -2.91433
v 89.7828 0.556886 -2.20254
v 89.7828 1.00163 -1.56829
v 89.7828 1.55266 -1.02647
v 89.7828 2.19551 -0.591983
v 89.7828 2.91573 -0.279698
v 89.7828 3.69883 -0.104507
v 89.7828 4.13703 -0.0721823
v 89.7828 4.33679 -0.0664609
v 89.7828 4.68289 -0.0565483
v 89.7828 5.11957 -0.0440412
v 89.7828 5.5911 -0.0305361
v 89.7828 6.04172 -0.0176298
v 89.7828 6.41569 -0.00691886
v 89.7828 6.65726 -2.31068e-11
v 89.7828 10.2009 -6.9873
v 89.7828 13.2671 -13.1401
v 89.7828 16.69 -20.0088
v 89.7828 20.062 -26.7752
v 89.7828 22.9753 -32.6212
v 89.7828 25.0223 -36.7288
v 89.7828 25.7952 -38.2798
v 89.7828 25.7952 -96.4548
f 1467/1569/198 1468/1570/198 1469/1571/198 1470/1572/198 1471/1573/198 1472/1574/198 1473/1575/198 1474/1576/198 1475/1577/198 1476/1578/198 1477/1579/198 1478/1580/198 1479/1581/198 1480/1582/198 1481/1583/198 1482/1584/198 1483/1585/198 1484/1586/198 1485/1587/198 1486/1588/198 1487/1589/198 1488/1590/198 1489/1591/198 1490/1592/198 1491/1593/198 1492/1594/198 1493/1595/198 1494/1596/198 1495/1597/198 1496/1598/198 1497/1599/198 1498/1600/198 1499/1601/198 1500/1602/198 1501/1603/198 1502/1604/198 1503/1605/198 1504/1606/198 1505/1607/198 1506/1608/198 1507/1609/198 1508/1610/198 1509/1611/198 1510/1612/198 1511/1613/198 1512/1614/198 1513/1615/198 1514/1616/198 1515/1617/198 1516/1618/198 1517/1619/198 1518/1620/198 1519/1621/198 1520/1622/198 1521/1623/198 1522/1624/198 1523/1625/198 1524/1626/198 1525/1627/198 1526/1628/198 1527/1629/198 1528/1630/198 1529/1631/198 1530/1632/198 1531/1633/198 1532/1634/198 1533/1635/198 1534/1636/198 1535/1637/198 1536/1638/198 1537/1639/198 1538/1640/198 1539/1641/198 1540/1642/198 1541/1643/198 1542/1644/198 1543/1645/198 1544/1646/198 1545/1647/198 1546/1648/198 1547/1649/198 1464/1650/198 1463/1651/198 1548/1652/198 1549/1653/198 1550/1654/198 1551/1655/198 1552/1656/198 1553/1657/198 1554/1658/198 1555/1659/198 

v 92.7828 14.8391 -96.4548
v 92.7828 14.8391 -99.3548
f 1468/1660/199 1467/1661/199 1556/1662/199 1557/1663/199 

v 92.7828 25.7952 -96.4548
f 1467/1664/200 1555/1665/200 1558/1666/200 1556/1667/200 

v 92.7828 25.7952 -38.2798
f 1555/1661/201 1554/1668/201 1559/1669/201 1558/1662/201 

v 92.7828 25.0223 -36.7288
f 1554/1670/197 1553/1671/197 1560/1672/197 1559/1673/197 

v 92.7828 22.9753 -32.6212
f 1553/1671/197 1552/1674/197 1561/1675/197 1560/1672/197 

v 92.7828 20.062 -26.7752
f 1552/1674/197 1551/1676/197 1562/1677/197 1561/1675/197 

v 92.7828 16.69 -20.0088
f 1551/1676/197 1550/1678/197 1563/1679/197 1562/1677/197 

v 92.7828 13.2671 -13.1401
f 1550/1678/197 1549/1680/197 1564/1681/197 1563/1679/197 

v 92.7828 10.2009 -6.9873
f 1549/1680/197 1548/1682/197 1565/1683/197 1564/1681/197 

f 1548/1682/197 1463/1565/197 1466/1568/197 1565/1683/197 

v 92.7828 6.65726 2.84217e-14
v 92.7828 6.41569 -0.00691886
v 92.7828 6.04172 -0.0176298
v 92.7828 5.5911 -0.0305361
v 92.7828 5.11957 -0.0440412
v 92.7828 4.68289 -0.0565483
v 92.7828 4.33679 -0.0664609
v 92.7828 4.13703 -0.0721823
v 92.7828 3.69883 -0.104507
v 92.7828 2.91573 -0.279698
v 92.7828 2.19551 -0.591983
v 92.7828 1.55266 -1.02647
v 92.7828 1.00163 -1.56829
v 92.7828 0.556886 -2.20254
v 92.7828 0.232899 -2.91433
v 92.7828 0.0441335 -3.68879
v 92.7828 5.92041e-15 -4.5545
v 92.7828 1.18663e-10 -7.74283
v 92.7828 4.91842 -7.74283
v 92.7828 4.91842 -10.6089
v 92.7828 2.25594e-10 -10.6089
v 92.7828 6.26251e-10 -21.3939
v 92.7828 1.18578e-09 -36.441
v 92.7828 1.25507e-09 -38.2798
v 92.7828 2.88787 -38.2798
v 92.7828 8.92262 -38.2798
v 92.7828 11.5497 -38.2798
v 92.7828 12.0245 -38.2798
v 92.7828 12.0245 -41.1458
v 92.7828 1.36056e-09 -41.1458
v 92.7828 1.8105e-09 -53.2387
v 92.7828 2.42587e-09 -69.7863
v 92.7828 2.95744e-09 -84.0831
v 92.7828 3.33109e-09 -94.1283
v 92.7828 2.07733e-09 -97.9214
v 92.7828 2.04807e-09 -101.714
v 92.7828 1.97057e-09 -111.76
v 92.7828 1.86027e-09 -126.056
v 92.7828 1.73261e-09 -142.604
v 92.7828 1.63932e-09 -154.697
v 92.7828 12.0245 -154.697
v 92.7828 12.0245 -157.563
v 92.7828 11.5497 -157.563
v 92.7828 8.92262 -157.563
v 92.7828 2.88787 -157.563
v 92.7828 1.61721e-09 -157.563
v 92.7828 1.60302e-09 -159.402
v 92.7828 1.48694e-09 -174.449
v 92.7828 1.40378e-09 -185.234
v 92.7828 4.91842 -185.234
v 92.7828 4.91842 -188.1
v 92.7828 1.38167e-09 -188.1
v 92.7828 1.35711e-09 -191.288
v 92.7828 0.0441335 -192.154
v 92.7828 0.232899 -192.928
v 92.7828 0.556886 -193.64
v 92.7828 1.00163 -194.274
v 92.7828 1.55266 -194.816
v 92.7828 2.19551 -195.251
v 92.7828 2.91573 -195.563
v 92.7828 3.69883 -195.738
v 92.7828 4.13703 -195.771
v 92.7828 4.33679 -195.776
v 92.7828 4.68289 -195.786
v 92.7828 5.11957 -195.799
v 92.7828 5.5911 -195.812
v 92.7828 6.04172 -195.825
v 92.7828 6.41569 -195.836
v 92.7828 6.65726 -195.843
v 92.7828 6.7695 -195.741
v 92.7828 7.89915 -193.474
v 92.7828 10.2009 -188.855
v 92.7828 13.2671 -182.703
v 92.7828 16.69 -175.834
v 92.7828 20.062 -169.068
v 92.7828 22.9753 -163.222
v 92.7828 25.0223 -159.114
v 92.7828 25.7952 -157.563
v 92.7828 25.7952 -99.3548
f 1557/1684/202 1556/1685/202 1558/1686/202 1559/1687/202 1560/1688/202 1561/1689/202 1562/1690/202 1563/1691/202 1564/1692/202 1565/1693/202 1466/1694/202 1465/1695/202 1566/1696/202 1567/1697/202 1568/1698/202 1569/1699/202 1570/1700/202 1571/1701/202 1572/1702/202 1573/1703/202 1574/1704/202 1575/1705/202 1576/1706/202 1577/1707/202 1578/1708/202 1579/1709/202 1580/1710/202 1581/1711/202 1582/1712/202 1583/1713/202 1584/1714/202 1585/1715/202 1586/1716/202 1587/1717/202 1588/1718/202 1589/1719/202 1590/1720/202 1591/1721/202 1592/1722/202 1593/1723/202 1594/1724/202 1595/1725/202 1596/1726/202 1597/1727/202 1598/1728/202 1599/1729/202 1600/1730/202 1601/1731/202 1602/1732/202 1603/1733/202 1604/1734/202 1605/1735/202 1606/1736/202 1607/1737/202 1608/1738/202 1609/1739/202 1610/1740/202 1611/1741/202 1612/1742/202 1613/1743/202 1614/1744/202 1615/1745/202 1616/1746/202 1617/1747/202 1618/1748/202 1619/1749/202 1620/1750/202 1621/1751/202 1622/1752/202 1623/1753/202 1624/1754/202 1625/1755/202 1626/1756/202 1627/1757/202 1628/1758/202 1629/1759/202 1630/1760/202 1631/1761/202 1632/1762/202 1633/1763/202 1634/1581/202 1635/1764/202 1636/1765/202 1637/1766/202 1638/1767/202 1639/1768/202 1640/1769/202 1641/1770/202 1642/1771/202 1643/1772/202 1644/1773/202 

f 1464/1774/203 1547/1775/203 1566/1776/203 1465/1777/203 

f 1547/1778/204 1546/1779/204 1567/1780/204 1566/1781/204 

f 1546/1779/204 1545/1782/204 1568/1783/204 1567/1780/204 

f 1545/1782/204 1544/1784/204 1569/1785/204 1568/1783/204 

f 1544/1784/204 1543/1786/204 1570/1787/204 1569/1785/204 

f 1543/1786/204 1542/1788/204 1571/1789/204 1570/1787/204 

f 1542/1788/204 1541/1790/204 1572/1791/204 1571/1789/204 

f 1541/1790/204 1540/1792/205 1573/1793/205 1572/1791/204 

f 1540/1794/205 1539/1795/206 1574/1796/206 1573/1797/205 

f 1539/1798/206 1538/1799/207 1575/1800/207 1574/1801/206 

f 1538/1802/207 1537/1803/208 1576/1804/208 1575/1805/207 

f 1537/1806/208 1536/1807/209 1577/1808/209 1576/1809/208 

f 1536/1810/209 1535/1811/210 1578/1812/210 1577/1813/209 

f 1535/1814/210 1534/1815/211 1579/1816/211 1578/1817/210 

f 1534/1818/211 1533/1819/212 1580/1820/212 1579/1821/211 

f 1533/1822/212 1532/1823/213 1581/1824/213 1580/1825/212 

f 1532/1826/213 1531/1827/214 1582/1828/214 1581/1829/213 

f 1531/1830/214 1530/1831/215 1583/1832/215 1582/1633/214 

f 1530/1833/216 1529/847/216 1584/848/216 1583/1834/216 

f 1529/1831/217 1528/1835/217 1585/1836/217 1584/1832/217 

f 1528/852/218 1527/1837/218 1586/1838/218 1585/855/218 

f 1527/1835/219 1526/1839/220 1587/1840/220 1586/1836/219 

f 1526/1839/220 1525/1841/221 1588/1842/221 1587/1840/220 

f 1525/1841/221 1524/1843/222 1589/1844/222 1588/1842/221 

f 1524/1845/223 1523/863/224 1590/864/224 1589/1846/223 

f 1523/863/224 1522/866/225 1591/867/225 1590/864/224 

f 1522/866/225 1521/868/226 1592/869/226 1591/867/225 

f 1521/868/226 1520/870/227 1593/871/227 1592/869/226 

f 1520/1843/228 1519/1847/228 1594/1848/228 1593/1844/228 

f 1519/874/229 1518/1849/229 1595/1850/229 1594/877/229 

f 1518/1847/230 1517/1851/231 1596/1852/231 1595/1848/230 

f 1517/1851/231 1516/1853/232 1597/1854/232 1596/1852/231 

f 1516/1853/232 1515/1855/233 1598/1856/233 1597/1854/232 

f 1515/1855/233 1514/1857/234 1599/1858/234 1598/1856/233 

f 1514/1857/234 1513/1859/235 1600/1860/235 1599/1858/234 

f 1513/1859/235 1512/1861/236 1601/1862/236 1600/1860/235 

f 1512/1861/236 1511/1863/236 1602/1864/236 1601/1862/236 

f 1511/1863/236 1510/1865/236 1603/1866/236 1602/1864/236 

f 1510/1865/236 1509/1867/236 1604/1868/236 1603/1866/236 

f 1509/1867/236 1508/1869/236 1605/1870/236 1604/1868/236 

f 1508/1871/200 1507/870/200 1606/871/200 1605/1872/200 

f 1507/1869/236 1506/1873/236 1607/1874/236 1606/1870/236 

f 1506/874/237 1505/902/237 1608/903/237 1607/877/237 

f 1505/902/237 1504/904/238 1609/905/238 1608/903/237 

f 1504/904/238 1503/906/239 1610/907/239 1609/905/238 

f 1503/906/239 1502/1875/240 1611/1876/240 1610/907/239 

f 1502/1873/236 1501/1877/236 1612/1878/236 1611/1874/236 

f 1501/1877/236 1500/1879/241 1613/1880/241 1612/1878/236 

f 1500/1879/241 1499/1881/242 1614/1882/242 1613/1880/241 

f 1499/1883/200 1498/847/200 1615/848/200 1614/1884/200 

f 1498/1881/236 1497/1885/236 1616/1886/236 1615/1882/236 

f 1497/852/237 1496/1887/237 1617/1888/237 1616/855/237 

f 1496/1885/243 1495/1889/244 1618/1890/244 1617/1886/243 

f 1495/1891/244 1494/1892/245 1619/1893/245 1618/1894/244 

f 1494/1895/245 1493/1896/246 1620/1897/246 1619/1898/245 

f 1493/1899/246 1492/1900/247 1621/1901/247 1620/1902/246 

f 1492/1903/247 1491/1904/248 1622/1905/248 1621/1906/247 

f 1491/1907/248 1490/1908/249 1623/1909/249 1622/1910/248 

f 1490/1911/249 1489/1912/250 1624/1913/250 1623/1914/249 

f 1489/1915/250 1488/1916/251 1625/1917/251 1624/1918/250 

f 1488/1919/251 1487/1920/252 1626/1921/252 1625/1922/251 

f 1487/1923/252 1486/1924/253 1627/1925/253 1626/1926/252 

f 1486/1927/253 1485/1928/254 1628/1929/254 1627/1930/253 

f 1485/1928/254 1484/1931/254 1629/1932/254 1628/1929/254 

f 1484/1931/254 1483/1933/254 1630/1934/254 1629/1932/254 

f 1483/1933/254 1482/1935/254 1631/1936/254 1630/1934/254 

f 1482/1935/254 1481/1937/254 1632/1938/254 1631/1936/254 

f 1481/1937/254 1480/1939/254 1633/1940/254 1632/1938/254 

f 1480/1939/254 1479/1941/254 1634/1942/254 1633/1940/254 

f 1479/1943/255 1478/1944/255 1635/1945/255 1634/1946/255 

f 1478/1947/256 1477/1948/256 1636/1949/256 1635/1950/256 

f 1477/1948/256 1476/1951/256 1637/1952/256 1636/1949/256 

f 1476/1951/256 1475/1953/256 1638/1954/256 1637/1952/256 

f 1475/1953/256 1474/1955/256 1639/1956/256 1638/1954/256 

f 1474/1955/256 1473/1957/256 1640/1958/256 1639/1956/256 

f 1473/1957/256 1472/1959/256 1641/1960/256 1640/1958/256 

f 1472/1959/256 1471/1961/256 1642/1962/256 1641/1960/256 

f 1471/1961/256 1470/1963/256 1643/1964/256 1642/1962/256 

f 1470/1965/257 1469/1660/257 1644/1663/257 1643/1966/257 

f 1469/1967/237 1468/1968/237 1557/1969/237 1644/1970/237 

g Mesh5 ___39_3 Model

v 339.637 7.89915 -2.36842
v 339.637 6.7695 -0.101588
v 342.637 6.7695 -0.101588
v 342.637 7.89915 -2.36842
f 1645/1565/197 1646/1566/197 1647/1567/197 1648/1568/197 

v 339.637 14.8391 -96.4548
v 339.637 14.8391 -99.3548
v 339.637 25.7952 -99.3548
v 339.637 25.7952 -157.563
v 339.637 25.0223 -159.114
v 339.637 22.9753 -163.222
v 339.637 20.062 -169.068
v 339.637 16.69 -175.834
v 339.637 13.2671 -182.703
v 339.637 10.2009 -188.855
v 339.637 7.89915 -193.474
v 339.637 6.7695 -195.741
v 339.637 6.65726 -195.843
v 339.637 6.41569 -195.836
v 339.637 6.04172 -195.825
v 339.637 5.5911 -195.812
v 339.637 5.11957 -195.799
v 339.637 4.68289 -195.786
v 339.637 4.33679 -195.776
v 339.637 4.13703 -195.771
v 339.637 3.69883 -195.738
v 339.637 2.91573 -195.563
v 339.637 2.19551 -195.251
v 339.637 1.55266 -194.816
v 339.637 1.00163 -194.274
v 339.637 0.556886 -193.64
v 339.637 0.232899 -192.928
v 339.637 0.0441335 -192.154
v 339.637 1.35711e-09 -191.288
v 339.637 1.38167e-09 -188.1
v 339.637 4.91842 -188.1
v 339.637 4.91842 -185.234
v 339.637 1.40378e-09 -185.234
v 339.637 1.48694e-09 -174.449
v 339.637 1.60302e-09 -159.402
v 339.637 1.61721e-09 -157.563
v 339.637 2.88787 -157.563
v 339.637 8.92262 -157.563
v 339.637 11.5497 -157.563
v 339.637 12.0245 -157.563
v 339.637 12.0245 -154.697
v 339.637 1.63932e-09 -154.697
v 339.637 1.73261e-09 -142.604
v 339.637 1.86027e-09 -126.056
v 339.637 1.97057e-09 -111.76
v 339.637 2.04807e-09 -101.714
v 339.637 2.07733e-09 -97.9214
v 339.637 3.33109e-09 -94.1283
v 339.637 2.95744e-09 -84.0831
v 339.637 2.42586e-09 -69.7863
v 339.637 1.8105e-09 -53.2387
v 339.637 1.36055e-09 -41.1458
v 339.637 12.0245 -41.1458
v 339.637 12.0245 -38.2798
v 339.637 11.5497 -38.2798
v 339.637 8.92262 -38.2798
v 339.637 2.88787 -38.2798
v 339.637 1.25507e-09 -38.2798
v 339.637 1.18578e-09 -36.441
v 339.637 6.26249e-10 -21.3939
v 339.637 2.25592e-10 -10.6089
v 339.637 4.91842 -10.6089
v 339.637 4.91842 -7.74283
v 339.637 1.18661e-10 -7.74283
v 339.637 4.08854e-15 -4.5545
v 339.637 0.0441335 -3.68879
v 339.637 0.232899 -2.91433
v 339.637 0.556886 -2.20254
v 339.637 1.00163 -1.56829
v 339.637 1.55266 -1.02647
v 339.637 2.19551 -0.591983
v 339.637 2.91573 -0.279698
v 339.637 3.69883 -0.104507
v 339.637 4.13703 -0.0721823
v 339.637 4.33679 -0.0664609
v 339.637 4.68289 -0.0565483
v 339.637 5.11957 -0.0440412
v 339.637 5.5911 -0.0305361
v 339.637 6.04172 -0.0176298
v 339.637 6.41569 -0.00691886
v 339.637 6.65726 -2.31068e-11
v 339.637 10.2009 -6.9873
v 339.637 13.2671 -13.1401
v 339.637 16.69 -20.0088
v 339.637 20.062 -26.7752
v 339.637 22.9753 -32.6212
v 339.637 25.0223 -36.7288
v 339.637 25.7952 -38.2798
v 339.637 25.7952 -96.4548
f 1649/1569/198 1650/1570/198 1651/1571/198 1652/1572/198 1653/1573/198 1654/1574/198 1655/1575/198 1656/1576/198 1657/1577/198 1658/1578/198 1659/1579/198 1660/1580/198 1661/1581/198 1662/1582/198 1663/1583/198 1664/1584/198 1665/1585/198 1666/1586/198 1667/1587/198 1668/1588/198 1669/1589/198 1670/1590/198 1671/1591/198 1672/1592/198 1673/1593/198 1674/1594/198 1675/1595/198 1676/1596/198 1677/1597/198 1678/1598/198 1679/1599/198 1680/1600/198 1681/1601/198 1682/1602/198 1683/1603/198 1684/1604/198 1685/1605/198 1686/1606/198 1687/1607/198 1688/1608/198 1689/1609/198 1690/1610/198 1691/1611/198 1692/1612/198 1693/1613/198 1694/1614/198 1695/1615/198 1696/1616/198 1697/1617/198 1698/1618/198 1699/1619/198 1700/1620/198 1701/1621/198 1702/1622/198 1703/1623/198 1704/1624/198 1705/1625/198 1706/1626/198 1707/1627/198 1708/1628/198 1709/1629/198 1710/1630/198 1711/1631/198 1712/1632/198 1713/1633/198 1714/1634/198 1715/1635/198 1716/1636/198 1717/1637/198 1718/1638/198 1719/1639/198 1720/1640/198 1721/1641/198 1722/1642/198 1723/1643/198 1724/1644/198 1725/1645/198 1726/1646/198 1727/1647/198 1728/1648/198 1729/1649/198 1646/1650/198 1645/1651/198 1730/1652/198 1731/1653/198 1732/1654/198 1733/1655/198 1734/1656/198 1735/1657/198 1736/1658/198 1737/1659/198 

v 342.637 14.8391 -96.4548
v 342.637 14.8391 -99.3548
f 1650/1660/199 1649/1661/199 1738/1662/199 1739/1663/199 

v 342.637 25.7952 -96.4548
f 1649/1664/200 1737/1665/200 1740/1666/200 1738/1667/200 

v 342.637 25.7952 -38.2798
f 1737/1661/201 1736/1668/201 1741/1669/201 1740/1662/201 

v 342.637 25.0223 -36.7288
f 1736/1670/197 1735/1671/197 1742/1672/197 1741/1673/197 

v 342.637 22.9753 -32.6212
f 1735/1671/197 1734/1674/197 1743/1675/197 1742/1672/197 

v 342.637 20.062 -26.7752
f 1734/1674/197 1733/1676/197 1744/1677/197 1743/1675/197 

v 342.637 16.69 -20.0088
f 1733/1676/197 1732/1678/197 1745/1679/197 1744/1677/197 

v 342.637 13.2671 -13.1401
f 1732/1678/197 1731/1680/197 1746/1681/197 1745/1679/197 

v 342.637 10.2009 -6.9873
f 1731/1680/197 1730/1682/197 1747/1683/197 1746/1681/197 

f 1730/1682/197 1645/1565/197 1648/1568/197 1747/1683/197 

v 342.637 6.65726 2.84217e-14
v 342.637 6.41569 -0.00691886
v 342.637 6.04172 -0.0176298
v 342.637 5.5911 -0.0305361
v 342.637 5.11957 -0.0440412
v 342.637 4.68289 -0.0565483
v 342.637 4.33679 -0.0664609
v 342.637 4.13703 -0.0721823
v 342.637 3.69883 -0.104507
v 342.637 2.91573 -0.279698
v 342.637 2.19551 -0.591983
v 342.637 1.55266 -1.02647
v 342.637 1.00163 -1.56829
v 342.637 0.556886 -2.20254
v 342.637 0.232899 -2.91433
v 342.637 0.0441335 -3.68879
v 342.637 5.92041e-15 -4.5545
v 342.637 1.18663e-10 -7.74283
v 342.637 4.91842 -7.74283
v 342.637 4.91842 -10.6089
v 342.637 2.25594e-10 -10.6089
v 342.637 6.26251e-10 -21.3939
v 342.637 1.18578e-09 -36.441
v 342.637 1.25507e-09 -38.2798
v 342.637 2.88787 -38.2798
v 342.637 8.92262 -38.2798
v 342.637 11.5497 -38.2798
v 342.637 12.0245 -38.2798
v 342.637 12.0245 -41.1458
v 342.637 1.36056e-09 -41.1458
v 342.637 1.8105e-09 -53.2387
v 342.637 2.42587e-09 -69.7863
v 342.637 2.95744e-09 -84.0831
v 342.637 3.33109e-09 -94.1283
v 342.637 2.07733e-09 -97.9214
v 342.637 2.04807e-09 -101.714
v 342.637 1.97057e-09 -111.76
v 342.637 1.86027e-09 -126.056
v 342.637 1.73261e-09 -142.604
v 342.637 1.63932e-09 -154.697
v 342.637 12.0245 -154.697
v 342.637 12.0245 -157.563
v 342.637 11.5497 -157.563
v 342.637 8.92262 -157.563
v 342.637 2.88787 -157.563
v 342.637 1.61721e-09 -157.563
v 342.637 1.60302e-09 -159.402
v 342.637 1.48694e-09 -174.449
v 342.637 1.40378e-09 -185.234
v 342.637 4.91842 -185.234
v 342.637 4.91842 -188.1
v 342.637 1.38167e-09 -188.1
v 342.637 1.35711e-09 -191.288
v 342.637 0.0441335 -192.154
v 342.637 0.232899 -192.928
v 342.637 0.556886 -193.64
v 342.637 1.00163 -194.274
v 342.637 1.55266 -194.816
v 342.637 2.19551 -195.251
v 342.637 2.91573 -195.563
v 342.637 3.69883 -195.738
v 342.637 4.13703 -195.771
v 342.637 4.33679 -195.776
v 342.637 4.68289 -195.786
v 342.637 5.11957 -195.799
v 342.637 5.5911 -195.812
v 342.637 6.04172 -195.825
v 342.637 6.41569 -195.836
v 342.637 6.65726 -195.843
v 342.637 6.7695 -195.741
v 342.637 7.89915 -193.474
v 342.637 10.2009 -188.855
v 342.637 13.2671 -182.703
v 342.637 16.69 -175.834
v 342.637 20.062 -169.068
v 342.637 22.9753 -163.222
v 342.637 25.0223 -159.114
v 342.637 25.7952 -157.563
v 342.637 25.7952 -99.3548
f 1739/1684/202 1738/1685/202 1740/1686/202 1741/1687/202 1742/1688/202 1743/1689/202 1744/1690/202 1745/1691/202 1746/1692/202 1747/1693/202 1648/1694/202 1647/1695/202 1748/1696/202 1749/1697/202 1750/1698/202 1751/1699/202 1752/1700/202 1753/1701/202 1754/1702/202 1755/1703/202 1756/1704/202 1757/1705/202 1758/1706/202 1759/1707/202 1760/1708/202 1761/1709/202 1762/1710/202 1763/1711/202 1764/1712/202 1765/1713/202 1766/1714/202 1767/1715/202 1768/1716/202 1769/1717/202 1770/1718/202 1771/1719/202 1772/1720/202 1773/1721/202 1774/1722/202 1775/1723/202 1776/1724/202 1777/1725/202 1778/1726/202 1779/1727/202 1780/1728/202 1781/1729/202 1782/1730/202 1783/1731/202 1784/1732/202 1785/1733/202 1786/1734/202 1787/1735/202 1788/1736/202 1789/1737/202 1790/1738/202 1791/1739/202 1792/1740/202 1793/1741/202 1794/1742/202 1795/1743/202 1796/1744/202 1797/1745/202 1798/1746/202 1799/1747/202 1800/1748/202 1801/1749/202 1802/1750/202 1803/1751/202 1804/1752/202 1805/1753/202 1806/1754/202 1807/1755/202 1808/1756/202 1809/1757/202 1810/1758/202 1811/1759/202 1812/1760/202 1813/1761/202 1814/1762/202 1815/1763/202 1816/1581/202 1817/1764/202 1818/1765/202 1819/1766/202 1820/1767/202 1821/1768/202 1822/1769/202 1823/1770/202 1824/1771/202 1825/1772/202 1826/1773/202 

f 1646/1774/203 1729/1775/203 1748/1776/203 1647/1777/203 

f 1729/1778/204 1728/1779/204 1749/1780/204 1748/1781/204 

f 1728/1779/204 1727/1782/204 1750/1783/204 1749/1780/204 

f 1727/1782/204 1726/1784/204 1751/1785/204 1750/1783/204 

f 1726/1784/204 1725/1786/204 1752/1787/204 1751/1785/204 

f 1725/1786/204 1724/1788/204 1753/1789/204 1752/1787/204 

f 1724/1788/204 1723/1790/204 1754/1791/204 1753/1789/204 

f 1723/1790/204 1722/1792/205 1755/1793/205 1754/1791/204 

f 1722/1794/205 1721/1795/206 1756/1796/206 1755/1797/205 

f 1721/1798/206 1720/1799/207 1757/1800/207 1756/1801/206 

f 1720/1802/207 1719/1803/208 1758/1804/208 1757/1805/207 

f 1719/1806/208 1718/1807/209 1759/1808/209 1758/1809/208 

f 1718/1810/209 1717/1811/210 1760/1812/210 1759/1813/209 

f 1717/1814/210 1716/1815/211 1761/1816/211 1760/1817/210 

f 1716/1818/211 1715/1819/212 1762/1820/212 1761/1821/211 

f 1715/1822/212 1714/1823/213 1763/1824/213 1762/1825/212 

f 1714/1826/213 1713/1827/214 1764/1828/214 1763/1829/213 

f 1713/1830/214 1712/1831/215 1765/1832/215 1764/1633/214 

f 1712/1833/216 1711/847/216 1766/848/216 1765/1834/216 

f 1711/1831/217 1710/1835/217 1767/1836/217 1766/1832/217 

f 1710/852/218 1709/1837/218 1768/1838/218 1767/855/218 

f 1709/1835/219 1708/1839/220 1769/1840/220 1768/1836/219 

f 1708/1839/220 1707/1841/221 1770/1842/221 1769/1840/220 

f 1707/1841/221 1706/1843/222 1771/1844/222 1770/1842/221 

f 1706/1845/223 1705/863/224 1772/864/224 1771/1846/223 

f 1705/863/224 1704/866/225 1773/867/225 1772/864/224 

f 1704/866/225 1703/868/226 1774/869/226 1773/867/225 

f 1703/868/226 1702/870/227 1775/871/227 1774/869/226 

f 1702/1843/228 1701/1847/228 1776/1848/228 1775/1844/228 

f 1701/874/229 1700/1849/229 1777/1850/229 1776/877/229 

f 1700/1847/230 1699/1851/231 1778/1852/231 1777/1848/230 

f 1699/1851/231 1698/1853/232 1779/1854/232 1778/1852/231 

f 1698/1853/232 1697/1855/233 1780/1856/233 1779/1854/232 

f 1697/1855/233 1696/1857/234 1781/1858/234 1780/1856/233 

f 1696/1857/234 1695/1859/235 1782/1860/235 1781/1858/234 

f 1695/1859/235 1694/1861/236 1783/1862/236 1782/1860/235 

f 1694/1861/236 1693/1863/236 1784/1864/236 1783/1862/236 

f 1693/1863/236 1692/1865/236 1785/1866/236 1784/1864/236 

f 1692/1865/236 1691/1867/236 1786/1868/236 1785/1866/236 

f 1691/1867/236 1690/1869/236 1787/1870/236 1786/1868/236 

f 1690/1871/200 1689/870/200 1788/871/200 1787/1872/200 

f 1689/1869/236 1688/1873/236 1789/1874/236 1788/1870/236 

f 1688/874/237 1687/902/237 1790/903/237 1789/877/237 

f 1687/902/237 1686/904/238 1791/905/238 1790/903/237 

f 1686/904/238 1685/906/239 1792/907/239 1791/905/238 

f 1685/906/239 1684/1875/240 1793/1876/240 1792/907/239 

f 1684/1873/236 1683/1877/236 1794/1878/236 1793/1874/236 

f 1683/1877/236 1682/1879/241 1795/1880/241 1794/1878/236 

f 1682/1879/241 1681/1881/242 1796/1882/242 1795/1880/241 

f 1681/1883/200 1680/847/200 1797/848/200 1796/1884/200 

f 1680/1881/236 1679/1885/236 1798/1886/236 1797/1882/236 

f 1679/852/237 1678/1887/237 1799/1888/237 1798/855/237 

f 1678/1885/243 1677/1889/244 1800/1890/244 1799/1886/243 

f 1677/1891/244 1676/1892/245 1801/1893/245 1800/1894/244 

f 1676/1895/245 1675/1896/246 1802/1897/246 1801/1898/245 

f 1675/1899/246 1674/1900/247 1803/1901/247 1802/1902/246 

f 1674/1903/247 1673/1904/248 1804/1905/248 1803/1906/247 

f 1673/1907/248 1672/1908/249 1805/1909/249 1804/1910/248 

f 1672/1911/249 1671/1912/250 1806/1913/250 1805/1914/249 

f 1671/1915/250 1670/1916/251 1807/1917/251 1806/1918/250 

f 1670/1919/251 1669/1920/252 1808/1921/252 1807/1922/251 

f 1669/1923/252 1668/1924/253 1809/1925/253 1808/1926/252 

f 1668/1927/253 1667/1928/254 1810/1929/254 1809/1930/253 

f 1667/1928/254 1666/1931/254 1811/1932/254 1810/1929/254 

f 1666/1931/254 1665/1933/254 1812/1934/254 1811/1932/254 

f 1665/1933/254 1664/1935/254 1813/1936/254 1812/1934/254 

f 1664/1935/254 1663/1937/254 1814/1938/254 1813/1936/254 

f 1663/1937/254 1662/1939/254 1815/1940/254 1814/1938/254 

f 1662/1939/254 1661/1941/254 1816/1942/254 1815/1940/254 

f 1661/1943/255 1660/1944/255 1817/1945/255 1816/1946/255 

f 1660/1947/256 1659/1948/256 1818/1949/256 1817/1950/256 

f 1659/1948/256 1658/1951/256 1819/1952/256 1818/1949/256 

f 1658/1951/256 1657/1953/256 1820/1954/256 1819/1952/256 

f 1657/1953/256 1656/1955/256 1821/1956/256 1820/1954/256 

f 1656/1955/256 1655/1957/256 1822/1958/256 1821/1956/256 

f 1655/1957/256 1654/1959/256 1823/1960/256 1822/1958/256 

f 1654/1959/256 1653/1961/256 1824/1962/256 1823/1960/256 

f 1653/1961/256 1652/1963/256 1825/1964/256 1824/1962/256 

f 1652/1965/257 1651/1660/257 1826/1663/257 1825/1966/257 

f 1651/1967/237 1650/1968/237 1739/1969/237 1826/1970/237 

g Mesh6 ___39_4 Model

v 239.581 7.89915 -2.36842
v 239.581 6.7695 -0.101588
v 242.581 6.7695 -0.101588
v 242.581 7.89915 -2.36842
f 1827/1565/197 1828/1566/197 1829/1567/197 1830/1568/197 

v 239.581 14.8391 -96.4548
v 239.581 14.8391 -99.3548
v 239.581 25.7952 -99.3548
v 239.581 25.7952 -157.563
v 239.581 25.0223 -159.114
v 239.581 22.9753 -163.222
v 239.581 20.062 -169.068
v 239.581 16.69 -175.834
v 239.581 13.2671 -182.703
v 239.581 10.2009 -188.855
v 239.581 7.89915 -193.474
v 239.581 6.7695 -195.741
v 239.581 6.65726 -195.843
v 239.581 6.41569 -195.836
v 239.581 6.04172 -195.825
v 239.581 5.5911 -195.812
v 239.581 5.11957 -195.799
v 239.581 4.68289 -195.786
v 239.581 4.33679 -195.776
v 239.581 4.13703 -195.771
v 239.581 3.69883 -195.738
v 239.581 2.91573 -195.563
v 239.581 2.19551 -195.251
v 239.581 1.55266 -194.816
v 239.581 1.00163 -194.274
v 239.581 0.556886 -193.64
v 239.581 0.232899 -192.928
v 239.581 0.0441335 -192.154
v 239.581 1.35711e-09 -191.288
v 239.581 1.38167e-09 -188.1
v 239.581 4.91842 -188.1
v 239.581 4.91842 -185.234
v 239.581 1.40378e-09 -185.234
v 239.581 1.48694e-09 -174.449
v 239.581 1.60302e-09 -159.402
v 239.581 1.61721e-09 -157.563
v 239.581 2.88787 -157.563
v 239.581 8.92262 -157.563
v 239.581 11.5497 -157.563
v 239.581 12.0245 -157.563
v 239.581 12.0245 -154.697
v 239.581 1.63932e-09 -154.697
v 239.581 1.73261e-09 -142.604
v 239.581 1.86027e-09 -126.056
v 239.581 1.97057e-09 -111.76
v 239.581 2.04807e-09 -101.714
v 239.581 2.07733e-09 -97.9214
v 239.581 3.33109e-09 -94.1283
v 239.581 2.95744e-09 -84.0831
v 239.581 2.42586e-09 -69.7863
v 239.581 1.8105e-09 -53.2387
v 239.581 1.36055e-09 -41.1458
v 239.581 12.0245 -41.1458
v 239.581 12.0245 -38.2798
v 239.581 11.5497 -38.2798
v 239.581 8.92262 -38.2798
v 239.581 2.88787 -38.2798
v 239.581 1.25507e-09 -38.2798
v 239.581 1.18578e-09 -36.441
v 239.581 6.26249e-10 -21.3939
v 239.581 2.25592e-10 -10.6089
v 239.581 4.91842 -10.6089
v 239.581 4.91842 -7.74283
v 239.581 1.18661e-10 -7.74283
v 239.581 4.08854e-15 -4.5545
v 239.581 0.0441335 -3.68879
v 239.581 0.232899 -2.91433
v 239.581 0.556886 -2.20254
v 239.581 1.00163 -1.56829
v 239.581 1.55266 -1.02647
v 239.581 2.19551 -0.591983
v 239.581 2.91573 -0.279698
v 239.581 3.69883 -0.104507
v 239.581 4.13703 -0.0721823
v 239.581 4.33679 -0.0664609
v 239.581 4.68289 -0.0565483
v 239.581 5.11957 -0.0440412
v 239.581 5.5911 -0.0305361
v 239.581 6.04172 -0.0176298
v 239.581 6.41569 -0.00691886
v 239.581 6.65726 -2.31068e-11
v 239.581 10.2009 -6.9873
v 239.581 13.2671 -13.1401
v 239.581 16.69 -20.0088
v 239.581 20.062 -26.7752
v 239.581 22.9753 -32.6212
v 239.581 25.0223 -36.7288
v 239.581 25.7952 -38.2798
v 239.581 25.7952 -96.4548
f 1831/1569/198 1832/1570/198 1833/1571/198 1834/1572/198 1835/1573/198 1836/1574/198 1837/1575/198 1838/1576/198 1839/1577/198 1840/1578/198 1841/1579/198 1842/1580/198 1843/1581/198 1844/1582/198 1845/1583/198 1846/1584/198 1847/1585/198 1848/1586/198 1849/1587/198 1850/1588/198 1851/1589/198 1852/1590/198 1853/1591/198 1854/1592/198 1855/1593/198 1856/1594/198 1857/1595/198 1858/1596/198 1859/1597/198 1860/1598/198 1861/1599/198 1862/1600/198 1863/1601/198 1864/1602/198 1865/1603/198 1866/1604/198 1867/1605/198 1868/1606/198 1869/1607/198 1870/1608/198 1871/1609/198 1872/1610/198 1873/1611/198 1874/1612/198 1875/1613/198 1876/1614/198 1877/1615/198 1878/1616/198 1879/1617/198 1880/1618/198 1881/1619/198 1882/1620/198 1883/1621/198 1884/1622/198 1885/1623/198 1886/1624/198 1887/1625/198 1888/1626/198 1889/1627/198 1890/1628/198 1891/1629/198 1892/1630/198 1893/1631/198 1894/1632/198 1895/1633/198 1896/1634/198 1897/1635/198 1898/1636/198 1899/1637/198 1900/1638/198 1901/1639/198 1902/1640/198 1903/1641/198 1904/1642/198 1905/1643/198 1906/1644/198 1907/1645/198 1908/1646/198 1909/1647/198 1910/1648/198 1911/1649/198 1828/1650/198 1827/1651/198 1912/1652/198 1913/1653/198 1914/1654/198 1915/1655/198 1916/1656/198 1917/1657/198 1918/1658/198 1919/1659/198 

v 242.581 14.8391 -96.4548
v 242.581 14.8391 -99.3548
f 1832/1660/199 1831/1661/199 1920/1662/199 1921/1663/199 

v 242.581 25.7952 -96.4548
f 1831/1664/200 1919/1665/200 1922/1666/200 1920/1667/200 

v 242.581 25.7952 -38.2798
f 1919/1661/201 1918/1668/201 1923/1669/201 1922/1662/201 

v 242.581 25.0223 -36.7288
f 1918/1670/197 1917/1671/197 1924/1672/197 1923/1673/197 

v 242.581 22.9753 -32.6212
f 1917/1671/197 1916/1674/197 1925/1675/197 1924/1672/197 

v 242.581 20.062 -26.7752
f 1916/1674/197 1915/1676/197 1926/1677/197 1925/1675/197 

v 242.581 16.69 -20.0088
f 1915/1676/197 1914/1678/197 1927/1679/197 1926/1677/197 

v 242.581 13.2671 -13.1401
f 1914/1678/197 1913/1680/197 1928/1681/197 1927/1679/197 

v 242.581 10.2009 -6.9873
f 1913/1680/197 1912/1682/197 1929/1683/197 1928/1681/197 

f 1912/1682/197 1827/1565/197 1830/1568/197 1929/1683/197 

v 242.581 6.65726 2.84217e-14
v 242.581 6.41569 -0.00691886
v 242.581 6.04172 -0.0176298
v 242.581 5.5911 -0.0305361
v 242.581 5.11957 -0.0440412
v 242.581 4.68289 -0.0565483
v 242.581 4.33679 -0.0664609
v 242.581 4.13703 -0.0721823
v 242.581 3.69883 -0.104507
v 242.581 2.91573 -0.279698
v 242.581 2.19551 -0.591983
v 242.581 1.55266 -1.02647
v 242.581 1.00163 -1.56829
v 242.581 0.556886 -2.20254
v 242.581 0.232899 -2.91433
v 242.581 0.0441335 -3.68879
v 242.581 5.92041e-15 -4.5545
v 242.581 1.18663e-10 -7.74283
v 242.581 4.91842 -7.74283
v 242.581 4.91842 -10.6089
v 242.581 2.25594e-10 -10.6089
v 242.581 6.26251e-10 -21.3939
v 242.581 1.18578e-09 -36.441
v 242.581 1.25507e-09 -38.2798
v 242.581 2.88787 -38.2798
v 242.581 8.92262 -38.2798
v 242.581 11.5497 -38.2798
v 242.581 12.0245 -38.2798
v 242.581 12.0245 -41.1458
v 242.581 1.36056e-09 -41.1458
v 242.581 1.8105e-09 -53.2387
v 242.581 2.42587e-09 -69.7863
v 242.581 2.95744e-09 -84.0831
v 242.581 3.33109e-09 -94.1283
v 242.581 2.07733e-09 -97.9214
v 242.581 2.04807e-09 -101.714
v 242.581 1.97057e-09 -111.76
v 242.581 1.86027e-09 -126.056
v 242.581 1.73261e-09 -142.604
v 242.581 1.63932e-09 -154.697
v 242.581 12.0245 -154.697
v 242.581 12.0245 -157.563
v 242.581 11.5497 -157.563
v 242.581 8.92262 -157.563
v 242.581 2.88787 -157.563
v 242.581 1.61721e-09 -157.563
v 242.581 1.60302e-09 -159.402
v 242.581 1.48694e-09 -174.449
v 242.581 1.40378e-09 -185.234
v 242.581 4.91842 -185.234
v 242.581 4.91842 -188.1
v 242.581 1.38167e-09 -188.1
v 242.581 1.35711e-09 -191.288
v 242.581 0.0441335 -192.154
v 242.581 0.232899 -192.928
v 242.581 0.556886 -193.64
v 242.581 1.00163 -194.274
v 242.581 1.55266 -194.816
v 242.581 2.19551 -195.251
v 242.581 2.91573 -195.563
v 242.581 3.69883 -195.738
v 242.581 4.13703 -195.771
v 242.581 4.33679 -195.776
v 242.581 4.68289 -195.786
v 242.581 5.11957 -195.799
v 242.581 5.5911 -195.812
v 242.581 6.04172 -195.825
v 242.581 6.41569 -195.836
v 242.581 6.65726 -195.843
v 242.581 6.7695 -195.741
v 242.581 7.89915 -193.474
v 242.581 10.2009 -188.855
v 242.581 13.2671 -182.703
v 242.581 16.69 -175.834
v 242.581 20.062 -169.068
v 242.581 22.9753 -163.222
v 242.581 25.0223 -159.114
v 242.581 25.7952 -157.563
v 242.581 25.7952 -99.3548
f 1921/1684/202 1920/1685/202 1922/1686/202 1923/1687/202 1924/1688/202 1925/1689/202 1926/1690/202 1927/1691/202 1928/1692/202 1929/1693/202 1830/1694/202 1829/1695/202 1930/1696/202 1931/1697/202 1932/1698/202 1933/1699/202 1934/1700/202 1935/1701/202 1936/1702/202 1937/1703/202 1938/1704/202 1939/1705/202 1940/1706/202 1941/1707/202 1942/1708/202 1943/1709/202 1944/1710/202 1945/1711/202 1946/1712/202 1947/1713/202 1948/1714/202 1949/1715/202 1950/1716/202 1951/1717/202 1952/1718/202 1953/1719/202 1954/1720/202 1955/1721/202 1956/1722/202 1957/1723/202 1958/1724/202 1959/1725/202 1960/1726/202 1961/1727/202 1962/1728/202 1963/1729/202 1964/1730/202 1965/1731/202 1966/1732/202 1967/1733/202 1968/1734/202 1969/1735/202 1970/1736/202 1971/1737/202 1972/1738/202 1973/1739/202 1974/1740/202 1975/1741/202 1976/1742/202 1977/1743/202 1978/1744/202 1979/1745/202 1980/1746/202 1981/1747/202 1982/1748/202 1983/1749/202 1984/1750/202 1985/1751/202 1986/1752/202 1987/1753/202 1988/1754/202 1989/1755/202 1990/1756/202 1991/1757/202 1992/1758/202 1993/1759/202 1994/1760/202 1995/1761/202 1996/1762/202 1997/1763/202 1998/1581/202 1999/1764/202 2000/1765/202 2001/1766/202 2002/1767/202 2003/1768/202 2004/1769/202 2005/1770/202 2006/1771/202 2007/1772/202 2008/1773/202 

f 1828/1774/203 1911/1775/203 1930/1776/203 1829/1777/203 

f 1911/1778/204 1910/1779/204 1931/1780/204 1930/1781/204 

f 1910/1779/204 1909/1782/204 1932/1783/204 1931/1780/204 

f 1909/1782/204 1908/1784/204 1933/1785/204 1932/1783/204 

f 1908/1784/204 1907/1786/204 1934/1787/204 1933/1785/204 

f 1907/1786/204 1906/1788/204 1935/1789/204 1934/1787/204 

f 1906/1788/204 1905/1790/204 1936/1791/204 1935/1789/204 

f 1905/1790/204 1904/1792/205 1937/1793/205 1936/1791/204 

f 1904/1794/205 1903/1795/206 1938/1796/206 1937/1797/205 

f 1903/1798/206 1902/1799/207 1939/1800/207 1938/1801/206 

f 1902/1802/207 1901/1803/208 1940/1804/208 1939/1805/207 

f 1901/1806/208 1900/1807/209 1941/1808/209 1940/1809/208 

f 1900/1810/209 1899/1811/210 1942/1812/210 1941/1813/209 

f 1899/1814/210 1898/1815/211 1943/1816/211 1942/1817/210 

f 1898/1818/211 1897/1819/212 1944/1820/212 1943/1821/211 

f 1897/1822/212 1896/1823/213 1945/1824/213 1944/1825/212 

f 1896/1826/213 1895/1827/214 1946/1828/214 1945/1829/213 

f 1895/1830/214 1894/1831/215 1947/1832/215 1946/1633/214 

f 1894/1833/216 1893/847/216 1948/848/216 1947/1834/216 

f 1893/1831/217 1892/1835/217 1949/1836/217 1948/1832/217 

f 1892/852/218 1891/1837/218 1950/1838/218 1949/855/218 

f 1891/1835/219 1890/1839/220 1951/1840/220 1950/1836/219 

f 1890/1839/220 1889/1841/221 1952/1842/221 1951/1840/220 

f 1889/1841/221 1888/1843/222 1953/1844/222 1952/1842/221 

f 1888/1845/223 1887/863/224 1954/864/224 1953/1846/223 

f 1887/863/224 1886/866/225 1955/867/225 1954/864/224 

f 1886/866/225 1885/868/226 1956/869/226 1955/867/225 

f 1885/868/226 1884/870/227 1957/871/227 1956/869/226 

f 1884/1843/228 1883/1847/228 1958/1848/228 1957/1844/228 

f 1883/874/229 1882/1849/229 1959/1850/229 1958/877/229 

f 1882/1847/230 1881/1851/231 1960/1852/231 1959/1848/230 

f 1881/1851/231 1880/1853/232 1961/1854/232 1960/1852/231 

f 1880/1853/232 1879/1855/233 1962/1856/233 1961/1854/232 

f 1879/1855/233 1878/1857/234 1963/1858/234 1962/1856/233 

f 1878/1857/234 1877/1859/235 1964/1860/235 1963/1858/234 

f 1877/1859/235 1876/1861/236 1965/1862/236 1964/1860/235 

f 1876/1861/236 1875/1863/236 1966/1864/236 1965/1862/236 

f 1875/1863/236 1874/1865/236 1967/1866/236 1966/1864/236 

f 1874/1865/236 1873/1867/236 1968/1868/236 1967/1866/236 

f 1873/1867/236 1872/1869/236 1969/1870/236 1968/1868/236 

f 1872/1871/200 1871/870/200 1970/871/200 1969/1872/200 

f 1871/1869/236 1870/1873/236 1971/1874/236 1970/1870/236 

f 1870/874/237 1869/902/237 1972/903/237 1971/877/237 

f 1869/902/237 1868/904/238 1973/905/238 1972/903/237 

f 1868/904/238 1867/906/239 1974/907/239 1973/905/238 

f 1867/906/239 1866/1875/240 1975/1876/240 1974/907/239 

f 1866/1873/236 1865/1877/236 1976/1878/236 1975/1874/236 

f 1865/1877/236 1864/1879/241 1977/1880/241 1976/1878/236 

f 1864/1879/241 1863/1881/242 1978/1882/242 1977/1880/241 

f 1863/1883/200 1862/847/200 1979/848/200 1978/1884/200 

f 1862/1881/236 1861/1885/236 1980/1886/236 1979/1882/236 

f 1861/852/237 1860/1887/237 1981/1888/237 1980/855/237 

f 1860/1885/243 1859/1889/244 1982/1890/244 1981/1886/243 

f 1859/1891/244 1858/1892/245 1983/1893/245 1982/1894/244 

f 1858/1895/245 1857/1896/246 1984/1897/246 1983/1898/245 

f 1857/1899/246 1856/1900/247 1985/1901/247 1984/1902/246 

f 1856/1903/247 1855/1904/248 1986/1905/248 1985/1906/247 

f 1855/1907/248 1854/1908/249 1987/1909/249 1986/1910/248 

f 1854/1911/249 1853/1912/250 1988/1913/250 1987/1914/249 

f 1853/1915/250 1852/1916/251 1989/1917/251 1988/1918/250 

f 1852/1919/251 1851/1920/252 1990/1921/252 1989/1922/251 

f 1851/1923/252 1850/1924/253 1991/1925/253 1990/1926/252 

f 1850/1927/253 1849/1928/254 1992/1929/254 1991/1930/253 

f 1849/1928/254 1848/1931/254 1993/1932/254 1992/1929/254 

f 1848/1931/254 1847/1933/254 1994/1934/254 1993/1932/254 

f 1847/1933/254 1846/1935/254 1995/1936/254 1994/1934/254 

f 1846/1935/254 1845/1937/254 1996/1938/254 1995/1936/254 

f 1845/1937/254 1844/1939/254 1997/1940/254 1996/1938/254 

f 1844/1939/254 1843/1941/254 1998/1942/254 1997/1940/254 

f 1843/1943/255 1842/1944/255 1999/1945/255 1998/1946/255 

f 1842/1947/256 1841/1948/256 2000/1949/256 1999/1950/256 

f 1841/1948/256 1840/1951/256 2001/1952/256 2000/1949/256 

f 1840/1951/256 1839/1953/256 2002/1954/256 2001/1952/256 

f 1839/1953/256 1838/1955/256 2003/1956/256 2002/1954/256 

f 1838/1955/256 1837/1957/256 2004/1958/256 2003/1956/256 

f 1837/1957/256 1836/1959/256 2005/1960/256 2004/1958/256 

f 1836/1959/256 1835/1961/256 2006/1962/256 2005/1960/256 

f 1835/1961/256 1834/1963/256 2007/1964/256 2006/1962/256 

f 1834/1965/257 1833/1660/257 2008/1663/257 2007/1966/257 

f 1833/1967/237 1832/1968/237 1921/1969/237 2008/1970/237 

g Mesh7 ___40_1 Model

v 181.302 77.7195 -96.8092
vt 3.62524 0.770189
vn -0.00072145 -5.55112e-16 1
v 193.126 77.728 -96.8007
vt 3.86161 0.770189
v 193.236 77.7281 -96.8006
vt 3.86381 0.770189
v 193.231 84.5231 -96.8006
vt 3.86381 0.838139
v 181.297 84.5145 -96.8092
vt 3.62524 0.838139
f 2009/1971/258 2010/1972/258 2011/1973/258 2012/1974/258 2013/1975/258 

v 202.644 84.5299 -96.7938
vt 4.05196 0.838139
v 202.644 83.752 -96.7938
vt 4.05196 0.83036
v 202.683 83.7279 -96.7938
vt 4.05274 0.830119
v 202.791 83.6573 -96.7937
vt 4.0549 0.829412
v 202.957 83.5428 -96.7936
vt 4.0582 0.828266
v 203.167 83.387 -96.7935
vt 4.06241 0.826707
v 203.411 83.1925 -96.7933
vt 4.06729 0.824759
v 203.677 82.9618 -96.7931
vt 4.07259 0.82245
v 203.951 82.6974 -96.7929
vt 4.07807 0.819805
v 204.223 82.4021 -96.7927
vt 4.0835 0.81685
v 204.464 82.0635 -96.7925
vt 4.08831 0.813462
v 204.631 81.659 -96.7924
vt 4.09166 0.809416
v 204.734 81.2107 -96.7923
vt 4.09369 0.804932
v 204.779 80.7429 -96.7923
vt 4.09459 0.800253
v 204.776 80.2796 -96.7923
vt 4.09453 0.795621
v 204.734 79.845 -96.7923
vt 4.09368 0.791275
v 204.662 79.4632 -96.7924
vt 4.09224 0.787457
v 204.569 79.1583 -96.7925
vt 4.09036 0.784409
v 204.452 78.9381 -96.7925
vt 4.08803 0.782208
v 204.263 78.7227 -96.7927
vt 4.08425 0.780056
v 204.017 78.5062 -96.7929
vt 4.07932 0.777892
v 203.74 78.2985 -96.7931
vt 4.07378 0.775817
v 203.459 78.1094 -96.7933
vt 4.06817 0.773928
v 203.201 77.9488 -96.7934
vt 4.06302 0.772324
v 202.993 77.8266 -96.7936
vt 4.05885 0.771104
v 202.862 77.7528 -96.7937
vt 4.05622 0.770366
v 202.406 77.7347 -96.794
vt 4.04711 0.770189
v 174.218 77.7144 -96.8144
vt 3.48364 0.770189
v 169.322 77.7109 -96.8179
vt 3.38577 0.770189
v 155.902 77.7012 -96.8276
vt 3.11749 0.770189
v 149.031 77.6962 -96.8325
vt 2.98015 0.770189
v 142.481 77.6915 -96.8373
vt 2.84922 0.770189
v 129.061 77.6818 -96.8469
vt 2.58094 0.770189
v 120.914 77.6759 -96.8528
vt 2.41808 0.770189
v 115.64 77.6721 -96.8566
vt 2.31266 0.770189
v 102.22 77.6624 -96.8663
vt 2.04439 0.770189
v 93.2147 77.656 -96.8728
vt 1.86438 0.770189
v 88.7991 77.6528 -96.876
vt 1.77611 0.770189
v 75.3785 77.6431 -96.8857
vt 1.50783 0.770189
v 69.2833 77.6387 -96.8901
vt 1.38599 0.770189
v 61.9579 77.6334 -96.8953
vt 1.23955 0.770189
v 52.4686 77.6266 -96.9022
vt 1.04986 0.770189
v 46.1194 77.622 -96.9068
vt 0.922943 0.770189
v 45.578 77.6216 -96.9072
vt 0.91212 0.770189
v 45.5777 76.1997 -96.9072
vt 0.912093 0.755971
v 45.5776 75.902 -96.9072
vt 0.912088 0.752993
v 47.3684 75.9033 -96.9059
vt 0.947885 0.752993
v 214.629 76.0239 -96.7852
vt 4.29143 0.752993
v 381.89 76.1446 -96.6645
vt 7.63498 0.752993
v 383.681 76.1459 -96.6632
vt 7.67078 0.752993
v 383.681 76.4437 -96.6632
vt 7.67077 0.755971
v 383.678 77.8655 -96.6632
vt 7.67075 0.770189
v 383.137 77.8651 -96.6636
vt 7.65992 0.770189
v 376.788 77.8605 -96.6682
vt 7.533 0.770189
v 367.298 77.8537 -96.6751
vt 7.34331 0.770189
v 359.973 77.8484 -96.6803
vt 7.19688 0.770189
v 353.878 77.844 -96.6847
vt 7.07503 0.770189
v 340.457 77.8343 -96.6944
vt 6.80676 0.770189
v 336.042 77.8311 -96.6976
vt 6.71849 0.770189
v 327.037 77.8246 -96.7041
vt 6.53848 0.770189
v 313.616 77.815 -96.7138
vt 6.2702 0.770189
v 308.343 77.8112 -96.7176
vt 6.16479 0.770189
v 300.195 77.8053 -96.7235
vt 6.00192 0.770189
v 286.775 77.7956 -96.7332
vt 5.73365 0.770189
v 280.225 77.7909 -96.7379
vt 5.60271 0.770189
v 273.354 77.7859 -96.7428
vt 5.46537 0.770189
v 259.934 77.7762 -96.7525
vt 5.19709 0.770189
v 255.038 77.7727 -96.756
vt 5.09922 0.770189
v 247.954 77.7676 -96.7612
vt 4.95762 0.770189
v 236.13 77.7591 -96.7697
vt 4.72125 0.770189
v 236.02 77.759 -96.7698
vt 4.71906 0.770189
v 226.85 77.7524 -96.7764
vt 4.53576 0.770189
v 226.395 77.7698 -96.7767
vt 4.52665 0.770366
v 226.263 77.8434 -96.7768
vt 4.52401 0.771104
v 226.054 77.9653 -96.777
vt 4.51985 0.772324
v 225.796 78.1255 -96.7771
vt 4.51469 0.773928
v 225.516 78.3142 -96.7773
vt 4.50908 0.775817
v 225.239 78.5215 -96.7775
vt 4.50355 0.777892
v 224.992 78.7377 -96.7777
vt 4.49862 0.780056
v 224.802 78.9528 -96.7779
vt 4.49484 0.782208
v 224.685 79.1728 -96.7779
vt 4.4925 0.784409
v 224.592 79.4775 -96.778
vt 4.49063 0.787457
v 224.519 79.8592 -96.7781
vt 4.48918 0.791275
v 224.476 80.2938 -96.7781
vt 4.48834 0.795621
v 224.473 80.7571 -96.7781
vt 4.48827 0.800253
v 224.518 81.225 -96.7781
vt 4.48917 0.804932
v 224.619 81.6734 -96.778
vt 4.49121 0.809416
v 224.786 82.0782 -96.7779
vt 4.49456 0.813462
v 225.026 82.4171 -96.7777
vt 4.49936 0.81685
v 225.298 82.7129 -96.7775
vt 4.50479 0.819805
v 225.572 82.9776 -96.7773
vt 4.51027 0.82245
v 225.837 83.2087 -96.7771
vt 4.51558 0.824759
v 226.081 83.4036 -96.7769
vt 4.52045 0.826707
v 226.291 83.5597 -96.7768
vt 4.52466 0.828266
v 226.457 83.6744 -96.7767
vt 4.52797 0.829412
v 226.564 83.7451 -96.7766
vt 4.53013 0.830119
v 226.603 83.7693 -96.7766
vt 4.5309 0.83036
v 226.502 84.5471 -96.7766
vt 4.5289 0.838139
v 226.413 84.5636 -96.7767
vt 4.5271 0.838305
v 226.377 84.6201 -96.7767
vt 4.52639 0.838869
v 226.314 84.7134 -96.7768
vt 4.52514 0.839804
v 226.223 84.8406 -96.7768
vt 4.52331 0.841076
v 226.101 84.9983 -96.7769
vt 4.52089 0.842654
v 225.949 85.1836 -96.777
vt 4.51784 0.844508
v 225.764 85.3931 -96.7772
vt 4.51414 0.846605
v 225.544 85.6238 -96.7773
vt 4.50976 0.848913
v 225.298 85.8413 -96.7775
vt 4.50485 0.85109
v 225.049 85.9827 -96.7777
vt 4.49986 0.852506
v 224.806 86.0602 -96.7779
vt 4.49501 0.853282
v 224.581 86.0886 -96.778
vt 4.4905 0.853568
v 224.382 86.0827 -96.7782
vt 4.48654 0.853511
v 224.222 86.0575 -96.7783
vt 4.48333 0.85326
v 224.109 86.0278 -96.7784
vt 4.48107 0.852963
v 224.038 86.0121 -96.7784
vt 4.47965 0.852807
v 223.98 86.0379 -96.7785
vt 4.47849 0.853065
v 223.88 86.0815 -96.7785
vt 4.47651 0.853502
v 223.748 86.139 -96.7786
vt 4.47386 0.854078
v 223.59 86.2062 -96.7787
vt 4.47071 0.854751
v 223.416 86.2792 -96.7789
vt 4.46722 0.855482
v 223.232 86.3538 -96.779
vt 4.46356 0.85623
v 223.048 86.4261 -96.7791
vt 4.45988 0.856954
v 222.855 86.4846 -96.7793
vt 4.45602 0.857541
v 222.591 86.4964 -96.7795
vt 4.45074 0.85766
v 222.275 86.4687 -96.7797
vt 4.44442 0.857386
v 221.936 86.414 -96.7799
vt 4.43765 0.856841
v 221.604 86.3449 -96.7802
vt 4.43101 0.856152
v 221.309 86.2738 -96.7804
vt 4.42511 0.855444
v 221.081 86.2133 -96.7805
vt 4.42054 0.854841
v 220.923 86.178 -96.7807
vt 4.4174 0.854488
v 220.889 86.2515 -96.7807
vt 4.41671 0.855224
v 220.819 86.3879 -96.7807
vt 4.41531 0.856588
v 220.714 86.5709 -96.7808
vt 4.41322 0.858418
v 220.576 86.7842 -96.7809
vt 4.41047 0.860553
v 220.406 87.0118 -96.781
vt 4.40706 0.86283
v 220.204 87.2374 -96.7812
vt 4.40303 0.865088
v 219.971 87.4448 -96.7813
vt 4.39839 0.867164
v 219.708 87.6211 -96.7815
vt 4.39313 0.868928
v 219.402 87.7946 -96.7818
vt 4.38701 0.870665
v 219.069 87.9695 -96.782
vt 4.38035 0.872417
v 218.729 88.1379 -96.7822
vt 4.37357 0.874103
v 218.407 88.2916 -96.7825
vt 4.36712 0.875643
v 218.124 88.4226 -96.7827
vt 4.36146 0.876954
v 217.902 88.5227 -96.7828
vt 4.35703 0.877957
v 217.763 88.5838 -96.7829
vt 4.35426 0.878569
v 217.728 88.6023 -96.783
vt 4.35355 0.878755
v 217.728 88.6855 -96.783
vt 4.35357 0.879586
v 217.724 88.8684 -96.783
vt 4.35348 0.881415
v 217.706 89.1317 -96.783
vt 4.35313 0.884048
v 217.668 89.4562 -96.783
vt 4.35238 0.887294
v 217.603 89.8227 -96.7831
vt 4.35107 0.890959
v 217.501 90.2118 -96.7831
vt 4.34904 0.894851
v 217.356 90.6044 -96.7832
vt 4.34616 0.898778
v 217.161 90.9809 -96.7834
vt 4.34225 0.902544
v 216.875 91.2922 -96.7836
vt 4.33654 0.905659
v 216.504 91.5225 -96.7838
vt 4.32913 0.907965
v 216.086 91.6839 -96.7841
vt 4.32077 0.909582
v 215.659 91.7887 -96.7845
vt 4.31223 0.910633
v 215.26 91.8489 -96.7847
vt 4.30427 0.911238
v 214.929 91.8769 -96.785
vt 4.29765 0.911521
v 214.702 91.8848 -96.7851
vt 4.29311 0.911601
v 214.618 91.8847 -96.7852
vt 4.29143 0.911601
v 214.534 91.8846 -96.7853
vt 4.28975 0.911601
v 214.307 91.8765 -96.7854
vt 4.28522 0.911521
v 213.976 91.848 -96.7857
vt 4.27859 0.911238
v 213.577 91.7872 -96.786
vt 4.27063 0.910633
v 213.15 91.6818 -96.7863
vt 4.26209 0.909582
v 212.732 91.5197 -96.7866
vt 4.25374 0.907965
v 212.362 91.2889 -96.7868
vt 4.24632 0.905659
v 212.076 90.9772 -96.787
vt 4.24061 0.902544
v 211.881 90.6005 -96.7872
vt 4.23671 0.898778
v 211.737 90.2077 -96.7873
vt 4.23382 0.894851
v 211.636 89.8184 -96.7874
vt 4.2318 0.890959
v 211.571 89.4518 -96.7874
vt 4.23049 0.887294
v 211.533 89.1272 -96.7874
vt 4.22973 0.884048
v 211.516 88.8639 -96.7874
vt 4.22939 0.881415
v 211.512 88.681 -96.7874
vt 4.2293 0.879586
v 211.513 88.5979 -96.7874
vt 4.22931 0.878755
v 211.477 88.5793 -96.7875
vt 4.2286 0.878569
v 211.339 88.5179 -96.7876
vt 4.22584 0.877957
v 211.117 88.4175 -96.7877
vt 4.2214 0.876954
v 210.834 88.2862 -96.7879
vt 4.21574 0.875643
v 210.512 88.132 -96.7882
vt 4.2093 0.874103
v 210.173 87.9631 -96.7884
vt 4.20252 0.872417
v 209.839 87.7877 -96.7887
vt 4.19585 0.870665
v 209.534 87.6138 -96.7889
vt 4.18974 0.868928
v 209.271 87.4371 -96.7891
vt 4.18448 0.867164
v 209.039 87.2294 -96.7892
vt 4.17984 0.865088
v 208.837 87.0035 -96.7894
vt 4.1758 0.86283
v 208.667 86.7757 -96.7895
vt 4.1724 0.860553
v 208.529 86.5621 -96.7896
vt 4.16964 0.858418
v 208.425 86.3789 -96.7897
vt 4.16755 0.856588
v 208.355 86.2425 -96.7897
vt 4.16616 0.855224
v 208.321 86.1689 -96.7898
vt 4.16547 0.854488
v 208.163 86.204 -96.7899
vt 4.16233 0.854841
v 207.935 86.2642 -96.79
vt 4.15775 0.855444
v 207.639 86.3348 -96.7902
vt 4.15185 0.856152
v 207.308 86.4035 -96.7905
vt 4.14522 0.856841
v 206.969 86.4577 -96.7907
vt 4.13844 0.857386
v 206.652 86.4849 -96.791
vt 4.13212 0.85766
v 206.388 86.4727 -96.7911
vt 4.12684 0.857541
v 206.195 86.414 -96.7913
vt 4.12299 0.856954
v 206.011 86.3414 -96.7914
vt 4.11931 0.85623
v 205.828 86.2665 -96.7915
vt 4.11564 0.855482
v 205.654 86.1933 -96.7917
vt 4.11216 0.854751
v 205.496 86.1258 -96.7918
vt 4.10901 0.854078
v 205.364 86.0682 -96.7919
vt 4.10636 0.853502
v 205.264 86.0244 -96.792
vt 4.10437 0.853065
v 205.206 85.9985 -96.792
vt 4.10321 0.852807
v 205.135 86.0141 -96.792
vt 4.10179 0.852963
v 205.022 86.0437 -96.7921
vt 4.09953 0.85326
v 204.862 86.0686 -96.7922
vt 4.09632 0.853511
v 204.664 86.0742 -96.7924
vt 4.09236 0.853568
v 204.438 86.0455 -96.7926
vt 4.08786 0.853282
v 204.196 85.9677 -96.7927
vt 4.08301 0.852506
v 203.946 85.8259 -96.7929
vt 4.07802 0.85109
v 203.7 85.6081 -96.7931
vt 4.0731 0.848913
v 203.482 85.377 -96.7932
vt 4.06872 0.846605
v 203.297 85.1672 -96.7934
vt 4.06503 0.844508
v 203.144 84.9818 -96.7935
vt 4.06198 0.842654
v 203.023 84.8238 -96.7936
vt 4.05955 0.841076
v 202.932 84.6965 -96.7936
vt 4.05773 0.839804
v 202.869 84.6031 -96.7937
vt 4.05647 0.838869
v 202.834 84.5466 -96.7937
vt 4.05576 0.838305
v 202.744 84.53 -96.7938
vt 4.05397 0.838139
f 2014/1976/258 2015/1977/258 2016/1978/258 2017/1979/258 2018/1980/258 2019/1981/258 2020/1982/258 2021/1983/258 2022/1984/258 2023/1985/258 2024/1986/258 2025/1987/258 2026/1988/258 2027/1989/258 2028/1990/258 2029/1991/258 2030/1992/258 2031/1993/258 2032/1994/258 2033/1995/258 2034/1996/258 2035/1997/258 2036/1998/258 2037/1999/258 2038/2000/258 2039/2001/258 2040/2002/258 2011/1973/258 2010/1972/258 2009/1971/258 2041/2003/258 2042/2004/258 2043/2005/258 2044/2006/258 2045/2007/258 2046/2008/258 2047/2009/258 2048/2010/258 2049/2011/258 2050/2012/258 2051/2013/258 2052/2014/258 2053/2015/258 2054/2016/258 2055/2017/258 2056/2018/258 2057/2019/258 2058/2020/258 2059/2021/258 2060/2022/258 2061/2023/258 2062/2024/258 2063/2025/258 2064/2026/258 2065/2027/258 2066/2028/258 2067/2029/258 2068/2030/258 2069/2031/258 2070/2032/258 2071/2033/258 2072/2034/258 2073/2035/258 2074/2036/258 2075/2037/258 2076/2038/258 2077/2039/258 2078/2040/258 2079/2041/258 2080/2042/258 2081/2043/258 2082/2044/258 2083/2045/258 2084/2046/258 2085/2047/258 2086/2048/258 2087/2049/258 2088/2050/258 2089/2051/258 2090/2052/258 2091/2053/258 2092/2054/258 2093/2055/258 2094/2056/258 2095/2057/258 2096/2058/258 2097/2059/258 2098/2060/258 2099/2061/258 2100/2062/258 2101/2063/258 2102/2064/258 2103/2065/258 2104/2066/258 2105/2067/258 2106/2068/258 2107/2069/258 2108/2070/258 2109/2071/258 2110/2072/258 2111/2073/258 2112/2074/258 2113/2075/258 2114/2076/258 2115/2077/258 2116/2078/258 2117/2079/258 2118/2080/258 2119/2081/258 2120/2082/258 2121/2083/258 2122/2084/258 2123/2085/258 2124/2086/258 2125/2087/258 2126/2088/258 2127/2089/258 2128/2090/258 2129/2091/258 2130/2092/258 2131/2093/258 2132/2094/258 2133/2095/258 2134/2096/258 2135/2097/258 2136/2098/258 2137/2099/258 2138/2100/258 2139/2101/258 2140/2102/258 2141/2103/258 2142/2104/258 2143/2105/258 2144/2106/258 2145/2107/258 2146/2108/258 2147/2109/258 2148/2110/258 2149/2111/258 2150/2112/258 2151/2113/258 2152/2114/258 2153/2115/258 2154/2116/258 2155/2117/258 2156/2118/258 2157/2119/258 2158/2120/258 2159/2121/258 2160/2122/258 2161/2123/258 2162/2124/258 2163/2125/258 2164/2126/258 2165/2127/258 2166/2128/258 2167/2129/258 2168/2130/258 2169/2131/258 2170/2132/258 2171/2133/258 2172/2134/258 2173/2135/258 2174/2136/258 2175/2137/258 2176/2138/258 2177/2139/258 2178/2140/258 2179/2141/258 2180/2142/258 2181/2143/258 2182/2144/258 2183/2145/258 2184/2146/258 2185/2147/258 2186/2148/258 2187/2149/258 2188/2150/258 2189/2151/258 2190/2152/258 2191/2153/258 2192/2154/258 2193/2155/258 2194/2156/258 2195/2157/258 2196/2158/258 2197/2159/258 2198/2160/258 2199/2161/258 2200/2162/258 2201/2163/258 2202/2164/258 2203/2165/258 2204/2166/258 2205/2167/258 2206/2168/258 2207/2169/258 2208/2170/258 2209/2171/258 2210/2172/258 2211/2173/258 2212/2174/258 2213/2175/258 2214/2176/258 2215/2177/258 2216/2178/258 2217/2179/258 2218/2180/258 2219/2181/258 2220/2182/258 2221/2183/258 2222/2184/258 2223/2185/258 2224/2186/258 2225/2187/258 2226/2188/258 2227/2189/258 2228/2190/258 2229/2191/258 2230/2192/258 2231/2193/258 2232/2194/258 2233/2195/258 2234/2196/258 2235/2197/258 2236/2198/258 2237/2199/258 

v 195.502 84.5247 -96.799
vt 3.90919 0.838139
f 2015/1977/258 2014/1976/258 2238/2200/258 2012/1974/258 2011/1973/258 2040/2002/258 2039/2001/258 2038/2000/258 2037/1999/258 2036/1998/258 2035/1997/258 2034/1996/258 2033/1995/258 2032/1994/258 2031/1993/258 2030/1992/258 2029/1991/258 2028/1990/258 2027/1989/258 2026/1988/258 2025/1987/258 2024/1986/258 2023/1985/258 2022/1984/258 2021/1983/258 2020/1982/258 2019/1981/258 2018/1980/258 2017/1979/258 2016/1978/258 

vt -1.65989 0.03
vn -0.999999 -0.00072145 -0.00072145
vt -1.67544 0.03
v 202.646 84.5299 -99.7938
vt -1.67544 0
v 202.646 83.752 -99.7938
vt -1.65989 0
f 2015/2201/259 2014/2202/259 2239/2203/259 2240/2204/259 

vt -3.90919 0.03
vn -0.00072145 1 -5.2049e-07
vt -4.05196 0.03
vt -4.05196 0
v 195.504 84.5247 -99.799
vt -3.90919 1.12799e-16
f 2238/2205/260 2014/2206/260 2239/2207/260 2241/2208/260 

vt -4.05397 0.03
vn -0.0919949 0.995759 -6.63698e-05
v 202.746 84.53 -99.7938
vt -4.05397 0
f 2014/2206/260 2237/2209/261 2242/2210/261 2239/2207/260 

vt -4.291 0.03
vt -4.29282 0.03
vn -0.1825 0.983206 -0.000131665
v 202.836 84.5466 -99.7937
vt -4.29282 0
vt -4.291 0
f 2237/2211/261 2236/2212/262 2243/2213/262 2242/2214/261 

vt -3.58049 0.03
vn -0.846315 0.532682 -0.000610574
vt -3.58183 0.03
vn -0.838434 0.545003 -0.000604889
v 202.871 84.6031 -99.7937
vt -3.58183 0
vt -3.58049 0
f 2236/2215/263 2235/2216/264 2244/2217/264 2243/2218/263 

vt -3.6545 0.03
vt -3.65675 0.03
vn -0.821673 0.569959 -0.000592796
v 202.934 84.6965 -99.7936
vt -3.65675 0
vt -3.6545 0
f 2235/2219/264 2234/2220/265 2245/2221/265 2244/2222/264 

vt -3.73007 0.03
vt -3.7332 0.03
vn -0.803284 0.595596 -0.000579529
v 203.025 84.8238 -99.7936
vt -3.7332 0
vt -3.73007 0
f 2234/2223/265 2233/2224/266 2246/2225/266 2245/2226/265 

vt -3.80593 0.03
vt -3.80991 0.03
vn -0.783277 0.621673 -0.000565095
v 203.147 84.9818 -99.7935
vt -3.80991 0
vt -3.80593 0
f 2233/2227/266 2232/2228/267 2247/2229/267 2246/2230/266 

vt -3.88134 0.03
vt -3.88614 0.03
vn -0.761605 0.648042 -0.00054946
v 203.299 85.1672 -99.7934
vt -3.88614 0
vt -3.88134 0
f 2232/2231/267 2231/2232/268 2248/2233/268 2247/2234/267 

vt -3.95561 0.03
vt -3.96121 0.03
vn -0.738218 0.674562 -0.000532587
v 203.484 85.377 -99.7932
vt -3.96121 0
vt -3.95561 0
f 2231/2235/268 2230/2236/269 2249/2237/269 2248/2238/268 

vt -4.02807 0.03
vt -4.03443 0.03
vn -0.695318 0.718702 -0.000501637
v 203.703 85.6081 -99.7931
vt -4.03443 0
vt -4.02807 0
f 2230/2239/269 2229/2240/270 2250/2241/270 2249/2242/269 

vt -4.17467 0.03
vt -4.18123 0.03
vn -0.581846 0.813299 -0.000419773
v 203.948 85.8259 -99.7929
vt -4.18123 0
vt -4.17467 0
f 2229/2243/270 2228/2244/271 2251/2245/271 2250/2246/270 

vt -4.38651 0.03
vt -4.39225 0.03
vn -0.40191 0.915679 -0.000289958
v 204.198 85.9677 -99.7927
vt -4.39225 0
vt -4.38651 0
f 2228/2247/271 2227/2248/272 2252/2249/272 2251/2250/271 

vt -4.40817 0.03
vt -4.41326 0.03
vn -0.216848 0.976205 -0.000156445
v 204.44 86.0455 -99.7926
vt -4.41326 0
vt -4.40817 0
f 2227/2251/272 2226/2252/273 2253/2253/273 2252/2254/272 

vt -4.26975 0.03
vt -4.27429 0.03
vn -0.0492737 0.998785 -3.55486e-05
v 204.666 86.0742 -99.7924
vt -4.27429 0
vt -4.26975 0
f 2226/2255/273 2225/2256/274 2254/2257/274 2253/2258/273 

vt -4.04152 0.03
vt -4.04548 0.03
vn 0.0910545 0.995846 6.56913e-05
v 204.864 86.0686 -99.7922
vt -4.04548 0
vt -4.04152 0
f 2225/2259/274 2224/2260/275 2255/2261/275 2254/2262/274 

vt -3.78382 0.03
vt -3.78707 0.03
vn 0.203516 0.979072 0.000146826
v 205.024 86.0437 -99.7921
vt -3.78707 0
vt -3.78382 0
f 2224/2263/275 2223/2264/276 2256/2265/276 2255/2266/275 

vt -3.53312 0.03
vt -3.53545 0.03
vn 0.233532 0.972349 0.000168482
v 205.138 86.0141 -99.792
vt -3.53545 0
vt -3.53312 0
f 2223/2267/276 2222/2268/277 2257/2269/277 2256/2270/276 

vt -3.63972 0.03
vt -3.64117 0.03
vn 0.214126 0.976806 0.000154482
v 205.209 85.9985 -99.792
vt -3.64117 0
vt -3.63972 0
f 2222/2271/277 2221/2272/278 2258/2273/278 2257/2274/277 

vt -4.44189 0.03
vn -0.40719 0.913343 -0.000293767
vt -4.44316 0.03
vn -0.405393 0.914143 -0.000292471
v 205.267 86.0244 -99.792
vt -4.44316 0
vt -4.44189 0
f 2221/2275/279 2220/2276/280 2259/2277/280 2258/2278/279 

vt -4.44356 0.03
vt -4.44572 0.03
vn -0.401398 0.915904 -0.000289588
v 205.366 86.0682 -99.7919
vt -4.44572 0
vt -4.44356 0
f 2220/2279/280 2219/2280/281 2260/2281/281 2259/2282/280 

vt -4.44612 0.03
vt -4.44901 0.03
vn -0.396503 0.918034 -0.000286057
v 205.498 86.1258 -99.7918
vt -4.44901 0
vt -4.44612 0
f 2219/2283/281 2218/2284/282 2261/2285/282 2260/2286/281 

vt -4.44935 0.03
vt -4.45278 0.03
vn -0.390426 0.920634 -0.000281673
v 205.656 86.1933 -99.7917
vt -4.45278 0
vt -4.44935 0
f 2218/2287/282 2217/2288/283 2262/2289/283 2261/2290/282 

vt -4.45299 0.03
vt -4.45677 0.03
vn -0.382701 0.923872 -0.0002761
v 205.83 86.2665 -99.7915
vt -4.45677 0
vt -4.45299 0
f 2217/2291/283 2216/2292/284 2263/2293/284 2262/2294/283 

vt -4.4567 0.03
vt -4.46065 0.03
vn -0.372559 0.928009 -0.000268783
v 206.013 86.3414 -99.7914
vt -4.46065 0
vt -4.4567 0
f 2216/2295/284 2215/2296/285 2264/2297/285 2263/2298/284 

vt -4.45994 0.03
vt -4.4639 0.03
vn -0.329367 0.944202 -0.000237622
v 206.197 86.414 -99.7913
vt -4.4639 0
vt -4.45994 0
f 2215/2299/285 2214/2300/286 2265/2301/286 2264/2302/285 

vt -4.44295 0.03
vt -4.44698 0.03
vn -0.170058 0.985434 -0.000122688
v 206.39 86.4727 -99.7911
vt -4.44698 0
vt -4.44295 0
f 2214/2303/286 2213/2304/287 2266/2305/287 2265/2306/286 

vt -4.20025 0.03
vt -4.20553 0.03
vn 0.0199457 0.999801 1.43898e-05
v 206.654 86.4849 -99.791
vt -4.20553 0
vt -4.20025 0
f 2213/2307/287 2212/2308/288 2267/2309/288 2266/2310/287 

vt -3.96826 0.03
vt -3.97461 0.03
vn 0.1219 0.992542 8.79445e-05
v 206.971 86.4577 -99.7907
vt -3.97461 0
vt -3.96826 0
f 2212/2311/288 2211/2312/289 2268/2313/289 2267/2314/288 

vt -3.81439 0.03
vt -3.82125 0.03
vn 0.18021 0.983628 0.000130013
v 207.31 86.4035 -99.7905
vt -3.82125 0
vt -3.81439 0
f 2211/2315/289 2210/2316/290 2269/2317/290 2268/2318/289 

vt -3.71066 0.03
vt -3.71744 0.03
vn 0.217643 0.976028 0.000157019
v 207.642 86.3348 -99.7902
vt -3.71744 0
vt -3.71066 0
f 2210/2319/290 2209/2320/291 2270/2321/291 2269/2322/290 

vt -3.63765 0.03
vt -3.64372 0.03
vn 0.24358 0.969881 0.000175731
v 207.937 86.2642 -99.79
vt -3.64372 0
vt -3.63765 0
f 2209/2323/291 2208/2324/292 2271/2325/292 2270/2326/291 

vt -3.58397 0.03
vt -3.58869 0.03
vn 0.236193 0.971706 0.000170402
v 208.166 86.204 -99.7899
vt -3.58869 0
vt -3.58397 0
f 2208/2327/292 2207/2328/293 2272/2329/293 2271/2330/292 

vt -3.68809 0.03
vt -3.69132 0.03
vn 0.217901 0.975971 0.000157205
v 208.323 86.1689 -99.7898
vt -3.69132 0
vt -3.68809 0
f 2207/2331/293 2206/2332/294 2273/2333/294 2272/2334/293 

vt -3.31247 0.03
vn -0.906061 0.423146 -0.000653678
vt -3.31409 0.03
vn -0.898291 0.439401 -0.000648072
v 208.357 86.2425 -99.7897
vt -3.31409 0
vt -3.31247 0
f 2206/2335/295 2205/2336/296 2274/2337/296 2273/2338/295 

vt -3.42178 0.03
vt -3.42485 0.03
vn -0.879827 0.475294 -0.000634752
v 208.427 86.3789 -99.7897
vt -3.42485 0
vt -3.42178 0
f 2205/2339/296 2204/2340/297 2275/2341/297 2274/2342/296 

vt -3.55224 0.03
vt -3.55645 0.03
vn -0.855024 0.518589 -0.000616857
v 208.531 86.5621 -99.7896
vt -3.55645 0
vt -3.55224 0
f 2204/2343/297 2203/2344/298 2276/2345/298 2275/2346/297 

vt -3.70371 0.03
vt -3.70879 0.03
vn -0.821279 0.570527 -0.000592512
v 208.669 86.7757 -99.7895
vt -3.70879 0
vt -3.70371 0
f 2203/2347/298 2202/2348/299 2277/2349/299 2276/2350/298 

vt -3.87678 0.03
vt -3.88246 0.03
vn -0.774336 0.632774 -0.000558645
v 208.839 87.0035 -99.7894
vt -3.88246 0
vt -3.87678 0
f 2202/2351/299 2201/2352/300 2278/2353/300 2277/2354/299 

vt -4.0689 0.03
vt -4.07495 0.03
vn -0.707596 0.706617 -0.000510495
v 209.041 87.2294 -99.7892
vt -4.07495 0
vt -4.0689 0
f 2201/2355/300 2200/2356/301 2279/2357/301 2278/2358/300 

vt -4.26886 0.03
vt -4.27508 0.03
vn -0.613716 0.789526 -0.000442766
v 209.273 87.4371 -99.7891
vt -4.27508 0
vt -4.26886 0
f 2200/2359/301 2199/2360/302 2280/2361/302 2279/2362/301 

vt -4.44087 0.03
vt -4.4472 0.03
vn -0.526401 0.850236 -0.000379772
v 209.536 87.6138 -99.7889
vt -4.4472 0
vt -4.44087 0
f 2199/2363/302 2198/2364/303 2281/2365/303 2280/2366/302 

vt -4.50094 0.03
vt -4.50797 0.03
vn -0.480165 0.877178 -0.000346415
v 209.842 87.7877 -99.7887
vt -4.50797 0
vt -4.50094 0
f 2198/2367/303 2197/2368/304 2282/2369/304 2281/2370/303 

vt -4.52394 0.03
vt -4.53147 0.03
vn -0.455821 0.890072 -0.000328852
v 210.175 87.9631 -99.7884
vt -4.53147 0
vt -4.52394 0
f 2197/2371/304 2196/2372/305 2283/2373/305 2282/2374/304 

vt -4.53945 0.03
vt -4.54702 0.03
vn -0.438796 0.898587 -0.000316569
v 210.514 88.132 -99.7882
vt -4.54702 0
vt -4.53945 0
f 2196/2375/305 2195/2376/306 2284/2377/306 2283/2378/305 

vt -4.55137 0.03
vt -4.55851 0.03
vn -0.426231 0.904614 -0.000307505
v 210.836 88.2862 -99.7879
vt -4.55851 0
vt -4.55137 0
f 2195/2379/306 2194/2380/307 2285/2381/307 2284/2382/306 

vt -4.56103 0.03
vt -4.56727 0.03
vn -0.416595 0.909092 -0.000300553
v 211.119 88.4175 -99.7877
vt -4.56727 0
vt -4.56103 0
f 2194/2383/307 2193/2384/308 2286/2385/308 2285/2386/307 

vt -4.56877 0.03
vt -4.57364 0.03
vn -0.409021 0.912525 -0.000295088
v 211.341 88.5179 -99.7876
vt -4.57364 0
vt -4.56877 0
f 2193/2387/308 2192/2388/309 2287/2389/309 2286/2390/308 

vt -4.57454 0.03
vt -4.57757 0.03
vn -0.435001 0.90043 -0.000313832
v 211.479 88.5793 -99.7875
vt -4.57757 0
vt -4.57454 0
f 2192/2391/309 2191/2392/310 2288/2393/310 2287/2394/309 

vt -4.5611 0.03
vt -4.5619 0.03
vn -0.463879 0.885899 -0.000334665
v 211.515 88.5979 -99.7874
vt -4.5619 0
vt -4.5611 0
f 2191/2395/310 2190/2396/311 2289/2397/311 2288/2398/310 

vt -1.72256 0.03
vn -0.999961 -0.00876386 -0.000721422
vt -1.72422 0.03
vn -0.999971 0.00757867 -0.000721429
v 211.514 88.681 -99.7874
vt -1.72422 0
vt -1.72256 0
f 2190/2399/312 2189/2400/313 2290/2401/313 2289/2402/312 

vt -1.86197 0.03
vt -1.86563 0.03
vn -0.999016 0.0443479 -0.00072074
v 211.519 88.8639 -99.7874
vt -1.86563 0
vt -1.86197 0
f 2189/2403/313 2188/2404/314 2291/2405/314 2290/2406/313 

vt -2.0351 0.03
vt -2.04038 0.03
vn -0.995972 0.0896622 -0.000718544
v 211.536 89.1272 -99.7874
vt -2.04038 0
vt -2.0351 0
f 2188/2407/314 2187/2408/315 2292/2409/315 2291/2410/314 

vt -2.24282 0.03
vt -2.24935 0.03
vn -0.989421 0.145073 -0.000713818
v 211.573 89.4518 -99.7874
vt -2.24935 0
vt -2.24282 0
f 2187/2411/315 2186/2412/316 2293/2413/316 2292/2414/315 

vt -2.4914 0.03
vt -2.49884 0.03
vn -0.976979 0.213335 -0.000704842
v 211.638 89.8184 -99.7874
vt -2.49884 0
vt -2.4914 0
f 2186/2415/316 2185/2416/317 2294/2417/317 2293/2418/316 

vt -2.78827 0.03
vt -2.79631 0.03
vn -0.954594 0.29791 -0.000688692
v 211.739 90.2077 -99.7873
vt -2.79631 0
vt -2.78827 0
f 2185/2419/317 2184/2420/318 2295/2421/318 2294/2422/317 

vt -3.1394 0.03
vt -3.14776 0.03
vn -0.915212 0.402973 -0.00066028
v 211.883 90.6005 -99.7872
vt -3.14776 0
vt -3.1394 0
f 2184/2423/318 2183/2424/319 2296/2425/319 2295/2426/318 

vt -3.54654 0.03
vt -3.55503 0.03
vn -0.819779 0.572679 -0.00059143
v 212.079 90.9772 -99.787
vt -3.55503 0
vt -3.54654 0
f 2183/2427/319 2182/2428/320 2297/2429/320 2296/2430/319 

vt -4.1959 0.03
vt -4.20434 0.03
vn -0.638964 0.769236 -0.000460981
v 212.364 91.2889 -99.7868
vt -4.20434 0
vt -4.1959 0
f 2182/2431/320 2181/2432/321 2298/2433/321 2297/2434/320 

vt -4.56207 0.03
vt -4.57079 0.03
vn -0.447035 0.894516 -0.000322514
v 212.735 91.5197 -99.7866
vt -4.57079 0
vt -4.56207 0
f 2181/2435/321 2180/2436/322 2299/2437/322 2298/2438/321 

vt -4.62209 0.03
vt -4.63105 0.03
vn -0.301182 0.953567 -0.000217288
v 213.152 91.6818 -99.7863
vt -4.63105 0
vt -4.62209 0
f 2180/2439/322 2179/2440/323 2300/2441/323 2299/2442/322 

vt -4.57304 0.03
vt -4.58184 0.03
vn -0.19551 0.980702 -0.000141051
v 213.579 91.7872 -99.786
vt -4.58184 0
vt -4.57304 0
f 2179/2443/323 2178/2444/324 2301/2445/324 2300/2446/323 

vt -4.49575 0.03
vt -4.50381 0.03
vn -0.118347 0.992972 -8.53812e-05
v 213.978 91.848 -99.7857
vt -4.50381 0
vt -4.49575 0
f 2178/2447/324 2177/2448/325 2302/2449/325 2301/2450/324 

vt -4.41765 0.03
vt -4.4243 0.03
vn -0.060806 0.99815 -4.38685e-05
v 214.309 91.8765 -99.7854
vt -4.4243 0
vt -4.41765 0
f 2177/2451/325 2176/2452/326 2303/2453/326 2302/2454/325 

vt -4.34693 0.03
vt -4.35146 0.03
vn -0.0182234 0.999834 -1.31473e-05
v 214.536 91.8846 -99.7853
vt -4.35146 0
vt -4.34693 0
f 2176/2455/326 2175/2456/327 2304/2457/327 2303/2458/326 

vt -4.28914 0.03
vt -4.29082 0.03
vn -0.000721449 1 -5.2049e-07
v 214.62 91.8847 -99.7852
vt -4.29082 0
vt -4.28914 0
f 2175/2459/327 2174/2460/328 2305/2461/328 2304/2462/327 

vt -4.29204 0.03
vt -4.29372 0.03
vn 0.0167807 0.999859 1.21065e-05
v 214.704 91.8848 -99.7851
vt -4.29372 0
vt -4.29204 0
f 2174/2463/328 2173/2464/329 2306/2465/329 2305/2466/328 

vt -4.22604 0.03
vt -4.23058 0.03
vn 0.0593657 0.998236 4.28294e-05
v 214.931 91.8769 -99.785
vt -4.23058 0
vt -4.22604 0
f 2173/2467/329 2172/2468/330 2307/2469/330 2306/2470/329 

vt -4.12764 0.03
vt -4.1343 0.03
vn 0.116914 0.993142 8.43474e-05
v 215.262 91.8489 -99.7847
vt -4.1343 0
vt -4.12764 0
f 2172/2471/330 2171/2472/331 2308/2473/331 2307/2474/330 

vt -3.98152 0.03
vt -3.98957 0.03
vn 0.194095 0.980983 0.00014003
v 215.661 91.7887 -99.7845
vt -3.98957 0
vt -3.98152 0
f 2171/2475/331 2170/2476/332 2309/2477/332 2308/2478/331 

vt -3.75255 0.03
vt -3.76135 0.03
vn 0.299805 0.954 0.000216295
v 216.088 91.6839 -99.7841
vt -3.76135 0
vt -3.75255 0
f 2170/2479/332 2169/2480/333 2310/2481/333 2309/2482/332 

vt -3.37344 0.03
vt -3.38239 0.03
vn 0.445744 0.89516 0.000321582
v 216.506 91.5225 -99.7838
vt -3.38239 0
vt -3.37344 0
f 2169/2483/333 2168/2484/334 2311/2485/334 2310/2486/333 

vt -2.71816 0.03
vt -2.72689 0.03
vn 0.637853 0.770158 0.00046018
v 216.877 91.2922 -99.7836
vt -2.72689 0
vt -2.71816 0
f 2168/2487/334 2167/2488/335 2312/2489/335 2311/2490/334 

vt -1.59678 0.03
vt -1.60523 0.03
vn 0.818952 0.573862 0.000590833
v 217.163 90.9809 -99.7834
vt -1.60523 0
vt -1.59678 0
f 2167/2491/335 2166/2492/336 2313/2493/336 2312/2494/335 

vt -0.399253 0.03
vt -0.407736 0.03
vn 0.914629 0.404293 0.00065986
v 217.359 90.6044 -99.7832
vt -0.407736 0
vt -0.399253 0
f 2166/2495/336 2165/2496/337 2314/2497/337 2313/2498/336 

vt 0.187275 0.03
vt 0.178911 0.03
vn 0.954163 0.299287 0.000688381
v 217.503 90.2118 -99.7831
vt 0.178911 0
vt 0.187275 0
f 2165/2499/337 2164/2500/338 2315/2501/338 2314/2502/337 

vt 0.637277 0.03
vt 0.629237 0.03
vn 0.97667 0.214744 0.000704619
v 217.605 89.8227 -99.7831
vt 0.629237 0
vt 0.637277 0
f 2164/2503/338 2163/2504/339 2316/2505/339 2315/2506/338 

vt 0.986461 0.03
vt 0.979018 0.03
vn 0.98921 0.146501 0.000713666
v 217.671 89.4562 -99.783
vt 0.979018 0
vt 0.986461 0
f 2163/2507/339 2162/2508/340 2317/2509/340 2316/2510/339 

vt 1.26037 0.03
vt 1.25384 0.03
vn 0.995842 0.0910992 0.00071845
v 217.708 89.1317 -99.783
vt 1.25384 0
vt 1.26037 0
f 2162/2511/340 2161/2512/341 2318/2513/341 2317/2514/340 

vt 1.47839 0.03
vt 1.47311 0.03
vn 0.998951 0.0457894 0.000720693
v 217.726 88.8684 -99.783
vt 1.47311 0
vt 1.47839 0
f 2161/2515/341 2160/2516/342 2319/2517/342 2318/2518/341 

vt 1.65414 0.03
vt 1.65049 0.03
vn 0.999959 0.00902152 0.000721421
v 217.731 88.6855 -99.783
vt 1.65049 0
vt 1.65414 0
f 2160/2519/342 2159/2520/343 2320/2521/343 2319/2522/342 

vt 1.79325 0.03
vt 1.79159 0.03
vn 0.999973 -0.007321 0.000721431
v 217.73 88.6023 -99.783
vt 1.79159 0
vt 1.79325 0
f 2159/2523/343 2158/2524/344 2321/2525/344 2320/2526/343 

vt -3.04452 0.03
vn 0.4626 0.886567 0.000333743
vt -3.04532 0.03
vn 0.433701 0.901057 0.000312894
v 217.765 88.5838 -99.7829
vt -3.04532 0
vt -3.04452 0
f 2158/2527/345 2157/2528/346 2322/2529/346 2321/2530/345 

vt -3.26985 0.03
vt -3.27288 0.03
vn 0.407704 0.913114 0.000294138
v 217.904 88.5227 -99.7828
vt -3.27288 0
vt -3.26985 0
f 2157/2531/346 2156/2532/347 2323/2533/347 2322/2534/346 

vt -3.24806 0.03
vt -3.25292 0.03
vn 0.415283 0.909692 0.000299606
v 218.126 88.4226 -99.7827
vt -3.25292 0
vt -3.24806 0
f 2156/2535/347 2155/2536/348 2324/2537/348 2323/2538/347 

vt -3.22126 0.03
vt -3.2275 0.03
vn 0.424926 0.905228 0.000306563
v 218.409 88.2916 -99.7825
vt -3.2275 0
vt -3.22126 0
f 2155/2539/348 2154/2540/349 2325/2541/349 2324/2542/348 

vt -3.18632 0.03
vt -3.19346 0.03
vn 0.437499 0.899219 0.000315634
v 218.732 88.1379 -99.7822
vt -3.19346 0
vt -3.18632 0
f 2154/2543/349 2153/2544/350 2326/2545/350 2325/2546/349 

vt -3.13798 0.03
vt -3.14555 0.03
vn 0.454536 0.890728 0.000327925
v 219.071 87.9695 -99.782
vt -3.14555 0
vt -3.13798 0
f 2153/2547/350 2152/2548/351 2327/2549/351 2326/2550/350 

vt -3.06696 0.03
vt -3.07449 0.03
vn 0.478899 0.87787 0.000345502
v 219.404 87.7946 -99.7818
vt -3.07449 0
vt -3.06696 0
f 2152/2551/351 2151/2552/352 2328/2553/352 2327/2554/351 

vt -2.9549 0.03
vt -2.96193 0.03
vn 0.525174 0.850995 0.000378887
v 219.71 87.6211 -99.7815
vt -2.96193 0
vt -2.9549 0
f 2151/2555/352 2150/2556/353 2329/2557/353 2328/2558/352 

vt -2.68134 0.03
vt -2.68767 0.03
vn 0.612577 0.790411 0.000441944
v 219.974 87.4448 -99.7813
vt -2.68767 0
vt -2.68134 0
f 2150/2559/353 2149/2560/354 2330/2561/354 2329/2562/353 

vt -2.12418 0.03
vt -2.1304 0.03
vn 0.706576 0.707637 0.000509759
v 220.206 87.2374 -99.7812
vt -2.1304 0
vt -2.12418 0
f 2149/2563/354 2148/2564/355 2331/2565/355 2330/2566/354 

vt -1.64513 0.03
vt -1.65118 0.03
vn 0.773422 0.633891 0.000557986
v 220.408 87.0118 -99.781
vt -1.65118 0
vt -1.64513 0
f 2148/2567/355 2147/2568/356 2332/2569/356 2331/2570/355 

vt -1.25875 0.03
vt -1.26444 0.03
vn 0.820455 0.571711 0.000591917
v 220.578 86.7842 -99.7809
vt -1.26444 0
vt -1.25875 0
f 2147/2571/356 2146/2572/357 2333/2573/357 2332/2574/356 

vt -0.947871 0.03
vt -0.952951 0.03
vn 0.854274 0.519822 0.000616317
v 220.716 86.5709 -99.7808
vt -0.952951 0
vt -0.947871 0
f 2146/2575/357 2145/2576/358 2334/2577/358 2333/2578/357 

vt -0.696041 0.03
vt -0.700253 0.03
vn 0.87914 0.476563 0.000634256
v 220.821 86.3879 -99.7807
vt -0.700253 0
vt -0.696041 0
f 2145/2579/358 2144/2580/359 2335/2581/359 2334/2582/358 

vt -0.490276 0.03
vt -0.49334 0.03
vn 0.897656 0.440697 0.000647614
v 220.891 86.2515 -99.7807
vt -0.49334 0
vt -0.490276 0
f 2144/2583/359 2143/2584/360 2336/2585/360 2335/2586/359 

vt -0.323326 0.03
vt -0.324949 0.03
vn 0.90545 0.424453 0.000653237
v 220.925 86.178 -99.7807
vt -0.324949 0
vt -0.323326 0
f 2143/2587/360 2142/2588/361 2337/2589/361 2336/2590/360 

vt -4.68396 0.03
vn -0.219309 0.975655 -0.000158221
vt -4.68718 0.03
vn -0.237595 0.971364 -0.000171413
v 221.083 86.2133 -99.7805
vt -4.68718 0
vt -4.68396 0
f 2142/2591/362 2141/2592/363 2338/2593/363 2337/2594/362 

vt -4.71021 0.03
vt -4.71493 0.03
vn -0.24498 0.969528 -0.000176741
v 221.311 86.2738 -99.7804
vt -4.71493 0
vt -4.71021 0
f 2141/2595/363 2140/2596/364 2339/2597/364 2338/2598/363 

vt -4.70203 0.03
vt -4.7081 0.03
vn -0.219051 0.975713 -0.000158035
v 221.606 86.3449 -99.7802
vt -4.7081 0
vt -4.70203 0
f 2140/2599/364 2139/2600/365 2340/2601/365 2339/2602/364 

vt -4.68634 0.03
vt -4.69312 0.03
vn -0.181629 0.983367 -0.000131036
v 221.938 86.414 -99.7799
vt -4.69312 0
vt -4.68634 0
f 2139/2603/365 2138/2604/366 2341/2605/366 2340/2606/365 

vt -4.65307 0.03
vt -4.65993 0.03
vn -0.123332 0.992366 -8.89776e-05
v 222.277 86.4687 -99.7797
vt -4.65993 0
vt -4.65307 0
f 2138/2607/366 2137/2608/367 2342/2609/367 2341/2610/366 

vt -4.57606 0.03
vt -4.58241 0.03
vn -0.0213883 0.999771 -1.54306e-05
v 222.593 86.4964 -99.7795
vt -4.58241 0
vt -4.57606 0
f 2137/2611/367 2136/2612/368 2343/2613/368 2342/2614/367 

vt -4.36853 0.03
vt -4.37381 0.03
vn 0.168636 0.985678 0.000121662
v 222.857 86.4846 -99.7793
vt -4.37381 0
vt -4.36853 0
f 2136/2615/368 2135/2616/369 2344/2617/369 2343/2618/368 

vt -3.76506 0.03
vt -3.76909 0.03
vn 0.328004 0.944676 0.000236639
v 223.05 86.4261 -99.7791
vt -3.76909 0
vt -3.76506 0
f 2135/2619/369 2134/2620/370 2345/2621/370 2344/2622/369 

vt -3.52317 0.03
vt -3.52712 0.03
vn 0.371219 0.928545 0.000267816
v 223.235 86.3538 -99.779
vt -3.52712 0
vt -3.52317 0
f 2134/2623/370 2133/2624/371 2346/2625/371 2345/2626/370 

vt -3.48653 0.03
vt -3.49049 0.03
vn 0.381368 0.924423 0.000275138
v 223.418 86.2792 -99.7789
vt -3.49049 0
vt -3.48653 0
f 2133/2627/371 2132/2628/372 2347/2629/372 2346/2630/371 

vt -3.45955 0.03
vt -3.46333 0.03
vn 0.389098 0.921197 0.000280715
v 223.592 86.2062 -99.7787
vt -3.46333 0
vt -3.45955 0
f 2132/2631/372 2131/2632/373 2348/2633/373 2347/2634/372 

vt -3.43899 0.03
vt -3.44241 0.03
vn 0.395178 0.918605 0.000285101
v 223.75 86.139 -99.7786
vt -3.44241 0
vt -3.43899 0
f 2131/2635/373 2130/2636/374 2349/2637/374 2348/2638/373 

vt -3.42278 0.03
vt -3.42567 0.03
vn 0.400076 0.916482 0.000288635
v 223.883 86.0815 -99.7785
vt -3.42567 0
vt -3.42278 0
f 2130/2639/374 2129/2640/375 2350/2641/375 2349/2642/374 

vt -3.40956 0.03
vt -3.41173 0.03
vn 0.404073 0.914727 0.000291519
v 223.982 86.0379 -99.7785
vt -3.41173 0
vt -3.40956 0
f 2129/2643/375 2128/2644/376 2351/2645/376 2350/2646/375 

vt -3.39847 0.03
vt -3.39974 0.03
vn 0.405872 0.91393 0.000292816
v 224.04 86.0121 -99.7784
vt -3.39974 0
vt -3.39847 0
f 2128/2647/376 2127/2648/377 2352/2649/377 2351/2650/376 

vt -4.74129 0.03
vn -0.215536 0.976496 -0.000155498
vt -4.74275 0.03
vn -0.234935 0.972011 -0.000169494
v 224.111 86.0278 -99.7784
vt -4.74275 0
vt -4.74129 0
f 2127/2651/378 2126/2652/379 2353/2653/379 2352/2654/378 

vt -4.76696 0.03
vt -4.76929 0.03
vn -0.204928 0.978777 -0.000147845
v 224.224 86.0575 -99.7783
vt -4.76929 0
vt -4.76696 0
f 2126/2655/379 2125/2656/380 2354/2657/380 2353/2658/379 

vt -4.6929 0.03
vt -4.69615 0.03
vn -0.0924913 0.995713 -6.67279e-05
v 224.385 86.0827 -99.7782
vt -4.69615 0
vt -4.6929 0
f 2125/2659/380 2124/2660/381 2355/2661/381 2354/2662/380 

vt -4.53383 0.03
vt -4.53779 0.03
vn 0.0478325 0.998855 3.45088e-05
v 224.583 86.0886 -99.778
vt -4.53779 0
vt -4.53383 0
f 2124/2663/381 2123/2664/382 2356/2665/382 2355/2666/381 

vt -4.24059 0.03
vt -4.24513 0.03
vn 0.215439 0.976517 0.000155428
v 224.808 86.0602 -99.7779
vt -4.24513 0
vt -4.24059 0
f 2123/2667/382 2122/2668/383 2357/2669/383 2356/2670/382 

vt -3.76108 0.03
vt -3.76618 0.03
vn 0.400588 0.916258 0.000289004
v 225.051 85.9827 -99.7777
vt -3.76618 0
vt -3.76108 0
f 2122/2671/383 2121/2672/384 2358/2673/384 2357/2674/383 

vt -3.07318 0.03
vt -3.07892 0.03
vn 0.580672 0.814138 0.000418926
v 225.3 85.8413 -99.7775
vt -3.07892 0
vt -3.07318 0
f 2121/2675/384 2120/2676/385 2359/2677/385 2358/2678/384 

vt -2.24553 0.03
vt -2.25209 0.03
vn 0.69428 0.719705 0.000500889
v 225.547 85.6238 -99.7773
vt -2.25209 0
vt -2.24553 0
f 2120/2679/385 2119/2680/386 2360/2681/386 2359/2682/385 

vt -1.87274 0.03
vt -1.8791 0.03
vn 0.737244 0.675627 0.000531885
v 225.766 85.3931 -99.7772
vt -1.8791 0
vt -1.87274 0
f 2119/2683/386 2118/2684/387 2361/2685/387 2360/2686/386 

vt -1.71824 0.03
vt -1.72383 0.03
vn 0.760669 0.64914 0.000548785
v 225.951 85.1836 -99.777
vt -1.72383 0
vt -1.71824 0
f 2118/2687/387 2117/2688/388 2362/2689/388 2361/2690/387 

vt -1.56627 0.03
vt -1.57107 0.03
vn 0.782379 0.622803 0.000564447
v 226.104 84.9983 -99.7769
vt -1.57107 0
vt -1.56627 0
f 2117/2691/388 2116/2692/389 2363/2693/389 2362/2694/388 

vt -1.41736 0.03
vt -1.42133 0.03
vn 0.802424 0.596755 0.000578909
v 226.225 84.8406 -99.7768
vt -1.42133 0
vt -1.41736 0
f 2116/2695/389 2115/2696/390 2364/2697/390 2363/2698/389 

vt -1.272 0.03
vt -1.27513 0.03
vn 0.82085 0.571144 0.000592202
v 226.316 84.7134 -99.7768
vt -1.27513 0
vt -1.272 0
f 2115/2699/390 2114/2700/391 2365/2701/391 2364/2702/390 

vt -1.13082 0.03
vt -1.13307 0.03
vn 0.837647 0.546212 0.000604321
v 226.379 84.6201 -99.7767
vt -1.13307 0
vt -1.13082 0
f 2114/2703/391 2113/2704/392 2366/2705/392 2365/2706/391 

vt -0.995348 0.03
vt -0.996682 0.03
vn 0.845546 0.533903 0.000610019
v 226.415 84.5636 -99.7767
vt -0.996682 0
vt -0.995348 0
f 2113/2707/392 2112/2708/393 2367/2709/393 2366/2710/392 

vt -4.14703 0.03
vn 0.181081 0.983468 0.000130641
vt -4.14885 0.03
v 226.504 84.5471 -99.7766
vt -4.14885 0
vt -4.14703 0
f 2112/2711/394 2111/2712/394 2368/2713/394 2367/2714/394 

vt -4.5289 0.03
v 233.745 84.5523 -96.7714
vt -4.67367 0.03
v 233.747 84.5523 -99.7714
vt -4.67367 0
vt -4.5289 0
f 2111/2715/260 2369/2716/260 2370/2717/260 2368/2718/260 

v 236.015 84.554 -96.7698
vt 4.71906 0.838139
vt 4.67367 0.838139
f 2111/2073/258 2110/2072/258 2109/2071/258 2108/2070/258 2107/2069/258 2106/2068/258 2105/2067/258 2104/2066/258 2103/2065/258 2102/2064/258 2101/2063/258 2100/2062/258 2099/2061/258 2098/2060/258 2097/2059/258 2096/2058/258 2095/2057/258 2094/2056/258 2093/2055/258 2092/2054/258 2091/2053/258 2090/2052/258 2089/2051/258 2088/2050/258 2087/2049/258 2086/2048/258 2085/2047/258 2084/2046/258 2371/2719/258 2369/2720/258 

vt 1.08255 0.03
vn 0.991698 0.128591 0.000715461
vt 1.06687 0.03
v 226.605 83.7693 -99.7766
vt 1.06687 0
vt 1.08255 0
f 2111/2721/395 2110/2722/395 2372/2723/395 2368/2724/395 

vt 4.7229 0.03
vn 0.529791 -0.848128 0.000382218
vt 4.72198 0.03
vn 0.538894 -0.842373 0.000388785
v 226.567 83.7451 -99.7766
vt 4.72198 0
vt 4.7229 0
f 2110/2725/396 2109/2726/397 2373/2727/397 2372/2728/396 

vt 4.69958 0.03
vt 4.697 0.03
vn 0.559116 -0.829089 0.000403374
v 226.459 83.6744 -99.7767
vt 4.697 0
vt 4.69958 0
f 2109/2729/397 2108/2730/398 2374/2731/398 2373/2732/397 

vt 4.66603 0.03
vt 4.662 0.03
vn 0.582965 -0.812497 0.00042058
v 226.293 83.5597 -99.7768
vt 4.662 0
vt 4.66603 0
f 2108/2733/398 2107/2734/399 2375/2735/399 2374/2736/398 

vt 4.62171 0.03
vt 4.61647 0.03
vn 0.610122 -0.792307 0.000440173
v 226.083 83.4036 -99.7769
vt 4.61647 0
vt 4.62171 0
f 2107/2737/399 2106/2738/400 2376/2739/400 2375/2740/399 

vt 4.56383 0.03
vt 4.55759 0.03
vn 0.641005 -0.767537 0.000462453
v 225.839 83.2087 -99.7771
vt 4.55759 0
vt 4.56383 0
f 2106/2741/400 2105/2742/401 2377/2743/401 2376/2744/400 

vt 4.48808 0.03
vt 4.48105 0.03
vn 0.676136 -0.736777 0.000487799
v 225.574 82.9776 -99.7773
vt 4.48105 0
vt 4.48808 0
f 2105/2745/401 2104/2746/402 2378/2747/402 2377/2748/401 

vt 4.38813 0.03
vt 4.38051 0.03
vn 0.716031 -0.698068 0.000516581
v 225.3 82.7129 -99.7775
vt 4.38051 0
vt 4.38813 0
f 2104/2749/402 2103/2750/403 2379/2751/403 2378/2752/402 

vt 4.25468 0.03
vt 4.24666 0.03
vn 0.777998 -0.628266 0.000561287
v 225.029 82.4171 -99.7777
vt 4.24666 0
vt 4.25468 0
f 2103/2753/403 2102/2754/404 2380/2755/404 2379/2756/403 

vt 3.93495 0.03
vt 3.92665 0.03
vn 0.875612 -0.483015 0.00063171
v 224.789 82.0782 -99.7779
vt 3.92665 0
vt 3.93495 0
f 2102/2757/404 2101/2758/405 2381/2759/405 2380/2760/404 

vt 3.22228 0.03
vt 3.21353 0.03
vn 0.953162 -0.302458 0.000687659
v 224.621 81.6734 -99.778
vt 3.21353 0
vt 3.22228 0
f 2101/2761/405 2100/2762/406 2382/2763/406 2381/2764/405 

vt 2.57241 0.03
vt 2.56322 0.03
vn 0.987422 -0.158103 0.000712376
v 224.52 81.225 -99.7781
vt 2.56322 0
vt 2.57241 0
f 2100/2765/406 2099/2766/407 2383/2767/407 2382/2768/406 

vt 2.03059 0.03
vt 2.0212 0.03
vn 0.999042 -0.0437668 0.000720759
v 224.475 80.7571 -99.7781
vt 2.0212 0
vt 2.03059 0
f 2099/2769/407 2098/2770/408 2384/2771/408 2383/2772/407 

vt 1.56968 0.03
vt 1.56042 0.03
vn 0.998624 0.0524324 0.000720458
v 224.479 80.2938 -99.7781
vt 1.56042 0
vt 1.56968 0
f 2098/2773/408 2097/2774/409 2385/2775/409 2384/2776/408 

vt 1.14926 0.03
vt 1.14053 0.03
vn 0.989818 0.142334 0.000714105
v 224.521 79.8592 -99.7781
vt 1.14053 0
vt 1.14926 0
f 2097/2777/409 2096/2778/410 2386/2779/410 2385/2780/409 

vt 0.717678 0.03
vt 0.709911 0.03
vn 0.970492 0.241131 0.000700162
v 224.594 79.4775 -99.778
vt 0.709911 0
vt 0.717678 0
f 2096/2781/410 2095/2782/411 2387/2783/411 2386/2784/410 

vt 0.185245 0.03
vt 0.178871 0.03
vn 0.923431 0.383764 0.00066621
v 224.688 79.1728 -99.7779
vt 0.178871 0
vt 0.185245 0
f 2095/2785/411 2094/2786/412 2388/2787/412 2387/2788/411 

vt -0.72174 0.03
vt -0.726722 0.03
vn 0.82229 0.569068 0.000593242
v 224.805 78.9528 -99.7779
vt -0.726722 0
vt -0.72174 0
f 2094/2789/412 2093/2790/413 2389/2791/413 2388/2792/412 

vt -1.79365 0.03
vt -1.79938 0.03
vn 0.706304 0.707909 0.000509563
v 224.994 78.7377 -99.7777
vt -1.79938 0
vt -1.79365 0
f 2093/2793/413 2092/2794/414 2390/2795/414 2389/2796/413 

vt -2.35227 0.03
vt -2.35883 0.03
vn 0.629593 0.776925 0.00045422
v 225.241 78.5215 -99.7775
vt -2.35883 0
vt -2.35227 0
f 2092/2797/414 2091/2798/415 2391/2799/415 2390/2800/414 

vt -2.67137 0.03
vt -2.67829 0.03
vn 0.578567 0.815635 0.000417408
v 225.518 78.3142 -99.7773
vt -2.67829 0
vt -2.67137 0
f 2091/2801/415 2090/2802/416 2392/2803/416 2391/2804/415 

vt -2.8753 0.03
vt -2.88207 0.03
vn 0.542711 0.839919 0.000391539
v 225.799 78.1255 -99.7771
vt -2.88207 0
vt -2.8753 0
f 2090/2805/416 2089/2806/417 2393/2807/417 2392/2808/416 

vt -3.0163 0.03
vt -3.02237 0.03
vn 0.516333 0.856388 0.000372509
v 226.057 77.9653 -99.777
vt -3.02237 0
vt -3.0163 0
f 2089/2809/417 2088/2810/418 2394/2811/418 2393/2812/417 

vt -3.119 0.03
vt -3.12382 0.03
vn 0.496304 0.868149 0.000358058
v 226.265 77.8434 -99.7768
vt -3.12382 0
vt -3.119 0
f 2088/2813/418 2087/2814/419 2395/2815/419 2394/2816/418 

vt -3.19568 0.03
vt -3.1987 0.03
vn 0.48758 0.873078 0.000351765
v 226.397 77.7698 -99.7767
vt -3.1987 0
vt -3.19568 0
f 2087/2817/419 2086/2818/420 2396/2819/420 2395/2820/419 

vt -4.46336 0.03
vn 0.0381549 0.999272 2.75269e-05
vt -4.47247 0.03
vn 0.0187203 0.999825 1.35058e-05
v 226.853 77.7524 -99.7764
vt -4.47247 0
vt -4.46336 0
f 2086/2821/421 2085/2822/422 2397/2823/422 2396/2824/421 

vt -4.53576 0.03
vt -4.71906 0.03
v 236.022 77.759 -99.7698
vt -4.71906 0
vt -4.53576 0
f 2085/2825/422 2084/2826/260 2398/2827/260 2397/2828/422 

vt 1.67544 0.03
vn 0.999999 0.00072145 0.00072145
vt 1.53961 0.03
vt 1.53961 0
v 236.017 84.554 -99.7698
vt 1.67544 0
f 2371/2829/423 2084/2830/423 2398/2831/423 2399/2832/423 

v 247.949 84.5626 -96.7612
vt 4.95762 0.838139
f 2083/2045/258 2082/2044/258 2400/2833/258 2371/2719/258 2084/2046/258 

vt -4.72125 0.03
vt -4.95762 0.03
v 247.956 77.7676 -99.7612
vt -4.95762 0
v 236.132 77.7591 -99.7697
vt -4.72125 0
f 2083/2834/260 2082/2835/260 2401/2836/260 2402/2837/260 

v 247.952 84.5626 -99.7612
f 2400/2829/423 2082/2830/423 2401/2831/423 2403/2832/423 

v 259.929 84.5712 -96.7525
vt 5.19709 0.838139
v 250.465 84.5644 -96.7593
vt 5.00791 0.838139
f 2404/2838/258 2405/2839/258 2400/2833/258 2082/2044/258 2081/2043/258 2080/2042/258 

vt -5.00791 0.03
vt -5.19709 0.03
v 259.931 84.5712 -99.7525
vt -5.19709 0
v 250.467 84.5644 -99.7593
vt -5.00791 0
f 2405/2840/260 2404/2841/260 2406/2842/260 2407/2843/260 

v 273.349 84.5809 -96.7428
vt -5.46537 0.03
v 273.352 84.5809 -99.7428
vt -5.46537 0
f 2404/2841/260 2408/2844/260 2409/2845/260 2406/2842/260 

vt 5.46537 0.838139
f 2404/2838/258 2080/2042/258 2079/2041/258 2408/2846/258 

v 259.936 77.7762 -99.7525
f 2404/2829/423 2080/2830/423 2410/2831/423 2406/2832/423 

vt -5.09922 0.03
v 255.04 77.7727 -99.756
vt -5.09922 0
f 2081/2847/260 2080/2841/260 2410/2842/260 2411/2848/260 

v 273.356 77.7859 -99.7428
f 2080/2841/260 2079/2844/260 2412/2845/260 2410/2842/260 

f 2408/2829/423 2079/2830/423 2412/2831/423 2409/2832/423 

v 286.77 84.5906 -96.7332
vt 5.73365 0.838139
v 273.444 84.581 -96.7428
vt 5.46726 0.838139
f 2413/2849/258 2414/2850/258 2408/2846/258 2079/2041/258 2078/2040/258 2077/2039/258 

vt -5.46726 0.03
vt -5.73365 0.03
v 286.772 84.5906 -99.7332
vt -5.73365 0
v 273.446 84.581 -99.7428
vt -5.46726 0
f 2414/2851/260 2413/2852/260 2415/2853/260 2416/2854/260 

v 299.463 84.5997 -96.724
vt -5.98738 0.03
v 299.465 84.5997 -99.724
vt -5.98738 0
f 2413/2852/260 2417/2855/260 2418/2856/260 2415/2853/260 

v 300.191 84.6003 -96.7235
vt 6.00192 0.838139
vt 5.98738 0.838139
f 2419/2857/258 2417/2858/258 2413/2849/258 2077/2039/258 2076/2038/258 

vt -6.00192 0.03
v 300.193 84.6003 -99.7235
vt -6.00192 0
f 2417/2855/260 2419/2859/260 2420/2860/260 2418/2856/260 

v 313.611 84.61 -96.7138
vt -6.2702 0.03
v 313.613 84.61 -99.7138
vt -6.2702 0
f 2419/2859/260 2421/2861/260 2422/2862/260 2420/2860/260 

vt 6.2702 0.838139
f 2075/2037/258 2074/2036/258 2421/2863/258 2419/2857/258 2076/2038/258 

vt -6.16479 0.03
v 313.618 77.815 -99.7138
v 308.345 77.8112 -99.7176
vt -6.16479 0
f 2075/2864/260 2074/2861/260 2423/2862/260 2424/2865/260 

f 2421/2829/423 2074/2830/423 2423/2831/423 2422/2832/423 

v 327.032 84.6196 -96.7041
vt 6.53848 0.838139
v 325.303 84.6184 -96.7054
vt 6.50393 0.838139
f 2425/2866/258 2426/2867/258 2421/2863/258 2074/2036/258 2073/2035/258 

vt -6.50393 0.03
vt -6.53848 0.03
v 327.034 84.6196 -99.7041
vt -6.53848 0
v 325.305 84.6184 -99.7054
vt -6.50393 0
f 2426/2868/260 2425/2869/260 2427/2870/260 2428/2871/260 

v 327.039 77.8246 -99.7041
f 2425/2829/423 2073/2830/423 2429/2831/423 2427/2832/423 

v 340.452 84.6293 -96.6944
vt 6.80676 0.838139
f 2072/2034/258 2071/2033/258 2430/2872/258 2425/2866/258 2073/2035/258 

vt -6.71849 0.03
vt -6.80676 0.03
v 340.459 77.8343 -99.6944
vt -6.80676 0
v 336.044 77.8311 -99.6976
vt -6.71849 0
f 2072/2873/260 2071/2874/260 2431/2875/260 2432/2876/260 

v 340.454 84.6293 -99.6944
f 2430/2829/423 2071/2830/423 2431/2831/423 2433/2832/423 

v 353.873 84.639 -96.6847
vt 7.07503 0.838139
v 347.746 84.6346 -96.6892
vt 6.95256 0.838139
f 2434/2877/258 2435/2878/258 2430/2872/258 2071/2033/258 2070/2032/258 

vt -6.95256 0.03
vt -7.07503 0.03
v 353.875 84.639 -99.6847
vt -7.07503 0
v 347.748 84.6346 -99.6892
vt -6.95256 0
f 2435/2879/260 2434/2880/260 2436/2881/260 2437/2882/260 

v 353.88 77.844 -99.6847
f 2434/2829/423 2070/2830/423 2438/2831/423 2436/2832/423 

v 367.293 84.6487 -96.6751
vt 7.34331 0.838139
v 363.572 84.646 -96.6777
vt 7.26892 0.838139
f 2439/2883/258 2440/2884/258 2434/2877/258 2070/2032/258 2069/2031/258 2068/2030/258 

vt -7.26892 0.03
vt -7.34331 0.03
v 367.295 84.6487 -99.6751
vt -7.34331 0
v 363.574 84.646 -99.6777
vt -7.26892 0
f 2440/2885/260 2439/2886/260 2441/2887/260 2442/2888/260 

v 367.3 77.8537 -99.6751
f 2439/2829/423 2068/2830/423 2443/2831/423 2441/2832/423 

f 2067/2029/258 2439/2883/258 2068/2030/258

v 369.571 84.6385 -96.6734
vt 7.38883 0.838021
f 2439/2883/258 2067/2029/258 2444/2889/258

v 369.598 84.6256 -96.6734
vt 7.38937 0.837892
f 2444/2889/258 2067/2029/258 2445/2890/258

v 369.671 84.5933 -96.6733
vt 7.39084 0.837568
f 2445/2890/258 2067/2029/258 2446/2891/258

v 369.78 84.5511 -96.6733
vt 7.39301 0.837146
f 2446/2891/258 2067/2029/258 2447/2892/258

v 369.911 84.5087 -96.6732
vt 7.39564 0.83672
f 2447/2892/258 2067/2029/258 2448/2893/258

v 370.055 84.4756 -96.6731
vt 7.39851 0.836388
f 2448/2893/258 2067/2029/258 2449/2894/258

v 370.198 84.4613 -96.673
vt 7.40137 0.836244
f 2449/2894/258 2067/2029/258 2450/2895/258

v 370.323 84.4656 -96.6729
vt 7.40386 0.836287
f 2450/2895/258 2067/2029/258 2451/2896/258

v 370.41 84.4693 -96.6728
vt 7.40561 0.836323
f 2451/2896/258 2067/2029/258 2452/2897/258

v 370.466 84.4717 -96.6728
vt 7.40673 0.836346
f 2452/2897/258 2067/2029/258 2453/2898/258

v 370.692 84.2371 -96.6726
vt 7.41124 0.833999
f 2453/2898/258 2067/2029/258 2454/2899/258

v 370.79 84.1492 -96.6725
vt 7.4132 0.833119
f 2454/2899/258 2067/2029/258 2455/2900/258

v 370.901 84.0884 -96.6725
vt 7.41541 0.83251
f 2455/2900/258 2067/2029/258 2456/2901/258

v 371.019 84.0736 -96.6724
vt 7.41777 0.832362
f 2456/2901/258 2067/2029/258 2457/2902/258

v 371.144 84.0972 -96.6723
vt 7.42028 0.832596
f 2457/2902/258 2067/2029/258 2458/2903/258

v 371.269 84.1425 -96.6722
vt 7.42278 0.833049
f 2458/2903/258 2067/2029/258 2459/2904/258

v 371.384 84.198 -96.6721
vt 7.42508 0.833603
f 2459/2904/258 2067/2029/258 2460/2905/258

v 371.479 84.252 -96.672
vt 7.42698 0.834142
f 2460/2905/258 2067/2029/258 2461/2906/258

v 371.544 84.293 -96.672
vt 7.42827 0.834551
f 2461/2906/258 2067/2029/258 2462/2907/258

v 371.567 84.3092 -96.672
vt 7.42874 0.834713
f 2462/2907/258 2067/2029/258 2463/2908/258

v 371.613 84.3092 -96.6719
vt 7.42966 0.834713
f 2463/2908/258 2067/2029/258 2464/2909/258

v 371.73 84.3093 -96.6719
vt 7.43199 0.834713
f 2464/2909/258 2067/2029/258 2465/2910/258

v 371.884 84.3094 -96.6717
vt 7.43507 0.834713
f 2465/2910/258 2067/2029/258 2466/2911/258

v 372.042 84.3095 -96.6716
vt 7.43822 0.834713
f 2466/2911/258 2067/2029/258 2467/2912/258

v 372.171 84.3096 -96.6715
vt 7.4408 0.834713
f 2467/2912/258 2067/2029/258 2468/2913/258

v 372.244 84.3095 -96.6715
vt 7.44228 0.834712
f 2468/2913/258 2067/2029/258 2469/2914/258

v 372.271 84.3083 -96.6715
vt 7.4428 0.834699
f 2469/2914/258 2067/2029/258 2470/2915/258

v 372.299 84.3069 -96.6714
vt 7.44337 0.834685
f 2470/2915/258 2067/2029/258 2471/2916/258

v 372.342 84.3049 -96.6714
vt 7.44423 0.834665
f 2471/2916/258 2067/2029/258 2472/2917/258

v 372.402 84.3021 -96.6714
vt 7.44542 0.834637
f 2472/2917/258 2067/2029/258 2473/2918/258

v 372.481 84.2984 -96.6713
vt 7.44701 0.834599
f 2473/2918/258 2067/2029/258 2474/2919/258

v 372.579 84.281 -96.6712
vt 7.44897 0.834425
f 2474/2919/258 2067/2029/258 2475/2920/258

v 372.687 84.2379 -96.6712
vt 7.45112 0.833993
f 2475/2920/258 2067/2029/258 2476/2921/258

v 372.798 84.1774 -96.6711
vt 7.45335 0.833387
f 2476/2921/258 2067/2029/258 2477/2922/258

v 372.906 84.1079 -96.671
vt 7.45549 0.832691
f 2477/2922/258 2067/2029/258 2478/2923/258

v 373.003 84.0379 -96.6709
vt 7.45743 0.83199
f 2478/2923/258 2067/2029/258 2479/2924/258

v 373.082 83.9758 -96.6709
vt 7.45902 0.831368
f 2479/2924/258 2067/2029/258 2480/2925/258

v 373.137 83.9301 -96.6708
vt 7.46012 0.830911
f 2480/2925/258 2067/2029/258 2481/2926/258

v 373.178 83.935 -96.6708
vt 7.46093 0.83096
f 2481/2926/258 2067/2029/258 2482/2927/258

v 373.196 83.9654 -96.6708
vt 7.46129 0.831264
f 2482/2927/258 2067/2029/258 2483/2928/258

v 373.217 84.0014 -96.6708
vt 7.46171 0.831623
f 2483/2928/258 2067/2029/258 2484/2929/258

v 373.238 84.0383 -96.6708
vt 7.46214 0.831992
f 2484/2929/258 2067/2029/258 2485/2930/258

v 373.258 84.0716 -96.6708
vt 7.46253 0.832325
f 2485/2930/258 2067/2029/258 2486/2931/258

v 373.293 84.1221 -96.6707
vt 7.46324 0.83283
f 2486/2931/258 2067/2029/258 2487/2932/258

v 373.343 84.1735 -96.6707
vt 7.46424 0.833344
f 2487/2932/258 2067/2029/258 2488/2933/258

v 373.419 84.2568 -96.6706
vt 7.46575 0.834176
f 2488/2933/258 2067/2029/258 2489/2934/258

v 373.507 84.3634 -96.6706
vt 7.46751 0.835242
f 2489/2934/258 2067/2029/258 2490/2935/258

v 373.593 84.485 -96.6705
vt 7.46925 0.836457
f 2490/2935/258 2067/2029/258 2491/2936/258

v 373.666 84.6131 -96.6705
vt 7.4707 0.837737
f 2491/2936/258 2067/2029/258 2492/2937/258

v 373.711 84.7392 -96.6704
vt 7.4716 0.838998
f 2492/2937/258 2067/2029/258 2493/2938/258

v 373.715 84.8548 -96.6704
vt 7.47168 0.840154
f 2493/2938/258 2067/2029/258 2494/2939/258

v 373.722 85.5273 -96.6704
vt 7.47184 0.846879
f 2494/2939/258 2067/2029/258 2495/2940/258

v 373.803 85.485 -96.6704
vt 7.47345 0.846455
f 2495/2940/258 2067/2029/258 2496/2941/258

v 373.891 85.454 -96.6703
vt 7.47521 0.846145
f 2496/2941/258 2067/2029/258 2497/2942/258

v 374.001 85.4352 -96.6702
vt 7.4774 0.845956
f 2497/2942/258 2067/2029/258 2498/2943/258

v 374.147 85.4296 -96.6701
vt 7.48032 0.845899
f 2498/2943/258 2067/2029/258 2499/2944/258

v 374.343 85.438 -96.67
vt 7.48425 0.845981
f 2499/2944/258 2067/2029/258 2500/2945/258

v 374.591 85.4616 -96.6698
vt 7.48921 0.846215
f 2500/2945/258 2067/2029/258 2501/2946/258

v 374.829 85.5 -96.6696
vt 7.49395 0.846598
f 2501/2946/258 2067/2029/258 2502/2947/258

v 375.043 85.5485 -96.6695
vt 7.49824 0.847081
f 2502/2947/258 2067/2029/258 2503/2948/258

v 375.231 85.6018 -96.6693
vt 7.502 0.847613
f 2503/2948/258 2067/2029/258 2504/2949/258

v 375.389 85.655 -96.6692
vt 7.50516 0.848144
f 2504/2949/258 2067/2029/258 2505/2950/258

v 375.513 85.7028 -96.6691
vt 7.50764 0.848621
f 2505/2950/258 2067/2029/258 2506/2951/258

v 375.6 85.7401 -96.6691
vt 7.50938 0.848993
f 2506/2951/258 2067/2029/258 2507/2952/258

v 375.647 85.7658 -96.669
vt 7.51031 0.84925
f 2507/2952/258 2067/2029/258 2508/2953/258

v 375.77 86.5866 -96.6689
vt 7.51278 0.857457
f 2508/2953/258 2067/2029/258 2509/2954/258

v 375.834 86.4286 -96.6689
vt 7.51406 0.855877
f 2509/2954/258 2067/2029/258 2510/2955/258

v 376.114 86.3062 -96.6687
vt 7.51965 0.85465
f 2510/2955/258 2067/2029/258 2511/2956/258

v 376.515 86.3008 -96.6684
vt 7.52767 0.854593
f 2511/2956/258 2067/2029/258 2512/2957/258

v 376.934 86.4966 -96.6681
vt 7.53606 0.856548
f 2512/2957/258 2067/2029/258 2513/2958/258

v 378.307 84.3347 -96.6671
vt 7.56348 0.83492
f 2513/2958/258 2067/2029/258 2514/2959/258

f 2514/2959/258 2067/2029/258 2066/2028/258

vt -7.533 0.03
vt -7.65992 0.03
v 383.139 77.8651 -99.6636
vt -7.65992 0
v 376.79 77.8605 -99.6682
vt -7.533 0
f 2067/2960/260 2066/2961/260 2515/2962/260 2516/2963/260 

vt -7.67075 0.03
v 383.68 77.8655 -99.6632
vt -7.67075 0
f 2066/2961/260 2065/2964/260 2517/2965/260 2515/2962/260 

v 383.332 87.1423 -96.6635
vt 7.66395 0.86296
f 2065/2027/258 2518/2966/258 2066/2028/258

v 383.585 81.5533 -96.6633
vt 7.66894 0.807068
f 2518/2966/258 2065/2027/258 2519/2967/258

v 383.674 80.2399 -96.6632
vt 7.6707 0.793934
f 2519/2967/258 2065/2027/258 2520/2968/258

vt 1.57991 0.03
vn 0.999998 0.00165516 0.000721449
vt 1.53245 0.03
vt 1.53245 0
v 383.676 80.2399 -99.6632
vt 1.57991 0
f 2520/2969/424 2065/2970/424 2517/2971/424 2521/2972/424 

vt 1.50402 0.03
v 383.683 76.4437 -99.6632
vt 1.50402 0
f 2065/2970/424 2064/2973/424 2522/2974/424 2517/2971/424 

vt 1.49807 0.03
v 383.683 76.1459 -99.6632
vt 1.49807 0
f 2064/2973/424 2063/2975/424 2523/2976/424 2522/2974/424 

v 383.692 69.62 -96.6632
vt 1.36762 0.03
v 383.694 69.62 -99.6632
vt 1.36762 5.62707e-17
vt 1.49807 -1.28596e-19
f 2063/2975/424 2524/2977/424 2525/2978/424 2523/2979/424 

v 45.5763 69.3761 -96.9072
vt 0.911966 0.687734
v 45.5755 65.7239 -96.9072
vt 0.911898 0.651213
v 45.4625 65.7239 -96.9072
vt 0.90964 0.651213
v 45.1637 65.7236 -96.9075
vt 0.903665 0.651213
v 44.7388 65.7233 -96.9078
vt 0.895173 0.651213
v 44.2481 65.723 -96.9081
vt 0.885362 0.651213
v 43.7513 65.7226 -96.9085
vt 0.875432 0.651213
v 43.3085 65.7223 -96.9088
vt 0.86658 0.651213
v 42.9796 65.7221 -96.909
vt 0.860006 0.651213
v 42.8247 65.722 -96.9091
vt 0.856909 0.651213
v 42.7563 65.7169 -96.9092
vt 0.855541 0.651163
v 42.6813 65.6973 -96.9093
vt 0.854043 0.650967
v 42.6128 65.6644 -96.9093
vt 0.852673 0.650639
v 42.5523 65.6196 -96.9093
vt 0.851463 0.650191
v 42.5012 65.5645 -96.9094
vt 0.850441 0.649641
v 42.4611 65.5006 -96.9094
vt 0.849638 0.649002
v 42.4335 65.4293 -96.9094
vt 0.849084 0.648289
v 42.4197 65.3522 -96.9094
vt 0.848809 0.647518
v 42.4187 65.0947 -96.9094
vt 0.848784 0.644943
v 42.4196 63.8547 -96.9094
vt 0.848784 0.632543
v 42.421 61.8122 -96.9094
vt 0.848784 0.612118
v 42.4228 59.2882 -96.9094
vt 0.848784 0.586879
v 42.4248 56.6038 -96.9094
vt 0.848784 0.560034
v 42.4266 54.0799 -96.9094
vt 0.848784 0.534795
v 42.4281 52.0374 -96.9094
vt 0.848784 0.51437
v 42.429 50.7974 -96.9094
vt 0.848784 0.50197
v 42.4302 50.5446 -96.9094
vt 0.848805 0.499442
v 42.442 50.4789 -96.9094
vt 0.84904 0.498785
v 42.4657 50.4181 -96.9094
vt 0.849513 0.498177
v 42.5 50.3636 -96.9094
vt 0.850197 0.497632
v 42.5436 50.3167 -96.9094
vt 0.851069 0.497162
v 42.5953 50.2786 -96.9093
vt 0.852101 0.49678
v 42.6538 50.2506 -96.9093
vt 0.853269 0.4965
v 42.7177 50.2339 -96.9092
vt 0.854547 0.496333
v 42.7769 50.2297 -96.9092
vt 0.85573 0.496291
v 42.9352 50.2298 -96.9091
vt 0.858894 0.496291
v 43.2711 50.2301 -96.9088
vt 0.865609 0.496291
v 43.7234 50.2304 -96.9085
vt 0.87465 0.496291
v 44.2308 50.2308 -96.9081
vt 0.884794 0.496291
v 44.7321 50.2311 -96.9078
vt 0.894815 0.496291
v 45.166 50.2314 -96.9075
vt 0.903489 0.496291
v 45.4713 50.2317 -96.9072
vt 0.909591 0.496291
v 45.5867 50.2317 -96.9072
vt 0.911898 0.496291
v 45.5867 30.1491 -96.9072
vt 0.911608 0.295464
v 27.1145 20.6959 -96.9205
v 27.057 20.8084 -96.9205
v 26.9047 21.1062 -96.9206
v 26.6883 21.5295 -96.9208
v 26.4382 22.0186 -96.921
v 26.1851 22.5136 -96.9212
v 25.9595 22.9548 -96.9213
v 25.792 23.2825 -96.9214
v 25.713 23.4369 -96.9215
v 25.6233 23.4966 -96.9216
v 25.5127 23.5531 -96.9216
v 25.4022 23.5962 -96.9217
v 25.2936 23.6259 -96.9218
v 25.1888 23.6423 -96.9219
v 25.0894 23.6455 -96.9219
v 24.9974 23.6354 -96.922
v 24.9144 23.612 -96.9221
v 24.6323 23.4744 -96.9223
v 23.2461 22.789 -96.9233
v 20.9627 21.6601 -96.9249
v 18.1411 20.265 -96.927
v 15.1401 18.7813 -96.9291
v 12.3185 17.3862 -96.9312
v 10.0352 16.2573 -96.9328
v 8.64891 15.5719 -96.9338
v 8.36334 15.4289 -96.934
v 8.2902 15.3686 -96.9341
v 8.23324 15.2909 -96.9341
v 8.19303 15.1985 -96.9341
v 8.1701 15.0946 -96.9341
v 8.165 14.9821 -96.9342
v 8.17829 14.864 -96.9341
v 8.21051 14.7433 -96.9341
v 8.25254 14.6421 -96.9341
v 8.32509 14.4918 -96.934
v 8.47906 14.1726 -96.9339
v 8.6864 13.7428 -96.9338
v 8.919 13.2606 -96.9336
v 9.1488 12.7842 -96.9334
v 9.3477 12.3719 -96.9333
v 9.48764 12.0818 -96.9332
v 9.54053 11.9722 -96.9332
v 9.15389 11.7824 -96.9334
v 8.12993 11.2798 -96.9342
v 6.67261 10.5644 -96.9352
v 4.98585 9.73643 -96.9364
v 3.27359 8.89592 -96.9377
v 1.73979 8.14301 -96.9388
v 0.58837 7.57781 -96.9396
v 0.0232838 7.30042 -96.94
v 4.41452e-14 7.22318 -96.94
v 0.00983841 6.96631 -96.94
v 0.025069 6.56867 -96.94
v 0.0434215 6.08951 -96.94
v 0.0626253 5.58814 -96.94
v 0.0804101 5.1238 -96.94
v 0.0945055 4.7558 -96.94
v 0.102641 4.54339 -96.94
v 0.13782 4.11909 -96.9399
v 0.312923 3.36647 -96.9398
v 0.618815 2.67501 -96.9396
v 1.04125 2.05842 -96.9393
v 1.566 1.53038 -96.9389
v 2.1788 1.10461 -96.9385
v 2.86543 0.794782 -96.938
v 3.61164 0.614608 -96.9374
v 4.76995 0.573209 -96.9366
vt 0.0952555 8.86597e-11
v 6.49195 0.574451 -96.9354
vt 0.129678 8.86579e-11
v 6.48902 4.62946 -96.9354
vt 0.129678 0.0405501
v 9.35506 4.63153 -96.9333
vt 0.18697 0.0405501
v 9.35799 0.576519 -96.9333
vt 0.18697 8.86579e-11
v 17.2336 0.582201 -96.9276
vt 0.344403 8.86597e-11
v 38.9248 0.59785 -96.912
vt 0.778012 8.86579e-11
v 38.9162 12.6223 -96.912
vt 0.778012 0.120245
v 41.7822 12.6244 -96.9099
vt 0.835304 0.120245
v 41.7909 0.599918 -96.9099
vt 0.835304 8.86579e-11
v 42.6294 0.600523 -96.9093
vt 0.852066 8.86597e-11
v 76.4592 0.624929 -96.8849
vt 1.52832 8.86597e-11
v 88.3242 0.633489 -96.8763
vt 1.76551 8.86579e-11
v 88.3135 15.439 -96.8763
vt 1.76551 0.148056
v 91.2135 15.4411 -96.8742
vt 1.82348 0.148056
v 91.2242 0.635581 -96.8742
vt 1.82348 8.86579e-11
v 114.225 0.652175 -96.8576
vt 2.28326 8.86597e-11
v 138.34 0.669573 -96.8402
vt 2.76532 4.65723e-11
v 138.312 38.6652 -96.8403
vt 2.76532 0.379957
v 141.212 38.6673 -96.8382
vt 2.82329 0.379957
v 141.24 0.671665 -96.8381
vt 2.82329 4.65723e-11
v 151.428 0.679016 -96.8308
vt 3.02696 8.86597e-11
v 183.571 0.702205 -96.8076
vt 3.6695 8.86597e-11
v 188.38 0.705675 -96.8041
vt 3.76563 8.86579e-11
v 188.37 15.5112 -96.8041
vt 3.76563 0.148056
v 191.27 15.5133 -96.8021
vt 3.8236 0.148056
v 191.28 0.707767 -96.802
vt 3.8236 8.86579e-11
v 206.156 0.718499 -96.7913
vt 4.12096 8.86597e-11
v 214.684 0.724651 -96.7852
vt 4.29143 8.86597e-11
v 223.211 0.730804 -96.779
vt 4.4619 8.48282e-11
v 238.122 0.741561 -96.7683
vt 4.75996 8.86579e-11
v 238.111 15.5471 -96.7683
vt 4.75996 0.148056
v 241.011 15.5492 -96.7662
vt 4.81793 0.148056
v 241.022 0.743653 -96.7662
vt 4.81793 8.86579e-11
v 245.796 0.747097 -96.7627
vt 4.91337 7.46872e-11
v 277.939 0.770287 -96.7395
vt 5.55591 6.02561e-11
v 288.127 0.777637 -96.7322
vt 5.75958 1.35846e-11
v 288.1 38.7733 -96.7322
vt 5.75958 0.379957
v 291 38.7754 -96.7301
vt 5.81755 0.379957
v 291.027 0.77973 -96.7301
vt 5.81755 1.22851e-11
v 315.142 0.797127 -96.7127
vt 6.2996 4.35511e-11
v 338.178 0.813746 -96.6961
vt 6.76008 8.86579e-11
v 338.167 15.6193 -96.6961
vt 6.76008 0.148056
v 341.067 15.6214 -96.694
vt 6.81806 0.148056
v 341.078 0.815838 -96.694
vt 6.81806 8.86579e-11
v 352.908 0.824373 -96.6854
vt 7.05454 2.65934e-11
v 386.738 0.84878 -96.661
vt 7.7308 1.14008e-11
v 387.576 0.849385 -96.6604
vt 7.74756 1.10128e-11
v 387.568 12.8738 -96.6604
vt 7.74756 0.120245
v 390.434 12.8759 -96.6584
vt 7.80485 0.120245
v 390.442 0.851453 -96.6584
vt 7.80485 9.74219e-12
v 412.134 0.867102 -96.6427
vt 8.23846 0
v 421.915 0.874158 -96.6357
vt 8.43399 8.86579e-11
v 421.912 4.92917 -96.6357
vt 8.43399 0.0405501
v 424.778 4.93124 -96.6336
vt 8.49128 0.0405501
v 424.781 0.876226 -96.6336
vt 8.49128 8.86579e-11
v 425.756 0.919164 -96.6329
vt 8.51076 0.000422345
v 426.502 1.10041 -96.6323
vt 8.52568 0.00222947
v 427.188 1.41123 -96.6318
vt 8.5394 0.00533266
v 427.8 1.83789 -96.6314
vt 8.55164 0.00959485
v 428.324 2.36668 -96.631
vt 8.56212 0.014879
v 428.745 2.98388 -96.6307
vt 8.57056 0.0210479
v 429.05 3.67578 -96.6305
vt 8.57667 0.0279647
v 429.224 4.42865 -96.6304
vt 8.58015 0.0354922
v 429.259 4.853 -96.6304
vt 8.58085 0.0397355
v 429.267 5.06542 -96.6303
vt 8.58101 0.0418596
v 429.28 5.43345 -96.6303
vt 8.58129 0.0455398
v 429.297 5.89781 -96.6303
vt 8.58164 0.0501832
v 429.316 6.39921 -96.6303
vt 8.58201 0.0551971
v 429.334 6.87839 -96.6303
vt 8.58237 0.0599888
v 429.348 7.27606 -96.6303
vt 8.58267 0.0639654
v 429.358 7.53294 -96.6303
vt 8.58286 0.0665341
v 429.334 7.61015 -96.6303
vt 8.5824 0.0673064
v 428.769 7.88672 -96.6307
vt 8.5711 0.0700762
v 427.617 8.45026 -96.6315
vt 8.54807 0.0757199
v 426.082 9.20096 -96.6326
vt 8.5174 0.0832379
v 424.368 10.039 -96.6339
vt 8.48316 0.0916306
v 422.68 10.8645 -96.6351
vt 8.44943 0.0998983
v 421.222 11.5778 -96.6362
vt 8.42029 0.107041
v 420.197 12.079 -96.6369
vt 8.39981 0.11206
v 419.81 12.2682 -96.6372
vt 8.39208 0.113956
v 419.863 12.3779 -96.6371
vt 8.39314 0.115052
v 420.003 12.6682 -96.637
vt 8.39593 0.117954
v 420.201 13.0808 -96.6369
vt 8.3999 0.122079
v 420.43 13.5575 -96.6367
vt 8.40449 0.126844
v 420.662 14.04 -96.6366
vt 8.40913 0.131667
v 420.869 14.4701 -96.6364
vt 8.41327 0.135967
v 421.022 14.7895 -96.6363
vt 8.41634 0.13916
v 421.094 14.94 -96.6362
vt 8.41779 0.140664
v 421.136 15.0412 -96.6362
vt 8.41863 0.141676
v 421.168 15.1619 -96.6362
vt 8.41927 0.142883
v 421.182 15.2801 -96.6362
vt 8.41953 0.144064
v 421.176 15.3926 -96.6362
vt 8.41943 0.145189
v 421.153 15.4964 -96.6362
vt 8.41897 0.146228
v 421.113 15.5887 -96.6362
vt 8.41817 0.147151
v 421.056 15.6664 -96.6363
vt 8.41703 0.147929
v 420.983 15.7265 -96.6363
vt 8.41556 0.148531
v 420.697 15.8692 -96.6365
vt 8.40985 0.149959
v 419.309 16.5526 -96.6375
vt 8.38213 0.156803
v 417.025 17.6782 -96.6392
vt 8.33647 0.168076
v 414.201 19.0692 -96.6412
vt 8.28005 0.182006
v 411.198 20.5486 -96.6434
vt 8.22004 0.196822
v 408.374 21.9396 -96.6454
vt 8.16361 0.210752
v 406.089 23.0652 -96.6471
vt 8.11795 0.222025
v 404.702 23.7486 -96.6481
vt 8.09023 0.228869
v 404.42 23.8858 -96.6483
vt 8.08459 0.230243
v 404.337 23.909 -96.6483
vt 8.08293 0.230476
v 404.245 23.919 -96.6484
vt 8.08109 0.230576
v 404.145 23.9157 -96.6485
vt 8.0791 0.230544
v 404.04 23.8992 -96.6485
vt 8.07701 0.230379
v 403.932 23.8693 -96.6486
vt 8.07484 0.230081
v 403.821 23.826 -96.6487
vt 8.07263 0.229649
v 403.711 23.7693 -96.6488
vt 8.07042 0.229083
v 403.621 23.7095 -96.6489
vt 8.06863 0.228486
v 403.543 23.5551 -96.6489
vt 8.06705 0.226941
v 403.375 23.2271 -96.649
vt 8.06371 0.223663
v 403.151 22.7856 -96.6492
vt 8.0592 0.219249
v 402.898 22.2902 -96.6494
vt 8.05415 0.214297
v 402.649 21.8008 -96.6496
vt 8.04916 0.209405
v 402.433 21.3772 -96.6497
vt 8.04484 0.20517
v 402.281 21.0791 -96.6498
vt 8.0418 0.202191
v 402.224 20.9665 -96.6499
vt 8.04065 0.201065
v 383.738 30.393 -96.6632
vt 7.67126 0.295464
v 383.709 50.4757 -96.6632
vt 7.67097 0.496291
v 383.824 50.4758 -96.6631
vt 7.67327 0.496291
v 384.13 50.476 -96.6629
vt 7.67938 0.496291
v 384.564 50.4763 -96.6626
vt 7.68805 0.496291
v 385.065 50.4767 -96.6622
vt 7.69807 0.496291
v 385.572 50.477 -96.6619
vt 7.70821 0.496291
v 386.025 50.4774 -96.6615
vt 7.71726 0.496291
v 386.361 50.4776 -96.6613
vt 7.72397 0.496291
v 386.519 50.4777 -96.6612
vt 7.72713 0.496291
v 386.578 50.482 -96.6611
vt 7.72832 0.496333
v 386.642 50.4987 -96.6611
vt 7.7296 0.4965
v 386.7 50.5268 -96.6611
vt 7.73076 0.49678
v 386.752 50.565 -96.661
vt 7.7318 0.497162
v 386.795 50.612 -96.661
vt 7.73267 0.497632
v 386.83 50.6665 -96.661
vt 7.73335 0.498177
v 386.853 50.7273 -96.6609
vt 7.73382 0.498785
v 386.865 50.7931 -96.6609
vt 7.73406 0.499442
v 386.866 51.0459 -96.6609
vt 7.73408 0.50197
v 386.865 52.2859 -96.6609
vt 7.73408 0.51437
v 386.864 54.3284 -96.6609
vt 7.73408 0.534795
v 386.862 56.8523 -96.6609
vt 7.73408 0.560034
v 386.86 59.5367 -96.6609
vt 7.73408 0.586879
v 386.858 62.0607 -96.6609
vt 7.73408 0.612118
v 386.856 64.1032 -96.6609
vt 7.73408 0.632543
v 386.856 65.3432 -96.6609
vt 7.73408 0.644943
v 386.854 65.6007 -96.6609
vt 7.73406 0.647518
v 386.84 65.6778 -96.661
vt 7.73378 0.648289
v 386.813 65.749 -96.661
vt 7.73323 0.649002
v 386.772 65.8129 -96.661
vt 7.73242 0.649641
v 386.721 65.8679 -96.661
vt 7.7314 0.650191
v 386.661 65.9126 -96.6611
vt 7.73019 0.650639
v 386.592 65.9454 -96.6611
vt 7.72882 0.650967
v 386.517 65.9649 -96.6612
vt 7.72732 0.651163
v 386.449 65.9699 -96.6612
vt 7.72596 0.651213
v 386.294 65.9698 -96.6614
vt 7.72286 0.651213
v 385.965 65.9695 -96.6616
vt 7.71628 0.651213
v 385.522 65.9692 -96.6619
vt 7.70743 0.651213
v 385.025 65.9688 -96.6623
vt 7.6975 0.651213
v 384.534 65.9685 -96.6626
vt 7.68769 0.651213
v 384.11 65.9682 -96.6629
vt 7.6792 0.651213
v 383.811 65.968 -96.6631
vt 7.67323 0.651213
v 383.698 65.9679 -96.6632
vt 7.67097 0.651213
vt 7.6709 0.687734
f 2060/2022/258 2059/2021/258 2526/2980/258 2527/2981/258 2528/2982/258 2529/2983/258 2530/2984/258 2531/2985/258 2532/2986/258 2533/2987/258 2534/2988/258 2535/2989/258 2536/2990/258 2537/2991/258 2538/2992/258 2539/2993/258 2540/2994/258 2541/2995/258 2542/2996/258 2543/2997/258 2544/2998/258 2545/2999/258 2546/3000/258 2547/3001/258 2548/3002/258 2549/3003/258 2550/3004/258 2551/3005/258 2552/3006/258 2553/3007/258 2554/3008/258 2555/3009/258 2556/3010/258 2557/3011/258 2558/3012/258 2559/3013/258 2560/3014/258 2561/3015/258 2562/3016/258 2563/3017/258 2564/3018/258 2565/3019/258 2566/3020/258 2567/3021/258 2568/3022/258 2569/3023/258 2570/48/258 2571/49/258 2572/50/258 2573/51/258 2574/52/258 2575/53/258 2576/54/258 2577/55/258 2578/56/258 2579/57/258 2580/58/258 2581/59/258 2582/60/258 2583/61/258 2584/62/258 2585/63/258 2586/64/258 2587/65/258 2588/66/258 2589/67/258 2590/68/258 2591/69/258 2592/70/258 2593/71/258 2594/72/258 2595/73/258 2596/74/258 2597/75/258 2598/76/258 2599/77/258 2600/78/258 2601/79/258 2602/80/258 2603/81/258 2604/82/258 2605/83/258 2606/84/258 2607/85/258 2608/86/258 2609/87/258 2610/88/258 2611/89/258 2612/90/258 2613/91/258 2614/92/258 2615/93/258 2616/94/258 2617/95/258 2618/96/258 2619/97/258 2620/98/258 2621/99/258 2622/100/258 2623/101/258 2624/102/258 2625/103/258 2626/104/258 2627/105/258 2628/106/258 2629/107/258 2630/108/258 2631/109/258 2632/110/258 2633/111/258 2634/112/258 2635/113/258 2636/3024/258 2637/3025/258 2638/3026/258 2639/3027/258 2640/3028/258 2641/3029/258 2642/3030/258 2643/3031/258 2644/3032/258 2645/3033/258 2646/3034/258 2647/3035/258 2648/3036/258 2649/3037/258 2650/3038/258 2651/3039/258 2652/3040/258 2653/3041/258 2654/3042/258 2655/3043/258 2656/3044/258 2657/3045/258 2658/3046/258 2659/3047/258 2660/3048/258 2661/3049/258 2662/3050/258 2663/3051/258 2664/3052/258 2665/3053/258 2666/3054/258 2667/3055/258 2668/3056/258 2669/3057/258 2670/3058/258 2671/3059/258 2672/3060/258 2673/3061/258 2674/3062/258 2675/3063/258 2676/3064/258 2677/3065/258 2678/3066/258 2679/3067/258 2680/3068/258 2681/3069/258 2682/3070/258 2683/3071/258 2684/3072/258 2685/3073/258 2686/3074/258 2687/3075/258 2688/3076/258 2689/3077/258 2690/3078/258 2691/3079/258 2692/3080/258 2693/3081/258 2694/3082/258 2695/3083/258 2696/3084/258 2697/3085/258 2698/3086/258 2699/3087/258 2700/3088/258 2701/3089/258 2702/3090/258 2703/3091/258 2704/3092/258 2705/3093/258 2706/3094/258 2707/3095/258 2708/3096/258 2709/3097/258 2710/3098/258 2711/3099/258 2712/3100/258 2713/3101/258 2714/3102/258 2715/3103/258 2716/3104/258 2717/3105/258 2718/3106/258 2719/3107/258 2720/3108/258 2721/3109/258 2722/3110/258 2723/3111/258 2724/3112/258 2725/3113/258 2726/3114/258 2727/3115/258 2728/3116/258 2729/3117/258 2730/3118/258 2731/3119/258 2732/3120/258 2733/3121/258 2734/3122/258 2735/3123/258 2736/3124/258 2737/3125/258 2738/3126/258 2739/3127/258 2740/3128/258 2741/3129/258 2742/3130/258 2743/3131/258 2744/3132/258 2745/3133/258 2746/3134/258 2747/3135/258 2748/3136/258 2749/3137/258 2750/3138/258 2751/3139/258 2752/3140/258 2753/3141/258 2754/3142/258 2755/3143/258 2756/3144/258 2757/3145/258 2758/3146/258 2759/3147/258 2760/3148/258 2761/3149/258 2762/3150/258 2763/3151/258 2764/3152/258 2765/3153/258 2766/3154/258 2767/3155/258 2768/3156/258 2769/3157/258 2770/3158/258 2771/3159/258 2772/3160/258 2773/3161/258 2774/3162/258 2775/3163/258 2776/3164/258 2777/3165/258 2778/3166/258 2779/3167/258 2780/3168/258 2781/3169/258 2782/3170/258 2783/3171/258 2784/3172/258 2785/3173/258 2786/3174/258 2787/3175/258 2788/3176/258 2789/3177/258 2790/3178/258 2791/3179/258 2792/3180/258 2793/3181/258 2794/3182/258 2795/3183/258 2796/3184/258 2797/3185/258 2798/3186/258 2799/3187/258 2800/3188/258 2524/3189/258 2063/2025/258 2062/2024/258 2061/2023/258 

vt 0.947885 0.03
vn 0.00072145 -1 5.2049e-07
vt 0.912088 0.03
v 45.5798 75.902 -99.9072
vt 0.912088 0
v 47.3706 75.9033 -99.9059
vt 0.947885 0
f 2060/3190/425 2059/3191/425 2801/3192/425 2802/3193/425 

vt -1.50608 0.03
vn -1 0.000212256 -0.00072145
vt -1.51204 0.03
v 45.5799 76.1997 -99.9072
vt -1.51204 0
vt -1.50608 0
f 2059/3194/426 2058/3195/426 2803/3196/426 2801/3197/426 

vt -1.54046 0.03
v 45.5802 77.6216 -99.9072
vt -1.54046 0
f 2058/3195/426 2057/3198/426 2804/3199/426 2803/3196/426 

vt 0.922943 0.03
vt 0.91212 0.03
vt 0.91212 0
v 46.1216 77.622 -99.9068
vt 0.922943 0
f 2056/3200/425 2057/3201/425 2804/3202/425 2805/3203/425 

v 45.5785 79.996 -96.9072
vt 0.912164 0.793934
f 2056/2018/258 2806/3204/258 2057/2019/258

v 45.6655 81.3095 -96.9071
vt 0.913922 0.807068
f 2806/3204/258 2056/2018/258 2807/3205/258

v 45.718 86.5027 -96.9071
vt 0.915046 0.858999
f 2807/3205/258 2056/2018/258 2808/3206/258

v 45.9111 86.8989 -96.9069
vt 0.918911 0.86296
f 2808/3206/258 2056/2018/258 2809/3207/258

v 46.1319 89.3151 -96.9068
vt 0.923361 0.88712
f 2810/3208/258 2809/3207/258 2056/2018/258

v 45.8763 87.3854 -96.9069
vt 0.918224 0.867825
f 2810/3208/258 2811/3209/258 2809/3207/258

v 45.764 88.7411 -96.907
vt 0.915998 0.881383
f 2812/3210/258 2811/3209/258 2810/3208/258

v 45.7509 87.9952 -96.907
vt 0.915725 0.873924
f 2811/3209/258 2812/3210/258 2813/3211/258

vt -1.76349 0.03
vn -0.995712 -0.0925096 -0.000718356
vt -1.7784 0.03
vn -0.999844 0.017635 -0.000721338
v 45.7662 88.7411 -99.907
vt -1.7784 0
v 45.753 87.9952 -99.907
vt -1.76349 0
f 2813/3212/427 2812/3213/428 2814/3214/428 2815/3215/427 

vt -1.9775 0.03
vn -0.841902 0.53963 -0.000607391
vt -1.99113 0.03
vn -0.753466 0.657486 -0.000543589
v 46.1341 89.3151 -99.9068
vt -1.99113 0
vt -1.9775 0
f 2812/3216/429 2810/3217/430 2816/3218/430 2814/3219/429 

v 46.4888 89.6192 -96.9065
vt -1.8619 0.03
vn -0.615421 0.788199 -0.000443995
v 46.4909 89.6192 -99.9065
vt -1.8619 0
f 2810/1516/430 2817/3220/431 2818/3221/431 2816/1517/430 

v 46.8733 85.5492 -96.9062
vt 0.938127 0.849456
vt 0.930499 0.890159
f 2810/3208/258 2819/3222/258 2817/3223/258

v 46.8792 85.5007 -96.9062
vt 0.938245 0.848971
f 2810/3208/258 2820/3224/258 2819/3222/258

v 46.9638 84.837 -96.9062
vt 0.939926 0.842333
f 2810/3208/258 2821/3225/258 2820/3224/258

f 2810/3208/258 2056/2018/258 2821/3225/258

v 46.9875 84.7898 -96.9061
vt 0.940399 0.841861
f 2821/3225/258 2056/2018/258 2822/3226/258

f 2822/3226/258 2056/2018/258 2055/2017/258

vt 1.04986 0.03
v 52.4707 77.6266 -99.9022
vt 1.04986 0
f 2055/3227/425 2056/3200/425 2805/3203/425 2823/3228/425 

vt -0.922943 0.770189
vn 0.00072145 5.55112e-16 -1
v 46.9897 84.7898 -99.9061
vt -0.940399 0.841861
vt -1.04986 0.770189
f 2805/3229/432 2824/3230/432 2823/3231/432

v 46.966 84.837 -99.9062
vt -0.939926 0.842333
f 2805/3229/432 2825/3232/432 2824/3230/432

vt -0.923361 0.88712
f 2805/3229/432 2816/3233/432 2825/3232/432

v 45.9132 86.8989 -99.9069
vt -0.918911 0.86296
f 2826/3234/432 2816/3233/432 2805/3229/432

v 45.8785 87.3854 -99.9069
vt -0.918224 0.867825
f 2827/3235/432 2816/3233/432 2826/3234/432

vt -0.915998 0.881383
f 2827/3235/432 2814/3236/432 2816/3233/432

vt -0.915725 0.873924
f 2814/3236/432 2827/3235/432 2815/3237/432

vt -1.51504 0.03
vn -0.990617 -0.136663 -0.000714681
vt -1.52749 0.03
vt -1.52749 0
vt -1.51504 0
f 2811/3238/433 2813/3239/427 2815/3240/427 2827/3241/433 

vt -1.656 0.03
vn -0.997462 -0.0712032 -0.000719619
vt -1.66575 0.03
vt -1.66575 0
vt -1.656 0
f 2809/3242/434 2811/3243/433 2827/3244/433 2826/3245/434 

vt -1.94451 0.03
vn -0.898922 0.438108 -0.000648528
vt -1.95332 0.03
vt -1.95332 0
v 45.7201 86.5027 -99.9071
vt -1.94451 0
f 2808/3246/435 2809/3247/435 2826/3248/435 2828/3249/435 

vt -0.915046 0.858999
f 2805/3229/432 2828/3250/432 2826/3234/432

v 45.6677 81.3095 -99.9071
vt -0.913922 0.807068
f 2805/3229/432 2829/3251/432 2828/3250/432

v 45.5807 79.996 -99.9072
vt -0.912164 0.793934
f 2805/3229/432 2830/3252/432 2829/3251/432

vt -0.91212 0.770189
f 2830/3252/432 2805/3229/432 2804/3253/432

vt -4.05196 0.83036
vt -4.05196 0.838139
vt -4.05397 0.838139
vt -4.05576 0.838305
vt -4.05647 0.838869
vt -4.05773 0.839804
vt -4.05955 0.841076
vt -4.06198 0.842654
vt -4.06503 0.844508
vt -4.06872 0.846605
vt -4.0731 0.848913
vt -4.07802 0.85109
vt -4.08301 0.852506
vt -4.08786 0.853282
vt -4.09236 0.853568
vt -4.09632 0.853511
vt -4.09953 0.85326
vt -4.10179 0.852963
vt -4.10321 0.852807
vt -4.10437 0.853065
vt -4.10636 0.853502
vt -4.10901 0.854078
vt -4.11216 0.854751
vt -4.11564 0.855482
vt -4.11931 0.85623
vt -4.12299 0.856954
vt -4.12684 0.857541
vt -4.13212 0.85766
vt -4.13844 0.857386
vt -4.14522 0.856841
vt -4.15185 0.856152
vt -4.15775 0.855444
vt -4.16233 0.854841
vt -4.16547 0.854488
vt -4.16616 0.855224
vt -4.16755 0.856588
vt -4.16964 0.858418
vt -4.1724 0.860553
vt -4.1758 0.86283
vt -4.17984 0.865088
vt -4.18448 0.867164
vt -4.18974 0.868928
vt -4.19585 0.870665
vt -4.20252 0.872417
vt -4.2093 0.874103
vt -4.21574 0.875643
vt -4.2214 0.876954
vt -4.22584 0.877957
vt -4.2286 0.878569
vt -4.22931 0.878755
vt -4.2293 0.879586
vt -4.22939 0.881415
vt -4.22973 0.884048
vt -4.23049 0.887294
vt -4.2318 0.890959
vt -4.23382 0.894851
vt -4.23671 0.898778
vt -4.24061 0.902544
vt -4.24632 0.905659
vt -4.25374 0.907965
vt -4.26209 0.909582
vt -4.27063 0.910633
vt -4.27859 0.911238
vt -4.28522 0.911521
vt -4.28975 0.911601
vt -4.29143 0.911601
vt -4.29311 0.911601
vt -4.29765 0.911521
vt -4.30427 0.911238
vt -4.31223 0.910633
vt -4.32077 0.909582
vt -4.32913 0.907965
vt -4.33654 0.905659
vt -4.34225 0.902544
vt -4.34616 0.898778
vt -4.34904 0.894851
vt -4.35107 0.890959
vt -4.35238 0.887294
vt -4.35313 0.884048
vt -4.35348 0.881415
vt -4.35357 0.879586
vt -4.35355 0.878755
vt -4.35426 0.878569
vt -4.35703 0.877957
vt -4.36146 0.876954
vt -4.36712 0.875643
vt -4.37357 0.874103
vt -4.38035 0.872417
vt -4.38701 0.870665
vt -4.39313 0.868928
vt -4.39839 0.867164
vt -4.40303 0.865088
vt -4.40706 0.86283
vt -4.41047 0.860553
vt -4.41322 0.858418
vt -4.41531 0.856588
vt -4.41671 0.855224
vt -4.4174 0.854488
vt -4.42054 0.854841
vt -4.42511 0.855444
vt -4.43101 0.856152
vt -4.43765 0.856841
vt -4.44442 0.857386
vt -4.45074 0.85766
vt -4.45602 0.857541
vt -4.45988 0.856954
vt -4.46356 0.85623
vt -4.46722 0.855482
vt -4.47071 0.854751
vt -4.47386 0.854078
vt -4.47651 0.853502
vt -4.47849 0.853065
vt -4.47965 0.852807
vt -4.48107 0.852963
vt -4.48333 0.85326
vt -4.48654 0.853511
vt -4.4905 0.853568
vt -4.49501 0.853282
vt -4.49986 0.852506
vt -4.50485 0.85109
vt -4.50976 0.848913
vt -4.51414 0.846605
vt -4.51784 0.844508
vt -4.52089 0.842654
vt -4.52331 0.841076
vt -4.52514 0.839804
vt -4.52639 0.838869
vt -4.5271 0.838305
vt -4.5289 0.838139
vt -4.5309 0.83036
vt -4.53013 0.830119
vt -4.52797 0.829412
vt -4.52466 0.828266
vt -4.52045 0.826707
vt -4.51558 0.824759
vt -4.51027 0.82245
vt -4.50479 0.819805
vt -4.49936 0.81685
vt -4.49456 0.813462
vt -4.49121 0.809416
vt -4.48917 0.804932
vt -4.48827 0.800253
vt -4.48834 0.795621
vt -4.48918 0.791275
vt -4.49063 0.787457
vt -4.4925 0.784409
vt -4.49484 0.782208
vt -4.49862 0.780056
vt -4.50355 0.777892
vt -4.50908 0.775817
vt -4.51469 0.773928
vt -4.51985 0.772324
vt -4.52401 0.771104
vt -4.52665 0.770366
vt -4.53576 0.770189
vt -4.71906 0.770189
vt -4.72125 0.770189
vt -4.95762 0.770189
vt -5.09922 0.770189
vt -5.19709 0.770189
vt -5.46537 0.770189
v 280.227 77.7909 -99.7379
vt -5.60271 0.770189
v 286.777 77.7956 -99.7331
vt -5.73365 0.770189
v 300.198 77.8053 -99.7235
vt -6.00192 0.770189
vt -6.16479 0.770189
vt -6.2702 0.770189
vt -6.53848 0.770189
vt -6.71849 0.770189
vt -6.80676 0.770189
vt -7.07503 0.770189
v 359.975 77.8484 -99.6803
vt -7.19688 0.770189
vt -7.34331 0.770189
vt -7.533 0.770189
vt -7.65992 0.770189
vt -7.67075 0.770189
vt -7.67077 0.755971
vt -7.67078 0.752993
v 381.892 76.1446 -99.6645
vt -7.63498 0.752993
v 214.631 76.0239 -99.7852
vt -4.29143 0.752993
vt -0.947885 0.752993
vt -0.912088 0.752993
vt -0.912093 0.755971
v 61.9601 77.6334 -99.8953
vt -1.23955 0.770189
v 69.2855 77.6387 -99.8901
vt -1.38599 0.770189
v 75.3807 77.6431 -99.8857
vt -1.50783 0.770189
v 88.8012 77.6528 -99.876
vt -1.77611 0.770189
v 93.2168 77.656 -99.8728
vt -1.86438 0.770189
v 102.222 77.6624 -99.8663
vt -2.04439 0.770189
v 115.642 77.6721 -99.8566
vt -2.31266 0.770189
v 120.916 77.6759 -99.8528
vt -2.41808 0.770189
v 129.063 77.6818 -99.8469
vt -2.58094 0.770189
v 142.483 77.6915 -99.8373
vt -2.84922 0.770189
v 149.033 77.6962 -99.8325
vt -2.98015 0.770189
v 155.904 77.7012 -99.8276
vt -3.11749 0.770189
v 169.325 77.7109 -99.8179
vt -3.38577 0.770189
v 174.221 77.7144 -99.8144
vt -3.48364 0.770189
v 181.304 77.7195 -99.8092
vt -3.62524 0.770189
v 193.128 77.728 -99.8007
vt -3.86161 0.770189
v 193.238 77.7281 -99.8006
vt -3.86381 0.770189
v 202.408 77.7347 -99.794
vt -4.04711 0.770189
v 202.864 77.7528 -99.7937
vt -4.05622 0.770366
v 202.995 77.8266 -99.7936
vt -4.05885 0.771104
v 203.204 77.9488 -99.7934
vt -4.06302 0.772324
v 203.461 78.1094 -99.7933
vt -4.06817 0.773928
v 203.742 78.2985 -99.7931
vt -4.07378 0.775817
v 204.019 78.5062 -99.7929
vt -4.07932 0.777892
v 204.265 78.7227 -99.7927
vt -4.08425 0.780056
v 204.454 78.9381 -99.7925
vt -4.08803 0.782208
v 204.571 79.1583 -99.7925
vt -4.09036 0.784409
v 204.664 79.4632 -99.7924
vt -4.09224 0.787457
v 204.736 79.845 -99.7923
vt -4.09368 0.791275
v 204.778 80.2796 -99.7923
vt -4.09453 0.795621
v 204.781 80.7429 -99.7923
vt -4.09459 0.800253
v 204.736 81.2107 -99.7923
vt -4.09369 0.804932
v 204.634 81.659 -99.7924
vt -4.09166 0.809416
v 204.466 82.0635 -99.7925
vt -4.08831 0.813462
v 204.225 82.4021 -99.7927
vt -4.0835 0.81685
v 203.953 82.6974 -99.7929
vt -4.07807 0.819805
v 203.679 82.9618 -99.7931
vt -4.07259 0.82245
v 203.414 83.1925 -99.7933
vt -4.06729 0.824759
v 203.17 83.387 -99.7935
vt -4.06241 0.826707
v 202.959 83.5428 -99.7936
vt -4.0582 0.828266
v 202.793 83.6573 -99.7937
vt -4.0549 0.829412
v 202.685 83.7279 -99.7938
vt -4.05274 0.830119
f 2240/3254/432 2239/3255/432 2242/3256/432 2243/3257/432 2244/3258/432 2245/3259/432 2246/3260/432 2247/3261/432 2248/3262/432 2249/3263/432 2250/3264/432 2251/3265/432 2252/3266/432 2253/3267/432 2254/3268/432 2255/3269/432 2256/3270/432 2257/3271/432 2258/3272/432 2259/3273/432 2260/3274/432 2261/3275/432 2262/3276/432 2263/3277/432 2264/3278/432 2265/3279/432 2266/3280/432 2267/3281/432 2268/3282/432 2269/3283/432 2270/3284/432 2271/3285/432 2272/3286/432 2273/3287/432 2274/3288/432 2275/3289/432 2276/3290/432 2277/3291/432 2278/3292/432 2279/3293/432 2280/3294/432 2281/3295/432 2282/3296/432 2283/3297/432 2284/3298/432 2285/3299/432 2286/3300/432 2287/3301/432 2288/3302/432 2289/3303/432 2290/3304/432 2291/3305/432 2292/3306/432 2293/3307/432 2294/3308/432 2295/3309/432 2296/3310/432 2297/3311/432 2298/3312/432 2299/3313/432 2300/3314/432 2301/3315/432 2302/3316/432 2303/3317/432 2304/3318/432 2305/3319/432 2306/3320/432 2307/3321/432 2308/3322/432 2309/3323/432 2310/3324/432 2311/3325/432 2312/3326/432 2313/3327/432 2314/3328/432 2315/3329/432 2316/3330/432 2317/3331/432 2318/3332/432 2319/3333/432 2320/3334/432 2321/3335/432 2322/3336/432 2323/3337/432 2324/3338/432 2325/3339/432 2326/3340/432 2327/3341/432 2328/3342/432 2329/3343/432 2330/3344/432 2331/3345/432 2332/3346/432 2333/3347/432 2334/3348/432 2335/3349/432 2336/3350/432 2337/3351/432 2338/3352/432 2339/3353/432 2340/3354/432 2341/3355/432 2342/3356/432 2343/3357/432 2344/3358/432 2345/3359/432 2346/3360/432 2347/3361/432 2348/3362/432 2349/3363/432 2350/3364/432 2351/3365/432 2352/3366/432 2353/3367/432 2354/3368/432 2355/3369/432 2356/3370/432 2357/3371/432 2358/3372/432 2359/3373/432 2360/3374/432 2361/3375/432 2362/3376/432 2363/3377/432 2364/3378/432 2365/3379/432 2366/3380/432 2367/3381/432 2368/3382/432 2372/3383/432 2373/3384/432 2374/3385/432 2375/3386/432 2376/3387/432 2377/3388/432 2378/3389/432 2379/3390/432 2380/3391/432 2381/3392/432 2382/3393/432 2383/3394/432 2384/3395/432 2385/3396/432 2386/3397/432 2387/3398/432 2388/3399/432 2389/3400/432 2390/3401/432 2391/3402/432 2392/3403/432 2393/3404/432 2394/3405/432 2395/3406/432 2396/3407/432 2397/3408/432 2398/3409/432 2402/3410/432 2401/3411/432 2411/3412/432 2410/3413/432 2412/3414/432 2831/3415/432 2832/3416/432 2833/3417/432 2424/3418/432 2423/3419/432 2429/3420/432 2432/3421/432 2431/3422/432 2438/3423/432 2834/3424/432 2443/3425/432 2516/3426/432 2515/3427/432 2517/3428/432 2522/3429/432 2523/3430/432 2835/3431/432 2836/3432/432 2802/3433/432 2801/3434/432 2803/3435/432 2804/3253/432 2805/3229/432 2823/3231/432 2837/3436/432 2838/3437/432 2839/3438/432 2840/3439/432 2841/3440/432 2842/3441/432 2843/3442/432 2844/3443/432 2845/3444/432 2846/3445/432 2847/3446/432 2848/3447/432 2849/3448/432 2850/3449/432 2851/3450/432 2852/3451/432 2853/3452/432 2854/3453/432 2855/3454/432 2856/3455/432 2857/3456/432 2858/3457/432 2859/3458/432 2860/3459/432 2861/3460/432 2862/3461/432 2863/3462/432 2864/3463/432 2865/3464/432 2866/3465/432 2867/3466/432 2868/3467/432 2869/3468/432 2870/3469/432 2871/3470/432 2872/3471/432 2873/3472/432 2874/3473/432 2875/3474/432 2876/3475/432 2877/3476/432 2878/3477/432 

vn 0.00072145 8.54041e-16 -1
v 193.234 84.5231 -99.8006
vt -3.86381 0.838139
vt -3.90919 0.838139
f 2239/3255/436 2240/3254/436 2878/3477/436 2877/3476/436 2876/3475/436 2875/3474/436 2874/3473/436 2873/3472/436 2872/3471/436 2871/3470/436 2870/3469/436 2869/3468/436 2868/3467/436 2867/3466/436 2866/3465/436 2865/3464/436 2864/3463/436 2863/3462/436 2862/3461/436 2861/3460/436 2860/3459/436 2859/3458/436 2858/3457/436 2857/3456/436 2856/3455/436 2855/3454/436 2854/3453/436 2853/3452/436 2879/3478/436 2241/3479/436 

vt 2.56067 0.03
vn -0.537678 -0.84315 -0.000387908
vt 2.55975 0.03
vn -0.528566 -0.848892 -0.000381334
vt 2.55975 0
vt 2.56067 0
f 2016/3480/437 2015/3481/438 2240/3482/438 2878/3483/437 

vt 2.48613 0.03
vn -0.557919 -0.829895 -0.000402511
vt 2.48355 0.03
vt 2.48355 0
vt 2.48613 0
f 2017/3484/439 2016/3485/437 2878/3486/437 2877/3487/439 

vt 2.39242 0.03
vn -0.581792 -0.813338 -0.000419734
vt 2.3884 0.03
vt 2.3884 0
vt 2.39242 0
f 2018/3488/440 2017/3489/439 2877/3490/439 2876/3491/440 

vt 2.28172 0.03
vn -0.608979 -0.793187 -0.000439348
vt 2.27648 0.03
vt 2.27648 0
vt 2.28172 0
f 2019/3492/441 2018/3493/440 2876/3494/440 2875/3495/441 

vt 2.15005 0.03
vn -0.639897 -0.768461 -0.000461654
vt 2.14381 0.03
vt 2.14381 0
vt 2.15005 0
f 2020/3496/442 2019/3497/441 2875/3498/441 2874/3499/442 

vt 1.99157 0.03
vn -0.675072 -0.737752 -0.000487031
vt 1.98454 0.03
vt 1.98454 0
vt 1.99157 0
f 2021/3500/443 2020/3501/442 2874/3502/442 2873/3503/443 

vt 1.79849 0.03
vn -0.715023 -0.6991 -0.000515854
vt 1.79088 0.03
vt 1.79088 0
vt 1.79849 0
f 2022/3504/444 2021/3505/443 2873/3506/443 2872/3507/444 

vt 1.56055 0.03
vn -0.777091 -0.629388 -0.000560632
vt 1.55253 0.03
vt 1.55253 0
vt 1.56055 0
f 2023/3508/445 2022/3509/444 2872/3510/444 2871/3511/445 

vt 1.03894 0.03
vn -0.874914 -0.484278 -0.000631207
vt 1.03064 0.03
vt 1.03064 0
vt 1.03894 0
f 2024/3512/446 2023/3513/445 2871/3514/445 2870/3515/446 

vt 0.0708998 0.03
vn -0.952725 -0.303833 -0.000687344
vt 0.0621438 0.03
vt 0.0621438 0
vt 0.0708998 0
f 2025/3516/447 2024/3517/446 2870/3518/446 2869/3519/447 

vt -0.662582 0.03
vn -0.987193 -0.159528 -0.000712211
vt -0.671772 0.03
vt -0.671772 0
vt -0.662582 0
f 2026/3520/448 2025/3521/447 2869/3522/447 2868/3523/448 

vt -1.20119 0.03
vn -0.998977 -0.0452082 -0.000720713
vt -1.21059 0.03
vt -1.21059 0
vt -1.20119 0
f 2027/3524/449 2026/3525/448 2868/3526/448 2867/3527/449 

vt -1.61777 0.03
vn -0.998699 0.0509914 -0.000720512
vt -1.62703 0.03
vt -1.62703 0
vt -1.61777 0
f 2028/3528/450 2027/3529/449 2867/3530/449 2866/3531/450 

vt -1.96996 0.03
vn -0.990023 0.140906 -0.000714252
vt -1.96996 0
f 2029/3532/451 2028/723/450 2866/726/450 2865/3533/451 

vt -2.30899 0.03
vn -0.970839 0.239731 -0.000700412
vt -2.31676 0.03
vt -2.31676 0
vt -2.30899 0
f 2030/3534/452 2029/3535/451 2865/3536/451 2864/3537/452 

vt -2.70063 0.03
vn -0.923984 0.382431 -0.000666608
vt -2.707 0.03
vt -2.707 0
vt -2.70063 0
f 2031/3538/453 2030/3539/452 2864/3540/452 2863/3541/453 

vt -3.29807 0.03
vn -0.823111 0.567881 -0.000593834
vt -3.30305 0.03
vt -3.30305 0
vt -3.29807 0
f 2032/3542/454 2031/3543/453 2863/3544/453 2862/3545/454 

vt -3.86789 0.03
vn -0.707324 0.706889 -0.000510299
vt -3.87362 0.03
vt -3.87362 0
vt -3.86789 0
f 2033/3546/455 2032/3547/454 2862/3548/454 2861/3549/455 

vt -4.09161 0.03
vn -0.630714 0.776016 -0.000455029
vt -4.09816 0.03
vt -4.09816 0
vt -4.09161 0
f 2034/3550/456 2033/3551/455 2861/3552/455 2860/3553/456 

vt -4.19001 0.03
vn -0.579743 0.814799 -0.000418256
vt -4.19693 0.03
vt -4.19693 0
vt -4.19001 0
f 2035/3554/457 2034/3555/456 2860/3556/456 2859/3557/457 

vt -4.23891 0.03
vn -0.543923 0.839135 -0.000392413
vt -4.24567 0.03
vt -4.24567 0
vt -4.23891 0
f 2036/3558/458 2035/3559/457 2859/3560/457 2858/3561/458 

vt -4.26545 0.03
vn -0.517568 0.855642 -0.0003734
vt -4.27152 0.03
vt -4.27152 0
vt -4.26545 0
f 2037/3562/459 2036/3563/458 2858/3564/458 2857/3565/459 

vt -4.2812 0.03
vn -0.497556 0.867432 -0.000358962
vt -4.28602 0.03
vt -4.28602 0
vt -4.2812 0
f 2038/3566/460 2037/3567/459 2857/3568/459 2856/3569/460 

vt -4.29179 0.03
vn -0.488839 0.872374 -0.000352673
vt -4.29481 0.03
vt -4.29481 0
vt -4.29179 0
f 2039/3570/461 2038/3571/460 2856/3572/460 2855/3573/461 

vt -4.1039 0.03
vn -0.0201629 0.999797 -1.45465e-05
vt -4.11302 0.03
vn -0.0395968 0.999216 -2.85671e-05
vt -4.11302 0
vt -4.1039 0
f 2040/3574/462 2039/3575/463 2855/3576/463 2854/3577/462 

vt -3.86381 0.03
vt -4.04711 0.03
vt -4.04711 0
vt -3.86381 0
f 2011/3578/260 2040/3579/462 2854/3580/462 2853/3581/260 

vt 1.67544 1.12799e-16
f 2012/2829/423 2011/2830/423 2853/2831/423 2879/3582/423 

vt -3.86161 0.03
vt -3.86161 0
f 2010/3583/260 2011/3578/260 2853/3581/260 2852/3584/260 

vn 0.00072145 2.21514e-15 -1
v 181.299 84.5145 -99.8092
vt -3.62524 0.838139
f 2852/3451/464 2851/3450/464 2880/3585/464 2879/3478/464 2853/3452/464 

vt -3.62524 0.03
vt -3.62524 0
f 2009/3586/260 2010/3583/260 2852/3584/260 2851/3587/260 

f 2013/2829/423 2009/2830/423 2851/2831/423 2880/3582/423 

v 178.781 84.5127 -96.8111
vt 3.57496 0.838139
v 169.318 84.5059 -96.8179
vt 3.38577 0.838139
f 2881/3588/258 2882/3589/258 2042/2004/258 2041/2003/258 2009/1971/258 2013/1975/258 

vt -3.38577 0.03
vt -3.57496 0.03
v 178.784 84.5127 -99.8111
vt -3.57496 1.12799e-16
v 169.32 84.5059 -99.8179
vt -3.38577 1.12799e-16
f 2882/3590/260 2881/3591/260 2883/3592/260 2884/3593/260 

vt -3.62524 1.12799e-16
f 2881/3591/260 2013/3586/260 2880/3594/260 2883/3592/260 

vt -3.86381 1.12799e-16
f 2013/3586/260 2012/3578/260 2879/3595/260 2880/3594/260 

f 2012/3578/260 2238/2205/260 2241/2208/260 2879/3595/260 

vt -3.38577 0.838139
vt -3.57496 0.838139
f 2884/3596/464 2883/3597/464 2880/3585/464 2851/3450/464 2850/3449/464 2849/3448/464 

vt -3.48364 0.03
vt -3.48364 0
f 2041/3598/260 2009/3586/260 2851/3587/260 2850/3599/260 

vt -3.38577 0
f 2042/3590/260 2041/3598/260 2850/3599/260 2849/3600/260 

f 2882/2829/423 2042/2830/423 2849/2831/423 2884/3582/423 

v 155.897 84.4962 -96.8276
vt 3.11749 0.838139
f 2042/2004/258 2882/3589/258 2885/3601/258 2043/2005/258 

vt -3.11749 0.03
v 155.899 84.4962 -99.8276
vt -3.11749 1.12799e-16
f 2885/3602/260 2882/3590/260 2884/3593/260 2886/3603/260 

vt -3.11749 0.838139
f 2884/3596/464 2849/3448/464 2848/3447/464 2886/3604/464 

vt -3.11749 0
f 2043/3602/260 2042/3590/260 2849/3600/260 2848/3605/260 

f 2885/2829/423 2043/2830/423 2848/2831/423 2886/3582/423 

v 155.802 84.4961 -96.8276
vt 3.1156 0.838139
v 142.476 84.4865 -96.8373
vt 2.84922 0.838139
f 2887/3606/258 2888/3607/258 2045/2007/258 2044/2006/258 2043/2005/258 2885/3601/258 

vt -2.84922 0.03
vt -3.1156 0.03
v 155.805 84.4961 -99.8276
vt -3.1156 1.12799e-16
v 142.479 84.4865 -99.8373
vt -2.84922 1.12799e-16
f 2888/3608/260 2887/3609/260 2889/3610/260 2890/3611/260 

f 2887/3609/260 2885/3602/260 2886/3603/260 2889/3610/260 

vt -2.84922 0.838139
vt -3.1156 0.838139
f 2890/3612/464 2889/3613/464 2886/3604/464 2848/3447/464 2847/3446/464 2846/3445/464 

vt -2.98015 0.03
vt -2.98015 0
f 2044/3614/260 2043/3602/260 2848/3605/260 2847/3615/260 

vt -2.84922 0
f 2045/3608/260 2044/3614/260 2847/3615/260 2846/3616/260 

f 2888/2829/423 2045/2830/423 2846/2831/423 2890/3582/423 

v 129.783 84.4773 -96.8464
vt 2.59548 0.838139
v 129.056 84.4768 -96.8469
vt 2.58094 0.838139
f 2891/3617/258 2892/3618/258 2046/2008/258 2045/2007/258 2888/3607/258 

vt -2.58094 0.03
vt -2.59548 0.03
v 129.785 84.4773 -99.8464
vt -2.59548 1.12799e-16
v 129.058 84.4768 -99.8469
vt -2.58094 0
f 2892/3619/260 2891/3620/260 2893/3621/260 2894/3622/260 

f 2891/3620/260 2888/3608/260 2890/3611/260 2893/3621/260 

vt -2.58094 0.838139
vn 0.00072145 1.73853e-15 -1
vt -2.59548 0.838139
f 2894/3623/465 2893/3624/465 2890/3612/465 2846/3445/465 2845/3444/465 

f 2046/3619/260 2045/3608/260 2846/3616/260 2845/3622/260 

f 2892/2829/423 2046/2830/423 2845/2831/423 2894/2832/423 

v 115.635 84.4671 -96.8566
vt 2.31266 0.838139
f 2048/2010/258 2047/2009/258 2046/2008/258 2892/3618/258 2895/3625/258 

vt -2.31266 0.03
vt -2.41808 0.03
vt -2.41808 0
vt -2.31266 0
f 2048/3626/260 2047/3627/260 2844/3628/260 2843/3629/260 

f 2047/3627/260 2046/3619/260 2845/3622/260 2844/3628/260 

v 115.637 84.4671 -99.8566
vt -2.31266 0.838139
f 2844/3443/432 2843/3442/432 2896/3630/432 2894/3623/432 2845/3444/432 

v 102.217 84.4574 -99.8663
vt -2.04439 0.838139
v 103.945 84.4587 -99.8651
vt -2.07894 0.838139
f 2897/3631/432 2898/3632/432 2896/3630/432 2843/3442/432 2842/3441/432 

v 102.215 84.4574 -96.8663
vt -2.04439 0.03
v 103.943 84.4587 -96.8651
vt -2.07894 0.03
vt -2.07894 0
vt -2.04439 0
f 2899/3633/260 2900/3634/260 2898/3635/260 2897/3636/260 

vt 2.07894 0.838139
vt 2.04439 0.838139
f 2900/3637/258 2899/3638/258 2049/2011/258 2048/2010/258 2895/3625/258 

f 2899/2829/423 2049/2830/423 2842/2831/423 2897/2832/423 

v 88.7942 84.4478 -96.876
vt 1.77611 0.838139
f 2051/2013/258 2050/2012/258 2049/2011/258 2899/3638/258 2901/3639/258 

vt -1.77611 0.03
vt -1.86438 0.03
vt -1.86438 0
vt -1.77611 0
f 2051/3640/260 2050/3641/260 2841/3642/260 2840/3643/260 

f 2050/3641/260 2049/3633/260 2842/3636/260 2841/3642/260 

f 2049/3633/260 2048/3626/260 2843/3629/260 2842/3636/260 

f 2895/2829/423 2048/2830/423 2843/2831/423 2896/2832/423 

f 2900/3634/260 2895/3626/260 2896/3629/260 2898/3635/260 

f 2895/3626/260 2892/3619/260 2894/3622/260 2896/3629/260 

v 88.7963 84.4478 -99.876
vt -1.77611 0.838139
f 2841/3440/432 2840/3439/432 2902/3644/432 2897/3631/432 2842/3441/432 

v 75.3758 84.4381 -99.8857
vt -1.50783 0.838139
v 81.5026 84.4425 -99.8812
vt -1.63031 0.838139
f 2903/3645/432 2904/3646/432 2902/3644/432 2840/3439/432 2839/3438/432 

v 75.3736 84.4381 -96.8857
vt -1.50783 0.03
v 81.5004 84.4425 -96.8812
vt -1.63031 0.03
vt -1.63031 0
vt -1.50783 0
f 2905/3647/260 2906/3648/260 2904/3649/260 2903/3650/260 

vt 1.63031 0.838139
vt 1.50783 0.838139
f 2906/3651/258 2905/3652/258 2052/2014/258 2051/2013/258 2901/3639/258 

v 65.6744 84.4311 -96.8927
vt 1.31394 0.838139
v 61.953 84.4284 -96.8953
vt 1.23955 0.838139
f 2907/3653/258 2908/3654/258 2054/2016/258 2053/2015/258 2052/2014/258 2905/3652/258 

vt -1.23955 0.03
vt -1.31394 0.03
v 65.6766 84.4311 -99.8927
vt -1.31394 0
v 61.9552 84.4284 -99.8953
vt -1.23955 0
f 2908/3655/260 2907/3656/260 2909/3657/260 2910/3658/260 

f 2907/3656/260 2905/3647/260 2903/3650/260 2909/3657/260 

f 2905/2829/423 2052/2830/423 2839/2831/423 2903/2832/423 

f 2052/3647/260 2051/3640/260 2840/3643/260 2839/3650/260 

f 2901/2829/423 2051/2830/423 2840/2831/423 2902/2832/423 

f 2906/3648/260 2901/3640/260 2902/3643/260 2904/3649/260 

f 2901/3640/260 2899/3633/260 2897/3636/260 2902/3643/260 

vt -1.38599 0.03
vt -1.38599 0
f 2053/3659/260 2052/3647/260 2839/3650/260 2838/3660/260 

vt -1.23955 0.838139
vt -1.31394 0.838139
f 2910/3661/432 2909/3662/432 2903/3645/432 2839/3438/432 2838/3437/432 2837/3436/432 

f 2054/3655/260 2053/3659/260 2838/3660/260 2837/3658/260 

vt 1.23955 0.03
vt 1.23955 0
f 2054/3663/425 2055/3227/425 2823/3228/425 2837/3664/425 

v 52.7294 86.0672 -96.902
vt 1.0552 0.854593
f 2911/3665/258 2055/2017/258 2054/2016/258

v 52.3093 86.2624 -96.9023
vt 1.0468 0.856548
f 2912/3666/258 2055/2017/258 2911/3665/258

v 51.8317 86.5876 -96.9027
vt 1.03726 0.859804
f 2913/3667/258 2055/2017/258 2912/3666/258

v 51.2861 86.8881 -96.903
vt 1.02636 0.862813
f 2914/3668/258 2055/2017/258 2913/3667/258

v 51.0535 84.7704 -96.9032
vt 1.02168 0.841638
f 2915/3669/258 2055/2017/258 2914/3668/258

v 51.039 84.7184 -96.9032
vt 1.02139 0.841118
f 2916/3670/258 2055/2017/258 2915/3669/258

v 51.0086 84.6653 -96.9032
vt 1.02078 0.840587
f 2917/3671/258 2055/2017/258 2916/3670/258

v 50.9771 84.5998 -96.9033
vt 1.02015 0.839932
f 2918/3672/258 2055/2017/258 2917/3671/258

v 50.9666 84.1706 -96.9033
vt 1.01993 0.835641
f 2919/3673/258 2055/2017/258 2918/3672/258

v 50.9577 84.1293 -96.9033
vt 1.01975 0.835228
f 2920/3674/258 2055/2017/258 2919/3673/258

v 50.9394 84.0985 -96.9033
vt 1.01939 0.83492
f 2921/3675/258 2055/2017/258 2920/3674/258

v 50.9138 84.0769 -96.9033
vt 1.01887 0.834704
f 2922/3676/258 2055/2017/258 2921/3675/258

v 50.8829 84.0632 -96.9033
vt 1.01826 0.834567
f 2923/3677/258 2055/2017/258 2922/3676/258

v 50.8489 84.0561 -96.9034
vt 1.01758 0.834496
f 2924/3678/258 2055/2017/258 2923/3677/258

v 50.8136 84.0542 -96.9034
vt 1.01687 0.834477
f 2925/3679/258 2055/2017/258 2924/3678/258

v 50.7716 84.0567 -96.9034
vt 1.01603 0.834503
f 2926/3680/258 2055/2017/258 2925/3679/258

v 50.7211 84.0629 -96.9035
vt 1.01502 0.834565
f 2927/3681/258 2055/2017/258 2926/3680/258

v 50.6664 84.0714 -96.9035
vt 1.01393 0.83465
f 2928/3682/258 2055/2017/258 2927/3681/258

v 50.6118 84.081 -96.9035
vt 1.01284 0.834747
f 2929/3683/258 2055/2017/258 2928/3682/258

v 50.5618 84.0906 -96.9036
vt 1.01184 0.834843
f 2930/3684/258 2055/2017/258 2929/3683/258

v 50.5207 84.0989 -96.9036
vt 1.01102 0.834927
f 2931/3685/258 2055/2017/258 2930/3684/258

v 50.4826 84.1071 -96.9036
vt 1.01026 0.835009
f 2932/3686/258 2055/2017/258 2931/3685/258

v 50.4068 84.0764 -96.9037
vt 1.00874 0.834703
f 2933/3687/258 2055/2017/258 2932/3686/258

v 50.3275 84.0494 -96.9037
vt 1.00715 0.834433
f 2934/3688/258 2055/2017/258 2933/3687/258

v 50.2342 84.0247 -96.9038
vt 1.00529 0.834187
f 2935/3689/258 2055/2017/258 2934/3688/258

v 50.1372 84.0098 -96.9039
vt 1.00335 0.834039
f 2936/3690/258 2055/2017/258 2935/3689/258

v 50.0468 84.0124 -96.9039
vt 1.00154 0.834065
f 2937/3691/258 2055/2017/258 2936/3690/258

v 49.9732 84.0399 -96.904
vt 1.00007 0.834341
f 2938/3692/258 2055/2017/258 2937/3691/258

v 49.9268 84.1 -96.904
vt 0.999144 0.834942
f 2939/3693/258 2055/2017/258 2938/3692/258

v 47.9424 84.7443 -96.9055
vt 0.959486 0.8414
f 2940/3694/258 2055/2017/258 2939/3693/258

v 47.9412 84.7154 -96.9055
vt 0.959462 0.84111
f 2941/3695/258 2055/2017/258 2940/3694/258

v 47.9099 84.7451 -96.9055
vt 0.958838 0.841407
f 2942/3696/258 2055/2017/258 2941/3695/258

v 47.8662 84.782 -96.9055
vt 0.957963 0.841777
f 2943/3697/258 2055/2017/258 2942/3696/258

v 47.8135 84.8193 -96.9055
vt 0.956912 0.84215
f 2944/3698/258 2055/2017/258 2943/3697/258

v 47.7557 84.8502 -96.9056
vt 0.955756 0.842459
f 2945/3699/258 2055/2017/258 2944/3698/258

v 47.6963 84.8677 -96.9056
vt 0.954569 0.842635
f 2946/3700/258 2055/2017/258 2945/3699/258

v 47.6389 84.8651 -96.9057
vt 0.953421 0.84261
f 2947/3701/258 2055/2017/258 2946/3700/258

v 47.5801 84.8402 -96.9057
vt 0.952245 0.842361
f 2948/3702/258 2055/2017/258 2947/3701/258

v 47.5195 84.7994 -96.9058
vt 0.951033 0.841953
f 2949/3703/258 2055/2017/258 2948/3702/258

v 47.4611 84.7499 -96.9058
vt 0.949865 0.841458
f 2950/3704/258 2055/2017/258 2949/3703/258

v 47.4088 84.6988 -96.9058
vt 0.94882 0.840948
f 2951/3705/258 2055/2017/258 2950/3704/258

v 47.3666 84.6535 -96.9059
vt 0.947976 0.840495
f 2952/3706/258 2055/2017/258 2951/3705/258

v 47.3282 84.6085 -96.9059
vt 0.947206 0.840046
f 2953/3707/258 2055/2017/258 2952/3706/258

v 47.2756 84.6278 -96.9059
vt 0.946155 0.840239
f 2954/3708/258 2055/2017/258 2953/3707/258

v 47.221 84.6499 -96.906
vt 0.945064 0.840461
f 2955/3709/258 2055/2017/258 2954/3708/258

v 47.1574 84.6785 -96.906
vt 0.943794 0.840747
f 2956/3710/258 2055/2017/258 2955/3709/258

v 47.0924 84.7122 -96.9061
vt 0.942494 0.841085
f 2957/3711/258 2055/2017/258 2956/3710/258

v 47.0333 84.7498 -96.9061
vt 0.941313 0.841461
f 2958/3712/258 2055/2017/258 2957/3711/258

f 2822/3226/258 2055/2017/258 2958/3712/258

vt 0.401091 0.03
vn 0.658213 0.752832 0.000474868
vt 0.399877 0.03
vn 0.598885 0.800835 0.000432066
v 47.0354 84.7498 -99.9061
vt 0.399877 0
vt 0.401091 0
f 2822/3713/466 2958/3714/467 2959/3715/467 2824/3716/466 

vt -0.947206 0.840046
vt -0.946155 0.840239
vt -0.945064 0.840461
vt -0.943794 0.840747
vt -0.942494 0.841085
vt -0.941313 0.841461
v 46.9639 84.8977 -96.9062
vt -0.939928 0.84294
v 46.9814 84.9663 -96.9061
vt -0.940279 0.843626
v 47.0102 85.037 -96.9061
vt -0.940856 0.844333
v 47.044 85.1038 -96.9061
vt -0.941532 0.845
v 47.0764 85.1609 -96.9061
vt -0.942182 0.845571
v 47.1014 85.2024 -96.9061
vt -0.942681 0.845986
v 47.1076 85.2341 -96.9061
vt -0.942807 0.846304
v 47.0836 85.2818 -96.9061
vt -0.942328 0.84678
v 47.0386 85.3397 -96.9061
vt -0.941428 0.84736
v 46.9827 85.4005 -96.9061
vt -0.940311 0.847968
v 46.9262 85.4566 -96.9062
vt -0.939182 0.84853
vt -0.938245 0.848971
vt -0.938127 0.849456
v 46.8934 85.566 -96.9062
vt -0.938528 0.849623
v 46.9176 85.5853 -96.9062
vt -0.939012 0.849817
v 46.9448 85.6059 -96.9062
vt -0.939556 0.850023
v 46.9738 85.6263 -96.9062
vt -0.940137 0.850226
v 47.0044 85.6427 -96.9061
vt -0.94075 0.85039
v 47.0428 85.6372 -96.9061
vt -0.941516 0.850335
v 47.0882 85.6115 -96.9061
vt -0.942424 0.850077
v 47.1384 85.5718 -96.906
vt -0.943427 0.84968
v 47.1911 85.5245 -96.906
vt -0.944478 0.849207
v 47.2438 85.4758 -96.906
vt -0.945532 0.84872
v 47.2942 85.432 -96.9059
vt -0.94654 0.848281
v 47.3397 85.4009 -96.9059
vt -0.947448 0.847969
v 47.3723 85.4095 -96.9059
vt -0.948099 0.848055
v 47.3919 85.455 -96.9059
vt -0.948492 0.84851
v 47.4015 85.523 -96.9058
vt -0.948685 0.84919
v 47.404 85.5992 -96.9058
vt -0.948736 0.849952
v 47.4024 85.6694 -96.9058
vt -0.948704 0.850655
v 47.426 85.7327 -96.9058
vt -0.949178 0.851287
v 47.4522 85.7251 -96.9058
vt -0.949701 0.851211
v 47.4819 85.7095 -96.9058
vt -0.950296 0.851054
v 47.5118 85.6828 -96.9058
vt -0.950893 0.850787
v 47.5383 85.6421 -96.9057
vt -0.951421 0.85038
v 47.5578 85.5845 -96.9057
vt -0.951811 0.849804
v 47.5666 85.5202 -96.9057
vt -0.951986 0.849161
v 47.5658 85.4616 -96.9057
vt -0.951969 0.848575
v 47.5594 85.409 -96.9057
vt -0.951839 0.848049
v 47.5512 85.363 -96.9057
vt -0.951675 0.847589
v 47.5452 85.3239 -96.9057
vt -0.951554 0.847198
v 47.5453 85.2922 -96.9057
vt -0.951557 0.846881
v 47.5555 85.2683 -96.9057
vt -0.951761 0.846642
v 47.581 85.2659 -96.9057
vt -0.952269 0.846618
v 47.6215 85.3002 -96.9057
vt -0.95308 0.84696
v 47.6707 85.3588 -96.9057
vt -0.954064 0.847546
v 47.7219 85.4291 -96.9056
vt -0.955089 0.848249
v 47.7687 85.4984 -96.9056
vt -0.956025 0.848941
v 47.8044 85.5539 -96.9056
vt -0.95674 0.849496
v 47.8403 85.556 -96.9055
vt -0.957457 0.849517
v 47.8478 85.527 -96.9055
vt -0.957607 0.849227
v 47.8512 85.4854 -96.9055
vt -0.957675 0.848811
v 47.8475 85.4295 -96.9055
vt -0.9576 0.848252
v 47.8336 85.3576 -96.9055
vt -0.957321 0.847533
v 47.8103 85.2743 -96.9056
vt -0.956853 0.8467
v 47.7929 85.2067 -96.9056
vt -0.956504 0.846024
v 47.7828 85.1554 -96.9056
vt -0.956303 0.845511
v 47.7796 85.1173 -96.9056
vt -0.956239 0.845131
v 47.7827 85.0895 -96.9056
vt -0.956299 0.844853
v 47.8052 85.0528 -96.9056
vt -0.956748 0.844485
v 47.8237 85.0351 -96.9055
vt -0.957117 0.844308
v 47.8469 84.9948 -96.9055
vt -0.957582 0.843904
v 47.8729 84.9359 -96.9055
vt -0.9581 0.843316
v 47.8991 84.8681 -96.9055
vt -0.958624 0.842638
v 47.9231 84.8011 -96.9055
vt -0.959102 0.841967
vt -0.959486 0.8414
vt -0.959462 0.84111
vt -0.958838 0.841407
vt -0.957963 0.841777
vt -0.956912 0.84215
vt -0.955756 0.842459
vt -0.954569 0.842635
vt -0.953421 0.84261
vt -0.952245 0.842361
vt -0.951033 0.841953
vt -0.949865 0.841458
vt -0.94882 0.840948
vt -0.947976 0.840495
f 2953/3717/432 2954/3718/432 2955/3719/432 2956/3720/432 2957/3721/432 2958/3722/432 2822/3230/432 2821/3232/432 2960/3723/432 2961/3724/432 2962/3725/432 2963/3726/432 2964/3727/432 2965/3728/432 2966/3729/432 2967/3730/432 2968/3731/432 2969/3732/432 2970/3733/432 2820/3734/432 2819/3735/432 2971/3736/432 2972/3737/432 2973/3738/432 2974/3739/432 2975/3740/432 2976/3741/432 2977/3742/432 2978/3743/432 2979/3744/432 2980/3745/432 2981/3746/432 2982/3747/432 2983/3748/432 2984/3749/432 2985/3750/432 2986/3751/432 2987/3752/432 2988/3753/432 2989/3754/432 2990/3755/432 2991/3756/432 2992/3757/432 2993/3758/432 2994/3759/432 2995/3760/432 2996/3761/432 2997/3762/432 2998/3763/432 2999/3764/432 3000/3765/432 3001/3766/432 3002/3767/432 3003/3768/432 3004/3769/432 3005/3770/432 3006/3771/432 3007/3772/432 3008/3773/432 3009/3774/432 3010/3775/432 3011/3776/432 3012/3777/432 3013/3778/432 3014/3779/432 3015/3780/432 3016/3781/432 3017/3782/432 3018/3783/432 3019/3784/432 3020/3785/432 3021/3786/432 3022/3787/432 2940/3788/432 2941/3789/432 2942/3790/432 2943/3791/432 2944/3792/432 2945/3793/432 2946/3794/432 2947/3795/432 2948/3796/432 2949/3797/432 2950/3798/432 2951/3799/432 2952/3800/432 

vt -0.308648 0.03
vn 0.359728 0.933057 0.000259526
vt -0.309768 0.03
vn 0.344293 0.938862 0.00024839
v 47.3303 84.6085 -99.9059
vt -0.309768 0
v 47.2777 84.6278 -99.9059
vt -0.308648 0
f 2954/3801/468 2953/3802/469 3023/3803/469 3024/3804/468 

vt -1.89127 0.03
vn -0.759475 0.650537 -0.000547923
vt -1.89245 0.03
vn -0.745991 0.665956 -0.000538196
v 47.3688 84.6535 -99.9059
vt -1.89245 0
vt -1.89127 0
f 2953/3805/470 2952/3806/471 3025/3807/471 3023/3808/470 

vt -1.87553 0.03
vt -1.87677 0.03
vn -0.715667 0.698441 -0.000516318
v 47.411 84.6988 -99.9058
vt -1.87677 0
vt -1.87553 0
f 2952/3809/471 2951/3810/472 3026/3811/472 3025/3812/471 

vt -1.85299 0.03
vt -1.85445 0.03
vn -0.673221 0.739441 -0.000485696
v 47.4633 84.7499 -99.9058
vt -1.85445 0
vt -1.85299 0
f 2951/3813/472 2950/3814/473 3027/3815/473 3026/3816/472 

vt -1.81198 0.03
vt -1.81351 0.03
vn -0.60377 0.797158 -0.00043559
v 47.5216 84.7994 -99.9058
vt -1.81351 0
vt -1.81198 0
f 2950/3817/473 2949/3818/474 3028/3819/474 3027/3820/473 

vt -1.72858 0.03
vt -1.73004 0.03
vn -0.476615 0.879112 -0.000343854
v 47.5822 84.8402 -99.9057
vt -1.73004 0
vt -1.72858 0
f 2949/3821/474 2948/3822/475 3029/3823/475 3028/3824/474 

vt -1.53272 0.03
vt -1.534 0.03
vn -0.390016 0.920808 -0.000281377
v 47.6411 84.8651 -99.9057
vt -1.534 0
vt -1.53272 0
f 2948/3825/475 2947/3826/476 3030/3827/476 3029/3828/475 

vt -1.02742 0.03
vn -0.0452141 0.998977 -3.26198e-05
vt -1.02857 0.03
vn 0.120718 0.992687 8.70918e-05
v 47.6985 84.8677 -99.9056
vt -1.02857 0
vt -1.02742 0
f 2947/3829/477 2946/3830/478 3031/3831/478 3030/3832/477 

vt -0.436861 0.03
vt -0.438099 0.03
vn 0.378999 0.925397 0.000273429
v 47.7579 84.8502 -99.9056
vt -0.438099 0
vt -0.436861 0
f 2946/3833/478 2945/3834/479 3032/3835/479 3031/3836/478 

vt -0.0489935 0.03
vt -0.0503039 0.03
vn 0.525685 0.850679 0.000379256
v 47.8157 84.8193 -99.9055
vt -0.0503039 0
vt -0.0489935 0
f 2945/3837/479 2944/3838/480 3033/3839/480 3032/3840/479 

vt 0.194695 0.03
vt 0.193405 0.03
vn 0.612223 0.790685 0.000441688
v 47.8683 84.782 -99.9055
vt 0.193405 0
vt 0.194695 0
f 2944/3841/480 2943/3842/481 3034/3843/481 3033/3844/480 

vt 0.354372 0.03
vt 0.353227 0.03
vn 0.667044 0.745018 0.000481239
v 47.9121 84.7451 -99.9055
vt 0.353227 0
vt 0.354372 0
f 2943/3845/481 2942/3846/482 3035/3847/482 3034/3848/481 

vt 0.464348 0.03
vt 0.463486 0.03
vn 0.68863 0.725113 0.000496812
v 47.9434 84.7154 -99.9055
vt 0.463486 0
vt 0.464348 0
f 2942/3849/482 2941/3850/483 3036/3851/483 3035/3852/482 

vt -1.71881 0.03
vn -0.999211 0.0397214 -0.000720881
vt -1.71939 0.03
v 47.9445 84.7443 -99.9055
vt -1.71939 0
vt -1.71881 0
f 2941/3853/484 2940/3854/484 3037/3855/484 3036/3856/484 

vt -1.28581 0.03
vn -0.947038 -0.32112 -0.000683241
vt -1.28701 0.03
vn -0.944371 -0.328881 -0.000681317
v 47.9253 84.8011 -99.9055
vt -1.28701 0
vt -1.28581 0
f 2940/3857/485 3022/3858/486 3038/3859/486 3037/3860/485 

v 47.9637 91.1095 -96.9054
vt 0.960004 0.905051
vt 0.959102 0.841967
f 3039/3861/258 3022/3862/258 2940/3694/258

vt 0.958624 0.842638
f 3039/3861/258 3021/3863/258 3022/3862/258

vt 0.9581 0.843316
f 3039/3861/258 3020/3864/258 3021/3863/258

v 47.8549 91.0876 -96.9055
vt 0.95783 0.904833
f 3040/3865/258 3020/3864/258 3039/3861/258

vt 0.957675 0.848811
f 3009/3866/258 3020/3864/258 3040/3865/258

vt 0.9576 0.848252
f 3010/3867/258 3020/3864/258 3009/3866/258

vt 0.957582 0.843904
f 3010/3867/258 3019/3868/258 3020/3864/258

vt 0.957321 0.847533
f 3011/3869/258 3019/3868/258 3010/3867/258

vt 0.957117 0.844308
f 3011/3869/258 3018/3870/258 3019/3868/258

vt 0.956853 0.8467
f 3012/3871/258 3018/3870/258 3011/3869/258

vt 0.956748 0.844485
f 3012/3871/258 3017/3872/258 3018/3870/258

vt 0.956504 0.846024
f 3013/3873/258 3017/3872/258 3012/3871/258

vt 0.956303 0.845511
f 3014/3874/258 3017/3872/258 3013/3873/258

vt 0.956299 0.844853
f 3014/3874/258 3016/3875/258 3017/3872/258

vt 0.956239 0.845131
f 3016/3875/258 3014/3874/258 3015/3876/258

vt -1.76409 0.03
vn -0.999918 -0.0127673 -0.000721391
vt -1.76486 0.03
vn -0.990455 0.137838 -0.000714564
v 47.785 85.1554 -99.9056
vt -1.76486 0
v 47.7818 85.1173 -99.9056
vt -1.76409 0
f 3015/3877/487 3014/3878/488 3041/3879/488 3042/3880/487 

vt -1.84253 0.03
vt -1.84357 0.03
vn -0.975347 0.220676 -0.000703664
v 47.795 85.2067 -99.9056
vt -1.84357 0
vt -1.84253 0
f 3014/3881/488 3013/3882/489 3043/3883/489 3041/3884/488 

vt -1.87816 0.03
vn -0.965668 0.259778 -0.000696682
v 47.8125 85.2743 -99.9056
vt -1.87816 0
f 3013/3810/489 3012/3885/490 3044/3886/490 3043/3811/489 

vt -1.88836 0.03
vt -1.89009 0.03
vn -0.973183 0.23003 -0.000702103
v 47.8358 85.3576 -99.9055
vt -1.89009 0
vt -1.88836 0
f 3012/3887/490 3011/3888/491 3045/3889/491 3044/3890/490 

vt -1.84551 0.03
vt -1.84698 0.03
vn -0.991758 0.128124 -0.000715504
v 47.8497 85.4295 -99.9055
vt -1.84698 0
vt -1.84551 0
f 3011/3891/491 3010/3892/492 3046/3893/492 3045/3894/491 

vt -1.7558 0.03
vt -1.75692 0.03
vn -0.999966 -0.00818079 -0.000721426
v 47.8534 85.4854 -99.9055
vt -1.75692 0
vt -1.7558 0
f 3010/3895/492 3009/3896/493 3047/3897/493 3046/3898/492 

vt -1.61293 0.03
vt -1.61376 0.03
vn -0.985921 -0.167212 -0.000711293
v 47.85 85.527 -99.9055
vt -1.61376 0
vt -1.61293 0
f 3009/3899/493 3008/3900/494 3048/3901/494 3047/3902/493 

vt 0.957607 0.849227
f 3040/3865/258 3008/3903/258 3009/3866/258

vt 0.957457 0.849517
f 3040/3865/258 3007/3904/258 3008/3903/258

vt 0.95674 0.849496
f 3040/3865/258 3006/3905/258 3007/3904/258

vt 0.956025 0.848941
f 3040/3865/258 3005/3906/258 3006/3905/258

v 47.7239 91.0546 -96.9056
vt 0.955209 0.904504
f 3049/3907/258 3005/3906/258 3040/3865/258

vt 0.955089 0.848249
f 3049/3907/258 3004/3908/258 3005/3906/258

vt 0.954064 0.847546
f 3049/3907/258 3003/3909/258 3004/3908/258

vt 0.95308 0.84696
f 3049/3907/258 3002/3910/258 3003/3909/258

vt 0.952269 0.846618
f 3049/3907/258 3001/3911/258 3002/3910/258

v 47.5711 91.0093 -96.9057
vt 0.952154 0.904052
f 3050/3912/258 3001/3911/258 3049/3907/258

vt 0.951986 0.849161
f 2994/3913/258 3001/3911/258 3050/3912/258

vt 0.951969 0.848575
f 2995/3914/258 3001/3911/258 2994/3913/258

vt 0.951839 0.848049
f 2996/3915/258 3001/3911/258 2995/3914/258

vt 0.951761 0.846642
f 2996/3915/258 3000/3916/258 3001/3911/258

vt 0.951675 0.847589
f 2997/3917/258 3000/3916/258 2996/3915/258

vt 0.951557 0.846881
f 2997/3917/258 2999/3918/258 3000/3916/258

vt 0.951554 0.847198
f 2999/3918/258 2997/3917/258 2998/3919/258

vt -1.81877 0.03
vn -0.997273 0.0737984 -0.000719483
vt -1.81956 0.03
vn -0.98654 0.163518 -0.00071174
v 47.5533 85.363 -99.9057
vt -1.81956 0
v 47.5473 85.3239 -99.9057
vt -1.81877 0
f 2998/3920/495 2997/3921/496 3051/3922/496 3052/3923/495 

vt -1.83541 0.03
vt -1.83635 0.03
vn -0.98887 0.148778 -0.000713421
v 47.5615 85.409 -99.9057
vt -1.83635 0
vt -1.83541 0
f 2997/3924/496 2996/3925/497 3053/3926/497 3051/3927/496 

vt -1.79932 0.03
vt -1.80038 0.03
vn -0.997689 0.0679349 -0.000719783
v 47.568 85.4616 -99.9057
vt -1.80038 0
vt -1.79932 0
f 2996/3928/497 2995/3929/498 3054/3930/498 3053/3931/497 

vt -1.70973 0.03
vt -1.7109 0.03
vn -0.998119 -0.0613034 -0.000720093
v 47.5688 85.5202 -99.9057
vt -1.7109 0
vt -1.70973 0
f 2995/3932/498 2994/3933/499 3055/3934/499 3054/3935/498 

vt -1.55328 0.03
vt -1.55458 0.03
vn -0.973239 -0.229794 -0.000702144
v 47.56 85.5845 -99.9057
vt -1.55458 0
vt -1.55328 0
f 2994/3936/499 2993/3937/500 3056/3938/500 3055/3939/499 

vt 0.951811 0.849804
f 3050/3912/258 2993/3940/258 2994/3913/258

vt 0.951421 0.85038
f 3050/3912/258 2992/3941/258 2993/3940/258

vt 0.950893 0.850787
f 3050/3912/258 2991/3942/258 2992/3941/258

vt 0.950296 0.851054
f 3050/3912/258 2990/3943/258 2991/3942/258

vt 0.949701 0.851211
f 3050/3912/258 2989/3944/258 2990/3943/258

v 47.4402 90.9656 -96.9058
vt 0.949538 0.903615
f 3057/3945/258 2989/3944/258 3050/3912/258

vt 0.949178 0.851287
f 3057/3945/258 2988/3946/258 2989/3944/258

vt 0.948704 0.850655
f 3057/3945/258 2987/3947/258 2988/3946/258

vt 0.948492 0.84851
f 3057/3945/258 2984/3948/258 2987/3947/258

vt 0.948099 0.848055
f 3057/3945/258 2983/3949/258 2984/3948/258

v 47.345 90.9291 -96.9059
vt 0.947635 0.903251
f 3058/3950/258 2983/3949/258 3057/3945/258

vt 0.947448 0.847969
f 3058/3950/258 2982/3951/258 2983/3949/258

vt 0.94654 0.848281
f 3058/3950/258 2981/3952/258 2982/3951/258

v 47.2799 90.8994 -96.9059
vt 0.946332 0.902955
f 3059/3953/258 2981/3952/258 3058/3950/258

vt 0.945532 0.84872
f 3059/3953/258 2980/3954/258 2981/3952/258

v 47.2392 90.8761 -96.906
vt 0.945519 0.902723
f 3060/3955/258 2980/3954/258 3059/3953/258

vt 0.944478 0.849207
f 2980/3954/258 3060/3955/258 2979/3956/258

v 47.2437 91.3812 -96.906
vt 0.945615 0.907773
f 3061/3957/258 2979/3956/258 3060/3955/258

v 47.1488 91.3302 -96.906
vt 0.943717 0.907264
f 3062/3958/258 2979/3956/258 3061/3957/258

vt 0.943427 0.84968
f 3062/3958/258 2978/3959/258 2979/3956/258

vt 0.942424 0.850077
f 3062/3958/258 2977/3960/258 2978/3959/258

v 47.0647 91.2836 -96.9061
vt 0.942036 0.906798
f 3063/3961/258 2977/3960/258 3062/3958/258

vt 0.941516 0.850335
f 3063/3961/258 2976/3962/258 2977/3960/258

vt 0.94075 0.85039
f 3063/3961/258 2975/3963/258 2976/3962/258

v 46.9974 91.2453 -96.9061
vt 0.94069 0.906417
f 3064/3964/258 2975/3963/258 3063/3961/258

vt 0.940137 0.850226
f 3064/3964/258 2974/3965/258 2975/3963/258

vt 0.939556 0.850023
f 3064/3964/258 2973/3966/258 2974/3965/258

v 46.9365 91.21 -96.9062
vt 0.939473 0.906063
f 3065/3967/258 2973/3966/258 3064/3964/258

vt 0.939012 0.849817
f 2973/3966/258 3065/3967/258 2972/3968/258

vt 0.938528 0.849623
f 3065/3967/258 2971/3969/258 2972/3968/258

v 46.873 91.7827 -96.9062
vt 0.938211 0.911791
f 3066/3970/258 2971/3969/258 3065/3967/258

f 3066/3970/258 2819/3222/258 2971/3969/258

v 46.845 90.483 -96.9062
vt 0.937633 0.898794
f 3066/3970/258 3067/3971/258 2819/3222/258

v 46.8115 91.7399 -96.9063
vt 0.936982 0.911364
f 3068/3972/258 3067/3971/258 3066/3970/258

v 46.8002 90.5457 -96.9063
vt 0.936738 0.899422
f 3068/3972/258 3069/3973/258 3067/3971/258

v 46.7623 91.7026 -96.9063
vt 0.935996 0.910991
f 3070/3974/258 3069/3973/258 3068/3972/258

v 46.7162 91.6617 -96.9063
vt 0.935074 0.910582
f 3071/3975/258 3069/3973/258 3070/3974/258

v 46.71 91.6983 -96.9063
vt 0.934951 0.910948
f 3072/3976/258 3069/3973/258 3071/3975/258

v 46.6674 92.1149 -96.9064
vt 0.934106 0.915115
f 3073/3977/258 3069/3973/258 3072/3976/258

v 46.591 92.0725 -96.9064
vt 0.932578 0.914691
f 3074/3978/258 3069/3973/258 3073/3977/258

v 46.5366 92.0679 -96.9065
vt 0.931491 0.914645
f 3075/3979/258 3069/3973/258 3074/3978/258

v 46.4976 90.9315 -96.9065
vt 0.930694 0.903282
f 3075/3979/258 3076/3980/258 3069/3973/258

v 46.5145 92.6625 -96.9065
vt 0.931057 0.920591
f 3077/3981/258 3076/3980/258 3075/3979/258

v 46.47 92.6409 -96.9065
vt 0.930166 0.920375
f 3078/3982/258 3076/3980/258 3077/3981/258

v 46.4308 93.0898 -96.9065
vt 0.92939 0.924865
f 3079/3983/258 3076/3980/258 3078/3982/258

v 46.3504 93.0539 -96.9066
vt 0.927783 0.924506
f 3080/3984/258 3076/3980/258 3079/3983/258

v 46.2767 93.0213 -96.9067
vt 0.926308 0.924181
f 3081/3985/258 3076/3980/258 3080/3984/258

v 46.1245 91.5286 -96.9068
vt 0.923244 0.909256
f 3076/3980/258 3081/3985/258 3082/3986/258

v 46.0949 96.0763 -96.9068
vt 0.922719 0.954733
f 3083/3987/258 3082/3986/258 3081/3985/258

v 45.8893 92.1957 -96.9069
vt 0.918553 0.915928
f 3083/3987/258 3084/3988/258 3082/3986/258

v 45.8006 92.8726 -96.907
vt 0.916788 0.922697
f 3083/3987/258 3085/3989/258 3084/3988/258

v 45.7876 93.3343 -96.907
vt 0.916535 0.927315
f 3083/3987/258 3086/3990/258 3085/3989/258

v 45.7438 93.4138 -96.907
vt 0.915661 0.92811
f 3083/3987/258 3087/3991/258 3086/3990/258

v 45.688 95.8325 -96.9071
vt 0.91458 0.952297
f 3088/3992/258 3087/3991/258 3083/3987/258

v 45.499 95.5811 -96.9072
vt 0.910799 0.949784
f 3089/3993/258 3087/3991/258 3088/3992/258

v 45.4752 95.2889 -96.9072
vt 0.910319 0.946863
f 3090/3994/258 3087/3991/258 3089/3993/258

v 45.4563 93.5105 -96.9072
vt 0.909916 0.929079
f 3090/3994/258 3091/3995/258 3087/3991/258

v 45.4419 95.0783 -96.9073
vt 0.909651 0.944757
f 3092/3996/258 3091/3995/258 3090/3994/258

v 45.1581 94.7944 -96.9075
vt 0.903973 0.94192
f 3093/3997/258 3091/3995/258 3092/3996/258

v 45.1049 93.7969 -96.9075
vt 0.902896 0.931946
f 3093/3997/258 3094/3998/258 3091/3995/258

v 44.9487 94.3224 -96.9076
vt 0.89978 0.937201
f 3094/3998/258 3093/3997/258 3095/3999/258

vn -0.914067 0.405562 -0.000659454
vt -2.08776 0.03
v 45.1603 94.7944 -99.9075
vt -2.08776 0
v 44.9508 94.3224 -99.9076
f 3095/337/501 3093/4000/501 3096/4001/501 3097/338/501 

vt -1.97022 0.03
vn -0.707214 0.707 -0.00051022
vt -1.97825 0.03
v 45.4441 95.0783 -99.9073
vt -1.97825 0
vt -1.97022 0
f 3093/4002/502 3092/4003/502 3098/4004/502 3096/4005/502 

vt -2.00773 0.03
vn -0.987772 0.155903 -0.000712629
vt -2.01199 0.03
vn -0.99294 0.118617 -0.000716357
v 45.4773 95.2889 -99.9072
vt -2.01199 0
vt -2.00773 0
f 3092/4006/503 3090/4007/504 3099/4008/504 3098/4009/503 

vt -1.96096 0.03
vt -1.96682 0.03
vn -0.996701 0.0811632 -0.00071907
v 45.5011 95.5811 -99.9072
vt -1.96682 0
vt -1.96096 0
f 3090/4010/504 3089/4011/505 3100/4012/505 3099/4013/504 

vt -2.06465 0.03
vn -0.799372 0.600836 -0.000576707
vt -2.07093 0.03
v 45.6901 95.8325 -99.9071
vt -2.07093 0
vt -2.06465 0
f 3089/4014/506 3088/4015/506 3101/4016/506 3100/4017/506 

vt -1.7621 0.03
vn -0.513964 0.857812 -0.0003708
vt -1.77159 0.03
v 46.0971 96.0763 -99.9068
vt -1.77159 0
vt -1.7621 0
f 3088/4018/507 3083/4019/507 3102/4020/507 3101/4021/507 

vt -0.749124 0.03
vn 0.0883193 0.996092 6.3718e-05
v 46.6734 96.025 -96.9064
vt -0.760734 0.03
vn 0.222657 0.974897 0.000160636
v 46.6756 96.025 -99.9064
vt -0.760734 0
vt -0.749124 0
f 3083/4022/508 3103/4023/509 3104/4024/509 3102/4025/508 

vt 0.934283 0.954216
f 3083/3987/258 3081/3985/258 3103/4026/258

v 46.328 93.0815 -96.9066
vt 0.927335 0.924783
f 3103/4026/258 3081/3985/258 3105/4027/258

vt 2.00782 0.03
vn 0.74334 -0.668913 0.000536283
vt 2.00623 0.03
vn 0.760668 -0.649141 0.000548784
v 46.2788 93.0213 -99.9067
vt 2.00623 0
v 46.3302 93.0815 -99.9066
vt 2.00782 0
f 3105/4028/510 3081/4029/511 3106/4030/511 3107/4031/510 

vt -0.927783 0.924506
vt -0.926308 0.924181
vt -0.927335 0.924783
v 46.3885 93.1453 -96.9066
vt -0.928545 0.92542
v 46.4689 93.2213 -96.9065
vt -0.930154 0.92618
v 46.5669 93.3021 -96.9064
vt -0.932113 0.926987
v 46.6798 93.3799 -96.9064
vt -0.934372 0.927764
v 46.8054 93.4471 -96.9063
vt -0.936883 0.928436
v 46.941 93.4962 -96.9062
vt -0.939595 0.928925
v 47.0844 93.5246 -96.9061
vt -0.942462 0.929208
v 47.2313 93.5422 -96.906
vt -0.945399 0.929384
v 47.3757 93.5516 -96.9059
vt -0.948285 0.929476
v 47.5113 93.5545 -96.9058
vt -0.950997 0.929505
v 47.6321 93.553 -96.9057
vt -0.953411 0.929489
v 47.7319 93.549 -96.9056
vt -0.955405 0.929448
v 47.6978 93.5217 -96.9056
vt -0.954723 0.929175
v 47.5767 93.504 -96.9057
vt -0.952303 0.928999
v 47.4388 93.4808 -96.9058
vt -0.949545 0.928768
v 47.2957 93.4524 -96.9059
vt -0.946685 0.928485
v 47.1593 93.4191 -96.906
vt -0.943957 0.928153
v 47.0412 93.3811 -96.9061
vt -0.941597 0.927774
v 46.9515 93.3385 -96.9062
vt -0.939802 0.927348
v 46.8579 93.2901 -96.9062
vt -0.93793 0.926865
v 46.7511 93.2379 -96.9063
vt -0.935794 0.926343
v 46.639 93.1849 -96.9064
vt -0.933554 0.925815
v 46.5297 93.1345 -96.9065
vt -0.931367 0.925312
vt -0.92939 0.924865
f 3080/4032/432 3081/4033/432 3105/4034/432 3108/4035/432 3109/4036/432 3110/4037/432 3111/4038/432 3112/4039/432 3113/4040/432 3114/4041/432 3115/4042/432 3116/4043/432 3117/4044/432 3118/4045/432 3119/4046/432 3120/4047/432 3121/4048/432 3122/4049/432 3123/4050/432 3124/4051/432 3125/4052/432 3126/4053/432 3127/4054/432 3128/4055/432 3129/4056/432 3130/4057/432 3079/4058/432 

vt -1.59194 0.03
vn -0.403428 0.915011 -0.000291053
vt -1.59355 0.03
vn -0.405618 0.914043 -0.000292633
v 46.3526 93.0539 -99.9066
vt -1.59355 0
vt -1.59194 0
f 3081/4059/512 3080/4060/513 3131/4061/513 3106/4062/512 

vt -1.59985 0.03
vt -1.6016 0.03
vn -0.410151 0.912018 -0.000295903
v 46.433 93.0898 -99.9065
vt -1.6016 0
vt -1.59985 0
f 3080/4063/513 3079/4064/514 3132/4065/514 3131/4066/513 

vt -1.60832 0.03
vt -1.61049 0.03
vn -0.415585 0.909554 -0.000299824
v 46.5318 93.1345 -99.9065
vt -1.61049 0
vt -1.60832 0
f 3079/4067/514 3130/4068/515 3133/4069/515 3132/4070/514 

vt 0.931367 0.925312
f 3078/3982/258 3130/4071/258 3079/3983/258

v 46.4888 92.6826 -96.9065
vt 0.930544 0.920793
f 3130/4071/258 3078/3982/258 3134/4072/258

vt 2.06057 0.03
vn 0.82662 -0.562761 0.000596365
vt 2.05965 0.03
vn 0.911485 -0.411333 0.000657591
v 46.4721 92.6409 -99.9065
vt 2.05965 0
v 46.491 92.6826 -99.9065
vt 2.06057 0
f 3134/4073/516 3078/4074/517 3135/4075/517 3136/4076/516 

vt -0.931057 0.920591
vt -0.930166 0.920375
vt -0.930544 0.920793
v 46.5509 92.7464 -96.9065
vt -0.931785 0.92143
v 46.6274 92.823 -96.9064
vt -0.933316 0.922196
v 46.7124 92.9051 -96.9063
vt -0.935017 0.923016
v 46.8 92.9854 -96.9063
vt -0.936768 0.923818
v 46.8841 93.0564 -96.9062
vt -0.938451 0.924528
v 46.9588 93.111 -96.9062
vt -0.939945 0.925073
v 47.0377 93.1468 -96.9061
vt -0.941523 0.925431
v 47.1514 93.1719 -96.906
vt -0.943795 0.925681
v 47.2877 93.1883 -96.9059
vt -0.946521 0.925844
v 47.4334 93.1977 -96.9058
vt -0.949435 0.925937
v 47.5753 93.2018 -96.9057
vt -0.95227 0.925977
v 47.6999 93.2024 -96.9056
vt -0.954761 0.925982
v 47.7652 93.1694 -96.9056
vt -0.956065 0.925651
v 47.7088 93.1527 -96.9056
vt -0.954939 0.925485
v 47.6364 93.1339 -96.9057
vt -0.953491 0.925297
v 47.547 93.1136 -96.9057
vt -0.951704 0.925095
v 47.4397 93.0924 -96.9058
vt -0.949558 0.924884
v 47.3189 93.0717 -96.9059
vt -0.947143 0.924678
v 47.2297 93.0548 -96.906
vt -0.94536 0.924509
v 47.1737 93.0404 -96.906
vt -0.944239 0.924366
v 47.1397 93.0261 -96.906
vt -0.94356 0.924223
v 47.1168 93.0093 -96.9061
vt -0.943101 0.924055
v 47.0938 92.9877 -96.9061
vt -0.942642 0.923839
v 47.0598 92.9587 -96.9061
vt -0.941961 0.923549
v 47.0036 92.9198 -96.9061
vt -0.940838 0.923161
v 46.9152 92.8691 -96.9062
vt -0.93907 0.922655
v 46.8178 92.8169 -96.9063
vt -0.937123 0.922133
v 46.7271 92.7694 -96.9063
vt -0.935309 0.921659
v 46.645 92.7274 -96.9064
vt -0.933668 0.92124
v 46.5735 92.6916 -96.9064
vt -0.932237 0.920882
f 3077/4077/432 3078/4078/432 3134/4079/432 3137/4080/432 3138/4081/432 3139/4082/432 3140/4083/432 3141/4084/432 3142/4085/432 3143/4086/432 3144/4087/432 3145/4088/432 3146/4089/432 3147/4090/432 3148/4091/432 3149/4092/432 3150/4093/432 3151/4094/432 3152/4095/432 3153/4096/432 3154/4097/432 3155/4098/432 3156/4099/432 3157/4100/432 3158/4101/432 3159/4102/432 3160/4103/432 3161/4104/432 3162/4105/432 3163/4106/432 3164/4107/432 3165/4108/432 3166/4109/432 

vt -1.63896 0.03
vn -0.436426 0.89974 -0.00031486
vt -1.63995 0.03
vn -0.439267 0.898356 -0.000316909
v 46.5167 92.6625 -99.9065
vt -1.63995 0
vt -1.63896 0
f 3078/4110/518 3077/4111/519 3167/4112/519 3135/4113/518 

vt -1.64782 0.03
vt -1.64913 0.03
vn -0.445272 0.895396 -0.000321241
v 46.5757 92.6916 -99.9064
vt -1.64913 0
vt -1.64782 0
f 3077/4114/519 3166/4115/520 3168/4116/520 3167/4117/519 

vt 0.932237 0.920882
f 3075/3979/258 3166/4118/258 3077/3981/258

v 46.5542 92.1046 -96.9065
vt 0.931843 0.915012
f 3166/4118/258 3075/3979/258 3169/4119/258

vt 2.0522 0.03
vn 0.89777 -0.440465 0.000647696
vt 2.05139 0.03
vn 0.901991 -0.431753 0.000650742
v 46.5388 92.0679 -99.9065
vt 2.05139 0
v 46.5564 92.1046 -99.9065
vt 2.0522 0
f 3169/4120/521 3075/4121/522 3170/4122/522 3171/4123/521 

vt -0.932578 0.914691
vt -0.931491 0.914645
vt -0.931843 0.915012
v 46.5766 92.1491 -96.9064
vt -0.932291 0.915457
v 46.6025 92.1974 -96.9064
vt -0.932809 0.91594
v 46.6305 92.2454 -96.9064
vt -0.933371 0.91642
v 46.6595 92.2892 -96.9064
vt -0.93395 0.916858
v 46.688 92.3248 -96.9064
vt -0.934521 0.917213
v 46.7201 92.355 -96.9063
vt -0.935163 0.917515
v 46.7653 92.3911 -96.9063
vt -0.936066 0.917876
v 46.8221 92.4316 -96.9063
vt -0.937204 0.91828
v 46.8892 92.4744 -96.9062
vt -0.938545 0.918708
v 46.9648 92.5177 -96.9062
vt -0.940057 0.91914
v 47.0475 92.5593 -96.9061
vt -0.94171 0.919556
v 47.1355 92.5974 -96.906
vt -0.94347 0.919936
v 47.2273 92.63 -96.906
vt -0.945306 0.920262
v 47.3265 92.6551 -96.9059
vt -0.947289 0.920512
v 47.4485 92.672 -96.9058
vt -0.949727 0.92068
v 47.5853 92.6822 -96.9057
vt -0.952462 0.920781
v 47.7264 92.6871 -96.9056
vt -0.955282 0.920829
v 47.8612 92.6881 -96.9055
vt -0.957979 0.920837
v 47.9794 92.6866 -96.9054
vt -0.960341 0.920822
v 48.0753 92.6686 -96.9054
vt -0.962257 0.920641
v 47.9764 92.6455 -96.9054
vt -0.96028 0.920411
v 47.8448 92.6133 -96.9055
vt -0.957649 0.92009
v 47.694 92.5743 -96.9056
vt -0.954635 0.919701
v 47.5377 92.5306 -96.9057
vt -0.951508 0.919265
v 47.3892 92.4844 -96.9059
vt -0.94854 0.918804
v 47.2622 92.4378 -96.9059
vt -0.946001 0.918339
v 47.1689 92.3928 -96.906
vt -0.944135 0.91789
v 47.0773 92.3421 -96.9061
vt -0.942303 0.917384
v 46.9739 92.2849 -96.9062
vt -0.940236 0.916812
v 46.8663 92.2252 -96.9062
vt -0.938083 0.916216
v 46.7616 92.1672 -96.9063
vt -0.93599 0.915637
vt -0.934106 0.915115
f 3074/4124/432 3075/4125/432 3169/4126/432 3172/4127/432 3173/4128/432 3174/4129/432 3175/4130/432 3176/4131/432 3177/4132/432 3178/4133/432 3179/4134/432 3180/4135/432 3181/4136/432 3182/4137/432 3183/4138/432 3184/4139/432 3185/4140/432 3186/4141/432 3187/4142/432 3188/4143/432 3189/4144/432 3190/4145/432 3191/4146/432 3192/4147/432 3193/4148/432 3194/4149/432 3195/4150/432 3196/4151/432 3197/4152/432 3198/4153/432 3199/4154/432 3200/4155/432 3201/4156/432 3202/4157/432 3073/4158/432 

vt -1.08282 0.03
vn -0.0853146 0.996354 -6.15502e-05
vt -1.08392 0.03
v 46.5932 92.0725 -99.9064
vt -1.08392 0
vt -1.08282 0
f 3075/4159/523 3074/4160/523 3203/4161/523 3170/4162/523 

vt -1.70194 0.03
vn -0.485313 0.87434 -0.00035013
vt -1.70369 0.03
vn -0.485248 0.874376 -0.000350083
v 46.6696 92.1149 -99.9064
vt -1.70369 0
vt -1.70194 0
f 3074/4163/524 3073/4164/525 3204/4165/525 3203/4166/524 

vt -1.70352 0.03
vt -1.70567 0.03
vn -0.485097 0.87446 -0.000349973
v 46.7638 92.1672 -99.9063
vt -1.70567 0
vt -1.70352 0
f 3073/4167/525 3202/4168/526 3205/4169/526 3204/4170/525 

vt 0.93599 0.915637
f 3072/3976/258 3202/4171/258 3073/3977/258

v 46.7281 91.7383 -96.9063
vt 0.935314 0.911348
f 3202/4171/258 3072/3976/258 3206/4172/258

vt 2.04543 0.03
vn 0.90807 -0.418818 0.000655127
vt 2.04455 0.03
vn 0.911063 -0.412266 0.000657287
v 46.7122 91.6983 -99.9063
vt 2.04455 0
v 46.7303 91.7383 -99.9063
vt 2.04543 0
f 3206/4173/527 3072/4174/528 3207/4175/528 3208/4176/527 

vt -0.935074 0.910582
vt -0.934951 0.910948
vt -0.935314 0.911348
v 46.7514 91.7878 -96.9063
vt -0.93578 0.911843
v 46.7785 91.8428 -96.9063
vt -0.936323 0.912393
v 46.8083 91.8996 -96.9063
vt -0.936919 0.912961
v 46.8395 91.9544 -96.9063
vt -0.937544 0.913508
v 46.871 92.0033 -96.9062
vt -0.938174 0.913997
v 46.911 92.0428 -96.9062
vt -0.938974 0.914392
v 46.9722 92.0734 -96.9062
vt -0.940197 0.914697
v 47.0494 92.0979 -96.9061
vt -0.941742 0.914941
v 47.1374 92.1192 -96.906
vt -0.943502 0.915154
v 47.2308 92.1401 -96.906
vt -0.945368 0.915363
v 47.3242 92.1637 -96.9059
vt -0.947235 0.915598
v 47.4121 92.1927 -96.9058
vt -0.948994 0.915887
v 47.4894 92.23 -96.9058
vt -0.950539 0.916259
v 47.5647 92.2723 -96.9057
vt -0.952046 0.916682
v 47.6691 92.3047 -96.9057
vt -0.954131 0.917005
v 47.793 92.3278 -96.9056
vt -0.956609 0.917235
v 47.9248 92.3431 -96.9055
vt -0.959244 0.917387
v 48.0528 92.3523 -96.9054
vt -0.961803 0.917478
v 48.1652 92.3568 -96.9053
vt -0.964051 0.917523
v 48.2504 92.3583 -96.9052
vt -0.965754 0.917537
v 48.2768 92.3303 -96.9052
vt -0.966281 0.917257
v 48.2561 92.3082 -96.9052
vt -0.965867 0.917036
v 48.2309 92.2825 -96.9052
vt -0.965363 0.91678
v 48.2022 92.2552 -96.9053
vt -0.964789 0.916506
v 48.1711 92.228 -96.9053
vt -0.964167 0.916234
v 48.1387 92.2027 -96.9053
vt -0.963519 0.915982
v 48.1028 92.181 -96.9053
vt -0.9628 0.915765
v 48.0404 92.162 -96.9054
vt -0.961552 0.915575
v 47.9551 92.1454 -96.9054
vt -0.959847 0.91541
v 47.8572 92.1314 -96.9055
vt -0.95789 0.915271
v 47.7568 92.1199 -96.9056
vt -0.955883 0.915157
v 47.664 92.1111 -96.9057
vt -0.954028 0.915069
v 47.589 92.1049 -96.9057
vt -0.952528 0.915008
v 47.5419 92.1015 -96.9057
vt -0.951587 0.914975
v 47.5184 92.0909 -96.9058
vt -0.951117 0.914868
v 47.4929 92.072 -96.9058
vt -0.950607 0.91468
v 47.4558 92.0465 -96.9058
vt -0.949865 0.914425
v 47.409 92.0174 -96.9058
vt -0.948928 0.914134
v 47.3543 91.9874 -96.9059
vt -0.947835 0.913834
v 47.2938 91.9595 -96.9059
vt -0.946625 0.913556
v 47.2293 91.9367 -96.906
vt -0.945335 0.913329
v 47.1626 91.9216 -96.906
vt -0.944003 0.913177
v 47.0916 91.9003 -96.9061
vt -0.942582 0.912966
v 47.017 91.8672 -96.9061
vt -0.94109 0.912635
v 46.9428 91.8266 -96.9062
vt -0.939607 0.912229
vt -0.938211 0.911791
vt -0.936982 0.911364
vt -0.935996 0.910991
f 3071/4177/432 3072/4178/432 3206/4179/432 3209/4180/432 3210/4181/432 3211/4182/432 3212/4183/432 3213/4184/432 3214/4185/432 3215/4186/432 3216/4187/432 3217/4188/432 3218/4189/432 3219/4190/432 3220/4191/432 3221/4192/432 3222/4193/432 3223/4194/432 3224/4195/432 3225/4196/432 3226/4197/432 3227/4198/432 3228/4199/432 3229/4200/432 3230/4201/432 3231/4202/432 3232/4203/432 3233/4204/432 3234/4205/432 3235/4206/432 3236/4207/432 3237/4208/432 3238/4209/432 3239/4210/432 3240/4211/432 3241/4212/432 3242/4213/432 3243/4214/432 3244/4215/432 3245/4216/432 3246/4217/432 3247/4218/432 3248/4219/432 3249/4220/432 3250/4221/432 3251/4222/432 3252/4223/432 3253/4224/432 3066/4225/432 3068/4226/432 3070/4227/432 

vt 1.64081 0.03
vn 0.986045 0.166475 0.000711383
vt 1.64007 0.03
v 46.7184 91.6617 -99.9063
vt 1.64007 0
vt 1.64081 0
f 3072/4228/529 3071/4229/529 3254/4230/529 3207/4231/529 

vt -1.90732 0.03
vn -0.664025 0.74771 -0.000479061
vt -1.90856 0.03
vn -0.634382 0.77302 -0.000457675
v 46.7644 91.7026 -99.9063
vt -1.90856 0
vt -1.90732 0
f 3071/4232/530 3070/4233/531 3255/4234/531 3254/4235/530 

vt -1.84501 0.03
vt -1.84625 0.03
vn -0.587472 0.809245 -0.000423832
v 46.8137 91.7399 -99.9063
vt -1.84625 0
vt -1.84501 0
f 3070/4236/531 3068/4237/532 3256/4238/532 3255/4239/531 

vt -1.80869 0.03
vt -1.81019 0.03
vn -0.551747 0.834012 -0.000398058
v 46.8752 91.7827 -99.9062
vt -1.81019 0
vt -1.80869 0
f 3068/4240/532 3066/4241/533 3257/4242/533 3256/4243/532 

vt -1.76367 0.03
vt -1.76531 0.03
vn -0.506766 0.862084 -0.000365606
v 46.945 91.8266 -99.9062
vt -1.76531 0
vt -1.76367 0
f 3066/4244/533 3253/4245/534 3258/4246/534 3257/4247/533 

vt 0.939607 0.912229
f 3066/3970/258 3065/3967/258 3253/4248/258

v 46.9749 91.2785 -96.9062
vt 0.940241 0.906748
f 3253/4248/258 3065/3967/258 3259/4249/258

vt 2.04082 0.03
vn 0.862622 -0.505849 0.000622339
vt 2.03925 0.03
vn 0.872296 -0.488977 0.000629319
v 46.9387 91.21 -99.9062
vt 2.03925 0
v 46.9771 91.2785 -99.9062
vt 2.04082 0
f 3259/4250/535 3065/4251/536 3260/4252/536 3261/4253/535 

vt -0.939473 0.906063
vt -0.940241 0.906748
v 47.0194 91.351 -96.9061
vt -0.94113 0.907473
v 47.0774 91.4373 -96.9061
vt -0.942292 0.908335
v 47.1467 91.5285 -96.906
vt -0.943678 0.909247
v 47.2248 91.616 -96.906
vt -0.945241 0.910122
v 47.3094 91.691 -96.9059
vt -0.946932 0.910871
v 47.398 91.7447 -96.9058
vt -0.948704 0.911407
v 47.4988 91.7738 -96.9058
vt -0.95072 0.911697
v 47.63 91.7889 -96.9057
vt -0.953344 0.911847
v 47.7803 91.7934 -96.9056
vt -0.956348 0.911891
v 47.937 91.7901 -96.9055
vt -0.95948 0.911857
v 48.0875 91.7818 -96.9054
vt -0.962489 0.911773
v 48.2192 91.7713 -96.9053
vt -0.965121 0.911667
v 48.3299 91.742 -96.9052
vt -0.967333 0.911374
v 48.2457 91.722 -96.9052
vt -0.96565 0.911174
v 48.1347 91.6949 -96.9053
vt -0.96343 0.910904
v 48.0071 91.6626 -96.9054
vt -0.960879 0.910582
v 47.8732 91.6272 -96.9055
vt -0.958202 0.910229
v 47.7433 91.5905 -96.9056
vt -0.955605 0.909863
v 47.6276 91.5546 -96.9057
vt -0.953293 0.909505
v 47.5351 91.5209 -96.9057
vt -0.951443 0.909169
v 47.4427 91.4806 -96.9058
vt -0.949595 0.908766
v 47.3436 91.4327 -96.9059
vt -0.947614 0.908287
vt -0.945615 0.907773
vt -0.943717 0.907264
vt -0.942036 0.906798
vt -0.94069 0.906417
f 3065/4254/432 3259/4255/432 3262/4256/432 3263/4257/432 3264/4258/432 3265/4259/432 3266/4260/432 3267/4261/432 3268/4262/432 3269/4263/432 3270/4264/432 3271/4265/432 3272/4266/432 3273/4267/432 3274/4268/432 3275/4269/432 3276/4270/432 3277/4271/432 3278/4272/432 3279/4273/432 3280/4274/432 3281/4275/432 3282/4276/432 3283/4277/432 3061/4278/432 3062/4279/432 3063/4280/432 3064/4281/432 

vt 2.03835 0.03
vn 0.84134 -0.540506 0.000606985
vt 2.03665 0.03
vt 2.03665 0
v 47.0215 91.351 -99.9061
vt 2.03835 0
f 3262/4282/537 3259/4283/535 3261/4284/535 3284/4285/537 

vt 0.94109 0.912635
vt 0.94113 0.907473
f 3252/4286/258 3259/4249/258 3262/4287/258

f 3253/4248/258 3259/4249/258 3252/4286/258

vt -1.69982 0.03
vt -1.70151 0.03
vn -0.443673 0.896189 -0.000320088
v 47.0191 91.8672 -99.9061
vt -1.70151 0
vt -1.69982 0
f 3253/4288/534 3252/4289/538 3285/4290/538 3258/4291/534 

vt -1.59946 0.03
vt -1.60109 0.03
vn -0.346644 0.937997 -0.000250086
v 47.0937 91.9003 -99.9061
vt -1.60109 0
vt -1.59946 0
f 3252/4292/538 3251/4293/539 3286/4294/539 3285/4295/538 

vt 0.942582 0.912966
f 3252/4286/258 3262/4287/258 3251/4296/258

vt 0.942292 0.908335
f 3251/4296/258 3262/4287/258 3263/4297/258

vt 2.03236 0.03
vn 0.813453 -0.58163 0.000586866
vt 2.03028 0.03
vt 2.03028 0
v 47.0796 91.4373 -99.9061
vt 2.03236 0
f 3263/4298/540 3262/4299/537 3284/4300/537 3287/4301/540 

f 3284/4256/432 3286/4222/432 3287/4257/432

f 3284/4256/432 3285/4223/432 3286/4222/432

f 3261/4255/432 3285/4223/432 3284/4256/432

f 3261/4255/432 3258/4224/432 3285/4223/432

f 3260/4254/432 3258/4224/432 3261/4255/432

f 3260/4254/432 3257/4225/432 3258/4224/432

v 46.8955 85.566 -99.9062
f 3288/3736/432 3257/4225/432 3260/4254/432

v 46.8755 85.5492 -99.9062
f 3289/3735/432 3257/4225/432 3288/3736/432

v 46.8472 90.483 -99.9062
vt -0.937633 0.898794
f 3290/4302/432 3257/4225/432 3289/3735/432

f 3290/4302/432 3256/4226/432 3257/4225/432

v 46.8024 90.5457 -99.9063
vt -0.936738 0.899422
f 3291/4303/432 3256/4226/432 3290/4302/432

f 3291/4303/432 3255/4227/432 3256/4226/432

f 3291/4303/432 3254/4177/432 3255/4227/432

f 3291/4303/432 3207/4178/432 3254/4177/432

f 3291/4303/432 3204/4158/432 3207/4178/432

f 3291/4303/432 3203/4124/432 3204/4158/432

f 3291/4303/432 3170/4125/432 3203/4124/432

v 46.4998 90.9315 -99.9065
vt -0.930694 0.903282
f 3292/4304/432 3170/4125/432 3291/4303/432

f 3292/4304/432 3167/4077/432 3170/4125/432

f 3292/4304/432 3135/4078/432 3167/4077/432

f 3292/4304/432 3132/4058/432 3135/4078/432

f 3292/4304/432 3131/4032/432 3132/4058/432

f 3292/4304/432 3106/4033/432 3131/4032/432

v 46.1267 91.5286 -99.9068
vt -0.923244 0.909256
f 3106/4033/432 3292/4304/432 3293/4305/432

vt -1.03937 0.03
vn -0.818602 -0.574361 -0.000590581
vt -1.05344 0.03
vn -0.901002 -0.433815 -0.000650028
vt -1.05344 0
vt -1.03937 0
f 3076/4306/541 3082/4307/542 3293/4308/542 3292/4309/541 

vt -1.40828 0.03
vt -1.42242 0.03
vn -0.972592 -0.232517 -0.000701677
v 45.8915 92.1957 -99.9069
vt -1.42242 0
vt -1.40828 0
f 3082/4310/542 3084/4311/543 3294/4312/543 3293/4313/542 

vt -1.6968 0.03
vt -1.71045 0.03
vn -0.996861 -0.0791746 -0.000719185
v 45.8027 92.8726 -99.907
vt -1.71045 0
vt -1.6968 0
f 3084/4314/543 3085/4315/544 3295/4316/544 3294/4317/543 

vt -1.81865 0.03
vt -1.82789 0.03
vn -0.999604 -0.028128 -0.000721165
v 45.7897 93.3343 -99.907
vt -1.82789 0
vt -1.81865 0
f 3085/4318/544 3086/4319/545 3296/4320/545 3295/4321/544 

vt -1.18239 0.03
vn -0.875823 -0.482632 -0.000631863
vt -1.1842 0.03
v 45.7459 93.4138 -99.907
vt -1.1842 0
vt -1.18239 0
f 3086/4322/546 3087/4323/546 3297/4324/546 3296/4325/546 

vt 0.274494 0.03
vn -0.319005 -0.947753 -0.000230146
vt 0.26843 0.03
v 45.4585 93.5105 -99.9072
vt 0.26843 0
vt 0.274494 0
f 3087/4326/547 3091/4327/547 3298/4328/547 3297/4329/547 

vt -0.469682 0.03
vn -0.631852 -0.775089 -0.00045585
vt -0.478744 0.03
v 45.1071 93.7969 -99.9075
vt -0.478744 0
vt -0.469682 0
f 3091/4330/548 3094/4331/548 3299/4332/548 3298/4333/548 

vt -1.52923 0.03
vn -0.958497 -0.285103 -0.000691508
vt -1.54019 0.03
vt -1.54019 0
vt -1.52923 0
f 3094/4334/549 3095/4335/549 3097/4336/549 3299/4337/549 

vt -0.903973 0.94192
vt -0.902896 0.931946
vt -0.89978 0.937201
f 3096/4338/432 3299/4339/432 3097/4340/432

vt -0.909916 0.929079
f 3299/4339/432 3096/4338/432 3298/4341/432

vt -0.909651 0.944757
f 3298/4341/432 3096/4338/432 3098/4342/432

vt -0.910319 0.946863
f 3298/4341/432 3098/4342/432 3099/4343/432

vt -0.915661 0.92811
f 3298/4341/432 3099/4343/432 3297/4344/432

vt -0.910799 0.949784
f 3297/4344/432 3099/4343/432 3100/4345/432

vt -0.91458 0.952297
f 3297/4344/432 3100/4345/432 3101/4346/432

vt -0.922719 0.954733
f 3297/4344/432 3101/4346/432 3102/4347/432

vt -0.916535 0.927315
f 3297/4344/432 3102/4347/432 3296/4348/432

vt -0.916788 0.922697
f 3296/4348/432 3102/4347/432 3295/4349/432

vt -0.918553 0.915928
f 3295/4349/432 3102/4347/432 3294/4350/432

f 3294/4350/432 3102/4347/432 3293/4305/432

f 3293/4305/432 3102/4347/432 3106/4033/432

vt -0.934283 0.954216
f 3106/4033/432 3102/4347/432 3104/4351/432

f 3106/4033/432 3104/4351/432 3107/4034/432

v 46.3907 93.1453 -99.9066
f 3107/4034/432 3104/4351/432 3300/4035/432

v 46.4711 93.2213 -99.9065
f 3300/4035/432 3104/4351/432 3301/4036/432

v 46.569 93.3021 -99.9064
f 3301/4036/432 3104/4351/432 3302/4037/432

v 46.682 93.3799 -99.9064
f 3302/4037/432 3104/4351/432 3303/4038/432

v 47.1433 95.8487 -99.906
vt -0.943629 0.952449
f 3303/4038/432 3104/4351/432 3304/4352/432

vt -0.199552 0.03
v 47.1411 95.8487 -96.906
vt -0.209544 0.03
vn 0.326435 0.94522 0.000235507
vt -0.209544 0
vt -0.199552 0
f 3103/4353/509 3305/4354/550 3304/4355/550 3104/4356/509 

vt 0.934372 0.927764
vt 0.943629 0.952449
f 3103/4026/258 3111/4357/258 3305/4358/258

vt 0.932113 0.926987
f 3103/4026/258 3110/4359/258 3111/4357/258

vt 0.930154 0.92618
f 3103/4026/258 3109/4360/258 3110/4359/258

vt 0.928545 0.92542
f 3103/4026/258 3108/4361/258 3109/4360/258

f 3103/4026/258 3105/4027/258 3108/4361/258

vt 1.98073 0.03
vn 0.706562 -0.707651 0.000509749
vt 1.97897 0.03
vt 1.97897 0
vt 1.98073 0
f 3108/4362/551 3105/4363/510 3107/4364/510 3300/4365/551 

vt 1.94743 0.03
vn 0.662027 -0.74948 0.000477619
vt 1.94522 0.03
vt 1.94522 0
vt 1.94743 0
f 3109/4366/552 3108/4367/551 3300/4368/551 3301/4369/552 

vt 1.89744 0.03
vn 0.602269 -0.798293 0.000434507
vt 1.8949 0.03
vt 1.8949 0
vt 1.89744 0
f 3110/4370/553 3109/4371/552 3301/4372/552 3302/4373/553 

vt 1.82078 0.03
vn 0.520479 -0.853874 0.0003755
vt 1.81803 0.03
vt 1.81803 0
vt 1.82078 0
f 3111/4374/554 3110/4375/553 3302/4376/553 3303/4377/554 

vt 1.70125 0.03
vn 0.407105 -0.913381 0.000293706
vt 1.69841 0.03
vt 1.69841 0
v 46.8075 93.4471 -99.9063
vt 1.70125 0
f 3112/4378/555 3111/4379/554 3303/4380/554 3306/4381/555 

vt 0.936883 0.928436
f 3305/4358/258 3111/4357/258 3112/4382/258

vt 0.939595 0.928925
f 3305/4358/258 3112/4382/258 3113/4383/258

vt 1.51389 0.03
vn 0.26789 -0.96345 0.000193269
vt 1.511 0.03
vt 1.511 0
v 46.9432 93.4962 -99.9062
vt 1.51389 0
f 3113/4384/556 3112/4385/555 3306/4386/555 3307/4387/556 

f 3306/4039/432 3304/4352/432 3307/4040/432

f 3303/4038/432 3304/4352/432 3306/4039/432

v 47.0866 93.5246 -99.9061
f 3307/4040/432 3304/4352/432 3308/4041/432

v 47.2335 93.5422 -99.906
f 3308/4041/432 3304/4352/432 3309/4042/432

v 47.2569 95.8129 -99.906
vt -0.945901 0.952091
f 3309/4042/432 3304/4352/432 3310/4388/432

vt -0.328046 0.03
v 47.2548 95.8129 -96.906
vt -0.330428 0.03
vn 0.299736 0.954022 0.000216245
vt -0.330428 0
vt -0.328046 0
f 3305/4389/550 3311/4390/557 3310/4391/557 3304/4392/550 

vt 0.945399 0.929384
vt 0.945901 0.952091
f 3305/4358/258 3115/4393/258 3311/4394/258

vt 0.942462 0.929208
f 3305/4358/258 3114/4395/258 3115/4393/258

f 3305/4358/258 3113/4383/258 3114/4395/258

vt 1.2842 0.03
vn 0.156939 -0.987608 0.000113223
vt 1.28128 0.03
vt 1.28128 0
vt 1.2842 0
f 3114/4396/558 3113/4397/556 3307/4398/556 3308/4399/558 

vt 1.15916 0.03
vn 0.0920145 -0.995758 6.63839e-05
vt 1.1562 0.03
vt 1.1562 0
vt 1.15916 0
f 3115/4400/559 3114/4401/558 3308/4402/558 3309/4403/559 

vt 1.06502 0.03
vn 0.0432114 -0.999066 3.11749e-05
vt 1.06213 0.03
vt 1.06213 0
v 47.3779 93.5516 -99.9059
vt 1.06502 0
f 3116/4404/560 3115/4405/559 3309/4406/559 3312/4407/560 

vt 0.948285 0.929476
f 3311/4394/258 3115/4393/258 3116/4408/258

v 47.4163 95.8728 -96.9058
vt 0.949129 0.952688
f 3311/4394/258 3116/4408/258 3313/4409/258

vt 0.950997 0.929505
f 3313/4409/258 3116/4408/258 3117/4410/258

vt 0.989975 0.03
vn 0.00474463 -0.999989 3.42302e-06
vt 0.987263 0.03
vt 0.987263 0
v 47.5135 93.5545 -99.9058
vt 0.989975 0
f 3117/4411/561 3116/4412/560 3312/4413/560 3314/4414/561 

v 47.4184 95.8728 -99.9058
vt -0.949129 0.952688
f 3312/4043/432 3315/4415/432 3314/4044/432

f 3312/4043/432 3310/4388/432 3315/4415/432

f 3309/4042/432 3310/4388/432 3312/4043/432

vt -1.54766 0.03
vn -0.34775 0.937587 -0.000250884
vt -1.5511 0.03
vt -1.5511 0
vt -1.54766 0
f 3311/4416/562 3313/4417/562 3315/4418/562 3310/4419/562 

vt -0.169118 0.03
vn 0.37284 0.927896 0.000268985
v 47.7479 95.7396 -96.9056
vt -0.176262 0.03
v 47.75 95.7396 -99.9056
vt -0.176262 0
vt -0.169118 0
f 3313/4420/563 3316/4421/563 3317/4422/563 3315/4423/563 

vt 0.955757 0.951353
f 3313/4409/258 3117/4410/258 3316/4424/258

vt 0.953411 0.929489
f 3316/4424/258 3117/4410/258 3118/4425/258

vt 0.929089 0.03
vn -0.0262024 -0.999657 -1.89037e-05
vt 0.926675 0.03
vt 0.926675 0
v 47.6343 93.553 -99.9057
vt 0.929089 0
f 3118/4426/564 3117/4427/561 3314/4428/561 3318/4429/564 

vt -0.955757 0.951353
f 3314/4044/432 3317/4430/432 3318/4045/432

f 3314/4044/432 3315/4415/432 3317/4430/432

v 47.734 93.549 -99.9056
f 3318/4045/432 3317/4430/432 3319/4046/432

v 47.7673 93.1694 -99.9056
f 3320/4092/432 3319/4046/432 3317/4430/432

v 47.7021 93.2024 -99.9056
f 3321/4091/432 3319/4046/432 3320/4092/432

v 47.6999 93.5217 -99.9056
f 3321/4091/432 3322/4047/432 3319/4046/432

v 47.5789 93.504 -99.9057
f 3321/4091/432 3323/4048/432 3322/4047/432

v 47.5774 93.2018 -99.9057
f 3324/4090/432 3323/4048/432 3321/4091/432

v 47.441 93.4808 -99.9058
f 3324/4090/432 3325/4049/432 3323/4048/432

v 47.4356 93.1977 -99.9058
f 3326/4089/432 3325/4049/432 3324/4090/432

v 47.2979 93.4524 -99.9059
f 3326/4089/432 3327/4050/432 3325/4049/432

v 47.2899 93.1883 -99.9059
f 3328/4088/432 3327/4050/432 3326/4089/432

v 47.1614 93.4191 -99.906
f 3328/4088/432 3329/4051/432 3327/4050/432

v 47.1535 93.1719 -99.906
f 3330/4087/432 3329/4051/432 3328/4088/432

v 47.0434 93.3811 -99.9061
f 3330/4087/432 3331/4052/432 3329/4051/432

v 47.0399 93.1468 -99.9061
f 3332/4086/432 3331/4052/432 3330/4087/432

v 46.961 93.111 -99.9062
f 3333/4085/432 3331/4052/432 3332/4086/432

v 46.9536 93.3385 -99.9062
f 3333/4085/432 3334/4053/432 3331/4052/432

v 46.8863 93.0564 -99.9062
f 3335/4084/432 3334/4053/432 3333/4085/432

v 46.86 93.2901 -99.9062
f 3335/4084/432 3336/4054/432 3334/4053/432

v 46.8021 92.9854 -99.9063
f 3337/4083/432 3336/4054/432 3335/4084/432

v 46.7532 93.2379 -99.9063
f 3337/4083/432 3338/4055/432 3336/4054/432

v 46.7146 92.9051 -99.9063
f 3339/4082/432 3338/4055/432 3337/4083/432

v 46.6412 93.1849 -99.9064
f 3339/4082/432 3340/4056/432 3338/4055/432

v 46.6296 92.823 -99.9064
f 3341/4081/432 3340/4056/432 3339/4082/432

v 46.553 92.7464 -99.9065
f 3342/4080/432 3340/4056/432 3341/4081/432

f 3342/4080/432 3133/4057/432 3340/4056/432

f 3136/4079/432 3133/4057/432 3342/4080/432

f 3135/4078/432 3133/4057/432 3136/4079/432

f 3133/4057/432 3135/4078/432 3132/4058/432

vt 1.96961 0.03
vn 0.712195 -0.701981 0.000513813
vt 1.96783 0.03
vt 1.96783 0
vt 1.96961 0
f 3137/4431/565 3134/4432/516 3136/4433/516 3342/4434/565 

vt 0.931785 0.92143
f 3130/4071/258 3134/4072/258 3137/4435/258

vt 0.933554 0.925815
f 3130/4071/258 3137/4435/258 3129/4436/258

vt 0.933316 0.922196
f 3129/4436/258 3137/4435/258 3138/4437/258

vt 1.96339 0.03
vn 0.701088 -0.713074 0.000505801
vt 1.96122 0.03
vt 1.96122 0
vt 1.96339 0
f 3138/4438/566 3137/4439/565 3342/4440/565 3341/4441/566 

vt 1.95378 0.03
vn 0.685202 -0.728353 0.000494339
vt 1.95141 0.03
vt 1.95141 0
vt 1.95378 0
f 3139/4442/567 3138/4443/566 3341/4444/566 3339/4445/567 

vt 0.935017 0.923016
f 3129/4436/258 3138/4437/258 3139/4446/258

vt 0.935794 0.926343
f 3129/4436/258 3139/4446/258 3128/4447/258

vt 0.936768 0.923818
f 3128/4447/258 3139/4446/258 3140/4448/258

vt 1.93784 0.03
vn 0.660678 -0.750669 0.000476646
vt 1.93547 0.03
vt 1.93547 0
vt 1.93784 0
f 3140/4449/568 3139/4450/567 3339/4451/567 3337/4452/568 

vt 1.90904 0.03
vn 0.618003 -0.786176 0.000445858
vt 1.90684 0.03
vt 1.90684 0
vt 1.90904 0
f 3141/4453/569 3140/4454/568 3337/4455/568 3335/4456/569 

vt 0.93793 0.926865
vt 0.938451 0.924528
f 3127/4457/258 3140/4448/258 3141/4458/258

f 3128/4447/258 3140/4448/258 3127/4457/258

vt -1.65354 0.03
vn -0.433349 0.901226 -0.00031264
vt -1.65592 0.03
vn -0.449378 0.893342 -0.000324204
vt -1.65592 0
vt -1.65354 0
f 3128/4459/570 3127/4460/571 3336/4461/571 3338/4462/570 

vt -1.6831 0.03
vt -1.68521 0.03
vn -0.443918 0.896067 -0.000320265
vt -1.68521 0
vt -1.6831 0
f 3127/4463/571 3126/4464/572 3334/4465/572 3336/4466/571 

vt 0.939802 0.927348
f 3127/4457/258 3141/4458/258 3126/4467/258

vt 0.939945 0.925073
f 3126/4467/258 3141/4458/258 3142/4468/258

vt 1.84908 0.03
vn 0.504133 -0.863626 0.000363707
vt 1.84723 0.03
vt 1.84723 0
vt 1.84908 0
f 3142/4469/573 3141/4470/569 3335/4471/569 3333/4472/573 

vt 1.62078 0.03
vn 0.316124 -0.948718 0.000228068
vt 1.61904 0.03
vt 1.61904 0
vt 1.62078 0
f 3143/4473/574 3142/4474/573 3333/4475/573 3332/4476/574 

vt 0.941597 0.927774
vt 0.941523 0.925431
f 3125/4477/258 3142/4468/258 3143/4478/258

f 3126/4467/258 3142/4468/258 3125/4477/258

vt -1.64261 0.03
vt -1.64459 0.03
vn -0.368349 0.929687 -0.000265746
vt -1.64459 0
vt -1.64261 0
f 3126/4479/572 3125/4480/575 3331/4481/575 3334/4482/572 

vt -1.46379 0.03
vt -1.46627 0.03
vn -0.272075 0.962276 -0.000196289
vt -1.46627 0
vt -1.46379 0
f 3125/4483/575 3124/4484/576 3329/4485/576 3331/4486/575 

vt 0.943795 0.925681
vt 0.943957 0.928153
f 3125/4477/258 3144/4487/258 3124/4488/258

f 3125/4477/258 3143/4478/258 3144/4487/258

vt 1.3195 0.03
vn 0.167678 -0.985842 0.000120971
vt 1.31718 0.03
vt 1.31718 0
vt 1.3195 0
f 3144/4489/577 3143/4490/574 3332/4491/574 3330/4492/577 

vt 1.1593 0.03
vn 0.0918255 -0.995775 6.62476e-05
vt 1.15655 0.03
vt 1.15655 0
vt 1.1593 0
f 3145/4493/578 3144/4494/577 3330/4495/577 3328/4496/578 

vt 0.946521 0.925844
f 3124/4488/258 3144/4487/258 3145/4497/258

vt 0.946685 0.928485
f 3124/4488/258 3145/4497/258 3123/4498/258

vt 0.949435 0.925937
f 3123/4498/258 3145/4497/258 3146/4499/258

vt 1.06518 0.03
vn 0.0466799 -0.99891 3.36772e-05
vt 1.06226 0.03
vt 1.06226 0
vt 1.06518 0
f 3146/4500/579 3145/4501/578 3328/4502/578 3326/4503/579 

vt 1.00433 0.03
vn 0.0168619 -0.999858 1.21651e-05
vt 1.0015 0.03
vt 1.0015 0
vt 1.00433 0
f 3147/4504/580 3146/4505/579 3326/4506/579 3324/4507/580 

vt 0.949545 0.928768
vt 0.95227 0.925977
f 3122/4508/258 3146/4499/258 3147/4509/258

f 3123/4498/258 3146/4499/258 3122/4508/258

vt -1.28846 0.03
vn -0.215916 0.976412 -0.000155772
vt -1.29137 0.03
vn -0.180167 0.983636 -0.000129981
vt -1.29137 0
vt -1.28846 0
f 3123/4510/581 3122/4511/582 3325/4512/582 3327/4513/581 

vt -1.24298 0.03
vt -1.24578 0.03
vn -0.155485 0.987838 -0.000112175
vt -1.24578 0
vt -1.24298 0
f 3122/4514/582 3121/4515/583 3323/4516/583 3325/4517/582 

vt 0.952303 0.928999
f 3122/4508/258 3147/4509/258 3121/4518/258

vt 0.954761 0.925982
f 3121/4518/258 3147/4509/258 3148/4519/258

vt 0.962057 0.03
vn 0.00466701 -0.999989 3.36702e-06
vt 0.959566 0.03
vt 0.959566 0
vt 0.962057 0
f 3148/4520/584 3147/4521/580 3324/4522/580 3321/4523/584 

vt 0.0163045 0.03
vn -0.451422 -0.892311 -0.000325678
vt 0.0148422 0.03
vt 0.0148422 0
vt 0.0163045 0
f 3149/4524/585 3148/4525/585 3321/4526/585 3320/4527/585 

vt 0.955405 0.929448
vt 0.956065 0.925651
f 3119/4528/258 3148/4519/258 3149/4529/258

vt 0.954723 0.929175
f 3120/4530/258 3148/4519/258 3119/4528/258

f 3121/4518/258 3148/4519/258 3120/4530/258

vt -1.21304 0.03
vn -0.145178 0.989406 -0.000104738
vt -1.21304 0
f 3121/3525/583 3120/4531/586 3322/4532/586 3323/3526/583 

vt -1.90527 0.03
vn -0.624742 0.780831 -0.000450721
vt -1.90614 0.03
vt -1.90614 0
vt -1.90527 0
f 3120/4533/587 3119/4534/587 3319/4535/587 3322/4536/587 

vt 0.878813 0.03
vn -0.0400748 -0.999197 -2.8912e-05
vt 0.876817 0.03
vt 0.876817 0
vt 0.878813 0
f 3119/4537/588 3118/4538/564 3318/4539/564 3319/4540/588 

f 3316/4424/258 3118/4425/258 3119/4528/258

f 3119/4528/258 3149/4529/258 3316/4424/258

v 48.1841 95.1742 -96.9053
vt 0.964468 0.945697
f 3316/4424/258 3149/4529/258 3343/4541/258

vt 0.957979 0.920837
f 3343/4541/258 3149/4529/258 3189/4542/258

vt 0.955282 0.920829
f 3149/4529/258 3188/4543/258 3189/4542/258

vt 0.954939 0.925485
f 3150/4544/258 3188/4543/258 3149/4529/258

vt 0.953491 0.925297
f 3151/4545/258 3188/4543/258 3150/4544/258

vt 0.952462 0.920781
f 3151/4545/258 3187/4546/258 3188/4543/258

vt 0.951704 0.925095
f 3152/4547/258 3187/4546/258 3151/4545/258

vt 0.949727 0.92068
f 3152/4547/258 3186/4548/258 3187/4546/258

vt 0.949558 0.924884
f 3153/4549/258 3186/4548/258 3152/4547/258

vt 0.947289 0.920512
f 3153/4549/258 3185/4550/258 3186/4548/258

vt 0.947143 0.924678
f 3154/4551/258 3185/4550/258 3153/4549/258

vt 0.94536 0.924509
f 3155/4552/258 3185/4550/258 3154/4551/258

vt 0.945306 0.920262
f 3155/4552/258 3184/4553/258 3185/4550/258

vt 0.944239 0.924366
f 3156/4554/258 3184/4553/258 3155/4552/258

vt 0.94356 0.924223
f 3157/4555/258 3184/4553/258 3156/4554/258

vt 0.94347 0.919936
f 3157/4555/258 3183/4556/258 3184/4553/258

vt 0.943101 0.924055
f 3158/4557/258 3183/4556/258 3157/4555/258

vt 0.942642 0.923839
f 3159/4558/258 3183/4556/258 3158/4557/258

vt 0.941961 0.923549
f 3160/4559/258 3183/4556/258 3159/4558/258

vt 0.94171 0.919556
f 3160/4559/258 3182/4560/258 3183/4556/258

vt 0.940838 0.923161
f 3161/4561/258 3182/4560/258 3160/4559/258

vt 0.940057 0.91914
f 3161/4561/258 3181/4562/258 3182/4560/258

vt 0.93907 0.922655
f 3162/4563/258 3181/4562/258 3161/4561/258

vt 0.938545 0.918708
f 3162/4563/258 3180/4564/258 3181/4562/258

vt 0.937204 0.91828
f 3162/4563/258 3179/4565/258 3180/4564/258

vt 0.937123 0.922133
f 3163/4566/258 3179/4565/258 3162/4563/258

vt 0.936066 0.917876
f 3163/4566/258 3178/4567/258 3179/4565/258

vt 0.935309 0.921659
f 3164/4568/258 3178/4567/258 3163/4566/258

vt 0.935163 0.917515
f 3164/4568/258 3177/4569/258 3178/4567/258

vt 0.934521 0.917213
f 3164/4568/258 3176/4570/258 3177/4569/258

vt 0.93395 0.916858
f 3164/4568/258 3175/4571/258 3176/4570/258

vt 0.933668 0.92124
f 3165/4572/258 3175/4571/258 3164/4568/258

vt 0.933371 0.91642
f 3165/4572/258 3174/4573/258 3175/4571/258

vt 0.932809 0.91594
f 3165/4572/258 3173/4574/258 3174/4573/258

vt 0.932291 0.915457
f 3165/4572/258 3172/4575/258 3173/4574/258

f 3166/4118/258 3172/4575/258 3165/4572/258

f 3166/4118/258 3169/4119/258 3172/4575/258

vt 2.05377 0.03
vn 0.887541 -0.460727 0.000640317
vt 2.05277 0.03
vt 2.05277 0
v 46.5788 92.1491 -99.9064
vt 2.05377 0
f 3172/4576/589 3169/4577/521 3171/4578/521 3344/4579/589 

f 3171/4126/432 3168/4109/432 3344/4127/432

f 3170/4125/432 3168/4109/432 3171/4126/432

f 3168/4109/432 3170/4125/432 3167/4077/432

v 46.6472 92.7274 -99.9064
f 3344/4127/432 3168/4109/432 3345/4108/432

vt -1.65786 0.03
vt -1.65946 0.03
vn -0.45198 0.892028 -0.000326081
vt -1.65946 0
vt -1.65786 0
f 3166/4580/520 3165/4581/590 3345/4582/590 3168/4583/520 

vt -1.66916 0.03
vt -1.67101 0.03
vn -0.45951 0.888173 -0.000331514
v 46.7293 92.7694 -99.9063
vt -1.67101 0
vt -1.66916 0
f 3165/4584/590 3164/4585/591 3346/4586/591 3345/4587/590 

vt -1.68185 0.03
vt -1.6839 0.03
vn -0.468014 0.883721 -0.000337649
v 46.82 92.8169 -99.9063
vt -1.6839 0
vt -1.68185 0
f 3164/4588/591 3163/4589/592 3347/4590/592 3346/4591/591 

vt -1.69608 0.03
vt -1.69828 0.03
vn -0.485251 0.874375 -0.000350084
v 46.9174 92.8691 -99.9062
vt -1.69828 0
vt -1.69608 0
f 3163/4592/592 3162/4593/593 3348/4594/593 3347/4595/592 

vt -1.73186 0.03
vt -1.7339 0.03
vn -0.533751 0.845641 -0.000385075
v 47.0058 92.9198 -99.9061
vt -1.7339 0
vt -1.73186 0
f 3162/4596/593 3161/4597/594 3349/4598/594 3348/4599/593 

vt -1.82264 0.03
vt -1.82401 0.03
vn -0.609455 0.792821 -0.000439691
v 47.0619 92.9587 -99.9061
vt -1.82401 0
vt -1.82264 0
f 3161/4600/594 3160/4601/595 3350/4602/595 3349/4603/594 

vt -1.91388 0.03
vt -1.91477 0.03
vn -0.667582 0.744536 -0.000481627
v 47.096 92.9877 -99.9061
vt -1.91477 0
vt -1.91388 0
f 3160/4604/595 3159/4605/596 3351/4606/596 3350/4607/595 

vt -1.95231 0.03
vt -1.95294 0.03
vn -0.639276 0.768977 -0.000461206
v 47.1189 93.0093 -99.9061
vt -1.95294 0
vt -1.95231 0
f 3159/4608/596 3158/4609/597 3352/4610/597 3351/4611/596 

vt -1.8506 0.03
vt -1.85117 0.03
vn -0.492719 0.870189 -0.000355472
v 47.1419 93.0261 -99.906
vt -1.85117 0
vt -1.8506 0
f 3158/4612/597 3157/4613/598 3353/4614/598 3352/4615/597 

vt -1.58676 0.03
vt -1.5875 0.03
vn -0.319569 0.947563 -0.000230553
v 47.1758 93.0404 -99.906
vt -1.5875 0
vt -1.58676 0
f 3157/4616/598 3156/4617/599 3354/4618/599 3353/4619/598 

vt -1.37272 0.03
vt -1.37388 0.03
vn -0.217421 0.976078 -0.000156859
v 47.2319 93.0548 -99.906
vt -1.37388 0
vt -1.37272 0
f 3156/4620/599 3155/4621/600 3355/4622/600 3354/4623/599 

vt -1.27158 0.03
vt -1.2734 0.03
vn -0.177716 0.984082 -0.000128213
v 47.3211 93.0717 -99.9059
vt -1.2734 0
vt -1.27158 0
f 3155/4624/600 3154/4625/601 3356/4626/601 3355/4627/600 

vt -1.24525 0.03
vt -1.2477 0.03
vn -0.181205 0.983445 -0.000130731
v 47.4419 93.0924 -99.9058
vt -1.2477 0
vt -1.24525 0
f 3154/4628/601 3153/4629/602 3357/4630/602 3356/4631/601 

vt -1.28746 0.03
vt -1.28964 0.03
vn -0.207468 0.978242 -0.000149678
v 47.5492 93.1136 -99.9057
vt -1.28964 0
vt -1.28746 0
f 3153/4632/602 3152/4633/603 3358/4634/603 3357/4635/602 

vt -1.33707 0.03
vt -1.3389 0.03
vn -0.236849 0.971547 -0.000170875
v 47.6386 93.1339 -99.9057
vt -1.3389 0
vt -1.33707 0
f 3152/4636/603 3151/4637/604 3359/4638/604 3358/4639/603 

vt -1.38741 0.03
vt -1.38891 0.03
vn -0.267418 0.963581 -0.000192929
v 47.711 93.1527 -99.9056
vt -1.38891 0
vt -1.38741 0
f 3151/4640/604 3150/4641/605 3360/4642/605 3359/4643/604 

vt -1.43831 0.03
vt -1.43949 0.03
vn -0.282957 0.959133 -0.00020414
vt -1.43949 0
vt -1.43831 0
f 3150/4644/605 3149/4645/606 3320/4646/606 3360/4647/605 

v 47.7285 92.6871 -99.9056
f 3361/4143/432 3360/4093/432 3320/4092/432

f 3361/4143/432 3359/4094/432 3360/4093/432

v 47.5874 92.6822 -99.9057
f 3362/4142/432 3359/4094/432 3361/4143/432

f 3362/4142/432 3358/4095/432 3359/4094/432

v 47.4506 92.672 -99.9058
f 3363/4141/432 3358/4095/432 3362/4142/432

f 3363/4141/432 3357/4096/432 3358/4095/432

v 47.3287 92.6551 -99.9059
f 3364/4140/432 3357/4096/432 3363/4141/432

f 3364/4140/432 3356/4097/432 3357/4096/432

f 3364/4140/432 3355/4098/432 3356/4097/432

v 47.2295 92.63 -99.906
f 3365/4139/432 3355/4098/432 3364/4140/432

f 3365/4139/432 3354/4099/432 3355/4098/432

f 3365/4139/432 3353/4100/432 3354/4099/432

v 47.1377 92.5974 -99.906
f 3366/4138/432 3353/4100/432 3365/4139/432

f 3366/4138/432 3352/4101/432 3353/4100/432

f 3366/4138/432 3351/4102/432 3352/4101/432

f 3366/4138/432 3350/4103/432 3351/4102/432

v 47.0496 92.5593 -99.9061
f 3367/4137/432 3350/4103/432 3366/4138/432

f 3367/4137/432 3349/4104/432 3350/4103/432

v 46.967 92.5177 -99.9062
f 3368/4136/432 3349/4104/432 3367/4137/432

f 3368/4136/432 3348/4105/432 3349/4104/432

v 46.8914 92.4744 -99.9062
f 3369/4135/432 3348/4105/432 3368/4136/432

v 46.8243 92.4316 -99.9063
f 3370/4134/432 3348/4105/432 3369/4135/432

f 3370/4134/432 3347/4106/432 3348/4105/432

v 46.7674 92.3911 -99.9063
f 3371/4133/432 3347/4106/432 3370/4134/432

f 3371/4133/432 3346/4107/432 3347/4106/432

v 46.7223 92.355 -99.9063
f 3372/4132/432 3346/4107/432 3371/4133/432

v 46.6902 92.3248 -99.9064
f 3373/4131/432 3346/4107/432 3372/4132/432

v 46.6616 92.2892 -99.9064
f 3374/4130/432 3346/4107/432 3373/4131/432

f 3374/4130/432 3345/4108/432 3346/4107/432

v 46.6327 92.2454 -99.9064
f 3375/4129/432 3345/4108/432 3374/4130/432

v 46.6046 92.1974 -99.9064
f 3376/4128/432 3345/4108/432 3375/4129/432

f 3344/4127/432 3345/4108/432 3376/4128/432

vt 2.05442 0.03
vn 0.87265 -0.488346 0.000629574
vt 2.05332 0.03
vt 2.05332 0
vt 2.05442 0
f 3173/4648/607 3172/4649/589 3344/4650/589 3376/4651/607 

vt 2.05253 0.03
vn 0.849237 -0.528011 0.000612682
vt 2.05142 0.03
vt 2.05142 0
vt 2.05253 0
f 3174/4652/608 3173/4653/607 3376/4654/607 3375/4655/608 

vt 2.04383 0.03
vn 0.807949 -0.589252 0.000582895
vt 2.04278 0.03
vt 2.04278 0
vt 2.04383 0
f 3175/4656/609 3174/4657/608 3375/4658/608 3374/4659/609 

vt 2.01457 0.03
vn 0.734234 -0.678897 0.000529713
vt 2.01365 0.03
vt 2.01365 0
vt 2.01457 0
f 3176/4660/610 3175/4661/609 3374/4662/609 3373/4663/610 

vt 1.93716 0.03
vn 0.655395 -0.755286 0.000472835
vt 1.93627 0.03
vt 1.93627 0
vt 1.93716 0
f 3177/4664/611 3176/4665/610 3373/4666/610 3372/4667/611 

vt 1.87662 0.03
vn 0.602444 -0.798161 0.000434633
vt 1.87546 0.03
vt 1.87546 0
vt 1.87662 0
f 3178/4668/612 3177/4669/611 3372/4670/611 3371/4671/612 

vt 1.82703 0.03
vn 0.559201 -0.829032 0.000403436
vt 1.82563 0.03
vt 1.82563 0
vt 1.82703 0
f 3179/4672/613 3178/4673/612 3371/4674/612 3370/4675/613 

vt 1.77894 0.03
vn 0.517541 -0.855659 0.00037338
vt 1.77735 0.03
vt 1.77735 0
vt 1.77894 0
f 3180/4676/614 3179/4677/613 3370/4678/613 3369/4679/614 

vt 1.72725 0.03
vn 0.473483 -0.880803 0.000341595
vt 1.72551 0.03
vt 1.72551 0
vt 1.72725 0
f 3181/4680/615 3180/4681/614 3369/4682/614 3368/4683/615 

vt 1.66767 0.03
vn 0.423998 -0.905663 0.000305894
vt 1.66582 0.03
vt 1.66582 0
vt 1.66767 0
f 3182/4684/616 3181/4685/615 3368/4686/615 3367/4687/616 

vt 1.59555 0.03
vn 0.366069 -0.930588 0.000264101
vt 1.59363 0.03
vt 1.59363 0
vt 1.59555 0
f 3183/4688/617 3182/4689/616 3367/4690/616 3366/4691/617 

vt 1.50499 0.03
vn 0.290027 -0.957019 0.00020924
vt 1.50304 0.03
vt 1.50304 0
vt 1.50499 0
f 3184/4692/618 3183/4693/617 3366/4694/617 3365/4695/618 

vt 1.3682 0.03
vn 0.191643 -0.981465 0.000138261
vt 1.36616 0.03
vt 1.36616 0
vt 1.3682 0
f 3185/4696/619 3184/4697/618 3365/4698/618 3364/4699/619 

vt 1.19283 0.03
vn 0.106016 -0.994364 7.64855e-05
vt 1.19037 0.03
vt 1.19037 0
vt 1.19283 0
f 3186/4700/620 3185/4701/619 3364/4702/619 3363/4703/620 

vt 1.08525 0.03
vn 0.0543455 -0.998522 3.92075e-05
vt 1.0825 0.03
vt 1.0825 0
vt 1.08525 0
f 3187/4704/621 3186/4705/620 3363/4706/620 3362/4707/621 

vt 1.01675 0.03
vn 0.0207941 -0.999784 1.50019e-05
vt 1.01393 0.03
vt 1.01393 0
vt 1.01675 0
f 3188/4708/622 3187/4709/621 3362/4710/621 3361/4711/622 

vt 0.969839 0.03
vn -0.00268817 -0.999996 -1.93938e-06
vt 0.967143 0.03
vt 0.967143 0
v 47.8634 92.6881 -99.9055
vt 0.969839 0
f 3189/4712/623 3188/4713/622 3361/4714/622 3377/4715/623 

f 3361/4143/432 3320/4092/432 3377/4144/432

v 48.1863 95.1742 -99.9053
vt -0.964468 0.945697
f 3320/4092/432 3378/4716/432 3377/4144/432

f 3320/4092/432 3317/4430/432 3378/4716/432

vt 0.923205 0.03
vn 0.791726 0.610876 0.000571191
vt 0.908931 0.03
vt 0.908931 0
vt 0.923205 0
f 3316/4717/624 3343/4718/624 3378/4719/624 3317/4720/624 

vt 1.7841 0.03
vn 0.994878 0.101085 0.000717755
v 48.2473 94.5519 -96.9052
vt 1.7716 0.03
v 48.2495 94.5519 -99.9052
vt 1.7716 0
vt 1.7841 0
f 3343/4721/625 3379/4722/625 3380/4723/625 3378/4724/625 

v 48.095 94.1352 -96.9053
vt 0.962673 0.935307
vt 0.965723 0.939473
f 3343/4541/258 3381/4725/258 3379/4726/258

v 48.0449 94.0446 -96.9054
vt 0.96167 0.934402
f 3343/4541/258 3382/4727/258 3381/4725/258

f 3343/4541/258 3189/4542/258 3382/4727/258

vt 0.960341 0.920822
f 3382/4727/258 3189/4542/258 3190/4728/258

vt 0.935825 0.03
vn -0.098901 -0.995097 -7.13521e-05
vt 0.933462 0.03
vt 0.933462 0
v 47.9816 92.6866 -99.9054
vt 0.935825 0
f 3190/4729/626 3189/4730/623 3377/4731/623 3383/4732/626 

v 48.0471 94.0446 -99.9054
vt -0.96167 0.934402
f 3377/4144/432 3384/4733/432 3383/4145/432

f 3377/4144/432 3378/4716/432 3384/4733/432

v 48.0972 94.1352 -99.9053
vt -0.962673 0.935307
f 3384/4733/432 3378/4716/432 3385/4734/432

vt -0.965723 0.939473
f 3385/4734/432 3378/4716/432 3380/4735/432

vt 2.09559 0.03
vn 0.939235 -0.343275 0.000677611
vt 2.08672 0.03
vn 0.909785 -0.415078 0.000656365
vt 2.08672 0
vt 2.09559 0
f 3379/4736/627 3381/4737/628 3385/4738/628 3380/4739/627 

vt 2.10196 0.03
vt 2.09989 0.03
vn 0.874857 -0.484382 0.000631166
vt 2.09989 0
vt 2.10196 0
f 3381/4740/628 3382/4741/629 3384/4742/629 3385/4743/628 

vt 0.371975 0.03
vn 0.607356 0.79443 0.000438177
v 48.1379 93.9736 -96.9053
vt 0.369636 0.03
vn 0.709907 0.704295 0.000512163
v 48.14 93.9736 -99.9053
vt 0.369636 0
vt 0.371975 0
f 3382/4744/630 3386/4745/631 3387/4746/631 3384/4747/630 

vt 0.962257 0.920641
vt 0.963527 0.933691
f 3382/4727/258 3191/4748/258 3386/4749/258

f 3191/4748/258 3382/4727/258 3190/4728/258

vt 0.604736 0.03
vn -0.184511 -0.982831 -0.000133115
vt 0.602786 0.03
vt 0.602786 0
v 48.0775 92.6686 -99.9054
vt 0.604736 0
f 3191/4750/632 3190/4751/626 3383/4752/626 3388/4753/632 

f 3384/4733/432 3388/4146/432 3383/4145/432

vt -0.963527 0.933691
f 3388/4146/432 3384/4733/432 3387/4754/432

v 48.1674 92.3568 -99.9053
f 3389/4198/432 3388/4146/432 3387/4754/432

v 48.055 92.3523 -99.9054
f 3390/4197/432 3388/4146/432 3389/4198/432

v 47.9786 92.6455 -99.9054
f 3390/4197/432 3391/4147/432 3388/4146/432

v 47.927 92.3431 -99.9055
f 3392/4196/432 3391/4147/432 3390/4197/432

v 47.847 92.6133 -99.9055
f 3392/4196/432 3393/4148/432 3391/4147/432

v 47.7951 92.3278 -99.9056
f 3394/4195/432 3393/4148/432 3392/4196/432

v 47.6962 92.5743 -99.9056
f 3394/4195/432 3395/4149/432 3393/4148/432

v 47.6712 92.3047 -99.9057
f 3396/4194/432 3395/4149/432 3394/4195/432

v 47.5669 92.2723 -99.9057
f 3397/4193/432 3395/4149/432 3396/4194/432

v 47.5398 92.5306 -99.9057
f 3397/4193/432 3398/4150/432 3395/4149/432

v 47.4915 92.23 -99.9058
f 3399/4192/432 3398/4150/432 3397/4193/432

v 47.4143 92.1927 -99.9058
f 3400/4191/432 3398/4150/432 3399/4192/432

v 47.3914 92.4844 -99.9059
f 3400/4191/432 3401/4151/432 3398/4150/432

v 47.3263 92.1637 -99.9059
f 3402/4190/432 3401/4151/432 3400/4191/432

v 47.2644 92.4378 -99.9059
f 3402/4190/432 3403/4152/432 3401/4151/432

v 47.233 92.1401 -99.906
f 3404/4189/432 3403/4152/432 3402/4190/432

v 47.1711 92.3928 -99.906
f 3404/4189/432 3405/4153/432 3403/4152/432

v 47.1396 92.1192 -99.906
f 3406/4188/432 3405/4153/432 3404/4189/432

v 47.0795 92.3421 -99.9061
f 3406/4188/432 3407/4154/432 3405/4153/432

v 47.0516 92.0979 -99.9061
f 3408/4187/432 3407/4154/432 3406/4188/432

v 46.9761 92.2849 -99.9062
f 3408/4187/432 3409/4155/432 3407/4154/432

v 46.9743 92.0734 -99.9062
f 3410/4186/432 3409/4155/432 3408/4187/432

v 46.9131 92.0428 -99.9062
f 3411/4185/432 3409/4155/432 3410/4186/432

v 46.8731 92.0033 -99.9062
f 3412/4184/432 3409/4155/432 3411/4185/432

v 46.8684 92.2252 -99.9062
f 3412/4184/432 3413/4156/432 3409/4155/432

v 46.8417 91.9544 -99.9063
f 3414/4183/432 3413/4156/432 3412/4184/432

v 46.8105 91.8996 -99.9063
f 3415/4182/432 3413/4156/432 3414/4183/432

v 46.7807 91.8428 -99.9063
f 3416/4181/432 3413/4156/432 3415/4182/432

f 3416/4181/432 3205/4157/432 3413/4156/432

v 46.7535 91.7878 -99.9063
f 3417/4180/432 3205/4157/432 3416/4181/432

f 3208/4179/432 3205/4157/432 3417/4180/432

f 3207/4178/432 3205/4157/432 3208/4179/432

f 3205/4157/432 3207/4178/432 3204/4158/432

vt 2.04775 0.03
vn 0.901022 -0.433773 0.000650043
vt 2.04666 0.03
vt 2.04666 0
vt 2.04775 0
f 3209/4755/633 3206/4756/527 3208/4757/527 3417/4758/633 

vt 0.93578 0.911843
f 3202/4171/258 3206/4172/258 3209/4759/258

vt 0.936323 0.912393
f 3202/4171/258 3209/4759/258 3210/4760/258

vt 2.04993 0.03
vn 0.891335 -0.453344 0.000643054
vt 2.0487 0.03
vt 2.0487 0
vt 2.04993 0
f 3210/4761/634 3209/4762/633 3417/4763/633 3416/4764/634 

vt 2.05136 0.03
vn 0.877281 -0.479977 0.000632914
vt 2.05008 0.03
vt 2.05008 0
vt 2.05136 0
f 3211/4765/635 3210/4766/634 3416/4767/634 3415/4768/635 

vt 0.938083 0.916216
vt 0.936919 0.912961
f 3201/4769/258 3210/4760/258 3211/4770/258

f 3202/4171/258 3210/4760/258 3201/4769/258

vt -1.70545 0.03
vt -1.70784 0.03
vn -0.484892 0.874574 -0.000349826
vt -1.70784 0
vt -1.70545 0
f 3202/4771/526 3201/4772/636 3413/4773/636 3205/4774/526 

vt -1.70753 0.03
vt -1.70999 0.03
vn -0.4846 0.874736 -0.000349615
vt -1.70999 0
vt -1.70753 0
f 3201/4775/636 3200/4776/637 3409/4777/637 3413/4778/636 

vt 0.938174 0.913997
vt 0.940236 0.916812
f 3201/4769/258 3213/4779/258 3200/4780/258

vt 0.937544 0.913508
f 3201/4769/258 3212/4781/258 3213/4779/258

f 3201/4769/258 3211/4770/258 3212/4781/258

vt 2.05067 0.03
vn 0.85526 -0.518199 0.000617028
vt 2.04941 0.03
vt 2.04941 0
vt 2.05067 0
f 3212/4782/638 3211/4783/635 3415/4784/635 3414/4785/638 

vt 2.0441 0.03
vn 0.776666 -0.629912 0.000560326
vt 2.04294 0.03
vt 2.04294 0
vt 2.0441 0
f 3213/4786/639 3212/4787/638 3414/4788/638 3412/4789/639 

vt 1.95204 0.03
vn 0.582039 -0.813161 0.000419912
vt 1.95091 0.03
vt 1.95091 0
vt 1.95204 0
f 3214/4790/640 3213/4791/639 3412/4792/639 3411/4793/640 

vt 0.938974 0.914392
f 3200/4780/258 3213/4779/258 3214/4794/258

vt 0.940197 0.914697
f 3200/4780/258 3214/4794/258 3215/4795/258

vt 1.65736 0.03
vn 0.375642 -0.926765 0.000271007
vt 1.65599 0.03
vt 1.65599 0
vt 1.65736 0
f 3215/4796/641 3214/4797/640 3411/4798/640 3410/4799/641 

vt 1.4492 0.03
vn 0.268785 -0.9632 0.000193915
vt 1.44758 0.03
vt 1.44758 0
vt 1.4492 0
f 3216/4800/642 3215/4801/641 3410/4802/641 3408/4803/642 

vt 0.941742 0.914941
f 3200/4780/258 3215/4795/258 3216/4804/258

vt 0.942303 0.917384
f 3200/4780/258 3216/4804/258 3199/4805/258

vt 0.943502 0.915154
f 3199/4805/258 3216/4804/258 3217/4806/258

vt 1.34612 0.03
vn 0.227189 -0.973851 0.000163906
vt 1.34431 0.03
vt 1.34431 0
vt 1.34612 0
f 3217/4807/643 3216/4808/642 3408/4809/642 3406/4810/643 

vt 1.32234 0.03
vn 0.231867 -0.972747 0.000167281
vt 1.32042 0.03
vt 1.32042 0
vt 1.32234 0
f 3218/4811/644 3217/4812/643 3406/4813/643 3404/4814/644 

vt 0.944135 0.91789
vt 0.945368 0.915363
f 3198/4815/258 3217/4806/258 3218/4816/258

f 3199/4805/258 3217/4806/258 3198/4815/258

vt -1.71116 0.03
vn -0.484148 0.874986 -0.000349289
vt -1.71325 0.03
vn -0.459337 0.888262 -0.000331389
vt -1.71325 0
vt -1.71116 0
f 3199/4817/645 3198/4818/646 3405/4819/646 3407/4820/645 

vt -1.64664 0.03
vt -1.64871 0.03
vn -0.389796 0.920901 -0.000281219
vt -1.64871 0
vt -1.64664 0
f 3198/4821/646 3197/4822/647 3403/4823/647 3405/4824/646 

vt 0.946001 0.918339
f 3198/4815/258 3218/4816/258 3197/4825/258

vt 0.947235 0.915598
f 3197/4825/258 3218/4816/258 3219/4826/258

vt 1.36486 0.03
vn 0.278865 -0.96033 0.000201187
vt 1.36294 0.03
vt 1.36294 0
vt 1.36486 0
f 3219/4827/648 3218/4828/644 3404/4829/644 3402/4830/648 

vt 1.47315 0.03
vn 0.374722 -0.927137 0.000270343
vt 1.4713 0.03
vt 1.4713 0
vt 1.47315 0
f 3220/4831/649 3219/4832/648 3402/4833/648 3400/4834/649 

vt 0.94854 0.918804
vt 0.948994 0.915887
f 3196/4835/258 3219/4826/258 3220/4836/258

f 3197/4825/258 3219/4826/258 3196/4835/258

vt -1.51907 0.03
vt -1.52177 0.03
vn -0.320839 0.947134 -0.00023147
vt -1.52177 0
vt -1.51907 0
f 3197/4837/647 3196/4838/650 3401/4839/650 3403/4840/647 

vt -1.4506 0.03
vt -1.45371 0.03
vn -0.283265 0.959042 -0.000204362
vt -1.45371 0
vt -1.4506 0
f 3196/4841/650 3195/4842/651 3398/4843/651 3401/4844/650 

vt 0.951508 0.919265
f 3196/4835/258 3220/4836/258 3195/4845/258

vt 0.950539 0.916259
f 3195/4845/258 3220/4836/258 3221/4846/258

vt 1.65166 0.03
vn 0.462413 -0.886664 0.000333608
vt 1.64995 0.03
vt 1.64995 0
vt 1.65166 0
f 3221/4847/652 3220/4848/649 3400/4849/649 3399/4850/652 

vt 1.72629 0.03
vn 0.3952 -0.918595 0.000285117
vt 1.72456 0.03
vt 1.72456 0
vt 1.72629 0
f 3222/4851/653 3221/4852/652 3399/4853/652 3397/4854/653 

vt 0.952046 0.916682
f 3195/4845/258 3221/4846/258 3222/4855/258

vt 0.954635 0.919701
f 3195/4845/258 3222/4855/258 3194/4856/258

vt 0.954131 0.917005
f 3194/4856/258 3222/4855/258 3223/4857/258

vt 1.4538 0.03
vn 0.240269 -0.970706 0.000173342
vt 1.45162 0.03
vt 1.45162 0
vt 1.4538 0
f 3223/4858/654 3222/4859/653 3397/4860/653 3396/4861/654 

vt 1.27505 0.03
vn 0.14946 -0.988768 0.000107828
vt 1.27253 0.03
vt 1.27253 0
vt 1.27505 0
f 3224/4862/655 3223/4863/654 3396/4864/654 3394/4865/655 

vt 0.956609 0.917235
f 3194/4856/258 3223/4857/258 3224/4866/258

vt 0.957649 0.92009
f 3194/4856/258 3224/4866/258 3193/4867/258

vt 0.959244 0.917387
f 3193/4867/258 3224/4866/258 3225/4868/258

vt 1.16359 0.03
vn 0.0935384 -0.995616 6.74833e-05
vt 1.16093 0.03
vt 1.16093 0
vt 1.16359 0
f 3225/4869/656 3224/4870/655 3394/4871/655 3392/4872/656 

vt 1.08907 0.03
vn 0.0559523 -0.998433 4.03668e-05
vt 1.0865 0.03
vt 1.0865 0
vt 1.08907 0
f 3226/4873/657 3225/4874/656 3392/4875/656 3390/4876/657 

vt 0.96028 0.920411
vt 0.961803 0.917478
f 3192/4877/258 3225/4868/258 3226/4878/258

f 3193/4867/258 3225/4868/258 3192/4877/258

vt -1.36568 0.03
vn -0.243954 0.969787 -0.000176
vt -1.36839 0.03
vn -0.232417 0.972616 -0.000167677
vt -1.36839 0
vt -1.36568 0
f 3193/4879/658 3192/4880/659 3391/4881/659 3393/4882/658 

vt -1.35253 0.03
vt -1.35456 0.03
vn -0.227495 0.973779 -0.000164127
vt -1.35456 0
vt -1.35253 0
f 3192/4883/659 3191/4884/660 3388/4885/660 3391/4886/659 

f 3192/4877/258 3226/4878/258 3191/4748/258

vt 0.964051 0.917523
f 3191/4748/258 3226/4878/258 3227/4887/258

vt 1.03619 0.03
vn 0.0291013 -0.999576 2.09952e-05
vt 1.03394 0.03
vt 1.03394 0
vt 1.03619 0
f 3227/4888/661 3226/4889/657 3390/4890/657 3389/4891/661 

vt 0.996811 0.03
vn 0.0177302 -0.999843 1.27914e-05
vt 0.995108 0.03
vt 0.995108 0
v 48.2526 92.3583 -99.9052
vt 0.996811 0
f 3228/4892/662 3227/4893/661 3389/4894/661 3418/4895/662 

v 48.3708 93.6639 -96.9051
vt 0.968178 0.930592
vt 0.965754 0.917537
f 3419/4896/258 3227/4887/258 3228/4897/258

f 3386/4749/258 3227/4887/258 3419/4896/258

f 3191/4748/258 3227/4887/258 3386/4749/258

vt 0.913967 0.03
vt 0.906222 0.03
vn 0.844496 0.535562 0.000609262
v 48.3729 93.6639 -99.9051
vt 0.906222 0
vt 0.913967 0
f 3386/4898/631 3419/4899/663 3420/4900/663 3387/4901/631 

vt 1.19463 0.03
v 48.7482 92.9486 -96.9049
vt 1.17847 0.03
vn 0.94422 0.329315 0.000681208
v 48.7504 92.9486 -99.9049
vt 1.17847 0
vt 1.19463 0
f 3419/4902/663 3421/4903/664 3422/4904/664 3420/4905/663 

v 48.5693 87.6791 -96.905
vt 0.97206 0.870743
vt 0.975713 0.923436
f 3423/4906/258 3421/4907/258 3419/4896/258

v 48.6648 88.3263 -96.9049
vt 0.973979 0.877214
f 3421/4907/258 3423/4906/258 3424/4908/258

vt 1.87749 0.03
vn 0.98928 -0.146029 0.000713716
vt 1.86441 0.03
v 48.5714 87.6791 -99.905
vt 1.86441 0
v 48.667 88.3263 -99.9049
vt 1.87749 0
f 3424/4909/665 3423/4910/665 3425/4911/665 3426/4912/665 

vt -0.973979 0.877214
v 48.8418 86.9747 -96.9048
vt -0.977498 0.863697
vt -0.97206 0.870743
f 3424/4913/432 3427/4914/432 3423/4915/432

v 49.158 88.6721 -96.9046
vt -0.983842 0.880668
f 3427/4914/432 3424/4913/432 3428/4916/432

vt 1.81559 0.03
vn 0.574089 -0.818793 0.000414176
vt 1.80355 0.03
vt 1.80355 0
v 49.1601 88.6721 -99.9046
vt 1.81559 0
f 3428/4917/666 3424/4918/666 3426/4919/666 3429/4920/666 

v 48.9329 90.9671 -96.9047
vt 0.979377 0.90362
vt 0.983842 0.880668
f 3430/4921/258 3424/4908/258 3428/4922/258

f 3421/4907/258 3424/4908/258 3430/4921/258

v 48.9319 91.9702 -96.9047
vt 0.979371 0.913651
f 3421/4907/258 3430/4921/258 3431/4923/258

v 48.9408 91.1752 -96.9047
vt 0.979536 0.905701
f 3432/4924/258 3431/4923/258 3430/4921/258

vt 1.81611 0.03
vn 0.995167 0.0981981 0.000717963
vt 1.80022 0.03
vn 0.999911 -0.0132883 0.000721386
v 48.9429 91.1752 -99.9047
vt 1.80022 0
v 48.9341 91.9702 -99.9047
vt 1.81611 0
f 3431/4925/667 3432/4926/668 3433/4927/668 3434/4928/667 

vt 1.84678 0.03
vt 1.84261 0.03
vn 0.99929 -0.0376802 0.000720938
v 48.9351 90.9671 -99.9047
vt 1.84261 0
vt 1.84678 0
f 3432/4929/668 3430/4930/669 3435/4931/669 3433/4932/668 

vt 0.0313934 0.03
vn 0.489385 0.872068 0.000353067
v 49.0258 90.915 -96.9047
vt 0.0292638 0.03
vn 0.552802 0.833312 0.000398819
v 49.028 90.915 -99.9047
vt 0.0292638 0
vt 0.0313934 0
f 3430/4933/670 3436/4934/671 3437/4935/671 3435/4936/670 

vt 0.981233 0.903098
f 3430/4921/258 3428/4922/258 3436/4937/258

v 49.2117 90.7707 -96.9045
vt 0.984946 0.901654
f 3436/4937/258 3428/4922/258 3438/4938/258

v 49.7827 88.81 -96.9041
vt 0.996333 0.882043
f 3438/4938/258 3428/4922/258 3439/4939/258

vt 1.35192 0.03
vn 0.12438 -0.992235 8.97339e-05
vt 1.33913 0.03
vn 0.215576 -0.976487 0.000155527
vt 1.33913 0
v 49.7849 88.81 -99.9041
vt 1.35192 0
f 3439/4940/672 3428/4941/673 3429/4942/673 3440/4943/672 

v 49.2411 86.5594 -96.9045
vt -0.985475 0.859541
vt -0.996333 0.882043
f 3441/4944/432 3428/4916/432 3439/4945/432

f 3427/4914/432 3428/4916/432 3441/4944/432

vt 0.568457 0.03
vn 0.720854 0.693087 0.00052006
vt 0.556941 0.03
v 49.2433 86.5594 -99.9045
vt 0.556941 0
v 48.844 86.9747 -99.9048
vt 0.568457 0
f 3427/4946/674 3441/4947/674 3442/4948/674 3443/4949/674 

vt 0.977498 0.863697
v 49.8317 84.3805 -96.9041
vt 0.997249 0.837747
vt 0.985475 0.859541
f 3427/4950/258 3444/4951/258 3441/4952/258

v 49.8492 84.3186 -96.9041
vt 0.997598 0.837128
f 3427/4950/258 3445/4953/258 3444/4951/258

v 49.8728 84.2517 -96.9041
vt 0.998069 0.836459
f 3427/4950/258 3446/4954/258 3445/4953/258

f 3427/4950/258 2939/3693/258 3446/4954/258

f 3423/4906/258 2939/3693/258 3427/4950/258

f 2940/3694/258 2939/3693/258 3423/4906/258

f 2940/3694/258 3423/4906/258 3039/3861/258

v 48.0516 91.1223 -96.9054
vt 0.961761 0.905178
f 3039/3861/258 3423/4906/258 3447/4955/258

v 48.1202 91.1281 -96.9053
vt 0.963133 0.905236
f 3447/4955/258 3423/4906/258 3448/4956/258

v 48.171 91.1289 -96.9053
vt 0.964148 0.905244
f 3448/4956/258 3423/4906/258 3449/4957/258

vt 0.96565 0.911174
f 3449/4957/258 3423/4906/258 3275/4958/258

vt 0.967333 0.911374
f 3275/4958/258 3423/4906/258 3274/4959/258

f 3274/4959/258 3423/4906/258 3419/4896/258

vt 0.966281 0.917257
f 3419/4896/258 3229/4960/258 3274/4959/258

f 3419/4896/258 3228/4897/258 3229/4960/258

vt -0.67198 0.03
vn -0.727359 -0.686257 -0.000524753
vt -0.672749 0.03
vt -0.672749 0
v 48.279 92.3303 -99.9052
vt -0.67198 0
f 3229/4961/675 3228/4962/675 3418/4963/675 3450/4964/675 

vt -0.968178 0.930592
f 3418/4199/432 3420/4965/432 3450/4200/432

f 3389/4198/432 3420/4965/432 3418/4199/432

f 3389/4198/432 3387/4754/432 3420/4965/432

v 48.332 91.742 -99.9052
f 3450/4200/432 3420/4965/432 3451/4268/432

f 3425/4915/432 3451/4268/432 3420/4965/432

v 48.2479 91.722 -99.9052
f 3425/4915/432 3452/4269/432 3451/4268/432

v 48.1732 91.1289 -99.9053
vt -0.964148 0.905244
f 3425/4915/432 3453/4966/432 3452/4269/432

v 48.1224 91.1281 -99.9053
vt -0.963133 0.905236
f 3425/4915/432 3454/4967/432 3453/4966/432

v 48.0538 91.1223 -99.9054
vt -0.961761 0.905178
f 3425/4915/432 3455/4968/432 3454/4967/432

v 47.9658 91.1095 -99.9054
vt -0.960004 0.905051
f 3425/4915/432 3456/4969/432 3455/4968/432

f 3425/4915/432 3037/3788/432 3456/4969/432

v 49.9289 84.1 -99.904
vt -0.999144 0.834942
f 3457/4970/432 3037/3788/432 3425/4915/432

f 2823/3231/432 3037/3788/432 3457/4970/432

f 2823/3231/432 3036/3789/432 3037/3788/432

f 2823/3231/432 3035/3790/432 3036/3789/432

f 2823/3231/432 3034/3791/432 3035/3790/432

f 2823/3231/432 3033/3792/432 3034/3791/432

f 2823/3231/432 3032/3793/432 3033/3792/432

f 2823/3231/432 3031/3794/432 3032/3793/432

f 2823/3231/432 3030/3795/432 3031/3794/432

f 2823/3231/432 3029/3796/432 3030/3795/432

f 2823/3231/432 3028/3797/432 3029/3796/432

f 2823/3231/432 3027/3798/432 3028/3797/432

f 2823/3231/432 3026/3799/432 3027/3798/432

f 2823/3231/432 3025/3800/432 3026/3799/432

f 2823/3231/432 3023/3717/432 3025/3800/432

f 2823/3231/432 3024/3718/432 3023/3717/432

v 47.2231 84.6499 -99.906
f 2823/3231/432 3458/3719/432 3024/3718/432

v 47.1596 84.6785 -99.906
f 2823/3231/432 3459/3720/432 3458/3719/432

v 47.0945 84.7122 -99.9061
f 2823/3231/432 3460/3721/432 3459/3720/432

f 2823/3231/432 2959/3722/432 3460/3721/432

f 2823/3231/432 2824/3230/432 2959/3722/432

vt 0.108468 0.03
vt 0.107068 0.03
vn 0.498718 0.866764 0.0003598
vt 0.107068 0
vt 0.108468 0
f 2958/4971/467 2957/4972/676 3460/4973/676 2959/4974/467 

vt -0.0611518 0.03
vt -0.0626166 0.03
vn 0.435526 0.900176 0.00031421
vt -0.0626166 0
vt -0.0611518 0
f 2957/4975/676 2956/4976/677 3459/4977/677 3460/4978/676 

vt -0.169741 0.03
vt -0.171134 0.03
vn 0.392754 0.919644 0.000283352
vt -0.171134 0
vt -0.169741 0
f 2956/4979/677 2955/4980/678 3458/4981/678 3459/4982/677 

vt -0.244553 0.03
vt -0.24573 0.03
vt -0.24573 0
vt -0.244553 0
f 2955/4983/678 2954/4984/468 3024/4985/468 3458/4986/678 

v 49.9754 84.0399 -99.904
vt -1.00007 0.834341
f 2823/3231/432 3457/4970/432 3461/4987/432

vt 0.709477 0.03
vn 0.880096 0.474795 0.000634946
vt 0.707959 0.03
vn 0.790745 0.612145 0.000570483
vt 0.707959 0
vt 0.709477 0
f 2939/4988/679 2938/4989/680 3461/4990/680 3457/4991/679 

vt -1.01026 0.835009
vt -1.00874 0.834703
vt -1.00715 0.834433
vt -1.00529 0.834187
vt -1.00335 0.834039
vt -1.00154 0.834065
v 49.8996 84.179 -96.904
vt -0.998603 0.835732
vt -0.998069 0.836459
vt -0.997598 0.837128
vt -0.997249 0.837747
v 49.8232 84.4382 -96.9041
vt -0.997079 0.838325
v 49.8265 84.4926 -96.9041
vt -0.997147 0.838869
v 49.8447 84.5444 -96.9041
vt -0.997512 0.839387
v 49.8807 84.5946 -96.9041
vt -0.998231 0.839888
v 49.9256 84.6398 -96.904
vt -0.999129 0.84034
v 49.96 84.6743 -96.904
vt -0.999818 0.840685
v 49.985 84.6993 -96.904
vt -1.00032 0.840935
v 50.0186 84.7329 -96.904
vt -1.00099 0.84127
v 50.0264 84.6778 -96.904
vt -1.00115 0.840719
v 50.0368 84.6092 -96.9039
vt -1.00135 0.840033
v 50.0556 84.5313 -96.9039
vt -1.00173 0.839254
v 50.0853 84.4574 -96.9039
vt -1.00232 0.838514
v 50.1282 84.4005 -96.9039
vt -1.00318 0.837945
v 50.1867 84.3738 -96.9038
vt -1.00434 0.837678
v 50.2632 84.3906 -96.9038
vt -1.00587 0.837846
v 50.2927 84.4133 -96.9038
vt -1.00646 0.838072
v 50.2893 84.4822 -96.9038
vt -1.0064 0.838761
v 50.2887 84.5411 -96.9038
vt -1.00639 0.839351
v 50.2905 84.6122 -96.9038
vt -1.00642 0.840061
v 50.2959 84.6923 -96.9038
vt -1.00653 0.840863
v 50.3062 84.7784 -96.9038
vt -1.00674 0.841723
v 50.3225 84.8672 -96.9037
vt -1.00707 0.842611
v 50.3466 84.9535 -96.9037
vt -1.00755 0.843474
v 50.3797 85.0261 -96.9037
vt -1.00821 0.8442
v 50.4186 85.085 -96.9037
vt -1.00899 0.844788
v 50.4598 85.1312 -96.9036
vt -1.00982 0.84525
v 50.4998 85.1658 -96.9036
vt -1.01062 0.845596
v 50.535 85.1902 -96.9036
vt -1.01132 0.845839
v 50.562 85.2052 -96.9036
vt -1.01186 0.84599
v 50.5707 85.163 -96.9036
vt -1.01203 0.845567
v 50.5598 85.085 -96.9036
vt -1.01181 0.844788
v 50.5498 84.9839 -96.9036
vt -1.01161 0.843776
v 50.5448 84.8701 -96.9036
vt -1.01151 0.842639
v 50.5491 84.7544 -96.9036
vt -1.0116 0.841481
v 50.5669 84.6474 -96.9036
vt -1.01195 0.840411
v 50.6024 84.5597 -96.9035
vt -1.01266 0.839534
v 50.6559 84.5018 -96.9035
vt -1.01373 0.838954
v 50.6986 84.4763 -96.9035
vt -1.01458 0.8387
v 50.7271 84.4775 -96.9034
vt -1.01515 0.838712
v 50.7454 84.4991 -96.9034
vt -1.01551 0.838927
v 50.7576 84.5347 -96.9034
vt -1.01576 0.839283
v 50.7677 84.578 -96.9034
vt -1.01596 0.839716
v 50.78 84.6227 -96.9034
vt -1.01621 0.840163
v 50.7984 84.6625 -96.9034
vt -1.01658 0.840561
v 50.8268 84.6917 -96.9034
vt -1.01714 0.840853
v 50.8634 84.7142 -96.9033
vt -1.01788 0.841077
v 50.9046 84.7325 -96.9033
vt -1.0187 0.84126
v 50.9473 84.7469 -96.9033
vt -1.01956 0.841403
v 50.9885 84.7578 -96.9033
vt -1.02038 0.841512
v 51.0249 84.7655 -96.9032
vt -1.02111 0.841589
vt -1.02168 0.841638
vt -1.02139 0.841118
vt -1.02078 0.840587
vt -1.02015 0.839932
v 50.95 84.5258 -96.9033
vt -1.01961 0.839192
v 50.9326 84.4469 -96.9033
vt -1.01926 0.838404
v 50.9304 84.367 -96.9033
vt -1.01921 0.837605
v 50.9481 84.2899 -96.9033
vt -1.01956 0.836834
v 50.9641 84.2237 -96.9033
vt -1.01988 0.836172
vt -1.01993 0.835641
vt -1.01975 0.835228
vt -1.01939 0.83492
vt -1.01887 0.834704
vt -1.01826 0.834567
vt -1.01758 0.834496
vt -1.01687 0.834477
vt -1.01603 0.834503
vt -1.01502 0.834565
vt -1.01393 0.83465
vt -1.01284 0.834747
vt -1.01184 0.834843
vt -1.01102 0.834927
f 2932/4992/432 2933/4993/432 2934/4994/432 2935/4995/432 2936/4996/432 2937/4997/432 2938/4987/432 2939/4970/432 3462/4998/432 3446/4999/432 3445/5000/432 3444/5001/432 3463/5002/432 3464/5003/432 3465/5004/432 3466/5005/432 3467/5006/432 3468/5007/432 3469/5008/432 3470/5009/432 3471/5010/432 3472/5011/432 3473/5012/432 3474/5013/432 3475/5014/432 3476/5015/432 3477/5016/432 3478/5017/432 3479/5018/432 3480/5019/432 3481/5020/432 3482/5021/432 3483/5022/432 3484/5023/432 3485/5024/432 3486/5025/432 3487/5026/432 3488/5027/432 3489/5028/432 3490/5029/432 3491/5030/432 3492/5031/432 3493/5032/432 3494/5033/432 3495/5034/432 3496/5035/432 3497/5036/432 3498/5037/432 3499/5038/432 3500/5039/432 3501/5040/432 3502/5041/432 3503/5042/432 3504/5043/432 3505/5044/432 3506/5045/432 3507/5046/432 3508/5047/432 3509/5048/432 3510/5049/432 3511/5050/432 3512/5051/432 2915/5052/432 2916/5053/432 2917/5054/432 2918/5055/432 3513/5056/432 3514/5057/432 3515/5058/432 3516/5059/432 3517/5060/432 2919/5061/432 2920/5062/432 2921/5063/432 2922/5064/432 2923/5065/432 2924/5066/432 2925/5067/432 2926/5068/432 2927/5069/432 2928/5070/432 2929/5071/432 2930/5072/432 2931/5073/432 

vt -1.56017 0.03
vn -0.348802 0.937196 -0.000251643
vt -1.5618 0.03
vn -0.375135 0.92697 -0.000270641
v 50.4847 84.1071 -99.9036
vt -1.5618 0
v 50.409 84.0764 -99.9037
vt -1.56017 0
f 2933/5074/681 2932/5075/682 3518/5076/682 3519/5077/681 

vt -0.638844 0.03
vn 0.208423 0.978039 0.000150367
vt -0.639623 0.03
vn 0.203708 0.979032 0.000146965
v 50.5229 84.0989 -99.9036
vt -0.639623 0
vt -0.638844 0
f 2932/5078/683 2931/5079/684 3520/5080/684 3518/5081/683 

vt -0.657358 0.03
vt -0.658197 0.03
vn 0.193765 0.981048 0.000139792
v 50.564 84.0906 -99.9036
vt -0.658197 0
vt -0.657358 0
f 2931/5082/684 2930/5083/685 3521/5084/685 3520/5085/684 

vt -0.677736 0.03
vt -0.678753 0.03
vn 0.181366 0.983416 0.000130846
v 50.614 84.081 -99.9035
vt -0.678753 0
vt -0.677736 0
f 2930/5086/685 2929/5087/686 3522/5088/686 3521/5089/685 

vt -0.705385 0.03
vt -0.706492 0.03
vn 0.163774 0.986498 0.000118155
v 50.6685 84.0714 -99.9035
vt -0.706492 0
vt -0.705385 0
f 2929/5090/686 2928/5091/687 3523/5092/687 3522/5093/686 

vt -0.744789 0.03
vt -0.745896 0.03
vn 0.136893 0.990586 9.87612e-05
v 50.7233 84.0629 -99.9035
vt -0.745896 0
vt -0.744789 0
f 2928/5094/687 2927/5095/688 3524/5096/688 3523/5097/687 

vt -0.805484 0.03
vt -0.806502 0.03
vn 0.090694 0.995879 6.54312e-05
v 50.7738 84.0567 -99.9034
vt -0.806502 0
vt -0.805484 0
f 2927/5098/688 2926/5099/689 3525/5100/689 3524/5101/688 

vt -0.911305 0.03
vt -0.912146 0.03
vn 0.00375374 0.999993 2.70814e-06
v 50.8158 84.0542 -99.9034
vt -0.912146 0
vt -0.911305 0
f 2926/5102/689 2925/5103/690 3526/5104/690 3525/5105/689 

vt -1.10335 0.03
vt -1.10405 0.03
vn -0.129857 0.991533 -9.36855e-05
v 50.851 84.0561 -99.9034
vt -1.10405 0
vt -1.10335 0
f 2925/5106/690 2924/5107/691 3527/5108/691 3526/5109/690 

vt -1.3377 0.03
vt -1.33839 0.03
vn -0.30768 0.95149 -0.000221976
v 50.8851 84.0632 -99.9033
vt -1.33839 0
vt -1.3377 0
f 2924/5110/691 2923/5111/692 3528/5112/692 3527/5113/691 

vt -1.60755 0.03
vt -1.60822 0.03
vn -0.530926 0.847418 -0.000383036
v 50.916 84.0769 -99.9033
vt -1.60822 0
vt -1.60755 0
f 2923/5114/692 2922/5115/693 3529/5116/693 3528/5117/692 

vt -1.85431 0.03
vt -1.85498 0.03
vn -0.762952 0.646455 -0.000550432
v 50.9416 84.0985 -99.9033
vt -1.85498 0
vt -1.85431 0
f 2922/5118/693 2921/5119/694 3530/5120/694 3529/5121/693 

vt -1.95556 0.03
vt -1.95628 0.03
vn -0.930759 0.365632 -0.000671497
v 50.9598 84.1293 -99.9033
vt -1.95628 0
vt -1.95556 0
f 2921/5122/694 2920/5123/695 3531/5124/695 3530/5125/694 

vt -1.84771 0.03
vt -1.84855 0.03
vn -0.996587 0.0825425 -0.000718988
v 50.9688 84.1706 -99.9033
vt -1.84855 0
vt -1.84771 0
f 2920/5126/695 2919/5127/696 3532/5128/696 3531/5129/695 

vt -1.62104 0.03
vt -1.62211 0.03
vn -0.989886 -0.141862 -0.000714154
v 50.9662 84.2237 -99.9033
vt -1.62211 0
vt -1.62104 0
f 2919/5130/696 3517/5131/697 3533/5132/697 3532/5133/696 

vt 1.01988 0.836172
f 2918/3672/258 3517/5134/258 2919/3673/258

vt 1.01961 0.839192
f 3513/5135/258 3517/5134/258 2918/3672/258

vt 1.01956 0.836834
f 3513/5135/258 3516/5136/258 3517/5134/258

vt 1.01926 0.838404
f 3514/5137/258 3516/5136/258 3513/5135/258

vt 1.01921 0.837605
f 3516/5136/258 3514/5137/258 3515/5138/258

vt -1.70312 0.03
vn -0.995135 -0.0985177 -0.000717941
vt -1.70472 0.03
vn -0.992505 0.122198 -0.000716043
v 50.9348 84.4469 -99.9033
vt -1.70472 0
v 50.9326 84.367 -99.9033
vt -1.70312 0
f 3515/5139/698 3514/5140/699 3534/5141/699 3535/5142/698 

vt -1.85646 0.03
vt -1.85807 0.03
vn -0.959982 0.280062 -0.000692579
v 50.9522 84.5258 -99.9033
vt -1.85807 0
vt -1.85646 0
f 3514/5143/699 3513/5144/700 3536/5145/700 3534/5146/699 

vt -1.92607 0.03
vt -1.92765 0.03
vn -0.92132 0.388804 -0.000664687
v 50.9793 84.5998 -99.9033
vt -1.92765 0
vt -1.92607 0
f 3513/5147/700 2918/5148/701 3537/5149/701 3536/5150/700 

vt -1.95532 0.03
vt -1.95677 0.03
vn -0.885258 0.4651 -0.00063867
v 51.0107 84.6653 -99.9032
vt -1.95677 0
vt -1.95532 0
f 2918/5151/701 2917/5152/702 3538/5153/702 3537/5154/701 

vt -1.96545 0.03
vt -1.96668 0.03
vn -0.922419 0.38619 -0.00066548
v 51.0411 84.7184 -99.9032
vt -1.96668 0
vt -1.96545 0
f 2917/5155/702 2916/5156/703 3539/5157/703 3538/5158/702 

vt -1.89504 0.03
vt -1.89612 0.03
vn -0.962891 0.26989 -0.000694678
v 51.0557 84.7704 -99.9032
vt -1.89612 0
vt -1.89504 0
f 2916/5159/703 2915/5160/704 3540/5161/704 3539/5162/703 

vt 1.2914 0.03
vn 0.169765 -0.985485 0.000122477
vt 1.29081 0.03
vn 0.188567 -0.98206 0.000136042
v 51.0271 84.7655 -99.9032
vt 1.29081 0
vt 1.2914 0
f 2915/5163/705 3512/5164/706 3541/5165/706 3540/5166/705 

vt 1.02111 0.841589
f 2914/3668/258 3512/5167/258 2915/3669/258

vt 1.02038 0.841512
f 2914/3668/258 3511/5168/258 3512/5167/258

vt 1.01956 0.841403
f 2914/3668/258 3510/5169/258 3511/5168/258

vt 1.0187 0.84126
f 2914/3668/258 3509/5170/258 3510/5169/258

vt 1.01788 0.841077
f 2914/3668/258 3508/5171/258 3509/5170/258

vt 1.01714 0.840853
f 2914/3668/258 3507/5172/258 3508/5171/258

vt 1.01658 0.840561
f 2914/3668/258 3506/5173/258 3507/5172/258

vt 1.01621 0.840163
f 2914/3668/258 3505/5174/258 3506/5173/258

vt 1.01596 0.839716
f 2914/3668/258 3504/5175/258 3505/5174/258

vt 1.01576 0.839283
f 2914/3668/258 3503/5176/258 3504/5175/258

v 50.7449 86.9055 -96.9034
vt 1.01554 0.862991
f 3542/5177/258 3503/5176/258 2914/3668/258

vt 1.01551 0.838927
f 3542/5177/258 3502/5178/258 3503/5176/258

vt 1.01515 0.838712
f 3542/5177/258 3501/5179/258 3502/5178/258

vt 1.01458 0.8387
f 3542/5177/258 3500/5180/258 3501/5179/258

vt 1.01373 0.838954
f 3542/5177/258 3499/5181/258 3500/5180/258

vt 1.01266 0.839534
f 3542/5177/258 3498/5182/258 3499/5181/258

vt 1.01203 0.845567
f 3542/5177/258 3492/5183/258 3498/5182/258

vt 1.01186 0.84599
f 3542/5177/258 3491/5184/258 3492/5183/258

vt 1.01132 0.845839
f 3542/5177/258 3490/5185/258 3491/5184/258

vt 1.01062 0.845596
f 3542/5177/258 3489/5186/258 3490/5185/258

vt 1.00982 0.84525
f 3542/5177/258 3488/5187/258 3489/5186/258

vt 1.00899 0.844788
f 3542/5177/258 3487/5188/258 3488/5187/258

vt 1.00821 0.8442
f 3542/5177/258 3486/5189/258 3487/5188/258

vt 1.00755 0.843474
f 3542/5177/258 3485/5190/258 3486/5189/258

vt 1.00707 0.842611
f 3542/5177/258 3484/5191/258 3485/5190/258

v 50.2197 86.7283 -96.9038
vt 1.00504 0.861222
f 3543/5192/258 3484/5191/258 3542/5177/258

vt 1.00674 0.841723
f 3543/5192/258 3483/5193/258 3484/5191/258

vt 1.00653 0.840863
f 3543/5192/258 3482/5194/258 3483/5193/258

vt 1.00587 0.837846
f 3543/5192/258 3477/5195/258 3482/5194/258

vt 1.00434 0.837678
f 3543/5192/258 3476/5196/258 3477/5195/258

vt 1.00318 0.837945
f 3543/5192/258 3475/5197/258 3476/5196/258

vt 1.00232 0.838514
f 3543/5192/258 3474/5198/258 3475/5197/258

vt 1.00173 0.839254
f 3543/5192/258 3473/5199/258 3474/5198/258

vt 1.00135 0.840033
f 3543/5192/258 3472/5200/258 3473/5199/258

vt 1.00115 0.840719
f 3543/5192/258 3471/5201/258 3472/5200/258

vt 1.00099 0.84127
f 3543/5192/258 3470/5202/258 3471/5201/258

vt 1.00032 0.840935
f 3543/5192/258 3469/5203/258 3470/5202/258

vt 0.999818 0.840685
f 3543/5192/258 3468/5204/258 3469/5203/258

vt 0.999129 0.84034
f 3543/5192/258 3467/5205/258 3468/5204/258

vt 0.998231 0.839888
f 3543/5192/258 3466/5206/258 3467/5205/258

vt 0.997512 0.839387
f 3543/5192/258 3465/5207/258 3466/5206/258

vt 0.997147 0.838869
f 3543/5192/258 3464/5208/258 3465/5207/258

v 49.7155 86.4925 -96.9042
vt 0.994955 0.858868
f 3544/5209/258 3464/5208/258 3543/5192/258

vt 0.997079 0.838325
f 3464/5208/258 3544/5209/258 3463/5210/258

f 3441/4952/258 3463/5210/258 3544/5209/258

f 3441/4952/258 3444/4951/258 3463/5210/258

vt 1.51286 0.03
vn 0.999101 0.0423846 0.000720802
vt 1.51169 0.03
vn 0.977745 0.209795 0.000705395
v 49.8339 84.3805 -99.9041
vt 1.51169 0
v 49.8253 84.4382 -99.9041
vt 1.51286 0
f 3463/5211/707 3444/5212/708 3545/5213/708 3546/5214/707 

vt 1.3406 0.03
vt 1.33931 0.03
vn 0.953048 0.302818 0.000687577
v 49.8514 84.3186 -99.9041
vt 1.33931 0
vt 1.3406 0
f 3444/5215/708 3445/5216/709 3547/5217/709 3545/5218/708 

vt 1.24701 0.03
vt 1.24559 0.03
vn 0.940685 0.33928 0.000678658
v 49.875 84.2517 -99.9041
vt 1.24559 0
vt 1.24701 0
f 3445/5219/709 3446/5220/710 3548/5221/710 3547/5222/709 

vt 1.22508 0.03
vt 1.22353 0.03
vn 0.942143 0.33521 0.00067971
v 49.9018 84.179 -99.904
vt 1.22353 0
vt 1.22508 0
f 3446/5223/710 3462/5224/711 3549/5225/711 3548/5226/710 

vt 0.998603 0.835732
f 3446/4954/258 2939/3693/258 3462/5227/258

vt 1.25694 0.03
vt 1.25527 0.03
vt 1.25527 0
vt 1.25694 0
f 3462/5228/711 2939/5229/679 3457/5230/679 3549/5231/711 

f 3457/4970/432 3548/4999/432 3549/4998/432

f 3457/4970/432 3443/4914/432 3548/4999/432

f 3457/4970/432 3425/4915/432 3443/4914/432

vt 1.2736 0.03
vn 0.932606 0.360897 0.000672829
vt 1.2585 0.03
vt 1.2585 0
vt 1.2736 0
f 3423/5232/712 3427/5233/712 3443/5234/712 3425/5235/712 

f 3548/4999/432 3443/4914/432 3547/5000/432

f 3547/5000/432 3443/4914/432 3545/5001/432

f 3545/5001/432 3443/4914/432 3442/4944/432

f 3545/5001/432 3442/4944/432 3546/5002/432

v 49.7176 86.4925 -99.9042
vt -0.994955 0.858868
f 3546/5002/432 3442/4944/432 3550/5236/432

vt -0.734309 0.03
vn 0.139775 0.990183 0.000100841
vt -0.743885 0.03
vt -0.743885 0
vt -0.734309 0
f 3441/5237/713 3544/5238/713 3550/5239/713 3442/5240/713 

f 3441/4944/432 3439/4945/432 3544/5236/432

v 49.768 87.3779 -96.9041
vt -0.996018 0.867722
f 3544/5236/432 3439/4945/432 3551/5241/432

v 49.7777 87.4496 -96.9041
vt -0.996213 0.868439
f 3551/5241/432 3439/4945/432 3552/5242/432

v 49.794 87.5142 -96.9041
vt -0.996539 0.869085
f 3552/5242/432 3439/4945/432 3553/5243/432

v 49.8144 87.5711 -96.9041
vt -0.996948 0.869653
f 3553/5243/432 3439/4945/432 3554/5244/432

v 50.3374 88.8278 -96.9037
vt -1.00742 0.882217
f 3554/5244/432 3439/4945/432 3555/5245/432

vt 1.0623 0.03
vn 0.00199113 -0.999998 1.4365e-06
vt 1.0512 0.03
vt 1.0512 0
v 50.3395 88.8278 -99.9037
vt 1.0623 0
f 3555/5246/714 3439/5247/672 3440/5248/672 3556/5249/714 

v 49.8107 90.0769 -96.9041
vt 0.996911 0.894711
vt 1.00742 0.882217
f 3557/5250/258 3439/4939/258 3555/5251/258

v 49.6064 90.2597 -96.9043
vt 0.99283 0.896541
f 3558/5252/258 3439/4939/258 3557/5250/258

v 49.4531 90.5105 -96.9044
vt 0.98977 0.89905
f 3559/5253/258 3439/4939/258 3558/5252/258

f 3438/4938/258 3439/4939/258 3559/5253/258

vt 0.652511 0.03
vn 0.675302 0.737541 0.000487197
vt 0.645415 0.03
vn 0.797084 0.603869 0.000575056
v 49.4553 90.5105 -99.9044
vt 0.645415 0
v 49.2138 90.7707 -99.9045
vt 0.652511 0
f 3438/5254/715 3559/5255/716 3560/5256/716 3561/5257/715 

vt 1.01863 0.03
vt 1.01276 0.03
vn 0.76826 0.640137 0.000554262
v 49.6086 90.2597 -99.9043
vt 1.01276 0
vt 1.01863 0
f 3559/5258/716 3558/5259/717 3562/5260/717 3560/5261/716 

vt 0.456811 0.03
vt 0.451331 0.03
vn 0.666887 0.745159 0.000481126
v 49.8129 90.0769 -99.9041
vt 0.451331 0
vt 0.456811 0
f 3558/5262/717 3557/5263/718 3563/5264/718 3562/5265/717 

vt -0.630975 0.03
vn 0.193303 0.981139 0.000139459
v 50.278 89.9848 -96.9038
vt -0.640495 0.03
v 50.2801 89.9848 -99.9038
vt -0.640495 0
vt -0.630975 0
f 3557/5266/719 3564/5267/719 3565/5268/719 3563/5269/719 

vt 1.00625 0.893788
f 3557/5250/258 3555/5251/258 3564/5270/258

v 50.794 90.2336 -96.9034
vt 1.01657 0.896272
f 3564/5270/258 3555/5251/258 3566/5271/258

v 50.9045 88.8119 -96.9033
vt 1.01876 0.882054
f 3566/5271/258 3555/5251/258 3567/5272/258

vt 0.967447 0.03
vn 0.0393649 -0.999225 2.83998e-05
vt 0.956106 0.03
vt 0.956106 0
v 50.9066 88.8119 -99.9033
vt 0.967447 0
f 3567/5273/720 3555/5274/714 3556/5275/714 3568/5276/720 

v 50.3509 88.0421 -96.9037
vt -1.00768 0.87436
vt -1.01876 0.882054
f 3569/5277/432 3555/5245/432 3567/5278/432

v 50.3238 88.0162 -96.9037
vt -1.00714 0.874101
f 3570/5279/432 3555/5245/432 3569/5277/432

v 50.2967 87.9782 -96.9038
vt -1.0066 0.873722
f 3571/5280/432 3555/5245/432 3570/5279/432

v 50.2726 87.9261 -96.9038
vt -1.00611 0.8732
f 3572/5281/432 3555/5245/432 3571/5280/432

v 50.2541 87.8575 -96.9038
vt -1.00574 0.872515
f 3573/5282/432 3555/5245/432 3572/5281/432

v 50.2434 87.7718 -96.9038
vt -1.00553 0.871657
f 3574/5283/432 3555/5245/432 3573/5282/432

v 50.2336 87.6838 -96.9038
vt -1.00533 0.870778
f 3575/5284/432 3555/5245/432 3574/5283/432

v 50.2224 87.6 -96.9038
vt -1.00511 0.86994
f 3576/5285/432 3555/5245/432 3575/5284/432

v 50.2095 87.5224 -96.9038
vt -1.00485 0.869164
f 3577/5286/432 3555/5245/432 3576/5285/432

v 50.1946 87.4534 -96.9038
vt -1.00455 0.868474
f 3578/5287/432 3555/5245/432 3577/5286/432

v 50.1775 87.3951 -96.9038
vt -1.0042 0.867891
f 3579/5288/432 3555/5245/432 3578/5287/432

v 50.1578 87.3496 -96.9039
vt -1.00381 0.867437
f 3580/5289/432 3555/5245/432 3579/5288/432

v 50.1353 87.3194 -96.9039
vt -1.00336 0.867134
f 3581/5290/432 3555/5245/432 3580/5289/432

v 50.1096 87.3072 -96.9039
vt -1.00285 0.867013
f 3582/5291/432 3555/5245/432 3581/5290/432

v 50.0787 87.3273 -96.9039
vt -1.00223 0.867213
f 3583/5292/432 3555/5245/432 3582/5291/432

v 50.044 87.3762 -96.9039
vt -1.00153 0.867703
f 3584/5293/432 3555/5245/432 3583/5292/432

v 50.0079 87.444 -96.904
vt -1.00082 0.868381
f 3585/5294/432 3555/5245/432 3584/5293/432

v 49.9732 87.5206 -96.904
vt -1.00012 0.869148
f 3586/5295/432 3555/5245/432 3585/5294/432

v 49.9422 87.596 -96.904
vt -0.999505 0.869902
f 3587/5296/432 3555/5245/432 3586/5295/432

v 49.9177 87.6603 -96.904
vt -0.999015 0.870544
f 3588/5297/432 3555/5245/432 3587/5296/432

v 49.8775 87.6883 -96.9041
vt -0.998211 0.870825
f 3589/5298/432 3555/5245/432 3588/5297/432

v 49.8585 87.6588 -96.9041
vt -0.997831 0.87053
f 3590/5299/432 3555/5245/432 3589/5298/432

v 49.8367 87.6195 -96.9041
vt -0.997395 0.870137
f 3591/5300/432 3555/5245/432 3590/5299/432

f 3554/5244/432 3555/5245/432 3591/5300/432

v 50.0287 86.9891 -96.904
vt -1.00122 0.863832
v 49.9864 87.0219 -96.904
vt -1.00038 0.864161
v 49.9433 87.0598 -96.904
vt -0.999518 0.86454
v 49.8943 87.1091 -96.904
vt -0.998538 0.865033
v 49.8457 87.1677 -96.9041
vt -0.997568 0.865619
v 49.8041 87.2334 -96.9041
vt -0.996739 0.866277
v 49.7761 87.3042 -96.9041
vt -0.996179 0.866985
v 50.3753 88.0583 -96.9037
vt -1.00817 0.874521
v 50.4067 88.0273 -96.9037
vt -1.0088 0.874211
v 50.4083 87.9633 -96.9037
vt -1.00883 0.873571
v 50.4109 87.8814 -96.9037
vt -1.00888 0.872753
v 50.4148 87.7906 -96.9037
vt -1.00895 0.871845
v 50.4202 87.6999 -96.9037
vt -1.00906 0.870937
v 50.4272 87.618 -96.9037
vt -1.0092 0.870118
v 50.436 87.554 -96.9037
vt -1.00938 0.869478
v 50.4472 87.5149 -96.9036
vt -1.0096 0.869087
v 50.4628 87.4922 -96.9036
vt -1.00991 0.86886
v 50.5032 87.4822 -96.9036
vt -1.01072 0.868759
v 50.5476 87.5081 -96.9036
vt -1.0116 0.869019
v 50.5682 87.5303 -96.9036
vt -1.01202 0.869241
v 50.586 87.5564 -96.9035
vt -1.01237 0.869501
v 50.6003 87.586 -96.9035
vt -1.01266 0.869797
v 50.6165 87.6306 -96.9035
vt -1.01298 0.870243
v 50.6351 87.6884 -96.9035
vt -1.01336 0.87082
v 50.6545 87.7531 -96.9035
vt -1.01374 0.871468
v 50.6733 87.8185 -96.9035
vt -1.01412 0.872122
v 50.69 87.8785 -96.9035
vt -1.01446 0.872721
v 50.7031 87.9267 -96.9035
vt -1.01472 0.873203
v 50.7335 87.8966 -96.9034
vt -1.01533 0.872902
v 50.7509 87.8325 -96.9034
vt -1.01567 0.872261
v 50.77 87.7542 -96.9034
vt -1.01605 0.871478
v 50.7883 87.6664 -96.9034
vt -1.01642 0.8706
v 50.8033 87.5739 -96.9034
vt -1.01672 0.869674
v 50.8124 87.4814 -96.9034
vt -1.0169 0.868749
v 50.8134 87.3937 -96.9034
vt -1.01692 0.867873
v 50.8066 87.3184 -96.9034
vt -1.01678 0.867119
v 50.7946 87.2568 -96.9034
vt -1.01654 0.866503
v 50.7791 87.2079 -96.9034
vt -1.01623 0.866014
v 50.7623 87.1705 -96.9034
vt -1.01589 0.865641
v 50.746 87.1435 -96.9034
vt -1.01557 0.865371
v 50.6853 87.1075 -96.9035
vt -1.01435 0.865011
v 50.605 87.093 -96.9035
vt -1.01275 0.864867
v 50.4942 87.073 -96.9036
vt -1.01053 0.864668
v 50.3683 87.0503 -96.9037
vt -1.00801 0.864442
v 50.2432 87.0278 -96.9038
vt -1.00551 0.864217
v 50.1344 87.0082 -96.9039
vt -1.00334 0.864022
v 50.0577 86.9943 -96.9039
vt -1.0018 0.863884
f 3592/5301/432 3593/5302/432 3594/5303/432 3595/5304/432 3596/5305/432 3597/5306/432 3598/5307/432 3551/5241/432 3552/5242/432 3553/5243/432 3554/5244/432 3591/5300/432 3590/5299/432 3589/5298/432 3588/5297/432 3587/5296/432 3586/5295/432 3585/5294/432 3584/5293/432 3583/5292/432 3582/5291/432 3581/5290/432 3580/5289/432 3579/5288/432 3578/5287/432 3577/5286/432 3576/5285/432 3575/5284/432 3574/5283/432 3573/5282/432 3572/5281/432 3571/5280/432 3570/5279/432 3569/5277/432 3599/5308/432 3600/5309/432 3601/5310/432 3602/5311/432 3603/5312/432 3604/5313/432 3605/5314/432 3606/5315/432 3607/5316/432 3608/5317/432 3609/5318/432 3610/5319/432 3611/5320/432 3612/5321/432 3613/5322/432 3614/5323/432 3615/5324/432 3616/5325/432 3617/5326/432 3618/5327/432 3619/5328/432 3620/5329/432 3621/5330/432 3622/5331/432 3623/5332/432 3624/5333/432 3625/5334/432 3626/5335/432 3627/5336/432 3628/5337/432 3629/5338/432 3630/5339/432 3631/5340/432 3632/5341/432 3633/5342/432 3634/5343/432 3635/5344/432 3636/5345/432 3637/5346/432 3638/5347/432 

vt -1.00504 0.861222
f 3543/5348/432 3593/5302/432 3592/5301/432

f 3543/5348/432 3594/5303/432 3593/5302/432

f 3543/5348/432 3595/5304/432 3594/5303/432

f 3544/5236/432 3595/5304/432 3543/5348/432

f 3595/5304/432 3544/5236/432 3596/5305/432

f 3596/5305/432 3544/5236/432 3597/5306/432

f 3597/5306/432 3544/5236/432 3598/5307/432

f 3598/5307/432 3544/5236/432 3551/5241/432

vt -1.62772 0.03
vn -0.423588 0.905855 -0.000305598
vt -1.63884 0.03
vn -0.372214 0.928147 -0.000268534
v 50.2219 86.7283 -99.9038
vt -1.63884 0
vt -1.62772 0
f 3544/5349/721 3543/5350/722 3639/5351/722 3550/5352/721 

vt -1.5017 0.03
vt -1.51278 0.03
vn -0.319672 0.947528 -0.000230628
v 50.747 86.9055 -99.9034
vt -1.51278 0
vt -1.5017 0
f 3543/5353/722 3542/5354/723 3640/5355/723 3639/5356/722 

vt -1.01554 0.862991
f 3543/5348/432 3636/5345/432 3542/5357/432

f 3543/5348/432 3637/5346/432 3636/5345/432

f 3543/5348/432 3638/5347/432 3637/5346/432

f 3543/5348/432 3592/5301/432 3638/5347/432

f 3542/5357/432 3636/5345/432 3635/5344/432

f 3542/5357/432 3635/5344/432 3634/5343/432

f 3542/5357/432 3634/5343/432 3633/5342/432

f 3542/5357/432 3633/5342/432 3632/5341/432

f 3542/5357/432 3632/5341/432 3631/5340/432

vt -1.02636 0.862813
f 3542/5357/432 3631/5340/432 2914/5358/432

f 2914/5358/432 3631/5340/432 3630/5339/432

f 2914/5358/432 3630/5339/432 3629/5338/432

f 2914/5358/432 3629/5338/432 3628/5337/432

f 2914/5358/432 3628/5337/432 3627/5336/432

f 2914/5358/432 3627/5336/432 3626/5335/432

f 2914/5358/432 3626/5335/432 3567/5278/432

f 3625/5334/432 3567/5278/432 3626/5335/432

f 3624/5333/432 3567/5278/432 3625/5334/432

f 3623/5332/432 3567/5278/432 3624/5333/432

f 3622/5331/432 3567/5278/432 3623/5332/432

f 3621/5330/432 3567/5278/432 3622/5331/432

f 3620/5329/432 3567/5278/432 3621/5330/432

f 3619/5328/432 3567/5278/432 3620/5329/432

f 3618/5327/432 3567/5278/432 3619/5328/432

f 3617/5326/432 3567/5278/432 3618/5327/432

f 3616/5325/432 3567/5278/432 3617/5326/432

f 3615/5324/432 3567/5278/432 3616/5325/432

f 3614/5323/432 3567/5278/432 3615/5324/432

f 3613/5322/432 3567/5278/432 3614/5323/432

f 3612/5321/432 3567/5278/432 3613/5322/432

f 3611/5320/432 3567/5278/432 3612/5321/432

f 3610/5319/432 3567/5278/432 3611/5320/432

f 3609/5318/432 3567/5278/432 3610/5319/432

f 3608/5317/432 3567/5278/432 3609/5318/432

f 3607/5316/432 3567/5278/432 3608/5317/432

f 3606/5315/432 3567/5278/432 3607/5316/432

f 3605/5314/432 3567/5278/432 3606/5315/432

f 3604/5313/432 3567/5278/432 3605/5314/432

f 3603/5312/432 3567/5278/432 3604/5313/432

f 3602/5311/432 3567/5278/432 3603/5312/432

f 3601/5310/432 3567/5278/432 3602/5311/432

f 3600/5309/432 3567/5278/432 3601/5310/432

f 3599/5308/432 3567/5278/432 3600/5309/432

f 3569/5277/432 3567/5278/432 3599/5308/432

v 51.5289 88.8789 -96.9029
vt -1.03124 0.882719
f 2914/5358/432 3567/5278/432 3641/5359/432

vt 1.21243 0.03
vn 0.215597 -0.976483 0.000155542
vt 1.19987 0.03
vt 1.19987 0
v 51.5311 88.8789 -99.9029
vt 1.21243 0
f 3641/5360/724 3567/5361/720 3568/5362/720 3642/5363/724 

v 51.2632 90.7122 -96.9031
vt 1.02596 0.901054
vt 1.03124 0.882719
f 3643/5364/258 3567/5272/258 3641/5365/258

f 3566/5271/258 3567/5272/258 3643/5364/258

vt -1.99066 0.03
vn -0.582897 0.812546 -0.000420531
vt -2.00405 0.03
vn -0.703322 0.710871 -0.000507412
v 51.2653 90.7122 -99.9031
vt -2.00405 0
v 50.7962 90.2336 -99.9034
vt -1.99066 0
f 3566/5366/725 3643/5367/726 3644/5368/726 3645/5369/725 

vt -1.98698 0.03
v 51.7279 91.1581 -96.9027
vt -1.99985 0.03
vn -0.59132 0.806437 -0.000426608
v 51.73 91.1581 -99.9027
vt -1.99985 0
vt -1.98698 0
f 3643/5370/726 3646/5371/727 3647/5372/727 3644/5373/726 

vt 1.03525 0.90551
f 3643/5364/258 3641/5365/258 3646/5374/258

v 52.0737 89.0641 -96.9025
vt 1.04213 0.884567
f 3646/5374/258 3641/5365/258 3648/5375/258

vt 1.55487 0.03
vn 0.411411 -0.91145 0.000296813
vt 1.54337 0.03
vt 1.54337 0
v 52.0759 89.0641 -99.9025
vt 1.55487 0
f 3648/5376/728 3641/5377/724 3642/5378/724 3649/5379/728 

v 51.8982 88.479 -96.9026
vt -1.03862 0.878718
vt -1.04213 0.884567
f 3650/5380/432 3641/5359/432 3648/5381/432

vt -1.03726 0.859804
f 2913/5382/432 3641/5359/432 3650/5380/432

f 2914/5358/432 3641/5359/432 2913/5382/432

vt -0.0655441 0.03
vn 0.48241 0.875945 0.000348035
vt -0.0779947 0.03
vn 0.523245 0.852182 0.000377495
v 51.8339 86.5876 -99.9026
vt -0.0779947 0
v 51.2883 86.8881 -99.903
vt -0.0655441 0
f 2914/5383/729 2913/5384/730 3651/5385/730 3652/5386/729 

vt 0.111637 0.03
vt 0.100086 0.03
vn 0.493776 0.869589 0.000356235
v 52.3115 86.2624 -99.9023
vt 0.100086 0
vt 0.111637 0
f 2913/5387/730 2912/5388/731 3653/5389/731 3651/5390/730 

v 51.8957 88.3899 -96.9026
vt -1.03857 0.877827
vt -1.0468 0.856548
f 3654/5391/432 2912/5392/432 2913/5382/432

v 51.993 88.4376 -96.9025
vt -1.04051 0.878303
f 2912/5392/432 3654/5391/432 3655/5393/432

vt 1.70657 0.03
vn 0.387985 -0.921665 0.000279912
vt 1.70441 0.03
vn 0.440386 -0.897809 0.000317717
v 51.8979 88.3899 -99.9026
vt 1.70441 0
v 51.9952 88.4376 -99.9025
vt 1.70657 0
f 3655/5394/732 3654/5395/733 3656/5396/733 3657/5397/732 

vt 1.04051 0.878303
vt 1.03862 0.878718
vt 1.03857 0.877827
f 3655/5398/258 3650/5399/258 3654/5400/258

v 52.0197 88.6309 -96.9025
vt 1.04105 0.880236
f 3650/5399/258 3655/5398/258 3658/5401/258

v 52.1636 88.4981 -96.9024
vt 1.04392 0.878907
f 3658/5401/258 3655/5398/258 3659/5402/258

vt 1.57026 0.03
vn 0.269822 -0.96291 0.000194663
vt 1.56664 0.03
vt 1.56664 0
v 52.1657 88.4981 -99.9024
vt 1.57026 0
f 3659/5403/734 3655/5404/732 3657/5405/732 3660/5406/734 

vt -1.04392 0.878907
f 2912/5392/432 3655/5393/432 3659/5407/432

v 52.3926 88.5459 -96.9022
vt -1.0485 0.879383
f 2912/5392/432 3659/5407/432 3661/5408/432

vt 1.38414 0.03
vn 0.179539 -0.983751 0.000129528
vt 1.37947 0.03
vt 1.37947 0
v 52.3948 88.5459 -99.9022
vt 1.38414 0
f 3661/5409/735 3659/5410/734 3660/5411/734 3662/5412/735 

v 52.325 88.7804 -96.9023
vt 1.04715 0.881729
vt 1.0485 0.879383
f 3663/5413/258 3659/5402/258 3661/5414/258

f 3658/5401/258 3659/5402/258 3663/5413/258

vt -1.70806 0.03
vn -0.439836 0.898078 -0.00031732
vt -1.71486 0.03
vn -0.365821 0.930685 -0.000263922
v 52.3271 88.7804 -99.9023
vt -1.71486 0
v 52.0219 88.6309 -99.9025
vt -1.70806 0
f 3658/5415/736 3663/5416/737 3664/5417/737 3665/5418/736 

vt -1.04105 0.880236
vt -1.04715 0.881729
f 3658/5419/432 3648/5381/432 3663/5420/432

f 3650/5380/432 3648/5381/432 3658/5419/432

vt -2.02026 0.03
vn -0.780893 0.624665 -0.000563375
vt -2.02415 0.03
vt -2.02415 0
v 51.9004 88.479 -99.9026
vt -2.02026 0
f 3650/5421/738 3658/5422/738 3665/5423/738 3666/5424/738 

f 3657/5393/432 3666/5380/432 3665/5419/432

f 3666/5380/432 3657/5393/432 3656/5391/432

vt -1.78378 0.03
vn -0.99961 0.0278991 -0.000721169
vt -1.78556 0.03
vt -1.78556 0
vt -1.78378 0
f 3654/5425/739 3650/5426/739 3666/5427/739 3656/5428/739 

f 2913/5382/432 3650/5380/432 3654/5391/432

f 3657/5393/432 3665/5419/432 3660/5407/432

f 3660/5407/432 3665/5419/432 3664/5420/432

f 3660/5407/432 3664/5420/432 3662/5408/432

v 52.6528 88.8789 -99.9021
vt -1.05366 0.882711
f 3662/5408/432 3664/5420/432 3667/5429/432

vt -1.51145 0.03
v 52.6507 88.8789 -96.9021
vt -1.51826 0.03
vn -0.29148 0.956577 -0.000210288
vt -1.51826 0
vt -1.51145 0
f 3663/5430/737 3668/5431/740 3667/5432/740 3664/5433/737 

vt 1.05366 0.882711
f 3663/5413/258 3661/5414/258 3668/5434/258

v 52.597 88.5779 -96.9021
vt 1.05259 0.879702
f 3668/5434/258 3661/5414/258 3669/5435/258

vt 1.31107 0.03
vn 0.146418 -0.989223 0.000105633
vt 1.30693 0.03
vt 1.30693 0
v 52.5992 88.5779 -99.9021
vt 1.31107 0
f 3669/5436/741 3661/5437/735 3662/5438/735 3670/5439/741 

vt -1.05259 0.879702
v 52.4009 87.52 -96.9022
vt -1.04865 0.869124
f 3669/5440/432 3671/5441/432 3661/5408/432

v 52.5175 88.061 -96.9022
vt -1.05099 0.874533
f 3671/5441/432 3669/5440/432 3672/5442/432

v 52.5631 88.1459 -96.9021
vt -1.0519 0.875382
f 3672/5442/432 3669/5440/432 3673/5443/432

v 52.6138 88.2434 -96.9021
vt -1.05292 0.876356
f 3673/5443/432 3669/5440/432 3674/5444/432

v 52.7351 88.5971 -96.902
vt -1.05535 0.879893
f 3674/5444/432 3669/5440/432 3675/5445/432

vt 1.28678 0.03
vn 0.131747 -0.991283 9.50492e-05
vt 1.28399 0.03
vt 1.28399 0
v 52.7373 88.5971 -99.902
vt 1.28678 0
f 3675/5446/742 3669/5447/741 3670/5448/741 3676/5449/742 

vt 1.05535 0.879893
f 3668/5434/258 3669/5435/258 3675/5450/258

v 52.8131 88.9288 -96.9019
vt 1.05691 0.883209
f 3668/5434/258 3675/5450/258 3677/5451/258

v 52.7858 88.6036 -96.902
vt 1.05636 0.879957
f 3677/5451/258 3675/5450/258 3678/5452/258

vt 1.26764 0.03
vn 0.125518 -0.992091 9.05553e-05
vt 1.26661 0.03
vt 1.26661 0
v 52.788 88.6036 -99.902
vt 1.26764 0
f 3678/5453/743 3675/5454/742 3676/5455/742 3679/5456/743 

v 52.754 88.537 -96.902
vt -1.05572 0.879292
vt -1.05636 0.879957
f 3680/5457/432 3675/5445/432 3678/5458/432

v 52.6839 88.3905 -96.902
vt -1.05432 0.877827
f 3681/5459/432 3675/5445/432 3680/5457/432

f 3674/5444/432 3675/5445/432 3681/5459/432

vt -2.03451 0.03
vn -0.895105 0.445856 -0.000645773
vt -2.03777 0.03
vn -0.902511 0.430667 -0.000651117
v 52.6861 88.3905 -99.902
vt -2.03777 0
v 52.616 88.2434 -99.9021
vt -2.03451 0
f 3674/5460/744 3681/5461/745 3682/5462/745 3683/5463/744 

vt 1.05292 0.876356
v 52.6447 88.0434 -96.9021
vt 1.05353 0.874356
vt 1.05432 0.877827
f 3674/5464/258 3684/5465/258 3681/5466/258

vt 1.0519 0.875382
f 3673/5467/258 3684/5465/258 3674/5464/258

v 52.5292 88.0159 -96.9021
vt 1.05122 0.874082
f 3673/5467/258 3685/5468/258 3684/5465/258

vt 1.05099 0.874533
f 3685/5468/258 3673/5467/258 3672/5469/258

vt -2.0375 0.03
vn -0.88082 0.473451 -0.000635468
vt -2.03943 0.03
vn -0.883985 0.467515 -0.000637751
v 52.5653 88.1459 -99.9021
vt -2.03943 0
v 52.5196 88.061 -99.9022
vt -2.0375 0
f 3672/5470/746 3673/5471/747 3686/5472/747 3687/5473/746 

vt -2.03795 0.03
vt -2.04014 0.03
vt -2.04014 0
vt -2.03795 0
f 3673/5474/747 3674/5475/744 3683/5476/744 3686/5477/747 

v 52.6468 88.0434 -99.9021
vt -1.05353 0.874356
f 3688/5478/432 3686/5443/432 3683/5444/432

v 52.5314 88.0159 -99.9021
vt -1.05122 0.874082
f 3689/5479/432 3686/5443/432 3688/5478/432

f 3686/5443/432 3689/5479/432 3687/5442/432

vt -1.42759 0.03
vn -0.967822 -0.251633 -0.000698236
vt -1.42853 0.03
vt -1.42853 0
vt -1.42759 0
f 3685/5480/748 3672/5481/748 3687/5482/748 3689/5483/748 

v 52.5547 87.6377 -96.9021
vt -1.05173 0.8703
f 3690/5484/432 3672/5442/432 3685/5479/432

f 3672/5442/432 3690/5484/432 3671/5441/432

vt -1.8882 0.03
vn -0.60784 0.79406 -0.000438526
vt -1.89208 0.03
vn -0.657829 0.753167 -0.000474591
v 52.5568 87.6377 -99.9021
vt -1.89208 0
v 52.4031 87.52 -99.9022
vt -1.8882 0
f 3671/5485/749 3690/5486/750 3691/5487/750 3692/5488/749 

v 52.4744 87.5167 -96.9022
vt 1.05012 0.869091
vt 1.05173 0.8703
vt 1.04865 0.869124
f 3693/5489/258 3690/5490/258 3671/5491/258

v 52.6675 87.5816 -96.902
vt 1.05398 0.869738
f 3690/5490/258 3693/5489/258 3694/5492/258

vt 1.55186 0.03
vn 0.392542 -0.919734 0.000283199
vt 1.54779 0.03
vn 0.318477 -0.947931 0.000229765
v 52.4765 87.5167 -99.9022
vt 1.54779 0
v 52.6697 87.5816 -99.902
vt 1.55186 0
f 3694/5493/751 3693/5494/752 3695/5495/752 3696/5496/751 

vt -1.0552 0.854593
vt -1.05012 0.869091
vt -1.05398 0.869738
f 2911/5497/432 3693/5498/432 3694/5499/432

f 2911/5497/432 3671/5441/432 3693/5498/432

f 2912/5392/432 3671/5441/432 2911/5497/432

f 2912/5392/432 3661/5408/432 3671/5441/432

vt -0.226424 0.03
vt -0.235684 0.03
vn 0.421363 0.906892 0.000303993
v 52.7316 86.0672 -99.902
vt -0.235684 0
vt -0.226424 0
f 2912/5500/731 2911/5501/753 3697/5502/753 3653/5503/731 

vt -1.07941 0.03
vn -0.0149546 0.999888 -1.0789e-05
v 53.1302 86.0732 -96.9017
vt -1.08742 0.03
v 53.1324 86.0732 -99.9017
vt -1.08742 0
vt -1.07941 0
f 2911/5504/754 3698/5505/754 3699/5506/754 3697/5507/754 

v 53.5978 85.5334 -96.9014
vt 1.07255 0.84925
vt 1.06321 0.85465
f 2911/3665/258 3700/5508/258 3698/5509/258

f 2911/3665/258 2054/2016/258 3700/5508/258

v 53.6444 85.5078 -96.9013
vt 1.07348 0.848993
f 3700/5508/258 2054/2016/258 3701/5510/258

v 53.7315 85.4707 -96.9013
vt 1.07522 0.848621
f 3701/5510/258 2054/2016/258 3702/5511/258

v 53.8558 85.423 -96.9012
vt 1.07771 0.848144
f 3702/5511/258 2054/2016/258 3703/5512/258

v 54.0138 85.3701 -96.9011
vt 1.08086 0.847613
f 3703/5512/258 2054/2016/258 3704/5513/258

v 54.2019 85.317 -96.9009
vt 1.08462 0.847081
f 3704/5513/258 2054/2016/258 3705/5514/258

v 54.4165 85.2688 -96.9008
vt 1.08891 0.846598
f 3705/5514/258 2054/2016/258 3706/5515/258

v 56.0697 83.7062 -96.8996
vt 1.12194 0.83096
f 3706/5515/258 2054/2016/258 3707/5516/258

v 56.1099 83.7013 -96.8996
vt 1.12274 0.830911
f 3707/5516/258 2054/2016/258 3708/5517/258

v 56.1652 83.7471 -96.8995
vt 1.12385 0.831368
f 3708/5517/258 2054/2016/258 3709/5518/258

v 56.2447 83.8094 -96.8995
vt 1.12544 0.83199
f 3709/5518/258 2054/2016/258 3710/5519/258

v 56.3415 83.8795 -96.8994
vt 1.12737 0.832691
f 3710/5519/258 2054/2016/258 3711/5520/258

v 56.4489 83.9492 -96.8993
vt 1.12952 0.833387
f 3711/5520/258 2054/2016/258 3712/5521/258

v 56.56 84.0099 -96.8992
vt 1.13174 0.833993
f 3712/5521/258 2054/2016/258 3713/5522/258

v 56.6679 84.0531 -96.8992
vt 1.1339 0.834425
f 3713/5522/258 2054/2016/258 3714/5523/258

v 56.7658 84.0706 -96.8991
vt 1.13586 0.834599
f 3714/5523/258 2054/2016/258 3715/5524/258

v 56.8452 84.0745 -96.899
vt 1.13744 0.834637
f 3715/5524/258 2054/2016/258 3716/5525/258

v 56.9048 84.0773 -96.899
vt 1.13864 0.834665
f 3716/5525/258 2054/2016/258 3717/5526/258

v 56.9476 84.0794 -96.899
vt 1.13949 0.834685
f 3717/5526/258 2054/2016/258 3718/5527/258

v 56.9762 84.0808 -96.8989
vt 1.14006 0.834699
f 3718/5527/258 2054/2016/258 3719/5528/258

v 57.0025 84.0821 -96.8989
vt 1.14059 0.834712
f 3719/5528/258 2054/2016/258 3720/5529/258

v 57.0763 84.0823 -96.8989
vt 1.14206 0.834713
f 3720/5529/258 2054/2016/258 3721/5530/258

v 57.2053 84.0824 -96.8988
vt 1.14464 0.834713
f 3721/5530/258 2054/2016/258 3722/5531/258

v 57.3631 84.0825 -96.8987
vt 1.1478 0.834713
f 3722/5531/258 2054/2016/258 3723/5532/258

v 57.5169 84.0826 -96.8985
vt 1.15087 0.834713
f 3723/5532/258 2054/2016/258 3724/5533/258

v 57.6334 84.0827 -96.8985
vt 1.1532 0.834713
f 3724/5533/258 2054/2016/258 3725/5534/258

v 57.6796 84.0827 -96.8984
vt 1.15412 0.834713
f 3725/5534/258 2054/2016/258 3726/5535/258

v 57.7033 84.0665 -96.8984
vt 1.1546 0.834551
f 3726/5535/258 2054/2016/258 3727/5536/258

v 57.7677 84.0257 -96.8984
vt 1.15588 0.834142
f 3727/5536/258 2054/2016/258 3728/5537/258

v 57.8626 83.9718 -96.8983
vt 1.15778 0.833603
f 3728/5537/258 2054/2016/258 3729/5538/258

v 57.9778 83.9165 -96.8982
vt 1.16008 0.833049
f 3729/5538/258 2054/2016/258 3730/5539/258

v 58.1032 83.8714 -96.8981
vt 1.16259 0.832596
f 3730/5539/258 2054/2016/258 3731/5540/258

v 58.2285 83.848 -96.898
vt 1.16509 0.832362
f 3731/5540/258 2054/2016/258 3732/5541/258

v 58.3466 83.8629 -96.8979
vt 1.16745 0.83251
f 3732/5541/258 2054/2016/258 3733/5542/258

v 58.457 83.9239 -96.8979
vt 1.16966 0.833119
f 3733/5542/258 2054/2016/258 3734/5543/258

v 58.5551 84.012 -96.8978
vt 1.17162 0.833999
f 3734/5543/258 2054/2016/258 3735/5544/258

v 58.6361 84.1074 -96.8977
vt 1.17324 0.834953
f 3735/5544/258 2054/2016/258 3736/5545/258

v 58.6949 84.1905 -96.8977
vt 1.17442 0.835784
f 3736/5545/258 2054/2016/258 3737/5546/258

v 58.7267 84.2416 -96.8977
vt 1.17506 0.836294
f 3737/5546/258 2054/2016/258 3738/5547/258

v 58.7806 84.2468 -96.8976
vt 1.17614 0.836346
f 3738/5547/258 2054/2016/258 3739/5548/258

v 58.8367 84.2445 -96.8976
vt 1.17726 0.836323
f 3739/5548/258 2054/2016/258 3740/5549/258

v 58.9241 84.241 -96.8975
vt 1.179 0.836287
f 3740/5549/258 2054/2016/258 3741/5550/258

v 59.0488 84.2368 -96.8974
vt 1.1815 0.836244
f 3741/5550/258 2054/2016/258 3742/5551/258

v 59.192 84.2513 -96.8973
vt 1.18436 0.836388
f 3742/5551/258 2054/2016/258 3743/5552/258

v 59.3352 84.2846 -96.8972
vt 1.18722 0.83672
f 3743/5552/258 2054/2016/258 3744/5553/258

v 59.4668 84.3273 -96.8971
vt 1.18985 0.837146
f 3744/5553/258 2054/2016/258 3745/5554/258

v 59.5752 84.3696 -96.8971
vt 1.19202 0.837568
f 3745/5554/258 2054/2016/258 3746/5555/258

v 59.6487 84.402 -96.897
vt 1.19349 0.837892
f 3746/5555/258 2054/2016/258 3747/5556/258

v 59.6758 84.4149 -96.897
vt 1.19403 0.838021
f 3747/5556/258 2054/2016/258 3748/5557/258

f 3748/5557/258 2054/2016/258 2908/3654/258

f 2908/2829/423 2054/2830/423 2837/2831/423 2910/2832/423 

v 59.6779 84.4149 -99.897
vt -1.19403 0.838021
f 2837/3436/432 3749/5558/432 2910/3661/432

v 59.6508 84.402 -99.897
vt -1.19349 0.837892
f 2837/3436/432 3750/5559/432 3749/5558/432

v 59.5773 84.3696 -99.8971
vt -1.19202 0.837568
f 2837/3436/432 3751/5560/432 3750/5559/432

v 59.469 84.3273 -99.8971
vt -1.18985 0.837146
f 2837/3436/432 3752/5561/432 3751/5560/432

v 59.3374 84.2846 -99.8972
vt -1.18722 0.83672
f 2837/3436/432 3753/5562/432 3752/5561/432

v 59.1942 84.2513 -99.8973
vt -1.18436 0.836388
f 2837/3436/432 3754/5563/432 3753/5562/432

v 59.051 84.2368 -99.8974
vt -1.1815 0.836244
f 2837/3436/432 3755/5564/432 3754/5563/432

v 58.9262 84.241 -99.8975
vt -1.179 0.836287
f 2837/3436/432 3756/5565/432 3755/5564/432

v 58.8388 84.2445 -99.8976
vt -1.17726 0.836323
f 2837/3436/432 3757/5566/432 3756/5565/432

v 58.7828 84.2468 -99.8976
vt -1.17614 0.836346
f 2837/3436/432 3758/5567/432 3757/5566/432

v 58.7288 84.2416 -99.8977
vt -1.17506 0.836294
f 2837/3436/432 3759/5568/432 3758/5567/432

v 58.6971 84.1905 -99.8977
vt -1.17442 0.835784
f 2837/3436/432 3760/5569/432 3759/5568/432

v 58.6382 84.1074 -99.8977
vt -1.17324 0.834953
f 2837/3436/432 3761/5570/432 3760/5569/432

v 58.5573 84.012 -99.8978
vt -1.17162 0.833999
f 2837/3436/432 3762/5571/432 3761/5570/432

v 58.4592 83.9239 -99.8979
vt -1.16966 0.833119
f 2837/3436/432 3763/5572/432 3762/5571/432

v 58.3487 83.8629 -99.8979
vt -1.16745 0.83251
f 2837/3436/432 3764/5573/432 3763/5572/432

v 58.2307 83.848 -99.898
vt -1.16509 0.832362
f 2837/3436/432 3765/5574/432 3764/5573/432

v 58.1053 83.8714 -99.8981
vt -1.16259 0.832596
f 2837/3436/432 3766/5575/432 3765/5574/432

v 57.98 83.9165 -99.8982
vt -1.16008 0.833049
f 2837/3436/432 3767/5576/432 3766/5575/432

v 57.8648 83.9718 -99.8983
vt -1.15778 0.833603
f 2837/3436/432 3768/5577/432 3767/5576/432

v 57.7699 84.0257 -99.8984
vt -1.15588 0.834142
f 2837/3436/432 3769/5578/432 3768/5577/432

v 57.7055 84.0665 -99.8984
vt -1.1546 0.834551
f 2837/3436/432 3770/5579/432 3769/5578/432

v 57.6818 84.0827 -99.8984
vt -1.15412 0.834713
f 2837/3436/432 3771/5580/432 3770/5579/432

v 57.6356 84.0827 -99.8985
vt -1.1532 0.834713
f 2837/3436/432 3772/5581/432 3771/5580/432

v 57.5191 84.0826 -99.8985
vt -1.15087 0.834713
f 2837/3436/432 3773/5582/432 3772/5581/432

v 57.3653 84.0825 -99.8987
vt -1.1478 0.834713
f 2837/3436/432 3774/5583/432 3773/5582/432

v 57.2074 84.0824 -99.8988
vt -1.14464 0.834713
f 2837/3436/432 3775/5584/432 3774/5583/432

v 57.0785 84.0823 -99.8989
vt -1.14206 0.834713
f 2837/3436/432 3776/5585/432 3775/5584/432

v 57.0047 84.0821 -99.8989
vt -1.14059 0.834712
f 2837/3436/432 3777/5586/432 3776/5585/432

v 56.9784 84.0808 -99.8989
vt -1.14006 0.834699
f 2837/3436/432 3778/5587/432 3777/5586/432

v 56.9497 84.0794 -99.899
vt -1.13949 0.834685
f 2837/3436/432 3779/5588/432 3778/5587/432

v 56.907 84.0773 -99.899
vt -1.13864 0.834665
f 2837/3436/432 3780/5589/432 3779/5588/432

v 56.8474 84.0745 -99.899
vt -1.13744 0.834637
f 2837/3436/432 3781/5590/432 3780/5589/432

v 56.768 84.0706 -99.8991
vt -1.13586 0.834599
f 2837/3436/432 3782/5591/432 3781/5590/432

v 56.6701 84.0531 -99.8992
vt -1.1339 0.834425
f 2837/3436/432 3783/5592/432 3782/5591/432

v 56.5621 84.0099 -99.8992
vt -1.13174 0.833993
f 2837/3436/432 3784/5593/432 3783/5592/432

v 56.451 83.9492 -99.8993
vt -1.12952 0.833387
f 2837/3436/432 3785/5594/432 3784/5593/432

v 56.3437 83.8795 -99.8994
vt -1.12737 0.832691
f 2837/3436/432 3786/5595/432 3785/5594/432

v 56.2468 83.8094 -99.8995
vt -1.12544 0.83199
f 2837/3436/432 3787/5596/432 3786/5595/432

v 56.1673 83.7471 -99.8995
vt -1.12385 0.831368
f 2837/3436/432 3788/5597/432 3787/5596/432

v 56.1121 83.7013 -99.8996
vt -1.12274 0.830911
f 2837/3436/432 3789/5598/432 3788/5597/432

v 56.0718 83.7062 -99.8996
vt -1.12194 0.83096
f 2837/3436/432 3790/5599/432 3789/5598/432

v 54.4187 85.2688 -99.9008
vt -1.08891 0.846598
f 2837/3436/432 3791/5600/432 3790/5599/432

v 54.2041 85.317 -99.9009
vt -1.08462 0.847081
f 2837/3436/432 3792/5601/432 3791/5600/432

v 54.016 85.3701 -99.9011
vt -1.08086 0.847613
f 2837/3436/432 3793/5602/432 3792/5601/432

v 53.858 85.423 -99.9012
vt -1.07771 0.848144
f 2837/3436/432 3794/5603/432 3793/5602/432

v 53.7337 85.4707 -99.9013
vt -1.07522 0.848621
f 2837/3436/432 3795/5604/432 3794/5603/432

v 53.6466 85.5078 -99.9013
vt -1.07348 0.848993
f 2837/3436/432 3796/5605/432 3795/5604/432

v 53.6 85.5334 -99.9014
vt -1.07255 0.84925
f 2837/3436/432 3797/5606/432 3796/5605/432

f 2837/3436/432 3697/5497/432 3797/5606/432

f 2823/3231/432 3697/5497/432 2837/3436/432

f 2823/3231/432 3653/5392/432 3697/5497/432

f 2823/3231/432 3651/5382/432 3653/5392/432

f 2823/3231/432 3652/5358/432 3651/5382/432

f 2823/3231/432 3540/5052/432 3652/5358/432

f 2823/3231/432 3539/5053/432 3540/5052/432

f 2823/3231/432 3538/5054/432 3539/5053/432

f 2823/3231/432 3537/5055/432 3538/5054/432

f 2823/3231/432 3532/5061/432 3537/5055/432

f 2823/3231/432 3531/5062/432 3532/5061/432

f 2823/3231/432 3530/5063/432 3531/5062/432

f 2823/3231/432 3529/5064/432 3530/5063/432

f 2823/3231/432 3528/5065/432 3529/5064/432

f 2823/3231/432 3527/5066/432 3528/5065/432

f 2823/3231/432 3526/5067/432 3527/5066/432

f 2823/3231/432 3525/5068/432 3526/5067/432

f 2823/3231/432 3524/5069/432 3525/5068/432

f 2823/3231/432 3523/5070/432 3524/5069/432

f 2823/3231/432 3522/5071/432 3523/5070/432

f 2823/3231/432 3521/5072/432 3522/5071/432

f 2823/3231/432 3520/5073/432 3521/5072/432

f 2823/3231/432 3518/4992/432 3520/5073/432

f 2823/3231/432 3519/4993/432 3518/4992/432

v 50.3296 84.0494 -99.9037
f 2823/3231/432 3798/4994/432 3519/4993/432

v 50.2363 84.0247 -99.9038
f 2823/3231/432 3799/4995/432 3798/4994/432

v 50.1394 84.0098 -99.9039
f 2823/3231/432 3800/4996/432 3799/4995/432

v 50.049 84.0124 -99.9039
f 2823/3231/432 3801/4997/432 3800/4996/432

f 2823/3231/432 3461/4987/432 3801/4997/432

vt -0.35098 0.03
vn 0.350348 0.936619 0.000252759
vt -0.35255 0.03
vn 0.191905 0.981413 0.00013845
vt -0.35255 0
vt -0.35098 0
f 2938/5607/755 2937/5608/756 3801/5609/756 3461/5610/755 

vt -0.952803 0.03
vt -0.954611 0.03
vn -0.0618172 0.998087 -4.4598e-05
vt -0.954611 0
vt -0.952803 0
f 2937/5611/756 2936/5612/757 3800/5613/757 3801/5614/756 

vt -1.24311 0.03
vt -1.24507 0.03
vn -0.203989 0.978973 -0.000147168
vt -1.24507 0
vt -1.24311 0
f 2936/5615/757 2935/5616/758 3799/5617/758 3800/5618/757 

vt -1.39771 0.03
vt -1.39964 0.03
vn -0.28927 0.957248 -0.000208694
vt -1.39964 0
vt -1.39771 0
f 2935/5619/758 2934/5620/759 3798/5621/759 3799/5622/758 

vt -1.48997 0.03
vt -1.49164 0.03
vt -1.49164 0
vt -1.48997 0
f 2934/5623/759 2933/5624/681 3519/5625/681 3798/5626/759 

f 3533/5060/432 3537/5055/432 3532/5061/432

f 3533/5060/432 3536/5056/432 3537/5055/432

v 50.9502 84.2899 -99.9033
f 3802/5059/432 3536/5056/432 3533/5060/432

f 3802/5059/432 3534/5057/432 3536/5056/432

f 3534/5057/432 3802/5059/432 3535/5058/432

vt -1.40345 0.03
vn -0.973343 -0.229353 -0.000702219
vt -1.40503 0.03
vt -1.40503 0
vt -1.40345 0
f 3516/5627/760 3515/5628/698 3535/5629/698 3802/5630/760 

vt -1.38592 0.03
vt -1.38728 0.03
vt -1.38728 0
vt -1.38592 0
f 3517/5631/697 3516/5632/760 3802/5633/760 3533/5634/697 

f 3541/5051/432 3652/5358/432 3540/5052/432

v 50.9906 84.7578 -99.9033
f 3803/5050/432 3652/5358/432 3541/5051/432

v 50.9495 84.7469 -99.9033
f 3804/5049/432 3652/5358/432 3803/5050/432

v 50.9068 84.7325 -99.9033
f 3805/5048/432 3652/5358/432 3804/5049/432

v 50.8656 84.7142 -99.9033
f 3806/5047/432 3652/5358/432 3805/5048/432

v 50.8289 84.6917 -99.9034
f 3807/5046/432 3652/5358/432 3806/5047/432

v 50.8006 84.6625 -99.9034
f 3808/5045/432 3652/5358/432 3807/5046/432

v 50.7822 84.6227 -99.9034
f 3809/5044/432 3652/5358/432 3808/5045/432

v 50.7699 84.578 -99.9034
f 3810/5043/432 3652/5358/432 3809/5044/432

v 50.7597 84.5347 -99.9034
f 3811/5042/432 3652/5358/432 3810/5043/432

f 3811/5042/432 3640/5357/432 3652/5358/432

v 50.7475 84.4991 -99.9034
f 3812/5041/432 3640/5357/432 3811/5042/432

v 50.7293 84.4775 -99.9034
f 3813/5040/432 3640/5357/432 3812/5041/432

v 50.7008 84.4763 -99.9035
f 3814/5039/432 3640/5357/432 3813/5040/432

v 50.658 84.5018 -99.9035
f 3815/5038/432 3640/5357/432 3814/5039/432

v 50.6045 84.5597 -99.9035
f 3816/5037/432 3640/5357/432 3815/5038/432

v 50.5728 85.163 -99.9036
f 3817/5031/432 3640/5357/432 3816/5037/432

v 50.5642 85.2052 -99.9036
f 3818/5030/432 3640/5357/432 3817/5031/432

v 50.5372 85.1902 -99.9036
f 3819/5029/432 3640/5357/432 3818/5030/432

v 50.502 85.1658 -99.9036
f 3820/5028/432 3640/5357/432 3819/5029/432

v 50.462 85.1312 -99.9036
f 3821/5027/432 3640/5357/432 3820/5028/432

v 50.4208 85.085 -99.9037
f 3822/5026/432 3640/5357/432 3821/5027/432

v 50.3819 85.0261 -99.9037
f 3823/5025/432 3640/5357/432 3822/5026/432

v 50.3488 84.9535 -99.9037
f 3824/5024/432 3640/5357/432 3823/5025/432

v 50.3247 84.8672 -99.9037
f 3825/5023/432 3640/5357/432 3824/5024/432

f 3825/5023/432 3639/5348/432 3640/5357/432

v 50.3083 84.7784 -99.9037
f 3826/5022/432 3639/5348/432 3825/5023/432

v 50.2981 84.6923 -99.9038
f 3827/5021/432 3639/5348/432 3826/5022/432

v 50.2653 84.3906 -99.9038
f 3828/5016/432 3639/5348/432 3827/5021/432

v 50.1888 84.3738 -99.9038
f 3829/5015/432 3639/5348/432 3828/5016/432

v 50.1303 84.4005 -99.9039
f 3830/5014/432 3639/5348/432 3829/5015/432

v 50.0874 84.4574 -99.9039
f 3831/5013/432 3639/5348/432 3830/5014/432

v 50.0578 84.5313 -99.9039
f 3832/5012/432 3639/5348/432 3831/5013/432

v 50.039 84.6092 -99.9039
f 3833/5011/432 3639/5348/432 3832/5012/432

v 50.0286 84.6778 -99.904
f 3834/5010/432 3639/5348/432 3833/5011/432

v 50.0207 84.7329 -99.904
f 3835/5009/432 3639/5348/432 3834/5010/432

v 49.9872 84.6993 -99.904
f 3836/5008/432 3639/5348/432 3835/5009/432

v 49.9622 84.6743 -99.904
f 3837/5007/432 3639/5348/432 3836/5008/432

v 49.9278 84.6398 -99.904
f 3838/5006/432 3639/5348/432 3837/5007/432

v 49.8829 84.5946 -99.9041
f 3839/5005/432 3639/5348/432 3838/5006/432

v 49.8469 84.5444 -99.9041
f 3840/5004/432 3639/5348/432 3839/5005/432

v 49.8287 84.4926 -99.9041
f 3841/5003/432 3639/5348/432 3840/5004/432

f 3841/5003/432 3550/5236/432 3639/5348/432

f 3550/5236/432 3841/5003/432 3546/5002/432

vt 1.73608 0.03
vn 0.980096 -0.198522 0.000707091
vt 1.73499 0.03
vt 1.73499 0
vt 1.73608 0
f 3464/5635/761 3463/5636/707 3546/5637/707 3841/5638/761 

vt 1.91394 0.03
vn 0.886956 -0.461854 0.000639895
vt 1.91284 0.03
vt 1.91284 0
vt 1.91394 0
f 3465/5639/762 3464/5640/761 3841/5641/761 3840/5642/762 

vt 1.94593 0.03
vn 0.763629 -0.645655 0.000550921
vt 1.9447 0.03
vt 1.9447 0
vt 1.94593 0
f 3466/5643/763 3465/5644/762 3840/5645/762 3839/5646/763 

vt 1.89593 0.03
vn 0.708804 -0.705405 0.000511367
vt 1.89465 0.03
vt 1.89465 0
vt 1.89593 0
f 3467/5647/764 3466/5648/763 3839/5649/763 3838/5650/764 

vt 1.89529 0.03
vn 0.707617 -0.706596 0.00051051
vt 1.89432 0.03
vt 1.89432 0
vt 1.89529 0
f 3468/5651/765 3467/5652/764 3838/5653/764 3837/5654/765 

vt 1.896 0.03
vt 1.896 0
f 3469/5655/765 3468/5651/765 3837/5654/765 3836/5656/765 

vt 1.89695 0.03
vt 1.89695 0
f 3470/5657/765 3469/5655/765 3836/5656/765 3835/5658/765 

vt -1.523 0.03
vn -0.98936 -0.145489 -0.000713774
vt -1.52411 0.03
vn -0.989948 -0.141429 -0.000714198
vt -1.52411 0
vt -1.523 0
f 3471/5659/766 3470/5660/767 3835/5661/767 3834/5662/766 

vt -1.51149 0.03
vn -0.981314 -0.192411 -0.000707969
vt -1.51287 0.03
vt -1.51287 0
vt -1.51149 0
f 3472/5663/768 3471/5664/766 3834/5665/766 3833/5666/768 

vt -1.39639 0.03
vn -0.952582 -0.304282 -0.00068724
vt -1.398 0.03
vt -1.398 0
vt -1.39639 0
f 3473/5667/769 3472/5668/768 3833/5669/768 3832/5670/769 

vt -1.18403 0.03
vn -0.871025 -0.491239 -0.000628401
vt -1.18562 0.03
vt -1.18562 0
vt -1.18403 0
f 3474/5671/770 3473/5672/769 3832/5673/769 3831/5674/770 

vt -0.735323 0.03
vn -0.798631 -0.601821 -0.000576173
vt -0.736747 0.03
vt -0.736747 0
vt -0.735323 0
f 3475/5675/771 3474/5676/770 3831/5677/770 3830/5678/771 

vt 0.218575 0.03
vn -0.414472 -0.910062 -0.000299021
vt 0.21729 0.03
vt 0.21729 0
vt 0.218575 0
f 3476/5679/772 3475/5680/772 3830/5681/772 3829/5682/772 

vt 1.34087 0.03
vn 0.21462 -0.976698 0.000154837
vt 1.3393 0.03
vt 1.3393 0
vt 1.34087 0
f 3477/5683/773 3476/5684/773 3829/5685/773 3828/5686/773 

vt 1.81775 0.03
vn 0.608678 -0.793417 0.000439131
vt 1.81701 0.03
vt 1.81701 0
v 50.2948 84.4133 -99.9038
vt 1.81775 0
f 3478/5687/774 3477/5688/774 3828/5689/774 3842/5690/774 

vt 1.0064 0.838761
vt 1.00646 0.838072
f 3479/5691/258 3477/5195/258 3478/5692/258

vt 1.00639 0.839351
f 3477/5195/258 3479/5691/258 3480/5693/258

vt 1.6685 0.03
vn 0.999971 -0.00760679 0.000721429
vt 1.66733 0.03
vn 0.999572 0.0292618 0.000721141
v 50.2915 84.4822 -99.9038
vt 1.66733 0
v 50.2909 84.5411 -99.9038
vt 1.6685 0
f 3480/5694/775 3479/5695/776 3843/5696/776 3844/5697/775 

vt 1.62661 0.03
vt 1.62523 0.03
vn 0.99882 0.0485639 0.000720599
vt 1.62523 0
vt 1.62661 0
f 3479/5698/776 3478/5699/777 3842/5700/777 3843/5701/776 

f 3828/5016/432 3843/5018/432 3842/5017/432

f 3843/5018/432 3828/5016/432 3844/5019/432

v 50.2927 84.6122 -99.9038
f 3828/5016/432 3845/5020/432 3844/5019/432

f 3828/5016/432 3827/5021/432 3845/5020/432

vt 1.74542 0.03
vn 0.995683 -0.0928151 0.000718336
vt 1.74382 0.03
vn 0.998931 -0.0462219 0.000720679
vt 1.74382 0
vt 1.74542 0
f 3482/5702/778 3481/5703/779 3845/5704/779 3827/5705/778 

vt 1.00642 0.840061
f 3482/5194/258 3477/5195/258 3481/5706/258

f 3481/5706/258 3477/5195/258 3480/5693/258

vt 1.70477 0.03
vt 1.70335 0.03
vt 1.70335 0
vt 1.70477 0
f 3481/5707/779 3480/5708/775 3844/5709/775 3845/5710/779 

vt 1.79047 0.03
vn 0.988737 -0.149663 0.000713325
vt 1.78874 0.03
vt 1.78874 0
vt 1.79047 0
f 3483/5711/780 3482/5712/778 3827/5713/778 3826/5714/780 

vt 1.83924 0.03
vn 0.974306 -0.225227 0.000702913
vt 1.83744 0.03
vt 1.83744 0
vt 1.83924 0
f 3484/5715/781 3483/5716/780 3826/5717/780 3825/5718/781 

vt 1.89542 0.03
vn 0.939369 -0.342908 0.000677708
vt 1.89363 0.03
vt 1.89363 0
vt 1.89542 0
f 3485/5719/782 3484/5720/781 3825/5721/781 3824/5722/782 

vt 1.95385 0.03
vn 0.874719 -0.484629 0.000631067
vt 1.95226 0.03
vt 1.95226 0
vt 1.95385 0
f 3486/5723/783 3485/5724/782 3824/5725/782 3823/5726/783 

vt 1.96507 0.03
vn 0.792174 -0.610295 0.000571514
vt 1.96366 0.03
vt 1.96366 0
vt 1.96507 0
f 3487/5727/784 3486/5728/783 3823/5729/783 3822/5730/784 

vt 1.93278 0.03
vn 0.702107 -0.712071 0.000506536
vt 1.93155 0.03
vt 1.93155 0
vt 1.93278 0
f 3488/5731/785 3487/5732/784 3822/5733/784 3821/5734/785 

vt 1.87054 0.03
vn 0.61247 -0.790494 0.000441866
vt 1.86948 0.03
vt 1.86948 0
vt 1.87054 0
f 3489/5735/786 3488/5736/785 3821/5737/785 3820/5738/786 

vt 1.79203 0.03
vn 0.528604 -0.848869 0.000381361
vt 1.79117 0.03
vt 1.79117 0
vt 1.79203 0
f 3490/5739/787 3489/5740/786 3820/5741/786 3819/5742/787 

vt 1.70794 0.03
vn 0.488164 -0.872752 0.000352186
vt 1.70733 0.03
vt 1.70733 0
vt 1.70794 0
f 3491/5743/788 3490/5744/787 3819/5745/787 3818/5746/788 

vt -1.45355 0.03
vn -0.999487 -0.0320134 -0.00072108
vt -1.45441 0.03
vn -0.979624 -0.200841 -0.00070675
vt -1.45441 0
vt -1.45355 0
f 3492/5747/789 3491/5748/790 3818/5749/790 3817/5750/789 

vt -1.81256 0.03
vn -0.992995 0.118157 -0.000716396
vt -1.81413 0.03
vt -1.81413 0
v 50.562 85.085 -99.9036
vt -1.81256 0
f 3493/5751/791 3492/5752/789 3817/5753/789 3846/5754/791 

vt 1.01181 0.844788
vt 1.01195 0.840411
f 3493/5755/258 3497/5756/258 3492/5183/258

vt 1.01161 0.843776
f 3494/5757/258 3497/5756/258 3493/5755/258

vt 1.0116 0.841481
f 3494/5757/258 3496/5758/258 3497/5756/258

vt 1.01151 0.842639
f 3496/5758/258 3494/5757/258 3495/5759/258

vt -1.7277 0.03
vn -0.999994 0.00334404 -0.000721446
vt -1.72998 0.03
vn -0.997466 0.0711383 -0.000719622
v 50.552 84.9839 -99.9036
vt -1.72998 0
v 50.547 84.8701 -99.9036
vt -1.7277 0
f 3495/5760/792 3494/5761/793 3847/5762/793 3848/5763/792 

vt -1.77878 0.03
vt -1.78081 0.03
vt -1.78081 0
vt -1.77878 0
f 3494/5764/793 3493/5765/791 3846/5766/791 3847/5767/793 

v 50.5691 84.6474 -99.9036
f 3849/5036/432 3847/5033/432 3846/5032/432

v 50.5513 84.7544 -99.9036
f 3850/5035/432 3847/5033/432 3849/5036/432

f 3847/5033/432 3850/5035/432 3848/5034/432

vt -1.6443 0.03
vn -0.994927 -0.100598 -0.00071779
vt -1.64662 0.03
vt -1.64662 0
vt -1.6443 0
f 3496/5768/794 3495/5769/792 3848/5770/792 3850/5771/794 

vt -1.49248 0.03
vn -0.962574 -0.271018 -0.000694449
vt -1.49465 0.03
vt -1.49465 0
vt -1.49248 0
f 3497/5772/795 3496/5773/794 3850/5774/794 3849/5775/795 

vt -1.17716 0.03
vn -0.927029 -0.374988 -0.000668806
vt -1.17906 0.03
vt -1.17906 0
vt -1.17716 0
f 3498/5776/796 3497/5777/795 3849/5778/795 3816/5779/796 

f 3492/5183/258 3497/5756/258 3498/5182/258

f 3849/5036/432 3817/5031/432 3816/5037/432

f 3849/5036/432 3846/5032/432 3817/5031/432

vt -0.545555 0.03
vn -0.629587 -0.77693 -0.000454216
vt -0.547132 0.03
vn -0.734612 -0.678487 -0.000529986
vt -0.547132 0
vt -0.545555 0
f 3499/5780/797 3498/5781/798 3816/5782/798 3815/5783/797 

vt 0.0128015 0.03
vn -0.511515 -0.859274 -0.000369033
vt 0.0118073 0.03
vt 0.0118073 0
vt 0.0128015 0
f 3500/5784/799 3499/5785/797 3815/5786/797 3814/5787/799 

vt 1.08506 0.03
vn 0.0429611 -0.999077 3.09943e-05
vt 1.08449 0.03
vt 1.08449 0
vt 1.08506 0
f 3501/5788/800 3500/5789/800 3814/5790/800 3813/5791/800 

vt 1.93564 0.03
vn 0.762739 -0.646706 0.000550279
vt 1.93508 0.03
vt 1.93508 0
vt 1.93564 0
f 3502/5792/801 3501/5793/801 3813/5794/801 3812/5795/801 

vt 1.91664 0.03
vn 0.96094 -0.276756 0.00069327
vt 1.91589 0.03
vn 0.946051 -0.324018 0.000682529
vt 1.91589 0
vt 1.91664 0
f 3503/5796/802 3502/5797/803 3812/5798/803 3811/5799/802 

vt 1.86696 0.03
vn 0.969116 -0.246603 0.000699169
vt 1.86607 0.03
vt 1.86607 0
vt 1.86696 0
f 3504/5800/804 3503/5801/802 3811/5802/802 3810/5803/804 

vt 1.88874 0.03
vn 0.939231 -0.343285 0.000677609
vt 1.88781 0.03
vt 1.88781 0
vt 1.88874 0
f 3505/5804/805 3504/5805/804 3810/5806/804 3809/5807/805 

vt 1.95199 0.03
vn 0.824063 -0.566498 0.000594521
vt 1.95111 0.03
vt 1.95111 0
vt 1.95199 0
f 3506/5808/806 3505/5809/805 3809/5810/805 3808/5811/806 

vt 1.91395 0.03
vn 0.625222 -0.780447 0.000451066
vt 1.91314 0.03
vt 1.91314 0
vt 1.91395 0
f 3507/5812/807 3506/5813/806 3808/5814/806 3807/5815/807 

vt 1.74699 0.03
vn 0.465517 -0.885039 0.000335848
vt 1.74614 0.03
vt 1.74614 0
vt 1.74699 0
f 3508/5816/808 3507/5817/807 3807/5818/807 3806/5819/808 

vt 1.61198 0.03
vn 0.362614 -0.93194 0.000261608
vt 1.61108 0.03
vt 1.61108 0
vt 1.61198 0
f 3509/5820/809 3508/5821/808 3806/5822/808 3805/5823/809 

vt 1.50221 0.03
vn 0.287561 -0.957762 0.000207461
vt 1.50131 0.03
vt 1.50131 0
vt 1.50221 0
f 3510/5824/810 3509/5825/809 3805/5826/809 3804/5827/810 

vt 1.41545 0.03
vn 0.231517 -0.972831 0.000167028
vt 1.4146 0.03
vt 1.4146 0
vt 1.41545 0
f 3511/5828/811 3510/5829/810 3804/5830/810 3803/5831/811 

vt 1.34664 0.03
vt 1.34589 0.03
vt 1.34589 0
vt 1.34664 0
f 3512/5832/706 3511/5833/811 3803/5834/811 3541/5835/706 

vt -0.958435 0.03
vn 0.0320643 0.999486 2.31328e-05
vt -0.96926 0.03
vt -0.96926 0
vt -0.958435 0
f 3542/5836/812 2914/5837/812 3652/5838/812 3640/5839/812 

vt -1.06321 0.85465
f 3797/5606/432 3697/5497/432 3699/5840/432

v 53.412 86.196 -99.9015
vt -1.0688 0.855877
f 3797/5606/432 3699/5840/432 3851/5841/432

vt -1.6598 0.03
vn -0.402249 0.91553 -0.000290203
v 53.4098 86.196 -96.9015
vt -1.66591 0.03
vt -1.66591 0
vt -1.6598 0
f 3698/5842/813 3852/5843/813 3851/5844/813 3699/5845/813 

vt 1.0688 0.855877
f 3698/5509/258 3700/5508/258 3852/5846/258

v 53.4738 86.354 -96.9015
vt 1.07008 0.857457
f 3852/5846/258 3700/5508/258 3853/5847/258

v 53.4831 88.7783 -96.9015
vt 1.0703 0.881699
f 3853/5847/258 3700/5508/258 3854/5848/258

v 53.5092 88.8056 -96.9014
vt 1.07083 0.881972
f 3854/5848/258 3700/5508/258 3855/5849/258

v 53.5176 88.6707 -96.9014
vt 1.07099 0.880623
f 3855/5849/258 3700/5508/258 3856/5850/258

v 53.5246 88.6312 -96.9014
vt 1.07113 0.880228
f 3856/5850/258 3700/5508/258 3857/5851/258

v 53.5661 88.6149 -96.9014
vt 1.07196 0.880065
f 3857/5851/258 3700/5508/258 3858/5852/258

v 53.6368 88.6239 -96.9013
vt 1.07337 0.880154
f 3700/5508/258 3859/5853/258 3858/5852/258

v 53.654 85.5404 -96.9013
vt 1.07367 0.849319
f 3859/5853/258 3700/5508/258 3860/5854/258

vt 1.27261 0.03
vn 0.139543 -0.990216 0.000100673
vt 1.27148 0.03
vn 0.122607 -0.992455 8.84545e-05
vt 1.27148 0
v 53.6562 85.5404 -99.9013
vt 1.27261 0
f 3860/5855/814 3700/5856/815 3797/5857/815 3861/5858/814 

v 57.6216 86.1599 -96.8985
vt -1.15299 0.855485
v 57.6132 86.0791 -96.8985
vt -1.15283 0.854677
v 57.5847 86.0477 -96.8985
vt -1.15226 0.854363
v 57.564 86.0248 -96.8985
vt -1.15184 0.854135
v 57.5351 85.9929 -96.8985
vt -1.15126 0.853816
v 57.4966 85.9504 -96.8986
vt -1.15049 0.853392
v 57.4556 85.9208 -96.8986
vt -1.14967 0.853096
v 57.421 85.9312 -96.8986
vt -1.14898 0.8532
v 57.3884 85.97 -96.8986
vt -1.14833 0.853588
v 57.3533 86.0253 -96.8987
vt -1.14763 0.854141
v 57.3114 86.085 -96.8987
vt -1.14679 0.854738
v 57.2582 86.1372 -96.8987
vt -1.14573 0.855261
v 57.1893 86.1699 -96.8988
vt -1.14435 0.855589
v 57.1003 86.1713 -96.8988
vt -1.14257 0.855604
v 57.0096 86.1405 -96.8989
vt -1.14076 0.855296
v 56.9527 86.0962 -96.899
vt -1.13962 0.854853
v 56.9176 86.0431 -96.899
vt -1.13892 0.854322
v 56.8911 85.9856 -96.899
vt -1.13839 0.853748
v 56.8603 85.9283 -96.899
vt -1.13777 0.853175
v 56.812 85.8753 -96.8991
vt -1.13681 0.852646
v 56.7332 85.8312 -96.8991
vt -1.13523 0.852205
v 56.6107 85.8004 -96.8992
vt -1.13278 0.851897
v 56.4604 85.7807 -96.8993
vt -1.12978 0.851702
v 56.3465 85.7572 -96.8994
vt -1.1275 0.851467
v 56.2614 85.7284 -96.8995
vt -1.1258 0.85118
v 56.1934 85.6937 -96.8995
vt -1.12444 0.850834
v 56.1309 85.6525 -96.8995
vt -1.12319 0.850422
v 56.0621 85.6041 -96.8996
vt -1.12181 0.849939
v 55.9753 85.5479 -96.8997
vt -1.12008 0.849377
v 55.8591 85.4833 -96.8997
vt -1.11775 0.848732
v 55.7198 85.4132 -96.8998
vt -1.11497 0.848032
v 55.6105 85.3507 -96.8999
vt -1.11278 0.847408
v 55.5228 85.2978 -96.9
vt -1.11103 0.846879
v 55.4422 85.2553 -96.9
vt -1.10942 0.846455
v 55.3543 85.2242 -96.9001
vt -1.10766 0.846145
v 55.2446 85.2053 -96.9002
vt -1.10546 0.845956
v 55.0987 85.1994 -96.9003
vt -1.10255 0.845899
v 54.9021 85.2075 -96.9004
vt -1.09862 0.845981
v 54.654 85.2308 -96.9006
vt -1.09366 0.846215
vt -1.07367 0.849319
v 53.758 85.5569 -96.9013
vt -1.07575 0.849483
v 53.8982 85.5853 -96.9012
vt -1.07856 0.849766
v 54.0628 85.6282 -96.901
vt -1.08185 0.850194
v 54.24 85.6879 -96.9009
vt -1.08539 0.850789
v 54.4181 85.7668 -96.9008
vt -1.08895 0.851578
v 54.5853 85.8675 -96.9007
vt -1.0923 0.852583
v 54.7295 85.9884 -96.9006
vt -1.09518 0.853791
v 54.8424 86.0892 -96.9005
vt -1.09744 0.854799
v 54.9385 86.1613 -96.9004
vt -1.09936 0.855518
v 55.0358 86.2078 -96.9003
vt -1.1013 0.855983
v 55.1523 86.2323 -96.9003
vt -1.10363 0.856227
v 55.3061 86.2379 -96.9001
vt -1.10671 0.856282
v 55.5152 86.2281 -96.9
vt -1.11089 0.856182
v 55.7976 86.206 -96.8998
vt -1.11653 0.85596
v 56.1613 86.1765 -96.8995
vt -1.1238 0.855662
v 56.4395 86.1659 -96.8993
vt -1.12936 0.855553
v 56.5919 86.1823 -96.8992
vt -1.13241 0.855717
v 56.6511 86.2244 -96.8992
vt -1.13359 0.856137
v 56.6496 86.2903 -96.8992
vt -1.13356 0.856796
v 56.6199 86.3786 -96.8992
vt -1.13297 0.85768
v 56.5947 86.4877 -96.8992
vt -1.13247 0.85877
v 56.6065 86.6159 -96.8992
vt -1.13271 0.860053
v 56.6859 86.7605 -96.8991
vt -1.1343 0.861498
v 56.7822 86.8721 -96.8991
vt -1.13623 0.862613
v 56.8645 86.9326 -96.899
vt -1.13787 0.863218
v 56.9382 86.9511 -96.899
vt -1.13935 0.863402
v 57.0091 86.9367 -96.8989
vt -1.14076 0.863257
v 57.0828 86.8983 -96.8989
vt -1.14223 0.862873
v 57.1647 86.845 -96.8988
vt -1.14387 0.862339
v 57.2606 86.7858 -96.8987
vt -1.14579 0.861747
v 57.3759 86.7296 -96.8987
vt -1.14809 0.861184
v 57.479 86.6591 -96.8986
vt -1.15015 0.860479
v 57.5495 86.5655 -96.8985
vt -1.15156 0.859542
v 57.5932 86.4587 -96.8985
vt -1.15243 0.858474
v 57.6159 86.3488 -96.8985
vt -1.15288 0.857374
v 57.6234 86.2459 -96.8985
vt -1.15303 0.856345
f 3862/5859/432 3863/5860/432 3864/5861/432 3865/5862/432 3866/5863/432 3867/5864/432 3868/5865/432 3869/5866/432 3870/5867/432 3871/5868/432 3872/5869/432 3873/5870/432 3874/5871/432 3875/5872/432 3876/5873/432 3877/5874/432 3878/5875/432 3879/5876/432 3880/5877/432 3881/5878/432 3882/5879/432 3883/5880/432 3884/5881/432 3885/5882/432 3886/5883/432 3887/5884/432 3888/5885/432 3889/5886/432 3890/5887/432 3891/5888/432 3892/5889/432 3893/5890/432 3894/5891/432 3895/5892/432 3896/5893/432 3897/5894/432 3898/5895/432 3899/5896/432 3900/5897/432 3706/5600/432 3705/5601/432 3704/5602/432 3703/5603/432 3702/5604/432 3701/5605/432 3700/5606/432 3860/5898/432 3901/5899/432 3902/5900/432 3903/5901/432 3904/5902/432 3905/5903/432 3906/5904/432 3907/5905/432 3908/5906/432 3909/5907/432 3910/5908/432 3911/5909/432 3912/5910/432 3913/5911/432 3914/5912/432 3915/5913/432 3916/5914/432 3917/5915/432 3918/5916/432 3919/5917/432 3920/5918/432 3921/5919/432 3922/5920/432 3923/5921/432 3924/5922/432 3925/5923/432 3926/5924/432 3927/5925/432 3928/5926/432 3929/5927/432 3930/5928/432 3931/5929/432 3932/5930/432 3933/5931/432 3934/5932/432 3935/5933/432 3936/5934/432 

vt -1.81947 0.03
vn -0.994615 0.103632 -0.000717566
vt -1.82109 0.03
vn -0.998053 0.0623678 -0.000720046
v 57.6238 86.1599 -99.8985
vt -1.82109 0
v 57.6154 86.0791 -99.8985
vt -1.81947 0
f 3863/5935/816 3862/5936/817 3937/5937/817 3938/5938/816 

vt 1.15283 0.854677
vt 1.15299 0.855485
f 3863/5939/258 3725/5534/258 3862/5940/258

vt 1.15226 0.854363
f 3864/5941/258 3725/5534/258 3863/5939/258

vt 1.15184 0.854135
f 3865/5942/258 3725/5534/258 3864/5941/258

vt 1.15126 0.853816
f 3866/5943/258 3725/5534/258 3865/5942/258

f 3866/5943/258 3724/5533/258 3725/5534/258

vt 1.15049 0.853392
f 3867/5944/258 3724/5533/258 3866/5943/258

v 57.4929 85.4914 -96.8986
vt 1.15041 0.848801
f 3939/5945/258 3724/5533/258 3867/5944/258

v 57.4907 85.3996 -96.8986
vt 1.15037 0.847884
f 3940/5946/258 3724/5533/258 3939/5945/258

v 57.486 85.3107 -96.8986
vt 1.15027 0.846994
f 3941/5947/258 3724/5533/258 3940/5946/258

v 57.4803 85.2313 -96.8986
vt 1.15016 0.846201
f 3942/5948/258 3724/5533/258 3941/5947/258

v 57.4753 85.1685 -96.8986
vt 1.15005 0.845572
f 3943/5949/258 3724/5533/258 3942/5948/258

v 57.4673 85.1051 -96.8986
vt 1.14989 0.844939
f 3944/5950/258 3724/5533/258 3943/5949/258

v 57.4423 85.057 -96.8986
vt 1.14939 0.844458
f 3945/5951/258 3724/5533/258 3944/5950/258

v 57.4162 85.0414 -96.8986
vt 1.14887 0.844302
f 3946/5952/258 3724/5533/258 3945/5951/258

v 57.3974 84.9877 -96.8986
vt 1.1485 0.843765
f 3947/5953/258 3724/5533/258 3946/5952/258

f 3947/5953/258 3723/5532/258 3724/5533/258

v 57.334 84.904 -96.8987
vt 1.14723 0.842929
f 3948/5954/258 3723/5532/258 3947/5953/258

v 57.2536 84.8128 -96.8987
vt 1.14562 0.842017
f 3949/5955/258 3723/5532/258 3948/5954/258

f 3949/5955/258 3722/5531/258 3723/5532/258

v 57.1575 84.7206 -96.8988
vt 1.1437 0.841096
f 3950/5956/258 3722/5531/258 3949/5955/258

f 3950/5956/258 3721/5530/258 3722/5531/258

v 57.0473 84.6344 -96.8989
vt 1.14149 0.840235
f 3951/5957/258 3721/5530/258 3950/5956/258

f 3951/5957/258 3720/5529/258 3721/5530/258

f 3951/5957/258 3719/5528/258 3720/5529/258

f 3951/5957/258 3718/5527/258 3719/5528/258

v 56.9242 84.5609 -96.899
vt 1.13903 0.839501
f 3952/5958/258 3718/5527/258 3951/5957/258

f 3952/5958/258 3717/5526/258 3718/5527/258

f 3952/5958/258 3716/5525/258 3717/5526/258

v 56.7924 84.5085 -96.8991
vt 1.1364 0.838978
f 3953/5959/258 3716/5525/258 3952/5958/258

f 3953/5959/258 3715/5524/258 3716/5525/258

v 56.669 84.4896 -96.8992
vt 1.13393 0.838789
f 3954/5960/258 3715/5524/258 3953/5959/258

f 3954/5960/258 3714/5523/258 3715/5524/258

f 3954/5960/258 3713/5522/258 3714/5523/258

v 56.5562 84.501 -96.8992
vt 1.13167 0.838904
f 3955/5961/258 3713/5522/258 3954/5960/258

v 56.5094 84.5083 -96.8993
vt 1.13074 0.838978
f 3956/5962/258 3713/5522/258 3955/5961/258

v 56.454 84.5376 -96.8993
vt 1.12963 0.83927
f 3957/5963/258 3713/5522/258 3956/5962/258

f 3957/5963/258 3712/5521/258 3713/5522/258

f 3957/5963/258 3711/5520/258 3712/5521/258

v 56.3394 84.5734 -96.8994
vt 1.12734 0.83963
f 3958/5964/258 3711/5520/258 3957/5963/258

f 3958/5964/258 3710/5519/258 3711/5520/258

v 56.1743 84.6401 -96.8995
vt 1.12404 0.840298
f 3959/5965/258 3710/5519/258 3958/5964/258

f 3959/5965/258 3709/5518/258 3710/5519/258

f 3959/5965/258 3708/5517/258 3709/5518/258

f 3959/5965/258 3707/5516/258 3708/5517/258

v 56.0518 83.7366 -96.8996
vt 1.12158 0.831264
f 3959/5965/258 3960/5966/258 3707/5516/258

v 56.0306 83.7726 -96.8996
vt 1.12116 0.831623
f 3959/5965/258 3961/5967/258 3960/5966/258

v 56.0186 84.7004 -96.8996
vt 1.12093 0.840902
f 3962/5968/258 3961/5967/258 3959/5965/258

v 56.0089 83.8094 -96.8996
vt 1.12072 0.831992
f 3962/5968/258 3963/5969/258 3961/5967/258

v 55.9893 83.8427 -96.8997
vt 1.12033 0.832325
f 3962/5968/258 3964/5970/258 3963/5969/258

v 55.9541 83.8932 -96.8997
vt 1.11963 0.83283
f 3962/5968/258 3965/5971/258 3964/5970/258

v 55.904 83.9445 -96.8997
vt 1.11863 0.833344
f 3962/5968/258 3966/5972/258 3965/5971/258

v 55.8765 84.7461 -96.8997
vt 1.11809 0.84136
f 3967/5973/258 3966/5972/258 3962/5968/258

v 55.8283 84.0276 -96.8998
vt 1.11711 0.834176
f 3967/5973/258 3968/5974/258 3966/5972/258

v 55.7522 84.7694 -96.8998
vt 1.1156 0.841594
f 3969/5975/258 3968/5974/258 3967/5973/258

v 55.7403 84.1342 -96.8998
vt 1.11536 0.835242
f 3969/5975/258 3970/5976/258 3968/5974/258

v 55.6533 84.2556 -96.8999
vt 1.11362 0.836457
f 3969/5975/258 3971/5977/258 3970/5976/258

v 55.6502 84.7621 -96.8999
vt 1.11356 0.841521
f 3972/5978/258 3971/5977/258 3969/5975/258

v 55.5805 84.3836 -96.8999
vt 1.11217 0.837737
f 3972/5978/258 3973/5979/258 3971/5977/258

v 55.5746 84.7161 -96.8999
vt 1.11205 0.841062
f 3974/5980/258 3973/5979/258 3972/5978/258

v 55.5354 84.5096 -96.9
vt 1.11127 0.838998
f 3974/5980/258 3975/5981/258 3973/5979/258

v 55.5311 84.6253 -96.9
vt 1.11118 0.840154
f 3975/5981/258 3974/5980/258 3976/5982/258

vt 1.99682 0.03
vn 0.902012 -0.431711 0.000650757
vt 1.99481 0.03
v 55.5333 84.6253 -99.9
vt 1.99481 0
v 55.5768 84.7161 -99.8999
vt 1.99682 0
f 3974/5983/818 3976/5984/818 3977/5985/818 3978/5986/818 

vt 1.11278 0.847408
f 3893/5987/258 3976/5982/258 3974/5980/258

vt 1.11103 0.846879
f 3976/5982/258 3893/5987/258 3894/5988/258

vt -1.82533 0.03
vn -0.491696 0.870767 -0.000354734
vt -1.82738 0.03
vn -0.506671 0.862139 -0.000365538
v 55.6126 85.3507 -99.8999
vt -1.82738 0
v 55.525 85.2978 -99.9
vt -1.82533 0
f 3894/5989/819 3893/5990/820 3979/5991/820 3980/5992/819 

vt -1.80639 0.03
vt -1.8089 0.03
vn -0.473178 0.880967 -0.000341375
v 55.7219 85.4132 -99.8998
vt -1.8089 0
vt -1.80639 0
f 3893/5993/820 3892/5994/821 3981/5995/821 3979/5996/820 

vt 1.11497 0.848032
f 3893/5987/258 3972/5978/258 3892/5997/258

f 3893/5987/258 3974/5980/258 3972/5978/258

vt 1.82499 0.03
vn 0.519701 -0.854348 0.000374939
vt 1.82323 0.03
vt 1.82323 0
v 55.6523 84.7621 -99.8999
vt 1.82499 0
f 3972/5998/822 3974/5999/822 3978/6000/822 3982/6001/822 

v 55.5827 84.3836 -99.8999
vt -1.11217 0.837737
vt -1.11205 0.841062
vt -1.11356 0.841521
f 3983/6002/432 3978/6003/432 3982/6004/432

v 55.5376 84.5096 -99.9
vt -1.11127 0.838998
f 3984/6005/432 3978/6003/432 3983/6002/432

vt -1.11118 0.840154
f 3978/6003/432 3984/6005/432 3977/6006/432

v 55.4444 85.2553 -99.9
f 3984/6005/432 3985/5892/432 3977/6006/432

v 55.3565 85.2242 -99.9001
f 3984/6005/432 3986/5893/432 3985/5892/432

v 55.2468 85.2053 -99.9002
f 3984/6005/432 3987/5894/432 3986/5893/432

f 3983/6002/432 3987/5894/432 3984/6005/432

v 55.1009 85.1994 -99.9003
f 3983/6002/432 3988/5895/432 3987/5894/432

v 55.6554 84.2556 -99.8999
vt -1.11362 0.836457
f 3989/6007/432 3988/5895/432 3983/6002/432

v 54.9042 85.2075 -99.9004
f 3989/6007/432 3990/5896/432 3988/5895/432

v 55.7424 84.1342 -99.8998
vt -1.11536 0.835242
f 3991/6008/432 3990/5896/432 3989/6007/432

f 3790/5599/432 3990/5896/432 3991/6008/432

v 54.6562 85.2308 -99.9006
f 3790/5599/432 3992/5897/432 3990/5896/432

f 3790/5599/432 3791/5600/432 3992/5897/432

vt -0.806103 0.03
vn 0.188687 0.982037 0.000136128
vt -0.810912 0.03
vn 0.125778 0.992058 9.07427e-05
vt -0.810912 0
vt -0.806103 0
f 3706/6009/823 3900/6010/824 3992/6011/824 3791/6012/823 

vt 1.09366 0.846215
f 3706/5515/258 3707/5516/258 3900/6013/258

vt 1.09862 0.845981
f 3900/6013/258 3707/5516/258 3899/6014/258

f 3899/6014/258 3707/5516/258 3970/5976/258

f 3970/5976/258 3707/5516/258 3968/5974/258

f 3968/5974/258 3707/5516/258 3966/5972/258

f 3966/5972/258 3707/5516/258 3965/5971/258

f 3965/5971/258 3707/5516/258 3960/5966/258

vt 0.863611 0.03
vn 0.861568 0.507642 0.000621579
vt 0.862905 0.03
vt 0.862905 0
v 56.0539 83.7366 -99.8996
vt 0.863611 0
f 3960/6015/825 3707/6016/825 3790/6017/825 3993/6018/825 

vt -0.912088 0.03
vn 0.120625 0.992698 8.70246e-05
vt -0.912898 0.03
vt -0.912898 0
vt -0.912088 0
f 3707/6019/826 3708/6020/826 3789/6021/826 3790/6022/826 

vt -1.92394 0.03
vn -0.638108 0.769947 -0.000460363
vt -1.92537 0.03
vn -0.627316 0.778765 -0.000452577
vt -1.92537 0
vt -1.92394 0
f 3708/6023/827 3709/6024/828 3788/6025/828 3789/6026/827 

vt -1.90891 0.03
vt -1.91093 0.03
vn -0.601654 0.798757 -0.000434063
vt -1.91093 0
vt -1.90891 0
f 3709/6027/828 3710/6028/829 3787/6029/829 3788/6030/828 

vt -1.88665 0.03
vt -1.88904 0.03
vn -0.565645 0.824649 -0.000408085
vt -1.88904 0
vt -1.88665 0
f 3710/6031/829 3711/6032/830 3786/6033/830 3787/6034/829 

vt -1.85111 0.03
vt -1.85367 0.03
vn -0.512213 0.858859 -0.000369536
vt -1.85367 0
vt -1.85111 0
f 3711/6035/830 3712/6036/831 3785/6037/831 3786/6038/830 

vt -1.78933 0.03
vt -1.79186 0.03
vn -0.426524 0.904476 -0.000307716
vt -1.79186 0
vt -1.78933 0
f 3712/6039/831 3713/6040/832 3784/6041/832 3785/6042/831 

vt -1.66996 0.03
vt -1.67229 0.03
vn -0.275392 0.961332 -0.000198682
vt -1.67229 0
vt -1.66996 0
f 3713/6043/832 3714/6044/833 3783/6045/833 3784/6046/832 

vt -1.4085 0.03
vt -1.41049 0.03
vn -0.112297 0.993675 -8.10168e-05
vt -1.41049 0
vt -1.4085 0
f 3714/6047/833 3715/6048/834 3782/6049/834 3783/6050/833 

vt -1.21393 0.03
vt -1.21552 0.03
vn -0.0482858 0.998834 -3.48358e-05
vt -1.21552 0
vt -1.21393 0
f 3715/6051/834 3716/6052/835 3781/6053/835 3782/6054/834 

vt -1.21671 0.03
vt -1.21671 0
f 3716/6052/835 3717/6055/835 3780/6056/835 3781/6053/835 

vt -1.21756 0.03
vt -1.21756 0
f 3717/6055/835 3718/6057/835 3779/6058/835 3780/6056/835 

vt -1.21814 0.03
vt -1.21814 0
f 3718/6057/835 3719/6059/835 3778/6060/835 3779/6058/835 

vt -1.21866 0.03
vn -0.0257227 0.999669 -1.85576e-05
vt -1.21866 0
f 3719/6059/835 3720/6061/836 3777/6062/836 3778/6060/835 

vt -1.14463 0.03
vt -1.14611 0.03
vn -0.00193394 0.999998 -1.39524e-06
vt -1.14611 0
vt -1.14463 0
f 3720/6063/836 3721/6064/837 3776/6065/837 3777/6066/836 

vt -1.14206 0.03
vt -1.14464 0.03
vt -1.14464 0
vt -1.14206 0
f 3721/6067/837 3722/6068/260 3775/6069/260 3776/6070/837 

vt -1.1478 0.03
vt -1.1478 0
f 3722/6068/260 3723/6071/260 3774/6072/260 3775/6069/260 

vt -1.15087 0.03
vt -1.15087 0
f 3723/6071/260 3724/6073/260 3773/6074/260 3774/6072/260 

vt -1.1532 0.03
vt -1.1532 0
f 3724/6073/260 3725/6075/260 3772/6076/260 3773/6074/260 

vt -1.15412 0.03
vt -1.15412 0
f 3725/6075/260 3726/6077/260 3771/6078/260 3772/6076/260 

v 57.799 85.9427 -96.8983
vt 1.15654 0.853312
f 3994/6079/258 3725/5534/258 3726/5535/258

v 57.8253 86.2873 -96.8983
vt 1.15707 0.856758
f 3995/6080/258 3725/5534/258 3994/6079/258

vt 1.15303 0.856345
f 3995/6080/258 3936/6081/258 3725/5534/258

vt 1.15288 0.857374
f 3995/6080/258 3935/6082/258 3936/6081/258

v 57.6131 86.7776 -96.8985
vt 1.15283 0.861663
f 3996/6083/258 3935/6082/258 3995/6080/258

vt 1.15243 0.858474
f 3996/6083/258 3934/6084/258 3935/6082/258

vt 1.15156 0.859542
f 3996/6083/258 3933/6085/258 3934/6084/258

vt 1.15015 0.860479
f 3996/6083/258 3932/6086/258 3933/6085/258

vt 1.14809 0.861184
f 3996/6083/258 3931/6087/258 3932/6086/258

vt 1.14579 0.861747
f 3996/6083/258 3930/6088/258 3931/6087/258

vt 1.14387 0.862339
f 3996/6083/258 3929/6089/258 3930/6088/258

v 57.1183 87.5431 -96.8988
vt 1.14295 0.869321
f 3997/6090/258 3929/6089/258 3996/6083/258

vt 1.14223 0.862873
f 3997/6090/258 3928/6091/258 3929/6089/258

vt 1.14076 0.863257
f 3997/6090/258 3927/6092/258 3928/6091/258

vt 1.13935 0.863402
f 3997/6090/258 3926/6093/258 3927/6092/258

vt 1.13787 0.863218
f 3997/6090/258 3925/6094/258 3926/6093/258

v 56.819 88.5895 -96.8991
vt 1.13699 0.879787
f 3998/6095/258 3925/6094/258 3997/6090/258

vt 1.13623 0.862613
f 3925/6094/258 3998/6095/258 3924/6096/258

vt 1.1343 0.861498
f 3998/6095/258 3923/6097/258 3924/6096/258

v 57.3331 97.4651 -96.8987
vt 1.14739 0.96854
f 3999/6098/258 3923/6097/258 3998/6095/258

vt 1.13271 0.860053
f 3999/6098/258 3922/6099/258 3923/6097/258

vt 1.13247 0.85877
f 3999/6098/258 3921/6100/258 3922/6099/258

vt 1.12936 0.855553
f 3999/6098/258 3916/6101/258 3921/6100/258

vt 1.1238 0.855662
f 3999/6098/258 3915/6102/258 3916/6101/258

v 56.1025 97.5012 -96.8996
vt 1.12279 0.96891
f 4000/6103/258 3915/6102/258 3999/6098/258

vt 1.11653 0.85596
f 4000/6103/258 3914/6104/258 3915/6102/258

vt 1.11089 0.856182
f 4000/6103/258 3913/6105/258 3914/6104/258

vt 1.10671 0.856282
f 4000/6103/258 3912/6106/258 3913/6105/258

vt 1.10363 0.856227
f 4000/6103/258 3911/6107/258 3912/6106/258

vt 1.1013 0.855983
f 4000/6103/258 3910/6108/258 3911/6107/258

v 54.997 97.1411 -96.9004
vt 1.10069 0.965316
f 4001/6109/258 3910/6108/258 4000/6103/258

vt 1.09936 0.855518
f 4001/6109/258 3909/6110/258 3910/6108/258

vt 1.09744 0.854799
f 4001/6109/258 3908/6111/258 3909/6110/258

vt 1.09518 0.853791
f 4001/6109/258 3907/6112/258 3908/6111/258

vt 1.0923 0.852583
f 4001/6109/258 3906/6113/258 3907/6112/258

vt 1.08895 0.851578
f 4001/6109/258 3905/6114/258 3906/6113/258

v 54.3432 92.2909 -96.9008
vt 1.08755 0.916819
f 4001/6109/258 4002/6115/258 3905/6114/258

v 54.0076 92.7467 -96.9011
vt 1.08084 0.92138
f 4001/6109/258 4003/6116/258 4002/6115/258

v 53.9234 96.3334 -96.9011
vt 1.07921 0.957247
f 4004/6117/258 4003/6116/258 4001/6109/258

v 53.5279 93.7427 -96.9014
vt 1.07127 0.931343
f 4004/6117/258 4005/6118/258 4003/6116/258

v 53.35 95.1121 -96.9016
vt 1.06773 0.945038
f 4005/6118/258 4004/6117/258 4006/6119/258

vt -2.16394 0.03
vn -0.905185 0.425016 -0.000653046
vt -2.19091 0.03
v 53.9256 96.3334 -99.9011
vt -2.19091 0
v 53.3521 95.1121 -99.9016
vt -2.16394 0
f 4006/6120/838 4004/6121/838 4007/6122/838 4008/6123/838 

vt -2.01216 0.03
vn -0.601179 0.799114 -0.000433721
vt -2.03902 0.03
vn -0.461729 0.887021 -0.000333115
v 54.9992 97.1411 -99.9004
vt -2.03902 0
vt -2.01216 0
f 4004/6124/839 4001/6125/840 4009/6126/840 4007/6127/839 

vt -1.64316 0.03
vt -1.6664 0.03
vn -0.142304 0.989823 -0.000102665
v 56.1047 97.5012 -99.8996
vt -1.6664 0
vt -1.64316 0
f 4001/6128/840 4000/6129/841 4010/6130/841 4009/6131/840 

vt -1.06408 0.03
vt -1.08869 0.03
vn 0.0293298 0.99957 2.116e-05
v 57.3353 97.4651 -99.8987
vt -1.08869 0
vt -1.06408 0
f 4000/6132/841 3999/6133/842 4011/6134/842 4010/6135/841 

vt -0.172173 0.03
vn 0.44187 0.897079 0.000318787
v 58.5908 96.8456 -96.8978
vt -0.200197 0.03
v 58.593 96.8456 -99.8978
vt -0.200197 0
vt -0.172173 0
f 3999/6136/843 4012/6137/843 4013/6138/843 4011/6139/843 

v 58.3315 91.6973 -96.898
vt 1.16727 0.910854
vt 1.17252 0.962336
f 3999/6098/258 4014/6140/258 4012/6141/258

v 57.2185 90.0014 -96.8988
vt 1.14499 0.893903
f 3999/6098/258 4015/6142/258 4014/6140/258

f 3999/6098/258 3998/6095/258 4015/6142/258

vt 2.03158 0.03
vn 0.909689 -0.41529 0.000656295
vt 2.00225 0.03
vn 0.962226 -0.272253 0.000694198
v 56.8212 88.5895 -99.8991
vt 2.00225 0
v 57.2207 90.0014 -99.8988
vt 2.03158 0
f 4015/6143/844 3998/6144/845 4016/6145/845 4017/6146/844 

vt 1.37944 0.03
vn 0.96146 0.274945 0.000693645
vt 1.35769 0.03
vn 0.910549 0.413401 0.000656916
v 57.1204 87.5431 -99.8988
vt 1.35769 0
vt 1.37944 0
f 3998/6147/846 3997/6148/847 4018/6149/847 4016/6150/846 

vt 0.840331 0.03
vt 0.822111 0.03
vn 0.881788 0.471645 0.000636166
v 57.6152 86.7776 -99.8985
vt 0.822111 0
vt 0.840331 0
f 3997/6151/847 3996/6152/848 4019/6153/848 4018/6154/847 

vt 1.1241 0.03
vt 1.11342 0.03
vn 0.917729 0.397207 0.000662096
v 57.8274 86.2873 -99.8983
vt 1.11342 0
vt 1.1241 0
f 3996/6155/848 3995/6156/849 4020/6157/849 4019/6158/848 

vt 1.79637 0.03
vn 0.997108 -0.0759898 0.000719364
vt 1.78946 0.03
vn 0.997881 -0.0650668 0.000719921
v 57.8012 85.9427 -99.8983
vt 1.78946 0
vt 1.79637 0
f 3995/6159/850 3994/6160/851 4021/6161/851 4020/6162/850 

vt 1.76665 0.03
v 57.7756 85.5117 -96.8984
vt 1.75802 0.03
vn 0.998533 -0.0541359 0.000720392
v 57.7778 85.5117 -99.8984
vt 1.75802 0
vt 1.76665 0
f 3994/6163/851 4022/6164/852 4023/6165/852 4021/6166/851 

vt 1.15606 0.849002
f 3994/6079/258 3726/5535/258 4022/6167/258

f 4022/6167/258 3726/5535/258 3727/5536/258

vt -0.0110224 0.03
vn 0.563786 0.825921 0.000406744
vt -0.0115965 0.03
vn 0.549796 0.835299 0.000396651
vt -0.0115965 0
vt -0.0110224 0
f 3726/6168/853 3727/6169/854 3770/6170/854 3771/6171/853 

vt -0.079918 0.03
vt -0.0814421 0.03
vn 0.514898 0.857251 0.000371473
vt -0.0814421 0
vt -0.079918 0
f 3727/6172/854 3728/6173/855 3769/6174/855 3770/6175/854 

f 4022/6167/258 3727/5536/258 3728/5537/258

f 3729/5538/258 4022/6167/258 3728/5537/258

v 57.9898 85.3728 -96.8982
vt 1.16034 0.847611
f 4022/6167/258 3729/5538/258 4024/6176/258

f 4024/6176/258 3729/5538/258 3730/5539/258

vt -0.320897 0.03
vn 0.463634 0.886027 0.000334489
vt -0.323451 0.03
vn 0.386381 0.922339 0.000278754
vt -0.323451 0
vt -0.320897 0
f 3729/6177/856 3730/6178/857 3767/6179/857 3768/6180/856 

vt -0.525708 0.03
vt -0.528371 0.03
vn 0.261965 0.965077 0.000188995
vt -0.528371 0
vt -0.525708 0
f 3730/6181/857 3731/6182/858 3766/6183/858 3767/6184/857 

f 4024/6176/258 3730/5539/258 3731/5540/258

v 58.4704 85.6015 -96.8979
vt 1.16995 0.849895
f 4024/6176/258 3731/5540/258 4025/6185/258

f 4025/6185/258 3731/5540/258 3732/5541/258

vt -0.836384 0.03
vt -0.838932 0.03
vn 0.0292402 0.999572 2.10954e-05
vt -0.838932 0
vt -0.836384 0
f 3731/6186/858 3732/6187/859 3765/6188/859 3766/6189/858 

vt -1.36372 0.03
vt -1.3661 0.03
vn -0.125572 0.992084 -9.05941e-05
vt -1.3661 0
vt -1.36372 0
f 3732/6190/859 3733/6191/860 3764/6192/860 3765/6193/859 

f 4025/6185/258 3732/5541/258 3733/5542/258

f 4025/6185/258 3733/5542/258 3734/5543/258

vt -1.82561 0.03
vn -0.483202 0.875509 -0.000348606
vt -1.82813 0.03
vn -0.579294 0.815119 -0.000417932
vt -1.82813 0
vt -1.82561 0
f 3733/6194/861 3734/6195/862 3763/6196/862 3764/6197/861 

vt -1.98253 0.03
vt -1.98517 0.03
vn -0.717012 0.69706 -0.000517289
vt -1.98517 0
vt -1.98253 0
f 3734/6198/862 3735/6199/863 3762/6200/863 3763/6201/862 

f 4025/6185/258 3734/5543/258 3735/5544/258

v 59.1611 85.6746 -96.8974
vt 1.18376 0.850621
f 4025/6185/258 3735/5544/258 4026/6202/258

f 4026/6202/258 3735/5544/258 3736/5545/258

vt -2.02919 0.03
vt -2.03169 0.03
vn -0.790303 0.612715 -0.000570165
vt -2.03169 0
vt -2.02919 0
f 3735/6203/863 3736/6204/864 3761/6205/864 3762/6206/863 

vt -2.04016 0.03
vt -2.04219 0.03
vn -0.832982 0.553299 -0.000600955
vt -2.04219 0
vt -2.04016 0
f 3736/6207/864 3737/6208/865 3760/6209/865 3761/6210/864 

f 4026/6202/258 3736/5545/258 3737/5546/258

f 4026/6202/258 3737/5546/258 3738/5547/258

vt -2.03911 0.03
vt -2.04031 0.03
vn -0.848922 0.528518 -0.000612455
vt -2.04031 0
vt -2.03911 0
f 3737/6211/865 3738/6212/866 3759/6213/866 3760/6214/865 

vt -1.33063 0.03
vn -0.0970476 0.99528 -7.0015e-05
vt -1.33172 0.03
vn -0.028136 0.999604 -2.02987e-05
vt -1.33172 0
vt -1.33063 0
f 3738/6215/867 3739/6216/868 3758/6217/868 3759/6218/867 

f 4026/6202/258 3738/5547/258 3739/5548/258

f 4026/6202/258 3739/5548/258 3740/5549/258

vt -1.10552 0.03
vt -1.10664 0.03
vn 0.0409097 0.999163 2.95143e-05
vt -1.10664 0
vt -1.10552 0
f 3739/6219/868 3740/6220/869 3757/6221/869 3758/6222/868 

vt -1.10839 0.03
vn 0.037084 0.999312 2.67542e-05
vt -1.10839 0
f 3740/6220/869 3741/6223/870 3756/6224/870 3757/6221/869 

f 4026/6202/258 3740/5549/258 3741/5550/258

f 4026/6202/258 3741/5550/258 3742/5551/258

vt -1.12152 0.03
vt -1.12401 0.03
vn -0.033724 0.999431 -2.43302e-05
vt -1.12401 0
vt -1.12152 0
f 3741/6225/870 3742/6226/871 3755/6227/871 3756/6228/870 

vt -1.34249 0.03
vt -1.34536 0.03
vn -0.164007 0.986459 -0.000118323
vt -1.34536 0
vt -1.34249 0
f 3742/6229/871 3743/6230/872 3754/6231/872 3755/6232/871 

f 4026/6202/258 3742/5551/258 3743/5552/258

v 59.6315 85.269 -96.897
vt 1.19316 0.846562
f 4026/6202/258 3743/5552/258 4027/6233/258

f 4027/6233/258 3743/5552/258 3744/5553/258

vt -1.53169 0.03
vt -1.53463 0.03
vn -0.267728 0.963495 -0.000193152
vt -1.53463 0
vt -1.53169 0
f 3743/6234/872 3744/6235/873 3753/6236/873 3754/6237/872 

vt -1.64403 0.03
vt -1.64679 0.03
vn -0.336142 0.941811 -0.00024251
vt -1.64679 0
vt -1.64403 0
f 3744/6238/873 3745/6239/874 3752/6240/874 3753/6241/873 

f 4027/6233/258 3744/5553/258 3745/5554/258

f 4027/6233/258 3745/5554/258 3746/5555/258

vt -1.71631 0.03
vt -1.71864 0.03
vn -0.383739 0.923442 -0.000276848
vt -1.71864 0
vt -1.71631 0
f 3745/6242/874 3746/6243/875 3751/6244/875 3752/6245/874 

vt -1.76549 0.03
vt -1.7671 0.03
vn -0.417309 0.908765 -0.000301068
vt -1.7671 0
vt -1.76549 0
f 3746/6246/875 3747/6247/876 3750/6248/876 3751/6249/875 

f 4027/6233/258 3746/5555/258 3747/5556/258

v 59.7108 84.702 -96.897
vt 1.19474 0.840892
f 4027/6233/258 3747/5556/258 4028/6250/258

f 4028/6250/258 3747/5556/258 3748/5557/258

vt -1.79816 0.03
vt -1.79876 0.03
vn -0.431023 0.902341 -0.000310961
vt -1.79876 0
vt -1.79816 0
f 3747/6251/876 3748/6252/877 3749/6253/877 3750/6254/876 

vt -1.20271 0.03
vn -0.00590866 0.999983 -4.2628e-06
vt -1.24823 0.03
vt -1.24823 0
vt -1.20271 0
f 3748/6255/878 2908/6256/878 2910/6257/878 3749/6258/878 

vt 1.81404 0.03
vn 0.999961 0.00876364 0.000721422
vt 1.80826 0.03
vn 0.992631 -0.121178 0.000716134
vt 1.80826 0
v 59.713 84.702 -99.897
vt 1.81404 0
f 4028/6259/879 3748/6260/880 3749/6261/880 4029/6262/879 

vt -1.19474 0.840892
f 3750/5559/432 4029/6263/432 3749/5558/432

v 59.6337 85.269 -99.897
vt -1.19316 0.846562
f 3750/5559/432 4030/6264/432 4029/6263/432

f 3751/5560/432 4030/6264/432 3750/5559/432

f 3752/5561/432 4030/6264/432 3751/5560/432

f 3753/5562/432 4030/6264/432 3752/5561/432

f 3754/5563/432 4030/6264/432 3753/5562/432

v 59.1633 85.6746 -99.8974
vt -1.18376 0.850621
f 3754/5563/432 4031/6265/432 4030/6264/432

f 3755/5564/432 4031/6265/432 3754/5563/432

f 3756/5565/432 4031/6265/432 3755/5564/432

f 3757/5566/432 4031/6265/432 3756/5565/432

f 3758/5567/432 4031/6265/432 3757/5566/432

f 3759/5568/432 4031/6265/432 3758/5567/432

f 3760/5569/432 4031/6265/432 3759/5568/432

f 3761/5570/432 4031/6265/432 3760/5569/432

f 3762/5571/432 4031/6265/432 3761/5570/432

v 58.4726 85.6015 -99.8979
vt -1.16995 0.849895
f 3762/5571/432 4032/6266/432 4031/6265/432

f 3763/5572/432 4032/6266/432 3762/5571/432

f 3764/5573/432 4032/6266/432 3763/5572/432

f 3765/5574/432 4032/6266/432 3764/5573/432

f 3766/5575/432 4032/6266/432 3765/5574/432

v 57.992 85.3728 -99.8982
vt -1.16034 0.847611
f 3766/5575/432 4033/6267/432 4032/6266/432

f 3767/5576/432 4033/6267/432 3766/5575/432

f 3768/5577/432 4033/6267/432 3767/5576/432

vt -1.15606 0.849002
f 3768/5577/432 4023/6268/432 4033/6267/432

f 4023/6268/432 3768/5577/432 3769/5578/432

vt -0.180193 0.03
vt -0.182374 0.03
vt -0.182374 0
vt -0.180193 0
f 3728/6269/855 3729/6270/856 3768/6271/856 3769/6272/855 

f 3770/5579/432 4023/6268/432 3769/5578/432

f 3771/5580/432 4023/6268/432 3770/5579/432

vt -1.15654 0.853312
f 3771/5580/432 4021/6273/432 4023/6268/432

f 3772/5581/432 4021/6273/432 3771/5580/432

vt -1.15707 0.856758
f 3772/5581/432 4020/6274/432 4021/6273/432

v 57.6256 86.2459 -99.8985
f 4034/5934/432 4020/6274/432 3772/5581/432

v 57.6181 86.3488 -99.8985
f 4035/5933/432 4020/6274/432 4034/5934/432

vt -1.15283 0.861663
f 4035/5933/432 4019/6275/432 4020/6274/432

v 57.5953 86.4587 -99.8985
f 4036/5932/432 4019/6275/432 4035/5933/432

v 57.5516 86.5655 -99.8985
f 4037/5931/432 4019/6275/432 4036/5932/432

v 57.4811 86.6591 -99.8986
f 4038/5930/432 4019/6275/432 4037/5931/432

v 57.378 86.7296 -99.8986
f 4039/5929/432 4019/6275/432 4038/5930/432

v 57.2628 86.7858 -99.8987
f 4040/5928/432 4019/6275/432 4039/5929/432

v 57.1669 86.845 -99.8988
f 4041/5927/432 4019/6275/432 4040/5928/432

vt -1.14295 0.869321
f 4041/5927/432 4018/6276/432 4019/6275/432

v 57.0849 86.8983 -99.8989
f 4042/5926/432 4018/6276/432 4041/5927/432

v 57.0113 86.9367 -99.8989
f 4043/5925/432 4018/6276/432 4042/5926/432

v 56.9404 86.9511 -99.899
f 4044/5924/432 4018/6276/432 4043/5925/432

v 56.8666 86.9326 -99.899
f 4045/5923/432 4018/6276/432 4044/5924/432

vt -1.13699 0.879787
f 4045/5923/432 4016/6277/432 4018/6276/432

v 56.7844 86.8721 -99.8991
f 4016/6277/432 4045/5923/432 4046/5922/432

vt 1.93875 0.03
vn 0.592758 -0.80538 0.000427646
vt 1.93671 0.03
vn 0.679102 -0.734044 0.000489938
vt 1.93671 0
vt 1.93875 0
f 3925/6278/881 3924/6279/882 4046/6280/882 4045/6281/881 

vt 2.04755 0.03
vt 2.0446 0.03
vn 0.821289 -0.570512 0.000592519
v 56.6881 86.7605 -99.8991
vt 2.0446 0
vt 2.04755 0
f 3924/6282/882 3923/6283/883 4047/6284/883 4046/6285/882 

vt 2.05559 0.03
vt 2.05229 0.03
vn 0.876592 -0.481234 0.000632418
v 56.6087 86.6159 -99.8992
vt 2.05229 0
vt 2.05559 0
f 3923/6286/883 3922/6287/884 4048/6288/884 4047/6289/883 

vt 1.81646 0.03
vn 0.995797 -0.0915844 0.000718418
vt 1.81388 0.03
vn 0.997714 0.0675737 0.000719801
v 56.5969 86.4877 -99.8992
vt 1.81388 0
vt 1.81646 0
f 3922/6290/885 3921/6291/886 4049/6292/886 4048/6293/885 

vt 1.4189 0.03
vt 1.41666 0.03
vn 0.962339 0.27185 0.00069428
v 56.6221 86.3786 -99.8992
vt 1.41666 0
vt 1.4189 0
f 3921/6294/886 3920/6295/887 4050/6296/887 4049/6297/886 

vt 1.13359 0.856137
vt 1.13297 0.85768
f 3921/6100/258 3918/6298/258 3920/6299/258

vt 1.13241 0.855717
f 3918/6298/258 3921/6100/258 3917/6300/258

f 3921/6100/258 3916/6101/258 3917/6300/258

vt 1.30875 0.03
vn 0.107595 -0.994195 7.76246e-05
vt 1.30568 0.03
vn 0.0348379 -0.999393 2.51339e-05
v 56.4417 86.1659 -99.8993
vt 1.30568 0
v 56.594 86.1823 -99.8992
vt 1.30875 0
f 3917/6301/888 3916/6302/889 4051/6303/889 4052/6304/888 

vt 1.06211 0.03
vt 1.05655 0.03
vn -0.0595865 -0.998223 -4.29887e-05
v 56.1635 86.1765 -99.8995
vt 1.05655 0
vt 1.06211 0
f 3916/6305/889 3915/6306/890 4053/6307/890 4051/6308/889 

vt 0.980194 0.03
vt 0.972899 0.03
vn -0.0793998 -0.996843 -5.7283e-05
v 55.7998 86.206 -99.8998
vt 0.972899 0
vt 0.980194 0
f 3915/6309/890 3914/6310/891 4054/6311/891 4053/6312/890 

vt 0.97881 0.03
vt 0.973147 0.03
vn -0.0624279 -0.998049 -4.50386e-05
v 55.5174 86.2281 -99.9
vt 0.973147 0
vt 0.97881 0
f 3914/6313/891 3913/6314/892 4055/6315/892 4054/6316/891 

vt 1.0278 0.03
vt 1.02362 0.03
vn -0.00523744 -0.999986 -3.77856e-06
v 55.3083 86.2379 -99.9001
vt 1.02362 0
vt 1.0278 0
f 3913/6317/892 3912/6318/893 4056/6319/893 4055/6320/892 

vt 1.16744 0.03
vt 1.16436 0.03
vn 0.121402 -0.992603 8.75857e-05
v 55.1545 86.2323 -99.9003
vt 1.16436 0
vt 1.16744 0
f 3912/6321/893 3911/6322/894 4057/6323/894 4056/6324/893 

vt 1.43049 0.03
vt 1.4281 0.03
vn 0.320856 -0.947128 0.000231482
v 55.0379 86.2078 -99.9003
vt 1.4281 0
vt 1.43049 0
f 3911/6325/894 3910/6326/895 4058/6327/895 4057/6328/894 

vt 1.73143 0.03
vt 1.72927 0.03
vn 0.518328 -0.855182 0.000373948
v 54.9406 86.1613 -99.9004
vt 1.72927 0
vt 1.73143 0
f 3910/6329/895 3909/6330/896 4059/6331/896 4058/6332/895 

vt 1.90494 0.03
vt 1.90254 0.03
vn 0.633524 -0.773723 0.000457056
v 54.8446 86.0892 -99.9005
vt 1.90254 0
vt 1.90494 0
f 3909/6333/896 3908/6334/897 4060/6335/897 4059/6336/896 

vt 1.9563 0.03
vt 1.95327 0.03
vn 0.654427 -0.756125 0.000472137
v 54.7317 85.9884 -99.9006
vt 1.95327 0
vt 1.9563 0
f 3908/6337/897 3907/6338/898 4061/6339/898 4060/6340/897 

vt 1.93548 0.03
vt 1.93171 0.03
vn 0.580943 -0.813944 0.000419122
v 54.5875 85.8675 -99.9007
vt 1.93171 0
vt 1.93548 0
f 3907/6341/898 3906/6342/899 4062/6343/899 4061/6344/898 

vt 1.81411 0.03
vt 1.81021 0.03
vn 0.461408 -0.887188 0.000332883
v 54.4202 85.7668 -99.9008
vt 1.81021 0
vt 1.81411 0
f 3906/6345/899 3905/6346/900 4063/6347/900 4062/6348/899 

vt 1.68468 0.03
vt 1.68079 0.03
vn 0.36268 -0.931914 0.000261656
v 54.2421 85.6879 -99.9009
vt 1.68079 0
vt 1.68468 0
f 3905/6349/900 3904/6350/901 4064/6351/901 4063/6352/900 

vt 1.08539 0.850789
f 4002/6115/258 3904/6353/258 3905/6114/258

v 54.1908 92.1537 -96.9009
vt 1.0845 0.915448
f 4065/6354/258 3904/6353/258 4002/6115/258

vt 1.08185 0.850194
f 4065/6354/258 3903/6355/258 3904/6353/258

vt 1.07856 0.849766
f 4065/6354/258 3902/6356/258 3903/6355/258

v 53.831 88.7974 -96.9012
vt 1.07726 0.881888
f 4065/6354/258 4066/6357/258 3902/6356/258

v 53.8136 88.8183 -96.9012
vt 1.07691 0.882097
f 4065/6354/258 4067/6358/258 4066/6357/258

v 53.7909 88.8457 -96.9012
vt 1.07646 0.882371
f 4065/6354/258 4068/6359/258 4067/6358/258

v 53.7658 88.8761 -96.9013
vt 1.07596 0.882675
f 4065/6354/258 4069/6360/258 4068/6359/258

v 53.7412 88.9058 -96.9013
vt 1.07546 0.882973
f 4065/6354/258 4070/6361/258 4069/6360/258

v 53.7199 88.9315 -96.9013
vt 1.07504 0.883229
f 4065/6354/258 4071/6362/258 4070/6361/258

v 53.6994 88.9562 -96.9013
vt 1.07463 0.883477
f 4065/6354/258 4072/6363/258 4071/6362/258

v 53.681 91.8149 -96.9013
vt 1.0743 0.912064
f 4073/6364/258 4072/6363/258 4065/6354/258

v 53.6555 88.9037 -96.9013
vt 1.07375 0.882952
f 4073/6364/258 4074/6365/258 4072/6363/258

v 53.6139 88.8498 -96.9014
vt 1.07292 0.882413
f 4073/6364/258 4075/6366/258 4074/6365/258

v 53.5808 88.9355 -96.9014
vt 1.07226 0.883271
f 4073/6364/258 4076/6367/258 4075/6366/258

v 53.5595 88.9656 -96.9014
vt 1.07183 0.883572
f 4073/6364/258 4077/6368/258 4076/6367/258

v 53.5348 88.9736 -96.9014
vt 1.07134 0.883652
f 4073/6364/258 4078/6369/258 4077/6368/258

v 53.5074 88.9824 -96.9014
vt 1.07079 0.88374
f 4073/6364/258 4079/6370/258 4078/6369/258

v 53.4806 88.991 -96.9015
vt 1.07026 0.883827
f 4073/6364/258 4080/6371/258 4079/6370/258

v 53.4352 89.0057 -96.9015
vt 1.06935 0.883973
f 4073/6364/258 4081/6372/258 4080/6371/258

v 53.4244 88.9696 -96.9015
vt 1.06913 0.883613
f 4073/6364/258 4082/6373/258 4081/6372/258

v 53.4147 88.9323 -96.9015
vt 1.06894 0.88324
f 4073/6364/258 4083/6374/258 4082/6373/258

v 53.4056 88.889 -96.9015
vt 1.06876 0.882807
f 4073/6364/258 4084/6375/258 4083/6374/258

v 53.3996 88.8449 -96.9015
vt 1.06864 0.882366
f 4073/6364/258 4085/6376/258 4084/6375/258

v 53.2034 87.0453 -96.9017
vt 1.06469 0.864371
f 4073/6364/258 4086/6377/258 4085/6376/258

v 53.1339 87.4949 -96.9017
vt 1.06331 0.868867
f 4073/6364/258 4087/6378/258 4086/6377/258

v 53.13 87.8945 -96.9017
vt 1.06323 0.872864
f 4073/6364/258 4088/6379/258 4087/6378/258

v 53.0728 87.8249 -96.9018
vt 1.06209 0.872169
f 4073/6364/258 4089/6380/258 4088/6379/258

v 53.0672 91.5389 -96.9018
vt 1.06203 0.909308
f 4090/6381/258 4089/6380/258 4073/6364/258

v 52.9046 87.7059 -96.9019
vt 1.05872 0.870979
f 4090/6381/258 4091/6382/258 4089/6380/258

v 52.8658 88.9454 -96.9019
vt 1.05797 0.883375
f 4090/6381/258 4092/6383/258 4091/6382/258

v 52.8505 89.0407 -96.9019
vt 1.05766 0.884328
f 4090/6381/258 4093/6384/258 4092/6383/258

v 52.8364 89.1155 -96.9019
vt 1.05738 0.885076
f 4090/6381/258 4094/6385/258 4093/6384/258

v 52.8277 89.156 -96.9019
vt 1.05721 0.885481
f 4090/6381/258 4095/6386/258 4094/6385/258

v 52.803 89.7381 -96.9019
vt 1.05672 0.891302
f 4090/6381/258 4096/6387/258 4095/6386/258

v 52.7111 89.8257 -96.902
vt 1.05489 0.892179
f 4090/6381/258 4097/6388/258 4096/6387/258

v 52.655 89.8793 -96.9021
vt 1.05376 0.892715
f 4090/6381/258 4098/6389/258 4097/6388/258

v 52.5614 91.4717 -96.9021
vt 1.05192 0.908639
f 4099/6390/258 4098/6389/258 4090/6381/258

v 52.6147 89.479 -96.9021
vt 1.05295 0.888712
f 4099/6390/258 4100/6391/258 4098/6389/258

v 52.465 89.326 -96.9022
vt 1.04996 0.887184
f 4099/6390/258 4101/6392/258 4100/6391/258

v 52.2866 89.1861 -96.9023
vt 1.04639 0.885786
f 4099/6390/258 4102/6393/258 4101/6392/258

v 52.1458 91.3868 -96.9024
vt 1.04361 0.907794
f 4103/6394/258 4102/6393/258 4099/6390/258

f 4103/6394/258 3648/5375/258 4102/6393/258

f 3646/5374/258 3648/5375/258 4103/6394/258

vt -1.77617 0.03
vt -1.78569 0.03
vn -0.343844 0.939027 -0.000248066
v 52.148 91.3868 -99.9024
vt -1.78569 0
vt -1.77617 0
f 3646/6395/727 4103/6396/902 4104/6397/902 3647/6398/727 

vt -1.38446 0.03
vt -1.39294 0.03
vn -0.165988 0.986128 -0.000119752
v 52.5636 91.4717 -99.9021
vt -1.39294 0
vt -1.38446 0
f 4103/6399/902 4099/6400/903 4105/6401/903 4104/6402/902 

vt -1.28076 0.03
vt -1.29096 0.03
vn -0.273819 0.961781 -0.000197547
v 53.0694 91.5389 -99.9018
vt -1.29096 0
vt -1.28076 0
f 4099/6403/903 4090/6404/904 4106/6405/904 4105/6406/903 

vt -1.71328 0.03
vt -1.72673 0.03
vn -0.483437 0.875379 -0.000348776
v 53.6832 91.8149 -99.9013
vt -1.72673 0
vt -1.71328 0
f 4090/6407/904 4073/6408/905 4107/6409/905 4106/6410/904 

vt -1.90317 0.03
vt -1.9154 0.03
vn -0.613011 0.790074 -0.000442257
v 54.193 92.1537 -99.9009
vt -1.9154 0
vt -1.90317 0
f 4073/6411/905 4065/6412/906 4108/6413/906 4107/6414/905 

vt -2.0301 0.03
vt -2.0342 0.03
vn -0.66927 0.743019 -0.000482845
v 54.3454 92.2909 -99.9008
vt -2.0342 0
vt -2.0301 0
f 4065/6415/906 4002/6416/907 4109/6417/907 4108/6418/906 

vt -0.832282 0.03
vn -0.805223 -0.592971 -0.000580929
vt -0.843597 0.03
vn -0.856791 -0.515663 -0.000618132
v 54.0097 92.7467 -99.9011
vt -0.843597 0
vt -0.832282 0
f 4002/6419/908 4003/6420/909 4110/6421/909 4109/6422/908 

vt -1.19172 0.03
vt -1.21382 0.03
vn -0.958525 -0.285008 -0.000691528
v 53.53 93.7427 -99.9014
vt -1.21382 0
vt -1.19172 0
f 4003/6423/909 4005/6424/910 4111/6425/910 4110/6426/909 

vt -1.70914 0.03
vt -1.73674 0.03
vn -0.991664 -0.128851 -0.000715436
vt -1.73674 0
vt -1.70914 0
f 4005/6427/910 4006/6428/911 4008/6429/911 4111/6430/910 

vt -1.07921 0.957247
vt -1.07127 0.931343
vt -1.06773 0.945038
f 4007/6431/432 4111/6432/432 4008/6433/432

vt -1.08084 0.92138
f 4111/6432/432 4007/6431/432 4110/6434/432

vt -1.10069 0.965316
f 4110/6434/432 4007/6431/432 4009/6435/432

vt -1.08755 0.916819
f 4110/6434/432 4009/6435/432 4109/6436/432

f 4109/6436/432 4009/6435/432 4063/5903/432

f 4063/5903/432 4009/6435/432 4062/5904/432

f 4062/5904/432 4009/6435/432 4061/5905/432

f 4061/5905/432 4009/6435/432 4060/5906/432

f 4060/5906/432 4009/6435/432 4059/5907/432

f 4059/5907/432 4009/6435/432 4058/5908/432

vt -1.12279 0.96891
f 4058/5908/432 4009/6435/432 4010/6437/432

f 4058/5908/432 4010/6437/432 4057/5909/432

f 4057/5909/432 4010/6437/432 4056/5910/432

f 4056/5910/432 4010/6437/432 4055/5911/432

f 4055/5911/432 4010/6437/432 4054/5912/432

f 4054/5912/432 4010/6437/432 4053/5913/432

vt -1.14739 0.96854
f 4053/5913/432 4010/6437/432 4011/6438/432

f 4053/5913/432 4011/6438/432 4051/5914/432

f 4051/5914/432 4011/6438/432 4049/5919/432

f 4049/5919/432 4011/6438/432 4048/5920/432

f 4048/5920/432 4011/6438/432 4047/5921/432

f 4047/5921/432 4011/6438/432 4016/6277/432

vt -1.14499 0.893903
f 4016/6277/432 4011/6438/432 4017/6439/432

v 58.3337 91.6973 -99.898
vt -1.16727 0.910854
f 4017/6439/432 4011/6438/432 4112/6440/432

vt -1.17252 0.962336
f 4112/6440/432 4011/6438/432 4013/6441/432

v 59.2858 93.4769 -99.8973
vt -1.18632 0.928643
f 4112/6440/432 4013/6441/432 4113/6442/432

v 59.4475 95.3433 -99.8972
vt -1.18958 0.947306
f 4113/6442/432 4013/6441/432 4114/6443/432

vt 1.09384 0.03
vn 0.869224 0.494418 0.000627102
v 59.4454 95.3433 -96.8972
vt 1.05929 0.03
vt 1.05929 0
vt 1.09384 0
f 4012/6444/912 4115/6445/912 4114/6446/912 4013/6447/912 

v 59.2836 93.4769 -96.8973
vt 1.18632 0.928643
vt 1.18958 0.947306
f 4012/6141/258 4116/6448/258 4115/6449/258

f 4012/6141/258 4014/6140/258 4116/6448/258

vt 2.19658 0.03
vn 0.881749 -0.471719 0.000636138
vt 2.15623 0.03
vn 0.859751 -0.510713 0.000620268
vt 2.15623 0
vt 2.19658 0
f 4116/6450/913 4014/6451/914 4112/6452/914 4113/6453/913 

vt 2.16268 0.03
vt 2.12213 0.03
vt 2.12213 0
vt 2.16268 0
f 4014/6454/914 4015/6455/844 4017/6456/844 4112/6457/914 

vt 1.99004 0.03
vn 0.996266 -0.0863396 0.000718756
vt 1.95259 0.03
vt 1.95259 0
vt 1.99004 0
f 4115/6458/915 4116/6459/915 4113/6460/915 4114/6461/915 

f 4047/5921/432 4016/6277/432 4046/5922/432

f 4051/5914/432 4049/5919/432 4052/5915/432

v 56.6532 86.2244 -99.8992
f 4049/5919/432 4117/5916/432 4052/5915/432

f 4117/5916/432 4049/5919/432 4050/5918/432

v 56.6517 86.2903 -99.8992
f 4117/5916/432 4050/5918/432 4118/5917/432

vt 1.26631 0.03
vt 1.26445 0.03
vn 0.985036 0.172349 0.000710654
vt 1.26445 0
vt 1.26631 0
f 3920/6462/887 3919/6463/916 4118/6464/916 4050/6465/887 

vt 1.13356 0.856796
f 3920/6299/258 3918/6298/258 3919/6466/258

vt 1.68734 0.03
vt 1.68602 0.03
vn 0.999741 0.0227579 0.000721263
vt 1.68602 0
vt 1.68734 0
f 3919/6467/916 3918/6468/917 4117/6469/917 4118/6470/916 

vt 1.91455 0.03
vn 0.578913 -0.815389 0.000417657
vt 1.9131 0.03
vt 1.9131 0
vt 1.91455 0
f 3918/6471/918 3917/6472/918 4052/6473/918 4117/6474/918 

f 4064/5902/432 4109/6436/432 4063/5903/432

vt -1.0845 0.915448
f 4064/5902/432 4108/6475/432 4109/6436/432

v 54.0649 85.6282 -99.901
f 4119/5901/432 4108/6475/432 4064/5902/432

v 53.9004 85.5853 -99.9012
f 4120/5900/432 4108/6475/432 4119/5901/432

v 53.8331 88.7974 -99.9012
vt -1.07726 0.881888
f 4121/6476/432 4108/6475/432 4120/5900/432

v 53.8158 88.8183 -99.9012
vt -1.07691 0.882097
f 4122/6477/432 4108/6475/432 4121/6476/432

v 53.7931 88.8457 -99.9012
vt -1.07646 0.882371
f 4123/6478/432 4108/6475/432 4122/6477/432

v 53.768 88.8761 -99.9013
vt -1.07596 0.882675
f 4124/6479/432 4108/6475/432 4123/6478/432

v 53.7433 88.9058 -99.9013
vt -1.07546 0.882973
f 4125/6480/432 4108/6475/432 4124/6479/432

v 53.7221 88.9315 -99.9013
vt -1.07504 0.883229
f 4126/6481/432 4108/6475/432 4125/6480/432

v 53.7016 88.9562 -99.9013
vt -1.07463 0.883477
f 4127/6482/432 4108/6475/432 4126/6481/432

vt -1.0743 0.912064
f 4127/6482/432 4107/6483/432 4108/6475/432

v 53.6577 88.9037 -99.9013
vt -1.07375 0.882952
f 4128/6484/432 4107/6483/432 4127/6482/432

v 53.6161 88.8498 -99.9014
vt -1.07292 0.882413
f 4129/6485/432 4107/6483/432 4128/6484/432

v 53.583 88.9355 -99.9014
vt -1.07226 0.883271
f 4130/6486/432 4107/6483/432 4129/6485/432

v 53.5616 88.9656 -99.9014
vt -1.07183 0.883572
f 4131/6487/432 4107/6483/432 4130/6486/432

v 53.5369 88.9736 -99.9014
vt -1.07134 0.883652
f 4132/6488/432 4107/6483/432 4131/6487/432

v 53.5096 88.9824 -99.9014
vt -1.07079 0.88374
f 4133/6489/432 4107/6483/432 4132/6488/432

v 53.4828 88.991 -99.9015
vt -1.07026 0.883827
f 4134/6490/432 4107/6483/432 4133/6489/432

v 53.4374 89.0057 -99.9015
vt -1.06935 0.883973
f 4135/6491/432 4107/6483/432 4134/6490/432

v 53.4266 88.9696 -99.9015
vt -1.06913 0.883613
f 4136/6492/432 4107/6483/432 4135/6491/432

v 53.4169 88.9323 -99.9015
vt -1.06894 0.88324
f 4137/6493/432 4107/6483/432 4136/6492/432

v 53.4078 88.889 -99.9015
vt -1.06876 0.882807
f 4138/6494/432 4107/6483/432 4137/6493/432

v 53.4018 88.8449 -99.9015
vt -1.06864 0.882366
f 4139/6495/432 4107/6483/432 4138/6494/432

v 53.2056 87.0453 -99.9017
vt -1.06469 0.864371
f 4140/6496/432 4107/6483/432 4139/6495/432

v 53.1361 87.4949 -99.9017
vt -1.06331 0.868867
f 4141/6497/432 4107/6483/432 4140/6496/432

v 53.1321 87.8945 -99.9017
vt -1.06323 0.872864
f 4142/6498/432 4107/6483/432 4141/6497/432

v 53.075 87.8249 -99.9018
vt -1.06209 0.872169
f 4143/6499/432 4107/6483/432 4142/6498/432

vt -1.06203 0.909308
f 4143/6499/432 4106/6500/432 4107/6483/432

v 52.9068 87.7059 -99.9019
vt -1.05872 0.870979
f 4144/6501/432 4106/6500/432 4143/6499/432

v 52.868 88.9454 -99.9019
vt -1.05797 0.883375
f 4145/6502/432 4106/6500/432 4144/6501/432

v 52.8526 89.0407 -99.9019
vt -1.05766 0.884328
f 4146/6503/432 4106/6500/432 4145/6502/432

v 52.8385 89.1155 -99.9019
vt -1.05738 0.885076
f 4147/6504/432 4106/6500/432 4146/6503/432

v 52.8299 89.156 -99.9019
vt -1.05721 0.885481
f 4148/6505/432 4106/6500/432 4147/6504/432

v 52.8052 89.7381 -99.9019
vt -1.05672 0.891302
f 4149/6506/432 4106/6500/432 4148/6505/432

v 52.7133 89.8257 -99.902
vt -1.05489 0.892179
f 4150/6507/432 4106/6500/432 4149/6506/432

v 52.6571 89.8793 -99.9021
vt -1.05376 0.892715
f 4151/6508/432 4106/6500/432 4150/6507/432

vt -1.05192 0.908639
f 4151/6508/432 4105/6509/432 4106/6500/432

v 52.6168 89.479 -99.9021
vt -1.05295 0.888712
f 4152/6510/432 4105/6509/432 4151/6508/432

v 52.4672 89.326 -99.9022
vt -1.04996 0.887184
f 4153/6511/432 4105/6509/432 4152/6510/432

v 52.2888 89.1861 -99.9023
vt -1.04639 0.885786
f 4154/6512/432 4105/6509/432 4153/6511/432

vt -1.04361 0.907794
f 4154/6512/432 4104/6513/432 4105/6509/432

f 3649/5381/432 4104/6513/432 4154/6512/432

vt -1.03525 0.90551
f 3649/5381/432 3647/6514/432 4104/6513/432

f 3642/5359/432 3647/6514/432 3649/5381/432

vt -1.02596 0.901054
f 3642/5359/432 3644/6515/432 3647/6514/432

f 3568/5278/432 3644/6515/432 3642/5359/432

vt -1.01657 0.896272
f 3568/5278/432 3645/6516/432 3644/6515/432

f 3556/5245/432 3645/6516/432 3568/5278/432

vt -1.00625 0.893788
f 3556/5245/432 3565/6517/432 3645/6516/432

vt -0.996911 0.894711
f 3556/5245/432 3563/6518/432 3565/6517/432

f 3440/4945/432 3563/6518/432 3556/5245/432

vt -0.99283 0.896541
f 3440/4945/432 3562/6519/432 3563/6518/432

vt -0.98977 0.89905
f 3440/4945/432 3560/6520/432 3562/6519/432

vt -0.984946 0.901654
f 3440/4945/432 3561/6521/432 3560/6520/432

f 3429/4916/432 3561/6521/432 3440/4945/432

vt -0.981233 0.903098
f 3429/4916/432 3437/6522/432 3561/6521/432

vt -0.979377 0.90362
f 3429/4916/432 3435/6523/432 3437/6522/432

f 3426/4913/432 3435/6523/432 3429/4916/432

vt -0.975713 0.923436
f 3426/4913/432 3422/6524/432 3435/6523/432

f 3425/4915/432 3422/6524/432 3426/4913/432

f 3422/6524/432 3425/4915/432 3420/4965/432

vt -0.979371 0.913651
f 3435/6523/432 3422/6524/432 3434/6525/432

vt 1.63513 0.03
vt 1.61523 0.03
vt 1.61523 0
vt 1.63513 0
f 3421/6526/664 3431/6527/667 3434/6528/667 3422/6529/664 

vt -0.979536 0.905701
f 3433/6530/432 3435/6523/432 3434/6525/432

vt 0.333278 0.03
vt 0.328575 0.03
vt 0.328575 0
vt 0.333278 0
f 3436/6531/671 3438/6532/715 3561/6533/715 3437/6534/671 

vt -1.68153 0.03
vn -0.434316 0.90076 -0.000313338
vt -1.69298 0.03
vt -1.69298 0
vt -1.68153 0
f 3564/6535/919 3566/6536/725 3645/6537/725 3565/6538/919 

vt 1.78746 0.03
vn 0.558612 -0.829429 0.000403011
vt 1.78255 0.03
vt 1.78255 0
vt 1.78746 0
f 4102/6539/920 3648/6540/728 3649/6541/728 4154/6542/920 

f 3663/5420/432 3648/5381/432 4102/6512/432

f 3663/5420/432 4102/6512/432 4101/6511/432

vt 1.92013 0.03
vn 0.667429 -0.744673 0.000481517
vt 1.9156 0.03
vt 1.9156 0
vt 1.92013 0
f 4101/6543/921 4102/6544/920 4154/6545/920 4153/6546/921 

vt 2.00589 0.03
vn 0.763868 -0.645372 0.000551093
vt 2.00161 0.03
vt 2.00161 0
vt 2.00589 0
f 4100/6547/922 4101/6548/921 4153/6549/921 4152/6550/922 

f 3668/5429/432 4101/6511/432 4100/6510/432

f 3663/5420/432 4101/6511/432 3668/5429/432

v 52.7169 89.6197 -96.902
vt -1.055 0.890119
f 3668/5429/432 4100/6510/432 4155/6551/432

vt 2.05944 0.03
vn 0.808854 -0.588009 0.000583548
vt 2.05597 0.03
vt 2.05597 0
v 52.7191 89.6197 -99.902
vt 2.05944 0
f 4155/6552/923 4100/6553/922 4152/6554/922 4156/6555/923 

v 52.6933 89.7185 -96.902
vt 1.05453 0.891107
vt 1.055 0.890119
f 4157/6556/258 4100/6391/258 4155/6557/258

f 4100/6391/258 4157/6556/258 4098/6389/258

vt 1.49194 0.03
vn 0.972639 0.232322 0.00070171
vt 1.48863 0.03
v 52.6955 89.7185 -99.902
vt 1.48863 0
vt 1.49194 0
f 4098/6558/924 4157/6559/924 4158/6560/924 4151/6561/924 

vt -1.05453 0.891107
f 4157/6562/432 4098/6508/432 4097/6507/432 4096/6506/432 4155/6551/432 

vt -0.468382 0.03
vn -0.689954 -0.723853 -0.000497767
vt -0.469933 0.03
vt -0.469933 0
vt -0.468382 0
f 4097/6563/925 4098/6564/925 4151/6565/925 4150/6566/925 

vt -0.465844 0.03
vt -0.465844 0
f 4096/6567/925 4097/6563/925 4150/6566/925 4149/6568/925 

vt -2.05944 0.03
vn -0.808854 0.588009 -0.000583548
vt -2.06237 0.03
vt -2.06237 0
vt -2.05944 0
f 4155/6569/926 4096/6570/926 4149/6571/926 4156/6572/926 

v 52.7701 89.3971 -96.902
vt 1.05606 0.887892
f 4159/6573/258 4096/6387/258 4155/6557/258

f 4096/6387/258 4159/6573/258 4095/6386/258

vt -1.47707 0.03
vn -0.975287 -0.220943 -0.000703621
vt -1.48203 0.03
vn -0.972639 -0.232322 -0.00070171
v 52.7723 89.3971 -99.902
vt -1.48203 0
vt -1.47707 0
f 4095/6574/927 4159/6575/928 4160/6576/928 4148/6577/927 

vt -1.05691 0.883209
vt -1.05606 0.887892
f 3677/6578/432 4159/6579/432 4095/6505/432

f 3677/6578/432 4155/6551/432 4159/6579/432

f 3668/5429/432 4155/6551/432 3677/6578/432

vt -1.52422 0.03
vt -1.52762 0.03
vn -0.297131 0.954837 -0.000214366
v 52.8152 88.9288 -99.9019
vt -1.52762 0
vt -1.52422 0
f 3668/6580/740 3677/6581/929 4161/6582/929 3667/6583/740 

vt -1.53793 0.03
vt -1.53903 0.03
vn -0.300715 0.953714 -0.000216951
vt -1.53903 0
vt -1.53793 0
f 3677/6584/929 4092/6585/930 4145/6586/930 4161/6587/929 

v 52.8458 88.2343 -96.9019
vt 1.05756 0.876263
f 3677/5451/258 4162/6588/258 4092/6383/258

f 3678/5452/258 4162/6588/258 3677/5451/258

v 52.7601 88.1366 -96.902
vt 1.05584 0.875287
f 3678/5452/258 4163/6589/258 4162/6588/258

vt 1.05572 0.879292
f 3680/6590/258 4163/6589/258 3678/5452/258

f 3681/5466/258 4163/6589/258 3680/6590/258

f 3681/5466/258 3684/5465/258 4163/6589/258

vt 1.92033 0.03
vn 0.69249 -0.721427 0.000499597
vt 1.91737 0.03
vn 0.628398 -0.777892 0.000453358
vt 1.91737 0
v 52.7622 88.1366 -99.902
vt 1.92033 0
f 4163/6591/931 3684/6592/932 3688/6593/932 4164/6594/931 

v 52.718 87.8 -96.902
vt -1.05499 0.871922
vt -1.05584 0.875287
f 4165/6595/432 3684/5478/432 4163/6596/432

f 3690/5484/432 3684/5478/432 4165/6595/432

f 3690/5484/432 3685/5479/432 3684/5478/432

vt 1.42901 0.03
vn 0.231853 -0.972751 0.00016727
vt 1.42664 0.03
vt 1.42664 0
vt 1.42901 0
f 3684/6597/933 3685/6598/933 3689/6599/933 3688/6600/933 

vt -1.9721 0.03
vt -1.9767 0.03
vn -0.705074 0.709133 -0.000508676
v 52.7201 87.8 -99.902
vt -1.9767 0
vt -1.9721 0
f 3690/6601/750 4165/6602/934 4166/6603/934 3691/6604/750 

vt 1.05499 0.871922
f 3690/5490/258 3694/5492/258 4165/6605/258

f 4165/6605/258 3694/5492/258 4091/6382/258

vt 1.74513 0.03
vn 0.522141 -0.852859 0.000376699
vt 1.73978 0.03
vt 1.73978 0
vt 1.74513 0
f 4091/6606/935 3694/6607/751 3696/6608/751 4144/6609/935 

f 2911/5497/432 3694/5499/432 4091/6501/432

f 2911/5497/432 4091/6501/432 3698/5840/432

f 3698/5840/432 4091/6501/432 4089/6499/432

vt 1.87366 0.03
vn 0.68134 -0.731967 0.000491553
vt 1.86954 0.03
vt 1.86954 0
vt 1.87366 0
f 4089/6610/936 4091/6611/935 4144/6612/935 4143/6613/936 

vt 2.02296 0.03
vn 0.772729 -0.634736 0.000557486
vt 2.02116 0.03
vt 2.02116 0
vt 2.02296 0
f 4088/6614/937 4089/6615/936 4143/6616/936 4142/6617/937 

v 53.1259 87.8201 -96.9017
vt -1.06315 0.87212
f 4088/6498/432 4167/6618/432 4089/6499/432

vt -1.79984 0.03
vn -0.999886 0.0150664 -0.000721368
vt -1.80133 0.03
vn -0.998489 0.054944 -0.00072036
vt -1.80133 0
v 53.128 87.8201 -99.9017
vt -1.79984 0
f 4167/6619/938 4088/6620/939 4142/6621/939 4168/6622/938 

vt 1.06315 0.87212
f 4087/6378/258 4088/6379/258 4167/6623/258

vt -1.71072 0.03
vn -0.996037 -0.0889404 -0.000718591
vt -1.71722 0.03
vt -1.71722 0
vt -1.71072 0
f 4087/6624/940 4167/6625/938 4168/6626/938 4141/6627/940 

f 3698/5840/432 4167/6618/432 4087/6497/432

f 3698/5840/432 4089/6499/432 4167/6618/432

f 3698/5840/432 4087/6497/432 4086/6496/432

vt -1.54601 0.03
vn -0.964803 -0.262972 -0.000696058
vt -1.55511 0.03
vt -1.55511 0
vt -1.54601 0
f 4086/6628/941 4087/6629/940 4141/6630/940 4140/6631/941 

v 53.3718 86.6224 -96.9015
vt -1.20353 0.03
vn -0.931919 -0.362665 -0.000672333
vt -1.21263 0.03
vt -1.21263 0
v 53.374 86.6224 -99.9015
vt -1.20353 0
f 4169/6632/942 4086/6633/941 4140/6634/941 4170/6635/942 

vt 1.06805 0.860141
f 4085/6376/258 4086/6377/258 4169/6636/258

vt -1.06805 0.860141
f 3852/5841/432 4086/6496/432 4169/6637/432

f 3698/5840/432 4086/6496/432 3852/5841/432

vt -1.07008 0.857457
f 3852/5841/432 4169/6637/432 3853/6638/432

vt -1.22303 0.03
vn -0.934719 -0.355388 -0.000674353
vt -1.22876 0.03
vt -1.22876 0
v 53.476 86.354 -99.9015
vt -1.22303 0
f 3853/6639/943 4169/6640/942 4170/6641/942 4171/6642/943 

v 53.3994 88.805 -96.9015
vt 1.06863 0.881967
f 3853/5847/258 4172/6643/258 4169/6636/258

v 53.4074 88.7746 -96.9015
vt 1.06879 0.881663
f 4172/6643/258 3853/5847/258 4173/6644/258

v 53.455 88.7612 -96.9015
vt 1.06974 0.881529
f 4173/6644/258 3853/5847/258 4174/6645/258

f 4174/6645/258 3853/5847/258 3854/5848/258

vt -1.82768 0.03
vn -0.518469 0.855097 -0.000374049
vt -1.82834 0.03
vn -0.626499 0.779422 -0.000451988
v 53.4853 88.7783 -99.9015
vt -1.82834 0
v 53.4572 88.7612 -99.9015
vt -1.82768 0
f 4174/6646/944 3854/6647/945 4175/6648/945 4176/6649/944 

v 53.569 88.9082 -96.9014
vt -1.07202 0.882997
v 53.5528 88.8747 -96.9014
vt -1.0717 0.882663
v 53.5326 88.8391 -96.9014
vt -1.07129 0.882307
vt -1.07083 0.881972
vt -1.0703 0.881699
vt -1.06974 0.881529
vt -1.06879 0.881663
vt -1.06863 0.881967
f 4082/6492/432 4081/6491/432 4080/6490/432 4079/6489/432 4078/6488/432 4077/6487/432 4076/6486/432 4177/6650/432 4178/6651/432 4179/6652/432 3855/6653/432 3854/6654/432 4174/6655/432 4173/6656/432 4172/6657/432 4085/6495/432 4084/6494/432 4083/6493/432 

vt 2.00056 0.03
vn 0.957615 -0.288051 0.000690872
vt 1.99981 0.03
vn 0.96292 -0.269785 0.000694699
vt 1.99981 0
vt 2.00056 0
f 4081/6658/946 4082/6659/947 4136/6660/947 4135/6661/946 

vt 1.97883 0.03
vt 1.97806 0.03
vn 0.973485 -0.228751 0.000702321
vt 1.97806 0
vt 1.97883 0
f 4082/6662/947 4083/6663/948 4137/6664/948 4136/6665/947 

vt 1.94839 0.03
vt 1.94751 0.03
vn 0.985431 -0.170076 0.000710939
vt 1.94751 0
vt 1.94839 0
f 4083/6666/948 4084/6667/949 4138/6668/949 4137/6669/948 

vt 1.8926 0.03
vt 1.89171 0.03
vn 0.997522 -0.0703518 0.000719663
vt 1.89171 0
vt 1.8926 0
f 4084/6670/949 4085/6671/950 4139/6672/950 4138/6673/949 

vt 1.77146 0.03
vt 1.77067 0.03
vn 0.992112 0.125353 0.00071576
v 53.4015 88.805 -99.9015
vt 1.77067 0
vt 1.77146 0
f 4085/6674/950 4172/6675/951 4180/6676/951 4139/6677/950 

f 4085/6376/258 4169/6636/258 4172/6643/258

vt 1.43339 0.03
vt 1.43276 0.03
vn 0.966949 0.254967 0.000697606
v 53.4096 88.7746 -99.9015
vt 1.43276 0
vt 1.43339 0
f 4172/6678/951 4173/6679/952 4181/6680/952 4180/6681/951 

vt -0.550669 0.03
vn 0.27055 0.962706 0.000195188
vt -0.551657 0.03
vt -0.551657 0
vt -0.550669 0
f 4173/6682/953 4174/6683/953 4176/6684/953 4181/6685/953 

f 4171/6638/432 4181/6656/432 4176/6655/432

f 4171/6638/432 4180/6657/432 4181/6656/432

f 4180/6657/432 4171/6638/432 4170/6637/432

f 4170/6637/432 4139/6495/432 4180/6657/432

f 4140/6496/432 4139/6495/432 4170/6637/432

f 4171/6638/432 4176/6655/432 4175/6654/432

f 3797/5606/432 4171/6638/432 4175/6654/432

f 3797/5606/432 3851/5841/432 4171/6638/432

vt -1.98724 0.03
vn -0.926873 0.375374 -0.000668693
vt -1.99065 0.03
vt -1.99065 0
vt -1.98724 0
f 3852/6686/954 3853/6687/954 4171/6688/954 3851/6689/954 

v 53.5114 88.8056 -99.9014
f 3797/5606/432 4175/6654/432 4182/6653/432

vt -2.0138 0.03
vt -2.01456 0.03
vn -0.773887 0.633324 -0.000558321
vt -2.01456 0
vt -2.0138 0
f 3854/6690/945 3855/6691/955 4182/6692/955 4175/6693/945 

vt -2.05844 0.03
vt -2.05926 0.03
vn -0.845818 0.533472 -0.000610215
v 53.5348 88.8391 -99.9014
vt -2.05926 0
vt -2.05844 0
f 3855/6694/955 4179/6695/956 4183/6696/956 4182/6697/955 

vt 1.07129 0.882307
f 3856/5850/258 4179/6698/258 3855/5849/258

v 53.5361 88.7255 -96.9014
vt 1.07136 0.88117
f 4179/6698/258 3856/5850/258 4184/6699/258

vt 2.01177 0.03
vn 0.913498 -0.406843 0.000659043
vt 2.01061 0.03
vn 0.94758 -0.319518 0.000683632
v 53.5198 88.6707 -99.9014
vt 2.01061 0
v 53.5382 88.7255 -99.9014
vt 2.01177 0
f 4184/6700/957 3856/6701/958 4185/6702/958 4186/6703/957 

v 53.8243 88.7496 -96.9012
vt -1.07712 0.88141
v 53.8065 88.7238 -96.9012
vt -1.07677 0.881151
v 53.7803 88.6955 -96.9012
vt -1.07624 0.880869
v 53.7443 88.6675 -96.9013
vt -1.07552 0.88059
v 53.6969 88.6427 -96.9013
vt -1.07458 0.880342
vt -1.07337 0.880154
vt -1.07196 0.880065
vt -1.07113 0.880228
vt -1.07099 0.880623
vt -1.07136 0.88117
v 53.5711 88.7877 -96.9014
vt -1.07206 0.881793
f 4074/6484/432 4072/6482/432 4071/6481/432 4070/6480/432 4069/6479/432 4068/6478/432 4067/6477/432 4066/6476/432 4187/6704/432 4188/6705/432 4189/6706/432 4190/6707/432 4191/6708/432 3859/6709/432 3858/6710/432 3857/6711/432 3856/6712/432 4184/6713/432 4192/6714/432 4075/6485/432 

vt 2.04387 0.03
vn 0.766958 -0.641696 0.000553322
vt 2.0425 0.03
vn 0.779698 -0.626156 0.000562513
vt 2.0425 0
vt 2.04387 0
f 4072/6715/959 4074/6716/960 4128/6717/960 4127/6718/959 

vt 2.05333 0.03
vt 2.05196 0.03
vn 0.807949 -0.589251 0.000582895
vt 2.05196 0
vt 2.05333 0
f 4074/6719/960 4075/6720/961 4129/6721/961 4128/6722/960 

vt 2.06115 0.03
vt 2.05964 0.03
vn 0.848179 -0.529709 0.000611919
v 53.5733 88.7877 -99.9014
vt 2.05964 0
vt 2.06115 0
f 4075/6723/961 4192/6724/962 4193/6725/962 4129/6726/961 

vt 1.07206 0.881793
f 4076/6367/258 4192/6727/258 4075/6366/258

vt 1.07202 0.882997
f 4177/6728/258 4192/6727/258 4076/6367/258

vt 1.0717 0.882663
f 4178/6729/258 4192/6727/258 4177/6728/258

f 4178/6729/258 4184/6699/258 4192/6727/258

f 4179/6698/258 4184/6699/258 4178/6729/258

vt -2.06269 0.03
vt -2.0635 0.03
vn -0.885235 0.465144 -0.000638653
v 53.5549 88.8747 -99.9014
vt -2.0635 0
vt -2.06269 0
f 4179/6730/956 4178/6731/963 4194/6732/963 4183/6733/956 

vt -2.05549 0.03
vt -2.05624 0.03
vn -0.909112 0.416552 -0.000655879
v 53.5712 88.9082 -99.9014
vt -2.05624 0
vt -2.05549 0
f 4178/6734/963 4177/6735/964 4195/6736/964 4194/6737/963 

vt -2.04555 0.03
vt -2.04614 0.03
vn -0.918245 0.396013 -0.000662468
vt -2.04614 0
vt -2.04555 0
f 4177/6738/964 4076/6739/965 4130/6740/965 4195/6741/964 

vt -0.820989 0.03
vn -0.815593 -0.578626 -0.00058841
vt -0.821727 0.03
vt -0.821727 0
vt -0.820989 0
f 4076/6742/966 4077/6743/966 4131/6744/966 4130/6745/966 

vt 0.476815 0.03
vn -0.306794 -0.951776 -0.000221337
vt 0.476297 0.03
vt 0.476297 0
vt 0.476815 0
f 4077/6746/967 4078/6747/967 4132/6748/967 4131/6749/967 

vt 0.475723 0.03
vt 0.475723 0
f 4078/6747/967 4079/6750/967 4133/6751/967 4132/6748/967 

vt 0.47516 0.03
vt 0.47516 0
f 4079/6750/967 4080/6752/967 4134/6753/967 4133/6751/967 

vt 0.474207 0.03
vt 0.474207 0
f 4080/6752/967 4081/6754/967 4135/6755/967 4134/6753/967 

f 4193/6714/432 4195/6650/432 4130/6486/432

f 4193/6714/432 4194/6651/432 4195/6650/432

f 4186/6713/432 4194/6651/432 4193/6714/432

f 4186/6713/432 4183/6652/432 4194/6651/432

f 4185/6712/432 4183/6652/432 4186/6713/432

f 4183/6652/432 4185/6712/432 4182/6653/432

f 3797/5606/432 4182/6653/432 4185/6712/432

v 53.5268 88.6312 -99.9014
f 3797/5606/432 4185/6712/432 4196/6711/432

vt 1.54591 0.03
vn 0.984459 0.175613 0.000710238
vt 1.54511 0.03
vt 1.54511 0
vt 1.54591 0
f 3856/6756/968 3857/6757/968 4196/6758/968 4185/6759/968 

vt -0.349911 0.03
vn 0.366656 0.930357 0.000264524
vt -0.350802 0.03
v 53.5682 88.6149 -99.9014
vt -0.350802 0
vt -0.349911 0
f 3857/6760/969 3858/6761/969 4197/6762/969 4196/6763/969 

vt -1.2832 0.03
vn -0.125559 0.992086 -9.05846e-05
vt -1.28463 0.03
vn -0.213521 0.976938 -0.000154045
v 53.639 88.6239 -99.9013
vt -1.28463 0
vt -1.2832 0
f 3858/6764/970 3859/6765/971 4198/6766/971 4197/6767/970 

vt -1.55047 0.03
vt -1.55173 0.03
vn -0.383254 0.923643 -0.000276499
v 53.6991 88.6427 -99.9013
vt -1.55173 0
vt -1.55047 0
f 3859/6768/971 4191/6769/972 4199/6770/972 4198/6771/971 

vt 1.07458 0.880342
f 3859/5853/258 3860/5854/258 4191/6772/258

vt 1.07575 0.849483
f 4191/6772/258 3860/5854/258 3901/6773/258

vt 1.32707 0.03
vn 0.177722 -0.984081 0.000128217
vt 1.32496 0.03
vt 1.32496 0
v 53.7602 85.5569 -99.9013
vt 1.32707 0
f 3901/6774/973 3860/6775/814 3861/6776/814 4200/6777/973 

f 3861/5898/432 4199/6708/432 4200/5899/432

f 3861/5898/432 4198/6709/432 4199/6708/432

f 3797/5606/432 4198/6709/432 3861/5898/432

f 4198/6709/432 3797/5606/432 4197/6710/432

f 3797/5606/432 4196/6711/432 4197/6710/432

v 53.7464 88.6675 -99.9013
f 4200/5899/432 4199/6708/432 4201/6707/432

vt -1.76732 0.03
vt -1.76839 0.03
vn -0.540008 0.84166 -0.000389589
vt -1.76839 0
vt -1.76732 0
f 4191/6778/972 4190/6779/974 4201/6780/974 4199/6781/972 

vt 1.07552 0.88059
f 4191/6772/258 3901/6773/258 4190/6782/258

vt 1.07624 0.880869
f 4190/6782/258 3901/6773/258 4189/6783/258

f 4189/6783/258 3901/6773/258 3902/6356/258

vt 1.39386 0.03
vn 0.225561 -0.974229 0.000162731
vt 1.391 0.03
vt 1.391 0
vt 1.39386 0
f 3902/6784/975 3901/6785/973 4200/6786/973 4120/6787/975 

v 53.7825 88.6955 -99.9012
f 4200/5899/432 4202/6706/432 4120/5900/432

f 4200/5899/432 4201/6707/432 4202/6706/432

vt -1.92746 0.03
vt -1.92837 0.03
vn -0.675213 0.737623 -0.000487132
vt -1.92837 0
vt -1.92746 0
f 4190/6788/974 4189/6789/976 4202/6790/976 4201/6791/974 

vt -2.02294 0.03
vt -2.02371 0.03
vn -0.781541 0.623853 -0.000563843
v 53.8087 88.7238 -99.9012
vt -2.02371 0
vt -2.02294 0
f 4189/6792/976 4188/6793/977 4203/6794/977 4202/6795/976 

vt 1.07677 0.881151
f 4189/6783/258 3902/6356/258 4188/6796/258

vt 1.07712 0.88141
f 4188/6796/258 3902/6356/258 4187/6797/258

f 4187/6797/258 3902/6356/258 4066/6357/258

vt -1.89492 0.03
vn -0.990331 0.138724 -0.000714475
vt -1.89588 0.03
vt -1.89588 0
v 53.8264 88.7496 -99.9012
vt -1.89492 0
f 4187/6798/978 4066/6799/978 4121/6800/978 4204/6801/978 

vt -0.67224 0.03
vn -0.770241 -0.637752 -0.000555691
vt -0.672783 0.03
vt -0.672783 0
vt -0.67224 0
f 4066/6802/979 4067/6803/979 4122/6804/979 4121/6805/979 

vt -0.673494 0.03
vt -0.673494 0
f 4067/6803/979 4068/6806/979 4123/6807/979 4122/6804/979 

vt -0.674282 0.03
vt -0.674282 0
f 4068/6806/979 4069/6808/979 4124/6809/979 4123/6807/979 

vt -0.675055 0.03
vt -0.675055 0
f 4069/6808/979 4070/6810/979 4125/6811/979 4124/6809/979 

vt -0.67572 0.03
vt -0.67572 0
f 4070/6810/979 4071/6812/979 4126/6813/979 4125/6811/979 

vt -0.676363 0.03
vt -0.676363 0
f 4071/6812/979 4072/6814/979 4127/6815/979 4126/6813/979 

f 4120/5900/432 4204/6704/432 4121/6476/432

f 4120/5900/432 4203/6705/432 4204/6704/432

f 4120/5900/432 4202/6706/432 4203/6705/432

vt -2.06164 0.03
vt -2.06227 0.03
vn -0.825159 0.5649 -0.000595311
vt -2.06227 0
vt -2.06164 0
f 4188/6816/977 4187/6817/980 4204/6818/980 4203/6819/977 

vt 1.47427 0.03
vn 0.285819 -0.958283 0.000206204
vt 1.47087 0.03
vt 1.47087 0
vt 1.47427 0
f 3903/6820/981 3902/6821/975 4120/6822/975 4119/6823/981 

vt 1.57064 0.03
vt 1.5669 0.03
vt 1.5669 0
vt 1.57064 0
f 3904/6824/901 3903/6825/981 4119/6826/981 4064/6827/901 

vt 2.062 0.03
vt 2.062 0
f 4192/6828/962 4184/4073/957 4186/4076/957 4193/6829/962 

f 4193/6714/432 4130/6486/432 4129/6485/432

f 4141/6497/432 4168/6618/432 4142/6498/432

f 3696/5499/432 4166/6595/432 4144/6501/432

f 3696/5499/432 3691/5484/432 4166/6595/432

f 3695/5498/432 3691/5484/432 3696/5499/432

f 3691/5484/432 3695/5498/432 3692/5441/432

vt 0.970879 0.03
vn -0.0442787 -0.999019 -3.19449e-05
vt 0.969409 0.03
vt 0.969409 0
vt 0.970879 0
f 3693/6830/982 3671/6831/982 3692/6832/982 3695/6833/982 

v 52.7876 87.9574 -99.902
vt -1.05634 0.873495
f 4144/6501/432 4166/6595/432 4205/6834/432

vt -2.01782 0.03
vn -0.919154 0.393898 -0.000663124
v 52.7854 87.9574 -96.902
vt -2.02125 0.03
vn -0.952541 0.30441 -0.000687211
vt -2.02125 0
vt -2.01782 0
f 4165/6835/983 4206/6836/984 4205/6837/984 4166/6838/983 

vt 1.05634 0.873495
f 4165/6605/258 4091/6382/258 4206/6839/258

v 52.8188 88.1111 -96.9019
vt 1.05701 0.875032
f 4206/6839/258 4091/6382/258 4207/6840/258

f 4207/6840/258 4091/6382/258 4162/6588/258

f 4162/6588/258 4091/6382/258 4092/6383/258

vt -1.93558 0.03
vn -0.976998 0.213248 -0.000704855
vt -1.9381 0.03
vn -0.976757 0.21435 -0.000704681
v 52.848 88.2343 -99.9019
vt -1.9381 0
v 52.8209 88.1111 -99.9019
vt -1.93558 0
f 4207/6841/985 4162/6842/986 4208/6843/986 4209/6844/985 

vt -1.05701 0.875032
vt -1.05756 0.876263
f 4207/6845/432 4163/6596/432 4162/6846/432

f 4206/6834/432 4163/6596/432 4207/6845/432

f 4165/6595/432 4163/6596/432 4206/6834/432

vt -1.93095 0.03
vt -1.93409 0.03
vt -1.93409 0
vt -1.93095 0
f 4206/6847/984 4207/6848/985 4209/6849/985 4205/6850/984 

f 4144/6501/432 4205/6834/432 4209/6845/432

f 4144/6501/432 4209/6845/432 4208/6846/432

f 4144/6501/432 4208/6846/432 4145/6502/432

f 4208/6846/432 4161/6578/432 4145/6502/432

f 4208/6846/432 3679/5458/432 4161/6578/432

f 4164/6596/432 3679/5458/432 4208/6846/432

v 52.7561 88.537 -99.902
f 4164/6596/432 4210/5457/432 3679/5458/432

f 4164/6596/432 3682/5459/432 4210/5457/432

f 3688/5478/432 3682/5459/432 4164/6596/432

f 3688/5478/432 3683/5444/432 3682/5459/432

vt -2.03805 0.03
vt -2.04129 0.03
vn -0.902075 0.431579 -0.000650802
vt -2.04129 0
vt -2.03805 0
f 3681/6851/745 3680/6852/987 4210/6853/987 3682/6854/745 

vt -2.0414 0.03
vt -2.04288 0.03
vn -0.90195 0.431841 -0.000650712
vt -2.04288 0
vt -2.0414 0
f 3680/6855/987 3678/6856/988 3679/6857/988 4210/6858/987 

vt 2.01383 0.03
vn 0.75153 -0.659698 0.000542192
vt 2.01123 0.03
vt 2.01123 0
vt 2.01383 0
f 4162/6859/989 4163/6860/931 4164/6861/931 4208/6862/989 

f 3676/5445/432 4161/6578/432 3679/5458/432

f 3676/5445/432 3667/5429/432 4161/6578/432

f 3670/5440/432 3667/5429/432 3676/5445/432

f 3662/5408/432 3667/5429/432 3670/5440/432

f 3677/6578/432 4095/6505/432 4092/6502/432

f 4092/6502/432 4095/6505/432 4094/6504/432

vt -1.50945 0.03
vn -0.980347 -0.197281 -0.000707272
vt -1.51028 0.03
vt -1.51028 0
vt -1.50945 0
f 4094/6863/990 4095/6864/927 4148/6865/927 4147/6866/990 

vt -1.54258 0.03
vn -0.985109 -0.171932 -0.000710707
vt -1.5441 0.03
vt -1.5441 0
vt -1.54258 0
f 4093/6867/991 4094/6868/990 4147/6869/990 4146/6870/991 

f 4092/6502/432 4094/6504/432 4093/6503/432

vt -1.57636 0.03
vn -0.987305 -0.158836 -0.000712291
vt -1.57829 0.03
vt -1.57829 0
vt -1.57636 0
f 4092/6871/992 4093/6872/991 4146/6873/991 4145/6874/992 

vt -1.4866 0.03
vt -1.4866 0
f 4159/6575/928 4155/6875/928 4156/6876/928 4160/6576/928 

vt 1.4866 0.03
vt 1.4866 0
f 4157/6559/924 4155/6877/924 4156/6878/924 4158/6560/924 

f 4152/6510/432 4158/6562/432 4156/6551/432

f 4158/6562/432 4152/6510/432 4151/6508/432

f 4149/6506/432 4160/6579/432 4156/6551/432

f 4160/6579/432 4149/6506/432 4148/6505/432

vt 1.52429 0.03
vn 0.243488 -0.969904 0.000175664
vt 1.52277 0.03
vt 1.52277 0
vt 1.52429 0
f 3926/6879/993 3925/6880/993 4045/6881/993 4044/6882/993 

vt 0.771468 0.03
vn -0.334414 -0.942426 -0.000241263
vt 0.770021 0.03
vn -0.199863 -0.979824 -0.000144191
vt 0.770021 0
vt 0.771468 0
f 3927/6883/994 3926/6884/995 4044/6885/995 4043/6886/994 

vt 0.213615 0.03
vn -0.504376 -0.863484 -0.000363882
vt 0.211955 0.03
vt 0.211955 0
vt 0.213615 0
f 3928/6887/996 3927/6888/994 4043/6889/994 4042/6890/996 

vt 0.0177181 0.03
vn -0.535108 -0.844783 -0.000386054
vt 0.0157636 0.03
vt 0.0157636 0
vt 0.0177181 0
f 3929/6891/997 3928/6892/996 4042/6893/996 4041/6894/997 

vt 0.0693332 0.03
vn -0.48223 -0.876044 -0.000347905
vt 0.0670803 0.03
vt 0.0670803 0
vt 0.0693332 0
f 3930/6895/998 3929/6896/997 4041/6897/997 4040/6898/998 

vt 0.275945 0.03
vn -0.502606 -0.864516 -0.000362605
vt 0.273383 0.03
vt 0.273383 0
vt 0.275945 0
f 3931/6899/999 3930/6900/998 4040/6901/998 4039/6902/999 

vt -0.022493 0.03
vn -0.690744 -0.723099 -0.000498338
vt -0.0249896 0.03
vt -0.0249896 0
vt -0.022493 0
f 3932/6903/1000 3931/6904/999 4039/6905/999 4038/6906/1000 

vt -0.681567 0.03
vn -0.869373 -0.494157 -0.000627209
vt -0.68391 0.03
vt -0.68391 0
vt -0.681567 0
f 3933/6907/1001 3932/6908/1000 4038/6909/1000 4037/6910/1001 

vt -1.153 0.03
vn -0.956465 -0.291848 -0.000690042
vt -1.1553 0.03
vt -1.1553 0
vt -1.153 0
f 3934/6911/1002 3933/6912/1001 4037/6913/1001 4036/6914/1002 

vt -1.44604 0.03
vn -0.990418 -0.138097 -0.000714538
vt -1.44829 0.03
vt -1.44829 0
vt -1.44604 0
f 3935/6915/1003 3934/6916/1002 4036/6917/1002 4035/6918/1003 

vt -1.62383 0.03
vn -0.999659 -0.0261013 -0.000721204
vt -1.6259 0.03
vt -1.6259 0
vt -1.62383 0
f 3936/6919/1004 3935/6920/1003 4035/6921/1003 4034/6922/1004 

vt -1.73475 0.03
vt -1.73647 0.03
vt -1.73647 0
vt -1.73475 0
f 3862/6923/817 3936/6924/1004 4034/6925/1004 3937/6926/817 

f 3862/5940/258 3725/5534/258 3936/6081/258

f 3772/5581/432 3937/5859/432 4034/5934/432

f 3772/5581/432 3938/5860/432 3937/5859/432

v 57.5869 86.0477 -99.8985
f 3772/5581/432 4211/5861/432 3938/5860/432

v 57.5662 86.0248 -99.8985
f 3772/5581/432 4212/5862/432 4211/5861/432

v 57.5372 85.9929 -99.8985
f 3772/5581/432 4213/5863/432 4212/5862/432

f 3773/5582/432 4213/5863/432 3772/5581/432

v 57.4987 85.9504 -99.8986
f 3773/5582/432 4214/5864/432 4213/5863/432

v 57.495 85.4914 -99.8986
vt -1.15041 0.848801
f 3773/5582/432 4215/6927/432 4214/5864/432

v 57.4928 85.3996 -99.8986
vt -1.15037 0.847884
f 3773/5582/432 4216/6928/432 4215/6927/432

v 57.4882 85.3107 -99.8986
vt -1.15027 0.846994
f 3773/5582/432 4217/6929/432 4216/6928/432

v 57.4825 85.2313 -99.8986
vt -1.15016 0.846201
f 3773/5582/432 4218/6930/432 4217/6929/432

v 57.4774 85.1685 -99.8986
vt -1.15005 0.845572
f 3773/5582/432 4219/6931/432 4218/6930/432

v 57.4694 85.1051 -99.8986
vt -1.14989 0.844939
f 3773/5582/432 4220/6932/432 4219/6931/432

v 57.4445 85.057 -99.8986
vt -1.14939 0.844458
f 3773/5582/432 4221/6933/432 4220/6932/432

v 57.4183 85.0414 -99.8986
vt -1.14887 0.844302
f 3773/5582/432 4222/6934/432 4221/6933/432

v 57.3996 84.9877 -99.8986
vt -1.1485 0.843765
f 3773/5582/432 4223/6935/432 4222/6934/432

f 3774/5583/432 4223/6935/432 3773/5582/432

v 57.3362 84.904 -99.8987
vt -1.14723 0.842929
f 3774/5583/432 4224/6936/432 4223/6935/432

v 57.2558 84.8128 -99.8987
vt -1.14562 0.842017
f 3774/5583/432 4225/6937/432 4224/6936/432

f 3775/5584/432 4225/6937/432 3774/5583/432

v 57.1597 84.7206 -99.8988
vt -1.1437 0.841096
f 3775/5584/432 4226/6938/432 4225/6937/432

f 3776/5585/432 4226/6938/432 3775/5584/432

v 57.0494 84.6344 -99.8989
vt -1.14149 0.840235
f 3776/5585/432 4227/6939/432 4226/6938/432

f 3777/5586/432 4227/6939/432 3776/5585/432

f 3778/5587/432 4227/6939/432 3777/5586/432

f 3779/5588/432 4227/6939/432 3778/5587/432

v 56.9264 84.5609 -99.899
vt -1.13903 0.839501
f 3779/5588/432 4228/6940/432 4227/6939/432

f 3780/5589/432 4228/6940/432 3779/5588/432

f 3781/5590/432 4228/6940/432 3780/5589/432

v 56.7946 84.5085 -99.8991
vt -1.1364 0.838978
f 3781/5590/432 4229/6941/432 4228/6940/432

f 3782/5591/432 4229/6941/432 3781/5590/432

v 56.6711 84.4896 -99.8992
vt -1.13393 0.838789
f 3782/5591/432 4230/6942/432 4229/6941/432

f 3783/5592/432 4230/6942/432 3782/5591/432

f 3784/5593/432 4230/6942/432 3783/5592/432

v 56.5584 84.501 -99.8992
vt -1.13167 0.838904
f 3784/5593/432 4231/6943/432 4230/6942/432

v 56.5116 84.5083 -99.8993
vt -1.13074 0.838978
f 3784/5593/432 4232/6944/432 4231/6943/432

v 56.4561 84.5376 -99.8993
vt -1.12963 0.83927
f 3784/5593/432 4233/6945/432 4232/6944/432

f 3785/5594/432 4233/6945/432 3784/5593/432

f 3786/5595/432 4233/6945/432 3785/5594/432

v 56.3416 84.5734 -99.8994
vt -1.12734 0.83963
f 3786/5595/432 4234/6946/432 4233/6945/432

f 3787/5596/432 4234/6946/432 3786/5595/432

v 56.1765 84.6401 -99.8995
vt -1.12404 0.840298
f 3787/5596/432 4235/6947/432 4234/6946/432

f 3788/5597/432 4235/6947/432 3787/5596/432

f 3789/5598/432 4235/6947/432 3788/5597/432

f 3790/5599/432 4235/6947/432 3789/5598/432

vt -1.12158 0.831264
f 3993/6948/432 4235/6947/432 3790/5599/432

v 56.0328 83.7726 -99.8996
vt -1.12116 0.831623
f 4236/6949/432 4235/6947/432 3993/6948/432

v 56.0208 84.7004 -99.8996
vt -1.12093 0.840902
f 4236/6949/432 4237/6950/432 4235/6947/432

v 56.011 83.8094 -99.8996
vt -1.12072 0.831992
f 4238/6951/432 4237/6950/432 4236/6949/432

v 55.9915 83.8427 -99.8996
vt -1.12033 0.832325
f 4239/6952/432 4237/6950/432 4238/6951/432

v 55.9563 83.8932 -99.8997
vt -1.11963 0.83283
f 4240/6953/432 4237/6950/432 4239/6952/432

v 55.9061 83.9445 -99.8997
vt -1.11863 0.833344
f 4241/6954/432 4237/6950/432 4240/6953/432

v 55.8786 84.7461 -99.8997
vt -1.11809 0.84136
f 4241/6954/432 4242/6955/432 4237/6950/432

v 55.8304 84.0276 -99.8998
vt -1.11711 0.834176
f 4243/6956/432 4242/6955/432 4241/6954/432

v 55.7544 84.7694 -99.8998
vt -1.1156 0.841594
f 4243/6956/432 4244/6957/432 4242/6955/432

f 3991/6008/432 4244/6957/432 4243/6956/432

f 3989/6007/432 4244/6957/432 3991/6008/432

f 3989/6007/432 3982/6004/432 4244/6957/432

f 3983/6002/432 3982/6004/432 3989/6007/432

vt 0.907753 0.03
vn 0.908807 0.417216 0.000655659
vt 0.904811 0.03
vn 0.842344 0.53894 0.000607709
vt 0.904811 0
vt 0.907753 0
f 3973/6958/1005 3971/6959/1006 3989/6960/1006 3983/6961/1005 

vt 1.10255 0.845899
f 3898/6962/258 3971/5977/258 3973/5979/258

f 3899/6014/258 3971/5977/258 3898/6962/258

f 3899/6014/258 3970/5976/258 3971/5977/258

vt 0.712199 0.03
vt 0.709213 0.03
vn 0.792425 0.609969 0.000571695
vt 0.709213 0
vt 0.712199 0
f 3971/6963/1006 3970/6964/1007 3991/6965/1007 3989/6966/1006 

vt 0.578244 0.03
vt 0.575482 0.03
vn 0.755389 0.655276 0.000544976
vt 0.575482 0
vt 0.578244 0
f 3970/6967/1007 3968/6968/1008 4243/6969/1008 3991/6970/1007 

vt 0.48222 0.03
vt 0.479972 0.03
vn 0.727484 0.686124 0.000524844
vt 0.479972 0
vt 0.48222 0
f 3968/6971/1008 3966/6972/1009 4241/6973/1009 4243/6974/1008 

vt 0.411446 0.03
vt 0.410012 0.03
vn 0.770556 0.637373 0.000555918
vt 0.410012 0
vt 0.411446 0
f 3966/6975/1009 3965/6976/1010 4240/6977/1010 4241/6978/1009 

vt 0.72732 0.03
vt 0.726089 0.03
vn 0.841644 0.540032 0.000607204
vt 0.726089 0
vt 0.72732 0
f 3965/6979/1010 3964/6980/1011 4239/6981/1011 4240/6982/1010 

f 3965/5971/258 3963/5969/258 3964/5970/258

f 3965/5971/258 3960/5966/258 3963/5969/258

f 3963/5969/258 3960/5966/258 3961/5967/258

vt 0.864444 0.03
vt 0.864444 0
f 3961/6983/825 3960/6015/825 3993/6018/825 4236/6984/825 

f 3993/6948/432 4238/6951/432 4236/6949/432

f 3993/6948/432 4240/6953/432 4238/6951/432

f 3790/5599/432 4240/6953/432 3993/6948/432

f 3790/5599/432 4241/6954/432 4240/6953/432

f 3790/5599/432 4243/6956/432 4241/6954/432

f 3790/5599/432 3991/6008/432 4243/6956/432

f 4238/6951/432 4240/6953/432 4239/6952/432

vt 0.866071 0.03
vt 0.865299 0.03
vt 0.865299 0
vt 0.866071 0
f 3964/6985/1011 3963/6986/825 4238/6987/825 4239/6988/1011 

f 3963/6986/825 3961/6983/825 4236/6984/825 4238/6987/825 

vt -1.02659 0.03
vn 0.067271 0.997735 4.85327e-05
vt -1.03053 0.03
vn 0.000670919 1 4.84035e-07
vt -1.03053 0
vt -1.02659 0
f 3899/6989/1012 3898/6990/1013 3988/6991/1013 3990/6992/1012 

vt -1.16804 0.03
vt -1.17096 0.03
vn -0.105196 0.994452 -7.58935e-05
vt -1.17096 0
vt -1.16804 0
f 3898/6993/1013 3897/6994/1014 3987/6995/1014 3988/6996/1013 

vt 1.10546 0.845956
f 3898/6962/258 3973/5979/258 3897/6997/258

f 3897/6997/258 3973/5979/258 3975/5981/258

vt 1.2053 0.03
vn 0.981917 0.189312 0.000708404
vt 1.20263 0.03
vt 1.20263 0
vt 1.2053 0
f 3975/6998/1015 3973/6999/1005 3983/7000/1005 3984/7001/1015 

vt 1.63813 0.03
vn 0.999318 0.0369292 0.000720958
vt 1.63582 0.03
vt 1.63582 0
vt 1.63813 0
f 3976/7002/1016 3975/7003/1015 3984/7004/1015 3977/7005/1016 

vt 1.10942 0.846455
f 3895/7006/258 3975/5981/258 3976/5982/258

vt 1.10766 0.846145
f 3896/7007/258 3975/5981/258 3895/7006/258

f 3897/6997/258 3975/5981/258 3896/7007/258

vt -1.37577 0.03
vt -1.37799 0.03
vn -0.252822 0.967513 -0.000182398
vt -1.37799 0
vt -1.37577 0
f 3897/7008/1014 3896/7009/1017 3986/7010/1017 3987/7011/1014 

vt -1.6079 0.03
vt -1.60976 0.03
vn -0.401101 0.916034 -0.000289375
vt -1.60976 0
vt -1.6079 0
f 3896/7012/1017 3895/7013/1018 3985/7014/1018 3986/7015/1017 

vt -1.76968 0.03
vt -1.7715 0.03
vt -1.7715 0
vt -1.76968 0
f 3895/7016/1018 3894/7017/819 3980/7018/819 3985/7019/1018 

f 3895/7006/258 3976/5982/258 3894/5988/258

f 3977/6006/432 3985/5892/432 3980/5891/432

f 3979/5890/432 3977/6006/432 3980/5891/432

f 3977/6006/432 3979/5890/432 3978/6003/432

f 3978/6003/432 3979/5890/432 3982/6004/432

f 3982/6004/432 3979/5890/432 3981/5889/432

f 3982/6004/432 3981/5889/432 4244/6957/432

v 55.8612 85.4833 -99.8997
f 4244/6957/432 3981/5889/432 4245/5888/432

vt -1.7572 0.03
vt -1.76032 0.03
vn -0.46769 0.883893 -0.000337415
vt -1.76032 0
vt -1.7572 0
f 3892/7020/821 3891/7021/1019 4245/7022/1019 3981/7023/821 

vt 1.11775 0.848732
f 3892/5997/258 3969/5975/258 3891/7024/258

f 3892/5997/258 3972/5978/258 3969/5975/258

vt 1.23212 0.03
vn -0.0566041 -0.998397 -4.0837e-05
vt 1.23008 0.03
vn 0.0716498 -0.99743 5.16918e-05
vt 1.23008 0
vt 1.23212 0
f 3969/7025/1020 3972/7026/1021 3982/7027/1021 4244/7028/1020 

vt 0.78833 0.03
vn -0.245736 -0.969337 -0.000177287
vt 0.785803 0.03
vt 0.785803 0
vt 0.78833 0
f 3967/7029/1022 3969/7030/1020 4244/7031/1020 4242/7032/1022 

f 3891/7024/258 3969/5975/258 3967/5973/258

vt 1.12008 0.849377
f 3891/7024/258 3967/5973/258 3890/7033/258

f 3890/7033/258 3967/5973/258 3962/5968/258

vt 0.550236 0.03
vn -0.333854 -0.942625 -0.000240859
vt 0.547251 0.03
vt 0.547251 0
vt 0.550236 0
f 3962/7034/1023 3967/7035/1022 4242/7036/1022 4237/7037/1023 

v 55.9775 85.5479 -99.8997
f 4242/6955/432 4246/5887/432 4237/6950/432

f 4242/6955/432 4245/5888/432 4246/5887/432

f 4244/6957/432 4245/5888/432 4242/6955/432

vt -1.80045 0.03
vt -1.80311 0.03
vn -0.515062 0.857153 -0.000371592
vt -1.80311 0
vt -1.80045 0
f 3891/7038/1019 3890/7039/1024 4246/7040/1024 4245/7041/1019 

vt -1.86273 0.03
vt -1.86479 0.03
vn -0.559642 0.828734 -0.000403754
v 56.0642 85.6041 -99.8996
vt -1.86479 0
vt -1.86273 0
f 3890/7042/1024 3889/7043/1025 4247/7044/1025 4246/7045/1024 

vt 1.12181 0.849939
f 3890/7033/258 3962/5968/258 3889/7046/258

v 56.0637 84.9839 -96.8996
vt 1.12183 0.843737
f 3889/7046/258 3962/5968/258 4248/7047/258

f 4248/7047/258 3962/5968/258 3959/5965/258

vt 0.440704 0.03
vn -0.36779 -0.929909 -0.000265343
vt 0.437366 0.03
vt 0.437366 0
vt 0.440704 0
f 3959/7048/1026 3962/7049/1023 4237/7050/1023 4235/7051/1026 

v 56.0658 84.9839 -99.8996
vt -1.12183 0.843737
f 4237/6950/432 4249/7052/432 4235/6947/432

f 4237/6950/432 4247/5886/432 4249/7052/432

f 4237/6950/432 4246/5887/432 4247/5886/432

v 56.0662 85.0493 -99.8996
vt -1.12184 0.84439
f 4247/5886/432 4250/7053/432 4249/7052/432

v 56.133 85.6525 -99.8995
f 4250/7053/432 4247/5886/432 4251/5885/432

vt -1.89446 0.03
vt -1.89615 0.03
vn -0.562781 0.826606 -0.000406018
vt -1.89615 0
vt -1.89446 0
f 3889/7054/1025 3888/7055/1027 4251/7056/1027 4247/7057/1025 

v 56.064 85.0493 -96.8996
vt 1.12184 0.84439
vt 1.12319 0.850422
f 3889/7046/258 4252/7058/258 3888/7059/258

f 4252/7058/258 3889/7046/258 4248/7047/258

v 57.3171 85.945 -96.8987
vt -1.1469 0.853339
v 57.3475 85.9371 -96.8987
vt -1.14751 0.85326
v 57.3734 85.903 -96.8987
vt -1.14803 0.852919
v 57.3903 85.8776 -96.8986
vt -1.14837 0.852664
v 57.4095 85.8457 -96.8986
vt -1.14875 0.852345
v 57.4298 85.8078 -96.8986
vt -1.14915 0.851965
v 57.4499 85.7642 -96.8986
vt -1.14956 0.85153
v 57.4688 85.7155 -96.8986
vt -1.14993 0.851042
v 57.4834 85.656 -96.8986
vt -1.15022 0.850448
v 57.491 85.5791 -96.8986
vt -1.15037 0.849679
v 57.3855 85.0242 -96.8986
vt -1.14826 0.84413
v 56.3619 84.5939 -96.8994
vt -1.12779 0.839834
v 56.2799 84.6648 -96.8994
vt -1.12615 0.840544
v 56.2076 84.745 -96.8995
vt -1.12471 0.841346
v 56.1447 84.8291 -96.8995
vt -1.12345 0.842188
v 56.0921 84.9116 -96.8996
vt -1.1224 0.843013
v 56.0938 85.1136 -96.8996
vt -1.12244 0.845033
v 56.1533 85.1828 -96.8995
vt -1.12363 0.845725
v 56.2433 85.2628 -96.8995
vt -1.12543 0.846524
v 56.364 85.3595 -96.8994
vt -1.12784 0.847491
v 56.5162 85.4789 -96.8993
vt -1.13089 0.848684
v 56.6992 85.6257 -96.8991
vt -1.13455 0.85015
v 56.8718 85.7545 -96.899
vt -1.138 0.851437
v 57.0132 85.844 -96.8989
vt -1.14083 0.85233
v 57.1259 85.9009 -96.8988
vt -1.14308 0.852899
v 57.2124 85.9322 -96.8988
vt -1.14481 0.853211
v 57.2753 85.9446 -96.8987
vt -1.14607 0.853335
f 4253/7060/432 4254/7061/432 4255/7062/432 4256/7063/432 4257/7064/432 4258/7065/432 4259/7066/432 4260/7067/432 4261/7068/432 4262/7069/432 3939/6927/432 3940/6928/432 3941/6929/432 3942/6930/432 3943/6931/432 3944/6932/432 3945/6933/432 3946/6934/432 4263/7070/432 3947/6935/432 3948/6936/432 3949/6937/432 3950/6938/432 3951/6939/432 3952/6940/432 3953/6941/432 3954/6942/432 3955/6943/432 3956/6944/432 3957/6945/432 4264/7071/432 4265/7072/432 4266/7073/432 4267/7074/432 4268/7075/432 4248/7052/432 4252/7053/432 4269/7076/432 4270/7077/432 4271/7078/432 4272/7079/432 4273/7080/432 4274/7081/432 4275/7082/432 4276/7083/432 4277/7084/432 4278/7085/432 4279/7086/432 

vt 0.681968 0.03
vn -0.250644 -0.968079 -0.000180827
vt 0.68134 0.03
vn -0.121472 -0.992595 -8.76357e-05
v 57.3193 85.945 -99.8987
vt 0.68134 0
v 57.3497 85.9371 -99.8987
vt 0.681968 0
f 4254/7087/1028 4253/7088/1029 4280/7089/1029 4281/7090/1028 

vt 1.14763 0.854141
vt 1.1469 0.853339
vt 1.14751 0.85326
f 3871/7091/258 4253/7092/258 4254/7093/258

vt 1.14679 0.854738
f 3872/7094/258 4253/7092/258 3871/7091/258

vt 1.14607 0.853335
f 3872/7094/258 4279/7095/258 4253/7092/258

vt 1.14573 0.855261
f 3873/7096/258 4279/7095/258 3872/7094/258

vt 1.14481 0.853211
f 3873/7096/258 4278/7097/258 4279/7095/258

vt 1.14435 0.855589
f 3874/7098/258 4278/7097/258 3873/7096/258

vt 1.14308 0.852899
f 3874/7098/258 4277/7099/258 4278/7097/258

vt 1.14257 0.855604
f 3875/7100/258 4277/7099/258 3874/7098/258

vt 1.14083 0.85233
f 3875/7100/258 4276/7101/258 4277/7099/258

vt 1.14076 0.855296
f 3876/7102/258 4276/7101/258 3875/7100/258

vt 1.13962 0.854853
f 3877/7103/258 4276/7101/258 3876/7102/258

vt 1.13892 0.854322
f 3878/7104/258 4276/7101/258 3877/7103/258

vt 1.13839 0.853748
f 3879/7105/258 4276/7101/258 3878/7104/258

vt 1.138 0.851437
f 3879/7105/258 4275/7106/258 4276/7101/258

vt 1.13777 0.853175
f 3880/7107/258 4275/7106/258 3879/7105/258

vt 1.13681 0.852646
f 3881/7108/258 4275/7106/258 3880/7107/258

vt 1.13523 0.852205
f 3882/7109/258 4275/7106/258 3881/7108/258

vt 1.13455 0.85015
f 3882/7109/258 4274/7110/258 4275/7106/258

vt 1.13278 0.851897
f 3883/7111/258 4274/7110/258 3882/7109/258

vt 1.13089 0.848684
f 3883/7111/258 4273/7112/258 4274/7110/258

vt 1.12978 0.851702
f 3884/7113/258 4273/7112/258 3883/7111/258

vt 1.12784 0.847491
f 3884/7113/258 4272/7114/258 4273/7112/258

vt 1.1275 0.851467
f 3885/7115/258 4272/7114/258 3884/7113/258

vt 1.1258 0.85118
f 3886/7116/258 4272/7114/258 3885/7115/258

vt 1.12543 0.846524
f 3886/7116/258 4271/7117/258 4272/7114/258

vt 1.12444 0.850834
f 3887/7118/258 4271/7117/258 3886/7116/258

vt 1.12363 0.845725
f 3887/7118/258 4270/7119/258 4271/7117/258

f 3888/7059/258 4270/7119/258 3887/7118/258

vt 1.12244 0.845033
f 3888/7059/258 4269/7120/258 4270/7119/258

f 3888/7059/258 4252/7058/258 4269/7120/258

vt 2.00448 0.03
vn 0.840925 -0.541152 0.000606685
vt 2.00307 0.03
vn 0.90776 -0.41949 0.000654904
vt 2.00307 0
v 56.0959 85.1136 -99.8996
vt 2.00448 0
f 4269/7121/1030 4252/7122/1031 4250/7123/1031 4282/7124/1030 

vt 1.69527 0.03
vn 0.999983 -0.00585037 0.000721438
vt 1.69397 0.03
vt 1.69397 0
vt 1.69527 0
f 4252/7125/1032 4248/7126/1032 4249/7127/1032 4250/7128/1032 

vt 1.15996 0.03
vn 0.93056 0.366138 0.000671353
vt 1.15841 0.03
vn 0.890947 0.454106 0.000642774
v 56.0943 84.9116 -99.8996
vt 1.15841 0
vt 1.15996 0
f 4248/7129/1033 4268/7130/1034 4283/7131/1034 4249/7132/1033 

vt 1.1224 0.843013
f 4248/7047/258 3959/5965/258 4268/7133/258

vt 1.12345 0.842188
f 4268/7133/258 3959/5965/258 4267/7134/258

vt 1.12471 0.841346
f 4267/7134/258 3959/5965/258 4266/7135/258

f 4266/7135/258 3959/5965/258 3958/5964/258

vt 0.414896 0.03
vn -0.336885 -0.941546 -0.000243046
vt 0.411338 0.03
vt 0.411338 0
vt 0.414896 0
f 3958/7136/1035 3959/7137/1026 4235/7138/1026 4234/7139/1035 

v 56.2097 84.745 -99.8995
f 4235/6947/432 4284/7073/432 4234/6946/432

v 56.1469 84.8291 -99.8995
f 4235/6947/432 4285/7074/432 4284/7073/432

f 4235/6947/432 4283/7075/432 4285/7074/432

f 4235/6947/432 4249/7052/432 4283/7075/432

vt 0.818333 0.03
vt 0.816379 0.03
vn 0.822698 0.568479 0.000593535
vt 0.816379 0
vt 0.818333 0
f 4268/7140/1034 4267/7141/1036 4285/7142/1036 4283/7143/1034 

vt 0.678087 0.03
vt 0.675987 0.03
vn 0.772697 0.634774 0.000557463
vt 0.675987 0
vt 0.678087 0
f 4267/7144/1036 4266/7145/1037 4284/7146/1037 4285/7147/1036 

vt 0.496803 0.03
vt 0.494645 0.03
vn 0.699494 0.714638 0.00050465
v 56.2821 84.6648 -99.8994
vt 0.494645 0
vt 0.496803 0
f 4266/7148/1037 4265/7149/1038 4286/7150/1038 4284/7151/1037 

vt 1.12615 0.840544
f 4266/7135/258 3958/5964/258 4265/7152/258

vt 1.12779 0.839834
f 4265/7152/258 3958/5964/258 4264/7153/258

f 4264/7153/258 3958/5964/258 3957/5963/258

vt 0.57588 0.03
vn -0.298528 -0.954401 -0.000215373
vt 0.573481 0.03
vt 0.573481 0
vt 0.57588 0
f 3957/7154/1039 3958/7155/1035 4234/7156/1035 4233/7157/1039 

v 56.3641 84.5939 -99.8994
f 4234/6946/432 4287/7071/432 4233/6945/432

f 4234/6946/432 4286/7072/432 4287/7071/432

f 4234/6946/432 4284/7073/432 4286/7072/432

vt 0.247855 0.03
vt 0.245688 0.03
vn 0.58994 0.807447 0.000425612
vt 0.245688 0
vt 0.247855 0
f 4265/7158/1038 4264/7159/1040 4287/7160/1040 4286/7161/1038 

vt -0.083758 0.03
vt -0.0859149 0.03
vn 0.52216 0.852847 0.000376713
vt -0.0859149 0
vt -0.083758 0
f 4264/7162/1040 3957/7163/1041 4233/7164/1041 4287/7165/1040 

vt -0.215295 0.03
vn 0.466407 0.88457 0.000336489
vt -0.216548 0.03
vn 0.314292 0.949326 0.000226746
vt -0.216548 0
vt -0.215295 0
f 3957/7166/1042 3956/7167/1043 4232/7168/1043 4233/7169/1042 

vt -0.858418 0.03
vt -0.859364 0.03
vn 0.127276 0.991867 9.18231e-05
vt -0.859364 0
vt -0.858418 0
f 3956/7170/1043 3955/7171/1044 4231/7172/1044 4232/7173/1043 

vt -0.95545 0.03
vt -0.957716 0.03
vn -0.0255224 0.999674 -1.84132e-05
vt -0.957716 0
vt -0.95545 0
f 3955/7174/1044 3954/7175/1045 4230/7176/1045 4231/7177/1044 

vt -1.37381 0.03
vt -1.37631 0.03
vn -0.262173 0.965021 -0.000189144
vt -1.37631 0
vt -1.37381 0
f 3954/7178/1045 3953/7179/1046 4229/7180/1046 4230/7181/1045 

vt -1.67482 0.03
vt -1.67766 0.03
vn -0.442569 0.896735 -0.000319291
vt -1.67766 0
vt -1.67482 0
f 3953/7182/1046 3952/7183/1047 4228/7184/1047 4229/7185/1046 

vt -1.83784 0.03
vt -1.8407 0.03
vn -0.565439 0.82479 -0.000407936
vt -1.8407 0
vt -1.83784 0
f 3952/7186/1047 3951/7187/1048 4227/7188/1048 4228/7189/1047 

vt -1.93329 0.03
vt -1.93608 0.03
vn -0.654817 0.755787 -0.000472418
vt -1.93608 0
vt -1.93329 0
f 3951/7190/1048 3950/7191/1049 4226/7192/1049 4227/7193/1048 

vt -1.98889 0.03
vt -1.99155 0.03
vn -0.721828 0.692073 -0.000520763
vt -1.99155 0
vt -1.98889 0
f 3950/7194/1049 3949/7195/1050 4225/7196/1050 4226/7197/1049 

vt -2.02007 0.03
vt -2.0225 0.03
vn -0.774227 0.632907 -0.000558567
vt -2.0225 0
vt -2.02007 0
f 3949/7198/1050 3948/7199/1051 4224/7200/1051 4225/7201/1050 

vt -2.03581 0.03
vt -2.0379 0.03
vn -0.797133 0.603804 -0.000575092
vt -2.0379 0
vt -2.03581 0
f 3948/7202/1051 3947/7203/1052 4223/7204/1052 4224/7205/1051 

vt -1.24719 0.03
vn -0.950442 -0.310902 -0.000685696
vt -1.24796 0.03
v 57.3877 85.0242 -99.8986
vt -1.24796 0
vt -1.24719 0
f 3947/7206/1053 4263/7207/1053 4288/7208/1053 4223/7209/1053 

vt 1.14826 0.84413
f 3946/5952/258 4263/7210/258 3947/5953/258

vt -1.82653 0.03
vn -0.489412 0.872053 -0.000353086
vt -1.82723 0.03
vn -0.501215 0.865323 -0.000361602
vt -1.82723 0
vt -1.82653 0
f 4263/7211/1054 3946/7212/1055 4222/7213/1055 4288/7214/1054 

vt -1.8513 0.03
vt -1.85191 0.03
vn -0.512926 0.858433 -0.00037005
vt -1.85191 0
vt -1.8513 0
f 3946/7215/1055 3945/7216/1056 4221/7217/1056 4222/7218/1055 

vt -2.02789 0.03
vn -0.887681 0.460458 -0.000640418
vt -2.02898 0.03
vt -2.02898 0
vt -2.02789 0
f 3945/7219/1057 3944/7220/1057 4220/7221/1057 4221/7222/1057 

vt -1.8205 0.03
vn -0.992114 0.125333 -0.000715761
vt -1.82178 0.03
vn -0.994701 0.102807 -0.000717627
vt -1.82178 0
vt -1.8205 0
f 3944/7223/1058 3943/7224/1059 4219/7225/1059 4220/7226/1058 

vt -1.77785 0.03
vt -1.77911 0.03
vn -0.997133 0.075664 -0.000719382
vt -1.77911 0
vt -1.77785 0
f 3943/7227/1059 3942/7228/1060 4218/7229/1060 4219/7230/1059 

vt -1.76979 0.03
vt -1.77138 0.03
vn -0.998083 0.0618903 -0.000720067
vt -1.77138 0
vt -1.76979 0
f 3942/7231/1060 3941/7232/1061 4217/7233/1061 4218/7234/1060 

vt -1.75215 0.03
vt -1.75393 0.03
vn -0.99927 0.0381891 -0.000720924
vt -1.75393 0
vt -1.75215 0
f 3941/7235/1061 3940/7236/1062 4216/7237/1062 4217/7238/1061 

vt -1.7225 0.03
vt -1.72433 0.03
vn -0.999999 0.00102474 -0.00072145
vt -1.72433 0
vt -1.7225 0
f 3940/7239/1062 3939/7240/1063 4215/7241/1063 4216/7242/1062 

vt -1.67231 0.03
vt -1.67407 0.03
vn -0.998222 -0.0596063 -0.000720167
v 57.4931 85.5791 -99.8986
vt -1.67407 0
vt -1.67231 0
f 3939/7243/1063 4262/7244/1064 4289/7245/1064 4215/7246/1063 

vt 1.15037 0.849679
f 3867/5944/258 4262/7247/258 3939/5945/258

vt 1.15022 0.850448
f 3867/5944/258 4261/7248/258 4262/7247/258

vt 1.14993 0.851042
f 3867/5944/258 4260/7249/258 4261/7248/258

vt 1.14967 0.853096
f 3868/7250/258 4260/7249/258 3867/5944/258

vt 1.14956 0.85153
f 3868/7250/258 4259/7251/258 4260/7249/258

vt 1.14915 0.851965
f 3868/7250/258 4258/7252/258 4259/7251/258

vt 1.14898 0.8532
f 3869/7253/258 4258/7252/258 3868/7250/258

vt 1.14875 0.852345
f 3869/7253/258 4257/7254/258 4258/7252/258

vt 1.14837 0.852664
f 3869/7253/258 4256/7255/258 4257/7254/258

vt 1.14833 0.853588
f 3870/7256/258 4256/7255/258 3869/7253/258

vt 1.14803 0.852919
f 3870/7256/258 4255/7257/258 4256/7255/258

f 3871/7091/258 4255/7257/258 3870/7256/258

f 3871/7091/258 4254/7093/258 4255/7257/258

vt -0.666748 0.03
vn -0.814966 -0.579508 -0.000587958
vt -0.667603 0.03
vn -0.796956 -0.604037 -0.000574964
vt -0.667603 0
v 57.3755 85.903 -99.8987
vt -0.666748 0
f 4255/7258/1065 4254/7259/1066 4281/7260/1066 4290/7261/1065 

v 57.3555 86.0253 -99.8987
f 4281/7061/432 4291/5868/432 4290/7062/432

f 4280/7060/432 4291/5868/432 4281/7061/432

v 57.3136 86.085 -99.8987
f 4280/7060/432 4292/5869/432 4291/5868/432

v 57.2775 85.9446 -99.8987
f 4293/7086/432 4292/5869/432 4280/7060/432

v 57.2604 86.1372 -99.8987
f 4293/7086/432 4294/5870/432 4292/5869/432

v 57.2146 85.9322 -99.8988
f 4295/7085/432 4294/5870/432 4293/7086/432

v 57.1915 86.1699 -99.8988
f 4295/7085/432 4296/5871/432 4294/5870/432

v 57.1281 85.9009 -99.8988
f 4297/7084/432 4296/5871/432 4295/7085/432

v 57.1024 86.1713 -99.8988
f 4297/7084/432 4298/5872/432 4296/5871/432

v 57.0154 85.844 -99.8989
f 4299/7083/432 4298/5872/432 4297/7084/432

v 57.0118 86.1405 -99.8989
f 4299/7083/432 4300/5873/432 4298/5872/432

v 56.9549 86.0962 -99.899
f 4299/7083/432 4301/5874/432 4300/5873/432

v 56.9197 86.0431 -99.899
f 4299/7083/432 4302/5875/432 4301/5874/432

v 56.8933 85.9856 -99.899
f 4299/7083/432 4303/5876/432 4302/5875/432

v 56.874 85.7545 -99.899
f 4304/7082/432 4303/5876/432 4299/7083/432

v 56.8625 85.9283 -99.899
f 4304/7082/432 4305/5877/432 4303/5876/432

v 56.8142 85.8753 -99.8991
f 4304/7082/432 4306/5878/432 4305/5877/432

v 56.7354 85.8312 -99.8991
f 4304/7082/432 4307/5879/432 4306/5878/432

v 56.7014 85.6257 -99.8991
f 4308/7081/432 4307/5879/432 4304/7082/432

v 56.6128 85.8004 -99.8992
f 4308/7081/432 4309/5880/432 4307/5879/432

v 56.5183 85.4789 -99.8993
f 4310/7080/432 4309/5880/432 4308/7081/432

v 56.4626 85.7807 -99.8993
f 4310/7080/432 4311/5881/432 4309/5880/432

v 56.3662 85.3595 -99.8994
f 4312/7079/432 4311/5881/432 4310/7080/432

v 56.3487 85.7572 -99.8994
f 4312/7079/432 4313/5882/432 4311/5881/432

v 56.2636 85.7284 -99.8995
f 4312/7079/432 4314/5883/432 4313/5882/432

v 56.2454 85.2628 -99.8995
f 4315/7078/432 4314/5883/432 4312/7079/432

v 56.1956 85.6937 -99.8995
f 4315/7078/432 4316/5884/432 4314/5883/432

v 56.1555 85.1828 -99.8995
f 4317/7077/432 4316/5884/432 4315/7078/432

f 4317/7077/432 4251/5885/432 4316/5884/432

f 4282/7076/432 4251/5885/432 4317/7077/432

f 4250/7053/432 4251/5885/432 4282/7076/432

vt 2.01415 0.03
vn 0.712878 -0.701288 0.000514306
vt 2.01232 0.03
vt 2.01232 0
vt 2.01415 0
f 4270/7262/1067 4269/7263/1030 4282/7264/1030 4317/7265/1067 

vt 1.96527 0.03
vn 0.645143 -0.764061 0.000465439
vt 1.96286 0.03
vt 1.96286 0
vt 1.96527 0
f 4271/7266/1068 4270/7267/1067 4317/7268/1067 4315/7269/1068 

vt 1.93892 0.03
vn 0.621236 -0.783623 0.000448191
vt 1.93582 0.03
vt 1.93582 0
vt 1.93892 0
f 4272/7270/1069 4271/7271/1068 4315/7272/1068 4312/7273/1069 

vt 1.93652 0.03
vn 0.621494 -0.783419 0.000448377
vt 1.93266 0.03
vt 1.93266 0
vt 1.93652 0
f 4273/7274/1070 4272/7275/1069 4312/7276/1069 4310/7277/1070 

vt 1.94788 0.03
vn 0.611948 -0.790898 0.00044149
vt 1.94319 0.03
vt 1.94319 0
vt 1.94788 0
f 4274/7278/1071 4273/7279/1070 4310/7280/1070 4308/7281/1071 

vt 1.92947 0.03
vn 0.566784 -0.823866 0.000408907
vt 1.92517 0.03
vt 1.92517 0
vt 1.92947 0
f 4275/7282/1072 4274/7283/1071 4308/7284/1071 4304/7285/1072 

vt 1.87444 0.03
vn 0.493386 -0.86981 0.000355954
vt 1.8711 0.03
vt 1.8711 0
vt 1.87444 0
f 4276/7286/1073 4275/7287/1072 4304/7288/1072 4299/7289/1073 

vt 1.78839 0.03
vn 0.396095 -0.918209 0.000285763
vt 1.78587 0.03
vt 1.78587 0
vt 1.78839 0
f 4277/7290/1074 4276/7291/1073 4299/7292/1073 4297/7293/1074 

vt 1.65533 0.03
vn 0.2675 -0.963558 0.000192988
vt 1.65349 0.03
vt 1.65349 0
vt 1.65533 0
f 4278/7294/1075 4277/7295/1074 4297/7296/1074 4295/7297/1075 

vt 1.45371 0.03
vn 0.102182 -0.994766 7.3719e-05
vt 1.45243 0.03
vt 1.45243 0
vt 1.45371 0
f 4279/7298/1076 4278/7299/1075 4295/7300/1075 4293/7301/1076 

vt 1.16235 0.03
vt 1.16151 0.03
vt 1.16151 0
vt 1.16235 0
f 4253/7302/1029 4279/7303/1076 4293/7304/1076 4280/7305/1029 

vt -1.87262 0.03
vt -1.87411 0.03
vn -0.503026 0.864271 -0.000362908
vt -1.87411 0
vt -1.87262 0
f 3888/7306/1027 3887/7307/1077 4316/7308/1077 4251/7309/1027 

vt -1.77371 0.03
vt -1.77524 0.03
vn -0.388342 0.921515 -0.00028017
vt -1.77524 0
vt -1.77371 0
f 3887/7310/1077 3886/7311/1078 4314/7312/1078 4316/7313/1077 

vt -1.61055 0.03
vt -1.61235 0.03
vn -0.261656 0.965161 -0.000188772
vt -1.61235 0
vt -1.61055 0
f 3886/7314/1078 3885/7315/1079 4313/7316/1079 4314/7317/1078 

vt -1.44711 0.03
vt -1.44943 0.03
vn -0.166069 0.986114 -0.00011981
vt -1.44943 0
vt -1.44711 0
f 3885/7318/1079 3884/7319/1080 4311/7320/1080 4313/7321/1079 

vt -1.3402 0.03
vt -1.34323 0.03
vn -0.187477 0.982269 -0.000135255
vt -1.34323 0
vt -1.3402 0
f 3884/7322/1080 3883/7323/1081 4309/7324/1081 4311/7325/1080 

vt -1.5137 0.03
vt -1.51623 0.03
vn -0.36947 0.929243 -0.000266554
vt -1.51623 0
vt -1.5137 0
f 3883/7326/1081 3882/7327/1082 4307/7328/1082 4309/7329/1081 

vt -1.82166 0.03
vt -1.82347 0.03
vn -0.621422 0.783476 -0.000448325
vt -1.82347 0
vt -1.82166 0
f 3882/7330/1082 3881/7331/1083 4306/7332/1083 4307/7333/1082 

vt -2.02511 0.03
vt -2.02654 0.03
vn -0.81604 0.577995 -0.000588732
vt -2.02654 0
vt -2.02511 0
f 3881/7334/1083 3880/7335/1084 4305/7336/1084 4306/7337/1083 

vt -2.041 0.03
vt -2.0423 0.03
vn -0.895095 0.445874 -0.000645767
vt -2.0423 0
vt -2.041 0
f 3880/7338/1084 3879/7339/1085 4303/7340/1085 4305/7341/1084 

vt -2.02651 0.03
vt -2.02778 0.03
vn -0.873726 0.486418 -0.00063035
vt -2.02778 0
vt -2.02651 0
f 3879/7342/1085 3878/7343/1086 4302/7344/1086 4303/7345/1085 

vt -2.05272 0.03
vt -2.05399 0.03
vn -0.733969 0.679183 -0.000529522
vt -2.05399 0
vt -2.05272 0
f 3878/7346/1086 3877/7347/1087 4301/7348/1087 4302/7349/1086 

vt -1.94891 0.03
vt -1.95036 0.03
vn -0.474926 0.880026 -0.000342636
vt -1.95036 0
vt -1.94891 0
f 3877/7350/1087 3876/7351/1088 4300/7352/1088 4301/7353/1087 

vt -1.62941 0.03
vt -1.63132 0.03
vn -0.155362 0.987858 -0.000112086
vt -1.63132 0
vt -1.62941 0
f 3876/7354/1088 3875/7355/1089 4298/7356/1089 4300/7357/1088 

vt -1.11438 0.03
vt -1.11616 0.03
vn 0.0156739 0.999877 1.1308e-05
vt -1.11616 0
vt -1.11438 0
f 3875/7358/1089 3874/7359/1090 4296/7360/1090 4298/7361/1089 

vt -0.297201 0.03
vn 0.429577 0.90303 0.000309919
vt -0.298726 0.03
vn 0.57287 0.819646 0.000413298
vt -0.298726 0
vt -0.297201 0
f 3874/7362/1091 3873/7363/1092 4294/7364/1092 4296/7365/1091 

vt 0.381196 0.03
vt 0.379706 0.03
vn 0.76255 0.64693 0.000550142
vt 0.379706 0
vt 0.381196 0
f 3873/7366/1092 3872/7367/1093 4292/7368/1093 4294/7369/1092 

vt 0.7405 0.03
vt 0.739042 0.03
vn 0.831483 0.555549 0.000599874
vt 0.739042 0
vt 0.7405 0
f 3872/7370/1093 3871/7371/1094 4291/7372/1094 4292/7373/1093 

vt 0.827546 0.03
vt 0.826238 0.03
vn 0.806554 0.59116 0.000581889
v 57.3906 85.97 -99.8986
vt 0.826238 0
vt 0.827546 0
f 3871/7374/1094 3870/7375/1095 4318/7376/1095 4291/7377/1094 

vt 0.568233 0.03
vt 0.56722 0.03
vn 0.765335 0.643632 0.000552151
v 57.4232 85.9312 -99.8986
vt 0.56722 0
vt 0.568233 0
f 3870/7378/1095 3869/7379/1096 4319/7380/1096 4318/7381/1095 

vt -0.606802 0.03
vn 0.28843 0.957501 0.000208088
vt -0.607524 0.03
v 57.4578 85.9208 -99.8986
vt -0.607524 0
vt -0.606802 0
f 3869/7382/1097 3868/7383/1097 4320/7384/1097 4319/7385/1097 

vt -1.93073 0.03
vn -0.586361 0.81005 -0.000423031
vt -1.93174 0.03
vn -0.667174 0.744902 -0.000481333
vt -1.93174 0
vt -1.93073 0
f 3868/7386/1098 3867/7387/1099 4214/7388/1099 4320/7389/1098 

vt -2.03635 0.03
vn -0.740797 0.671729 -0.000534448
vt -2.03635 0
f 3867/7390/1099 3866/5470/1100 4213/5473/1100 4214/7391/1099 

vt -2.03836 0.03
vt -2.03836 0
f 3866/5470/1100 3865/7392/1100 4212/7393/1100 4213/5473/1100 

vt -2.03898 0.03
vt -2.03898 0
f 3865/7392/1100 3864/7394/1100 4211/7395/1100 4212/7393/1100 

vt -2.03983 0.03
vt -2.03983 0
f 3864/7394/1100 3863/7396/1100 3938/7397/1100 4211/7395/1100 

v 57.471 85.7155 -99.8986
f 4321/7067/432 4320/5865/432 4214/5864/432

v 57.4521 85.7642 -99.8986
f 4322/7066/432 4320/5865/432 4321/7067/432

v 57.432 85.8078 -99.8986
f 4323/7065/432 4320/5865/432 4322/7066/432

f 4323/7065/432 4319/5866/432 4320/5865/432

v 57.4117 85.8457 -99.8986
f 4324/7064/432 4319/5866/432 4323/7065/432

v 57.3925 85.8776 -99.8986
f 4325/7063/432 4319/5866/432 4324/7064/432

f 4325/7063/432 4318/5867/432 4319/5866/432

f 4290/7062/432 4318/5867/432 4325/7063/432

f 4290/7062/432 4291/5868/432 4318/5867/432

vt -0.78317 0.03
vn -0.84466 -0.535303 -0.00060938
vt -0.783782 0.03
vt -0.783782 0
vt -0.78317 0
f 4256/7398/1101 4255/7399/1065 4290/7400/1065 4325/7401/1101 

vt -0.868326 0.03
vn -0.869584 -0.493785 -0.000627361
vt -0.86907 0.03
vt -0.86907 0
vt -0.868326 0
f 4257/7402/1102 4256/7403/1101 4325/7404/1101 4324/7405/1102 

vt -0.961655 0.03
vn -0.895116 -0.445833 -0.000645782
vt -0.962514 0.03
vt -0.962514 0
vt -0.961655 0
f 4258/7406/1103 4257/7407/1102 4324/7408/1102 4323/7409/1103 

vt -1.06337 0.03
vn -0.920613 -0.390476 -0.000664177
vt -1.06433 0.03
vt -1.06433 0
vt -1.06337 0
f 4259/7410/1104 4258/7411/1103 4323/7412/1103 4322/7413/1104 

vt -1.17331 0.03
vn -0.953805 -0.300427 -0.000688123
vt -1.17435 0.03
vt -1.17435 0
vt -1.17331 0
f 4260/7414/1105 4259/7415/1104 4322/7416/1104 4321/7417/1105 

vt -1.37694 0.03
vn -0.985669 -0.168687 -0.000711112
vt -1.37816 0.03
vt -1.37816 0
v 57.4856 85.656 -99.8986
vt -1.37694 0
f 4261/7418/1106 4260/7419/1105 4321/7420/1105 4326/7421/1106 

f 4321/7067/432 4214/5864/432 4326/7068/432

f 4326/7068/432 4214/5864/432 4289/7069/432

f 4289/7069/432 4214/5864/432 4215/6927/432

vt -1.57922 0.03
vt -1.58077 0.03
vt -1.58077 0
vt -1.57922 0
f 4262/7422/1064 4261/7423/1106 4326/7424/1106 4289/7425/1064 

f 4222/6934/432 4223/6935/432 4288/7070/432

vt -0.929951 0.03
vt -0.934931 0.03
vt -0.934931 0
vt -0.929951 0
f 3900/7426/824 3899/7427/1012 3990/7428/1012 3992/7429/824 

vt -0.0449744 0.03
vn 0.544134 0.838998 0.000392566
vt -0.0500781 0.03
vt -0.0500781 0
vt -0.0449744 0
f 4022/7430/1107 4024/7431/1107 4033/7432/1107 4023/7433/1107 

vt -1.77513 0.03
vn -0.429735 0.902955 -0.000310032
vt -1.78577 0.03
vn -0.271361 0.962478 -0.000195773
vt -1.78577 0
vt -1.77513 0
f 4024/7434/1108 4025/7435/1109 4032/7436/1109 4033/7437/1108 

vt -1.34109 0.03
vt -1.35497 0.03
vn -0.105219 0.994449 -7.59103e-05
vt -1.35497 0
vt -1.34109 0
f 4025/7438/1109 4026/7439/1110 4031/7440/1110 4032/7441/1109 

vt 0.215214 0.03
vn 0.652964 0.757389 0.000471081
vt 0.202799 0.03
vt 0.202799 0
vt 0.215214 0
f 4026/7442/1111 4027/7443/1111 4030/7444/1111 4031/7445/1111 

vt 1.51166 0.03
vn 0.990354 0.138556 0.000714491
vt 1.50021 0.03
vt 1.50021 0
vt 1.51166 0
f 4027/7446/1112 4028/7447/879 4029/7448/879 4030/7449/1112 

vt -0.686144 0.03
vn 0.245477 0.969402 0.0001771
vt -0.690541 0.03
vt -0.690541 0
vt -0.686144 0
f 3705/7450/1113 3706/7451/823 3791/7452/823 3792/7453/1113 

vt -0.578255 0.03
vn 0.294848 0.955544 0.000212718
vt -0.582161 0.03
vt -0.582161 0
vt -0.578255 0
f 3704/7454/1114 3705/7455/1113 3792/7456/1113 3793/7457/1114 

vt -0.481768 0.03
vn 0.33779 0.941221 0.000243699
vt -0.485099 0.03
vt -0.485099 0
vt -0.481768 0
f 3703/7458/1115 3704/7459/1114 3793/7460/1114 3794/7461/1115 

vt -0.395859 0.03
vn 0.37516 0.92696 0.00027066
vt -0.39852 0.03
vt -0.39852 0
vt -0.395859 0
f 3702/7462/1116 3703/7463/1115 3794/7464/1115 3795/7465/1116 

vt -0.319806 0.03
vn 0.437606 0.899167 0.000315711
vt -0.321699 0.03
vt -0.321699 0
vt -0.319806 0
f 3701/7466/1117 3702/7467/1116 3795/7468/1116 3796/7469/1117 

vt -0.12083 0.03
vn 0.481647 0.876365 0.000347485
vt -0.121893 0.03
vt -0.121893 0
vt -0.12083 0
f 3700/7470/1118 3701/7471/1117 3796/7472/1117 3797/7473/1118 

f 3038/3787/432 3456/4969/432 3037/3788/432

v 47.9013 84.8681 -99.9055
f 4327/3786/432 3456/4969/432 3038/3787/432

v 47.8751 84.9359 -99.9055
f 4328/3785/432 3456/4969/432 4327/3786/432

v 47.8571 91.0876 -99.9055
vt -0.95783 0.904833
f 4328/3785/432 4329/7474/432 3456/4969/432

f 4328/3785/432 3047/3774/432 4329/7474/432

f 4328/3785/432 3046/3775/432 3047/3774/432

v 47.8491 84.9948 -99.9055
f 4330/3784/432 3046/3775/432 4328/3785/432

f 4330/3784/432 3045/3776/432 3046/3775/432

v 47.8258 85.0351 -99.9055
f 4331/3783/432 3045/3776/432 4330/3784/432

f 4331/3783/432 3044/3777/432 3045/3776/432

v 47.8074 85.0528 -99.9056
f 4332/3782/432 3044/3777/432 4331/3783/432

f 4332/3782/432 3043/3778/432 3044/3777/432

f 4332/3782/432 3041/3779/432 3043/3778/432

v 47.7849 85.0895 -99.9056
f 4333/3781/432 3041/3779/432 4332/3782/432

f 3041/3779/432 4333/3781/432 3042/3780/432

vt -1.57527 0.03
vn -0.994031 -0.109094 -0.000717144
vt -1.57583 0.03
vt -1.57583 0
vt -1.57527 0
f 3016/7475/1119 3015/7476/487 3042/7477/487 4333/7478/1119 

vt -0.941044 0.03
vn -0.779089 -0.626913 -0.000562074
vt -0.941905 0.03
vn -0.852749 -0.52232 -0.000615216
vt -0.941905 0
vt -0.941044 0
f 3017/7479/1120 3016/7480/1121 4333/7481/1121 4332/7482/1120 

vt -0.480124 0.03
vn -0.787191 -0.616709 -0.000567919
vt -0.480636 0.03
vt -0.480636 0
vt -0.480124 0
f 3018/7483/1122 3017/7484/1120 4332/7485/1120 4331/7486/1122 

vt -0.983518 0.03
vn -0.891712 -0.452602 -0.000643326
vt -0.984448 0.03
vt -0.984448 0
vt -0.983518 0
f 3019/7487/1123 3018/7488/1122 4331/7489/1122 4330/7490/1123 

vt -1.15619 0.03
vn -0.923941 -0.382534 -0.000666578
vt -1.15748 0.03
vt -1.15748 0
vt -1.15619 0
f 3020/7491/1124 3019/7492/1123 4330/7493/1123 4328/7494/1124 

vt -1.22604 0.03
vn -0.937203 -0.348784 -0.000676145
vt -1.22749 0.03
vt -1.22749 0
vt -1.22604 0
f 3021/7495/1125 3020/7496/1124 4328/7497/1124 4327/7498/1125 

vt -1.26308 0.03
vt -1.2645 0.03
vt -1.2645 0
vt -1.26308 0
f 3022/7499/486 3021/7500/1125 4327/7501/1125 3038/7502/486 

f 3048/3773/432 4329/7474/432 3047/3774/432

v 47.8425 85.556 -99.9055
f 4334/3772/432 4329/7474/432 3048/3773/432

v 47.8066 85.5539 -99.9056
f 4335/3771/432 4329/7474/432 4334/3772/432

v 47.7709 85.4984 -99.9056
f 4336/3770/432 4329/7474/432 4335/3771/432

v 47.726 91.0546 -99.9056
vt -0.955209 0.904504
f 4336/3770/432 4337/7503/432 4329/7474/432

v 47.7241 85.4291 -99.9056
f 4338/3769/432 4337/7503/432 4336/3770/432

v 47.6728 85.3588 -99.9057
f 4339/3768/432 4337/7503/432 4338/3769/432

v 47.6237 85.3002 -99.9057
f 4340/3767/432 4337/7503/432 4339/3768/432

v 47.5831 85.2659 -99.9057
f 4341/3766/432 4337/7503/432 4340/3767/432

v 47.5732 91.0093 -99.9057
vt -0.952154 0.904052
f 4341/3766/432 4342/7504/432 4337/7503/432

f 4341/3766/432 3055/3759/432 4342/7504/432

f 4341/3766/432 3054/3760/432 3055/3759/432

f 4341/3766/432 3053/3761/432 3054/3760/432

v 47.5577 85.2683 -99.9057
f 4343/3765/432 3053/3761/432 4341/3766/432

f 4343/3765/432 3051/3762/432 3053/3761/432

v 47.5475 85.2922 -99.9057
f 4344/3764/432 3051/3762/432 4343/3765/432

f 3051/3762/432 4344/3764/432 3052/3763/432

vt -1.68928 0.03
vn -0.999989 -0.00452584 -0.000721443
vt -1.68992 0.03
vt -1.68992 0
vt -1.68928 0
f 2999/7505/1126 2998/7506/495 3052/7507/495 4344/7508/1126 

vt -1.18163 0.03
vn -0.919104 -0.394015 -0.000663088
vt -1.18215 0.03
vt -1.18215 0
vt -1.18163 0
f 3000/7509/1127 2999/7510/1127 4344/7511/1127 4343/7512/1127 

vt 0.787886 0.03
vn -0.0938885 -0.995583 -6.77359e-05
vt 0.787376 0.03
vt 0.787376 0
vt 0.787886 0
f 3001/7513/1128 3000/7514/1128 4343/7515/1128 4341/7516/1128 

vt 1.8202 0.03
vn 0.708348 -0.705864 0.000511038
vt 1.81913 0.03
vn 0.645366 -0.763873 0.0004656
vt 1.81913 0
vt 1.8202 0
f 3002/7517/1129 3001/7518/1130 4341/7519/1130 4340/7520/1129 

vt 1.91092 0.03
vn 0.787539 -0.616264 0.00056817
vt 1.90939 0.03
vt 1.90939 0
vt 1.91092 0
f 3003/7521/1131 3002/7522/1129 4340/7523/1129 4339/7524/1131 

vt 1.93265 0.03
vn 0.818533 -0.574459 0.000590531
vt 1.93092 0.03
vt 1.93092 0
vt 1.93265 0
f 3004/7525/1132 3003/7526/1131 4339/7527/1131 4338/7528/1132 

vt 1.94132 0.03
vn 0.834933 -0.550351 0.000602363
vt 1.93965 0.03
vt 1.93965 0
vt 1.94132 0
f 3005/7529/1133 3004/7530/1132 4338/7531/1132 4336/7532/1133 

vt 1.94568 0.03
vn 0.840996 -0.54104 0.000606737
vt 1.94436 0.03
vt 1.94436 0
vt 1.94568 0
f 3006/7533/1134 3005/7534/1133 4336/7535/1133 4335/7536/1134 

vt 1.05452 0.03
vn 0.0588282 -0.998268 4.24416e-05
vt 1.0538 0.03
vt 1.0538 0
vt 1.05452 0
f 3007/7537/1135 3006/7538/1135 4335/7539/1135 4334/7540/1135 

vt -1.40409 0.03
vt -1.40469 0.03
vn -0.968026 -0.250847 -0.000698383
vt -1.40469 0
vt -1.40409 0
f 3008/7541/494 3007/7542/1136 4334/7543/1136 3048/7544/494 

f 3056/3758/432 4342/7504/432 3055/3759/432

v 47.5404 85.6421 -99.9057
f 4345/3757/432 4342/7504/432 3056/3758/432

v 47.514 85.6828 -99.9058
f 4346/3756/432 4342/7504/432 4345/3757/432

v 47.4841 85.7095 -99.9058
f 4347/3755/432 4342/7504/432 4346/3756/432

v 47.4543 85.7251 -99.9058
f 4348/3754/432 4342/7504/432 4347/3755/432

v 47.4424 90.9656 -99.9058
vt -0.949538 0.903615
f 4348/3754/432 4349/7545/432 4342/7504/432

v 47.4281 85.7327 -99.9058
f 4350/3753/432 4349/7545/432 4348/3754/432

v 47.4045 85.6694 -99.9058
f 4351/3752/432 4349/7545/432 4350/3753/432

v 47.394 85.455 -99.9059
f 4352/3749/432 4349/7545/432 4351/3752/432

v 47.3744 85.4095 -99.9059
f 4353/3748/432 4349/7545/432 4352/3749/432

v 47.3472 90.9291 -99.9059
vt -0.947635 0.903251
f 4353/3748/432 4354/7546/432 4349/7545/432

v 47.3419 85.4009 -99.9059
f 4355/3747/432 4354/7546/432 4353/3748/432

v 47.2964 85.432 -99.9059
f 4356/3746/432 4354/7546/432 4355/3747/432

v 47.2821 90.8994 -99.9059
vt -0.946332 0.902955
f 4356/3746/432 4357/7547/432 4354/7546/432

v 47.2459 85.4758 -99.906
f 4358/3745/432 4357/7547/432 4356/3746/432

v 47.2414 90.8761 -99.906
vt -0.945519 0.902723
f 4358/3745/432 4359/7548/432 4357/7547/432

v 47.1932 85.5245 -99.906
f 4359/7548/432 4358/3745/432 4360/3744/432

vt -0.458152 0.03
vn -0.667243 -0.74484 -0.000481383
vt -0.459586 0.03
vn -0.673553 -0.739139 -0.000485935
vt -0.459586 0
vt -0.458152 0
f 2980/7549/1137 2979/7550/1138 4360/7551/1138 4358/7552/1137 

vt -0.433718 0.03
vt -0.435132 0.03
vn -0.644394 -0.764693 -0.000464898
v 47.1406 85.5718 -99.906
vt -0.435132 0
vt -0.433718 0
f 2979/7553/1138 2978/7554/1139 4361/7555/1139 4360/7556/1138 

vt -0.313393 0.03
vt -0.314672 0.03
vn -0.557595 -0.830113 -0.000402277
v 47.0904 85.6115 -99.9061
vt -0.314672 0
vt -0.313393 0
f 2978/7557/1139 2977/7558/1140 4362/7559/1140 4361/7560/1139 

vt -0.0175475 0.03
vt -0.0185911 0.03
vn -0.49225 -0.870454 -0.000355134
v 47.0449 85.6372 -99.9061
vt -0.0185911 0
vt -0.0175475 0
f 2977/7561/1140 2976/7562/1141 4363/7563/1141 4362/7564/1140 

vt 0.689738 0.03
vn -0.141756 -0.989902 -0.00010227
vt 0.688964 0.03
v 47.0066 85.6427 -99.9061
vt 0.688964 0
vt 0.689738 0
f 2976/7565/1142 2975/7566/1142 4364/7567/1142 4363/7568/1142 

vt 1.63032 0.03
vn 0.471456 -0.88189 0.000340132
vt 1.62962 0.03
vn 0.523773 -0.851858 0.000377876
v 46.976 85.6263 -99.9062
vt 1.62962 0
vt 1.63032 0
f 2975/7569/1143 2974/7570/1144 4365/7571/1144 4364/7572/1143 

vt 1.74498 0.03
vt 1.74428 0.03
vn 0.588834 -0.808254 0.000424815
v 46.9469 85.6059 -99.9062
vt 1.74428 0
vt 1.74498 0
f 2974/7573/1144 2973/7574/1145 4366/7575/1145 4365/7576/1144 

vt 1.77386 0.03
vt 1.77318 0.03
vn 0.614236 -0.789122 0.000443141
v 46.9197 85.5853 -99.9062
vt 1.77318 0
vt 1.77386 0
f 2973/7577/1145 2972/7578/1146 4367/7579/1146 4366/7580/1145 

vt 1.79428 0.03
vt 1.79366 0.03
vn 0.633514 -0.773731 0.000457049
vt 1.79366 0
vt 1.79428 0
f 2972/7581/1146 2971/7582/1147 3288/7583/1147 4367/7584/1146 

vt 1.80934 0.03
vt 1.80882 0.03
vn 0.641891 -0.766796 0.000463093
vt 1.80882 0
vt 1.80934 0
f 2971/7585/1147 2819/7586/1148 3289/7587/1148 3288/7588/1147 

vt 1.57294 0.03
vn 0.992657 0.120959 0.000716153
vt 1.57196 0.03
v 46.8814 85.5007 -99.9062
vt 1.57196 0
vt 1.57294 0
f 2819/7589/1149 2820/7590/1149 4368/7591/1149 3289/7592/1149 

vt 0.479202 0.03
vn 0.684569 0.728948 0.000493883
vt 0.477915 0.03
vn 0.694757 0.719244 0.000501233
v 46.9283 85.4566 -99.9062
vt 0.477915 0
vt 0.479202 0
f 2820/7593/1150 2970/7594/1151 4369/7595/1151 4368/7596/1150 

vt 0.939182 0.84853
f 2820/3224/258 2821/3225/258 2970/7597/258

vt 0.939928 0.84294
f 2960/7598/258 2970/7597/258 2821/3225/258

vt 0.940311 0.847968
f 2970/7597/258 2960/7598/258 2969/7599/258

vt 0.940279 0.843626
f 2969/7599/258 2960/7598/258 2961/7600/258

vt 1.86708 0.03
vn 0.94967 -0.313251 0.00068514
vt 1.86567 0.03
vn 0.992161 -0.124963 0.000715795
v 46.966 84.8977 -99.9062
vt 1.86567 0
v 46.9836 84.9663 -99.9061
vt 1.86708 0
f 2961/7601/1152 2960/7602/1153 4370/7603/1153 4371/7604/1152 

vt 1.68604 0.03
vt 1.68483 0.03
vn 1 -0.000348545 0.00072145
vt 1.68483 0
vt 1.68604 0
f 2960/7605/1153 2821/7606/1154 2825/7607/1154 4370/7608/1153 

vt 1.08428 0.03
vn 0.893703 0.448658 0.000644762
vt 1.08323 0.03
vt 1.08323 0
vt 1.08428 0
f 2821/7609/1155 2822/7610/1155 2824/7611/1155 2825/7612/1155 

f 4369/3733/432 4370/3723/432 2825/3232/432

v 46.9848 85.4005 -99.9061
f 4370/3723/432 4369/3733/432 4372/3732/432

vt 0.530593 0.03
vt 0.529001 0.03
vn 0.720602 0.693349 0.000519878
vt 0.529001 0
vt 0.530593 0
f 2970/7613/1151 2969/7614/1156 4372/7615/1156 4369/7616/1151 

vt 0.612423 0.03
vt 0.610772 0.03
vn 0.763348 0.645987 0.000550718
v 47.0407 85.3397 -99.9061
vt 0.610772 0
vt 0.612423 0
f 2969/7617/1156 2968/7618/1157 4373/7619/1157 4372/7620/1156 

vt 0.940856 0.844333
vt 0.941428 0.84736
f 2969/7599/258 2962/7621/258 2968/7622/258

f 2969/7599/258 2961/7600/258 2962/7621/258

vt 1.91826 0.03
vn 0.90998 -0.414652 0.000656505
vt 1.91673 0.03
vt 1.91673 0
v 47.0123 85.037 -99.9061
vt 1.91826 0
f 2962/7623/1158 2961/7624/1152 4371/7625/1152 4374/7626/1158 

f 4371/3724/432 4372/3732/432 4374/3725/432

f 4370/3723/432 4372/3732/432 4371/3724/432

f 4374/3725/432 4372/3732/432 4373/3731/432

v 47.0461 85.1038 -99.9061
f 4374/3725/432 4373/3731/432 4375/3726/432

v 47.0858 85.2818 -99.9061
f 4375/3726/432 4373/3731/432 4376/3730/432

vt 0.760401 0.03
vt 0.758934 0.03
vn 0.845163 0.534508 0.000609743
vt 0.758934 0
vt 0.760401 0
f 2968/7627/1157 2967/7628/1159 4376/7629/1159 4373/7630/1157 

vt 0.941532 0.845
vt 0.942328 0.84678
f 2968/7622/258 2963/7631/258 2967/7632/258

f 2968/7622/258 2962/7621/258 2963/7631/258

vt 1.93232 0.03
vn 0.881031 -0.473057 0.00063562
vt 1.93082 0.03
vt 1.93082 0
vt 1.93232 0
f 2963/7633/1160 2962/7634/1158 4374/7635/1158 4375/7636/1160 

vt 1.93506 0.03
vn 0.863233 -0.504806 0.00062278
vt 1.93375 0.03
vt 1.93375 0
v 47.0786 85.1609 -99.9061
vt 1.93506 0
f 2964/7637/1161 2963/7638/1160 4375/7639/1160 4377/7640/1161 

vt 0.942182 0.845571
f 2967/7632/258 2963/7631/258 2964/7641/258

vt 0.942681 0.845986
f 2967/7632/258 2964/7641/258 2965/7642/258

vn 0.933133 -0.35953 0.000673209
vt 1.93409 0.03
vt 1.93409 0
v 47.1035 85.2024 -99.9061
f 2965/7637/1162 2964/7643/1161 4377/7644/1161 4378/7640/1162 

f 4377/3727/432 4376/3730/432 4378/3728/432

f 4375/3726/432 4376/3730/432 4377/3727/432

v 47.1098 85.2341 -99.9061
f 4378/3728/432 4376/3730/432 4379/3729/432

vt 1.08865 0.03
vt 1.08759 0.03
vn 0.893001 0.450055 0.000644256
vt 1.08759 0
vt 1.08865 0
f 2967/7645/1159 2966/7646/1163 4379/7647/1163 4376/7648/1159 

vt 0.942807 0.846304
f 2967/7632/258 2965/7642/258 2966/7649/258

vt 1.84258 0.03
vn 0.981124 -0.193379 0.000707832
vt 1.84193 0.03
vt 1.84193 0
vt 1.84258 0
f 2966/7650/1164 2965/7651/1162 4378/7652/1162 4379/7653/1164 

f 2825/3232/432 4368/3734/432 4369/3733/432

f 2825/3232/432 2816/3233/432 4368/3734/432

f 4368/3734/432 2816/3233/432 3289/3735/432

vt -0.930499 0.890159
f 3289/3735/432 2816/3233/432 2818/7654/432

v 46.5388 89.6534 -99.9065
vt -0.931456 0.890501
f 3289/3735/432 2818/7654/432 4380/7655/432

vt -1.79057 0.03
v 46.5366 89.6534 -96.9065
vt -1.79174 0.03
vn -0.581036 0.813878 -0.000419189
vt -1.79174 0
vt -1.79057 0
f 2817/7656/431 4381/7657/1165 4380/7658/1165 2818/7659/431 

vt 0.931456 0.890501
f 2817/3223/258 2819/3222/258 4381/7660/258

v 46.5487 89.7113 -96.9065
vt 0.931697 0.891079
f 4381/7660/258 2819/3222/258 4382/7661/258

v 46.591 89.9152 -96.9064
vt 0.932546 0.893118
f 4382/7661/258 2819/3222/258 4383/7662/258

v 46.6774 90.2689 -96.9064
vt 0.93428 0.896654
f 4383/7662/258 2819/3222/258 4384/7663/258

v 46.7767 90.4434 -96.9063
vt 0.936267 0.898399
f 4384/7663/258 2819/3222/258 4385/7664/258

f 4385/7664/258 2819/3222/258 3067/3971/258

vt -1.7097 0.03
vn -0.501357 0.865241 -0.000361704
vt -1.71128 0.03
vt -1.71128 0
v 46.7789 90.4434 -99.9063
vt -1.7097 0
f 4385/7665/1166 3067/7666/1166 3290/7667/1166 4386/7668/1166 

vt -0.918378 0.03
vn -0.813745 -0.581222 -0.000587076
vt -0.919919 0.03
vn -0.800487 -0.59935 -0.000577511
vt -0.919919 0
vt -0.918378 0
f 3067/7669/1167 3069/7670/1168 3291/7671/1168 3290/7672/1167 

vt -0.837868 0.03
vt -0.847669 0.03
vt -0.847669 0
vt -0.837868 0
f 3069/7673/1168 3076/7674/541 3292/7675/541 3291/7676/1168 

vt -0.936267 0.898399
f 3289/3735/432 4386/7677/432 3290/4302/432

v 46.6796 90.2689 -99.9064
vt -0.93428 0.896654
f 3289/3735/432 4387/7678/432 4386/7677/432

v 46.5931 89.9152 -99.9064
vt -0.932546 0.893118
f 3289/3735/432 4388/7679/432 4387/7678/432

v 46.5508 89.7113 -99.9065
vt -0.931697 0.891079
f 3289/3735/432 4389/7680/432 4388/7679/432

f 3289/3735/432 4380/7655/432 4389/7680/432

vt -1.93267 0.03
vn -0.979127 0.203248 -0.000706392
vt -1.93385 0.03
vt -1.93385 0
vt -1.93267 0
f 4381/7681/1169 4382/7682/1169 4389/7683/1169 4380/7684/1169 

vt -1.93801 0.03
vn -0.975413 0.220384 -0.000703712
vt -1.93801 0
f 4382/7682/1169 4383/7685/1170 4388/7686/1170 4389/7683/1169 

vt -1.95606 0.03
vt -1.96334 0.03
vn -0.929251 0.369449 -0.000670408
vt -1.96334 0
vt -1.95606 0
f 4383/7687/1170 4384/7688/1171 4387/7689/1171 4388/7690/1170 

vt -2.01988 0.03
vt -2.0239 0.03
vn -0.86926 0.494354 -0.000627128
vt -2.0239 0
vt -2.01988 0
f 4384/7691/1171 4385/7692/1172 4386/7693/1172 4387/7694/1171 

f 3288/3736/432 3260/4254/432 4367/3737/432

f 3260/4254/432 4366/3738/432 4367/3737/432

v 46.9996 91.2453 -99.9061
f 4366/3738/432 3260/4254/432 4390/4281/432

vt -1.72123 0.03
vn -0.502208 0.864747 -0.000362318
vt -1.72263 0.03
vn -0.498048 0.867149 -0.000359317
vt -1.72263 0
vt -1.72123 0
f 3065/7695/1173 3064/7696/1174 4390/7697/1174 3260/7698/1173 

vt -1.71203 0.03
vt -1.71357 0.03
vn -0.489451 0.872031 -0.000353114
v 47.0669 91.2836 -99.9061
vt -1.71357 0
vt -1.71203 0
f 3064/7699/1174 3063/7700/1175 4391/7701/1175 4390/7702/1174 

vt -1.70218 0.03
vt -1.7041 0.03
vn -0.479231 0.877689 -0.000345741
v 47.1509 91.3302 -99.906
vt -1.7041 0
vt -1.70218 0
f 3063/7703/1175 3062/7704/1176 4392/7705/1176 4391/7706/1175 

vt -1.68905 0.03
vt -1.6912 0.03
vn -0.465588 0.885002 -0.000335898
v 47.2459 91.3812 -99.906
vt -1.6912 0
vt -1.68905 0
f 3062/7707/1176 3061/7708/1177 4393/7709/1177 4392/7710/1176 

vt -1.67047 0.03
vt -1.67272 0.03
vn -0.446492 0.894788 -0.000322122
v 47.3458 91.4327 -99.9059
vt -1.67272 0
vt -1.67047 0
f 3061/7711/1177 3283/7712/1178 4394/7713/1178 4393/7714/1177 

v 47.2482 90.9489 -96.906
vt 0.945699 0.903451
vt 0.947614 0.908287
f 3061/3957/258 4395/7715/258 3283/7716/258

f 3061/3957/258 3060/3955/258 4395/7715/258

vt 1.90843 0.03
vn 0.959745 -0.280873 0.000692408
vt 1.90696 0.03
vn 0.992526 -0.122035 0.000716058
vt 1.90696 0
v 47.2503 90.9489 -99.906
vt 1.90843 0
f 4395/7717/1179 3060/7718/1180 4359/7719/1180 4396/7720/1179 

vt -0.945699 0.903451
v 47.2804 91.0162 -96.9059
vt -0.946344 0.904123
v 47.323 91.0866 -96.9059
vt -0.947196 0.904827
v 47.3764 91.1532 -96.9059
vt -0.948265 0.905492
v 47.4412 91.2087 -96.9058
vt -0.949561 0.906047
v 47.5179 91.2461 -96.9058
vt -0.951094 0.90642
v 47.6087 91.2606 -96.9057
vt -0.95291 0.906565
v 47.7143 91.2572 -96.9056
vt -0.95502 0.90653
v 47.8271 91.2406 -96.9055
vt -0.957275 0.906363
v 47.9394 91.2155 -96.9055
vt -0.959519 0.906111
v 48.0434 91.1865 -96.9054
vt -0.961598 0.905821
v 48.1314 91.1584 -96.9053
vt -0.963356 0.905539
f 3060/7548/432 4395/7721/432 4397/7722/432 4398/7723/432 4399/7724/432 4400/7725/432 4401/7726/432 4402/7727/432 4403/7728/432 4404/7729/432 4405/7730/432 4406/7731/432 4407/7732/432 3449/4966/432 3448/4967/432 3447/4968/432 3039/4969/432 3040/7474/432 3049/7503/432 3050/7504/432 3057/7545/432 3058/7546/432 3059/7547/432 

vt 2.03889 0.03
vn 0.879822 -0.475304 0.000634748
vt 2.0374 0.03
vt 2.0374 0
v 47.2826 91.0162 -99.9059
vt 2.03889 0
f 4397/7733/1181 4395/7734/1179 4396/7735/1179 4408/7736/1181 

vt 0.946344 0.904123
f 3283/7716/258 4395/7715/258 4397/7737/258

vt 0.947196 0.904827
f 3283/7716/258 4397/7737/258 4398/7738/258

vt 2.03785 0.03
vn 0.819666 -0.572841 0.000591348
vt 2.0362 0.03
vt 2.0362 0
v 47.3251 91.0866 -99.9059
vt 2.03785 0
f 4398/7739/1182 4397/7740/1181 4408/7741/1181 4409/7742/1182 

f 4408/7722/432 4394/4277/432 4409/7723/432

f 4396/7721/432 4394/4277/432 4408/7722/432

f 4396/7721/432 4393/4278/432 4394/4277/432

f 4359/7548/432 4393/4278/432 4396/7721/432

f 4360/3744/432 4393/4278/432 4359/7548/432

f 4360/3744/432 4392/4279/432 4393/4278/432

f 4361/3743/432 4392/4279/432 4360/3744/432

f 4362/3742/432 4392/4279/432 4361/3743/432

f 4362/3742/432 4391/4280/432 4392/4279/432

f 4363/3741/432 4391/4280/432 4362/3742/432

f 4364/3740/432 4391/4280/432 4363/3741/432

f 4364/3740/432 4390/4281/432 4391/4280/432

f 4365/3739/432 4390/4281/432 4364/3740/432

f 4366/3738/432 4390/4281/432 4365/3739/432

v 47.3786 91.1532 -99.9059
f 4409/7723/432 4394/4277/432 4410/7724/432

v 47.4449 91.4806 -99.9058
f 4410/7724/432 4394/4277/432 4411/4276/432

vt -1.64247 0.03
vt -1.64467 0.03
vn -0.417897 0.908494 -0.000301492
vt -1.64467 0
vt -1.64247 0
f 3283/7743/1178 3282/7744/1183 4411/7745/1183 4394/7746/1178 

vt 0.948265 0.905492
vt 0.949595 0.908766
f 3283/7716/258 4399/7747/258 3282/7748/258

f 3283/7716/258 4398/7738/258 4399/7747/258

vt 2.00488 0.03
vn 0.718414 -0.695616 0.0005183
vt 2.00317 0.03
vt 2.00317 0
vt 2.00488 0
f 4399/7749/1184 4398/7750/1182 4409/7751/1182 4410/7752/1184 

vt 1.89912 0.03
vn 0.548997 -0.835824 0.000396074
vt 1.89742 0.03
vt 1.89742 0
v 47.4434 91.2087 -99.9058
vt 1.89912 0
f 4400/7753/1185 4399/7754/1184 4410/7755/1184 4412/7756/1185 

vt 0.949561 0.906047
f 3282/7748/258 4399/7747/258 4400/7757/258

vt 0.951094 0.90642
f 3282/7748/258 4400/7757/258 4401/7758/258

vt 1.64816 0.03
vn 0.301496 -0.953467 0.000217514
vt 1.64645 0.03
vt 1.64645 0
v 47.52 91.2461 -99.9058
vt 1.64816 0
f 4401/7759/1186 4400/7760/1185 4412/7761/1185 4413/7762/1186 

f 4412/7725/432 4411/4276/432 4413/7726/432

f 4410/7724/432 4411/4276/432 4412/7725/432

v 47.5373 91.5209 -99.9057
f 4413/7726/432 4411/4276/432 4414/4275/432

vt -1.59665 0.03
vt -1.59867 0.03
vn -0.371516 0.928427 -0.00026803
vt -1.59867 0
vt -1.59665 0
f 3282/7763/1183 3281/7764/1187 4414/7765/1187 4411/7766/1183 

vt 0.951443 0.909169
f 3282/7748/258 4401/7758/258 3281/7767/258

vt 0.95291 0.906565
f 3281/7767/258 4401/7758/258 4402/7768/258

vt 1.22635 0.03
vn 0.0631047 -0.998007 4.55269e-05
vt 1.22451 0.03
vt 1.22451 0
v 47.6109 91.2606 -99.9057
vt 1.22635 0
f 4402/7769/1188 4401/7770/1186 4413/7771/1186 4415/7772/1188 

f 4413/7726/432 4414/4275/432 4415/7727/432

v 47.6298 91.5546 -99.9057
f 4415/7727/432 4414/4275/432 4416/4274/432

vt -1.51497 0.03
vt -1.51694 0.03
vn -0.319458 0.9476 -0.000230473
vt -1.51694 0
vt -1.51497 0
f 3281/7773/1187 3280/7774/1189 4416/7775/1189 4414/7776/1187 

vt 0.953293 0.909505
f 3281/7767/258 4402/7768/258 3280/7777/258

vt 0.95502 0.90653
f 3280/7777/258 4402/7768/258 4403/7778/258

vt 0.894246 0.03
vn -0.0892162 -0.996012 -6.43651e-05
vt 0.892134 0.03
vt 0.892134 0
v 47.7164 91.2572 -99.9056
vt 0.894246 0
f 4403/7779/1190 4402/7780/1188 4415/7781/1188 4417/7782/1190 

f 4415/7727/432 4416/4274/432 4417/7728/432

v 47.7454 91.5905 -99.9056
f 4417/7728/432 4416/4274/432 4418/4273/432

vt -1.44844 0.03
vt -1.45086 0.03
vn -0.284037 0.958813 -0.000204919
vt -1.45086 0
vt -1.44844 0
f 3280/7783/1189 3279/7784/1191 4418/7785/1191 4416/7786/1189 

vt 0.955605 0.909863
f 3280/7777/258 4403/7778/258 3279/7787/258

vt 0.957275 0.906363
f 3279/7787/258 4403/7778/258 4404/7788/258

vt 0.68184 0.03
vn -0.182039 -0.983291 -0.000131332
vt 0.679561 0.03
vt 0.679561 0
v 47.8292 91.2406 -99.9055
vt 0.68184 0
f 4404/7789/1192 4403/7790/1190 4417/7791/1190 4419/7792/1192 

f 4417/7728/432 4418/4273/432 4419/7729/432

v 47.8753 91.6272 -99.9055
f 4419/7729/432 4418/4273/432 4420/4272/432

vt -1.41248 0.03
vt -1.41518 0.03
vn -0.263696 0.964606 -0.000190244
vt -1.41518 0
vt -1.41248 0
f 3279/7793/1191 3278/7794/1193 4420/7795/1193 4418/7796/1191 

vt 0.958202 0.910229
f 3279/7787/258 4404/7788/258 3278/7797/258

vt 0.959519 0.906111
f 3278/7797/258 4404/7788/258 4405/7798/258

vt 0.539724 0.03
vn -0.243248 -0.969964 -0.000175491
vt 0.537424 0.03
vt 0.537424 0
v 47.9415 91.2155 -99.9055
vt 0.539724 0
f 4405/7799/1194 4404/7800/1192 4419/7801/1192 4421/7802/1194 

f 4419/7729/432 4420/4272/432 4421/7730/432

v 48.0092 91.6626 -99.9054
f 4421/7730/432 4420/4272/432 4422/4271/432

vt -1.39075 0.03
vt -1.39352 0.03
vn -0.250484 0.968121 -0.000180712
vt -1.39352 0
vt -1.39075 0
f 3278/7803/1193 3277/7804/1195 4422/7805/1195 4420/7806/1193 

vt 0.960879 0.910582
f 3278/7797/258 4405/7798/258 3277/7807/258

vt 0.961598 0.905821
f 3277/7807/258 4405/7798/258 4406/7808/258

vt 0.439439 0.03
vn -0.286377 -0.958117 -0.000206607
vt 0.437281 0.03
vt 0.437281 0
v 48.0456 91.1865 -99.9054
vt 0.439439 0
f 4406/7809/1196 4405/7810/1194 4421/7811/1194 4423/7812/1196 

f 4421/7730/432 4422/4271/432 4423/7731/432

v 48.1368 91.6949 -99.9053
f 4423/7731/432 4422/4271/432 4424/4270/432

vt -1.37663 0.03
vt -1.37926 0.03
vn -0.241209 0.970473 -0.00017402
vt -1.37926 0
vt -1.37663 0
f 3277/7813/1195 3276/7814/1197 4424/7815/1197 4422/7816/1195 

vt 0.96343 0.910904
f 3277/7807/258 4406/7808/258 3276/7817/258

vt 0.963356 0.905539
f 3276/7817/258 4406/7808/258 4407/7818/258

vt 0.364901 0.03
vn -0.457084 -0.889424 -0.000329763
vt 0.363055 0.03
vt 0.363055 0
v 48.1335 91.1584 -99.9053
vt 0.364901 0
f 4407/7819/1198 4406/7820/1196 4423/7821/1196 4425/7822/1198 

f 4423/7731/432 4424/4270/432 4425/7732/432

f 4425/7732/432 4424/4270/432 3453/4966/432

f 3453/4966/432 4424/4270/432 3452/4269/432

vt -1.3669 0.03
vt -1.36919 0.03
vn -0.234351 0.972152 -0.000169073
vt -1.36919 0
vt -1.3669 0
f 3276/7823/1197 3275/7824/1199 3452/7825/1199 4424/7826/1197 

f 3276/7817/258 3449/4957/258 3275/4958/258

f 3276/7817/258 4407/7818/258 3449/4957/258

vt -0.30877 0.03
vn -0.597184 -0.802104 -0.000430839
vt -0.309758 0.03
vt -0.309758 0
vt -0.30877 0
f 3449/7827/1200 4407/7828/1198 4425/7829/1198 3453/7830/1200 

vt -0.990668 0.03
vn -0.0502352 0.998737 -3.62422e-05
vt -0.991684 0.03
vn -0.0159999 0.999872 -1.15431e-05
vt -0.991684 0
vt -0.990668 0
f 3448/7831/1201 3449/7832/1202 3453/7833/1202 3454/7834/1201 

vt -1.10982 0.03
vn -0.11447 0.993427 -8.25845e-05
vt -1.1112 0.03
vt -1.1112 0
vt -1.10982 0
f 3447/7835/1203 3448/7836/1201 3454/7837/1201 3455/7838/1203 

vt -1.21004 0.03
vn -0.170872 0.985293 -0.000123276
vt -1.21181 0.03
vt -1.21181 0
vt -1.21004 0
f 3039/7839/1204 3447/7840/1203 3455/7841/1203 3456/7842/1204 

vt -1.29456 0.03
vn -0.220505 0.975386 -0.000159083
vt -1.29678 0.03
vt -1.29678 0
vt -1.29456 0
f 3040/7843/1205 3039/7844/1204 3456/7845/1204 4329/7846/1205 

vt -1.36593 0.03
vn -0.264037 0.964513 -0.000190489
vt -1.36863 0.03
vt -1.36863 0
vt -1.36593 0
f 3049/7847/1206 3040/7848/1205 4329/7849/1205 4337/7850/1206 

vt -1.42555 0.03
vn -0.300827 0.953679 -0.000217032
vt -1.42873 0.03
vt -1.42873 0
vt -1.42555 0
f 3050/7851/1207 3049/7852/1206 4337/7853/1206 4342/7854/1207 

vt -1.47259 0.03
vn -0.337741 0.941239 -0.000243663
vt -1.47535 0.03
vt -1.47535 0
vt -1.47259 0
f 3057/7855/1208 3050/7856/1207 4342/7857/1207 4349/7858/1208 

vt -1.5303 0.03
vn -0.386418 0.922324 -0.000278781
vt -1.53234 0.03
vt -1.53234 0
vt -1.5303 0
f 3058/7859/1209 3057/7860/1208 4349/7861/1208 4354/7862/1209 

vt -1.60841 0.03
vn -0.455895 0.890033 -0.000328906
vt -1.60984 0.03
vt -1.60984 0
vt -1.60841 0
f 3059/7863/1210 3058/7864/1209 4354/7865/1209 4357/7866/1210 

vt -1.71575 0.03
vn -0.496378 0.868106 -0.000358112
vt -1.71669 0.03
vt -1.71669 0
vt -1.71575 0
f 3060/7867/1211 3059/7868/1210 4357/7869/1210 4359/7870/1211 

vt -1.3598 0.03
vt -1.36153 0.03
vn -0.231396 0.97286 -0.000166941
vt -1.36153 0
vt -1.3598 0
f 3275/7871/1199 3274/7872/1212 3451/7873/1212 3452/7874/1199 

vt 0.467284 0.03
vn -0.255988 -0.96668 -0.000184682
vt 0.464996 0.03
vn -0.168177 -0.985757 -0.000121331
v 48.2214 91.7713 -99.9053
vt 0.464996 0
vt 0.467284 0
f 3274/7875/1213 3273/7876/1214 4426/7877/1214 3451/7878/1213 

vt 0.965363 0.91678
vt 0.965121 0.911667
f 3231/7879/258 3273/7880/258 3274/4959/258

vt 0.964789 0.916506
f 3232/7881/258 3273/7880/258 3231/7879/258

vt 0.964167 0.916234
f 3233/7882/258 3273/7880/258 3232/7881/258

vt 0.963519 0.915982
f 3234/7883/258 3273/7880/258 3233/7882/258

vt 0.9628 0.915765
f 3235/7884/258 3273/7880/258 3234/7883/258

vt 0.962489 0.911773
f 3235/7884/258 3272/7885/258 3273/7880/258

vt 0.961552 0.915575
f 3236/7886/258 3272/7885/258 3235/7884/258

vt 0.959847 0.91541
f 3237/7887/258 3272/7885/258 3236/7886/258

vt 0.95948 0.911857
f 3237/7887/258 3271/7888/258 3272/7885/258

vt 0.95789 0.915271
f 3238/7889/258 3271/7888/258 3237/7887/258

vt 0.956348 0.911891
f 3238/7889/258 3270/7890/258 3271/7888/258

vt 0.955883 0.915157
f 3239/7891/258 3270/7890/258 3238/7889/258

vt 0.954028 0.915069
f 3240/7892/258 3270/7890/258 3239/7891/258

vt 0.953344 0.911847
f 3240/7892/258 3269/7893/258 3270/7890/258

vt 0.952528 0.915008
f 3241/7894/258 3269/7893/258 3240/7892/258

vt 0.951587 0.914975
f 3242/7895/258 3269/7893/258 3241/7894/258

vt 0.951117 0.914868
f 3243/7896/258 3269/7893/258 3242/7895/258

vt 0.95072 0.911697
f 3243/7896/258 3268/7897/258 3269/7893/258

vt 0.950607 0.91468
f 3244/7898/258 3268/7897/258 3243/7896/258

vt 0.949865 0.914425
f 3245/7899/258 3268/7897/258 3244/7898/258

vt 0.948928 0.914134
f 3246/7900/258 3268/7897/258 3245/7899/258

vt 0.948704 0.911407
f 3246/7900/258 3267/7901/258 3268/7897/258

vt 0.947835 0.913834
f 3247/7902/258 3267/7901/258 3246/7900/258

vt 0.946932 0.910871
f 3247/7902/258 3266/7903/258 3267/7901/258

vt 0.946625 0.913556
f 3248/7904/258 3266/7903/258 3247/7902/258

vt 0.945335 0.913329
f 3249/7905/258 3266/7903/258 3248/7904/258

vt 0.945241 0.910122
f 3249/7905/258 3265/7906/258 3266/7903/258

vt 0.944003 0.913177
f 3250/7907/258 3265/7906/258 3249/7905/258

vt 0.943678 0.909247
f 3250/7907/258 3264/7908/258 3265/7906/258

f 3251/4296/258 3264/7908/258 3250/7907/258

f 3251/4296/258 3263/4297/258 3264/7908/258

vt 2.01808 0.03
vn 0.771912 -0.63573 0.000556896
vt 2.01579 0.03
vt 2.01579 0
v 47.1488 91.5285 -99.906
vt 2.01808 0
f 3264/7909/1215 3263/7910/540 3287/7911/540 4427/7912/1215 

f 3287/4257/432 3286/4222/432 4427/4258/432

v 47.1648 91.9216 -99.906
f 4427/4258/432 3286/4222/432 4428/4221/432

vt -1.42428 0.03
vt -1.42576 0.03
vn -0.254161 0.967162 -0.000183364
vt -1.42576 0
vt -1.42428 0
f 3251/7913/539 3250/7914/1216 4428/7915/1216 3286/7916/539 

vt -1.32444 0.03
vt -1.3258 0.03
vn -0.278185 0.960528 -0.000200697
v 47.2314 91.9367 -99.906
vt -1.3258 0
vt -1.32444 0
f 3250/7917/1216 3249/7918/1217 4429/7919/1217 4428/7920/1216 

vt -1.4991 0.03
vt -1.50046 0.03
vn -0.376088 0.926584 -0.000271329
v 47.2959 91.9595 -99.9059
vt -1.50046 0
vt -1.4991 0
f 3249/7921/1217 3248/7922/1218 4430/7923/1218 4429/7924/1217 

vt -1.62224 0.03
vt -1.62357 0.03
vn -0.449617 0.893221 -0.000324376
v 47.3565 91.9874 -99.9059
vt -1.62357 0
vt -1.62224 0
f 3248/7925/1218 3247/7926/1219 4431/7927/1219 4430/7928/1218 

vt -1.70855 0.03
vt -1.7098 0.03
vn -0.504948 0.863149 -0.000364295
v 47.4111 92.0174 -99.9058
vt -1.7098 0
vt -1.70855 0
f 3247/7929/1219 3246/7930/1220 4432/7931/1220 4431/7932/1219 

vt -1.77085 0.03
vt -1.77195 0.03
vn -0.547511 0.836798 -0.000395002
v 47.458 92.0465 -99.9058
vt -1.77195 0
vt -1.77085 0
f 3246/7933/1220 3245/7934/1221 4433/7935/1221 4432/7936/1220 

vt -1.81702 0.03
vt -1.81792 0.03
vn -0.580886 0.813985 -0.000419081
v 47.4951 92.072 -99.9058
vt -1.81792 0
vt -1.81702 0
f 3245/7937/1221 3244/7938/1222 4434/7939/1222 4433/7940/1221 

vt -1.85192 0.03
vt -1.85255 0.03
vn -0.506757 0.862089 -0.0003656
v 47.5206 92.0909 -99.9058
vt -1.85255 0
vt -1.85192 0
f 3244/7941/1222 3243/7942/1223 4435/7943/1223 4434/7944/1222 

vt -1.6195 0.03
vt -1.62002 0.03
vn -0.412218 0.911085 -0.000297395
v 47.5441 92.1015 -99.9057
vt -1.62002 0
vt -1.6195 0
f 3243/7945/1223 3242/7946/1224 4436/7947/1224 4435/7948/1223 

vt -1.07964 0.03
vn -0.0720581 0.9974 -5.19863e-05
vt -1.08059 0.03
vn -0.0768509 0.997043 -5.54441e-05
v 47.5912 92.1049 -99.9057
vt -1.08059 0
vt -1.07964 0
f 3242/7949/1225 3241/7950/1226 4437/7951/1226 4436/7952/1225 

vt -1.09742 0.03
vt -1.09893 0.03
vn -0.088193 0.996103 -6.36269e-05
v 47.6662 92.1111 -99.9057
vt -1.09893 0
vt -1.09742 0
f 3241/7953/1226 3240/7954/1227 4438/7955/1227 4437/7956/1226 

vt -1.12179 0.03
vt -1.12365 0.03
vn -0.104065 0.99457 -7.50779e-05
v 47.759 92.1199 -99.9056
vt -1.12365 0
vt -1.12179 0
f 3240/7957/1227 3239/7958/1228 4439/7959/1228 4438/7960/1227 

vt -1.15591 0.03
vt -1.15793 0.03
vn -0.127639 0.991821 -9.2085e-05
v 47.8594 92.1314 -99.9055
vt -1.15793 0
vt -1.15591 0
f 3239/7961/1228 3238/7962/1229 4440/7963/1229 4439/7964/1228 

vt -1.20656 0.03
vt -1.20854 0.03
vn -0.166259 0.986082 -0.000119948
v 47.9573 92.1454 -99.9054
vt -1.20854 0
vt -1.20656 0
f 3238/7965/1229 3237/7966/1230 4441/7967/1230 4440/7968/1229 

vt -1.28978 0.03
vt -1.29152 0.03
vn -0.24117 0.970483 -0.000173992
v 48.0425 92.162 -99.9054
vt -1.29152 0
vt -1.28978 0
f 3237/7969/1230 3236/7970/1231 4442/7971/1231 4441/7972/1230 

vt -1.4517 0.03
vt -1.453 0.03
vn -0.40755 0.913183 -0.000294027
v 48.105 92.181 -99.9053
vt -1.453 0
vt -1.4517 0
f 3236/7973/1231 3235/7974/1232 4443/7975/1232 4442/7976/1231 

vt -1.77063 0.03
vt -1.77147 0.03
vn -0.567433 0.82342 -0.000409375
v 48.1409 92.2027 -99.9053
vt -1.77147 0
vt -1.77063 0
f 3235/7977/1232 3234/7978/1233 4444/7979/1233 4443/7980/1232 

vt -1.88547 0.03
vt -1.88629 0.03
vn -0.637262 0.770647 -0.000459753
v 48.1733 92.228 -99.9053
vt -1.88629 0
vt -1.88547 0
f 3234/7981/1233 3233/7982/1234 4445/7983/1234 4444/7984/1233 

vt -1.93146 0.03
vt -1.93228 0.03
vn -0.674458 0.738313 -0.000486588
v 48.2044 92.2552 -99.9053
vt -1.93228 0
vt -1.93146 0
f 3233/7985/1234 3232/7986/1235 4446/7987/1235 4445/7988/1234 

vt -1.96182 0.03
vt -1.96262 0.03
vn -0.701417 0.712751 -0.000506037
v 48.2331 92.2825 -99.9052
vt -1.96262 0
vt -1.96182 0
f 3232/7989/1235 3231/7990/1236 4447/7991/1236 4446/7992/1235 

vt -1.98298 0.03
vt -1.9837 0.03
vn -0.72173 0.692174 -0.000520693
v 48.2583 92.3082 -99.9052
vt -1.9837 0
vt -1.98298 0
f 3231/7993/1236 3230/7994/1237 4448/7995/1237 4447/7996/1236 

vt 0.965867 0.917036
f 3231/7879/258 3274/4959/258 3230/7997/258

f 3230/7997/258 3274/4959/258 3229/4960/258

vt -1.99833 0.03
vt -1.99894 0.03
vn -0.730507 0.682905 -0.000527025
vt -1.99894 0
vt -1.99833 0
f 3230/7998/1237 3229/7999/1238 3450/8000/1238 4448/8001/1237 

f 3451/4268/432 4448/4201/432 3450/4200/432

f 3451/4268/432 4447/4202/432 4448/4201/432

f 4426/4267/432 4447/4202/432 3451/4268/432

f 4426/4267/432 4446/4203/432 4447/4202/432

f 4426/4267/432 4445/4204/432 4446/4203/432

f 4426/4267/432 4444/4205/432 4445/4204/432

f 4426/4267/432 4443/4206/432 4444/4205/432

v 48.0897 91.7818 -99.9054
f 4449/4266/432 4443/4206/432 4426/4267/432

f 4449/4266/432 4442/4207/432 4443/4206/432

f 4449/4266/432 4441/4208/432 4442/4207/432

v 47.9392 91.7901 -99.9055
f 4450/4265/432 4441/4208/432 4449/4266/432

f 4450/4265/432 4440/4209/432 4441/4208/432

v 47.7825 91.7934 -99.9056
f 4451/4264/432 4440/4209/432 4450/4265/432

f 4451/4264/432 4439/4210/432 4440/4209/432

f 4451/4264/432 4438/4211/432 4439/4210/432

v 47.6322 91.7889 -99.9057
f 4452/4263/432 4438/4211/432 4451/4264/432

f 4452/4263/432 4437/4212/432 4438/4211/432

f 4452/4263/432 4436/4213/432 4437/4212/432

f 4452/4263/432 4435/4214/432 4436/4213/432

v 47.501 91.7738 -99.9058
f 4453/4262/432 4435/4214/432 4452/4263/432

f 4453/4262/432 4434/4215/432 4435/4214/432

f 4453/4262/432 4433/4216/432 4434/4215/432

f 4453/4262/432 4432/4217/432 4433/4216/432

v 47.4001 91.7447 -99.9058
f 4454/4261/432 4432/4217/432 4453/4262/432

f 4454/4261/432 4431/4218/432 4432/4217/432

v 47.3115 91.691 -99.9059
f 4455/4260/432 4431/4218/432 4454/4261/432

f 4455/4260/432 4430/4219/432 4431/4218/432

f 4455/4260/432 4429/4220/432 4430/4219/432

v 47.227 91.616 -99.906
f 4456/4259/432 4429/4220/432 4455/4260/432

f 4456/4259/432 4428/4221/432 4429/4220/432

f 4427/4258/432 4428/4221/432 4456/4259/432

vt 1.98636 0.03
vn 0.705931 -0.708281 0.000509294
vt 1.98402 0.03
vt 1.98402 0
vt 1.98636 0
f 3265/8002/1239 3264/8003/1215 4427/8004/1215 4456/8005/1239 

vt 1.91599 0.03
vn 0.593126 -0.80511 0.000427911
vt 1.91373 0.03
vt 1.91373 0
vt 1.91599 0
f 3266/8006/1240 3265/8007/1239 4456/8008/1239 4455/8009/1240 

vt 1.75445 0.03
vn 0.401037 -0.916062 0.000289328
vt 1.75238 0.03
vt 1.75238 0
vt 1.75445 0
f 3267/8010/1241 3266/8011/1240 4455/8012/1240 4454/8013/1241 

vt 1.41748 0.03
vn 0.196488 -0.980506 0.000141756
vt 1.41538 0.03
vt 1.41538 0
vt 1.41748 0
f 3268/8014/1242 3267/8015/1241 4454/8016/1241 4453/8017/1242 

vt 1.15453 0.03
vn 0.0722311 -0.997388 5.21112e-05
vt 1.15189 0.03
vt 1.15189 0
vt 1.15453 0
f 3269/8018/1243 3268/8019/1242 4453/8020/1242 4452/8021/1243 

vt 1.00903 0.03
vn 0.00433668 -0.999991 3.1287e-06
vt 1.00602 0.03
vt 1.00602 0
vt 1.00903 0
f 3270/8022/1244 3269/8023/1243 4452/8024/1243 4451/8025/1244 

vt 0.919341 0.03
vn -0.0381012 -0.999274 -2.74881e-05
vt 0.916208 0.03
vt 0.916208 0
vt 0.919341 0
f 3271/8026/1245 3270/8027/1244 4451/8028/1244 4450/8029/1245 

vt 0.859402 0.03
vn -0.0670179 -0.997752 -4.83501e-05
vt 0.856388 0.03
vt 0.856388 0
vt 0.859402 0
f 3272/8030/1246 3271/8031/1245 4450/8032/1245 4449/8033/1246 

vt 0.816753 0.03
vt 0.814112 0.03
vt 0.814112 0
vt 0.816753 0
f 3273/8034/1214 3272/8035/1246 4449/8036/1246 4426/8037/1214 

vt -0.398682 0.03
vn -0.611456 -0.791278 -0.000441135
vt -0.400018 0.03
vt -0.400018 0
vt -0.398682 0
f 2981/8038/1247 2980/8039/1137 4358/8040/1137 4356/8041/1247 

vt -0.177798 0.03
vn -0.565174 -0.824972 -0.000407745
vt -0.1789 0.03
vt -0.1789 0
vt -0.177798 0
f 2982/8042/1248 2981/8043/1247 4356/8044/1247 4355/8045/1248 

vt 1.34985 0.03
vn 0.256252 -0.96661 0.000184873
vt 1.34918 0.03
vt 1.34918 0
vt 1.34985 0
f 2983/8046/1249 2982/8047/1249 4355/8048/1249 4353/8049/1249 

vt 1.93332 0.03
vn 0.962725 -0.270481 0.000694558
vt 1.93233 0.03
vn 0.918128 -0.396283 0.000662384
vt 1.93233 0
vt 1.93332 0
f 2984/8050/1250 2983/8051/1251 4353/8052/1251 4352/8053/1250 

vn 0.996248 -0.0865376 0.000718744
vt 1.81266 0.03
vt 1.81266 0
v 47.4037 85.523 -99.9058
f 2985/6259/1252 2984/8054/1250 4352/8055/1250 4457/6262/1252 

vt 0.948685 0.84919
f 2987/3947/258 2984/3948/258 2985/8056/258

vt 0.948736 0.849952
f 2986/8057/258 2987/3947/258 2985/8056/258

vt 1.67844 0.03
vn 0.999724 0.0234703 0.000721251
vt 1.67703 0.03
vn 0.999988 -0.00474899 0.000721442
v 47.4062 85.5992 -99.9058
vt 1.67703 0
vt 1.67844 0
f 2987/8058/1253 2986/8059/1254 4458/8060/1254 4351/8061/1253 

vt 1.73005 0.03
vt 1.72852 0.03
vt 1.72852 0
vt 1.73005 0
f 2986/8062/1254 2985/8063/1252 4457/8064/1252 4458/8065/1254 

f 4458/3751/432 4457/3750/432 4351/3752/432

f 4352/3749/432 4351/3752/432 4457/3750/432

vt 1.92655 0.03
vn 0.936701 -0.35013 0.000675783
vt 1.9252 0.03
vt 1.9252 0
vt 1.92655 0
f 2988/8066/1255 2987/8067/1255 4351/8068/1255 4350/8069/1255 

vt 0.440567 0.03
vn -0.373022 -0.927822 -0.000269117
vt 0.440023 0.03
vn -0.276629 -0.960977 -0.000199574
vt 0.440023 0
vt 0.440567 0
f 2989/8070/1256 2988/8071/1257 4350/8072/1257 4348/8073/1256 

vt 0.0476296 0.03
vn -0.570344 -0.821406 -0.000411475
vt 0.0469571 0.03
vt 0.0469571 0
vt 0.0476296 0
f 2990/8074/1258 2989/8075/1256 4348/8076/1256 4347/8077/1258 

vt -0.4262 0.03
vn -0.759027 -0.651059 -0.0005476
vt -0.427001 0.03
vt -0.427001 0
vt -0.4262 0
f 2991/8078/1259 2990/8079/1258 4347/8080/1258 4346/8081/1259 

vt -0.907334 0.03
vn -0.89952 -0.436879 -0.000648959
vt -0.908304 0.03
vt -0.908304 0
vt -0.907334 0
f 2992/8082/1260 2991/8083/1259 4346/8084/1259 4345/8085/1260 

vt -1.30336 0.03
vt -1.30457 0.03
vt -1.30457 0
vt -1.30336 0
f 2993/8086/500 2992/8087/1260 4345/8088/1260 3056/8089/500 

vt -1.38373 0.03
vn -0.259891 0.965638 -0.000187499
vt -1.38684 0.03
vt -1.38684 0
vt -1.38373 0
f 3194/8090/1261 3193/8091/658 3393/8092/658 3395/8093/1261 

vt -1.40997 0.03
vt -1.41321 0.03
vt -1.41321 0
vt -1.40997 0
f 3195/8094/651 3194/8095/1261 3395/8096/1261 3398/8097/651 

vt -1.70953 0.03
vt -1.71189 0.03
vt -1.71189 0
vt -1.70953 0
f 3200/8098/637 3199/8099/645 3407/8100/645 3409/8101/637 

vt -1.35599 0.03
vt -1.3588 0.03
vt -1.3588 0
vt -1.35599 0
f 3124/8102/576 3123/8103/581 3327/8104/581 3329/8105/576 

vt -1.63372 0.03
vn -0.422919 0.906168 -0.000305115
vt -1.6362 0.03
vt -1.6362 0
vt -1.63372 0
f 3129/8106/1262 3128/8107/570 3338/8108/570 3340/8109/1262 

vt -1.61929 0.03
vt -1.6217 0.03
vt -1.6217 0
vt -1.61929 0
f 3130/8110/515 3129/8111/1262 3340/8112/1262 3133/8113/515 

vt -4.67367 0.838139
vt -4.71906 0.838139
f 2372/3383/432 2368/3382/432 2370/8114/432 2399/8115/432 2398/3409/432 2397/3408/432 2396/3407/432 2395/3406/432 2394/3405/432 2393/3404/432 2392/3403/432 2391/3402/432 2390/3401/432 2389/3400/432 2388/3399/432 2387/3398/432 2386/3397/432 2385/3396/432 2384/3395/432 2383/3394/432 2382/3393/432 2381/3392/432 2380/3391/432 2379/3390/432 2378/3389/432 2377/3388/432 2376/3387/432 2375/3386/432 2374/3385/432 2373/3384/432 

f 2369/2716/260 2371/2826/260 2399/2827/260 2370/2717/260 

f 2371/2826/260 2400/2835/260 2403/2836/260 2399/2827/260 

f 2400/2835/260 2405/2840/260 2407/2843/260 2403/2836/260 

vt -5.00791 0.838139
vt -5.19709 0.838139
vt -4.95762 0.838139
f 2407/8116/432 2406/8117/432 2410/3413/432 2411/3412/432 2401/3411/432 2403/8118/432 

vt -5.46537 0.838139
f 2410/3413/432 2406/8117/432 2409/8119/432 2412/3414/432 

vt -5.46726 0.838139
vt -5.73365 0.838139
f 2416/8120/432 2415/8121/432 2832/3416/432 2831/3415/432 2412/3414/432 2409/8119/432 

f 2413/2829/423 2077/2830/423 2832/2831/423 2415/2832/423 

vt -5.60271 0.03
vt -5.60271 0
f 2078/8122/260 2077/2852/260 2832/2853/260 2831/8123/260 

f 2077/2852/260 2076/2859/260 2833/2860/260 2832/2853/260 

f 2419/2829/423 2076/2830/423 2833/2831/423 2420/2832/423 

f 2076/2859/260 2075/2864/260 2424/2865/260 2833/2860/260 

vt -6.00192 0.838139
vt -6.2702 0.838139
f 2423/3419/432 2424/3418/432 2833/3417/432 2420/8124/432 2422/8125/432 

vt -5.98738 0.838139
f 2418/8126/432 2420/8124/432 2833/3417/432 2832/3416/432 2415/8121/432 

vt -6.50393 0.838139
vt -6.53848 0.838139
f 2428/8127/432 2427/8128/432 2429/3420/432 2423/3419/432 2422/8125/432 

vt -6.80676 0.838139
f 2431/3422/432 2432/3421/432 2429/3420/432 2427/8128/432 2433/8129/432 

f 2073/2869/260 2072/2873/260 2432/2876/260 2429/2870/260 

f 2074/2861/260 2073/2869/260 2429/2870/260 2423/2862/260 

f 2425/2869/260 2430/2874/260 2433/2875/260 2427/2870/260 

f 2430/2874/260 2435/2879/260 2437/2882/260 2433/2875/260 

vt -6.95256 0.838139
vt -7.07503 0.838139
f 2437/8130/432 2436/8131/432 2438/3423/432 2431/3422/432 2433/8129/432 

vt -7.26892 0.838139
vt -7.34331 0.838139
f 2442/8132/432 2441/8133/432 2443/3425/432 2834/3424/432 2438/3423/432 2436/8131/432 

f 2441/8133/432 2516/3426/432 2443/3425/432

v 369.573 84.6385 -99.6734
vt -7.38883 0.838021
f 2516/3426/432 2441/8133/432 4459/8134/432

vt -7.33452 0.03
vn 0.00446578 0.99999 3.22184e-06
vt -7.38004 0.03
vt -7.38004 0
vt -7.33452 0
f 2439/8135/1263 2444/8136/1263 4459/8137/1263 2441/8138/1263 

vt -0.76206 0.03
vn -0.992455 -0.12261 -0.000716007
v 369.535 84.9255 -96.6734
vt -0.767842 0.03
vn -0.999973 0.00732079 -0.000721431
v 369.537 84.9255 -99.6734
vt -0.767842 0
vt -0.76206 0
f 2444/8139/1264 4460/8140/1265 4461/8141/1265 4459/8142/1264 

v 369.614 85.4927 -96.6734
vt 7.38971 0.846562
vt 7.38813 0.840892
f 2444/2889/258 4462/8143/258 4460/8144/258

f 4462/8143/258 2444/2889/258 2445/2890/258

vt 5.94918 0.03
vn -0.415997 -0.909366 -0.000300121
vt 5.94858 0.03
vn -0.42972 -0.902962 -0.000310022
vt 5.94858 0
v 369.6 84.6256 -99.6734
vt 5.94918 0
f 2445/8145/1266 2444/8146/1267 4459/8147/1267 4463/8148/1266 

vt -7.38937 0.837892
f 2516/3426/432 4459/8134/432 4463/8149/432

v 369.616 85.4927 -99.6734
vt -7.38971 0.846562
f 4459/8134/432 4464/8150/432 4463/8149/432

vt -7.38813 0.840892
f 4464/8150/432 4459/8134/432 4461/8151/432

vt -2.68329 0.03
vt -2.69473 0.03
vn -0.990553 0.137127 -0.000714635
vt -2.69473 0
vt -2.68329 0
f 4460/8152/1265 4462/8153/1268 4464/8154/1268 4461/8155/1265 

vt -6.69932 0.03
vn -0.654056 0.756446 -0.000471869
v 370.083 85.8989 -96.673
vt -6.71173 0.03
v 370.086 85.8989 -99.673
vt -6.71173 0
vt -6.69932 0
f 4462/8156/1269 4465/8157/1269 4466/8158/1269 4464/8159/1269 

vt 7.3991 0.850621
f 4462/8143/258 2446/2891/258 4465/8160/258

f 4462/8143/258 2445/2890/258 2446/2891/258

vt 6.09015 0.03
vn -0.382406 -0.923994 -0.000275887
vt 6.08854 0.03
vt 6.08854 0
v 369.673 84.5933 -99.6733
vt 6.09015 0
f 2446/8161/1270 2445/8162/1266 4463/8163/1266 4467/8164/1270 

vt -7.39084 0.837568
f 2516/3426/432 4463/8149/432 4467/8165/432

f 4463/8149/432 4464/8150/432 4467/8165/432

vt -7.3991 0.850621
f 4467/8165/432 4464/8150/432 4466/8166/432

v 369.782 84.5511 -99.6733
vt -7.39301 0.837146
f 4467/8165/432 4466/8166/432 4468/8167/432

v 369.913 84.5087 -99.6732
vt -7.39564 0.83672
f 4468/8167/432 4466/8166/432 4469/8168/432

v 370.057 84.4756 -99.6731
vt -7.39851 0.836388
f 4469/8168/432 4466/8166/432 4470/8169/432

v 370.2 84.4613 -99.673
vt -7.40137 0.836244
f 4470/8169/432 4466/8166/432 4471/8170/432

v 370.776 85.8268 -99.6725
vt -7.41291 0.849895
f 4471/8170/432 4466/8166/432 4472/8171/432

vt -7.1809 0.03
vn 0.103784 0.9946 7.48751e-05
v 370.774 85.8268 -96.6725
vt -7.19478 0.03
vn 0.269972 0.962868 0.000194771
vt -7.19478 0
vt -7.1809 0
f 4465/8172/1271 4473/8173/1272 4472/8174/1272 4466/8175/1271 

vt 7.41291 0.849895
f 4465/8160/258 2450/2895/258 4473/8176/258

f 4465/8160/258 2449/2894/258 2450/2895/258

f 4465/8160/258 2448/2893/258 2449/2894/258

f 4465/8160/258 2447/2892/258 2448/2893/258

f 4465/8160/258 2446/2891/258 2447/2892/258

vt 6.28068 0.03
vn -0.334783 -0.942295 -0.000241529
vt 6.27835 0.03
vt 6.27835 0
vt 6.28068 0
f 2447/8177/1273 2446/8178/1270 4467/8179/1270 4468/8180/1273 

f 2516/3426/432 4467/8165/432 4468/8167/432

f 2516/3426/432 4468/8167/432 4469/8168/432

vt 6.52297 0.03
vn -0.266337 -0.96388 -0.000192149
vt 6.5202 0.03
vt 6.5202 0
vt 6.52297 0
f 2448/8181/1274 2447/8182/1273 4468/8183/1273 4469/8184/1274 

vt 6.82894 0.03
vn -0.162584 -0.986695 -0.000117296
vt 6.826 0.03
vt 6.826 0
vt 6.82894 0
f 2449/8185/1275 2448/8186/1274 4469/8187/1274 4470/8188/1275 

f 2516/3426/432 4469/8168/432 4470/8169/432

f 2516/3426/432 4470/8169/432 4471/8170/432

vt 7.1975 0.03
vn -0.0322819 -0.999479 -2.32898e-05
vt 7.19462 0.03
vt 7.19462 0
vt 7.1975 0
f 2450/8189/1276 2449/8190/1275 4470/8191/1275 4471/8192/1276 

vt 7.45639 0.03
vn 0.0385258 -0.999258 2.77945e-05
vt 7.45389 0.03
vt 7.45389 0
v 370.325 84.4656 -99.6729
vt 7.45639 0
f 2451/8193/1277 2450/8194/1276 4471/8195/1276 4474/8196/1277 

f 4473/8176/258 2450/2895/258 2451/2896/258

f 4473/8176/258 2451/2896/258 2452/2897/258

vt 7.46879 0.03
vn 0.0423513 -0.999103 3.05544e-05
vt 7.46704 0.03
vt 7.46704 0
v 370.412 84.4693 -99.6728
vt 7.46879 0
f 2452/8197/1278 2451/8198/1277 4474/8199/1277 4475/8200/1278 

vt -7.40386 0.836287
vt -7.40561 0.836323
f 2516/3426/432 4474/8201/432 4475/8202/432

f 2516/3426/432 4471/8170/432 4474/8201/432

f 4471/8170/432 4472/8171/432 4474/8201/432

f 4474/8201/432 4472/8171/432 4475/8202/432

v 370.468 84.4717 -99.6728
vt -7.40673 0.836346
f 4475/8202/432 4472/8171/432 4476/8203/432

v 370.522 84.4665 -99.6727
vt -7.40781 0.836294
f 4476/8203/432 4472/8171/432 4477/8204/432

v 370.554 84.4155 -99.6727
vt -7.40844 0.835784
f 4477/8204/432 4472/8171/432 4478/8205/432

v 370.613 84.3325 -99.6727
vt -7.40962 0.834953
f 4478/8205/432 4472/8171/432 4479/8206/432

v 370.694 84.2371 -99.6726
vt -7.41124 0.833999
f 4479/8206/432 4472/8171/432 4480/8207/432

v 370.792 84.1492 -99.6725
vt -7.4132 0.833119
f 4480/8207/432 4472/8171/432 4481/8208/432

v 371.257 85.5988 -99.6722
vt -7.42252 0.847611
f 4481/8208/432 4472/8171/432 4482/8209/432

vt -5.96683 0.03
v 371.255 85.5988 -96.6722
vt -5.97747 0.03
vn 0.428432 0.903574 0.000309092
vt -5.97747 0
vt -5.96683 0
f 4473/8210/1272 4483/8211/1279 4482/8212/1279 4472/8213/1272 

vt 7.42252 0.847611
f 4473/8176/258 2455/2900/258 4483/8214/258

f 4473/8176/258 2454/2899/258 2455/2900/258

v 370.611 84.3325 -96.6727
vt 7.40962 0.834953
f 4473/8176/258 4484/8215/258 2454/2899/258

v 370.552 84.4155 -96.6727
vt 7.40844 0.835784
f 4473/8176/258 4485/8216/258 4484/8215/258

v 370.52 84.4665 -96.6727
vt 7.40781 0.836294
f 4473/8176/258 4486/8217/258 4485/8216/258

f 4473/8176/258 2453/2898/258 4486/8217/258

f 4473/8176/258 2452/2897/258 2453/2898/258

vt 7.46991 0.03
vn -0.0266937 -0.999644 -1.92581e-05
vt 7.46991 0
f 2453/8218/1280 2452/8197/1278 4475/8200/1278 4476/8219/1280 

f 2516/3426/432 4475/8202/432 4476/8203/432

f 2516/3426/432 4476/8203/432 4480/8207/432

f 4480/8207/432 4476/8203/432 4479/8206/432

f 4479/8206/432 4476/8203/432 4478/8205/432

f 4478/8205/432 4476/8203/432 4477/8204/432

vt 7.21232 0.03
vn -0.0956114 -0.995419 -6.89789e-05
vt 7.21123 0.03
vt 7.21123 0
vt 7.21232 0
f 4486/8220/1281 2453/8221/1280 4476/8222/1280 4477/8223/1281 

f 2453/2898/258 4485/8216/258 4486/8217/258

f 2453/2898/258 4484/8215/258 4485/8216/258

f 2453/2898/258 2454/2899/258 4484/8215/258

vt 3.52574 0.03
vn -0.716006 -0.698094 -0.000516563
vt 3.52323 0.03
vn -0.789419 -0.613855 -0.000569526
vt 3.52323 0
vt 3.52574 0
f 2454/8224/1282 4484/8225/1283 4479/8226/1283 4480/8227/1282 

vt 2.92236 0.03
vt 2.92032 0.03
vn -0.832183 -0.5545 -0.000600379
vt 2.92032 0
vt 2.92236 0
f 4484/8228/1283 4485/8229/1284 4478/8230/1284 4479/8231/1283 

vt 2.50235 0.03
vt 2.50115 0.03
vn -0.848158 -0.529742 -0.000611904
vt 2.50115 0
vt 2.50235 0
f 4485/8232/1284 4486/8233/1285 4477/8234/1285 4478/8235/1284 

vt 4.40922 0.03
vn -0.578117 -0.815954 -0.000417083
vt 4.40659 0.03
vt 4.40659 0
vt 4.40922 0
f 2455/8236/1286 2454/8237/1282 4480/8238/1282 4481/8239/1286 

f 2516/3426/432 4480/8207/432 4481/8208/432

v 370.903 84.0884 -99.6725
vt -7.41541 0.83251
f 2516/3426/432 4481/8208/432 4487/8240/432

f 4481/8208/432 4482/8209/432 4487/8240/432

v 371.021 84.0736 -99.6724
vt -7.41777 0.832362
f 4487/8240/432 4482/8209/432 4488/8241/432

v 371.146 84.0972 -99.6723
vt -7.42028 0.832596
f 4488/8241/432 4482/8209/432 4489/8242/432

v 371.271 84.1425 -99.6722
vt -7.42278 0.833049
f 4489/8242/432 4482/8209/432 4490/8243/432

v 371.471 85.738 -99.672
vt -7.4268 0.849002
f 4490/8243/432 4482/8209/432 4491/8244/432

vt -7.14756 0.03
vn -0.545344 0.838212 -0.000393439
v 371.469 85.738 -96.672
vt -7.15266 0.03
vt -7.15266 0
vt -7.14756 0
f 4483/8245/1287 4492/8246/1287 4491/8247/1287 4482/8248/1287 

vt 7.4268 0.849002
f 4483/8214/258 2459/2904/258 4492/8249/258

f 4483/8214/258 2458/2903/258 2459/2904/258

f 4483/8214/258 2457/2902/258 2458/2903/258

f 4483/8214/258 2456/2901/258 2457/2902/258

f 4483/8214/258 2455/2900/258 2456/2901/258

vt 5.69175 0.03
vn -0.481938 -0.876205 -0.000347694
vt 5.68923 0.03
vt 5.68923 0
vt 5.69175 0
f 2456/8250/1288 2455/8251/1286 4481/8252/1286 4487/8253/1288 

vt 7.15198 0.03
vn 0.0306825 -0.999529 2.21359e-05
vt 7.1496 0.03
vn -0.124141 -0.992265 -8.95613e-05
vt 7.1496 0
vt 7.15198 0
f 2457/8254/1289 2456/8255/1290 4487/8256/1290 4488/8257/1289 

f 2516/3426/432 4487/8240/432 4488/8241/432

f 2516/3426/432 4488/8241/432 4489/8242/432

vt 7.59984 0.03
vn 0.263357 -0.964698 0.000189999
vt 7.5973 0.03
vt 7.5973 0
vt 7.59984 0
f 2458/8258/1291 2457/8259/1289 4488/8260/1289 4489/8261/1291 

vt 7.54722 0.03
vn 0.387711 -0.921781 0.000279714
vt 7.54455 0.03
vt 7.54455 0
vt 7.54722 0
f 2459/8262/1292 2458/8263/1291 4489/8264/1291 4490/8265/1292 

f 2516/3426/432 4489/8242/432 4490/8243/432

v 371.387 84.198 -99.6721
vt -7.42508 0.833603
f 2516/3426/432 4490/8243/432 4493/8266/432

f 4490/8243/432 4491/8244/432 4493/8266/432

v 371.481 84.252 -99.672
vt -7.42698 0.834142
f 4493/8266/432 4491/8244/432 4494/8267/432

v 371.632 87.0042 -99.6719
vt -7.43003 0.861663
f 4491/8244/432 4495/8268/432 4494/8267/432

v 371.447 86.1689 -99.6721
vt -7.42633 0.853312
f 4496/8269/432 4495/8268/432 4491/8244/432

v 371.421 86.5136 -99.6721
vt -7.4258 0.856758
f 4495/8268/432 4496/8269/432 4497/8270/432

v 371.445 86.1689 -96.6721
vt -1.13108 0.03
vn -0.997786 -0.0665065 -0.000719853
v 371.418 86.5136 -96.6721
vt -1.13799 0.03
vn -0.996998 -0.0774284 -0.000719284
vt -1.13799 0
vt -1.13108 0
f 4498/8271/1293 4499/8272/1294 4497/8273/1294 4496/8274/1293 

vt 7.42633 0.853312
v 371.63 87.0042 -96.6719
vt 7.43003 0.861663
vt 7.4258 0.856758
f 4498/8275/258 4500/8276/258 4499/8277/258

f 4500/8276/258 4498/8275/258 4492/8249/258

vt -1.28719 0.03
vn -0.998454 -0.0555766 -0.000720335
vt -1.29582 0.03
vt -1.29582 0
vt -1.28719 0
f 4492/8278/1295 4498/8279/1293 4496/8280/1293 4491/8281/1295 

f 4500/8276/258 4492/8249/258 2461/2906/258

f 4492/8249/258 2460/2905/258 2461/2906/258

f 4492/8249/258 2459/2904/258 2460/2905/258

vt 7.41345 0.03
vn 0.464912 -0.885357 0.000335411
vt 7.4109 0.03
vt 7.4109 0
vt 7.41345 0
f 2460/8282/1296 2459/8283/1292 4490/8284/1292 4493/8285/1296 

vt 7.28001 0.03
vn 0.516134 -0.856508 0.000372365
vt 7.27782 0.03
vt 7.27782 0
vt 7.28001 0
f 2461/8286/1297 2460/8287/1296 4493/8288/1296 4494/8289/1297 

f 2516/3426/432 4493/8266/432 4494/8267/432

v 371.546 84.293 -99.672
vt -7.42827 0.834551
f 2516/3426/432 4494/8267/432 4501/8290/432

f 4494/8267/432 4495/8268/432 4501/8290/432

v 371.569 84.3092 -99.672
vt -7.42874 0.834713
f 4501/8290/432 4495/8268/432 4502/8291/432

v 371.622 86.4724 -99.6719
vt -7.42983 0.856345
f 4502/8291/432 4495/8268/432 4503/8292/432

v 371.63 86.5753 -99.6719
vt -7.42998 0.857374
f 4503/8292/432 4495/8268/432 4504/8293/432

v 371.652 86.6853 -99.6719
vt -7.43043 0.858474
f 4504/8293/432 4495/8268/432 4505/8294/432

v 371.696 86.7921 -99.6719
vt -7.43131 0.859542
f 4505/8294/432 4495/8268/432 4506/8295/432

v 372.126 87.7703 -99.6716
vt -7.43991 0.869321
f 4506/8295/432 4495/8268/432 4507/8296/432

vt -5.4762 0.03
vn -0.882468 0.470372 -0.000636657
v 372.124 87.7703 -96.6716
vt -5.49442 0.03
vn -0.911144 0.412087 -0.000657345
vt -5.49442 0
vt -5.4762 0
f 4500/8297/1298 4508/8298/1299 4507/8299/1299 4495/8300/1298 

v 371.694 86.7921 -96.6719
vt 7.43131 0.859542
vt 7.43991 0.869321
f 4500/8276/258 4509/8301/258 4508/8302/258

v 371.65 86.6853 -96.6719
vt 7.43043 0.858474
f 4500/8276/258 4510/8303/258 4509/8301/258

v 371.628 86.5753 -96.6719
vt 7.42998 0.857374
f 4500/8276/258 4511/8304/258 4510/8303/258

v 371.62 86.4724 -96.6719
vt 7.42983 0.856345
f 4500/8276/258 4512/8305/258 4511/8304/258

f 4500/8276/258 2463/2908/258 4512/8305/258

f 4500/8276/258 2462/2907/258 2463/2908/258

f 4500/8276/258 2461/2906/258 2462/2907/258

vt 7.16448 0.03
vn 0.551001 -0.834505 0.00039752
vt 7.16295 0.03
vt 7.16295 0
vt 7.16448 0
f 2462/8306/1300 2461/8307/1297 4494/8308/1297 4501/8309/1300 

vt 7.07425 0.03
vn 0.564977 -0.825106 0.000407603
vt 7.07368 0.03
vt 7.07368 0
vt 7.07425 0
f 2463/8310/1301 2462/8311/1300 4501/8312/1300 4502/8313/1301 

f 2516/3426/432 4501/8290/432 4502/8291/432

v 371.616 84.3092 -99.6719
vt -7.42966 0.834713
f 2516/3426/432 4502/8291/432 4513/8314/432

f 4502/8291/432 4503/8292/432 4513/8314/432

v 371.624 86.3864 -99.6719
vt -7.42987 0.855485
f 4514/8315/432 4513/8314/432 4503/8292/432

v 371.732 84.3093 -99.6719
vt -7.43199 0.834713
f 4513/8314/432 4514/8315/432 4515/8316/432

v 371.633 86.3056 -99.6719
vt -7.43004 0.854677
f 4515/8316/432 4514/8315/432 4516/8317/432

v 371.622 86.3864 -96.6719
vt 0.925475 0.03
vn 0.997962 0.0638078 0.00071998
v 371.631 86.3056 -96.6719
vt 0.92385 0.03
vn 0.994465 0.105067 0.000717457
vt 0.92385 0
vt 0.925475 0
f 4517/8318/1302 4518/8319/1303 4516/8320/1303 4514/8321/1302 

v 371.764 86.8859 -96.6718
vt -7.43271 0.860479
v 371.867 86.9565 -96.6718
vt -7.43477 0.861184
v 371.982 87.0128 -96.6717
vt -7.43708 0.861747
v 372.078 87.0721 -96.6716
vt -7.43899 0.862339
v 372.16 87.1256 -96.6715
vt -7.44063 0.862873
v 372.234 87.1641 -96.6715
vt -7.4421 0.863257
v 372.304 87.1786 -96.6714
vt -7.44352 0.863402
v 372.378 87.1602 -96.6714
vt -7.44499 0.863218
v 372.461 87.0998 -96.6713
vt -7.44664 0.862613
v 372.557 86.9884 -96.6713
vt -7.44857 0.861498
v 372.637 86.8439 -96.6712
vt -7.45016 0.860053
v 372.649 86.7157 -96.6712
vt -7.45039 0.85877
v 372.624 86.6066 -96.6712
vt -7.44989 0.85768
v 372.594 86.5182 -96.6712
vt -7.4493 0.856796
v 372.593 86.4523 -96.6712
vt -7.44927 0.856137
v 372.652 86.4104 -96.6712
vt -7.45045 0.855717
v 372.804 86.3941 -96.6711
vt -7.4535 0.855553
v 373.082 86.4051 -96.6709
vt -7.45906 0.855662
v 373.446 86.4352 -96.6706
vt -7.46633 0.85596
v 373.729 86.4576 -96.6704
vt -7.47198 0.856182
v 373.938 86.4678 -96.6703
vt -7.47616 0.856282
v 374.091 86.4624 -96.6702
vt -7.47923 0.856227
v 374.208 86.4381 -96.6701
vt -7.48156 0.855983
v 374.305 86.3917 -96.67
vt -7.48351 0.855518
v 374.402 86.3198 -96.6699
vt -7.48543 0.854799
v 374.515 86.2191 -96.6699
vt -7.48769 0.853791
v 374.659 86.0984 -96.6697
vt -7.49057 0.852583
v 374.826 85.998 -96.6696
vt -7.49391 0.851578
v 375.005 85.9193 -96.6695
vt -7.49748 0.850789
v 375.182 85.8598 -96.6694
vt -7.50102 0.850194
v 375.346 85.8172 -96.6693
vt -7.50431 0.849766
v 375.487 85.789 -96.6691
vt -7.50711 0.849483
v 375.591 85.7726 -96.6691
vt -7.50919 0.849319
vt -7.51031 0.84925
vt -7.50938 0.848993
vt -7.50764 0.848621
vt -7.50516 0.848144
vt -7.502 0.847613
vt -7.49824 0.847081
vt -7.49395 0.846598
vt -7.48921 0.846215
vt -7.48425 0.845981
vt -7.48032 0.845899
vt -7.4774 0.845956
vt -7.47521 0.846145
vt -7.47345 0.846455
vt -7.47184 0.846879
v 373.635 85.5801 -96.6705
vt -7.47008 0.847408
v 373.525 85.6425 -96.6706
vt -7.4679 0.848032
v 373.386 85.7124 -96.6707
vt -7.46511 0.848732
v 373.269 85.7768 -96.6707
vt -7.46279 0.849377
v 373.183 85.8329 -96.6708
vt -7.46105 0.849939
v 373.114 85.8812 -96.6709
vt -7.45968 0.850422
v 373.051 85.9223 -96.6709
vt -7.45843 0.850834
v 372.983 85.9569 -96.671
vt -7.45707 0.85118
v 372.898 85.9856 -96.671
vt -7.45536 0.851467
v 372.784 86.0089 -96.6711
vt -7.45309 0.851702
v 372.634 86.0284 -96.6712
vt -7.45008 0.851897
v 372.511 86.0591 -96.6713
vt -7.44763 0.852205
v 372.432 86.103 -96.6714
vt -7.44606 0.852646
v 372.384 86.1559 -96.6714
vt -7.44509 0.853175
v 372.353 86.2132 -96.6714
vt -7.44447 0.853748
v 372.326 86.2706 -96.6714
vt -7.44395 0.854322
v 372.291 86.3237 -96.6715
vt -7.44324 0.854853
v 372.234 86.368 -96.6715
vt -7.4421 0.855296
v 372.144 86.3986 -96.6716
vt -7.44029 0.855604
v 372.055 86.3971 -96.6716
vt -7.43851 0.855589
v 371.986 86.3642 -96.6717
vt -7.43714 0.855261
v 371.933 86.3119 -96.6717
vt -7.43607 0.854738
v 371.891 86.2522 -96.6717
vt -7.43524 0.854141
v 371.856 86.1969 -96.6718
vt -7.43454 0.853588
v 371.823 86.1581 -96.6718
vt -7.43388 0.8532
v 371.789 86.1476 -96.6718
vt -7.43319 0.853096
v 371.748 86.1772 -96.6718
vt -7.43237 0.853392
v 371.709 86.2196 -96.6719
vt -7.4316 0.853816
v 371.68 86.2514 -96.6719
vt -7.43102 0.854135
v 371.659 86.2743 -96.6719
vt -7.43061 0.854363
f 4518/8317/432 4517/8315/432 4512/8292/432 4511/8293/432 4510/8294/432 4509/8295/432 4519/8322/432 4520/8323/432 4521/8324/432 4522/8325/432 4523/8326/432 4524/8327/432 4525/8328/432 4526/8329/432 4527/8330/432 4528/8331/432 4529/8332/432 4530/8333/432 4531/8334/432 4532/8335/432 4533/8336/432 4534/8337/432 4535/8338/432 4536/8339/432 4537/8340/432 4538/8341/432 4539/8342/432 4540/8343/432 4541/8344/432 4542/8345/432 4543/8346/432 4544/8347/432 4545/8348/432 4546/8349/432 4547/8350/432 4548/8351/432 4549/8352/432 4550/8353/432 4551/8354/432 2508/8355/432 2507/8356/432 2506/8357/432 2505/8358/432 2504/8359/432 2503/8360/432 2502/8361/432 2501/8362/432 2500/8363/432 2499/8364/432 2498/8365/432 2497/8366/432 2496/8367/432 2495/8368/432 4552/8369/432 4553/8370/432 4554/8371/432 4555/8372/432 4556/8373/432 4557/8374/432 4558/8375/432 4559/8376/432 4560/8377/432 4561/8378/432 4562/8379/432 4563/8380/432 4564/8381/432 4565/8382/432 4566/8383/432 4567/8384/432 4568/8385/432 4569/8386/432 4570/8387/432 4571/8388/432 4572/8389/432 4573/8390/432 4574/8391/432 4575/8392/432 4576/8393/432 4577/8394/432 4578/8395/432 4579/8396/432 4580/8397/432 4581/8398/432 

vt 7.42987 0.855485
vt 7.43004 0.854677
f 4517/8399/258 2465/2910/258 4518/8400/258

f 4517/8399/258 2464/2909/258 2465/2910/258

f 2464/2909/258 4517/8399/258 4512/8305/258

vt 1.55007 0.03
vn 0.999696 -0.0246588 0.000721231
vt 1.54835 0.03
vt 1.54835 0
vt 1.55007 0
f 4512/8401/1304 4517/8402/1302 4514/8403/1302 4503/8404/1304 

vt 2.24748 0.03
vn 0.990617 -0.136668 0.000714681
vt 2.24542 0.03
vt 2.24542 0
vt 2.24748 0
f 4511/8405/1305 4512/8406/1304 4503/8407/1304 4504/8408/1305 

vt 3.17995 0.03
vn 0.956885 -0.290467 0.000690345
vt 3.1777 0.03
vt 3.1777 0
vt 3.17995 0
f 4510/8409/1306 4511/8410/1305 4504/8411/1305 4505/8412/1306 

vt 4.40031 0.03
vn 0.870085 -0.492902 0.000627723
vt 4.398 0.03
vt 4.398 0
vt 4.40031 0
f 4509/8413/1307 4510/8414/1306 4505/8415/1306 4506/8416/1307 

vt 5.84093 0.03
vn 0.691787 -0.722101 0.00049909
vt 5.83859 0.03
vt 5.83859 0
v 371.766 86.8859 -99.6718
vt 5.84093 0
f 4519/8417/1308 4509/8418/1307 4506/8419/1307 4582/8420/1308 

vt 7.43271 0.860479
f 4508/8302/258 4509/8301/258 4519/8421/258

vt 7.43477 0.861184
f 4508/8302/258 4519/8421/258 4520/8422/258

vt 7.10753 0.03
vn 0.503853 -0.86379 0.000363505
vt 7.10503 0.03
vt 7.10503 0
v 371.869 86.9565 -99.6718
vt 7.10753 0
f 4520/8423/1309 4519/8424/1308 4582/8425/1308 4583/8426/1309 

f 4582/8322/432 4507/8296/432 4583/8323/432

f 4506/8295/432 4507/8296/432 4582/8322/432

v 371.984 87.0128 -99.6717
f 4583/8323/432 4507/8296/432 4584/8324/432

v 372.08 87.0721 -99.6716
f 4584/8324/432 4507/8296/432 4585/8325/432

v 372.162 87.1256 -99.6715
f 4585/8325/432 4507/8296/432 4586/8326/432

v 372.423 88.8172 -99.6714
vt -7.44588 0.879787
f 4586/8326/432 4507/8296/432 4587/8427/432

vt -3.71155 0.03
v 372.421 88.8172 -96.6714
vt -3.73331 0.03
vn -0.961855 0.273558 -0.000693931
vt -3.73331 0
vt -3.71155 0
f 4508/8428/1299 4588/8429/1310 4587/8430/1310 4507/8431/1299 

vt 7.44063 0.862873
vt 7.44588 0.879787
f 4508/8302/258 4523/8432/258 4588/8433/258

vt 7.43899 0.862339
f 4508/8302/258 4522/8434/258 4523/8432/258

vt 7.43708 0.861747
f 4508/8302/258 4521/8435/258 4522/8434/258

f 4508/8302/258 4520/8422/258 4521/8435/258

vt 7.43847 0.03
vn 0.483494 -0.875348 0.000348817
vt 7.43591 0.03
vt 7.43591 0
vt 7.43847 0
f 4521/8436/1311 4520/8437/1309 4583/8438/1309 4584/8439/1311 

vt 7.23462 0.03
vn 0.536327 -0.84401 0.000386933
vt 7.23236 0.03
vt 7.23236 0
vt 7.23462 0
f 4522/8440/1312 4521/8441/1311 4584/8442/1311 4585/8443/1312 

vt 7.1762 0.03
vn 0.505621 -0.862756 0.000364781
vt 7.17425 0.03
vt 7.17425 0
vt 7.1762 0
f 4523/8444/1313 4522/8445/1312 4585/8446/1312 4586/8447/1313 

vt 7.39517 0.03
vn 0.335774 -0.941943 0.000242244
vt 7.39351 0.03
vt 7.39351 0
v 372.236 87.1641 -99.6715
vt 7.39517 0
f 4524/8448/1314 4523/8449/1313 4586/8450/1313 4589/8451/1314 

vt 7.4421 0.863257
f 4588/8433/258 4523/8432/258 4524/8452/258

vt 7.44352 0.863402
f 4588/8433/258 4524/8452/258 4525/8453/258

vt 7.63843 0.03
vn 0.201277 -0.979534 0.000145211
vt 7.63699 0.03
vt 7.63699 0
v 372.307 87.1786 -99.6714
vt 7.63843 0
f 4525/8454/1315 4524/8455/1314 4589/8456/1314 4590/8457/1315 

f 4589/8327/432 4587/8427/432 4590/8328/432

f 4586/8326/432 4587/8427/432 4589/8327/432

v 372.38 87.1602 -99.6714
f 4590/8328/432 4587/8427/432 4591/8329/432

v 372.463 87.0998 -99.6713
f 4591/8329/432 4587/8427/432 4592/8330/432

v 373.127 97.7299 -99.6709
vt -7.46007 0.96891
f 4587/8427/432 4593/8458/432 4592/8330/432

v 372.022 90.2285 -99.6716
vt -7.43787 0.893903
f 4594/8459/432 4593/8458/432 4587/8427/432

v 371.897 97.6921 -99.6717
vt -7.43547 0.96854
f 4594/8459/432 4595/8460/432 4593/8458/432

v 370.906 91.9228 -99.6725
vt -7.4156 0.910854
f 4596/8461/432 4595/8460/432 4594/8459/432

v 370.64 97.0708 -99.6726
vt -7.41034 0.962336
f 4596/8461/432 4597/8462/432 4595/8460/432

v 369.952 93.701 -99.6731
vt -7.39654 0.928643
f 4598/8463/432 4597/8462/432 4596/8461/432

v 369.787 95.5672 -99.6733
vt -7.39328 0.947306
f 4597/8462/432 4598/8463/432 4599/8464/432

v 369.95 93.701 -96.6731
vt -1.20538 0.03
vn -0.99614 -0.087777 -0.000718665
v 369.785 95.5672 -96.6733
vt -1.24283 0.03
vt -1.24283 0
vt -1.20538 0
f 4600/8465/1316 4601/8466/1316 4599/8467/1316 4598/8468/1316 

vt 7.39654 0.928643
v 370.638 97.0708 -96.6726
vt 7.41034 0.962336
vt 7.39328 0.947306
f 4600/8469/258 4602/8470/258 4601/8471/258

v 370.904 91.9228 -96.6725
vt 7.4156 0.910854
f 4602/8470/258 4600/8469/258 4603/8472/258

vt 1.89793 0.03
vn -0.859013 -0.511953 -0.000619735
vt 1.85759 0.03
vn -0.881067 -0.472991 -0.000635646
vt 1.85759 0
vt 1.89793 0
f 4603/8473/1317 4600/8474/1318 4598/8475/1318 4596/8476/1317 

v 372.02 90.2285 -96.6717
vt 2.59232 0.03
vn -0.909089 -0.416602 -0.000655862
vt 2.55177 0.03
vt 2.55177 0
vt 2.59232 0
f 4604/8477/1319 4603/8478/1317 4596/8479/1317 4594/8480/1319 

v 371.894 97.6921 -96.6717
vt 7.43547 0.96854
vt 7.43787 0.893903
f 4605/8481/258 4603/8472/258 4604/8482/258

f 4602/8470/258 4603/8472/258 4605/8481/258

vt -7.49657 0.03
vn -0.443164 0.896441 -0.000319721
vt -7.5246 0.03
vt -7.5246 0
vt -7.49657 0
f 4602/8483/1320 4605/8484/1320 4595/8485/1320 4597/8486/1320 

vt -7.4903 0.03
vn -0.030772 0.999526 -2.22005e-05
v 373.125 97.7299 -96.6709
vt -7.51491 0.03
vn 0.140875 0.990027 0.000101635
vt -7.51491 0
vt -7.4903 0
f 4605/8487/1321 4606/8488/1322 4593/8489/1322 4595/8490/1321 

vt 7.46007 0.96891
f 4605/8481/258 4604/8482/258 4606/8491/258

f 4606/8491/258 4604/8482/258 4588/8433/258

vt 0.340415 0.03
vn -0.961832 -0.273641 -0.000693914
vt 0.311083 0.03
vt 0.311083 0
vt 0.340415 0
f 4588/8492/1323 4604/8493/1319 4594/8494/1319 4587/8495/1323 

vt 7.44664 0.862613
f 4606/8491/258 4588/8433/258 4527/8496/258

vt 7.44499 0.863218
f 4588/8433/258 4526/8497/258 4527/8496/258

f 4588/8433/258 4525/8453/258 4526/8497/258

vt 6.80329 0.03
vn -0.242088 -0.970254 -0.000174654
vt 6.80177 0.03
vt 6.80177 0
vt 6.80329 0
f 4526/8498/1324 4525/8499/1324 4590/8500/1324 4591/8501/1324 

vt 4.97943 0.03
vn -0.678042 -0.735023 -0.000489174
vt 4.97739 0.03
vn -0.591595 -0.806235 -0.000426807
vt 4.97739 0
vt 4.97943 0
f 4527/8502/1325 4526/8503/1326 4591/8504/1326 4592/8505/1325 

vt 3.56898 0.03
vn -0.820465 -0.571697 -0.000591925
vt 3.56603 0.03
vt 3.56603 0
v 372.559 86.9884 -99.6713
vt 3.56898 0
f 4528/8506/1327 4527/8507/1325 4592/8508/1325 4607/8509/1327 

vt 7.44857 0.861498
f 4606/8491/258 4527/8496/258 4528/8510/258

vt 7.45016 0.860053
f 4606/8491/258 4528/8510/258 4529/8511/258

vt 2.0835 0.03
vn -0.875897 -0.482498 -0.000631916
vt 2.0802 0.03
vt 2.0802 0
v 372.639 86.8439 -99.6712
vt 2.0835 0
f 4529/8512/1328 4528/8513/1327 4607/8514/1327 4608/8515/1328 

f 4607/8331/432 4593/8458/432 4608/8332/432

f 4592/8330/432 4593/8458/432 4607/8331/432

v 372.651 86.7157 -99.6712
f 4608/8332/432 4593/8458/432 4609/8333/432

v 372.654 86.4104 -99.6712
f 4609/8333/432 4593/8458/432 4610/8337/432

v 372.807 86.3941 -99.6711
f 4610/8337/432 4593/8458/432 4611/8338/432

v 373.085 86.4051 -99.6709
f 4611/8338/432 4593/8458/432 4612/8339/432

v 373.448 86.4352 -99.6706
f 4612/8339/432 4593/8458/432 4613/8340/432

v 374.233 97.3714 -99.6701
vt -7.48218 0.965316
f 4613/8340/432 4593/8458/432 4614/8516/432

vt -6.49631 0.03
v 374.231 97.3714 -96.6701
vt -6.51955 0.03
vn 0.460449 0.887686 0.000332191
vt -6.51955 0
vt -6.49631 0
f 4606/8517/1322 4615/8518/1329 4614/8519/1329 4593/8520/1322 

vt 7.46633 0.85596
vt 7.48218 0.965316
f 4606/8491/258 4537/8521/258 4615/8522/258

vt 7.45906 0.855662
f 4606/8491/258 4536/8523/258 4537/8521/258

vt 7.4535 0.855553
f 4606/8491/258 4535/8524/258 4536/8523/258

vt 7.45045 0.855717
f 4606/8491/258 4534/8525/258 4535/8524/258

vt 7.45039 0.85877
f 4606/8491/258 4530/8526/258 4534/8525/258

f 4606/8491/258 4529/8511/258 4530/8526/258

vt -1.02166 0.03
vn -0.99781 0.066134 -0.000719871
vt -1.02424 0.03
vn -0.995664 -0.0930211 -0.000718322
vt -1.02424 0
vt -1.02166 0
f 4530/8527/1330 4529/8528/1331 4608/8529/1331 4609/8530/1330 

vt -3.34195 0.03
vn -0.96273 0.270462 -0.000694562
vt -3.34418 0.03
vt -3.34418 0
v 372.626 86.6066 -99.6712
vt -3.34195 0
f 4531/8531/1332 4530/8532/1330 4609/8533/1330 4616/8534/1332 

vt 7.44989 0.85768
f 4531/8535/258 4534/8525/258 4530/8526/258

vt 7.4493 0.856796
f 4532/8536/258 4534/8525/258 4531/8535/258

vt 7.44927 0.856137
f 4534/8525/258 4532/8536/258 4533/8537/258

vt -1.87516 0.03
vn -0.999773 0.0213153 -0.000721286
vt -1.87648 0.03
vn -0.985283 0.170927 -0.000710833
v 372.596 86.5182 -99.6712
vt -1.87648 0
v 372.595 86.4523 -99.6712
vt -1.87516 0
f 4533/8538/1333 4532/8539/1334 4617/8540/1334 4618/8541/1333 

vt -3.98832 0.03
vt -3.99018 0.03
vt -3.99018 0
vt -3.98832 0
f 4532/8542/1334 4531/8543/1332 4616/8544/1332 4617/8545/1334 

f 4610/8337/432 4617/8335/432 4616/8334/432

f 4617/8335/432 4610/8337/432 4618/8336/432

vt 5.08886 0.03
vn -0.577736 -0.816223 -0.000416808
vt 5.08741 0.03
vt 5.08741 0
vt 5.08886 0
f 4534/8546/1335 4533/8547/1335 4618/8548/1335 4610/8549/1335 

vt 7.22802 0.03
vn -0.0333959 -0.999442 -2.40935e-05
vt 7.22496 0.03
vn -0.106161 -0.994349 -7.65896e-05
vt 7.22496 0
vt 7.22802 0
f 4535/8550/1336 4534/8551/1337 4610/8552/1337 4611/8553/1336 

vt 7.51985 0.03
vn 0.0610268 -0.998136 4.40278e-05
vt 7.51428 0.03
vt 7.51428 0
vt 7.51985 0
f 4536/8554/1338 4535/8555/1336 4611/8556/1336 4612/8557/1338 

vt 7.58123 0.03
vn 0.080838 -0.996727 5.83206e-05
vt 7.57394 0.03
vt 7.57394 0
vt 7.58123 0
f 4537/8558/1339 4536/8559/1338 4612/8560/1338 4613/8561/1339 

vt 7.58325 0.03
vn 0.0638679 -0.997958 4.60775e-05
vt 7.57758 0.03
vt 7.57758 0
v 373.731 86.4576 -99.6704
vt 7.58325 0
f 4538/8562/1340 4537/8563/1339 4613/8564/1339 4619/8565/1340 

vt 7.47198 0.856182
f 4615/8522/258 4537/8521/258 4538/8566/258

vt 7.47616 0.856282
f 4615/8522/258 4538/8566/258 4539/8567/258

vt 7.54943 0.03
vn 0.00668032 -0.999978 4.81952e-06
vt 7.54525 0.03
vt 7.54525 0
v 373.94 86.4678 -99.6703
vt 7.54943 0
f 4539/8568/1341 4538/8569/1340 4619/8570/1340 4620/8571/1341 

f 4619/8341/432 4614/8516/432 4620/8342/432

f 4613/8340/432 4614/8516/432 4619/8341/432

v 374.094 86.4624 -99.6702
f 4620/8342/432 4614/8516/432 4621/8343/432

v 374.21 86.4381 -99.6701
f 4621/8343/432 4614/8516/432 4622/8344/432

v 374.308 86.3917 -99.67
f 4622/8344/432 4614/8516/432 4623/8345/432

v 374.894 92.5222 -99.6696
vt -7.49532 0.916819
f 4623/8345/432 4614/8516/432 4624/8572/432

v 375.308 96.5653 -99.6693
vt -7.50365 0.957247
f 4624/8572/432 4614/8516/432 4625/8573/432

vt -4.82339 0.03
v 375.306 96.5653 -96.6693
vt -4.85025 0.03
vn 0.600026 0.799981 0.000432889
vt -4.85025 0
vt -4.82339 0
f 4615/8574/1329 4626/8575/1342 4625/8576/1342 4614/8577/1329 

v 374.892 92.5222 -96.6696
vt 7.49532 0.916819
vt 7.50365 0.957247
f 4615/8522/258 4627/8578/258 4626/8579/258

vt 7.48351 0.855518
f 4615/8522/258 4542/8580/258 4627/8578/258

vt 7.48156 0.855983
f 4615/8522/258 4541/8581/258 4542/8580/258

vt 7.47923 0.856227
f 4615/8522/258 4540/8582/258 4541/8581/258

f 4615/8522/258 4539/8567/258 4540/8582/258

vt 7.41297 0.03
vn -0.11997 -0.992778 -8.65523e-05
vt 7.40989 0.03
vt 7.40989 0
vt 7.41297 0
f 4540/8583/1343 4539/8584/1341 4620/8585/1341 4621/8586/1343 

vt 6.97319 0.03
vn -0.319489 -0.94759 -0.000230496
vt 6.97081 0.03
vt 6.97081 0
vt 6.97319 0
f 4541/8587/1344 4540/8588/1343 4621/8589/1343 4622/8590/1344 

vt 6.01488 0.03
vn -0.517094 -0.855929 -0.000373058
vt 6.01272 0.03
vt 6.01272 0
vt 6.01488 0
f 4542/8591/1345 4541/8592/1344 4622/8593/1344 4623/8594/1345 

vt 4.96848 0.03
vn -0.632407 -0.774636 -0.00045625
vt 4.96608 0.03
vt 4.96608 0
v 374.404 86.3198 -99.6699
vt 4.96848 0
f 4543/8595/1346 4542/8596/1345 4623/8597/1345 4628/8598/1346 

vt 7.48543 0.854799
f 4627/8578/258 4542/8580/258 4543/8599/258

vt 7.48769 0.853791
f 4627/8578/258 4543/8599/258 4544/8600/258

vt 4.45289 0.03
vn -0.653335 -0.757068 -0.000471349
vt 4.44987 0.03
vt 4.44987 0
v 374.517 86.2191 -99.6698
vt 4.45289 0
f 4544/8601/1347 4543/8602/1346 4628/8603/1346 4629/8604/1347 

f 4628/8346/432 4624/8572/432 4629/8347/432

f 4623/8345/432 4624/8572/432 4628/8346/432

v 374.661 86.0984 -99.6697
f 4629/8347/432 4624/8572/432 4630/8348/432

v 374.829 85.998 -99.6696
f 4630/8348/432 4624/8572/432 4631/8349/432

v 375.007 85.9193 -99.6695
f 4624/8572/432 4632/8350/432 4631/8349/432

v 375.047 92.3852 -99.6695
vt -7.49836 0.915448
f 4632/8350/432 4624/8572/432 4633/8605/432

vt -4.34718 0.03
vn 0.668197 0.743984 0.000482071
v 375.044 92.3852 -96.6695
vt -4.35128 0.03
vn 0.61187 0.790958 0.000441434
vt -4.35128 0
vt -4.34718 0
f 4627/8606/1348 4634/8607/1349 4633/8608/1349 4624/8609/1348 

vt 7.49748 0.850789
vt 7.49836 0.915448
f 4627/8578/258 4547/8610/258 4634/8611/258

vt 7.49391 0.851578
f 4547/8610/258 4627/8578/258 4546/8612/258

vt 7.49057 0.852583
f 4627/8578/258 4545/8613/258 4546/8612/258

f 4627/8578/258 4544/8600/258 4545/8613/258

vt 4.6481 0.03
vn -0.579768 -0.814781 -0.000418274
vt 4.64434 0.03
vt 4.64434 0
vt 4.6481 0
f 4545/8614/1350 4544/8615/1347 4629/8616/1347 4630/8617/1350 

vt 5.54653 0.03
vn -0.460128 -0.887853 -0.000331959
vt 5.54263 0.03
vt 5.54263 0
vt 5.54653 0
f 4546/8618/1351 4545/8619/1350 4630/8620/1350 4631/8621/1351 

vt 6.16791 0.03
vn -0.361335 -0.932436 -0.000260686
vt 6.16402 0.03
vt 6.16402 0
vt 6.16791 0
f 4547/8622/1352 4546/8623/1351 4631/8624/1351 4632/8625/1352 

vt 6.56879 0.03
vn -0.284436 -0.958695 -0.000205207
vt 6.56505 0.03
vt 6.56505 0
v 375.184 85.8598 -99.6694
vt 6.56879 0
f 4548/8626/1353 4547/8627/1352 4632/8628/1352 4635/8629/1353 

vt 7.50102 0.850194
f 4634/8611/258 4547/8610/258 4548/8630/258

v 375.555 92.0471 -96.6691
vt 7.50856 0.912064
f 4634/8611/258 4548/8630/258 4636/8631/258

v 375.409 89.0294 -96.6692
vt 7.50561 0.881888
f 4636/8631/258 4548/8630/258 4637/8632/258

vt 7.50431 0.849766
f 4637/8632/258 4548/8630/258 4549/8633/258

vt 6.83648 0.03
vn -0.224155 -0.974553 -0.000161717
vt 6.83309 0.03
vt 6.83309 0
v 375.349 85.8172 -99.6692
vt 6.83648 0
f 4549/8634/1354 4548/8635/1353 4635/8636/1353 4638/8637/1354 

v 375.411 89.0294 -99.6692
vt -7.50561 0.881888
f 4635/8351/432 4639/8638/432 4638/8352/432

v 375.557 92.0471 -99.6691
vt -7.50856 0.912064
f 4635/8351/432 4640/8639/432 4639/8638/432

f 4635/8351/432 4633/8605/432 4640/8639/432

f 4632/8350/432 4633/8605/432 4635/8351/432

vt -5.23651 0.03
vt -5.24875 0.03
vn 0.482174 0.876075 0.000347864
vt -5.24875 0
vt -5.23651 0
f 4634/8640/1349 4636/8641/1355 4640/8642/1355 4633/8643/1349 

vt -6.10343 0.03
v 376.169 91.772 -96.6687
vt -6.11688 0.03
vn 0.272431 0.962175 0.000196546
v 376.171 91.772 -99.6687
vt -6.11688 0
vt -6.10343 0
f 4636/8644/1355 4641/8645/1356 4642/8646/1356 4640/8647/1355 

v 375.584 89.136 -96.6691
vt 7.50911 0.882952
vt 7.52084 0.909308
f 4636/8631/258 4643/8648/258 4641/8649/258

v 375.54 89.1884 -96.6691
vt 7.50823 0.883477
f 4636/8631/258 4644/8650/258 4643/8648/258

v 375.52 89.1636 -96.6691
vt 7.50783 0.883229
f 4636/8631/258 4645/8651/258 4644/8650/258

v 375.499 89.138 -96.6691
vt 7.5074 0.882973
f 4636/8631/258 4646/8652/258 4645/8651/258

v 375.474 89.1082 -96.6692
vt 7.50691 0.882675
f 4636/8631/258 4647/8653/258 4646/8652/258

v 375.449 89.0778 -96.6692
vt 7.50641 0.882371
f 4636/8631/258 4648/8654/258 4647/8653/258

v 375.426 89.0503 -96.6692
vt 7.50595 0.882097
f 4636/8631/258 4649/8655/258 4648/8654/258

f 4636/8631/258 4637/8632/258 4649/8655/258

vt 6.14175 0.03
vn 0.771161 -0.63664 0.000556354
vt 6.14121 0.03
vt 6.14121 0
v 375.429 89.0503 -99.6692
vt 6.14175 0
f 4649/8656/1357 4637/8657/1357 4639/8658/1357 4650/8659/1357 

vt -7.50823 0.883477
vt -7.50911 0.882952
v 375.626 89.0821 -96.669
vt -7.50995 0.882413
v 375.669 89.0201 -96.669
vt -7.5108 0.881793
v 375.704 88.9579 -96.669
vt -7.5115 0.88117
v 375.723 88.9031 -96.669
vt -7.51187 0.880623
v 375.716 88.8637 -96.669
vt -7.51173 0.880228
v 375.674 88.8473 -96.669
vt -7.5109 0.880065
v 375.603 88.8561 -96.6691
vt -7.50949 0.880154
v 375.543 88.8749 -96.6691
vt -7.50829 0.880342
v 375.496 88.8997 -96.6691
vt -7.50734 0.88059
v 375.46 88.9275 -96.6692
vt -7.50662 0.880869
v 375.434 88.9558 -96.6692
vt -7.5061 0.881151
v 375.416 88.9816 -96.6692
vt -7.50574 0.88141
vt -7.50595 0.882097
vt -7.50641 0.882371
vt -7.50691 0.882675
vt -7.5074 0.882973
vt -7.50783 0.883229
f 4644/8660/432 4643/8661/432 4651/8662/432 4652/8663/432 4653/8664/432 4654/8665/432 4655/8666/432 4656/8667/432 4657/8668/432 4658/8669/432 4659/8670/432 4660/8671/432 4661/8672/432 4662/8673/432 4637/8638/432 4649/8674/432 4648/8675/432 4647/8676/432 4646/8677/432 4645/8678/432 

vt 3.46984 0.03
vn -0.778793 -0.62728 -0.000561861
vt 3.46848 0.03
vn -0.766032 -0.642802 -0.000552654
v 375.543 89.1884 -99.6691
vt 3.46848 0
v 375.587 89.136 -99.6691
vt 3.46984 0
f 4643/8679/1358 4644/8680/1359 4663/8681/1359 4664/8682/1358 

vt 6.14533 0.03
vt 6.14469 0.03
v 375.522 89.1636 -99.6691
vt 6.14469 0
vt 6.14533 0
f 4644/8683/1357 4645/8684/1357 4665/8685/1357 4663/8686/1357 

vt 6.14403 0.03
v 375.501 89.138 -99.6691
vt 6.14403 0
f 4645/8684/1357 4646/8687/1357 4666/8688/1357 4665/8685/1357 

vt 6.14325 0.03
v 375.476 89.1082 -99.6692
vt 6.14325 0
f 4646/8687/1357 4647/8689/1357 4667/8690/1357 4666/8688/1357 

vt 6.14246 0.03
v 375.451 89.0778 -99.6692
vt 6.14246 0
f 4647/8689/1357 4648/8691/1357 4668/8692/1357 4667/8690/1357 

f 4648/8691/1357 4649/8656/1357 4650/8659/1357 4668/8692/1357 

f 4650/8674/432 4640/8639/432 4668/8675/432

f 4639/8638/432 4640/8639/432 4650/8674/432

f 4668/8675/432 4640/8639/432 4667/8676/432

f 4667/8676/432 4640/8639/432 4666/8677/432

f 4666/8677/432 4640/8639/432 4665/8678/432

f 4665/8678/432 4640/8639/432 4663/8660/432

f 4663/8660/432 4640/8639/432 4664/8661/432

vt -7.52084 0.909308
f 4664/8661/432 4640/8639/432 4642/8693/432

v 375.628 89.0821 -99.669
f 4664/8661/432 4642/8693/432 4669/8662/432

v 375.661 89.1679 -99.669
vt -7.51061 0.883271
f 4669/8662/432 4642/8693/432 4670/8694/432

v 375.683 89.198 -99.669
vt -7.51103 0.883572
f 4670/8694/432 4642/8693/432 4671/8695/432

v 375.707 89.206 -99.669
vt -7.51153 0.883652
f 4671/8695/432 4642/8693/432 4672/8696/432

v 375.735 89.2149 -99.669
vt -7.51207 0.88374
f 4672/8696/432 4642/8693/432 4673/8697/432

v 375.761 89.2235 -99.669
vt -7.51261 0.883827
f 4673/8697/432 4642/8693/432 4674/8698/432

v 375.807 89.2382 -99.6689
vt -7.51351 0.883973
f 4674/8698/432 4642/8693/432 4675/8699/432

v 375.818 89.2022 -99.6689
vt -7.51373 0.883613
f 4675/8699/432 4642/8693/432 4676/8700/432

v 375.827 89.165 -99.6689
vt -7.51393 0.88324
f 4676/8700/432 4642/8693/432 4677/8701/432

v 375.836 89.1217 -99.6689
vt -7.51411 0.882807
f 4677/8701/432 4642/8693/432 4678/8702/432

v 375.843 89.0775 -99.6689
vt -7.51423 0.882366
f 4678/8702/432 4642/8693/432 4679/8703/432

v 375.843 89.0376 -99.6689
vt -7.51423 0.881967
f 4679/8703/432 4642/8693/432 4680/8704/432

v 375.874 86.855 -99.6689
vt -7.51482 0.860141
f 4680/8704/432 4642/8693/432 4681/8705/432

v 376.041 87.2782 -99.6687
vt -7.51818 0.864371
f 4681/8705/432 4642/8693/432 4682/8706/432

v 376.114 88.1275 -99.6687
vt -7.51963 0.872864
f 4682/8706/432 4642/8693/432 4683/8707/432

v 376.171 88.058 -99.6687
vt -7.52078 0.872169
f 4683/8707/432 4642/8693/432 4684/8708/432

v 376.339 87.9392 -99.6685
vt -7.52414 0.870979
f 4684/8708/432 4642/8693/432 4685/8709/432

v 376.376 89.1788 -99.6685
vt -7.5249 0.883375
f 4685/8709/432 4642/8693/432 4686/8710/432

v 376.438 89.9716 -99.6685
vt -7.52614 0.891302
f 4686/8710/432 4642/8693/432 4687/8711/432

v 376.677 91.7055 -99.6683
vt -7.53095 0.908639
f 4687/8711/432 4642/8693/432 4688/8712/432

vt -7.21797 0.03
v 376.675 91.7055 -96.6683
vt -7.22817 0.03
vn 0.164565 0.986366 0.000118726
vt -7.22817 0
vt -7.21797 0
f 4641/8713/1356 4689/8714/1360 4688/8715/1360 4642/8716/1356 

v 376.436 89.9716 -96.6685
vt 7.52614 0.891302
vt 7.53095 0.908639
f 4641/8649/258 4690/8717/258 4689/8718/258

v 376.374 89.1788 -96.6685
vt 7.5249 0.883375
f 4641/8649/258 4691/8719/258 4690/8717/258

v 376.337 87.9392 -96.6685
vt 7.52414 0.870979
f 4641/8649/258 4692/8720/258 4691/8719/258

v 376.169 88.058 -96.6687
vt 7.52078 0.872169
f 4641/8649/258 4693/8721/258 4692/8720/258

v 376.111 88.1275 -96.6687
vt 7.51963 0.872864
f 4641/8649/258 4694/8722/258 4693/8721/258

v 376.039 87.2782 -96.6688
vt 7.51818 0.864371
f 4641/8649/258 4695/8723/258 4694/8722/258

v 375.871 86.855 -96.6689
vt 7.51482 0.860141
f 4641/8649/258 4696/8724/258 4695/8723/258

v 375.841 89.0376 -96.6689
vt 7.51423 0.881967
f 4641/8649/258 4697/8725/258 4696/8724/258

v 375.84 89.0775 -96.6689
vt 7.51423 0.882366
f 4641/8649/258 4698/8726/258 4697/8725/258

v 375.834 89.1217 -96.6689
vt 7.51411 0.882807
f 4641/8649/258 4699/8727/258 4698/8726/258

v 375.825 89.165 -96.6689
vt 7.51393 0.88324
f 4641/8649/258 4700/8728/258 4699/8727/258

v 375.815 89.2022 -96.6689
vt 7.51373 0.883613
f 4641/8649/258 4701/8729/258 4700/8728/258

v 375.805 89.2382 -96.6689
vt 7.51351 0.883973
f 4641/8649/258 4702/8730/258 4701/8729/258

v 375.759 89.2235 -96.669
vt 7.51261 0.883827
f 4641/8649/258 4703/8731/258 4702/8730/258

v 375.732 89.2149 -96.669
vt 7.51207 0.88374
f 4641/8649/258 4704/8732/258 4703/8731/258

v 375.705 89.206 -96.669
vt 7.51153 0.883652
f 4641/8649/258 4705/8733/258 4704/8732/258

v 375.68 89.198 -96.669
vt 7.51103 0.883572
f 4641/8649/258 4706/8734/258 4705/8733/258

v 375.659 89.1679 -96.669
vt 7.51061 0.883271
f 4641/8649/258 4707/8735/258 4706/8734/258

vt 7.50995 0.882413
f 4641/8649/258 4651/8736/258 4707/8735/258

f 4641/8649/258 4643/8648/258 4651/8736/258

vt 3.1916 0.03
vn -0.807098 -0.590417 -0.000582281
vt 3.19024 0.03
vt 3.19024 0
vt 3.1916 0
f 4651/8737/1361 4643/8738/1358 4664/8739/1358 4669/8740/1361 

vt 2.81821 0.03
vn -0.847414 -0.530933 -0.000611367
vt 2.8167 0.03
vt 2.8167 0
v 375.671 89.0201 -99.669
vt 2.81821 0
f 4652/8741/1362 4651/8742/1361 4669/8743/1361 4708/8744/1362 

vt 7.5108 0.881793
f 4652/8745/258 4707/8735/258 4651/8736/258

v 375.671 89.1406 -96.669
vt 7.51084 0.882997
f 4707/8735/258 4652/8745/258 4709/8746/258

vt 7.5115 0.88117
f 4709/8746/258 4652/8745/258 4653/8747/258

vt 2.15552 0.03
vn -0.91291 -0.40816 -0.000658619
vt 2.15409 0.03
vt 2.15409 0
v 375.706 88.9579 -99.669
vt 2.15552 0
f 4653/8748/1363 4652/8749/1362 4708/8750/1362 4710/8751/1363 

v 375.673 89.1406 -99.669
vt -7.51084 0.882997
f 4708/8663/432 4711/8752/432 4710/8664/432

f 4708/8663/432 4670/8694/432 4711/8752/432

f 4670/8694/432 4708/8663/432 4669/8662/432

vt -1.35847 0.03
vn 0.917672 0.397337 0.000662055
vt -1.35907 0.03
vn 0.90851 0.417863 0.000655445
vt -1.35907 0
vt -1.35847 0
f 4707/8753/1364 4709/8754/1365 4711/8755/1365 4670/8756/1364 

v 375.833 89.0072 -96.6689
vt -7.51407 0.881663
v 375.785 88.9938 -96.6689
vt -7.51312 0.881529
v 375.757 89.0108 -96.669
vt -7.51256 0.881699
v 375.731 89.0381 -96.669
vt -7.51204 0.881972
v 375.707 89.0715 -96.669
vt -7.51157 0.882307
v 375.687 89.1071 -96.669
vt -7.51117 0.882663
f 4702/8699/432 4701/8700/432 4700/8701/432 4699/8702/432 4698/8703/432 4697/8704/432 4712/8757/432 4713/8758/432 4714/8759/432 4715/8760/432 4716/8761/432 4717/8762/432 4709/8752/432 4707/8694/432 4706/8695/432 4705/8696/432 4704/8697/432 4703/8698/432 

vt 0.47842 0.03
vn -0.96253 -0.271174 -0.000694418
vt 0.477668 0.03
vn -0.957198 -0.289432 -0.000690571
vt 0.477668 0
vt 0.47842 0
f 4701/8763/1366 4702/8764/1367 4675/8765/1367 4676/8766/1366 

vt 7.69286 0.03
vn 0.308167 -0.951332 0.000222327
vt 7.6919 0.03
vt 7.6919 0
vt 7.69286 0
f 4702/8767/1368 4703/8768/1368 4674/8769/1368 4675/8770/1368 

vt 7.69134 0.03
vt 7.69134 0
f 4703/8768/1368 4704/8771/1368 4673/8772/1368 4674/8769/1368 

vt 7.69076 0.03
vt 7.69076 0
f 4704/8771/1368 4705/8773/1368 4672/8774/1368 4673/8772/1368 

vt 7.69025 0.03
vt 7.69025 0
f 4705/8773/1368 4706/8775/1368 4671/8776/1368 4672/8774/1368 

vt 5.78295 0.03
vn 0.816427 -0.577449 0.000589011
vt 5.78221 0.03
vt 5.78221 0
vt 5.78295 0
f 4706/8777/1369 4707/8778/1369 4670/8779/1369 4671/8780/1369 

vt 0.18585 0.03
vn -0.973154 -0.230155 -0.000702082
vt 0.18508 0.03
vt 0.18508 0
vt 0.18585 0
f 4700/8781/1370 4701/8782/1366 4676/8783/1366 4677/8784/1370 

vt -0.173759 0.03
vn -0.985184 -0.171497 -0.000710762
vt -0.174644 0.03
vt -0.174644 0
vt -0.173759 0
f 4699/8785/1371 4700/8786/1370 4677/8787/1370 4678/8788/1371 

vt -0.735732 0.03
vn -0.997419 -0.071791 -0.000719589
vt -0.736623 0.03
vt -0.736623 0
vt -0.735732 0
f 4698/8789/1372 4699/8790/1371 4678/8791/1371 4679/8792/1372 

vn -0.992292 0.123921 -0.000715889
vt -1.70994 0.03
vt -1.70994 0
f 4697/6427/1373 4698/8793/1372 4679/8794/1372 4680/6430/1373 

vt -3.61512 0.03
vn -0.967316 0.253572 -0.000697871
vt -3.61575 0.03
vt -3.61575 0
v 375.835 89.0072 -99.6689
vt -3.61512 0
f 4712/8795/1374 4697/8796/1373 4680/8797/1373 4718/8798/1374 

vt 7.51407 0.881663
f 4712/8799/258 4696/8724/258 4697/8725/258

vt 7.51312 0.881529
f 4713/8800/258 4696/8724/258 4712/8799/258

f 4713/8800/258 2509/2954/258 4696/8724/258

vt 7.51256 0.881699
f 2509/2954/258 4713/8800/258 4714/8801/258

vt -5.51405 0.03
vn 0.625374 0.780325 0.000451176
vt -5.51471 0.03
vn 0.517234 0.855844 0.000373159
v 375.787 88.9938 -99.6689
vt -5.51471 0
v 375.759 89.0108 -99.669
vt -5.51405 0
f 4714/8802/1375 4713/8803/1376 4719/8804/1376 4720/8805/1375 

vt -7.70944 0.03
vn -0.271939 0.962315 -0.00019619
vt -7.71043 0.03
vt -7.71043 0
vt -7.70944 0
f 4713/8806/1377 4712/8807/1377 4718/8808/1377 4719/8809/1377 

f 4681/8705/432 4719/8758/432 4718/8757/432

v 375.772 86.5866 -99.6689
vt -7.51278 0.857457
f 4721/8810/432 4719/8758/432 4681/8705/432

f 4719/8758/432 4721/8810/432 4720/8759/432

v 375.733 89.0381 -99.669
f 4721/8810/432 4722/8760/432 4720/8759/432

v 375.725 88.9031 -99.669
f 4721/8810/432 4723/8665/432 4722/8760/432

v 375.718 88.8637 -99.669
f 4721/8810/432 4724/8666/432 4723/8665/432

v 375.676 88.8473 -99.669
f 4721/8810/432 4725/8667/432 4724/8666/432

v 375.649 85.7658 -99.669
f 4721/8810/432 4726/8355/432 4725/8667/432

f 2516/3426/432 4726/8355/432 4721/8810/432

v 375.603 85.7401 -99.6691
f 2516/3426/432 4727/8356/432 4726/8355/432

v 375.515 85.7028 -99.6691
f 2516/3426/432 4728/8357/432 4727/8356/432

v 375.391 85.655 -99.6692
f 2516/3426/432 4729/8358/432 4728/8357/432

v 375.233 85.6018 -99.6693
f 2516/3426/432 4730/8359/432 4729/8358/432

v 375.045 85.5485 -99.6695
f 2516/3426/432 4731/8360/432 4730/8359/432

v 374.831 85.5 -99.6696
f 2516/3426/432 4732/8361/432 4731/8360/432

v 374.593 85.4616 -99.6698
f 2516/3426/432 4733/8362/432 4732/8361/432

v 374.345 85.438 -99.67
f 2516/3426/432 4734/8363/432 4733/8362/432

v 374.149 85.4296 -99.6701
f 2516/3426/432 4735/8364/432 4734/8363/432

v 374.003 85.4352 -99.6702
f 2516/3426/432 4736/8365/432 4735/8364/432

v 373.893 85.454 -99.6703
f 2516/3426/432 4737/8366/432 4736/8365/432

v 373.805 85.485 -99.6704
f 2516/3426/432 4738/8367/432 4737/8366/432

v 373.724 85.5273 -99.6704
f 2516/3426/432 4739/8368/432 4738/8367/432

v 373.717 84.8548 -99.6704
vt -7.47168 0.840154
f 2516/3426/432 4740/8811/432 4739/8368/432

v 373.713 84.7392 -99.6704
vt -7.4716 0.838998
f 2516/3426/432 4741/8812/432 4740/8811/432

v 373.668 84.6131 -99.6705
vt -7.4707 0.837737
f 2516/3426/432 4742/8813/432 4741/8812/432

v 373.596 84.485 -99.6705
vt -7.46925 0.836457
f 2516/3426/432 4743/8814/432 4742/8813/432

v 373.509 84.3634 -99.6706
vt -7.46751 0.835242
f 2516/3426/432 4744/8815/432 4743/8814/432

v 373.421 84.2568 -99.6706
vt -7.46575 0.834176
f 2516/3426/432 4745/8816/432 4744/8815/432

v 373.345 84.1735 -99.6707
vt -7.46424 0.833344
f 2516/3426/432 4746/8817/432 4745/8816/432

v 373.295 84.1221 -99.6707
vt -7.46324 0.83283
f 2516/3426/432 4747/8818/432 4746/8817/432

v 373.26 84.0716 -99.6708
vt -7.46253 0.832325
f 2516/3426/432 4748/8819/432 4747/8818/432

v 373.241 84.0383 -99.6708
vt -7.46214 0.831992
f 2516/3426/432 4749/8820/432 4748/8819/432

v 373.219 84.0014 -99.6708
vt -7.46171 0.831623
f 2516/3426/432 4750/8821/432 4749/8820/432

v 373.198 83.9654 -99.6708
vt -7.46129 0.831264
f 2516/3426/432 4751/8822/432 4750/8821/432

v 373.18 83.935 -99.6708
vt -7.46093 0.83096
f 2516/3426/432 4752/8823/432 4751/8822/432

v 373.14 83.9301 -99.6708
vt -7.46012 0.830911
f 2516/3426/432 4753/8824/432 4752/8823/432

v 373.084 83.9758 -99.6709
vt -7.45902 0.831368
f 2516/3426/432 4754/8825/432 4753/8824/432

v 373.005 84.0379 -99.6709
vt -7.45743 0.83199
f 2516/3426/432 4755/8826/432 4754/8825/432

v 372.908 84.1079 -99.671
vt -7.45549 0.832691
f 2516/3426/432 4756/8827/432 4755/8826/432

v 372.8 84.1774 -99.6711
vt -7.45335 0.833387
f 2516/3426/432 4757/8828/432 4756/8827/432

v 372.689 84.2379 -99.6712
vt -7.45112 0.833993
f 2516/3426/432 4758/8829/432 4757/8828/432

v 372.581 84.281 -99.6712
vt -7.44897 0.834425
f 2516/3426/432 4759/8830/432 4758/8829/432

v 372.483 84.2984 -99.6713
vt -7.44701 0.834599
f 2516/3426/432 4760/8831/432 4759/8830/432

v 372.404 84.3021 -99.6714
vt -7.44542 0.834637
f 2516/3426/432 4761/8832/432 4760/8831/432

v 372.344 84.3049 -99.6714
vt -7.44423 0.834665
f 2516/3426/432 4762/8833/432 4761/8832/432

v 372.301 84.3069 -99.6714
vt -7.44337 0.834685
f 2516/3426/432 4763/8834/432 4762/8833/432

v 372.273 84.3083 -99.6715
vt -7.4428 0.834699
f 2516/3426/432 4764/8835/432 4763/8834/432

v 372.246 84.3095 -99.6715
vt -7.44228 0.834712
f 2516/3426/432 4765/8836/432 4764/8835/432

v 372.173 84.3096 -99.6715
vt -7.4408 0.834713
f 2516/3426/432 4766/8837/432 4765/8836/432

v 372.044 84.3095 -99.6716
vt -7.43822 0.834713
f 2516/3426/432 4767/8838/432 4766/8837/432

v 371.886 84.3094 -99.6717
vt -7.43507 0.834713
f 2516/3426/432 4768/8839/432 4767/8838/432

f 2516/3426/432 4515/8316/432 4768/8839/432

f 2516/3426/432 4513/8314/432 4515/8316/432

vt 7.43199 0.03
vt 7.42966 0.03
vt 7.42966 0
vt 7.43199 0
f 2465/8840/425 2464/8841/425 4513/8842/425 4515/8843/425 

vt 7.42874 0.03
vt 7.42874 0
f 2464/8841/425 2463/8844/425 4502/8845/425 4513/8842/425 

f 4512/8305/258 2463/2908/258 2464/2909/258

vt 7.43507 0.03
vt 7.43507 0
f 2466/8846/425 2465/8840/425 4515/8843/425 4768/8847/425 

v 371.77 85.3952 -96.6718
vt 7.43281 0.845572
f 4769/8848/258 2465/2910/258 2466/2911/258

v 371.765 85.4581 -96.6718
vt 7.43271 0.846201
f 4770/8849/258 2465/2910/258 4769/8848/258

v 371.759 85.5374 -96.6718
vt 7.43259 0.846994
f 4771/8850/258 2465/2910/258 4770/8849/258

v 371.754 85.6263 -96.6718
vt 7.4325 0.847884
f 4772/8851/258 2465/2910/258 4771/8850/258

v 371.752 85.7181 -96.6718
vt 7.43245 0.848801
f 4773/8852/258 2465/2910/258 4772/8851/258

vt 7.43237 0.853392
f 4578/8853/258 2465/2910/258 4773/8852/258

vt 7.4316 0.853816
f 4579/8854/258 2465/2910/258 4578/8853/258

vt 7.43102 0.854135
f 4580/8855/258 2465/2910/258 4579/8854/258

vt 7.43061 0.854363
f 4581/8856/258 2465/2910/258 4580/8855/258

f 4518/8400/258 2465/2910/258 4581/8856/258

vt -3.73012 0.03
vn 0.739827 0.672797 0.000533748
vt -3.73096 0.03
v 371.661 86.2743 -99.6719
vt -3.73096 0
vt -3.73012 0
f 4518/8857/1378 4581/8858/1378 4774/8859/1378 4516/8860/1378 

vt -3.73158 0.03
v 371.682 86.2514 -99.6719
vt -3.73158 0
f 4581/8858/1378 4580/8861/1378 4775/8862/1378 4774/8859/1378 

vt -3.73244 0.03
v 371.711 86.2196 -99.6719
vt -3.73244 0
f 4580/8861/1378 4579/8863/1378 4776/8864/1378 4775/8862/1378 

vt -3.73359 0.03
vn 0.666098 0.745864 0.000480557
v 371.75 86.1772 -99.6718
vt -3.73359 0
f 4579/8863/1378 4578/8865/1379 4777/8866/1379 4776/8864/1378 

vt -5.02444 0.03
vt -5.02545 0.03
vn 0.585192 0.810895 0.000422187
v 371.791 86.1476 -99.6718
vt -5.02545 0
vt -5.02444 0
f 4578/8867/1379 4577/8868/1380 4778/8869/1380 4777/8870/1379 

v 371.761 85.8828 -96.6718
vt 7.43264 0.850448
vt 7.43319 0.853096
f 4578/8853/258 4779/8871/258 4577/8872/258

v 371.754 85.8059 -96.6718
vt 7.43249 0.849679
f 4779/8871/258 4578/8853/258 4780/8873/258

f 4780/8873/258 4578/8853/258 4773/8852/258

v 371.897 86.1641 -96.6717
vt -7.43535 0.85326
v 371.927 86.172 -96.6717
vt -7.43596 0.853339
v 371.969 86.1716 -96.6717
vt -7.4368 0.853335
v 372.032 86.1593 -96.6716
vt -7.43805 0.853211
v 372.118 86.1282 -96.6716
vt -7.43978 0.852899
v 372.231 86.0714 -96.6715
vt -7.44204 0.85233
v 372.373 85.9821 -96.6714
vt -7.44486 0.851437
v 372.545 85.8536 -96.6713
vt -7.44832 0.85015
v 372.729 85.707 -96.6711
vt -7.45198 0.848684
v 372.881 85.5879 -96.671
vt -7.45502 0.847491
v 373.002 85.4913 -96.6709
vt -7.45744 0.846524
v 373.092 85.4115 -96.6709
vt -7.45924 0.845725
v 373.152 85.3423 -96.6708
vt -7.46043 0.845033
v 373.181 85.278 -96.6708
vt -7.46102 0.84439
v 373.182 85.2127 -96.6708
vt -7.46103 0.843737
v 373.154 85.1403 -96.6708
vt -7.46046 0.843013
v 373.101 85.0578 -96.6709
vt -7.45941 0.842188
v 373.038 84.9735 -96.6709
vt -7.45816 0.841346
v 372.966 84.8933 -96.671
vt -7.45671 0.840544
v 372.884 84.8223 -96.671
vt -7.45507 0.839834
v 372.792 84.7658 -96.6711
vt -7.45324 0.83927
v 372.737 84.7365 -96.6711
vt -7.45213 0.838978
v 372.69 84.7291 -96.6712
vt -7.45119 0.838904
v 372.577 84.7175 -96.6712
vt -7.44894 0.838789
v 372.454 84.7363 -96.6713
vt -7.44647 0.838978
v 372.322 84.7885 -96.6714
vt -7.44383 0.839501
v 372.199 84.8618 -96.6715
vt -7.44137 0.840235
v 372.088 84.9478 -96.6716
vt -7.43917 0.841096
v 371.992 85.0398 -96.6717
vt -7.43725 0.842017
v 371.912 85.131 -96.6717
vt -7.43564 0.842929
v 371.848 85.2146 -96.6718
vt -7.43437 0.843765
v 371.86 85.251 -96.6718
vt -7.43461 0.84413
v 371.829 85.2682 -96.6718
vt -7.43399 0.844302
v 371.803 85.2838 -96.6718
vt -7.43347 0.844458
v 371.778 85.3319 -96.6718
vt -7.43297 0.844939
vt -7.43281 0.845572
vt -7.43271 0.846201
vt -7.43259 0.846994
vt -7.4325 0.847884
vt -7.43245 0.848801
vt -7.43249 0.849679
vt -7.43264 0.850448
v 371.776 85.9422 -96.6718
vt -7.43293 0.851042
v 371.794 85.991 -96.6718
vt -7.43331 0.85153
v 371.815 86.0346 -96.6718
vt -7.43371 0.851965
v 371.835 86.0725 -96.6718
vt -7.43411 0.852345
v 371.854 86.1044 -96.6718
vt -7.4345 0.852664
v 371.871 86.1299 -96.6718
vt -7.43484 0.852919
f 4781/8874/432 4782/8875/432 4783/8876/432 4784/8877/432 4785/8878/432 4786/8879/432 4787/8880/432 4788/8881/432 4789/8882/432 4790/8883/432 4791/8884/432 4792/8885/432 4793/8886/432 4794/8887/432 4795/8888/432 4796/8889/432 4797/8890/432 4798/8891/432 4799/8892/432 4800/8893/432 4801/8894/432 4802/8895/432 4803/8896/432 4804/8897/432 4805/8898/432 4806/8899/432 4807/8900/432 4808/8901/432 4809/8902/432 4810/8903/432 4811/8904/432 4812/8905/432 4813/8906/432 4814/8907/432 4815/8908/432 4769/8909/432 4770/8910/432 4771/8911/432 4772/8912/432 4773/8913/432 4780/8914/432 4779/8915/432 4816/8916/432 4817/8917/432 4818/8918/432 4819/8919/432 4820/8920/432 4821/8921/432 

vt 7.43607 0.854738
vt 7.43535 0.85326
vt 7.43596 0.853339
f 4573/8922/258 4781/8923/258 4782/8924/258

vt 7.43524 0.854141
f 4574/8925/258 4781/8923/258 4573/8922/258

vt 7.43484 0.852919
f 4574/8925/258 4821/8926/258 4781/8923/258

vt 7.43454 0.853588
f 4575/8927/258 4821/8926/258 4574/8925/258

vt 7.4345 0.852664
f 4575/8927/258 4820/8928/258 4821/8926/258

vt 7.43411 0.852345
f 4575/8927/258 4819/8929/258 4820/8928/258

vt 7.43388 0.8532
f 4576/8930/258 4819/8929/258 4575/8927/258

vt 7.43371 0.851965
f 4576/8930/258 4818/8931/258 4819/8929/258

vt 7.43331 0.85153
f 4576/8930/258 4817/8932/258 4818/8931/258

f 4577/8872/258 4817/8932/258 4576/8930/258

vt 7.43293 0.851042
f 4577/8872/258 4816/8933/258 4817/8932/258

f 4577/8872/258 4779/8871/258 4816/8933/258

vt 3.42364 0.03
vn 0.954237 -0.299051 0.000688435
vt 3.42241 0.03
vn 0.985912 -0.167265 0.000711286
v 371.763 85.8828 -99.6718
vt 3.42241 0
v 371.778 85.9422 -99.6718
vt 3.42364 0
f 4816/8934/1381 4779/8935/1382 4822/8936/1382 4823/8937/1381 

vt 2.41128 0.03
vt 2.40974 0.03
vn 0.998307 -0.0581659 0.000720229
v 371.756 85.8059 -99.6718
vt 2.40974 0
vt 2.41128 0
f 4779/8938/1382 4780/8939/1383 4824/8940/1383 4822/8941/1382 

vt 1.85365 0.03
vt 1.85189 0.03
vn 0.999997 0.00246764 0.000721448
v 371.754 85.7181 -99.6718
vt 1.85189 0
vt 1.85365 0
f 4780/8942/1383 4773/8943/1384 4825/8944/1384 4824/8945/1383 

vt 1.51479 0.03
vt 1.51295 0.03
vn 0.999214 0.0396309 0.000720883
v 371.756 85.6263 -99.6718
vt 1.51295 0
vt 1.51479 0
f 4773/8946/1384 4772/8947/1385 4826/8948/1385 4825/8949/1384 

vt 1.29563 0.03
vt 1.29384 0.03
vn 0.997992 0.0633304 0.000720002
v 371.761 85.5374 -99.6718
vt 1.29384 0
vt 1.29563 0
f 4772/8950/1385 4771/8951/1386 4827/8952/1386 4826/8953/1385 

vt 1.15497 0.03
vt 1.15339 0.03
vn 0.997023 0.0771027 0.000719303
v 371.767 85.4581 -99.6718
vt 1.15339 0
vt 1.15497 0
f 4771/8954/1386 4770/8955/1387 4828/8956/1387 4827/8957/1386 

vt 1.08435 0.03
vt 1.08309 0.03
vn 0.994552 0.104242 0.00071752
v 371.772 85.3952 -99.6718
vt 1.08309 0
vt 1.08435 0
f 4770/8958/1387 4769/8959/1388 4829/8960/1388 4828/8961/1387 

vt 0.739921 0.03
vt 0.738644 0.03
vn 0.991933 0.126764 0.00071563
v 371.78 85.3319 -99.6718
vt 0.738644 0
vt 0.739921 0
f 4769/8962/1388 4815/8963/1389 4830/8964/1389 4829/8965/1388 

vt 7.43297 0.844939
f 4769/8848/258 2466/2911/258 4815/8966/258

vt 7.43347 0.844458
f 4815/8966/258 2466/2911/258 4814/8967/258

vt 7.43399 0.844302
f 4814/8967/258 2466/2911/258 4813/8968/258

vt 7.43437 0.843765
f 4813/8968/258 2466/2911/258 4811/8969/258

vt 7.43564 0.842929
f 4811/8969/258 2466/2911/258 4810/8970/258

f 4810/8970/258 2466/2911/258 2467/2912/258

vt 7.43822 0.03
vt 7.43822 0
f 2467/8971/425 2466/8846/425 4768/8847/425 4767/8972/425 

v 371.914 85.131 -99.6717
f 4768/8839/432 4831/8903/432 4767/8838/432

v 371.85 85.2146 -99.6718
f 4768/8839/432 4832/8904/432 4831/8903/432

v 371.831 85.2682 -99.6718
f 4768/8839/432 4833/8906/432 4832/8904/432

v 371.805 85.2838 -99.6718
f 4768/8839/432 4834/8907/432 4833/8906/432

f 4768/8839/432 4830/8908/432 4834/8907/432

f 4768/8839/432 4829/8909/432 4830/8908/432

f 4515/8316/432 4829/8909/432 4768/8839/432

f 4515/8316/432 4828/8910/432 4829/8909/432

f 4515/8316/432 4827/8911/432 4828/8910/432

f 4515/8316/432 4826/8912/432 4827/8911/432

f 4515/8316/432 4825/8913/432 4826/8912/432

f 4515/8316/432 4777/8395/432 4825/8913/432

f 4515/8316/432 4776/8396/432 4777/8395/432

f 4515/8316/432 4775/8397/432 4776/8396/432

f 4515/8316/432 4774/8398/432 4775/8397/432

f 4515/8316/432 4516/8317/432 4774/8398/432

f 4777/8395/432 4824/8914/432 4825/8913/432

f 4824/8914/432 4777/8395/432 4822/8915/432

f 4822/8915/432 4777/8395/432 4778/8394/432

f 4822/8915/432 4778/8394/432 4823/8916/432

v 371.797 85.991 -99.6718
f 4823/8916/432 4778/8394/432 4835/8917/432

v 371.825 86.1581 -99.6718
f 4835/8917/432 4778/8394/432 4836/8393/432

vt -7.60879 0.03
vn -0.289812 0.957084 -0.000209085
vt -7.60951 0.03
vt -7.60951 0
vt -7.60879 0
f 4577/8973/1390 4576/8974/1390 4836/8975/1390 4778/8976/1390 

vt -6.08669 0.03
vn -0.766263 0.642527 -0.00055282
vt -6.0877 0.03
vn -0.807406 0.589996 -0.000582503
v 371.858 86.1969 -99.6718
vt -6.0877 0
vt -6.08669 0
f 4576/8977/1391 4575/8978/1392 4837/8979/1392 4836/8980/1391 

vt -5.42191 0.03
vt -5.42321 0.03
vn -0.832284 0.554349 -0.000600452
v 371.893 86.2522 -99.6717
vt -5.42321 0
vt -5.42191 0
f 4575/8981/1392 4574/8982/1393 4838/8983/1393 4837/8984/1392 

vt -5.66691 0.03
vt -5.66836 0.03
vn -0.763482 0.645829 -0.000550815
v 371.935 86.3119 -99.6717
vt -5.66836 0
vt -5.66691 0
f 4574/8985/1393 4573/8986/1394 4839/8987/1394 4838/8988/1393 

vt -6.50124 0.03
vt -6.50273 0.03
vn -0.574053 0.818818 -0.00041415
v 371.988 86.3642 -99.6717
vt -6.50273 0
vt -6.50124 0
f 4573/8989/1394 4572/8990/1395 4840/8991/1395 4839/8992/1394 

vt 7.4368 0.853335
vt 7.43714 0.855261
f 4573/8922/258 4783/8993/258 4572/8994/258

f 4573/8922/258 4782/8924/258 4783/8993/258

vt 7.421 0.03
vn -0.100746 -0.994912 -7.26834e-05
vt 7.42017 0.03
vn 0.122904 -0.992419 8.86689e-05
v 371.929 86.172 -99.6717
vt 7.42017 0
v 371.971 86.1716 -99.6717
vt 7.421 0
f 4783/8995/1396 4782/8996/1397 4841/8997/1397 4842/8998/1396 

vt 7.626 0.03
vt 7.62537 0.03
vn 0.252041 -0.967717 0.000181835
v 371.899 86.1641 -99.6717
vt 7.62537 0
vt 7.626 0
f 4782/8999/1397 4781/9000/1398 4843/9001/1398 4841/9002/1397 

vt 5.84704 0.03
vn 0.797827 -0.602887 0.000575592
vt 5.84618 0.03
vn 0.815802 -0.578332 0.00058856
v 371.873 86.1299 -99.6718
vt 5.84618 0
vt 5.84704 0
f 4781/9003/1399 4821/9004/1400 4844/9005/1400 4843/9006/1399 

vt 5.53733 0.03
vt 5.53672 0.03
vn 0.845431 -0.534084 0.000609937
v 371.856 86.1044 -99.6718
vt 5.53672 0
vt 5.53733 0
f 4821/9007/1400 4820/9008/1401 4845/9009/1401 4844/9010/1400 

vt 5.29154 0.03
vt 5.29079 0.03
vn 0.870295 -0.49253 0.000627875
v 371.837 86.0725 -99.6718
vt 5.29079 0
vt 5.29154 0
f 4820/9011/1401 4819/9012/1402 4846/9013/1402 4845/9014/1401 

vt 5.00269 0.03
vt 5.00183 0.03
vn 0.895758 -0.444541 0.000646245
v 371.817 86.0346 -99.6718
vt 5.00183 0
vt 5.00269 0
f 4819/9015/1402 4818/9016/1403 4847/9017/1403 4846/9018/1402 

vt 4.66296 0.03
vn 0.921175 -0.389147 0.000664582
vt 4.66296 0
f 4818/9019/1403 4817/2734/1404 4835/2735/1404 4847/9020/1403 

vt 4.26365 0.03
vt 4.2626 0.03
vt 4.2626 0
vt 4.26365 0
f 4817/9021/1404 4816/9022/1381 4823/9023/1381 4835/9024/1404 

f 4835/8917/432 4836/8393/432 4847/8918/432

f 4847/8918/432 4836/8393/432 4846/8919/432

f 4846/8919/432 4836/8393/432 4837/8392/432

f 4846/8919/432 4837/8392/432 4845/8920/432

f 4845/8920/432 4837/8392/432 4844/8921/432

f 4844/8921/432 4837/8392/432 4838/8391/432

f 4844/8921/432 4838/8391/432 4843/8874/432

f 4843/8874/432 4838/8391/432 4839/8390/432

f 4843/8874/432 4839/8390/432 4841/8875/432

f 4841/8875/432 4839/8390/432 4842/8876/432

f 4842/8876/432 4839/8390/432 4840/8389/432

v 372.034 86.1593 -99.6716
f 4842/8876/432 4840/8389/432 4848/8877/432

v 372.057 86.3971 -99.6716
f 4848/8877/432 4840/8389/432 4849/8388/432

vt -7.4492 0.03
vt -7.45072 0.03
vn -0.43088 0.902409 -0.000310858
vt -7.45072 0
vt -7.4492 0
f 4572/9025/1395 4571/9026/1405 4849/9027/1405 4840/9028/1395 

vt 7.43805 0.853211
vt 7.43851 0.855589
f 4572/8994/258 4784/9029/258 4571/9030/258

f 4572/8994/258 4783/8993/258 4784/9029/258

vt 6.9691 0.03
vn -0.26611 -0.963943 -0.000191985
vt 6.96782 0.03
vt 6.96782 0
vt 6.9691 0
f 4784/9031/1406 4783/9032/1396 4842/9033/1396 4848/9034/1406 

vt 6.42085 0.03
vn -0.39477 -0.91878 -0.000284807
vt 6.41902 0.03
vt 6.41902 0
v 372.121 86.1282 -99.6716
vt 6.42085 0
f 4785/9035/1407 4784/9036/1406 4848/9037/1406 4850/9038/1407 

vt 7.43978 0.852899
f 4571/9030/258 4784/9029/258 4785/9039/258

vt 7.44029 0.855604
f 4571/9030/258 4785/9039/258 4570/9040/258

vt 7.44204 0.85233
f 4570/9040/258 4785/9039/258 4786/9041/258

vt 5.87749 0.03
vn -0.49213 -0.870521 -0.000355048
vt 5.87497 0.03
vt 5.87497 0
v 372.233 86.0714 -99.6715
vt 5.87749 0
f 4786/9042/1408 4785/9043/1407 4850/9044/1407 4851/9045/1408 

v 372.146 86.3986 -99.6716
f 4850/8878/432 4852/8387/432 4851/8879/432

f 4850/8878/432 4849/8388/432 4852/8387/432

f 4848/8877/432 4849/8388/432 4850/8878/432

vt -7.46555 0.03
vn -0.0171166 0.999853 -1.23488e-05
vt -7.46733 0.03
vn 0.153936 0.988081 0.000111057
vt -7.46733 0
vt -7.46555 0
f 4571/9046/1409 4570/9047/1410 4852/9048/1410 4849/9049/1409 

vt -6.4969 0.03
vt -6.49881 0.03
vn 0.473656 0.88071 0.000341719
v 372.236 86.368 -99.6715
vt -6.49881 0
vt -6.4969 0
f 4570/9050/1410 4569/9051/1411 4853/9052/1411 4852/9053/1410 

vt 7.4421 0.855296
f 4570/9040/258 4786/9041/258 4569/9054/258

vt 7.44486 0.851437
f 4569/9054/258 4786/9041/258 4787/9055/258

vt 5.38528 0.03
vn -0.565595 -0.824683 -0.000408049
vt 5.38193 0.03
vt 5.38193 0
v 372.375 85.9821 -99.6714
vt 5.38528 0
f 4787/9056/1412 4786/9057/1408 4851/9058/1408 4854/9059/1412 

f 4851/8879/432 4853/8386/432 4854/8880/432

f 4851/8879/432 4852/8387/432 4853/8386/432

v 372.293 86.3237 -99.6715
f 4854/8880/432 4853/8386/432 4855/8385/432

vt -4.82279 0.03
vt -4.82423 0.03
vn 0.732988 0.680241 0.000528814
vt -4.82423 0
vt -4.82279 0
f 4569/9060/1411 4568/9061/1413 4855/9062/1413 4853/9063/1411 

vt 7.44324 0.854853
f 4569/9054/258 4787/9055/258 4568/9064/258

vt 7.44395 0.854322
f 4568/9064/258 4787/9055/258 4567/9065/258

vt 7.44447 0.853748
f 4567/9065/258 4787/9055/258 4566/9066/258

vt 7.44509 0.853175
f 4566/9066/258 4787/9055/258 4565/9067/258

vt 7.44832 0.85015
f 4565/9067/258 4787/9055/258 4788/9068/258

vt 4.95726 0.03
vn -0.610806 -0.79178 -0.000440666
vt 4.95295 0.03
vt 4.95295 0
v 372.548 85.8536 -99.6713
vt 4.95726 0
f 4788/9069/1414 4787/9070/1412 4854/9071/1412 4856/9072/1414 

v 372.386 86.1559 -99.6714
f 4854/8880/432 4857/8382/432 4856/8881/432

v 372.355 86.2132 -99.6714
f 4854/8880/432 4858/8383/432 4857/8382/432

v 372.329 86.2706 -99.6714
f 4854/8880/432 4859/8384/432 4858/8383/432

f 4854/8880/432 4855/8385/432 4859/8384/432

vt -2.68777 0.03
vt -2.68904 0.03
vn 0.873023 0.487679 0.000629843
vt -2.68904 0
vt -2.68777 0
f 4568/9073/1413 4567/9074/1415 4859/9075/1415 4855/9076/1413 

vt -1.56649 0.03
vt -1.56775 0.03
vn 0.894451 0.447165 0.000645302
vt -1.56775 0
vt -1.56649 0
f 4567/9077/1415 4566/9078/1416 4858/9079/1416 4859/9080/1415 

vt -2.02465 0.03
vt -2.02595 0.03
vn 0.815205 0.579172 0.00058813
vt -2.02595 0
vt -2.02465 0
f 4566/9081/1416 4565/9082/1417 4857/9083/1417 4858/9084/1416 

vt -3.76288 0.03
vt -3.76431 0.03
vn 0.620291 0.784371 0.000447509
v 372.434 86.103 -99.6714
vt -3.76431 0
vt -3.76288 0
f 4565/9085/1417 4564/9086/1418 4860/9087/1418 4857/9088/1417 

vt 7.44606 0.852646
f 4565/9067/258 4788/9068/258 4564/9089/258

vt 7.44763 0.852205
f 4564/9089/258 4788/9068/258 4563/9090/258

vt 7.45008 0.851897
f 4563/9090/258 4788/9068/258 4562/9091/258

vt 7.45198 0.848684
f 4562/9091/258 4788/9068/258 4789/9092/258

vt 4.75624 0.03
vn -0.620363 -0.784315 -0.000447561
vt 4.75155 0.03
vt 4.75155 0
v 372.731 85.707 -99.6711
vt 4.75624 0
f 4789/9093/1419 4788/9094/1414 4856/9095/1414 4861/9096/1419 

v 372.636 86.0284 -99.6712
f 4856/8881/432 4862/8379/432 4861/8882/432

v 372.513 86.0591 -99.6713
f 4856/8881/432 4863/8380/432 4862/8379/432

f 4856/8881/432 4860/8381/432 4863/8380/432

f 4856/8881/432 4857/8382/432 4860/8381/432

vt -5.67051 0.03
vt -5.67231 0.03
vn 0.368129 0.929775 0.000265587
vt -5.67231 0
vt -5.67051 0
f 4564/9097/1418 4563/9098/1420 4863/9099/1420 4860/9100/1418 

vt -6.80776 0.03
vt -6.81029 0.03
vn 0.186059 0.982539 0.000134233
vt -6.81029 0
vt -6.80776 0
f 4563/9101/1420 4562/9102/1421 4862/9103/1421 4863/9104/1420 

vt -7.16775 0.03
vt -7.17078 0.03
vn 0.164646 0.986353 0.000118784
v 372.786 86.0089 -99.6711
vt -7.17078 0
vt -7.16775 0
f 4562/9105/1421 4561/9106/1422 4864/9107/1422 4862/9108/1421 

vt 7.45309 0.851702
f 4562/9091/258 4789/9092/258 4561/9109/258

vt 7.45502 0.847491
f 4561/9109/258 4789/9092/258 4790/9110/258

vt 4.82338 0.03
vn -0.620105 -0.784519 -0.000447375
vt 4.81951 0.03
vt 4.81951 0
v 372.883 85.5879 -99.671
vt 4.82338 0
f 4790/9111/1423 4789/9112/1419 4861/9113/1419 4865/9114/1423 

f 4861/8882/432 4864/8378/432 4865/8883/432

f 4861/8882/432 4862/8379/432 4864/8378/432

v 372.9 85.9856 -99.671
f 4865/8883/432 4864/8378/432 4866/8377/432

vt -6.95767 0.03
vt -6.95999 0.03
vn 0.260263 0.965538 0.000187767
vt -6.95999 0
vt -6.95767 0
f 4561/9115/1422 4560/9116/1424 4866/9117/1424 4864/9118/1422 

vt 7.45536 0.851467
f 4561/9109/258 4790/9110/258 4560/9119/258

vt 7.45744 0.846524
f 4560/9119/258 4790/9110/258 4791/9120/258

vt 4.76713 0.03
vn -0.64404 -0.764991 -0.000464643
vt 4.76404 0.03
vt 4.76404 0
v 373.004 85.4913 -99.6709
vt 4.76713 0
f 4791/9121/1425 4790/9122/1423 4865/9123/1423 4867/9124/1425 

f 4865/8883/432 4866/8377/432 4867/8884/432

v 372.985 85.9569 -99.671
f 4867/8884/432 4866/8377/432 4868/8376/432

vt -6.52037 0.03
vt -6.52217 0.03
vn 0.387012 0.922074 0.00027921
vt -6.52217 0
vt -6.52037 0
f 4560/9125/1424 4559/9126/1426 4868/9127/1426 4866/9128/1424 

vt 7.45707 0.85118
f 4560/9119/258 4791/9120/258 4559/9129/258

vt 7.45843 0.850834
f 4559/9129/258 4791/9120/258 4558/9130/258

vt 7.45924 0.845725
f 4558/9130/258 4791/9120/258 4792/9131/258

vt 4.45344 0.03
vn -0.711866 -0.702316 -0.000513576
vt 4.45103 0.03
vt 4.45103 0
v 373.094 85.4115 -99.6709
vt 4.45344 0
f 4792/9132/1427 4791/9133/1425 4867/9134/1425 4869/9135/1427 

v 373.053 85.9223 -99.6709
f 4867/8884/432 4870/8375/432 4869/8885/432

f 4867/8884/432 4868/8376/432 4870/8375/432

vt -5.87341 0.03
vt -5.87494 0.03
vn 0.501778 0.864996 0.000362008
vt -5.87494 0
vt -5.87341 0
f 4559/9136/1426 4558/9137/1428 4870/9138/1428 4868/9139/1426 

vt -5.2965 0.03
vt -5.29799 0.03
vn 0.561587 0.827417 0.000405157
v 373.116 85.8812 -99.6709
vt -5.29799 0
vt -5.2965 0
f 4558/9140/1428 4557/9141/1429 4871/9142/1429 4870/9143/1428 

vt 7.45968 0.850422
f 4558/9130/258 4792/9131/258 4557/9144/258

vt 7.46043 0.845033
f 4557/9144/258 4792/9131/258 4793/9145/258

vt 3.59172 0.03
vn -0.840143 -0.542365 -0.000606122
vt 3.58989 0.03
vt 3.58989 0
v 373.154 85.3423 -99.6708
vt 3.59172 0
f 4793/9146/1430 4792/9147/1427 4869/9148/1427 4872/9149/1430 

f 4869/8885/432 4871/8374/432 4872/8886/432

f 4869/8885/432 4870/8375/432 4871/8374/432

v 373.185 85.8329 -99.6708
f 4872/8886/432 4871/8374/432 4873/8373/432

vt -5.12787 0.03
vt -5.12955 0.03
vn 0.558446 0.829541 0.000402891
vt -5.12955 0
vt -5.12787 0
f 4557/9150/1429 4556/9151/1431 4873/9152/1431 4871/9153/1429 

vt 7.46105 0.849939
f 4557/9144/258 4793/9145/258 4556/9154/258

vt 7.46102 0.84439
f 4556/9154/258 4793/9145/258 4794/9155/258

vt 1.60298 0.03
vn -0.907154 -0.420799 -0.000654466
vt 1.60156 0.03
vt 1.60156 0
v 373.184 85.278 -99.6708
vt 1.60298 0
f 4794/9156/1432 4793/9157/1430 4872/9158/1430 4874/9159/1432 

f 4872/8886/432 4873/8373/432 4874/8887/432

v 373.184 85.2127 -99.6708
f 4874/8887/432 4873/8373/432 4875/8888/432

v 373.23 84.9292 -99.6708
vt -7.46194 0.840902
f 4876/9160/432 4875/8888/432 4873/8373/432

v 373.156 85.1403 -99.6708
f 4876/9160/432 4877/8889/432 4875/8888/432

v 373.103 85.0578 -99.6709
f 4876/9160/432 4878/8890/432 4877/8889/432

v 373.074 84.8687 -99.6709
vt -7.45882 0.840298
f 4879/9161/432 4878/8890/432 4876/9160/432

v 373.04 84.9735 -99.6709
f 4879/9161/432 4880/8891/432 4878/8890/432

v 372.968 84.8933 -99.671
f 4879/9161/432 4881/8892/432 4880/8891/432

v 372.909 84.8018 -99.671
vt -7.45552 0.83963
f 4882/9162/432 4881/8892/432 4879/9161/432

v 372.886 84.8223 -99.671
f 4882/9162/432 4883/8893/432 4881/8892/432

v 372.794 84.7658 -99.6711
f 4883/8893/432 4882/9162/432 4884/8894/432

f 4757/8828/432 4884/8894/432 4882/9162/432

v 372.739 84.7365 -99.6711
f 4757/8828/432 4885/8895/432 4884/8894/432

v 372.692 84.7291 -99.6712
f 4757/8828/432 4886/8896/432 4885/8895/432

f 4758/8829/432 4886/8896/432 4757/8828/432

f 4759/8830/432 4886/8896/432 4758/8829/432

v 372.579 84.7175 -99.6712
f 4759/8830/432 4887/8897/432 4886/8896/432

f 4760/8831/432 4887/8897/432 4759/8830/432

v 372.456 84.7363 -99.6713
f 4760/8831/432 4888/8898/432 4887/8897/432

f 4761/8832/432 4888/8898/432 4760/8831/432

f 4762/8833/432 4888/8898/432 4761/8832/432

v 372.324 84.7885 -99.6714
f 4762/8833/432 4889/8899/432 4888/8898/432

f 4763/8834/432 4889/8899/432 4762/8833/432

f 4764/8835/432 4889/8899/432 4763/8834/432

f 4765/8836/432 4889/8899/432 4764/8835/432

v 372.201 84.8618 -99.6715
f 4765/8836/432 4890/8900/432 4889/8899/432

f 4766/8837/432 4890/8900/432 4765/8836/432

v 372.091 84.9478 -99.6716
f 4766/8837/432 4891/8901/432 4890/8900/432

f 4767/8838/432 4891/8901/432 4766/8837/432

v 371.994 85.0398 -99.6717
f 4767/8838/432 4892/8902/432 4891/8901/432

f 4767/8838/432 4831/8903/432 4892/8902/432

vt -3.65664 0.03
vn 0.773313 0.634024 0.000557907
vt -3.65908 0.03
vn 0.720828 0.693114 0.000520042
vt -3.65908 0
vt -3.65664 0
f 4810/9163/1433 4809/9164/1434 4892/9165/1434 4831/9166/1433 

vt 7.43725 0.842017
f 4810/8970/258 2467/2912/258 4809/9167/258

vt 7.43917 0.841096
f 4809/9167/258 2467/2912/258 4808/9168/258

f 4808/9168/258 2467/2912/258 2468/2913/258

vt 7.4408 0.03
vn -0.000491045 -1 -3.54265e-07
vt 7.4408 0
f 2468/9169/1435 2467/8971/425 4767/8972/425 4766/9170/1435 

vt 7.43821 0.03
vn -0.0242802 -0.999705 -1.7517e-05
vt 7.43673 0.03
vt 7.43673 0
vt 7.43821 0
f 2469/9171/1436 2468/9172/1435 4766/9173/1435 4765/9174/1436 

vt 7.44137 0.840235
f 4807/9175/258 2468/2913/258 2469/2914/258

f 4808/9168/258 2468/2913/258 4807/9175/258

vt -4.82989 0.03
vn 0.653726 0.756732 0.000471631
vt -4.83269 0.03
vn 0.564248 0.825605 0.000407077
vt -4.83269 0
vt -4.82989 0
f 4808/9176/1437 4807/9177/1438 4890/9178/1438 4891/9179/1437 

vt -5.5308 0.03
vt -5.53366 0.03
vn 0.441274 0.897372 0.000318357
vt -5.53366 0
vt -5.5308 0
f 4807/9180/1438 4806/9181/1439 4889/9182/1439 4890/9183/1438 

vt 7.44383 0.839501
f 4807/9175/258 2469/2914/258 4806/9184/258

f 4806/9184/258 2469/2914/258 2470/2915/258

vt 7.35501 0.03
vn -0.0468445 -0.998902 -3.3796e-05
vt 7.35449 0.03
vt 7.35449 0
vt 7.35501 0
f 2470/9185/1440 2469/9186/1436 4765/9187/1436 4764/9188/1440 

vt 7.35559 0.03
vt 7.35559 0
f 2471/9189/1440 2470/9185/1440 4764/9188/1440 4763/9190/1440 

f 4806/9184/258 2470/2915/258 2471/2916/258

f 4806/9184/258 2471/2916/258 2472/2917/258

vt 7.35644 0.03
vt 7.35644 0
f 2472/9191/1440 2471/9189/1440 4763/9190/1440 4762/9192/1440 

vt 7.35763 0.03
vt 7.35763 0
f 2473/9193/1440 2472/9191/1440 4762/9192/1440 4761/9194/1440 

vt 7.44647 0.838978
f 4805/9195/258 2472/2917/258 2473/2918/258

f 4806/9184/258 2472/2917/258 4805/9195/258

vt -6.30016 0.03
vt -6.303 0.03
vn 0.26078 0.965398 0.00018814
vt -6.303 0
vt -6.30016 0
f 4806/9196/1439 4805/9197/1441 4888/9198/1441 4889/9199/1439 

vt -7.10841 0.03
vt -7.11091 0.03
vn 0.02408 0.99971 1.73725e-05
vt -7.11091 0
vt -7.10841 0
f 4805/9200/1441 4804/9201/1442 4887/9202/1442 4888/9203/1441 

vt 7.44894 0.838789
f 4805/9195/258 2474/2919/258 4804/9204/258

f 4805/9195/258 2473/2918/258 2474/2919/258

vt 7.35922 0.03
vn -0.110863 -0.993836 -7.99823e-05
vt 7.35922 0
f 2474/9205/1443 2473/9193/1440 4761/9194/1440 4760/9206/1443 

vt 7.04171 0.03
vn -0.274005 -0.961728 -0.000197681
vt 7.03972 0.03
vt 7.03972 0
vt 7.04171 0
f 2475/9207/1444 2474/9208/1443 4760/9209/1443 4759/9210/1444 

f 4804/9204/258 2474/2919/258 2475/2920/258

vt 7.45119 0.838904
f 4804/9204/258 2475/2920/258 4803/9211/258

f 4803/9211/258 2475/2920/258 2476/2921/258

vt 6.29902 0.03
vn -0.425219 -0.905091 -0.000306774
vt 6.29669 0.03
vt 6.29669 0
vt 6.29902 0
f 2476/9212/1445 2475/9213/1444 4759/9214/1444 4758/9215/1445 

vt 5.74555 0.03
vn -0.510973 -0.859597 -0.000368642
vt 5.74302 0.03
vt 5.74302 0
vt 5.74555 0
f 2477/9216/1446 2476/9217/1445 4758/9218/1445 4757/9219/1446 

f 4803/9211/258 2476/2921/258 2477/2922/258

vt 7.45213 0.838978
f 4803/9211/258 2477/2922/258 4802/9220/258

vt 7.45324 0.83927
f 4802/9220/258 2477/2922/258 4801/9221/258

v 372.907 84.8018 -96.671
vt 7.45552 0.83963
f 4801/9221/258 2477/2922/258 4893/9222/258

f 4893/9222/258 2477/2922/258 2478/2923/258

vt 5.3528 0.03
vn -0.564455 -0.825464 -0.000407226
vt 5.35024 0.03
vt 5.35024 0
vt 5.3528 0
f 2478/9223/1447 2477/9224/1446 4757/9225/1446 4756/9226/1447 

f 4757/8828/432 4882/9162/432 4756/8827/432

f 4756/8827/432 4882/9162/432 4755/8826/432

f 4755/8826/432 4882/9162/432 4879/9161/432

vt -7.54038 0.03
vn -0.338243 0.941059 -0.000244026
v 373.072 84.8687 -96.6709
vt -7.54394 0.03
vn -0.369132 0.929377 -0.00026631
vt -7.54394 0
vt -7.54038 0
f 4893/9227/1448 4894/9228/1449 4879/9229/1449 4882/9230/1448 

vt 7.45882 0.840298
f 4893/9222/258 2479/2924/258 4894/9231/258

f 4893/9222/258 2478/2923/258 2479/2924/258

vt 5.06743 0.03
vn -0.600501 -0.799624 -0.000433231
vt 5.06504 0.03
vt 5.06504 0
vt 5.06743 0
f 2479/9232/1450 2478/9233/1447 4756/9234/1447 4755/9235/1450 

vt 4.85333 0.03
vn -0.626191 -0.779669 -0.000451766
vt 4.85131 0.03
vt 4.85131 0
vt 4.85333 0
f 2480/9236/1451 2479/9237/1450 4755/9238/1450 4754/9239/1451 

f 4894/9231/258 2479/2924/258 2480/2925/258

v 373.227 84.9292 -96.6708
vt 7.46194 0.840902
f 4894/9231/258 2480/2925/258 4895/9240/258

f 4895/9240/258 2480/2925/258 2481/2926/258

vt 4.68836 0.03
vn -0.636996 -0.770867 -0.000459561
vt 4.68693 0.03
vt 4.68693 0
vt 4.68836 0
f 2481/9241/1452 2480/9242/1451 4754/9243/1451 4753/9244/1452 

f 4754/8825/432 4876/9160/432 4753/8824/432

f 4754/8825/432 4879/9161/432 4876/9160/432

f 4755/8826/432 4879/9161/432 4754/8825/432

vt -7.56158 0.03
vt -7.56492 0.03
vn -0.335214 0.942142 -0.00024184
vt -7.56492 0
vt -7.56158 0
f 4894/9245/1449 4895/9246/1453 4876/9247/1453 4879/9248/1449 

vt 7.45941 0.842188
f 4797/9249/258 4894/9231/258 4895/9240/258

vt 7.45816 0.841346
f 4798/9250/258 4894/9231/258 4797/9249/258

vt 7.45671 0.840544
f 4799/9251/258 4894/9231/258 4798/9250/258

f 4799/9251/258 4893/9222/258 4894/9231/258

vt 7.45507 0.839834
f 4800/9252/258 4893/9222/258 4799/9251/258

f 4893/9222/258 4800/9252/258 4801/9221/258

vt -7.23072 0.03
vn -0.52339 0.852093 -0.0003776
vt -7.23288 0.03
vn -0.591104 0.806595 -0.000426452
vt -7.23288 0
vt -7.23072 0
f 4801/9253/1454 4800/9254/1455 4883/9255/1455 4884/9256/1454 

vt -6.73606 0.03
vt -6.73823 0.03
vn -0.700525 0.713628 -0.000505394
vt -6.73823 0
vt -6.73606 0
f 4800/9257/1455 4799/9258/1456 4881/9259/1456 4883/9260/1455 

vt -6.23926 0.03
vt -6.24142 0.03
vn -0.773612 0.633659 -0.000558123
vt -6.24142 0
vt -6.23926 0
f 4799/9261/1456 4798/9262/1457 4880/9263/1457 4881/9264/1456 

vt -5.8065 0.03
vt -5.8086 0.03
vn -0.823517 0.567291 -0.000594127
vt -5.8086 0
vt -5.8065 0
f 4798/9265/1457 4797/9266/1458 4878/9267/1458 4880/9268/1457 

vt -5.42744 0.03
vt -5.42939 0.03
vn -0.891602 0.45282 -0.000643246
vt -5.42939 0
vt -5.42744 0
f 4797/9269/1458 4796/9270/1459 4877/9271/1459 4878/9272/1458 

vt 7.46046 0.843013
f 4797/9249/258 4895/9240/258 4796/9273/258

vt 7.46103 0.843737
f 4796/9273/258 4895/9240/258 4795/9274/258

f 4795/9274/258 4895/9240/258 4556/9154/258

vt 7.46279 0.849377
f 4556/9154/258 4895/9240/258 4555/9275/258

v 373.369 84.9752 -96.6707
vt 7.46478 0.84136
f 4555/9275/258 4895/9240/258 4896/9276/258

f 4895/9240/258 2485/2930/258 4896/9276/258

f 4895/9240/258 2484/2929/258 2485/2930/258

f 4895/9240/258 2483/2928/258 2484/2929/258

f 4895/9240/258 2482/2927/258 2483/2928/258

f 4895/9240/258 2481/2926/258 2482/2927/258

vt 7.60736 0.03
vn 0.122057 -0.992523 8.80579e-05
vt 7.60655 0.03
vt 7.60655 0
vt 7.60736 0
f 2482/9277/1460 2481/9278/1460 4753/9279/1460 4752/9280/1460 

f 4753/8824/432 4876/9160/432 4752/8823/432

f 4752/8823/432 4876/9160/432 4751/8822/432

f 4751/8822/432 4876/9160/432 4750/8821/432

f 4750/8821/432 4876/9160/432 4749/8820/432

v 373.372 84.9752 -99.6707
vt -7.46478 0.84136
f 4749/8820/432 4876/9160/432 4897/9281/432

v 373.272 85.7768 -99.6707
f 4876/9160/432 4898/8372/432 4897/9281/432

f 4876/9160/432 4873/8373/432 4898/8372/432

vt -5.34138 0.03
vt -5.34345 0.03
vn 0.513824 0.857895 0.000370699
vt -5.34345 0
vt -5.34138 0
f 4556/9282/1431 4555/9283/1461 4898/9284/1461 4873/9285/1431 

vt -5.7023 0.03
vt -5.70496 0.03
vn 0.466414 0.884566 0.000336495
v 373.388 85.7124 -99.6707
vt -5.70496 0
vt -5.7023 0
f 4555/9286/1461 4554/9287/1462 4899/9288/1462 4898/9289/1461 

vt 7.46511 0.848732
f 4555/9275/258 4896/9276/258 4554/9290/258

v 373.494 84.9986 -96.6706
vt 7.46726 0.841594
f 4554/9290/258 4896/9276/258 4900/9291/258

f 4896/9276/258 2489/2934/258 4900/9291/258

f 4896/9276/258 2488/2933/258 2489/2934/258

f 4896/9276/258 2487/2932/258 2488/2933/258

f 4896/9276/258 2486/2931/258 2487/2932/258

f 4896/9276/258 2485/2930/258 2486/2931/258

vt 5.21776 0.03
vn 0.842422 -0.538817 0.000607766
vt 5.21698 0.03
vn 0.8623 -0.506398 0.000622106
vt 5.21698 0
vt 5.21776 0
f 2486/9292/1463 2485/9293/1464 4749/9294/1464 4748/9295/1463 

vt 5.21613 0.03
vt 5.21613 0
f 2485/9293/1464 2484/9296/1464 4750/9297/1464 4749/9294/1464 

vt 5.2153 0.03
vt 5.2153 0
f 2484/9296/1464 2483/9298/1464 4751/9299/1464 4750/9297/1464 

vt 5.21459 0.03
vt 5.21459 0
f 2483/9298/1464 2482/9300/1464 4752/9301/1464 4751/9299/1464 

f 4749/8820/432 4897/9281/432 4748/8819/432

f 4748/8819/432 4897/9281/432 4747/8818/432

f 4747/8818/432 4897/9281/432 4746/8817/432

f 4746/8817/432 4897/9281/432 4745/8816/432

v 373.496 84.9986 -99.6706
vt -7.46726 0.841594
f 4745/8816/432 4897/9281/432 4901/9302/432

f 4897/9281/432 4899/8371/432 4901/9302/432

f 4897/9281/432 4898/8372/432 4899/8371/432

v 373.527 85.6425 -99.6706
f 4901/9302/432 4899/8371/432 4902/8370/432

vt -5.90954 0.03
vt -5.91265 0.03
vn 0.471907 0.881648 0.000340457
vt -5.91265 0
vt -5.90954 0
f 4554/9303/1462 4553/9304/1465 4902/9305/1465 4899/9306/1462 

vt 7.4679 0.848032
f 4554/9290/258 4900/9291/258 4553/9307/258

v 373.596 84.9914 -96.6705
vt 7.4693 0.841521
f 4553/9307/258 4900/9291/258 4903/9308/258

f 4900/9291/258 2490/2935/258 4903/9308/258

f 4900/9291/258 2489/2934/258 2490/2935/258

vt 6.03983 0.03
vn 0.793304 -0.608825 0.00057233
vt 6.03707 0.03
vn 0.756334 -0.654185 0.000545658
vt 6.03707 0
vt 6.03983 0
f 2490/9309/1466 2489/9310/1467 4745/9311/1467 4744/9312/1466 

vt 6.2563 0.03
vt 6.25405 0.03
vn 0.728473 -0.685074 0.000525557
vt 6.25405 0
vt 6.2563 0
f 2489/9313/1467 2488/9314/1468 4746/9315/1468 4745/9316/1467 

vt 6.40437 0.03
vt 6.40294 0.03
vn 0.771474 -0.63626 0.000556581
vt 6.40294 0
vt 6.40437 0
f 2488/9317/1468 2487/9318/1469 4747/9319/1469 4746/9320/1468 

vt 5.62856 0.03
vt 5.62733 0.03
vt 5.62733 0
vt 5.62856 0
f 2487/9321/1469 2486/9322/1463 4748/9323/1463 4747/9324/1469 

f 4745/8816/432 4901/9302/432 4744/8815/432

v 373.598 84.9914 -99.6705
vt -7.4693 0.841521
f 4744/8815/432 4901/9302/432 4904/9325/432

f 4901/9302/432 4902/8370/432 4904/9325/432

v 373.637 85.5801 -99.6705
f 4904/9325/432 4902/8370/432 4905/8369/432

vt -5.64413 0.03
vt -5.64664 0.03
vn 0.505426 0.86287 0.00036464
vt -5.64664 0
vt -5.64413 0
f 4553/9326/1465 4552/9327/1470 4905/9328/1470 4902/9329/1465 

vt 7.47008 0.847408
f 4553/9307/258 4903/9308/258 4552/9330/258

v 373.671 84.9456 -96.6705
vt 7.47081 0.841062
f 4552/9330/258 4903/9308/258 4906/9331/258

f 4903/9308/258 2492/2937/258 4906/9331/258

f 4903/9308/258 2491/2936/258 2492/2937/258

f 4903/9308/258 2490/2935/258 2491/2936/258

vt 5.70516 0.03
vn 0.84312 -0.537724 0.00060827
vt 5.70217 0.03
vt 5.70217 0
vt 5.70516 0
f 2491/9332/1471 2490/9333/1466 4744/9334/1466 4743/9335/1471 

f 4744/8815/432 4904/9325/432 4743/8814/432

f 4743/8814/432 4904/9325/432 4742/8813/432

v 373.674 84.9456 -99.6705
vt -7.47081 0.841062
f 4742/8813/432 4904/9325/432 4907/9336/432

f 4904/9325/432 4905/8369/432 4907/9336/432

f 4907/9336/432 4905/8369/432 4739/8368/432

vt -5.5241 0.03
vt -5.52615 0.03
vn 0.490439 0.871475 0.000353828
vt -5.52615 0
vt -5.5241 0
f 4552/9337/1470 2495/9338/1472 4739/9339/1472 4905/9340/1470 

f 4552/9330/258 4906/9331/258 2495/2940/258

f 2495/2940/258 4906/9331/258 2494/2939/258

f 4906/9331/258 2493/2938/258 2494/2939/258

f 4906/9331/258 2492/2937/258 2493/2938/258

vt 4.09397 0.03
vn 0.982189 -0.187895 0.000708601
vt 4.09129 0.03
vn 0.909408 -0.415905 0.000656093
vt 4.09129 0
vt 4.09397 0
f 2493/9341/1473 2492/9342/1474 4742/9343/1474 4741/9344/1473 

vt 5.14298 0.03
vt 5.14004 0.03
vt 5.14004 0
vt 5.14298 0
f 2492/9345/1474 2491/9346/1471 4743/9347/1471 4742/9348/1474 

f 4742/8813/432 4907/9336/432 4741/8812/432

f 4741/8812/432 4907/9336/432 4740/8811/432

f 4907/9336/432 4739/8368/432 4740/8811/432

vt -1.71408 0.03
vn 0.901388 0.433012 0.000650307
vt -1.71609 0.03
vt -1.71609 0
vt -1.71408 0
f 4906/9349/1475 2494/9350/1475 4740/9351/1475 4907/9352/1475 

vt 1.9489 0.03
vn 0.99937 -0.0354872 0.000720996
vt 1.94659 0.03
vt 1.94659 0
vt 1.9489 0
f 2494/9353/1476 2493/9354/1473 4741/9355/1473 4740/9356/1476 

vt -5.51098 0.03
vn 0.518468 0.855097 0.000374049
vt -5.51274 0.03
vt -5.51274 0
vt -5.51098 0
f 4903/9357/1477 4906/9358/1477 4907/9359/1477 4904/9360/1477 

vt -7.32912 0.03
vn -0.0580446 0.998314 -4.18763e-05
vt -7.33117 0.03
vn 0.0702105 0.997532 5.06534e-05
vt -7.33117 0
vt -7.32912 0
f 4900/9361/1478 4903/9362/1479 4904/9363/1479 4901/9364/1478 

vt -7.64697 0.03
vn -0.247135 0.968981 -0.000178295
vt -7.6495 0.03
vt -7.6495 0
vt -7.64697 0
f 4896/9365/1480 4900/9366/1478 4901/9367/1478 4897/9368/1480 

vt -7.61747 0.03
vt -7.62046 0.03
vt -7.62046 0
vt -7.61747 0
f 4895/9369/1453 4896/9370/1480 4897/9371/1480 4876/9372/1453 

vt -5.82417 0.03
vt -5.82599 0.03
vn 0.399779 0.916611 0.000288421
vt -5.82599 0
vt -5.82417 0
f 2495/9373/1472 2496/9374/1481 4738/9375/1481 4739/9376/1472 

vt -6.48277 0.03
vt -6.48463 0.03
vn 0.251425 0.967877 0.000181391
vt -6.48463 0
vt -6.48277 0
f 2496/9377/1481 2497/9378/1482 4737/9379/1482 4738/9380/1481 

vt -7.08101 0.03
vt -7.08323 0.03
vn 0.103761 0.994602 7.48582e-05
vt -7.08323 0
vt -7.08101 0
f 2497/9381/1482 2498/9382/1483 4736/9383/1483 4737/9384/1482 

vt -7.4053 0.03
vt -7.40822 0.03
vn -0.00211382 0.999998 -1.52501e-06
vt -7.40822 0
vt -7.4053 0
f 2498/9385/1483 2499/9386/1484 4735/9387/1484 4736/9388/1483 

vt -7.54476 0.03
vt -7.54869 0.03
vn -0.0687106 0.997637 -4.95713e-05
vt -7.54869 0
vt -7.54476 0
f 2499/9389/1484 2500/9390/1485 4734/9391/1485 4735/9392/1484 

vt -7.61 0.03
vt -7.61498 0.03
vn -0.127209 0.991876 -9.17753e-05
vt -7.61498 0
vt -7.61 0
f 2500/9393/1485 2501/9394/1486 4733/9395/1486 4734/9396/1485 

vt -7.66286 0.03
vt -7.66767 0.03
vn -0.190104 0.981764 -0.00013715
vt -7.66767 0
vt -7.66286 0
f 2501/9397/1486 2502/9398/1487 4732/9399/1487 4733/9400/1486 

vt -7.68267 0.03
vt -7.68706 0.03
vn -0.246876 0.969047 -0.000178109
vt -7.68706 0
vt -7.68267 0
f 2502/9401/1487 2503/9402/1488 4731/9403/1488 4732/9404/1487 

vt -7.67591 0.03
vt -7.67982 0.03
vn -0.296226 0.955118 -0.000213713
vt -7.67982 0
vt -7.67591 0
f 2503/9405/1488 2504/9406/1489 4730/9407/1489 4731/9408/1488 

vt -7.65105 0.03
vt -7.65438 0.03
vn -0.339148 0.940733 -0.000244678
vt -7.65438 0
vt -7.65105 0
f 2504/9409/1489 2505/9410/1490 4729/9411/1490 4730/9412/1489 

vt -7.61425 0.03
vt -7.61691 0.03
vn -0.376497 0.926418 -0.000271624
vt -7.61691 0
vt -7.61425 0
f 2505/9413/1490 2506/9414/1491 4728/9415/1491 4729/9416/1490 

vt -7.57002 0.03
vt -7.57191 0.03
vn -0.438903 0.898535 -0.000316646
vt -7.57191 0
vt -7.57002 0
f 2506/9417/1491 2507/9418/1492 4727/9419/1492 4728/9420/1491 

vt -7.39685 0.03
vt -7.39791 0.03
vn -0.482911 0.875669 -0.000348397
vt -7.39791 0
vt -7.39685 0
f 2507/9421/1492 2508/9422/1493 4726/9423/1493 4727/9424/1492 

vt 7.24739 0.03
vn -0.121174 -0.992631 -8.74213e-05
vt 7.24626 0.03
vn -0.138114 -0.990416 -9.96424e-05
v 375.593 85.7726 -99.6691
vt 7.24626 0
vt 7.24739 0
f 2508/9425/1494 4551/9426/1495 4908/9427/1495 4726/9428/1494 

vt 7.50949 0.880154
vt 7.50919 0.849319
f 4657/9429/258 4551/9430/258 2508/2953/258

vt 7.50829 0.880342
f 4658/9431/258 4551/9430/258 4657/9429/258

vt 7.50734 0.88059
f 4659/9432/258 4551/9430/258 4658/9431/258

vt 7.50711 0.849483
f 4659/9432/258 4550/9433/258 4551/9430/258

vt 7.50662 0.880869
f 4660/9434/258 4550/9433/258 4659/9432/258

vt 7.5061 0.881151
f 4661/9435/258 4550/9433/258 4660/9434/258

vt 7.50574 0.88141
f 4662/9436/258 4550/9433/258 4661/9435/258

f 4637/8632/258 4550/9433/258 4662/9436/258

f 4550/9433/258 4637/8632/258 4549/8633/258

vt 7.02157 0.03
vn -0.176302 -0.984336 -0.000127193
vt 7.01871 0.03
vt 7.01871 0
v 375.489 85.789 -99.6691
vt 7.02157 0
f 4550/9437/1496 4549/9438/1354 4638/9439/1354 4909/9440/1496 

f 4639/8638/432 4909/8353/432 4638/8352/432

v 375.418 88.9816 -99.6692
f 4909/8353/432 4639/8638/432 4910/8673/432

vt 0.699104 0.03
vn 0.99013 0.140152 0.000714329
vt 0.69814 0.03
vt 0.69814 0
vt 0.699104 0
f 4637/9441/1497 4662/9442/1497 4910/9443/1497 4639/9444/1497 

vt -2.7913 0.03
vn 0.824343 0.56609 0.000594723
vt -2.79193 0.03
vn 0.78064 0.62498 0.000563193
v 375.436 88.9558 -99.6692
vt -2.79193 0
vt -2.7913 0
f 4662/9445/1498 4661/9446/1499 4911/9447/1499 4910/9448/1498 

vt -3.81247 0.03
vt -3.81324 0.03
vn 0.674148 0.738596 0.000486364
v 375.462 88.9275 -99.6692
vt -3.81324 0
vt -3.81247 0
f 4661/9449/1499 4660/9450/1500 4912/9451/1500 4911/9452/1499 

vt -4.86252 0.03
vt -4.86343 0.03
vn 0.538793 0.842438 0.000388713
v 375.498 88.8997 -99.6691
vt -4.86343 0
vt -4.86252 0
f 4660/9453/1500 4659/9454/1501 4913/9455/1501 4912/9456/1500 

vt -5.83881 0.03
vt -5.83988 0.03
vn 0.381921 0.924195 0.000275537
v 375.546 88.8749 -99.6691
vt -5.83988 0
vt -5.83881 0
f 4659/9457/1501 4658/9458/1502 4914/9459/1502 4913/9460/1501 

vt -6.63824 0.03
vt -6.6395 0.03
vn 0.212111 0.977246 0.000153028
v 375.606 88.8561 -99.6691
vt -6.6395 0
vt -6.63824 0
f 4658/9461/1502 4657/9462/1503 4915/9463/1503 4914/9464/1502 

vt -7.23109 0.03
vt -7.23251 0.03
vn 0.124127 0.992266 8.95518e-05
vt -7.23251 0
vt -7.23109 0
f 4657/9465/1503 4656/9466/1504 4725/9467/1504 4915/9468/1503 

vt 7.5109 0.880065
f 4657/9429/258 2508/2953/258 4656/9469/258

f 2508/2953/258 2509/2954/258 4656/9469/258

vt 7.51173 0.880228
f 4656/9469/258 2509/2954/258 4655/9470/258

vt 7.51187 0.880623
f 4655/9470/258 2509/2954/258 4654/9471/258

vt 7.51204 0.881972
f 4654/9471/258 2509/2954/258 4715/9472/258

f 4715/9472/258 2509/2954/258 4714/8801/258

vt -3.91371 0.03
vn 0.772972 0.63444 0.000557661
vt -3.91447 0.03
vt -3.91447 0
vt -3.91371 0
f 4715/9473/1505 4714/9474/1375 4720/9475/1375 4722/9476/1505 

vt -2.86219 0.03
vn 0.845047 0.534692 0.000609659
vt -2.863 0.03
vt -2.863 0
v 375.71 89.0715 -99.669
vt -2.86219 0
f 4716/9477/1506 4715/9478/1505 4722/9479/1505 4916/9480/1506 

vt 7.51157 0.882307
f 4716/9481/258 4654/9471/258 4715/9472/258

f 4716/9481/258 4653/8747/258 4654/9471/258

vt 7.51117 0.882663
f 4717/9482/258 4653/8747/258 4716/9481/258

f 4709/8746/258 4653/8747/258 4717/9482/258

vt -1.69901 0.03
vt -1.69976 0.03
vn 0.884563 0.466421 0.000638168
v 375.689 89.1071 -99.669
vt -1.69976 0
vt -1.69901 0
f 4709/9483/1365 4717/9484/1507 4917/9485/1507 4711/9486/1365 

vt -2.17273 0.03
vt -2.17355 0.03
vt -2.17355 0
vt -2.17273 0
f 4717/9487/1507 4716/9488/1506 4916/9489/1506 4917/9490/1507 

f 4710/8664/432 4917/8762/432 4916/8761/432

f 4710/8664/432 4711/8752/432 4917/8762/432

f 4710/8664/432 4916/8761/432 4723/8665/432

f 4723/8665/432 4916/8761/432 4722/8760/432

vt 0.737629 0.03
vn -0.947118 -0.320884 -0.000683299
vt 0.736474 0.03
vt 0.736474 0
vt 0.737629 0
f 4654/9491/1508 4653/9492/1363 4710/9493/1363 4723/9494/1508 

vt -3.04627 0.03
vn -0.984711 0.174192 -0.00071042
vt -3.04708 0.03
vt -3.04708 0
vt -3.04627 0
f 4655/9495/1509 4654/9496/1509 4723/9497/1509 4724/9498/1509 

vt -7.63205 0.03
vn -0.367998 0.929827 -0.000265492
vt -7.63294 0.03
vt -7.63294 0
vt -7.63205 0
f 4656/9499/1510 4655/9500/1510 4724/9501/1510 4725/9502/1510 

f 4726/8355/432 4915/8668/432 4725/8667/432

f 4908/8354/432 4915/8668/432 4726/8355/432

f 4908/8354/432 4914/8669/432 4915/8668/432

f 4908/8354/432 4913/8670/432 4914/8669/432

f 4909/8353/432 4913/8670/432 4908/8354/432

f 4909/8353/432 4912/8671/432 4913/8670/432

f 4909/8353/432 4911/8672/432 4912/8671/432

f 4909/8353/432 4910/8673/432 4911/8672/432

vt 7.15319 0.03
vt 7.15109 0.03
vt 7.15109 0
vt 7.15319 0
f 4551/9503/1495 4550/9504/1496 4909/9505/1496 4908/9506/1495 

f 4556/9154/258 4794/9155/258 4795/9274/258

vt -1.63756 0.03
vn -0.999973 -0.00729324 -0.000721431
vt -1.63887 0.03
vt -1.63887 0
vt -1.63756 0
f 4795/9507/1511 4794/9508/1511 4874/9509/1511 4875/9510/1511 

vt -4.29516 0.03
vt -4.29671 0.03
vn -0.931088 0.364794 -0.000671734
vt -4.29671 0
vt -4.29516 0
f 4796/9511/1459 4795/9512/1512 4875/9513/1512 4877/9514/1459 

vt -7.61376 0.03
vn -0.299905 0.953969 -0.000216366
vt -7.61616 0.03
vt -7.61616 0
vt -7.61376 0
f 4801/9515/1513 4893/9516/1448 4882/9517/1448 4884/9518/1513 

vt -7.37271 0.03
vn -0.315661 0.948872 -0.000227734
vt -7.37396 0.03
vn -0.467683 0.883896 -0.00033741
vt -7.37396 0
vt -7.37271 0
f 4802/9519/1514 4801/9520/1515 4884/9521/1515 4885/9522/1514 

vt -7.62071 0.03
vn -0.128707 0.991683 -9.28555e-05
vt -7.62166 0.03
vt -7.62166 0
vt -7.62071 0
f 4803/9523/1516 4802/9524/1514 4885/9525/1514 4886/9526/1516 

vt -7.58074 0.03
vt -7.58301 0.03
vt -7.58301 0
vt -7.58074 0
f 4804/9527/1442 4803/9528/1516 4886/9529/1516 4887/9530/1442 

vt -4.20768 0.03
vt -4.21034 0.03
vt -4.21034 0
vt -4.20768 0
f 4809/9531/1434 4808/9532/1437 4891/9533/1437 4892/9534/1434 

vt -3.14939 0.03
vn 0.796261 0.604953 0.000574463
vt -3.15149 0.03
vt -3.15149 0
vt -3.14939 0
f 4811/9535/1517 4810/9536/1433 4831/9537/1433 4832/9538/1517 

vt 3.91051 0.03
vn 0.950889 -0.309531 0.000686019
vt 3.90974 0.03
vt 3.90974 0
v 371.862 85.251 -99.6718
vt 3.91051 0
f 4812/9539/1518 4811/9540/1518 4832/9541/1518 4918/9542/1518 

vt 7.43461 0.84413
f 4812/9543/258 4813/8968/258 4811/8969/258

vt -5.66051 0.03
vn 0.499966 0.866045 0.000360701
vt -5.66121 0.03
vn 0.488153 0.872758 0.000352178
vt -5.66121 0
vt -5.66051 0
f 4813/9544/1519 4812/9545/1520 4918/9546/1520 4833/9547/1519 

f 4918/8905/432 4832/8904/432 4833/8906/432

vt -5.51908 0.03
vn 0.511686 0.859172 0.000369156
vt -5.51968 0.03
vt -5.51968 0
vt -5.51908 0
f 4814/9548/1521 4813/9549/1519 4833/9550/1519 4834/9551/1521 

vt -1.92857 0.03
vn 0.887016 0.461738 0.000639938
vt -1.92965 0.03
vt -1.92965 0
vt -1.92857 0
f 4815/9552/1522 4814/9553/1522 4834/9554/1522 4830/9555/1522 

v 375.836 86.4286 -99.6689
vt -7.51406 0.855877
f 2516/3426/432 4721/8810/432 4919/9556/432

vt -1.23688 0.03
vn 0.92633 0.376711 0.000668301
vt -1.24029 0.03
vt -1.24029 0
vt -1.23688 0
f 2509/9557/1523 2510/9558/1523 4919/9559/1523 4721/9560/1523 

f 4696/8705/432 2510/9556/432 2509/8810/432

vt -7.51965 0.85465
f 2510/9556/432 4696/8705/432 2511/9561/432

f 2511/9561/432 4696/8705/432 4695/8706/432

vt 4.38186 0.03
vn 0.965182 -0.261579 0.000696331
vt 4.37276 0.03
vn 0.932441 -0.36132 0.00067271
vt 4.37276 0
vt 4.38186 0
f 4695/9562/1524 4696/9563/1525 4681/9564/1525 4682/9565/1524 

vt 4.27322 0.03
vt 4.26749 0.03
vn 0.93523 -0.354039 0.000674722
vt 4.26749 0
vt 4.27322 0
f 4696/9566/1525 2509/9567/1526 4721/9568/1526 4681/9569/1525 

v 376.108 87.7279 -96.6687
vt 2.85941 0.03
vn 0.996164 -0.0875031 0.000718683
vt 2.85032 0.03
vt 2.85032 0
v 376.11 87.7279 -99.6687
vt 2.85941 0
f 4920/9570/1527 4695/9571/1524 4682/9572/1524 4921/9573/1527 

vt -7.51956 0.868867
f 2511/9561/432 4695/8706/432 4920/9574/432

vt 7.51956 0.868867
f 4694/8722/258 4695/8723/258 4920/9575/258

v 376.116 88.0531 -96.6687
vt 7.51972 0.87212
f 4922/9576/258 4694/8722/258 4920/9575/258

vt 1.32357 0.03
vn 0.998409 0.0563846 0.000720302
vt 1.32208 0.03
vn 0.999863 0.0165091 0.000721352
v 376.118 88.0531 -99.6687
vt 1.32208 0
vt 1.32357 0
f 4694/9577/1528 4922/9578/1529 4923/9579/1529 4683/9580/1528 

vt -7.51972 0.87212
f 4693/8708/432 4922/9581/432 4694/8707/432

vt -7.52767 0.854593
f 2512/9582/432 4922/9581/432 4693/8708/432

f 2511/9561/432 4922/9581/432 2512/9582/432

f 2511/9561/432 4920/9574/432 4922/9581/432

vt 1.92419 0.03
vt 1.91769 0.03
vt 1.91769 0
vt 1.92419 0
f 4922/9583/1529 4920/9584/1527 4921/9585/1527 4923/9586/1529 

f 4923/9581/432 4921/9574/432 4683/8707/432

f 4682/8706/432 4683/8707/432 4921/9574/432

vt -7.49458 0.03
vn 0.0135119 0.999909 9.74815e-06
vt -7.50259 0.03
v 376.517 86.3008 -99.6684
vt -7.50259 0
v 376.116 86.3062 -99.6687
vt -7.49458 0
f 2511/9587/1530 2512/9588/1530 4924/9589/1530 4925/9590/1530 

vt -7.54544 0.03
vn -0.422671 0.906283 -0.000304936
vt -7.5547 0.03
vn -0.49503 0.868876 -0.000357139
v 376.937 86.4966 -99.6681
vt -7.5547 0
vt -7.54544 0
f 2512/9591/1531 2513/9592/1532 4926/9593/1532 4924/9594/1531 

v 376.574 87.8153 -96.6684
vt -7.52888 0.869738
vt -7.53606 0.856548
f 2512/9582/432 4927/9595/432 2513/9596/432

f 2512/9582/432 4692/8709/432 4927/9595/432

f 2512/9582/432 4693/8708/432 4692/8709/432

vt 5.13907 0.03
vn -0.52091 -0.853612 -0.000375811
vt 5.13495 0.03
vn -0.680283 -0.732949 -0.00049079
vt 5.13495 0
vt 5.13907 0
f 4692/9597/1533 4693/9598/1534 4684/9599/1534 4685/9600/1533 

vt 3.43147 0.03
vt 3.42967 0.03
vn -0.771812 -0.63585 -0.000556824
vt 3.42967 0
vt 3.43147 0
f 4693/9601/1534 4694/9602/1535 4683/9603/1535 4684/9604/1534 

vt 5.86546 0.03
vn -0.391214 -0.9203 -0.000282242
vt 5.86011 0.03
vt 5.86011 0
v 376.576 87.8153 -99.6684
vt 5.86546 0
f 4927/9605/1536 4692/9606/1533 4685/9607/1533 4928/9608/1536 

v 376.456 88.1909 -96.6684
vt 7.52652 0.873495
vt 7.52888 0.869738
f 4929/9609/258 4692/8720/258 4927/9610/258

v 376.395 88.4677 -96.6685
vt 7.52531 0.876263
f 4930/9611/258 4692/8720/258 4929/9609/258

f 4692/8720/258 4930/9611/258 4691/8719/258

v 376.427 89.1622 -96.6685
vt 7.52595 0.883209
f 4930/9611/258 4931/9612/258 4691/8719/258

v 376.481 88.3701 -96.6684
vt 7.52702 0.875287
f 4931/9612/258 4930/9611/258 4932/9613/258

vt 3.65553 0.03
vn -0.691449 -0.722426 -0.000498846
vt 3.65293 0.03
vn -0.750578 -0.660782 -0.000541504
v 376.397 88.4677 -99.6685
vt 3.65293 0
v 376.483 88.3701 -99.6684
vt 3.65553 0
f 4932/9614/1537 4930/9615/1538 4933/9616/1538 4934/9617/1537 

vt -7.52702 0.875287
v 376.422 88.3446 -96.6685
vt -7.52585 0.875032
vt -7.52531 0.876263
f 4932/9618/432 4935/9619/432 4930/9620/432

vt -7.52652 0.873495
f 4935/9619/432 4932/9618/432 4929/9621/432

v 376.524 88.0336 -96.6684
vt -7.52787 0.871922
f 4929/9621/432 4932/9618/432 4936/9622/432

v 376.596 88.2771 -96.6683
vt -7.52933 0.874356
f 4936/9622/432 4932/9618/432 4937/9623/432

vt 4.76306 0.03
vn -0.627275 -0.778798 -0.000452548
vt 4.7601 0.03
vt 4.7601 0
v 376.599 88.2771 -99.6683
vt 4.76306 0
f 4937/9624/1539 4932/9625/1537 4934/9626/1537 4938/9627/1539 

v 376.486 88.7706 -96.6684
vt 7.52714 0.879292
vt 7.52933 0.874356
f 4939/9628/258 4932/9613/258 4937/9629/258

v 376.455 88.8371 -96.6685
vt 7.5265 0.879957
f 4940/9630/258 4932/9613/258 4939/9628/258

f 4931/9612/258 4932/9613/258 4940/9630/258

v 376.589 89.1126 -96.6684
vt 7.5292 0.882711
f 4940/9630/258 4941/9631/258 4931/9612/258

v 376.505 88.8307 -96.6684
vt 7.52752 0.879893
f 4941/9631/258 4940/9630/258 4942/9632/258

vt 7.24915 0.03
vn -0.130317 -0.991472 -9.40172e-05
vt 7.24813 0.03
vn -0.124087 -0.992271 -8.95225e-05
v 376.457 88.8371 -99.6685
vt 7.24813 0
v 376.507 88.8307 -99.6684
vt 7.24915 0
f 4942/9633/1540 4940/9634/1541 4943/9635/1541 4944/9636/1540 

vt -7.52752 0.879893
vt -7.52714 0.879292
vt -7.5265 0.879957
f 4942/9637/432 4939/9638/432 4940/9639/432

v 376.557 88.6241 -96.6684
vt -7.52854 0.877827
f 4939/9638/432 4942/9637/432 4945/9640/432

v 376.643 88.8117 -96.6683
vt -7.53028 0.879702
f 4945/9640/432 4942/9637/432 4946/9641/432

vt 7.21764 0.03
vn -0.144991 -0.989433 -0.000104604
vt 7.21485 0.03
vt 7.21485 0
v 376.646 88.8117 -99.6683
vt 7.21764 0
f 4946/9642/1542 4942/9643/1540 4944/9644/1540 4947/9645/1542 

vt 7.53028 0.879702
f 4941/9631/258 4942/9632/258 4946/9646/258

v 376.915 89.0146 -96.6681
vt 7.53571 0.881729
f 4941/9631/258 4946/9646/258 4948/9647/258

v 376.848 88.7799 -96.6682
vt 7.53436 0.879383
f 4948/9647/258 4946/9646/258 4949/9648/258

vt 7.17336 0.03
vn -0.178119 -0.984009 -0.000128504
vt 7.16922 0.03
vt 7.16922 0
v 376.85 88.7799 -99.6682
vt 7.17336 0
f 4949/9649/1543 4946/9650/1542 4947/9651/1542 4950/9652/1543 

v 376.678 88.3797 -96.6683
vt -7.53096 0.875382
vt -7.53436 0.879383
f 4951/9653/432 4946/9641/432 4949/9654/432

v 376.627 88.4771 -96.6683
vt -7.52995 0.876356
f 4952/9655/432 4946/9641/432 4951/9653/432

f 4945/9640/432 4946/9641/432 4952/9655/432

vt -1.65859 0.03
vn 0.901888 0.431968 0.000650668
vt -1.66184 0.03
vn 0.89446 0.447147 0.000645309
v 376.629 88.4771 -99.6683
vt -1.66184 0
v 376.559 88.6241 -99.6684
vt -1.65859 0
f 4945/9656/1544 4952/9657/1545 4953/9658/1545 4954/9659/1544 

vt 7.52854 0.877827
vt 7.52995 0.876356
f 4945/9660/258 4937/9629/258 4952/9661/258

f 4939/9628/258 4937/9629/258 4945/9660/258

vt -1.66623 0.03
vn 0.901451 0.43288 0.000650352
vt -1.66948 0.03
vt -1.66948 0
v 376.489 88.7706 -99.6684
vt -1.66623 0
f 4939/9662/1546 4945/9663/1544 4954/9664/1544 4955/9665/1546 

f 4938/9623/432 4955/9638/432 4954/9640/432

f 4934/9618/432 4955/9638/432 4938/9623/432

f 4934/9618/432 4943/9639/432 4955/9638/432

v 376.429 89.1622 -99.6685
vt -7.52595 0.883209
f 4934/9618/432 4956/9666/432 4943/9639/432

f 4933/9620/432 4956/9666/432 4934/9618/432

f 4956/9666/432 4933/9620/432 4686/8710/432

f 4933/9620/432 4685/8709/432 4686/8710/432

v 376.458 88.1909 -99.6684
f 4957/9621/432 4685/8709/432 4933/9620/432

f 4685/8709/432 4957/9621/432 4928/9595/432

v 376.526 88.0336 -99.6684
f 4928/9595/432 4957/9621/432 4958/9622/432

vt -1.36521 0.03
vn 0.952101 0.305784 0.000686893
vt -1.36864 0.03
vn 0.918585 0.395223 0.000662713
vt -1.36864 0
vt -1.36521 0
f 4929/9667/1547 4936/9668/1548 4958/9669/1548 4957/9670/1547 

vt 7.52787 0.871922
f 4929/9609/258 4927/9610/258 4936/9671/258

v 376.687 87.8715 -96.6683
vt 7.53114 0.8703
f 4936/9671/258 4927/9610/258 4959/9672/258

v 376.768 87.7507 -96.6682
vt 7.53274 0.869091
f 4959/9672/258 4927/9610/258 4960/9673/258

vt 6.59014 0.03
vn -0.317109 -0.948389 -0.000228778
vt 6.58607 0.03
vt 6.58607 0
v 376.77 87.7507 -99.6682
vt 6.59014 0
f 4960/9674/1549 4927/9675/1536 4928/9676/1536 4961/9677/1549 

vt -7.53274 0.869091
f 2513/9596/432 4927/9595/432 4960/9678/432

v 376.841 87.7541 -96.6682
vt -7.53421 0.869124
f 2513/9596/432 4960/9678/432 4962/9679/432

vt 7.60476 0.03
vn 0.0457201 -0.998954 3.29848e-05
vt 7.60329 0.03
vt 7.60329 0
v 376.843 87.7541 -99.6682
vt 7.60476 0
f 4962/9680/1550 4960/9681/1550 4961/9682/1550 4963/9683/1550 

vt 7.53421 0.869124
f 4959/9672/258 4960/9673/258 4962/9684/258

vt -4.92699 0.03
vn 0.656742 0.754116 0.000473806
vt -4.93086 0.03
vn 0.606693 0.794936 0.000437699
vt -4.93086 0
v 376.689 87.8715 -99.6683
vt -4.92699 0
f 4959/9685/1551 4962/9686/1552 4963/9687/1552 4964/9688/1551 

vt -7.53114 0.8703
v 376.712 88.2497 -96.6683
vt -7.53164 0.874082
f 4959/9689/432 4965/9690/432 4962/9679/432

f 4959/9689/432 4937/9623/432 4965/9690/432

f 4936/9622/432 4937/9623/432 4959/9689/432

vt -4.11406 0.03
vn 0.704051 0.71015 0.000507937
vt -4.11866 0.03
vt -4.11866 0
vt -4.11406 0
f 4936/9691/1553 4959/9692/1551 4964/9693/1551 4958/9694/1553 

f 4928/9595/432 4958/9622/432 4964/9689/432

f 4928/9595/432 4964/9689/432 4961/9678/432

f 4961/9678/432 4964/9689/432 4963/9679/432

vt 6.92378 0.03
vn -0.230449 -0.973084 -0.000166257
vt 6.92141 0.03
vt 6.92141 0
v 376.714 88.2497 -99.6683
vt 6.92378 0
f 4965/9695/1554 4937/9696/1554 4938/9697/1554 4966/9698/1554 

vt 7.53164 0.874082
f 4952/9661/258 4937/9629/258 4965/9699/258

vt 7.53096 0.875382
f 4952/9661/258 4965/9699/258 4951/9700/258

v 376.724 88.2949 -96.6683
vt 7.53187 0.874533
f 4951/9700/258 4965/9699/258 4967/9701/258

vt 3.58227 0.03
vn 0.968185 -0.250236 0.000698497
vt 3.58133 0.03
vt 3.58133 0
v 376.726 88.2949 -99.6683
vt 3.58227 0
f 4967/9702/1555 4965/9703/1555 4966/9704/1555 4968/9705/1555 

vt -7.53187 0.874533
f 4962/9679/432 4965/9690/432 4967/9706/432

f 4967/9706/432 4949/9654/432 4962/9679/432

f 4951/9653/432 4949/9654/432 4967/9706/432

vt -2.02959 0.03
vn 0.883309 0.46879 0.000637264
vt -2.03151 0.03
vn 0.880136 0.474721 0.000634974
vt -2.03151 0
v 376.68 88.3797 -99.6683
vt -2.02959 0
f 4951/9707/1556 4967/9708/1557 4968/9709/1557 4969/9710/1556 

f 4966/9690/432 4969/9653/432 4968/9706/432

f 4966/9690/432 4953/9655/432 4969/9653/432

f 4938/9623/432 4953/9655/432 4966/9690/432

f 4938/9623/432 4954/9640/432 4953/9655/432

vt -1.92684 0.03
vt -1.92903 0.03
vt -1.92903 0
vt -1.92684 0
f 4952/9711/1545 4951/9712/1556 4969/9713/1556 4953/9714/1545 

f 2513/9596/432 4962/9679/432 4949/9654/432

v 377.077 88.7325 -96.668
vt -7.53894 0.878907
f 2513/9596/432 4949/9654/432 4970/9715/432

vt 7.02397 0.03
vn -0.268432 -0.963299 -0.00019366
vt 7.0193 0.03
vt 7.0193 0
v 377.079 88.7325 -99.668
vt 7.02397 0
f 4970/9716/1558 4949/9717/1543 4950/9718/1543 4971/9719/1558 

vt 7.53894 0.878907
f 4948/9647/258 4949/9648/258 4970/9720/258

v 377.221 88.8655 -96.6679
vt 7.54182 0.880236
f 4948/9647/258 4970/9720/258 4972/9721/258

v 377.248 88.6723 -96.6679
vt 7.54235 0.878303
f 4972/9721/258 4970/9720/258 4973/9722/258

vt 6.52449 0.03
vn -0.386655 -0.922224 -0.000278952
vt 6.52088 0.03
vt 6.52088 0
v 377.25 88.6723 -99.6679
vt 6.52449 0
f 4973/9723/1559 4970/9724/1558 4971/9725/1558 4974/9726/1559 

v 377.412 86.8225 -96.6678
vt -7.5456 0.859804
vt -7.54235 0.878303
f 4975/9727/432 4970/9715/432 4973/9728/432

f 2513/9596/432 4970/9715/432 4975/9727/432

vt -7.19048 0.03
vt -7.20203 0.03
vn -0.524474 0.851426 -0.000378382
v 377.414 86.8225 -99.6678
vt -7.20203 0
vt -7.19048 0
f 2513/9729/1532 4975/9730/1560 4976/9731/1560 4926/9732/1532 

v 378.289 84.3655 -96.6671
vt 7.56311 0.835228
vt 7.5456 0.859804
f 2513/2958/258 4977/9733/258 4975/9734/258

f 2513/2958/258 2514/2959/258 4977/9733/258

vt -2.43201 0.03
vn 0.930231 0.366974 0.000671115
vt -2.43273 0.03
vn 0.762018 0.647555 0.000549758
v 378.31 84.3347 -99.6671
vt -2.43273 0
v 378.291 84.3655 -99.6671
vt -2.43201 0
f 4977/9735/1561 2514/9736/1562 4978/9737/1562 4979/9738/1561 

v 378.84 84.3134 -96.6667
vt -7.57412 0.834703
v 378.764 84.3439 -96.6668
vt -7.57261 0.835009
v 378.726 84.3357 -96.6668
vt -7.57185 0.834927
v 378.685 84.3273 -96.6668
vt -7.57103 0.834843
v 378.635 84.3177 -96.6669
vt -7.57003 0.834747
v 378.58 84.3079 -96.6669
vt -7.56894 0.83465
v 378.526 84.2994 -96.667
vt -7.56784 0.834565
v 378.475 84.2932 -96.667
vt -7.56683 0.834503
v 378.433 84.2905 -96.667
vt -7.56599 0.834477
v 378.398 84.2924 -96.667
vt -7.56529 0.834496
v 378.364 84.2995 -96.6671
vt -7.56461 0.834567
v 378.333 84.3132 -96.6671
vt -7.56399 0.834704
vt -7.56348 0.83492
vt -7.56311 0.835228
v 378.28 84.4068 -96.6671
vt -7.56293 0.835641
v 378.283 84.4599 -96.6671
vt -7.56298 0.836172
v 378.298 84.5261 -96.6671
vt -7.5633 0.836834
v 378.316 84.6032 -96.6671
vt -7.56365 0.837605
v 378.314 84.6831 -96.6671
vt -7.56361 0.838404
v 378.296 84.7619 -96.6671
vt -7.56326 0.839192
v 378.269 84.8359 -96.6671
vt -7.56272 0.839932
v 378.237 84.9014 -96.6672
vt -7.56209 0.840587
v 378.207 84.9545 -96.6672
vt -7.56148 0.841118
v 378.192 85.0064 -96.6672
vt -7.56119 0.841638
v 378.221 85.0015 -96.6672
vt -7.56176 0.841589
v 378.257 84.9939 -96.6672
vt -7.56249 0.841512
v 378.299 84.9831 -96.6671
vt -7.56331 0.841403
v 378.341 84.9687 -96.6671
vt -7.56416 0.84126
v 378.383 84.9505 -96.6671
vt -7.56499 0.841077
v 378.419 84.9281 -96.667
vt -7.56572 0.840853
v 378.448 84.8989 -96.667
vt -7.56629 0.840561
v 378.466 84.8591 -96.667
vt -7.56666 0.840163
v 378.478 84.8145 -96.667
vt -7.5669 0.839716
v 378.489 84.7712 -96.667
vt -7.56711 0.839283
v 378.501 84.7356 -96.667
vt -7.56735 0.838927
v 378.519 84.714 -96.667
vt -7.56772 0.838712
v 378.548 84.7128 -96.6669
vt -7.56829 0.8387
v 378.59 84.7383 -96.6669
vt -7.56914 0.838954
v 378.644 84.7964 -96.6669
vt -7.57021 0.839534
v 378.679 84.8841 -96.6668
vt -7.57092 0.840411
v 378.697 84.9911 -96.6668
vt -7.57127 0.841481
v 378.701 85.1069 -96.6668
vt -7.57135 0.842639
v 378.696 85.2206 -96.6668
vt -7.57125 0.843776
v 378.686 85.3218 -96.6668
vt -7.57105 0.844788
v 378.675 85.3997 -96.6668
vt -7.57083 0.845567
v 378.683 85.442 -96.6668
vt -7.57101 0.84599
v 378.71 85.4269 -96.6668
vt -7.57154 0.845839
v 378.745 85.4027 -96.6668
vt -7.57225 0.845596
v 378.786 85.368 -96.6668
vt -7.57305 0.84525
v 378.827 85.3219 -96.6667
vt -7.57387 0.844788
v 378.866 85.2631 -96.6667
vt -7.57465 0.8442
v 378.899 85.1906 -96.6667
vt -7.57532 0.843474
v 378.923 85.1043 -96.6667
vt -7.5758 0.842611
v 378.94 85.0155 -96.6667
vt -7.57613 0.841723
v 378.95 84.9295 -96.6667
vt -7.57633 0.840863
v 378.956 84.8493 -96.6666
vt -7.57644 0.840061
v 378.957 84.7782 -96.6666
vt -7.57648 0.839351
v 378.957 84.7193 -96.6666
vt -7.57647 0.838761
v 378.954 84.6504 -96.6666
vt -7.5764 0.838072
v 378.983 84.6278 -96.6666
vt -7.57699 0.837846
v 379.06 84.6111 -96.6666
vt -7.57852 0.837678
v 379.118 84.6378 -96.6665
vt -7.57969 0.837945
v 379.161 84.6948 -96.6665
vt -7.58055 0.838514
v 379.191 84.7688 -96.6665
vt -7.58114 0.839254
v 379.209 84.8467 -96.6665
vt -7.58151 0.840033
v 379.22 84.9153 -96.6665
vt -7.58172 0.840719
v 379.227 84.9704 -96.6665
vt -7.58188 0.84127
v 379.261 84.9369 -96.6664
vt -7.58255 0.840935
v 379.286 84.9119 -96.6664
vt -7.58305 0.840685
v 379.32 84.8775 -96.6664
vt -7.58374 0.84034
v 379.365 84.8323 -96.6664
vt -7.58463 0.839888
v 379.401 84.7822 -96.6663
vt -7.58535 0.839387
v 379.42 84.7304 -96.6663
vt -7.58572 0.838869
v 379.423 84.676 -96.6663
vt -7.58579 0.838325
v 379.415 84.6182 -96.6663
vt -7.58562 0.837747
v 379.397 84.5563 -96.6663
vt -7.58527 0.837128
v 379.374 84.4894 -96.6663
vt -7.5848 0.836459
v 379.347 84.4167 -96.6664
vt -7.58426 0.835732
v 379.32 84.3376 -96.6664
vt -7.58372 0.834942
v 379.274 84.2775 -96.6664
vt -7.58279 0.834341
v 379.2 84.2499 -96.6665
vt -7.58132 0.834065
v 379.11 84.2472 -96.6665
vt -7.57951 0.834039
v 379.013 84.2619 -96.6666
vt -7.57758 0.834187
v 378.919 84.2865 -96.6667
vt -7.57571 0.834433
f 4980/9739/432 4981/9740/432 4982/9741/432 4983/9742/432 4984/9743/432 4985/9744/432 4986/9745/432 4987/9746/432 4988/9747/432 4989/9748/432 4990/9749/432 4991/9750/432 2514/9751/432 4977/9752/432 4992/9753/432 4993/9754/432 4994/9755/432 4995/9756/432 4996/9757/432 4997/9758/432 4998/9759/432 4999/9760/432 5000/9761/432 5001/9762/432 5002/9763/432 5003/9764/432 5004/9765/432 5005/9766/432 5006/9767/432 5007/9768/432 5008/9769/432 5009/9770/432 5010/9771/432 5011/9772/432 5012/9773/432 5013/9774/432 5014/9775/432 5015/9776/432 5016/9777/432 5017/9778/432 5018/9779/432 5019/9780/432 5020/9781/432 5021/9782/432 5022/9783/432 5023/9784/432 5024/9785/432 5025/9786/432 5026/9787/432 5027/9788/432 5028/9789/432 5029/9790/432 5030/9791/432 5031/9792/432 5032/9793/432 5033/9794/432 5034/9795/432 5035/9796/432 5036/9797/432 5037/9798/432 5038/9799/432 5039/9800/432 5040/9801/432 5041/9802/432 5042/9803/432 5043/9804/432 5044/9805/432 5045/9806/432 5046/9807/432 5047/9808/432 5048/9809/432 5049/9810/432 5050/9811/432 5051/9812/432 5052/9813/432 5053/9814/432 5054/9815/432 5055/9816/432 5056/9817/432 5057/9818/432 5058/9819/432 5059/9820/432 5060/9821/432 5061/9822/432 

vt -6.39658 0.03
vn 0.373797 0.92751 0.000269676
vt -6.39821 0.03
vn 0.347449 0.937699 0.000250667
v 378.842 84.3134 -99.6667
vt -6.39821 0
v 378.766 84.3439 -99.6668
vt -6.39658 0
f 4981/9823/1563 4980/9824/1564 5062/9825/1564 5063/9826/1563 

vt 7.57261 0.835009
vt 7.57412 0.834703
f 4981/9827/258 2066/2028/258 4980/9828/258

vt 7.57185 0.834927
f 4982/9829/258 2066/2028/258 4981/9827/258

vt 7.57103 0.834843
f 4983/9830/258 2066/2028/258 4982/9829/258

vt 7.57003 0.834747
f 4984/9831/258 2066/2028/258 4983/9830/258

vt 7.56894 0.83465
f 4985/9832/258 2066/2028/258 4984/9831/258

vt 7.56784 0.834565
f 4986/9833/258 2066/2028/258 4985/9832/258

vt 7.56683 0.834503
f 4987/9834/258 2066/2028/258 4986/9833/258

vt 7.56599 0.834477
f 4988/9835/258 2066/2028/258 4987/9834/258

vt 7.56529 0.834496
f 4989/9836/258 2066/2028/258 4988/9835/258

vt 7.56461 0.834567
f 4990/9837/258 2066/2028/258 4989/9836/258

vt 7.56399 0.834704
f 4991/9838/258 2066/2028/258 4990/9837/258

f 2514/2959/258 2066/2028/258 4991/9838/258

vt -4.70859 0.03
vt -4.70926 0.03
vn 0.529702 0.848184 0.000382154
v 378.335 84.3132 -99.6671
vt -4.70926 0
vt -4.70859 0
f 2514/9839/1562 4991/9840/1565 5064/9841/1565 4978/9842/1562 

vt -6.23649 0.03
vt -6.23716 0.03
vn 0.306307 0.951933 0.000220985
v 378.366 84.2995 -99.6671
vt -6.23716 0
vt -6.23649 0
f 4991/9843/1565 4990/9844/1566 5065/9845/1566 5064/9846/1565 

vt -7.06248 0.03
vt -7.06318 0.03
vn 0.128426 0.991719 9.26532e-05
v 378.4 84.2924 -99.667
vt -7.06318 0
vt -7.06248 0
f 4990/9847/1566 4989/9848/1567 5066/9849/1567 5065/9850/1566 

vt -7.46689 0.03
vt -7.4676 0.03
vn -0.00519663 0.999986 -3.74911e-06
v 378.435 84.2905 -99.667
vt -7.4676 0
vt -7.46689 0
f 4989/9851/1567 4988/9852/1568 5067/9853/1568 5066/9854/1567 

vt -7.65441 0.03
vt -7.65525 0.03
vn -0.0921308 0.995747 -6.64678e-05
v 378.477 84.2932 -99.667
vt -7.65525 0
vt -7.65441 0
f 4988/9855/1568 4987/9856/1569 5068/9857/1569 5067/9858/1568 

vt -7.71317 0.03
vt -7.71419 0.03
vn -0.138322 0.990387 -9.97923e-05
v 378.528 84.2994 -99.667
vt -7.71419 0
vt -7.71317 0
f 4987/9859/1569 4986/9860/1570 5069/9861/1570 5068/9862/1569 

vt -7.73451 0.03
vt -7.73562 0.03
vn -0.165197 0.986261 -0.000119181
v 378.583 84.3079 -99.6669
vt -7.73562 0
vt -7.73451 0
f 4986/9863/1570 4985/9864/1571 5070/9865/1571 5069/9866/1570 

vt -7.74408 0.03
vt -7.74519 0.03
vn -0.182785 0.983153 -0.00013187
v 378.637 84.3177 -99.6669
vt -7.74519 0
vt -7.74408 0
f 4985/9867/1571 4984/9868/1572 5071/9869/1572 5070/9870/1571 

vt -7.74902 0.03
vt -7.75004 0.03
vn -0.19518 0.980767 -0.000140813
v 378.687 84.3273 -99.6668
vt -7.75004 0
vt -7.74902 0
f 4984/9871/1572 4983/9872/1573 5072/9873/1573 5071/9874/1572 

vt -7.75179 0.03
vt -7.75263 0.03
vn -0.20512 0.978737 -0.000147984
v 378.728 84.3357 -99.6668
vt -7.75263 0
vt -7.75179 0
f 4983/9875/1573 4982/9876/1574 5073/9877/1574 5072/9878/1573 

vt -7.75346 0.03
vt -7.75424 0.03
vn -0.209834 0.977737 -0.000151384
vt -7.75424 0
vt -7.75346 0
f 4982/9879/1574 4981/9880/1575 5063/9881/1575 5073/9882/1574 

f 2515/3427/432 5073/9741/432 5063/9740/432

f 2515/3427/432 5072/9742/432 5073/9741/432

f 2515/3427/432 5071/9743/432 5072/9742/432

f 2515/3427/432 5070/9744/432 5071/9743/432

f 2515/3427/432 5069/9745/432 5070/9744/432

f 2515/3427/432 5068/9746/432 5069/9745/432

f 2515/3427/432 5067/9747/432 5068/9746/432

f 2515/3427/432 5066/9748/432 5067/9747/432

f 2515/3427/432 5065/9749/432 5066/9748/432

f 2515/3427/432 5064/9750/432 5065/9749/432

f 2515/3427/432 4978/9751/432 5064/9750/432

f 2516/3426/432 4978/9751/432 2515/3427/432

f 2516/3426/432 4926/9596/432 4978/9751/432

f 2516/3426/432 4924/9582/432 4926/9596/432

f 2516/3426/432 4925/9561/432 4924/9582/432

f 2516/3426/432 4919/9556/432 4925/9561/432

vt -6.19445 0.03
vn 0.400928 0.91611 0.000289249
vt -6.20056 0.03
vt -6.20056 0
vt -6.19445 0
f 2510/9883/1576 2511/9884/1576 4925/9885/1576 4919/9886/1576 

f 4978/9751/432 4926/9596/432 4979/9752/432

f 4979/9752/432 4926/9596/432 4976/9727/432

v 378.282 84.4068 -99.6671
f 4979/9752/432 4976/9727/432 5074/9753/432

v 378.194 85.0064 -99.6672
f 5074/9753/432 4976/9727/432 5075/9762/432

v 377.959 87.1238 -99.6674
vt -7.55651 0.862813
f 5075/9762/432 4976/9727/432 5076/9887/432

vt -7.43714 0.03
v 377.957 87.1238 -96.6674
vt -7.44959 0.03
vn -0.483673 0.875248 -0.000348946
vt -7.44959 0
vt -7.43714 0
f 4975/9888/1560 5077/9889/1577 5076/9890/1577 4976/9891/1560 

v 377.711 89.1142 -96.6675
vt -7.55162 0.882719
f 4975/9727/432 5078/9892/432 5077/9887/432

v 377.345 88.6247 -96.6678
vt -7.5443 0.877827
f 5079/9893/432 5078/9892/432 4975/9727/432

v 377.342 88.7138 -96.6678
vt -7.54425 0.878718
f 5080/9894/432 5078/9892/432 5079/9893/432

vt -7.54182 0.880236
f 4972/9895/432 5078/9892/432 5080/9894/432

v 377.166 89.2986 -96.6679
vt -7.54073 0.884567
f 4972/9895/432 5081/9896/432 5078/9892/432

v 376.953 89.4203 -96.6681
vt -7.53647 0.885786
f 4972/9895/432 5082/9897/432 5081/9896/432

vt -7.53571 0.881729
f 4948/9898/432 5082/9897/432 4972/9895/432

v 376.774 89.56 -96.6682
vt -7.53291 0.887184
f 4948/9898/432 5083/9899/432 5082/9897/432

v 376.624 89.7127 -96.6683
vt -7.52991 0.888712
f 4948/9898/432 5084/9900/432 5083/9899/432

vt -7.5292 0.882711
f 4941/9901/432 5084/9900/432 4948/9898/432

v 376.522 89.8533 -96.6684
vt -7.52786 0.890119
f 4941/9901/432 5085/9902/432 5084/9900/432

v 376.469 89.6306 -96.6684
vt -7.5268 0.887892
f 4941/9901/432 5086/9903/432 5085/9902/432

f 4931/9666/432 5086/9903/432 4941/9901/432

v 376.412 89.3895 -96.6685
vt -7.52566 0.885481
f 4931/9666/432 5087/9904/432 5086/9903/432

v 376.403 89.349 -96.6685
vt -7.52548 0.885076
f 4931/9666/432 5088/9905/432 5087/9904/432

v 376.389 89.2741 -96.6685
vt -7.5252 0.884328
f 4931/9666/432 5089/9906/432 5088/9905/432

f 5089/9906/432 4931/9666/432 4691/8710/432

vt -6.64843 0.03
vn 0.299338 0.954147 0.000215958
vt -6.64953 0.03
vn 0.295753 0.955264 0.000213371
vt -6.64953 0
vt -6.64843 0
f 4691/9907/1578 4931/9908/1579 4956/9909/1579 4686/9910/1578 

vt -6.67895 0.03
vt -6.68234 0.03
vn 0.290099 0.956997 0.000209292
v 376.591 89.1126 -99.6684
vt -6.68234 0
vt -6.67895 0
f 4931/9911/1579 4941/9912/1580 5090/9913/1580 4956/9914/1579 

vt -6.69909 0.03
vt -6.70589 0.03
vn 0.364478 0.931212 0.000262953
v 376.917 89.0146 -99.6681
vt -6.70589 0
vt -6.69909 0
f 4941/9915/1580 4948/9916/1581 5091/9917/1581 5090/9918/1580 

vt -5.99595 0.03
vt -6.00274 0.03
vn 0.438539 0.898712 0.000316384
v 377.223 88.8655 -99.6679
vt -6.00274 0
vt -5.99595 0
f 4948/9919/1581 4972/9920/1582 5092/9921/1582 5091/9922/1581 

vt -3.3421 0.03
vn 0.779991 0.625791 0.000562724
vt -3.34598 0.03
v 377.344 88.7138 -99.6678
vt -3.34598 0
vt -3.3421 0
f 4972/9923/1583 5080/9924/1583 5093/9925/1583 5092/9926/1583 

vt 7.54425 0.878718
f 4972/9721/258 4973/9722/258 5080/9927/258

vt 7.5443 0.877827
f 5080/9927/258 4973/9722/258 5079/9928/258

vt 6.00409 0.03
vn -0.43909 -0.898443 -0.000316782
vt 6.00192 0.03
vt 6.00192 0
v 377.347 88.6247 -99.6678
vt 6.00409 0
f 5079/9929/1584 4973/9930/1559 4974/9931/1559 5094/9932/1584 

f 4975/9727/432 4973/9728/432 5079/9893/432

f 4974/9728/432 5093/9894/432 5094/9893/432

f 4974/9728/432 5092/9895/432 5093/9894/432

f 4971/9715/432 5092/9895/432 4974/9728/432

f 4971/9715/432 5091/9898/432 5092/9895/432

f 4950/9654/432 5091/9898/432 4971/9715/432

f 4947/9641/432 5091/9898/432 4950/9654/432

f 4947/9641/432 5090/9901/432 5091/9898/432

f 4944/9637/432 5090/9901/432 4947/9641/432

f 4943/9639/432 5090/9901/432 4944/9637/432

f 5090/9901/432 4943/9639/432 4956/9666/432

vt 1.53992 0.03
vn 0.999569 0.0293414 0.00072114
vt 1.53814 0.03
vt 1.53814 0
vt 1.53992 0
f 5080/9933/1585 5079/9934/1585 5094/9935/1585 5093/9936/1585 

vt 2.93545 0.03
vn 0.985356 -0.170511 0.000710885
vt 2.93352 0.03
vn 0.987533 -0.157412 0.000712456
vt 2.93352 0
v 376.391 89.2741 -99.6685
vt 2.93545 0
f 5089/9937/1586 4691/9938/1587 4686/9939/1587 5095/9940/1586 

vt 7.5252 0.884328
f 4690/8717/258 4691/8719/258 5089/9941/258

vt 7.52548 0.885076
f 4690/8717/258 5089/9941/258 5088/9942/258

vt 3.12582 0.03
vn 0.98063 -0.195866 0.000707476
vt 3.1243 0.03
vt 3.1243 0
v 376.405 89.349 -99.6685
vt 3.12582 0
f 5088/9943/1588 5089/9944/1586 5095/9945/1586 5096/9946/1588 

f 5095/9906/432 4687/8711/432 5096/9905/432

f 4686/8710/432 4687/8711/432 5095/9906/432

v 376.414 89.3895 -99.6685
f 5096/9905/432 4687/8711/432 5097/9904/432

v 376.471 89.6306 -99.6684
f 4687/8711/432 5098/9903/432 5097/9904/432

v 376.524 89.8533 -99.6684
f 5098/9903/432 4687/8711/432 5099/9902/432

vt -2.98944 0.03
vn 0.808005 0.589176 0.000582935
vt -2.99237 0.03
vt -2.99237 0
vt -2.98944 0
f 4690/9947/1589 5085/9948/1589 5099/9949/1589 4687/9950/1589 

v 376.584 90.113 -96.6684
vt -7.5291 0.892715
v 376.545 89.9522 -96.6684
vt -7.52834 0.891107
v 376.527 90.0593 -96.6684
vt -7.52798 0.892179
f 5100/9951/432 5101/9952/432 5085/9902/432 4690/8711/432 5102/9953/432 

vt -3.4766 0.03
vn -0.972973 0.230919 -0.000701952
vt -3.4799 0.03
v 376.586 90.113 -99.6684
vt -3.4799 0
v 376.548 89.9522 -99.6684
vt -3.4766 0
f 5101/9954/1590 5100/9955/1590 5103/9956/1590 5104/9957/1590 

vt 7.52834 0.891107
vt 7.52991 0.888712
vt 7.5291 0.892715
f 5101/9958/258 5084/9959/258 5100/9960/258

vt 7.52786 0.890119
f 5084/9959/258 5101/9958/258 5085/9961/258

vt -3.47457 0.03
vt -3.47457 0
f 5085/9962/1590 5101/9954/1590 5104/9957/1590 5099/9963/1590 

v 376.627 89.7127 -99.6683
f 5104/9952/432 5105/9900/432 5099/9902/432

f 5105/9900/432 5104/9952/432 5103/9951/432

f 5103/9951/432 4688/8712/432 5105/9900/432

v 376.53 90.0593 -99.6684
f 5106/9953/432 4688/8712/432 5103/9951/432

f 4687/8711/432 4688/8712/432 5106/9953/432

vt 6.67684 0.03
vn 0.690997 -0.722857 0.00049852
vt 6.67431 0.03
vt 6.67431 0
vt 6.67684 0
f 5102/9964/1591 4690/9965/1591 4687/9966/1591 5106/9967/1591 

vt 7.52798 0.892179
f 4689/8718/258 4690/8717/258 5102/9968/258

f 4689/8718/258 5102/9968/258 5100/9960/258

vt 6.6784 0.03
vt 6.6784 0
f 5100/9969/1591 5102/9964/1591 5106/9967/1591 5103/9970/1591 

f 4689/8718/258 5100/9960/258 5084/9959/258

vt 7.53291 0.887184
f 4689/8718/258 5084/9959/258 5083/9971/258

vt 4.00486 0.03
vn -0.666354 -0.745635 -0.000480741
vt 4.00058 0.03
vn -0.762936 -0.646474 -0.00055042
vt 4.00058 0
v 376.776 89.56 -99.6682
vt 4.00486 0
f 5083/9972/1592 5084/9973/1593 5105/9974/1593 5107/9975/1592 

vt 2.99585 0.03
vt 2.99237 0.03
vn -0.808005 -0.589176 -0.000582935
vt 2.99237 0
vt 2.99585 0
f 5084/9976/1593 5085/9977/1594 5099/9978/1594 5105/9979/1593 

vt 3.47457 0.03
vn 0.972973 -0.230919 0.000701952
vt 3.46999 0.03
vt 3.46999 0
vt 3.47457 0
f 5085/9980/1595 5086/9981/1595 5098/9982/1595 5099/9983/1595 

vt 7.5268 0.887892
f 4690/8717/258 5086/9984/258 5085/9961/258

vt 7.52566 0.885481
f 5086/9984/258 4690/8717/258 5087/9985/258

f 4690/8717/258 5088/9942/258 5087/9985/258

vt 3.30262 0.03
vn 0.975604 -0.219535 0.00070385
vt 3.30179 0.03
vt 3.30179 0
vt 3.30262 0
f 5087/9986/1596 5088/9987/1588 5096/9988/1588 5097/9989/1596 

vt 3.46504 0.03
vt 3.46504 0
f 5086/9981/1595 5087/9990/1596 5097/9991/1596 5098/9982/1595 

f 5105/9900/432 4688/8712/432 5107/9899/432

v 377.093 91.6212 -99.668
vt -7.53926 0.907794
f 5107/9899/432 4688/8712/432 5108/9992/432

vt -7.0176 0.03
v 377.09 91.6212 -96.668
vt -7.02608 0.03
vn 0.342488 0.939522 0.000247088
vt -7.02608 0
vt -7.0176 0
f 4689/9993/1360 5109/9994/1597 5108/9995/1597 4688/9996/1360 

vt 7.53926 0.907794
f 4689/8718/258 5083/9971/258 5109/9997/258

vt 7.53647 0.885786
f 5109/9997/258 5083/9971/258 5082/9998/258

vt 4.84152 0.03
vn -0.557415 -0.830234 -0.000402147
vt 4.83699 0.03
vt 4.83699 0
v 376.955 89.4203 -99.6681
vt 4.84152 0
f 5082/9999/1598 5083/10000/1592 5107/10001/1592 5110/10002/1598 

f 5107/9899/432 5108/9992/432 5110/9897/432

v 377.168 89.2986 -99.6679
f 5110/9897/432 5108/9992/432 5111/9896/432

v 377.511 91.3932 -99.6677
vt -7.54761 0.90551
f 5111/9896/432 5108/9992/432 5112/10003/432

vt -5.74711 0.03
v 377.509 91.3932 -96.6677
vt -5.75663 0.03
vn 0.590156 0.807289 0.000425768
vt -5.75663 0
vt -5.74711 0
f 5109/10004/1597 5113/10005/1599 5112/10006/1599 5108/10007/1597 

vt 7.54073 0.884567
vt 7.54761 0.90551
f 5109/9997/258 5081/10008/258 5113/10009/258

f 5109/9997/258 5082/9998/258 5081/10008/258

vt 5.66766 0.03
vn -0.410096 -0.912042 -0.000295864
vt 5.66275 0.03
vt 5.66275 0
vt 5.66766 0
f 5081/10010/1600 5082/10011/1598 5110/10012/1598 5111/10013/1600 

vt 6.58472 0.03
vn -0.214187 -0.976793 -0.000154526
vt 6.57321 0.03
vt 6.57321 0
v 377.713 89.1142 -99.6675
vt 6.58472 0
f 5078/10014/1601 5081/10015/1600 5111/10016/1600 5114/10017/1601 

vt 7.55162 0.882719
f 5113/10009/258 5081/10008/258 5078/10018/258

v 377.974 90.9479 -96.6674
vt 7.55691 0.901054
f 5113/10009/258 5078/10018/258 5115/10019/258

v 378.336 89.0481 -96.6671
vt 7.56411 0.882054
f 5115/10019/258 5078/10018/258 5116/10020/258

vt 7.33466 0.03
vn -0.0379231 -0.999281 -2.73596e-05
vt 7.32211 0.03
vt 7.32211 0
v 378.338 89.0481 -99.6671
vt 7.33466 0
f 5116/10021/1602 5078/10022/1601 5114/10023/1601 5117/10024/1602 

vt -7.56411 0.882054
f 5077/9887/432 5078/9892/432 5116/10025/432

v 378.429 87.6301 -96.667
vt -7.56595 0.867873
f 5077/9887/432 5116/10025/432 5118/10026/432

v 378.43 87.7177 -96.667
vt -7.56597 0.868749
f 5116/10025/432 5119/10027/432 5118/10026/432

v 378.439 87.8102 -96.667
vt -7.56615 0.869674
f 5119/10027/432 5116/10025/432 5120/10028/432

v 378.453 87.9028 -96.667
vt -7.56645 0.8706
f 5120/10028/432 5116/10025/432 5121/10029/432

v 378.472 87.9906 -96.667
vt -7.56681 0.871478
f 5121/10029/432 5116/10025/432 5122/10030/432

v 378.491 88.0689 -96.667
vt -7.56719 0.872261
f 5122/10030/432 5116/10025/432 5123/10031/432

v 378.508 88.133 -96.667
vt -7.56754 0.872902
f 5123/10031/432 5116/10025/432 5124/10032/432

v 378.903 89.0649 -96.6667
vt -7.57544 0.882217
f 5124/10032/432 5116/10025/432 5125/10033/432

vt 7.62318 0.03
vn -0.000548227 -1 -3.95519e-07
vt 7.61184 0.03
vt 7.61184 0
v 378.905 89.0649 -99.6667
vt 7.62318 0
f 5125/10034/1603 5116/10035/1602 5117/10036/1602 5126/10037/1603 

v 378.444 90.47 -96.667
vt 7.5663 0.896272
vt 7.57544 0.882217
f 5127/10038/258 5116/10020/258 5125/10039/258

f 5115/10019/258 5116/10020/258 5127/10038/258

vt -4.00897 0.03
vn 0.702296 0.711885 0.000506672
vt -4.02237 0.03
vn 0.581724 0.813386 0.000419685
v 378.446 90.47 -99.667
vt -4.02237 0
v 377.976 90.9479 -99.6674
vt -4.00897 0
f 5115/10040/1604 5127/10041/1605 5128/10042/1605 5129/10043/1604 

vt -6.04081 0.03
v 378.96 90.2219 -96.6666
vt -6.05226 0.03
vn 0.433016 0.901386 0.0003124
v 378.963 90.2219 -99.6666
vt -6.05226 0
vt -6.04081 0
f 5127/10044/1605 5130/10045/1606 5131/10046/1606 5128/10047/1605 

vt 7.57661 0.893788
f 5127/10038/258 5125/10039/258 5130/10048/258

v 379.457 89.0479 -96.6663
vt 7.58653 0.882043
f 5130/10048/258 5125/10039/258 5132/10049/258

vt 7.52743 0.03
vn -0.122948 -0.992413 -8.87009e-05
vt 7.51634 0.03
vt 7.51634 0
v 379.459 89.0479 -99.6663
vt 7.52743 0
f 5132/10050/1607 5125/10051/1603 5126/10052/1603 5133/10053/1607 

v 378.917 88.2532 -96.6667
vt -7.57573 0.874101
vt -7.58653 0.882043
f 5134/10054/432 5125/10033/432 5132/10055/432

v 378.89 88.2792 -96.6667
vt -7.57518 0.87436
f 5135/10056/432 5125/10033/432 5134/10054/432

v 378.866 88.2953 -96.6667
vt -7.5747 0.874521
f 5136/10057/432 5125/10033/432 5135/10056/432

v 378.834 88.2642 -96.6667
vt -7.57407 0.874211
f 5137/10058/432 5125/10033/432 5136/10057/432

v 378.779 87.729 -96.6668
vt -7.57296 0.86886
f 5138/10059/432 5125/10033/432 5137/10058/432

v 378.739 87.719 -96.6668
vt -7.57215 0.868759
f 5139/10060/432 5125/10033/432 5138/10059/432

v 378.694 87.7449 -96.6668
vt -7.57126 0.869019
f 5140/10061/432 5125/10033/432 5139/10060/432

v 378.674 87.7671 -96.6668
vt -7.57085 0.869241
f 5141/10062/432 5125/10033/432 5140/10061/432

v 378.656 87.7931 -96.6669
vt -7.57049 0.869501
f 5142/10063/432 5125/10033/432 5141/10062/432

v 378.641 87.8227 -96.6669
vt -7.57021 0.869797
f 5143/10064/432 5125/10033/432 5142/10063/432

v 378.625 87.8672 -96.6669
vt -7.56988 0.870243
f 5144/10065/432 5125/10033/432 5143/10064/432

v 378.607 87.925 -96.6669
vt -7.56951 0.87082
f 5145/10066/432 5125/10033/432 5144/10065/432

v 378.587 87.9897 -96.6669
vt -7.56912 0.871468
f 5146/10067/432 5125/10033/432 5145/10066/432

v 378.568 88.0551 -96.6669
vt -7.56874 0.872122
f 5147/10068/432 5125/10033/432 5146/10067/432

v 378.551 88.115 -96.6669
vt -7.56841 0.872721
f 5148/10069/432 5125/10033/432 5147/10068/432

v 378.538 88.1632 -96.6669
vt -7.56815 0.873203
f 5149/10070/432 5125/10033/432 5148/10069/432

f 5124/10032/432 5125/10033/432 5149/10070/432

v 379.256 87.2595 -96.6664
vt -7.58249 0.864161
v 379.214 87.2266 -96.6665
vt -7.58164 0.863832
v 379.185 87.2318 -96.6665
vt -7.58106 0.863884
v 379.108 87.2455 -96.6665
vt -7.57953 0.864022
v 378.999 87.265 -96.6666
vt -7.57735 0.864217
v 378.874 87.2873 -96.6667
vt -7.57485 0.864442
v 378.748 87.3098 -96.6668
vt -7.57234 0.864668
v 378.637 87.3296 -96.6669
vt -7.57012 0.864867
v 378.557 87.344 -96.6669
vt -7.56851 0.865011
v 378.496 87.38 -96.667
vt -7.5673 0.865371
v 378.48 87.4069 -96.667
vt -7.56697 0.865641
v 378.463 87.4443 -96.667
vt -7.56664 0.866014
v 378.448 87.4932 -96.667
vt -7.56633 0.866503
v 378.436 87.5547 -96.667
vt -7.56609 0.867119
v 378.795 87.7518 -96.6668
vt -7.57327 0.869087
v 378.806 87.7909 -96.6668
vt -7.57349 0.869478
v 378.815 87.8549 -96.6667
vt -7.57367 0.870118
v 378.821 87.9368 -96.6667
vt -7.5738 0.870937
v 378.827 88.0276 -96.6667
vt -7.57391 0.871845
v 378.83 88.1184 -96.6667
vt -7.57399 0.872753
v 378.833 88.2002 -96.6667
vt -7.57404 0.873571
v 378.944 88.2153 -96.6667
vt -7.57627 0.873722
v 378.969 88.1632 -96.6666
vt -7.57675 0.8732
v 378.987 88.0947 -96.6666
vt -7.57712 0.872515
v 378.998 88.009 -96.6666
vt -7.57734 0.871657
v 379.008 87.921 -96.6666
vt -7.57753 0.870778
v 379.019 87.8372 -96.6666
vt -7.57776 0.86994
v 379.032 87.7597 -96.6666
vt -7.57802 0.869164
v 379.047 87.6906 -96.6666
vt -7.57832 0.868474
v 379.065 87.6323 -96.6666
vt -7.57866 0.867891
v 379.084 87.5869 -96.6666
vt -7.57906 0.867437
v 379.107 87.5567 -96.6665
vt -7.57951 0.867134
v 379.133 87.5446 -96.6665
vt -7.58002 0.867013
v 379.163 87.5647 -96.6665
vt -7.58064 0.867213
v 379.198 87.6136 -96.6665
vt -7.58133 0.867703
v 379.234 87.6815 -96.6664
vt -7.58205 0.868381
v 379.269 87.7582 -96.6664
vt -7.58274 0.869148
v 379.3 87.8337 -96.6664
vt -7.58336 0.869902
v 379.324 87.8979 -96.6664
vt -7.58385 0.870544
v 379.364 87.926 -96.6664
vt -7.58465 0.870825
v 379.383 87.8965 -96.6663
vt -7.58503 0.87053
v 379.405 87.8572 -96.6663
vt -7.58547 0.870137
v 379.427 87.8089 -96.6663
vt -7.58592 0.869653
v 379.448 87.752 -96.6663
vt -7.58633 0.869085
v 379.464 87.6874 -96.6663
vt -7.58665 0.868439
v 379.474 87.6157 -96.6663
vt -7.58685 0.867722
v 379.466 87.5421 -96.6663
vt -7.58669 0.866985
v 379.438 87.4712 -96.6663
vt -7.58613 0.866277
v 379.397 87.4054 -96.6663
vt -7.5853 0.865619
v 379.348 87.3468 -96.6664
vt -7.58433 0.865033
v 379.299 87.2974 -96.6664
vt -7.58335 0.86454
f 5150/10071/432 5151/10072/432 5152/10073/432 5153/10074/432 5154/10075/432 5155/10076/432 5156/10077/432 5157/10078/432 5158/10079/432 5159/10080/432 5160/10081/432 5161/10082/432 5162/10083/432 5163/10084/432 5118/10026/432 5119/10027/432 5120/10028/432 5121/10029/432 5122/10030/432 5123/10031/432 5124/10032/432 5149/10070/432 5148/10069/432 5147/10068/432 5146/10067/432 5145/10066/432 5144/10065/432 5143/10064/432 5142/10063/432 5141/10062/432 5140/10061/432 5139/10060/432 5138/10059/432 5164/10085/432 5165/10086/432 5166/10087/432 5167/10088/432 5168/10089/432 5169/10090/432 5170/10091/432 5137/10058/432 5136/10057/432 5135/10056/432 5134/10054/432 5171/10092/432 5172/10093/432 5173/10094/432 5174/10095/432 5175/10096/432 5176/10097/432 5177/10098/432 5178/10099/432 5179/10100/432 5180/10101/432 5181/10102/432 5182/10103/432 5183/10104/432 5184/10105/432 5185/10106/432 5186/10107/432 5187/10108/432 5188/10109/432 5189/10110/432 5190/10111/432 5191/10112/432 5192/10113/432 5193/10114/432 5194/10115/432 5195/10116/432 5196/10117/432 5197/10118/432 5198/10119/432 5199/10120/432 5200/10121/432 

v 379.528 86.7304 -96.6662
vt -7.58791 0.858868
f 5201/10122/432 5151/10072/432 5150/10071/432

f 5201/10122/432 5152/10073/432 5151/10072/432

f 5201/10122/432 5153/10074/432 5152/10073/432

v 379.023 86.9655 -96.6666
vt -7.57783 0.861222
f 5202/10123/432 5153/10074/432 5201/10122/432

f 5202/10123/432 5154/10075/432 5153/10074/432

f 5202/10123/432 5155/10076/432 5154/10075/432

f 5202/10123/432 5156/10077/432 5155/10076/432

f 5202/10123/432 5157/10078/432 5156/10077/432

f 5202/10123/432 5158/10079/432 5157/10078/432

v 378.498 87.1419 -96.667
vt -7.56733 0.862991
f 5203/10124/432 5158/10079/432 5202/10123/432

f 5203/10124/432 5159/10080/432 5158/10079/432

f 5203/10124/432 5160/10081/432 5159/10080/432

f 5203/10124/432 5161/10082/432 5160/10081/432

f 5203/10124/432 5162/10083/432 5161/10082/432

f 5203/10124/432 5163/10084/432 5162/10083/432

f 5077/9887/432 5163/10084/432 5203/10124/432

f 5077/9887/432 5118/10026/432 5163/10084/432

vt -7.60899 0.03
vn -0.0335064 0.999439 -2.41732e-05
vt -7.61982 0.03
v 378.5 87.1419 -99.667
vt -7.61982 0
vt -7.60899 0
f 5077/10125/1608 5203/10126/1608 5204/10127/1608 5076/10128/1608 

vt 7.56119 0.841638
vt 7.56733 0.862991
vt 7.55651 0.862813
f 5001/10129/258 5203/10130/258 5077/10131/258

vt 7.56176 0.841589
f 5203/10130/258 5001/10129/258 5002/10132/258

vt 7.16851 0.03
vn -0.18715 -0.982331 -0.00013502
vt 7.16793 0.03
vn -0.168343 -0.985728 -0.000121451
vt 7.16793 0
v 378.223 85.0015 -99.6672
vt 7.16851 0
f 5002/10133/1609 5001/10134/1610 5075/10135/1610 5205/10136/1609 

vt -0.426266 0.03
vn 0.962501 0.271279 0.000694396
vt -0.427345 0.03
vn 0.921861 0.387521 0.000665077
v 378.209 84.9545 -99.6672
vt -0.427345 0
vt -0.426266 0
f 5001/10137/1611 5000/10138/1612 5206/10139/1612 5075/10140/1611 

vt 7.56293 0.835641
vt 7.56148 0.841118
f 5001/10129/258 4992/10141/258 5000/10142/258

f 4975/9734/258 4992/10141/258 5001/10129/258

f 4975/9734/258 4977/9733/258 4992/10141/258

vt 0.030949 0.03
vn 0.996467 0.0839804 0.000718902
vt 0.0301046 0.03
vt 0.0301046 0
vt 0.030949 0
f 4992/10143/1613 4977/10144/1561 4979/10145/1561 5074/10146/1613 

vt 2.02253 0.03
vn 0.99009 -0.140433 0.000714301
vt 2.02147 0.03
vt 2.02147 0
v 378.285 84.4599 -99.6671
vt 2.02253 0
f 4993/10147/1614 4992/10148/1613 5074/10149/1613 5207/10150/1614 

vt 7.56326 0.839192
vt 7.56298 0.836172
f 4997/10151/258 4992/10141/258 4993/10152/258

vt 7.56272 0.839932
f 4992/10141/258 4997/10151/258 4998/10153/258

vt -1.02837 0.03
vn 0.920758 0.390133 0.000664281
vt -1.02994 0.03
vn 0.959577 0.281447 0.000692287
v 378.298 84.7619 -99.6671
vt -1.02994 0
v 378.271 84.8359 -99.6671
vt -1.02837 0
f 4998/10154/1615 4997/10155/1616 5208/10156/1616 5209/10157/1615 

vt 0.00556217 0.03
vt 0.00394798 0.03
vn 0.992328 0.12363 0.000715915
v 378.316 84.6831 -99.6671
vt 0.00394798 0
vt 0.00556217 0
f 4997/10158/1616 4996/10159/1617 5210/10160/1617 5208/10161/1616 

vt 7.5633 0.836834
vt 7.56361 0.838404
f 4997/10151/258 4994/10162/258 4996/10163/258

f 4997/10151/258 4993/10152/258 4994/10162/258

vt 3.39885 0.03
vn 0.973673 -0.227949 0.000702457
vt 3.39749 0.03
vt 3.39749 0
v 378.301 84.5261 -99.6671
vt 3.39885 0
f 4994/10164/1618 4993/10165/1614 5207/10166/1614 5211/10167/1618 

f 5207/9754/432 5208/9758/432 5211/9755/432

f 5074/9753/432 5208/9758/432 5207/9754/432

f 5208/9758/432 5074/9753/432 5209/9759/432

v 378.24 84.9014 -99.6672
f 5074/9753/432 5212/9760/432 5209/9759/432

f 5074/9753/432 5206/9761/432 5212/9760/432

f 5074/9753/432 5075/9762/432 5206/9761/432

vt -2.30124 0.03
vt -2.30246 0.03
vn 0.884586 0.466377 0.000638185
vt -2.30246 0
vt -2.30124 0
f 5000/10168/1612 4999/10169/1619 5212/10170/1619 5206/10171/1612 

vt 7.56209 0.840587
f 5000/10142/258 4992/10141/258 4999/10172/258

f 4999/10172/258 4992/10141/258 4998/10153/258

vt -1.76488 0.03
vt -1.76633 0.03
vt -1.76633 0
vt -1.76488 0
f 4999/10173/1619 4998/10174/1615 5209/10175/1615 5212/10176/1619 

f 5211/9755/432 5208/9758/432 5210/9757/432

v 378.318 84.6032 -99.6671
f 5211/9755/432 5210/9757/432 5213/9756/432

vt 1.45671 0.03
vt 1.45511 0.03
vn 0.995276 -0.0970817 0.000718042
vt 1.45511 0
vt 1.45671 0
f 4996/10177/1617 4995/10178/1620 5213/10179/1620 5210/10180/1617 

vt 7.56365 0.837605
f 4996/10163/258 4994/10162/258 4995/10181/258

vt 3.31836 0.03
vt 3.31678 0.03
vt 3.31678 0
vt 3.31836 0
f 4995/10182/1620 4994/10183/1618 5211/10184/1618 5213/10185/1620 

f 4975/9734/258 5001/10129/258 5077/10131/258

f 5075/9762/432 5204/10124/432 5205/9763/432

f 5204/10124/432 5075/9762/432 5076/9887/432

v 378.26 84.9939 -99.6671
f 5205/9763/432 5204/10124/432 5214/9764/432

v 378.301 84.9831 -99.6671
f 5214/9764/432 5204/10124/432 5215/9765/432

v 378.343 84.9687 -99.6671
f 5215/9765/432 5204/10124/432 5216/9766/432

v 378.385 84.9505 -99.6671
f 5216/9766/432 5204/10124/432 5217/9767/432

v 378.421 84.9281 -99.667
f 5217/9767/432 5204/10124/432 5218/9768/432

v 378.45 84.8989 -99.667
f 5218/9768/432 5204/10124/432 5219/9769/432

v 378.468 84.8591 -99.667
f 5219/9769/432 5204/10124/432 5220/9770/432

v 378.481 84.8145 -99.667
f 5220/9770/432 5204/10124/432 5221/9771/432

v 378.491 84.7712 -99.667
f 5221/9771/432 5204/10124/432 5222/9772/432

v 378.503 84.7356 -99.667
f 5222/9772/432 5204/10124/432 5223/9773/432

v 379.025 86.9655 -99.6666
f 5223/9773/432 5204/10124/432 5224/10123/432

vt -6.6217 0.03
vn 0.318305 0.947988 0.000229641
vt -6.63278 0.03
vn 0.370874 0.928683 0.000267567
vt -6.63278 0
vt -6.6217 0
f 5203/10186/1621 5202/10187/1622 5224/10188/1622 5204/10189/1621 

vt 7.56735 0.838927
vt 7.57783 0.861222
f 5203/10130/258 5012/10190/258 5202/10191/258

vt 7.56711 0.839283
f 5203/10130/258 5011/10192/258 5012/10190/258

vt 7.5669 0.839716
f 5203/10130/258 5010/10193/258 5011/10192/258

vt 7.56666 0.840163
f 5203/10130/258 5009/10194/258 5010/10193/258

vt 7.56629 0.840561
f 5203/10130/258 5008/10195/258 5009/10194/258

vt 7.56572 0.840853
f 5203/10130/258 5007/10196/258 5008/10195/258

vt 7.56499 0.841077
f 5203/10130/258 5006/10197/258 5007/10196/258

vt 7.56416 0.84126
f 5203/10130/258 5005/10198/258 5006/10197/258

vt 7.56331 0.841403
f 5203/10130/258 5004/10199/258 5005/10198/258

vt 7.56249 0.841512
f 5203/10130/258 5003/10200/258 5004/10199/258

f 5203/10130/258 5002/10132/258 5003/10200/258

vt 7.05181 0.03
vn -0.230113 -0.973164 -0.000166015
vt 7.05106 0.03
vt 7.05106 0
vt 7.05181 0
f 5003/10201/1623 5002/10202/1609 5205/10203/1609 5214/10204/1623 

vt 6.88476 0.03
vn -0.286179 -0.958176 -0.000206464
vt 6.88391 0.03
vt 6.88391 0
vt 6.88476 0
f 5004/10205/1624 5003/10206/1623 5214/10207/1623 5215/10208/1624 

vt 6.6345 0.03
vn -0.361269 -0.932462 -0.000260637
vt 6.6336 0.03
vt 6.6336 0
vt 6.6345 0
f 5005/10209/1625 5004/10210/1624 5215/10211/1624 5216/10212/1625 

vt 6.23797 0.03
vn -0.46424 -0.885709 -0.000334926
vt 6.23707 0.03
vt 6.23707 0
vt 6.23797 0
f 5006/10213/1626 5005/10214/1625 5216/10215/1625 5217/10216/1626 

vt 5.56883 0.03
vn -0.624095 -0.781348 -0.000450253
vt 5.56798 0.03
vt 5.56798 0
vt 5.56883 0
f 5007/10217/1627 5006/10218/1626 5217/10219/1626 5218/10220/1627 

vt 4.07329 0.03
vn -0.823245 -0.567686 -0.00059393
vt 4.07248 0.03
vt 4.07248 0
vt 4.07329 0
f 5008/10221/1628 5007/10222/1627 5218/10223/1627 5219/10224/1628 

vt 1.65846 0.03
vn -0.938735 -0.34464 -0.000677251
vt 1.65759 0.03
vt 1.65759 0
vt 1.65846 0
f 5009/10225/1629 5008/10226/1628 5219/10227/1628 5220/10228/1629 

vt 0.386685 0.03
vn -0.968759 -0.248001 -0.000698912
vt 0.385759 0.03
vt 0.385759 0
vt 0.386685 0
f 5010/10229/1630 5009/10230/1629 5220/10231/1629 5221/10232/1630 

vt 0.103844 0.03
vn -0.96054 -0.278143 -0.000692982
vt 0.102954 0.03
vt 0.102954 0
vt 0.103844 0
f 5011/10233/1631 5010/10234/1630 5221/10235/1630 5222/10236/1631 

vt 0.870972 0.03
vn -0.945582 -0.325383 -0.000682191
vt 0.870219 0.03
vt 0.870219 0
vt 0.870972 0
f 5012/10237/1632 5011/10238/1631 5222/10239/1631 5223/10240/1632 

vt 3.62023 0.03
vn -0.761805 -0.647806 -0.000549605
vt 3.61967 0.03
vt 3.61967 0
v 378.521 84.714 -99.667
vt 3.62023 0
f 5013/10241/1633 5012/10242/1633 5223/10243/1633 5225/10244/1633 

vt 7.56772 0.838712
f 5202/10191/258 5012/10190/258 5013/10245/258

vt 7.57101 0.84599
f 5202/10191/258 5013/10245/258 5023/10246/258

vt 7.57083 0.845567
f 5023/10246/258 5013/10245/258 5022/10247/258

vt 7.56829 0.8387
f 5022/10247/258 5013/10245/258 5014/10248/258

vt 7.49071 0.03
vn -0.0415195 -0.999138 -2.99542e-05
vt 7.49014 0.03
vt 7.49014 0
v 378.55 84.7128 -99.6669
vt 7.49071 0
f 5014/10249/1634 5013/10250/1634 5225/10251/1634 5226/10252/1634 

v 378.677 85.3997 -99.6668
f 5225/9774/432 5227/9783/432 5226/9775/432

v 378.685 85.442 -99.6668
f 5225/9774/432 5228/9784/432 5227/9783/432

f 5225/9774/432 5224/10123/432 5228/9784/432

f 5223/9773/432 5224/10123/432 5225/9774/432

v 378.712 85.4269 -99.6668
f 5228/9784/432 5224/10123/432 5229/9785/432

v 378.748 85.4027 -99.6668
f 5229/9785/432 5224/10123/432 5230/9786/432

v 378.788 85.368 -99.6668
f 5230/9786/432 5224/10123/432 5231/9787/432

v 378.829 85.3219 -99.6667
f 5231/9787/432 5224/10123/432 5232/9788/432

v 378.868 85.2631 -99.6667
f 5232/9788/432 5224/10123/432 5233/9789/432

v 378.901 85.1906 -99.6667
f 5233/9789/432 5224/10123/432 5234/9790/432

v 378.925 85.1043 -99.6667
f 5234/9790/432 5224/10123/432 5235/9791/432

v 378.942 85.0155 -99.6667
f 5235/9791/432 5224/10123/432 5236/9792/432

v 378.952 84.9295 -99.6666
f 5236/9792/432 5224/10123/432 5237/9793/432

v 378.958 84.8493 -99.6666
f 5237/9793/432 5224/10123/432 5238/9794/432

v 378.96 84.7782 -99.6666
f 5238/9794/432 5224/10123/432 5239/9795/432

v 378.985 84.6278 -99.6666
f 5239/9795/432 5224/10123/432 5240/9798/432

v 379.062 84.6111 -99.6666
f 5240/9798/432 5224/10123/432 5241/9799/432

v 379.53 86.7304 -99.6662
f 5241/9799/432 5224/10123/432 5242/10122/432

vt -6.13861 0.03
vt -6.14974 0.03
vn 0.42228 0.906465 0.000304654
vt -6.14974 0
vt -6.13861 0
f 5202/10253/1622 5201/10254/1635 5242/10255/1635 5224/10256/1622 

vt 7.57852 0.837678
vt 7.58791 0.858868
f 5202/10191/258 5038/10257/258 5201/10258/258

vt 7.57699 0.837846
f 5202/10191/258 5037/10259/258 5038/10257/258

vt 7.57648 0.839351
f 5202/10191/258 5034/10260/258 5037/10259/258

vt 7.57644 0.840061
f 5202/10191/258 5033/10261/258 5034/10260/258

vt 7.57633 0.840863
f 5202/10191/258 5032/10262/258 5033/10261/258

vt 7.57613 0.841723
f 5202/10191/258 5031/10263/258 5032/10262/258

vt 7.5758 0.842611
f 5202/10191/258 5030/10264/258 5031/10263/258

vt 7.57532 0.843474
f 5202/10191/258 5029/10265/258 5030/10264/258

vt 7.57465 0.8442
f 5202/10191/258 5028/10266/258 5029/10265/258

vt 7.57387 0.844788
f 5202/10191/258 5027/10267/258 5028/10266/258

vt 7.57305 0.84525
f 5202/10191/258 5026/10268/258 5027/10267/258

vt 7.57225 0.845596
f 5202/10191/258 5025/10269/258 5026/10268/258

vt 7.57154 0.845839
f 5202/10191/258 5024/10270/258 5025/10269/258

f 5202/10191/258 5023/10246/258 5024/10270/258

vt 5.7864 0.03
vn -0.527379 -0.84963 -0.000380477
vt 5.78579 0.03
vn -0.486905 -0.873455 -0.000351278
vt 5.78579 0
vt 5.7864 0
f 5024/10271/1636 5023/10272/1637 5228/10273/1637 5229/10274/1636 

vt 3.17214 0.03
vn 0.979912 -0.199427 0.000706958
vt 3.17127 0.03
vn 0.999532 -0.0305712 0.000721113
vt 3.17127 0
vt 3.17214 0
f 5023/10275/1638 5022/10276/1639 5227/10277/1639 5228/10278/1638 

vt 0.625797 0.03
vt 0.624224 0.03
vn 0.992823 0.119589 0.000716273
v 378.688 85.3218 -99.6668
vt 0.624224 0
vt 0.625797 0
f 5022/10279/1639 5021/10280/1640 5243/10281/1640 5227/10282/1639 

vt 7.57092 0.840411
vt 7.57105 0.844788
f 5022/10247/258 5017/10283/258 5021/10284/258

vt 7.57021 0.839534
f 5017/10283/258 5022/10247/258 5016/10285/258

vt 7.56914 0.838954
f 5022/10247/258 5015/10286/258 5016/10285/258

f 5022/10247/258 5014/10248/258 5015/10286/258

vt 7.36006 0.03
vn 0.630707 -0.776021 0.000455024
vt 7.35906 0.03
vn 0.512755 -0.858535 0.000369927
vt 7.35906 0
v 378.593 84.7383 -99.6669
vt 7.36006 0
f 5015/10287/1641 5014/10288/1642 5226/10289/1642 5244/10290/1641 

f 5226/9775/432 5227/9783/432 5244/9776/432

v 378.646 84.7964 -99.6669
f 5244/9776/432 5227/9783/432 5245/9777/432

v 378.681 84.8841 -99.6668
f 5227/9783/432 5246/9778/432 5245/9777/432

f 5246/9778/432 5227/9783/432 5243/9782/432

v 378.699 84.9911 -99.6668
f 5246/9778/432 5243/9782/432 5247/9779/432

v 378.698 85.2206 -99.6668
f 5247/9779/432 5243/9782/432 5248/9781/432

vt 0.928997 0.03
vt 0.926965 0.03
vn 0.997363 0.0725774 0.000719548
vt 0.926965 0
vt 0.928997 0
f 5021/10291/1640 5020/10292/1643 5248/10293/1643 5243/10294/1640 

vt 7.57127 0.841481
vt 7.57125 0.843776
f 5021/10284/258 5018/10295/258 5020/10296/258

f 5021/10284/258 5017/10283/258 5018/10295/258

vt 2.89421 0.03
vn 0.995071 -0.0991625 0.000717894
vt 2.89204 0.03
vn 0.962964 -0.269629 0.000694731
vt 2.89204 0
vt 2.89421 0
f 5018/10297/1644 5017/10298/1645 5246/10299/1645 5247/10300/1644 

vt 4.39179 0.03
vt 4.38989 0.03
vn 0.92757 -0.37365 0.000669195
vt 4.38989 0
vt 4.39179 0
f 5017/10301/1645 5016/10302/1646 5245/10303/1646 5246/10304/1645 

vt 6.36594 0.03
vn 0.735591 -0.677426 0.000530692
vt 6.36436 0.03
vt 6.36436 0
vt 6.36594 0
f 5016/10305/1647 5015/10306/1641 5244/10307/1641 5245/10308/1647 

vt 1.9581 0.03
vn 0.999988 0.00478692 0.000721442
vt 1.95578 0.03
vt 1.95578 0
v 378.703 85.1069 -99.6668
vt 1.9581 0
f 5019/10309/1648 5018/10310/1644 5247/10311/1644 5249/10312/1648 

vt 7.57135 0.842639
f 5020/10296/258 5018/10295/258 5019/10313/258

vt 1.34876 0.03
vt 1.34649 0.03
vt 1.34649 0
vt 1.34876 0
f 5020/10314/1643 5019/10315/1648 5249/10316/1648 5248/10317/1643 

f 5247/9779/432 5248/9781/432 5249/9780/432

vt 5.27701 0.03
vn -0.611328 -0.791377 -0.000441043
vt 5.27616 0.03
vt 5.27616 0
vt 5.27701 0
f 5025/10318/1649 5024/10319/1636 5229/10320/1636 5230/10321/1649 

vt 4.6186 0.03
vn -0.701079 -0.713083 -0.000505794
vt 4.61755 0.03
vt 4.61755 0
vt 4.6186 0
f 5026/10322/1650 5025/10323/1649 5230/10324/1649 5231/10325/1650 

vt 3.7873 0.03
vn -0.791293 -0.611437 -0.000570878
vt 3.78606 0.03
vt 3.78606 0
vt 3.7873 0
f 5027/10326/1651 5026/10327/1650 5231/10328/1650 5232/10329/1651 

vt 2.77622 0.03
vn -0.874019 -0.485891 -0.000630561
vt 2.77481 0.03
vt 2.77481 0
vt 2.77622 0
f 5028/10330/1652 5027/10331/1651 5232/10332/1651 5233/10333/1652 

vt 1.61212 0.03
vn -0.938873 -0.344263 -0.00067735
vt 1.61053 0.03
vt 1.61053 0
vt 1.61212 0
f 5029/10334/1653 5028/10335/1652 5233/10336/1652 5234/10337/1653 

vt 0.422168 0.03
vn -0.97398 -0.226632 -0.000702678
vt 0.420377 0.03
vt 0.420377 0
vt 0.422168 0
f 5030/10338/1654 5029/10339/1653 5234/10340/1653 5235/10341/1654 

vt -0.278969 0.03
vn -0.98852 -0.151089 -0.000713168
vt -0.280775 0.03
vt -0.280775 0
vt -0.278969 0
f 5031/10342/1655 5030/10343/1654 5235/10344/1654 5236/10345/1655 

vt -0.767184 0.03
vn -0.995548 -0.0942517 -0.000718239
vt -0.768916 0.03
vt -0.768916 0
vt -0.767184 0
f 5032/10346/1656 5031/10347/1655 5236/10348/1655 5237/10349/1656 

vt -1.16033 0.03
vn -0.998863 -0.0476632 -0.00072063
vt -1.16193 0.03
vt -1.16193 0
vt -1.16033 0
f 5033/10350/1657 5032/10351/1656 5237/10352/1656 5238/10353/1657 

vt -1.48121 0.03
vn -0.999959 -0.00904964 -0.000721421
vt -1.48263 0.03
vt -1.48263 0
vt -1.48121 0
f 5034/10354/1658 5033/10355/1657 5238/10356/1657 5239/10357/1658 

vt -1.74652 0.03
vn -0.999613 0.0278195 -0.000721171
vt -1.7477 0.03
vt -1.7477 0
v 378.959 84.7193 -99.6666
vt -1.74652 0
f 5035/10358/1659 5034/10359/1658 5239/10360/1658 5250/10361/1659 

vt 7.57647 0.838761
f 5035/10362/258 5037/10259/258 5034/10260/258

vt 7.5764 0.838072
f 5037/10259/258 5035/10362/258 5036/10363/258

vt -2.03587 0.03
vn -0.998889 0.0471226 -0.000720649
vt -2.03725 0.03
vt -2.03725 0
v 378.956 84.6504 -99.6666
vt -2.03587 0
f 5036/10364/1660 5035/10365/1659 5250/10366/1659 5251/10367/1660 

f 5250/9796/432 5240/9798/432 5251/9797/432

f 5240/9798/432 5250/9796/432 5239/9795/432

vt 4.99656 0.03
vn -0.607532 -0.794295 -0.000438304
vt 4.99581 0.03
vt 4.99581 0
vt 4.99656 0
f 5037/10368/1661 5036/10369/1661 5251/10370/1661 5240/10371/1661 

vt 7.04489 0.03
vn -0.21321 -0.977006 -0.00015382
vt 7.04333 0.03
vt 7.04333 0
vt 7.04489 0
f 5038/10372/1662 5037/10373/1662 5240/10374/1662 5241/10375/1662 

vt 7.59108 0.03
vn 0.415785 -0.909463 0.000299968
vt 7.5898 0.03
vt 7.5898 0
v 379.12 84.6378 -99.6665
vt 7.59108 0
f 5039/10376/1663 5038/10377/1663 5241/10378/1663 5252/10379/1663 

vt 7.57969 0.837945
f 5201/10258/258 5038/10257/258 5039/10380/258

vt 7.58055 0.838514
f 5201/10258/258 5039/10380/258 5040/10381/258

vt 5.89715 0.03
vn 0.871733 -0.489981 0.000628912
vt 5.89572 0.03
vn 0.799499 -0.600668 0.000576799
vt 5.89572 0
v 379.163 84.6948 -99.6665
vt 5.89715 0
f 5040/10382/1664 5039/10383/1665 5252/10384/1665 5253/10385/1664 

f 5252/9800/432 5242/10122/432 5253/9801/432

f 5241/9799/432 5242/10122/432 5252/9800/432

v 379.193 84.7688 -99.6665
f 5253/9801/432 5242/10122/432 5254/9802/432

v 379.23 84.9704 -99.6664
f 5254/9802/432 5242/10122/432 5255/9805/432

v 379.263 84.9369 -99.6664
f 5255/9805/432 5242/10122/432 5256/9806/432

v 379.288 84.9119 -99.6664
f 5256/9806/432 5242/10122/432 5257/9807/432

v 379.323 84.8775 -99.6664
f 5257/9807/432 5242/10122/432 5258/9808/432

v 379.368 84.8323 -99.6663
f 5258/9808/432 5242/10122/432 5259/9809/432

v 379.404 84.7822 -99.6663
f 5259/9809/432 5242/10122/432 5260/9810/432

v 379.422 84.7304 -99.6663
f 5260/9810/432 5242/10122/432 5261/9811/432

v 379.425 84.676 -99.6663
f 5261/9811/432 5242/10122/432 5262/9812/432

f 2515/3427/432 5262/9812/432 5242/10122/432

v 379.417 84.6182 -99.6663
f 2515/3427/432 5263/9813/432 5262/9812/432

v 379.399 84.5563 -99.6663
f 2515/3427/432 5264/9814/432 5263/9813/432

v 379.376 84.4894 -99.6663
f 2515/3427/432 5265/9815/432 5264/9814/432

v 379.349 84.4167 -99.6664
f 2515/3427/432 5266/9816/432 5265/9815/432

v 379.322 84.3376 -99.6664
f 2515/3427/432 5267/9817/432 5266/9816/432

v 379.276 84.2775 -99.6664
f 2515/3427/432 5268/9818/432 5267/9817/432

v 379.202 84.2499 -99.6665
f 2515/3427/432 5269/9819/432 5268/9818/432

v 379.112 84.2472 -99.6665
f 2515/3427/432 5270/9820/432 5269/9819/432

v 379.015 84.2619 -99.6666
f 2515/3427/432 5271/9821/432 5270/9820/432

v 378.922 84.2865 -99.6667
f 2515/3427/432 5272/9822/432 5271/9821/432

f 2515/3427/432 5062/9739/432 5272/9822/432

f 2515/3427/432 5063/9740/432 5062/9739/432

vt -6.63554 0.03
vt -6.63721 0.03
vn 0.287888 0.957664 0.000207697
vt -6.63721 0
vt -6.63554 0
f 4980/10386/1564 5061/10387/1666 5272/10388/1666 5062/10389/1564 

vt 7.57571 0.834433
f 4980/9828/258 2066/2028/258 5061/10390/258

vt 7.57758 0.834187
f 5061/10390/258 2066/2028/258 5060/10391/258

vt 7.57951 0.834039
f 5060/10391/258 2066/2028/258 5059/10392/258

vt 7.58132 0.834065
f 5059/10392/258 2066/2028/258 5058/10393/258

vt 7.58279 0.834341
f 5058/10393/258 2066/2028/258 5057/10394/258

vt 7.58372 0.834942
f 5057/10394/258 2066/2028/258 5056/10395/258

vt 7.58426 0.835732
f 5056/10395/258 2066/2028/258 5055/10396/258

vt 7.5848 0.836459
f 5055/10396/258 2066/2028/258 5054/10397/258

vt 7.58527 0.837128
f 5054/10397/258 2066/2028/258 5053/10398/258

vt 7.58562 0.837747
f 5053/10398/258 2066/2028/258 5052/10399/258

vt 7.58579 0.838325
f 5052/10399/258 2066/2028/258 5051/10400/258

f 5051/10400/258 2066/2028/258 5201/10258/258

v 380.002 86.7981 -96.6659
vt 7.59739 0.859541
f 5201/10258/258 2066/2028/258 5273/10401/258

v 380.401 87.2139 -96.6656
vt 7.60537 0.863697
f 5273/10401/258 2066/2028/258 5274/10402/258

v 381.305 84.9559 -96.665
vt 7.6234 0.84111
f 5274/10402/258 2066/2028/258 5275/10403/258

v 381.336 84.9856 -96.6649
vt 7.62403 0.841407
f 5275/10403/258 2066/2028/258 5276/10404/258

v 381.38 85.0226 -96.6649
vt 7.6249 0.841777
f 5276/10404/258 2066/2028/258 5277/10405/258

v 381.432 85.06 -96.6649
vt 7.62595 0.84215
f 5277/10405/258 2066/2028/258 5278/10406/258

v 381.49 85.0909 -96.6648
vt 7.62711 0.842459
f 5278/10406/258 2066/2028/258 5279/10407/258

v 381.549 85.1086 -96.6648
vt 7.6283 0.842635
f 5279/10407/258 2066/2028/258 5280/10408/258

v 381.607 85.1061 -96.6647
vt 7.62944 0.84261
f 5280/10408/258 2066/2028/258 5281/10409/258

v 381.666 85.0812 -96.6647
vt 7.63062 0.842361
f 5281/10409/258 2066/2028/258 5282/10410/258

v 381.726 85.0405 -96.6646
vt 7.63183 0.841953
f 5282/10410/258 2066/2028/258 5283/10411/258

v 381.785 84.9911 -96.6646
vt 7.633 0.841458
f 5283/10411/258 2066/2028/258 5284/10412/258

v 381.837 84.9401 -96.6646
vt 7.63404 0.840948
f 5284/10412/258 2066/2028/258 5285/10413/258

v 381.879 84.8948 -96.6645
vt 7.63489 0.840495
f 5285/10413/258 2066/2028/258 5286/10414/258

v 381.918 84.8499 -96.6645
vt 7.63566 0.840046
f 5286/10414/258 2066/2028/258 5287/10415/258

v 381.97 84.8693 -96.6645
vt 7.63671 0.840239
f 5287/10415/258 2066/2028/258 5288/10416/258

v 382.025 84.8915 -96.6644
vt 7.6378 0.840461
f 5288/10416/258 2066/2028/258 5289/10417/258

v 382.089 84.9201 -96.6644
vt 7.63907 0.840747
f 5289/10417/258 2066/2028/258 5290/10418/258

v 382.154 84.954 -96.6643
vt 7.64037 0.841085
f 5290/10418/258 2066/2028/258 5291/10419/258

v 382.213 84.9916 -96.6643
vt 7.64155 0.841461
f 5291/10419/258 2066/2028/258 5292/10420/258

v 382.258 85.0317 -96.6643
vt 7.64247 0.841861
f 5292/10420/258 2066/2028/258 5293/10421/258

v 382.282 85.0789 -96.6642
vt 7.64294 0.842333
f 5293/10421/258 2066/2028/258 5294/10422/258

v 382.319 85.6986 -96.6642
vt 7.64368 0.84853
f 5294/10422/258 2066/2028/258 5295/10423/258

v 382.366 85.7427 -96.6642
vt 7.64462 0.848971
f 5295/10423/258 2066/2028/258 5296/10424/258

v 382.371 85.7912 -96.6642
vt 7.64474 0.849456
f 5296/10424/258 2066/2028/258 5297/10425/258

v 382.393 90.7251 -96.6642
vt 7.64523 0.898794
f 5297/10425/258 2066/2028/258 5298/10426/258

v 382.461 90.6856 -96.6641
vt 7.6466 0.898399
f 5298/10426/258 2066/2028/258 5299/10427/258

v 382.56 90.5112 -96.664
vt 7.64858 0.896654
f 5299/10427/258 2066/2028/258 5300/10428/258

v 382.647 90.1576 -96.664
vt 7.65032 0.893118
f 5300/10428/258 2066/2028/258 5301/10429/258

v 382.69 89.9538 -96.664
vt 7.65117 0.891079
f 5301/10429/258 2066/2028/258 5302/10430/258

v 382.702 89.896 -96.6639
vt 7.65141 0.890501
f 5302/10430/258 2066/2028/258 5303/10431/258

v 382.75 89.8618 -96.6639
vt 7.65237 0.890159
f 5303/10431/258 2066/2028/258 5304/10432/258

v 383.107 89.5582 -96.6637
vt 7.6595 0.88712
f 5304/10432/258 2066/2028/258 5305/10433/258

f 5305/10433/258 2066/2028/258 2518/2966/258

v 383.366 87.6288 -96.6635
vt 7.66464 0.867825
f 5305/10433/258 2518/2966/258 5306/10434/258

vt 2.2707 0.03
vn 0.990814 -0.135233 0.000714823
vt 2.26095 0.03
vn 0.997563 -0.0697638 0.000719692
v 383.334 87.1423 -99.6635
vt 2.26095 0
v 383.368 87.6288 -99.6635
vt 2.2707 0
f 5306/10435/1667 2518/10436/1668 5307/10437/1668 5308/10438/1667 

vt -1.81246 0.03
vn 0.898289 0.439404 0.000648071
v 383.525 86.7464 -96.6633
vt -1.82127 0.03
v 383.528 86.7464 -99.6633
vt -1.82127 0
vt -1.81246 0
f 2518/10439/1669 5309/10440/1669 5310/10441/1669 5307/10442/1669 

vt 7.66782 0.858999
f 2518/2966/258 2519/2967/258 5309/10443/258

v 383.6 82.0971 -96.6633
vt 7.66925 0.812506
f 5311/10444/258 5309/10443/258 2519/2967/258

v 383.639 83.294 -96.6633
vt 7.67004 0.824475
f 5312/10445/258 5309/10443/258 5311/10444/258

v 383.663 84.059 -96.6632
vt 7.67054 0.832124
f 5313/10446/258 5309/10443/258 5312/10445/258

v 383.838 86.8784 -96.6631
vt 7.67406 0.860317
f 5309/10443/258 5313/10446/258 5314/10447/258

v 383.887 84.0056 -96.6631
vt 7.67502 0.831588
f 5314/10447/258 5313/10446/258 5315/10448/258

vt 7.0776 0.03
vn -0.224312 -0.974517 -0.00016183
vt 7.073 0.03
vn -0.231968 -0.972723 -0.000167353
v 383.666 84.059 -99.6632
vt 7.073 0
v 383.89 84.0056 -99.6631
vt 7.0776 0
f 5315/10449/1670 5313/10450/1671 5316/10451/1671 5317/10452/1670 

vt 1.91447 0.03
vn 0.999484 -0.032125 0.000721078
vt 1.89917 0.03
v 383.641 83.294 -99.6633
vt 1.89917 0
vt 1.91447 0
f 5313/10453/1672 5312/10454/1672 5318/10455/1672 5316/10456/1672 

vt 1.87523 0.03
vn 0.999551 -0.029958 0.000721126
v 383.603 82.0971 -99.6633
vt 1.87523 0
f 5312/10454/1672 5311/10457/1673 5319/10458/1673 5318/10455/1672 

vt 1.8422 0.03
vt 1.83133 0.03
vn 0.999613 -0.0277908 0.000721172
v 383.587 81.5533 -99.6633
vt 1.83133 0
vt 1.8422 0
f 5311/10459/1673 2519/10460/1674 5320/10461/1674 5319/10462/1673 

vt -7.23302 0.03
vn 0.185947 0.98256 0.000134152
v 383.834 81.5062 -96.6631
vt -7.23809 0.03
vn 0.256713 0.966488 0.000185206
v 383.837 81.5062 -99.6631
vt -7.23809 0
vt -7.23302 0
f 2519/10463/1675 5321/10464/1676 5322/10465/1676 5320/10466/1675 

vt 7.67392 0.806595
f 2520/2968/258 5321/10467/258 2519/2967/258

v 383.722 80.2679 -96.6632
vt 7.67165 0.794213
f 5321/10467/258 2520/2968/258 5323/10468/258

vt 7.41536 0.03
vn 0.490864 -0.871236 0.000354134
vt 7.41426 0.03
vn 0.508343 -0.861155 0.000366744
vt 7.41426 0
v 383.724 80.2679 -99.6632
vt 7.41536 0
f 5323/10469/1677 2520/10470/1678 2521/10471/1678 5324/10472/1677 

vt -7.6707 0.793934
vt -7.67392 0.806595
vt -7.67165 0.794213
f 2521/10473/432 5322/10474/432 5324/10475/432

vt -7.66894 0.807068
f 5322/10474/432 2521/10473/432 5320/10476/432

f 2517/3428/432 5320/10476/432 2521/10473/432

vt -7.66395 0.86296
f 2517/3428/432 5307/10477/432 5320/10476/432

f 5307/10477/432 2517/3428/432 2515/3427/432

v 383.11 89.5582 -99.6637
vt -7.6595 0.88712
f 2515/3427/432 5325/10478/432 5307/10477/432

v 382.752 89.8618 -99.6639
vt -7.65237 0.890159
f 2515/3427/432 5326/10479/432 5325/10478/432

v 382.704 89.896 -99.6639
vt -7.65141 0.890501
f 2515/3427/432 5327/10480/432 5326/10479/432

v 382.692 89.9538 -99.664
vt -7.65117 0.891079
f 2515/3427/432 5328/10481/432 5327/10480/432

v 382.65 90.1576 -99.664
vt -7.65032 0.893118
f 2515/3427/432 5329/10482/432 5328/10481/432

v 382.563 90.5112 -99.664
vt -7.64858 0.896654
f 2515/3427/432 5330/10483/432 5329/10482/432

v 382.463 90.6856 -99.6641
vt -7.6466 0.898399
f 2515/3427/432 5331/10484/432 5330/10483/432

v 382.395 90.7251 -99.6642
vt -7.64523 0.898794
f 2515/3427/432 5332/10485/432 5331/10484/432

v 382.374 85.7912 -99.6642
vt -7.64474 0.849456
f 2515/3427/432 5333/10486/432 5332/10485/432

v 382.368 85.7427 -99.6642
vt -7.64462 0.848971
f 2515/3427/432 5334/10487/432 5333/10486/432

v 382.321 85.6986 -99.6642
vt -7.64368 0.84853
f 2515/3427/432 5335/10488/432 5334/10487/432

v 382.284 85.0789 -99.6642
vt -7.64294 0.842333
f 2515/3427/432 5336/10489/432 5335/10488/432

v 382.26 85.0317 -99.6643
vt -7.64247 0.841861
f 2515/3427/432 5337/10490/432 5336/10489/432

v 382.215 84.9916 -99.6643
vt -7.64155 0.841461
f 2515/3427/432 5338/10491/432 5337/10490/432

v 382.156 84.954 -99.6643
vt -7.64037 0.841085
f 2515/3427/432 5339/10492/432 5338/10491/432

v 382.091 84.9201 -99.6644
vt -7.63907 0.840747
f 2515/3427/432 5340/10493/432 5339/10492/432

v 382.027 84.8915 -99.6644
vt -7.6378 0.840461
f 2515/3427/432 5341/10494/432 5340/10493/432

v 381.973 84.8693 -99.6645
vt -7.63671 0.840239
f 2515/3427/432 5342/10495/432 5341/10494/432

v 381.92 84.8499 -99.6645
vt -7.63566 0.840046
f 2515/3427/432 5343/10496/432 5342/10495/432

v 381.882 84.8948 -99.6645
vt -7.63489 0.840495
f 2515/3427/432 5344/10497/432 5343/10496/432

v 381.839 84.9401 -99.6646
vt -7.63404 0.840948
f 2515/3427/432 5345/10498/432 5344/10497/432

v 381.787 84.9911 -99.6646
vt -7.633 0.841458
f 2515/3427/432 5346/10499/432 5345/10498/432

v 381.728 85.0405 -99.6646
vt -7.63183 0.841953
f 2515/3427/432 5347/10500/432 5346/10499/432

v 381.668 85.0812 -99.6647
vt -7.63062 0.842361
f 2515/3427/432 5348/10501/432 5347/10500/432

v 381.609 85.1061 -99.6647
vt -7.62944 0.84261
f 2515/3427/432 5349/10502/432 5348/10501/432

v 381.552 85.1086 -99.6648
vt -7.6283 0.842635
f 2515/3427/432 5350/10503/432 5349/10502/432

v 381.492 85.0909 -99.6648
vt -7.62711 0.842459
f 2515/3427/432 5351/10504/432 5350/10503/432

v 381.434 85.06 -99.6649
vt -7.62595 0.84215
f 2515/3427/432 5352/10505/432 5351/10504/432

v 381.382 85.0226 -99.6649
vt -7.6249 0.841777
f 2515/3427/432 5353/10506/432 5352/10505/432

v 381.338 84.9856 -99.6649
vt -7.62403 0.841407
f 2515/3427/432 5354/10507/432 5353/10506/432

v 381.307 84.9559 -99.665
vt -7.6234 0.84111
f 2515/3427/432 5355/10508/432 5354/10507/432

v 380.403 87.2139 -99.6656
vt -7.60537 0.863697
f 2515/3427/432 5356/10509/432 5355/10508/432

v 380.004 86.7981 -99.6659
vt -7.59739 0.859541
f 2515/3427/432 5357/10510/432 5356/10509/432

f 2515/3427/432 5242/10122/432 5357/10510/432

vt -7.75386 0.03
vn -0.141203 0.989981 -0.000101871
vt -7.76343 0.03
vt -7.76343 0
vt -7.75386 0
f 5201/10511/1679 5273/10512/1679 5357/10513/1679 5242/10514/1679 

v 380.082 88.9108 -96.6658
vt -7.59902 0.880668
f 5201/10122/432 5358/10515/432 5273/10510/432

f 5195/10116/432 5358/10515/432 5201/10122/432

f 5194/10115/432 5358/10515/432 5195/10116/432

f 5194/10115/432 5132/10055/432 5358/10515/432

f 5193/10114/432 5132/10055/432 5194/10115/432

f 5192/10113/432 5132/10055/432 5193/10114/432

f 5191/10112/432 5132/10055/432 5192/10113/432

f 5190/10111/432 5132/10055/432 5191/10112/432

f 5189/10110/432 5132/10055/432 5190/10111/432

f 5188/10109/432 5132/10055/432 5189/10110/432

f 5187/10108/432 5132/10055/432 5188/10109/432

f 5186/10107/432 5132/10055/432 5187/10108/432

f 5185/10106/432 5132/10055/432 5186/10107/432

f 5184/10105/432 5132/10055/432 5185/10106/432

f 5183/10104/432 5132/10055/432 5184/10105/432

f 5182/10103/432 5132/10055/432 5183/10104/432

f 5181/10102/432 5132/10055/432 5182/10103/432

f 5180/10101/432 5132/10055/432 5181/10102/432

f 5179/10100/432 5132/10055/432 5180/10101/432

f 5178/10099/432 5132/10055/432 5179/10100/432

f 5177/10098/432 5132/10055/432 5178/10099/432

f 5176/10097/432 5132/10055/432 5177/10098/432

f 5175/10096/432 5132/10055/432 5176/10097/432

f 5174/10095/432 5132/10055/432 5175/10096/432

f 5173/10094/432 5132/10055/432 5174/10095/432

f 5172/10093/432 5132/10055/432 5173/10094/432

f 5171/10092/432 5132/10055/432 5172/10093/432

f 5134/10054/432 5132/10055/432 5171/10092/432

vt 7.04326 0.03
vn -0.214167 -0.976797 -0.000154511
vt 7.03047 0.03
vt 7.03047 0
v 380.084 88.9108 -99.6658
vt 7.04326 0
f 5358/10516/1680 5132/10517/1607 5133/10518/1607 5359/10519/1680 

v 379.631 90.4978 -96.6662
vt 7.59003 0.896541
vt 7.59902 0.880668
f 5360/10520/258 5132/10049/258 5358/10521/258

v 379.427 90.3147 -96.6663
vt 7.58595 0.894711
f 5361/10522/258 5132/10049/258 5360/10520/258

f 5130/10048/258 5132/10049/258 5361/10522/258

vt -7.77929 0.03
vn -0.194719 0.980859 -0.00014048
vt -7.78881 0.03
v 379.43 90.3147 -99.6663
vt -7.78881 0
vt -7.77929 0
f 5130/10523/1681 5361/10524/1681 5362/10525/1681 5131/10526/1681 

vt -6.8428 0.03
vn -0.667962 0.744196 -0.000481901
vt -6.84827 0.03
vn -0.769183 0.639028 -0.000554928
v 379.634 90.4978 -99.6662
vt -6.84827 0
vt -6.8428 0
f 5361/10527/1682 5360/10528/1683 5363/10529/1683 5362/10530/1682 

vt -5.48324 0.03
v 379.784 90.7488 -96.666
vt -5.48912 0.03
vn -0.797954 0.602718 -0.000575684
v 379.787 90.7488 -99.666
vt -5.48912 0
vt -5.48324 0
f 5360/10531/1683 5364/10532/1684 5365/10533/1684 5363/10534/1683 

vt 7.5931 0.89905
f 5360/10520/258 5358/10521/258 5364/10535/258

v 380.026 91.0094 -96.6659
vt 7.59792 0.901654
f 5364/10535/258 5358/10521/258 5366/10536/258

v 380.211 91.1539 -96.6657
vt 7.60163 0.903098
f 5366/10536/258 5358/10521/258 5367/10537/258

v 380.576 88.5658 -96.6655
vt 7.60889 0.877214
f 5367/10537/258 5358/10521/258 5368/10538/258

vt 5.22759 0.03
vn -0.572907 -0.819621 -0.000413324
vt 5.21555 0.03
vt 5.21555 0
v 380.578 88.5658 -99.6655
vt 5.22759 0
f 5368/10539/1685 5358/10540/1685 5359/10541/1685 5369/10542/1685 

vt -7.60889 0.877214
f 5274/10509/432 5358/10515/432 5368/10543/432

f 5273/10510/432 5358/10515/432 5274/10509/432

vt -6.50114 0.03
vn -0.721853 0.692046 -0.000520781
vt -6.51266 0.03
vt -6.51266 0
vt -6.50114 0
f 5273/10544/1686 5274/10545/1686 5356/10546/1686 5357/10547/1686 

vt -4.35026 0.03
vn -0.933125 0.359551 -0.000673204
v 380.672 87.9187 -96.6654
vt -4.36535 0.03
v 380.675 87.9187 -99.6654
vt -4.36535 0
vt -4.35026 0
f 5274/10548/1687 5370/10549/1687 5371/10550/1687 5356/10551/1687 

vt -7.6108 0.870743
f 5274/10509/432 5368/10543/432 5370/10552/432

vt -0.60494 0.03
vn -0.989068 -0.147457 -0.000713564
vt -0.618018 0.03
vt -0.618018 0
vt -0.60494 0
f 5370/10553/1688 5368/10554/1688 5369/10555/1688 5371/10556/1688 

v 380.862 93.9038 -96.6653
vt 7.61469 0.930592
vt 7.6108 0.870743
f 5372/10557/258 5368/10538/258 5370/10558/258

v 380.486 93.1879 -96.6655
vt 7.60715 0.923436
f 5373/10559/258 5368/10538/258 5372/10557/258

v 380.304 92.2092 -96.6657
vt 7.60349 0.913651
f 5374/10560/258 5368/10538/258 5373/10559/258

v 380.304 91.2062 -96.6657
vt 7.60349 0.90362
f 5375/10561/258 5368/10538/258 5374/10560/258

f 5367/10537/258 5368/10538/258 5375/10561/258

vt -7.51107 0.03
vn -0.554004 0.832514 -0.000399686
vt -7.5132 0.03
vn -0.490643 0.871361 -0.000353974
v 380.306 91.2062 -99.6657
vt -7.5132 0
v 380.213 91.1539 -99.6657
vt -7.51107 0
f 5367/10562/1689 5375/10563/1690 5376/10564/1690 5377/10565/1689 

vt -1.51302 0.03
vn -0.999234 -0.0391221 -0.000720898
v 380.296 91.4142 -96.6657
vt -1.51718 0.03
vn -0.999891 -0.0147311 -0.000721372
v 380.298 91.4142 -99.6657
vt -1.51718 0
vt -1.51302 0
f 5375/10566/1691 5378/10567/1692 5379/10568/1692 5376/10569/1691 

vt 7.60333 0.905701
f 5374/10560/258 5378/10570/258 5375/10561/258

vt -1.8894 0.03
vt -1.90529 0.03
vn -0.995307 0.0967621 -0.000718065
v 380.306 92.2092 -99.6657
vt -1.90529 0
vt -1.8894 0
f 5378/10571/1692 5374/10572/1693 5380/10573/1693 5379/10574/1692 

vt -3.193 0.03
vt -3.2129 0.03
vn -0.944694 0.327952 -0.00068155
v 380.488 93.1879 -99.6655
vt -3.2129 0
vt -3.193 0
f 5374/10575/1693 5373/10576/1694 5381/10577/1694 5380/10578/1693 

vt -5.1786 0.03
vt -5.19477 0.03
vn -0.845268 0.534343 -0.000609819
v 380.864 93.9038 -99.6653
vt -5.19477 0
vt -5.1786 0
f 5373/10579/1694 5372/10580/1695 5382/10581/1695 5381/10582/1694 

vt -6.05984 0.03
v 381.095 94.2138 -96.6651
vt -6.06759 0.03
vn -0.710923 0.70327 -0.000512896
v 381.097 94.2138 -99.6651
vt -6.06759 0
vt -6.05984 0
f 5372/10583/1695 5383/10584/1696 5384/10585/1696 5382/10586/1695 

v 380.906 91.982 -96.6652
vt 7.61553 0.911374
vt 7.61934 0.933691
f 5385/10587/258 5383/10588/258 5372/10557/258

v 380.958 92.5703 -96.6652
vt 7.61658 0.917257
f 5383/10588/258 5385/10587/258 5386/10589/258

v 381.017 92.0114 -96.6652
vt 7.61774 0.911667
f 5387/10590/258 5386/10589/258 5385/10587/258

v 380.979 92.5482 -96.6652
vt 7.617 0.917036
f 5386/10589/258 5387/10590/258 5388/10591/258

v 381.004 92.5226 -96.6652
vt 7.6175 0.91678
f 5388/10591/258 5387/10590/258 5389/10592/258

v 381.033 92.4953 -96.6651
vt 7.61808 0.916506
f 5389/10592/258 5387/10590/258 5390/10593/258

v 381.148 92.022 -96.6651
vt 7.62038 0.911773
f 5390/10593/258 5387/10590/258 5391/10594/258

vt 7.74143 0.03
vn 0.0684575 -0.997654 4.93887e-05
vt 7.73879 0.03
vn 0.169599 -0.985513 0.000122357
v 381.019 92.0114 -99.6652
vt 7.73879 0
v 381.15 92.022 -99.6651
vt 7.74143 0
f 5391/10595/1697 5387/10596/1698 5392/10597/1698 5393/10598/1697 

v 382.262 91.5204 -96.6643
vt -7.64262 0.906748
v 382.3 91.4519 -96.6642
vt -7.64339 0.906063
v 382.239 91.4872 -96.6643
vt -7.64217 0.906417
v 382.172 91.5253 -96.6643
vt -7.64083 0.906798
v 382.088 91.5718 -96.6644
vt -7.63915 0.907264
v 381.993 91.6227 -96.6645
vt -7.63725 0.907773
v 381.893 91.674 -96.6645
vt -7.63525 0.908287
v 381.793 91.7218 -96.6646
vt -7.63327 0.908766
v 381.701 91.762 -96.6647
vt -7.63142 0.909169
v 381.608 91.7956 -96.6647
vt -7.62957 0.909505
v 381.493 91.8313 -96.6648
vt -7.62726 0.909863
v 381.363 91.8678 -96.6649
vt -7.62466 0.910229
v 381.229 91.903 -96.665
vt -7.62199 0.910582
v 381.101 91.9351 -96.6651
vt -7.61943 0.910904
v 380.99 91.9621 -96.6652
vt -7.61721 0.911174
vt -7.61553 0.911374
vt -7.61774 0.911667
vt -7.62038 0.911773
v 381.299 92.0306 -96.665
vt -7.62338 0.911857
v 381.455 92.0341 -96.6648
vt -7.62652 0.911891
v 381.606 92.0298 -96.6647
vt -7.62952 0.911847
v 381.737 92.0149 -96.6646
vt -7.63214 0.911697
v 381.838 91.986 -96.6646
vt -7.63416 0.911407
v 381.927 91.9324 -96.6645
vt -7.63593 0.910871
v 382.011 91.8576 -96.6644
vt -7.63762 0.910122
v 382.089 91.7702 -96.6644
vt -7.63919 0.909247
v 382.159 91.679 -96.6643
vt -7.64057 0.908335
v 382.217 91.5928 -96.6643
vt -7.64173 0.907473
f 5394/10599/432 5395/10600/432 5396/10601/432 5397/10602/432 5398/10603/432 5399/10604/432 5400/10605/432 5401/10606/432 5402/10607/432 5403/10608/432 5404/10609/432 5405/10610/432 5406/10611/432 5407/10612/432 5408/10613/432 5385/10614/432 5387/10615/432 5391/10616/432 5409/10617/432 5410/10618/432 5411/10619/432 5412/10620/432 5413/10621/432 5414/10622/432 5415/10623/432 5416/10624/432 5417/10625/432 5418/10626/432 

vt 2.16297 0.03
vn -0.87159 -0.490235 -0.000628809
vt 2.1614 0.03
vn -0.861891 -0.507093 -0.000621812
v 382.264 91.5204 -99.6643
vt 2.1614 0
v 382.302 91.4519 -99.6642
vt 2.16297 0
f 5395/10627/1699 5394/10628/1700 5419/10629/1700 5420/10630/1699 

v 382.293 92.0685 -96.6642
vt 7.64326 0.912229
vt 7.64262 0.906748
vt 7.64339 0.906063
f 5421/10631/258 5394/10632/258 5395/10633/258

v 382.219 92.1091 -96.6643
vt 7.64177 0.912635
f 5422/10634/258 5394/10632/258 5421/10631/258

vt 7.64173 0.907473
f 5422/10634/258 5418/10635/258 5394/10632/258

vt 7.64057 0.908335
f 5422/10634/258 5417/10636/258 5418/10635/258

v 382.144 92.1421 -96.6643
vt 7.64028 0.912966
f 5423/10637/258 5417/10636/258 5422/10634/258

vt 7.63919 0.909247
f 5423/10637/258 5416/10638/258 5417/10636/258

v 382.073 92.1632 -96.6644
vt 7.63886 0.913177
f 5424/10639/258 5416/10638/258 5423/10637/258

vt 7.63762 0.910122
f 5424/10639/258 5415/10640/258 5416/10638/258

v 382.006 92.1783 -96.6644
vt 7.63753 0.913329
f 5425/10641/258 5415/10640/258 5424/10639/258

v 381.942 92.201 -96.6645
vt 7.63624 0.913556
f 5426/10642/258 5415/10640/258 5425/10641/258

vt 7.63593 0.910871
f 5426/10642/258 5414/10643/258 5415/10640/258

v 381.881 92.2287 -96.6645
vt 7.63503 0.913834
f 5427/10644/258 5414/10643/258 5426/10642/258

vt 7.63416 0.911407
f 5427/10644/258 5413/10645/258 5414/10643/258

v 381.826 92.2586 -96.6646
vt 7.63394 0.914134
f 5428/10646/258 5413/10645/258 5427/10644/258

v 381.78 92.2877 -96.6646
vt 7.633 0.914425
f 5429/10647/258 5413/10645/258 5428/10646/258

v 381.742 92.3132 -96.6646
vt 7.63226 0.91468
f 5430/10648/258 5413/10645/258 5429/10647/258

vt 7.63214 0.911697
f 5430/10648/258 5412/10649/258 5413/10645/258

v 381.717 92.332 -96.6647
vt 7.63175 0.914868
f 5431/10650/258 5412/10649/258 5430/10648/258

v 381.693 92.3426 -96.6647
vt 7.63128 0.914975
f 5432/10651/258 5412/10649/258 5431/10650/258

v 381.646 92.346 -96.6647
vt 7.63034 0.915008
f 5433/10652/258 5412/10649/258 5432/10651/258

vt 7.62952 0.911847
f 5433/10652/258 5411/10653/258 5412/10649/258

v 381.571 92.352 -96.6648
vt 7.62884 0.915069
f 5434/10654/258 5411/10653/258 5433/10652/258

v 381.478 92.3607 -96.6648
vt 7.62698 0.915157
f 5435/10655/258 5411/10653/258 5434/10654/258

vt 7.62652 0.911891
f 5435/10655/258 5410/10656/258 5411/10653/258

v 381.378 92.372 -96.6649
vt 7.62497 0.915271
f 5436/10657/258 5410/10656/258 5435/10655/258

vt 7.62338 0.911857
f 5436/10657/258 5409/10658/258 5410/10656/258

v 381.28 92.3859 -96.665
vt 7.62302 0.91541
f 5437/10659/258 5409/10658/258 5436/10657/258

v 381.195 92.4023 -96.665
vt 7.62131 0.915575
f 5438/10660/258 5409/10658/258 5437/10659/258

f 5438/10660/258 5391/10594/258 5409/10658/258

v 381.132 92.4212 -96.6651
vt 7.62006 0.915765
f 5439/10661/258 5391/10594/258 5438/10660/258

v 381.096 92.4429 -96.6651
vt 7.61935 0.915982
f 5440/10662/258 5391/10594/258 5439/10661/258

v 381.064 92.4681 -96.6651
vt 7.6187 0.916234
f 5441/10663/258 5391/10594/258 5440/10662/258

f 5390/10593/258 5391/10594/258 5441/10663/258

vt -4.52881 0.03
vn 0.673392 0.739285 0.000485819
vt -4.52963 0.03
vn 0.63615 0.771566 0.00045895
v 381.066 92.4681 -99.6651
vt -4.52963 0
v 381.035 92.4953 -99.6651
vt -4.52881 0
f 5390/10664/1701 5441/10665/1702 5442/10666/1702 5443/10667/1701 

v 382.526 91.9406 -96.6641
vt -7.64791 0.910948
v 382.52 91.9039 -96.6641
vt -7.64779 0.910582
v 382.474 91.9448 -96.6641
vt -7.64687 0.910991
v 382.424 91.982 -96.6641
vt -7.64588 0.911364
v 382.363 92.0247 -96.6642
vt -7.64465 0.911791
vt -7.64326 0.912229
vt -7.64177 0.912635
vt -7.64028 0.912966
vt -7.63886 0.913177
vt -7.63753 0.913329
vt -7.63624 0.913556
vt -7.63503 0.913834
vt -7.63394 0.914134
vt -7.633 0.914425
vt -7.63226 0.91468
vt -7.63175 0.914868
vt -7.63128 0.914975
vt -7.63034 0.915008
vt -7.62884 0.915069
vt -7.62698 0.915157
vt -7.62497 0.915271
vt -7.62302 0.91541
vt -7.62131 0.915575
vt -7.62006 0.915765
vt -7.61935 0.915982
vt -7.6187 0.916234
vt -7.61808 0.916506
vt -7.6175 0.91678
vt -7.617 0.917036
vt -7.61658 0.917257
v 380.984 92.5984 -96.6652
vt -7.61711 0.917537
v 381.07 92.597 -96.6651
vt -7.61881 0.917523
v 381.182 92.5926 -96.665
vt -7.62106 0.917478
v 381.31 92.5836 -96.6649
vt -7.62362 0.917387
v 381.442 92.5685 -96.6649
vt -7.62626 0.917235
v 381.566 92.5456 -96.6648
vt -7.62873 0.917005
v 381.67 92.5133 -96.6647
vt -7.63082 0.916682
v 381.746 92.4711 -96.6646
vt -7.63233 0.916259
v 381.823 92.4339 -96.6646
vt -7.63387 0.915887
v 381.911 92.4051 -96.6645
vt -7.63563 0.915598
v 382.004 92.3817 -96.6644
vt -7.6375 0.915363
v 382.098 92.3608 -96.6644
vt -7.63936 0.915154
v 382.186 92.3397 -96.6643
vt -7.64112 0.914941
v 382.263 92.3153 -96.6643
vt -7.64267 0.914697
v 382.324 92.2848 -96.6642
vt -7.64389 0.914392
v 382.364 92.2454 -96.6642
vt -7.64469 0.913997
v 382.396 92.1965 -96.6642
vt -7.64532 0.913508
v 382.427 92.1418 -96.6641
vt -7.64595 0.912961
v 382.457 92.085 -96.6641
vt -7.64654 0.912393
v 382.484 92.03 -96.6641
vt -7.64709 0.911843
v 382.508 91.9806 -96.6641
vt -7.64755 0.911348
f 5444/10668/432 5445/10669/432 5446/10670/432 5447/10671/432 5448/10672/432 5421/10673/432 5422/10674/432 5423/10675/432 5424/10676/432 5425/10677/432 5426/10678/432 5427/10679/432 5428/10680/432 5429/10681/432 5430/10682/432 5431/10683/432 5432/10684/432 5433/10685/432 5434/10686/432 5435/10687/432 5436/10688/432 5437/10689/432 5438/10690/432 5439/10691/432 5440/10692/432 5441/10693/432 5390/10694/432 5389/10695/432 5388/10696/432 5386/10697/432 5449/10698/432 5450/10699/432 5451/10700/432 5452/10701/432 5453/10702/432 5454/10703/432 5455/10704/432 5456/10705/432 5457/10706/432 5458/10707/432 5459/10708/432 5460/10709/432 5461/10710/432 5462/10711/432 5463/10712/432 5464/10713/432 5465/10714/432 5466/10715/432 5467/10716/432 5468/10717/432 5469/10718/432 

vt -3.0628 0.03
vn -0.986285 0.165053 -0.000711555
vt -3.06354 0.03
v 382.528 91.9406 -99.6641
vt -3.06354 0
v 382.522 91.9039 -99.6641
vt -3.0628 0
f 5445/10719/1703 5444/10720/1703 5470/10721/1703 5471/10722/1703 

vt 7.64779 0.910582
v 382.739 91.1741 -96.6639
vt 7.65217 0.903282
vt 7.64791 0.910948
f 5445/10723/258 5472/10724/258 5444/10725/258

vt 7.64687 0.910991
f 5446/10726/258 5472/10724/258 5445/10723/258

v 382.437 90.7879 -96.6641
vt 7.64613 0.899422
f 5446/10726/258 5473/10727/258 5472/10724/258

vt 7.64588 0.911364
f 5447/10728/258 5473/10727/258 5446/10726/258

f 5447/10728/258 5298/10426/258 5473/10727/258

vt 7.64465 0.911791
f 5448/10729/258 5298/10426/258 5447/10728/258

f 5448/10729/258 5297/10425/258 5298/10426/258

v 382.351 85.808 -96.6642
vt 7.64434 0.849623
f 5448/10729/258 5474/10730/258 5297/10425/258

v 382.327 85.8273 -96.6642
vt 7.64385 0.849817
f 5448/10729/258 5475/10731/258 5474/10730/258

f 5448/10729/258 5395/10633/258 5475/10731/258

f 5421/10631/258 5395/10633/258 5448/10729/258

vt -5.50401 0.03
vn 0.505522 0.862814 0.000364709
vt -5.50566 0.03
vn 0.550543 0.834807 0.000397189
v 382.365 92.0247 -99.6642
vt -5.50566 0
v 382.295 92.0685 -99.6642
vt -5.50401 0
f 5421/10732/1704 5448/10733/1705 5476/10734/1705 5477/10735/1704 

vt -5.23988 0.03
vt -5.24138 0.03
vn 0.586303 0.810091 0.000422989
v 382.426 91.982 -99.6641
vt -5.24138 0
vt -5.23988 0
f 5448/10736/1705 5447/10737/1706 5478/10738/1706 5476/10739/1705 

vt -4.99937 0.03
vt -5.0006 0.03
vn 0.633266 0.773934 0.00045687
v 382.476 91.9448 -99.6641
vt -5.0006 0
vt -4.99937 0
f 5447/10740/1706 5446/10741/1707 5479/10742/1707 5478/10743/1706 

vt -4.51305 0.03
vt -4.51428 0.03
vn 0.662945 0.748668 0.000478282
vt -4.51428 0
vt -4.51305 0
f 5446/10744/1707 5445/10745/1708 5471/10746/1708 5479/10747/1707 

v 382.742 91.1741 -99.6639
vt -7.65217 0.903282
f 5480/10748/432 5479/10670/432 5471/10669/432

v 382.439 90.7879 -99.6641
vt -7.64613 0.899422
f 5481/10749/432 5479/10670/432 5480/10748/432

f 5481/10749/432 5478/10671/432 5479/10670/432

f 5332/10485/432 5478/10671/432 5481/10749/432

f 5332/10485/432 5476/10672/432 5478/10671/432

f 5333/10486/432 5476/10672/432 5332/10485/432

v 382.354 85.808 -99.6642
vt -7.64434 0.849623
f 5482/10750/432 5476/10672/432 5333/10486/432

v 382.329 85.8273 -99.6642
vt -7.64385 0.849817
f 5483/10751/432 5476/10672/432 5482/10750/432

f 5420/10600/432 5476/10672/432 5483/10751/432

f 5420/10600/432 5477/10673/432 5476/10672/432

f 5419/10599/432 5477/10673/432 5420/10600/432

v 382.221 92.1091 -99.6643
f 5419/10599/432 5484/10674/432 5477/10673/432

v 382.219 91.5928 -99.6643
f 5485/10626/432 5484/10674/432 5419/10599/432

v 382.161 91.679 -99.6643
f 5486/10625/432 5484/10674/432 5485/10626/432

v 382.146 92.1421 -99.6643
f 5486/10625/432 5487/10675/432 5484/10674/432

v 382.092 91.7702 -99.6644
f 5488/10624/432 5487/10675/432 5486/10625/432

v 382.075 92.1632 -99.6644
f 5488/10624/432 5489/10676/432 5487/10675/432

v 382.013 91.8576 -99.6644
f 5490/10623/432 5489/10676/432 5488/10624/432

v 382.008 92.1783 -99.6644
f 5490/10623/432 5491/10677/432 5489/10676/432

v 381.944 92.201 -99.6645
f 5490/10623/432 5492/10678/432 5491/10677/432

v 381.929 91.9324 -99.6645
f 5493/10622/432 5492/10678/432 5490/10623/432

v 381.883 92.2287 -99.6645
f 5493/10622/432 5494/10679/432 5492/10678/432

v 381.84 91.986 -99.6646
f 5495/10621/432 5494/10679/432 5493/10622/432

v 381.829 92.2586 -99.6646
f 5495/10621/432 5496/10680/432 5494/10679/432

v 381.782 92.2877 -99.6646
f 5495/10621/432 5497/10681/432 5496/10680/432

v 381.745 92.3132 -99.6646
f 5495/10621/432 5498/10682/432 5497/10681/432

v 381.739 92.0149 -99.6646
f 5499/10620/432 5498/10682/432 5495/10621/432

v 381.719 92.332 -99.6647
f 5499/10620/432 5500/10683/432 5498/10682/432

v 381.696 92.3426 -99.6647
f 5499/10620/432 5501/10684/432 5500/10683/432

v 381.648 92.346 -99.6647
f 5499/10620/432 5502/10685/432 5501/10684/432

v 381.608 92.0298 -99.6647
f 5503/10619/432 5502/10685/432 5499/10620/432

v 381.573 92.352 -99.6648
f 5503/10619/432 5504/10686/432 5502/10685/432

v 381.481 92.3607 -99.6648
f 5503/10619/432 5505/10687/432 5504/10686/432

v 381.458 92.0341 -99.6648
f 5506/10618/432 5505/10687/432 5503/10619/432

v 381.38 92.372 -99.6649
f 5506/10618/432 5507/10688/432 5505/10687/432

v 381.301 92.0306 -99.665
f 5508/10617/432 5507/10688/432 5506/10618/432

v 381.282 92.3859 -99.665
f 5508/10617/432 5509/10689/432 5507/10688/432

v 381.197 92.4023 -99.665
f 5508/10617/432 5510/10690/432 5509/10689/432

f 5393/10616/432 5510/10690/432 5508/10617/432

v 381.135 92.4212 -99.6651
f 5393/10616/432 5511/10691/432 5510/10690/432

v 381.099 92.4429 -99.6651
f 5393/10616/432 5512/10692/432 5511/10691/432

f 5393/10616/432 5442/10693/432 5512/10692/432

f 5393/10616/432 5443/10694/432 5442/10693/432

f 5392/10615/432 5443/10694/432 5393/10616/432

v 381.006 92.5226 -99.6652
f 5392/10615/432 5513/10695/432 5443/10694/432

v 380.981 92.5482 -99.6652
f 5392/10615/432 5514/10696/432 5513/10695/432

v 380.96 92.5703 -99.6652
f 5392/10615/432 5515/10697/432 5514/10696/432

v 380.908 91.982 -99.6652
f 5515/10697/432 5392/10615/432 5516/10614/432

vt 7.8303 0.03
vt 7.82801 0.03
vn 0.257382 -0.96631 0.000185689
vt 7.82801 0
vt 7.8303 0
f 5387/10752/1698 5385/10753/1709 5516/10754/1709 5392/10755/1698 

vt -6.98983 0.03
vn 0.229992 0.973192 0.000165928
vt -6.99155 0.03
vn 0.232948 0.972489 0.00016806
v 380.992 91.9621 -99.6652
vt -6.99155 0
vt -6.98983 0
f 5385/10756/1710 5408/10757/1711 5517/10758/1711 5516/10759/1710 

vt 7.61721 0.911174
f 5385/10587/258 5275/10403/258 5408/10760/258

f 5370/10558/258 5275/10403/258 5385/10587/258

f 5274/10402/258 5275/10403/258 5370/10558/258

f 5370/10558/258 5385/10587/258 5372/10557/258

v 381.304 84.9848 -96.665
vt 7.62338 0.8414
f 5408/10760/258 5275/10403/258 5518/10761/258

vt 1.37227 0.03
vn 0.999152 0.0411631 0.000720839
vt 1.3717 0.03
vt 1.3717 0
v 381.306 84.9848 -99.665
vt 1.37227 0
f 5518/10762/1712 5275/10763/1712 5355/10764/1712 5519/10765/1712 

vt -7.62338 0.8414
v 381.323 85.0416 -96.6649
vt -7.62376 0.841967
v 381.347 85.1087 -96.6649
vt -7.62424 0.842638
v 381.373 85.1765 -96.6649
vt -7.62476 0.843316
v 381.399 85.2354 -96.6649
vt -7.62528 0.843904
v 381.422 85.2757 -96.6649
vt -7.62575 0.844308
v 381.44 85.2935 -96.6649
vt -7.62612 0.844485
v 381.463 85.3303 -96.6648
vt -7.62657 0.844853
v 381.466 85.3581 -96.6648
vt -7.62663 0.845131
v 381.462 85.3961 -96.6648
vt -7.62656 0.845511
v 381.452 85.4474 -96.6648
vt -7.62636 0.846024
v 381.435 85.515 -96.6649
vt -7.62601 0.8467
v 381.411 85.5982 -96.6649
vt -7.62554 0.847533
v 381.397 85.6702 -96.6649
vt -7.62526 0.848252
v 381.394 85.7261 -96.6649
vt -7.62519 0.848811
v 381.397 85.7677 -96.6649
vt -7.62526 0.849227
v 381.404 85.7967 -96.6649
vt -7.62541 0.849517
v 381.44 85.7946 -96.6649
vt -7.62612 0.849496
v 381.476 85.7391 -96.6648
vt -7.62684 0.848941
v 381.523 85.6699 -96.6648
vt -7.62778 0.848249
v 381.574 85.5997 -96.6648
vt -7.6288 0.847546
v 381.624 85.5411 -96.6647
vt -7.62978 0.84696
v 381.664 85.507 -96.6647
vt -7.6306 0.846618
v 381.69 85.5094 -96.6647
vt -7.6311 0.846642
v 381.7 85.5332 -96.6647
vt -7.63131 0.846881
v 381.7 85.5649 -96.6647
vt -7.63131 0.847198
v 381.694 85.604 -96.6647
vt -7.63119 0.847589
v 381.686 85.6501 -96.6647
vt -7.63103 0.848049
v 381.679 85.7026 -96.6647
vt -7.6309 0.848575
v 381.678 85.7613 -96.6647
vt -7.63088 0.849161
v 381.687 85.8256 -96.6647
vt -7.63105 0.849804
v 381.706 85.8832 -96.6647
vt -7.63144 0.85038
v 381.733 85.9239 -96.6646
vt -7.63197 0.850787
v 381.763 85.9506 -96.6646
vt -7.63257 0.851054
v 381.792 85.9663 -96.6646
vt -7.63316 0.851211
v 381.818 85.9739 -96.6646
vt -7.63369 0.851287
v 381.842 85.9107 -96.6646
vt -7.63416 0.850655
v 381.841 85.8405 -96.6646
vt -7.63413 0.849952
v 381.843 85.7643 -96.6646
vt -7.63418 0.84919
v 381.853 85.6963 -96.6646
vt -7.63437 0.84851
v 381.873 85.6508 -96.6645
vt -7.63477 0.848055
v 381.905 85.6422 -96.6645
vt -7.63542 0.847969
v 381.951 85.6735 -96.6645
vt -7.63633 0.848281
v 382.001 85.7174 -96.6644
vt -7.63733 0.84872
v 382.054 85.7661 -96.6644
vt -7.63839 0.849207
v 382.106 85.8135 -96.6644
vt -7.63944 0.84968
v 382.156 85.8532 -96.6643
vt -7.64044 0.850077
v 382.202 85.879 -96.6643
vt -7.64135 0.850335
v 382.24 85.8845 -96.6643
vt -7.64212 0.85039
v 382.271 85.8682 -96.6643
vt -7.64273 0.850226
v 382.3 85.8479 -96.6642
vt -7.64331 0.850023
v 382.262 85.6424 -96.6643
vt -7.64255 0.847968
v 382.206 85.5815 -96.6643
vt -7.64144 0.84736
v 382.161 85.5235 -96.6643
vt -7.64054 0.84678
v 382.138 85.4758 -96.6644
vt -7.64006 0.846304
v 382.144 85.4441 -96.6643
vt -7.64018 0.845986
v 382.169 85.4026 -96.6643
vt -7.64068 0.845571
v 382.201 85.3456 -96.6643
vt -7.64133 0.845
v 382.235 85.2788 -96.6643
vt -7.64201 0.844333
v 382.264 85.2082 -96.6643
vt -7.64259 0.843626
v 382.282 85.1396 -96.6642
vt -7.64294 0.84294
f 5288/10495/432 5287/10496/432 5286/10497/432 5285/10498/432 5284/10499/432 5283/10500/432 5282/10501/432 5281/10502/432 5280/10503/432 5279/10504/432 5278/10505/432 5277/10506/432 5276/10507/432 5275/10508/432 5518/10766/432 5520/10767/432 5521/10768/432 5522/10769/432 5523/10770/432 5524/10771/432 5525/10772/432 5526/10773/432 5527/10774/432 5528/10775/432 5529/10776/432 5530/10777/432 5531/10778/432 5532/10779/432 5533/10780/432 5534/10781/432 5535/10782/432 5536/10783/432 5537/10784/432 5538/10785/432 5539/10786/432 5540/10787/432 5541/10788/432 5542/10789/432 5543/10790/432 5544/10791/432 5545/10792/432 5546/10793/432 5547/10794/432 5548/10795/432 5549/10796/432 5550/10797/432 5551/10798/432 5552/10799/432 5553/10800/432 5554/10801/432 5555/10802/432 5556/10803/432 5557/10804/432 5558/10805/432 5559/10806/432 5560/10807/432 5561/10808/432 5562/10809/432 5563/10810/432 5564/10811/432 5565/10812/432 5566/10813/432 5567/10814/432 5568/10815/432 5569/10816/432 5475/10751/432 5474/10750/432 5297/10486/432 5296/10487/432 5295/10488/432 5570/10817/432 5571/10818/432 5572/10819/432 5573/10820/432 5574/10821/432 5575/10822/432 5576/10823/432 5577/10824/432 5578/10825/432 5579/10826/432 5294/10489/432 5293/10490/432 5292/10491/432 5291/10492/432 5290/10493/432 5289/10494/432 

vt -7.74622 0.03
vn -0.345647 0.938364 -0.000249367
vt -7.74735 0.03
vn -0.361074 0.932537 -0.000260497
vt -7.74735 0
vt -7.74622 0
f 5287/10827/1713 5288/10828/1714 5342/10829/1714 5343/10830/1713 

vt -7.70825 0.03
vt -7.70942 0.03
vn -0.39408 0.919076 -0.000284309
vt -7.70942 0
vt -7.70825 0
f 5288/10831/1714 5289/10832/1715 5341/10833/1715 5342/10834/1714 

vt -7.65348 0.03
vt -7.65487 0.03
vn -0.436825 0.899547 -0.000315147
vt -7.65487 0
vt -7.65348 0
f 5289/10835/1715 5290/10836/1716 5340/10837/1716 5341/10838/1715 

vt -7.55356 0.03
vt -7.55503 0.03
vn -0.499968 0.866044 -0.000360702
vt -7.55503 0
vt -7.55356 0
f 5290/10839/1716 5291/10840/1717 5339/10841/1717 5340/10842/1716 

vt -7.34918 0.03
vt -7.35058 0.03
vn -0.60004 0.79997 -0.000432899
vt -7.35058 0
vt -7.34918 0
f 5291/10843/1717 5292/10844/1718 5338/10845/1718 5339/10846/1717 

vt -6.85725 0.03
vt -6.85847 0.03
vn -0.659298 0.751881 -0.000475651
vt -6.85847 0
vt -6.85725 0
f 5292/10847/1718 5293/10848/1719 5337/10849/1719 5338/10850/1718 

vt -4.92847 0.03
vn -0.89435 0.447368 -0.000645229
vt -4.92952 0.03
vt -4.92952 0
vt -4.92847 0
f 5293/10851/1720 5294/10852/1720 5336/10853/1720 5337/10854/1720 

vt -1.67564 0.03
vn -0.999998 -0.00179144 -0.000721449
vt -1.67686 0.03
vn -0.99198 -0.126395 -0.000715664
v 382.284 85.1396 -99.6642
vt -1.67686 0
vt -1.67564 0
f 5294/10855/1721 5579/10856/1722 5580/10857/1722 5336/10858/1721 

vt 7.64294 0.84294
f 5295/10423/258 5579/10859/258 5294/10422/258

vt 7.64259 0.843626
f 5295/10423/258 5578/10860/258 5579/10859/258

vt 7.64255 0.847968
f 5570/10861/258 5578/10860/258 5295/10423/258

vt 7.64201 0.844333
f 5570/10861/258 5577/10862/258 5578/10860/258

vt 7.64144 0.84736
f 5571/10863/258 5577/10862/258 5570/10861/258

vt 7.64133 0.845
f 5571/10863/258 5576/10864/258 5577/10862/258

vt 7.64068 0.845571
f 5571/10863/258 5575/10865/258 5576/10864/258

vt 7.64054 0.84678
f 5572/10866/258 5575/10865/258 5571/10863/258

vt 7.64018 0.845986
f 5572/10866/258 5574/10867/258 5575/10865/258

vt 7.64006 0.846304
f 5574/10867/258 5572/10866/258 5573/10868/258

vt -4.94481 0.03
vn -0.893649 0.448766 -0.000644724
vt -4.94588 0.03
vn -0.845934 0.533288 -0.000610299
v 382.164 85.5235 -99.6643
vt -4.94588 0
v 382.14 85.4758 -99.6643
vt -4.94481 0
f 5573/10869/1723 5572/10870/1724 5581/10871/1724 5582/10872/1723 

vt -6.02329 0.03
vt -6.02475 0.03
vn -0.764279 0.644885 -0.000551389
v 382.209 85.5815 -99.6643
vt -6.02475 0
vt -6.02329 0
f 5572/10873/1724 5571/10874/1725 5583/10875/1725 5581/10876/1724 

vt -6.41636 0.03
vt -6.41802 0.03
vn -0.721601 0.692309 -0.0005206
v 382.264 85.6424 -99.6643
vt -6.41802 0
vt -6.41636 0
f 5571/10877/1725 5570/10878/1726 5584/10879/1726 5583/10880/1725 

vt -6.61331 0.03
vt -6.6149 0.03
vn -0.695794 0.718241 -0.000501981
vt -6.6149 0
vt -6.61331 0
f 5570/10881/1726 5295/10882/1727 5335/10883/1727 5584/10884/1726 

vt -6.73013 0.03
vt -6.73142 0.03
vn -0.68562 0.727959 -0.000494641
vt -6.73142 0
vt -6.73013 0
f 5295/10885/1727 5296/10886/1728 5334/10887/1728 5335/10888/1727 

vt -2.60399 0.03
vn -0.992831 0.119526 -0.000716278
vt -2.60496 0.03
vt -2.60496 0
vt -2.60399 0
f 5296/10889/1729 5297/10890/1729 5333/10891/1729 5334/10892/1729 

vt 4.77646 0.03
vn -0.640784 -0.767721 -0.000462294
vt 4.77594 0.03
vn -0.632397 -0.774644 -0.000456243
vt 4.77594 0
vt 4.77646 0
f 5297/10893/1730 5474/10894/1731 5482/10895/1731 5333/10896/1730 

vt 4.90977 0.03
vt 4.90915 0.03
vn -0.613097 -0.790007 -0.000442319
vt 4.90915 0
vt 4.90977 0
f 5474/10897/1731 5475/10898/1732 5483/10899/1732 5482/10900/1731 

vt 5.07556 0.03
vt 5.07487 0.03
vn -0.587667 -0.809103 -0.000423973
v 382.302 85.8479 -99.6642
vt 5.07487 0
vt 5.07556 0
f 5475/10901/1732 5569/10902/1733 5585/10903/1733 5483/10904/1732 

vt 7.64331 0.850023
f 5395/10633/258 5569/10905/258 5475/10731/258

vt 7.64273 0.850226
f 5395/10633/258 5568/10906/258 5569/10905/258

vt 7.64217 0.906417
f 5396/10907/258 5568/10906/258 5395/10633/258

vt 7.64212 0.85039
f 5396/10907/258 5567/10908/258 5568/10906/258

vt 7.64135 0.850335
f 5396/10907/258 5566/10909/258 5567/10908/258

vt 7.64083 0.906798
f 5397/10910/258 5566/10909/258 5396/10907/258

vt 7.64044 0.850077
f 5397/10910/258 5565/10911/258 5566/10909/258

vt 7.63944 0.84968
f 5397/10910/258 5564/10912/258 5565/10911/258

vt 7.63915 0.907264
f 5398/10913/258 5564/10912/258 5397/10910/258

vt 7.63839 0.849207
f 5398/10913/258 5563/10914/258 5564/10912/258

v 381.998 91.1177 -96.6645
vt 7.63735 0.902723
f 5398/10913/258 5586/10915/258 5563/10914/258

vt 7.63725 0.907773
f 5399/10916/258 5586/10915/258 5398/10913/258

v 381.989 91.1904 -96.6645
vt 7.63717 0.903451
f 5399/10916/258 5587/10917/258 5586/10915/258

v 381.956 91.2576 -96.6645
vt 7.63652 0.904123
f 5399/10916/258 5588/10918/258 5587/10917/258

v 381.914 91.328 -96.6645
vt 7.63567 0.904827
f 5399/10916/258 5589/10919/258 5588/10918/258

vt 7.63525 0.908287
f 5400/10920/258 5589/10919/258 5399/10916/258

v 381.86 91.3945 -96.6646
vt 7.6346 0.905492
f 5400/10920/258 5590/10921/258 5589/10919/258

v 381.795 91.4499 -96.6646
vt 7.6333 0.906047
f 5400/10920/258 5591/10922/258 5590/10921/258

vt 7.63327 0.908766
f 5401/10923/258 5591/10922/258 5400/10920/258

v 381.719 91.4872 -96.6647
vt 7.63177 0.90642
f 5401/10923/258 5592/10924/258 5591/10922/258

vt 7.63142 0.909169
f 5402/10925/258 5592/10924/258 5401/10923/258

v 381.628 91.5016 -96.6647
vt 7.62995 0.906565
f 5402/10925/258 5593/10926/258 5592/10924/258

vt 7.62957 0.909505
f 5403/10927/258 5593/10926/258 5402/10925/258

v 381.522 91.498 -96.6648
vt 7.62784 0.90653
f 5403/10927/258 5594/10928/258 5593/10926/258

vt 7.62726 0.909863
f 5404/10929/258 5594/10928/258 5403/10927/258

v 381.409 91.4813 -96.6649
vt 7.62559 0.906363
f 5404/10929/258 5595/10930/258 5594/10928/258

vt 7.62466 0.910229
f 5405/10931/258 5595/10930/258 5404/10929/258

v 381.297 91.456 -96.665
vt 7.62335 0.906111
f 5405/10931/258 5596/10932/258 5595/10930/258

vt 7.62199 0.910582
f 5406/10933/258 5596/10932/258 5405/10931/258

v 381.193 91.4269 -96.665
vt 7.62127 0.905821
f 5406/10933/258 5597/10934/258 5596/10932/258

v 381.105 91.3986 -96.6651
vt 7.61951 0.905539
f 5406/10933/258 5598/10935/258 5597/10934/258

vt 7.61943 0.910904
f 5407/10936/258 5598/10935/258 5406/10933/258

v 381.066 91.3691 -96.6651
vt 7.61872 0.905244
f 5407/10936/258 5599/10937/258 5598/10935/258

f 5599/10937/258 5407/10936/258 5408/10760/258

vt -6.96998 0.03
vt -6.97226 0.03
vn 0.239808 0.97082 0.00017301
v 381.103 91.9351 -99.6651
vt -6.97226 0
vt -6.96998 0
f 5408/10938/1711 5407/10939/1734 5600/10940/1734 5517/10941/1711 

vt -6.9433 0.03
vt -6.94593 0.03
vn 0.249087 0.968481 0.000179704
v 381.231 91.903 -99.665
vt -6.94593 0
vt -6.9433 0
f 5407/10942/1734 5406/10943/1735 5601/10944/1735 5600/10945/1734 

vt -6.90526 0.03
vt -6.90803 0.03
vn 0.262304 0.964985 0.00018924
v 381.365 91.8678 -99.6649
vt -6.90803 0
vt -6.90526 0
f 5406/10946/1735 5405/10947/1736 5602/10948/1736 5601/10949/1735 

vt -6.84692 0.03
vt -6.84961 0.03
vn 0.282653 0.959222 0.00020392
v 381.495 91.8313 -99.6648
vt -6.84961 0
vt -6.84692 0
f 5405/10950/1736 5404/10951/1737 5603/10952/1737 5602/10953/1736 

vt -6.74788 0.03
vt -6.75031 0.03
vn 0.31809 0.94806 0.000229486
v 381.611 91.7956 -99.6647
vt -6.75031 0
vt -6.74788 0
f 5404/10954/1737 5403/10955/1738 5604/10956/1738 5603/10957/1737 

vt -6.54978 0.03
vt -6.55175 0.03
vn 0.370176 0.928962 0.000267064
v 381.703 91.762 -99.6647
vt -6.55175 0
vt -6.54978 0
f 5403/10958/1738 5402/10959/1739 5605/10960/1739 5604/10961/1738 

vt -6.2685 0.03
vt -6.27051 0.03
vn 0.416586 0.909096 0.000300546
v 381.796 91.7218 -99.6646
vt -6.27051 0
vt -6.2685 0
f 5402/10962/1739 5401/10963/1740 5606/10964/1740 5605/10965/1739 

vt -6.08545 0.03
vt -6.08765 0.03
vn 0.4452 0.895431 0.00032119
v 381.895 91.674 -99.6645
vt -6.08765 0
vt -6.08545 0
f 5401/10966/1740 5400/10967/1741 5607/10968/1741 5606/10969/1740 

vt -5.96116 0.03
vt -5.9634 0.03
vn 0.46431 0.885673 0.000334977
v 381.995 91.6227 -99.6645
vt -5.9634 0
vt -5.96116 0
f 5400/10970/1741 5399/10971/1742 5608/10972/1742 5607/10973/1741 

vt -5.87179 0.03
vt -5.87394 0.03
vn 0.477964 0.878379 0.000344827
v 382.09 91.5718 -99.6644
vt -5.87394 0
vt -5.87179 0
f 5399/10974/1742 5398/10975/1743 5609/10976/1743 5608/10977/1742 

vt -5.80468 0.03
vt -5.8066 0.03
vn 0.488192 0.872736 0.000352206
v 382.174 91.5253 -99.6643
vt -5.8066 0
vt -5.80468 0
f 5398/10978/1743 5397/10979/1744 5610/10980/1744 5609/10981/1743 

vt -5.75256 0.03
vt -5.75411 0.03
vn 0.496796 0.867867 0.000358414
v 382.241 91.4872 -99.6643
vt -5.75411 0
vt -5.75256 0
f 5397/10982/1744 5396/10983/1745 5611/10984/1745 5610/10985/1744 

vt -5.70248 0.03
vt -5.70389 0.03
vn 0.50096 0.865471 0.000361417
vt -5.70389 0
vt -5.70248 0
f 5396/10986/1745 5395/10987/1746 5420/10988/1746 5611/10989/1745 

v 382.273 85.8682 -99.6643
f 5612/10815/432 5611/10601/432 5420/10600/432

v 382.242 85.8845 -99.6643
f 5613/10814/432 5611/10601/432 5612/10815/432

v 382.204 85.879 -99.6643
f 5614/10813/432 5611/10601/432 5613/10814/432

f 5614/10813/432 5610/10602/432 5611/10601/432

v 382.159 85.8532 -99.6643
f 5615/10812/432 5610/10602/432 5614/10813/432

v 382.108 85.8135 -99.6644
f 5616/10811/432 5610/10602/432 5615/10812/432

f 5616/10811/432 5609/10603/432 5610/10602/432

v 382.056 85.7661 -99.6644
f 5617/10810/432 5609/10603/432 5616/10811/432

v 382 91.1177 -99.6645
vt -7.63735 0.902723
f 5618/10990/432 5609/10603/432 5617/10810/432

f 5618/10990/432 5608/10604/432 5609/10603/432

v 381.991 91.1904 -99.6645
vt -7.63717 0.903451
f 5619/10991/432 5608/10604/432 5618/10990/432

v 381.959 91.2576 -99.6645
vt -7.63652 0.904123
f 5620/10992/432 5608/10604/432 5619/10991/432

v 381.916 91.328 -99.6645
vt -7.63567 0.904827
f 5621/10993/432 5608/10604/432 5620/10992/432

f 5621/10993/432 5607/10605/432 5608/10604/432

v 381.862 91.3945 -99.6646
vt -7.6346 0.905492
f 5622/10994/432 5607/10605/432 5621/10993/432

v 381.798 91.4499 -99.6646
vt -7.6333 0.906047
f 5623/10995/432 5607/10605/432 5622/10994/432

f 5623/10995/432 5606/10606/432 5607/10605/432

v 381.721 91.4872 -99.6647
vt -7.63177 0.90642
f 5624/10996/432 5606/10606/432 5623/10995/432

f 5624/10996/432 5605/10607/432 5606/10606/432

v 381.63 91.5016 -99.6647
vt -7.62995 0.906565
f 5625/10997/432 5605/10607/432 5624/10996/432

f 5625/10997/432 5604/10608/432 5605/10607/432

v 381.524 91.498 -99.6648
vt -7.62784 0.90653
f 5626/10998/432 5604/10608/432 5625/10997/432

f 5626/10998/432 5603/10609/432 5604/10608/432

v 381.412 91.4813 -99.6649
vt -7.62559 0.906363
f 5627/10999/432 5603/10609/432 5626/10998/432

f 5627/10999/432 5602/10610/432 5603/10609/432

v 381.299 91.456 -99.665
vt -7.62335 0.906111
f 5628/11000/432 5602/10610/432 5627/10999/432

f 5628/11000/432 5601/10611/432 5602/10610/432

v 381.195 91.4269 -99.665
vt -7.62127 0.905821
f 5629/11001/432 5601/10611/432 5628/11000/432

v 381.107 91.3986 -99.6651
vt -7.61951 0.905539
f 5630/11002/432 5601/10611/432 5629/11001/432

f 5630/11002/432 5600/10612/432 5601/10611/432

v 381.068 91.3691 -99.6651
vt -7.61872 0.905244
f 5631/11003/432 5600/10612/432 5630/11002/432

f 5600/10612/432 5631/11003/432 5517/10613/432

f 5519/10766/432 5517/10613/432 5631/11003/432

f 5355/10508/432 5517/10613/432 5519/10766/432

f 5355/10508/432 5516/10614/432 5517/10613/432

f 5355/10508/432 5371/10552/432 5516/10614/432

f 5355/10508/432 5356/10509/432 5371/10552/432

vt -7.61469 0.930592
f 5516/10614/432 5371/10552/432 5382/11004/432

f 5369/10543/432 5382/11004/432 5371/10552/432

vt -7.60715 0.923436
f 5369/10543/432 5381/11005/432 5382/11004/432

vt -7.60349 0.913651
f 5369/10543/432 5380/11006/432 5381/11005/432

vt -7.60349 0.90362
f 5369/10543/432 5376/11007/432 5380/11006/432

vt -7.60163 0.903098
f 5369/10543/432 5377/11008/432 5376/11007/432

f 5359/10515/432 5377/11008/432 5369/10543/432

v 380.028 91.0094 -99.6659
vt -7.59792 0.901654
f 5359/10515/432 5632/11009/432 5377/11008/432

vt -7.5931 0.89905
f 5359/10515/432 5365/11010/432 5632/11009/432

vt -7.59003 0.896541
f 5359/10515/432 5363/11011/432 5365/11010/432

f 5133/10055/432 5363/11011/432 5359/10515/432

vt -7.58595 0.894711
f 5133/10055/432 5362/11012/432 5363/11011/432

vt -7.57661 0.893788
f 5133/10055/432 5131/11013/432 5362/11012/432

f 5126/10033/432 5131/11013/432 5133/10055/432

vt -7.5663 0.896272
f 5126/10033/432 5128/11014/432 5131/11013/432

f 5117/10025/432 5128/11014/432 5126/10033/432

vt -7.55691 0.901054
f 5117/10025/432 5129/11015/432 5128/11014/432

f 5114/9892/432 5129/11015/432 5117/10025/432

f 5114/9892/432 5112/10003/432 5129/11015/432

f 5111/9896/432 5112/10003/432 5114/9892/432

vt -4.19703 0.03
vt -4.2099 0.03
vt -4.2099 0
vt -4.19703 0
f 5113/11016/1599 5115/11017/1604 5129/11018/1604 5112/11019/1599 

vt -6.47941 0.03
vt -6.48651 0.03
vn -0.676365 0.736566 -0.000487964
vt -6.48651 0
vt -6.47941 0
f 5364/11020/1684 5366/11021/1747 5632/11022/1747 5365/11023/1684 

vt -7.10485 0.03
vt -7.10955 0.03
vt -7.10955 0
vt -7.10485 0
f 5366/11024/1747 5367/11025/1689 5377/11026/1689 5632/11027/1747 

vt -7.60333 0.905701
f 5380/11006/432 5376/11007/432 5379/11028/432

vt -7.61934 0.933691
f 5384/11029/432 5516/10614/432 5382/11004/432

f 5516/10614/432 5384/11029/432 5515/10697/432

v 380.987 92.5984 -99.6652
f 5515/10697/432 5384/11029/432 5633/10698/432

v 381.072 92.597 -99.6651
f 5633/10698/432 5384/11029/432 5634/10699/432

v 381.161 92.9089 -99.6651
vt -7.62061 0.920641
f 5634/10699/432 5384/11029/432 5635/11030/432

v 381.19 94.285 -99.665
vt -7.6212 0.934402
f 5636/11031/432 5635/11030/432 5384/11029/432

v 381.257 92.927 -99.665
vt -7.62252 0.920822
f 5635/11030/432 5636/11031/432 5637/11032/432

v 381.484 95.9804 -99.6648
vt -7.62711 0.951353
f 5636/11031/432 5638/11033/432 5637/11032/432

v 381.139 94.3755 -99.6651
vt -7.62019 0.935307
f 5639/11034/432 5638/11033/432 5636/11031/432

v 381.049 95.4144 -99.6651
vt -7.6184 0.945697
f 5639/11034/432 5640/11035/432 5638/11033/432

v 380.987 94.7919 -99.6652
vt -7.61714 0.939473
f 5640/11035/432 5639/11034/432 5641/11036/432

v 381.137 94.3755 -96.6651
vt 0.865381 0.03
vn -0.909186 -0.416391 -0.000655932
v 380.984 94.7919 -96.6652
vt 0.856514 0.03
vn -0.938738 -0.34463 -0.000677253
vt 0.856514 0
vt 0.865381 0
f 5642/11037/1748 5643/11038/1749 5641/11039/1749 5639/11040/1748 

vt 7.62019 0.935307
v 381.047 95.4144 -96.6651
vt 7.6184 0.945697
vt 7.61714 0.939473
f 5642/11041/258 5644/11042/258 5643/11043/258

v 381.482 95.9804 -96.6648
vt 7.62711 0.951353
f 5644/11042/258 5642/11041/258 5645/11044/258

v 381.188 94.285 -96.665
vt 7.6212 0.934402
f 5645/11044/258 5642/11041/258 5646/11045/258

vt 2.06291 0.03
vn -0.874157 -0.485644 -0.000630661
vt 2.06084 0.03
vt 2.06084 0
vt 2.06291 0
f 5646/11046/1750 5642/11047/1748 5639/11048/1748 5636/11049/1750 

vt -7.18436 0.03
vt -7.18669 0.03
vn -0.608502 0.793553 -0.000439004
vt -7.18669 0
vt -7.18436 0
f 5383/11050/1696 5646/11051/1751 5636/11052/1751 5384/11053/1696 

v 381.159 92.9089 -96.6651
vt 7.62061 0.920641
f 5647/11054/258 5646/11045/258 5383/10588/258

v 381.255 92.927 -96.665
vt 7.62252 0.920822
f 5646/11045/258 5647/11054/258 5648/11055/258

vt 7.83157 0.03
vn 0.100337 -0.994954 7.2388e-05
vt 7.82962 0.03
vn 0.185929 -0.982563 0.000134138
vt 7.82962 0
vt 7.83157 0
f 5648/11056/1752 5647/11057/1753 5635/11058/1753 5637/11059/1752 

v 382.699 92.3104 -96.6639
vt -7.65137 0.914645
v 382.644 92.315 -96.664
vt -7.65029 0.914691
v 382.568 92.3573 -96.664
vt -7.64876 0.915115
v 382.474 92.4094 -96.6641
vt -7.64687 0.915637
v 382.369 92.4673 -96.6642
vt -7.64478 0.916216
v 382.261 92.5268 -96.6643
vt -7.64263 0.916812
v 382.158 92.5839 -96.6643
vt -7.64056 0.917384
v 382.066 92.6344 -96.6644
vt -7.63873 0.91789
v 381.973 92.6793 -96.6645
vt -7.63686 0.918339
v 381.845 92.7257 -96.6646
vt -7.63432 0.918804
v 381.697 92.7717 -96.6647
vt -7.63136 0.919265
v 381.541 92.8152 -96.6648
vt -7.62823 0.919701
v 381.39 92.854 -96.6649
vt -7.62522 0.92009
v 381.258 92.8859 -96.665
vt -7.62258 0.920411
v 381.373 92.9287 -96.6649
vt -7.62489 0.920837
v 381.508 92.9279 -96.6648
vt -7.62758 0.920829
v 381.649 92.9232 -96.6647
vt -7.6304 0.920781
v 381.786 92.9133 -96.6646
vt -7.63314 0.92068
v 381.908 92.8965 -96.6645
vt -7.63558 0.920512
v 382.007 92.8716 -96.6644
vt -7.63756 0.920262
v 382.099 92.8391 -96.6644
vt -7.63939 0.919936
v 382.187 92.8011 -96.6643
vt -7.64116 0.919556
v 382.27 92.7596 -96.6643
vt -7.64281 0.91914
v 382.346 92.7164 -96.6642
vt -7.64432 0.918708
v 382.413 92.6737 -96.6642
vt -7.64566 0.91828
v 382.47 92.6333 -96.6641
vt -7.6468 0.917876
v 382.515 92.5973 -96.6641
vt -7.6477 0.917515
v 382.547 92.5671 -96.6641
vt -7.64834 0.917213
v 382.576 92.5316 -96.664
vt -7.64891 0.916858
v 382.605 92.4878 -96.664
vt -7.64949 0.91642
v 382.633 92.4398 -96.664
vt -7.65006 0.91594
v 382.659 92.3916 -96.664
vt -7.65057 0.915457
v 382.681 92.3471 -96.664
vt -7.65102 0.915012
f 5649/11060/432 5650/11061/432 5651/11062/432 5652/11063/432 5653/11064/432 5654/11065/432 5655/11066/432 5656/11067/432 5657/11068/432 5658/11069/432 5659/11070/432 5660/11071/432 5661/11072/432 5662/11073/432 5647/11030/432 5648/11032/432 5663/11074/432 5664/11075/432 5665/11076/432 5666/11077/432 5667/11078/432 5668/11079/432 5669/11080/432 5670/11081/432 5671/11082/432 5672/11083/432 5673/11084/432 5674/11085/432 5675/11086/432 5676/11087/432 5677/11088/432 5678/11089/432 5679/11090/432 5680/11091/432 5681/11092/432 

vt -7.46818 0.03
vn 0.0838768 0.996476 6.0513e-05
vt -7.46927 0.03
v 382.701 92.3104 -99.6639
vt -7.46927 0
v 382.646 92.315 -99.664
vt -7.46818 0
f 5650/11093/1754 5649/11094/1754 5682/11095/1754 5683/11096/1754 

vt 7.65029 0.914691
vt 7.65137 0.914645
f 5650/11097/258 5472/10724/258 5649/11098/258

vt 7.64876 0.915115
f 5651/11099/258 5472/10724/258 5650/11097/258

f 5444/10725/258 5472/10724/258 5651/11099/258

vt 7.64755 0.911348
f 5651/11099/258 5469/11100/258 5444/10725/258

vt 7.64709 0.911843
f 5651/11099/258 5468/11101/258 5469/11100/258

vt 7.64687 0.915637
f 5652/11102/258 5468/11101/258 5651/11099/258

vt 7.64654 0.912393
f 5652/11102/258 5467/11103/258 5468/11101/258

vt 7.64595 0.912961
f 5652/11102/258 5466/11104/258 5467/11103/258

vt 7.64532 0.913508
f 5652/11102/258 5465/11105/258 5466/11104/258

vt 7.64478 0.916216
f 5653/11106/258 5465/11105/258 5652/11102/258

vt 7.64469 0.913997
f 5653/11106/258 5464/11107/258 5465/11105/258

vt 7.64389 0.914392
f 5653/11106/258 5463/11108/258 5464/11107/258

vt 7.64267 0.914697
f 5653/11106/258 5462/11109/258 5463/11108/258

vt 7.64263 0.916812
f 5654/11110/258 5462/11109/258 5653/11106/258

vt 7.64112 0.914941
f 5654/11110/258 5461/11111/258 5462/11109/258

vt 7.64056 0.917384
f 5655/11112/258 5461/11111/258 5654/11110/258

vt 7.63936 0.915154
f 5655/11112/258 5460/11113/258 5461/11111/258

vt 7.63873 0.91789
f 5656/11114/258 5460/11113/258 5655/11112/258

vt 7.6375 0.915363
f 5656/11114/258 5459/11115/258 5460/11113/258

vt 7.63686 0.918339
f 5657/11116/258 5459/11115/258 5656/11114/258

vt 7.63563 0.915598
f 5657/11116/258 5458/11117/258 5459/11115/258

vt 7.63432 0.918804
f 5658/11118/258 5458/11117/258 5657/11116/258

vt 7.63387 0.915887
f 5658/11118/258 5457/11119/258 5458/11117/258

vt 7.63233 0.916259
f 5658/11118/258 5456/11120/258 5457/11119/258

vt 7.63136 0.919265
f 5659/11121/258 5456/11120/258 5658/11118/258

vt 7.63082 0.916682
f 5659/11121/258 5455/11122/258 5456/11120/258

vt 7.62873 0.917005
f 5659/11121/258 5454/11123/258 5455/11122/258

vt 7.62823 0.919701
f 5660/11124/258 5454/11123/258 5659/11121/258

vt 7.62626 0.917235
f 5660/11124/258 5453/11125/258 5454/11123/258

vt 7.62522 0.92009
f 5661/11126/258 5453/11125/258 5660/11124/258

vt 7.62362 0.917387
f 5661/11126/258 5452/11127/258 5453/11125/258

vt 7.62258 0.920411
f 5662/11128/258 5452/11127/258 5661/11126/258

vt 7.62106 0.917478
f 5662/11128/258 5451/11129/258 5452/11127/258

f 5647/11054/258 5451/11129/258 5662/11128/258

vt 7.61881 0.917523
f 5647/11054/258 5450/11130/258 5451/11129/258

f 5383/10588/258 5450/11130/258 5647/11054/258

vt 7.61711 0.917537
f 5383/10588/258 5449/11131/258 5450/11130/258

f 5383/10588/258 5386/10589/258 5449/11131/258

vt 6.5583 0.03
vn 0.728348 -0.685207 0.000525467
vt 6.55753 0.03
vt 6.55753 0
vt 6.5583 0
f 5449/11132/1755 5386/11133/1755 5515/11134/1755 5633/11135/1755 

vt -3.86686 0.03
vn 0.729521 0.683958 0.000526313
vt -3.86747 0.03
vn 0.720731 0.693215 0.000519972
vt -3.86747 0
vt -3.86686 0
f 5386/11136/1756 5388/11137/1757 5514/11138/1757 5515/11139/1756 

vt -4.04014 0.03
vt -4.04086 0.03
vn 0.700388 0.713762 0.000505295
vt -4.04086 0
vt -4.04014 0
f 5388/11140/1757 5389/11141/1758 5513/11142/1758 5514/11143/1757 

vt -4.25552 0.03
vt -4.25632 0.03
vt -4.25632 0
vt -4.25552 0
f 5389/11144/1758 5390/11145/1701 5443/11146/1701 5513/11147/1758 

vt 7.58652 0.03
vn -0.027659 -0.999617 -1.99546e-05
vt 7.58481 0.03
vn -0.0162875 -0.999867 -1.17506e-05
vt 7.58481 0
vt 7.58652 0
f 5450/11148/1759 5449/11149/1760 5633/11150/1760 5634/11151/1759 

vt 7.54214 0.03
vn -0.0545116 -0.998513 -3.93274e-05
vt 7.53989 0.03
vt 7.53989 0
v 381.184 92.5926 -99.665
vt 7.54214 0
f 5451/11152/1761 5450/11153/1759 5634/11154/1759 5684/11155/1761 

f 5634/10699/432 5635/11030/432 5684/10700/432

v 381.26 92.8859 -99.665
f 5684/10700/432 5635/11030/432 5685/11073/432

vt -7.00466 0.03
vn 0.22609 0.974106 0.000163113
vt -7.00669 0.03
vn 0.231013 0.972951 0.000166664
vt -7.00669 0
vt -7.00466 0
f 5647/11156/1762 5662/11157/1763 5685/11158/1763 5635/11159/1762 

vt -6.97072 0.03
vt -6.97343 0.03
vn 0.242554 0.970138 0.000174991
v 381.392 92.854 -99.6649
vt -6.97343 0
vt -6.97072 0
f 5662/11160/1763 5661/11161/1764 5686/11162/1764 5685/11163/1763 

vt -6.92378 0.03
vt -6.92689 0.03
vn 0.258498 0.966012 0.000186493
v 381.543 92.8152 -99.6648
vt -6.92689 0
vt -6.92378 0
f 5661/11164/1764 5660/11165/1765 5687/11166/1765 5686/11167/1764 

vt -6.85449 0.03
vt -6.85773 0.03
vn 0.281881 0.959449 0.000203363
v 381.699 92.7717 -99.6647
vt -6.85773 0
vt -6.85449 0
f 5660/11168/1765 5659/11169/1766 5688/11170/1766 5687/11171/1765 

vt -6.74298 0.03
vt -6.74609 0.03
vn 0.319472 0.947596 0.000230483
v 381.848 92.7257 -99.6646
vt -6.74609 0
vt -6.74298 0
f 5659/11172/1766 5658/11173/1767 5689/11174/1767 5688/11175/1766 

vt -6.53876 0.03
vt -6.54146 0.03
vn 0.388467 0.921463 0.00028026
v 381.975 92.6793 -99.6645
vt -6.54146 0
vt -6.53876 0
f 5658/11176/1767 5657/11177/1768 5690/11178/1768 5689/11179/1767 

vt -6.08453 0.03
vt -6.0866 0.03
vn 0.458055 0.888924 0.000330464
v 382.068 92.6344 -99.6644
vt -6.0866 0
vt -6.08453 0
f 5657/11180/1768 5656/11181/1769 5691/11182/1769 5690/11183/1768 

vt -5.80095 0.03
vt -5.80304 0.03
vn 0.482885 0.875684 0.000348377
v 382.16 92.5839 -99.6643
vt -5.80304 0
vt -5.80095 0
f 5656/11184/1769 5655/11185/1770 5692/11186/1770 5691/11187/1769 

vt -5.79967 0.03
vt -5.80203 0.03
vn 0.483337 0.875434 0.000348704
v 382.263 92.5268 -99.6643
vt -5.80203 0
vt -5.79967 0
f 5655/11188/1770 5654/11189/1771 5693/11190/1771 5692/11191/1770 

vt -5.79992 0.03
vt -5.80238 0.03
vn 0.48363 0.875272 0.000348915
v 382.371 92.4673 -99.6642
vt -5.80238 0
vt -5.79992 0
f 5654/11192/1771 5653/11193/1772 5694/11194/1772 5693/11195/1771 

vt -5.80334 0.03
vn 0.483835 0.875159 0.000349063
v 382.476 92.4094 -99.6641
vt -5.80334 0
f 5653/11184/1772 5652/11196/1773 5695/11197/1773 5694/11187/1772 

vt -5.80229 0.03
vt -5.80445 0.03
vn 0.483986 0.875076 0.000349172
v 382.57 92.3573 -99.664
vt -5.80445 0
vt -5.80229 0
f 5652/11198/1773 5651/11199/1774 5696/11200/1774 5695/11201/1773 

vt -5.80366 0.03
vt -5.8054 0.03
vn 0.484051 0.875039 0.000349219
vt -5.8054 0
vt -5.80366 0
f 5651/11202/1774 5650/11203/1775 5683/11204/1775 5696/11205/1774 

f 5480/10748/432 5696/11062/432 5683/11061/432

f 5480/10748/432 5470/10668/432 5696/11062/432

f 5480/10748/432 5471/10669/432 5470/10668/432

v 382.51 91.9806 -99.6641
f 5697/10718/432 5696/11062/432 5470/10668/432

v 382.487 92.03 -99.6641
f 5698/10717/432 5696/11062/432 5697/10718/432

f 5698/10717/432 5695/11063/432 5696/11062/432

v 382.459 92.085 -99.6641
f 5699/10716/432 5695/11063/432 5698/10717/432

v 382.429 92.1418 -99.6641
f 5700/10715/432 5695/11063/432 5699/10716/432

v 382.398 92.1965 -99.6642
f 5701/10714/432 5695/11063/432 5700/10715/432

f 5701/10714/432 5694/11064/432 5695/11063/432

v 382.367 92.2454 -99.6642
f 5702/10713/432 5694/11064/432 5701/10714/432

v 382.327 92.2848 -99.6642
f 5703/10712/432 5694/11064/432 5702/10713/432

v 382.265 92.3153 -99.6643
f 5704/10711/432 5694/11064/432 5703/10712/432

f 5704/10711/432 5693/11065/432 5694/11064/432

v 382.188 92.3397 -99.6643
f 5705/10710/432 5693/11065/432 5704/10711/432

f 5705/10710/432 5692/11066/432 5693/11065/432

v 382.1 92.3608 -99.6644
f 5706/10709/432 5692/11066/432 5705/10710/432

f 5706/10709/432 5691/11067/432 5692/11066/432

v 382.007 92.3817 -99.6644
f 5707/10708/432 5691/11067/432 5706/10709/432

f 5707/10708/432 5690/11068/432 5691/11067/432

v 381.913 92.4051 -99.6645
f 5708/10707/432 5690/11068/432 5707/10708/432

f 5708/10707/432 5689/11069/432 5690/11068/432

v 381.825 92.4339 -99.6646
f 5709/10706/432 5689/11069/432 5708/10707/432

v 381.748 92.4711 -99.6646
f 5710/10705/432 5689/11069/432 5709/10706/432

f 5710/10705/432 5688/11070/432 5689/11069/432

v 381.672 92.5133 -99.6647
f 5711/10704/432 5688/11070/432 5710/10705/432

v 381.568 92.5456 -99.6648
f 5712/10703/432 5688/11070/432 5711/10704/432

f 5712/10703/432 5687/11071/432 5688/11070/432

v 381.444 92.5685 -99.6649
f 5713/10702/432 5687/11071/432 5712/10703/432

f 5713/10702/432 5686/11072/432 5687/11071/432

v 381.312 92.5836 -99.6649
f 5714/10701/432 5686/11072/432 5713/10702/432

f 5714/10701/432 5685/11073/432 5686/11072/432

f 5684/10700/432 5685/11073/432 5714/10701/432

vt 7.47488 0.03
vn -0.0921017 -0.99575 -6.64468e-05
vt 7.47232 0.03
vt 7.47232 0
vt 7.47488 0
f 5452/11206/1776 5451/11207/1761 5684/11208/1761 5714/11209/1776 

vt 7.36509 0.03
vn -0.148033 -0.988982 -0.000106798
vt 7.36244 0.03
vt 7.36244 0
vt 7.36509 0
f 5453/11210/1777 5452/11211/1776 5714/11212/1776 5713/11213/1777 

vt 7.16631 0.03
vn -0.238868 -0.971052 -0.000172331
vt 7.16379 0.03
vt 7.16379 0
vt 7.16631 0
f 5454/11214/1778 5453/11215/1777 5713/11216/1777 5712/11217/1778 

vt 6.74692 0.03
vn -0.393874 -0.919164 -0.000284161
vt 6.74474 0.03
vt 6.74474 0
vt 6.74692 0
f 5455/11218/1779 5454/11219/1778 5712/11220/1778 5711/11221/1779 

vt 5.76297 0.03
vn -0.461133 -0.887331 -0.000332685
vt 5.76125 0.03
vt 5.76125 0
vt 5.76297 0
f 5456/11222/1780 5455/11223/1779 5711/11224/1779 5710/11225/1780 

vt 6.08128 0.03
vn -0.373384 -0.927677 -0.000269378
vt 6.07957 0.03
vt 6.07957 0
vt 6.08128 0
f 5457/11226/1781 5456/11227/1780 5710/11228/1780 5709/11229/1781 

vt 6.68257 0.03
vn -0.277479 -0.960732 -0.000200187
vt 6.68072 0.03
vt 6.68072 0
vt 6.68257 0
f 5458/11230/1782 5457/11231/1781 5709/11232/1781 5708/11233/1782 

vt 6.96096 0.03
vn -0.230464 -0.973081 -0.000166268
vt 6.95903 0.03
vt 6.95903 0
vt 6.96096 0
f 5459/11234/1783 5458/11235/1782 5708/11236/1782 5707/11237/1783 

vt 7.05505 0.03
vn -0.225783 -0.974177 -0.000162892
vt 7.05314 0.03
vt 7.05314 0
vt 7.05505 0
f 5460/11238/1784 5459/11239/1783 5707/11240/1783 5706/11241/1784 

vt 6.99932 0.03
vn -0.267395 -0.963587 -0.000192912
vt 6.99751 0.03
vt 6.99751 0
vt 6.99932 0
f 5461/11242/1785 5460/11243/1784 5706/11244/1784 5705/11245/1785 

vt 6.73617 0.03
vn -0.374304 -0.927306 -0.000270042
vt 6.73455 0.03
vt 6.73455 0
vt 6.73617 0
f 5462/11246/1786 5461/11247/1785 5705/11248/1785 5704/11249/1786 

vt 6.02486 0.03
vn -0.580865 -0.814 -0.000419065
vt 6.0235 0.03
vt 6.0235 0
vt 6.02486 0
f 5463/11250/1787 5462/11251/1786 5704/11252/1786 5703/11253/1787 

vt 4.16012 0.03
vn -0.775756 -0.631032 -0.00055967
vt 4.159 0.03
vt 4.159 0
vt 4.16012 0
f 5464/11254/1788 5463/11255/1787 5703/11256/1787 5702/11257/1788 

vt 2.60291 0.03
vn -0.854511 -0.519432 -0.000616487
vt 2.60175 0.03
vt 2.60175 0
vt 2.60291 0
f 5465/11258/1789 5464/11259/1788 5702/11260/1788 5701/11261/1789 

vt 2.20746 0.03
vn -0.876587 -0.481243 -0.000632414
vt 2.2062 0.03
vt 2.2062 0
vt 2.20746 0
f 5466/11262/1790 5465/11263/1789 5701/11264/1789 5700/11265/1790 

vt 1.94179 0.03
vn -0.89068 -0.45463 -0.000642581
vt 1.9405 0.03
vt 1.9405 0
vt 1.94179 0
f 5467/11266/1791 5466/11267/1790 5700/11268/1790 5699/11269/1791 

vt 1.75185 0.03
vn -0.900395 -0.435073 -0.00064959
vt 1.75062 0.03
vt 1.75062 0
vt 1.75185 0
f 5468/11270/1792 5467/11271/1791 5699/11272/1791 5698/11273/1792 

vt 1.60966 0.03
vn -0.907464 -0.420128 -0.000654691
vt 1.60857 0.03
vt 1.60857 0
vt 1.60966 0
f 5469/11274/1793 5468/11275/1792 5698/11276/1792 5697/11277/1793 

vt 1.49951 0.03
vn -0.910468 -0.41358 -0.000656857
vt 1.49863 0.03
vt 1.49863 0
vt 1.49951 0
f 5444/11278/1794 5469/11279/1793 5697/11280/1793 5470/11281/1794 

f 5480/10748/432 5683/11061/432 5682/11060/432

v 382.722 92.905 -99.6639
vt -7.65181 0.920591
f 5480/10748/432 5682/11060/432 5715/11282/432

v 382.683 92.3471 -99.664
f 5716/11092/432 5715/11282/432 5682/11060/432

v 382.663 92.934 -99.664
vt -7.65063 0.920882
f 5716/11092/432 5717/11283/432 5715/11282/432

v 382.661 92.3916 -99.664
f 5718/11091/432 5717/11283/432 5716/11092/432

v 382.635 92.4398 -99.664
f 5719/11090/432 5717/11283/432 5718/11091/432

v 382.607 92.4878 -99.664
f 5720/11089/432 5717/11283/432 5719/11090/432

v 382.591 92.9698 -99.664
vt -7.6492 0.92124
f 5720/11089/432 5721/11284/432 5717/11283/432

v 382.578 92.5316 -99.664
f 5722/11088/432 5721/11284/432 5720/11089/432

v 382.549 92.5671 -99.6641
f 5723/11087/432 5721/11284/432 5722/11088/432

v 382.517 92.5973 -99.6641
f 5724/11086/432 5721/11284/432 5723/11087/432

v 382.509 93.0117 -99.6641
vt -7.64756 0.921659
f 5724/11086/432 5725/11285/432 5721/11284/432

v 382.472 92.6333 -99.6641
f 5726/11085/432 5725/11285/432 5724/11086/432

v 382.419 93.059 -99.6641
vt -7.64574 0.922133
f 5726/11085/432 5727/11286/432 5725/11285/432

v 382.415 92.6737 -99.6642
f 5728/11084/432 5727/11286/432 5726/11085/432

v 382.348 92.7164 -99.6642
f 5729/11083/432 5727/11286/432 5728/11084/432

v 382.321 93.1111 -99.6642
vt -7.64379 0.922655
f 5729/11083/432 5730/11287/432 5727/11286/432

v 382.272 92.7596 -99.6643
f 5731/11082/432 5730/11287/432 5729/11083/432

v 382.233 93.1617 -99.6643
vt -7.64203 0.923161
f 5731/11082/432 5732/11288/432 5730/11287/432

v 382.189 92.8011 -99.6643
f 5733/11081/432 5732/11288/432 5731/11082/432

v 382.176 93.2004 -99.6643
vt -7.6409 0.923549
f 5733/11081/432 5734/11289/432 5732/11288/432

v 382.142 93.2294 -99.6643
vt -7.64022 0.923839
f 5733/11081/432 5735/11290/432 5734/11289/432

v 382.119 93.251 -99.6644
vt -7.63976 0.924055
f 5733/11081/432 5736/11291/432 5735/11290/432

v 382.101 92.8391 -99.6644
f 5737/11080/432 5736/11291/432 5733/11081/432

v 382.096 93.2677 -99.6644
vt -7.6393 0.924223
f 5737/11080/432 5738/11292/432 5736/11291/432

v 382.062 93.282 -99.6644
vt -7.63863 0.924366
f 5737/11080/432 5739/11293/432 5738/11292/432

v 382.009 92.8716 -99.6644
f 5740/11079/432 5739/11293/432 5737/11080/432

v 382.006 93.2963 -99.6644
vt -7.6375 0.924509
f 5740/11079/432 5741/11294/432 5739/11293/432

v 381.917 93.3131 -99.6645
vt -7.63572 0.924678
f 5740/11079/432 5742/11295/432 5741/11294/432

v 381.91 92.8965 -99.6645
f 5743/11078/432 5742/11295/432 5740/11079/432

v 381.796 93.3337 -99.6646
vt -7.63331 0.924884
f 5743/11078/432 5744/11296/432 5742/11295/432

v 381.788 92.9133 -99.6646
f 5745/11077/432 5744/11296/432 5743/11078/432

v 381.689 93.3546 -99.6647
vt -7.63116 0.925095
f 5745/11077/432 5746/11297/432 5744/11296/432

v 381.651 92.9232 -99.6647
f 5747/11076/432 5746/11297/432 5745/11077/432

v 381.6 93.3748 -99.6647
vt -7.62937 0.925297
f 5747/11076/432 5748/11298/432 5746/11297/432

v 381.527 93.3936 -99.6648
vt -7.62793 0.925485
f 5747/11076/432 5749/11299/432 5748/11298/432

v 381.51 92.9279 -99.6648
f 5750/11075/432 5749/11299/432 5747/11076/432

v 381.471 93.4101 -99.6648
vt -7.6268 0.925651
f 5750/11075/432 5751/11300/432 5749/11299/432

v 381.375 92.9287 -99.6649
f 5751/11300/432 5750/11075/432 5752/11074/432

vt 7.61554 0.03
vn -0.0193515 -0.999813 -1.39612e-05
vt 7.61285 0.03
vn 0.00413106 -0.999991 2.98036e-06
vt 7.61285 0
vt 7.61554 0
f 5664/11301/1795 5663/11302/1796 5752/11303/1796 5750/11304/1795 

vt 7.62758 0.920829
v 381.469 93.4101 -96.6648
vt 7.6268 0.925651
vt 7.62489 0.920837
f 5664/11305/258 5753/11306/258 5663/11307/258

v 381.525 93.3936 -96.6648
vt 7.62793 0.925485
f 5753/11306/258 5664/11305/258 5754/11308/258

vt 7.6304 0.920781
f 5754/11308/258 5664/11305/258 5665/11309/258

vt 7.56406 0.03
vn -0.0529046 -0.9986 -3.81681e-05
vt 7.56124 0.03
vt 7.56124 0
vt 7.56406 0
f 5665/11310/1797 5664/11311/1795 5750/11312/1795 5747/11313/1797 

vt 7.47712 0.03
vn -0.104581 -0.994516 -7.54503e-05
vt 7.47438 0.03
vt 7.47438 0
vt 7.47712 0
f 5666/11314/1798 5665/11315/1797 5747/11316/1797 5745/11317/1798 

v 381.687 93.3546 -96.6647
vt 7.63116 0.925095
vt 7.63314 0.92068
f 5755/11318/258 5665/11309/258 5666/11319/258

v 381.597 93.3748 -96.6647
vt 7.62937 0.925297
f 5756/11320/258 5665/11309/258 5755/11318/258

f 5754/11308/258 5665/11309/258 5756/11320/258

vt -6.91895 0.03
vn 0.266027 0.963965 0.000191926
vt -6.92044 0.03
vn 0.235447 0.971887 0.000169863
vt -6.92044 0
vt -6.91895 0
f 5754/11321/1799 5756/11322/1800 5748/11323/1800 5749/11324/1799 

v 382.765 92.8835 -96.6639
vt -7.6527 0.920375
v 382.72 92.905 -96.6639
v 382.661 92.934 -96.664
v 382.589 92.9698 -96.664
v 382.507 93.0117 -96.6641
v 382.416 93.059 -96.6641
v 382.319 93.1111 -96.6642
v 382.23 93.1617 -96.6643
v 382.174 93.2004 -96.6643
v 382.14 93.2294 -96.6643
v 382.117 93.251 -96.6644
v 382.094 93.2677 -96.6644
v 382.06 93.282 -96.6644
v 382.004 93.2963 -96.6644
v 381.915 93.3131 -96.6645
v 381.794 93.3337 -96.6646
v 381.534 93.4432 -96.6648
vt -7.6281 0.925982
v 381.658 93.4428 -96.6647
vt -7.63059 0.925977
v 381.8 93.4389 -96.6646
vt -7.63343 0.925937
v 381.946 93.4297 -96.6645
vt -7.63634 0.925844
v 382.082 93.4135 -96.6644
vt -7.63907 0.925681
v 382.196 93.3886 -96.6643
vt -7.64134 0.925431
v 382.275 93.3529 -96.6643
vt -7.64292 0.925073
v 382.35 93.2985 -96.6642
vt -7.64441 0.924528
v 382.434 93.2275 -96.6641
vt -7.6461 0.923818
v 382.522 93.1474 -96.6641
vt -7.64785 0.923016
v 382.607 93.0654 -96.664
vt -7.64955 0.922196
v 382.683 92.9889 -96.664
vt -7.65108 0.92143
v 382.746 92.9252 -96.6639
vt -7.65232 0.920793
f 5757/11325/432 5758/11282/432 5759/11283/432 5760/11284/432 5761/11285/432 5762/11286/432 5763/11287/432 5764/11288/432 5765/11289/432 5766/11290/432 5767/11291/432 5768/11292/432 5769/11293/432 5770/11294/432 5771/11295/432 5772/11296/432 5755/11297/432 5756/11298/432 5754/11299/432 5753/11300/432 5773/11326/432 5774/11327/432 5775/11328/432 5776/11329/432 5777/11330/432 5778/11331/432 5779/11332/432 5780/11333/432 5781/11334/432 5782/11335/432 5783/11336/432 5784/11337/432 5785/11338/432 

vt -6.0851 0.03
vn 0.43797 0.898989 0.000315974
vt -6.08609 0.03
vn 0.435128 0.900369 0.000313923
v 382.767 92.8835 -99.6639
vt -6.08609 0
vt -6.0851 0
f 5758/11339/1801 5757/11340/1802 5786/11341/1802 5715/11342/1801 

vt 7.65181 0.920591
vt 7.6527 0.920375
f 5758/11343/258 5472/10724/258 5757/11344/258

f 5649/11098/258 5472/10724/258 5758/11343/258

vt 7.65102 0.915012
f 5758/11343/258 5681/11345/258 5649/11098/258

vt 7.65063 0.920882
f 5759/11346/258 5681/11345/258 5758/11343/258

vt 7.65057 0.915457
f 5759/11346/258 5680/11347/258 5681/11345/258

vt 7.65006 0.91594
f 5759/11346/258 5679/11348/258 5680/11347/258

vt 7.64949 0.91642
f 5759/11346/258 5678/11349/258 5679/11348/258

vt 7.6492 0.92124
f 5760/11350/258 5678/11349/258 5759/11346/258

vt 7.64891 0.916858
f 5760/11350/258 5677/11351/258 5678/11349/258

vt 7.64834 0.917213
f 5760/11350/258 5676/11352/258 5677/11351/258

vt 7.6477 0.917515
f 5760/11350/258 5675/11353/258 5676/11352/258

vt 7.64756 0.921659
f 5761/11354/258 5675/11353/258 5760/11350/258

vt 7.6468 0.917876
f 5761/11354/258 5674/11355/258 5675/11353/258

vt 7.64574 0.922133
f 5762/11356/258 5674/11355/258 5761/11354/258

vt 7.64566 0.91828
f 5762/11356/258 5673/11357/258 5674/11355/258

vt 7.64432 0.918708
f 5762/11356/258 5672/11358/258 5673/11357/258

vt 7.64379 0.922655
f 5763/11359/258 5672/11358/258 5762/11356/258

vt 7.64281 0.91914
f 5763/11359/258 5671/11360/258 5672/11358/258

vt 7.64203 0.923161
f 5764/11361/258 5671/11360/258 5763/11359/258

vt 7.64116 0.919556
f 5764/11361/258 5670/11362/258 5671/11360/258

vt 7.6409 0.923549
f 5765/11363/258 5670/11362/258 5764/11361/258

vt 7.64022 0.923839
f 5766/11364/258 5670/11362/258 5765/11363/258

vt 7.63976 0.924055
f 5767/11365/258 5670/11362/258 5766/11364/258

vt 7.63939 0.919936
f 5767/11365/258 5669/11366/258 5670/11362/258

vt 7.6393 0.924223
f 5768/11367/258 5669/11366/258 5767/11365/258

vt 7.63863 0.924366
f 5769/11368/258 5669/11366/258 5768/11367/258

vt 7.63756 0.920262
f 5769/11368/258 5668/11369/258 5669/11366/258

vt 7.6375 0.924509
f 5770/11370/258 5668/11369/258 5769/11368/258

vt 7.63572 0.924678
f 5771/11371/258 5668/11369/258 5770/11370/258

vt 7.63558 0.920512
f 5771/11371/258 5667/11372/258 5668/11369/258

vt 7.63331 0.924884
f 5772/11373/258 5667/11372/258 5771/11371/258

f 5772/11373/258 5666/11319/258 5667/11372/258

f 5755/11318/258 5666/11319/258 5772/11373/258

vt -7.13295 0.03
vn 0.206057 0.97854 0.00014866
vt -7.13513 0.03
vn 0.179786 0.983706 0.000129707
vt -7.13513 0
vt -7.13295 0
f 5755/11374/1803 5772/11375/1804 5744/11376/1804 5746/11377/1803 

vt -7.21227 0.03
vt -7.21472 0.03
vn 0.176296 0.984337 0.000127189
vt -7.21472 0
vt -7.21227 0
f 5772/11378/1804 5771/11379/1805 5742/11380/1805 5744/11381/1804 

vt -7.16069 0.03
vt -7.16251 0.03
vn 0.216013 0.976391 0.000155842
vt -7.16251 0
vt -7.16069 0
f 5771/11382/1805 5770/11383/1806 5741/11384/1806 5742/11385/1805 

vt -6.94124 0.03
vt -6.9424 0.03
vn 0.318201 0.948023 0.000229566
vt -6.9424 0
vt -6.94124 0
f 5770/11386/1806 5769/11387/1807 5739/11388/1807 5741/11389/1806 

vt -6.32229 0.03
vt -6.32302 0.03
vn 0.491463 0.870899 0.000354566
vt -6.32302 0
vt -6.32229 0
f 5769/11390/1807 5768/11391/1808 5738/11392/1808 5739/11393/1807 

vt -5.08245 0.03
vt -5.08302 0.03
vn 0.638166 0.769899 0.000460405
vt -5.08302 0
vt -5.08245 0
f 5768/11394/1808 5767/11395/1809 5736/11396/1809 5738/11397/1808 

vt -4.2956 0.03
vt -4.29623 0.03
vn 0.666507 0.745499 0.000480851
vt -4.29623 0
vt -4.2956 0
f 5767/11398/1809 5766/11399/1810 5735/11400/1810 5736/11401/1809 

vt -4.62143 0.03
vt -4.62232 0.03
vn 0.60831 0.793699 0.000438866
vt -4.62232 0
vt -4.62143 0
f 5766/11402/1810 5765/11403/1811 5734/11404/1811 5735/11405/1810 

vt -5.23935 0.03
vt -5.24072 0.03
vn 0.532531 0.846411 0.000384194
vt -5.24072 0
vt -5.23935 0
f 5765/11406/1811 5764/11407/1812 5732/11408/1812 5734/11409/1811 

vt -5.71266 0.03
vt -5.7147 0.03
vn 0.483988 0.875074 0.000349174
vt -5.7147 0
vt -5.71266 0
f 5764/11410/1812 5763/11411/1813 5730/11412/1813 5732/11413/1812 

vt -5.86887 0.03
vt -5.87108 0.03
vn 0.466739 0.884395 0.000336729
vt -5.87108 0
vt -5.86887 0
f 5763/11414/1813 5762/11415/1814 5727/11416/1814 5730/11417/1813 

vt -5.92426 0.03
vt -5.92631 0.03
vn 0.458228 0.888835 0.000330589
vt -5.92631 0
vt -5.92426 0
f 5762/11418/1814 5761/11419/1815 5725/11420/1815 5727/11421/1814 

vt -5.9725 0.03
vt -5.97435 0.03
vn 0.450692 0.892679 0.000325152
vt -5.97435 0
vt -5.9725 0
f 5761/11422/1815 5760/11423/1816 5721/11424/1816 5725/11425/1815 

vt -6.01482 0.03
vt -6.01642 0.03
vn 0.443979 0.896037 0.000320309
vt -6.01642 0
vt -6.01482 0
f 5760/11426/1816 5759/11427/1817 5717/11428/1817 5721/11429/1816 

vt -6.05212 0.03
vt -6.05344 0.03
vt -6.05344 0
vt -6.05212 0
f 5759/11430/1817 5758/11431/1801 5715/11432/1801 5717/11433/1817 

vt -7.03149 0.03
vt -7.03332 0.03
vt -7.03332 0
vt -7.03149 0
f 5756/11434/1800 5755/11435/1803 5746/11436/1803 5748/11437/1800 

vt 7.31163 0.03
vn -0.190227 -0.98174 -0.000137239
vt 7.30917 0.03
vt 7.30917 0
vt 7.31163 0
f 5667/11438/1818 5666/11439/1798 5745/11440/1798 5743/11441/1818 

vt 6.95654 0.03
vn -0.288646 -0.957436 -0.000208243
vt 6.9545 0.03
vt 6.9545 0
vt 6.95654 0
f 5668/11442/1819 5667/11443/1818 5743/11444/1818 5740/11445/1819 

vt 6.58787 0.03
vn -0.364726 -0.931115 -0.000263132
vt 6.58592 0.03
vt 6.58592 0
vt 6.58787 0
f 5669/11446/1820 5668/11447/1819 5740/11448/1819 5737/11449/1820 

vt 6.28506 0.03
vn -0.422691 -0.906274 -0.000304951
vt 6.28314 0.03
vt 6.28314 0
vt 6.28506 0
f 5670/11450/1821 5669/11451/1820 5737/11452/1820 5733/11453/1821 

vt 6.00046 0.03
vn -0.472212 -0.881485 -0.000340677
vt 5.99861 0.03
vt 5.99861 0
vt 6.00046 0
f 5671/11454/1822 5670/11455/1821 5733/11456/1821 5731/11457/1822 

vt 5.72852 0.03
vn -0.516305 -0.856404 -0.000372489
vt 5.72678 0.03
vt 5.72678 0
vt 5.72852 0
f 5672/11458/1823 5671/11459/1822 5731/11460/1822 5729/11461/1823 

vt 5.4586 0.03
vn -0.558005 -0.829838 -0.000402573
vt 5.45701 0.03
vt 5.45701 0
vt 5.4586 0
f 5673/11462/1824 5672/11463/1823 5729/11464/1823 5728/11465/1824 

vt 5.17188 0.03
vn -0.601291 -0.79903 -0.000433802
vt 5.17048 0.03
vt 5.17048 0
vt 5.17188 0
f 5674/11466/1825 5673/11467/1824 5728/11468/1824 5726/11469/1825 

vt 4.83003 0.03
vn -0.654304 -0.756231 -0.000472048
vt 4.82887 0.03
vt 4.82887 0
vt 4.83003 0
f 5675/11470/1826 5674/11471/1825 5726/11472/1825 5724/11473/1826 

vt 4.32108 0.03
vn -0.733253 -0.679956 -0.000529006
vt 4.3202 0.03
vt 4.3202 0
vt 4.32108 0
f 5676/11474/1827 5675/11475/1826 5724/11476/1826 5723/11477/1827 

vt 3.36331 0.03
vt 3.3624 0.03
vt 3.3624 0
vt 3.36331 0
f 5677/11478/1361 5676/11479/1827 5723/11480/1827 5722/11481/1361 

vt 2.69441 0.03
vn -0.848474 -0.529236 -0.000612132
vt 2.69336 0.03
vt 2.69336 0
vt 2.69441 0
f 5678/11482/1828 5677/11483/1361 5722/11484/1361 5720/11485/1828 

vt 2.28213 0.03
vn -0.871945 -0.489604 -0.000629065
vt 2.28101 0.03
vt 2.28101 0
vt 2.28213 0
f 5679/11486/1829 5678/11487/1828 5720/11488/1828 5719/11489/1829 

vt 2.00533 0.03
vn -0.886876 -0.462008 -0.000639837
vt 2.00423 0.03
vt 2.00423 0
vt 2.00533 0
f 5680/11490/1830 5679/11491/1829 5719/11492/1829 5718/11493/1830 

vt 1.80762 0.03
vn -0.897133 -0.441759 -0.000647237
vt 1.80662 0.03
vt 1.80662 0
vt 1.80762 0
f 5681/11494/1831 5680/11495/1830 5718/11496/1830 5716/11497/1831 

vt 1.65988 0.03
vn -0.901367 -0.433055 -0.000650292
vt 1.65906 0.03
vt 1.65906 0
vt 1.65988 0
f 5649/11498/1832 5681/11499/1831 5716/11500/1831 5682/11501/1832 

v 383.112 91.7718 -96.6636
vt 7.65962 0.909256
f 5757/11344/258 5472/10724/258 5787/11502/258

vt 5.59636 0.03
vn 0.901627 -0.432514 0.000650479
vt 5.58228 0.03
vn 0.81943 -0.573179 0.000591178
vt 5.58228 0
v 383.114 91.7718 -99.6636
vt 5.59636 0
f 5787/11503/1833 5472/11504/1834 5480/11505/1834 5788/11506/1833 

vt 6.13993 0.03
vt 6.13013 0.03
vn 0.801351 -0.598195 0.000578135
vt 6.13013 0
vt 6.13993 0
f 5472/11507/1834 5473/11508/1835 5481/11509/1835 5480/11510/1834 

vt 5.90343 0.03
vt 5.90189 0.03
vn 0.814583 -0.580047 0.000587681
vt 5.90189 0
vt 5.90343 0
f 5473/11511/1835 5298/11512/1836 5332/11513/1836 5481/11514/1835 

vt -5.71807 0.03
vn 0.500108 0.865963 0.000360803
vt -5.71965 0.03
vt -5.71965 0
vt -5.71807 0
f 5298/11515/1837 5299/11516/1837 5331/11517/1837 5332/11518/1837 

vt -2.22446 0.03
vn 0.868546 0.495608 0.000626613
vt -2.22847 0.03
vn 0.928717 0.37079 0.000670023
vt -2.22847 0
vt -2.22446 0
f 5299/11519/1838 5300/11520/1839 5330/11521/1839 5331/11522/1838 

vt -0.0806862 0.03
vt -0.0879655 0.03
vn 0.975094 0.221791 0.000703482
vt -0.0879655 0
vt -0.0806862 0
f 5300/11523/1839 5301/11524/1840 5329/11525/1840 5330/11526/1839 

vt 0.1875 0.03
vt 0.183337 0.03
vn 0.978833 0.20466 0.000706179
vt 0.183337 0
vt 0.1875 0
f 5301/11527/1840 5302/11528/1841 5328/11529/1841 5329/11530/1840 

vt 0.182156 0.03
vt 0.182156 0
f 5302/11528/1841 5303/11531/1841 5327/11532/1841 5328/11529/1841 

vt -5.19725 0.03
vn 0.579861 0.814715 0.000418341
vt -5.19843 0.03
vn 0.614283 0.789086 0.000443174
vt -5.19843 0
vt -5.19725 0
f 5303/11533/1842 5304/11534/1843 5326/11535/1843 5327/11536/1842 

vt -4.67426 0.03
vt -4.68364 0.03
vn 0.752517 0.658573 0.000542904
vt -4.68364 0
vt -4.67426 0
f 5304/11537/1843 5305/11538/1844 5325/11539/1844 5326/11540/1843 

vt -2.64565 0.03
v 383.476 88.9847 -96.6634
vt -2.65928 0.03
vn 0.841123 0.540844 0.000606828
v 383.478 88.9847 -99.6634
vt -2.65928 0
vt -2.64565 0
f 5305/11541/1844 5789/11542/1845 5790/11543/1845 5325/11544/1844 

vt 7.66687 0.881383
f 5305/10433/258 5306/10434/258 5789/11545/258

v 383.49 88.2389 -96.6634
vt 7.66714 0.873924
f 5789/11545/258 5306/10434/258 5791/11546/258

vt 3.25113 0.03
vn 0.995844 -0.0910728 0.000718452
vt 3.23868 0.03
vt 3.23868 0
v 383.492 88.2389 -99.6634
vt 3.25113 0
f 5791/11547/1846 5306/11548/1667 5308/11549/1667 5792/11550/1846 

vt -7.66464 0.867825
vt -7.66687 0.881383
vt -7.66714 0.873924
f 5308/11551/432 5790/11552/432 5792/11553/432

f 5308/11551/432 5325/10478/432 5790/11552/432

f 5307/10477/432 5325/10478/432 5308/11551/432

vt 1.62085 0.03
vn 0.999818 0.0190777 0.000721319
vt 1.60594 0.03
vt 1.60594 0
vt 1.62085 0
f 5789/11554/1847 5791/11555/1846 5792/11556/1846 5790/11557/1847 

vt -7.65962 0.909256
f 5480/10748/432 5786/11325/432 5788/11558/432

f 5480/10748/432 5715/11282/432 5786/11325/432

v 382.805 93.3324 -99.6639
vt -7.65347 0.924865
f 5788/11558/432 5786/11325/432 5793/11559/432

v 382.748 92.9252 -99.6639
f 5794/11338/432 5793/11559/432 5786/11325/432

v 382.706 93.377 -99.6639
vt -7.6515 0.925312
f 5794/11338/432 5795/11560/432 5793/11559/432

v 382.686 92.9889 -99.664
f 5796/11337/432 5795/11560/432 5794/11338/432

v 382.609 93.0654 -99.664
f 5797/11336/432 5795/11560/432 5796/11337/432

v 382.597 93.4273 -99.664
vt -7.64931 0.925815
f 5797/11336/432 5798/11561/432 5795/11560/432

v 382.524 93.1474 -99.6641
f 5799/11335/432 5798/11561/432 5797/11336/432

v 382.485 93.4801 -99.6641
vt -7.64707 0.926343
f 5799/11335/432 5800/11562/432 5798/11561/432

v 382.436 93.2275 -99.6641
f 5801/11334/432 5800/11562/432 5799/11335/432

v 382.378 93.5322 -99.6642
vt -7.64493 0.926865
f 5801/11334/432 5802/11563/432 5800/11562/432

v 382.352 93.2985 -99.6642
f 5803/11333/432 5802/11563/432 5801/11334/432

v 382.284 93.5804 -99.6642
vt -7.64306 0.927348
f 5803/11333/432 5804/11564/432 5802/11563/432

v 382.277 93.3529 -99.6643
f 5805/11332/432 5804/11564/432 5803/11333/432

v 382.198 93.3886 -99.6643
f 5806/11331/432 5804/11564/432 5805/11332/432

v 382.194 93.6229 -99.6643
vt -7.64127 0.927774
f 5806/11331/432 5807/11565/432 5804/11564/432

v 382.085 93.4135 -99.6644
f 5808/11330/432 5807/11565/432 5806/11331/432

v 382.076 93.6607 -99.6644
vt -7.63891 0.928153
f 5808/11330/432 5809/11566/432 5807/11565/432

v 381.948 93.4297 -99.6645
f 5810/11329/432 5809/11566/432 5808/11330/432

v 381.94 93.6938 -99.6645
vt -7.63618 0.928485
f 5810/11329/432 5811/11567/432 5809/11566/432

v 381.802 93.4389 -99.6646
f 5812/11328/432 5811/11567/432 5810/11329/432

v 381.797 93.722 -99.6646
vt -7.63332 0.928768
f 5812/11328/432 5813/11568/432 5811/11567/432

v 381.661 93.4428 -99.6647
f 5814/11327/432 5813/11568/432 5812/11328/432

v 381.659 93.745 -99.6647
vt -7.63056 0.928999
f 5814/11327/432 5815/11569/432 5813/11568/432

v 381.538 93.7626 -99.6648
vt -7.62814 0.929175
f 5814/11327/432 5816/11570/432 5815/11569/432

v 381.536 93.4432 -99.6648
f 5817/11326/432 5816/11570/432 5814/11327/432

v 381.503 93.7898 -99.6648
vt -7.62746 0.929448
f 5817/11326/432 5818/11571/432 5816/11570/432

f 5751/11300/432 5818/11571/432 5817/11326/432

f 5751/11300/432 5638/11033/432 5818/11571/432

f 5752/11074/432 5638/11033/432 5751/11300/432

f 5637/11032/432 5638/11033/432 5752/11074/432

vt 7.64865 0.03
vt 7.64628 0.03
vt 7.64628 0
vt 7.64865 0
f 5663/11572/1796 5648/11573/1752 5637/11574/1752 5752/11575/1796 

f 5645/11044/258 5648/11055/258 5663/11307/258

f 5645/11044/258 5646/11045/258 5648/11055/258

f 5645/11044/258 5663/11307/258 5753/11306/258

v 381.501 93.7898 -96.6648
vt 7.62746 0.929448
f 5645/11044/258 5753/11306/258 5819/11576/258

vt 7.6281 0.925982
f 5819/11576/258 5753/11306/258 5773/11577/258

vt 7.64094 0.03
vn 0.452709 -0.891658 0.000326607
vt 7.63948 0.03
vt 7.63948 0
vt 7.64094 0
f 5773/11578/1848 5753/11579/1848 5751/11580/1848 5817/11581/1848 

vt -6.79437 0.03
vn 0.281573 0.95954 0.000203141
vt -6.79554 0.03
vt -6.79554 0
vt -6.79437 0
f 5753/11582/1849 5754/11583/1799 5749/11584/1799 5751/11585/1849 

vt 7.62323 0.03
vn -0.0154192 -0.999881 -1.11242e-05
vt 7.62074 0.03
vn -0.00322412 -0.999995 -2.32604e-06
vt 7.62074 0
vt 7.62323 0
f 5774/11586/1850 5773/11587/1851 5817/11588/1851 5814/11589/1850 

v 381.535 93.7626 -96.6648
vt 7.62814 0.929175
vt 7.63059 0.925977
f 5820/11590/258 5773/11577/258 5774/11591/258

f 5819/11576/258 5773/11577/258 5820/11590/258

vt -4.79949 0.03
vn 0.623615 0.781732 0.000449907
vt -4.80036 0.03
vt -4.80036 0
vt -4.79949 0
f 5819/11592/1852 5820/11593/1852 5816/11594/1852 5818/11595/1852 

v 382.957 93.2642 -96.6638
vt -7.65656 0.924181
v 382.883 93.2967 -96.6638
vt -7.65508 0.924506
v 382.803 93.3324 -96.6639
v 382.704 93.377 -96.6639
v 382.595 93.4273 -96.664
v 382.483 93.4801 -96.6641
v 382.376 93.5322 -96.6642
v 382.282 93.5804 -96.6642
v 382.192 93.6229 -96.6643
v 382.074 93.6607 -96.6644
v 381.938 93.6938 -96.6645
v 381.794 93.722 -96.6646
v 381.657 93.745 -96.6647
v 381.601 93.794 -96.6647
vt -7.62945 0.929489
v 381.722 93.7956 -96.6647
vt -7.63187 0.929505
v 381.857 93.7929 -96.6646
vt -7.63458 0.929476
v 382.002 93.7837 -96.6644
vt -7.63747 0.929384
v 382.149 93.7663 -96.6643
vt -7.6404 0.929208
v 382.292 93.7381 -96.6642
vt -7.64327 0.928925
v 382.428 93.6893 -96.6641
vt -7.64598 0.928436
v 382.554 93.6222 -96.6641
vt -7.64849 0.927764
v 382.667 93.5446 -96.664
vt -7.65075 0.926987
v 382.765 93.464 -96.6639
vt -7.65271 0.92618
v 382.845 93.388 -96.6638
vt -7.65432 0.92542
v 382.906 93.3243 -96.6638
vt -7.65553 0.924783
f 5821/11596/432 5822/11597/432 5823/11559/432 5824/11560/432 5825/11561/432 5826/11562/432 5827/11563/432 5828/11564/432 5829/11565/432 5830/11566/432 5831/11567/432 5832/11568/432 5833/11569/432 5820/11570/432 5819/11571/432 5834/11598/432 5835/11599/432 5836/11600/432 5837/11601/432 5838/11602/432 5839/11603/432 5840/11604/432 5841/11605/432 5842/11606/432 5843/11607/432 5844/11608/432 5845/11609/432 

vt -6.26236 0.03
vn 0.404299 0.914627 0.000291681
vt -6.26397 0.03
vn 0.402108 0.915592 0.000290101
v 382.959 93.2642 -99.6638
vt -6.26397 0
v 382.886 93.2967 -99.6638
vt -6.26236 0
f 5822/11610/1853 5821/11611/1854 5846/11612/1854 5847/11613/1853 

vt 7.65508 0.924506
vt 7.65656 0.924181
f 5822/11614/258 5787/11502/258 5821/11615/258

vt 7.65347 0.924865
f 5823/11616/258 5787/11502/258 5822/11614/258

f 5757/11344/258 5787/11502/258 5823/11616/258

vt 7.65232 0.920793
f 5823/11616/258 5785/11617/258 5757/11344/258

vt 7.6515 0.925312
f 5824/11618/258 5785/11617/258 5823/11616/258

vt 7.65108 0.92143
f 5824/11618/258 5784/11619/258 5785/11617/258

vt 7.64955 0.922196
f 5824/11618/258 5783/11620/258 5784/11619/258

vt 7.64931 0.925815
f 5825/11621/258 5783/11620/258 5824/11618/258

vt 7.64785 0.923016
f 5825/11621/258 5782/11622/258 5783/11620/258

vt 7.64707 0.926343
f 5826/11623/258 5782/11622/258 5825/11621/258

vt 7.6461 0.923818
f 5826/11623/258 5781/11624/258 5782/11622/258

vt 7.64493 0.926865
f 5827/11625/258 5781/11624/258 5826/11623/258

vt 7.64441 0.924528
f 5827/11625/258 5780/11626/258 5781/11624/258

vt 7.64306 0.927348
f 5828/11627/258 5780/11626/258 5827/11625/258

vt 7.64292 0.925073
f 5828/11627/258 5779/11628/258 5780/11626/258

vt 7.64134 0.925431
f 5828/11627/258 5778/11629/258 5779/11628/258

vt 7.64127 0.927774
f 5829/11630/258 5778/11629/258 5828/11627/258

vt 7.63907 0.925681
f 5829/11630/258 5777/11631/258 5778/11629/258

vt 7.63891 0.928153
f 5830/11632/258 5777/11631/258 5829/11630/258

vt 7.63634 0.925844
f 5830/11632/258 5776/11633/258 5777/11631/258

vt 7.63618 0.928485
f 5831/11634/258 5776/11633/258 5830/11632/258

vt 7.63343 0.925937
f 5831/11634/258 5775/11635/258 5776/11633/258

vt 7.63332 0.928768
f 5832/11636/258 5775/11635/258 5831/11634/258

f 5832/11636/258 5774/11591/258 5775/11635/258

vt 7.63056 0.928999
f 5833/11637/258 5774/11591/258 5832/11636/258

f 5820/11590/258 5774/11591/258 5833/11637/258

vt -7.27979 0.03
vn 0.14375 0.989614 0.000103708
vt -7.28224 0.03
vn 0.15406 0.988062 0.000111146
vt -7.28224 0
vt -7.27979 0
f 5820/11638/1855 5833/11639/1856 5815/11640/1856 5816/11641/1855 

vt -7.21936 0.03
vt -7.22215 0.03
vn 0.178747 0.983895 0.000128957
vt -7.22215 0
vt -7.21936 0
f 5833/11642/1856 5832/11643/1857 5813/11644/1857 5815/11645/1856 

vt -7.12875 0.03
vt -7.13167 0.03
vn 0.214507 0.976723 0.000154756
vt -7.13167 0
vt -7.12875 0
f 5832/11646/1857 5831/11647/1858 5811/11648/1858 5813/11649/1857 

vt -6.98057 0.03
vt -6.98338 0.03
vn 0.270687 0.962668 0.000195287
vt -6.98338 0
vt -6.98057 0
f 5831/11650/1858 5830/11651/1859 5809/11652/1859 5811/11653/1858 

vt -6.70516 0.03
vt -6.70764 0.03
vn 0.367008 0.930218 0.000264778
vt -6.70764 0
vt -6.70516 0
f 5830/11654/1859 5829/11655/1860 5807/11656/1860 5809/11657/1859 

vt -6.11293 0.03
vt -6.11492 0.03
vn 0.442625 0.896707 0.000319332
vt -6.11492 0
vt -6.11293 0
f 5829/11658/1860 5828/11659/1861 5804/11660/1861 5807/11661/1860 

vt -5.94216 0.03
vt -5.94427 0.03
vn 0.448089 0.893989 0.000323274
vt -5.94427 0
vt -5.94216 0
f 5828/11662/1861 5827/11663/1862 5802/11664/1862 5804/11665/1861 

vt -6.05621 0.03
vt -6.05858 0.03
vn 0.432048 0.901851 0.000311701
vt -6.05858 0
vt -6.05621 0
f 5827/11666/1862 5826/11667/1863 5800/11668/1863 5802/11669/1862 

vt -6.12688 0.03
vt -6.12936 0.03
vn 0.421611 0.906777 0.000304171
vt -6.12936 0
vt -6.12688 0
f 5826/11670/1863 5825/11671/1864 5798/11672/1864 5800/11673/1863 

vt -6.17531 0.03
vt -6.17772 0.03
vn 0.414272 0.910153 0.000298877
vt -6.17772 0
vt -6.17531 0
f 5825/11674/1864 5824/11675/1865 5795/11676/1865 5798/11677/1864 

vt -6.21071 0.03
vt -6.21288 0.03
vn 0.408834 0.912609 0.000294954
vt -6.21288 0
vt -6.21071 0
f 5824/11678/1865 5823/11679/1866 5793/11680/1866 5795/11681/1865 

vt -6.23767 0.03
vt -6.23943 0.03
vt -6.23943 0
vt -6.23767 0
f 5823/11682/1866 5822/11683/1853 5847/11684/1853 5793/11685/1866 

f 5788/11558/432 5793/11559/432 5847/11597/432

f 5788/11558/432 5847/11597/432 5846/11596/432

v 383.137 96.3195 -99.6636
vt -7.66015 0.954733
f 5846/11596/432 5848/11686/432 5788/11558/432

v 382.908 93.3243 -99.6638
f 5849/11609/432 5848/11686/432 5846/11596/432

v 382.847 93.388 -99.6638
f 5850/11608/432 5848/11686/432 5849/11609/432

v 382.767 93.464 -99.6639
f 5851/11607/432 5848/11686/432 5850/11608/432

v 382.669 93.5446 -99.664
f 5852/11606/432 5848/11686/432 5851/11607/432

v 382.558 96.2674 -99.664
vt -7.64858 0.954216
f 5852/11606/432 5853/11687/432 5848/11686/432

v 382.556 93.6222 -99.664
f 5854/11605/432 5853/11687/432 5852/11606/432

v 382.43 93.6893 -99.6641
f 5855/11604/432 5853/11687/432 5854/11605/432

v 382.294 93.7381 -99.6642
f 5856/11603/432 5853/11687/432 5855/11604/432

v 382.151 93.7663 -99.6643
f 5857/11602/432 5853/11687/432 5856/11603/432

v 382.091 96.0903 -99.6644
vt -7.63924 0.952449
f 5857/11602/432 5858/11688/432 5853/11687/432

v 382.004 93.7837 -99.6644
f 5859/11601/432 5858/11688/432 5857/11602/432

v 381.977 96.0544 -99.6645
vt -7.63696 0.952091
f 5859/11601/432 5860/11689/432 5858/11688/432

v 381.86 93.7929 -99.6646
f 5861/11600/432 5860/11689/432 5859/11601/432

v 381.816 96.1141 -99.6646
vt -7.63374 0.952688
f 5861/11600/432 5862/11690/432 5860/11689/432

v 381.724 93.7956 -99.6646
f 5863/11599/432 5862/11690/432 5861/11600/432

v 381.603 93.794 -99.6647
f 5864/11598/432 5862/11690/432 5863/11599/432

f 5818/11571/432 5862/11690/432 5864/11598/432

f 5862/11690/432 5818/11571/432 5638/11033/432

vt -7.78543 0.03
vn -0.374178 0.927357 -0.000269951
v 381.814 96.1141 -96.6646
vt -7.79257 0.03
vt -7.79257 0
vt -7.78543 0
f 5645/11691/1867 5865/11692/1867 5862/11693/1867 5638/11694/1867 

vt 7.63374 0.952688
f 5819/11576/258 5865/11695/258 5645/11044/258

vt 7.62945 0.929489
f 5865/11695/258 5819/11576/258 5834/11696/258

vt 7.6989 0.03
vn 0.0276448 -0.999618 1.99443e-05
vt 7.69691 0.03
vn 0.0415165 -0.999138 2.99521e-05
vt 7.69691 0
vt 7.6989 0
f 5834/11697/1868 5819/11698/1869 5818/11699/1869 5864/11700/1868 

vt 7.65546 0.03
vn -0.00330175 -0.999995 -2.38205e-06
vt 7.65304 0.03
vt 7.65304 0
vt 7.65546 0
f 5835/11701/1870 5834/11702/1868 5864/11703/1868 5863/11704/1870 

vt 7.63187 0.929505
f 5865/11695/258 5834/11696/258 5835/11705/258

vt 7.63458 0.929476
f 5865/11695/258 5835/11705/258 5836/11706/258

vt 7.59369 0.03
vn -0.0417698 -0.999127 -3.01349e-05
vt 7.59098 0.03
vt 7.59098 0
vt 7.59369 0
f 5836/11707/1871 5835/11708/1870 5863/11709/1870 5861/11710/1871 

vt 7.50321 0.03
vn -0.0905776 -0.995889 -6.53472e-05
vt 7.50032 0.03
vt 7.50032 0
vt 7.50321 0
f 5837/11711/1872 5836/11712/1871 5861/11713/1871 5859/11714/1872 

v 381.975 96.0544 -96.6645
vt 7.63696 0.952091
vt 7.63747 0.929384
f 5866/11715/258 5836/11706/258 5837/11716/258

f 5865/11695/258 5836/11706/258 5866/11715/258

vt -6.49823 0.03
vn 0.346397 0.938088 0.000249908
vt -6.50168 0.03
vt -6.50168 0
vt -6.49823 0
f 5865/11717/1873 5866/11718/1873 5860/11719/1873 5862/11720/1873 

vt -7.85596 0.03
vn -0.301113 0.953589 -0.000217238
v 382.089 96.0903 -96.6644
vt -7.85834 0.03
vn -0.327798 0.944748 -0.00023649
vt -7.85834 0
vt -7.85596 0
f 5866/11721/1874 5867/11722/1875 5858/11723/1875 5860/11724/1874 

vt 7.63924 0.952449
f 5866/11715/258 5837/11716/258 5867/11725/258

vt 7.6404 0.929208
f 5867/11725/258 5837/11716/258 5838/11726/258

vt 7.36603 0.03
vn -0.155514 -0.987834 -0.000112195
vt 7.36308 0.03
vt 7.36308 0
vt 7.36603 0
f 5838/11727/1876 5837/11728/1872 5859/11729/1872 5857/11730/1876 

vt 7.13925 0.03
vn -0.266499 -0.963835 -0.000192266
vt 7.13633 0.03
vt 7.13633 0
vt 7.13925 0
f 5839/11731/1877 5838/11732/1876 5857/11733/1876 5856/11734/1877 

v 382.556 96.2674 -96.664
vt 7.64858 0.954216
vt 7.64327 0.928925
f 5868/11735/258 5838/11726/258 5839/11736/258

f 5867/11725/258 5838/11726/258 5868/11735/258

vt -7.819 0.03
vt -7.82899 0.03
vn -0.224063 0.974575 -0.00016165
vt -7.82899 0
vt -7.819 0
f 5867/11737/1875 5868/11738/1878 5853/11739/1878 5858/11740/1875 

vt -7.78804 0.03
v 383.135 96.3195 -96.6636
vt -7.79965 0.03
vn -0.0897564 0.995964 -6.47548e-05
vt -7.79965 0
vt -7.78804 0
f 5868/11741/1878 5869/11742/1879 5848/11743/1879 5853/11744/1878 

vt 7.65075 0.926987
vt 7.66015 0.954733
f 5868/11735/258 5842/11745/258 5869/11746/258

vt 7.64849 0.927764
f 5868/11735/258 5841/11747/258 5842/11745/258

vt 7.64598 0.928436
f 5868/11735/258 5840/11748/258 5841/11747/258

f 5868/11735/258 5839/11736/258 5840/11748/258

vt 6.56276 0.03
vn -0.405787 -0.913968 -0.000292755
vt 6.55987 0.03
vt 6.55987 0
vt 6.56276 0
f 5840/11749/1880 5839/11750/1877 5856/11751/1877 5855/11752/1880 

vt 5.87063 0.03
vn -0.519247 -0.854624 -0.000374611
vt 5.86779 0.03
vt 5.86779 0
vt 5.87063 0
f 5841/11753/1881 5840/11754/1880 5855/11755/1880 5854/11756/1881 

vt 5.25398 0.03
vn -0.601116 -0.799161 -0.000433676
vt 5.25124 0.03
vt 5.25124 0
vt 5.25398 0
f 5842/11757/1882 5841/11758/1881 5854/11759/1881 5852/11760/1882 

vt 4.73104 0.03
vn -0.660945 -0.750435 -0.000476839
vt 4.7285 0.03
vt 4.7285 0
vt 4.73104 0
f 5843/11761/1883 5842/11762/1882 5852/11763/1882 5851/11764/1883 

vt 7.65271 0.92618
f 5869/11746/258 5842/11745/258 5843/11765/258

vt 7.65432 0.92542
f 5869/11746/258 5843/11765/258 5844/11766/258

vt 4.29499 0.03
vn -0.70554 -0.70867 -0.000509012
vt 4.29277 0.03
vt 4.29277 0
vt 4.29499 0
f 5844/11767/1884 5843/11768/1883 5851/11769/1883 5850/11770/1884 

vt 3.93245 0.03
vn -0.742374 -0.669985 -0.000535586
vt 3.93069 0.03
vt 3.93069 0
vt 3.93245 0
f 5845/11771/1885 5844/11772/1884 5850/11773/1884 5849/11774/1885 

vt 7.65553 0.924783
f 5869/11746/258 5844/11766/258 5845/11775/258

f 5869/11746/258 5845/11775/258 5821/11615/258

vt 3.56997 0.03
vn -0.75973 -0.650238 -0.000548108
vt 3.56839 0.03
vt 3.56839 0
vt 3.56997 0
f 5821/11776/1886 5845/11777/1885 5849/11778/1885 5846/11779/1886 

f 5869/11746/258 5821/11615/258 5787/11502/258

v 383.346 92.4392 -96.6635
vt 7.66431 0.915928
f 5869/11746/258 5787/11502/258 5870/11780/258

vt 4.27033 0.03
vn 0.972926 -0.231114 0.000701918
vt 4.25619 0.03
vt 4.25619 0
v 383.348 92.4392 -99.6635
vt 4.27033 0
f 5870/11781/1887 5787/11782/1833 5788/11783/1833 5871/11784/1887 

vt -7.66431 0.915928
f 5788/11558/432 5848/11686/432 5871/11785/432

v 383.544 96.0762 -99.6633
vt -7.66828 0.952297
f 5871/11785/432 5848/11686/432 5872/11786/432

vt -5.59408 0.03
vn 0.512726 0.858552 0.000369906
v 383.542 96.0762 -96.6633
vt -5.60356 0.03
vt -5.60356 0
vt -5.59408 0
f 5869/11787/1888 5873/11788/1888 5872/11789/1888 5848/11790/1888 

vt 7.66828 0.952297
f 5869/11746/258 5870/11780/258 5873/11791/258

v 383.446 93.5779 -96.6634
vt 7.66633 0.927315
f 5873/11791/258 5870/11780/258 5874/11792/258

v 383.434 93.1162 -96.6634
vt 7.66608 0.922697
f 5874/11792/258 5870/11780/258 5875/11793/258

vt 2.8202 0.03
vn 0.996974 -0.0777361 0.000719267
vt 2.80656 0.03
vt 2.80656 0
v 383.436 93.1162 -99.6634
vt 2.8202 0
f 5875/11794/1889 5870/11795/1887 5871/11796/1887 5876/11797/1889 

v 383.448 93.5779 -99.6634
vt -7.66633 0.927315
vt -7.66608 0.922697
f 5871/11785/432 5877/11798/432 5876/11799/432

f 5871/11785/432 5872/11786/432 5877/11798/432

v 383.492 93.6574 -99.6634
vt -7.6672 0.92811
f 5877/11798/432 5872/11786/432 5878/11800/432

v 383.779 93.7546 -99.6632
vt -7.67295 0.929079
f 5878/11800/432 5872/11786/432 5879/11801/432

v 383.733 95.8251 -99.6632
vt -7.67207 0.949784
f 5879/11801/432 5872/11786/432 5880/11802/432

vt -3.09091 0.03
vn 0.798504 0.601989 0.000576081
v 383.731 95.8251 -96.6632
vt -3.0972 0.03
vt -3.0972 0
vt -3.09091 0
f 5873/11803/1890 5881/11804/1890 5880/11805/1890 5872/11806/1890 

v 383.777 93.7546 -96.6632
vt 7.67295 0.929079
vt 7.67207 0.949784
f 5873/11791/258 5882/11807/258 5881/11808/258

v 383.49 93.6574 -96.6634
vt 7.6672 0.92811
f 5873/11791/258 5883/11809/258 5882/11807/258

f 5873/11791/258 5874/11792/258 5883/11809/258

vt 5.32114 0.03
vn 0.876519 -0.481367 0.000632365
vt 5.31933 0.03
vt 5.31933 0
vt 5.32114 0
f 5883/11810/1891 5874/11811/1891 5877/11812/1891 5878/11813/1891 

vt 2.06312 0.03
vn 0.999644 -0.0266856 0.000721193
vt 2.05388 0.03
vt 2.05388 0
vt 2.06312 0
f 5874/11814/1892 5875/11815/1889 5876/11816/1889 5877/11817/1892 

vt 7.86403 0.03
vn 0.320372 -0.947292 0.000231133
vt 7.85796 0.03
vt 7.85796 0
vt 7.86403 0
f 5882/11818/1893 5883/11819/1893 5878/11820/1893 5879/11821/1893 

v 384.128 94.0415 -96.6629
vt 7.12731 0.03
vn 0.63297 -0.774176 0.000456656
vt 7.11825 0.03
vt 7.11825 0
v 384.13 94.0415 -99.6629
vt 7.12731 0
f 5884/11822/1894 5882/11823/1894 5879/11824/1894 5885/11825/1894 

v 383.789 95.3224 -96.6632
vt 7.67321 0.944757
vt 7.67997 0.931946
f 5886/11826/258 5882/11807/258 5884/11827/258

v 383.755 95.533 -96.6632
vt 7.67255 0.946863
f 5887/11828/258 5882/11807/258 5886/11826/258

f 5881/11808/258 5882/11807/258 5887/11828/258

vt 1.26404 0.03
vn 0.996582 0.0826013 0.000718985
vt 1.25818 0.03
vn 0.992768 0.120049 0.000716233
v 383.758 95.533 -99.6632
vt 1.25818 0
vt 1.26404 0
f 5881/11829/1895 5887/11830/1896 5888/11831/1896 5880/11832/1895 

vt 0.667786 0.03
vt 0.663523 0.03
vn 0.987546 0.157328 0.000712466
v 383.791 95.3224 -99.6632
vt 0.663523 0
vt 0.667786 0
f 5887/11833/1896 5886/11834/1897 5889/11835/1897 5888/11836/1896 

vt -4.09421 0.03
vn 0.706193 0.708019 0.000509483
v 384.073 95.0389 -96.663
vt -4.10224 0.03
v 384.075 95.0389 -99.663
vt -4.10224 0
vt -4.09421 0
f 5886/11837/1898 5890/11838/1898 5891/11839/1898 5889/11840/1898 

vt 7.67889 0.94192
f 5886/11826/258 5884/11827/258 5890/11841/258

v 384.283 94.5672 -96.6628
vt 7.68308 0.937201
f 5890/11841/258 5884/11827/258 5892/11842/258

vt 3.98125 0.03
vn 0.958907 -0.28372 0.000691804
vt 3.9703 0.03
vt 3.9703 0
v 384.286 94.5672 -99.6628
vt 3.98125 0
f 5892/11843/1899 5884/11844/1899 5885/11845/1899 5893/11846/1899 

vt -7.67997 0.931946
vt -7.67889 0.94192
vt -7.68308 0.937201
f 5885/11847/432 5891/11848/432 5893/11849/432

vt -7.67321 0.944757
f 5885/11847/432 5889/11850/432 5891/11848/432

f 5879/11801/432 5889/11850/432 5885/11847/432

vt -7.67255 0.946863
f 5879/11801/432 5888/11851/432 5889/11850/432

f 5879/11801/432 5880/11802/432 5888/11851/432

vt -1.39878 0.03
vn 0.913481 0.40688 0.000659031
vt -1.40911 0.03
vt -1.40911 0
vt -1.39878 0
f 5890/11852/1900 5892/11853/1900 5893/11854/1900 5891/11855/1900 

vt -6.14709 0.03
vn -0.792607 0.609733 -0.000571827
vt -6.16137 0.03
vt -6.16137 0
vt -6.14709 0
f 5644/11856/1901 5645/11857/1901 5638/11858/1901 5640/11859/1901 

vt -2.63303 0.03
vn -0.995022 0.0996492 -0.000717859
vt -2.64554 0.03
vt -2.64554 0
vt -2.63303 0
f 5643/11860/1902 5644/11861/1902 5640/11862/1902 5641/11863/1902 

vt 7.57792 0.03
vn -0.0452385 -0.998976 -3.26373e-05
vt 7.57509 0.03
vt 7.57509 0
vt 7.57792 0
f 5775/11864/1903 5774/11865/1850 5814/11866/1850 5812/11867/1903 

vt 7.50324 0.03
vn -0.0903886 -0.995907 -6.52109e-05
vt 7.50324 0
f 5776/11868/1904 5775/11712/1903 5812/11713/1903 5810/11869/1904 

vt 7.36576 0.03
vn -0.166255 -0.986083 -0.000119945
vt 7.36302 0.03
vt 7.36302 0
vt 7.36576 0
f 5777/11870/1905 5776/11871/1904 5810/11872/1904 5808/11873/1905 

vt 7.06505 0.03
vn -0.314755 -0.949173 -0.00022708
vt 7.06272 0.03
vt 7.06272 0
vt 7.06505 0
f 5778/11874/1906 5777/11875/1905 5808/11876/1905 5806/11877/1906 

vt 6.19961 0.03
vn -0.502887 -0.864352 -0.000362808
vt 6.19787 0.03
vt 6.19787 0
vt 6.19961 0
f 5779/11878/1907 5778/11879/1906 5806/11880/1906 5805/11881/1907 

vt 5.08733 0.03
vn -0.616868 -0.787067 -0.00044504
vt 5.08548 0.03
vt 5.08548 0
vt 5.08733 0
f 5780/11882/1908 5779/11883/1907 5805/11884/1907 5803/11885/1908 

vt 4.65309 0.03
vn -0.659594 -0.751622 -0.000475864
vt 4.65089 0.03
vt 4.65089 0
vt 4.65309 0
f 5781/11886/1909 5780/11887/1908 5803/11888/1908 5801/11889/1909 

vt 4.39594 0.03
vn -0.68415 -0.729341 -0.000493581
vt 4.39357 0.03
vt 4.39357 0
vt 4.39594 0
f 5782/11890/1910 5781/11891/1909 5801/11892/1909 5799/11893/1910 

vt 4.22731 0.03
vn -0.700059 -0.714085 -0.000505058
vt 4.22494 0.03
vt 4.22494 0
vt 4.22731 0
f 5783/11894/1911 5782/11895/1910 5799/11896/1910 5797/11897/1911 

vt 4.10867 0.03
vn -0.711181 -0.703008 -0.000513082
vt 4.1065 0.03
vt 4.1065 0
vt 4.10867 0
f 5784/11898/1912 5783/11899/1911 5797/11900/1911 5796/11901/1912 

vt 4.02085 0.03
vn -0.825807 -0.563953 -0.000595779
vt 4.01907 0.03
vt 4.01907 0
vt 4.02085 0
f 5785/11902/1913 5784/11903/1912 5796/11904/1912 5794/11905/1913 

vt 1.47641 0.03
vn -0.910891 -0.412648 -0.000657162
vt 1.47549 0.03
vt 1.47549 0
vt 1.47641 0
f 5757/11906/1914 5785/11907/1913 5794/11908/1913 5786/11909/1914 

v 381.119 91.3683 -99.6651
vt -7.61973 0.905236
f 5519/10766/432 5631/11003/432 5894/11910/432

vt -7.59018 0.03
vn 0.0145572 0.999894 1.05023e-05
v 381.116 91.3683 -96.6651
vt -7.5912 0.03
vn 0.048794 0.998809 3.52025e-05
vt -7.5912 0
vt -7.59018 0
f 5599/11911/1915 5895/11912/1916 5894/11913/1916 5631/11914/1915 

v 381.957 91.1409 -96.6645
vt -7.63653 0.902955
v 381.892 91.1704 -96.6645
vt -7.63523 0.903251
v 381.797 91.2068 -96.6646
vt -7.63333 0.903615
v 381.666 91.2504 -96.6647
vt -7.63071 0.904052
v 381.513 91.2955 -96.6648
vt -7.62766 0.904504
v 381.382 91.3282 -96.6649
vt -7.62504 0.904833
v 381.273 91.3499 -96.665
vt -7.62286 0.905051
v 381.185 91.3626 -96.665
vt -7.6211 0.905178
f 5587/10991/432 5586/10990/432 5896/11915/432 5897/11916/432 5898/11917/432 5899/11918/432 5900/11919/432 5901/11920/432 5902/11921/432 5903/11922/432 5895/11910/432 5599/11003/432 5598/11002/432 5597/11001/432 5596/11000/432 5595/10999/432 5594/10998/432 5593/10997/432 5592/10996/432 5591/10995/432 5590/10994/432 5589/10993/432 5588/10992/432 

vt -0.853407 0.03
vn -0.992348 -0.123467 -0.00071593
vt -0.854873 0.03
vn -0.959338 -0.282258 -0.000692115
vt -0.854873 0
vt -0.853407 0
f 5586/11923/1917 5587/11924/1918 5619/11925/1918 5618/11926/1917 

vt 1.67876 0.03
vt 1.67727 0.03
vn -0.879135 -0.476573 -0.000634252
vt 1.67727 0
vt 1.67876 0
f 5587/11927/1918 5588/11928/1919 5620/11929/1919 5619/11930/1918 

vt 2.40796 0.03
vt 2.40632 0.03
vn -0.818839 -0.574024 -0.000590751
vt 2.40632 0
vt 2.40796 0
f 5588/11931/1919 5589/11932/1920 5621/11933/1920 5620/11934/1919 

vt 3.37435 0.03
vt 3.37264 0.03
vn -0.717409 -0.696652 -0.000517575
vt 3.37264 0
vt 3.37435 0
f 5589/11935/1920 5590/11936/1921 5622/11937/1921 5621/11938/1920 

vt 4.62319 0.03
vt 4.62149 0.03
vn -0.54779 -0.836616 -0.000395204
vt 4.62149 0
vt 4.62319 0
f 5590/11939/1921 5591/11940/1922 5623/11941/1922 5622/11942/1921 

vt 6.07082 0.03
vt 6.06911 0.03
vn -0.30012 -0.953902 -0.000216521
vt 6.06911 0
vt 6.07082 0
f 5591/11943/1922 5592/11944/1923 5624/11945/1923 5623/11946/1922 

vt 7.25131 0.03
vt 7.24947 0.03
vn -0.0616646 -0.998097 -4.44879e-05
vt 7.24947 0
vt 7.25131 0
f 5592/11947/1923 5593/11948/1924 5625/11949/1924 5624/11950/1923 

vt 7.68599 0.03
vt 7.68387 0.03
vn 0.0906533 -0.995883 6.54018e-05
vt 7.68387 0
vt 7.68599 0
f 5593/11951/1924 5594/11952/1925 5626/11953/1925 5625/11954/1924 

vt 7.81091 0.03
vt 7.80863 0.03
vn 0.183457 -0.983028 0.000132355
vt 7.80863 0
vt 7.81091 0
f 5594/11955/1925 5595/11956/1926 5627/11957/1926 5626/11958/1925 

vt 7.83726 0.03
vt 7.83496 0.03
vn 0.244647 -0.969612 0.000176501
vt 7.83496 0
vt 7.83726 0
f 5595/11959/1926 5596/11960/1927 5628/11961/1927 5627/11962/1926 

vt 7.82965 0.03
vt 7.82749 0.03
vn 0.287759 -0.957703 0.000207604
vt 7.82749 0
vt 7.82965 0
f 5596/11963/1927 5597/11964/1928 5629/11965/1928 5628/11966/1927 

vt 7.81027 0.03
vt 7.80842 0.03
vn 0.458366 -0.888763 0.000330689
vt 7.80842 0
vt 7.81027 0
f 5597/11967/1928 5598/11968/1929 5630/11969/1929 5629/11970/1928 

vt 7.19041 0.03
vt 7.18942 0.03
vn 0.598341 -0.801241 0.000431673
vt 7.18942 0
vt 7.19041 0
f 5598/11971/1929 5599/11972/1930 5631/11973/1930 5630/11974/1929 

vt -5.73722 0.03
vn 0.454611 0.89069 0.000327979
vt -5.73815 0.03
vn 0.495125 0.868821 0.000357208
vt -5.73815 0
v 381.959 91.1409 -99.6645
vt -5.73722 0
f 5896/11975/1931 5586/11976/1932 5618/11977/1932 5904/11978/1931 

vt 7.63653 0.902955
vt 7.63733 0.84872
f 5896/11979/258 5562/11980/258 5586/10915/258

vt 7.63633 0.848281
f 5896/11979/258 5561/11981/258 5562/11980/258

vt 7.63542 0.847969
f 5896/11979/258 5560/11982/258 5561/11981/258

vt 7.63523 0.903251
f 5897/11983/258 5560/11982/258 5896/11979/258

vt 7.63477 0.848055
f 5897/11983/258 5559/11984/258 5560/11982/258

vt 7.63437 0.84851
f 5897/11983/258 5558/11985/258 5559/11984/258

vt 7.63418 0.84919
f 5897/11983/258 5557/11986/258 5558/11985/258

vt 7.63416 0.850655
f 5897/11983/258 5555/11987/258 5557/11986/258

vt 7.63369 0.851287
f 5897/11983/258 5554/11988/258 5555/11987/258

vt 7.63333 0.903615
f 5898/11989/258 5554/11988/258 5897/11983/258

vt 7.63316 0.851211
f 5898/11989/258 5553/11990/258 5554/11988/258

vt 7.63257 0.851054
f 5898/11989/258 5552/11991/258 5553/11990/258

vt 7.63197 0.850787
f 5898/11989/258 5551/11992/258 5552/11991/258

vt 7.63144 0.85038
f 5898/11989/258 5550/11993/258 5551/11992/258

vt 7.63105 0.849804
f 5898/11989/258 5549/11994/258 5550/11993/258

vt 7.63088 0.849161
f 5898/11989/258 5548/11995/258 5549/11994/258

vt 7.63071 0.904052
f 5548/11995/258 5898/11989/258 5899/11996/258

vt -6.66597 0.03
vn 0.299451 0.954112 0.000216039
vt -6.66873 0.03
vn 0.336383 0.941725 0.000242683
v 381.799 91.2068 -99.6646
vt -6.66873 0
v 381.668 91.2504 -99.6647
vt -6.66597 0
f 5899/11997/1933 5898/11998/1934 5905/11999/1934 5906/12000/1933 

vt -6.48379 0.03
vt -6.48582 0.03
vn 0.385087 0.92288 0.000277821
v 381.894 91.1704 -99.6645
vt -6.48582 0
vt -6.48379 0
f 5898/12001/1934 5897/12002/1935 5907/12003/1935 5905/12004/1934 

vt -6.20377 0.03
vt -6.2052 0.03
vt -6.2052 0
vt -6.20377 0
f 5897/12005/1935 5896/12006/1931 5904/12007/1931 5907/12008/1935 

v 381.907 85.6422 -99.6645
f 5908/10807/432 5907/11916/432 5904/11915/432

v 381.875 85.6508 -99.6645
f 5909/10806/432 5907/11916/432 5908/10807/432

v 381.855 85.6963 -99.6646
f 5910/10805/432 5907/11916/432 5909/10806/432

v 381.845 85.7643 -99.6646
f 5911/10804/432 5907/11916/432 5910/10805/432

v 381.844 85.9107 -99.6646
f 5912/10802/432 5907/11916/432 5911/10804/432

v 381.821 85.9739 -99.6646
f 5913/10801/432 5907/11916/432 5912/10802/432

f 5913/10801/432 5905/11917/432 5907/11916/432

v 381.794 85.9663 -99.6646
f 5914/10800/432 5905/11917/432 5913/10801/432

v 381.765 85.9506 -99.6646
f 5915/10799/432 5905/11917/432 5914/10800/432

v 381.735 85.9239 -99.6646
f 5916/10798/432 5905/11917/432 5915/10799/432

v 381.708 85.8832 -99.6647
f 5917/10797/432 5905/11917/432 5916/10798/432

v 381.689 85.8256 -99.6647
f 5918/10796/432 5905/11917/432 5917/10797/432

v 381.68 85.7613 -99.6647
f 5919/10795/432 5905/11917/432 5918/10796/432

f 5905/11917/432 5919/10795/432 5906/11918/432

v 381.666 85.507 -99.6647
f 5920/10788/432 5906/11918/432 5919/10795/432

v 381.626 85.5411 -99.6647
f 5921/10787/432 5906/11918/432 5920/10788/432

v 381.576 85.5997 -99.6648
f 5922/10786/432 5906/11918/432 5921/10787/432

v 381.525 85.6699 -99.6648
f 5923/10785/432 5906/11918/432 5922/10786/432

v 381.515 91.2955 -99.6648
f 5923/10785/432 5924/11919/432 5906/11918/432

v 381.478 85.7391 -99.6648
f 5925/10784/432 5924/11919/432 5923/10785/432

v 381.442 85.7946 -99.6649
f 5926/10783/432 5924/11919/432 5925/10784/432

v 381.407 85.7967 -99.6649
f 5927/10782/432 5924/11919/432 5926/10783/432

v 381.399 85.7677 -99.6649
f 5928/10781/432 5924/11919/432 5927/10782/432

v 381.396 85.7261 -99.6649
f 5929/10780/432 5924/11919/432 5928/10781/432

v 381.384 91.3282 -99.6649
f 5924/11919/432 5929/10780/432 5930/11920/432

v 381.375 85.1765 -99.6649
f 5931/10769/432 5930/11920/432 5929/10780/432

v 381.349 85.1087 -99.6649
f 5932/10768/432 5930/11920/432 5931/10769/432

v 381.325 85.0416 -99.6649
f 5933/10767/432 5930/11920/432 5932/10768/432

f 5519/10766/432 5930/11920/432 5933/10767/432

v 381.275 91.3499 -99.665
f 5930/11920/432 5519/10766/432 5934/11921/432

v 381.187 91.3626 -99.665
f 5519/10766/432 5935/11922/432 5934/11921/432

f 5519/10766/432 5894/11910/432 5935/11922/432

vt -7.44155 0.03
vt -7.44293 0.03
vn 0.113037 0.993591 8.15503e-05
vt -7.44293 0
vt -7.44155 0
f 5895/12009/1916 5903/12010/1936 5935/12011/1936 5894/12012/1916 

vt 7.61973 0.905236
vt 7.6211 0.905178
f 5895/12013/258 5518/10761/258 5903/12014/258

f 5599/10937/258 5518/10761/258 5895/12013/258

f 5408/10760/258 5518/10761/258 5599/10937/258

vt 7.62286 0.905051
f 5903/12014/258 5518/10761/258 5902/12015/258

vt 7.62504 0.904833
f 5518/10761/258 5901/12016/258 5902/12015/258

vt 7.62376 0.841967
f 5901/12016/258 5518/10761/258 5520/12017/258

vt 4.03727 0.03
vn 0.944845 -0.327518 0.000681659
vt 4.03608 0.03
vn 0.947501 -0.319753 0.000683575
vt 4.03608 0
vt 4.03727 0
f 5520/12018/1937 5518/12019/1938 5519/12020/1938 5933/12021/1937 

vt 4.14783 0.03
vn 0.937705 -0.347431 0.000676508
vt 4.1464 0.03
vt 4.1464 0
vt 4.14783 0
f 5521/12022/1939 5520/12023/1937 5933/12024/1937 5932/12025/1939 

vt 7.62424 0.842638
f 5901/12016/258 5520/12017/258 5521/12026/258

vt 7.62476 0.843316
f 5901/12016/258 5521/12026/258 5522/12027/258

vt 4.31919 0.03
vn 0.924492 -0.3812 0.000666975
vt 4.31774 0.03
vt 4.31774 0
vt 4.31919 0
f 5522/12028/1940 5521/12029/1939 5932/12030/1939 5931/12031/1940 

vt 4.61903 0.03
vn 0.892365 -0.451315 0.000643797
vt 4.61774 0.03
vt 4.61774 0
v 381.401 85.2354 -99.6649
vt 4.61903 0
f 5523/12032/1941 5522/12033/1940 5931/12034/1940 5936/12035/1941 

vt 7.62519 0.848811
vt 7.62528 0.843904
f 5533/12036/258 5522/12027/258 5523/12037/258

f 5901/12016/258 5522/12027/258 5533/12036/258

vt 7.62766 0.904504
f 5533/12036/258 5900/12038/258 5901/12016/258

vt 7.62526 0.849227
f 5900/12038/258 5533/12036/258 5534/12039/258

vt 2.31443 0.03
vn 0.986161 -0.16579 0.000711466
vt 2.31359 0.03
vn 0.999977 -0.00673793 0.000721434
vt 2.31359 0
vt 2.31443 0
f 5534/12040/1942 5533/12041/1943 5929/12042/1943 5928/12043/1942 

vt 1.18395 0.03
vt 1.18283 0.03
vn 0.991572 0.129555 0.00071537
v 381.4 85.6702 -99.6649
vt 1.18283 0
vt 1.18395 0
f 5533/12044/1943 5532/12045/1944 5937/12046/1944 5929/12047/1943 

vt 7.62526 0.848252
f 5533/12036/258 5523/12037/258 5532/12048/258

vt 7.62554 0.847533
f 5532/12048/258 5523/12037/258 5531/12049/258

vt 7.62575 0.844308
f 5531/12049/258 5523/12037/258 5524/12050/258

vt 5.26986 0.03
vn 0.78808 -0.615572 0.000568561
vt 5.26893 0.03
vt 5.26893 0
v 381.424 85.2757 -99.6649
vt 5.26986 0
f 5524/12051/1945 5523/12052/1941 5936/12053/1941 5938/12054/1945 

v 381.414 85.5982 -99.6649
f 5936/10770/432 5939/10778/432 5938/10771/432

f 5936/10770/432 5937/10779/432 5939/10778/432

f 5936/10770/432 5929/10780/432 5937/10779/432

f 5931/10769/432 5929/10780/432 5936/10770/432

vt 0.212629 0.03
vt 0.211164 0.03
vn 0.97285 0.231434 0.000701863
vt 0.211164 0
vt 0.212629 0
f 5532/12055/1944 5531/12056/1946 5939/12057/1946 5937/12058/1944 

vt -0.432887 0.03
vt -0.434615 0.03
vn 0.965292 0.261171 0.00069641
v 381.437 85.515 -99.6649
vt -0.434615 0
vt -0.432887 0
f 5531/12059/1946 5530/12060/1947 5940/12061/1947 5939/12062/1946 

vt 7.62601 0.8467
f 5531/12049/258 5524/12050/258 5530/12063/258

vt 7.62612 0.844485
f 5530/12063/258 5524/12050/258 5525/12064/258

vt 6.6667 0.03
vn 0.779993 -0.625788 0.000562726
vt 6.66619 0.03
vt 6.66619 0
v 381.442 85.2935 -99.6649
vt 6.6667 0
f 5525/12065/1948 5524/12066/1945 5938/12067/1945 5941/12068/1948 

f 5938/10771/432 5940/10777/432 5941/10772/432

f 5938/10771/432 5939/10778/432 5940/10777/432

v 381.455 85.4474 -99.6648
f 5941/10772/432 5940/10777/432 5942/10776/432

vt -0.269856 0.03
vt -0.271252 0.03
vn 0.975027 0.222083 0.000703434
vt -0.271252 0
vt -0.269856 0
f 5530/12069/1947 5529/12070/1949 5942/12071/1949 5940/12072/1947 

vt 7.62636 0.846024
f 5530/12063/258 5525/12064/258 5529/12073/258

vt 7.62657 0.844853
f 5529/12073/258 5525/12064/258 5526/12074/258

vt 5.41963 0.03
vn 0.853502 -0.521089 0.000615759
vt 5.41877 0.03
vt 5.41877 0
v 381.465 85.3303 -99.6648
vt 5.41963 0
f 5526/12075/1950 5525/12076/1948 5941/12077/1948 5943/12078/1950 

f 5941/10772/432 5942/10776/432 5943/10773/432

v 381.465 85.3961 -99.6648
f 5943/10773/432 5942/10776/432 5944/10775/432

vt 0.193121 0.03
vt 0.192075 0.03
vn 0.990255 0.139267 0.00071442
vt 0.192075 0
vt 0.193121 0
f 5529/12079/1949 5528/12080/1951 5944/12081/1951 5942/12082/1949 

vt 7.62656 0.845511
f 5529/12073/258 5526/12074/258 5528/12083/258

vt 7.62663 0.845131
f 5528/12083/258 5526/12074/258 5527/12084/258

vt 2.50601 0.03
vn 0.999936 -0.0113245 0.000721404
vt 2.50546 0.03
vn 0.994188 -0.10766 0.000717257
vt 2.50546 0
v 381.468 85.3581 -99.6648
vt 2.50601 0
f 5527/12085/1952 5526/12086/1953 5943/12087/1953 5945/12088/1952 

f 5943/10773/432 5944/10775/432 5945/10774/432

vt 1.04049 0.03
vt 1.03972 0.03
vt 1.03972 0
vt 1.04049 0
f 5528/12089/1951 5527/12090/1952 5945/12091/1952 5944/12092/1951 

vt 3.55168 0.03
vn 0.968387 -0.24945 0.000698643
vt 3.55108 0.03
vt 3.55108 0
vt 3.55168 0
f 5535/12093/1954 5534/12094/1942 5928/12095/1942 5927/12096/1954 

vt 7.62541 0.849517
f 5900/12038/258 5534/12039/258 5535/12097/258

vt 7.62612 0.849496
f 5900/12038/258 5535/12097/258 5536/12098/258

vt 7.51456 0.03
vn -0.0573877 -0.998352 -4.14024e-05
vt 7.51385 0.03
vt 7.51385 0
vt 7.51456 0
f 5536/12099/1955 5535/12100/1955 5927/12101/1955 5926/12102/1955 

vt 2.70452 0.03
vn -0.834138 -0.551555 -0.000601789
vt 2.7032 0.03
vn -0.840215 -0.542253 -0.000606173
vt 2.7032 0
vt 2.70452 0
f 5537/12103/1956 5536/12104/1957 5926/12105/1957 5925/12106/1956 

vt 7.62684 0.848941
f 5900/12038/258 5536/12098/258 5537/12107/258

vt 7.62778 0.848249
f 5900/12038/258 5537/12107/258 5538/12108/258

vt 2.8684 0.03
vn -0.817703 -0.575639 -0.000589932
vt 2.86673 0.03
vt 2.86673 0
vt 2.8684 0
f 5538/12109/1958 5537/12110/1956 5925/12111/1956 5923/12112/1958 

vt 3.13057 0.03
vn -0.786649 -0.6174 -0.000567528
vt 3.12883 0.03
vt 3.12883 0
vt 3.13057 0
f 5539/12113/1959 5538/12114/1958 5923/12115/1958 5922/12116/1959 

vt 7.6288 0.847546
f 5899/11996/258 5538/12108/258 5539/12117/258

f 5900/12038/258 5538/12108/258 5899/11996/258

vt -6.8018 0.03
vn 0.262645 0.964893 0.000189485
vt -6.80498 0.03
vt -6.80498 0
vt -6.8018 0
f 5900/12118/1960 5899/12119/1933 5906/12120/1933 5924/12121/1960 

vt -6.957 0.03
vn 0.219097 0.975703 0.000158068
vt -6.9597 0.03
vt -6.9597 0
vt -6.957 0
f 5901/12122/1961 5900/12123/1960 5924/12124/1960 5930/12125/1961 

vt -7.11877 0.03
vn 0.16945 0.985539 0.00012225
vt -7.12099 0.03
vt -7.12099 0
vt -7.11877 0
f 5902/12126/1962 5901/12127/1961 5930/12128/1961 5934/12129/1962 

vt -7.28196 0.03
vt -7.28373 0.03
vt -7.28373 0
vt -7.28196 0
f 5903/12130/1936 5902/12131/1962 5934/12132/1962 5935/12133/1936 

vt 7.62978 0.84696
f 5899/11996/258 5539/12117/258 5540/12134/258

vt 3.61138 0.03
vn -0.707328 -0.706885 -0.000510302
vt 3.60985 0.03
vt 3.60985 0
vt 3.61138 0
f 5540/12135/1963 5539/12136/1959 5922/12137/1959 5921/12138/1963 

vt 4.74108 0.03
vn -0.644263 -0.764804 -0.000464804
vt 4.74002 0.03
vt 4.74002 0
vt 4.74108 0
f 5541/12139/1964 5540/12140/1963 5921/12141/1963 5920/12142/1964 

vt 7.6306 0.846618
f 5899/11996/258 5540/12134/258 5541/12143/258

f 5899/11996/258 5541/12143/258 5548/11995/258

vt 7.6309 0.848575
f 5548/11995/258 5541/12143/258 5547/12144/258

vt 7.6311 0.846642
f 5547/12144/258 5541/12143/258 5542/12145/258

vt 7.75699 0.03
vn 0.0953249 -0.995446 6.87722e-05
vt 7.75648 0.03
vt 7.75648 0
v 381.692 85.5094 -99.6647
vt 7.75699 0
f 5542/12146/1965 5541/12147/1965 5920/12148/1965 5946/12149/1965 

v 381.681 85.7026 -99.6647
f 5920/10788/432 5947/10794/432 5946/10789/432

f 5920/10788/432 5919/10795/432 5947/10794/432

vt 1.58829 0.03
vn 0.998206 -0.0598632 0.000720156
vt 1.58712 0.03
vn 0.99759 0.0693744 0.000719712
vt 1.58712 0
vt 1.58829 0
f 5548/12150/1966 5547/12151/1967 5947/12152/1967 5919/12153/1966 

vt 0.746226 0.03
vt 0.745167 0.03
vn 0.988655 0.150205 0.000713265
v 381.688 85.6501 -99.6647
vt 0.745167 0
vt 0.746226 0
f 5547/12154/1967 5546/12155/1968 5948/12156/1968 5947/12157/1967 

vt 7.63103 0.848049
f 5547/12144/258 5542/12145/258 5546/12158/258

vt 7.63119 0.847589
f 5546/12158/258 5542/12145/258 5545/12159/258

vt 7.63131 0.846881
f 5545/12159/258 5542/12145/258 5543/12160/258

vt 4.55823 0.03
vn 0.919671 -0.392688 0.000663497
vt 4.55771 0.03
vt 4.55771 0
v 381.702 85.5332 -99.6647
vt 4.55823 0
f 5543/12161/1969 5542/12162/1969 5946/12163/1969 5949/12164/1969 

v 381.696 85.604 -99.6647
f 5946/10789/432 5950/10792/432 5949/10790/432

f 5946/10789/432 5948/10793/432 5950/10792/432

f 5946/10789/432 5947/10794/432 5948/10793/432

vt 0.3253 0.03
vt 0.324365 0.03
vn 0.986303 0.164942 0.000711569
vt 0.324365 0
vt 0.3253 0
f 5546/12165/1968 5545/12166/1970 5950/12167/1970 5948/12168/1968 

vt 0.511684 0.03
vt 0.510893 0.03
vn 0.997165 0.0752373 0.000719405
v 381.702 85.5649 -99.6647
vt 0.510893 0
vt 0.511684 0
f 5545/12169/1970 5544/12170/1971 5951/12171/1971 5950/12172/1970 

vt 7.63131 0.847198
f 5545/12159/258 5543/12160/258 5544/12173/258

vt 1.72257 0.03
vt 1.72194 0.03
vn 0.999995 -0.00308295 0.000721447
vt 1.72194 0
vt 1.72257 0
f 5544/12174/1971 5543/12175/1972 5949/12176/1972 5951/12177/1971 

f 5949/10790/432 5950/10792/432 5951/10791/432

vt 2.71423 0.03
vn 0.97357 -0.22839 0.000702382
vt 2.71293 0.03
vt 2.71293 0
vt 2.71423 0
f 5549/12178/1973 5548/12179/1966 5919/12180/1966 5918/12181/1973 

vt 4.0595 0.03
vn 0.90015 -0.43558 0.000649413
vt 4.05828 0.03
vt 4.05828 0
vt 4.0595 0
f 5550/12182/1974 5549/12183/1973 5918/12184/1973 5917/12185/1974 

vt 5.58349 0.03
vn 0.759965 -0.649963 0.000548277
vt 5.58252 0.03
vt 5.58252 0
vt 5.58349 0
f 5551/12186/1975 5550/12187/1974 5917/12188/1974 5916/12189/1975 

vt 6.82086 0.03
vn 0.571528 -0.820582 0.000412329
vt 6.82006 0.03
vt 6.82006 0
vt 6.82086 0
f 5552/12190/1976 5551/12191/1975 5916/12192/1975 5915/12193/1976 

vt 7.54623 0.03
vn 0.374361 -0.927283 0.000270083
vt 7.54555 0.03
vt 7.54555 0
vt 7.54623 0
f 5553/12194/1977 5552/12195/1976 5915/12196/1976 5914/12197/1977 

vt 7.8062 0.03
vn 0.278015 -0.960577 0.000200574
vt 7.80565 0.03
vt 7.80565 0
vt 7.8062 0
f 5554/12198/1978 5553/12199/1977 5914/12200/1977 5913/12201/1978 

vt 1.08571 0.03
vn -0.936195 -0.351481 -0.000675418
vt 1.08437 0.03
vt 1.08437 0
vt 1.08571 0
f 5555/12202/1979 5554/12203/1979 5913/12204/1979 5912/12205/1979 

vt -1.87228 0.03
vn -0.999981 -0.00619187 -0.000721436
vt -1.87369 0.03
vn -0.999757 0.0220277 -0.000721275
vt -1.87369 0
v 381.843 85.8405 -99.6646
vt -1.87228 0
f 5556/12206/1980 5555/12207/1981 5912/12208/1981 5952/12209/1980 

vt 7.63413 0.849952
f 5557/11986/258 5555/11987/258 5556/12210/258

vt -1.43941 0.03
vn -0.996122 -0.087975 -0.000718653
vt -1.44093 0.03
vt -1.44093 0
vt -1.43941 0
f 5557/12211/1982 5556/12212/1980 5952/12213/1980 5911/12214/1982 

f 5911/10804/432 5952/10803/432 5912/10802/432

vt -0.60612 0.03
vn -0.962334 -0.27187 -0.000694276
vt -0.607493 0.03
vt -0.607493 0
vt -0.60612 0
f 5558/12215/1983 5557/12216/1982 5911/12217/1982 5910/12218/1983 

vt 1.4746 0.03
vn -0.917556 -0.397607 -0.000661971
vt 1.47361 0.03
vt 1.47361 0
vt 1.4746 0
f 5559/12219/1984 5558/12220/1983 5910/12221/1983 5909/12222/1984 

vt 6.94869 0.03
vn -0.254857 -0.966979 -0.000183866
vt 6.94802 0.03
vt 6.94802 0
vt 6.94869 0
f 5560/12223/1985 5559/12224/1985 5909/12225/1985 5908/12226/1985 

vt 7.25602 0.03
vn 0.612597 -0.790395 0.000441959
vt 7.25492 0.03
vn 0.566364 -0.824155 0.000408603
vt 7.25492 0
v 381.953 85.6735 -99.6645
vt 7.25602 0
f 5561/12227/1986 5560/12228/1987 5908/12229/1987 5953/12230/1986 

f 5908/10807/432 5904/11915/432 5953/10808/432

v 382.003 85.7174 -99.6644
f 5953/10808/432 5904/11915/432 5954/10809/432

f 5954/10809/432 5904/11915/432 5618/10990/432

f 5954/10809/432 5618/10990/432 5617/10810/432

vt 6.75961 0.03
vn 0.674618 -0.738166 0.000486704
vt 6.75818 0.03
vn 0.668317 -0.743877 0.000482157
vt 6.75818 0
vt 6.75961 0
f 5563/12231/1988 5562/12232/1989 5954/12233/1989 5617/12234/1988 

f 5586/10915/258 5562/11980/258 5563/10914/258

vt 6.87594 0.03
vt 6.87461 0.03
vt 6.87461 0
vt 6.87594 0
f 5562/12235/1989 5561/12236/1986 5953/12237/1986 5954/12238/1989 

vt 6.81432 0.03
vn 0.645497 -0.763763 0.000465694
vt 6.81291 0.03
vt 6.81291 0
vt 6.81432 0
f 5564/12239/1990 5563/12240/1988 5617/12241/1988 5616/12242/1990 

vt 7.04733 0.03
vn 0.558792 -0.829308 0.000403141
vt 7.04605 0.03
vt 7.04605 0
vt 7.04733 0
f 5565/12243/1991 5564/12244/1990 5616/12245/1990 5615/12246/1991 

vt 7.48653 0.03
vn 0.493505 -0.869743 0.00035604
vt 7.48549 0.03
vt 7.48549 0
vt 7.48653 0
f 5566/12247/1992 5565/12248/1991 5615/12249/1991 5614/12250/1992 

vt 7.80635 0.03
vn 0.143184 -0.989696 0.0001033
vt 7.80557 0.03
vt 7.80557 0
vt 7.80635 0
f 5567/12251/1993 5566/12252/1993 5614/12253/1993 5613/12254/1993 

vt 5.94243 0.03
vn -0.522543 -0.852613 -0.000376989
vt 5.94174 0.03
vn -0.470183 -0.882569 -0.000339214
vt 5.94174 0
vt 5.94243 0
f 5568/12255/1994 5567/12256/1995 5613/12257/1995 5612/12258/1994 

vt 5.2863 0.03
vt 5.28559 0.03
vt 5.28559 0
vt 5.2863 0
f 5569/12259/1733 5568/12260/1994 5612/12261/1994 5585/12262/1733 

f 5612/10815/432 5420/10600/432 5585/10816/432

f 5585/10816/432 5420/10600/432 5483/10751/432

v 382.266 85.2082 -99.6643
f 5955/10825/432 5584/10817/432 5335/10488/432

v 382.237 85.2788 -99.6643
f 5956/10824/432 5584/10817/432 5955/10825/432

f 5956/10824/432 5583/10818/432 5584/10817/432

v 382.204 85.3456 -99.6643
f 5957/10823/432 5583/10818/432 5956/10824/432

v 382.171 85.4026 -99.6643
f 5958/10822/432 5583/10818/432 5957/10823/432

f 5958/10822/432 5581/10819/432 5583/10818/432

v 382.146 85.4441 -99.6643
f 5959/10821/432 5581/10819/432 5958/10822/432

f 5581/10819/432 5959/10821/432 5582/10820/432

vt -0.176106 0.03
vn -0.932614 -0.360876 -0.000672834
vt -0.176753 0.03
vn -0.980844 -0.194795 -0.00070763
vt -0.176753 0
vt -0.176106 0
f 5574/12263/1996 5573/12264/1997 5582/12265/1997 5959/12266/1996 

vt 2.49077 0.03
vn -0.862503 -0.506051 -0.000622253
vt 2.4898 0.03
vt 2.4898 0
vt 2.49077 0
f 5575/12267/1998 5574/12268/1996 5959/12269/1996 5958/12270/1998 

vt 2.31684 0.03
vn -0.880348 -0.474328 -0.000635127
vt 2.31553 0.03
vt 2.31553 0
vt 2.31684 0
f 5576/12271/1999 5575/12272/1998 5958/12273/1998 5957/12274/1999 

vt 1.94741 0.03
vn -0.909381 -0.415964 -0.000656073
vt 1.94591 0.03
vt 1.94591 0
vt 1.94741 0
f 5577/12275/2000 5576/12276/1999 5957/12277/1999 5956/12278/2000 

vt 1.32824 0.03
vn -0.949217 -0.314621 -0.000684813
vt 1.32672 0.03
vt 1.32672 0
vt 1.32824 0
f 5578/12279/2001 5577/12280/2000 5956/12281/2000 5955/12282/2001 

vt 0.265702 0.03
vt 0.264286 0.03
vt 0.264286 0
vt 0.265702 0
f 5579/12283/1722 5578/12284/2001 5955/12285/2001 5580/12286/1722 

f 5955/10825/432 5335/10488/432 5580/10826/432

f 5580/10826/432 5335/10488/432 5336/10489/432

vt -3.69571 0.03
vn 0.745029 0.667031 0.000537502
vt -3.6969 0.03
vn 0.758535 0.651632 0.000547246
vt -3.6969 0
vt -3.69571 0
f 5286/12287/2002 5287/12288/2003 5343/12289/2003 5344/12290/2002 

vt -3.97351 0.03
vn 0.714659 0.699473 0.000515591
vt -3.97475 0.03
vt -3.97475 0
vt -3.97351 0
f 5285/12291/2004 5286/12292/2002 5344/12293/2002 5345/12294/2004 

vt -4.28994 0.03
vn 0.672154 0.740411 0.000484926
vt -4.2914 0.03
vt -4.2914 0
vt -4.28994 0
f 5284/12295/2005 5285/12296/2004 5345/12297/2004 5346/12298/2005 

vt -4.73567 0.03
vn 0.60262 0.798028 0.00043476
vt -4.7372 0.03
vt -4.7372 0
vt -4.73567 0
f 5283/12299/2006 5284/12300/2005 5346/12301/2005 5347/12302/2006 

vt -5.39115 0.03
vn 0.475346 0.879799 0.000342939
vt -5.39261 0.03
vt -5.39261 0
vt -5.39115 0
f 5282/12303/2007 5283/12304/2006 5347/12305/2006 5348/12306/2007 

vt -6.37158 0.03
vn 0.388687 0.92137 0.000280419
vt -6.37286 0.03
vt -6.37286 0
vt -6.37158 0
f 5281/12307/2008 5282/12308/2007 5348/12309/2007 5349/12310/2008 

vt -7.5458 0.03
vn -0.12215 0.992512 -8.81251e-05
vt -7.54694 0.03
vn 0.0437727 0.999042 3.15798e-05
vt -7.54694 0
vt -7.5458 0
f 5280/12311/2009 5281/12312/2010 5349/12313/2010 5350/12314/2009 

vt -7.79133 0.03
vn -0.380334 0.924849 -0.000274392
vt -7.79133 0
f 5279/12315/2011 5280/11692/2009 5350/11693/2009 5351/12316/2011 

vt -7.51902 0.03
vn -0.526912 0.84992 -0.000380141
vt -7.52033 0.03
vt -7.52033 0
vt -7.51902 0
f 5278/12317/2012 5279/12318/2011 5351/12319/2011 5352/12320/2012 

vt -7.19082 0.03
vn -0.613363 0.789801 -0.000442511
vt -7.19211 0.03
vt -7.19211 0
vt -7.19082 0
f 5277/12321/2013 5278/12322/2012 5352/12323/2012 5353/12324/2013 

vt -6.90896 0.03
vn -0.668118 0.744055 -0.000482014
vt -6.9101 0.03
vt -6.9101 0
vt -6.90896 0
f 5276/12325/2014 5277/12326/2013 5353/12327/2013 5354/12328/2014 

vt -6.68277 0.03
vn -0.689675 0.724118 -0.000497567
vt -6.68363 0.03
vt -6.68363 0
vt -6.68277 0
f 5275/12329/2015 5276/12330/2014 5354/12331/2014 5355/12332/2015 

vt -4.88393 0.03
vt -4.88475 0.03
vn 0.566244 0.824237 0.000408517
vt -4.88475 0
vt -4.88393 0
f 5441/12333/1702 5440/12334/2016 5512/12335/2016 5442/12336/1702 

vt -5.5751 0.03
vt -5.57594 0.03
vn 0.406232 0.91377 0.000293076
vt -5.57594 0
vt -5.5751 0
f 5440/12337/2016 5439/12338/2017 5511/12339/2017 5512/12340/2016 

vt -6.75985 0.03
vt -6.76115 0.03
vn 0.239769 0.97083 0.000172982
vt -6.76115 0
vt -6.75985 0
f 5439/12341/2017 5438/12342/2018 5510/12343/2018 5511/12344/2017 

vt -7.13527 0.03
vt -7.13701 0.03
vn 0.164836 0.986321 0.000118921
vt -7.13701 0
vt -7.13527 0
f 5438/12345/2018 5437/12346/2019 5509/12347/2019 5510/12348/2018 

vt -7.28839 0.03
vt -7.29037 0.03
vn 0.126207 0.992004 9.10524e-05
vt -7.29037 0
vt -7.28839 0
f 5437/12349/2019 5436/12350/2020 5507/12351/2020 5509/12352/2019 

vt -7.37029 0.03
vt -7.37231 0.03
vn 0.10263 0.99472 7.40425e-05
vt -7.37231 0
vt -7.37029 0
f 5436/12353/2020 5435/12354/2021 5505/12355/2021 5507/12356/2020 

vt -7.42119 0.03
vt -7.42305 0.03
vn 0.0867556 0.99623 6.25899e-05
vt -7.42305 0
vt -7.42119 0
f 5435/12357/2021 5434/12358/2022 5504/12359/2022 5505/12360/2021 

vt -7.45579 0.03
vt -7.4573 0.03
vn 0.0754122 0.997152 5.44062e-05
vt -7.4573 0
vt -7.45579 0
f 5434/12361/2022 5433/12362/2023 5502/12363/2023 5504/12364/2022 

vt -7.48041 0.03
vt -7.48135 0.03
vn 0.0706189 0.997503 5.0948e-05
vt -7.48135 0
vt -7.48041 0
f 5433/12365/2023 5432/12366/2024 5501/12367/2024 5502/12368/2023 

vt -6.20225 0.03
vn 0.410903 0.911679 0.000296446
vt -6.20277 0.03
vn 0.505513 0.862819 0.000364703
vt -6.20277 0
vt -6.20225 0
f 5432/12369/2025 5431/12370/2026 5500/12371/2026 5501/12372/2025 

vt -5.0459 0.03
vt -5.04653 0.03
vn 0.579711 0.814822 0.000418233
vt -5.04653 0
vt -5.0459 0
f 5431/12373/2026 5430/12374/2027 5498/12375/2027 5500/12376/2026 

vt -5.26116 0.03
vt -5.26206 0.03
vn 0.546303 0.837587 0.000394131
vt -5.26206 0
vt -5.26116 0
f 5430/12377/2027 5429/12378/2028 5497/12379/2028 5498/12380/2027 

vt -5.51643 0.03
vt -5.51753 0.03
vn 0.503703 0.863877 0.000363396
vt -5.51753 0
vt -5.51643 0
f 5429/12381/2028 5428/12382/2029 5496/12383/2029 5497/12384/2028 

vt -5.81895 0.03
vt -5.8202 0.03
vn 0.448328 0.893869 0.000323446
vt -5.8202 0
vt -5.81895 0
f 5428/12385/2029 5427/12386/2030 5494/12387/2030 5496/12388/2029 

vt -6.17653 0.03
vt -6.17786 0.03
vn 0.374751 0.927126 0.000270364
vt -6.17786 0
vt -6.17653 0
f 5427/12389/2030 5426/12390/2031 5492/12391/2031 5494/12392/2030 

vt -6.59307 0.03
vt -6.59444 0.03
vn 0.276799 0.960928 0.000199696
vt -6.59444 0
vt -6.59307 0
f 5426/12393/2031 5425/12394/2032 5491/12395/2032 5492/12396/2031 

vt -7.04441 0.03
vt -7.04578 0.03
vn 0.252765 0.967528 0.000182357
vt -7.04578 0
vt -7.04441 0
f 5425/12397/2032 5424/12398/2033 5489/12399/2033 5491/12400/2032 

vt -6.80006 0.03
vt -6.80154 0.03
vn 0.34529 0.938496 0.00024911
vt -6.80154 0
vt -6.80006 0
f 5424/12401/2033 5423/12402/2034 5487/12403/2034 5489/12404/2033 

vt -6.24599 0.03
vt -6.24762 0.03
vn 0.44238 0.896828 0.000319155
vt -6.24762 0
vt -6.24599 0
f 5423/12405/2034 5422/12406/2035 5484/12407/2035 5487/12408/2034 

vt -5.82713 0.03
vt -5.82882 0.03
vt -5.82882 0
vt -5.82713 0
f 5422/12409/2035 5421/12410/1704 5477/12411/1704 5484/12412/2035 

vt 7.71313 0.03
vn 0.039543 -0.999218 2.85283e-05
vt 7.71012 0.03
vt 7.71012 0
vt 7.71313 0
f 5409/12413/2036 5391/12414/1697 5393/12415/1697 5508/12416/2036 

vt 7.6646 0.03
vn -0.00289379 -0.999996 -2.08773e-06
vt 7.66147 0.03
vt 7.66147 0
vt 7.6646 0
f 5410/12417/2037 5409/12418/2036 5508/12419/2036 5506/12420/2037 

vt 7.5732 0.03
vn -0.0707919 -0.997491 -5.10728e-05
vt 7.5702 0.03
vt 7.5702 0
vt 7.5732 0
f 5411/12421/2038 5410/12422/2037 5506/12423/2037 5503/12424/2038 

vt 7.37524 0.03
vn -0.195073 -0.980789 -0.000140735
vt 7.3726 0.03
vt 7.3726 0
vt 7.37524 0
f 5412/12425/2039 5411/12426/2038 5503/12427/2038 5499/12428/2039 

vt 6.83302 0.03
vn -0.399715 -0.916639 -0.000288374
vt 6.83092 0.03
vt 6.83092 0
vt 6.83302 0
f 5413/12429/2040 5412/12430/2039 5499/12431/2039 5495/12432/2040 

vt 5.59254 0.03
vn -0.591963 -0.805965 -0.000427072
vt 5.59047 0.03
vt 5.59047 0
vt 5.59254 0
f 5414/12433/2041 5413/12434/2040 5495/12435/2040 5493/12436/2041 

vt 4.51247 0.03
vn -0.704908 -0.709299 -0.000508556
vt 4.51021 0.03
vt 4.51021 0
vt 4.51247 0
f 5415/12437/2042 5414/12438/2041 5493/12439/2041 5490/12440/2042 

vt 3.73597 0.03
vn -0.770993 -0.636843 -0.000556234
vt 3.73363 0.03
vt 3.73363 0
vt 3.73597 0
f 5416/12441/2043 5415/12442/2042 5490/12443/2042 5488/12444/2043 

vt 3.17791 0.03
vn -0.812613 -0.582803 -0.00058626
vt 3.17562 0.03
vt 3.17562 0
vt 3.17791 0
f 5417/12445/2044 5416/12446/2043 5488/12447/2043 5486/12448/2044 

vt 2.76614 0.03
vn -0.840559 -0.541719 -0.000606422
vt 2.76407 0.03
vt 2.76407 0
vt 2.76614 0
f 5418/12449/2045 5417/12450/2044 5486/12451/2044 5485/12452/2045 

vt 2.45343 0.03
vt 2.45173 0.03
vt 2.45173 0
vt 2.45343 0
f 5394/12453/1700 5418/12454/2045 5485/12455/2045 5419/12456/1700 

f 5201/10122/432 5196/10117/432 5195/10116/432

f 5201/10122/432 5197/10118/432 5196/10117/432

f 5201/10122/432 5198/10119/432 5197/10118/432

f 5201/10122/432 5199/10120/432 5198/10119/432

f 5201/10122/432 5200/10121/432 5199/10120/432

f 5201/10122/432 5150/10071/432 5200/10121/432

vt -7.66782 0.858999
f 5320/10476/432 5307/10477/432 5310/12457/432

vt -7.66925 0.812506
f 5310/12457/432 5319/12458/432 5320/10476/432

vt -7.67004 0.824475
f 5319/12458/432 5310/12457/432 5318/12459/432

vt -7.67054 0.832124
f 5318/12459/432 5310/12457/432 5316/12460/432

v 383.84 86.8784 -99.6631
vt -7.67406 0.860317
f 5316/12460/432 5310/12457/432 5960/12461/432

vt -7.73222 0.03
vn -0.389425 0.921058 -0.000280951
vt -7.73899 0.03
vt -7.73899 0
vt -7.73222 0
f 5309/12462/2046 5314/12463/2046 5960/12464/2046 5310/12465/2046 

vt -6.02471 0.03
vn -0.795157 0.606403 -0.000573667
v 384.123 87.253 -96.6629
vt -6.03413 0.03
vn -0.748248 0.663419 -0.000539824
v 384.125 87.253 -99.6629
vt -6.03413 0
vt -6.02471 0
f 5314/12466/2047 5961/12467/2048 5962/12468/2048 5960/12469/2047 

vt 7.67978 0.86406
f 5314/10447/258 5315/10448/258 5961/12470/258

v 384.443 83.8823 -96.6627
vt 7.68611 0.830352
f 5961/12470/258 5315/10448/258 5963/12471/258

vt 7.1416 0.03
vn -0.116067 -0.993241 -8.37366e-05
vt 7.13023 0.03
vt 7.13023 0
v 384.445 83.8823 -99.6627
vt 7.1416 0
f 5963/12472/2049 5315/12473/1670 5317/12474/1670 5964/12475/2049 

vt -7.67502 0.831588
vt -7.67978 0.86406
vt -7.68611 0.830352
f 5317/12476/432 5962/12477/432 5964/12478/432

f 5317/12476/432 5960/12461/432 5962/12477/432

f 5316/12460/432 5960/12461/432 5317/12476/432

v 384.297 87.4198 -99.6628
vt -7.68321 0.865728
f 5964/12478/432 5962/12477/432 5965/12479/432

vt -6.71232 0.03
v 384.295 87.4198 -96.6628
vt -6.71711 0.03
vn -0.697259 0.716819 -0.000503038
vt -6.71711 0
vt -6.71232 0
f 5961/12480/2048 5966/12481/2050 5965/12482/2050 5962/12483/2048 

vt 7.68321 0.865728
f 5961/12470/258 5963/12471/258 5966/12484/258

v 384.546 87.4819 -96.6626
vt 7.68824 0.866347
f 5966/12484/258 5963/12471/258 5967/12485/258

v 384.733 85.6269 -96.6625
vt 7.69195 0.847796
f 5967/12485/258 5963/12471/258 5968/12486/258

v 384.934 83.8753 -96.6623
vt 7.69594 0.830278
f 5968/12486/258 5963/12471/258 5969/12487/258

vt 7.67017 0.03
vn -0.0142832 -0.999898 -1.03046e-05
vt 7.66034 0.03
vt 7.66034 0
v 384.937 83.8753 -99.6623
vt 7.67017 0
f 5969/12488/2051 5963/12489/2049 5964/12490/2049 5970/12491/2051 

v 384.735 85.6269 -99.6625
vt -7.69195 0.847796
vt -7.69594 0.830278
f 5964/12478/432 5971/12492/432 5970/12493/432

v 384.549 87.4819 -99.6626
vt -7.68824 0.866347
f 5964/12478/432 5972/12494/432 5971/12492/432

f 5964/12478/432 5965/12479/432 5972/12494/432

vt -7.87418 0.03
vn -0.239582 0.970876 -0.000172846
vt -7.87936 0.03
vn -0.202678 0.979245 -0.000146222
vt -7.87936 0
vt -7.87418 0
f 5966/12495/2052 5967/12496/2053 5972/12497/2053 5965/12498/2052 

vt -7.86851 0.03
v 384.79 87.5228 -96.6624
vt -7.87345 0.03
vn -0.0407114 0.999171 -2.93713e-05
v 384.792 87.5228 -99.6624
vt -7.87345 0
vt -7.86851 0
f 5967/12499/2053 5973/12500/2054 5974/12501/2054 5972/12502/2053 

vt 7.69311 0.866754
f 5968/12486/258 5973/12503/258 5967/12485/258

v 384.746 85.6837 -96.6625
vt 7.69221 0.848363
f 5973/12503/258 5968/12486/258 5975/12504/258

vt 3.40607 0.03
vn 0.930717 -0.365739 0.000671466
vt 3.4049 0.03
vn 0.973792 -0.227439 0.000702543
vt 3.4049 0
v 384.749 85.6837 -99.6625
vt 3.40607 0
f 5975/12505/2055 5968/12506/2056 5971/12507/2056 5976/12508/2055 

v 385.169 85.7129 -96.6622
vt -7.70066 0.848653
v 385.179 85.6828 -96.6622
vt -7.70086 0.848351
v 385.185 85.6505 -96.6622
vt -7.70098 0.848028
v 385.187 85.6115 -96.6622
vt -7.70102 0.847639
v 385.18 85.5694 -96.6622
vt -7.70087 0.847218
v 385.16 85.5278 -96.6622
vt -7.70047 0.846801
v 385.122 85.4902 -96.6622
vt -7.69972 0.846426
v 385.063 85.4602 -96.6622
vt -7.69855 0.846126
v 384.988 85.4431 -96.6623
vt -7.69704 0.845956
v 384.918 85.4434 -96.6623
vt -7.69563 0.845959
v 384.855 85.4589 -96.6624
vt -7.69439 0.846115
v 384.803 85.4874 -96.6624
vt -7.69335 0.8464
v 384.764 85.5265 -96.6625
vt -7.69256 0.846791
v 384.74 85.5738 -96.6625
vt -7.69208 0.847264
vt -7.69221 0.848363
v 384.779 85.7406 -96.6624
vt -7.69286 0.848932
v 384.814 85.7897 -96.6624
vt -7.69357 0.849423
v 384.85 85.8293 -96.6624
vt -7.69429 0.849819
v 384.887 85.859 -96.6624
vt -7.69502 0.850115
v 384.923 85.8781 -96.6623
vt -7.69575 0.850306
v 384.961 85.886 -96.6623
vt -7.69651 0.850385
v 385 85.8823 -96.6623
vt -7.69729 0.850347
v 385.04 85.8662 -96.6623
vt -7.69809 0.850186
v 385.081 85.8378 -96.6622
vt -7.69891 0.849902
v 385.115 85.8086 -96.6622
vt -7.69958 0.849609
v 385.139 85.7832 -96.6622
vt -7.70006 0.849355
v 385.155 85.7617 -96.6622
vt -7.70038 0.849141
f 5977/12509/432 5978/12510/432 5979/12511/432 5980/12512/432 5981/12513/432 5982/12514/432 5983/12515/432 5984/12516/432 5985/12517/432 5986/12518/432 5987/12519/432 5988/12520/432 5989/12521/432 5990/12522/432 5968/12492/432 5975/12523/432 5991/12524/432 5992/12525/432 5993/12526/432 5994/12527/432 5995/12528/432 5996/12529/432 5997/12530/432 5998/12531/432 5999/12532/432 6000/12533/432 6001/12534/432 6002/12535/432 

vt 0.831681 0.03
vn -0.966695 -0.25593 -0.000697423
vt 0.831046 0.03
vn -0.954857 -0.297065 -0.000688882
v 385.171 85.7129 -99.6622
vt 0.831046 0
v 385.181 85.6828 -99.6622
vt 0.831681 0
f 5978/12536/2057 5977/12537/2058 6003/12538/2058 6004/12539/2057 

v 385.548 85.8809 -96.6619
vt 7.70824 0.85033
vt 7.70066 0.848653
vt 7.70086 0.848351
f 6005/12540/258 5977/12541/258 5978/12542/258

vt 7.70038 0.849141
f 6005/12540/258 6002/12543/258 5977/12541/258

vt 7.70006 0.849355
f 6005/12540/258 6001/12544/258 6002/12543/258

v 385.117 85.9476 -96.6622
vt 7.69962 0.851
f 6006/12545/258 6001/12544/258 6005/12540/258

vt 7.69958 0.849609
f 6006/12545/258 6000/12546/258 6001/12544/258

vt 7.69891 0.849902
f 6006/12545/258 5999/12547/258 6000/12546/258

vt 7.69809 0.850186
f 6006/12545/258 5998/12548/258 5999/12547/258

vt 7.69729 0.850347
f 6006/12545/258 5997/12549/258 5998/12548/258

vt 7.69651 0.850385
f 6006/12545/258 5996/12550/258 5997/12549/258

v 384.935 86.086 -96.6623
vt 7.69598 0.852385
f 6007/12551/258 5996/12550/258 6006/12545/258

vt 7.69575 0.850306
f 5996/12550/258 6007/12551/258 5995/12552/258

v 384.939 86.2266 -96.6623
vt 7.69607 0.853791
f 6008/12553/258 5995/12552/258 6007/12551/258

v 384.921 87.3389 -96.6623
vt 7.69573 0.864914
f 6009/12554/258 5995/12552/258 6008/12553/258

vt 7.69502 0.850115
f 6009/12554/258 5994/12555/258 5995/12552/258

v 384.859 87.5169 -96.6624
vt 7.69449 0.866695
f 6010/12556/258 5994/12555/258 6009/12554/258

vt 7.69429 0.849819
f 6010/12556/258 5993/12557/258 5994/12555/258

vt 7.69357 0.849423
f 6010/12556/258 5992/12558/258 5993/12557/258

f 5973/12503/258 5992/12558/258 6010/12556/258

vt 7.69286 0.848932
f 5973/12503/258 5991/12559/258 5992/12558/258

f 5973/12503/258 5975/12504/258 5991/12559/258

vt 5.29588 0.03
vn 0.840462 -0.54187 0.000606352
vt 5.29457 0.03
vt 5.29457 0
v 384.781 85.7406 -99.6624
vt 5.29588 0
f 5991/12560/2059 5975/12561/2055 5976/12562/2055 6011/12563/2059 

vt -7.69311 0.866754
f 5976/12523/432 5974/12564/432 6011/12524/432

f 5971/12492/432 5974/12564/432 5976/12523/432

f 5974/12564/432 5971/12492/432 5972/12494/432

v 384.817 85.7897 -99.6624
f 6011/12524/432 5974/12564/432 6012/12525/432

v 384.861 87.5169 -99.6624
vt -7.69449 0.866695
f 6012/12525/432 5974/12564/432 6013/12565/432

vt -7.51699 0.03
vt -7.51837 0.03
vn 0.0847019 0.996406 6.11082e-05
vt -7.51837 0
vt -7.51699 0
f 5973/12566/2054 6010/12567/2060 6013/12568/2060 5974/12569/2054 

vt -0.888108 0.03
vn 0.944399 0.328801 0.000681337
vt -0.891876 0.03
vn 0.925133 0.379643 0.000667438
v 384.923 87.3389 -99.6623
vt -0.891876 0
vt -0.888108 0
f 6010/12570/2061 6009/12571/2062 6014/12572/2062 6013/12573/2061 

vt -1.73722 0.03
v 385.031 87.1067 -96.6623
vt -1.74236 0.03
vn 0.826753 0.562565 0.000596461
v 385.034 87.1067 -99.6623
vt -1.74236 0
vt -1.73722 0
f 6009/12574/2062 6015/12575/2063 6016/12576/2063 6014/12577/2062 

vt 7.69793 0.862591
f 6009/12554/258 6008/12553/258 6015/12578/258

v 385.041 86.3962 -96.6623
vt 7.6981 0.855487
f 6015/12578/258 6008/12553/258 6017/12579/258

vt 5.42944 0.03
vn 0.911929 -0.410347 0.000657912
vt 5.42549 0.03
vn 0.857649 -0.514235 0.000618751
v 384.941 86.2266 -99.6623
vt 5.42549 0
v 385.043 86.3962 -99.6623
vt 5.42944 0
f 6017/12580/2064 6008/12581/2065 6018/12582/2065 6019/12583/2064 

vt 1.93297 0.03
vn 0.999586 -0.0287718 0.000721151
vt 1.93015 0.03
v 384.937 86.086 -99.6623
vt 1.93015 0
vt 1.93297 0
f 6008/12584/2066 6007/12585/2066 6020/12586/2066 6018/12587/2066 

vt -5.08685 0.03
vn 0.605751 0.795654 0.000437019
vt -5.09142 0.03
v 385.119 85.9476 -99.6622
vt -5.09142 0
vt -5.08685 0
f 6007/12588/2067 6006/12589/2067 6021/12590/2067 6020/12591/2067 

vt -7.34737 0.03
vn 0.152743 0.988266 0.000110196
vt -7.3561 0.03
vn 0.137548 0.990495 9.92338e-05
v 385.55 85.8809 -99.6619
vt -7.3561 0
vt -7.34737 0
f 6006/12592/2068 6005/12593/2069 6022/12594/2069 6021/12595/2068 

vt -7.44054 0.03
v 385.879 85.8402 -96.6617
vt -7.4472 0.03
vn 0.182341 0.983235 0.00013155
v 385.881 85.8402 -99.6617
vt -7.4472 0
vt -7.44054 0
f 6005/12596/2069 6023/12597/2070 6024/12598/2070 6022/12599/2069 

v 385.633 84.2113 -96.6618
vt 7.70991 0.833633
vt 7.71486 0.84992
f 6005/12540/258 6025/12600/258 6023/12601/258

v 385.244 84.0375 -96.6621
vt 7.70213 0.831898
f 6005/12540/258 6026/12602/258 6025/12600/258

vt 7.70102 0.847639
f 6005/12540/258 5980/12603/258 6026/12602/258

vt 7.70098 0.848028
f 6005/12540/258 5979/12604/258 5980/12603/258

f 6005/12540/258 5978/12542/258 5979/12604/258

vt -0.180729 0.03
vn -0.992959 -0.118453 -0.000716371
vt -0.181387 0.03
vt -0.181387 0
v 385.187 85.6505 -99.6622
vt -0.180729 0
f 5979/12605/2071 5978/12606/2057 6004/12607/2057 6027/12608/2071 

vt -7.70824 0.85033
f 6004/12510/432 6022/12609/432 6027/12511/432

f 6003/12509/432 6022/12609/432 6004/12510/432

v 385.157 85.7617 -99.6622
f 6028/12535/432 6022/12609/432 6003/12509/432

v 385.141 85.7832 -99.6622
f 6029/12534/432 6022/12609/432 6028/12535/432

vt -7.69962 0.851
f 6029/12534/432 6021/12610/432 6022/12609/432

v 385.117 85.8086 -99.6622
f 6030/12533/432 6021/12610/432 6029/12534/432

v 385.084 85.8378 -99.6622
f 6031/12532/432 6021/12610/432 6030/12533/432

v 385.042 85.8662 -99.6623
f 6032/12531/432 6021/12610/432 6031/12532/432

v 385.002 85.8823 -99.6623
f 6033/12530/432 6021/12610/432 6032/12531/432

v 384.963 85.886 -99.6623
f 6034/12529/432 6021/12610/432 6033/12530/432

vt -7.69598 0.852385
f 6034/12529/432 6020/12611/432 6021/12610/432

v 384.926 85.8781 -99.6623
f 6020/12611/432 6034/12529/432 6035/12528/432

vt 7.88152 0.03
vn 0.0550068 -0.998486 3.96847e-05
vt 7.88074 0.03
vn 0.33525 -0.942129 0.000241866
vt 7.88074 0
vt 7.88152 0
f 5996/12612/2072 5995/12613/2073 6035/12614/2073 6034/12615/2072 

vt 7.619 0.03
vt 7.61817 0.03
vn 0.548953 -0.835853 0.000396042
v 384.889 85.859 -99.6624
vt 7.61817 0
vt 7.619 0
f 5995/12616/2073 5994/12617/2074 6036/12618/2074 6035/12619/2073 

vt 7.03534 0.03
vt 7.0344 0.03
vn 0.689706 -0.724089 0.000497589
v 384.852 85.8293 -99.6624
vt 7.0344 0
vt 7.03534 0
f 5994/12620/2074 5993/12621/2075 6037/12622/2075 6036/12623/2074 

vt 6.41892 0.03
vt 6.41785 0.03
vn 0.777579 -0.628785 0.000560985
vt 6.41785 0
vt 6.41892 0
f 5993/12624/2075 5992/12625/2076 6012/12626/2076 6037/12627/2075 

vt 5.88708 0.03
vt 5.88587 0.03
vt 5.88587 0
vt 5.88708 0
f 5992/12628/2076 5991/12629/2059 6011/12630/2059 6012/12631/2076 

f 6012/12525/432 6013/12565/432 6037/12526/432

f 6037/12526/432 6013/12565/432 6036/12527/432

vt -7.69573 0.864914
f 6036/12527/432 6013/12565/432 6014/12632/432

f 6036/12527/432 6014/12632/432 6035/12528/432

vt -7.69607 0.853791
f 6035/12528/432 6014/12632/432 6018/12633/432

vt -7.69793 0.862591
f 6018/12633/432 6014/12632/432 6016/12634/432

vt -7.6981 0.855487
f 6018/12633/432 6016/12634/432 6019/12635/432

v 385.152 86.9794 -99.6622
vt -7.7003 0.861317
f 6019/12635/432 6016/12634/432 6038/12636/432

vt -3.98869 0.03
v 385.15 86.9794 -96.6622
vt -3.99217 0.03
vn 0.730881 0.682505 0.000527294
vt -3.99217 0
vt -3.98869 0
f 6015/12637/2063 6039/12638/2077 6038/12639/2077 6016/12640/2063 

vt 7.7003 0.861317
f 6015/12578/258 6017/12579/258 6039/12641/258

v 385.142 86.7175 -96.6622
vt 7.70013 0.858699
f 6039/12641/258 6017/12579/258 6040/12642/258

vt 3.95831 0.03
vn 0.985786 -0.168006 0.000711195
vt 3.95158 0.03
vt 3.95158 0
v 385.144 86.7175 -99.6622
vt 3.95831 0
f 6040/12643/2078 6017/12644/2064 6019/12645/2064 6041/12646/2078 

vt -7.70013 0.858699
f 6019/12635/432 6038/12636/432 6041/12647/432

vt 1.97324 0.03
vn 0.999486 -0.0320556 0.000721079
vt 1.968 0.03
vt 1.968 0
vt 1.97324 0
f 6039/12648/2079 6040/12649/2078 6041/12650/2078 6038/12651/2079 

f 6035/12528/432 6018/12633/432 6020/12611/432

vt 7.495 0.03
vn -0.236645 -0.971596 -0.000170727
vt 7.49422 0.03
vt 7.49422 0
vt 7.495 0
f 5997/12652/2080 5996/12653/2072 6034/12654/2072 6033/12655/2080 

vt 6.51119 0.03
vn -0.472809 -0.881165 -0.000341108
vt 6.51032 0.03
vt 6.51032 0
vt 6.51119 0
f 5998/12656/2081 5997/12657/2080 6033/12658/2080 6032/12659/2081 

vt 5.3676 0.03
vn -0.61312 -0.78999 -0.000442336
vt 5.3666 0.03
vt 5.3666 0
vt 5.3676 0
f 5999/12660/2082 5998/12661/2081 6032/12662/2081 6031/12663/2082 

vt 4.68955 0.03
vn -0.692721 -0.721206 -0.000499764
vt 4.68866 0.03
vt 4.68866 0
vt 4.68955 0
f 6000/12664/2083 5999/12665/2082 6031/12666/2082 6030/12667/2083 

vt 4.04405 0.03
vn -0.767484 -0.641068 -0.000553701
vt 4.04335 0.03
vt 4.04335 0
vt 4.04405 0
f 6001/12668/2084 6000/12669/2083 6030/12670/2083 6029/12671/2084 

vt 3.19952 0.03
vn -0.804776 -0.593578 -0.000580606
vt 3.19899 0.03
vt 3.19899 0
vt 3.19952 0
f 6002/12672/2085 6001/12673/2084 6029/12674/2084 6028/12675/2085 

vt 0.492746 0.03
vt 0.491731 0.03
vn -0.961031 -0.27644 -0.000693336
vt 0.491731 0
vt 0.492746 0
f 5977/12676/2058 6002/12677/2086 6028/12678/2086 6003/12679/2058 

v 385.189 85.6115 -99.6621
f 6027/12511/432 6022/12609/432 6042/12512/432

v 385.246 84.0375 -99.6621
vt -7.70213 0.831898
f 6042/12512/432 6022/12609/432 6043/12680/432

v 385.635 84.2113 -99.6618
vt -7.70991 0.833633
f 6043/12680/432 6022/12609/432 6044/12681/432

vt -7.71486 0.84992
f 6044/12681/432 6022/12609/432 6024/12682/432

v 386.037 84.3505 -99.6615
vt -7.71796 0.835022
f 6044/12681/432 6024/12682/432 6045/12683/432

v 386.017 85.8063 -99.6616
vt -7.71757 0.84958
f 6045/12683/432 6024/12682/432 6046/12684/432

vt -7.07297 0.03
v 386.015 85.8063 -96.6616
vt -7.07578 0.03
vn 0.301988 0.953312 0.00021787
vt -7.07578 0
vt -7.07297 0
f 6023/12685/2070 6047/12686/2087 6046/12687/2087 6024/12688/2070 

v 386.035 84.3505 -96.6615
vt 7.71796 0.835022
vt 7.71757 0.84958
f 6023/12601/258 6048/12689/258 6047/12690/258

f 6023/12601/258 6025/12600/258 6048/12689/258

vt 7.8403 0.03
vn 0.396168 -0.918178 0.000285815
vt 7.83179 0.03
vn 0.367852 -0.929884 0.000265387
vt 7.83179 0
vt 7.8403 0
f 6048/12691/2088 6025/12692/2089 6044/12693/2089 6045/12694/2088 

vt 7.71984 0.03
vt 7.71133 0.03
vn 0.436323 -0.89979 0.000314786
vt 7.71133 0
vt 7.71984 0
f 6025/12695/2089 6026/12696/2090 6043/12697/2090 6044/12698/2089 

vt 7.59573 0.03
vt 7.58875 0.03
vn 0.464091 -0.885788 0.000334818
vt 7.58875 0
vt 7.59573 0
f 6026/12699/2090 5969/12700/2091 5970/12701/2091 6043/12702/2090 

vt 7.69704 0.845956
f 5985/12703/258 5969/12487/258 6026/12602/258

vt 7.69563 0.845959
f 5986/12704/258 5969/12487/258 5985/12703/258

vt 7.69439 0.846115
f 5987/12705/258 5969/12487/258 5986/12704/258

vt 7.69335 0.8464
f 5988/12706/258 5969/12487/258 5987/12705/258

vt 7.69256 0.846791
f 5989/12707/258 5969/12487/258 5988/12706/258

vt 7.69208 0.847264
f 5990/12708/258 5969/12487/258 5989/12707/258

f 5968/12486/258 5969/12487/258 5990/12708/258

vt 0.736114 0.03
vn 0.992323 0.123672 0.000715912
vt 0.735042 0.03
vn 0.955946 0.293543 0.000689667
v 384.742 85.5738 -99.6625
vt 0.735042 0
vt 0.736114 0
f 5968/12709/2092 5990/12710/2093 6049/12711/2093 5971/12712/2092 

vt -1.98238 0.03
vt -1.98344 0.03
vn 0.808019 0.589156 0.000582946
v 384.766 85.5265 -99.6625
vt -1.98344 0
vt -1.98238 0
f 5990/12713/2093 5989/12714/2094 6050/12715/2094 6049/12716/2093 

vt -4.25601 0.03
vt -4.25712 0.03
vn 0.598507 0.801118 0.000431793
v 384.805 85.4874 -99.6624
vt -4.25712 0
vt -4.25601 0
f 5989/12717/2094 5988/12718/2095 6051/12719/2095 6050/12720/2094 

vt -5.93339 0.03
vt -5.93457 0.03
vn 0.363747 0.931498 0.000262425
v 384.857 85.4589 -99.6624
vt -5.93457 0
vt -5.93339 0
f 5988/12721/2095 5987/12722/2096 6052/12723/2096 6051/12724/2095 

vt -7.05552 0.03
vt -7.05681 0.03
vn 0.123528 0.992341 8.91193e-05
v 384.92 85.4434 -99.6623
vt -7.05681 0
vt -7.05552 0
f 5987/12725/2096 5986/12726/2097 6053/12727/2097 6052/12728/2096 

vt -7.68801 0.03
vt -7.68942 0.03
vn -0.109812 0.993952 -7.92237e-05
v 384.99 85.4431 -99.6623
vt -7.68942 0
vt -7.68801 0
f 5986/12729/2097 5985/12730/2098 6054/12731/2098 6053/12732/2097 

vt -7.88044 0.03
vt -7.88198 0.03
vn -0.340841 0.940121 -0.0002459
v 385.066 85.4602 -99.6622
vt -7.88198 0
vt -7.88044 0
f 5985/12733/2098 5984/12734/2099 6055/12735/2099 6054/12736/2098 

vt 7.69855 0.846126
f 5985/12703/258 6026/12602/258 5984/12737/258

vt 7.69972 0.846426
f 5984/12737/258 6026/12602/258 5983/12738/258

vt 7.70047 0.846801
f 5983/12738/258 6026/12602/258 5982/12739/258

vt 7.70087 0.847218
f 5982/12739/258 6026/12602/258 5981/12740/258

f 5981/12740/258 6026/12602/258 5980/12603/258

vt -2.96803 0.03
vn -0.952304 0.30515 -0.00068704
vt -2.96888 0.03
vn -0.998024 0.062829 -0.000720025
vt -2.96888 0
v 385.182 85.5694 -99.6622
vt -2.96803 0
f 5981/12741/2100 5980/12742/2101 6042/12743/2101 6056/12744/2100 

vt -1.3675 0.03
vt -1.36828 0.03
vt -1.36828 0
vt -1.3675 0
f 5980/12745/2101 5979/12746/2071 6027/12747/2071 6042/12748/2101 

f 6043/12680/432 6056/12513/432 6042/12512/432

v 385.162 85.5278 -99.6622
f 6043/12680/432 6057/12514/432 6056/12513/432

v 385.124 85.4902 -99.6622
f 6043/12680/432 6058/12515/432 6057/12514/432

f 6043/12680/432 6055/12516/432 6058/12515/432

f 6043/12680/432 6054/12517/432 6055/12516/432

f 5970/12493/432 6054/12517/432 6043/12680/432

f 5970/12493/432 6053/12518/432 6054/12517/432

f 5970/12493/432 6052/12519/432 6053/12518/432

f 5970/12493/432 6051/12520/432 6052/12519/432

f 5970/12493/432 6050/12521/432 6051/12520/432

f 5970/12493/432 6049/12522/432 6050/12521/432

f 5970/12493/432 5971/12492/432 6049/12522/432

vt -7.62763 0.03
vt -7.62895 0.03
vn -0.589201 0.807986 -0.000425079
vt -7.62895 0
vt -7.62763 0
f 5984/12749/2099 5983/12750/2102 6058/12751/2102 6055/12752/2099 

vt -6.63156 0.03
vt -6.63262 0.03
vn -0.815638 0.578562 -0.000588442
vt -6.63262 0
vt -6.63156 0
f 5983/12753/2102 5982/12754/2103 6057/12755/2103 6058/12756/2102 

vt -4.88718 0.03
vt -4.88811 0.03
vt -4.88811 0
vt -4.88718 0
f 5982/12757/2103 5981/12758/2100 6056/12759/2100 6057/12760/2103 

v 386.365 84.523 -96.6613
vt 7.62201 0.03
vn 0.46328 -0.886212 0.000334233
vt 7.61457 0.03
vt 7.61457 0
v 386.367 84.523 -99.6613
vt 7.62201 0
f 6059/12761/2104 6048/12762/2088 6045/12763/2088 6060/12764/2104 

v 386.04 85.7968 -96.6615
vt 7.71806 0.849485
vt 7.72455 0.836744
f 6061/12765/258 6048/12689/258 6059/12766/258

f 6047/12690/258 6048/12689/258 6061/12765/258

vt -6.58042 0.03
vt -6.58095 0.03
vn 0.361102 0.932526 0.000260517
v 386.042 85.7968 -99.6615
vt -6.58095 0
vt -6.58042 0
f 6047/12767/2087 6061/12768/2105 6062/12769/2105 6046/12770/2087 

vt -7.74997 0.03
vn -0.0203879 0.999792 -1.47089e-05
v 386.098 85.7979 -96.6615
vt -7.75113 0.03
v 386.1 85.7979 -99.6615
vt -7.75113 0
vt -7.74997 0
f 6061/12771/2106 6063/12772/2106 6064/12773/2106 6062/12774/2106 

vt 7.71922 0.849496
f 6061/12765/258 6059/12766/258 6063/12775/258

v 386.193 85.7592 -96.6614
vt 7.72113 0.849108
f 6063/12775/258 6059/12766/258 6065/12776/258

v 386.279 85.6321 -96.6614
vt 7.72285 0.847836
f 6065/12776/258 6059/12766/258 6066/12777/258

v 386.422 85.4666 -96.6613
vt 7.7257 0.84618
f 6066/12777/258 6059/12766/258 6067/12778/258

v 386.566 84.8255 -96.6612
vt 7.72857 0.839768
f 6067/12778/258 6059/12766/258 6068/12779/258

vt 5.67964 0.03
vn 0.91274 -0.40854 0.000658497
vt 5.67238 0.03
vn 0.832869 -0.553469 0.000600874
vt 5.67238 0
v 386.568 84.8255 -99.6612
vt 5.67964 0
f 6068/12780/2107 6059/12781/2108 6060/12782/2108 6069/12783/2107 

vt -7.72455 0.836744
v 386.424 85.4666 -99.6613
vt -7.7257 0.84618
vt -7.72857 0.839768
f 6060/12784/432 6070/12785/432 6069/12786/432

v 386.281 85.6321 -99.6614
vt -7.72285 0.847836
f 6060/12784/432 6071/12787/432 6070/12785/432

v 386.195 85.7592 -99.6614
vt -7.72113 0.849108
f 6060/12784/432 6072/12788/432 6071/12787/432

vt -7.71922 0.849496
f 6060/12784/432 6064/12789/432 6072/12788/432

vt -7.71806 0.849485
f 6060/12784/432 6062/12790/432 6064/12789/432

f 6045/12683/432 6062/12790/432 6060/12784/432

f 6045/12683/432 6046/12684/432 6062/12790/432

vt -6.51172 0.03
vn 0.375862 0.926676 0.000271166
vt -6.51378 0.03
vt -6.51378 0
vt -6.51172 0
f 6063/12791/2109 6065/12792/2109 6072/12793/2109 6064/12794/2109 

vt -2.92551 0.03
vn 0.827482 0.561491 0.000596988
vt -2.92858 0.03
vn 0.793831 0.608138 0.00057271
vt -2.92858 0
vt -2.92551 0
f 6065/12795/2110 6066/12796/2111 6071/12797/2111 6072/12798/2110 

vt -3.75233 0.03
vt -3.7567 0.03
vn 0.748299 0.663361 0.000539861
vt -3.7567 0
vt -3.75233 0
f 6066/12799/2111 6067/12800/2112 6070/12801/2112 6071/12802/2111 

vt -3.95092 0.03
v 386.579 85.2949 -96.6611
vt -3.95556 0.03
vn 0.738898 0.673818 0.000533078
v 386.581 85.2949 -99.6611
vt -3.95556 0
vt -3.95092 0
f 6067/12803/2112 6073/12804/2113 6074/12805/2113 6070/12806/2112 

vt 7.72883 0.844462
f 6067/12778/258 6068/12779/258 6073/12807/258

v 386.64 85.1088 -96.6611
vt 7.73006 0.8426
f 6073/12807/258 6068/12779/258 6075/12808/258

vt 3.58615 0.03
vn 0.967616 -0.252424 0.000698087
vt 3.5803 0.03
vt 3.5803 0
v 386.642 85.1088 -99.6611
vt 3.58615 0
f 6075/12809/2114 6068/12810/2107 6069/12811/2107 6076/12812/2114 

vt -7.72883 0.844462
vt -7.73006 0.8426
f 6069/12786/432 6074/12813/432 6076/12814/432

f 6069/12786/432 6070/12785/432 6074/12813/432

vt -0.813801 0.03
vn 0.949609 0.313436 0.000685096
vt -0.81772 0.03
vt -0.81772 0
vt -0.813801 0
f 6073/12815/2115 6075/12816/2115 6076/12817/2115 6074/12818/2115 

v 383.816 80.3175 -99.6631
vt -7.67349 0.794708
f 5324/10475/432 5322/10474/432 6077/12819/432

v 383.869 80.3461 -99.6631
vt -7.67456 0.794994
f 6077/12819/432 5322/10474/432 6078/12820/432

v 384.239 81.3673 -99.6628
vt -7.68197 0.805203
f 6078/12820/432 5322/10474/432 6079/12821/432

vt -6.72561 0.03
v 384.237 81.3673 -96.6628
vt -6.73412 0.03
vn 0.326126 0.945326 0.000235284
vt -6.73412 0
vt -6.72561 0
f 5321/12822/1676 6080/12823/2116 6079/12824/2116 5322/12825/1676 

v 383.867 80.3461 -96.6631
vt 7.67456 0.794994
vt 7.68197 0.805203
f 5321/10467/258 6081/12826/258 6080/12827/258

v 383.814 80.3175 -96.6631
vt 7.67349 0.794708
f 5321/10467/258 6082/12828/258 6081/12826/258

f 5321/10467/258 5323/10468/258 6082/12828/258

vt 7.51339 0.03
vn 0.473185 -0.880963 0.000341379
vt 7.51129 0.03
vt 7.51129 0
vt 7.51339 0
f 6082/12829/2117 5323/12830/1677 5324/12831/1677 6077/12832/2117 

vt 7.51459 0.03
vn 0.58638 -0.810036 0.000423044
vt 7.51459 0
f 6081/12833/2118 6082/12829/2117 6077/12832/2117 6078/12834/2118 

v 383.999 80.4719 -96.663
vt 6.66317 0.03
vn 0.722424 -0.69145 0.000521193
vt 6.65952 0.03
vt 6.65952 0
v 384.002 80.4719 -99.663
vt 6.66317 0
f 6083/12835/2119 6081/12836/2118 6078/12837/2118 6084/12838/2119 

vt 7.67721 0.796251
f 6080/12827/258 6081/12826/258 6083/12839/258

v 384.267 80.7792 -96.6628
vt 7.68256 0.799322
f 6080/12827/258 6083/12839/258 6085/12840/258

vt 6.25368 0.03
vn 0.837657 -0.546197 0.000604328
vt 6.24553 0.03
vt 6.24553 0
v 384.269 80.7792 -99.6628
vt 6.25368 0
f 6085/12841/2120 6083/12842/2119 6084/12843/2119 6086/12844/2120 

vt -7.67721 0.796251
vt -7.68256 0.799322
f 6084/12845/432 6079/12821/432 6086/12846/432

f 6078/12820/432 6079/12821/432 6084/12845/432

v 384.429 81.1196 -99.6627
vt -7.68576 0.802725
f 6086/12846/432 6079/12821/432 6087/12847/432

vt -3.39384 0.03
vn 0.793401 0.608699 0.0005724
v 384.427 81.1196 -96.6627
vt -3.40008 0.03
vt -3.40008 0
vt -3.39384 0
f 6080/12848/2121 6088/12849/2121 6087/12850/2121 6079/12851/2121 

vt 7.68576 0.802725
f 6080/12827/258 6085/12840/258 6088/12852/258

vt 4.72485 0.03
vn 0.905101 -0.425196 0.000652985
vt 4.71733 0.03
vt 4.71733 0
vt 4.72485 0
f 6088/12853/2122 6085/12854/2120 6086/12855/2120 6087/12856/2122 

vt 7.58572 0.838869
f 5201/10258/258 5050/12857/258 5051/10400/258

vt 7.58535 0.839387
f 5201/10258/258 5049/12858/258 5050/12857/258

vt 7.58463 0.839888
f 5201/10258/258 5048/12859/258 5049/12858/258

vt 7.58374 0.84034
f 5201/10258/258 5047/12860/258 5048/12859/258

vt 7.58305 0.840685
f 5201/10258/258 5046/12861/258 5047/12860/258

vt 7.58255 0.840935
f 5201/10258/258 5045/12862/258 5046/12861/258

vt 7.58188 0.84127
f 5201/10258/258 5044/12863/258 5045/12862/258

vt 7.58114 0.839254
f 5201/10258/258 5041/12864/258 5044/12863/258

f 5201/10258/258 5040/10381/258 5041/12864/258

vt 4.37334 0.03
vn 0.95302 -0.302908 0.000687556
vt 4.37175 0.03
vt 4.37175 0
vt 4.37334 0
f 5041/12865/2123 5040/12866/1664 5253/12867/1664 5254/12868/2123 

vt 3.40818 0.03
vn 0.981591 -0.190995 0.000708169
vt 3.40658 0.03
vt 3.40658 0
v 379.211 84.8467 -99.6665
vt 3.40818 0
f 5042/12869/2124 5041/12870/2123 5254/12871/2123 6089/12872/2124 

vt 7.58151 0.840033
f 5044/12863/258 5041/12864/258 5042/12873/258

vt 7.58172 0.840719
f 5044/12863/258 5042/12873/258 5043/12874/258

vt 2.7903 0.03
vn 0.989568 -0.144062 0.000713925
vt 2.78891 0.03
vt 2.78891 0
v 379.222 84.9153 -99.6665
vt 2.7903 0
f 5043/12875/2125 5042/12876/2124 6089/12877/2124 6090/12878/2125 

f 6089/9803/432 5255/9805/432 6090/9804/432

f 5254/9802/432 5255/9805/432 6089/9803/432

vt 2.73185 0.03
vn 0.990151 -0.14 0.000714345
vt 2.73073 0.03
vt 2.73073 0
vt 2.73185 0
f 5044/12879/2126 5043/12880/2125 6090/12881/2125 5255/12882/2126 

vt 4.173 0.03
vn -0.706596 -0.707617 -0.000509774
vt 4.17205 0.03
vt 4.17205 0
vt 4.173 0
f 5045/12883/2127 5044/12884/2127 5255/12885/2127 5256/12886/2127 

vt 4.17371 0.03
vt 4.17371 0
f 5046/12887/2127 5045/12883/2127 5256/12886/2127 5257/12888/2127 

vt 4.17468 0.03
vn -0.707786 -0.706427 -0.000510632
vt 4.17468 0
f 5047/12889/2128 5046/12887/2127 5257/12888/2127 5258/12890/2128 

vt 4.15389 0.03
vn -0.762697 -0.646756 -0.000550248
vt 4.15262 0.03
vt 4.15262 0
vt 4.15389 0
f 5048/12891/2129 5047/12892/2128 5258/12893/2128 5259/12894/2129 

vt 3.06437 0.03
vn -0.886289 -0.463133 -0.000639413
vt 3.06314 0.03
vt 3.06314 0
vt 3.06437 0
f 5049/12895/2130 5048/12896/2129 5259/12897/2129 5260/12898/2130 

vt 0.93681 0.03
vn -0.979809 -0.199936 -0.000706883
vt 0.935712 0.03
vt 0.935712 0
vt 0.93681 0
f 5050/12899/2131 5049/12900/2130 5260/12901/2130 5261/12902/2131 

vt -1.19719 0.03
vn -0.999161 0.0409429 -0.000720845
vt -1.19828 0.03
vt -1.19828 0
vt -1.19719 0
f 5051/12903/2132 5050/12904/2131 5261/12905/2131 5262/12906/2132 

vt -2.76079 0.03
vn -0.978047 0.208384 -0.000705612
vt -2.76196 0.03
vt -2.76196 0
vt -2.76079 0
f 5052/12907/2133 5051/12908/2132 5262/12909/2132 5263/12910/2133 

vt -3.67191 0.03
vn -0.953484 0.301443 -0.000687891
vt -3.6732 0.03
vt -3.6732 0
vt -3.67191 0
f 5053/12911/2134 5052/12912/2133 5263/12913/2133 5264/12914/2134 

vt -4.09668 0.03
vn -0.941174 0.337923 -0.00067901
vt -4.0981 0.03
vt -4.0981 0
vt -4.09668 0
f 5054/12915/2135 5053/12916/2134 5264/12917/2134 5265/12918/2135 

vt -4.18465 0.03
vn -0.942626 0.33385 -0.000680058
vt -4.1862 0.03
vt -4.1862 0
vt -4.18465 0
f 5055/12919/2136 5054/12920/2135 5265/12921/2135 5266/12922/2136 

vt -4.03624 0.03
vn -0.88078 0.473525 -0.000635439
vt -4.03791 0.03
vt -4.03791 0
vt -4.03624 0
f 5056/12923/2137 5055/12924/2136 5266/12925/2136 5267/12926/2137 

vt -5.95702 0.03
vn -0.791627 0.611004 -0.00057112
vt -5.95854 0.03
vt -5.95854 0
vt -5.95702 0
f 5057/12927/2138 5056/12928/2137 5267/12929/2137 5268/12930/2138 

vt -7.68416 0.03
vn -0.193321 0.981136 -0.000139472
vt -7.68573 0.03
vn -0.351699 0.936113 -0.000253734
vt -7.68573 0
vt -7.68416 0
f 5058/12931/2139 5057/12932/2140 5268/12933/2140 5269/12934/2139 

vt -7.62465 0.03
vn 0.060377 0.998176 4.3559e-05
vt -7.62646 0.03
vt -7.62646 0
vt -7.62465 0
f 5059/12935/2141 5058/12936/2139 5269/12937/2139 5270/12938/2141 

vt -7.2398 0.03
vn 0.202576 0.979266 0.000146149
vt -7.24176 0.03
vt -7.24176 0
vt -7.2398 0
f 5060/12939/2142 5059/12940/2141 5270/12941/2141 5271/12942/2142 

vt -6.8988 0.03
vt -6.90072 0.03
vt -6.90072 0
vt -6.8988 0
f 5061/12943/1666 5060/12944/2142 5271/12945/2142 5272/12946/1666 

f 5138/10059/432 5137/10058/432 5164/10085/432

f 5164/10085/432 5137/10058/432 5165/10086/432

f 5165/10086/432 5137/10058/432 5166/10087/432

f 5166/10087/432 5137/10058/432 5167/10088/432

f 5167/10088/432 5137/10058/432 5168/10089/432

f 5168/10089/432 5137/10058/432 5169/10090/432

f 5169/10090/432 5137/10058/432 5170/10091/432

vt 0.107226 0.03
vn 0.976689 0.214657 0.000704633
vt 0.104081 0.03
vt 0.104081 0
v 376.424 88.3446 -99.6685
vt 0.107226 0
f 4935/12947/2143 4929/12948/1547 4957/12949/1547 6091/12950/2143 

vt 7.52585 0.875032
f 4930/9611/258 4929/9609/258 4935/12951/258

vt 0.0923113 0.03
vn 0.976446 0.215759 0.000704458
vt 0.0897912 0.03
vt 0.0897912 0
vt 0.0923113 0
f 4930/12952/2144 4935/12953/2143 6091/12954/2143 4933/12955/2144 

f 4957/9621/432 4933/9620/432 6091/9619/432

vt -1.66913 0.03
vn 0.901326 0.433142 0.000650262
vt -1.67061 0.03
vt -1.67061 0
vt -1.66913 0
f 4940/12956/2145 4939/12957/1546 4955/12958/1546 4943/12959/2145 

f 4681/8705/432 4718/8757/432 4680/8704/432

v 375.227 92.9785 -96.6693
vt 5.928 0.03
vn 0.857534 -0.514427 0.000618668
vt 5.91669 0.03
vn 0.806078 -0.591809 0.000581545
vt 5.91669 0
v 375.229 92.9785 -99.6693
vt 5.928 0
f 6092/12960/2146 4627/12961/2147 4624/12962/2147 6093/12963/2146 

vt 7.50202 0.92138
f 4626/8579/258 4627/8578/258 6092/12964/258

v 375.705 93.9752 -96.669
vt 7.51159 0.931343
f 4626/8579/258 6092/12964/258 6094/12965/258

vt 4.93236 0.03
vn 0.958935 -0.283625 0.000691824
vt 4.91027 0.03
vt 4.91027 0
v 375.707 93.9752 -99.669
vt 4.93236 0
f 6094/12966/2148 6092/12967/2146 6093/12968/2146 6095/12969/2148 

vt -7.50202 0.92138
vt -7.51159 0.931343
f 6093/12970/432 4625/8573/432 6095/12971/432

f 4624/8572/432 4625/8573/432 6093/12970/432

v 375.883 95.3448 -99.6689
vt -7.51513 0.945038
f 6095/12971/432 4625/8573/432 6096/12972/432

vt -1.46256 0.03
vn 0.904571 0.426322 0.000652603
v 375.881 95.3448 -96.6689
vt -1.48953 0.03
vt -1.48953 0
vt -1.46256 0
f 4626/12973/2149 6097/12974/2149 6096/12975/2149 4625/12976/2149 

vt 7.51513 0.945038
f 4626/8579/258 6094/12965/258 6097/12977/258

vt 2.83651 0.03
vn 0.991849 -0.12742 0.00071557
vt 2.80891 0.03
vt 2.80891 0
vt 2.83651 0
f 6097/12978/2150 6094/12979/2148 6095/12980/2148 6096/12981/2150 

f 4610/8337/432 4616/8334/432 4609/8333/432

vt -5.29743 0.03
vn -0.869937 0.493163 -0.000627616
vt -5.33198 0.03
vt -5.33198 0
vt -5.29743 0
f 4601/12982/2151 4602/12983/2151 4597/12984/2151 4599/12985/2151 

vt -4.51691 0.03
vn -0.918301 0.395883 -0.000662508
vt -4.52759 0.03
vt -4.52759 0
vt -4.51691 0
f 4499/12986/2152 4500/12987/1298 4495/12988/1298 4497/12989/2152 

f 2068/2886/260 2067/2960/260 2516/2963/260 2443/2887/260 

vt -7.19688 0.03
vt -7.19688 0
f 2069/12990/260 2068/2886/260 2443/2887/260 2834/12991/260 

f 2070/2880/260 2069/12990/260 2834/12991/260 2438/2881/260 

f 2071/2874/260 2070/2880/260 2438/2881/260 2431/2875/260 

f 2434/2880/260 2440/2885/260 2442/2888/260 2436/2881/260 

f 2421/2861/260 2426/2868/260 2428/2871/260 2422/2862/260 

f 2079/2844/260 2078/8122/260 2831/8123/260 2412/2845/260 

f 2408/2844/260 2414/2851/260 2416/2854/260 2409/2845/260 

f 2082/2835/260 2081/2847/260 2411/2848/260 2401/2836/260 

f 2401/3411/432 2402/3410/432 2398/3409/432 2399/8115/432 2403/8118/432 

f 2084/2826/260 2083/2834/260 2402/2837/260 2398/2827/260 

vt 7.67078 0.03
vt 7.63498 0.03
vt 7.63498 0
vt 7.67078 0
f 2063/12992/425 2062/12993/425 2835/12994/425 2523/12995/425 

vt 4.29143 0.03
vt 4.29143 0
f 2062/12993/425 2061/12996/425 2836/12997/425 2835/12994/425 

f 2061/12996/425 2060/3190/425 2802/3193/425 2836/12997/425 

vn 0.00072145 5.4651e-16 -1
vt -7.6709 0.687734
v 383.7 65.9679 -99.6632
vt -7.67097 0.651213
v 383.813 65.968 -99.6631
vt -7.67323 0.651213
v 384.112 65.9682 -99.6629
vt -7.6792 0.651213
v 384.537 65.9685 -99.6626
vt -7.68769 0.651213
v 385.027 65.9688 -99.6623
vt -7.6975 0.651213
v 385.524 65.9692 -99.6619
vt -7.70743 0.651213
v 385.967 65.9695 -99.6616
vt -7.71628 0.651213
v 386.296 65.9698 -99.6614
vt -7.72286 0.651213
v 386.451 65.9699 -99.6612
vt -7.72596 0.651213
v 386.519 65.9649 -99.6612
vt -7.72732 0.651163
v 386.594 65.9454 -99.6611
vt -7.72882 0.650967
v 386.663 65.9126 -99.6611
vt -7.73019 0.650639
v 386.723 65.8679 -99.661
vt -7.7314 0.650191
v 386.774 65.8129 -99.661
vt -7.73242 0.649641
v 386.815 65.749 -99.661
vt -7.73323 0.649002
v 386.842 65.6778 -99.661
vt -7.73378 0.648289
v 386.856 65.6007 -99.6609
vt -7.73406 0.647518
v 386.858 65.3432 -99.6609
vt -7.73408 0.644943
v 386.859 64.1032 -99.6609
vt -7.73408 0.632543
v 386.86 62.0607 -99.6609
vt -7.73408 0.612118
v 386.862 59.5367 -99.6609
vt -7.73408 0.586879
v 386.864 56.8523 -99.6609
vt -7.73408 0.560034
v 386.866 54.3284 -99.6609
vt -7.73408 0.534795
v 386.867 52.2859 -99.6609
vt -7.73408 0.51437
v 386.868 51.0459 -99.6609
vt -7.73408 0.50197
v 386.867 50.7931 -99.6609
vt -7.73406 0.499442
v 386.855 50.7273 -99.6609
vt -7.73382 0.498785
v 386.832 50.6665 -99.661
vt -7.73335 0.498177
v 386.798 50.612 -99.661
vt -7.73267 0.497632
v 386.754 50.565 -99.661
vt -7.7318 0.497162
v 386.702 50.5268 -99.6611
vt -7.73076 0.49678
v 386.644 50.4987 -99.6611
vt -7.7296 0.4965
v 386.58 50.482 -99.6611
vt -7.72832 0.496333
v 386.521 50.4777 -99.6612
vt -7.72713 0.496291
v 386.363 50.4776 -99.6613
vt -7.72397 0.496291
v 386.027 50.4774 -99.6615
vt -7.71726 0.496291
v 385.574 50.477 -99.6619
vt -7.70821 0.496291
v 385.067 50.4767 -99.6622
vt -7.69807 0.496291
v 384.566 50.4763 -99.6626
vt -7.68805 0.496291
v 384.132 50.476 -99.6629
vt -7.67938 0.496291
v 383.827 50.4758 -99.6631
vt -7.67327 0.496291
v 383.711 50.4757 -99.6632
vt -7.67097 0.496291
v 383.74 30.393 -99.6632
vt -7.67126 0.295464
v 402.226 20.9665 -99.6499
vt -8.04065 0.201065
v 402.283 21.0791 -99.6498
vt -8.0418 0.202191
v 402.435 21.3772 -99.6497
vt -8.04484 0.20517
v 402.651 21.8008 -99.6496
vt -8.04916 0.209405
v 402.9 22.2902 -99.6494
vt -8.05415 0.214297
v 403.153 22.7856 -99.6492
vt -8.0592 0.219249
v 403.378 23.2271 -99.649
vt -8.06371 0.223663
v 403.545 23.5551 -99.6489
vt -8.06705 0.226941
v 403.623 23.7095 -99.6489
vt -8.06863 0.228486
v 403.713 23.7693 -99.6488
vt -8.07042 0.229083
v 403.824 23.826 -99.6487
vt -8.07263 0.229649
v 403.934 23.8693 -99.6486
vt -8.07484 0.230081
v 404.043 23.8992 -99.6485
vt -8.07701 0.230379
v 404.147 23.9157 -99.6485
vt -8.0791 0.230544
v 404.247 23.919 -99.6484
vt -8.08109 0.230576
v 404.339 23.909 -99.6483
vt -8.08293 0.230476
v 404.422 23.8858 -99.6483
vt -8.08459 0.230243
v 404.704 23.7486 -99.6481
vt -8.09023 0.228869
v 406.091 23.0652 -99.6471
vt -8.11795 0.222025
v 408.376 21.9396 -99.6454
vt -8.16361 0.210752
v 411.2 20.5486 -99.6434
vt -8.22004 0.196822
v 414.203 19.0692 -99.6412
vt -8.28005 0.182006
v 417.027 17.6782 -99.6392
vt -8.33647 0.168076
v 419.312 16.5526 -99.6375
vt -8.38213 0.156803
v 420.699 15.8692 -99.6365
vt -8.40985 0.149959
v 420.985 15.7265 -99.6363
vt -8.41556 0.148531
v 421.058 15.6664 -99.6363
vt -8.41703 0.147929
v 421.115 15.5887 -99.6362
vt -8.41817 0.147151
v 421.155 15.4964 -99.6362
vt -8.41897 0.146228
v 421.178 15.3926 -99.6362
vt -8.41943 0.145189
v 421.184 15.2801 -99.6362
vt -8.41953 0.144064
v 421.171 15.1619 -99.6362
vt -8.41927 0.142883
v 421.139 15.0412 -99.6362
vt -8.41863 0.141676
v 421.097 14.94 -99.6362
vt -8.41779 0.140664
v 421.024 14.7895 -99.6363
vt -8.41634 0.13916
v 420.871 14.4701 -99.6364
vt -8.41327 0.135967
v 420.664 14.04 -99.6366
vt -8.40913 0.131667
v 420.432 13.5575 -99.6367
vt -8.40449 0.126844
v 420.203 13.0808 -99.6369
vt -8.3999 0.122079
v 420.005 12.6682 -99.637
vt -8.39593 0.117954
v 419.865 12.3779 -99.6371
vt -8.39314 0.115052
v 419.812 12.2682 -99.6372
vt -8.39208 0.113956
v 420.199 12.079 -99.6369
vt -8.39981 0.11206
v 421.224 11.5778 -99.6362
vt -8.42029 0.107041
v 422.682 10.8645 -99.6351
vt -8.44943 0.0998983
v 424.37 10.039 -99.6339
vt -8.48316 0.0916306
v 426.084 9.20096 -99.6326
vt -8.5174 0.0832379
v 427.619 8.45026 -99.6315
vt -8.54807 0.0757199
v 428.771 7.88672 -99.6307
vt -8.5711 0.0700762
v 429.336 7.61015 -99.6303
vt -8.5824 0.0673064
v 429.36 7.53294 -99.6303
vt -8.58286 0.0665341
v 429.35 7.27606 -99.6303
vt -8.58267 0.0639654
v 429.336 6.87839 -99.6303
vt -8.58237 0.0599888
v 429.318 6.39921 -99.6303
vt -8.58201 0.0551971
v 429.3 5.89781 -99.6303
vt -8.58164 0.0501832
v 429.282 5.43345 -99.6303
vt -8.58129 0.0455398
v 429.269 5.06542 -99.6303
vt -8.58101 0.0418596
v 429.261 4.853 -99.6304
vt -8.58085 0.0397355
v 429.227 4.42865 -99.6304
vt -8.58015 0.0354922
v 429.052 3.67578 -99.6305
vt -8.57667 0.0279647
v 428.748 2.98388 -99.6307
vt -8.57056 0.0210479
v 428.326 2.36668 -99.631
vt -8.56212 0.014879
v 427.802 1.83789 -99.6314
vt -8.55164 0.00959485
v 427.19 1.41123 -99.6318
vt -8.5394 0.00533266
v 426.504 1.10041 -99.6323
vt -8.52568 0.00222947
v 425.758 0.919164 -99.6329
vt -8.51076 0.000422345
v 424.783 0.876226 -99.6336
vt -8.49128 8.86579e-11
v 424.78 4.93124 -99.6336
vt -8.49128 0.0405501
v 421.914 4.92917 -99.6357
vt -8.43399 0.0405501
v 421.917 0.874158 -99.6357
vt -8.43399 8.86579e-11
v 412.136 0.867102 -99.6427
vt -8.23846 -4.84993e-34
v 390.445 0.851453 -99.6584
vt -7.80485 9.74219e-12
v 390.436 12.8759 -99.6584
vt -7.80485 0.120245
v 387.57 12.8738 -99.6604
vt -7.74756 0.120245
v 387.579 0.849385 -99.6604
vt -7.74756 1.10128e-11
v 386.74 0.84878 -99.661
vt -7.7308 1.14008e-11
v 352.91 0.824373 -99.6854
vt -7.05454 2.65934e-11
v 341.08 0.815838 -99.694
vt -6.81806 8.86579e-11
v 341.069 15.6214 -99.694
vt -6.81806 0.148056
v 338.169 15.6193 -99.6961
vt -6.76008 0.148056
v 338.18 0.813746 -99.6961
vt -6.76008 8.86579e-11
v 315.145 0.797127 -99.7127
vt -6.2996 4.35511e-11
v 291.03 0.77973 -99.7301
vt -5.81755 1.22851e-11
v 291.002 38.7754 -99.7301
vt -5.81755 0.379957
v 288.102 38.7733 -99.7322
vt -5.75958 0.379957
v 288.13 0.777637 -99.7322
vt -5.75958 1.35846e-11
v 277.941 0.770287 -99.7395
vt -5.55591 6.02561e-11
v 245.798 0.747097 -99.7627
vt -4.91337 7.46872e-11
v 241.024 0.743653 -99.7662
vt -4.81793 8.86579e-11
v 241.013 15.5492 -99.7662
vt -4.81793 0.148056
v 238.113 15.5471 -99.7683
vt -4.75996 0.148056
v 238.124 0.741561 -99.7683
vt -4.75996 8.86579e-11
v 223.214 0.730804 -99.779
vt -4.4619 8.48282e-11
v 214.686 0.724651 -99.7852
vt -4.29143 8.86597e-11
v 206.158 0.718499 -99.7913
vt -4.12096 8.86597e-11
v 191.282 0.707767 -99.802
vt -3.8236 8.86579e-11
v 191.272 15.5133 -99.8021
vt -3.8236 0.148056
v 188.372 15.5112 -99.8041
vt -3.76563 0.148056
v 188.382 0.705675 -99.8041
vt -3.76563 8.86579e-11
v 183.574 0.702205 -99.8076
vt -3.6695 8.86597e-11
v 151.431 0.679016 -99.8308
vt -3.02696 8.86597e-11
v 141.242 0.671665 -99.8381
vt -2.82329 4.65723e-11
v 141.215 38.6673 -99.8382
vt -2.82329 0.379957
v 138.315 38.6652 -99.8403
vt -2.76532 0.379957
v 138.342 0.669573 -99.8402
vt -2.76532 4.65723e-11
v 114.227 0.652175 -99.8576
vt -2.28326 8.86597e-11
v 91.2264 0.635581 -99.8742
vt -1.82348 8.86579e-11
v 91.2157 15.4411 -99.8742
vt -1.82348 0.148056
v 88.3157 15.439 -99.8763
vt -1.76551 0.148056
v 88.3264 0.633489 -99.8763
vt -1.76551 8.86579e-11
v 76.4614 0.624929 -99.8849
vt -1.52832 8.86597e-11
v 42.6316 0.600523 -99.9093
vt -0.852066 8.86597e-11
v 41.793 0.599918 -99.9099
vt -0.835304 8.86579e-11
v 41.7844 12.6244 -99.9099
vt -0.835304 0.120245
v 38.9183 12.6223 -99.912
vt -0.778012 0.120245
v 38.927 0.59785 -99.912
vt -0.778012 8.86579e-11
v 17.2357 0.582201 -99.9276
vt -0.344403 8.86597e-11
v 9.36015 0.576519 -99.9333
vt -0.18697 8.86579e-11
v 9.35722 4.63153 -99.9333
vt -0.18697 0.0405501
v 6.49118 4.62946 -99.9354
vt -0.129678 0.0405501
v 6.49411 0.574451 -99.9354
vt -0.129678 8.86579e-11
v 4.77212 0.573209 -99.9366
vt -0.0952555 8.86597e-11
v 3.6138 0.614608 -99.9374
v 2.86759 0.794782 -99.938
v 2.18097 1.10461 -99.9385
v 1.56816 1.53038 -99.9389
v 1.04342 2.05842 -99.9393
v 0.620979 2.67501 -99.9396
v 0.315088 3.36647 -99.9398
v 0.139984 4.11909 -99.9399
v 0.104805 4.54339 -99.94
v 0.0966699 4.7558 -99.94
v 0.0825745 5.1238 -99.94
v 0.0647896 5.58814 -99.94
v 0.0455858 6.08951 -99.94
v 0.0272334 6.56867 -99.94
v 0.0120028 6.96631 -99.94
v 0.00216435 7.22318 -99.94
vt -3.22583e-37 0.0665341
v 0.0254481 7.30042 -99.94
v 0.590534 7.57781 -99.9396
v 1.74195 8.14301 -99.9388
v 3.27576 8.89592 -99.9377
v 4.98801 9.73643 -99.9364
v 6.67477 10.5644 -99.9352
v 8.1321 11.2798 -99.9342
v 9.15605 11.7824 -99.9334
v 9.54269 11.9722 -99.9332
v 9.4898 12.0818 -99.9332
v 9.34987 12.3719 -99.9333
v 9.15096 12.7842 -99.9334
v 8.92116 13.2606 -99.9336
v 8.68856 13.7428 -99.9338
v 8.48123 14.1726 -99.9339
v 8.32725 14.4918 -99.934
v 8.25471 14.6421 -99.9341
v 8.21267 14.7433 -99.9341
v 8.18045 14.864 -99.9341
v 8.16717 14.9821 -99.9342
v 8.17226 15.0946 -99.9341
v 8.19519 15.1985 -99.9341
v 8.23541 15.2909 -99.9341
v 8.29236 15.3686 -99.9341
v 8.36551 15.4289 -99.934
v 8.65107 15.5719 -99.9338
v 10.0373 16.2573 -99.9328
v 12.3207 17.3862 -99.9312
v 15.1423 18.7813 -99.9291
v 18.1433 20.265 -99.927
v 20.9649 21.6601 -99.9249
v 23.2482 22.789 -99.9233
v 24.6345 23.4744 -99.9223
v 24.9166 23.612 -99.9221
v 24.9995 23.6354 -99.922
v 25.0916 23.6455 -99.9219
v 25.1909 23.6423 -99.9219
v 25.2958 23.6259 -99.9218
v 25.4044 23.5962 -99.9217
v 25.5149 23.5531 -99.9216
v 25.6254 23.4966 -99.9216
v 25.7152 23.4369 -99.9215
v 25.7941 23.2825 -99.9214
v 25.9617 22.9548 -99.9213
v 26.1873 22.5136 -99.9212
v 26.4404 22.0186 -99.921
v 26.6905 21.5295 -99.9208
v 26.9069 21.1062 -99.9206
v 27.0592 20.8084 -99.9205
v 27.1167 20.6959 -99.9205
v 45.5888 30.1491 -99.9072
vt -0.911608 0.295464
v 45.5888 50.2317 -99.9072
vt -0.911898 0.496291
v 45.4735 50.2317 -99.9072
vt -0.909591 0.496291
v 45.1682 50.2314 -99.9075
vt -0.903489 0.496291
v 44.7343 50.2311 -99.9078
vt -0.894815 0.496291
v 44.233 50.2308 -99.9081
vt -0.884794 0.496291
v 43.7255 50.2304 -99.9085
vt -0.87465 0.496291
v 43.2732 50.2301 -99.9088
vt -0.865609 0.496291
v 42.9373 50.2298 -99.9091
vt -0.858894 0.496291
v 42.7791 50.2297 -99.9092
vt -0.85573 0.496291
v 42.7199 50.2339 -99.9092
vt -0.854547 0.496333
v 42.6559 50.2506 -99.9093
vt -0.853269 0.4965
v 42.5975 50.2786 -99.9093
vt -0.852101 0.49678
v 42.5458 50.3167 -99.9094
vt -0.851069 0.497162
v 42.5022 50.3636 -99.9094
vt -0.850197 0.497632
v 42.4679 50.4181 -99.9094
vt -0.849513 0.498177
v 42.4442 50.4789 -99.9094
vt -0.84904 0.498785
v 42.4324 50.5446 -99.9094
vt -0.848805 0.499442
v 42.4311 50.7974 -99.9094
vt -0.848784 0.50197
v 42.4302 52.0374 -99.9094
vt -0.848784 0.51437
v 42.4288 54.0799 -99.9094
vt -0.848784 0.534795
v 42.4269 56.6038 -99.9094
vt -0.848784 0.560034
v 42.425 59.2882 -99.9094
vt -0.848784 0.586879
v 42.4232 61.8122 -99.9094
vt -0.848784 0.612118
v 42.4217 63.8547 -99.9094
vt -0.848784 0.632543
v 42.4208 65.0947 -99.9094
vt -0.848784 0.644943
v 42.4219 65.3522 -99.9094
vt -0.848809 0.647518
v 42.4356 65.4293 -99.9094
vt -0.849084 0.648289
v 42.4633 65.5006 -99.9094
vt -0.849638 0.649002
v 42.5034 65.5645 -99.9094
vt -0.850441 0.649641
v 42.5545 65.6196 -99.9093
vt -0.851463 0.650191
v 42.615 65.6644 -99.9093
vt -0.852673 0.650639
v 42.6835 65.6973 -99.9093
vt -0.854043 0.650967
v 42.7584 65.7169 -99.9092
vt -0.855541 0.651163
v 42.8268 65.722 -99.9091
vt -0.856909 0.651213
v 42.9818 65.7221 -99.909
vt -0.860006 0.651213
v 43.3106 65.7223 -99.9088
vt -0.86658 0.651213
v 43.7534 65.7226 -99.9085
vt -0.875432 0.651213
v 44.2502 65.723 -99.9081
vt -0.885362 0.651213
v 44.741 65.7233 -99.9078
vt -0.895173 0.651213
v 45.1658 65.7236 -99.9075
vt -0.903665 0.651213
v 45.4647 65.7239 -99.9072
vt -0.90964 0.651213
v 45.5776 65.7239 -99.9072
vt -0.911898 0.651213
v 45.5784 69.3761 -99.9072
vt -0.911966 0.687734
f 2801/3434/2153 2802/3433/2153 2836/3432/2153 2835/3431/2153 2523/3430/2153 2525/12998/2153 6098/12999/2153 6099/13000/2153 6100/13001/2153 6101/13002/2153 6102/13003/2153 6103/13004/2153 6104/13005/2153 6105/13006/2153 6106/13007/2153 6107/13008/2153 6108/13009/2153 6109/13010/2153 6110/13011/2153 6111/13012/2153 6112/13013/2153 6113/13014/2153 6114/13015/2153 6115/13016/2153 6116/13017/2153 6117/13018/2153 6118/13019/2153 6119/13020/2153 6120/13021/2153 6121/13022/2153 6122/13023/2153 6123/13024/2153 6124/13025/2153 6125/13026/2153 6126/13027/2153 6127/13028/2153 6128/13029/2153 6129/13030/2153 6130/13031/2153 6131/13032/2153 6132/13033/2153 6133/13034/2153 6134/13035/2153 6135/13036/2153 6136/13037/2153 6137/13038/2153 6138/13039/2153 6139/13040/2153 6140/13041/2153 6141/13042/2153 6142/13043/2153 6143/13044/2153 6144/13045/2153 6145/13046/2153 6146/13047/2153 6147/13048/2153 6148/13049/2153 6149/13050/2153 6150/13051/2153 6151/13052/2153 6152/13053/2153 6153/13054/2153 6154/13055/2153 6155/13056/2153 6156/13057/2153 6157/13058/2153 6158/13059/2153 6159/13060/2153 6160/13061/2153 6161/13062/2153 6162/13063/2153 6163/13064/2153 6164/13065/2153 6165/13066/2153 6166/13067/2153 6167/13068/2153 6168/13069/2153 6169/13070/2153 6170/13071/2153 6171/13072/2153 6172/13073/2153 6173/13074/2153 6174/13075/2153 6175/13076/2153 6176/13077/2153 6177/13078/2153 6178/13079/2153 6179/13080/2153 6180/13081/2153 6181/13082/2153 6182/13083/2153 6183/13084/2153 6184/13085/2153 6185/13086/2153 6186/13087/2153 6187/13088/2153 6188/13089/2153 6189/13090/2153 6190/13091/2153 6191/13092/2153 6192/13093/2153 6193/13094/2153 6194/13095/2153 6195/13096/2153 6196/13097/2153 6197/13098/2153 6198/13099/2153 6199/13100/2153 6200/13101/2153 6201/13102/2153 6202/13103/2153 6203/13104/2153 6204/13105/2153 6205/13106/2153 6206/13107/2153 6207/13108/2153 6208/13109/2153 6209/13110/2153 6210/13111/2153 6211/13112/2153 6212/13113/2153 6213/13114/2153 6214/13115/2153 6215/13116/2153 6216/13117/2153 6217/13118/2153 6218/13119/2153 6219/13120/2153 6220/13121/2153 6221/13122/2153 6222/13123/2153 6223/13124/2153 6224/13125/2153 6225/13126/2153 6226/13127/2153 6227/13128/2153 6228/13129/2153 6229/13130/2153 6230/13131/2153 6231/13132/2153 6232/13133/2153 6233/13134/2153 6234/13135/2153 6235/13136/2153 6236/13137/2153 6237/13138/2153 6238/13139/2153 6239/13140/2153 6240/13141/2153 6241/13142/2153 6242/13143/2153 6243/13144/2153 6244/13145/2153 6245/13146/2153 6246/13147/2153 6247/13148/2153 6248/13149/2153 6249/13150/2153 6250/13151/2153 6251/13152/2153 6252/13153/2153 6253/13154/2153 6254/13155/2153 6255/13156/2153 6256/13157/2153 6257/13158/2153 6258/13159/2153 6259/13160/2153 6260/13161/2153 6261/13162/2153 6262/13163/2153 6263/1123/2153 6264/1124/2153 6265/1125/2153 6266/1126/2153 6267/1127/2153 6268/1128/2153 6269/1129/2153 6270/1130/2153 6271/1131/2153 6272/1132/2153 6273/1133/2153 6274/1134/2153 6275/1135/2153 6276/1136/2153 6277/1137/2153 6278/13164/2153 6279/1138/2153 6280/1139/2153 6281/1140/2153 6282/1141/2153 6283/1142/2153 6284/1143/2153 6285/1144/2153 6286/1145/2153 6287/1146/2153 6288/1147/2153 6289/1148/2153 6290/1149/2153 6291/1150/2153 6292/1151/2153 6293/1152/2153 6294/1153/2153 6295/1154/2153 6296/1155/2153 6297/1156/2153 6298/1157/2153 6299/1158/2153 6300/1159/2153 6301/1160/2153 6302/1161/2153 6303/1162/2153 6304/1163/2153 6305/1164/2153 6306/1165/2153 6307/1166/2153 6308/1167/2153 6309/1168/2153 6310/1169/2153 6311/1170/2153 6312/1171/2153 6313/1172/2153 6314/1173/2153 6315/1174/2153 6316/1175/2153 6317/1176/2153 6318/1177/2153 6319/1178/2153 6320/1179/2153 6321/1180/2153 6322/1181/2153 6323/1182/2153 6324/1183/2153 6325/1184/2153 6326/1185/2153 6327/1186/2153 6328/1187/2153 6329/13165/2153 6330/13166/2153 6331/13167/2153 6332/13168/2153 6333/13169/2153 6334/13170/2153 6335/13171/2153 6336/13172/2153 6337/13173/2153 6338/13174/2153 6339/13175/2153 6340/13176/2153 6341/13177/2153 6342/13178/2153 6343/13179/2153 6344/13180/2153 6345/13181/2153 6346/13182/2153 6347/13183/2153 6348/13184/2153 6349/13185/2153 6350/13186/2153 6351/13187/2153 6352/13188/2153 6353/13189/2153 6354/13190/2153 6355/13191/2153 6356/13192/2153 6357/13193/2153 6358/13194/2153 6359/13195/2153 6360/13196/2153 6361/13197/2153 6362/13198/2153 6363/13199/2153 6364/13200/2153 6365/13201/2153 6366/13202/2153 6367/13203/2153 6368/13204/2153 6369/13205/2153 6370/13206/2153 6371/13207/2153 6372/13208/2153 

vt 1.29461 0.03
vt 1.29461 5.63993e-17
vt 1.36762 5.63993e-17
f 2524/2977/424 2800/13209/424 6098/13210/424 2525/13211/424 

vt -7.67097 0.03
vt -7.67323 0.03
vt -7.67323 5.63993e-17
vt -7.67097 5.63993e-17
f 2800/13212/260 2799/13213/260 6099/13214/260 6098/13215/260 

vt -7.6792 0.03
vt -7.6792 5.63993e-17
f 2799/13213/260 2798/13216/260 6100/13217/260 6099/13214/260 

vt -7.68769 0.03
vt -7.68769 5.63993e-17
f 2798/13216/260 2797/13218/260 6101/13219/260 6100/13217/260 

vt -7.6975 0.03
vt -7.6975 5.63993e-17
f 2797/13218/260 2796/13220/260 6102/13221/260 6101/13219/260 

vt -7.70743 0.03
vt -7.70743 5.63993e-17
f 2796/13220/260 2795/13222/260 6103/13223/260 6102/13221/260 

vt -7.71628 0.03
vt -7.71628 5.63993e-17
f 2795/13222/260 2794/13224/260 6104/13225/260 6103/13223/260 

vt -7.72286 0.03
vt -7.72286 5.63993e-17
f 2794/13224/260 2793/13226/260 6105/13227/260 6104/13225/260 

vt -7.72596 0.03
vn 0.0357865 0.999359 2.58182e-05
vt -7.72596 5.63993e-17
f 2793/13226/260 2792/13228/2154 6106/13229/2154 6105/13227/260 

vt -7.61038 0.03
vt -7.61175 0.03
vn 0.162519 0.986705 0.000117249
vt -7.61175 5.63993e-17
vt -7.61038 5.63993e-17
f 2792/13230/2154 2791/13231/2155 6107/13232/2155 6106/13233/2154 

vt -7.14944 0.03
vt -7.15098 0.03
vn 0.343321 0.939218 0.000247689
vt -7.15098 5.63993e-17
vt -7.14944 5.63993e-17
f 2791/13234/2155 2790/13235/2156 6108/13236/2156 6107/13237/2155 

vt -6.40493 0.03
vt -6.40645 0.03
vn 0.515043 0.857164 0.000371578
vt -6.40645 5.63993e-17
vt -6.40493 5.63993e-17
f 2790/13238/2156 2789/13239/2157 6109/13240/2157 6108/13241/2156 

vt -5.4456 0.03
vt -5.4471 0.03
vn 0.665875 0.746064 0.000480395
vt -5.4471 5.63993e-17
vt -5.4456 5.63993e-17
f 2789/13242/2157 2788/13243/2158 6110/13244/2158 6109/13245/2157 

vt -4.3068 0.03
vt -4.3083 0.03
vn 0.792864 0.609399 0.000572012
vt -4.3083 5.63993e-17
vt -4.3068 5.63993e-17
f 2788/13246/2158 2787/13247/2159 6111/13248/2159 6110/13249/2158 

vt -3.01454 0.03
vt -3.01604 0.03
vn 0.893055 0.449947 0.000644295
vt -3.01604 5.63993e-17
vt -3.01454 5.63993e-17
f 2787/13250/2159 2786/13251/2160 6112/13252/2160 6111/13253/2159 

vt -1.59411 0.03
vt -1.59564 0.03
vn 0.962545 0.271119 0.000694429
vt -1.59564 5.63993e-17
vt -1.59411 5.63993e-17
f 2786/13254/2160 2785/13255/2161 6113/13256/2161 6112/13257/2160 

vt -0.083934 0.03
vt -0.0854998 0.03
vn 0.995812 0.0914198 0.000718429
vt -0.0854998 5.63993e-17
vt -0.083934 5.63993e-17
f 2785/13258/2161 2784/13259/2162 6114/13260/2162 6113/13261/2161 

vt 1.25629 0.03
vt 1.25115 0.03
vn 0.999995 0.0031832 0.000721447
vt 1.25115 5.63993e-17
vt 1.25629 5.63993e-17
f 2784/13262/2162 2783/13263/2163 6115/13264/2163 6114/13265/2162 

vt 1.28924 0.03
vt 1.26445 5.63993e-17
vt 1.28924 5.63993e-17
f 2783/13266/2163 2782/6463/423 6116/13267/423 6115/13268/2163 

vt 1.22362 0.03
vt 1.22362 5.63993e-17
f 2782/6463/423 2781/13269/423 6117/13270/423 6116/13267/423 

vt 1.17317 0.03
vt 1.17317 5.63993e-17
f 2781/13269/423 2780/13271/423 6118/13272/423 6117/13270/423 

vt 1.11951 0.03
vt 1.11951 5.63993e-17
f 2780/13271/423 2779/13273/423 6119/13274/423 6118/13272/423 

vt 1.06906 0.03
vt 1.06906 5.63993e-17
f 2779/13273/423 2778/13275/423 6120/13276/423 6119/13274/423 

vt 1.02823 0.03
vt 1.02823 5.63993e-17
f 2778/13275/423 2777/13277/423 6121/13278/423 6120/13276/423 

vt 1.00344 0.03
vn 0.999999 -0.00141756 0.000721449
vt 1.00344 5.63993e-17
f 2777/13277/423 2776/13279/2164 6122/13280/2164 6121/13278/423 

vt 1.03651 0.03
vt 1.03146 0.03
vn 0.995972 -0.0896614 0.000718544
vt 1.03146 5.63993e-17
vt 1.03651 5.63993e-17
f 2776/13281/2164 2775/13282/2165 6123/13283/2165 6122/13284/2164 

vt 2.34256 0.03
vt 2.34123 0.03
vn 0.962936 -0.26973 0.00069471
vt 2.34123 5.63993e-17
vt 2.34256 5.63993e-17
f 2775/13285/2165 2774/13286/2166 6124/13287/2166 6123/13288/2165 

vt 3.7327 0.03
vt 3.7314 0.03
vn 0.893703 -0.448658 0.000644763
vt 3.7314 5.63993e-17
vt 3.7327 5.63993e-17
f 2774/13289/2166 2773/13290/2167 6125/13291/2167 6124/13292/2166 

vt 4.95779 0.03
vt 4.9565 0.03
vn 0.793742 -0.608254 0.000572645
vt 4.9565 5.63993e-17
vt 4.95779 5.63993e-17
f 2773/13293/2167 2772/13294/2168 6126/13295/2168 6125/13296/2167 

vt 5.98943 0.03
vt 5.98815 0.03
vn 0.66695 -0.745102 0.000481172
vt 5.98815 5.63993e-17
vt 5.98943 5.63993e-17
f 2772/13297/2168 2771/13298/2169 6127/13299/2169 6126/13300/2168 

vt 6.80996 0.03
vt 6.80867 0.03
vn 0.516279 -0.85642 0.00037247
vt 6.80867 5.63993e-17
vt 6.80996 5.63993e-17
f 2771/13301/2169 2770/13302/2170 6128/13303/2170 6127/13304/2169 

vt 7.39937 0.03
vt 7.39807 0.03
vn 0.344676 -0.938722 0.000248667
vt 7.39807 5.63993e-17
vt 7.39937 5.63993e-17
f 2770/13305/2170 2769/13306/2171 6129/13307/2171 6128/13308/2170 

vt 7.7301 0.03
vt 7.72878 0.03
vn 0.163448 -0.986552 0.000117919
vt 7.72878 5.63993e-17
vt 7.7301 5.63993e-17
f 2769/13309/2171 2768/13310/2172 6130/13311/2172 6129/13312/2171 

vt 7.77968 0.03
vt 7.7785 0.03
vn 0.0367276 -0.999325 2.64972e-05
vt 7.7785 5.63993e-17
vt 7.77968 5.63993e-17
f 2768/13313/2172 2767/13314/2173 6131/13315/2173 6130/13316/2172 

vt 7.72713 0.03
vt 7.72397 0.03
vt 7.72397 5.63993e-17
vt 7.72713 5.63993e-17
f 2767/13317/2173 2766/13318/425 6132/13319/425 6131/13320/2173 

vt 7.71726 0.03
vt 7.71726 5.63993e-17
f 2766/13318/425 2765/13321/425 6133/13322/425 6132/13319/425 

vt 7.70821 0.03
vt 7.70821 5.63993e-17
f 2765/13321/425 2764/13323/425 6134/13324/425 6133/13322/425 

vt 7.69807 0.03
vt 7.69807 5.63993e-17
f 2764/13323/425 2763/13325/425 6135/13326/425 6134/13324/425 

vt 7.68805 0.03
vt 7.68805 5.63993e-17
f 2763/13325/425 2762/13327/425 6136/13328/425 6135/13326/425 

vt 7.67938 0.03
vt 7.67938 5.63993e-17
f 2762/13327/425 2761/13329/425 6137/13330/425 6136/13328/425 

vt 7.67327 0.03
vt 7.67327 5.63993e-17
f 2761/13329/425 2760/13331/425 6138/13332/425 6137/13330/425 

vt 7.67097 0.03
vt 7.67097 5.63993e-17
f 2760/13331/425 2759/13333/425 6139/13334/425 6138/13332/425 

vt 0.986551 0.03
vn 0.999999 0.0014429 0.000721449
vt 0.585098 0.03
vt 0.585098 5.63993e-17
vt 0.986551 5.63993e-17
f 2759/13335/2174 2758/13336/2174 6140/13337/2174 6139/13338/2174 

vt -6.5628 0.03
vn 0.45428 0.890859 0.000327741
vt -6.9776 0.03
vt -6.9776 5.63993e-17
vt -6.5628 5.63993e-17
f 2758/13339/2175 2757/13340/2175 6141/13341/2175 6140/13342/2175 

vt -4.0133 0.03
vn -0.891022 0.45396 -0.000642828
vt -4.01583 0.03
vt -4.01583 5.63993e-17
vt -4.0133 5.63993e-17
f 2757/13343/2176 2756/13344/2176 6142/13345/2176 6141/13346/2176 

vt -4.02251 0.03
vt -4.02251 5.63993e-17
f 2756/13344/2176 2755/13347/2176 6143/13348/2176 6142/13345/2176 

vt -4.03202 0.03
vt -4.03202 5.63993e-17
f 2755/13347/2176 2754/13349/2176 6144/13350/2176 6143/13348/2176 

vt -4.043 0.03
vt -4.043 5.63993e-17
f 2754/13349/2176 2753/13351/2176 6145/13352/2176 6144/13350/2176 

vt -4.05411 0.03
vt -4.05411 5.63993e-17
f 2753/13351/2176 2752/13353/2176 6146/13354/2176 6145/13352/2176 

vt -4.06402 0.03
vt -4.06402 5.63993e-17
f 2752/13353/2176 2751/13355/2176 6147/13356/2176 6146/13354/2176 

vt -4.07137 0.03
vt -4.07137 5.63993e-17
f 2751/13355/2176 2750/13357/2176 6148/13358/2176 6147/13356/2176 

vt -4.07484 0.03
vt -4.07484 5.63993e-17
f 2750/13357/2176 2749/13359/2176 6149/13360/2176 6148/13358/2176 

vt -6.96996 0.03
vn -0.55467 0.83207 -0.000400167
vt -6.97211 0.03
vn -0.50626 0.862381 -0.000365241
vt -6.97211 5.63993e-17
vt -6.96996 5.63993e-17
f 2749/13361/2177 2748/13362/2178 6150/13363/2178 6149/13364/2177 

vt -7.39296 0.03
vt -7.39544 0.03
vn -0.411026 0.911623 -0.000296535
vt -7.39544 5.63993e-17
vt -7.39296 5.63993e-17
f 2748/13365/2178 2747/13366/2179 6151/13367/2179 6150/13368/2178 

vt -7.68554 0.03
vt -7.68791 0.03
vn -0.315683 0.948865 -0.00022775
vt -7.68791 5.63993e-17
vt -7.68554 5.63993e-17
f 2747/13369/2179 2746/13370/2180 6152/13371/2180 6151/13372/2179 

vt -7.90805 0.03
vt -7.91031 0.03
vn -0.211288 0.977424 -0.000152434
vt -7.91031 5.63993e-17
vt -7.90805 5.63993e-17
f 2746/13373/2180 2745/13374/2181 6153/13375/2181 6152/13376/2180 

vt -8.05036 0.03
vt -8.05248 0.03
vn -0.0948153 0.995495 -6.84045e-05
vt -8.05248 5.63993e-17
vt -8.05036 5.63993e-17
f 2745/13377/2181 2744/13378/2182 6154/13379/2182 6153/13380/2181 

vt -8.08978 0.03
vt -8.09177 0.03
vn 0.037512 0.999296 2.7063e-05
vt -8.09177 5.63993e-17
vt -8.08978 5.63993e-17
f 2744/13381/2182 2743/13382/2183 6155/13383/2183 6154/13384/2182 

vt -7.98325 0.03
vt -7.9851 0.03
vn 0.189438 0.981893 0.00013667
vt -7.9851 5.63993e-17
vt -7.98325 5.63993e-17
f 2743/13385/2183 2742/13386/2184 6156/13387/2184 6155/13388/2183 

vt -7.65722 0.03
vt -7.65895 0.03
vn 0.354806 0.93494 0.000255975
vt -7.65895 5.63993e-17
vt -7.65722 5.63993e-17
f 2742/13389/2184 2741/13390/2185 6157/13391/2185 6156/13392/2184 

vt -7.06758 0.03
vt -7.07385 0.03
vn 0.439483 0.898251 0.000317065
vt -7.07385 5.63993e-17
vt -7.06758 5.63993e-17
f 2741/13393/2185 2740/13394/2186 6158/13395/2186 6157/13396/2185 

vt -7.05235 0.03
vt -7.08326 0.03
vn 0.441913 0.897058 0.000318818
vt -7.08326 5.63993e-17
vt -7.05235 5.63993e-17
f 2740/13397/2186 2739/13398/2187 6159/13399/2187 6158/13400/2186 

vt -7.13418 0.03
vt -7.13418 5.63993e-17
f 2739/13398/2187 2738/13401/2187 6160/13402/2187 6159/13399/2187 

vt -7.1971 0.03
vt -7.1971 5.63993e-17
f 2738/13401/2187 2737/13403/2187 6161/13404/2187 6160/13402/2187 

vt -7.26402 0.03
vt -7.26402 5.63993e-17
f 2737/13403/2187 2736/13405/2187 6162/13406/2187 6161/13404/2187 

vt -7.32694 0.03
vt -7.32694 5.63993e-17
f 2736/13405/2187 2735/13407/2187 6163/13408/2187 6162/13406/2187 

vt -7.37786 0.03
vt -7.37786 5.63993e-17
f 2735/13407/2187 2734/13409/2187 6164/13410/2187 6163/13408/2187 

vt -7.40878 0.03
vn 0.444249 0.895903 0.000320504
vt -7.40878 5.63993e-17
f 2734/13409/2187 2733/13411/2188 6165/13412/2188 6164/13410/2187 

vt -7.38788 0.03
vt -7.39426 0.03
vn 0.543959 0.839112 0.000392439
vt -7.39426 5.63993e-17
vt -7.38788 5.63993e-17
f 2733/13413/2188 2732/13414/2189 6166/13415/2189 6165/13416/2188 

vt -6.31221 0.03
vt -6.31411 0.03
vn 0.725886 0.687815 0.000523691
vt -6.31411 5.63993e-17
vt -6.31221 5.63993e-17
f 2732/13417/2189 2731/13418/2190 6167/13419/2190 6166/13420/2189 

vt -4.73931 0.03
vt -4.74124 0.03
vn 0.866403 0.499344 0.000625067
vt -4.74124 5.63993e-17
vt -4.73931 5.63993e-17
f 2731/13421/2190 2730/13422/2191 6168/13423/2191 6167/13424/2190 

vt -3.09719 0.03
vt -3.09921 0.03
vn 0.950674 0.31019 0.000685864
vt -3.09921 5.63993e-17
vt -3.09719 5.63993e-17
f 2730/13425/2191 2729/13426/2192 6169/13427/2192 6168/13428/2191 

vt -1.5345 0.03
vt -1.53663 0.03
vn 0.991214 0.132264 0.000715112
vt -1.53663 5.63993e-17
vt -1.5345 5.63993e-17
f 2729/13429/2192 2728/13430/2193 6170/13431/2193 6169/13432/2192 

vt -0.0970277 0.03
vt -0.099279 0.03
vn 0.999489 -0.0319409 0.000721082
vt -0.099279 5.63993e-17
vt -0.0970277 5.63993e-17
f 2728/13433/2193 2727/13434/2194 6171/13435/2194 6170/13436/2193 

vt 1.22146 0.03
vt 1.21908 0.03
vn 0.98294 -0.183926 0.000709142
vt 1.21908 5.63993e-17
vt 1.22146 5.63993e-17
f 2727/13437/2194 2726/13438/2195 6172/13439/2195 6171/13440/2194 

vt 2.44118 0.03
vt 2.43868 0.03
vn 0.947355 -0.320184 0.00068347
vt 2.43868 5.63993e-17
vt 2.44118 5.63993e-17
f 2726/13441/2195 2725/13442/2196 6173/13443/2196 6172/13444/2195 

vt 3.48716 0.03
vt 3.48497 0.03
vn 0.912985 -0.407992 0.000658674
vt 3.48497 5.63993e-17
vt 3.48716 5.63993e-17
f 2725/13445/2196 2724/13446/2197 6174/13447/2197 6173/13448/2196 

vt 3.90532 0.03
vt 3.90198 0.03
vn 0.901303 -0.43319 0.000650245
vt 3.90198 5.63993e-17
vt 3.90532 5.63993e-17
f 2724/13449/2197 2723/13450/2198 6175/13451/2198 6174/13452/2197 

vt 3.8949 0.03
vt 3.8949 5.63993e-17
f 2723/13450/2198 2722/13453/2198 6176/13454/2198 6175/13451/2198 

vt 3.88536 0.03
vt 3.88536 5.63993e-17
f 2722/13453/2198 2721/13455/2198 6177/13456/2198 6176/13454/2198 

vt 3.87466 0.03
vt 3.87466 5.63993e-17
f 2721/13455/2198 2720/13457/2198 6178/13458/2198 6177/13456/2198 

vt 3.86408 0.03
vt 3.86408 5.63993e-17
f 2720/13457/2198 2719/13459/2198 6179/13460/2198 6178/13458/2198 

vt 3.85493 0.03
vt 3.85493 5.63993e-17
f 2719/13459/2198 2718/13461/2198 6180/13462/2198 6179/13460/2198 

vt 3.84849 0.03
vt 3.84849 5.63993e-17
f 2718/13461/2198 2717/13463/2198 6181/13464/2198 6180/13462/2198 

vt 3.84606 0.03
vt 3.84606 5.63993e-17
f 2717/13463/2198 2716/13465/2198 6182/13466/2198 6181/13464/2198 

vt -7.43583 0.03
vn 0.439354 0.898314 0.000316972
vt -7.44444 0.03
vt -7.44444 5.63993e-17
vt -7.43583 5.63993e-17
f 2716/13467/2199 2715/13468/2199 6183/13469/2199 6182/13470/2199 

vt -7.46724 0.03
vt -7.46724 5.63993e-17
f 2715/13468/2199 2714/13471/2199 6184/13472/2199 6183/13469/2199 

vt -7.4997 0.03
vt -7.4997 5.63993e-17
f 2714/13471/2199 2713/13473/2199 6185/13474/2199 6184/13472/2199 

vt -7.53726 0.03
vt -7.53726 5.63993e-17
f 2713/13473/2199 2712/13475/2199 6186/13476/2199 6185/13474/2199 

vt -7.57539 0.03
vt -7.57539 5.63993e-17
f 2712/13475/2199 2711/13477/2199 6187/13478/2199 6186/13476/2199 

vt -7.60954 0.03
vt -7.60954 5.63993e-17
f 2711/13477/2199 2710/13479/2199 6188/13480/2199 6187/13478/2199 

vt -7.63518 0.03
vt -7.63518 5.63993e-17
f 2710/13479/2199 2709/13481/2199 6189/13482/2199 6188/13480/2199 

vt -7.64777 0.03
vt -7.64777 5.63993e-17
f 2709/13481/2199 2708/13483/2199 6190/13484/2199 6189/13482/2199 

vt -2.354 0.03
vn 0.957033 0.289979 0.000690452
vt -2.35561 0.03
vn 0.991732 0.128328 0.000715485
vt -2.35561 5.63993e-17
vt -2.354 5.63993e-17
f 2708/13485/2200 2707/13486/2201 6191/13487/2201 6190/13488/2200 

vt 0.45522 0.03
vt 0.450081 0.03
vn 0.999321 -0.036832 0.000720961
vt 0.450081 5.63993e-17
vt 0.45522 5.63993e-17
f 2707/13489/2201 2706/13490/2202 6192/13491/2202 6191/13492/2201 

vt 0.442127 0.03
vt 0.442127 5.63993e-17
f 2706/13490/2202 2705/13493/2202 6193/13494/2202 6192/13491/2202 

vt 0.432541 0.03
vt 0.432541 5.63993e-17
f 2705/13493/2202 2704/13495/2202 6194/13496/2202 6193/13494/2202 

vt 0.422512 0.03
vt 0.422512 5.63993e-17
f 2704/13495/2202 2703/13497/2202 6195/13498/2202 6194/13496/2202 

vt 0.413223 0.03
vt 0.413223 5.63993e-17
f 2703/13497/2202 2702/13499/2202 6196/13500/2202 6195/13498/2202 

vt 0.405861 0.03
vt 0.405861 5.63993e-17
f 2702/13499/2202 2701/13501/2202 6197/13502/2202 6196/13500/2202 

vt 0.401612 0.03
vn 0.998256 -0.0590253 0.000720192
vt 0.401612 5.63993e-17
f 2701/13501/2202 2700/13503/2203 6198/13504/2203 6197/13502/2202 

vt 0.782008 0.03
vt 0.773497 0.03
vn 0.988132 -0.153603 0.000712888
vt 0.773497 5.63993e-17
vt 0.782008 5.63993e-17
f 2700/13505/2203 2699/13506/2204 6199/13507/2204 6198/13508/2203 

vt 2.00739 0.03
vt 1.99194 0.03
vn 0.948887 -0.315615 0.000684575
vt 1.99194 5.63993e-17
vt 2.00739 5.63993e-17
f 2699/13509/2204 2698/13510/2205 6200/13511/2205 6199/13512/2204 

vt 3.51531 0.03
vt 3.5002 0.03
vn 0.874135 -0.485682 0.000630645
vt 3.5002 5.63993e-17
vt 3.51531 5.63993e-17
f 2698/13513/2205 2697/13514/2206 6201/13515/2206 6200/13516/2205 

vt 4.87364 0.03
vt 4.8587 0.03
vn 0.771229 -0.636558 0.000556403
vt 4.8587 5.63993e-17
vt 4.87364 5.63993e-17
f 2697/13517/2206 2696/13518/2207 6202/13519/2207 6201/13520/2206 

vt 6.05211 0.03
vt 6.03723 0.03
vn 0.643696 -0.765281 0.000464394
vt 6.03723 5.63993e-17
vt 6.05211 5.63993e-17
f 2696/13521/2207 2695/13522/2208 6203/13523/2208 6202/13524/2207 

vt 7.03033 0.03
vt 7.01541 0.03
vn 0.494267 -0.86931 0.000356589
vt 7.01541 5.63993e-17
vt 7.03033 5.63993e-17
f 2695/13525/2208 2694/13526/2209 6204/13527/2209 6203/13528/2208 

vt 7.78555 0.03
vt 7.77049 0.03
vn 0.325781 -0.945445 0.000235035
vt 7.77049 5.63993e-17
vt 7.78555 5.63993e-17
f 2694/13529/2209 2693/13530/2210 6205/13531/2210 6204/13532/2209 

vt 8.28712 0.03
vt 8.27178 0.03
vn 0.140728 -0.990048 0.000101528
vt 8.27178 5.63993e-17
vt 8.28712 5.63993e-17
f 2693/13533/2210 2692/13534/2211 6206/13535/2211 6205/13536/2210 

vt 8.50282 0.03
vt 8.48332 0.03
vn 0.0440182 -0.999031 3.17569e-05
vt 8.48332 5.63993e-17
vt 8.50282 5.63993e-17
f 2692/13537/2211 2691/13538/2212 6207/13539/2212 6206/13540/2211 

vt -1.77227e-10 0.03
vt -0.0810597 0.03
vt -0.0810597 5.63993e-17
vt -1.77227e-10 5.63993e-17
f 2691/13541/259 2690/13542/259 6208/13543/259 6207/13544/259 

vt 8.49128 0.03
vt 8.43399 0.03
vt 8.43399 5.63993e-17
vt 8.49128 5.63993e-17
f 2690/13545/425 2689/13546/425 6209/13547/425 6208/13548/425 

vt 0.0810597 0.03
vt 1.77227e-10 0.03
vt 1.77227e-10 5.63993e-17
vt 0.0810597 5.63993e-17
f 2689/13549/423 2688/13550/423 6210/13551/423 6209/13552/423 

vn 0.000721451 -1 5.20491e-07
vt 8.23846 0.03
vn 0.00072145 -1 5.20491e-07
vt 8.23846 5.63993e-17
f 2688/13546/2213 2687/13553/2214 6211/13554/2214 6210/13547/2213 

vt 7.80485 0.03
vt 7.80485 5.63993e-17
f 2687/13553/2214 2686/13555/425 6212/13556/425 6211/13554/2214 

vt -3.69972e-10 0.03
vt -0.240369 5.63993e-17
vt -3.69972e-10 5.63993e-17
f 2686/13557/259 2685/870/259 6213/13558/259 6212/13559/259 

vt 7.74756 0.03
vt 7.74756 5.63993e-17
f 2685/13555/425 2684/13560/425 6214/13561/425 6213/13556/425 

vt 3.6738e-10 0.03
vt 3.6738e-10 5.63993e-17
vt 0.240369 5.63993e-17
f 2684/874/423 2683/13562/423 6215/13563/423 6214/13564/423 

vt 7.7308 0.03
vt 7.7308 5.63993e-17
f 2683/13560/425 2682/13565/425 6216/13566/425 6215/13561/425 

vt 7.05454 0.03
vt 7.05454 5.63993e-17
f 2682/13565/425 2681/13567/425 6217/13568/425 6216/13566/425 

vt 6.81806 0.03
vn 0.000721449 -1 5.2049e-07
vt 6.81806 5.63993e-17
f 2681/13567/425 2680/13569/2215 6218/13570/2215 6217/13568/425 

vt -0.295963 0.03
vt -0.295963 5.63993e-17
f 2680/13541/259 2679/13571/259 6219/13572/259 6218/13544/259 

vt 6.76008 0.03
vt 6.76008 5.63993e-17
f 2679/13569/425 2678/13573/425 6220/13574/425 6219/13570/425 

vt 0.295963 0.03
vt 0.295963 5.63993e-17
f 2678/13575/423 2677/13550/423 6221/13551/423 6220/13576/423 

vt 6.2996 0.03
vt 6.2996 5.63993e-17
f 2677/13573/425 2676/13577/425 6222/13578/425 6221/13574/425 

vt 5.81755 0.03
vt 5.81755 5.63993e-17
f 2676/13577/425 2675/13579/425 6223/13580/425 6222/13578/425 

vt -2.8547e-10 0.03
vt -0.759534 0.03
vt -0.759534 5.63993e-17
vt -2.8547e-10 5.63993e-17
f 2675/13581/259 2674/13582/259 6224/13583/259 6223/13584/259 

vt 5.75958 0.03
vt 5.75958 5.63993e-17
f 2674/13579/425 2673/13585/425 6225/13586/425 6224/13580/425 

vt 0.759534 0.03
vt 2.86097e-10 0.03
vt 2.86097e-10 5.63993e-17
vt 0.759534 5.63993e-17
f 2673/13587/423 2672/13588/423 6226/13589/423 6225/13590/423 

vt 5.55591 0.03
vt 5.55591 5.63993e-17
f 2672/13585/425 2671/13591/425 6227/13592/425 6226/13586/425 

vt 4.91337 0.03
vt 4.91337 5.63993e-17
f 2671/13591/425 2670/13593/425 6228/13594/425 6227/13592/425 

vt 4.81793 0.03
vt 4.81793 5.63993e-17
f 2670/13593/425 2669/13595/425 6229/13596/425 6228/13594/425 

f 2669/13541/259 2668/13571/259 6230/13572/259 6229/13544/259 

vt 4.75996 0.03
vt 4.75996 5.63993e-17
f 2668/13595/425 2667/13597/425 6231/13598/425 6230/13596/425 

f 2667/13575/423 2666/13550/423 6232/13551/423 6231/13576/423 

vt 4.4619 0.03
vt 4.4619 5.63993e-17
f 2666/13597/425 2665/13599/425 6233/13600/425 6232/13598/425 

vt 4.29143 5.63993e-17
f 2665/13599/425 2664/12996/425 6234/13601/425 6233/13600/425 

vt 4.12096 0.03
vt 4.12096 5.63993e-17
f 2664/12996/425 2663/13602/425 6235/13603/425 6234/13601/425 

vt 3.8236 0.03
vt 3.8236 5.63993e-17
f 2663/13602/425 2662/13604/425 6236/13605/425 6235/13603/425 

f 2662/13541/259 2661/13571/259 6237/13572/259 6236/13544/259 

vt 3.76563 0.03
vt 3.76563 5.63993e-17
f 2661/13604/425 2660/13606/425 6238/13607/425 6237/13605/425 

f 2660/13575/423 2659/13550/423 6239/13551/423 6238/13576/423 

vt 3.6695 0.03
vt 3.6695 5.63993e-17
f 2659/13606/425 2658/13608/425 6240/13609/425 6239/13607/425 

vt 3.02696 0.03
vt 3.02696 5.63993e-17
f 2658/13608/425 2657/13610/425 6241/13611/425 6240/13609/425 

vt 2.82329 0.03
vt 2.82329 5.63993e-17
f 2657/13610/425 2656/13612/2214 6242/13613/2214 6241/13611/425 

vt -9.3098e-11 0.03
vt -9.3098e-11 5.63993e-17
f 2656/13614/259 2655/13582/259 6243/13583/259 6242/13615/259 

vt 2.76532 0.03
vt 2.76532 5.63993e-17
f 2655/13612/425 2654/13616/425 6244/13617/425 6243/13613/425 

vt 9.3098e-11 0.03
vt 9.3098e-11 5.63993e-17
f 2654/13587/423 2653/13618/423 6245/13619/423 6244/13590/423 

vt 2.28326 0.03
vt 2.28326 5.63993e-17
f 2653/13616/425 2652/13620/425 6246/13621/425 6245/13617/425 

vt 1.82348 0.03
vt 1.82348 5.63993e-17
f 2652/13620/425 2651/13622/425 6247/13623/425 6246/13621/425 

f 2651/13541/259 2650/13571/259 6248/13572/259 6247/13544/259 

vt 1.76551 0.03
vt 1.76551 5.63993e-17
f 2650/13622/425 2649/13624/425 6249/13625/425 6248/13623/425 

f 2649/13575/423 2648/13550/423 6250/13551/423 6249/13576/423 

vt 1.52832 0.03
vt 1.52832 5.63993e-17
f 2648/13624/425 2647/13626/425 6251/13627/425 6250/13625/425 

vt 0.852066 0.03
vt 0.852066 5.63993e-17
f 2647/13626/425 2646/13628/425 6252/13629/425 6251/13627/425 

vt 0.835304 0.03
vt 0.835304 5.63993e-17
f 2646/13628/425 2645/13630/425 6253/13631/425 6252/13629/425 

f 2645/13541/259 2644/870/259 6254/13558/259 6253/13544/259 

vt 0.778012 0.03
vt 0.778012 5.63993e-17
f 2644/13630/425 2643/13632/425 6255/13633/425 6254/13631/425 

f 2643/874/423 2642/13550/423 6256/13551/423 6255/13564/423 

vt 0.344403 0.03
vt 0.344403 5.63993e-17
f 2642/13632/425 2641/13634/425 6257/13635/425 6256/13633/425 

vt 0.18697 0.03
vt 0.18697 5.63993e-17
f 2641/13634/425 2640/13636/425 6258/13637/425 6257/13635/425 

f 2640/13541/259 2639/13542/259 6259/13543/259 6258/13544/259 

vt 0.129678 0.03
vt 0.129678 5.63993e-17
f 2639/13636/425 2638/13638/425 6260/13639/425 6259/13637/425 

f 2638/13549/423 2637/13550/423 6261/13551/423 6260/13552/423 

vt 0.0952555 0.03
vn -0.017501 -0.999847 -1.26261e-05
vt 0.0952555 5.63993e-17
f 2637/13638/425 2636/13640/2216 6262/13641/2216 6261/13639/425 

vt 0.0951922 0.03
vt 0.0720227 0.03
vn -0.1359 -0.990723 -9.8045e-05
vt 0.0720227 5.63993e-17
vt 0.0951922 5.63993e-17
f 2636/13642/2216 2635/13643/2217 6263/13644/2217 6262/13645/2216 

vn -0.324417 -0.945914 -0.00023405
vt 0.0545309 5.63993e-17
vt 0.0698763 5.63993e-17
f 2635/1243/2217 2634/1244/2218 6264/13646/2218 6263/13647/2217 

vn -0.493013 -0.870022 -0.000355684
vt 0.0352151 5.63993e-17
vt 0.0502734 5.63993e-17
f 2634/1247/2218 2633/1248/2219 6265/13648/2219 6264/13649/2218 

vn -0.642591 -0.766209 -0.000463597
vt 0.0146725 5.63993e-17
vt 0.029589 5.63993e-17
f 2633/1251/2219 2632/1252/2220 6266/13650/2220 6265/13651/2219 

vn -0.770309 -0.63767 -0.00055574
vt -0.00650329 5.63993e-17
vt 0.00837785 5.63993e-17
f 2632/1255/2220 2631/1256/2221 6267/13652/2221 6266/13653/2220 

vn -0.873434 -0.486943 -0.000630139
vt -0.0277801 5.63993e-17
vt -0.0128391 5.63993e-17
f 2631/1259/2221 2630/1260/2222 6268/13654/2222 6267/13655/2221 

vn -0.948431 -0.316984 -0.000684246
vt -0.0486346 5.63993e-17
vt -0.0335202 5.63993e-17
f 2630/1263/2222 2629/1264/2223 6269/13656/2223 6268/13657/2222 

vn -0.98791 -0.155028 -0.000712728
vt -0.0685027 5.63993e-17
vt -0.0530559 5.63993e-17
f 2629/1267/2223 2628/1268/2224 6270/13658/2224 6269/13659/2223 

vn -0.99817 -0.0604656 -0.00072013
vt -0.0789994 5.63993e-17
vt -0.0704886 5.63993e-17
f 2628/1271/2224 2627/1272/2225 6271/13660/2225 6270/13661/2224 

vn -0.999267 -0.0382739 -0.000720922
vt -0.0835487 5.63993e-17
vt -0.0792996 5.63993e-17
f 2627/1275/2225 2626/1276/2226 6272/13662/2226 6271/13663/2225 

vt -0.0909106 5.63993e-17
f 2626/1276/2226 2625/1279/2226 6273/13664/2226 6272/13662/2226 

vt -0.100199 5.63993e-17
f 2625/1279/2226 2624/1281/2226 6274/13665/2226 6273/13664/2226 

vt -0.110229 5.63993e-17
f 2624/1281/2226 2623/1283/2226 6275/13666/2226 6274/13665/2226 

vt -0.119815 5.63993e-17
f 2623/1283/2226 2622/1285/2226 6276/13667/2226 6275/13666/2226 

vt -0.127769 5.63993e-17
f 2622/1285/2226 2621/1287/2226 6277/13668/2226 6276/13667/2226 

vn -0.991916 0.126896 -0.000715618
vt -0.132908 5.63993e-17
f 2621/1287/2226 2620/1289/2227 6278/13669/2227 6277/13668/2226 

vn -0.95745 0.288598 -0.000690753
vt -0.128927 5.63993e-17
vt -0.127315 5.63993e-17
f 2620/1291/2227 2619/1292/2228 6279/13670/2228 6278/13671/2227 

vn -0.440649 0.897679 -0.000317907
vt -0.0722028 5.63993e-17
vt -0.0596192 5.63993e-17
f 2619/1295/2229 2618/1296/2229 6280/13672/2229 6279/13673/2229 

vt -0.0978432 5.63993e-17
f 2618/1296/2229 2617/1299/2229 6281/13674/2229 6280/13672/2229 

vt -0.131999 5.63993e-17
f 2617/1299/2229 2616/1301/2229 6282/13675/2229 6281/13674/2229 

vt -0.170128 5.63993e-17
f 2616/1301/2229 2615/1303/2229 6283/13676/2229 6282/13675/2229 

vt -0.20769 5.63993e-17
f 2615/1303/2229 2614/1305/2229 6284/13677/2229 6283/13676/2229 

vt -0.240142 5.63993e-17
f 2614/1305/2229 2613/1307/2229 6285/13678/2229 6284/13677/2229 

vt -0.262944 5.63993e-17
f 2613/1307/2229 2612/1309/2229 6286/13679/2229 6285/13678/2229 

vt -0.271554 5.63993e-17
f 2612/1309/2229 2611/1311/2229 6287/13680/2229 6286/13679/2229 

vn -0.900677 -0.43449 -0.000649793
vt -0.124907 5.63993e-17
vt -0.122473 5.63993e-17
f 2611/1313/2230 2610/1314/2230 6288/13681/2230 6287/13682/2230 

vt -0.131345 5.63993e-17
f 2610/1314/2230 2609/1317/2230 6289/13683/2230 6288/13681/2230 

vt -0.140496 5.63993e-17
f 2609/1317/2230 2608/1319/2230 6290/13684/2230 6289/13683/2230 

vt -0.151069 5.63993e-17
f 2608/1319/2230 2607/1321/2230 6291/13685/2230 6290/13684/2230 

vt -0.16177 5.63993e-17
f 2607/1321/2230 2606/1323/2230 6292/13686/2230 6291/13685/2230 

vt -0.171309 5.63993e-17
f 2606/1323/2230 2605/1325/2230 6293/13687/2230 6292/13686/2230 

vt -0.178393 5.63993e-17
f 2605/1325/2230 2604/1327/2230 6294/13688/2230 6293/13687/2230 

vn -0.912396 -0.409309 -0.000658248
vt -0.181731 5.63993e-17
f 2604/1327/2230 2603/1329/2231 6295/13689/2231 6294/13688/2230 

vn -0.946892 -0.32155 -0.000683136
vt -0.198671 5.63993e-17
vt -0.196482 5.63993e-17
f 2603/1331/2231 2602/1332/2232 6296/13690/2232 6295/13691/2231 

vn -0.982673 -0.185344 -0.00070895
vt -0.233946 5.63993e-17
vt -0.231448 5.63993e-17
f 2602/1335/2232 2601/1336/2233 6297/13692/2233 6296/13693/2232 

vn -0.999442 -0.033383 -0.000721048
vt -0.268059 5.63993e-17
vt -0.265683 5.63993e-17
f 2601/1339/2233 2600/1340/2234 6298/13694/2234 6297/13695/2233 

vn -0.991404 0.130834 -0.000715249
vt -0.297438 5.63993e-17
vt -0.295187 5.63993e-17
f 2600/1343/2234 2599/1344/2235 6299/13696/2235 6298/13697/2234 

vn -0.951121 0.308818 -0.000686187
vt -0.320828 5.63993e-17
vt -0.3187 5.63993e-17
f 2599/1347/2235 2598/1348/2236 6300/13698/2236 6299/13699/2235 

vn -0.867123 0.498094 -0.000625586
vt -0.335476 5.63993e-17
vt -0.333462 5.63993e-17
f 2598/1351/2236 2597/1352/2237 6301/13700/2237 6300/13701/2236 

vn -0.726878 0.686767 -0.000524406
vt -0.336531 5.63993e-17
vt -0.334604 5.63993e-17
f 2597/1355/2237 2596/1356/2238 6302/13702/2238 6301/13703/2237 

vn -0.545169 0.838326 -0.000393312
vt -0.31779 5.63993e-17
vt -0.315896 5.63993e-17
f 2596/1359/2238 2595/1360/2239 6303/13704/2239 6302/13705/2238 

vn -0.445542 0.895261 -0.000321436
vt -0.28881 5.63993e-17
vt -0.282425 5.63993e-17
f 2595/1363/2239 2594/1364/2240 6304/13706/2240 6303/13707/2239 

vn -0.443207 0.896419 -0.000319752
vt -0.318726 5.63993e-17
vt -0.287812 5.63993e-17
f 2594/1367/2240 2593/1368/2241 6305/13708/2241 6304/13709/2240 

vt -0.369644 5.63993e-17
f 2593/1368/2241 2592/1371/2241 6306/13710/2241 6305/13708/2241 

vt -0.432565 5.63993e-17
f 2592/1371/2241 2591/1373/2241 6307/13711/2241 6306/13710/2241 

vt -0.499487 5.63993e-17
f 2591/1373/2241 2590/1375/2241 6308/13712/2241 6307/13711/2241 

vt -0.562408 5.63993e-17
f 2590/1375/2241 2589/1377/2241 6309/13713/2241 6308/13712/2241 

vt -0.613326 5.63993e-17
f 2589/1377/2241 2588/1379/2241 6310/13714/2241 6309/13713/2241 

vn -0.440779 0.897616 -0.000318
vt -0.64424 5.63993e-17
f 2588/1379/2241 2587/1381/2242 6311/13715/2242 6310/13714/2241 

vn -0.356154 0.934427 -0.000256948
vt -0.649464 5.63993e-17
vt -0.64319 5.63993e-17
f 2587/1383/2242 2586/1384/2243 6312/13716/2243 6311/13717/2242 

vn -0.190855 0.981618 -0.000137692
vt -0.605892 5.63993e-17
vt -0.60417 5.63993e-17
f 2586/1387/2243 2585/1388/2244 6313/13718/2244 6312/13719/2243 

vn -0.0389538 0.999241 -2.81032e-05
vt -0.548859 5.63993e-17
vt -0.547008 5.63993e-17
f 2585/1391/2244 2584/1392/2245 6314/13720/2245 6313/13721/2244 

vn 0.0933788 0.995631 6.73682e-05
vt -0.488604 5.63993e-17
vt -0.486617 5.63993e-17
f 2584/1395/2245 2583/1396/2246 6315/13722/2246 6314/13723/2245 

vn 0.209877 0.977728 0.000151416
vt -0.428081 5.63993e-17
vt -0.425959 5.63993e-17
f 2583/1399/2246 2582/1400/2247 6316/13724/2247 6315/13725/2246 

vn 0.314314 0.949319 0.000226762
vt -0.36799 5.63993e-17
vt -0.365739 5.63993e-17
f 2582/1403/2247 2581/1404/2248 6317/13726/2248 6316/13727/2247 

vn 0.409711 0.912215 0.000295586
vt -0.308032 5.63993e-17
vt -0.305661 5.63993e-17
f 2581/1407/2248 2580/1408/2249 6318/13728/2249 6317/13729/2248 

vn 0.505015 0.863111 0.000364343
vt -0.247565 5.63993e-17
vt -0.245083 5.63993e-17
f 2580/1411/2249 2579/1412/2250 6319/13730/2250 6318/13731/2249 

vn 0.553469 0.83287 0.0003993
vt -0.17502 5.63993e-17
vt -0.172865 5.63993e-17
f 2579/1415/2250 2578/1416/2251 6320/13732/2251 6319/13733/2250 

vn 0.890366 0.455245 0.000642355
vt 0.169578 5.63993e-17
vt 0.173045 5.63993e-17
f 2578/1419/2252 2577/1420/2252 6321/13734/2252 6320/13735/2252 

vt 0.162221 5.63993e-17
f 2577/1420/2252 2576/1423/2252 6322/13736/2252 6321/13734/2252 

vt 0.152315 5.63993e-17
f 2576/1423/2252 2575/1425/2252 6323/13737/2252 6322/13736/2252 

vt 0.141201 5.63993e-17
f 2575/1425/2252 2574/1427/2252 6324/13738/2252 6323/13737/2252 

vt 0.130221 5.63993e-17
f 2574/1427/2252 2573/1429/2252 6325/13739/2252 6324/13738/2252 

vt 0.120717 5.63993e-17
f 2573/1429/2252 2572/1431/2252 6326/13740/2252 6325/13739/2252 

vt 0.114031 5.63993e-17
f 2572/1431/2252 2571/1433/2252 6327/13741/2252 6326/13740/2252 

vt 0.111504 5.63993e-17
f 2571/1433/2252 2570/1435/2252 6328/13742/2252 6327/13741/2252 

vt -0.665705 0.03
vn -0.455565 0.890202 -0.000328668
vt -1.08051 0.03
vt -1.08051 5.63993e-17
vt -0.665705 5.63993e-17
f 2570/13743/2253 2569/13744/2253 6329/13745/2253 6328/13746/2253 

vt -0.59129 0.03
vn -1 -1.02035e-16 -0.00072145
vt -0.992743 0.03
vt -0.992743 5.63993e-17
vt -0.59129 5.63993e-17
f 2569/13747/2254 2568/13748/2254 6330/13749/2254 6329/13750/2254 

vt 0.911898 0.03
vt 0.909591 0.03
vt 0.909591 5.63993e-17
vt 0.911898 5.63993e-17
f 2568/13751/425 2567/13752/425 6331/13753/425 6330/13754/425 

vt 0.903489 0.03
vt 0.903489 5.63993e-17
f 2567/13752/425 2566/13755/425 6332/13756/425 6331/13753/425 

vt 0.894815 0.03
vt 0.894815 5.63993e-17
f 2566/13755/425 2565/13757/425 6333/13758/425 6332/13756/425 

vt 0.884794 0.03
vt 0.884794 5.63993e-17
f 2565/13757/425 2564/13759/425 6334/13760/425 6333/13758/425 

vt 0.87465 0.03
vt 0.87465 5.63993e-17
f 2564/13759/425 2563/13761/425 6335/13762/425 6334/13760/425 

vt 0.865609 0.03
vt 0.865609 5.63993e-17
f 2563/13761/425 2562/13763/425 6336/13764/425 6335/13762/425 

vt 0.858894 0.03
vt 0.858894 5.63993e-17
f 2562/13763/425 2561/13765/425 6337/13766/425 6336/13764/425 

vt 0.85573 0.03
vn -0.0352857 -0.999377 -2.54569e-05
vt 0.85573 5.63993e-17
f 2561/13765/425 2560/13767/2255 6338/13768/2255 6337/13766/425 

vt 0.782114 0.03
vt 0.780928 0.03
vn -0.162024 -0.986787 -0.000116892
vt 0.780928 5.63993e-17
vt 0.782114 5.63993e-17
f 2560/13769/2255 2559/13770/2256 6339/13771/2256 6338/13772/2255 

vt 0.576764 0.03
vt 0.575444 0.03
vn -0.343321 -0.939218 -0.000247689
vt 0.575444 5.63993e-17
vt 0.576764 5.63993e-17
f 2559/13773/2256 2558/13774/2257 6340/13775/2257 6339/13776/2256 

vt 0.339846 0.03
vt 0.33855 0.03
vn -0.515043 -0.857164 -0.000371578
vt 0.33855 5.63993e-17
vt 0.339846 5.63993e-17
f 2558/13777/2257 2557/13778/2258 6341/13779/2258 6340/13780/2257 

vt 0.0954906 0.03
vt 0.0942071 0.03
vn -0.665875 -0.746064 -0.000480395
vt 0.0942071 5.63993e-17
vt 0.0954906 5.63993e-17
f 2557/13781/2258 2556/13782/2259 6342/13783/2259 6341/13784/2258 

vt -0.149478 0.03
vt -0.150759 0.03
vn -0.792864 -0.609399 -0.000572012
vt -0.150759 5.63993e-17
vt -0.149478 5.63993e-17
f 2556/13785/2259 2555/13786/2260 6343/13787/2260 6342/13788/2259 

vt -0.389922 0.03
vt -0.391209 0.03
vn -0.893055 -0.449947 -0.000644295
vt -0.391209 5.63993e-17
vt -0.389922 5.63993e-17
f 2555/13789/2260 2554/13790/2261 6344/13791/2261 6343/13792/2260 

vt -0.620183 0.03
vt -0.621487 0.03
vn -0.962545 -0.271119 -0.000694429
vt -0.621487 5.63993e-17
vt -0.620183 5.63993e-17
f 2554/13793/2261 2553/13794/2262 6345/13795/2262 6344/13796/2261 

vt -0.83227 0.03
vt -0.833606 0.03
vn -0.995842 -0.0910984 -0.00071845
vt -0.833606 5.63993e-17
vt -0.83227 5.63993e-17
f 2553/13797/2262 2552/13798/2263 6346/13799/2263 6345/13800/2262 

vt -0.994745 0.03
vt -0.999797 0.03
vn -0.999996 -0.00286045 -0.000721447
vt -0.999797 5.63993e-17
vt -0.994745 5.63993e-17
f 2552/13801/2263 2551/13802/2264 6347/13803/2264 6346/13804/2263 

vt -1.00344 0.03
vt -1.02823 0.03
vt -1.02823 5.63993e-17
vt -1.00344 5.63993e-17
f 2551/13805/2264 2550/13806/259 6348/13807/259 6347/13808/2264 

vt -1.06906 0.03
vt -1.06906 5.63993e-17
f 2550/13806/259 2549/13809/259 6349/13810/259 6348/13807/259 

vt -1.11951 0.03
vt -1.11951 5.63993e-17
f 2549/13809/259 2548/13811/259 6350/13812/259 6349/13810/259 

vt -1.17317 0.03
vt -1.17317 5.63993e-17
f 2548/13811/259 2547/13813/259 6351/13814/259 6350/13812/259 

vt -1.22362 0.03
vt -1.22362 5.63993e-17
f 2547/13813/259 2546/13815/259 6352/13816/259 6351/13814/259 

vt -1.26445 0.03
vt -1.26445 5.63993e-17
f 2546/13815/259 2545/13817/259 6353/13818/259 6352/13816/259 

vt -1.28924 0.03
vn -0.999998 0.0017403 -0.000721449
vt -1.28924 5.63993e-17
f 2545/13817/259 2544/13819/2265 6354/13820/2265 6353/13818/259 

vt -1.2934 0.03
vt -1.29855 0.03
vn -0.995943 0.0899828 -0.000718523
vt -1.29855 5.63993e-17
vt -1.2934 5.63993e-17
f 2544/13821/2265 2543/13822/2266 6355/13823/2266 6354/13824/2265 

vt -1.42346 0.03
vt -1.42502 0.03
vn -0.962936 0.26973 -0.00069471
vt -1.42502 5.63993e-17
vt -1.42346 5.63993e-17
f 2543/13825/2266 2542/13826/2267 6356/13827/2267 6355/13828/2266 

vt -1.51558 0.03
vt -1.5171 0.03
vn -0.893703 0.448658 -0.000644763
vt -1.5171 5.63993e-17
vt -1.51558 5.63993e-17
f 2542/13829/2267 2541/13830/2268 6357/13831/2268 6356/13832/2267 

vt -1.55054 0.03
vt -1.55205 0.03
vn -0.793742 0.608254 -0.000572645
vt -1.55205 5.63993e-17
vt -1.55054 5.63993e-17
f 2541/13833/2268 2540/13834/2269 6358/13835/2269 6357/13836/2268 

vt -1.53038 0.03
vt -1.53188 0.03
vn -0.66695 0.745102 -0.000481172
vt -1.53188 5.63993e-17
vt -1.53038 5.63993e-17
f 2540/13837/2269 2539/13838/2270 6359/13839/2270 6358/13840/2269 

vt -1.45706 0.03
vt -1.45857 0.03
vn -0.516279 0.85642 -0.00037247
vt -1.45857 5.63993e-17
vt -1.45706 5.63993e-17
f 2539/13841/2270 2538/13842/2271 6360/13843/2271 6359/13844/2270 

vt -1.33147 0.03
vt -1.33299 0.03
vn -0.344676 0.938722 -0.000248667
vt -1.33299 5.63993e-17
vt -1.33147 5.63993e-17
f 2538/13845/2271 2537/13846/2272 6361/13847/2272 6360/13848/2271 

vt -1.15456 0.03
vt -1.15611 0.03
vn -0.163942 0.98647 -0.000118276
vt -1.15611 5.63993e-17
vt -1.15456 5.63993e-17
f 2537/13849/2272 2536/13850/2273 6362/13851/2273 6361/13852/2272 

vt -0.948239 0.03
vt -0.949611 0.03
vn -0.0372285 0.999307 -2.68585e-05
vt -0.949611 5.63993e-17
vt -0.948239 5.63993e-17
f 2536/13853/2273 2535/13854/2274 6363/13855/2274 6362/13856/2273 

vt -0.856909 0.03
vt -0.860006 0.03
vt -0.860006 5.63993e-17
vt -0.856909 5.63993e-17
f 2535/13857/2274 2534/13858/260 6364/13859/260 6363/13860/2274 

vt -0.86658 0.03
vt -0.86658 5.63993e-17
f 2534/13858/260 2533/13861/260 6365/13862/260 6364/13859/260 

vt -0.875432 0.03
vt -0.875432 5.63993e-17
f 2533/13861/260 2532/13863/260 6366/13864/260 6365/13862/260 

vt -0.885362 0.03
vt -0.885362 5.63993e-17
f 2532/13863/260 2531/13865/260 6367/13866/260 6366/13864/260 

vt -0.895173 0.03
vt -0.895173 5.63993e-17
f 2531/13865/260 2530/13867/260 6368/13868/260 6367/13866/260 

vt -0.903665 0.03
vt -0.903665 5.63993e-17
f 2530/13867/260 2529/13869/260 6369/13870/260 6368/13868/260 

vt -0.90964 0.03
vt -0.90964 5.63993e-17
f 2529/13869/260 2528/13871/260 6370/13872/260 6369/13870/260 

vt -0.911898 0.03
vt -0.911898 5.63993e-17
f 2528/13871/260 2527/13873/260 6371/13874/260 6370/13872/260 

vt -1.30263 0.03
vt -1.37563 0.03
vt -1.37563 5.63993e-17
vt -1.30263 5.63993e-17
f 2527/13875/426 2526/13876/426 6372/13877/426 6371/13878/426 

vt -1.50608 -1.23974e-20
vt -1.37563 5.63869e-17
f 2526/13876/426 2059/3194/426 2801/13879/426 6372/13880/426 

vt -1.58792 0.03
vt -1.58792 0
f 2057/3198/426 2806/13881/426 2830/13882/426 2804/3199/426 

vt -0.0199431 0.03
vn -0.5071 -0.861887 -0.000365847
v 45.531 80.024 -96.9072
vt -0.0210445 0.03
vn -0.489606 -0.871944 -0.000353227
v 45.5332 80.024 -99.9072
vt -0.0210445 0
vt -0.0199431 0
f 2806/13883/2275 6373/13884/2276 6374/13885/2276 2830/13886/2275 

vt 0.911215 0.794213
f 2807/3205/258 6373/13887/258 2806/3204/258

v 45.4387 80.0734 -96.9073
vt 0.90937 0.794708
f 2807/3205/258 6375/13888/258 6373/13887/258

v 45.4165 81.262 -96.9073
vt 0.908944 0.806595
f 6376/13889/258 6375/13888/258 2807/3205/258

v 45.3854 80.1019 -96.9073
vt 0.908305 0.794994
f 6376/13889/258 6377/13890/258 6375/13888/258

v 45.2529 80.2275 -96.9074
vt 0.905659 0.796251
f 6376/13889/258 6378/13891/258 6377/13890/258

v 45.0141 81.1225 -96.9076
vt 0.900897 0.805203
f 6379/13892/258 6378/13891/258 6376/13889/258

v 44.9849 80.5344 -96.9076
vt 0.900305 0.799322
f 6379/13892/258 6380/13893/258 6378/13891/258

v 44.8245 80.8746 -96.9077
vt 0.897103 0.802725
f 6380/13893/258 6379/13892/258 6381/13894/258

vt -1.81939 0.03
vn -0.794279 0.607553 -0.000573033
vt -1.82562 0.03
v 45.0162 81.1225 -99.9076
vt -1.82562 0
v 44.8266 80.8746 -99.9077
vt -1.81939 0
f 6381/13895/2277 6379/13896/2277 6382/13897/2277 6383/13898/2277 

vt -1.37746 0.03
vn -0.32749 0.944855 -0.000236268
vt -1.38597 0.03
vn -0.258107 0.966116 -0.000186211
v 45.4187 81.262 -99.9073
vt -1.38597 0
vt -1.37746 0
f 6379/13899/2278 6376/13900/2279 6384/13901/2279 6382/13902/2278 

vt -1.19393 0.03
vt -1.199 0.03
vn -0.187365 0.98229 -0.000135175
vt -1.199 0
vt -1.19393 0
f 6376/13903/2279 2807/13904/2280 2829/13905/2280 6384/13906/2279 

vt -1.58661 0.03
vn -0.999572 -0.0292332 -0.000721142
v 45.6496 81.8533 -96.9071
vt -1.59749 0.03
vn -0.999507 -0.0314002 -0.000721094
v 45.6518 81.8533 -99.9071
vt -1.59749 0
vt -1.58661 0
f 2807/13907/2281 6385/13908/2282 6386/13909/2282 2829/13910/2281 

vt 0.913612 0.812506
f 2808/3206/258 6385/13911/258 2807/3205/258

v 45.6094 83.0502 -96.9071
vt 0.912826 0.824475
f 2808/3206/258 6387/13912/258 6385/13911/258

v 45.5837 83.8151 -96.9072
vt 0.912324 0.832124
f 2808/3206/258 6388/13913/258 6387/13912/258

v 45.4054 86.6343 -96.9073
vt 0.9088 0.860317
f 6389/13914/258 6388/13913/258 2808/3206/258

v 45.36 83.7613 -96.9073
vt 0.907849 0.831588
f 6389/13914/258 6390/13915/258 6388/13913/258

v 45.1193 87.0084 -96.9075
vt 0.903085 0.86406
f 6391/13916/258 6390/13915/258 6389/13914/258

v 44.9475 87.175 -96.9076
vt 0.899653 0.865728
f 6392/13917/258 6390/13915/258 6391/13916/258

v 44.8048 83.6373 -96.9077
vt 0.89675 0.830352
f 6392/13917/258 6393/13918/258 6390/13915/258

v 44.6959 87.2367 -96.9078
vt 0.894624 0.866347
f 6394/13919/258 6393/13918/258 6392/13917/258

v 44.5118 85.3815 -96.9079
vt 0.890918 0.847796
f 6395/13920/258 6393/13918/258 6394/13919/258

v 44.5052 85.3283 -96.9079
vt 0.890786 0.847264
f 6396/13921/258 6393/13918/258 6395/13920/258

v 44.4812 85.281 -96.908
vt 0.890304 0.846791
f 6397/13922/258 6393/13918/258 6396/13921/258

v 44.4419 85.2418 -96.908
vt 0.889519 0.8464
f 6398/13923/258 6393/13918/258 6397/13922/258

v 44.3899 85.2133 -96.908
vt 0.888479 0.846115
f 6399/13924/258 6393/13918/258 6398/13923/258

v 44.3275 85.1977 -96.9081
vt 0.887231 0.845959
f 6400/13925/258 6393/13918/258 6399/13924/258

v 44.3131 83.6296 -96.9081
vt 0.886922 0.830278
f 6400/13925/258 6401/13926/258 6393/13918/258

v 44.257 85.1973 -96.9081
vt 0.885822 0.845956
f 6402/13927/258 6401/13926/258 6400/13925/258

v 44.1817 85.2143 -96.9082
vt 0.884318 0.846126
f 6403/13928/258 6401/13926/258 6402/13927/258

v 44.123 85.2442 -96.9082
vt 0.883144 0.846426
f 6404/13929/258 6401/13926/258 6403/13928/258

v 44.0855 85.2817 -96.9082
vt 0.882396 0.846801
f 6405/13930/258 6401/13926/258 6404/13929/258

v 44.0653 85.3233 -96.9083
vt 0.881992 0.847218
f 6406/13931/258 6401/13926/258 6405/13930/258

v 44.0581 85.3654 -96.9083
vt 0.881848 0.847639
f 6407/13932/258 6401/13926/258 6406/13931/258

v 44.0033 83.7913 -96.9083
vt 0.880731 0.831898
f 6401/13926/258 6407/13932/258 6408/13933/258

v 43.6964 85.6343 -96.9085
vt 0.874622 0.85033
f 6409/13934/258 6408/13933/258 6407/13932/258

v 43.6143 83.9646 -96.9086
vt 0.872957 0.833633
f 6409/13934/258 6410/13935/258 6408/13933/258

v 43.3657 85.5931 -96.9088
vt 0.86801 0.84992
f 6411/13936/258 6410/13935/258 6409/13934/258

v 43.2297 85.559 -96.9089
vt 0.865291 0.84958
f 6412/13937/258 6410/13935/258 6411/13936/258

v 43.2116 84.1032 -96.9089
vt 0.86491 0.835022
f 6412/13937/258 6413/13938/258 6410/13935/258

v 43.2051 85.5494 -96.9089
vt 0.8648 0.849485
f 6414/13939/258 6413/13938/258 6412/13937/258

v 43.1472 85.5505 -96.9089
vt 0.863641 0.849496
f 6415/13940/258 6413/13938/258 6414/13939/258

v 43.0517 85.5116 -96.909
vt 0.861732 0.849108
f 6416/13941/258 6413/13938/258 6415/13940/258

v 42.9656 85.3844 -96.909
vt 0.86001 0.847836
f 6417/13942/258 6413/13938/258 6416/13941/258

v 42.8815 84.2752 -96.9091
vt 0.858312 0.836744
f 6417/13942/258 6418/13943/258 6413/13938/258

v 42.8232 85.2187 -96.9091
vt 0.857162 0.84618
f 6419/13944/258 6418/13943/258 6417/13942/258

v 42.6801 84.5774 -96.9093
vt 0.85429 0.839768
f 6419/13944/258 6420/13945/258 6418/13943/258

v 42.6669 85.0468 -96.9093
vt 0.854034 0.844462
f 6421/13946/258 6420/13945/258 6419/13944/258

v 42.6057 84.8605 -96.9093
vt 0.852808 0.8426
f 6420/13945/258 6421/13946/258 6422/13947/258

vt -1.86658 0.03
vn -0.95006 0.312066 -0.000685421
vt -1.8705 0.03
v 42.6691 85.0468 -99.9093
vt -1.8705 0
v 42.6079 84.8605 -99.9093
vt -1.86658 0
f 6422/13948/2283 6421/13949/2283 6423/13950/2283 6424/13951/2283 

vt -1.82315 0.03
vn -0.739869 0.672751 -0.000533779
vt -1.82779 0.03
vn -0.749256 0.662281 -0.000540551
v 42.8254 85.2187 -99.9091
vt -1.82779 0
vt -1.82315 0
f 6421/13952/2284 6419/13953/2285 6425/13954/2285 6423/13955/2284 

vt -1.84127 0.03
vt -1.84564 0.03
vn -0.794708 0.606992 -0.000573342
v 42.9678 85.3844 -99.909
vt -1.84564 0
vt -1.84127 0
f 6419/13956/2285 6417/13957/2286 6426/13958/2286 6425/13959/2285 

vt -1.8855 0.03
vt -1.88857 0.03
vn -0.828292 0.560297 -0.000597571
v 43.0538 85.5116 -99.909
vt -1.88857 0
vt -1.8855 0
f 6417/13960/2286 6416/13961/2287 6427/13962/2287 6426/13963/2286 

vt -1.43742 0.03
vn -0.377199 0.926132 -0.00027213
vt -1.43948 0.03
v 43.1493 85.5505 -99.9089
vt -1.43948 0
vt -1.43742 0
f 6416/13964/2288 6415/13965/2288 6428/13966/2288 6427/13967/2288 

vt -0.830078 0.03
vn 0.0189453 0.999821 1.36681e-05
vt -0.831236 0.03
v 43.2073 85.5494 -99.9089
vt -0.831236 0
vt -0.830078 0
f 6415/13968/2289 6414/13969/2289 6429/13970/2289 6428/13971/2289 

vt -1.42056 0.03
vn -0.362447 0.932004 -0.000261487
vt -1.42109 0.03
vn -0.303364 0.952875 -0.000218862
v 43.2319 85.559 -99.9089
vt -1.42109 0
vt -1.42056 0
f 6414/13972/2290 6412/13973/2291 6430/13974/2291 6429/13975/2290 

vt -1.25114 0.03
vt -1.25394 0.03
vn -0.183759 0.982971 -0.000132573
v 43.3678 85.5931 -99.9088
vt -1.25394 0
vt -1.25114 0
f 6412/13976/2291 6411/13977/2292 6431/13978/2292 6430/13979/2291 

vt -1.07045 0.03
vt -1.07712 0.03
vn -0.138977 0.990296 -0.000100265
v 43.6986 85.6343 -99.9085
vt -1.07712 0
vt -1.07045 0
f 6411/13980/2292 6409/13981/2293 6432/13982/2293 6431/13983/2292 

vt -1.12511 0.03
v 44.1279 85.7016 -96.9082
vt -1.13384 0.03
vn -0.154169 0.988045 -0.000111225
v 44.1301 85.7016 -99.9082
vt -1.13384 0
vt -1.12511 0
f 6409/13984/2293 6433/13985/2294 6434/13986/2294 6432/13987/2293 

v 44.066 85.4367 -96.9083
vt 0.882007 0.848351
vt 0.883249 0.851
f 6409/13934/258 6435/13988/258 6433/13989/258

v 44.0597 85.4044 -96.9083
vt 0.881881 0.848028
f 6409/13934/258 6436/13990/258 6435/13988/258

f 6409/13934/258 6407/13932/258 6436/13990/258

vt 1.73096 0.03
vn 0.993129 -0.11702 0.000716493
vt 1.73018 0.03
vn 0.997932 0.064269 0.000719959
v 44.0602 85.3654 -99.9083
vt 1.73018 0
v 44.0618 85.4044 -99.9083
vt 1.73096 0
f 6436/13991/2295 6407/13992/2296 6437/13993/2296 6438/13994/2295 

vt -0.882007 0.848351
v 44.076 85.4668 -96.9082
vt -0.882208 0.848653
v 44.09 85.5157 -96.9082
vt -0.882488 0.849141
v 44.1058 85.5372 -96.9082
vt -0.882805 0.849355
v 44.1297 85.5626 -96.9082
vt -0.883283 0.849609
v 44.1633 85.5919 -96.9082
vt -0.883955 0.849902
v 44.2044 85.6203 -96.9082
vt -0.884776 0.850186
v 44.2444 85.6364 -96.9081
vt -0.885577 0.850347
v 44.2833 85.6403 -96.9081
vt -0.886354 0.850385
v 44.3211 85.6324 -96.9081
vt -0.88711 0.850306
v 44.3581 85.6133 -96.908
vt -0.887849 0.850115
v 44.3944 85.5837 -96.908
vt -0.888574 0.849819
v 44.4303 85.5441 -96.908
vt -0.889291 0.849423
v 44.4658 85.495 -96.908
vt -0.890001 0.848932
v 44.4984 85.4382 -96.9079
vt -0.890652 0.848363
vt -0.890918 0.847796
vt -0.890786 0.847264
vt -0.890304 0.846791
vt -0.889519 0.8464
vt -0.888479 0.846115
vt -0.887231 0.845959
vt -0.885822 0.845956
vt -0.884318 0.846126
vt -0.883144 0.846426
vt -0.882396 0.846801
vt -0.881992 0.847218
vt -0.881848 0.847639
vt -0.881881 0.848028
f 6435/13995/432 6439/13996/432 6440/13997/432 6441/13998/432 6442/13999/432 6443/14000/432 6444/14001/432 6445/14002/432 6446/14003/432 6447/14004/432 6448/14005/432 6449/14006/432 6450/14007/432 6451/14008/432 6452/14009/432 6395/14010/432 6396/14011/432 6397/14012/432 6398/14013/432 6399/14014/432 6400/14015/432 6402/14016/432 6403/14017/432 6404/14018/432 6405/14019/432 6406/14020/432 6407/14021/432 6436/14022/432 

vt 1.88858 0.03
vn 0.955285 -0.295686 0.000689191
vt 1.88795 0.03
vn 0.967063 -0.254535 0.000697688
v 44.0682 85.4367 -99.9083
vt 1.88795 0
v 44.0782 85.4668 -99.9082
vt 1.88858 0
f 6439/14023/2297 6435/14024/2298 6453/14025/2298 6454/14026/2297 

vt 0.882208 0.848653
f 6433/13989/258 6435/13988/258 6439/14027/258

vt 0.882488 0.849141
f 6433/13989/258 6439/14027/258 6440/14028/258

vt 1.87497 0.03
vn 0.961429 -0.275053 0.000693623
vt 1.87395 0.03
vt 1.87395 0
v 44.0922 85.5157 -99.9082
vt 1.87497 0
f 6440/14029/2299 6439/14030/2297 6454/14031/2297 6455/14032/2299 

vt -0.883249 0.851
f 6454/13996/432 6434/14033/432 6455/13997/432

f 6453/13995/432 6434/14033/432 6454/13996/432

vt -0.874622 0.85033
f 6453/13995/432 6432/14034/432 6434/14033/432

f 6438/14022/432 6432/14034/432 6453/13995/432

f 6437/14021/432 6432/14034/432 6438/14022/432

v 44.0055 83.7913 -99.9083
vt -0.880731 0.831898
f 6456/14035/432 6432/14034/432 6437/14021/432

v 43.6165 83.9646 -99.9086
vt -0.872957 0.833633
f 6457/14036/432 6432/14034/432 6456/14035/432

vt -0.86801 0.84992
f 6457/14036/432 6431/14037/432 6432/14034/432

vt -0.865291 0.84958
f 6457/14036/432 6430/14038/432 6431/14037/432

v 43.2138 84.1032 -99.9089
vt -0.86491 0.835022
f 6458/14039/432 6430/14038/432 6457/14036/432

vt -0.8648 0.849485
f 6458/14039/432 6429/14040/432 6430/14038/432

vt -0.863641 0.849496
f 6458/14039/432 6428/14041/432 6429/14040/432

vt -0.861732 0.849108
f 6458/14039/432 6427/14042/432 6428/14041/432

vt -0.86001 0.847836
f 6458/14039/432 6426/14043/432 6427/14042/432

v 42.8837 84.2752 -99.9091
vt -0.858312 0.836744
f 6459/14044/432 6426/14043/432 6458/14039/432

vt -0.857162 0.84618
f 6459/14044/432 6425/14045/432 6426/14043/432

v 42.6822 84.5774 -99.9093
vt -0.85429 0.839768
f 6460/14046/432 6425/14045/432 6459/14044/432

vt -0.854034 0.844462
f 6460/14046/432 6423/14047/432 6425/14045/432

vt -0.852808 0.8426
f 6423/14047/432 6460/14046/432 6424/14048/432

vt -1.40779 0.03
vn -0.91215 -0.409857 -0.000658071
vt -1.41364 0.03
vn -0.967251 -0.25382 -0.000697824
vt -1.41364 0
vt -1.40779 0
f 6420/14049/2300 6422/14050/2301 6424/14051/2301 6460/14052/2300 

vt -0.916867 0.03
vn -0.83207 -0.554671 -0.000600297
vt -0.924127 0.03
vt -0.924127 0
vt -0.916867 0
f 6418/14053/2302 6420/14054/2300 6460/14055/2300 6459/14056/2302 

vt -0.00546159 0.03
vn -0.394842 -0.918749 -0.000284859
vt -0.0129032 0.03
vn -0.462001 -0.88688 -0.00033331
vt -0.0129032 0
vt -0.00546159 0
f 6413/14057/2303 6418/14058/2304 6459/14059/2304 6458/14060/2303 

vt 0.281648 0.03
vn -0.36651 -0.930414 -0.000264418
vt 0.273134 0.03
vt 0.273134 0
vt 0.281648 0
f 6410/14061/2305 6413/14062/2303 6458/14063/2303 6457/14064/2305 

vt 0.126681 0.03
vn -0.435025 -0.900418 -0.000313849
vt 0.118168 0.03
vt 0.118168 0
vt 0.126681 0
f 6408/14065/2306 6410/14066/2305 6457/14067/2305 6456/14068/2306 

vt 0.016718 0.03
vn -0.462812 -0.886456 -0.000333896
vt 0.00973192 0.03
vt 0.00973192 0
v 44.3153 83.6296 -99.9081
vt 0.016718 0
f 6401/14069/2307 6408/14070/2306 6456/14071/2306 6461/14072/2307 

vt -0.886922 0.830278
f 6437/14021/432 6461/14073/432 6456/14035/432

v 44.0675 85.3233 -99.9083
f 6461/14073/432 6437/14021/432 6462/14020/432

vt 1.52144 0.03
vt 1.52059 0.03
vn 0.951863 0.306523 0.000686722
vt 1.52059 0
vt 1.52144 0
f 6407/14074/2296 6406/14075/2308 6462/14076/2308 6437/14077/2296 

vt 1.13801 0.03
vt 1.13708 0.03
vn 0.814803 0.579738 0.00058784
v 44.0877 85.2817 -99.9082
vt 1.13708 0
vt 1.13801 0
f 6406/14078/2308 6405/14079/2309 6463/14080/2309 6462/14081/2308 

vt 0.57703 0.03
vt 0.57597 0.03
vn 0.588035 0.808836 0.000424238
v 44.1251 85.2442 -99.9082
vt 0.57597 0
vt 0.57703 0
f 6405/14082/2309 6404/14083/2310 6464/14084/2310 6463/14085/2309 

vt -0.019015 0.03
vt -0.0203329 0.03
vn 0.339484 0.940612 0.000244921
v 44.1839 85.2143 -99.9082
vt -0.0203329 0
vt -0.019015 0
f 6404/14086/2310 6403/14087/2311 6465/14088/2311 6464/14089/2310 

vt -0.48819 0.03
vt -0.489732 0.03
vn 0.108377 0.99411 7.8189e-05
v 44.2592 85.1973 -99.9081
vt -0.489732 0
vt -0.48819 0
f 6403/14090/2311 6402/14091/2312 6466/14092/2312 6465/14093/2311 

vt -0.893364 0.03
vt -0.894773 0.03
vn -0.12496 0.992162 -9.01523e-05
v 44.3297 85.1977 -99.9081
vt -0.894773 0
vt -0.893364 0
f 6402/14094/2312 6400/14095/2313 6467/14096/2313 6466/14097/2312 

vt -1.27044 0.03
vt -1.27173 0.03
vn -0.36509 0.930972 -0.000263395
v 44.3921 85.2133 -99.908
vt -1.27173 0
vt -1.27044 0
f 6400/14098/2313 6399/14099/2314 6468/14100/2314 6467/14101/2313 

vt -1.59203 0.03
vt -1.59322 0.03
vn -0.599662 0.800253 -0.000432626
v 44.4441 85.2418 -99.908
vt -1.59322 0
vt -1.59203 0
f 6399/14102/2314 6398/14103/2315 6469/14104/2315 6468/14105/2314 

vt -1.82422 0.03
vn -0.808869 0.587989 -0.000583559
v 44.4833 85.281 -99.908
vt -1.82422 0
f 6398/14106/2315 6397/5989/2316 6470/5992/2316 6469/14107/2315 

vt -1.91243 0.03
vt -1.91349 0.03
vn -0.956368 0.292163 -0.000689972
v 44.5074 85.3283 -99.9079
vt -1.91349 0
vt -1.91243 0
f 6397/14108/2316 6396/14109/2317 6471/14110/2317 6470/14111/2316 

vt -1.79036 0.03
vt -1.79143 0.03
vn -0.9925 0.12224 -0.00071604
v 44.5139 85.3815 -99.9079
vt -1.79143 0
vt -1.79036 0
f 6396/14112/2317 6395/14113/2318 6472/14114/2318 6471/14115/2317 

vt -1.44679 0.03
vn -0.973463 -0.228844 -0.000702305
vt -1.44796 0.03
vn -0.930189 -0.367081 -0.000671085
v 44.5006 85.4382 -99.9079
vt -1.44796 0
vt -1.44679 0
f 6395/14116/2319 6452/14117/2320 6473/14118/2320 6472/14119/2319 

vt 0.890652 0.848363
f 6394/13919/258 6452/14120/258 6395/13920/258

vt 0.890001 0.848932
f 6394/13919/258 6451/14121/258 6452/14120/258

v 44.4521 87.2773 -96.908
vt 0.889753 0.866754
f 6474/14122/258 6451/14121/258 6394/13919/258

vt 0.889291 0.849423
f 6474/14122/258 6450/14123/258 6451/14121/258

vt 0.888574 0.849819
f 6474/14122/258 6449/14124/258 6450/14123/258

v 44.3832 87.2713 -96.908
vt 0.888375 0.866695
f 6475/14125/258 6449/14124/258 6474/14122/258

vt 0.887849 0.850115
f 6475/14125/258 6448/14126/258 6449/14124/258

v 44.3215 87.0932 -96.9081
vt 0.887139 0.864914
f 6476/14127/258 6448/14126/258 6475/14125/258

vt 0.88711 0.850306
f 6476/14127/258 6447/14128/258 6448/14126/258

v 44.3095 85.8403 -96.9081
vt 0.886881 0.852385
f 6476/14127/258 6477/14129/258 6447/14128/258

v 44.3052 85.9809 -96.9081
vt 0.886798 0.853791
f 6476/14127/258 6478/14130/258 6477/14129/258

v 44.2114 86.8608 -96.9081
vt 0.884935 0.862591
f 6479/14131/258 6478/14130/258 6476/14127/258

v 44.2033 86.1503 -96.9082
vt 0.884762 0.855487
f 6479/14131/258 6480/14132/258 6478/14130/258

v 44.1015 86.4715 -96.9082
vt 0.882732 0.858699
f 6479/14131/258 6481/14133/258 6480/14132/258

v 44.0927 86.7333 -96.9082
vt 0.88256 0.861317
f 6481/14133/258 6479/14131/258 6482/14134/258

vt -1.86114 0.03
vn -0.731865 0.681449 -0.000528004
vt -1.86463 0.03
vn -0.827564 0.561372 -0.000597046
v 44.2136 86.8608 -99.9081
vt -1.86463 0
v 44.0949 86.7333 -99.9082
vt -1.86114 0
f 6482/14135/2321 6479/14136/2322 6483/14137/2322 6484/14138/2321 

vt -1.9372 0.03
vt -1.94234 0.03
vn -0.92568 0.378307 -0.000667832
v 44.3237 87.0932 -99.9081
vt -1.94234 0
vt -1.9372 0
f 6479/14139/2322 6476/14140/2323 6485/14141/2323 6483/14142/2322 

vt -1.92433 0.03
vt -1.9281 0.03
vn -0.944872 0.327438 -0.000681679
v 44.3854 87.2713 -99.908
vt -1.9281 0
vt -1.92433 0
f 6476/14143/2323 6475/14144/2324 6486/14145/2324 6485/14146/2323 

vt -1.03312 0.03
vn -0.0861395 0.996283 -6.21454e-05
vt -1.0345 0.03
vn 0.0392697 0.999229 2.83311e-05
v 44.4543 87.2773 -99.908
vt -1.0345 0
vt -1.03312 0
f 6475/14147/2325 6474/14148/2326 6487/14149/2326 6486/14150/2325 

vt -0.5921 0.03
vt -0.597039 0.03
vn 0.201265 0.979537 0.000145203
v 44.698 87.2367 -99.9078
vt -0.597039 0
vt -0.5921 0
f 6474/14151/2326 6394/14152/2327 6488/14153/2327 6487/14154/2326 

vt -0.455022 0.03
vt -0.460201 0.03
vn 0.238181 0.971221 0.000171836
v 44.9496 87.175 -99.9076
vt -0.460201 0
vt -0.455022 0
f 6394/14155/2327 6392/14156/2328 6489/14157/2328 6488/14158/2327 

vt 0.560435 0.03
vn 0.696224 0.717824 0.000502291
vt 0.55565 0.03
vn 0.74729 0.664498 0.000539133
v 45.1215 87.0084 -99.9075
vt 0.55565 0
vt 0.560435 0
f 6392/14159/2329 6391/14160/2330 6490/14161/2330 6489/14162/2329 

vt 0.824534 0.03
vt 0.815119 0.03
vn 0.794282 0.607549 0.000573035
v 45.4076 86.6343 -99.9073
vt 0.815119 0
vt 0.824534 0
f 6391/14163/2330 6389/14164/2331 6491/14165/2331 6490/14166/2330 

vt -0.168733 0.03
vn 0.388095 0.921619 0.000279992
vt -0.175512 0.03
vt -0.175512 0
vt -0.168733 0
f 6389/14167/2332 2808/14168/2332 2828/14169/2332 6491/14170/2332 

v 45.5859 83.8151 -99.9072
vt -0.912324 0.832124
vt -0.9088 0.860317
f 6492/14171/432 6491/14172/432 2828/3250/432

v 45.3621 83.7613 -99.9073
vt -0.907849 0.831588
f 6493/14173/432 6491/14172/432 6492/14171/432

vt -0.903085 0.86406
f 6493/14173/432 6490/14174/432 6491/14172/432

vt -0.899653 0.865728
f 6493/14173/432 6489/14175/432 6490/14174/432

v 44.807 83.6373 -99.9077
vt -0.89675 0.830352
f 6494/14176/432 6489/14175/432 6493/14173/432

vt -0.894624 0.866347
f 6494/14176/432 6488/14177/432 6489/14175/432

f 6494/14176/432 6472/14010/432 6488/14177/432

f 6494/14176/432 6471/14011/432 6472/14010/432

f 6494/14176/432 6470/14012/432 6471/14011/432

f 6494/14176/432 6469/14013/432 6470/14012/432

f 6494/14176/432 6468/14014/432 6469/14013/432

f 6494/14176/432 6467/14015/432 6468/14014/432

f 6461/14073/432 6467/14015/432 6494/14176/432

f 6461/14073/432 6466/14016/432 6467/14015/432

f 6461/14073/432 6465/14017/432 6466/14016/432

f 6461/14073/432 6464/14018/432 6465/14017/432

f 6461/14073/432 6463/14019/432 6464/14018/432

f 6461/14073/432 6462/14020/432 6463/14019/432

vt 0.921555 0.03
vn 0.1175 -0.993073 8.47704e-05
vt 0.911725 0.03
vn 0.0157259 -0.999876 1.13455e-05
vt 0.911725 0
vt 0.921555 0
f 6393/14178/2333 6401/14179/2334 6461/14180/2334 6494/14181/2333 

vt 1.24745 0.03
vn 0.225718 -0.974193 0.000162845
vt 1.23608 0.03
vt 1.23608 0
vt 1.24745 0
f 6390/14182/2335 6393/14183/2333 6494/14184/2333 6493/14185/2335 

vt 1.27431 0.03
vn 0.233371 -0.972388 0.000168366
vt 1.26971 0.03
vt 1.26971 0
vt 1.27431 0
f 6388/14186/2336 6390/14187/2335 6493/14188/2335 6492/14189/2336 

vt -1.61725 0.03
vn -0.999436 -0.0335672 -0.000721044
vt -1.63255 0.03
vt -1.63255 0
v 45.6116 83.0502 -99.9071
vt -1.61725 0
f 6387/14190/2337 6388/14191/2337 6492/14192/2337 6495/14193/2337 

vt -0.912826 0.824475
f 6492/14171/432 2828/3250/432 6495/14194/432

vt -0.913612 0.812506
f 6495/14194/432 2828/3250/432 6386/14195/432

f 6386/14195/432 2828/3250/432 2829/3251/432

vt -1.59331 0.03
vt -1.59331 0
f 6385/14196/2282 6387/14190/2337 6495/14193/2337 6386/14197/2282 

f 6473/14009/432 6488/14177/432 6472/14010/432

v 44.468 85.495 -99.908
f 6496/14008/432 6488/14177/432 6473/14009/432

vt -0.889753 0.866754
f 6496/14008/432 6487/14198/432 6488/14177/432

v 44.4324 85.5441 -99.908
f 6497/14007/432 6487/14198/432 6496/14008/432

v 44.3966 85.5837 -99.908
f 6498/14006/432 6487/14198/432 6497/14007/432

vt -0.888375 0.866695
f 6498/14006/432 6486/14199/432 6487/14198/432

v 44.3603 85.6133 -99.908
f 6499/14005/432 6486/14199/432 6498/14006/432

vt -0.887139 0.864914
f 6499/14005/432 6485/14200/432 6486/14199/432

v 44.3233 85.6324 -99.9081
f 6500/14004/432 6485/14200/432 6499/14005/432

v 44.3117 85.8403 -99.9081
vt -0.886881 0.852385
f 6501/14201/432 6485/14200/432 6500/14004/432

v 44.3074 85.9809 -99.9081
vt -0.886798 0.853791
f 6502/14202/432 6485/14200/432 6501/14201/432

vt -0.884935 0.862591
f 6502/14202/432 6483/14203/432 6485/14200/432

v 44.2055 86.1503 -99.9082
vt -0.884762 0.855487
f 6503/14204/432 6483/14203/432 6502/14202/432

v 44.1037 86.4715 -99.9082
vt -0.882732 0.858699
f 6504/14205/432 6483/14203/432 6503/14204/432

vt -0.88256 0.861317
f 6483/14203/432 6504/14205/432 6484/14206/432

vt -1.68668 0.03
vn -0.985542 -0.169429 -0.00071102
vt -1.69192 0.03
vn -0.999439 -0.0334977 -0.000721045
vt -1.69192 0
vt -1.68668 0
f 6481/14207/2338 6482/14208/2339 6484/14209/2339 6504/14210/2338 

vt -1.36377 0.03
vn -0.911336 -0.411662 -0.000657484
vt -1.37051 0.03
vt -1.37051 0
vt -1.36377 0
f 6480/14211/2340 6481/14212/2338 6504/14213/2338 6503/14214/2340 

vt -1.00657 0.03
vn -0.856906 -0.515472 -0.000618215
vt -1.01052 0.03
vt -1.01052 0
vt -1.00657 0
f 6478/14215/2341 6480/14216/2340 6503/14217/2340 6502/14218/2341 

vt -1.67702 0.03
vn -0.999543 -0.030214 -0.000721121
vt -1.67983 0.03
vt -1.67983 0
vt -1.67702 0
f 6477/14219/2342 6478/14220/2342 6502/14221/2342 6501/14222/2342 

vt -1.73382 0.03
vn -0.606898 0.794779 -0.000437847
vt -1.73839 0.03
vt -1.73839 0
vt -1.73382 0
f 6433/14223/2343 6477/14224/2343 6501/14225/2343 6434/14226/2343 

vt 0.883283 0.849609
f 6433/13989/258 6442/14227/258 6477/14129/258

vt 0.882805 0.849355
f 6433/13989/258 6441/14228/258 6442/14227/258

f 6433/13989/258 6440/14028/258 6441/14228/258

vt 1.89063 0.03
vn 0.768408 -0.63996 0.000554368
vt 1.89009 0.03
vn 0.805632 -0.592416 0.000581223
vt 1.89009 0
v 44.108 85.5372 -99.9082
vt 1.89063 0
f 6441/14229/2344 6440/14230/2345 6455/14231/2345 6505/14232/2344 

f 6455/13997/432 6434/14033/432 6505/13998/432

v 44.1319 85.5626 -99.9082
f 6505/13998/432 6434/14033/432 6506/13999/432

f 6506/13999/432 6434/14033/432 6501/14201/432

v 44.1655 85.5919 -99.9082
f 6506/13999/432 6501/14201/432 6507/14000/432

v 44.2065 85.6203 -99.9082
f 6507/14000/432 6501/14201/432 6508/14001/432

v 44.2466 85.6364 -99.9081
f 6508/14001/432 6501/14201/432 6509/14002/432

v 44.2855 85.6403 -99.9081
f 6509/14002/432 6501/14201/432 6510/14003/432

f 6510/14003/432 6501/14201/432 6500/14004/432

vt 0.520247 0.03
vn -0.33389 -0.942612 -0.000240885
vt 0.519475 0.03
vn -0.0535661 -0.998564 -3.86453e-05
vt 0.519475 0
vt 0.520247 0
f 6447/14233/2346 6446/14234/2347 6510/14235/2347 6500/14236/2346 

vt 0.886354 0.850385
f 6477/14129/258 6446/14237/258 6447/14128/258

vt 0.885577 0.850347
f 6477/14129/258 6445/14238/258 6446/14237/258

vt 0.884776 0.850186
f 6477/14129/258 6444/14239/258 6445/14238/258

vt 0.883955 0.849902
f 6477/14129/258 6443/14240/258 6444/14239/258

f 6477/14129/258 6442/14227/258 6443/14240/258

vt 1.78254 0.03
vn 0.614259 -0.789104 0.000443158
vt 1.78165 0.03
vn 0.69376 -0.720206 0.000500514
vt 1.78165 0
vt 1.78254 0
f 6443/14241/2348 6442/14242/2349 6506/14243/2349 6507/14244/2348 

vt 1.84189 0.03
vt 1.84119 0.03
vt 1.84119 0
vt 1.84189 0
f 6442/14245/2349 6441/14246/2344 6505/14247/2344 6506/14248/2349 

vt 1.69412 0.03
vn 0.47408 -0.880482 0.000342025
vt 1.69312 0.03
vt 1.69312 0
vt 1.69412 0
f 6444/14249/2350 6443/14250/2348 6507/14251/2348 6508/14252/2350 

vt 1.45498 0.03
vn 0.238046 -0.971254 0.000171739
vt 1.45412 0.03
vt 1.45412 0
vt 1.45498 0
f 6445/14253/2351 6444/14254/2350 6508/14255/2350 6509/14256/2351 

vt 1.04779 0.03
vt 1.04701 0.03
vt 1.04701 0
vt 1.04779 0
f 6446/14257/2347 6445/14258/2351 6509/14259/2351 6510/14260/2347 

vt 0.0103208 0.03
vn -0.547746 -0.836645 -0.000395172
vt 0.00948948 0.03
vt 0.00948948 0
vt 0.0103208 0
f 6448/14261/2352 6447/14262/2346 6500/14263/2346 6499/14264/2352 

vt -0.386108 0.03
vn -0.688661 -0.725084 -0.000496834
vt -0.387045 0.03
vt -0.387045 0
vt -0.386108 0
f 6449/14265/2353 6448/14266/2352 6499/14267/2352 6498/14268/2353 

vt -0.663666 0.03
vn -0.776671 -0.629906 -0.00056033
vt -0.664734 0.03
vt -0.664734 0
vt -0.663666 0
f 6450/14269/2354 6449/14270/2353 6498/14271/2353 6497/14272/2354 

vt -0.852671 0.03
vn -0.839679 -0.543082 -0.000605787
vt -0.853882 0.03
vt -0.853882 0
vt -0.852671 0
f 6451/14273/2355 6450/14274/2354 6497/14275/2354 6496/14276/2355 

vt -1.02896 0.03
vt -1.03027 0.03
vt -1.03027 0
vt -1.02896 0
f 6452/14277/2320 6451/14278/2355 6496/14279/2355 6473/14280/2320 

vt 1.83395 0.03
vt 1.83329 0.03
vt 1.83329 0
vt 1.83395 0
f 6435/14281/2298 6436/14282/2295 6438/14283/2295 6453/14284/2298 

v 45.4408 80.0734 -99.9073
vt -0.90937 0.794708
vt -0.908944 0.806595
f 6511/14285/432 6384/14286/432 2829/3251/432

v 45.3875 80.1019 -99.9073
vt -0.908305 0.794994
f 6512/14287/432 6384/14286/432 6511/14285/432

v 45.2551 80.2275 -99.9074
vt -0.905659 0.796251
f 6513/14288/432 6384/14286/432 6512/14287/432

vt -0.900897 0.805203
f 6513/14288/432 6382/14289/432 6384/14286/432

v 44.987 80.5344 -99.9076
vt -0.900305 0.799322
f 6514/14290/432 6382/14289/432 6513/14288/432

vt -0.897103 0.802725
f 6382/14289/432 6514/14290/432 6383/14291/432

vt -1.06233 0.03
vn -0.836868 -0.547405 -0.000603758
vt -1.06984 0.03
vn -0.904486 -0.426502 -0.000652542
vt -1.06984 0
vt -1.06233 0
f 6380/14292/2356 6381/14293/2357 6383/14294/2357 6514/14295/2356 

vt -0.604358 0.03
vn -0.721425 -0.692492 -0.000520473
vt -0.612504 0.03
vt -0.612504 0
vt -0.604358 0
f 6378/14296/2358 6380/14297/2356 6514/14298/2356 6513/14299/2358 

vt -0.435642 0.03
vn -0.58521 -0.810881 -0.0004222
vt -0.439291 0.03
vt -0.439291 0
vt -0.435642 0
f 6377/14300/2359 6378/14301/2358 6513/14302/2358 6512/14303/2359 

vt 0.0507297 0.03
vn -0.471913 -0.881645 -0.000340462
vt 0.049521 0.03
vt 0.049521 0
vt 0.0507297 0
f 6375/14304/2360 6377/14305/2359 6512/14306/2359 6511/14307/2360 

vt 0.0528234 0.03
vt 0.0528234 0
f 6373/14308/2276 6375/14304/2360 6511/14307/2360 6374/14309/2276 

vt -0.911215 0.794213
f 6511/14285/432 2829/3251/432 6374/14310/432

f 6374/14310/432 2829/3251/432 2830/3252/432

