# Alias OBJ Model File
# Exported from SketchUp, (c) 2000-2012 Trimble Navigation Limited
# File units = millimeters

mtllib 1.mtl

g Mesh1 ___296_1 Model

usemtl _
v 21.6149 0.547573 -167.551
vt 0.320015 0
vn -0.318266 -0.948001 -1.57874e-16
v 21.4271 0.635252 -167.551
vt 0.315871 0
vn -0.515327 -0.856994 -1.42718e-16
v 21.4271 0.635252 -169.411
vt 0.315871 0.03
v 21.6149 0.547573 -169.411
vt 0.320015 0.03
f 1/1/1 2/2/2 3/3/2 4/4/1 

v 3.92612 3 -167.551
vt 0 0.025
vn 5.7277e-32 -1.66533e-16 1
v 20.8442 3 -167.551
vt -0.338192 0.025
v 20.8442 2.9496 -167.551
vt -0.338192 0.024496
v 20.8442 2.81626 -167.551
vt -0.338192 0.0231626
v 20.8442 2.62672 -167.551
vt -0.338192 0.0212672
v 20.8442 2.40774 -167.551
vt -0.338192 0.0190774
v 20.8442 2.18609 -167.551
vt -0.338192 0.0168609
v 20.8442 1.98852 -167.551
vt -0.338192 0.0148852
v 20.8442 1.84179 -167.551
vt -0.338192 0.0134179
v 20.8442 1.77267 -167.551
vt -0.338192 0.0127267
v 20.8574 1.56934 -167.551
vt -0.338456 0.0106934
v 20.9089 1.33224 -167.551
vt -0.339485 0.00832241
v 20.9955 1.11554 -167.551
vt -0.341217 0.00615541
v 21.1134 0.92398 -167.551
vt -0.343574 0.0042398
v 21.2586 0.762302 -167.551
vt -0.346476 0.00262302
vt -0.349844 0.00135252
vt -0.353599 0.00047573
v 21.8182 0.50401 -167.551
vt -0.357663 4.01002e-05
v 22.0373 0.5 -167.551
vt -0.362041 5.41434e-15
v 22.7764 0.5 -167.551
vt -0.376817 5.41434e-15
v 23.9939 0.5 -167.551
vt -0.401155 7.21911e-15
v 25.4984 0.5 -167.551
vt -0.43123 5.41434e-15
v 27.0986 0.5 -167.551
vt -0.463217 5.41434e-15
v 28.603 0.5 -167.551
vt -0.493292 5.41434e-15
v 29.8205 0.5 -167.551
vt -0.517629 5.41434e-15
v 30.5597 0.5 -167.551
vt -0.532405 3.60956e-15
v 30.7707 0.503631 -167.551
vt -0.536624 3.63097e-05
v 30.9548 0.543076 -167.551
vt -0.540303 0.000430761
v 31.1249 0.622467 -167.551
vt -0.543703 0.00122467
v 31.2775 0.737508 -167.551
vt -0.546753 0.00237508
v 31.4089 0.883904 -167.551
vt -0.549381 0.00383904
v 31.5157 1.05736 -167.551
vt -0.551515 0.00557357
v 31.5941 1.25357 -167.551
vt -0.553083 0.00753574
v 31.6407 1.46826 -167.551
vt -0.554015 0.00968257
v 31.6527 1.65278 -167.551
vt -0.554254 0.0115278
v 31.6527 1.72866 -167.551
vt -0.554254 0.0122866
v 31.6527 1.88972 -167.551
vt -0.554254 0.0138972
v 31.6527 2.10659 -167.551
vt -0.554254 0.0160659
v 31.6527 2.34989 -167.551
vt -0.554254 0.0184989
v 31.6527 2.59025 -167.551
vt -0.554254 0.0209025
v 31.6527 2.79831 -167.551
vt -0.554254 0.0229831
v 31.6527 2.94468 -167.551
vt -0.554254 0.0244468
v 31.6527 3 -167.551
vt -0.554254 0.025
v 78.6515 3 -167.551
vt -1.49376 0.025
v 78.6515 2.9496 -167.551
vt -1.49376 0.024496
v 78.6515 2.81626 -167.551
vt -1.49376 0.0231626
v 78.6515 2.62672 -167.551
vt -1.49376 0.0212672
v 78.6515 2.40774 -167.551
vt -1.49376 0.0190774
v 78.6515 2.18609 -167.551
vt -1.49376 0.0168609
v 78.6515 1.98852 -167.551
vt -1.49376 0.0148852
v 78.6515 1.84179 -167.551
vt -1.49376 0.0134179
v 78.6515 1.77267 -167.551
vt -1.49376 0.0127267
v 78.6647 1.56934 -167.551
vt -1.49402 0.0106934
v 78.7162 1.33224 -167.551
vt -1.49505 0.00832241
v 78.8028 1.11554 -167.551
vt -1.49679 0.00615541
v 78.9207 0.92398 -167.551
vt -1.49914 0.0042398
v 79.0659 0.762302 -167.551
vt -1.50204 0.00262302
v 79.2344 0.635252 -167.551
vt -1.50541 0.00135252
v 79.4222 0.547573 -167.551
vt -1.50917 0.00047573
v 79.6255 0.50401 -167.551
vt -1.51323 4.01002e-05
v 79.8446 0.5 -167.551
vt -1.51761 5.41434e-15
v 80.5837 0.5 -167.551
vt -1.53239 5.41434e-15
v 81.8012 0.5 -167.551
vt -1.55672 7.21911e-15
v 83.3057 0.5 -167.551
vt -1.5868 5.41434e-15
v 84.9059 0.5 -167.551
vt -1.61878 5.41434e-15
v 86.4103 0.5 -167.551
vt -1.64886 5.41434e-15
v 87.6278 0.5 -167.551
vt -1.6732 5.41434e-15
v 88.367 0.5 -167.551
vt -1.68797 3.60956e-15
v 88.578 0.503631 -167.551
vt -1.69219 3.63097e-05
v 88.7621 0.543076 -167.551
vt -1.69587 0.000430761
v 88.9322 0.622467 -167.551
vt -1.69927 0.00122467
v 89.0848 0.737508 -167.551
vt -1.70232 0.00237508
v 89.2162 0.883904 -167.551
vt -1.70495 0.00383904
v 89.323 1.05736 -167.551
vt -1.70708 0.00557357
v 89.4014 1.25357 -167.551
vt -1.70865 0.00753574
v 89.448 1.46826 -167.551
vt -1.70958 0.00968257
v 89.46 1.65278 -167.551
vt -1.70982 0.0115278
v 89.46 1.72866 -167.551
vt -1.70982 0.0122866
v 89.46 1.88972 -167.551
vt -1.70982 0.0138972
v 89.46 2.10659 -167.551
vt -1.70982 0.0160659
v 89.46 2.34989 -167.551
vt -1.70982 0.0184989
v 89.46 2.59025 -167.551
vt -1.70982 0.0209025
v 89.46 2.79831 -167.551
vt -1.70982 0.0229831
v 89.46 2.94468 -167.551
vt -1.70982 0.0244468
v 89.46 3 -167.551
vt -1.70982 0.025
v 118.245 3 -167.551
vt -2.28523 0.025
v 147.029 3 -167.551
vt -2.86063 0.025
v 147.029 2.94468 -167.551
vt -2.86063 0.0244468
v 147.029 2.79831 -167.551
vt -2.86063 0.0229831
v 147.029 2.59025 -167.551
vt -2.86063 0.0209025
v 147.029 2.34989 -167.551
vt -2.86063 0.0184989
v 147.029 2.10659 -167.551
vt -2.86063 0.0160659
v 147.029 1.88972 -167.551
vt -2.86063 0.0138972
v 147.029 1.72866 -167.551
vt -2.86063 0.0122866
v 147.029 1.65278 -167.551
vt -2.86063 0.0115278
v 147.041 1.46826 -167.551
vt -2.86087 0.00968257
v 147.088 1.25357 -167.551
vt -2.8618 0.00753574
v 147.166 1.05736 -167.551
vt -2.86337 0.00557357
v 147.273 0.883904 -167.551
vt -2.8655 0.00383904
v 147.404 0.737508 -167.551
vt -2.86813 0.00237508
v 147.557 0.622467 -167.551
vt -2.87118 0.00122467
v 147.727 0.543076 -167.551
vt -2.87458 0.000430761
v 147.911 0.503631 -167.551
vt -2.87826 3.63097e-05
v 148.122 0.5 -167.551
vt -2.88248 1.80478e-15
v 148.861 0.5 -167.551
vt -2.89726 1.26881e-63
v 150.079 0.5 -167.551
vt -2.92159 1.80478e-15
v 151.583 0.5 -167.551
vt -2.95167 1.80478e-15
v 153.184 0.5 -167.551
vt -2.98366 1.80478e-15
v 154.688 0.5 -167.551
vt -3.01373 1.80478e-15
v 155.906 0.5 -167.551
vt -3.03807 1.33047e-63
v 156.645 0.5 -167.551
vt -3.05284 1.33695e-63
v 156.864 0.50401 -167.551
vt -3.05722 4.01002e-05
v 157.067 0.547573 -167.551
vt -3.06129 0.00047573
v 157.255 0.635252 -167.551
vt -3.06504 0.00135252
v 157.423 0.762302 -167.551
vt -3.06841 0.00262302
v 157.569 0.92398 -167.551
vt -3.07131 0.0042398
v 157.686 1.11554 -167.551
vt -3.07367 0.00615541
v 157.773 1.33224 -167.551
vt -3.0754 0.00832241
v 157.825 1.56934 -167.551
vt -3.07643 0.0106934
v 157.838 1.77267 -167.551
vt -3.07669 0.0127267
v 157.838 1.84179 -167.551
vt -3.07669 0.0134179
v 157.838 1.98852 -167.551
vt -3.07669 0.0148852
v 157.838 2.18609 -167.551
vt -3.07669 0.0168609
v 157.838 2.40774 -167.551
vt -3.07669 0.0190774
v 157.838 2.62672 -167.551
vt -3.07669 0.0212672
v 157.838 2.81626 -167.551
vt -3.07669 0.0231626
v 157.838 2.9496 -167.551
vt -3.07669 0.024496
v 157.838 3 -167.551
vt -3.07669 0.025
v 204.837 3 -167.551
vt -4.0162 0.025
v 204.837 2.94468 -167.551
vt -4.0162 0.0244468
v 204.837 2.79831 -167.551
vt -4.0162 0.0229831
v 204.837 2.59025 -167.551
vt -4.0162 0.0209025
v 204.837 2.34989 -167.551
vt -4.0162 0.0184989
v 204.837 2.10659 -167.551
vt -4.0162 0.0160659
v 204.837 1.88972 -167.551
vt -4.0162 0.0138972
v 204.837 1.72866 -167.551
vt -4.0162 0.0122866
v 204.837 1.65278 -167.551
vt -4.0162 0.0115278
v 204.849 1.46826 -167.551
vt -4.01644 0.00968257
v 204.895 1.25357 -167.551
vt -4.01737 0.00753574
v 204.974 1.05736 -167.551
vt -4.01894 0.00557357
v 205.08 0.883904 -167.551
vt -4.02107 0.00383904
v 205.212 0.737508 -167.551
vt -4.0237 0.00237508
v 205.364 0.622467 -167.551
vt -4.02675 0.00122467
v 205.534 0.543076 -167.551
vt -4.03015 0.000430761
v 205.719 0.503631 -167.551
vt -4.03383 3.63097e-05
v 205.93 0.5 -167.551
vt -4.03805 1.80478e-15
v 206.669 0.5 -167.551
vt -4.05282 1.77487e-63
v 207.886 0.5 -167.551
vt -4.07716 1.80478e-15
v 209.391 0.5 -167.551
vt -4.10724 1.80478e-15
v 210.991 0.5 -167.551
vt -4.13922 1.80478e-15
v 212.495 0.5 -167.551
vt -4.1693 1.80478e-15
v 213.713 0.5 -167.551
vt -4.19364 1.83654e-63
v 214.452 0.5 -167.551
vt -4.20841 1.84301e-63
v 214.671 0.50401 -167.551
vt -4.21279 4.01002e-05
v 214.874 0.547573 -167.551
vt -4.21685 0.00047573
v 215.062 0.635252 -167.551
vt -4.22061 0.00135252
v 215.231 0.762302 -167.551
vt -4.22398 0.00262302
v 215.376 0.92398 -167.551
vt -4.22688 0.0042398
v 215.494 1.11554 -167.551
vt -4.22924 0.00615541
v 215.58 1.33224 -167.551
vt -4.23097 0.00832241
v 215.632 1.56934 -167.551
vt -4.232 0.0106934
v 215.645 1.77267 -167.551
vt -4.23226 0.0127267
v 215.645 1.84179 -167.551
vt -4.23226 0.0134179
v 215.645 1.98852 -167.551
vt -4.23226 0.0148852
v 215.645 2.18609 -167.551
vt -4.23226 0.0168609
v 215.645 2.40774 -167.551
vt -4.23226 0.0190774
v 215.645 2.62672 -167.551
vt -4.23226 0.0212672
v 215.645 2.81626 -167.551
vt -4.23226 0.0231626
v 215.645 2.9496 -167.551
vt -4.23226 0.024496
v 215.645 3 -167.551
vt -4.23226 0.025
v 232.563 3 -167.551
vt -4.57045 0.025
v 232.563 6.46986 -167.551
vt -4.57045 0.0596986
v 210.448 6.46986 -167.551
vt -4.12838 0.0596986
v 207.836 6.46986 -167.551
vt -4.07616 0.0596986
v 167.094 6.46986 -167.551
vt -3.26173 0.0596986
v 164.482 6.46986 -167.551
vt -3.20951 0.0596986
v 122.809 6.46986 -167.551
vt -2.37647 0.0596986
v 120.197 6.46986 -167.551
vt -2.32426 0.0596986
v 80.0264 6.46986 -167.551
vt -1.52124 0.0596986
v 77.4144 6.46986 -167.551
vt -1.46903 0.0596986
v 36.6723 6.46986 -167.551
vt -0.654596 0.0596986
v 34.0602 6.46986 -167.551
vt -0.602381 0.0596986
v 3.92612 6.46986 -167.551
vt 0 0.0596986
f 5/5/3 6/6/3 7/7/3 8/8/3 9/9/3 10/10/3 11/11/3 12/12/3 13/13/3 14/14/3 15/15/3 16/16/3 17/17/3 18/18/3 19/19/3 2/20/3 1/21/3 20/22/3 21/23/3 22/24/3 23/25/3 24/26/3 25/27/3 26/28/3 27/29/3 28/30/3 29/31/3 30/32/3 31/33/3 32/34/3 33/35/3 34/36/3 35/37/3 36/38/3 37/39/3 38/40/3 39/41/3 40/42/3 41/43/3 42/44/3 43/45/3 44/46/3 45/47/3 46/48/3 47/49/3 48/50/3 49/51/3 50/52/3 51/53/3 52/54/3 53/55/3 54/56/3 55/57/3 56/58/3 57/59/3 58/60/3 59/61/3 60/62/3 61/63/3 62/64/3 63/65/3 64/66/3 65/67/3 66/68/3 67/69/3 68/70/3 69/71/3 70/72/3 71/73/3 72/74/3 73/75/3 74/76/3 75/77/3 76/78/3 77/79/3 78/80/3 79/81/3 80/82/3 81/83/3 82/84/3 83/85/3 84/86/3 85/87/3 86/88/3 87/89/3 88/90/3 89/91/3 90/92/3 91/93/3 92/94/3 93/95/3 94/96/3 95/97/3 96/98/3 97/99/3 98/100/3 99/101/3 100/102/3 101/103/3 102/104/3 103/105/3 104/106/3 105/107/3 106/108/3 107/109/3 108/110/3 109/111/3 110/112/3 111/113/3 112/114/3 113/115/3 114/116/3 115/117/3 116/118/3 117/119/3 118/120/3 119/121/3 120/122/3 121/123/3 122/124/3 123/125/3 124/126/3 125/127/3 126/128/3 127/129/3 128/130/3 129/131/3 130/132/3 131/133/3 132/134/3 133/135/3 134/136/3 135/137/3 136/138/3 137/139/3 138/140/3 139/141/3 140/142/3 141/143/3 142/144/3 143/145/3 144/146/3 145/147/3 146/148/3 147/149/3 148/150/3 149/151/3 150/152/3 151/153/3 152/154/3 153/155/3 154/156/3 155/157/3 156/158/3 157/159/3 158/160/3 159/161/3 160/162/3 161/163/3 162/164/3 163/165/3 164/166/3 165/167/3 166/168/3 167/169/3 168/170/3 169/171/3 170/172/3 171/173/3 172/174/3 173/175/3 174/176/3 175/177/3 176/178/3 177/179/3 178/180/3 179/181/3 180/182/3 181/183/3 182/184/3 183/185/3 184/186/3 185/187/3 

vt 0.338192 0
vn 0 -1 -1.66533e-16
vt 0 0
v 3.92612 3 -169.411
vt 0 0.03
v 20.8442 3 -169.411
vt 0.338192 0.03
f 6/188/4 5/189/4 186/190/4 187/191/4 

vt -0.049975 0
vn -1 0 -0
vt -0.119337 0
v 3.92612 6.46986 -169.411
vt -0.119337 0.03
vt -0.049975 0.03
f 5/192/5 185/193/5 188/194/5 186/195/5 

v 3.92612 19.5301 -167.551
vt -0.380413 0
v 3.92612 19.5301 -169.411
vt -0.380413 0.03
f 185/193/5 189/196/5 190/197/5 188/194/5 

vn 0 -1.66533e-16 1
v 34.0602 19.5301 -167.551
vt -0.602381 0.190301
vt 0 0.190301
f 185/187/6 184/186/6 191/198/6 189/199/6 

vn 0 1 1.66533e-16
vt -0.602381 0
v 34.0602 6.46986 -169.411
vt -0.602381 0.03
f 185/189/7 184/200/7 192/201/7 188/190/7 

vt 0.380413 0
vn 1 0 -0
vt 0.119337 0
vt 0.119337 0.03
v 34.0602 19.5301 -169.411
vt 0.380413 0.03
f 191/202/8 184/203/8 192/204/8 193/205/8 

vn 0 -4.35136e-16 1
v 36.6723 19.5301 -167.551
vt -0.654596 0.190301
f 183/185/9 194/206/9 191/198/9 184/186/9 

v 36.6723 6.46986 -169.411
v 36.6723 19.5301 -169.411
f 194/202/8 183/203/8 195/204/8 196/205/8 

v 77.4144 19.5301 -167.551
vt -1.46903 0.190301
f 182/184/9 197/207/9 194/206/9 183/185/9 

v 77.4144 6.46986 -169.411
v 77.4144 19.5301 -169.411
f 197/202/8 182/203/8 198/204/8 199/205/8 

v 80.0264 19.5301 -167.551
vt -1.52124 0.190301
f 181/183/9 200/208/9 197/207/9 182/184/9 

v 80.0264 6.46986 -169.411
v 80.0264 19.5301 -169.411
f 200/202/8 181/203/8 201/204/8 202/205/8 

v 120.197 19.5301 -167.551
vt -2.32426 0.190301
f 180/182/9 203/209/9 200/208/9 181/183/9 

v 120.197 6.46986 -169.411
v 120.197 19.5301 -169.411
f 203/202/8 180/203/8 204/204/8 205/205/8 

v 122.809 19.5301 -167.551
vt -2.37647 0.190301
f 179/181/9 206/210/9 203/209/9 180/182/9 

v 122.809 6.46986 -169.411
v 122.809 19.5301 -169.411
f 206/202/8 179/203/8 207/204/8 208/205/8 

v 164.482 19.5301 -167.551
vt -3.20951 0.190301
f 178/180/9 209/211/9 206/210/9 179/181/9 

v 164.482 6.46986 -169.411
v 164.482 19.5301 -169.411
f 209/202/8 178/203/8 210/204/8 211/205/8 

v 167.094 19.5301 -167.551
vt -3.26173 0.190301
f 177/179/9 212/212/9 209/211/9 178/180/9 

v 167.094 6.46986 -169.411
v 167.094 19.5301 -169.411
f 212/202/8 177/203/8 213/204/8 214/205/8 

v 207.836 19.5301 -167.551
vt -4.07616 0.190301
f 176/178/9 215/213/9 212/212/9 177/179/9 

v 207.836 6.46986 -169.411
v 207.836 19.5301 -169.411
f 215/202/8 176/203/8 216/204/8 217/205/8 

v 210.448 19.5301 -167.551
vt -4.12838 0.190301
f 175/177/9 218/214/9 215/213/9 176/178/9 

v 232.563 19.5301 -167.551
vt -4.57045 0.190301
f 218/214/6 175/177/6 174/176/6 219/215/6 

v 210.448 19.5301 -169.411
v 210.448 6.46986 -169.411
f 175/193/5 218/196/5 220/197/5 221/194/5 

vt 4.57045 0
vt 4.12838 0
vt 4.12838 0.03
v 232.563 19.5301 -169.411
vt 4.57045 0.03
f 219/216/4 218/217/4 220/218/4 222/219/4 

vn -4.09122e-32 -1.66533e-16 1
v 232.563 23 -167.551
vt -4.57045 0.225
v 215.645 23 -167.551
vt -4.23226 0.225
v 215.645 23.0504 -167.551
vt -4.23226 0.225504
v 215.645 23.1837 -167.551
vt -4.23226 0.226837
v 215.645 23.3733 -167.551
vt -4.23226 0.228733
v 215.645 23.5923 -167.551
vt -4.23226 0.230923
v 215.645 23.8139 -167.551
vt -4.23226 0.233139
v 215.645 24.0115 -167.551
vt -4.23226 0.235115
v 215.645 24.1582 -167.551
vt -4.23226 0.236582
v 215.645 24.2273 -167.551
vt -4.23226 0.237273
v 215.632 24.4307 -167.551
vt -4.232 0.239307
v 215.58 24.6678 -167.551
vt -4.23097 0.241678
v 215.494 24.8845 -167.551
vt -4.22924 0.243845
v 215.376 25.076 -167.551
vt -4.22688 0.24576
v 215.231 25.2377 -167.551
vt -4.22398 0.247377
v 215.062 25.3647 -167.551
vt -4.22061 0.248647
v 214.874 25.4524 -167.551
vt -4.21685 0.249524
v 214.671 25.496 -167.551
vt -4.21279 0.24996
v 214.452 25.5 -167.551
vt -4.20841 0.25
v 213.713 25.5 -167.551
vt -4.19364 0.25
v 212.495 25.5 -167.551
vt -4.1693 0.25
v 210.991 25.5 -167.551
vt -4.13922 0.25
v 209.391 25.5 -167.551
vt -4.10724 0.25
v 207.886 25.5 -167.551
vt -4.07716 0.25
v 206.669 25.5 -167.551
vt -4.05282 0.25
v 205.93 25.5 -167.551
vt -4.03805 0.25
v 205.719 25.4964 -167.551
vt -4.03383 0.249964
v 205.534 25.4569 -167.551
vt -4.03015 0.249569
v 205.364 25.3775 -167.551
vt -4.02675 0.248775
v 205.212 25.2625 -167.551
vt -4.0237 0.247625
v 205.08 25.1161 -167.551
vt -4.02107 0.246161
v 204.974 24.9426 -167.551
vt -4.01894 0.244426
v 204.895 24.7464 -167.551
vt -4.01737 0.242464
v 204.849 24.5317 -167.551
vt -4.01644 0.240317
v 204.837 24.3472 -167.551
vt -4.0162 0.238472
v 204.837 24.2713 -167.551
vt -4.0162 0.237713
v 204.837 24.1103 -167.551
vt -4.0162 0.236103
v 204.837 23.8934 -167.551
vt -4.0162 0.233934
v 204.837 23.6501 -167.551
vt -4.0162 0.231501
v 204.837 23.4097 -167.551
vt -4.0162 0.229097
v 204.837 23.2017 -167.551
vt -4.0162 0.227017
v 204.837 23.0553 -167.551
vt -4.0162 0.225553
v 204.837 23 -167.551
vt -4.0162 0.225
v 157.838 23 -167.551
vt -3.07669 0.225
v 157.838 23.0504 -167.551
vt -3.07669 0.225504
v 157.838 23.1837 -167.551
vt -3.07669 0.226837
v 157.838 23.3733 -167.551
vt -3.07669 0.228733
v 157.838 23.5923 -167.551
vt -3.07669 0.230923
v 157.838 23.8139 -167.551
vt -3.07669 0.233139
v 157.838 24.0115 -167.551
vt -3.07669 0.235115
v 157.838 24.1582 -167.551
vt -3.07669 0.236582
v 157.838 24.2273 -167.551
vt -3.07669 0.237273
v 157.825 24.4307 -167.551
vt -3.07643 0.239307
v 157.773 24.6678 -167.551
vt -3.0754 0.241678
v 157.686 24.8845 -167.551
vt -3.07367 0.243845
v 157.569 25.076 -167.551
vt -3.07131 0.24576
v 157.423 25.2377 -167.551
vt -3.06841 0.247377
v 157.255 25.3647 -167.551
vt -3.06504 0.248647
v 157.067 25.4524 -167.551
vt -3.06129 0.249524
v 156.864 25.496 -167.551
vt -3.05722 0.24996
v 156.645 25.5 -167.551
vt -3.05284 0.25
v 155.906 25.5 -167.551
vt -3.03807 0.25
v 154.688 25.5 -167.551
vt -3.01373 0.25
v 153.184 25.5 -167.551
vt -2.98366 0.25
v 151.583 25.5 -167.551
vt -2.95167 0.25
v 150.079 25.5 -167.551
vt -2.92159 0.25
v 148.861 25.5 -167.551
vt -2.89726 0.25
v 148.122 25.5 -167.551
vt -2.88248 0.25
v 147.911 25.4964 -167.551
vt -2.87826 0.249964
v 147.727 25.4569 -167.551
vt -2.87458 0.249569
v 147.557 25.3775 -167.551
vt -2.87118 0.248775
v 147.404 25.2625 -167.551
vt -2.86813 0.247625
v 147.273 25.1161 -167.551
vt -2.8655 0.246161
v 147.166 24.9426 -167.551
vt -2.86337 0.244426
v 147.088 24.7464 -167.551
vt -2.8618 0.242464
v 147.041 24.5317 -167.551
vt -2.86087 0.240317
v 147.029 24.3472 -167.551
vt -2.86063 0.238472
v 147.029 24.2713 -167.551
vt -2.86063 0.237713
v 147.029 24.1103 -167.551
vt -2.86063 0.236103
v 147.029 23.8934 -167.551
vt -2.86063 0.233934
v 147.029 23.6501 -167.551
vt -2.86063 0.231501
v 147.029 23.4097 -167.551
vt -2.86063 0.229097
v 147.029 23.2017 -167.551
vt -2.86063 0.227017
v 147.029 23.0553 -167.551
vt -2.86063 0.225553
v 147.029 23 -167.551
vt -2.86063 0.225
v 118.245 23 -167.551
vt -2.28523 0.225
v 89.46 23 -167.551
vt -1.70982 0.225
v 89.46 23.0553 -167.551
vt -1.70982 0.225553
v 89.46 23.2017 -167.551
vt -1.70982 0.227017
v 89.46 23.4097 -167.551
vt -1.70982 0.229097
v 89.46 23.6501 -167.551
vt -1.70982 0.231501
v 89.46 23.8934 -167.551
vt -1.70982 0.233934
v 89.46 24.1103 -167.551
vt -1.70982 0.236103
v 89.46 24.2713 -167.551
vt -1.70982 0.237713
v 89.46 24.3472 -167.551
vt -1.70982 0.238472
v 89.448 24.5317 -167.551
vt -1.70958 0.240317
v 89.4014 24.7464 -167.551
vt -1.70865 0.242464
v 89.323 24.9426 -167.551
vt -1.70708 0.244426
v 89.2162 25.1161 -167.551
vt -1.70495 0.246161
v 89.0848 25.2625 -167.551
vt -1.70232 0.247625
v 88.9322 25.3775 -167.551
vt -1.69927 0.248775
v 88.7621 25.4569 -167.551
vt -1.69587 0.249569
v 88.578 25.4964 -167.551
vt -1.69219 0.249964
v 88.367 25.5 -167.551
vt -1.68797 0.25
v 87.6278 25.5 -167.551
vt -1.6732 0.25
v 86.4103 25.5 -167.551
vt -1.64886 0.25
v 84.9059 25.5 -167.551
vt -1.61878 0.25
v 83.3057 25.5 -167.551
vt -1.5868 0.25
v 81.8012 25.5 -167.551
vt -1.55672 0.25
v 80.5837 25.5 -167.551
vt -1.53239 0.25
v 79.8446 25.5 -167.551
vt -1.51761 0.25
v 79.6255 25.496 -167.551
vt -1.51323 0.24996
v 79.4222 25.4524 -167.551
vt -1.50917 0.249524
v 79.2344 25.3647 -167.551
vt -1.50541 0.248647
v 79.0659 25.2377 -167.551
vt -1.50204 0.247377
v 78.9207 25.076 -167.551
vt -1.49914 0.24576
v 78.8028 24.8845 -167.551
vt -1.49679 0.243845
v 78.7162 24.6678 -167.551
vt -1.49505 0.241678
v 78.6647 24.4307 -167.551
vt -1.49402 0.239307
v 78.6515 24.2273 -167.551
vt -1.49376 0.237273
v 78.6515 24.1582 -167.551
vt -1.49376 0.236582
v 78.6515 24.0115 -167.551
vt -1.49376 0.235115
v 78.6515 23.8139 -167.551
vt -1.49376 0.233139
v 78.6515 23.5923 -167.551
vt -1.49376 0.230923
v 78.6515 23.3733 -167.551
vt -1.49376 0.228733
v 78.6515 23.1837 -167.551
vt -1.49376 0.226837
v 78.6515 23.0504 -167.551
vt -1.49376 0.225504
v 78.6515 23 -167.551
vt -1.49376 0.225
v 31.6527 23 -167.551
vt -0.554254 0.225
v 31.6527 23.0553 -167.551
vt -0.554254 0.225553
v 31.6527 23.2017 -167.551
vt -0.554254 0.227017
v 31.6527 23.4097 -167.551
vt -0.554254 0.229097
v 31.6527 23.6501 -167.551
vt -0.554254 0.231501
v 31.6527 23.8934 -167.551
vt -0.554254 0.233934
v 31.6527 24.1103 -167.551
vt -0.554254 0.236103
v 31.6527 24.2713 -167.551
vt -0.554254 0.237713
v 31.6527 24.3472 -167.551
vt -0.554254 0.238472
v 31.6407 24.5317 -167.551
vt -0.554015 0.240317
v 31.5941 24.7464 -167.551
vt -0.553083 0.242464
v 31.5157 24.9426 -167.551
vt -0.551515 0.244426
v 31.4089 25.1161 -167.551
vt -0.549381 0.246161
v 31.2775 25.2625 -167.551
vt -0.546753 0.247625
v 31.1249 25.3775 -167.551
vt -0.543703 0.248775
v 30.9548 25.4569 -167.551
vt -0.540303 0.249569
v 30.7707 25.4964 -167.551
vt -0.536624 0.249964
v 30.5597 25.5 -167.551
vt -0.532405 0.25
v 29.8205 25.5 -167.551
vt -0.517629 0.25
v 28.603 25.5 -167.551
vt -0.493292 0.25
v 27.0986 25.5 -167.551
vt -0.463217 0.25
v 25.4984 25.5 -167.551
vt -0.43123 0.25
v 23.9939 25.5 -167.551
vt -0.401155 0.25
v 22.7764 25.5 -167.551
vt -0.376817 0.25
v 22.0373 25.5 -167.551
vt -0.362041 0.25
v 21.8182 25.496 -167.551
vt -0.357663 0.24996
v 21.6149 25.4524 -167.551
vt -0.353599 0.249524
v 21.4271 25.3647 -167.551
vt -0.349844 0.248647
v 21.2586 25.2377 -167.551
vt -0.346476 0.247377
v 21.1134 25.076 -167.551
vt -0.343574 0.24576
v 20.9955 24.8845 -167.551
vt -0.341217 0.243845
v 20.9089 24.6678 -167.551
vt -0.339485 0.241678
v 20.8574 24.4307 -167.551
vt -0.338456 0.239307
v 20.8442 24.2273 -167.551
vt -0.338192 0.237273
v 20.8442 24.1582 -167.551
vt -0.338192 0.236582
v 20.8442 24.0115 -167.551
vt -0.338192 0.235115
v 20.8442 23.8139 -167.551
vt -0.338192 0.233139
v 20.8442 23.5923 -167.551
vt -0.338192 0.230923
v 20.8442 23.3733 -167.551
vt -0.338192 0.228733
v 20.8442 23.1837 -167.551
vt -0.338192 0.226837
v 20.8442 23.0504 -167.551
vt -0.338192 0.225504
v 20.8442 23 -167.551
vt -0.338192 0.225
v 3.92612 23 -167.551
vt 0 0.225
f 194/206/10 197/207/10 200/208/10 203/209/10 206/210/10 209/211/10 212/212/10 215/213/10 218/214/10 219/215/10 223/220/10 224/221/10 225/222/10 226/223/10 227/224/10 228/225/10 229/226/10 230/227/10 231/228/10 232/229/10 233/230/10 234/231/10 235/232/10 236/233/10 237/234/10 238/235/10 239/236/10 240/237/10 241/238/10 242/239/10 243/240/10 244/241/10 245/242/10 246/243/10 247/244/10 248/245/10 249/246/10 250/247/10 251/248/10 252/249/10 253/250/10 254/251/10 255/252/10 256/253/10 257/254/10 258/255/10 259/256/10 260/257/10 261/258/10 262/259/10 263/260/10 264/261/10 265/262/10 266/263/10 267/264/10 268/265/10 269/266/10 270/267/10 271/268/10 272/269/10 273/270/10 274/271/10 275/272/10 276/273/10 277/274/10 278/275/10 279/276/10 280/277/10 281/278/10 282/279/10 283/280/10 284/281/10 285/282/10 286/283/10 287/284/10 288/285/10 289/286/10 290/287/10 291/288/10 292/289/10 293/290/10 294/291/10 295/292/10 296/293/10 297/294/10 298/295/10 299/296/10 300/297/10 301/298/10 302/299/10 303/300/10 304/301/10 305/302/10 306/303/10 307/304/10 308/305/10 309/306/10 310/307/10 311/308/10 312/309/10 313/310/10 314/311/10 315/312/10 316/313/10 317/314/10 318/315/10 319/316/10 320/317/10 321/318/10 322/319/10 323/320/10 324/321/10 325/322/10 326/323/10 327/324/10 328/325/10 329/326/10 330/327/10 331/328/10 332/329/10 333/330/10 334/331/10 335/332/10 336/333/10 337/334/10 338/335/10 339/336/10 340/337/10 341/338/10 342/339/10 343/340/10 344/341/10 345/342/10 346/343/10 347/344/10 348/345/10 349/346/10 350/347/10 351/348/10 352/349/10 353/350/10 354/351/10 355/352/10 356/353/10 357/354/10 358/355/10 359/356/10 360/357/10 361/358/10 362/359/10 363/360/10 364/361/10 365/362/10 366/363/10 367/364/10 368/365/10 369/366/10 370/367/10 371/368/10 372/369/10 373/370/10 374/371/10 375/372/10 376/373/10 377/374/10 378/375/10 379/376/10 380/377/10 381/378/10 382/379/10 383/380/10 384/381/10 385/382/10 386/383/10 387/384/10 388/385/10 389/386/10 390/387/10 391/388/10 392/389/10 393/390/10 189/199/10 191/198/10 

vt 1.46903 0
vt 0.654596 0
vt 0.654596 0.03
vt 1.46903 0.03
f 197/391/4 194/392/4 196/393/4 199/394/4 

vt 0.602381 0
vt 0.602381 0.03
f 194/392/4 191/395/4 193/396/4 196/393/4 

f 191/395/4 189/189/4 190/190/4 193/396/4 

vt -0.449775 0
v 3.92612 23 -169.411
vt -0.449775 0.03
f 189/196/5 393/397/5 394/398/5 190/197/5 

vt -0.338192 0
v 20.8442 23 -169.411
vt -0.338192 0.03
f 393/189/7 392/399/7 395/400/7 394/190/7 

vt -0.449775 9.7574e-46
vn -1 5.95492e-61 -3.57581e-45
vt -0.450782 9.7574e-46
v 20.8442 23.0504 -169.411
vt -0.450782 0.03
f 392/401/11 391/402/11 396/403/11 395/398/11 

vt -0.453448 9.7574e-46
v 20.8442 23.1837 -169.411
vt -0.453448 0.03
f 391/402/11 390/404/11 397/405/11 396/403/11 

vt -0.457237 9.7574e-46
v 20.8442 23.3733 -169.411
vt -0.457237 0.03
f 390/404/11 389/406/11 398/407/11 397/405/11 

vt -0.461614 9.7574e-46
v 20.8442 23.5923 -169.411
vt -0.461614 0.03
f 389/406/11 388/408/11 399/409/11 398/407/11 

vt -0.466045 9.7574e-46
v 20.8442 23.8139 -169.411
vt -0.466045 0.03
f 388/408/11 387/410/11 400/411/11 399/409/11 

vt -0.469994 9.7574e-46
v 20.8442 24.0115 -169.411
vt -0.469994 0.03
f 387/410/11 386/412/11 401/413/11 400/411/11 

vt -0.472928 9.7574e-46
v 20.8442 24.1582 -169.411
vt -0.472928 0.03
f 386/412/11 385/414/11 402/415/11 401/413/11 

vt -0.474309 9.7574e-46
v 20.8442 24.2273 -169.411
vt -0.474309 0.03
f 385/414/11 384/416/11 403/417/11 402/415/11 

vt -0.472928 0
vt -0.474309 0
f 402/415/5 385/418/5 384/419/5 403/417/5 

f 402/415/5 385/418/5 384/419/5 403/417/5 

vt -0.495219 0
vn -0.9979 0.064773 1.07869e-17
vt -0.499292 0
v 20.8574 24.4307 -169.411
vt -0.499292 0.03
vt -0.495219 0.03
f 384/420/12 383/421/12 404/422/12 403/423/12 

f 383/421/12 404/422/12 403/423/12 384/420/12 

vt -0.539298 0
vn -0.977228 0.212193 3.53372e-17
vt -0.544148 0
vn -0.956181 0.292778 4.87573e-17
v 20.9089 24.6678 -169.411
vt -0.544148 0.03
vt -0.539298 0.03
f 383/424/13 382/425/14 405/426/14 404/427/13 

vt -0.574632 0
vt -0.579298 0
vn -0.893344 0.449374 7.48359e-17
v 20.9955 24.8845 -169.411
vt -0.579298 0.03
vt -0.574632 0.03
f 382/428/14 381/429/15 406/430/15 405/431/14 

vt -0.593969 0
vt -0.598466 0
vn -0.801101 0.59853 9.96752e-17
v 21.1134 25.076 -169.411
vt -0.598466 0.03
vt -0.593969 0.03
f 381/432/15 380/433/16 407/434/16 406/435/15 

vt -0.595086 0
vt -0.59943 0
vn -0.676224 0.736696 1.22685e-16
v 21.2586 25.2377 -169.411
vt -0.59943 0.03
vt -0.595086 0.03
f 380/436/16 379/437/17 408/438/17 407/439/16 

vt -0.57437 0
vt -0.578588 0
vn -0.515327 0.856994 1.42718e-16
v 21.4271 25.3647 -169.411
vt -0.578588 0.03
vt -0.57437 0.03
f 379/440/17 378/441/18 409/442/18 408/443/17 

vt -0.527233 0
vt -0.531377 0
vn -0.318266 0.948001 1.57874e-16
v 21.6149 25.4524 -169.411
vt -0.531377 0.03
vt -0.527233 0.03
f 378/444/18 377/445/19 410/446/19 409/447/18 

vt -0.450273 0
vt -0.454428 0
vn -0.209552 0.977797 1.62836e-16
v 21.8182 25.496 -169.411
vt -0.454428 0.03
vt -0.450273 0.03
f 377/448/19 376/449/20 411/450/20 410/451/19 

vt -0.366748 0
vn -0.0183032 0.999832 1.66506e-16
vt -0.371128 0
v 22.0373 25.5 -169.411
vt -0.371128 0.03
vt -0.366748 0.03
f 376/452/21 375/453/21 412/454/21 411/455/21 

f 411/455/21 376/452/21 375/453/21 412/454/21 

vn -0.0183032 0.999832 2.69739e-16
vt -0.366748 4.10675e-17
vt -0.371128 4.10675e-17
f 411/455/22 376/456/22 375/457/22 412/454/22 

vt -0.362041 0
vt -0.376817 0
v 22.7764 25.5 -169.411
vt -0.376817 0.03
vt -0.362041 0.03
f 375/458/7 374/459/7 413/460/7 412/461/7 

f 374/459/7 413/460/7 412/461/7 375/458/7 

vt -0.401155 0
v 23.9939 25.5 -169.411
vt -0.401155 0.03
f 374/459/7 373/462/7 414/463/7 413/460/7 

vt -0.43123 0
v 25.4984 25.5 -169.411
vt -0.43123 0.03
f 373/462/7 372/464/7 415/465/7 414/463/7 

vt -0.463217 0
v 27.0986 25.5 -169.411
vt -0.463217 0.03
f 372/464/7 371/466/7 416/467/7 415/465/7 

vt -0.493292 0
v 28.603 25.5 -169.411
vt -0.493292 0.03
f 371/466/7 370/468/7 417/469/7 416/467/7 

vt -0.517629 0
v 29.8205 25.5 -169.411
vt -0.517629 0.03
f 370/468/7 369/470/7 418/471/7 417/469/7 

vt -0.532405 0
v 30.5597 25.5 -169.411
vt -0.532405 0.03
f 369/470/7 368/472/7 419/473/7 418/471/7 

f 418/471/7 369/470/7 368/472/7 419/473/7 

vn 0 1 2.69784e-16
vt -0.517629 4.16334e-17
vt -0.532405 4.16334e-17
f 418/471/23 369/474/23 368/475/23 419/473/23 

vt -0.523729 0
vn 0.0172024 0.999852 1.66509e-16
vt -0.527949 0
v 30.7707 25.4964 -169.411
vt -0.527949 0.03
vt -0.523729 0.03
f 368/476/24 367/477/24 420/478/24 419/479/24 

f 367/477/24 420/478/24 419/479/24 368/476/24 

vt -0.420001 -7.41202e-33
vn 0.209552 0.977797 1.62836e-16
vt -0.423764 -7.41202e-33
vn 0.318266 0.948001 1.57874e-16
v 30.9548 25.4569 -169.411
vt -0.423764 0.03
vt -0.420001 0.03
f 367/480/25 366/481/26 421/482/26 420/483/25 

vt -0.278603 0
vt -0.282356 0
vn 0.515327 0.856994 1.42718e-16
v 31.1249 25.3775 -169.411
vt -0.282356 0.03
vt -0.278603 0.03
f 366/484/26 365/485/27 422/486/27 421/487/26 

vt -0.134703 0
vt -0.138523 0
vn 0.676224 0.736696 1.22685e-16
v 31.2775 25.2625 -169.411
vt -0.138523 0.03
vt -0.134703 0.03
f 365/488/27 364/489/28 423/490/28 422/491/27 

vt 0.00303911 0
vt -0.000893865 0
vn 0.801101 0.59853 9.96752e-17
v 31.4089 25.1161 -169.411
vt -0.000893865 0.03
vt 0.00303911 0.03
f 364/492/28 363/493/29 424/494/29 423/495/28 

vt 0.131128 4.47523e-33
vt 0.127057 4.47523e-33
vn 0.893344 0.449374 7.48359e-17
v 31.5157 24.9426 -169.411
vt 0.127057 0.03
vt 0.131128 0.03
f 363/496/29 362/497/30 425/498/30 424/499/29 

vt 0.248878 0
vt 0.244654 0
vn 0.956181 0.292778 4.87573e-17
v 31.5941 24.7464 -169.411
vt 0.244654 0.03
vt 0.248878 0.03
f 362/500/30 361/501/31 426/502/31 425/503/30 

vt 0.356288 0
vt 0.351897 0
vn 0.977228 0.212193 3.53372e-17
v 31.6407 24.5317 -169.411
vt 0.351897 0.03
vt 0.356288 0.03
f 361/504/31 360/505/32 427/506/32 426/507/31 

vt 0.443585 0
vn 0.997909 0.064628 1.07627e-17
vt 0.439889 0
v 31.6527 24.3472 -169.411
vt 0.439889 0.03
vt 0.443585 0.03
f 360/508/33 359/509/33 428/510/33 427/511/33 

vt 0.443585 4.50048e-34
vt 0.439889 4.50048e-34
f 427/511/33 360/512/33 359/513/33 428/510/33 

vn 0.997909 0.064628 1.74356e-17
vt 0.443585 3.14377e-18
vt 0.439889 3.14377e-18
f 427/511/34 360/514/34 359/515/34 428/510/34 

vt 0.476706 1.59911e-45
vn 1 -5.95492e-61 3.57581e-45
vt 0.475189 1.59911e-45
v 31.6527 24.2713 -169.411
vt 0.475189 0.03
vt 0.476706 0.03
f 359/516/35 358/517/35 429/518/35 428/519/35 

vt 0.475189 0
vt 0.476706 0
f 358/520/8 429/518/8 428/519/8 359/521/8 

vt 0.471969 1.59911e-45
v 31.6527 24.1103 -169.411
vt 0.471969 0.03
f 358/517/35 357/522/35 430/523/35 429/518/35 

vt 0.467634 1.59911e-45
v 31.6527 23.8934 -169.411
vt 0.467634 0.03
f 357/522/35 356/524/35 431/525/35 430/523/35 

vt 0.462771 1.59911e-45
v 31.6527 23.6501 -169.411
vt 0.462771 0.03
f 356/524/35 355/526/35 432/527/35 431/525/35 

vt 0.457966 1.59911e-45
v 31.6527 23.4097 -169.411
vt 0.457966 0.03
f 355/526/35 354/528/35 433/529/35 432/527/35 

vt 0.453807 1.59911e-45
v 31.6527 23.2017 -169.411
vt 0.453807 0.03
f 354/528/35 353/530/35 434/531/35 433/529/35 

vt 0.450881 1.59911e-45
v 31.6527 23.0553 -169.411
vt 0.450881 0.03
f 353/530/35 352/532/35 435/533/35 434/531/35 

vt 0.449775 1.59911e-45
v 31.6527 23 -169.411
vt 0.449775 0.03
f 352/532/35 351/534/35 436/535/35 435/533/35 

vt -0.554254 0
vt -1.49376 0
v 78.6515 23 -169.411
vt -1.49376 0.03
vt -0.554254 0.03
f 351/536/7 350/537/7 437/538/7 436/539/7 

vt -0.449775 4.30975e-45
vt -0.450782 4.30975e-45
v 78.6515 23.0504 -169.411
f 350/540/11 349/541/11 438/403/11 437/398/11 

vt -0.453448 4.30975e-45
v 78.6515 23.1837 -169.411
f 349/541/11 348/542/11 439/405/11 438/403/11 

vt -0.457237 4.30975e-45
vn -1 -1.64838e-12 -2.74511e-28
v 78.6515 23.3733 -169.411
f 348/542/11 347/543/36 440/407/36 439/405/11 

vt -0.457237 0
vt -0.461614 0
vn -1 -1.99e-14 -3.31402e-30
v 78.6515 23.5923 -169.411
f 347/544/36 346/545/37 441/409/37 440/407/36 

vt -0.466045 0
vn -1 1.62848e-12 2.71197e-28
v 78.6515 23.8139 -169.411
f 346/545/37 345/546/38 442/411/38 441/409/37 

vt -0.466045 4.30975e-45
vt -0.469994 4.30975e-45
v 78.6515 24.0115 -169.411
f 345/547/38 344/548/11 443/413/11 442/411/38 

vt -0.472928 4.30975e-45
v 78.6515 24.1582 -169.411
f 344/548/11 343/549/11 444/415/11 443/413/11 

vt -0.474309 4.30975e-45
v 78.6515 24.2273 -169.411
f 343/549/11 342/550/11 445/417/11 444/415/11 

f 444/415/5 343/418/5 342/419/5 445/417/5 

f 444/415/5 343/418/5 342/419/5 445/417/5 

vt -0.570069 0
vt -0.574142 0
v 78.6647 24.4307 -169.411
vt -0.574142 0.03
vt -0.570069 0.03
f 342/551/12 341/552/12 446/553/12 445/554/12 

f 341/552/12 446/553/12 445/554/12 342/551/12 

vt -0.784501 0
vt -0.789351 0
v 78.7162 24.6678 -169.411
vt -0.789351 0.03
vt -0.784501 0.03
f 341/555/13 340/556/14 447/557/14 446/558/13 

vt -1.00373 0
vt -1.0084 0
v 78.8028 24.8845 -169.411
vt -1.0084 0.03
vt -1.00373 0.03
f 340/559/14 339/560/15 448/561/15 447/562/14 

vt -1.19963 0
vt -1.20413 0
v 78.9207 25.076 -169.411
vt -1.20413 0.03
vt -1.19963 0.03
f 339/563/15 338/564/16 449/565/16 448/566/15 

vt -1.36711 0
vt -1.37146 0
v 79.0659 25.2377 -169.411
vt -1.37146 0.03
vt -1.36711 0.03
f 338/567/16 337/568/17 450/569/17 449/570/16 

vt -1.49702 0
vt -1.50124 0
v 79.2344 25.3647 -169.411
vt -1.50124 0.03
vt -1.49702 0.03
f 337/571/17 336/572/18 451/573/18 450/574/17 

vt -1.57436 0
vt -1.57851 0
v 79.4222 25.4524 -169.411
vt -1.57851 0.03
vt -1.57436 0.03
f 336/575/18 335/576/19 452/577/19 451/578/18 

vt -1.58018 0
vt -1.58434 0
v 79.6255 25.496 -169.411
vt -1.58434 0.03
vt -1.58018 0.03
f 335/579/19 334/580/20 453/581/20 452/582/19 

vt -1.52212 0
vt -1.5265 0
v 79.8446 25.5 -169.411
vt -1.5265 0.03
vt -1.52212 0.03
f 334/583/21 333/584/21 454/585/21 453/586/21 

f 453/586/21 334/583/21 333/584/21 454/585/21 

vt -1.52212 3.93057e-17
vt -1.5265 3.93057e-17
f 453/586/22 334/587/22 333/588/22 454/585/22 

vt -1.51761 0
vt -1.53239 0
v 80.5837 25.5 -169.411
vt -1.53239 0.03
vt -1.51761 0.03
f 333/589/7 332/590/7 455/591/7 454/592/7 

f 332/590/7 455/591/7 454/592/7 333/589/7 

vt -1.55672 0
v 81.8012 25.5 -169.411
vt -1.55672 0.03
f 332/590/7 331/593/7 456/594/7 455/591/7 

vt -1.5868 0
v 83.3057 25.5 -169.411
vt -1.5868 0.03
f 331/593/7 330/595/7 457/596/7 456/594/7 

vt -1.61878 0
v 84.9059 25.5 -169.411
vt -1.61878 0.03
f 330/595/7 329/597/7 458/598/7 457/596/7 

vt -1.64886 0
v 86.4103 25.5 -169.411
vt -1.64886 0.03
f 329/597/7 328/599/7 459/600/7 458/598/7 

vt -1.6732 0
v 87.6278 25.5 -169.411
vt -1.6732 0.03
f 328/599/7 327/601/7 460/602/7 459/600/7 

vt -1.68797 0
v 88.367 25.5 -169.411
vt -1.68797 0.03
f 327/601/7 326/603/7 461/604/7 460/602/7 

f 460/602/7 327/601/7 326/603/7 461/604/7 

vt -1.6732 4.16334e-17
vt -1.68797 4.16334e-17
f 460/602/23 327/605/23 326/606/23 461/604/23 

vt -1.67913 0
vt -1.68335 0
v 88.578 25.4964 -169.411
vt -1.68335 0.03
vt -1.67913 0.03
f 326/607/24 325/608/24 462/609/24 461/610/24 

f 325/608/24 462/609/24 461/610/24 326/607/24 

vt -1.54991 0
vt -1.55368 0
v 88.7621 25.4569 -169.411
vt -1.55368 0.03
vt -1.54991 0.03
f 325/611/25 324/612/26 463/613/26 462/614/25 

vt -1.32573 -1.44202e-32
vt -1.32948 -1.44202e-32
v 88.9322 25.3775 -169.411
vt -1.32948 0.03
vt -1.32573 0.03
f 324/615/26 323/616/27 464/617/27 463/618/26 

vt -1.05736 0
vt -1.06118 0
v 89.0848 25.2625 -169.411
vt -1.06118 0.03
vt -1.05736 0.03
f 323/619/27 322/620/28 465/621/28 464/622/27 

vt -0.768987 0
vt -0.77292 0
v 89.2162 25.1161 -169.411
vt -0.77292 0.03
vt -0.768987 0.03
f 322/623/28 321/624/29 466/625/29 465/626/28 

vt -0.474534 1.05434e-32
vt -0.478606 1.05434e-32
v 89.323 24.9426 -169.411
vt -0.478606 0.03
vt -0.474534 0.03
f 321/627/29 320/628/30 467/629/30 466/630/29 

vt -0.18022 0
vt -0.184445 0
v 89.4014 24.7464 -169.411
vt -0.184445 0.03
vt -0.18022 0.03
f 320/631/30 319/632/31 468/633/31 467/634/30 

vt 0.111085 0
vt 0.106694 0
v 89.448 24.5317 -169.411
vt 0.106694 0.03
vt 0.111085 0.03
f 319/635/31 318/636/32 469/637/32 468/638/31 

vt 0.368903 0
vt 0.365207 0
v 89.46 24.3472 -169.411
vt 0.365207 0.03
vt 0.368903 0.03
f 318/639/33 317/640/33 470/641/33 469/642/33 

f 469/642/33 318/639/33 317/640/33 470/641/33 

vt 0.368903 9.35241e-18
vt 0.365207 9.35241e-18
f 469/642/34 318/643/34 317/644/34 470/641/34 

vt 0.476706 4.93312e-45
vt 0.475189 4.93312e-45
v 89.46 24.2713 -169.411
f 317/645/35 316/646/35 471/518/35 470/519/35 

f 316/520/8 471/518/8 470/519/8 317/521/8 

vt 0.471969 4.93312e-45
v 89.46 24.1103 -169.411
f 316/646/35 315/647/35 472/523/35 471/518/35 

vt 0.467634 4.93312e-45
v 89.46 23.8934 -169.411
f 315/647/35 314/648/35 473/525/35 472/523/35 

vt 0.462771 4.93312e-45
v 89.46 23.6501 -169.411
f 314/648/35 313/649/35 474/527/35 473/525/35 

vt 0.457966 4.93312e-45
v 89.46 23.4097 -169.411
f 313/649/35 312/650/35 475/529/35 474/527/35 

vt 0.453807 4.93312e-45
v 89.46 23.2017 -169.411
f 312/650/35 311/651/35 476/531/35 475/529/35 

vt 0.450881 4.93312e-45
v 89.46 23.0553 -169.411
f 311/651/35 310/652/35 477/533/35 476/531/35 

vt 0.449775 4.93312e-45
v 89.46 23 -169.411
f 310/652/35 309/653/35 478/535/35 477/533/35 

vt -1.70982 0
vt -2.28523 0
vn 3.13497e-15 1 1.66533e-16
v 118.245 23 -169.411
vt -2.28523 0.03
vt -1.70982 0.03
f 309/654/7 308/655/39 479/656/39 478/657/7 

vt -2.86063 0
vn 6.26994e-15 1 1.66533e-16
v 147.029 23 -169.411
vt -2.86063 0.03
f 308/655/39 307/658/40 480/659/40 479/656/39 

vt -0.449775 8.2534e-45
vt -0.450881 8.2534e-45
v 147.029 23.0553 -169.411
vt -0.450881 0.03
f 307/660/11 306/661/11 481/662/11 480/398/11 

vt -0.453807 8.2534e-45
v 147.029 23.2017 -169.411
vt -0.453807 0.03
f 306/661/11 305/663/11 482/664/11 481/662/11 

vt -0.457966 8.2534e-45
v 147.029 23.4097 -169.411
vt -0.457966 0.03
f 305/663/11 304/665/11 483/666/11 482/664/11 

vt -0.462771 8.2534e-45
v 147.029 23.6501 -169.411
vt -0.462771 0.03
f 304/665/11 303/667/11 484/668/11 483/666/11 

vt -0.467634 8.2534e-45
v 147.029 23.8934 -169.411
vt -0.467634 0.03
f 303/667/11 302/669/11 485/670/11 484/668/11 

vt -0.471969 8.2534e-45
v 147.029 24.1103 -169.411
vt -0.471969 0.03
f 302/669/11 301/671/11 486/672/11 485/670/11 

vt -0.475189 8.2534e-45
v 147.029 24.2713 -169.411
vt -0.475189 0.03
f 301/671/11 300/673/11 487/674/11 486/672/11 

vt -0.476706 8.2534e-45
v 147.029 24.3472 -169.411
vt -0.476706 0.03
f 300/673/11 299/675/11 488/676/11 487/674/11 

vt -0.475189 0
vt -0.476706 0
f 487/674/5 300/677/5 299/678/5 488/676/5 

f 487/674/5 300/677/5 299/678/5 488/676/5 

vt -0.660586 0
vn -0.997909 0.064628 1.07627e-17
vt -0.664283 0
v 147.041 24.5317 -169.411
vt -0.664283 0.03
vt -0.660586 0.03
f 299/679/41 298/680/41 489/681/41 488/682/41 

f 298/680/41 489/681/41 488/682/41 299/679/41 

vt -1.07651 0
vt -1.0809 0
v 147.088 24.7464 -169.411
vt -1.0809 0.03
vt -1.07651 0.03
f 298/683/13 297/684/14 490/685/14 489/686/13 

vt -1.51271 0
vt -1.51693 0
v 147.166 24.9426 -169.411
vt -1.51693 0.03
vt -1.51271 0.03
f 297/687/14 296/688/15 491/689/15 490/690/14 

vt -1.91688 -1.34573e-32
vt -1.92095 -1.34573e-32
v 147.273 25.1161 -169.411
vt -1.92095 0.03
vt -1.91688 0.03
f 296/691/15 295/692/16 492/693/16 491/694/15 

vt -2.28056 0
vt -2.2845 0
v 147.404 25.2625 -169.411
vt -2.2845 0.03
vt -2.28056 0.03
f 295/695/16 294/696/17 493/697/17 492/698/16 

vt -2.58806 0
vt -2.59188 0
v 147.557 25.3775 -169.411
vt -2.59188 0.03
vt -2.58806 0.03
f 294/699/17 293/700/18 494/701/18 493/702/17 

vt -2.81208 0
vt -2.81583 0
v 147.727 25.4569 -169.411
vt -2.81583 0.03
vt -2.81208 0.03
f 293/703/18 292/704/19 495/705/19 494/706/18 

vt -2.9153 0
vt -2.91907 0
v 147.911 25.4964 -169.411
vt -2.91907 0.03
vt -2.9153 0.03
f 292/707/19 291/708/20 496/709/20 495/710/19 

vt -2.88643 0
vn -0.0172024 0.999852 1.66509e-16
vt -2.89065 0
v 148.122 25.5 -169.411
vt -2.89065 0.03
vt -2.88643 0.03
f 291/711/42 290/712/42 497/713/42 496/714/42 

f 496/714/42 291/711/42 290/712/42 497/713/42 

vn -0.0172024 0.999852 2.69744e-16
vt -2.88643 3.74907e-17
vt -2.89065 3.74907e-17
f 496/714/43 291/715/43 290/716/43 497/713/43 

vt -2.88248 0
vt -2.89726 0
v 148.861 25.5 -169.411
vt -2.89726 0.03
vt -2.88248 0.03
f 290/717/7 289/718/7 498/719/7 497/720/7 

f 289/718/7 498/719/7 497/720/7 290/717/7 

vt -2.92159 0
v 150.079 25.5 -169.411
vt -2.92159 0.03
f 289/718/7 288/721/7 499/722/7 498/719/7 

vt -2.95167 0
v 151.583 25.5 -169.411
vt -2.95167 0.03
f 288/721/7 287/723/7 500/724/7 499/722/7 

vt -2.98366 0
vn -5.99799e-14 1 1.66533e-16
v 153.184 25.5 -169.411
vt -2.98366 0.03
f 287/723/7 286/725/44 501/726/44 500/724/7 

vt -3.01373 0
vn 1.41388e-14 1 1.66533e-16
v 154.688 25.5 -169.411
vt -3.01373 0.03
f 286/725/44 285/727/45 502/728/45 501/726/44 

vt -3.03807 0
vn 1.48237e-13 1 1.66533e-16
v 155.906 25.5 -169.411
vt -3.03807 0.03
f 285/727/45 284/729/46 503/730/46 502/728/45 

vn -2.44163e-13 1 1.66533e-16
vt -3.05284 0
v 156.645 25.5 -169.411
vt -3.05284 0.03
f 284/729/47 283/731/47 504/732/47 503/730/47 

f 503/730/47 284/729/47 283/731/47 504/732/47 

vn -2.44163e-13 1 2.69784e-16
vt -3.03807 4.16334e-17
vt -3.05284 4.16334e-17
f 503/730/48 284/733/48 283/734/48 504/732/48 

vt -3.04319 0
vn 0.0183032 0.999832 1.66506e-16
vt -3.04757 0
v 156.864 25.496 -169.411
vt -3.04757 0.03
vt -3.04319 0.03
f 283/735/49 282/736/49 505/737/49 504/738/49 

f 282/736/49 505/737/49 504/738/49 283/735/49 

vt -2.88464 0
vt -2.88879 0
v 157.067 25.4524 -169.411
vt -2.88879 0.03
vt -2.88464 0.03
f 282/739/25 281/740/26 506/741/26 505/742/25 

vt -2.56305 0
vt -2.5672 0
v 157.255 25.3647 -169.411
vt -2.5672 0.03
vt -2.56305 0.03
f 281/743/26 280/744/27 507/745/27 506/746/26 

vt -2.148 0
vt -2.15221 0
v 157.423 25.2377 -169.411
vt -2.15221 0.03
vt -2.148 0.03
f 280/747/27 279/748/28 508/749/28 507/750/27 

vt -1.68203 0
vt -1.68637 0
v 157.569 25.076 -169.411
vt -1.68637 0.03
vt -1.68203 0.03
f 279/751/28 278/752/29 509/753/29 508/754/28 

vt -1.19136 0
vt -1.19586 0
v 157.686 24.8845 -169.411
vt -1.19586 0.03
vt -1.19136 0.03
f 278/755/29 277/756/30 510/757/30 509/758/29 

vt -0.688757 0
vt -0.693422 0
v 157.773 24.6678 -169.411
vt -0.693422 0.03
vt -0.688757 0.03
f 277/759/30 276/760/31 511/761/31 510/762/30 

vt -0.180466 0
vt -0.185316 0
v 157.825 24.4307 -169.411
vt -0.185316 0.03
vt -0.180466 0.03
f 276/763/31 275/764/32 512/765/32 511/766/31 

vt 0.2781 -2.39008e-33
vn 0.9979 0.064773 1.07869e-17
vt 0.274027 -2.39008e-33
v 157.838 24.2273 -169.411
vt 0.274027 0.03
vt 0.2781 0.03
f 275/767/50 274/768/50 513/769/50 512/770/50 

f 512/770/50 275/767/50 274/768/50 513/769/50 

vn 0.9979 0.064773 1.74747e-17
vt 0.2781 1.67332e-17
vt 0.274027 1.67332e-17
f 512/770/51 275/771/51 274/772/51 513/769/51 

vt 0.474309 8.87677e-45
vt 0.472928 8.87677e-45
v 157.838 24.1582 -169.411
vt 0.472928 0.03
vt 0.474309 0.03
f 274/773/35 273/774/35 514/775/35 513/776/35 

vt 0.472928 0
vt 0.474309 0
f 273/777/8 514/775/8 513/776/8 274/778/8 

vt 0.469994 8.87677e-45
v 157.838 24.0115 -169.411
vt 0.469994 0.03
f 273/774/35 272/779/35 515/780/35 514/775/35 

vt 0.466045 8.87677e-45
v 157.838 23.8139 -169.411
vt 0.466045 0.03
f 272/779/35 271/781/35 516/782/35 515/780/35 

vt 0.461614 8.87677e-45
v 157.838 23.5923 -169.411
vt 0.461614 0.03
f 271/781/35 270/783/35 517/784/35 516/782/35 

vt 0.457237 8.87677e-45
v 157.838 23.3733 -169.411
vt 0.457237 0.03
f 270/783/35 269/785/35 518/786/35 517/784/35 

vt 0.453448 8.87677e-45
v 157.838 23.1837 -169.411
vt 0.453448 0.03
f 269/785/35 268/787/35 519/788/35 518/786/35 

vt 0.450782 8.87677e-45
v 157.838 23.0504 -169.411
vt 0.450782 0.03
f 268/787/35 267/789/35 520/790/35 519/788/35 

vt 0.449775 8.87677e-45
v 157.838 23 -169.411
f 267/789/35 266/791/35 521/535/35 520/790/35 

vt -3.07669 0
vt -4.0162 0
v 204.837 23 -169.411
vt -4.0162 0.03
vt -3.07669 0.03
f 266/792/7 265/793/7 522/794/7 521/795/7 

vt -0.449775 1.15874e-44
vt -0.450881 1.15874e-44
v 204.837 23.0553 -169.411
f 265/796/11 264/797/11 523/662/11 522/398/11 

vt -0.453807 1.15874e-44
v 204.837 23.2017 -169.411
f 264/797/11 263/798/11 524/664/11 523/662/11 

vt -0.457966 1.15874e-44
v 204.837 23.4097 -169.411
f 263/798/11 262/799/11 525/666/11 524/664/11 

vt -0.462771 1.15874e-44
v 204.837 23.6501 -169.411
f 262/799/11 261/800/11 526/668/11 525/666/11 

vt -0.467634 1.15874e-44
v 204.837 23.8934 -169.411
f 261/800/11 260/801/11 527/670/11 526/668/11 

vt -0.471969 1.15874e-44
v 204.837 24.1103 -169.411
f 260/801/11 259/802/11 528/672/11 527/670/11 

vt -0.475189 1.15874e-44
v 204.837 24.2713 -169.411
f 259/802/11 258/803/11 529/674/11 528/672/11 

vt -0.476706 1.15874e-44
v 204.837 24.3472 -169.411
f 258/803/11 257/804/11 530/676/11 529/674/11 

f 529/674/5 258/677/5 257/678/5 530/676/5 

f 529/674/5 258/677/5 257/678/5 530/676/5 

vt -0.735268 0
vt -0.738965 0
v 204.849 24.5317 -169.411
vt -0.738965 0.03
vt -0.735268 0.03
f 257/805/41 256/806/41 531/807/41 530/808/41 

f 256/806/41 531/807/41 530/808/41 257/805/41 

vt -1.32171 0
vt -1.32611 0
v 204.895 24.7464 -169.411
vt -1.32611 0.03
vt -1.32171 0.03
f 256/809/13 255/810/14 532/811/14 531/812/13 

vt -1.94181 0
vt -1.94603 0
v 204.974 24.9426 -169.411
vt -1.94603 0.03
vt -1.94181 0.03
f 255/813/14 254/814/15 533/815/15 532/816/14 

vt -2.52255 -1.95255e-32
vt -2.52662 -1.95255e-32
v 205.08 25.1161 -169.411
vt -2.52662 0.03
vt -2.52255 0.03
f 254/817/15 253/818/16 534/819/16 533/820/15 

vt -3.05259 0
vt -3.05652 0
v 205.212 25.2625 -169.411
vt -3.05652 0.03
vt -3.05259 0.03
f 253/821/16 252/822/17 535/823/17 534/824/16 

vt -3.51071 0
vt -3.51453 0
v 205.364 25.3775 -169.411
vt -3.51453 0.03
vt -3.51071 0.03
f 252/825/17 251/826/18 536/827/18 535/828/17 

vt -3.85921 0
vt -3.86296 0
v 205.534 25.4569 -169.411
vt -3.86296 0.03
vt -3.85921 0.03
f 251/829/18 250/830/19 537/831/19 536/832/18 

vt -4.04521 0
vt -4.04898 0
v 205.719 25.4964 -169.411
vt -4.04898 0.03
vt -4.04521 0.03
f 250/833/19 249/834/20 538/835/20 537/836/19 

vt -4.04183 0
vt -4.04605 0
v 205.93 25.5 -169.411
vt -4.04605 0.03
vt -4.04183 0.03
f 249/837/42 248/838/42 539/839/42 538/840/42 

f 538/840/42 249/837/42 248/838/42 539/839/42 

vt -4.04183 3.58349e-17
vt -4.04605 3.58349e-17
f 538/840/43 249/841/43 248/842/43 539/839/43 

vt -4.03805 0
vt -4.05282 0
v 206.669 25.5 -169.411
vt -4.05282 0.03
vt -4.03805 0.03
f 248/843/7 247/844/7 540/845/7 539/846/7 

f 247/844/7 540/845/7 539/846/7 248/843/7 

vt -4.07716 0
v 207.886 25.5 -169.411
vt -4.07716 0.03
f 247/844/7 246/847/7 541/848/7 540/845/7 

vt -4.10724 0
v 209.391 25.5 -169.411
vt -4.10724 0.03
f 246/847/7 245/849/7 542/850/7 541/848/7 

vt -4.13922 0
v 210.991 25.5 -169.411
vt -4.13922 0.03
f 245/849/7 244/851/44 543/852/44 542/850/7 

vt -4.1693 0
v 212.495 25.5 -169.411
vt -4.1693 0.03
f 244/851/44 243/853/45 544/854/45 543/852/44 

vt -4.19364 0
v 213.713 25.5 -169.411
vt -4.19364 0.03
f 243/853/45 242/855/46 545/856/46 544/854/45 

vt -4.20841 0
v 214.452 25.5 -169.411
vt -4.20841 0.03
f 242/855/47 241/857/47 546/858/47 545/856/47 

f 545/856/47 242/855/47 241/857/47 546/858/47 

vt -4.19364 4.16334e-17
vt -4.20841 4.16334e-17
f 545/856/48 242/859/48 241/860/48 546/858/48 

vt -4.19856 0
vt -4.20294 0
v 214.671 25.496 -169.411
vt -4.20294 0.03
vt -4.19856 0.03
f 241/861/49 240/862/49 547/863/49 546/864/49 

f 240/862/49 547/863/49 546/864/49 241/861/49 

vt -4.01455 0
vt -4.01871 0
v 214.874 25.4524 -169.411
vt -4.01871 0.03
vt -4.01455 0.03
f 240/865/25 239/866/26 548/867/26 547/868/25 

vt -3.61018 0
vt -3.61433 0
v 215.062 25.3647 -169.411
vt -3.61433 0.03
vt -3.61018 0.03
f 239/869/26 238/870/27 549/871/27 548/872/26 

vt -3.07065 0
vt -3.07487 0
v 215.231 25.2377 -169.411
vt -3.07487 0.03
vt -3.07065 0.03
f 238/873/27 237/874/28 550/875/28 549/876/27 

vt -2.45405 0
vt -2.4584 0
v 215.376 25.076 -169.411
vt -2.4584 0.03
vt -2.45405 0.03
f 237/877/28 236/878/29 551/879/29 550/880/28 

vt -1.79702 0
vt -1.80152 0
v 215.494 24.8845 -169.411
vt -1.80152 0.03
vt -1.79702 0.03
f 236/881/29 235/882/30 552/883/30 551/884/29 

vt -1.11786 0
vt -1.12252 0
v 215.58 24.6678 -169.411
vt -1.12252 0.03
vt -1.11786 0.03
f 235/885/30 234/886/31 553/887/31 552/888/30 

vt -0.425669 0
vt -0.430519 0
v 215.632 24.4307 -169.411
vt -0.430519 0.03
vt -0.425669 0.03
f 234/889/31 233/890/32 554/891/32 553/892/31 

vt 0.20325 -3.27888e-33
vt 0.199177 -3.27888e-33
v 215.645 24.2273 -169.411
vt 0.199177 0.03
vt 0.20325 0.03
f 233/893/50 232/894/50 555/895/50 554/896/50 

f 554/896/50 233/893/50 232/894/50 555/895/50 

vt 0.20325 2.29557e-17
vt 0.199177 2.29557e-17
f 554/896/51 233/897/51 232/898/51 555/895/51 

vt 0.474309 1.22108e-44
vt 0.472928 1.22108e-44
v 215.645 24.1582 -169.411
f 232/899/35 231/900/35 556/775/35 555/776/35 

f 231/777/8 556/775/8 555/776/8 232/778/8 

vt 0.469994 1.22108e-44
v 215.645 24.0115 -169.411
f 231/900/35 230/901/35 557/780/35 556/775/35 

vt 0.466045 1.22108e-44
v 215.645 23.8139 -169.411
f 230/901/35 229/902/35 558/782/35 557/780/35 

vt 0.461614 1.22108e-44
v 215.645 23.5923 -169.411
f 229/902/35 228/903/35 559/784/35 558/782/35 

vt 0.457237 1.22108e-44
v 215.645 23.3733 -169.411
f 228/903/35 227/904/35 560/786/35 559/784/35 

vt 0.453448 1.22108e-44
v 215.645 23.1837 -169.411
f 227/904/35 226/905/35 561/788/35 560/786/35 

vt 0.450782 1.22108e-44
v 215.645 23.0504 -169.411
f 226/905/35 225/906/35 562/790/35 561/788/35 

vt 0.449775 1.22108e-44
v 215.645 23 -169.411
f 225/906/35 224/907/35 563/535/35 562/790/35 

vt -4.23226 0
vt -4.57045 0
v 232.563 23 -169.411
vt -4.57045 0.03
vt -4.23226 0.03
f 224/908/7 223/909/7 564/910/7 563/911/7 

vt 0.449775 0
vn 1 2.08052e-13 3.46476e-29
f 223/912/52 219/202/52 222/205/52 564/535/52 

v 232.563 6.46986 -169.411
f 219/202/8 174/203/8 565/204/8 222/205/8 

vn 1 -2.08052e-13 -3.46476e-29
vt 0.049975 0
v 232.563 3 -169.411
vt 0.049975 0.03
f 174/203/53 173/913/53 566/914/53 565/204/53 

vt 4.23226 0
v 215.645 3 -169.411
vt 4.23226 0.03
f 173/216/4 172/915/4 567/916/4 566/219/4 

vt 0.049975 1.22108e-44
vt 0.0489676 1.22108e-44
v 215.645 2.9496 -169.411
vt 0.0489676 0.03
f 172/917/35 171/918/35 568/919/35 567/914/35 

vt 0.046302 1.22108e-44
v 215.645 2.81626 -169.411
vt 0.046302 0.03
f 171/918/35 170/920/35 569/921/35 568/919/35 

vt 0.0425131 1.22108e-44
v 215.645 2.62672 -169.411
vt 0.0425131 0.03
f 170/920/35 169/922/35 570/923/35 569/921/35 

vt 0.0381357 1.22108e-44
v 215.645 2.40774 -169.411
vt 0.0381357 0.03
f 169/922/35 168/924/35 571/925/35 570/923/35 

vt 0.0337049 1.22108e-44
v 215.645 2.18609 -169.411
vt 0.0337049 0.03
f 168/924/35 167/926/35 572/927/35 571/925/35 

vt 0.0297555 1.22108e-44
v 215.645 1.98852 -169.411
vt 0.0297555 0.03
f 167/926/35 166/928/35 573/929/35 572/927/35 

vt 0.0268225 1.22108e-44
v 215.645 1.84179 -169.411
vt 0.0268225 0.03
f 166/928/35 165/930/35 574/931/35 573/929/35 

vt 0.0268225 0
vt 0.0254406 0
v 215.645 1.77267 -169.411
vt 0.0254406 0.03
f 574/931/8 165/932/8 164/933/8 575/934/8 

vt 0.0254406 1.22108e-44
f 165/930/35 164/935/35 575/934/35 574/931/35 

f 574/931/8 165/932/8 164/933/8 575/934/8 

vt 0.295451 0
vn 0.9979 -0.064773 -1.07869e-17
v 215.632 1.56934 -169.411
vt 0.295451 0.03
vt 0.299524 0.03
vt 0.299524 0
f 163/936/54 576/937/54 575/938/54 164/939/54 

f 164/939/54 163/936/54 576/937/54 575/938/54 

vt 0.295451 1.67212e-18
vn 0.9979 -0.064773 -1.0296e-17
vt 0.299524 1.67212e-18
f 163/940/55 576/937/55 575/938/55 164/941/55 

vt 0.918889 0
vn 0.977228 -0.212193 -3.53372e-17
vt 0.914039 0
vn 0.956181 -0.292778 -4.87573e-17
v 215.58 1.33224 -169.411
vt 0.914039 0.03
vt 0.918889 0.03
f 163/942/56 162/943/57 577/944/57 576/945/56 

vt 1.58654 0
vt 1.58187 0
vn 0.893344 -0.449374 -7.48359e-17
v 215.494 1.11554 -169.411
vt 1.58187 0.03
vt 1.58654 0.03
f 162/946/57 161/947/58 578/948/58 577/949/57 

vt 2.22713 0
vt 2.22263 0
vn 0.801101 -0.59853 -9.96752e-17
v 215.376 0.92398 -169.411
vt 2.22263 0.03
vt 2.22713 0.03
f 161/950/58 160/951/59 579/952/59 578/953/58 

vt 2.83025 0
vt 2.82591 0
vn 0.676224 -0.736696 -1.22685e-16
v 215.231 0.762302 -169.411
vt 2.82591 0.03
vt 2.83025 0.03
f 160/954/59 159/955/60 580/956/60 579/957/59 

vt 3.37575 0
vt 3.37154 0
vn 0.515327 -0.856994 -1.42718e-16
v 215.062 0.635252 -169.411
vt 3.37154 0.03
vt 3.37575 0.03
f 159/958/60 158/959/61 581/960/61 580/961/60 

vt 3.82569 0
vt 3.82155 0
vn 0.318266 -0.948001 -1.57874e-16
v 214.874 0.547573 -169.411
vt 3.82155 0.03
vt 3.82569 0.03
f 158/962/61 157/963/62 582/964/62 581/965/61 

vt 4.12343 0
vt 4.11927 0
vn 0.209552 -0.977797 -1.62836e-16
v 214.671 0.50401 -169.411
vt 4.11927 0.03
vt 4.12343 0.03
f 157/966/62 156/967/63 583/968/63 582/969/62 

vt 4.21209 0.03
vn 0.0183032 -0.999832 -1.66506e-16
vt 4.21209 0
vt 4.20771 0
v 214.452 0.5 -169.411
vt 4.20771 0.03
f 583/970/64 156/971/64 155/972/64 584/973/64 

f 156/971/64 155/972/64 584/973/64 583/970/64 

vn 0.0183032 -0.999832 -1.96906e-16
vt 4.21209 -1.88942e-18
vt 4.20771 -1.88942e-18
f 583/970/65 156/974/65 155/975/65 584/973/65 

vt 4.19364 0
v 213.713 0.5 -169.411
vt 4.19364 0.03
vt 4.20841 0.03
vt 4.20841 0
f 154/976/4 585/977/4 584/978/4 155/979/4 

f 155/979/4 154/976/4 585/977/4 584/978/4 

vn 0 -1 -1.96935e-16
f 154/976/66 585/977/66 584/978/66 155/979/66 

vn -1.48237e-13 -1 -1.66533e-16
vt 4.1693 0
vn -7.41187e-14 -1 -1.66533e-16
v 212.495 0.5 -169.411
vt 4.1693 0.03
f 154/976/67 153/980/68 586/981/68 585/977/67 

vt 4.13922 0
v 210.991 0.5 -169.411
vt 4.13922 0.03
f 153/980/68 152/982/4 587/983/4 586/981/68 

vt 4.10724 0
v 209.391 0.5 -169.411
vt 4.10724 0.03
f 152/982/4 151/984/4 588/985/4 587/983/4 

vt 4.07716 0
vn 7.41187e-14 -1 -1.66533e-16
v 207.886 0.5 -169.411
vt 4.07716 0.03
f 151/984/4 150/986/69 589/987/69 588/985/4 

vt 4.05282 0
vn 1.48237e-13 -1 -1.66533e-16
v 206.669 0.5 -169.411
vt 4.05282 0.03
f 150/986/69 149/988/70 590/989/70 589/987/69 

vn -2.44163e-13 -1 -1.66533e-16
vt 4.03805 0
v 205.93 0.5 -169.411
vt 4.03805 0.03
f 590/989/71 149/988/71 148/990/71 591/991/71 

f 149/988/71 148/990/71 591/991/71 590/989/71 

vn -2.44163e-13 -1 -1.96935e-16
vt 4.05282 2.42734e-29
vt 4.03805 2.42734e-29
f 590/989/72 149/992/72 148/993/72 591/991/72 

vt 4.03323 0
vn -0.0172024 -0.999852 -1.66509e-16
v 205.719 0.503631 -169.411
vt 4.03323 0.03
vt 4.03745 0.03
vt 4.03745 0
f 147/994/73 592/995/73 591/996/73 148/997/73 

f 148/997/73 147/994/73 592/995/73 591/996/73 

vt 4.03323 1.70394e-18
vn -0.0172024 -0.999852 -1.9691e-16
vt 4.03745 1.70394e-18
f 147/998/74 592/995/74 591/996/74 148/999/74 

vt 3.94425 0
vn -0.209552 -0.977797 -1.62836e-16
vt 3.94049 0
v 205.534 0.543076 -169.411
vt 3.94049 0.03
vt 3.94425 0.03
f 147/1000/75 146/1001/1 593/1002/1 592/1003/75 

vt 3.6516 0
vt 3.64784 0
v 205.364 0.622467 -169.411
vt 3.64784 0.03
vt 3.6516 0.03
f 146/1004/1 145/1005/2 594/1006/2 593/1007/1 

vt 3.21365 0
vt 3.20983 0
vn -0.676224 -0.736696 -1.22685e-16
v 205.212 0.737508 -169.411
vt 3.20983 0.03
vt 3.21365 0.03
f 145/1008/2 144/1009/76 595/1010/76 594/1011/2 

vt 2.68467 0
vt 2.68074 0
vn -0.801101 -0.59853 -9.96752e-17
v 205.08 0.883904 -169.411
vt 2.68074 0.03
vt 2.68467 0.03
f 144/1012/76 143/1013/77 596/1014/77 595/1015/76 

vt 2.10101 0
vt 2.09694 0
vn -0.893344 -0.449374 -7.48359e-17
v 204.974 1.05736 -169.411
vt 2.09694 0.03
vt 2.10101 0.03
f 143/1016/77 142/1017/78 597/1018/78 596/1019/77 

vt 1.48201 0
vt 1.47779 0
vn -0.956181 -0.292778 -4.87573e-17
v 204.895 1.25357 -169.411
vt 1.47779 0.03
vt 1.48201 0.03
f 142/1020/78 141/1021/79 598/1022/79 597/1023/78 

vt 0.837736 0
vt 0.833345 0
vn -0.977228 -0.212193 -3.53372e-17
v 204.849 1.46826 -169.411
vt 0.833345 0.03
vt 0.837736 0.03
f 141/1024/79 140/1025/80 599/1026/80 598/1027/79 

vt 0.240259 0.03
vn -0.997909 -0.064628 -1.07627e-17
vt 0.240259 0
vt 0.236563 0
v 204.837 1.65278 -169.411
vt 0.236563 0.03
f 599/1028/81 140/1029/81 139/1030/81 600/1031/81 

f 140/1029/81 139/1030/81 600/1031/81 599/1028/81 

vn -0.997909 -0.064628 -1.04286e-17
vt 0.240259 -1.08072e-18
vt 0.236563 -1.08072e-18
f 599/1028/82 140/1032/82 139/1033/82 600/1031/82 

vt -0.024561 0
v 204.837 1.72866 -169.411
vt -0.024561 0.03
vt -0.0230441 0.03
vt -0.0230441 0
f 138/1034/5 601/1035/5 600/1036/5 139/1037/5 

vt -0.024561 1.15874e-44
vt -0.0277805 1.15874e-44
v 204.837 1.88972 -169.411
vt -0.0277805 0.03
f 138/1038/11 137/1039/11 602/1040/11 601/1035/11 

vt -0.0321157 1.15874e-44
v 204.837 2.10659 -169.411
vt -0.0321157 0.03
f 137/1039/11 136/1041/11 603/1042/11 602/1040/11 

vt -0.0369793 1.15874e-44
v 204.837 2.34989 -169.411
vt -0.0369793 0.03
f 136/1041/11 135/1043/11 604/1044/11 603/1042/11 

vt -0.0417842 1.15874e-44
v 204.837 2.59025 -169.411
vt -0.0417842 0.03
f 135/1043/11 134/1045/11 605/1046/11 604/1044/11 

vt -0.0459432 1.15874e-44
v 204.837 2.79831 -169.411
vt -0.0459432 0.03
f 134/1045/11 133/1047/11 606/1048/11 605/1046/11 

vt -0.0488692 1.15874e-44
v 204.837 2.94468 -169.411
vt -0.0488692 0.03
f 133/1047/11 132/1049/11 607/1050/11 606/1048/11 

vt -0.049975 1.15874e-44
v 204.837 3 -169.411
f 132/1049/11 131/1051/11 608/195/11 607/1050/11 

vt 4.0162 0
vt 3.07669 0
v 157.838 3 -169.411
vt 3.07669 0.03
vt 4.0162 0.03
f 131/1052/4 130/1053/4 609/1054/4 608/1055/4 

vt 0.049975 8.87677e-45
vt 0.0489676 8.87677e-45
v 157.838 2.9496 -169.411
f 130/1056/35 129/1057/35 610/919/35 609/914/35 

vt 0.046302 8.87677e-45
v 157.838 2.81626 -169.411
f 129/1057/35 128/1058/35 611/921/35 610/919/35 

vt 0.0425131 8.87677e-45
v 157.838 2.62672 -169.411
f 128/1058/35 127/1059/35 612/923/35 611/921/35 

vt 0.0381357 8.87677e-45
v 157.838 2.40774 -169.411
f 127/1059/35 126/1060/35 613/925/35 612/923/35 

vt 0.0337049 8.87677e-45
v 157.838 2.18609 -169.411
f 126/1060/35 125/1061/35 614/927/35 613/925/35 

vt 0.0297555 8.87677e-45
v 157.838 1.98852 -169.411
f 125/1061/35 124/1062/35 615/929/35 614/927/35 

vt 0.0268225 8.87677e-45
v 157.838 1.84179 -169.411
f 124/1062/35 123/1063/35 616/931/35 615/929/35 

v 157.838 1.77267 -169.411
f 616/931/8 123/932/8 122/933/8 617/934/8 

vt 0.0254406 8.87677e-45
f 123/1063/35 122/1064/35 617/934/35 616/931/35 

f 616/931/8 123/932/8 122/933/8 617/934/8 

vt 0.220601 0
v 157.825 1.56934 -169.411
vt 0.220601 0.03
vt 0.224674 0.03
vt 0.224674 0
f 121/1065/54 618/1066/54 617/1067/54 122/1068/54 

f 122/1068/54 121/1065/54 618/1066/54 617/1067/54 

vt 0.220601 1.21539e-18
vt 0.224674 1.21539e-18
f 121/1069/55 618/1066/55 617/1067/55 122/1070/55 

vt 0.673685 0
vt 0.668835 0
v 157.773 1.33224 -169.411
vt 0.668835 0.03
vt 0.673685 0.03
f 121/1071/56 120/1072/57 619/1073/57 618/1074/56 

vt 1.15744 0
vt 1.15277 0
v 157.686 1.11554 -169.411
vt 1.15277 0.03
vt 1.15744 0.03
f 120/1075/57 119/1076/58 620/1077/58 619/1078/57 

vt 1.62147 0
vt 1.61697 0
v 157.569 0.92398 -169.411
vt 1.61697 0.03
vt 1.62147 0.03
f 119/1079/58 118/1080/59 621/1081/59 620/1082/58 

vt 2.05823 0
vt 2.05388 0
v 157.423 0.762302 -169.411
vt 2.05388 0.03
vt 2.05823 0.03
f 118/1083/59 117/1084/60 622/1085/60 621/1086/59 

vt 2.4531 0
vt 2.44888 0
v 157.255 0.635252 -169.411
vt 2.44888 0.03
vt 2.4531 0.03
f 117/1087/60 116/1088/61 623/1089/61 622/1090/60 

vt 2.77856 0
vt 2.77442 0
v 157.067 0.547573 -169.411
vt 2.77442 0.03
vt 2.77856 0.03
f 116/1091/61 115/1092/62 624/1093/62 623/1094/61 

vt 2.99352 7.89958e-33
vt 2.98936 7.89958e-33
v 156.864 0.50401 -169.411
vt 2.98936 0.03
vt 2.99352 0.03
f 115/1095/62 114/1096/63 625/1097/63 624/1098/62 

vt 3.05671 0.03
vt 3.05671 6.8908e-34
vt 3.05233 6.8908e-34
v 156.645 0.5 -169.411
vt 3.05233 0.03
f 625/1099/64 114/1100/64 113/1101/64 626/1102/64 

vt 3.05671 0
vt 3.05233 0
f 114/1103/64 113/1104/64 626/1102/64 625/1099/64 

vt 3.05671 -1.37061e-18
vt 3.05233 -1.37061e-18
f 625/1099/65 114/1105/65 113/1106/65 626/1102/65 

vt 3.03807 0
v 155.906 0.5 -169.411
vt 3.03807 0.03
vt 3.05284 0.03
vt 3.05284 0
f 112/1107/4 627/1108/4 626/1109/4 113/1110/4 

vt 3.01373 0
v 154.688 0.5 -169.411
vt 3.01373 0.03
f 112/1107/67 111/1111/68 628/1112/68 627/1108/67 

vt 2.98366 0
v 153.184 0.5 -169.411
vt 2.98366 0.03
f 111/1111/68 110/1113/4 629/1114/4 628/1112/68 

vt 2.95167 0
v 151.583 0.5 -169.411
vt 2.95167 0.03
f 110/1113/4 109/1115/4 630/1116/4 629/1114/4 

vt 2.92159 0
v 150.079 0.5 -169.411
vt 2.92159 0.03
f 109/1115/4 108/1117/69 631/1118/69 630/1116/4 

vt 2.89726 0
v 148.861 0.5 -169.411
vt 2.89726 0.03
f 108/1117/69 107/1119/70 632/1120/70 631/1118/69 

vt 2.88248 0
v 148.122 0.5 -169.411
vt 2.88248 0.03
f 632/1120/71 107/1119/71 106/1121/71 633/1122/71 

f 107/1119/71 106/1121/71 633/1122/71 632/1120/71 

vt 2.89726 1.73524e-29
vt 2.88248 1.73524e-29
f 632/1120/72 107/1123/72 106/1124/72 633/1122/72 

vt 2.87783 0
v 147.911 0.503631 -169.411
vt 2.87783 0.03
vt 2.88205 0.03
vt 2.88205 0
f 105/1125/73 634/1126/73 633/1127/73 106/1128/73 

f 106/1128/73 105/1125/73 634/1126/73 633/1127/73 

vt 2.87783 1.21632e-18
vt 2.88205 1.21632e-18
f 105/1129/74 634/1126/74 633/1127/74 106/1130/74 

vt 2.81434 0
vt 2.81058 0
v 147.727 0.543076 -169.411
vt 2.81058 0.03
vt 2.81434 0.03
f 105/1131/75 104/1132/1 635/1133/1 634/1134/75 

vt 2.60447 0
vt 2.60071 0
v 147.557 0.622467 -169.411
vt 2.60071 0.03
vt 2.60447 0.03
f 104/1135/1 103/1136/2 636/1137/2 635/1138/1 

vt 2.291 0
vt 2.28718 0
v 147.404 0.737508 -169.411
vt 2.28718 0.03
vt 2.291 0.03
f 103/1139/2 102/1140/76 637/1141/76 636/1142/2 

vt 1.91264 0
vt 1.90871 0
v 147.273 0.883904 -169.411
vt 1.90871 0.03
vt 1.91264 0.03
f 102/1143/76 101/1144/77 638/1145/77 637/1146/76 

vt 1.49535 0
vt 1.49128 0
v 147.166 1.05736 -169.411
vt 1.49128 0.03
vt 1.49535 0.03
f 101/1147/77 100/1148/78 639/1149/78 638/1150/77 

vt 1.05291 0
vt 1.04869 0
v 147.088 1.25357 -169.411
vt 1.04869 0.03
vt 1.05291 0.03
f 100/1151/78 99/1152/79 640/1153/79 639/1154/78 

vt 0.592533 0
vt 0.588141 0
v 147.041 1.46826 -169.411
vt 0.588141 0.03
vt 0.592533 0.03
f 99/1155/79 98/1156/80 641/1157/80 640/1158/79 

vt 0.165577 0.03
vt 0.165577 0
vt 0.161881 0
v 147.029 1.65278 -169.411
vt 0.161881 0.03
f 641/1159/81 98/1160/81 97/1161/81 642/1162/81 

f 98/1160/81 97/1161/81 642/1162/81 641/1159/81 

vt 0.165577 -7.69882e-19
vt 0.161881 -7.69882e-19
f 641/1159/82 98/1163/82 97/1164/82 642/1162/82 

v 147.029 1.72866 -169.411
f 96/1034/5 643/1035/5 642/1036/5 97/1037/5 

vt -0.0230441 8.2534e-45
vt -0.024561 8.2534e-45
f 97/1165/11 96/1166/11 643/1035/11 642/1036/11 

f 96/1034/5 643/1035/5 642/1036/5 97/1037/5 

vt -0.0277805 8.2534e-45
v 147.029 1.88972 -169.411
f 96/1166/11 95/1167/11 644/1040/11 643/1035/11 

vt -0.0321157 8.2534e-45
v 147.029 2.10659 -169.411
f 95/1167/11 94/1168/11 645/1042/11 644/1040/11 

vt -0.0369793 8.2534e-45
v 147.029 2.34989 -169.411
f 94/1168/11 93/1169/11 646/1044/11 645/1042/11 

vt -0.0417842 8.2534e-45
v 147.029 2.59025 -169.411
f 93/1169/11 92/1170/11 647/1046/11 646/1044/11 

vt -0.0459432 8.2534e-45
v 147.029 2.79831 -169.411
f 92/1170/11 91/1171/11 648/1048/11 647/1046/11 

vt -0.0488692 8.2534e-45
v 147.029 2.94468 -169.411
f 91/1171/11 90/1172/11 649/1050/11 648/1048/11 

vt -0.049975 8.2534e-45
v 147.029 3 -169.411
f 90/1172/11 89/1173/11 650/195/11 649/1050/11 

vt 2.86063 0
vn -6.26994e-15 -1 -1.66533e-16
vt 2.28523 0
vn -3.13497e-15 -1 -1.66533e-16
v 118.245 3 -169.411
vt 2.28523 0.03
vt 2.86063 0.03
f 89/1174/83 88/1175/84 651/1176/84 650/1177/83 

vt 1.70982 0
v 89.46 3 -169.411
vt 1.70982 0.03
f 88/1175/84 87/1178/4 652/1179/4 651/1176/84 

vt 0.049975 4.93312e-45
vt 0.0488692 4.93312e-45
v 89.46 2.94468 -169.411
vt 0.0488692 0.03
f 87/1180/35 86/1181/35 653/1182/35 652/914/35 

vt 0.0459432 4.93312e-45
v 89.46 2.79831 -169.411
vt 0.0459432 0.03
f 86/1181/35 85/1183/35 654/1184/35 653/1182/35 

vt 0.0417842 4.93312e-45
v 89.46 2.59025 -169.411
vt 0.0417842 0.03
f 85/1183/35 84/1185/35 655/1186/35 654/1184/35 

vt 0.0369793 4.93312e-45
v 89.46 2.34989 -169.411
vt 0.0369793 0.03
f 84/1185/35 83/1187/35 656/1188/35 655/1186/35 

vt 0.0321157 4.93312e-45
v 89.46 2.10659 -169.411
vt 0.0321157 0.03
f 83/1187/35 82/1189/35 657/1190/35 656/1188/35 

vt 0.0277805 4.93312e-45
v 89.46 1.88972 -169.411
vt 0.0277805 0.03
f 82/1189/35 81/1191/35 658/1192/35 657/1190/35 

vt 0.024561 4.93312e-45
v 89.46 1.72866 -169.411
vt 0.024561 0.03
f 81/1191/35 80/1193/35 659/1194/35 658/1192/35 

vt 0.024561 0
vt 0.0230441 0
v 89.46 1.65278 -169.411
vt 0.0230441 0.03
f 659/1194/8 80/1195/8 79/1196/8 660/1197/8 

vt 0.0230441 4.93312e-45
f 80/1193/35 79/1198/35 660/1197/35 659/1194/35 

f 659/1194/8 80/1195/8 79/1196/8 660/1197/8 

vt 0.129802 0
vn 0.997909 -0.064628 -1.07627e-17
v 89.448 1.46826 -169.411
vt 0.129802 0.03
vt 0.133498 0.03
vt 0.133498 0
f 78/1199/85 661/1200/85 660/1201/85 79/1202/85 

vt 0.381676 0
vt 0.377284 0
v 89.4014 1.25357 -169.411
vt 0.377284 0.03
vt 0.381676 0.03
f 78/1203/56 77/1204/57 662/1205/57 661/1206/56 

vt 0.648463 0
vt 0.644238 0
v 89.323 1.05736 -169.411
vt 0.644238 0.03
vt 0.648463 0.03
f 77/1207/57 76/1208/58 663/1209/58 662/1210/57 

vt 0.904213 0
vt 0.900142 0
v 89.2162 0.883904 -169.411
vt 0.900142 0.03
vt 0.904213 0.03
f 76/1211/58 75/1212/59 664/1213/59 663/1214/58 

vt 1.14477 0
vt 1.14084 0
v 89.0848 0.737508 -169.411
vt 1.14084 0.03
vt 1.14477 0.03
f 75/1215/59 74/1216/60 665/1217/60 664/1218/59 

vt 1.36206 0
vt 1.35824 0
v 88.9322 0.622467 -169.411
vt 1.35824 0.03
vt 1.36206 0.03
f 74/1219/60 73/1220/61 666/1221/61 665/1222/60 

vt 1.54085 0
vt 1.53709 0
v 88.7621 0.543076 -169.411
vt 1.53709 0.03
vt 1.54085 0.03
f 73/1223/61 72/1224/62 667/1225/62 666/1226/61 

vt 1.6584 0
vt 1.65464 0
v 88.578 0.503631 -169.411
vt 1.65464 0.03
vt 1.6584 0.03
f 72/1227/62 71/1228/63 668/1229/63 667/1230/62 

vt 1.69194 0.03
vn 0.0172024 -0.999852 -1.66509e-16
vt 1.69194 0
vt 1.68772 0
v 88.367 0.5 -169.411
vt 1.68772 0.03
f 668/1231/86 71/1232/86 70/1233/86 669/1234/86 

f 71/1232/86 70/1233/86 669/1234/86 668/1231/86 

vn 0.0172024 -0.999852 -1.9691e-16
vt 1.69194 -7.12274e-19
vt 1.68772 -7.12274e-19
f 668/1231/87 71/1235/87 70/1236/87 669/1234/87 

vt 1.6732 0
v 87.6278 0.5 -169.411
vt 1.6732 0.03
vt 1.68797 0.03
vt 1.68797 0
f 69/1237/71 670/1238/71 669/1239/71 70/1240/71 

f 70/1240/71 69/1237/71 670/1238/71 669/1239/71 

vt 1.6732 1.02867e-29
vt 1.68797 1.02867e-29
f 69/1241/72 670/1238/72 669/1239/72 70/1242/72 

vt 1.64886 0
v 86.4103 0.5 -169.411
vt 1.64886 0.03
f 69/1237/4 68/1243/4 671/1244/4 670/1238/4 

vt 1.61878 0
v 84.9059 0.5 -169.411
vt 1.61878 0.03
f 68/1243/4 67/1245/4 672/1246/4 671/1244/4 

vt 1.5868 0
vn -5.99799e-14 -1 -1.66533e-16
v 83.3057 0.5 -169.411
vt 1.5868 0.03
f 67/1245/4 66/1247/88 673/1248/88 672/1246/4 

vt 1.55672 0
vn 1.41388e-14 -1 -1.66533e-16
v 81.8012 0.5 -169.411
vt 1.55672 0.03
f 66/1247/88 65/1249/89 674/1250/89 673/1248/88 

vt 1.53239 0
v 80.5837 0.5 -169.411
vt 1.53239 0.03
f 65/1249/89 64/1251/70 675/1252/70 674/1250/89 

vt 1.51761 0
v 79.8446 0.5 -169.411
vt 1.51761 0.03
f 675/1252/4 64/1251/4 63/1253/4 676/1254/4 

f 64/1251/4 63/1253/4 676/1254/4 675/1252/4 

vt 1.53239 2.65491e-31
vt 1.51761 2.65491e-31
f 675/1252/66 64/1255/66 63/1256/66 676/1254/66 

vt 1.51298 0
vn -0.0183032 -0.999832 -1.66506e-16
v 79.6255 0.50401 -169.411
vt 1.51298 0.03
vt 1.51736 0.03
vt 1.51736 0
f 62/1257/90 677/1258/90 676/1259/90 63/1260/90 

f 63/1260/90 62/1257/90 677/1258/90 676/1259/90 

vt 1.51298 6.81349e-19
vn -0.0183032 -0.999832 -1.96906e-16
vt 1.51736 6.81349e-19
f 62/1261/91 677/1258/91 676/1259/91 63/1262/91 

vt 1.47962 0
vt 1.47546 0
v 79.4222 0.547573 -169.411
vt 1.47546 0.03
vt 1.47962 0.03
f 62/1263/75 61/1264/1 678/1265/1 677/1266/75 

vt 1.36714 0
vt 1.363 0
v 79.2344 0.635252 -169.411
vt 1.363 0.03
vt 1.36714 0.03
f 61/1267/1 60/1268/2 679/1269/2 678/1270/1 

vt 1.20035 0
vt 1.19614 0
v 79.0659 0.762302 -169.411
vt 1.19614 0.03
vt 1.20035 0.03
f 60/1271/2 59/1272/76 680/1273/76 679/1274/2 

vt 0.999602 0
vt 0.995259 0
v 78.9207 0.92398 -169.411
vt 0.995259 0.03
vt 0.999602 0.03
f 59/1275/76 58/1276/77 681/1277/77 680/1278/76 

vt 0.77852 0
vt 0.774023 0
v 78.8028 1.11554 -169.411
vt 0.774023 0.03
vt 0.77852 0.03
f 58/1279/77 57/1280/78 682/1281/78 681/1282/77 

vt 0.544379 0
vt 0.539713 0
v 78.7162 1.33224 -169.411
vt 0.539713 0.03
vt 0.544379 0.03
f 57/1283/78 56/1284/79 683/1285/79 682/1286/78 

vt 0.300982 0
vt 0.296132 0
v 78.6647 1.56934 -169.411
vt 0.296132 0.03
vt 0.300982 0.03
f 56/1287/79 55/1288/80 684/1289/80 683/1290/79 

vt 0.0754413 0.03
vn -0.9979 -0.064773 -1.07869e-17
vt 0.0754413 1.15018e-33
vt 0.0713682 1.15018e-33
v 78.6515 1.77267 -169.411
vt 0.0713682 0.03
f 684/1291/92 55/1292/92 54/1293/92 685/1294/92 

vt 0.0754413 0
vt 0.0713682 0
f 55/1295/92 54/1296/92 685/1294/92 684/1291/92 

vn -0.9979 -0.064773 -1.0296e-17
vt 0.0754413 -5.91052e-19
vt 0.0713682 -5.91052e-19
f 684/1291/93 55/1297/93 54/1298/93 685/1294/93 

vt -0.0268225 0
v 78.6515 1.84179 -169.411
vt -0.0268225 0.03
vt -0.0254406 0.03
vt -0.0254406 0
f 53/1299/5 686/1300/5 685/1301/5 54/1302/5 

vt -0.0268225 4.30975e-45
vt -0.0297555 4.30975e-45
v 78.6515 1.98852 -169.411
vt -0.0297555 0.03
f 53/1303/11 52/1304/11 687/1305/11 686/1300/11 

vt -0.0337049 4.30975e-45
vn -1 -1.62848e-12 -2.71197e-28
v 78.6515 2.18609 -169.411
vt -0.0337049 0.03
f 52/1304/11 51/1306/94 688/1307/94 687/1305/11 

vt -0.0337049 0
vt -0.0381357 0
vn -1 1.99e-14 3.31402e-30
v 78.6515 2.40774 -169.411
vt -0.0381357 0.03
f 51/1308/94 50/1309/95 689/1310/95 688/1307/94 

vt -0.0425131 0
vn -1 1.64838e-12 2.74511e-28
v 78.6515 2.62672 -169.411
vt -0.0425131 0.03
f 50/1309/95 49/1311/96 690/1312/96 689/1310/95 

vt -0.0425131 4.30975e-45
vt -0.046302 4.30975e-45
v 78.6515 2.81626 -169.411
vt -0.046302 0.03
f 49/1313/96 48/1314/11 691/1315/11 690/1312/96 

vt -0.0489676 4.30975e-45
v 78.6515 2.9496 -169.411
vt -0.0489676 0.03
f 48/1314/11 47/1316/11 692/1317/11 691/1315/11 

vt -0.049975 4.30975e-45
v 78.6515 3 -169.411
f 47/1316/11 46/1318/11 693/195/11 692/1317/11 

vt 1.49376 0
vt 0.554254 0
v 31.6527 3 -169.411
vt 0.554254 0.03
vt 1.49376 0.03
f 46/1319/4 45/1320/4 694/1321/4 693/1322/4 

vt 0.049975 1.59911e-45
vt 0.0488692 1.59911e-45
v 31.6527 2.94468 -169.411
f 45/1323/35 44/1324/35 695/1182/35 694/914/35 

vt 0.0459432 1.59911e-45
v 31.6527 2.79831 -169.411
f 44/1324/35 43/1325/35 696/1184/35 695/1182/35 

vt 0.0417842 1.59911e-45
v 31.6527 2.59025 -169.411
f 43/1325/35 42/1326/35 697/1186/35 696/1184/35 

vt 0.0369793 1.59911e-45
v 31.6527 2.34989 -169.411
f 42/1326/35 41/1327/35 698/1188/35 697/1186/35 

vt 0.0321157 1.59911e-45
v 31.6527 2.10659 -169.411
f 41/1327/35 40/1328/35 699/1190/35 698/1188/35 

vt 0.0277805 1.59911e-45
v 31.6527 1.88972 -169.411
f 40/1328/35 39/1329/35 700/1192/35 699/1190/35 

vt 0.024561 1.59911e-45
v 31.6527 1.72866 -169.411
f 39/1329/35 38/1330/35 701/1194/35 700/1192/35 

vt 0.0230441 1.59911e-45
v 31.6527 1.65278 -169.411
f 38/1330/35 37/1331/35 702/1197/35 701/1194/35 

f 701/1194/8 38/1195/8 37/1196/8 702/1197/8 

f 701/1194/8 38/1195/8 37/1196/8 702/1197/8 

vt 0.0588163 0
vt 0.0551199 0
v 31.6407 1.46826 -169.411
vt 0.0551199 0.03
vt 0.0588163 0.03
f 37/1332/85 36/1333/85 703/1334/85 702/1335/85 

f 36/1333/85 703/1334/85 702/1335/85 37/1332/85 

vt 0.136473 0
vt 0.132081 0
v 31.5941 1.25357 -169.411
vt 0.132081 0.03
vt 0.136473 0.03
f 36/1336/56 35/1337/57 704/1338/57 703/1339/56 

vt 0.219364 0
vt 0.21514 0
v 31.5157 1.05736 -169.411
vt 0.21514 0.03
vt 0.219364 0.03
f 35/1340/57 34/1341/58 705/1342/58 704/1343/57 

vt 0.298551 0
vt 0.29448 0
v 31.4089 0.883904 -169.411
vt 0.29448 0.03
vt 0.298551 0.03
f 34/1344/58 33/1345/59 706/1346/59 705/1347/58 

vt 0.372747 0
vt 0.368814 0
v 31.2775 0.737508 -169.411
vt 0.368814 0.03
vt 0.372747 0.03
f 33/1348/59 32/1349/60 707/1350/60 706/1351/59 

vt 0.439409 0
vt 0.435589 0
v 31.1249 0.622467 -169.411
vt 0.435589 0.03
vt 0.439409 0.03
f 32/1352/60 31/1353/61 708/1354/61 707/1355/60 

vt 0.493718 0
vt 0.489965 0
v 30.9548 0.543076 -169.411
vt 0.489965 0.03
vt 0.493718 0.03
f 31/1356/61 30/1357/62 709/1358/62 708/1359/61 

vt 0.528488 0
vt 0.524725 0
v 30.7707 0.503631 -169.411
vt 0.524725 0.03
vt 0.528488 0.03
f 30/1360/62 29/1361/63 710/1362/63 709/1363/62 

vt 0.536546 0
vt 0.532326 0
v 30.5597 0.5 -169.411
vt 0.532326 0.03
vt 0.536546 0.03
f 29/1364/86 28/1365/86 711/1366/86 710/1367/86 

f 710/1367/86 29/1364/86 28/1365/86 711/1366/86 

vt 0.536546 -2.24659e-19
vt 0.532326 -2.24659e-19
f 710/1367/87 29/1368/87 28/1369/87 711/1366/87 

vt 0.532405 0
vt 0.517629 0
v 29.8205 0.5 -169.411
vt 0.517629 0.03
vt 0.532405 0.03
f 28/1370/71 27/1371/71 712/1372/71 711/1373/71 

f 27/1371/71 712/1372/71 711/1373/71 28/1370/71 

vt 0.493292 0
v 28.603 0.5 -169.411
vt 0.493292 0.03
f 27/1371/4 26/1374/4 713/1375/4 712/1372/4 

vt 0.463217 0
v 27.0986 0.5 -169.411
vt 0.463217 0.03
f 26/1374/4 25/1376/4 714/1377/4 713/1375/4 

vt 0.43123 0
v 25.4984 0.5 -169.411
vt 0.43123 0.03
f 25/1376/4 24/1378/88 715/1379/88 714/1377/4 

vt 0.401155 0
v 23.9939 0.5 -169.411
vt 0.401155 0.03
f 24/1378/88 23/1380/89 716/1381/89 715/1379/88 

vt 0.376817 0
v 22.7764 0.5 -169.411
vt 0.376817 0.03
f 23/1380/89 22/1382/70 717/1383/70 716/1381/89 

vt 0.362041 0
v 22.0373 0.5 -169.411
vt 0.362041 0.03
f 22/1382/4 21/1384/4 718/1385/4 717/1383/4 

f 717/1383/4 22/1382/4 21/1384/4 718/1385/4 

vt 0.376817 2.65491e-31
vt 0.362041 2.65491e-31
f 717/1383/66 22/1386/66 21/1387/66 718/1385/66 

vt 0.361981 0
vt 0.357601 0
v 21.8182 0.50401 -169.411
vt 0.357601 0.03
vt 0.361981 0.03
f 21/1388/90 20/1389/90 719/1390/90 718/1391/90 

f 20/1389/90 719/1390/90 718/1391/90 21/1388/90 

vt 0.349705 0
vt 0.345549 0
vt 0.345549 0.03
vt 0.349705 0.03
f 20/1392/75 1/1393/1 4/1394/1 719/1395/75 

vt 0.654596 0.0596986
vn 9.30235e-45 1.66533e-16 -1
vt 1.46903 0.0596986
vt 1.52124 0.0596986
vt 2.32426 0.0596986
vt 2.37647 0.0596986
vt 3.20951 0.0596986
vt 3.26173 0.0596986
vt 4.07616 0.0596986
vt 4.12838 0.0596986
vt 4.57045 0.0596986
vt 4.57045 0.025
vt 4.23226 0.025
vt 4.23226 0.024496
vt 4.23226 0.0231626
vt 4.23226 0.0212672
vt 4.23226 0.0190774
vt 4.23226 0.0168609
vt 4.23226 0.0148852
vt 4.23226 0.0134179
vt 4.23226 0.0127267
vt 4.232 0.0106934
vt 4.23097 0.00832241
vt 4.22924 0.00615541
vt 4.22688 0.0042398
vt 4.22398 0.00262302
vt 4.22061 0.00135252
vt 4.21685 0.00047573
vt 4.21279 4.01002e-05
vt 4.1693 1.80478e-15
vt 4.13922 1.80478e-15
vt 4.10724 1.80478e-15
vt 4.07716 1.80478e-15
vt 4.03805 1.80478e-15
vt 4.03383 3.63097e-05
vt 4.03015 0.000430761
vt 4.02675 0.00122467
vt 4.0237 0.00237508
vt 4.02107 0.00383904
vt 4.01894 0.00557357
vt 4.01737 0.00753574
vt 4.01644 0.00968257
vt 4.0162 0.0115278
vt 4.0162 0.0122866
vt 4.0162 0.0138972
vt 4.0162 0.0160659
vt 4.0162 0.0184989
vt 4.0162 0.0209025
vt 4.0162 0.0229831
vt 4.0162 0.0244468
vt 4.0162 0.025
vt 3.07669 0.025
vt 3.07669 0.024496
vt 3.07669 0.0231626
vt 3.07669 0.0212672
vt 3.07669 0.0190774
vt 3.07669 0.0168609
vt 3.07669 0.0148852
vt 3.07669 0.0134179
vt 3.07669 0.0127267
vt 3.07643 0.0106934
vt 3.0754 0.00832241
vt 3.07367 0.00615541
vt 3.07131 0.0042398
vt 3.06841 0.00262302
vt 3.06504 0.00135252
vt 3.06129 0.00047573
vt 3.05722 4.01002e-05
vt 3.01373 1.80478e-15
vt 2.98366 1.80478e-15
vt 2.95167 1.80478e-15
vt 2.92159 1.80478e-15
vt 2.88248 1.80478e-15
vt 2.87826 3.63097e-05
vt 2.87458 0.000430761
vt 2.87118 0.00122467
vt 2.86813 0.00237508
vt 2.8655 0.00383904
vt 2.86337 0.00557357
vt 2.8618 0.00753574
vt 2.86087 0.00968257
vt 2.86063 0.0115278
vt 2.86063 0.0122866
vt 2.86063 0.0138972
vt 2.86063 0.0160659
vt 2.86063 0.0184989
vt 2.86063 0.0209025
vt 2.86063 0.0229831
vt 2.86063 0.0244468
vt 2.86063 0.025
vt 2.28523 0.025
vt 1.70982 0.025
vt 1.70982 0.0244468
vt 1.70982 0.0229831
vt 1.70982 0.0209025
vt 1.70982 0.0184989
vt 1.70982 0.0160659
vt 1.70982 0.0138972
vt 1.70982 0.0122866
vt 1.70982 0.0115278
vt 1.70958 0.00968257
vt 1.70865 0.00753574
vt 1.70708 0.00557357
vt 1.70495 0.00383904
vt 1.70232 0.00237508
vt 1.69927 0.00122467
vt 1.69587 0.000430761
vt 1.69219 3.63097e-05
vt 1.68797 3.60956e-15
vt 1.6732 5.41434e-15
vt 1.64886 5.41434e-15
vt 1.61878 5.41434e-15
vt 1.5868 5.41434e-15
vt 1.55672 7.21911e-15
vt 1.53239 5.41434e-15
vt 1.51761 5.41434e-15
vt 1.51323 4.01002e-05
vt 1.50917 0.00047573
vt 1.50541 0.00135252
vt 1.50204 0.00262302
vt 1.49914 0.0042398
vt 1.49679 0.00615541
vt 1.49505 0.00832241
vt 1.49402 0.0106934
vt 1.49376 0.0127267
vt 1.49376 0.0134179
vt 1.49376 0.0148852
vt 1.49376 0.0168609
vt 1.49376 0.0190774
vt 1.49376 0.0212672
vt 1.49376 0.0231626
vt 1.49376 0.024496
vt 1.49376 0.025
vt 0.554254 0.025
vt 0.554254 0.0244468
vt 0.554254 0.0229831
vt 0.554254 0.0209025
vt 0.554254 0.0184989
vt 0.554254 0.0160659
vt 0.554254 0.0138972
vt 0.554254 0.0122866
vt 0.554254 0.0115278
vt 0.554015 0.00968257
vt 0.553083 0.00753574
vt 0.551515 0.00557357
vt 0.549381 0.00383904
vt 0.546753 0.00237508
vt 0.543703 0.00122467
vt 0.540303 0.000430761
vt 0.536624 3.63097e-05
vt 0.532405 3.60956e-15
vt 0.517629 5.41434e-15
vt 0.493292 5.41434e-15
vt 0.463217 5.41434e-15
vt 0.43123 5.41434e-15
vt 0.401155 7.21911e-15
vt 0.376817 5.41434e-15
vt 0.362041 5.41434e-15
vt 0.357663 4.01002e-05
vt 0.353599 0.00047573
vt 0.349844 0.00135252
v 21.2586 0.762302 -169.411
vt 0.346476 0.00262302
v 21.1134 0.92398 -169.411
vt 0.343574 0.0042398
v 20.9955 1.11554 -169.411
vt 0.341217 0.00615541
v 20.9089 1.33224 -169.411
vt 0.339485 0.00832241
v 20.8574 1.56934 -169.411
vt 0.338456 0.0106934
v 20.8442 1.77267 -169.411
vt 0.338192 0.0127267
v 20.8442 1.84179 -169.411
vt 0.338192 0.0134179
v 20.8442 1.98852 -169.411
vt 0.338192 0.0148852
v 20.8442 2.18609 -169.411
vt 0.338192 0.0168609
v 20.8442 2.40774 -169.411
vt 0.338192 0.0190774
v 20.8442 2.62672 -169.411
vt 0.338192 0.0212672
v 20.8442 2.81626 -169.411
vt 0.338192 0.0231626
v 20.8442 2.9496 -169.411
vt 0.338192 0.024496
vt 0.338192 0.025
vt -3.45874e-46 0.025
vt -3.45874e-46 0.0596986
vt 0.602381 0.0596986
f 195/1396/97 198/1397/97 201/1398/97 204/1399/97 207/1400/97 210/1401/97 213/1402/97 216/1403/97 221/1404/97 565/1405/97 566/1406/97 567/1407/97 568/1408/97 569/1409/97 570/1410/97 571/1411/97 572/1412/97 573/1413/97 574/1414/97 575/1415/97 576/1416/97 577/1417/97 578/1418/97 579/1419/97 580/1420/97 581/1421/97 582/1422/97 583/1423/97 584/979/97 585/976/97 586/1424/97 587/1425/97 588/1426/97 589/1427/97 590/988/97 591/1428/97 592/1429/97 593/1430/97 594/1431/97 595/1432/97 596/1433/97 597/1434/97 598/1435/97 599/1436/97 600/1437/97 601/1438/97 602/1439/97 603/1440/97 604/1441/97 605/1442/97 606/1443/97 607/1444/97 608/1445/97 609/1446/97 610/1447/97 611/1448/97 612/1449/97 613/1450/97 614/1451/97 615/1452/97 616/1453/97 617/1454/97 618/1455/97 619/1456/97 620/1457/97 621/1458/97 622/1459/97 623/1460/97 624/1461/97 625/1462/97 626/1110/97 627/1107/97 628/1463/97 629/1464/97 630/1465/97 631/1466/97 632/1119/97 633/1467/97 634/1468/97 635/1469/97 636/1470/97 637/1471/97 638/1472/97 639/1473/97 640/1474/97 641/1475/97 642/1476/97 643/1477/97 644/1478/97 645/1479/97 646/1480/97 647/1481/97 648/1482/97 649/1483/97 650/1484/97 651/1485/97 652/1486/97 653/1487/97 654/1488/97 655/1489/97 656/1490/97 657/1491/97 658/1492/97 659/1493/97 660/1494/97 661/1495/97 662/1496/97 663/1497/97 664/1498/97 665/1499/97 666/1500/97 667/1501/97 668/1502/97 669/1503/97 670/1504/97 671/1505/97 672/1506/97 673/1507/97 674/1508/97 675/1509/97 676/1510/97 677/1511/97 678/1512/97 679/1513/97 680/1514/97 681/1515/97 682/1516/97 683/1517/97 684/1518/97 685/1519/97 686/1520/97 687/1521/97 688/1522/97 689/1523/97 690/1524/97 691/1525/97 692/1526/97 693/1527/97 694/1528/97 695/1529/97 696/1530/97 697/1531/97 698/1532/97 699/1533/97 700/1534/97 701/1535/97 702/1536/97 703/1537/97 704/1538/97 705/1539/97 706/1540/97 707/1541/97 708/1542/97 709/1543/97 710/1544/97 711/1545/97 712/1546/97 713/1547/97 714/1548/97 715/1549/97 716/1550/97 717/1551/97 718/1552/97 719/1553/97 4/1554/97 3/1555/97 720/1556/97 721/1557/97 722/1558/97 723/1559/97 724/1560/97 725/1561/97 726/1562/97 727/1563/97 728/1564/97 729/1565/97 730/1566/97 731/1567/97 732/1568/97 187/1569/97 186/1570/97 188/1571/97 192/1572/97 

vt 1.46903 0.190301
vn 0 1.66533e-16 -1
vt 0.654596 0.190301
f 199/1573/98 198/1397/98 195/1396/98 196/1574/98 

vt 1.52124 0.190301
f 202/1575/98 201/1398/98 198/1397/98 199/1573/98 

vt 2.32426 0.190301
f 205/1576/98 204/1399/98 201/1398/98 202/1575/98 

vt 2.37647 0.190301
f 208/1577/98 207/1400/98 204/1399/98 205/1576/98 

vt 3.20951 0.190301
f 211/1578/98 210/1401/98 207/1400/98 208/1577/98 

vt 3.26173 0.190301
f 214/1579/98 213/1402/98 210/1401/98 211/1578/98 

vt 4.07616 0.190301
f 217/1580/98 216/1403/98 213/1402/98 214/1579/98 

vt 4.12838 0.190301
f 220/1581/98 221/1404/98 216/1403/98 217/1580/98 

vt 4.57045 0.190301
f 221/1404/98 220/1581/98 222/1582/98 565/1405/98 

vt -3.45874e-46 0.225
vt 0.338192 0.225
vt 0.338192 0.225504
vt 0.338192 0.226837
vt 0.338192 0.228733
vt 0.338192 0.230923
vt 0.338192 0.233139
vt 0.338192 0.235115
vt 0.338192 0.236582
vt 0.338192 0.237273
vt 0.338456 0.239307
vt 0.339485 0.241678
vt 0.341217 0.243845
vt 0.343574 0.24576
vt 0.346476 0.247377
vt 0.349844 0.248647
vt 0.353599 0.249524
vt 0.357663 0.24996
vt 0.362041 0.25
vt 0.376817 0.25
vt 0.401155 0.25
vt 0.43123 0.25
vt 0.463217 0.25
vt 0.493292 0.25
vt 0.517629 0.25
vt 0.532405 0.25
vt 0.536624 0.249964
vt 0.540303 0.249569
vt 0.543703 0.248775
vt 0.546753 0.247625
vt 0.549381 0.246161
vt 0.551515 0.244426
vt 0.553083 0.242464
vt 0.554015 0.240317
vt 0.554254 0.238472
vt 0.554254 0.237713
vt 0.554254 0.236103
vt 0.554254 0.233934
vt 0.554254 0.231501
vt 0.554254 0.229097
vt 0.554254 0.227017
vt 0.554254 0.225553
vt 0.554254 0.225
vt 1.49376 0.225
vt 1.49376 0.225504
vt 1.49376 0.226837
vt 1.49376 0.228733
vt 1.49376 0.230923
vt 1.49376 0.233139
vt 1.49376 0.235115
vt 1.49376 0.236582
vt 1.49376 0.237273
vt 1.49402 0.239307
vt 1.49505 0.241678
vt 1.49679 0.243845
vt 1.49914 0.24576
vt 1.50204 0.247377
vt 1.50541 0.248647
vt 1.50917 0.249524
vt 1.51323 0.24996
vt 1.51761 0.25
vt 1.53239 0.25
vt 1.55672 0.25
vt 1.5868 0.25
vt 1.61878 0.25
vt 1.64886 0.25
vt 1.6732 0.25
vt 1.68797 0.25
vt 1.69219 0.249964
vt 1.69587 0.249569
vt 1.69927 0.248775
vt 1.70232 0.247625
vt 1.70495 0.246161
vt 1.70708 0.244426
vt 1.70865 0.242464
vt 1.70958 0.240317
vt 1.70982 0.238472
vt 1.70982 0.237713
vt 1.70982 0.236103
vt 1.70982 0.233934
vt 1.70982 0.231501
vt 1.70982 0.229097
vt 1.70982 0.227017
vt 1.70982 0.225553
vt 1.70982 0.225
vt 2.28523 0.225
vt 2.86063 0.225
vt 2.86063 0.225553
vt 2.86063 0.227017
vt 2.86063 0.229097
vt 2.86063 0.231501
vt 2.86063 0.233934
vt 2.86063 0.236103
vt 2.86063 0.237713
vt 2.86063 0.238472
vt 2.86087 0.240317
vt 2.8618 0.242464
vt 2.86337 0.244426
vt 2.8655 0.246161
vt 2.86813 0.247625
vt 2.87118 0.248775
vt 2.87458 0.249569
vt 2.87826 0.249964
vt 2.88248 0.25
vt 2.89726 0.25
vt 2.92159 0.25
vt 2.95167 0.25
vt 2.98366 0.25
vt 3.01373 0.25
vt 3.03807 0.25
vt 3.05284 0.25
vt 3.05722 0.24996
vt 3.06129 0.249524
vt 3.06504 0.248647
vt 3.06841 0.247377
vt 3.07131 0.24576
vt 3.07367 0.243845
vt 3.0754 0.241678
vt 3.07643 0.239307
vt 3.07669 0.237273
vt 3.07669 0.236582
vt 3.07669 0.235115
vt 3.07669 0.233139
vt 3.07669 0.230923
vt 3.07669 0.228733
vt 3.07669 0.226837
vt 3.07669 0.225504
vt 3.07669 0.225
vt 4.0162 0.225
vt 4.0162 0.225553
vt 4.0162 0.227017
vt 4.0162 0.229097
vt 4.0162 0.231501
vt 4.0162 0.233934
vt 4.0162 0.236103
vt 4.0162 0.237713
vt 4.0162 0.238472
vt 4.01644 0.240317
vt 4.01737 0.242464
vt 4.01894 0.244426
vt 4.02107 0.246161
vt 4.0237 0.247625
vt 4.02675 0.248775
vt 4.03015 0.249569
vt 4.03383 0.249964
vt 4.03805 0.25
vt 4.05282 0.25
vt 4.07716 0.25
vt 4.10724 0.25
vt 4.13922 0.25
vt 4.1693 0.25
vt 4.19364 0.25
vt 4.20841 0.25
vt 4.21279 0.24996
vt 4.21685 0.249524
vt 4.22061 0.248647
vt 4.22398 0.247377
vt 4.22688 0.24576
vt 4.22924 0.243845
vt 4.23097 0.241678
vt 4.232 0.239307
vt 4.23226 0.237273
vt 4.23226 0.236582
vt 4.23226 0.235115
vt 4.23226 0.233139
vt 4.23226 0.230923
vt 4.23226 0.228733
vt 4.23226 0.226837
vt 4.23226 0.225504
vt 4.23226 0.225
vt 4.57045 0.225
vt 0.602381 0.190301
vt -3.45874e-46 0.190301
f 394/1583/97 395/1584/97 396/1585/97 397/1586/97 398/1587/97 399/1588/97 400/1589/97 401/1590/97 402/1591/97 403/1592/97 404/1593/97 405/1594/97 406/1595/97 407/1596/97 408/1597/97 409/1598/97 410/1599/97 411/1600/97 412/1601/97 413/1602/97 414/1603/97 415/1604/97 416/1605/97 417/1606/97 418/1607/97 419/1608/97 420/1609/97 421/1610/97 422/1611/97 423/1612/97 424/1613/97 425/1614/97 426/1615/97 427/1616/97 428/1617/97 429/1618/97 430/1619/97 431/1620/97 432/1621/97 433/1622/97 434/1623/97 435/1624/97 436/1625/97 437/1626/97 438/1627/97 439/1628/97 440/1629/97 441/1630/97 442/1631/97 443/1632/97 444/1633/97 445/1634/97 446/1635/97 447/1636/97 448/1637/97 449/1638/97 450/1639/97 451/1640/97 452/1641/97 453/1642/97 454/1643/97 455/1644/97 456/1645/97 457/1646/97 458/1647/97 459/1648/97 460/1649/97 461/1650/97 462/1651/97 463/1652/97 464/1653/97 465/1654/97 466/1655/97 467/1656/97 468/1657/97 469/1658/97 470/1659/97 471/1660/97 472/1661/97 473/1662/97 474/1663/97 475/1664/97 476/1665/97 477/1666/97 478/1667/97 479/1668/97 480/1669/97 481/1670/97 482/1671/97 483/1672/97 484/1673/97 485/1674/97 486/1675/97 487/1676/97 488/1677/97 489/1678/97 490/1679/97 491/1680/97 492/1681/97 493/1682/97 494/1683/97 495/1684/97 496/1685/97 497/1686/97 498/1687/97 499/1688/97 500/1689/97 501/1690/97 502/1691/97 503/1692/97 504/1693/97 505/1694/97 506/1695/97 507/1696/97 508/1697/97 509/1698/97 510/1699/97 511/1700/97 512/1701/97 513/1702/97 514/1703/97 515/1704/97 516/1705/97 517/1706/97 518/1707/97 519/1708/97 520/1709/97 521/1710/97 522/1711/97 523/1712/97 524/1713/97 525/1714/97 526/1715/97 527/1716/97 528/1717/97 529/1718/97 530/1719/97 531/1720/97 532/1721/97 533/1722/97 534/1723/97 535/1724/97 536/1725/97 537/1726/97 538/1727/97 539/1728/97 540/1729/97 541/1730/97 542/1731/97 543/1732/97 544/1733/97 545/1734/97 546/1735/97 547/1736/97 548/1737/97 549/1738/97 550/1739/97 551/1740/97 552/1741/97 553/1742/97 554/1743/97 555/1744/97 556/1745/97 557/1746/97 558/1747/97 559/1748/97 560/1749/97 561/1750/97 562/1751/97 563/1752/97 564/1753/97 222/1582/97 220/1581/97 217/1580/97 214/1579/97 211/1578/97 208/1577/97 205/1576/97 202/1575/97 199/1573/97 196/1574/97 193/1754/97 190/1755/97 

vt -0.499292 -1.65532e-18
vn -0.9979 0.064773 1.74747e-17
vt -0.495219 -1.65532e-18
f 383/1756/99 404/422/99 403/423/99 384/1757/99 

vt -0.376817 4.16334e-17
vt -0.362041 4.16334e-17
f 374/1758/23 413/460/23 412/461/23 375/1759/23 

vt -0.527949 4.23839e-17
vn 0.0172024 0.999852 2.69744e-16
vt -0.523729 4.23839e-17
f 367/1760/100 420/478/100 419/479/100 368/1761/100 

f 358/520/8 429/518/8 428/519/8 359/521/8 

vt -0.574142 -7.87782e-18
vt -0.570069 -7.87782e-18
f 341/1762/99 446/553/99 445/554/99 342/1763/99 

vt -1.53239 4.16334e-17
vt -1.51761 4.16334e-17
f 332/1764/23 455/591/23 454/592/23 333/1765/23 

vt -1.68335 4.40397e-17
vt -1.67913 4.40397e-17
f 325/1766/100 462/609/100 461/610/100 326/1767/100 

f 316/520/8 471/518/8 470/519/8 317/521/8 

vt -0.664283 -1.52037e-17
vn -0.997909 0.064628 1.74356e-17
vt -0.660586 -1.52037e-17
f 298/1768/101 489/681/101 488/682/101 299/1769/101 

vt -2.89726 4.16334e-17
vt -2.88248 4.16334e-17
f 289/1770/23 498/719/23 497/720/23 290/1771/23 

vt -3.04757 4.62736e-17
vn 0.0183032 0.999832 2.69739e-16
vt -3.04319 4.62736e-17
f 282/1772/102 505/737/102 504/738/102 283/1773/102 

f 273/777/8 514/775/8 513/776/8 274/778/8 

vt -0.738965 -2.14124e-17
vt -0.735268 -2.14124e-17
f 256/1774/101 531/807/101 530/808/101 257/1775/101 

vt -4.05282 4.16334e-17
vt -4.03805 4.16334e-17
f 247/1776/23 540/845/23 539/846/23 248/1777/23 

vt -4.20294 4.80354e-17
vt -4.19856 4.80354e-17
f 240/1778/102 547/863/102 546/864/102 241/1779/102 

f 231/777/8 556/775/8 555/776/8 232/778/8 

vt 4.07616 0
vt 4.07616 0.03
f 218/217/4 215/1780/4 217/1781/4 220/218/4 

vt 3.26173 0
vt 3.26173 0.03
f 215/1780/4 212/1782/4 214/1783/4 217/1781/4 

vt 3.20951 0
vt 3.20951 0.03
f 212/1782/4 209/1784/4 211/1785/4 214/1783/4 

vt 2.37647 0
vt 2.37647 0.03
f 209/1784/4 206/1786/4 208/1787/4 211/1785/4 

vt 2.32426 0
vt 2.32426 0.03
f 206/1786/4 203/1788/4 205/1789/4 208/1787/4 

vt 1.52124 0
vt 1.52124 0.03
f 203/1788/4 200/1790/4 202/1791/4 205/1789/4 

f 200/1790/4 197/391/4 199/394/4 202/1791/4 

f 196/1574/98 195/1396/98 192/1572/98 193/1754/98 

vt -0.654596 0
vt -0.654596 0.03
f 184/200/7 183/1792/7 195/1793/7 192/201/7 

vt -1.46903 0
vt -1.46903 0.03
f 183/1792/7 182/1794/7 198/1795/7 195/1793/7 

vt -1.52124 0
vt -1.52124 0.03
f 182/1794/7 181/1796/7 201/1797/7 198/1795/7 

vt -2.32426 0
vt -2.32426 0.03
f 181/1796/7 180/1798/7 204/1799/7 201/1797/7 

vt -2.37647 0
vt -2.37647 0.03
f 180/1798/7 179/1800/7 207/1801/7 204/1799/7 

vn -4.33081e-15 1 1.66533e-16
vt -3.20951 0
vt -3.20951 0.03
f 179/1800/103 178/1802/103 210/1803/103 207/1801/103 

vt -3.26173 0
vt -3.26173 0.03
f 178/1802/7 177/1804/7 213/1805/7 210/1803/7 

vt -4.07616 0
vt -4.07616 0.03
f 177/1804/7 176/1806/7 216/1807/7 213/1805/7 

vt -4.12838 0
vt -4.12838 0.03
f 176/1806/7 175/1808/7 221/1809/7 216/1807/7 

vn 8.16093e-15 1 1.66533e-16
f 175/1808/104 174/909/104 565/910/104 221/1809/104 

f 192/1572/98 188/187/98 190/199/98 193/1754/98 

vt -0.0230441 1.15874e-44
f 139/1810/11 138/1038/11 601/1035/11 600/1036/11 

f 138/1034/5 601/1035/5 600/1036/5 139/1037/5 

f 113/1110/4 112/1107/4 627/1108/4 626/1109/4 

f 112/1107/66 627/1108/66 626/1109/66 113/1110/66 

f 79/1202/85 78/1199/85 661/1200/85 660/1201/85 

vt 0.129802 6.73702e-19
vn 0.997909 -0.064628 -1.02729e-17
vt 0.133498 6.73702e-19
f 78/1811/105 661/1200/105 660/1201/105 79/1812/105 

vt -0.0254406 4.30975e-45
f 54/1813/11 53/1303/11 686/1300/11 685/1301/11 

f 53/1299/5 686/1300/5 685/1301/5 54/1302/5 

vt 0.0551199 2.17989e-19
vt 0.0588163 2.17989e-19
f 36/1814/105 703/1334/105 702/1335/105 37/1815/105 

vt 0.517629 3.3657e-30
vt 0.532405 3.3657e-30
f 27/1816/72 712/1372/72 711/1373/72 28/1817/72 

vt 0.357601 1.62543e-19
vt 0.361981 1.62543e-19
f 20/1818/91 719/1390/91 718/1391/91 21/1819/91 

vt 0.277702 0
vt 0.273484 0
vt 0.273484 0.03
vt 0.277702 0.03
f 2/1820/2 19/1821/76 720/1822/76 3/1823/2 

vt 0.227576 0
vt 0.223233 0
vt 0.223233 0.03
vt 0.227576 0.03
f 19/1824/76 18/1825/77 721/1826/77 720/1827/76 

vt 0.172858 0
vt 0.168361 0
vt 0.168361 0.03
vt 0.172858 0.03
f 18/1828/77 17/1829/78 722/1830/78 721/1831/77 

vt 0.11528 0
vt 0.110614 0
vt 0.110614 0.03
vt 0.11528 0.03
f 17/1832/78 16/1833/79 723/1834/79 722/1835/78 

vt 0.0557786 -1.03369e-33
vt 0.0509286 -1.03369e-33
vt 0.0509286 0.03
vt 0.0557786 0.03
f 16/1836/79 15/1837/80 724/1838/80 723/1839/79 

vt 0.000591667 0
vt -0.00348146 0
vt -0.00348146 0.03
vt 0.000591667 0.03
f 15/1840/92 14/1841/92 725/1842/92 724/1843/92 

f 724/1843/92 15/1840/92 14/1841/92 725/1842/92 

vt 0.000591667 -1.34321e-19
vt -0.00348146 -1.34321e-19
f 724/1843/93 15/1844/93 14/1845/93 725/1842/93 

vt -0.0254406 9.7574e-46
vt -0.0268225 9.7574e-46
f 14/1846/11 13/1847/11 726/1300/11 725/1301/11 

f 13/1299/5 726/1300/5 725/1301/5 14/1302/5 

vt -0.0297555 9.7574e-46
f 13/1847/11 12/1848/11 727/1305/11 726/1300/11 

vt -0.0337049 9.7574e-46
f 12/1848/11 11/1849/11 728/1307/11 727/1305/11 

vt -0.0381357 9.7574e-46
f 11/1849/11 10/1850/11 729/1310/11 728/1307/11 

vt -0.0425131 9.7574e-46
f 10/1850/11 9/1851/11 730/1312/11 729/1310/11 

vt -0.046302 9.7574e-46
f 9/1851/11 8/1852/11 731/1315/11 730/1312/11 

vt -0.0489676 9.7574e-46
f 8/1852/11 7/1853/11 732/1317/11 731/1315/11 

vt -0.049975 9.7574e-46
f 7/1853/11 6/1854/11 187/195/11 732/1317/11 

f 13/1299/5 726/1300/5 725/1301/5 14/1302/5 

g Mesh2 ___297_1 Model

v 3.92612 6.22366 -24.0689
vt 0.114416 1.80478e-15
vn -1 -2.05391e-15 -1.97307e-30
v 3.92612 6.22366 -167.411
vt 0.114416 1.43342
v 3.92612 3 -167.411
vt 0.049975 1.43342
v 3.92612 3 -137.277
vt 0.049975 1.13208
v 3.92612 2.9496 -137.277
vt 0.0489676 1.13208
v 3.92612 2.81626 -137.277
vt 0.046302 1.13208
v 3.92612 2.62672 -137.277
vt 0.0425131 1.13208
v 3.92612 2.40774 -137.277
vt 0.0381357 1.13208
v 3.92612 2.18609 -137.277
vt 0.0337049 1.13208
v 3.92612 1.98852 -137.277
vt 0.0297555 1.13208
v 3.92612 1.84179 -137.277
vt 0.0268225 1.13208
v 3.92612 1.77267 -137.277
vt 0.0254406 1.13208
v 3.92612 1.56934 -137.259
vt 0.021376 1.1319
v 3.92612 1.33224 -137.19
vt 0.0166365 1.13121
v 3.92612 1.11554 -137.073
vt 0.0123047 1.13004
v 3.92612 0.92398 -136.914
vt 0.00847536 1.12845
v 3.92612 0.762302 -136.719
vt 0.00524342 1.1265
v 3.92612 0.635252 -136.492
vt 0.00270368 1.12423
v 3.92612 0.547573 -136.239
vt 0.000950984 1.1217
v 3.92612 0.50401 -135.965
vt 8.01603e-05 1.11896
v 3.92612 0.5 -135.67
vt 1.4424e-14 1.11601
v 3.92612 0.5 -134.674
vt 1.4424e-14 1.10605
v 3.92612 0.5 -133.035
vt 1.4424e-14 1.08966
v 3.92612 0.5 -131.008
vt 1.4424e-14 1.06939
v 3.92612 0.5 -128.853
vt 1.4424e-14 1.04784
v 3.92612 0.5 -126.827
vt 1.4424e-14 1.02758
v 3.92612 0.5 -125.187
vt 1.4424e-14 1.01118
v 3.92612 0.5 -124.191
vt 1.4424e-14 1.00122
v 3.92612 0.503631 -123.907
vt 7.25832e-05 0.998381
v 3.92612 0.543076 -123.659
vt 0.000861092 0.995902
v 3.92612 0.622467 -123.43
vt 0.00244812 0.993611
v 3.92612 0.737508 -123.225
vt 0.00474779 0.991556
v 3.92612 0.883904 -123.048
vt 0.00767423 0.989786
v 3.92612 1.05736 -122.904
vt 0.0111416 0.988348
v 3.92612 1.25357 -122.798
vt 0.0150639 0.987291
v 3.92612 1.46826 -122.735
vt 0.0193555 0.986663
v 3.92612 1.65278 -122.719
vt 0.0230441 0.986502
v 3.92612 1.72866 -122.719
vt 0.024561 0.986502
v 3.92612 1.88972 -122.719
vt 0.0277805 0.986502
v 3.92612 2.10659 -122.719
vt 0.0321157 0.986502
v 3.92612 2.34989 -122.719
vt 0.0369793 0.986502
v 3.92612 2.59025 -122.719
vt 0.0417842 0.986502
v 3.92612 2.79831 -122.719
vt 0.0459432 0.986502
v 3.92612 2.94468 -122.719
vt 0.0488692 0.986502
v 3.92612 3 -122.719
vt 0.049975 0.986502
v 3.92612 3 -95.7399
vt 0.049975 0.71671
v 3.92612 3 -68.7607
vt 0.049975 0.446918
v 3.92612 2.94468 -68.7607
vt 0.0488692 0.446918
v 3.92612 2.79831 -68.7607
vt 0.0459432 0.446918
v 3.92612 2.59025 -68.7607
vt 0.0417842 0.446918
v 3.92612 2.34989 -68.7607
vt 0.0369793 0.446918
v 3.92612 2.10659 -68.7607
vt 0.0321157 0.446918
v 3.92612 1.88972 -68.7607
vt 0.0277805 0.446918
v 3.92612 1.72866 -68.7607
vt 0.024561 0.446918
v 3.92612 1.65278 -68.7607
vt 0.0230441 0.446918
v 3.92612 1.46826 -68.7446
vt 0.0193555 0.446757
v 3.92612 1.25357 -68.6819
vt 0.0150639 0.446129
v 3.92612 1.05736 -68.5762
vt 0.0111416 0.445072
v 3.92612 0.883904 -68.4324
vt 0.00767423 0.443635
v 3.92612 0.737508 -68.2553
vt 0.00474779 0.441864
v 3.92612 0.622467 -68.0499
vt 0.00244812 0.439809
v 3.92612 0.543076 -67.8208
vt 0.000861092 0.437518
v 3.92612 0.503631 -67.5729
vt 7.25832e-05 0.435039
v 3.92612 0.5 -67.2886
vt -7.04639e-18 0.432197
v 3.92612 0.5 -66.293
vt -7.04639e-18 0.422241
v 3.92612 0.5 -64.6532
vt -7.04639e-18 0.405843
v 3.92612 0.5 -62.6269
vt -7.04639e-18 0.38558
v 3.92612 0.5 -60.4717
vt -7.04639e-18 0.364028
v 3.92612 0.5 -58.4453
vt -7.04639e-18 0.343764
v 3.92612 0.5 -56.8055
vt -7.04639e-18 0.327366
v 3.92612 0.5 -55.8099
vt -7.04639e-18 0.31741
v 3.92612 0.50401 -55.5149
vt 8.01603e-05 0.31446
v 3.92612 0.547573 -55.2411
vt 0.000950984 0.311722
v 3.92612 0.635252 -54.9881
vt 0.00270368 0.309192
v 3.92612 0.762302 -54.7612
vt 0.00524342 0.306923
v 3.92612 0.92398 -54.5657
vt 0.00847536 0.304967
v 3.92612 1.11554 -54.4069
vt 0.0123047 0.303379
v 3.92612 1.33224 -54.2901
vt 0.0166365 0.302212
v 3.92612 1.56934 -54.2208
vt 0.021376 0.301519
v 3.92612 1.77267 -54.203
vt 0.0254406 0.301341
v 3.92612 1.84179 -54.203
vt 0.0268225 0.301341
v 3.92612 1.98852 -54.203
vt 0.0297555 0.301341
v 3.92612 2.18609 -54.203
vt 0.0337049 0.301341
v 3.92612 2.40774 -54.203
vt 0.0381357 0.301341
v 3.92612 2.62672 -54.203
vt 0.0425131 0.301341
v 3.92612 2.81626 -54.203
vt 0.046302 0.301341
v 3.92612 2.9496 -54.203
vt 0.0489676 0.301341
v 3.92612 3 -54.203
vt 0.049975 0.301341
v 3.92612 3 -24.0689
vt 0.049975 -5.9192e-32
f 733/1855/106 734/1856/106 735/1857/106 736/1858/106 737/1859/106 738/1860/106 739/1861/106 740/1862/106 741/1863/106 742/1864/106 743/1865/106 744/1866/106 745/1867/106 746/1868/106 747/1869/106 748/1870/106 749/1871/106 750/1872/106 751/1873/106 752/1874/106 753/1875/106 754/1876/106 755/1877/106 756/1878/106 757/1879/106 758/1880/106 759/1881/106 760/1882/106 761/1883/106 762/1884/106 763/1885/106 764/1886/106 765/1887/106 766/1888/106 767/1889/106 768/1890/106 769/1891/106 770/1892/106 771/1893/106 772/1894/106 773/1895/106 774/1896/106 775/1897/106 776/1898/106 777/1899/106 778/1900/106 779/1901/106 780/1902/106 781/1903/106 782/1904/106 783/1905/106 784/1906/106 785/1907/106 786/1908/106 787/1909/106 788/1910/106 789/1911/106 790/1912/106 791/1913/106 792/1914/106 793/1915/106 794/1916/106 795/1917/106 796/1918/106 797/1919/106 798/1920/106 799/1921/106 800/1922/106 801/1923/106 802/1924/106 803/1925/106 804/1926/106 805/1927/106 806/1928/106 807/1929/106 808/1930/106 809/1931/106 810/1932/106 811/1933/106 812/1934/106 813/1935/106 814/1936/106 815/1937/106 816/1938/106 817/1939/106 818/1940/106 819/1941/106 820/1942/106 821/1943/106 

vn -1 -2.05391e-15 -0
v 3.92612 19.2839 -24.0689
vt 0.375491 1.80478e-15
v 3.92612 19.2839 -167.411
vt 0.375491 1.43342
f 734/1856/107 733/1855/107 822/1944/107 823/1945/107 

vt 2.86541 0.03
vn -2.34535e-15 1 -0
vt 3.60775e-15 0.03
v 5.92612 6.22366 -24.0689
vt 3.60775e-15 0.01
v 5.92612 6.22366 -167.411
vt 2.86541 0.01
f 734/1946/108 733/1947/108 824/1948/108 825/1949/108 

vt 0.375491 0.03
vn -0 0 1
vt 0.114416 0.03
vt 0.114416 0.01
v 5.92612 19.2839 -24.0689
vt 0.375491 0.01
f 822/1950/109 733/1951/109 824/1952/109 826/1953/109 

vn -1.24244e-28 5.59854e-14 1
v 5.92612 3 -24.0689
vt 0.049975 0.01
f 733/1951/110 821/914/110 827/1954/110 824/1952/110 

vn 2.05391e-15 -1 -0
v 5.92612 3 -54.203
vt -0.602381 0.01
vt 0 0.01
f 821/190/111 820/201/111 828/1955/111 827/1956/111 

vn 3.67579e-27 -1.79061e-12 1
vn 1.14195e-27 -5.56946e-13 1
v 5.92612 2.9496 -54.203
vt 0.0489676 0.01
f 820/914/112 819/919/113 829/1957/113 828/1954/112 

vn -6.96934e-28 3.3836e-13 1
v 5.92612 2.81626 -54.203
vt 0.046302 0.01
f 819/919/113 818/921/114 830/1958/114 829/1957/113 

vn -1.97307e-30 -4.0525e-45 1
v 5.92612 2.62672 -54.203
vt 0.0425131 0.01
f 818/921/114 817/923/115 831/1959/115 830/1958/114 

v 5.92612 2.40774 -54.203
vt 0.0381357 0.01
f 817/923/115 816/925/115 832/1960/115 831/1959/115 

v 5.92612 2.18609 -54.203
vt 0.0337049 0.01
f 816/925/115 815/927/115 833/1961/115 832/1960/115 

v 5.92612 1.98852 -54.203
vt 0.0297555 0.01
f 815/927/115 814/929/115 834/1962/115 833/1961/115 

v 5.92612 1.84179 -54.203
vt 0.0268225 0.01
f 814/929/115 813/931/115 835/1963/115 834/1962/115 

vn 8.95254e-17 -0.0435877 0.99905
v 5.92612 1.77267 -54.203
vt 0.0254406 0.01
f 813/931/115 812/934/116 836/1964/116 835/1963/115 

vt -0.027119 0.03
vt -0.031199 0.03
vn 3.79552e-16 -0.184794 0.982777
v 5.92612 1.56934 -54.2208
vt -0.031199 0.01
vt -0.027119 0.01
f 812/1965/116 811/1966/117 837/1967/117 836/1968/116 

vt -0.148671 0.03
vt -0.153609 0.03
vn 7.79553e-16 -0.379546 0.925173
v 5.92612 1.33224 -54.2901
vt -0.153609 0.01
vt -0.148671 0.01
f 811/1969/117 810/1970/118 838/1971/118 837/1972/117 

vt -0.271845 0.03
vt -0.276766 0.03
vn 1.14801e-15 -0.558937 0.82921
v 5.92612 1.11554 -54.4069
vt -0.276766 0.01
vt -0.271845 0.01
f 810/1973/118 809/1974/119 839/1975/119 838/1976/118 

vt -0.377549 0.03
vt -0.382523 0.03
vn 1.4532e-15 -0.707527 0.706687
v 5.92612 0.92398 -54.5657
vt -0.382523 0.01
vt -0.377549 0.01
f 809/1977/119 808/1978/120 840/1979/120 839/1980/119 

vt -0.464412 0.03
vt -0.469483 0.03
vn 1.69441e-15 -0.824965 0.565184
v 5.92612 0.762302 -54.7612
vt -0.469483 0.01
vt -0.464412 0.01
f 808/1981/120 807/1982/121 841/1983/121 840/1984/120 

vt -0.532786 0.03
vt -0.537985 0.03
vn 1.87374e-15 -0.912279 0.409569
v 5.92612 0.635252 -54.9881
vt -0.537985 0.01
vt -0.532786 0.01
f 807/1985/121 806/1986/122 842/1987/122 841/1988/121 

vt -0.583118 0.03
vt -0.588471 0.03
vn 1.99223e-15 -0.96997 0.243223
v 5.92612 0.547573 -55.2411
vt -0.588471 0.01
vt -0.583118 0.01
f 806/1989/122 805/1990/123 843/1991/123 842/1992/122 

vt -0.615241 0.03
vt -0.620783 0.03
vn 2.04638e-15 -0.996331 0.0855876
v 5.92612 0.50401 -55.5149
vt -0.620783 0.01
vt -0.615241 0.01
f 805/1993/123 804/1994/124 844/1995/124 843/1996/123 

vt -0.628546 0.03
vt -0.634444 0.03
vn 2.05387e-15 -0.999977 0.00679536
v 5.92612 0.5 -55.8099
vt -0.634444 0.01
vt -0.628546 0.01
f 804/1997/124 803/1998/125 845/1999/125 844/2000/124 

vt -0.634503 0.03
vt -0.654404 0.03
v 5.92612 0.5 -56.8055
vt -0.654404 0.01
vt -0.634503 0.01
f 803/2001/125 802/2002/111 846/2003/111 845/2004/125 

vt -0.687184 0.03
v 5.92612 0.5 -58.4453
vt -0.687184 0.01
f 802/2002/111 801/2005/111 847/2006/111 846/2003/111 

vt -0.727691 0.03
v 5.92612 0.5 -60.4717
vt -0.727691 0.01
f 801/2005/111 800/2007/111 848/2008/111 847/2006/111 

vt -0.770774 0.03
v 5.92612 0.5 -62.6269
vt -0.770774 0.01
f 800/2007/111 799/2009/111 849/2010/111 848/2008/111 

vt -0.81128 0.03
v 5.92612 0.5 -64.6532
vt -0.81128 0.01
f 799/2009/111 798/2011/111 850/2012/111 849/2010/111 

vt -0.84406 0.03
v 5.92612 0.5 -66.293
vt -0.84406 0.01
f 798/2011/111 797/2013/111 851/2014/111 850/2012/111 

vt -0.863962 0.03
vn 2.05387e-15 -0.99998 -0.00638661
v 5.92612 0.5 -67.2886
vt -0.863962 0.01
f 797/2013/111 796/2015/126 852/2016/126 851/2014/111 

vt -0.863891 0.03
vt -0.869574 0.03
vn 2.04645e-15 -0.996366 -0.0851803
v 5.92612 0.503631 -67.5729
vt -0.869574 0.01
vt -0.863891 0.01
f 796/2017/126 795/2018/127 853/2019/127 852/2020/126 

vt -0.858851 0.03
vt -0.863869 0.03
vn 1.99223e-15 -0.96997 -0.243223
v 5.92612 0.543076 -67.8208
vt -0.863869 0.01
vt -0.858851 0.01
f 795/2021/127 794/2022/128 854/2023/128 853/2024/127 

vt -0.82667 0.03
vt -0.831517 0.03
vn 1.87374e-15 -0.912279 -0.409569
v 5.92612 0.622467 -68.0499
vt -0.831517 0.01
vt -0.82667 0.01
f 794/2025/128 793/2026/129 855/2027/129 854/2028/128 

vt -0.768331 0.03
vt -0.773038 0.03
vn 1.69441e-15 -0.824965 -0.565184
v 5.92612 0.737508 -68.2553
vt -0.773038 0.01
vt -0.768331 0.01
f 793/2029/129 792/2030/130 856/2031/130 855/2032/129 

vt -0.683733 0.03
vt -0.688325 0.03
vn 1.4532e-15 -0.707527 -0.706687
v 5.92612 0.883904 -68.4324
vt -0.688325 0.01
vt -0.683733 0.01
f 792/2033/130 791/2034/131 857/2035/131 856/2036/130 

vt -0.571855 0.03
vt -0.576358 0.03
vn 1.14801e-15 -0.558937 -0.82921
v 5.92612 1.05736 -68.5762
vt -0.576358 0.01
vt -0.571855 0.01
f 791/2037/131 790/2038/132 858/2039/132 857/2040/131 

vt -0.43173 0.03
vt -0.436185 0.03
vn 7.79553e-16 -0.379546 -0.925173
v 5.92612 1.25357 -68.6819
vt -0.436185 0.01
vt -0.43173 0.01
f 790/2041/132 789/2042/133 859/2043/133 858/2044/132 

vt -0.264789 0.03
vt -0.269261 0.03
vn 3.79355e-16 -0.184699 -0.982795
v 5.92612 1.46826 -68.7446
vt -0.269261 0.01
vt -0.264789 0.01
f 789/2045/133 788/2046/134 860/2047/134 859/2048/133 

vt -0.0968883 0.03
vt -0.100591 0.03
vn 8.93252e-17 -0.0434903 -0.999054
v 5.92612 1.65278 -68.7607
vt -0.100591 0.01
vt -0.0968883 0.01
f 788/2049/134 787/2050/135 861/2051/135 860/2052/134 

vn 1.97307e-30 4.0525e-45 -1
v 5.92612 1.72866 -68.7607
vt -0.024561 0.01
vt -0.0230441 0.01
f 787/1036/135 786/1035/136 862/2053/136 861/2054/135 

v 5.92612 1.88972 -68.7607
vt -0.0277805 0.01
f 786/1035/136 785/1040/136 863/2055/136 862/2053/136 

v 5.92612 2.10659 -68.7607
vt -0.0321157 0.01
f 785/1040/136 784/1042/136 864/2056/136 863/2055/136 

v 5.92612 2.34989 -68.7607
vt -0.0369793 0.01
f 784/1042/136 783/1044/136 865/2057/136 864/2056/136 

v 5.92612 2.59025 -68.7607
vt -0.0417842 0.01
f 783/1044/136 782/1046/136 866/2058/136 865/2057/136 

v 5.92612 2.79831 -68.7607
vt -0.0459432 0.01
f 782/1046/136 781/1048/136 867/2059/136 866/2058/136 

v 5.92612 2.94468 -68.7607
vt -0.0488692 0.01
f 781/1048/136 780/1050/136 868/2060/136 867/2059/136 

v 5.92612 3 -68.7607
vt -0.049975 0.01
f 780/1050/136 779/195/136 869/2061/136 868/2060/136 

vt -0.893389 0.03
vt -1.4327 0.03
vn 2.05391e-15 -1 -1.3379e-14
v 5.92612 3 -95.7399
vt -1.4327 0.01
vt -0.893389 0.01
f 779/2062/111 778/2063/137 870/2064/137 869/2065/111 

vt -1.97202 0.03
vn 2.05391e-15 -1 -2.67581e-14
v 5.92612 3 -122.719
vt -1.97202 0.01
f 778/2063/137 777/2066/138 871/2067/138 870/2064/137 

vn -3.35246e-27 1.63127e-12 1
vn -1.0441e-27 5.07386e-13 1
v 5.92612 2.94468 -122.719
vt 0.0488692 0.01
f 777/914/139 776/1182/140 872/2068/140 871/1954/139 

vn 1.85728e-28 -9.13872e-14 1
v 5.92612 2.79831 -122.719
vt 0.0459432 0.01
f 776/1182/140 775/1184/141 873/2069/141 872/2068/140 

vn 7.09244e-28 -3.46274e-13 1
v 5.92612 2.59025 -122.719
vt 0.0417842 0.01
f 775/1184/141 774/1186/142 874/2070/142 873/2069/141 

vn 3.92881e-28 -1.92245e-13 1
v 5.92612 2.34989 -122.719
vt 0.0369793 0.01
f 774/1186/142 773/1188/143 875/2071/143 874/2070/142 

vn -7.63755e-28 3.70893e-13 1
v 5.92612 2.10659 -122.719
vt 0.0321157 0.01
f 773/1188/143 772/1190/144 876/2072/144 875/2071/143 

vn -5.77361e-28 2.80142e-13 1
v 5.92612 1.88972 -122.719
vt 0.0277805 0.01
f 772/1190/144 771/1192/145 877/2073/145 876/2072/144 

vn 6.43947e-28 -3.14483e-13 1
v 5.92612 1.72866 -122.719
vt 0.024561 0.01
f 771/1192/145 770/1194/146 878/2074/146 877/2073/145 

vn 8.93252e-17 -0.0434903 0.999054
v 5.92612 1.65278 -122.719
vt 0.0230441 0.01
f 770/1194/146 769/1197/147 879/2075/147 878/2074/146 

vt -0.148408 0.03
vt -0.152111 0.03
vn 3.79355e-16 -0.184699 0.982795
v 5.92612 1.46826 -122.735
vt -0.152111 0.01
vt -0.148408 0.01
f 769/2076/147 768/2077/148 880/2078/148 879/2079/147 

vt -0.535057 0.03
vt -0.539528 0.03
v 5.92612 1.25357 -122.798
vt -0.539528 0.01
vt -0.535057 0.01
f 768/2080/148 767/2081/118 881/2082/118 880/2083/148 

vt -0.922673 0.03
vt -0.927128 0.03
v 5.92612 1.05736 -122.904
vt -0.927128 0.01
vt -0.922673 0.01
f 767/2084/118 766/2085/119 882/2086/119 881/2087/118 

vt -1.25226 0.03
vt -1.25676 0.03
v 5.92612 0.883904 -123.048
vt -1.25676 0.01
vt -1.25226 0.01
f 766/2088/119 765/2089/120 883/2090/120 882/2091/119 

vt -1.51991 0.03
vt -1.5245 0.03
v 5.92612 0.737508 -123.225
vt -1.5245 0.01
vt -1.51991 0.01
f 765/2092/120 764/2093/121 884/2094/121 883/2095/120 

vt -1.7272 0.03
vt -1.7319 0.03
v 5.92612 0.622467 -123.43
vt -1.7319 0.01
vt -1.7272 0.01
f 764/2096/121 763/2097/122 885/2098/122 884/2099/121 

vt -1.87594 0.03
vt -1.88078 0.03
v 5.92612 0.543076 -123.659
vt -1.88078 0.01
vt -1.87594 0.01
f 763/2100/122 762/2101/123 886/2102/123 885/2103/122 

vt -1.96594 0.03
vt -1.97096 0.03
vn 2.04645e-15 -0.996366 0.0851803
v 5.92612 0.503631 -123.907
vt -1.97096 0.01
vt -1.96594 0.01
f 762/2104/123 761/2105/149 887/2106/149 886/2107/123 

vt -1.9956 0.03
vt -2.00128 0.03
vn 2.05387e-15 -0.99998 0.00638661
v 5.92612 0.5 -124.191
vt -2.00128 0.01
vt -1.9956 0.01
f 761/2108/149 760/2109/150 888/2110/150 887/2111/149 

vt -2.00145 0.03
vt -2.02135 0.03
v 5.92612 0.5 -125.187
vt -2.02135 0.01
vt -2.00145 0.01
f 760/2112/150 759/2113/111 889/2114/111 888/2115/150 

vt -2.05413 0.03
v 5.92612 0.5 -126.827
vt -2.05413 0.01
f 759/2113/111 758/2116/111 890/2117/111 889/2114/111 

vt -2.09463 0.03
v 5.92612 0.5 -128.853
vt -2.09463 0.01
f 758/2116/111 757/2118/111 891/2119/111 890/2117/111 

vt -2.13772 0.03
v 5.92612 0.5 -131.008
vt -2.13772 0.01
f 757/2118/111 756/2120/111 892/2121/111 891/2119/111 

vt -2.17822 0.03
v 5.92612 0.5 -133.035
vt -2.17822 0.01
f 756/2120/111 755/2122/111 893/2123/111 892/2121/111 

vt -2.211 0.03
v 5.92612 0.5 -134.674
vt -2.211 0.01
f 755/2122/111 754/2124/111 894/2125/111 893/2123/111 

vt -2.2309 0.03
vn 2.05387e-15 -0.999977 -0.00679536
v 5.92612 0.5 -135.67
vt -2.2309 0.01
f 754/2124/111 753/2126/151 895/2127/151 894/2125/111 

vt -2.2307 0.03
vt -2.2366 0.03
vn 2.04638e-15 -0.996331 -0.0855876
v 5.92612 0.50401 -135.965
vt -2.2366 0.01
vt -2.2307 0.01
f 753/2128/151 752/2129/152 896/2130/152 895/2131/151 

vt -2.20903 0.03
vt -2.21457 0.03
v 5.92612 0.547573 -136.239
vt -2.21457 0.01
vt -2.20903 0.01
f 752/2132/152 751/2133/128 897/2134/128 896/2135/152 

vt -2.11898 0.03
vt -2.12434 0.03
v 5.92612 0.635252 -136.492
vt -2.12434 0.01
vt -2.11898 0.01
f 751/2136/128 750/2137/129 898/2138/129 897/2139/128 

vt -1.96225 0.03
vt -1.96745 0.03
v 5.92612 0.762302 -136.719
vt -1.96745 0.01
vt -1.96225 0.01
f 750/2140/129 749/2141/130 899/2142/130 898/2143/129 

vt -1.73875 0.03
vt -1.74382 0.03
v 5.92612 0.92398 -136.914
vt -1.74382 0.01
vt -1.73875 0.01
f 749/2144/130 748/2145/131 900/2146/131 899/2147/130 

vt -1.4461 0.03
vt -1.45107 0.03
v 5.92612 1.11554 -137.073
vt -1.45107 0.01
vt -1.4461 0.01
f 748/2148/131 747/2149/132 901/2150/132 900/2151/131 

vt -1.08209 0.03
vt -1.08701 0.03
v 5.92612 1.33224 -137.19
vt -1.08701 0.01
vt -1.08209 0.01
f 747/2152/132 746/2153/133 902/2154/133 901/2155/132 

vt -0.650708 0.03
vt -0.655646 0.03
vn 3.79552e-16 -0.184794 -0.982777
v 5.92612 1.56934 -137.259
vt -0.655646 0.01
vt -0.650708 0.01
f 746/2156/133 745/2157/153 903/2158/153 902/2159/133 

vt -0.218357 0.03
vt -0.222437 0.03
vn 8.95254e-17 -0.0435877 -0.99905
v 5.92612 1.77267 -137.277
vt -0.222437 0.01
vt -0.218357 0.01
f 745/2160/153 744/2161/154 904/2162/154 903/2163/153 

vn 6.33564e-28 -3.07506e-13 -1
v 5.92612 1.84179 -137.277
vt -0.0268225 0.01
vt -0.0254406 0.01
f 744/1301/154 743/1300/155 905/2164/155 904/2165/154 

v 5.92612 1.98852 -137.277
vt -0.0297555 0.01
f 743/1300/155 742/1305/155 906/2166/155 905/2164/155 

vn -4.16122e-28 2.0356e-13 -1
v 5.92612 2.18609 -137.277
vt -0.0337049 0.01
f 742/1305/155 741/1307/156 907/2167/156 906/2166/155 

vn 7.08218e-30 -2.4875e-15 -1
v 5.92612 2.40774 -137.277
vt -0.0381357 0.01
f 741/1307/156 740/1310/157 908/2168/157 907/2167/156 

vn 4.25178e-28 -2.06048e-13 -1
v 5.92612 2.62672 -137.277
vt -0.0425131 0.01
f 740/1310/157 739/1312/158 909/2169/158 908/2168/157 

vn -6.92988e-28 3.3836e-13 -1
v 5.92612 2.81626 -137.277
vt -0.046302 0.01
f 739/1312/158 738/1315/159 910/2170/159 909/2169/158 

v 5.92612 2.9496 -137.277
vt -0.0489676 0.01
f 738/1315/159 737/1317/159 911/2171/159 910/2170/159 

v 5.92612 3 -137.277
f 737/1317/159 736/195/136 912/2061/136 911/2171/159 

vt -2.26303 0.03
vt -2.86541 0.03
v 5.92612 3 -167.411
vt -2.86541 0.01
vt -2.26303 0.01
f 736/2172/111 735/2173/111 913/2174/111 912/2175/111 

vn 0 0 -1
vt -0.114416 0.03
vt -0.114416 0.01
f 735/195/160 734/2176/160 825/2177/160 913/2061/160 

vt -0.375491 0.03
v 5.92612 19.2839 -167.411
vt -0.375491 0.01
f 734/2176/160 823/2178/160 914/2179/160 825/2177/160 

vt -3.60775e-15 0.03
vn 2.69784e-15 -1 -0
vt -3.60775e-15 0.01
f 822/2180/161 823/2173/161 914/2174/161 826/2181/161 

v 3.92612 23 -24.0689
vt 0.449775 -5.9192e-32
v 3.92612 23 -54.203
vt 0.449775 0.301341
v 3.92612 23.0504 -54.203
vt 0.450783 0.301341
v 3.92612 23.1838 -54.203
vt 0.453448 0.301341
v 3.92612 23.3733 -54.203
vt 0.457237 0.301341
v 3.92612 23.5923 -54.203
vt 0.461615 0.301341
v 3.92612 23.8139 -54.203
vt 0.466045 0.301341
v 3.92612 24.0115 -54.203
vt 0.469995 0.301341
v 3.92612 24.1582 -54.203
vt 0.472928 0.301341
v 3.92612 24.2274 -54.203
vt 0.47431 0.301341
v 3.92612 24.4307 -54.2208
vt 0.478374 0.301519
v 3.92612 24.6678 -54.2901
vt 0.483114 0.302212
v 3.92612 24.8845 -54.4069
vt 0.487446 0.303379
v 3.92612 25.076 -54.5657
vt 0.491275 0.304967
v 3.92612 25.2377 -54.7612
vt 0.494507 0.306923
v 3.92612 25.3648 -54.9881
vt 0.497047 0.309192
v 3.92612 25.4524 -55.2411
vt 0.498799 0.311722
v 3.92612 25.496 -55.5149
vt 0.49967 0.31446
v 3.92612 25.5 -55.8099
vt 0.49975 0.31741
v 3.92612 25.5 -56.8055
vt 0.49975 0.327366
v 3.92612 25.5 -58.4453
vt 0.49975 0.343764
v 3.92612 25.5 -60.4717
vt 0.49975 0.364028
v 3.92612 25.5 -62.6269
vt 0.49975 0.38558
v 3.92612 25.5 -64.6532
vt 0.49975 0.405843
v 3.92612 25.5 -66.293
vt 0.49975 0.422241
v 3.92612 25.5 -67.2886
vt 0.49975 0.432197
v 3.92612 25.4964 -67.5729
vt 0.499678 0.435039
v 3.92612 25.4569 -67.8208
vt 0.498889 0.437518
v 3.92612 25.3776 -68.0499
vt 0.497302 0.439809
v 3.92612 25.2625 -68.2553
vt 0.495003 0.441864
v 3.92612 25.1161 -68.4324
vt 0.492076 0.443635
v 3.92612 24.9427 -68.5762
vt 0.488609 0.445072
v 3.92612 24.7464 -68.6819
vt 0.484686 0.446129
v 3.92612 24.5318 -68.7446
vt 0.480395 0.446757
v 3.92612 24.3472 -68.7607
vt 0.476706 0.446918
v 3.92612 24.2714 -68.7607
vt 0.475189 0.446918
v 3.92612 24.1103 -68.7607
vt 0.47197 0.446918
v 3.92612 23.8934 -68.7607
vt 0.467635 0.446918
v 3.92612 23.6501 -68.7607
vt 0.462771 0.446918
v 3.92612 23.4098 -68.7607
vt 0.457966 0.446918
v 3.92612 23.2017 -68.7607
vt 0.453807 0.446918
v 3.92612 23.0553 -68.7607
vt 0.450881 0.446918
v 3.92612 23 -68.7607
vt 0.449775 0.446918
v 3.92612 23 -95.7399
vt 0.449775 0.71671
v 3.92612 23 -122.719
vt 0.449775 0.986502
v 3.92612 23.0553 -122.719
vt 0.450881 0.986502
v 3.92612 23.2017 -122.719
vt 0.453807 0.986502
v 3.92612 23.4098 -122.719
vt 0.457966 0.986502
v 3.92612 23.6501 -122.719
vt 0.462771 0.986502
v 3.92612 23.8934 -122.719
vt 0.467635 0.986502
v 3.92612 24.1103 -122.719
vt 0.47197 0.986502
v 3.92612 24.2714 -122.719
vt 0.475189 0.986502
v 3.92612 24.3472 -122.719
vt 0.476706 0.986502
v 3.92612 24.5318 -122.735
vt 0.480395 0.986663
v 3.92612 24.7464 -122.798
vt 0.484686 0.987291
v 3.92612 24.9427 -122.904
vt 0.488609 0.988348
v 3.92612 25.1161 -123.048
vt 0.492076 0.989786
v 3.92612 25.2625 -123.225
vt 0.495003 0.991556
v 3.92612 25.3776 -123.43
vt 0.497302 0.993611
v 3.92612 25.4569 -123.659
vt 0.498889 0.995902
v 3.92612 25.4964 -123.907
vt 0.499678 0.998381
v 3.92612 25.5 -124.191
vt 0.49975 1.00122
v 3.92612 25.5 -125.187
vt 0.49975 1.01118
v 3.92612 25.5 -126.827
vt 0.49975 1.02758
v 3.92612 25.5 -128.853
vt 0.49975 1.04784
v 3.92612 25.5 -131.008
vt 0.49975 1.06939
v 3.92612 25.5 -133.035
vt 0.49975 1.08966
v 3.92612 25.5 -134.674
vt 0.49975 1.10605
v 3.92612 25.5 -135.67
vt 0.49975 1.11601
v 3.92612 25.496 -135.965
vt 0.49967 1.11896
v 3.92612 25.4524 -136.239
vt 0.498799 1.1217
v 3.92612 25.3648 -136.492
vt 0.497047 1.12423
v 3.92612 25.2377 -136.719
vt 0.494507 1.1265
v 3.92612 25.076 -136.914
vt 0.491275 1.12845
v 3.92612 24.8845 -137.073
vt 0.487446 1.13004
v 3.92612 24.6678 -137.19
vt 0.483114 1.13121
v 3.92612 24.4307 -137.259
vt 0.478374 1.1319
v 3.92612 24.2274 -137.277
vt 0.47431 1.13208
v 3.92612 24.1582 -137.277
vt 0.472928 1.13208
v 3.92612 24.0115 -137.277
vt 0.469995 1.13208
v 3.92612 23.8139 -137.277
vt 0.466045 1.13208
v 3.92612 23.5923 -137.277
vt 0.461615 1.13208
v 3.92612 23.3733 -137.277
vt 0.457237 1.13208
v 3.92612 23.1838 -137.277
vt 0.453448 1.13208
v 3.92612 23.0504 -137.277
vt 0.450783 1.13208
v 3.92612 23 -137.277
vt 0.449775 1.13208
v 3.92612 23 -167.411
vt 0.449775 1.43342
f 823/1945/106 822/1944/106 915/2182/106 916/2183/106 917/2184/106 918/2185/106 919/2186/106 920/2187/106 921/2188/106 922/2189/106 923/2190/106 924/2191/106 925/2192/106 926/2193/106 927/2194/106 928/2195/106 929/2196/106 930/2197/106 931/2198/106 932/2199/106 933/2200/106 934/2201/106 935/2202/106 936/2203/106 937/2204/106 938/2205/106 939/2206/106 940/2207/106 941/2208/106 942/2209/106 943/2210/106 944/2211/106 945/2212/106 946/2213/106 947/2214/106 948/2215/106 949/2216/106 950/2217/106 951/2218/106 952/2219/106 953/2220/106 954/2221/106 955/2222/106 956/2223/106 957/2224/106 958/2225/106 959/2226/106 960/2227/106 961/2228/106 962/2229/106 963/2230/106 964/2231/106 965/2232/106 966/2233/106 967/2234/106 968/2235/106 969/2236/106 970/2237/106 971/2238/106 972/2239/106 973/2240/106 974/2241/106 975/2242/106 976/2243/106 977/2244/106 978/2245/106 979/2246/106 980/2247/106 981/2248/106 982/2249/106 983/2250/106 984/2251/106 985/2252/106 986/2253/106 987/2254/106 988/2255/106 989/2256/106 990/2257/106 991/2258/106 992/2259/106 993/2260/106 994/2261/106 995/2262/106 996/2263/106 997/2264/106 998/2265/106 999/2266/106 1000/2267/106 1001/2268/106 

vn 1.31561e-28 -4.8567e-14 1
v 5.92612 23 -24.0689
vt 0.449775 0.01
f 915/535/162 822/1950/162 826/1953/162 1002/2269/162 

vt -0.375491 1.80478e-15
vn 1 4.10783e-15 -0
vt -0.375491 1.43342
v 5.92612 23 -167.411
vt -0.449775 1.43342
v 5.92612 23 -137.277
vt -0.449775 1.13208
v 5.92612 23.0504 -137.277
vt -0.450783 1.13208
v 5.92612 23.1838 -137.277
vt -0.453448 1.13208
v 5.92612 23.3733 -137.277
vt -0.457237 1.13208
v 5.92612 23.5923 -137.277
vt -0.461615 1.13208
v 5.92612 23.8139 -137.277
vt -0.466045 1.13208
v 5.92612 24.0115 -137.277
vt -0.469995 1.13208
v 5.92612 24.1582 -137.277
vt -0.472928 1.13208
v 5.92612 24.2274 -137.277
vt -0.47431 1.13208
v 5.92612 24.4307 -137.259
vt -0.478374 1.1319
v 5.92612 24.6678 -137.19
vt -0.483114 1.13121
v 5.92612 24.8845 -137.073
vt -0.487446 1.13004
v 5.92612 25.076 -136.914
vt -0.491275 1.12845
v 5.92612 25.2377 -136.719
vt -0.494507 1.1265
v 5.92612 25.3648 -136.492
vt -0.497047 1.12423
v 5.92612 25.4524 -136.239
vt -0.498799 1.1217
v 5.92612 25.496 -135.965
vt -0.49967 1.11896
v 5.92612 25.5 -135.67
vt -0.49975 1.11601
v 5.92612 25.5 -134.674
vt -0.49975 1.10605
v 5.92612 25.5 -133.035
vt -0.49975 1.08966
v 5.92612 25.5 -131.008
vt -0.49975 1.06939
v 5.92612 25.5 -128.853
vt -0.49975 1.04784
v 5.92612 25.5 -126.827
vt -0.49975 1.02758
v 5.92612 25.5 -125.187
vt -0.49975 1.01118
v 5.92612 25.5 -124.191
vt -0.49975 1.00122
v 5.92612 25.4964 -123.907
vt -0.499678 0.998381
v 5.92612 25.4569 -123.659
vt -0.498889 0.995902
v 5.92612 25.3776 -123.43
vt -0.497302 0.993611
v 5.92612 25.2625 -123.225
vt -0.495003 0.991556
v 5.92612 25.1161 -123.048
vt -0.492076 0.989786
v 5.92612 24.9427 -122.904
vt -0.488609 0.988348
v 5.92612 24.7464 -122.798
vt -0.484686 0.987291
v 5.92612 24.5318 -122.735
vt -0.480395 0.986663
v 5.92612 24.3472 -122.719
vt -0.476706 0.986502
v 5.92612 24.2714 -122.719
vt -0.475189 0.986502
v 5.92612 24.1103 -122.719
vt -0.47197 0.986502
v 5.92612 23.8934 -122.719
vt -0.467635 0.986502
v 5.92612 23.6501 -122.719
vt -0.462771 0.986502
v 5.92612 23.4098 -122.719
vt -0.457966 0.986502
v 5.92612 23.2017 -122.719
vt -0.453807 0.986502
v 5.92612 23.0553 -122.719
vt -0.450881 0.986502
v 5.92612 23 -122.719
vt -0.449775 0.986502
v 5.92612 23 -95.7399
vt -0.449775 0.71671
v 5.92612 23 -68.7607
vt -0.449775 0.446918
v 5.92612 23.0553 -68.7607
vt -0.450881 0.446918
v 5.92612 23.2017 -68.7607
vt -0.453807 0.446918
v 5.92612 23.4098 -68.7607
vt -0.457966 0.446918
v 5.92612 23.6501 -68.7607
vt -0.462771 0.446918
v 5.92612 23.8934 -68.7607
vt -0.467635 0.446918
v 5.92612 24.1103 -68.7607
vt -0.47197 0.446918
v 5.92612 24.2714 -68.7607
vt -0.475189 0.446918
v 5.92612 24.3472 -68.7607
vt -0.476706 0.446918
v 5.92612 24.5318 -68.7446
vt -0.480395 0.446757
v 5.92612 24.7464 -68.6819
vt -0.484686 0.446129
v 5.92612 24.9427 -68.5762
vt -0.488609 0.445072
v 5.92612 25.1161 -68.4324
vt -0.492076 0.443635
v 5.92612 25.2625 -68.2553
vt -0.495003 0.441864
v 5.92612 25.3776 -68.0499
vt -0.497302 0.439809
v 5.92612 25.4569 -67.8208
vt -0.498889 0.437518
v 5.92612 25.4964 -67.5729
vt -0.499678 0.435039
v 5.92612 25.5 -67.2886
vt -0.49975 0.432197
v 5.92612 25.5 -66.293
vt -0.49975 0.422241
v 5.92612 25.5 -64.6532
vt -0.49975 0.405843
v 5.92612 25.5 -62.6269
vt -0.49975 0.38558
v 5.92612 25.5 -60.4717
vt -0.49975 0.364028
v 5.92612 25.5 -58.4453
vt -0.49975 0.343764
v 5.92612 25.5 -56.8055
vt -0.49975 0.327366
v 5.92612 25.5 -55.8099
vt -0.49975 0.31741
v 5.92612 25.496 -55.5149
vt -0.49967 0.31446
v 5.92612 25.4524 -55.2411
vt -0.498799 0.311722
v 5.92612 25.3648 -54.9881
vt -0.497047 0.309192
v 5.92612 25.2377 -54.7612
vt -0.494507 0.306923
v 5.92612 25.076 -54.5657
vt -0.491275 0.304967
v 5.92612 24.8845 -54.4069
vt -0.487446 0.303379
v 5.92612 24.6678 -54.2901
vt -0.483114 0.302212
v 5.92612 24.4307 -54.2208
vt -0.478374 0.301519
v 5.92612 24.2274 -54.203
vt -0.47431 0.301341
v 5.92612 24.1582 -54.203
vt -0.472928 0.301341
v 5.92612 24.0115 -54.203
vt -0.469995 0.301341
v 5.92612 23.8139 -54.203
vt -0.466045 0.301341
v 5.92612 23.5923 -54.203
vt -0.461615 0.301341
v 5.92612 23.3733 -54.203
vt -0.457237 0.301341
v 5.92612 23.1838 -54.203
vt -0.453448 0.301341
v 5.92612 23.0504 -54.203
vt -0.450783 0.301341
v 5.92612 23 -54.203
vt -0.449775 0.301341
f 826/2270/163 914/2271/163 1003/2272/163 1004/2273/163 1005/2274/163 1006/2275/163 1007/2276/163 1008/2277/163 1009/2278/163 1010/2279/163 1011/2280/163 1012/2281/163 1013/2282/163 1014/2283/163 1015/2284/163 1016/2285/163 1017/2286/163 1018/2287/163 1019/2288/163 1020/2289/163 1021/2290/163 1022/2291/163 1023/2292/163 1024/2293/163 1025/2294/163 1026/2295/163 1027/2296/163 1028/2297/163 1029/2298/163 1030/2299/163 1031/2300/163 1032/2301/163 1033/2302/163 1034/2303/163 1035/2304/163 1036/2305/163 1037/2306/163 1038/2307/163 1039/2308/163 1040/2309/163 1041/2310/163 1042/2311/163 1043/2312/163 1044/2313/163 1045/2314/163 1046/2315/163 1047/2316/163 1048/2317/163 1049/2318/163 1050/2319/163 1051/2320/163 1052/2321/163 1053/2322/163 1054/2323/163 1055/2324/163 1056/2325/163 1057/2326/163 1058/2327/163 1059/2328/163 1060/2329/163 1061/2330/163 1062/2331/163 1063/2332/163 1064/2333/163 1065/2334/163 1066/2335/163 1067/2336/163 1068/2337/163 1069/2338/163 1070/2339/163 1071/2340/163 1072/2341/163 1073/2342/163 1074/2343/163 1075/2344/163 1076/2345/163 1077/2346/163 1078/2347/163 1079/2348/163 1080/2349/163 1081/2350/163 1082/2351/163 1083/2352/163 1084/2353/163 1085/2354/163 1086/2355/163 1087/2356/163 1088/2357/163 1002/397/163 

vt -0.114416 1.80478e-15
vt -0.114416 1.43342
f 824/2358/163 825/2359/163 914/2271/163 826/2270/163 

vt -0.049975 0.301341
vt -0.0489676 0.301341
vt -0.046302 0.301341
vt -0.0425131 0.301341
vt -0.0381357 0.301341
vt -0.0337049 0.301341
vt -0.0297555 0.301341
vt -0.0268225 0.301341
vt -0.0254406 0.301341
vt -0.021376 0.301519
vt -0.0166365 0.302212
vt -0.0123047 0.303379
vt -0.00847536 0.304967
vt -0.00524342 0.306923
vt -0.00270368 0.309192
vt -0.000950984 0.311722
vt -8.01603e-05 0.31446
vt -4.10577e-17 0.31741
vt -4.10577e-17 0.327366
vt -4.10577e-17 0.343764
vt -4.10577e-17 0.364028
vt -4.10577e-17 0.38558
vt -4.10577e-17 0.405843
vt -4.10577e-17 0.422241
vt -4.10577e-17 0.432197
vt -7.25832e-05 0.435039
vt -0.000861092 0.437518
vt -0.00244812 0.439809
vt -0.00474779 0.441864
vt -0.00767423 0.443635
vt -0.0111416 0.445072
vt -0.0150639 0.446129
vt -0.0193555 0.446757
vt -0.0230441 0.446918
vt -0.024561 0.446918
vt -0.0277805 0.446918
vt -0.0321157 0.446918
vt -0.0369793 0.446918
vt -0.0417842 0.446918
vt -0.0459432 0.446918
vt -0.0488692 0.446918
vt -0.049975 0.446918
vt -0.049975 0.71671
vt -0.049975 0.986502
vt -0.0488692 0.986502
vt -0.0459432 0.986502
vt -0.0417842 0.986502
vt -0.0369793 0.986502
vt -0.0321157 0.986502
vt -0.0277805 0.986502
vt -0.024561 0.986502
vt -0.0230441 0.986502
vt -0.0193555 0.986663
vt -0.0150639 0.987291
vt -0.0111416 0.988348
vt -0.00767423 0.989786
vt -0.00474779 0.991556
vt -0.00244812 0.993611
vt -0.000861092 0.995902
vt -7.25832e-05 0.998381
vt -1.44721e-14 1.00122
vt -1.44721e-14 1.01118
vt -1.44721e-14 1.02758
vt -1.44721e-14 1.04784
vt -1.44721e-14 1.06939
vt -1.44721e-14 1.08966
vt -1.44721e-14 1.10605
vt -1.44721e-14 1.11601
vt -8.01603e-05 1.11896
vt -0.000950984 1.1217
vt -0.00270368 1.12423
vt -0.00524342 1.1265
vt -0.00847536 1.12845
vt -0.0123047 1.13004
vt -0.0166365 1.13121
vt -0.021376 1.1319
vt -0.0254406 1.13208
vt -0.0268225 1.13208
vt -0.0297555 1.13208
vt -0.0337049 1.13208
vt -0.0381357 1.13208
vt -0.0425131 1.13208
vt -0.046302 1.13208
vt -0.0489676 1.13208
vt -0.049975 1.13208
vt -0.049975 1.43342
f 825/2359/163 824/2358/163 827/192/163 828/2360/163 829/2361/163 830/2362/163 831/2363/163 832/2364/163 833/2365/163 834/2366/163 835/2367/163 836/2368/163 837/2369/163 838/2370/163 839/2371/163 840/2372/163 841/2373/163 842/2374/163 843/2375/163 844/2376/163 845/2377/163 846/2378/163 847/2379/163 848/2380/163 849/2381/163 850/2382/163 851/2383/163 852/2384/163 853/2385/163 854/2386/163 855/2387/163 856/2388/163 857/2389/163 858/2390/163 859/2391/163 860/2392/163 861/2393/163 862/2394/163 863/2395/163 864/2396/163 865/2397/163 866/2398/163 867/2399/163 868/2400/163 869/2401/163 870/2402/163 871/2403/163 872/2404/163 873/2405/163 874/2406/163 875/2407/163 876/2408/163 877/2409/163 878/2410/163 879/2411/163 880/2412/163 881/2413/163 882/2414/163 883/2415/163 884/2416/163 885/2417/163 886/2418/163 887/2419/163 888/2420/163 889/2421/163 890/2422/163 891/2423/163 892/2424/163 893/2425/163 894/2426/163 895/2427/163 896/2428/163 897/2429/163 898/2430/163 899/2431/163 900/2432/163 901/2433/163 902/2434/163 903/2435/163 904/2436/163 905/2437/163 906/2438/163 907/2439/163 908/2440/163 909/2441/163 910/2442/163 911/2443/163 912/2444/163 913/2445/163 

vt -0.449775 0.01
f 823/2178/160 1001/398/160 1003/2446/160 914/2179/160 

vn -2.05391e-15 1 -0
vt 2.26303 0.03
vt 2.26303 0.01
f 1001/1946/164 1000/2447/164 1004/2448/164 1003/1949/164 

vt -0.450783 0.03
vn 6.96934e-28 -3.3836e-13 -1
vt -0.450783 0.01
f 1000/398/136 999/2449/165 1005/2450/165 1004/2446/136 

vt -0.453448 0.01
f 999/2449/165 998/405/165 1006/2451/165 1005/2450/165 

vn -4.21232e-28 2.06048e-13 -1
vt -0.457237 0.01
f 998/405/165 997/407/166 1007/2452/166 1006/2451/165 

vt -0.461615 0.03
vn -3.13604e-30 2.4875e-15 -1
vt -0.461615 0.01
f 997/407/166 996/2453/167 1008/2454/167 1007/2452/166 

vn 4.20069e-28 -2.0356e-13 -1
vt -0.466045 0.01
f 996/2453/167 995/411/168 1009/2455/168 1008/2454/167 

vt -0.469995 0.03
vn -6.29618e-28 3.07506e-13 -1
vt -0.469995 0.01
f 995/411/168 994/2456/169 1010/2457/169 1009/2455/168 

vt -0.472928 0.01
f 994/2456/169 993/415/169 1011/2458/169 1010/2457/169 

vt -0.47431 0.03
vn -8.95254e-17 0.0435877 -0.99905
vt -0.47431 0.01
f 993/415/169 992/2459/170 1012/2460/170 1011/2458/169 

vt -0.275415 0.03
vt -0.279495 0.03
vn -3.79552e-16 0.184794 -0.982777
vt -0.279495 0.01
vt -0.275415 0.01
f 992/2461/170 991/2462/171 1013/2463/171 1012/2464/170 

vt 0.175988 0.03
vt 0.17105 0.03
vn -7.79553e-16 0.379546 -0.925173
vt 0.17105 0.01
vt 0.175988 0.01
f 991/2465/171 990/2466/172 1014/2467/172 1013/2468/171 

vt 0.647032 0.03
vt 0.642112 0.03
vn -1.14801e-15 0.558937 -0.82921
vt 0.642112 0.01
vt 0.647032 0.01
f 990/2469/172 989/2470/173 1015/2471/173 1014/2472/172 

vt 1.06632 0.03
vt 1.06134 0.03
vn -1.4532e-15 0.707527 -0.706687
vt 1.06134 0.01
vt 1.06632 0.01
f 989/2473/173 988/2474/174 1016/2475/174 1015/2476/173 

vt 1.42535 0.03
vt 1.42028 0.03
vn -1.69441e-15 0.824965 -0.565184
vt 1.42028 0.01
vt 1.42535 0.01
f 988/2477/174 987/2478/175 1017/2479/175 1016/2480/174 

vt 1.72332 0.03
vt 1.71812 0.03
vn -1.87374e-15 0.912279 -0.409569
vt 1.71812 0.01
vt 1.72332 0.01
f 987/2481/175 986/2482/176 1018/2483/176 1017/2484/175 

vt 1.9607 0.03
vt 1.95535 0.03
vn -1.99223e-15 0.96997 -0.243223
vt 1.95535 0.01
vt 1.9607 0.01
f 986/2485/176 985/2486/177 1019/2487/177 1018/2488/176 

vt 2.13604 0.03
vt 2.13049 0.03
vn -2.04638e-15 0.996331 -0.0855876
vt 2.13049 0.01
vt 2.13604 0.01
f 985/2489/177 984/2490/178 1020/2491/178 1019/2492/177 

vt 2.22981 0.03
vt 2.22391 0.03
vn -2.05387e-15 0.999977 -0.00679536
vt 2.22391 0.01
vt 2.22981 0.01
f 984/2493/178 983/2494/179 1021/2495/179 1020/2496/178 

vt 2.2309 0.03
vt 2.211 0.03
vt 2.211 0.01
vt 2.2309 0.01
f 983/2497/179 982/2498/164 1022/2499/164 1021/2500/179 

vt 2.17822 0.03
vt 2.17822 0.01
f 982/2498/164 981/2501/164 1023/2502/164 1022/2499/164 

vt 2.13772 0.03
vt 2.13772 0.01
f 981/2501/164 980/2503/164 1024/2504/164 1023/2502/164 

vt 2.09463 0.03
vt 2.09463 0.01
f 980/2503/164 979/2505/164 1025/2506/164 1024/2504/164 

vt 2.05413 0.03
vt 2.05413 0.01
f 979/2505/164 978/2507/164 1026/2508/164 1025/2506/164 

vt 2.02135 0.03
vt 2.02135 0.01
f 978/2507/164 977/2509/164 1027/2510/164 1026/2508/164 

vt 2.00145 0.03
vn -2.05387e-15 0.99998 0.00638661
vt 2.00145 0.01
f 977/2509/164 976/2511/180 1028/2512/180 1027/2510/164 

vt 2.00767 0.03
vt 2.00198 0.03
vn -2.04645e-15 0.996366 0.0851803
vt 2.00198 0.01
vt 2.00767 0.01
f 976/2513/180 975/2514/181 1029/2515/181 1028/2516/180 

vt 2.04949 0.03
vt 2.04447 0.03
vn -1.99223e-15 0.96997 0.243223
vt 2.04447 0.01
vt 2.04949 0.01
f 975/2517/181 974/2518/182 1030/2519/182 1029/2520/181 

vt 2.04442 0.03
vt 2.03957 0.03
vn -1.87374e-15 0.912279 0.409569
vt 2.03957 0.01
vt 2.04442 0.01
f 974/2521/182 973/2522/183 1031/2523/183 1030/2524/182 

vt 1.97604 0.03
vt 1.97133 0.03
vn -1.69441e-15 0.824965 0.565184
vt 1.97133 0.01
vt 1.97604 0.01
f 973/2525/183 972/2526/184 1032/2527/184 1031/2528/183 

vt 1.84297 0.03
vt 1.83838 0.03
vn -1.4532e-15 0.707527 0.706687
vt 1.83838 0.01
vt 1.84297 0.01
f 972/2529/184 971/2530/185 1033/2531/185 1032/2532/184 

vt 1.64152 0.03
vt 1.63702 0.03
vn -1.14801e-15 0.558937 0.82921
vt 1.63702 0.01
vt 1.64152 0.01
f 971/2533/185 970/2534/186 1034/2535/186 1033/2536/185 

vt 1.36711 0.03
vt 1.36265 0.03
vn -7.79553e-16 0.379546 0.925173
vt 1.36265 0.01
vt 1.36711 0.01
f 970/2537/186 969/2538/187 1035/2539/187 1034/2540/186 

vt 1.01919 0.03
vt 1.01472 0.03
vn -3.79355e-16 0.184699 0.982795
vt 1.01472 0.01
vt 1.01919 0.01
f 969/2541/187 968/2542/188 1036/2543/188 1035/2544/187 

vt 0.649971 0.03
vt 0.646268 0.03
vn -8.93252e-17 0.0434903 0.999054
vt 0.646268 0.01
vt 0.649971 0.01
f 968/2545/188 967/2546/189 1037/2547/189 1036/2548/188 

vn -6.47893e-28 3.14483e-13 1
vt 0.475189 0.01
vt 0.476706 0.01
f 967/519/189 966/518/190 1038/2549/190 1037/2550/189 

vt 0.47197 0.03
vn 5.73415e-28 -2.80142e-13 1
vt 0.47197 0.01
f 966/518/190 965/2551/191 1039/2552/191 1038/2549/190 

vt 0.467635 0.03
vn 7.59808e-28 -3.70893e-13 1
vt 0.467635 0.01
f 965/2551/191 964/2553/192 1040/2554/192 1039/2552/191 

vn -3.96827e-28 1.92245e-13 1
vt 0.462771 0.01
f 964/2553/192 963/527/193 1041/2555/193 1040/2554/192 

vn -7.13191e-28 3.46274e-13 1
vt 0.457966 0.01
f 963/527/193 962/529/194 1042/2556/194 1041/2555/193 

vn -1.89674e-28 9.13872e-14 1
vt 0.453807 0.01
f 962/529/194 961/531/195 1043/2557/195 1042/2556/194 

vn 1.03954e-27 -5.07087e-13 1
vt 0.450881 0.01
f 961/531/195 960/533/196 1044/2558/196 1043/2557/195 

vn 3.34729e-27 -1.63067e-12 1
f 960/533/196 959/535/197 1045/2269/197 1044/2558/196 

vt 1.97202 0.03
vn -2.05391e-15 1 5.35161e-14
vt 1.4327 0.03
vn -2.05391e-15 1 2.67581e-14
vt 1.4327 0.01
vt 1.97202 0.01
f 959/2559/198 958/2560/199 1046/2561/199 1045/2562/198 

vt 0.893389 0.03
vt 0.893389 0.01
f 958/2560/199 957/2563/164 1047/2564/164 1046/2561/199 

vt -0.450881 0.01
f 957/398/136 956/662/136 1048/2565/136 1047/2446/136 

vt -0.453807 0.01
f 956/662/136 955/664/136 1049/2566/136 1048/2565/136 

vt -0.457966 0.01
f 955/664/136 954/666/136 1050/2567/136 1049/2566/136 

vt -0.462771 0.01
f 954/666/136 953/668/136 1051/2568/136 1050/2567/136 

vt -0.467635 0.03
vt -0.467635 0.01
f 953/668/136 952/2569/136 1052/2570/136 1051/2568/136 

vt -0.47197 0.03
vt -0.47197 0.01
f 952/2569/136 951/2571/136 1053/2572/136 1052/2570/136 

vt -0.475189 0.01
f 951/2571/136 950/674/136 1054/2573/136 1053/2572/136 

vn -8.93252e-17 0.0434903 -0.999054
vt -0.476706 0.01
f 950/674/136 949/676/200 1055/2574/200 1054/2573/136 

vt -0.397269 0.03
vt -0.400972 0.03
vn -3.79355e-16 0.184699 -0.982795
vt -0.400972 0.01
vt -0.397269 0.01
f 949/2575/200 948/2576/201 1056/2577/201 1055/2578/200 

vt -0.210398 0.03
vt -0.214869 0.03
vt -0.214869 0.01
vt -0.210398 0.01
f 948/2579/201 947/2580/172 1057/2581/172 1056/2582/201 

vt -0.00379567 0.03
vt -0.00825088 0.03
vt -0.00825088 0.01
vt -0.00379567 0.01
f 947/2583/172 946/2584/173 1058/2585/173 1057/2586/172 

vt 0.191603 0.03
vt 0.187099 0.03
vt 0.187099 0.01
vt 0.191603 0.01
f 946/2587/173 945/2588/174 1059/2589/174 1058/2590/173 

vt 0.369856 0.03
vt 0.365264 0.03
vt 0.365264 0.01
vt 0.369856 0.01
f 945/2591/174 944/2592/175 1060/2593/175 1059/2594/174 

vt 0.528905 0.03
vt 0.524198 0.03
vt 0.524198 0.01
vt 0.528905 0.01
f 944/2595/175 943/2596/176 1061/2597/176 1060/2598/175 

vt 0.667884 0.03
vt 0.663037 0.03
vt 0.663037 0.01
vt 0.667884 0.01
f 943/2599/176 942/2600/177 1062/2601/177 1061/2602/176 

vt 0.785338 0.03
vt 0.78032 0.03
vn -2.04645e-15 0.996366 -0.0851803
vt 0.78032 0.01
vt 0.785338 0.01
f 942/2603/177 941/2604/202 1063/2605/202 1062/2606/177 

vt 0.863191 0.03
vt 0.857508 0.03
vn -2.05387e-15 0.99998 -0.00638661
vt 0.857508 0.01
vt 0.863191 0.01
f 941/2607/202 940/2608/203 1064/2609/203 1063/2610/202 

vt 0.863962 0.03
vt 0.84406 0.03
vt 0.84406 0.01
vt 0.863962 0.01
f 940/2611/203 939/2612/164 1065/2613/164 1064/2614/203 

vt 0.81128 0.03
vt 0.81128 0.01
f 939/2612/164 938/2615/164 1066/2616/164 1065/2613/164 

vt 0.770774 0.03
vt 0.770774 0.01
f 938/2615/164 937/2617/164 1067/2618/164 1066/2616/164 

vt 0.727691 0.03
vt 0.727691 0.01
f 937/2617/164 936/2619/164 1068/2620/164 1067/2618/164 

vt 0.687184 0.03
vt 0.687184 0.01
f 936/2619/164 935/2621/164 1069/2622/164 1068/2620/164 

vt 0.654404 0.03
vt 0.654404 0.01
f 935/2621/164 934/2623/164 1070/2624/164 1069/2622/164 

vt 0.634503 0.03
vn -2.05387e-15 0.999977 0.00679536
vt 0.634503 0.01
f 934/2623/164 933/2625/204 1071/2626/204 1070/2624/164 

vt 0.641236 0.03
vt 0.635338 0.03
vn -2.04638e-15 0.996331 0.0855876
vt 0.635338 0.01
vt 0.641236 0.01
f 933/2627/204 932/2628/205 1072/2629/205 1071/2630/204 

vt 0.699314 0.03
vt 0.693772 0.03
vt 0.693772 0.01
vt 0.699314 0.01
f 932/2631/205 931/2632/182 1073/2633/182 1072/2634/205 

vt 0.752104 0.03
vt 0.746751 0.03
vt 0.746751 0.01
vt 0.752104 0.01
f 931/2635/182 930/2636/183 1074/2637/183 1073/2638/182 

vt 0.782118 0.03
vt 0.776919 0.03
vt 0.776919 0.01
vt 0.782118 0.01
f 930/2639/183 929/2640/184 1075/2641/184 1074/2642/183 

vt 0.787952 0.03
vt 0.78288 0.03
vt 0.78288 0.01
vt 0.787952 0.01
f 929/2643/184 928/2644/185 1076/2645/185 1075/2646/184 

vt 0.767278 0.03
vt 0.762304 0.03
vt 0.762304 0.01
vt 0.767278 0.01
f 928/2647/185 927/2648/186 1077/2649/186 1076/2650/185 

vt 0.716747 0.03
vt 0.711826 0.03
vt 0.711826 0.01
vt 0.716747 0.01
f 927/2651/186 926/2652/187 1078/2653/187 1077/2654/186 

vt 0.633267 0.03
vt 0.628329 0.03
vn -3.79552e-16 0.184794 0.982777
vt 0.628329 0.01
vt 0.633267 0.01
f 926/2655/187 925/2656/206 1079/2657/206 1078/2658/187 

vt 0.529051 0.03
vt 0.52497 0.03
vn -8.95254e-17 0.0435877 0.99905
vt 0.52497 0.01
vt 0.529051 0.01
f 925/2659/206 924/2660/207 1080/2661/207 1079/2662/206 

vt 0.47431 0.03
vt 0.472928 0.01
vt 0.47431 0.01
f 924/2663/207 923/775/115 1081/2664/115 1080/2665/207 

vt 0.469995 0.03
vt 0.469995 0.01
f 923/775/115 922/2666/115 1082/2667/115 1081/2664/115 

vt 0.466045 0.01
f 922/2666/115 921/782/115 1083/2668/115 1082/2667/115 

vt 0.461615 0.03
vt 0.461615 0.01
f 921/782/115 920/2669/115 1084/2670/115 1083/2668/115 

vt 0.457237 0.01
f 920/2669/115 919/786/115 1085/2671/115 1084/2670/115 

vn 6.92988e-28 -3.3836e-13 1
vt 0.453448 0.01
f 919/786/115 918/788/208 1086/2672/208 1085/2671/115 

vt 0.450783 0.03
vn -1.14515e-27 5.56586e-13 1
vt 0.450783 0.01
f 918/788/208 917/2673/209 1087/2674/209 1086/2672/208 

vn -3.67826e-27 1.78989e-12 1
f 917/2673/209 916/535/210 1088/2269/210 1087/2674/209 

vt 0.602381 0.01
f 916/396/164 915/190/164 1002/1956/164 1088/2675/164 

g Mesh3 ___297_2 Model

v 232.563 3 -24.0689
vn 1 2.05391e-15 -1.97307e-30
v 232.563 3 -54.203
v 232.563 2.9496 -54.203
v 232.563 2.81626 -54.203
v 232.563 2.62672 -54.203
v 232.563 2.40774 -54.203
v 232.563 2.18609 -54.203
v 232.563 1.98852 -54.203
v 232.563 1.84179 -54.203
v 232.563 1.77267 -54.203
v 232.563 1.56934 -54.2208
v 232.563 1.33224 -54.2901
v 232.563 1.11554 -54.4069
v 232.563 0.92398 -54.5657
v 232.563 0.762302 -54.7612
v 232.563 0.635252 -54.9881
v 232.563 0.547573 -55.2411
v 232.563 0.50401 -55.5149
v 232.563 0.5 -55.8099
v 232.563 0.5 -56.8055
v 232.563 0.5 -58.4453
v 232.563 0.5 -60.4717
v 232.563 0.5 -62.6269
v 232.563 0.5 -64.6532
v 232.563 0.5 -66.293
v 232.563 0.5 -67.2886
v 232.563 0.503631 -67.5729
v 232.563 0.543076 -67.8208
v 232.563 0.622467 -68.0499
v 232.563 0.737508 -68.2553
v 232.563 0.883904 -68.4324
v 232.563 1.05736 -68.5762
v 232.563 1.25357 -68.6819
v 232.563 1.46826 -68.7446
v 232.563 1.65278 -68.7607
v 232.563 1.72866 -68.7607
v 232.563 1.88972 -68.7607
v 232.563 2.10659 -68.7607
v 232.563 2.34989 -68.7607
v 232.563 2.59025 -68.7607
v 232.563 2.79831 -68.7607
v 232.563 2.94468 -68.7607
v 232.563 3 -68.7607
v 232.563 3 -95.7399
v 232.563 3 -122.719
v 232.563 2.94468 -122.719
v 232.563 2.79831 -122.719
v 232.563 2.59025 -122.719
v 232.563 2.34989 -122.719
v 232.563 2.10659 -122.719
v 232.563 1.88972 -122.719
v 232.563 1.72866 -122.719
v 232.563 1.65278 -122.719
v 232.563 1.46826 -122.735
v 232.563 1.25357 -122.798
v 232.563 1.05736 -122.904
v 232.563 0.883904 -123.048
v 232.563 0.737508 -123.225
v 232.563 0.622467 -123.43
v 232.563 0.543076 -123.659
v 232.563 0.503631 -123.907
v 232.563 0.5 -124.191
v 232.563 0.5 -125.187
v 232.563 0.5 -126.827
v 232.563 0.5 -128.853
v 232.563 0.5 -131.008
v 232.563 0.5 -133.035
v 232.563 0.5 -134.674
v 232.563 0.5 -135.67
v 232.563 0.50401 -135.965
v 232.563 0.547573 -136.239
v 232.563 0.635252 -136.492
v 232.563 0.762302 -136.719
v 232.563 0.92398 -136.914
v 232.563 1.11554 -137.073
v 232.563 1.33224 -137.19
v 232.563 1.56934 -137.259
v 232.563 1.77267 -137.277
v 232.563 1.84179 -137.277
v 232.563 1.98852 -137.277
v 232.563 2.18609 -137.277
v 232.563 2.40774 -137.277
v 232.563 2.62672 -137.277
v 232.563 2.81626 -137.277
v 232.563 2.9496 -137.277
v 232.563 3 -137.277
v 232.563 3 -167.411
v 232.563 6.22366 -167.411
v 232.563 6.22366 -24.0689
f 1089/1943/211 1090/1942/211 1091/1941/211 1092/1940/211 1093/1939/211 1094/1938/211 1095/1937/211 1096/1936/211 1097/1935/211 1098/1934/211 1099/1933/211 1100/1932/211 1101/1931/211 1102/1930/211 1103/1929/211 1104/1928/211 1105/1927/211 1106/1926/211 1107/1925/211 1108/1924/211 1109/1923/211 1110/1922/211 1111/1921/211 1112/1920/211 1113/1919/211 1114/1918/211 1115/1917/211 1116/1916/211 1117/1915/211 1118/1914/211 1119/1913/211 1120/1912/211 1121/1911/211 1122/1910/211 1123/1909/211 1124/1908/211 1125/1907/211 1126/1906/211 1127/1905/211 1128/1904/211 1129/1903/211 1130/1902/211 1131/1901/211 1132/1900/211 1133/1899/211 1134/1898/211 1135/1897/211 1136/1896/211 1137/1895/211 1138/1894/211 1139/1893/211 1140/1892/211 1141/1891/211 1142/1890/211 1143/1889/211 1144/1888/211 1145/1887/211 1146/1886/211 1147/1885/211 1148/1884/211 1149/1883/211 1150/1882/211 1151/1881/211 1152/1880/211 1153/1879/211 1154/1878/211 1155/1877/211 1156/1876/211 1157/1875/211 1158/1874/211 1159/1873/211 1160/1872/211 1161/1871/211 1162/1870/211 1163/1869/211 1164/1868/211 1165/1867/211 1166/1866/211 1167/1865/211 1168/1864/211 1169/1863/211 1170/1862/211 1171/1861/211 1172/1860/211 1173/1859/211 1174/1858/211 1175/1857/211 1176/1856/211 1177/1855/211 

v 230.563 3 -24.0689
v 230.563 3 -54.203
f 1178/1956/111 1179/1955/111 1090/201/111 1089/190/111 

v 230.563 3 -167.411
v 230.563 3 -137.277
v 230.563 2.9496 -137.277
v 230.563 2.81626 -137.277
v 230.563 2.62672 -137.277
v 230.563 2.40774 -137.277
v 230.563 2.18609 -137.277
v 230.563 1.98852 -137.277
v 230.563 1.84179 -137.277
v 230.563 1.77267 -137.277
v 230.563 1.56934 -137.259
v 230.563 1.33224 -137.19
v 230.563 1.11554 -137.073
v 230.563 0.92398 -136.914
v 230.563 0.762302 -136.719
v 230.563 0.635252 -136.492
v 230.563 0.547573 -136.239
v 230.563 0.50401 -135.965
v 230.563 0.5 -135.67
v 230.563 0.5 -134.674
v 230.563 0.5 -133.035
v 230.563 0.5 -131.008
v 230.563 0.5 -128.853
v 230.563 0.5 -126.827
v 230.563 0.5 -125.187
v 230.563 0.5 -124.191
v 230.563 0.503631 -123.907
v 230.563 0.543076 -123.659
v 230.563 0.622467 -123.43
v 230.563 0.737508 -123.225
v 230.563 0.883904 -123.048
v 230.563 1.05736 -122.904
v 230.563 1.25357 -122.798
v 230.563 1.46826 -122.735
v 230.563 1.65278 -122.719
v 230.563 1.72866 -122.719
v 230.563 1.88972 -122.719
v 230.563 2.10659 -122.719
v 230.563 2.34989 -122.719
v 230.563 2.59025 -122.719
v 230.563 2.79831 -122.719
v 230.563 2.94468 -122.719
v 230.563 3 -122.719
v 230.563 3 -95.7399
v 230.563 3 -68.7607
v 230.563 2.94468 -68.7607
v 230.563 2.79831 -68.7607
v 230.563 2.59025 -68.7607
v 230.563 2.34989 -68.7607
v 230.563 2.10659 -68.7607
v 230.563 1.88972 -68.7607
v 230.563 1.72866 -68.7607
v 230.563 1.65278 -68.7607
v 230.563 1.46826 -68.7446
v 230.563 1.25357 -68.6819
v 230.563 1.05736 -68.5762
v 230.563 0.883904 -68.4324
v 230.563 0.737508 -68.2553
v 230.563 0.622467 -68.0499
v 230.563 0.543076 -67.8208
v 230.563 0.503631 -67.5729
v 230.563 0.5 -67.2886
v 230.563 0.5 -66.293
v 230.563 0.5 -64.6532
v 230.563 0.5 -62.6269
v 230.563 0.5 -60.4717
v 230.563 0.5 -58.4453
v 230.563 0.5 -56.8055
v 230.563 0.5 -55.8099
v 230.563 0.50401 -55.5149
v 230.563 0.547573 -55.2411
v 230.563 0.635252 -54.9881
v 230.563 0.762302 -54.7612
v 230.563 0.92398 -54.5657
v 230.563 1.11554 -54.4069
v 230.563 1.33224 -54.2901
v 230.563 1.56934 -54.2208
v 230.563 1.77267 -54.203
v 230.563 1.84179 -54.203
v 230.563 1.98852 -54.203
v 230.563 2.18609 -54.203
v 230.563 2.40774 -54.203
v 230.563 2.62672 -54.203
v 230.563 2.81626 -54.203
v 230.563 2.9496 -54.203
v 230.563 6.22366 -24.0689
v 230.563 6.22366 -167.411
f 1180/2445/5 1181/2444/5 1182/2443/5 1183/2442/5 1184/2441/5 1185/2440/5 1186/2439/5 1187/2438/5 1188/2437/5 1189/2436/5 1190/2435/5 1191/2434/5 1192/2433/5 1193/2432/5 1194/2431/5 1195/2430/5 1196/2429/5 1197/2428/5 1198/2427/5 1199/2426/5 1200/2425/5 1201/2424/5 1202/2423/5 1203/2422/5 1204/2421/5 1205/2420/5 1206/2419/5 1207/2418/5 1208/2417/5 1209/2416/5 1210/2415/5 1211/2414/5 1212/2413/5 1213/2412/5 1214/2411/5 1215/2410/5 1216/2409/5 1217/2408/5 1218/2407/5 1219/2406/5 1220/2405/5 1221/2404/5 1222/2403/5 1223/2402/5 1224/2401/5 1225/2400/5 1226/2399/5 1227/2398/5 1228/2397/5 1229/2396/5 1230/2395/5 1231/2394/5 1232/2393/5 1233/2392/5 1234/2391/5 1235/2390/5 1236/2389/5 1237/2388/5 1238/2387/5 1239/2386/5 1240/2385/5 1241/2384/5 1242/2383/5 1243/2382/5 1244/2381/5 1245/2380/5 1246/2379/5 1247/2378/5 1248/2377/5 1249/2376/5 1250/2375/5 1251/2374/5 1252/2373/5 1253/2372/5 1254/2371/5 1255/2370/5 1256/2369/5 1257/2368/5 1258/2367/5 1259/2366/5 1260/2365/5 1261/2364/5 1262/2363/5 1263/2362/5 1264/2361/5 1179/2360/5 1178/192/5 1265/2358/5 1266/2359/5 

f 1181/2175/111 1180/2174/111 1175/2173/111 1174/2172/111 

f 1180/2061/160 1266/2177/160 1176/2176/160 1175/195/160 

v 230.563 19.2839 -167.411
v 232.563 19.2839 -167.411
f 1266/2177/160 1267/2179/160 1268/2178/160 1176/2176/160 

v 230.563 19.2839 -24.0689
f 1269/2270/5 1267/2271/5 1266/2359/5 1265/2358/5 

vn 1.40998e-15 -1 -0
v 232.563 19.2839 -24.0689
f 1269/2181/212 1267/2174/212 1268/2173/212 1270/2180/212 

v 230.563 23 -24.0689
v 230.563 23 -54.203
v 230.563 23.0504 -54.203
v 230.563 23.1838 -54.203
v 230.563 23.3733 -54.203
v 230.563 23.5923 -54.203
v 230.563 23.8139 -54.203
v 230.563 24.0115 -54.203
v 230.563 24.1582 -54.203
v 230.563 24.2274 -54.203
v 230.563 24.4307 -54.2208
v 230.563 24.6678 -54.2901
v 230.563 24.8845 -54.4069
v 230.563 25.076 -54.5657
v 230.563 25.2377 -54.7612
v 230.563 25.3648 -54.9881
v 230.563 25.4524 -55.2411
v 230.563 25.496 -55.5149
v 230.563 25.5 -55.8099
v 230.563 25.5 -56.8055
v 230.563 25.5 -58.4453
v 230.563 25.5 -60.4717
v 230.563 25.5 -62.6269
v 230.563 25.5 -64.6532
v 230.563 25.5 -66.293
v 230.563 25.5 -67.2886
v 230.563 25.4964 -67.5729
v 230.563 25.4569 -67.8208
v 230.563 25.3776 -68.0499
v 230.563 25.2625 -68.2553
v 230.563 25.1161 -68.4324
v 230.563 24.9427 -68.5762
v 230.563 24.7464 -68.6819
v 230.563 24.5318 -68.7446
v 230.563 24.3472 -68.7607
v 230.563 24.2714 -68.7607
v 230.563 24.1103 -68.7607
v 230.563 23.8934 -68.7607
v 230.563 23.6501 -68.7607
v 230.563 23.4098 -68.7607
v 230.563 23.2017 -68.7607
v 230.563 23.0553 -68.7607
v 230.563 23 -68.7607
v 230.563 23 -95.7399
v 230.563 23 -122.719
v 230.563 23.0553 -122.719
v 230.563 23.2017 -122.719
v 230.563 23.4098 -122.719
v 230.563 23.6501 -122.719
v 230.563 23.8934 -122.719
v 230.563 24.1103 -122.719
v 230.563 24.2714 -122.719
v 230.563 24.3472 -122.719
v 230.563 24.5318 -122.735
v 230.563 24.7464 -122.798
v 230.563 24.9427 -122.904
v 230.563 25.1161 -123.048
v 230.563 25.2625 -123.225
v 230.563 25.3776 -123.43
v 230.563 25.4569 -123.659
v 230.563 25.4964 -123.907
v 230.563 25.5 -124.191
v 230.563 25.5 -125.187
v 230.563 25.5 -126.827
v 230.563 25.5 -128.853
v 230.563 25.5 -131.008
v 230.563 25.5 -133.035
v 230.563 25.5 -134.674
v 230.563 25.5 -135.67
v 230.563 25.496 -135.965
v 230.563 25.4524 -136.239
v 230.563 25.3648 -136.492
v 230.563 25.2377 -136.719
v 230.563 25.076 -136.914
v 230.563 24.8845 -137.073
v 230.563 24.6678 -137.19
v 230.563 24.4307 -137.259
v 230.563 24.2274 -137.277
v 230.563 24.1582 -137.277
v 230.563 24.0115 -137.277
v 230.563 23.8139 -137.277
v 230.563 23.5923 -137.277
v 230.563 23.3733 -137.277
v 230.563 23.1838 -137.277
v 230.563 23.0504 -137.277
v 230.563 23 -137.277
v 230.563 23 -167.411
f 1271/397/5 1272/2357/5 1273/2356/5 1274/2355/5 1275/2354/5 1276/2353/5 1277/2352/5 1278/2351/5 1279/2350/5 1280/2349/5 1281/2348/5 1282/2347/5 1283/2346/5 1284/2345/5 1285/2344/5 1286/2343/5 1287/2342/5 1288/2341/5 1289/2340/5 1290/2339/5 1291/2338/5 1292/2337/5 1293/2336/5 1294/2335/5 1295/2334/5 1296/2333/5 1297/2332/5 1298/2331/5 1299/2330/5 1300/2329/5 1301/2328/5 1302/2327/5 1303/2326/5 1304/2325/5 1305/2324/5 1306/2323/5 1307/2322/5 1308/2321/5 1309/2320/5 1310/2319/5 1311/2318/5 1312/2317/5 1313/2316/5 1314/2315/5 1315/2314/5 1316/2313/5 1317/2312/5 1318/2311/5 1319/2310/5 1320/2309/5 1321/2308/5 1322/2307/5 1323/2306/5 1324/2305/5 1325/2304/5 1326/2303/5 1327/2302/5 1328/2301/5 1329/2300/5 1330/2299/5 1331/2298/5 1332/2297/5 1333/2296/5 1334/2295/5 1335/2294/5 1336/2293/5 1337/2292/5 1338/2291/5 1339/2290/5 1340/2289/5 1341/2288/5 1342/2287/5 1343/2286/5 1344/2285/5 1345/2284/5 1346/2283/5 1347/2282/5 1348/2281/5 1349/2280/5 1350/2279/5 1351/2278/5 1352/2277/5 1353/2276/5 1354/2275/5 1355/2274/5 1356/2273/5 1357/2272/5 1267/2271/5 1269/2270/5 

v 232.563 23 -24.0689
v 232.563 23 -54.203
f 1272/2675/164 1271/1956/164 1358/190/164 1359/396/164 

vn 6.79437e-29 -4.8567e-14 1
f 1271/2269/213 1269/1953/213 1270/1950/213 1358/535/213 

vn 0 0 1
f 1269/1953/214 1265/1952/214 1177/1951/214 1270/1950/214 

vn -1.76248e-15 1 -0
f 1266/1949/215 1265/1948/215 1177/1947/215 1176/1946/215 

vn -1.05734e-28 5.59854e-14 1
f 1265/1952/216 1178/1954/216 1089/914/216 1177/1951/216 

vn 1 2.05391e-15 -0
f 1268/1945/217 1270/1944/217 1177/1855/217 1176/1856/217 

v 232.563 23 -167.411
v 232.563 23 -137.277
v 232.563 23.0504 -137.277
v 232.563 23.1838 -137.277
v 232.563 23.3733 -137.277
v 232.563 23.5923 -137.277
v 232.563 23.8139 -137.277
v 232.563 24.0115 -137.277
v 232.563 24.1582 -137.277
v 232.563 24.2274 -137.277
v 232.563 24.4307 -137.259
v 232.563 24.6678 -137.19
v 232.563 24.8845 -137.073
v 232.563 25.076 -136.914
v 232.563 25.2377 -136.719
v 232.563 25.3648 -136.492
v 232.563 25.4524 -136.239
v 232.563 25.496 -135.965
v 232.563 25.5 -135.67
v 232.563 25.5 -134.674
v 232.563 25.5 -133.035
v 232.563 25.5 -131.008
v 232.563 25.5 -128.853
v 232.563 25.5 -126.827
v 232.563 25.5 -125.187
v 232.563 25.5 -124.191
v 232.563 25.4964 -123.907
v 232.563 25.4569 -123.659
v 232.563 25.3776 -123.43
v 232.563 25.2625 -123.225
v 232.563 25.1161 -123.048
v 232.563 24.9427 -122.904
v 232.563 24.7464 -122.798
v 232.563 24.5318 -122.735
v 232.563 24.3472 -122.719
v 232.563 24.2714 -122.719
v 232.563 24.1103 -122.719
v 232.563 23.8934 -122.719
v 232.563 23.6501 -122.719
v 232.563 23.4098 -122.719
v 232.563 23.2017 -122.719
v 232.563 23.0553 -122.719
v 232.563 23 -122.719
v 232.563 23 -95.7399
v 232.563 23 -68.7607
v 232.563 23.0553 -68.7607
v 232.563 23.2017 -68.7607
v 232.563 23.4098 -68.7607
v 232.563 23.6501 -68.7607
v 232.563 23.8934 -68.7607
v 232.563 24.1103 -68.7607
v 232.563 24.2714 -68.7607
v 232.563 24.3472 -68.7607
v 232.563 24.5318 -68.7446
v 232.563 24.7464 -68.6819
v 232.563 24.9427 -68.5762
v 232.563 25.1161 -68.4324
v 232.563 25.2625 -68.2553
v 232.563 25.3776 -68.0499
v 232.563 25.4569 -67.8208
v 232.563 25.4964 -67.5729
v 232.563 25.5 -67.2886
v 232.563 25.5 -66.293
v 232.563 25.5 -64.6532
v 232.563 25.5 -62.6269
v 232.563 25.5 -60.4717
v 232.563 25.5 -58.4453
v 232.563 25.5 -56.8055
v 232.563 25.5 -55.8099
v 232.563 25.496 -55.5149
v 232.563 25.4524 -55.2411
v 232.563 25.3648 -54.9881
v 232.563 25.2377 -54.7612
v 232.563 25.076 -54.5657
v 232.563 24.8845 -54.4069
v 232.563 24.6678 -54.2901
v 232.563 24.4307 -54.2208
v 232.563 24.2274 -54.203
v 232.563 24.1582 -54.203
v 232.563 24.0115 -54.203
v 232.563 23.8139 -54.203
v 232.563 23.5923 -54.203
v 232.563 23.3733 -54.203
v 232.563 23.1838 -54.203
v 232.563 23.0504 -54.203
f 1360/2268/211 1361/2267/211 1362/2266/211 1363/2265/211 1364/2264/211 1365/2263/211 1366/2262/211 1367/2261/211 1368/2260/211 1369/2259/211 1370/2258/211 1371/2257/211 1372/2256/211 1373/2255/211 1374/2254/211 1375/2253/211 1376/2252/211 1377/2251/211 1378/2250/211 1379/2249/211 1380/2248/211 1381/2247/211 1382/2246/211 1383/2245/211 1384/2244/211 1385/2243/211 1386/2242/211 1387/2241/211 1388/2240/211 1389/2239/211 1390/2238/211 1391/2237/211 1392/2236/211 1393/2235/211 1394/2234/211 1395/2233/211 1396/2232/211 1397/2231/211 1398/2230/211 1399/2229/211 1400/2228/211 1401/2227/211 1402/2226/211 1403/2225/211 1404/2224/211 1405/2223/211 1406/2222/211 1407/2221/211 1408/2220/211 1409/2219/211 1410/2218/211 1411/2217/211 1412/2216/211 1413/2215/211 1414/2214/211 1415/2213/211 1416/2212/211 1417/2211/211 1418/2210/211 1419/2209/211 1420/2208/211 1421/2207/211 1422/2206/211 1423/2205/211 1424/2204/211 1425/2203/211 1426/2202/211 1427/2201/211 1428/2200/211 1429/2199/211 1430/2198/211 1431/2197/211 1432/2196/211 1433/2195/211 1434/2194/211 1435/2193/211 1436/2192/211 1437/2191/211 1438/2190/211 1439/2189/211 1440/2188/211 1441/2187/211 1442/2186/211 1443/2185/211 1444/2184/211 1359/2183/211 1358/2182/211 1270/1944/211 1268/1945/211 

f 1357/1949/164 1356/2448/164 1361/2447/164 1360/1946/164 

vn -1.97307e-30 -4.0525e-45 -1
vn 6.92988e-28 -3.3836e-13 -1
f 1356/2446/218 1355/2450/219 1362/2449/219 1361/398/218 

f 1355/2450/219 1354/2451/219 1363/405/219 1362/2449/219 

vn -4.25178e-28 2.06048e-13 -1
f 1354/2451/219 1353/2452/220 1364/407/220 1363/405/219 

vn -7.08218e-30 2.4875e-15 -1
f 1353/2452/220 1352/2454/221 1365/2453/221 1364/407/220 

vn 4.16122e-28 -2.0356e-13 -1
f 1352/2454/221 1351/2455/222 1366/411/222 1365/2453/221 

vn -6.33564e-28 3.07506e-13 -1
f 1351/2455/222 1350/2457/223 1367/2456/223 1366/411/222 

f 1350/2457/223 1349/2458/223 1368/415/223 1367/2456/223 

f 1349/2458/223 1348/2460/170 1369/2459/170 1368/415/223 

f 1348/2464/170 1347/2463/171 1370/2462/171 1369/2461/170 

f 1347/2468/171 1346/2467/172 1371/2466/172 1370/2465/171 

f 1346/2472/172 1345/2471/173 1372/2470/173 1371/2469/172 

f 1345/2476/173 1344/2475/174 1373/2474/174 1372/2473/173 

f 1344/2480/174 1343/2479/175 1374/2478/175 1373/2477/174 

f 1343/2484/175 1342/2483/176 1375/2482/176 1374/2481/175 

f 1342/2488/176 1341/2487/177 1376/2486/177 1375/2485/176 

f 1341/2492/177 1340/2491/178 1377/2490/178 1376/2489/177 

f 1340/2496/178 1339/2495/179 1378/2494/179 1377/2493/178 

f 1339/2500/179 1338/2499/164 1379/2498/164 1378/2497/179 

f 1338/2499/164 1337/2502/164 1380/2501/164 1379/2498/164 

f 1337/2502/164 1336/2504/164 1381/2503/164 1380/2501/164 

f 1336/2504/164 1335/2506/164 1382/2505/164 1381/2503/164 

f 1335/2506/164 1334/2508/164 1383/2507/164 1382/2505/164 

f 1334/2508/164 1333/2510/164 1384/2509/164 1383/2507/164 

f 1333/2510/164 1332/2512/180 1385/2511/180 1384/2509/164 

f 1332/2516/180 1331/2515/181 1386/2514/181 1385/2513/180 

f 1331/2520/181 1330/2519/182 1387/2518/182 1386/2517/181 

f 1330/2524/182 1329/2523/183 1388/2522/183 1387/2521/182 

f 1329/2528/183 1328/2527/184 1389/2526/184 1388/2525/183 

f 1328/2532/184 1327/2531/185 1390/2530/185 1389/2529/184 

f 1327/2536/185 1326/2535/186 1391/2534/186 1390/2533/185 

f 1326/2540/186 1325/2539/187 1392/2538/187 1391/2537/186 

f 1325/2544/187 1324/2543/188 1393/2542/188 1392/2541/187 

f 1324/2548/188 1323/2547/189 1394/2546/189 1393/2545/188 

vn -6.43947e-28 3.14483e-13 1
f 1323/2550/189 1322/2549/224 1395/518/224 1394/519/189 

vn 5.77361e-28 -2.80142e-13 1
f 1322/2549/224 1321/2552/225 1396/2551/225 1395/518/224 

vn 7.63755e-28 -3.70893e-13 1
f 1321/2552/225 1320/2554/226 1397/2553/226 1396/2551/225 

vn -3.92881e-28 1.92245e-13 1
f 1320/2554/226 1319/2555/227 1398/527/227 1397/2553/226 

vn -7.09244e-28 3.46274e-13 1
f 1319/2555/227 1318/2556/228 1399/529/228 1398/527/227 

vn -1.85728e-28 9.13872e-14 1
f 1318/2556/228 1317/2557/229 1400/531/229 1399/529/228 

vn 1.04349e-27 -5.07087e-13 1
f 1317/2557/229 1316/2558/230 1401/533/230 1400/531/229 

vn 3.35124e-27 -1.63067e-12 1
f 1316/2558/230 1315/2269/231 1402/535/231 1401/533/230 

f 1315/2562/198 1314/2561/199 1403/2560/199 1402/2559/198 

f 1314/2561/199 1313/2564/164 1404/2563/164 1403/2560/199 

f 1313/2446/218 1312/2565/218 1405/662/218 1404/398/218 

f 1312/2565/218 1311/2566/218 1406/664/218 1405/662/218 

f 1311/2566/218 1310/2567/218 1407/666/218 1406/664/218 

f 1310/2567/218 1309/2568/218 1408/668/218 1407/666/218 

f 1309/2568/218 1308/2570/218 1409/2569/218 1408/668/218 

f 1308/2570/218 1307/2572/218 1410/2571/218 1409/2569/218 

f 1307/2572/218 1306/2573/218 1411/674/218 1410/2571/218 

f 1306/2573/218 1305/2574/200 1412/676/200 1411/674/218 

f 1305/2578/200 1304/2577/201 1413/2576/201 1412/2575/200 

f 1304/2582/201 1303/2581/172 1414/2580/172 1413/2579/201 

f 1303/2586/172 1302/2585/173 1415/2584/173 1414/2583/172 

f 1302/2590/173 1301/2589/174 1416/2588/174 1415/2587/173 

f 1301/2594/174 1300/2593/175 1417/2592/175 1416/2591/174 

f 1300/2598/175 1299/2597/176 1418/2596/176 1417/2595/175 

f 1299/2602/176 1298/2601/177 1419/2600/177 1418/2599/176 

f 1298/2606/177 1297/2605/202 1420/2604/202 1419/2603/177 

f 1297/2610/202 1296/2609/203 1421/2608/203 1420/2607/202 

f 1296/2614/203 1295/2613/164 1422/2612/164 1421/2611/203 

f 1295/2613/164 1294/2616/164 1423/2615/164 1422/2612/164 

f 1294/2616/164 1293/2618/164 1424/2617/164 1423/2615/164 

f 1293/2618/164 1292/2620/164 1425/2619/164 1424/2617/164 

f 1292/2620/164 1291/2622/164 1426/2621/164 1425/2619/164 

f 1291/2622/164 1290/2624/164 1427/2623/164 1426/2621/164 

f 1290/2624/164 1289/2626/204 1428/2625/204 1427/2623/164 

f 1289/2630/204 1288/2629/205 1429/2628/205 1428/2627/204 

f 1288/2634/205 1287/2633/182 1430/2632/182 1429/2631/205 

f 1287/2638/182 1286/2637/183 1431/2636/183 1430/2635/182 

f 1286/2642/183 1285/2641/184 1432/2640/184 1431/2639/183 

f 1285/2646/184 1284/2645/185 1433/2644/185 1432/2643/184 

f 1284/2650/185 1283/2649/186 1434/2648/186 1433/2647/185 

f 1283/2654/186 1282/2653/187 1435/2652/187 1434/2651/186 

f 1282/2658/187 1281/2657/206 1436/2656/206 1435/2655/187 

f 1281/2662/206 1280/2661/207 1437/2660/207 1436/2659/206 

vn 1.97307e-30 4.0525e-45 1
f 1280/2665/207 1279/2664/232 1438/775/232 1437/2663/207 

f 1279/2664/232 1278/2667/232 1439/2666/232 1438/775/232 

f 1278/2667/232 1277/2668/232 1440/782/232 1439/2666/232 

f 1277/2668/232 1276/2670/232 1441/2669/232 1440/782/232 

f 1276/2670/232 1275/2671/232 1442/786/232 1441/2669/232 

vn 6.96934e-28 -3.3836e-13 1
f 1275/2671/232 1274/2672/233 1443/788/233 1442/786/232 

vn -1.14121e-27 5.56586e-13 1
f 1274/2672/233 1273/2674/234 1444/2673/234 1443/788/233 

vn -3.67431e-27 1.78989e-12 1
f 1273/2674/234 1272/2269/235 1359/535/235 1444/2673/234 

f 1267/2179/160 1357/2446/160 1360/398/160 1268/2178/160 

vn -6.96934e-28 3.3836e-13 -1
f 1182/2171/236 1181/2061/218 1174/195/218 1173/1317/236 

f 1183/2170/236 1182/2171/236 1173/1317/236 1172/1315/236 

vn 4.21232e-28 -2.06048e-13 -1
f 1184/2169/237 1183/2170/236 1172/1315/236 1171/1312/237 

vn 3.13604e-30 -2.4875e-15 -1
f 1185/2168/238 1184/2169/237 1171/1312/237 1170/1310/238 

vn -4.20069e-28 2.0356e-13 -1
f 1186/2167/239 1185/2168/238 1170/1310/238 1169/1307/239 

vn 6.29618e-28 -3.07506e-13 -1
f 1187/2166/240 1186/2167/239 1169/1307/239 1168/1305/240 

f 1188/2164/240 1187/2166/240 1168/1305/240 1167/1300/240 

f 1189/2165/154 1188/2164/240 1167/1300/240 1166/1301/154 

f 1190/2163/153 1189/2162/154 1166/2161/154 1165/2160/153 

f 1191/2159/133 1190/2158/153 1165/2157/153 1164/2156/133 

f 1192/2155/132 1191/2154/133 1164/2153/133 1163/2152/132 

f 1193/2151/131 1192/2150/132 1163/2149/132 1162/2148/131 

f 1194/2147/130 1193/2146/131 1162/2145/131 1161/2144/130 

f 1195/2143/129 1194/2142/130 1161/2141/130 1160/2140/129 

f 1196/2139/128 1195/2138/129 1160/2137/129 1159/2136/128 

f 1197/2135/152 1196/2134/128 1159/2133/128 1158/2132/152 

f 1198/2131/151 1197/2130/152 1158/2129/152 1157/2128/151 

f 1199/2125/111 1198/2127/151 1157/2126/151 1156/2124/111 

f 1200/2123/111 1199/2125/111 1156/2124/111 1155/2122/111 

f 1201/2121/111 1200/2123/111 1155/2122/111 1154/2120/111 

f 1202/2119/111 1201/2121/111 1154/2120/111 1153/2118/111 

f 1203/2117/111 1202/2119/111 1153/2118/111 1152/2116/111 

f 1204/2114/111 1203/2117/111 1152/2116/111 1151/2113/111 

f 1205/2115/150 1204/2114/111 1151/2113/111 1150/2112/150 

f 1206/2111/149 1205/2110/150 1150/2109/150 1149/2108/149 

f 1207/2107/123 1206/2106/149 1149/2105/149 1148/2104/123 

f 1208/2103/122 1207/2102/123 1148/2101/123 1147/2100/122 

f 1209/2099/121 1208/2098/122 1147/2097/122 1146/2096/121 

f 1210/2095/120 1209/2094/121 1146/2093/121 1145/2092/120 

f 1211/2091/119 1210/2090/120 1145/2089/120 1144/2088/119 

f 1212/2087/118 1211/2086/119 1144/2085/119 1143/2084/118 

f 1213/2083/148 1212/2082/118 1143/2081/118 1142/2080/148 

f 1214/2079/147 1213/2078/148 1142/2077/148 1141/2076/147 

vn 6.47893e-28 -3.14483e-13 1
f 1215/2074/241 1214/2075/147 1141/1197/147 1140/1194/241 

vn -5.73415e-28 2.80142e-13 1
f 1216/2073/242 1215/2074/241 1140/1194/241 1139/1192/242 

vn -7.59808e-28 3.70893e-13 1
f 1217/2072/243 1216/2073/242 1139/1192/242 1138/1190/243 

vn 3.96827e-28 -1.92245e-13 1
f 1218/2071/244 1217/2072/243 1138/1190/243 1137/1188/244 

vn 7.13191e-28 -3.46274e-13 1
f 1219/2070/245 1218/2071/244 1137/1188/244 1136/1186/245 

vn 1.89674e-28 -9.13872e-14 1
f 1220/2069/246 1219/2070/245 1136/1186/245 1135/1184/246 

vn -1.04015e-27 5.07386e-13 1
f 1221/2068/247 1220/2069/246 1135/1184/246 1134/1182/247 

vn -3.34852e-27 1.63127e-12 1
f 1222/1954/248 1221/2068/247 1134/1182/247 1133/914/248 

f 1223/2064/137 1222/2067/138 1133/2066/138 1132/2063/137 

f 1224/2065/111 1223/2064/137 1132/2063/137 1131/2062/111 

f 1225/2060/218 1224/2061/218 1131/195/218 1130/1050/218 

f 1226/2059/218 1225/2060/218 1130/1050/218 1129/1048/218 

f 1227/2058/218 1226/2059/218 1129/1048/218 1128/1046/218 

f 1228/2057/218 1227/2058/218 1128/1046/218 1127/1044/218 

f 1229/2056/218 1228/2057/218 1127/1044/218 1126/1042/218 

f 1230/2055/218 1229/2056/218 1126/1042/218 1125/1040/218 

f 1231/2053/218 1230/2055/218 1125/1040/218 1124/1035/218 

f 1232/2054/135 1231/2053/218 1124/1035/218 1123/1036/135 

f 1233/2052/134 1232/2051/135 1123/2050/135 1122/2049/134 

f 1234/2048/133 1233/2047/134 1122/2046/134 1121/2045/133 

f 1235/2044/132 1234/2043/133 1121/2042/133 1120/2041/132 

f 1236/2040/131 1235/2039/132 1120/2038/132 1119/2037/131 

f 1237/2036/130 1236/2035/131 1119/2034/131 1118/2033/130 

f 1238/2032/129 1237/2031/130 1118/2030/130 1117/2029/129 

f 1239/2028/128 1238/2027/129 1117/2026/129 1116/2025/128 

f 1240/2024/127 1239/2023/128 1116/2022/128 1115/2021/127 

f 1241/2020/126 1240/2019/127 1115/2018/127 1114/2017/126 

f 1242/2014/111 1241/2016/126 1114/2015/126 1113/2013/111 

f 1243/2012/111 1242/2014/111 1113/2013/111 1112/2011/111 

f 1244/2010/111 1243/2012/111 1112/2011/111 1111/2009/111 

f 1245/2008/111 1244/2010/111 1111/2009/111 1110/2007/111 

f 1246/2006/111 1245/2008/111 1110/2007/111 1109/2005/111 

f 1247/2003/111 1246/2006/111 1109/2005/111 1108/2002/111 

f 1248/2004/125 1247/2003/111 1108/2002/111 1107/2001/125 

f 1249/2000/124 1248/1999/125 1107/1998/125 1106/1997/124 

f 1250/1996/123 1249/1995/124 1106/1994/124 1105/1993/123 

f 1251/1992/122 1250/1991/123 1105/1990/123 1104/1989/122 

f 1252/1988/121 1251/1987/122 1104/1986/122 1103/1985/121 

f 1253/1984/120 1252/1983/121 1103/1982/121 1102/1981/120 

f 1254/1980/119 1253/1979/120 1102/1978/120 1101/1977/119 

f 1255/1976/118 1254/1975/119 1101/1974/119 1100/1973/118 

f 1256/1972/117 1255/1971/118 1100/1970/118 1099/1969/117 

f 1257/1968/116 1256/1967/117 1099/1966/117 1098/1965/116 

f 1258/1963/232 1257/1964/116 1098/934/116 1097/931/232 

f 1259/1962/232 1258/1963/232 1097/931/232 1096/929/232 

f 1260/1961/232 1259/1962/232 1096/929/232 1095/927/232 

f 1261/1960/232 1260/1961/232 1095/927/232 1094/925/232 

f 1262/1959/232 1261/1960/232 1094/925/232 1093/923/232 

vn -6.92988e-28 3.3836e-13 1
f 1263/1958/249 1262/1959/232 1093/923/232 1092/921/249 

vn 1.14589e-27 -5.56946e-13 1
f 1264/1957/250 1263/1958/249 1092/921/249 1091/919/250 

vn 3.67973e-27 -1.79061e-12 1
f 1179/1954/251 1264/1957/250 1091/919/250 1090/914/251 

g Mesh4 ___296_2 Model

v 21.6149 0.547573 -22.2089
v 21.4271 0.635252 -22.2089
v 21.4271 0.635252 -24.0689
v 21.6149 0.547573 -24.0689
f 1445/4/1 1446/3/2 1447/2/2 1448/1/1 

v 34.0602 6.46986 -22.2089
vn 9.30235e-45 -1.66533e-16 1
v 3.92612 6.46986 -22.2089
v 3.92612 3 -22.2089
v 20.8442 3 -22.2089
v 20.8442 2.9496 -22.2089
v 20.8442 2.81626 -22.2089
v 20.8442 2.62672 -22.2089
v 20.8442 2.40774 -22.2089
v 20.8442 2.18609 -22.2089
v 20.8442 1.98852 -22.2089
v 20.8442 1.84179 -22.2089
v 20.8442 1.77267 -22.2089
v 20.8574 1.56934 -22.2089
v 20.9089 1.33224 -22.2089
v 20.9955 1.11554 -22.2089
v 21.1134 0.92398 -22.2089
v 21.2586 0.762302 -22.2089
v 21.8182 0.50401 -22.2089
v 22.0373 0.5 -22.2089
v 22.7764 0.5 -22.2089
v 23.9939 0.5 -22.2089
v 25.4984 0.5 -22.2089
v 27.0986 0.5 -22.2089
v 28.603 0.5 -22.2089
v 29.8205 0.5 -22.2089
v 30.5597 0.5 -22.2089
v 30.7707 0.503631 -22.2089
v 30.9548 0.543076 -22.2089
v 31.1249 0.622467 -22.2089
v 31.2775 0.737508 -22.2089
v 31.4089 0.883904 -22.2089
v 31.5157 1.05736 -22.2089
v 31.5941 1.25357 -22.2089
v 31.6407 1.46826 -22.2089
v 31.6527 1.65278 -22.2089
v 31.6527 1.72866 -22.2089
v 31.6527 1.88972 -22.2089
v 31.6527 2.10659 -22.2089
v 31.6527 2.34989 -22.2089
v 31.6527 2.59025 -22.2089
v 31.6527 2.79831 -22.2089
v 31.6527 2.94468 -22.2089
v 31.6527 3 -22.2089
v 78.6515 3 -22.2089
v 78.6515 2.9496 -22.2089
v 78.6515 2.81626 -22.2089
v 78.6515 2.62672 -22.2089
v 78.6515 2.40774 -22.2089
v 78.6515 2.18609 -22.2089
v 78.6515 1.98852 -22.2089
v 78.6515 1.84179 -22.2089
v 78.6515 1.77267 -22.2089
v 78.6647 1.56934 -22.2089
v 78.7162 1.33224 -22.2089
v 78.8028 1.11554 -22.2089
v 78.9207 0.92398 -22.2089
v 79.0659 0.762302 -22.2089
v 79.2344 0.635252 -22.2089
v 79.4222 0.547573 -22.2089
v 79.6255 0.50401 -22.2089
v 79.8446 0.5 -22.2089
v 80.5837 0.5 -22.2089
v 81.8012 0.5 -22.2089
v 83.3057 0.5 -22.2089
v 84.9059 0.5 -22.2089
v 86.4103 0.5 -22.2089
v 87.6278 0.5 -22.2089
v 88.367 0.5 -22.2089
v 88.578 0.503631 -22.2089
v 88.7621 0.543076 -22.2089
v 88.9322 0.622467 -22.2089
v 89.0848 0.737508 -22.2089
v 89.2162 0.883904 -22.2089
v 89.323 1.05736 -22.2089
v 89.4014 1.25357 -22.2089
v 89.448 1.46826 -22.2089
v 89.46 1.65278 -22.2089
v 89.46 1.72866 -22.2089
v 89.46 1.88972 -22.2089
v 89.46 2.10659 -22.2089
v 89.46 2.34989 -22.2089
v 89.46 2.59025 -22.2089
v 89.46 2.79831 -22.2089
v 89.46 2.94468 -22.2089
v 89.46 3 -22.2089
v 118.245 3 -22.2089
v 147.029 3 -22.2089
v 147.029 2.94468 -22.2089
v 147.029 2.79831 -22.2089
v 147.029 2.59025 -22.2089
v 147.029 2.34989 -22.2089
v 147.029 2.10659 -22.2089
v 147.029 1.88972 -22.2089
v 147.029 1.72866 -22.2089
v 147.029 1.65278 -22.2089
v 147.041 1.46826 -22.2089
v 147.088 1.25357 -22.2089
v 147.166 1.05736 -22.2089
v 147.273 0.883904 -22.2089
v 147.404 0.737508 -22.2089
v 147.557 0.622467 -22.2089
v 147.727 0.543076 -22.2089
v 147.911 0.503631 -22.2089
v 148.122 0.5 -22.2089
v 148.861 0.5 -22.2089
v 150.079 0.5 -22.2089
v 151.583 0.5 -22.2089
v 153.184 0.5 -22.2089
v 154.688 0.5 -22.2089
v 155.906 0.5 -22.2089
v 156.645 0.5 -22.2089
v 156.864 0.50401 -22.2089
v 157.067 0.547573 -22.2089
v 157.255 0.635252 -22.2089
v 157.423 0.762302 -22.2089
v 157.569 0.92398 -22.2089
v 157.686 1.11554 -22.2089
v 157.773 1.33224 -22.2089
v 157.825 1.56934 -22.2089
v 157.838 1.77267 -22.2089
v 157.838 1.84179 -22.2089
v 157.838 1.98852 -22.2089
v 157.838 2.18609 -22.2089
v 157.838 2.40774 -22.2089
v 157.838 2.62672 -22.2089
v 157.838 2.81626 -22.2089
v 157.838 2.9496 -22.2089
v 157.838 3 -22.2089
v 204.837 3 -22.2089
v 204.837 2.94468 -22.2089
v 204.837 2.79831 -22.2089
v 204.837 2.59025 -22.2089
v 204.837 2.34989 -22.2089
v 204.837 2.10659 -22.2089
v 204.837 1.88972 -22.2089
v 204.837 1.72866 -22.2089
v 204.837 1.65278 -22.2089
v 204.849 1.46826 -22.2089
v 204.895 1.25357 -22.2089
v 204.974 1.05736 -22.2089
v 205.08 0.883904 -22.2089
v 205.212 0.737508 -22.2089
v 205.364 0.622467 -22.2089
v 205.534 0.543076 -22.2089
v 205.719 0.503631 -22.2089
v 205.93 0.5 -22.2089
v 206.669 0.5 -22.2089
v 207.886 0.5 -22.2089
v 209.391 0.5 -22.2089
v 210.991 0.5 -22.2089
v 212.495 0.5 -22.2089
v 213.713 0.5 -22.2089
v 214.452 0.5 -22.2089
v 214.671 0.50401 -22.2089
v 214.874 0.547573 -22.2089
v 215.062 0.635252 -22.2089
v 215.231 0.762302 -22.2089
v 215.376 0.92398 -22.2089
v 215.494 1.11554 -22.2089
v 215.58 1.33224 -22.2089
v 215.632 1.56934 -22.2089
v 215.645 1.77267 -22.2089
v 215.645 1.84179 -22.2089
v 215.645 1.98852 -22.2089
v 215.645 2.18609 -22.2089
v 215.645 2.40774 -22.2089
v 215.645 2.62672 -22.2089
v 215.645 2.81626 -22.2089
v 215.645 2.9496 -22.2089
v 215.645 3 -22.2089
v 232.563 3 -22.2089
v 232.563 6.46986 -22.2089
v 210.448 6.46986 -22.2089
v 207.836 6.46986 -22.2089
v 167.094 6.46986 -22.2089
v 164.482 6.46986 -22.2089
v 122.809 6.46986 -22.2089
v 120.197 6.46986 -22.2089
v 80.0264 6.46986 -22.2089
v 77.4144 6.46986 -22.2089
v 36.6723 6.46986 -22.2089
f 1449/1572/252 1450/1571/252 1451/1570/252 1452/1569/252 1453/1568/252 1454/1567/252 1455/1566/252 1456/1565/252 1457/1564/252 1458/1563/252 1459/1562/252 1460/1561/252 1461/1560/252 1462/1559/252 1463/1558/252 1464/1557/252 1465/1556/252 1446/1555/252 1445/1554/252 1466/1553/252 1467/1552/252 1468/1551/252 1469/1550/252 1470/1549/252 1471/1548/252 1472/1547/252 1473/1546/252 1474/1545/252 1475/1544/252 1476/1543/252 1477/1542/252 1478/1541/252 1479/1540/252 1480/1539/252 1481/1538/252 1482/1537/252 1483/1536/252 1484/1535/252 1485/1534/252 1486/1533/252 1487/1532/252 1488/1531/252 1489/1530/252 1490/1529/252 1491/1528/252 1492/1527/252 1493/1526/252 1494/1525/252 1495/1524/252 1496/1523/252 1497/1522/252 1498/1521/252 1499/1520/252 1500/1519/252 1501/1518/252 1502/1517/252 1503/1516/252 1504/1515/252 1505/1514/252 1506/1513/252 1507/1512/252 1508/1511/252 1509/1510/252 1510/1509/252 1511/1508/252 1512/1507/252 1513/1506/252 1514/1505/252 1515/1504/252 1516/1503/252 1517/1502/252 1518/1501/252 1519/1500/252 1520/1499/252 1521/1498/252 1522/1497/252 1523/1496/252 1524/1495/252 1525/1494/252 1526/1493/252 1527/1492/252 1528/1491/252 1529/1490/252 1530/1489/252 1531/1488/252 1532/1487/252 1533/1486/252 1534/1485/252 1535/1484/252 1536/1483/252 1537/1482/252 1538/1481/252 1539/1480/252 1540/1479/252 1541/1478/252 1542/1477/252 1543/1476/252 1544/1475/252 1545/1474/252 1546/1473/252 1547/1472/252 1548/1471/252 1549/1470/252 1550/1469/252 1551/1468/252 1552/1467/252 1553/1119/252 1554/1466/252 1555/1465/252 1556/1464/252 1557/1463/252 1558/1107/252 1559/1110/252 1560/1462/252 1561/1461/252 1562/1460/252 1563/1459/252 1564/1458/252 1565/1457/252 1566/1456/252 1567/1455/252 1568/1454/252 1569/1453/252 1570/1452/252 1571/1451/252 1572/1450/252 1573/1449/252 1574/1448/252 1575/1447/252 1576/1446/252 1577/1445/252 1578/1444/252 1579/1443/252 1580/1442/252 1581/1441/252 1582/1440/252 1583/1439/252 1584/1438/252 1585/1437/252 1586/1436/252 1587/1435/252 1588/1434/252 1589/1433/252 1590/1432/252 1591/1431/252 1592/1430/252 1593/1429/252 1594/1428/252 1595/988/252 1596/1427/252 1597/1426/252 1598/1425/252 1599/1424/252 1600/976/252 1601/979/252 1602/1423/252 1603/1422/252 1604/1421/252 1605/1420/252 1606/1419/252 1607/1418/252 1608/1417/252 1609/1416/252 1610/1415/252 1611/1414/252 1612/1413/252 1613/1412/252 1614/1411/252 1615/1410/252 1616/1409/252 1617/1408/252 1618/1407/252 1619/1406/252 1620/1405/252 1621/1404/252 1622/1403/252 1623/1402/252 1624/1401/252 1625/1400/252 1626/1399/252 1627/1398/252 1628/1397/252 1629/1396/252 

v 34.0602 19.5301 -22.2089
v 3.92612 19.5301 -22.2089
f 1630/1754/6 1631/199/6 1450/187/6 1449/1572/6 

v 3.92612 19.5301 -24.0689
v 34.0602 19.5301 -24.0689
f 1630/396/4 1631/190/4 1632/189/4 1633/395/4 

v 36.6723 19.5301 -22.2089
v 77.4144 19.5301 -22.2089
v 80.0264 19.5301 -22.2089
v 120.197 19.5301 -22.2089
v 122.809 19.5301 -22.2089
v 164.482 19.5301 -22.2089
v 167.094 19.5301 -22.2089
v 207.836 19.5301 -22.2089
v 210.448 19.5301 -22.2089
v 232.563 19.5301 -22.2089
v 232.563 23 -22.2089
v 215.645 23 -22.2089
v 215.645 23.0504 -22.2089
v 215.645 23.1837 -22.2089
v 215.645 23.3733 -22.2089
v 215.645 23.5923 -22.2089
v 215.645 23.8139 -22.2089
v 215.645 24.0115 -22.2089
v 215.645 24.1582 -22.2089
v 215.645 24.2273 -22.2089
v 215.632 24.4307 -22.2089
v 215.58 24.6678 -22.2089
v 215.494 24.8845 -22.2089
v 215.376 25.076 -22.2089
v 215.231 25.2377 -22.2089
v 215.062 25.3647 -22.2089
v 214.874 25.4524 -22.2089
v 214.671 25.496 -22.2089
v 214.452 25.5 -22.2089
v 213.713 25.5 -22.2089
v 212.495 25.5 -22.2089
v 210.991 25.5 -22.2089
v 209.391 25.5 -22.2089
v 207.886 25.5 -22.2089
v 206.669 25.5 -22.2089
v 205.93 25.5 -22.2089
v 205.719 25.4964 -22.2089
v 205.534 25.4569 -22.2089
v 205.364 25.3775 -22.2089
v 205.212 25.2625 -22.2089
v 205.08 25.1161 -22.2089
v 204.974 24.9426 -22.2089
v 204.895 24.7464 -22.2089
v 204.849 24.5317 -22.2089
v 204.837 24.3472 -22.2089
v 204.837 24.2713 -22.2089
v 204.837 24.1103 -22.2089
v 204.837 23.8934 -22.2089
v 204.837 23.6501 -22.2089
v 204.837 23.4097 -22.2089
v 204.837 23.2017 -22.2089
v 204.837 23.0553 -22.2089
v 204.837 23 -22.2089
v 157.838 23 -22.2089
v 157.838 23.0504 -22.2089
v 157.838 23.1837 -22.2089
v 157.838 23.3733 -22.2089
v 157.838 23.5923 -22.2089
v 157.838 23.8139 -22.2089
v 157.838 24.0115 -22.2089
v 157.838 24.1582 -22.2089
v 157.838 24.2273 -22.2089
v 157.825 24.4307 -22.2089
v 157.773 24.6678 -22.2089
v 157.686 24.8845 -22.2089
v 157.569 25.076 -22.2089
v 157.423 25.2377 -22.2089
v 157.255 25.3647 -22.2089
v 157.067 25.4524 -22.2089
v 156.864 25.496 -22.2089
v 156.645 25.5 -22.2089
v 155.906 25.5 -22.2089
v 154.688 25.5 -22.2089
v 153.184 25.5 -22.2089
v 151.583 25.5 -22.2089
v 150.079 25.5 -22.2089
v 148.861 25.5 -22.2089
v 148.122 25.5 -22.2089
v 147.911 25.4964 -22.2089
v 147.727 25.4569 -22.2089
v 147.557 25.3775 -22.2089
v 147.404 25.2625 -22.2089
v 147.273 25.1161 -22.2089
v 147.166 24.9426 -22.2089
v 147.088 24.7464 -22.2089
v 147.041 24.5317 -22.2089
v 147.029 24.3472 -22.2089
v 147.029 24.2713 -22.2089
v 147.029 24.1103 -22.2089
v 147.029 23.8934 -22.2089
v 147.029 23.6501 -22.2089
v 147.029 23.4097 -22.2089
v 147.029 23.2017 -22.2089
v 147.029 23.0553 -22.2089
v 147.029 23 -22.2089
v 118.245 23 -22.2089
v 89.46 23 -22.2089
v 89.46 23.0553 -22.2089
v 89.46 23.2017 -22.2089
v 89.46 23.4097 -22.2089
v 89.46 23.6501 -22.2089
v 89.46 23.8934 -22.2089
v 89.46 24.1103 -22.2089
v 89.46 24.2713 -22.2089
v 89.46 24.3472 -22.2089
v 89.448 24.5317 -22.2089
v 89.4014 24.7464 -22.2089
v 89.323 24.9426 -22.2089
v 89.2162 25.1161 -22.2089
v 89.0848 25.2625 -22.2089
v 88.9322 25.3775 -22.2089
v 88.7621 25.4569 -22.2089
v 88.578 25.4964 -22.2089
v 88.367 25.5 -22.2089
v 87.6278 25.5 -22.2089
v 86.4103 25.5 -22.2089
v 84.9059 25.5 -22.2089
v 83.3057 25.5 -22.2089
v 81.8012 25.5 -22.2089
v 80.5837 25.5 -22.2089
v 79.8446 25.5 -22.2089
v 79.6255 25.496 -22.2089
v 79.4222 25.4524 -22.2089
v 79.2344 25.3647 -22.2089
v 79.0659 25.2377 -22.2089
v 78.9207 25.076 -22.2089
v 78.8028 24.8845 -22.2089
v 78.7162 24.6678 -22.2089
v 78.6647 24.4307 -22.2089
v 78.6515 24.2273 -22.2089
v 78.6515 24.1582 -22.2089
v 78.6515 24.0115 -22.2089
v 78.6515 23.8139 -22.2089
v 78.6515 23.5923 -22.2089
v 78.6515 23.3733 -22.2089
v 78.6515 23.1837 -22.2089
v 78.6515 23.0504 -22.2089
v 78.6515 23 -22.2089
v 31.6527 23 -22.2089
v 31.6527 23.0553 -22.2089
v 31.6527 23.2017 -22.2089
v 31.6527 23.4097 -22.2089
v 31.6527 23.6501 -22.2089
v 31.6527 23.8934 -22.2089
v 31.6527 24.1103 -22.2089
v 31.6527 24.2713 -22.2089
v 31.6527 24.3472 -22.2089
v 31.6407 24.5317 -22.2089
v 31.5941 24.7464 -22.2089
v 31.5157 24.9426 -22.2089
v 31.4089 25.1161 -22.2089
v 31.2775 25.2625 -22.2089
v 31.1249 25.3775 -22.2089
v 30.9548 25.4569 -22.2089
v 30.7707 25.4964 -22.2089
v 30.5597 25.5 -22.2089
v 29.8205 25.5 -22.2089
v 28.603 25.5 -22.2089
v 27.0986 25.5 -22.2089
v 25.4984 25.5 -22.2089
v 23.9939 25.5 -22.2089
v 22.7764 25.5 -22.2089
v 22.0373 25.5 -22.2089
v 21.8182 25.496 -22.2089
v 21.6149 25.4524 -22.2089
v 21.4271 25.3647 -22.2089
v 21.2586 25.2377 -22.2089
v 21.1134 25.076 -22.2089
v 20.9955 24.8845 -22.2089
v 20.9089 24.6678 -22.2089
v 20.8574 24.4307 -22.2089
v 20.8442 24.2273 -22.2089
v 20.8442 24.1582 -22.2089
v 20.8442 24.0115 -22.2089
v 20.8442 23.8139 -22.2089
v 20.8442 23.5923 -22.2089
v 20.8442 23.3733 -22.2089
v 20.8442 23.1837 -22.2089
v 20.8442 23.0504 -22.2089
v 20.8442 23 -22.2089
v 3.92612 23 -22.2089
f 1631/1755/252 1630/1754/252 1634/1574/252 1635/1573/252 1636/1575/252 1637/1576/252 1638/1577/252 1639/1578/252 1640/1579/252 1641/1580/252 1642/1581/252 1643/1582/252 1644/1753/252 1645/1752/252 1646/1751/252 1647/1750/252 1648/1749/252 1649/1748/252 1650/1747/252 1651/1746/252 1652/1745/252 1653/1744/252 1654/1743/252 1655/1742/252 1656/1741/252 1657/1740/252 1658/1739/252 1659/1738/252 1660/1737/252 1661/1736/252 1662/1735/252 1663/1734/252 1664/1733/252 1665/1732/252 1666/1731/252 1667/1730/252 1668/1729/252 1669/1728/252 1670/1727/252 1671/1726/252 1672/1725/252 1673/1724/252 1674/1723/252 1675/1722/252 1676/1721/252 1677/1720/252 1678/1719/252 1679/1718/252 1680/1717/252 1681/1716/252 1682/1715/252 1683/1714/252 1684/1713/252 1685/1712/252 1686/1711/252 1687/1710/252 1688/1709/252 1689/1708/252 1690/1707/252 1691/1706/252 1692/1705/252 1693/1704/252 1694/1703/252 1695/1702/252 1696/1701/252 1697/1700/252 1698/1699/252 1699/1698/252 1700/1697/252 1701/1696/252 1702/1695/252 1703/1694/252 1704/1693/252 1705/1692/252 1706/1691/252 1707/1690/252 1708/1689/252 1709/1688/252 1710/1687/252 1711/1686/252 1712/1685/252 1713/1684/252 1714/1683/252 1715/1682/252 1716/1681/252 1717/1680/252 1718/1679/252 1719/1678/252 1720/1677/252 1721/1676/252 1722/1675/252 1723/1674/252 1724/1673/252 1725/1672/252 1726/1671/252 1727/1670/252 1728/1669/252 1729/1668/252 1730/1667/252 1731/1666/252 1732/1665/252 1733/1664/252 1734/1663/252 1735/1662/252 1736/1661/252 1737/1660/252 1738/1659/252 1739/1658/252 1740/1657/252 1741/1656/252 1742/1655/252 1743/1654/252 1744/1653/252 1745/1652/252 1746/1651/252 1747/1650/252 1748/1649/252 1749/1648/252 1750/1647/252 1751/1646/252 1752/1645/252 1753/1644/252 1754/1643/252 1755/1642/252 1756/1641/252 1757/1640/252 1758/1639/252 1759/1638/252 1760/1637/252 1761/1636/252 1762/1635/252 1763/1634/252 1764/1633/252 1765/1632/252 1766/1631/252 1767/1630/252 1768/1629/252 1769/1628/252 1770/1627/252 1771/1626/252 1772/1625/252 1773/1624/252 1774/1623/252 1775/1622/252 1776/1621/252 1777/1620/252 1778/1619/252 1779/1618/252 1780/1617/252 1781/1616/252 1782/1615/252 1783/1614/252 1784/1613/252 1785/1612/252 1786/1611/252 1787/1610/252 1788/1609/252 1789/1608/252 1790/1607/252 1791/1606/252 1792/1605/252 1793/1604/252 1794/1603/252 1795/1602/252 1796/1601/252 1797/1600/252 1798/1599/252 1799/1598/252 1800/1597/252 1801/1596/252 1802/1595/252 1803/1594/252 1804/1593/252 1805/1592/252 1806/1591/252 1807/1590/252 1808/1589/252 1809/1588/252 1810/1587/252 1811/1586/252 1812/1585/252 1813/1584/252 1814/1583/252 

v 36.6723 19.5301 -24.0689
f 1634/393/4 1630/396/4 1633/395/4 1815/392/4 

f 1630/1754/6 1449/1572/6 1629/1396/6 1634/1574/6 

v 34.0602 6.46986 -24.0689
f 1630/205/8 1449/204/8 1816/203/8 1633/202/8 

v 36.6723 6.46986 -24.0689
f 1449/201/7 1629/1793/7 1817/1792/7 1816/200/7 

v 77.4144 6.46986 -24.0689
f 1629/1793/7 1628/1795/7 1818/1794/7 1817/1792/7 

f 1634/1574/6 1629/1396/6 1628/1397/6 1635/1573/6 

f 1634/205/8 1629/204/8 1817/203/8 1815/202/8 

vn 0 -1.02069e-16 -1
f 1816/186/253 1633/198/253 1815/206/253 1817/185/253 

v 3.92612 6.46986 -24.0689
f 1632/199/98 1633/198/98 1816/186/98 1819/187/98 

vn -4.09122e-32 1.66533e-16 -1
v 3.92612 23 -24.0689
v 20.8442 23 -24.0689
v 20.8442 23.0504 -24.0689
v 20.8442 23.1837 -24.0689
v 20.8442 23.3733 -24.0689
v 20.8442 23.5923 -24.0689
v 20.8442 23.8139 -24.0689
v 20.8442 24.0115 -24.0689
v 20.8442 24.1582 -24.0689
v 20.8442 24.2273 -24.0689
v 20.8574 24.4307 -24.0689
v 20.9089 24.6678 -24.0689
v 20.9955 24.8845 -24.0689
v 21.1134 25.076 -24.0689
v 21.2586 25.2377 -24.0689
v 21.4271 25.3647 -24.0689
v 21.6149 25.4524 -24.0689
v 21.8182 25.496 -24.0689
v 22.0373 25.5 -24.0689
v 22.7764 25.5 -24.0689
v 23.9939 25.5 -24.0689
v 25.4984 25.5 -24.0689
v 27.0986 25.5 -24.0689
v 28.603 25.5 -24.0689
v 29.8205 25.5 -24.0689
v 30.5597 25.5 -24.0689
v 30.7707 25.4964 -24.0689
v 30.9548 25.4569 -24.0689
v 31.1249 25.3775 -24.0689
v 31.2775 25.2625 -24.0689
v 31.4089 25.1161 -24.0689
v 31.5157 24.9426 -24.0689
v 31.5941 24.7464 -24.0689
v 31.6407 24.5317 -24.0689
v 31.6527 24.3472 -24.0689
v 31.6527 24.2713 -24.0689
v 31.6527 24.1103 -24.0689
v 31.6527 23.8934 -24.0689
v 31.6527 23.6501 -24.0689
v 31.6527 23.4097 -24.0689
v 31.6527 23.2017 -24.0689
v 31.6527 23.0553 -24.0689
v 31.6527 23 -24.0689
v 78.6515 23 -24.0689
v 78.6515 23.0504 -24.0689
v 78.6515 23.1837 -24.0689
v 78.6515 23.3733 -24.0689
v 78.6515 23.5923 -24.0689
v 78.6515 23.8139 -24.0689
v 78.6515 24.0115 -24.0689
v 78.6515 24.1582 -24.0689
v 78.6515 24.2273 -24.0689
v 78.6647 24.4307 -24.0689
v 78.7162 24.6678 -24.0689
v 78.8028 24.8845 -24.0689
v 78.9207 25.076 -24.0689
v 79.0659 25.2377 -24.0689
v 79.2344 25.3647 -24.0689
v 79.4222 25.4524 -24.0689
v 79.6255 25.496 -24.0689
v 79.8446 25.5 -24.0689
v 80.5837 25.5 -24.0689
v 81.8012 25.5 -24.0689
v 83.3057 25.5 -24.0689
v 84.9059 25.5 -24.0689
v 86.4103 25.5 -24.0689
v 87.6278 25.5 -24.0689
v 88.367 25.5 -24.0689
v 88.578 25.4964 -24.0689
v 88.7621 25.4569 -24.0689
v 88.9322 25.3775 -24.0689
v 89.0848 25.2625 -24.0689
v 89.2162 25.1161 -24.0689
v 89.323 24.9426 -24.0689
v 89.4014 24.7464 -24.0689
v 89.448 24.5317 -24.0689
v 89.46 24.3472 -24.0689
v 89.46 24.2713 -24.0689
v 89.46 24.1103 -24.0689
v 89.46 23.8934 -24.0689
v 89.46 23.6501 -24.0689
v 89.46 23.4097 -24.0689
v 89.46 23.2017 -24.0689
v 89.46 23.0553 -24.0689
v 89.46 23 -24.0689
v 118.245 23 -24.0689
v 147.029 23 -24.0689
v 147.029 23.0553 -24.0689
v 147.029 23.2017 -24.0689
v 147.029 23.4097 -24.0689
v 147.029 23.6501 -24.0689
v 147.029 23.8934 -24.0689
v 147.029 24.1103 -24.0689
v 147.029 24.2713 -24.0689
v 147.029 24.3472 -24.0689
v 147.041 24.5317 -24.0689
v 147.088 24.7464 -24.0689
v 147.166 24.9426 -24.0689
v 147.273 25.1161 -24.0689
v 147.404 25.2625 -24.0689
v 147.557 25.3775 -24.0689
v 147.727 25.4569 -24.0689
v 147.911 25.4964 -24.0689
v 148.122 25.5 -24.0689
v 148.861 25.5 -24.0689
v 150.079 25.5 -24.0689
v 151.583 25.5 -24.0689
v 153.184 25.5 -24.0689
v 154.688 25.5 -24.0689
v 155.906 25.5 -24.0689
v 156.645 25.5 -24.0689
v 156.864 25.496 -24.0689
v 157.067 25.4524 -24.0689
v 157.255 25.3647 -24.0689
v 157.423 25.2377 -24.0689
v 157.569 25.076 -24.0689
v 157.686 24.8845 -24.0689
v 157.773 24.6678 -24.0689
v 157.825 24.4307 -24.0689
v 157.838 24.2273 -24.0689
v 157.838 24.1582 -24.0689
v 157.838 24.0115 -24.0689
v 157.838 23.8139 -24.0689
v 157.838 23.5923 -24.0689
v 157.838 23.3733 -24.0689
v 157.838 23.1837 -24.0689
v 157.838 23.0504 -24.0689
v 157.838 23 -24.0689
v 204.837 23 -24.0689
v 204.837 23.0553 -24.0689
v 204.837 23.2017 -24.0689
v 204.837 23.4097 -24.0689
v 204.837 23.6501 -24.0689
v 204.837 23.8934 -24.0689
v 204.837 24.1103 -24.0689
v 204.837 24.2713 -24.0689
v 204.837 24.3472 -24.0689
v 204.849 24.5317 -24.0689
v 204.895 24.7464 -24.0689
v 204.974 24.9426 -24.0689
v 205.08 25.1161 -24.0689
v 205.212 25.2625 -24.0689
v 205.364 25.3775 -24.0689
v 205.534 25.4569 -24.0689
v 205.719 25.4964 -24.0689
v 205.93 25.5 -24.0689
v 206.669 25.5 -24.0689
v 207.886 25.5 -24.0689
v 209.391 25.5 -24.0689
v 210.991 25.5 -24.0689
v 212.495 25.5 -24.0689
v 213.713 25.5 -24.0689
v 214.452 25.5 -24.0689
v 214.671 25.496 -24.0689
v 214.874 25.4524 -24.0689
v 215.062 25.3647 -24.0689
v 215.231 25.2377 -24.0689
v 215.376 25.076 -24.0689
v 215.494 24.8845 -24.0689
v 215.58 24.6678 -24.0689
v 215.632 24.4307 -24.0689
v 215.645 24.2273 -24.0689
v 215.645 24.1582 -24.0689
v 215.645 24.0115 -24.0689
v 215.645 23.8139 -24.0689
v 215.645 23.5923 -24.0689
v 215.645 23.3733 -24.0689
v 215.645 23.1837 -24.0689
v 215.645 23.0504 -24.0689
v 215.645 23 -24.0689
v 232.563 23 -24.0689
v 232.563 19.5301 -24.0689
v 210.448 19.5301 -24.0689
v 207.836 19.5301 -24.0689
v 167.094 19.5301 -24.0689
v 164.482 19.5301 -24.0689
v 122.809 19.5301 -24.0689
v 120.197 19.5301 -24.0689
v 80.0264 19.5301 -24.0689
v 77.4144 19.5301 -24.0689
f 1633/198/254 1632/199/254 1820/390/254 1821/389/254 1822/388/254 1823/387/254 1824/386/254 1825/385/254 1826/384/254 1827/383/254 1828/382/254 1829/381/254 1830/380/254 1831/379/254 1832/378/254 1833/377/254 1834/376/254 1835/375/254 1836/374/254 1837/373/254 1838/372/254 1839/371/254 1840/370/254 1841/369/254 1842/368/254 1843/367/254 1844/366/254 1845/365/254 1846/364/254 1847/363/254 1848/362/254 1849/361/254 1850/360/254 1851/359/254 1852/358/254 1853/357/254 1854/356/254 1855/355/254 1856/354/254 1857/353/254 1858/352/254 1859/351/254 1860/350/254 1861/349/254 1862/348/254 1863/347/254 1864/346/254 1865/345/254 1866/344/254 1867/343/254 1868/342/254 1869/341/254 1870/340/254 1871/339/254 1872/338/254 1873/337/254 1874/336/254 1875/335/254 1876/334/254 1877/333/254 1878/332/254 1879/331/254 1880/330/254 1881/329/254 1882/328/254 1883/327/254 1884/326/254 1885/325/254 1886/324/254 1887/323/254 1888/322/254 1889/321/254 1890/320/254 1891/319/254 1892/318/254 1893/317/254 1894/316/254 1895/315/254 1896/314/254 1897/313/254 1898/312/254 1899/311/254 1900/310/254 1901/309/254 1902/308/254 1903/307/254 1904/306/254 1905/305/254 1906/304/254 1907/303/254 1908/302/254 1909/301/254 1910/300/254 1911/299/254 1912/298/254 1913/297/254 1914/296/254 1915/295/254 1916/294/254 1917/293/254 1918/292/254 1919/291/254 1920/290/254 1921/289/254 1922/288/254 1923/287/254 1924/286/254 1925/285/254 1926/284/254 1927/283/254 1928/282/254 1929/281/254 1930/280/254 1931/279/254 1932/278/254 1933/277/254 1934/276/254 1935/275/254 1936/274/254 1937/273/254 1938/272/254 1939/271/254 1940/270/254 1941/269/254 1942/268/254 1943/267/254 1944/266/254 1945/265/254 1946/264/254 1947/263/254 1948/262/254 1949/261/254 1950/260/254 1951/259/254 1952/258/254 1953/257/254 1954/256/254 1955/255/254 1956/254/254 1957/253/254 1958/252/254 1959/251/254 1960/250/254 1961/249/254 1962/248/254 1963/247/254 1964/246/254 1965/245/254 1966/244/254 1967/243/254 1968/242/254 1969/241/254 1970/240/254 1971/239/254 1972/238/254 1973/237/254 1974/236/254 1975/235/254 1976/234/254 1977/233/254 1978/232/254 1979/231/254 1980/230/254 1981/229/254 1982/228/254 1983/227/254 1984/226/254 1985/225/254 1986/224/254 1987/223/254 1988/222/254 1989/221/254 1990/220/254 1991/215/254 1992/214/254 1993/213/254 1994/212/254 1995/211/254 1996/210/254 1997/209/254 1998/208/254 1999/207/254 1815/206/254 

vn -1 0 0
f 1631/197/255 1814/398/255 1820/397/255 1632/196/255 

f 1814/190/7 1813/400/7 1821/399/7 1820/189/7 

vn -1 -5.95492e-61 3.57581e-45
f 1813/398/256 1812/403/256 1822/402/256 1821/401/256 

f 1812/403/256 1811/405/256 1823/404/256 1822/402/256 

f 1811/405/256 1810/407/256 1824/406/256 1823/404/256 

f 1810/407/256 1809/409/256 1825/408/256 1824/406/256 

f 1809/409/256 1808/411/256 1826/410/256 1825/408/256 

f 1808/411/256 1807/413/256 1827/412/256 1826/410/256 

f 1807/413/256 1806/415/256 1828/414/256 1827/412/256 

f 1806/415/256 1805/417/256 1829/416/256 1828/414/256 

f 1805/417/255 1829/419/255 1828/418/255 1806/415/255 

f 1805/423/12 1804/422/12 1830/421/12 1829/420/12 

f 1829/420/12 1805/423/12 1804/422/12 1830/421/12 

f 1805/417/255 1829/419/255 1828/418/255 1806/415/255 

vn -0.9979 0.064773 4.09903e-18
f 1829/1757/257 1805/423/257 1804/422/257 1830/1756/257 

f 1804/427/13 1803/426/14 1831/425/14 1830/424/13 

f 1803/431/14 1802/430/15 1832/429/15 1831/428/14 

f 1802/435/15 1801/434/16 1833/433/16 1832/432/15 

f 1801/439/16 1800/438/17 1834/437/17 1833/436/16 

f 1800/443/17 1799/442/18 1835/441/18 1834/440/17 

f 1799/447/18 1798/446/19 1836/445/19 1835/444/18 

f 1798/451/19 1797/450/20 1837/449/20 1836/448/19 

f 1797/455/21 1796/454/21 1838/453/21 1837/452/21 

f 1796/454/21 1838/453/21 1837/452/21 1797/455/21 

f 1796/461/7 1795/460/7 1839/459/7 1838/458/7 

f 1838/458/7 1796/461/7 1795/460/7 1839/459/7 

vn 0 1 6.32829e-17
f 1838/1759/258 1796/461/258 1795/460/258 1839/1758/258 

vn -0.0183032 0.999832 6.32723e-17
f 1796/454/259 1838/457/259 1837/456/259 1797/455/259 

f 1795/460/7 1794/463/7 1840/462/7 1839/459/7 

f 1794/463/7 1793/465/7 1841/464/7 1840/462/7 

f 1793/465/7 1792/467/7 1842/466/7 1841/464/7 

f 1792/467/7 1791/469/7 1843/468/7 1842/466/7 

f 1791/469/7 1790/471/7 1844/470/7 1843/468/7 

f 1790/471/7 1789/473/7 1845/472/7 1844/470/7 

f 1789/473/7 1845/472/7 1844/470/7 1790/471/7 

f 1789/479/24 1788/478/24 1846/477/24 1845/476/24 

f 1845/476/24 1789/479/24 1788/478/24 1846/477/24 

f 1789/473/258 1845/475/258 1844/474/258 1790/471/258 

vn 0.0172024 0.999852 6.32735e-17
f 1845/1761/260 1789/479/260 1788/478/260 1846/1760/260 

f 1788/483/25 1787/482/26 1847/481/26 1846/480/25 

f 1787/487/26 1786/486/27 1848/485/27 1847/484/26 

f 1786/491/27 1785/490/28 1849/489/28 1848/488/27 

f 1785/495/28 1784/494/29 1850/493/29 1849/492/28 

f 1784/499/29 1783/498/30 1851/497/30 1850/496/29 

f 1783/503/30 1782/502/31 1852/501/31 1851/500/30 

f 1782/507/31 1781/506/32 1853/505/32 1852/504/31 

f 1781/511/33 1780/510/33 1854/509/33 1853/508/33 

f 1780/510/33 1854/513/33 1853/512/33 1781/511/33 

vn 1 5.95492e-61 -3.57581e-45
f 1780/519/261 1779/518/261 1855/517/261 1854/516/261 

f 1854/521/8 1780/519/8 1779/518/8 1855/520/8 

f 1854/521/8 1780/519/8 1779/518/8 1855/520/8 

vn 0.997909 0.064628 4.08985e-18
f 1780/510/262 1854/515/262 1853/514/262 1781/511/262 

f 1779/518/261 1778/523/261 1856/522/261 1855/517/261 

f 1778/523/261 1777/525/261 1857/524/261 1856/522/261 

f 1777/525/261 1776/527/261 1858/526/261 1857/524/261 

f 1776/527/261 1775/529/261 1859/528/261 1858/526/261 

f 1775/529/261 1774/531/261 1860/530/261 1859/528/261 

f 1774/531/261 1773/533/261 1861/532/261 1860/530/261 

f 1773/533/261 1772/535/261 1862/534/261 1861/532/261 

f 1772/539/7 1771/538/7 1863/537/7 1862/536/7 

f 1771/398/256 1770/403/256 1864/541/256 1863/540/256 

f 1770/403/256 1769/405/256 1865/542/256 1864/541/256 

f 1769/405/256 1768/407/36 1866/543/36 1865/542/256 

f 1768/407/36 1767/409/37 1867/545/37 1866/544/36 

f 1767/409/37 1766/411/38 1868/546/38 1867/545/37 

f 1766/411/38 1765/413/256 1869/548/256 1868/547/38 

f 1765/413/256 1764/415/256 1870/549/256 1869/548/256 

f 1764/415/256 1763/417/256 1871/550/256 1870/549/256 

f 1763/417/255 1871/419/255 1870/418/255 1764/415/255 

f 1763/554/12 1762/553/12 1872/552/12 1871/551/12 

f 1871/551/12 1763/554/12 1762/553/12 1872/552/12 

f 1871/1763/257 1763/554/257 1762/553/257 1872/1762/257 

f 1763/417/255 1871/419/255 1870/418/255 1764/415/255 

f 1762/558/13 1761/557/14 1873/556/14 1872/555/13 

f 1761/562/14 1760/561/15 1874/560/15 1873/559/14 

f 1760/566/15 1759/565/16 1875/564/16 1874/563/15 

f 1759/570/16 1758/569/17 1876/568/17 1875/567/16 

f 1758/574/17 1757/573/18 1877/572/18 1876/571/17 

f 1757/578/18 1756/577/19 1878/576/19 1877/575/18 

f 1756/582/19 1755/581/20 1879/580/20 1878/579/19 

f 1755/586/21 1754/585/21 1880/584/21 1879/583/21 

f 1754/585/21 1880/584/21 1879/583/21 1755/586/21 

f 1754/592/7 1753/591/7 1881/590/7 1880/589/7 

f 1880/589/7 1754/592/7 1753/591/7 1881/590/7 

f 1754/585/259 1880/588/259 1879/587/259 1755/586/259 

f 1880/1765/258 1754/592/258 1753/591/258 1881/1764/258 

f 1753/591/7 1752/594/7 1882/593/7 1881/590/7 

f 1752/594/7 1751/596/7 1883/595/7 1882/593/7 

f 1751/596/7 1750/598/7 1884/597/7 1883/595/7 

f 1750/598/7 1749/600/7 1885/599/7 1884/597/7 

f 1749/600/7 1748/602/7 1886/601/7 1885/599/7 

f 1748/602/7 1747/604/7 1887/603/7 1886/601/7 

f 1747/604/7 1887/603/7 1886/601/7 1748/602/7 

f 1747/610/24 1746/609/24 1888/608/24 1887/607/24 

f 1887/607/24 1747/610/24 1746/609/24 1888/608/24 

f 1747/604/258 1887/606/258 1886/605/258 1748/602/258 

f 1887/1767/260 1747/610/260 1746/609/260 1888/1766/260 

f 1746/614/25 1745/613/26 1889/612/26 1888/611/25 

f 1745/618/26 1744/617/27 1890/616/27 1889/615/26 

f 1744/622/27 1743/621/28 1891/620/28 1890/619/27 

f 1743/626/28 1742/625/29 1892/624/29 1891/623/28 

f 1742/630/29 1741/629/30 1893/628/30 1892/627/29 

f 1741/634/30 1740/633/31 1894/632/31 1893/631/30 

f 1740/638/31 1739/637/32 1895/636/32 1894/635/31 

f 1739/642/33 1738/641/33 1896/640/33 1895/639/33 

f 1738/641/33 1896/640/33 1895/639/33 1739/642/33 

f 1738/519/261 1737/518/261 1897/646/261 1896/645/261 

f 1896/521/8 1738/519/8 1737/518/8 1897/520/8 

f 1738/641/262 1896/644/262 1895/643/262 1739/642/262 

f 1896/521/8 1738/519/8 1737/518/8 1897/520/8 

f 1737/518/261 1736/523/261 1898/647/261 1897/646/261 

f 1736/523/261 1735/525/261 1899/648/261 1898/647/261 

f 1735/525/261 1734/527/261 1900/649/261 1899/648/261 

f 1734/527/261 1733/529/261 1901/650/261 1900/649/261 

f 1733/529/261 1732/531/261 1902/651/261 1901/650/261 

f 1732/531/261 1731/533/261 1903/652/261 1902/651/261 

f 1731/533/261 1730/535/261 1904/653/261 1903/652/261 

f 1730/657/7 1729/656/39 1905/655/39 1904/654/7 

f 1729/656/39 1728/659/40 1906/658/40 1905/655/39 

f 1728/398/256 1727/662/256 1907/661/256 1906/660/256 

f 1727/662/256 1726/664/256 1908/663/256 1907/661/256 

f 1726/664/256 1725/666/256 1909/665/256 1908/663/256 

f 1725/666/256 1724/668/256 1910/667/256 1909/665/256 

f 1724/668/256 1723/670/256 1911/669/256 1910/667/256 

f 1723/670/256 1722/672/256 1912/671/256 1911/669/256 

f 1722/672/256 1721/674/256 1913/673/256 1912/671/256 

f 1721/674/256 1720/676/256 1914/675/256 1913/673/256 

f 1720/676/255 1914/678/255 1913/677/255 1721/674/255 

f 1720/682/41 1719/681/41 1915/680/41 1914/679/41 

f 1914/679/41 1720/682/41 1719/681/41 1915/680/41 

vn -0.997909 0.064628 4.08985e-18
f 1914/1769/263 1720/682/263 1719/681/263 1915/1768/263 

f 1720/676/255 1914/678/255 1913/677/255 1721/674/255 

f 1719/686/13 1718/685/14 1916/684/14 1915/683/13 

f 1718/690/14 1717/689/15 1917/688/15 1916/687/14 

f 1717/694/15 1716/693/16 1918/692/16 1917/691/15 

f 1716/698/16 1715/697/17 1919/696/17 1918/695/16 

f 1715/702/17 1714/701/18 1920/700/18 1919/699/17 

f 1714/706/18 1713/705/19 1921/704/19 1920/703/18 

f 1713/710/19 1712/709/20 1922/708/20 1921/707/19 

f 1712/714/42 1711/713/42 1923/712/42 1922/711/42 

f 1711/713/42 1923/712/42 1922/711/42 1712/714/42 

f 1711/720/7 1710/719/7 1924/718/7 1923/717/7 

f 1923/717/7 1711/720/7 1710/719/7 1924/718/7 

f 1923/1771/258 1711/720/258 1710/719/258 1924/1770/258 

vn -0.0172024 0.999852 6.32735e-17
f 1711/713/264 1923/716/264 1922/715/264 1712/714/264 

f 1710/719/7 1709/722/7 1925/721/7 1924/718/7 

f 1709/722/7 1708/724/7 1926/723/7 1925/721/7 

f 1708/724/7 1707/726/44 1927/725/44 1926/723/7 

f 1707/726/44 1706/728/45 1928/727/45 1927/725/44 

f 1706/728/45 1705/730/46 1929/729/46 1928/727/45 

f 1705/730/47 1704/732/47 1930/731/47 1929/729/47 

f 1704/732/47 1930/731/47 1929/729/47 1705/730/47 

f 1704/738/49 1703/737/49 1931/736/49 1930/735/49 

f 1930/735/49 1704/738/49 1703/737/49 1931/736/49 

vn 0.0183032 0.999832 6.32723e-17
f 1930/1773/265 1704/738/265 1703/737/265 1931/1772/265 

vn -2.44163e-13 1 6.32829e-17
f 1704/732/266 1930/734/266 1929/733/266 1705/730/266 

f 1703/742/25 1702/741/26 1932/740/26 1931/739/25 

f 1702/746/26 1701/745/27 1933/744/27 1932/743/26 

f 1701/750/27 1700/749/28 1934/748/28 1933/747/27 

f 1700/754/28 1699/753/29 1935/752/29 1934/751/28 

f 1699/758/29 1698/757/30 1936/756/30 1935/755/29 

f 1698/762/30 1697/761/31 1937/760/31 1936/759/30 

f 1697/766/31 1696/765/32 1938/764/32 1937/763/31 

f 1696/770/50 1695/769/50 1939/768/50 1938/767/50 

f 1695/769/50 1939/768/50 1938/767/50 1696/770/50 

f 1695/776/261 1694/775/261 1940/774/261 1939/773/261 

f 1939/778/8 1695/776/8 1694/775/8 1940/777/8 

vn 0.9979 0.064773 4.09903e-18
f 1695/769/267 1939/772/267 1938/771/267 1696/770/267 

f 1939/778/8 1695/776/8 1694/775/8 1940/777/8 

f 1694/775/261 1693/780/261 1941/779/261 1940/774/261 

f 1693/780/261 1692/782/261 1942/781/261 1941/779/261 

f 1692/782/261 1691/784/261 1943/783/261 1942/781/261 

f 1691/784/261 1690/786/261 1944/785/261 1943/783/261 

f 1690/786/261 1689/788/261 1945/787/261 1944/785/261 

f 1689/788/261 1688/790/261 1946/789/261 1945/787/261 

f 1688/790/261 1687/535/261 1947/791/261 1946/789/261 

f 1687/795/7 1686/794/7 1948/793/7 1947/792/7 

f 1686/398/256 1685/662/256 1949/797/256 1948/796/256 

f 1685/662/256 1684/664/256 1950/798/256 1949/797/256 

f 1684/664/256 1683/666/256 1951/799/256 1950/798/256 

f 1683/666/256 1682/668/256 1952/800/256 1951/799/256 

f 1682/668/256 1681/670/256 1953/801/256 1952/800/256 

f 1681/670/256 1680/672/256 1954/802/256 1953/801/256 

f 1680/672/256 1679/674/256 1955/803/256 1954/802/256 

f 1679/674/256 1678/676/256 1956/804/256 1955/803/256 

f 1678/676/255 1956/678/255 1955/677/255 1679/674/255 

f 1678/808/41 1677/807/41 1957/806/41 1956/805/41 

f 1956/805/41 1678/808/41 1677/807/41 1957/806/41 

f 1678/676/255 1956/678/255 1955/677/255 1679/674/255 

f 1956/1775/263 1678/808/263 1677/807/263 1957/1774/263 

f 1677/812/13 1676/811/14 1958/810/14 1957/809/13 

f 1676/816/14 1675/815/15 1959/814/15 1958/813/14 

f 1675/820/15 1674/819/16 1960/818/16 1959/817/15 

f 1674/824/16 1673/823/17 1961/822/17 1960/821/16 

f 1673/828/17 1672/827/18 1962/826/18 1961/825/17 

f 1672/832/18 1671/831/19 1963/830/19 1962/829/18 

f 1671/836/19 1670/835/20 1964/834/20 1963/833/19 

f 1670/840/42 1669/839/42 1965/838/42 1964/837/42 

f 1669/839/42 1965/838/42 1964/837/42 1670/840/42 

f 1669/846/7 1668/845/7 1966/844/7 1965/843/7 

f 1965/843/7 1669/846/7 1668/845/7 1966/844/7 

f 1669/839/264 1965/842/264 1964/841/264 1670/840/264 

f 1965/1777/258 1669/846/258 1668/845/258 1966/1776/258 

f 1668/845/7 1667/848/7 1967/847/7 1966/844/7 

f 1667/848/7 1666/850/7 1968/849/7 1967/847/7 

f 1666/850/7 1665/852/44 1969/851/44 1968/849/7 

f 1665/852/44 1664/854/45 1970/853/45 1969/851/44 

f 1664/854/45 1663/856/46 1971/855/46 1970/853/45 

f 1663/856/47 1662/858/47 1972/857/47 1971/855/47 

f 1662/858/47 1972/857/47 1971/855/47 1663/856/47 

f 1662/864/49 1661/863/49 1973/862/49 1972/861/49 

f 1972/861/49 1662/864/49 1661/863/49 1973/862/49 

f 1662/858/266 1972/860/266 1971/859/266 1663/856/266 

f 1972/1779/265 1662/864/265 1661/863/265 1973/1778/265 

f 1661/868/25 1660/867/26 1974/866/26 1973/865/25 

f 1660/872/26 1659/871/27 1975/870/27 1974/869/26 

f 1659/876/27 1658/875/28 1976/874/28 1975/873/27 

f 1658/880/28 1657/879/29 1977/878/29 1976/877/28 

f 1657/884/29 1656/883/30 1978/882/30 1977/881/29 

f 1656/888/30 1655/887/31 1979/886/31 1978/885/30 

f 1655/892/31 1654/891/32 1980/890/32 1979/889/31 

f 1654/896/50 1653/895/50 1981/894/50 1980/893/50 

f 1653/895/50 1981/894/50 1980/893/50 1654/896/50 

f 1653/776/261 1652/775/261 1982/900/261 1981/899/261 

f 1981/778/8 1653/776/8 1652/775/8 1982/777/8 

f 1981/778/8 1653/776/8 1652/775/8 1982/777/8 

f 1653/895/267 1981/898/267 1980/897/267 1654/896/267 

f 1652/775/261 1651/780/261 1983/901/261 1982/900/261 

f 1651/780/261 1650/782/261 1984/902/261 1983/901/261 

f 1650/782/261 1649/784/261 1985/903/261 1984/902/261 

f 1649/784/261 1648/786/261 1986/904/261 1985/903/261 

f 1648/786/261 1647/788/261 1987/905/261 1986/904/261 

f 1647/788/261 1646/790/261 1988/906/261 1987/905/261 

f 1646/790/261 1645/535/261 1989/907/261 1988/906/261 

f 1645/911/7 1644/910/7 1990/909/7 1989/908/7 

f 1644/535/52 1643/205/52 1991/202/52 1990/912/52 

v 232.563 6.46986 -24.0689
f 1643/205/8 1620/204/8 2000/203/8 1991/202/8 

f 1620/1405/6 1643/1582/6 1642/1581/6 1621/1404/6 

f 1643/219/4 1642/218/4 1992/217/4 1991/216/4 

v 210.448 6.46986 -24.0689
f 1621/194/255 1642/197/255 1992/196/255 2001/193/255 

f 1641/1580/6 1622/1403/6 1621/1404/6 1642/1581/6 

f 1640/1579/6 1623/1402/6 1622/1403/6 1641/1580/6 

f 1639/1578/6 1624/1401/6 1623/1402/6 1640/1579/6 

f 1638/1577/6 1625/1400/6 1624/1401/6 1639/1578/6 

f 1637/1576/6 1626/1399/6 1625/1400/6 1638/1577/6 

f 1636/1575/6 1627/1398/6 1626/1399/6 1637/1576/6 

f 1635/1573/6 1628/1397/6 1627/1398/6 1636/1575/6 

f 1635/205/8 1628/204/8 1818/203/8 1999/202/8 

v 80.0264 6.46986 -24.0689
f 1628/1795/7 1627/1797/7 2002/1796/7 1818/1794/7 

v 120.197 6.46986 -24.0689
f 1627/1797/7 1626/1799/7 2003/1798/7 2002/1796/7 

v 122.809 6.46986 -24.0689
f 1626/1799/7 1625/1801/7 2004/1800/7 2003/1798/7 

v 164.482 6.46986 -24.0689
f 1625/1801/103 1624/1803/103 2005/1802/103 2004/1800/103 

v 167.094 6.46986 -24.0689
f 1624/1803/7 1623/1805/7 2006/1804/7 2005/1802/7 

v 207.836 6.46986 -24.0689
f 1623/1805/7 1622/1807/7 2007/1806/7 2006/1804/7 

f 1622/1807/7 1621/1809/7 2001/1808/7 2007/1806/7 

f 1621/1809/104 1620/910/104 2000/909/104 2001/1808/104 

v 232.563 3 -24.0689
f 1620/204/53 1619/914/53 2008/913/53 2000/203/53 

v 215.645 3 -24.0689
f 1619/219/4 1618/916/4 2009/915/4 2008/216/4 

v 215.645 2.9496 -24.0689
f 1618/914/261 1617/919/261 2010/918/261 2009/917/261 

v 215.645 2.81626 -24.0689
f 1617/919/261 1616/921/261 2011/920/261 2010/918/261 

v 215.645 2.62672 -24.0689
f 1616/921/261 1615/923/261 2012/922/261 2011/920/261 

v 215.645 2.40774 -24.0689
f 1615/923/261 1614/925/261 2013/924/261 2012/922/261 

v 215.645 2.18609 -24.0689
f 1614/925/261 1613/927/261 2014/926/261 2013/924/261 

v 215.645 1.98852 -24.0689
f 1613/927/261 1612/929/261 2015/928/261 2014/926/261 

v 215.645 1.84179 -24.0689
f 1612/929/261 1611/931/261 2016/930/261 2015/928/261 

v 215.645 1.77267 -24.0689
f 1610/934/8 2017/933/8 2016/932/8 1611/931/8 

v 215.632 1.56934 -24.0689
f 2017/939/54 1610/938/54 1609/937/54 2018/936/54 

f 1610/938/54 1609/937/54 2018/936/54 2017/939/54 

vn 0.9979 -0.064773 -1.12778e-17
f 2017/941/268 1610/938/268 1609/937/268 2018/940/268 

f 1611/931/261 1610/934/261 2017/935/261 2016/930/261 

f 1610/934/8 2017/933/8 2016/932/8 1611/931/8 

vn 5.7277e-32 1.66533e-16 -1
v 215.58 1.33224 -24.0689
v 215.494 1.11554 -24.0689
v 215.376 0.92398 -24.0689
v 215.231 0.762302 -24.0689
v 215.062 0.635252 -24.0689
v 214.874 0.547573 -24.0689
v 214.671 0.50401 -24.0689
v 214.452 0.5 -24.0689
v 213.713 0.5 -24.0689
v 212.495 0.5 -24.0689
v 210.991 0.5 -24.0689
v 209.391 0.5 -24.0689
v 207.886 0.5 -24.0689
v 206.669 0.5 -24.0689
v 205.93 0.5 -24.0689
v 205.719 0.503631 -24.0689
v 205.534 0.543076 -24.0689
v 205.364 0.622467 -24.0689
v 205.212 0.737508 -24.0689
v 205.08 0.883904 -24.0689
v 204.974 1.05736 -24.0689
v 204.895 1.25357 -24.0689
v 204.849 1.46826 -24.0689
v 204.837 1.65278 -24.0689
v 204.837 1.72866 -24.0689
v 204.837 1.88972 -24.0689
v 204.837 2.10659 -24.0689
v 204.837 2.34989 -24.0689
v 204.837 2.59025 -24.0689
v 204.837 2.79831 -24.0689
v 204.837 2.94468 -24.0689
v 204.837 3 -24.0689
v 157.838 3 -24.0689
v 157.838 2.9496 -24.0689
v 157.838 2.81626 -24.0689
v 157.838 2.62672 -24.0689
v 157.838 2.40774 -24.0689
v 157.838 2.18609 -24.0689
v 157.838 1.98852 -24.0689
v 157.838 1.84179 -24.0689
v 157.838 1.77267 -24.0689
v 157.825 1.56934 -24.0689
v 157.773 1.33224 -24.0689
v 157.686 1.11554 -24.0689
v 157.569 0.92398 -24.0689
v 157.423 0.762302 -24.0689
v 157.255 0.635252 -24.0689
v 157.067 0.547573 -24.0689
v 156.864 0.50401 -24.0689
v 156.645 0.5 -24.0689
v 155.906 0.5 -24.0689
v 154.688 0.5 -24.0689
v 153.184 0.5 -24.0689
v 151.583 0.5 -24.0689
v 150.079 0.5 -24.0689
v 148.861 0.5 -24.0689
v 148.122 0.5 -24.0689
v 147.911 0.503631 -24.0689
v 147.727 0.543076 -24.0689
v 147.557 0.622467 -24.0689
v 147.404 0.737508 -24.0689
v 147.273 0.883904 -24.0689
v 147.166 1.05736 -24.0689
v 147.088 1.25357 -24.0689
v 147.041 1.46826 -24.0689
v 147.029 1.65278 -24.0689
v 147.029 1.72866 -24.0689
v 147.029 1.88972 -24.0689
v 147.029 2.10659 -24.0689
v 147.029 2.34989 -24.0689
v 147.029 2.59025 -24.0689
v 147.029 2.79831 -24.0689
v 147.029 2.94468 -24.0689
v 147.029 3 -24.0689
v 118.245 3 -24.0689
v 89.46 3 -24.0689
v 89.46 2.94468 -24.0689
v 89.46 2.79831 -24.0689
v 89.46 2.59025 -24.0689
v 89.46 2.34989 -24.0689
v 89.46 2.10659 -24.0689
v 89.46 1.88972 -24.0689
v 89.46 1.72866 -24.0689
v 89.46 1.65278 -24.0689
v 89.448 1.46826 -24.0689
v 89.4014 1.25357 -24.0689
v 89.323 1.05736 -24.0689
v 89.2162 0.883904 -24.0689
v 89.0848 0.737508 -24.0689
v 88.9322 0.622467 -24.0689
v 88.7621 0.543076 -24.0689
v 88.578 0.503631 -24.0689
v 88.367 0.5 -24.0689
v 87.6278 0.5 -24.0689
v 86.4103 0.5 -24.0689
v 84.9059 0.5 -24.0689
v 83.3057 0.5 -24.0689
v 81.8012 0.5 -24.0689
v 80.5837 0.5 -24.0689
v 79.8446 0.5 -24.0689
v 79.6255 0.50401 -24.0689
v 79.4222 0.547573 -24.0689
v 79.2344 0.635252 -24.0689
v 79.0659 0.762302 -24.0689
v 78.9207 0.92398 -24.0689
v 78.8028 1.11554 -24.0689
v 78.7162 1.33224 -24.0689
v 78.6647 1.56934 -24.0689
v 78.6515 1.77267 -24.0689
v 78.6515 1.84179 -24.0689
v 78.6515 1.98852 -24.0689
v 78.6515 2.18609 -24.0689
v 78.6515 2.40774 -24.0689
v 78.6515 2.62672 -24.0689
v 78.6515 2.81626 -24.0689
v 78.6515 2.9496 -24.0689
v 78.6515 3 -24.0689
v 31.6527 3 -24.0689
v 31.6527 2.94468 -24.0689
v 31.6527 2.79831 -24.0689
v 31.6527 2.59025 -24.0689
v 31.6527 2.34989 -24.0689
v 31.6527 2.10659 -24.0689
v 31.6527 1.88972 -24.0689
v 31.6527 1.72866 -24.0689
v 31.6527 1.65278 -24.0689
v 31.6407 1.46826 -24.0689
v 31.5941 1.25357 -24.0689
v 31.5157 1.05736 -24.0689
v 31.4089 0.883904 -24.0689
v 31.2775 0.737508 -24.0689
v 31.1249 0.622467 -24.0689
v 30.9548 0.543076 -24.0689
v 30.7707 0.503631 -24.0689
v 30.5597 0.5 -24.0689
v 29.8205 0.5 -24.0689
v 28.603 0.5 -24.0689
v 27.0986 0.5 -24.0689
v 25.4984 0.5 -24.0689
v 23.9939 0.5 -24.0689
v 22.7764 0.5 -24.0689
v 22.0373 0.5 -24.0689
v 21.8182 0.50401 -24.0689
v 21.2586 0.762302 -24.0689
v 21.1134 0.92398 -24.0689
v 20.9955 1.11554 -24.0689
v 20.9089 1.33224 -24.0689
v 20.8574 1.56934 -24.0689
v 20.8442 1.77267 -24.0689
v 20.8442 1.84179 -24.0689
v 20.8442 1.98852 -24.0689
v 20.8442 2.18609 -24.0689
v 20.8442 2.40774 -24.0689
v 20.8442 2.62672 -24.0689
v 20.8442 2.81626 -24.0689
v 20.8442 2.9496 -24.0689
v 20.8442 3 -24.0689
v 3.92612 3 -24.0689
f 1819/187/269 1816/186/269 1817/185/269 1818/184/269 2002/183/269 2003/182/269 2004/181/269 2005/180/269 2006/179/269 2007/178/269 2001/177/269 2000/176/269 2008/175/269 2009/174/269 2010/173/269 2011/172/269 2012/171/269 2013/170/269 2014/169/269 2015/168/269 2016/167/269 2017/166/269 2018/165/269 2019/164/269 2020/163/269 2021/162/269 2022/161/269 2023/160/269 2024/159/269 2025/158/269 2026/157/269 2027/156/269 2028/155/269 2029/154/269 2030/153/269 2031/152/269 2032/151/269 2033/150/269 2034/149/269 2035/148/269 2036/147/269 2037/146/269 2038/145/269 2039/144/269 2040/143/269 2041/142/269 2042/141/269 2043/140/269 2044/139/269 2045/138/269 2046/137/269 2047/136/269 2048/135/269 2049/134/269 2050/133/269 2051/132/269 2052/131/269 2053/130/269 2054/129/269 2055/128/269 2056/127/269 2057/126/269 2058/125/269 2059/124/269 2060/123/269 2061/122/269 2062/121/269 2063/120/269 2064/119/269 2065/118/269 2066/117/269 2067/116/269 2068/115/269 2069/114/269 2070/113/269 2071/112/269 2072/111/269 2073/110/269 2074/109/269 2075/108/269 2076/107/269 2077/106/269 2078/105/269 2079/104/269 2080/103/269 2081/102/269 2082/101/269 2083/100/269 2084/99/269 2085/98/269 2086/97/269 2087/96/269 2088/95/269 2089/94/269 2090/93/269 2091/92/269 2092/91/269 2093/90/269 2094/89/269 2095/88/269 2096/87/269 2097/86/269 2098/85/269 2099/84/269 2100/83/269 2101/82/269 2102/81/269 2103/80/269 2104/79/269 2105/78/269 2106/77/269 2107/76/269 2108/75/269 2109/74/269 2110/73/269 2111/72/269 2112/71/269 2113/70/269 2114/69/269 2115/68/269 2116/67/269 2117/66/269 2118/65/269 2119/64/269 2120/63/269 2121/62/269 2122/61/269 2123/60/269 2124/59/269 2125/58/269 2126/57/269 2127/56/269 2128/55/269 2129/54/269 2130/53/269 2131/52/269 2132/51/269 2133/50/269 2134/49/269 2135/48/269 2136/47/269 2137/46/269 2138/45/269 2139/44/269 2140/43/269 2141/42/269 2142/41/269 2143/40/269 2144/39/269 2145/38/269 2146/37/269 2147/36/269 2148/35/269 2149/34/269 2150/33/269 2151/32/269 2152/31/269 2153/30/269 2154/29/269 2155/28/269 2156/27/269 2157/26/269 2158/25/269 2159/24/269 2160/23/269 2161/22/269 1448/21/269 1447/20/269 2162/19/269 2163/18/269 2164/17/269 2165/16/269 2166/15/269 2167/14/269 2168/13/269 2169/12/269 2170/11/269 2171/10/269 2172/9/269 2173/8/269 2174/7/269 2175/6/269 2176/5/269 

f 1450/190/7 1449/201/7 1816/200/7 1819/189/7 

f 1451/195/255 1450/194/255 1819/193/255 2176/192/255 

f 1450/194/255 1631/197/255 1632/196/255 1819/193/255 

f 1452/191/4 1451/190/4 2176/189/4 2175/188/4 

f 1453/1317/256 1452/195/256 2175/1854/256 2174/1853/256 

f 1454/1315/256 1453/1317/256 2174/1853/256 2173/1852/256 

f 1455/1312/256 1454/1315/256 2173/1852/256 2172/1851/256 

f 1456/1310/256 1455/1312/256 2172/1851/256 2171/1850/256 

f 1457/1307/256 1456/1310/256 2171/1850/256 2170/1849/256 

f 1458/1305/256 1457/1307/256 2170/1849/256 2169/1848/256 

f 1459/1300/256 1458/1305/256 2169/1848/256 2168/1847/256 

f 1460/1301/256 1459/1300/256 2168/1847/256 2167/1846/256 

f 2167/1302/255 1460/1301/255 1459/1300/255 2168/1299/255 

f 1461/1843/92 1460/1842/92 2167/1841/92 2166/1840/92 

f 1460/1842/92 2167/1841/92 2166/1840/92 1461/1843/92 

vn -0.9979 -0.064773 -1.12778e-17
f 1460/1842/270 2167/1845/270 2166/1844/270 1461/1843/270 

f 2167/1302/255 1460/1301/255 1459/1300/255 2168/1299/255 

f 1462/1839/79 1461/1838/80 2166/1837/80 2165/1836/79 

f 1463/1835/78 1462/1834/79 2165/1833/79 2164/1832/78 

f 1464/1831/77 1463/1830/78 2164/1829/78 2163/1828/77 

f 1465/1827/76 1464/1826/77 2163/1825/77 2162/1824/76 

f 1446/1823/2 1465/1822/76 2162/1821/76 1447/1820/2 

f 1817/185/253 1815/206/253 1999/207/253 1818/184/253 

f 1635/394/4 1634/393/4 1815/392/4 1999/391/4 

f 1636/1791/4 1635/394/4 1999/391/4 1998/1790/4 

f 1818/184/253 1999/207/253 1998/208/253 2002/183/253 

f 1636/205/8 1627/204/8 2002/203/8 1998/202/8 

f 2002/183/253 1998/208/253 1997/209/253 2003/182/253 

f 1637/1789/4 1636/1791/4 1998/1790/4 1997/1788/4 

f 1638/1787/4 1637/1789/4 1997/1788/4 1996/1786/4 

f 1637/205/8 1626/204/8 2003/203/8 1997/202/8 

f 2003/182/253 1997/209/253 1996/210/253 2004/181/253 

f 1638/205/8 1625/204/8 2004/203/8 1996/202/8 

f 2004/181/253 1996/210/253 1995/211/253 2005/180/253 

f 1639/1785/4 1638/1787/4 1996/1786/4 1995/1784/4 

f 1640/1783/4 1639/1785/4 1995/1784/4 1994/1782/4 

f 1639/205/8 1624/204/8 2005/203/8 1995/202/8 

f 2005/180/253 1995/211/253 1994/212/253 2006/179/253 

f 1640/205/8 1623/204/8 2006/203/8 1994/202/8 

f 2006/179/253 1994/212/253 1993/213/253 2007/178/253 

f 1641/1781/4 1640/1783/4 1994/1782/4 1993/1780/4 

f 1642/218/4 1641/1781/4 1993/1780/4 1992/217/4 

f 1641/205/8 1622/204/8 2007/203/8 1993/202/8 

f 2007/178/253 1993/213/253 1992/214/253 2001/177/253 

f 1991/215/98 2000/176/98 2001/177/98 1992/214/98 

f 1609/945/56 1608/944/57 2019/943/57 2018/942/56 

f 1608/949/57 1607/948/58 2020/947/58 2019/946/57 

f 1607/953/58 1606/952/59 2021/951/59 2020/950/58 

f 1606/957/59 1605/956/60 2022/955/60 2021/954/59 

f 1605/961/60 1604/960/61 2023/959/61 2022/958/60 

f 1604/965/61 1603/964/62 2024/963/62 2023/962/61 

f 1603/969/62 1602/968/63 2025/967/63 2024/966/62 

f 1601/973/64 2026/972/64 2025/971/64 1602/970/64 

f 2026/979/4 1601/978/4 1600/977/4 2027/976/4 

f 1602/970/64 1601/973/64 2026/972/64 2025/971/64 

vn 0.0183032 -0.999832 -1.36105e-16
f 1601/973/271 2026/975/271 2025/974/271 1602/970/271 

f 1601/978/4 1600/977/4 2027/976/4 2026/979/4 

vn 0 -1 -1.36132e-16
f 2026/979/272 1601/978/272 1600/977/272 2027/976/272 

f 1600/977/67 1599/981/68 2028/980/68 2027/976/67 

f 1599/981/68 1598/983/4 2029/982/4 2028/980/68 

f 1598/983/4 1597/985/4 2030/984/4 2029/982/4 

f 1597/985/4 1596/987/69 2031/986/69 2030/984/4 

f 1596/987/69 1595/989/70 2032/988/70 2031/986/69 

f 1594/991/71 2033/990/71 2032/988/71 1595/989/71 

f 2033/997/73 1594/996/73 1593/995/73 2034/994/73 

f 1595/989/71 1594/991/71 2033/990/71 2032/988/71 

vn -2.44163e-13 -1 -1.36132e-16
f 1594/991/273 2033/993/273 2032/992/273 1595/989/273 

f 1594/996/73 1593/995/73 2034/994/73 2033/997/73 

vn -0.0172024 -0.999852 -1.36107e-16
f 2033/999/274 1594/996/274 1593/995/274 2034/998/274 

f 1593/1003/75 1592/1002/1 2035/1001/1 2034/1000/75 

f 1592/1007/1 1591/1006/2 2036/1005/2 2035/1004/1 

f 1591/1011/2 1590/1010/76 2037/1009/76 2036/1008/2 

f 1590/1015/76 1589/1014/77 2038/1013/77 2037/1012/76 

f 1589/1019/77 1588/1018/78 2039/1017/78 2038/1016/77 

f 1588/1023/78 1587/1022/79 2040/1021/79 2039/1020/78 

f 1587/1027/79 1586/1026/80 2041/1025/80 2040/1024/79 

f 1585/1031/81 2042/1030/81 2041/1029/81 1586/1028/81 

f 2042/1037/255 1585/1036/255 1584/1035/255 2043/1034/255 

f 1586/1028/81 1585/1031/81 2042/1030/81 2041/1029/81 

vn -0.997909 -0.064628 -1.10968e-17
f 1585/1031/275 2042/1033/275 2041/1032/275 1586/1028/275 

f 1585/1036/256 1584/1035/256 2043/1038/256 2042/1810/256 

f 2042/1037/255 1585/1036/255 1584/1035/255 2043/1034/255 

f 1584/1035/256 1583/1040/256 2044/1039/256 2043/1038/256 

f 1583/1040/256 1582/1042/256 2045/1041/256 2044/1039/256 

f 1582/1042/256 1581/1044/256 2046/1043/256 2045/1041/256 

f 1581/1044/256 1580/1046/256 2047/1045/256 2046/1043/256 

f 1580/1046/256 1579/1048/256 2048/1047/256 2047/1045/256 

f 1579/1048/256 1578/1050/256 2049/1049/256 2048/1047/256 

f 1578/1050/256 1577/195/256 2050/1051/256 2049/1049/256 

f 1577/1055/4 1576/1054/4 2051/1053/4 2050/1052/4 

f 1576/914/261 1575/919/261 2052/1057/261 2051/1056/261 

f 1575/919/261 1574/921/261 2053/1058/261 2052/1057/261 

f 1574/921/261 1573/923/261 2054/1059/261 2053/1058/261 

f 1573/923/261 1572/925/261 2055/1060/261 2054/1059/261 

f 1572/925/261 1571/927/261 2056/1061/261 2055/1060/261 

f 1571/927/261 1570/929/261 2057/1062/261 2056/1061/261 

f 1570/929/261 1569/931/261 2058/1063/261 2057/1062/261 

f 1568/934/8 2059/933/8 2058/932/8 1569/931/8 

f 2059/1068/54 1568/1067/54 1567/1066/54 2060/1065/54 

f 1569/931/261 1568/934/261 2059/1064/261 2058/1063/261 

f 1568/934/8 2059/933/8 2058/932/8 1569/931/8 

f 1568/1067/54 1567/1066/54 2060/1065/54 2059/1068/54 

f 2059/1070/268 1568/1067/268 1567/1066/268 2060/1069/268 

f 1567/1074/56 1566/1073/57 2061/1072/57 2060/1071/56 

f 1566/1078/57 1565/1077/58 2062/1076/58 2061/1075/57 

f 1565/1082/58 1564/1081/59 2063/1080/59 2062/1079/58 

f 1564/1086/59 1563/1085/60 2064/1084/60 2063/1083/59 

f 1563/1090/60 1562/1089/61 2065/1088/61 2064/1087/60 

f 1562/1094/61 1561/1093/62 2066/1092/62 2065/1091/61 

f 1561/1098/62 1560/1097/63 2067/1096/63 2066/1095/62 

f 1559/1102/64 2068/1101/64 2067/1100/64 1560/1099/64 

f 2068/1110/4 1559/1109/4 1558/1108/4 2069/1107/4 

f 1560/1099/64 1559/1102/64 2068/1104/64 2067/1103/64 

f 1559/1102/271 2068/1106/271 2067/1105/271 1560/1099/271 

f 1559/1109/4 1558/1108/4 2069/1107/4 2068/1110/4 

f 2068/1110/272 1559/1109/272 1558/1108/272 2069/1107/272 

f 1558/1108/67 1557/1112/68 2070/1111/68 2069/1107/67 

f 1557/1112/68 1556/1114/4 2071/1113/4 2070/1111/68 

f 1556/1114/4 1555/1116/4 2072/1115/4 2071/1113/4 

f 1555/1116/4 1554/1118/69 2073/1117/69 2072/1115/4 

f 1554/1118/69 1553/1120/70 2074/1119/70 2073/1117/69 

f 1552/1122/71 2075/1121/71 2074/1119/71 1553/1120/71 

f 2075/1128/73 1552/1127/73 1551/1126/73 2076/1125/73 

f 1552/1127/73 1551/1126/73 2076/1125/73 2075/1128/73 

f 2075/1130/274 1552/1127/274 1551/1126/274 2076/1129/274 

f 1553/1120/71 1552/1122/71 2075/1121/71 2074/1119/71 

f 1552/1122/273 2075/1124/273 2074/1123/273 1553/1120/273 

f 1551/1134/75 1550/1133/1 2077/1132/1 2076/1131/75 

f 1550/1138/1 1549/1137/2 2078/1136/2 2077/1135/1 

f 1549/1142/2 1548/1141/76 2079/1140/76 2078/1139/2 

f 1548/1146/76 1547/1145/77 2080/1144/77 2079/1143/76 

f 1547/1150/77 1546/1149/78 2081/1148/78 2080/1147/77 

f 1546/1154/78 1545/1153/79 2082/1152/79 2081/1151/78 

f 1545/1158/79 1544/1157/80 2083/1156/80 2082/1155/79 

f 1543/1162/81 2084/1161/81 2083/1160/81 1544/1159/81 

f 2084/1037/255 1543/1036/255 1542/1035/255 2085/1034/255 

f 1544/1159/81 1543/1162/81 2084/1161/81 2083/1160/81 

f 1543/1162/275 2084/1164/275 2083/1163/275 1544/1159/275 

f 1543/1036/256 1542/1035/256 2085/1166/256 2084/1165/256 

f 2084/1037/255 1543/1036/255 1542/1035/255 2085/1034/255 

f 1542/1035/256 1541/1040/256 2086/1167/256 2085/1166/256 

f 1541/1040/256 1540/1042/256 2087/1168/256 2086/1167/256 

f 1540/1042/256 1539/1044/256 2088/1169/256 2087/1168/256 

f 1539/1044/256 1538/1046/256 2089/1170/256 2088/1169/256 

f 1538/1046/256 1537/1048/256 2090/1171/256 2089/1170/256 

f 1537/1048/256 1536/1050/256 2091/1172/256 2090/1171/256 

f 1536/1050/256 1535/195/256 2092/1173/256 2091/1172/256 

f 1535/1177/83 1534/1176/84 2093/1175/84 2092/1174/83 

f 1534/1176/84 1533/1179/4 2094/1178/4 2093/1175/84 

f 1533/914/261 1532/1182/261 2095/1181/261 2094/1180/261 

f 1532/1182/261 1531/1184/261 2096/1183/261 2095/1181/261 

f 1531/1184/261 1530/1186/261 2097/1185/261 2096/1183/261 

f 1530/1186/261 1529/1188/261 2098/1187/261 2097/1185/261 

f 1529/1188/261 1528/1190/261 2099/1189/261 2098/1187/261 

f 1528/1190/261 1527/1192/261 2100/1191/261 2099/1189/261 

f 1527/1192/261 1526/1194/261 2101/1193/261 2100/1191/261 

f 1525/1197/8 2102/1196/8 2101/1195/8 1526/1194/8 

f 2102/1202/85 1525/1201/85 1524/1200/85 2103/1199/85 

f 1525/1201/85 1524/1200/85 2103/1199/85 2102/1202/85 

vn 0.997909 -0.064628 -1.12525e-17
f 2102/1812/276 1525/1201/276 1524/1200/276 2103/1811/276 

f 1526/1194/261 1525/1197/261 2102/1198/261 2101/1193/261 

f 1525/1197/8 2102/1196/8 2101/1195/8 1526/1194/8 

f 1524/1206/56 1523/1205/57 2104/1204/57 2103/1203/56 

f 1523/1210/57 1522/1209/58 2105/1208/58 2104/1207/57 

f 1522/1214/58 1521/1213/59 2106/1212/59 2105/1211/58 

f 1521/1218/59 1520/1217/60 2107/1216/60 2106/1215/59 

f 1520/1222/60 1519/1221/61 2108/1220/61 2107/1219/60 

f 1519/1226/61 1518/1225/62 2109/1224/62 2108/1223/61 

f 1518/1230/62 1517/1229/63 2110/1228/63 2109/1227/62 

f 1516/1234/86 2111/1233/86 2110/1232/86 1517/1231/86 

f 2111/1240/71 1516/1239/71 1515/1238/71 2112/1237/71 

f 1517/1231/86 1516/1234/86 2111/1233/86 2110/1232/86 

vn 0.0172024 -0.999852 -1.36107e-16
f 1516/1234/277 2111/1236/277 2110/1235/277 1517/1231/277 

f 1516/1239/71 1515/1238/71 2112/1237/71 2111/1240/71 

f 2111/1242/273 1516/1239/273 1515/1238/273 2112/1241/273 

f 1515/1238/4 1514/1244/4 2113/1243/4 2112/1237/4 

f 1514/1244/4 1513/1246/4 2114/1245/4 2113/1243/4 

f 1513/1246/4 1512/1248/88 2115/1247/88 2114/1245/4 

f 1512/1248/88 1511/1250/89 2116/1249/89 2115/1247/88 

f 1511/1250/89 1510/1252/70 2117/1251/70 2116/1249/89 

f 1509/1254/4 2118/1253/4 2117/1251/4 1510/1252/4 

f 2118/1260/90 1509/1259/90 1508/1258/90 2119/1257/90 

f 1509/1259/90 1508/1258/90 2119/1257/90 2118/1260/90 

vn -0.0183032 -0.999832 -1.36105e-16
f 2118/1262/278 1509/1259/278 1508/1258/278 2119/1261/278 

f 1510/1252/4 1509/1254/4 2118/1253/4 2117/1251/4 

f 1509/1254/272 2118/1256/272 2117/1255/272 1510/1252/272 

f 1508/1266/75 1507/1265/1 2120/1264/1 2119/1263/75 

f 1507/1270/1 1506/1269/2 2121/1268/2 2120/1267/1 

f 1506/1274/2 1505/1273/76 2122/1272/76 2121/1271/2 

f 1505/1278/76 1504/1277/77 2123/1276/77 2122/1275/76 

f 1504/1282/77 1503/1281/78 2124/1280/78 2123/1279/77 

f 1503/1286/78 1502/1285/79 2125/1284/79 2124/1283/78 

f 1502/1290/79 1501/1289/80 2126/1288/80 2125/1287/79 

f 1500/1294/92 2127/1293/92 2126/1292/92 1501/1291/92 

f 2127/1302/255 1500/1301/255 1499/1300/255 2128/1299/255 

f 1500/1301/256 1499/1300/256 2128/1303/256 2127/1813/256 

f 2127/1302/255 1500/1301/255 1499/1300/255 2128/1299/255 

f 1501/1291/92 1500/1294/92 2127/1296/92 2126/1295/92 

f 1500/1294/270 2127/1298/270 2126/1297/270 1501/1291/270 

f 1499/1300/256 1498/1305/256 2129/1304/256 2128/1303/256 

f 1498/1305/256 1497/1307/94 2130/1306/94 2129/1304/256 

f 1497/1307/94 1496/1310/95 2131/1309/95 2130/1308/94 

f 1496/1310/95 1495/1312/96 2132/1311/96 2131/1309/95 

f 1495/1312/96 1494/1315/256 2133/1314/256 2132/1313/96 

f 1494/1315/256 1493/1317/256 2134/1316/256 2133/1314/256 

f 1493/1317/256 1492/195/256 2135/1318/256 2134/1316/256 

f 1492/1322/4 1491/1321/4 2136/1320/4 2135/1319/4 

f 1491/914/261 1490/1182/261 2137/1324/261 2136/1323/261 

f 1490/1182/261 1489/1184/261 2138/1325/261 2137/1324/261 

f 1489/1184/261 1488/1186/261 2139/1326/261 2138/1325/261 

f 1488/1186/261 1487/1188/261 2140/1327/261 2139/1326/261 

f 1487/1188/261 1486/1190/261 2141/1328/261 2140/1327/261 

f 1486/1190/261 1485/1192/261 2142/1329/261 2141/1328/261 

f 1485/1192/261 1484/1194/261 2143/1330/261 2142/1329/261 

f 1484/1194/261 1483/1197/261 2144/1331/261 2143/1330/261 

f 1483/1197/8 2144/1196/8 2143/1195/8 1484/1194/8 

f 1483/1335/85 1482/1334/85 2145/1333/85 2144/1332/85 

f 2144/1332/85 1483/1335/85 1482/1334/85 2145/1333/85 

f 2144/1815/276 1483/1335/276 1482/1334/276 2145/1814/276 

f 1483/1197/8 2144/1196/8 2143/1195/8 1484/1194/8 

f 1482/1339/56 1481/1338/57 2146/1337/57 2145/1336/56 

f 1481/1343/57 1480/1342/58 2147/1341/58 2146/1340/57 

f 1480/1347/58 1479/1346/59 2148/1345/59 2147/1344/58 

f 1479/1351/59 1478/1350/60 2149/1349/60 2148/1348/59 

f 1478/1355/60 1477/1354/61 2150/1353/61 2149/1352/60 

f 1477/1359/61 1476/1358/62 2151/1357/62 2150/1356/61 

f 1476/1363/62 1475/1362/63 2152/1361/63 2151/1360/62 

f 1475/1367/86 1474/1366/86 2153/1365/86 2152/1364/86 

f 1474/1366/86 2153/1365/86 2152/1364/86 1475/1367/86 

f 1474/1373/71 1473/1372/71 2154/1371/71 2153/1370/71 

f 2153/1370/71 1474/1373/71 1473/1372/71 2154/1371/71 

f 1474/1366/277 2153/1369/277 2152/1368/277 1475/1367/277 

f 2153/1817/273 1474/1373/273 1473/1372/273 2154/1816/273 

f 1473/1372/4 1472/1375/4 2155/1374/4 2154/1371/4 

f 1472/1375/4 1471/1377/4 2156/1376/4 2155/1374/4 

f 1471/1377/4 1470/1379/88 2157/1378/88 2156/1376/4 

f 1470/1379/88 1469/1381/89 2158/1380/89 2157/1378/88 

f 1469/1381/89 1468/1383/70 2159/1382/70 2158/1380/89 

f 1468/1383/4 1467/1385/4 2160/1384/4 2159/1382/4 

f 1467/1385/4 2160/1384/4 2159/1382/4 1468/1383/4 

f 1467/1391/90 1466/1390/90 2161/1389/90 2160/1388/90 

f 2160/1388/90 1467/1391/90 1466/1390/90 2161/1389/90 

f 1467/1385/272 2160/1387/272 2159/1386/272 1468/1383/272 

f 2160/1819/278 1467/1391/278 1466/1390/278 2161/1818/278 

f 1466/1395/75 1445/1394/1 1448/1393/1 2161/1392/75 

g Mesh5 ___301_1 ___309_1 Model

v 93.6796 17 -22.1614
vt 0 0.174552
vn 0 1 -0
v 93.6796 17 -4.70621
v 147.283 17 -4.70621
vt 1.07152 0
v 147.283 17 -22.1614
vt 1.07152 0.174552
f 2177/2676/279 2178/189/279 2179/2677/279 2180/2678/279 

vt -0.34893 0
v 93.6796 15 -22.1614
vt -0.34893 -0.02
v 93.6796 15 -4.70621
vt 0 -0.02
f 2178/189/5 2177/2679/5 2181/2680/5 2182/2681/5 

vt -1.07152 0
v 147.283 15 -22.1614
vt -1.07152 -0.02
f 2177/189/160 2180/2682/160 2183/2683/160 2181/2681/160 

vt 0.34893 0
v 147.283 15 -4.70621
vt 0.34893 -0.02
f 2180/2684/8 2179/189/8 2184/2681/8 2183/2685/8 

vt 1.07152 -0.02
f 2179/2677/214 2178/189/214 2182/2681/214 2184/2686/214 

vn 0 -1 -0
vt -1.07152 0.174552
f 2182/189/280 2181/2676/280 2183/2687/280 2184/2682/280 

g Mesh6 ___307_1 ___309_1 Model

v 166.678 5 -22.1614
vt 1.84695 0.174552
v 74.2844 5 -22.1614
v 74.2844 5 -4.70621
v 166.678 5 -4.70621
vt 1.84695 0
f 2185/2688/279 2186/2676/279 2187/189/279 2188/2689/279 

vt 0 0.02
vt -1.84695 0.02
v 166.678 3 -22.1614
vt -1.84695 0
v 74.2844 3 -22.1614
f 2186/2690/160 2185/2691/160 2189/2692/160 2190/189/160 

vt 0.34893 0.02
v 166.678 3 -4.70621
f 2185/2693/8 2188/2690/8 2191/189/8 2189/2684/8 

vt 1.84695 0.02
v 74.2844 3 -4.70621
f 2188/2694/214 2187/2690/214 2192/189/214 2191/2689/214 

vt -0.34893 0.02
f 2187/2690/5 2186/2695/5 2190/2679/5 2192/189/5 

vt -1.84695 0.174552
f 2190/2676/280 2189/2696/280 2191/2692/280 2192/189/280 

g Mesh7 ___308_1 ___309_1 Model

v 163.435 7 -22.1614
v 163.435 7 -4.70621
v 163.435 5 -4.70621
v 163.435 5 -22.1614
f 2193/2693/8 2194/2690/8 2195/189/8 2196/2684/8 

v 77.5269 7 -22.1614
v 77.5269 7 -4.70621
vt 1.71731 0
vt 1.71731 0.174552
f 2197/2676/279 2198/189/279 2194/2697/279 2193/2698/279 

v 77.5269 5 -22.1614
v 77.5269 5 -4.70621
f 2198/2690/5 2197/2695/5 2199/2679/5 2200/189/5 

vt -1.71731 0.02
vt -1.71731 0
f 2197/2690/160 2193/2699/160 2196/2700/160 2199/189/160 

vt -1.71731 0.174552
f 2200/189/280 2199/2676/280 2196/2701/280 2195/2700/280 

vt 1.71731 0.02
f 2194/2702/214 2198/2690/214 2200/189/214 2195/2697/214 

g Mesh8 ___303_1 ___309_1 Model

v 87.5548 13 -22.1614
v 87.5548 13 -4.70621
v 153.407 13 -4.70621
vt 1.31639 0
v 153.407 13 -22.1614
vt 1.31639 0.174552
f 2201/2676/279 2202/189/279 2203/2703/279 2204/2704/279 

v 87.5548 11 -22.1614
v 87.5548 11 -4.70621
f 2202/189/5 2201/2679/5 2205/2680/5 2206/2681/5 

vt -1.31639 0
v 153.407 11 -22.1614
vt -1.31639 -0.02
f 2201/189/160 2204/2705/160 2207/2706/160 2205/2681/160 

v 153.407 11 -4.70621
f 2204/2684/8 2203/189/8 2208/2681/8 2207/2685/8 

vt 1.31639 -0.02
f 2203/2703/214 2202/189/214 2206/2681/214 2208/2707/214 

vt -1.31639 0.174552
f 2206/189/280 2205/2676/280 2207/2708/280 2208/2705/280 

g Mesh9 ___304_1 ___309_1 Model

v 138.306 23 -22.1614
vt 0.712621 0.174552
v 102.657 23 -22.1614
v 102.657 23 -4.70621
v 138.306 23 -4.70621
vt 0.712621 0
f 2209/2709/279 2210/2676/279 2211/189/279 2212/2710/279 

vt -0.712621 0
v 138.306 21 -22.1614
vt -0.712621 -0.02
v 102.657 21 -22.1614
f 2210/189/160 2209/2711/160 2213/2712/160 2214/2681/160 

v 138.306 21 -4.70621
f 2209/2684/8 2212/189/8 2215/2681/8 2213/2685/8 

v 102.657 21 -4.70621
vt 0.712621 -0.02
f 2212/2710/214 2211/189/214 2216/2681/214 2215/2713/214 

f 2211/189/5 2210/2679/5 2214/2680/5 2216/2681/5 

vt -0.712621 0.174552
f 2214/2676/280 2213/2714/280 2215/2711/280 2216/189/280 

g Mesh10 ___305_1 ___309_1 Model

v 141.338 21 -4.70621
vt 0.833855 0
v 141.338 21 -22.1614
vt 0.833855 0.174552
v 99.6243 21 -22.1614
v 99.6243 21 -4.70621
f 2217/2715/279 2218/2716/279 2219/2676/279 2220/189/279 

v 141.338 19 -4.70621
v 141.338 19 -22.1614
f 2218/2684/8 2217/189/8 2221/2681/8 2222/2685/8 

v 99.6243 19 -4.70621
vt 0.833855 -0.02
f 2217/2715/214 2220/189/214 2223/2681/214 2221/2717/214 

v 99.6243 19 -22.1614
f 2220/189/5 2219/2679/5 2224/2680/5 2223/2681/5 

vt -0.833855 0
vt -0.833855 -0.02
f 2219/189/160 2218/2718/160 2222/2719/160 2224/2681/160 

vt -0.833855 0.174552
f 2222/2720/280 2221/2718/280 2223/189/280 2224/2676/280 

g Mesh11 ___306_1 ___309_1 Model

v 96.712 19 -22.1614
v 96.712 19 -4.70621
v 144.25 19 -4.70621
vt 0.950289 0
v 144.25 19 -22.1614
vt 0.950289 0.174552
f 2225/2676/279 2226/189/279 2227/2721/279 2228/2722/279 

v 96.712 17 -22.1614
v 96.712 17 -4.70621
f 2226/189/5 2225/2679/5 2229/2680/5 2230/2681/5 

vt -0.950289 0
v 144.25 17 -22.1614
vt -0.950289 -0.02
f 2225/189/160 2228/2723/160 2231/2724/160 2229/2681/160 

v 144.25 17 -4.70621
f 2228/2684/8 2227/189/8 2232/2681/8 2231/2685/8 

vt 0.950289 -0.02
f 2227/2721/214 2226/189/214 2230/2681/214 2232/2725/214 

vt -0.950289 0.174552
f 2230/189/280 2229/2676/280 2231/2726/280 2232/2723/280 

g Mesh12 ___302_1 ___309_1 Model

v 156.77 11 -22.1614
vt 1.45083 0.174552
v 84.1922 11 -22.1614
v 84.1922 11 -4.70621
v 156.77 11 -4.70621
vt 1.45083 0
f 2233/2727/279 2234/2676/279 2235/189/279 2236/2728/279 

vt -1.45083 0
v 156.77 9 -22.1614
vt -1.45083 -0.02
v 84.1922 9 -22.1614
f 2234/189/160 2233/2729/160 2237/2730/160 2238/2681/160 

v 156.77 9 -4.70621
f 2233/2684/8 2236/189/8 2239/2681/8 2237/2685/8 

v 84.1922 9 -4.70621
vt 1.45083 -0.02
f 2236/2728/214 2235/189/214 2240/2681/214 2239/2731/214 

f 2235/189/5 2234/2679/5 2238/2680/5 2240/2681/5 

vt -1.45083 0.174552
f 2238/2676/280 2237/2732/280 2239/2729/280 2240/189/280 

g Mesh13 ___300_1 ___309_1 Model

v 150.225 15 -4.70621
vt 1.18916 0
v 150.225 15 -22.1614
vt 1.18916 0.174552
v 90.7373 15 -22.1614
v 90.7373 15 -4.70621
f 2241/2733/279 2242/2734/279 2243/2676/279 2244/189/279 

v 150.225 13 -4.70621
v 150.225 13 -22.1614
f 2242/2684/8 2241/189/8 2245/2681/8 2246/2685/8 

v 90.7373 13 -4.70621
vt 1.18916 -0.02
f 2241/2733/214 2244/189/214 2247/2681/214 2245/2735/214 

v 90.7373 13 -22.1614
f 2244/189/5 2243/2679/5 2248/2680/5 2247/2681/5 

vt -1.18916 0
vt -1.18916 -0.02
f 2243/189/160 2242/2736/160 2246/2737/160 2248/2681/160 

vt -1.18916 0.174552
f 2246/2738/280 2245/2736/280 2247/189/280 2248/2676/280 

g Mesh14 ___299_1 ___309_1 Model

v 160.103 9 -22.1614
vt 1.58407 0.174552
v 80.8595 9 -22.1614
v 80.8595 9 -4.70621
v 160.103 9 -4.70621
vt 1.58407 0
f 2249/2739/279 2250/2676/279 2251/189/279 2252/2740/279 

vt -1.58407 0
v 160.103 7 -22.1614
vt -1.58407 -0.02
v 80.8595 7 -22.1614
f 2250/189/160 2249/2741/160 2253/2742/160 2254/2681/160 

v 160.103 7 -4.70621
f 2249/2684/8 2252/189/8 2255/2681/8 2253/2685/8 

v 80.8595 7 -4.70621
vt 1.58407 -0.02
f 2252/2740/214 2251/189/214 2256/2681/214 2255/2743/214 

f 2251/189/5 2250/2679/5 2254/2680/5 2256/2681/5 

vt -1.58407 0.174552
f 2254/2676/280 2253/2744/280 2255/2741/280 2256/189/280 

g Mesh15 ___292_1 Model

v 37.0468 3 -54.404
vt 3.98399 0.03
vn -4.48807e-11 -2.26197e-33 -1
v 118.173 3 -54.404
vt 2.36228 0.03
vn 5.65646e-17 -2.26197e-33 -1
v 118.173 0 -54.404
vt 2.36228 -2.67526e-33
v 37.0468 0 -54.404
vt 3.98399 -2.67526e-33
f 2257/2745/281 2258/2746/282 2259/2747/282 2260/2748/281 

v 118.173 3 -2.53343e-09
vt 2.36228 1.72675
vn 4.00478e-31 1 -2.26197e-33
vt 2.36228 1.18271
vt 3.98399 1.18271
f 2261/2749/283 2258/2750/283 2257/2751/283

v 120.506 3 -2.42849e-09
vt 2.31564 1.72675
f 2262/2752/283 2258/2750/283 2261/2749/283

v 126.676 3 -2.15144e-09
vt 2.19231 1.72675
f 2263/2753/283 2258/2750/283 2262/2752/283

v 135.438 3 -1.75791e-09
vt 2.01716 1.72675
f 2264/2754/283 2258/2750/283 2263/2753/283

v 145.548 3 -1.30385e-09
vt 1.81506 1.72675
f 2265/2755/283 2258/2750/283 2264/2754/283

v 155.761 3 -8.45262e-10
vt 1.61089 1.72675
f 2266/2756/283 2258/2750/283 2265/2755/283

v 164.834 3 -4.37751e-10
vt 1.42952 1.72675
f 2267/2757/283 2258/2750/283 2266/2756/283

v 171.523 3 -1.37533e-10
vt 1.29582 1.72675
f 2268/2758/283 2258/2750/283 2267/2757/283

v 174.582 3 -0
vt 1.23467 1.72675
f 2269/2759/283 2258/2750/283 2268/2758/283

v 174.877 3 -0.0185558
vt 1.22878 1.72657
f 2270/2760/283 2258/2750/283 2269/2759/283

v 175.131 3 -0.0869252
vt 1.22369 1.72589
f 2271/2761/283 2258/2750/283 2270/2760/283

v 175.363 3 -0.200725
vt 1.21905 1.72475
f 2272/2762/283 2258/2750/283 2271/2761/283

v 175.568 3 -0.354805
vt 1.21495 1.72321
f 2273/2763/283 2258/2750/283 2272/2762/283

v 175.74 3 -0.544016
vt 1.21151 1.72131
f 2274/2764/283 2258/2750/283 2273/2763/283

v 175.875 3 -0.763208
vt 1.20882 1.71912
f 2275/2765/283 2258/2750/283 2274/2764/283

v 175.967 3 -1.00723
vt 1.20698 1.71668
f 2276/2766/283 2258/2750/283 2275/2765/283

v 176.01 3 -1.27094
vt 1.20611 1.71405
f 2277/2767/283 2258/2750/283 2276/2766/283

v 176.013 3 -1.69469
vt 1.20605 1.70981
f 2278/2768/283 2258/2750/283 2277/2767/283

v 176.013 3 -3.26028
vt 1.20605 1.69415
f 2279/2769/283 2258/2750/283 2278/2768/283

v 176.013 3 -5.762
vt 1.20605 1.66913
f 2280/2770/283 2258/2750/283 2279/2769/283

v 176.013 3 -8.81248
vt 1.20605 1.63863
f 2281/2771/283 2258/2750/283 2280/2770/283

v 176.013 3 -12.0244
vt 1.20605 1.60651
f 2282/2772/283 2258/2750/283 2281/2771/283

v 176.013 3 -15.0103
vt 1.20605 1.57665
f 2283/2773/283 2258/2750/283 2282/2772/283

v 176.013 3 -17.3829
vt 1.20605 1.55293
f 2284/2774/283 2258/2750/283 2283/2773/283

v 176.013 3 -18.7548
vt 1.20605 1.53921
f 2285/2775/283 2258/2750/283 2284/2774/283

v 176.619 3 -18.9444
vt 1.19394 1.53731
f 2286/2776/283 2258/2750/283 2285/2775/283

v 181.003 3 -18.9444
vt 1.1063 1.53731
f 2287/2777/283 2258/2750/283 2286/2776/283

v 188.585 3 -18.9444
vt 0.95475 1.53731
f 2288/2778/283 2258/2750/283 2287/2777/283

v 198.126 3 -18.9444
vt 0.764019 1.53731
f 2289/2779/283 2258/2750/283 2288/2778/283

v 199.299 3 -54.404
vt 0.740566 1.18271
f 2289/2779/283 2290/2780/283 2258/2750/283

v 208.389 3 -18.9444
vt 0.558856 1.53731
f 2290/2780/283 2289/2779/283 2291/2781/283

vt -0.558856 0.03
vn -4.49136e-11 2.26197e-33 1
vt -0.764019 0.03
vn -4.49072e-11 2.26197e-33 1
v 198.126 0 -18.9444
vt -0.764019 -3.47735e-33
v 208.389 0 -18.9444
vt -0.558856 -3.47735e-33
f 2291/2782/284 2289/2783/285 2292/2784/285 2293/2785/284 

vt -0.95475 0.03
vn -4.49089e-11 2.26197e-33 1
v 188.585 0 -18.9444
vt -0.95475 -3.47735e-33
f 2289/2783/285 2288/2786/286 2294/2787/286 2292/2784/285 

vt -1.1063 0.03
vn -4.48925e-11 2.26197e-33 1
v 181.003 0 -18.9444
vt -1.1063 -3.47735e-33
f 2288/2786/286 2287/2788/287 2295/2789/287 2294/2787/286 

vt -1.19394 0.03
vn 0.151066 -5.82625e-32 0.988524
v 176.619 0 -18.9444
vt -1.19394 -3.47735e-33
f 2287/2788/287 2286/2790/288 2296/2791/288 2295/2789/287 

vt -2.05726 0.03
vt -2.06996 0.03
vn 0.298664 -1.1745e-31 0.954358
v 176.013 0 -18.7548
vt -2.06996 1.51365e-31
vt -2.05726 1.51365e-31
f 2286/2792/288 2285/2793/289 2297/2794/289 2296/2795/288 

vt -3.07687 0.03
vn 1 -4.00478e-31 4.47273e-11
vt -3.1043 0.03
vn 1 -4.00478e-31 4.48794e-11
v 176.013 0 -17.3829
vt -3.1043 -2.41619e-31
vt -3.07687 -2.41619e-31
f 2285/2796/290 2284/2797/291 2298/2798/291 2297/2799/290 

vt -3.15173 0.03
vn 1 -4.00478e-31 4.50003e-11
v 176.013 0 -15.0103
vt -3.15173 -2.41619e-31
f 2284/2797/291 2283/2800/292 2299/2801/292 2298/2798/291 

vt -3.21142 0.03
vn 1 -4.00478e-31 4.49606e-11
v 176.013 0 -12.0244
vt -3.21142 -2.41619e-31
f 2283/2800/292 2282/2802/293 2300/2803/293 2299/2801/292 

vt -3.27562 0.03
vn 1 -4.00478e-31 4.4958e-11
v 176.013 0 -8.81248
vt -3.27562 -2.41619e-31
f 2282/2802/293 2281/2804/294 2301/2805/294 2300/2803/293 

vt -3.3366 0.03
vn 1 -4.00478e-31 4.48456e-11
v 176.013 0 -5.762
vt -3.3366 -2.41619e-31
f 2281/2804/294 2280/2806/295 2302/2807/295 2301/2805/294 

vt -3.38661 0.03
vn 1 -4.00478e-31 4.49579e-11
v 176.013 0 -3.26028
vt -3.38661 -2.41619e-31
f 2280/2806/295 2279/2808/296 2303/2809/296 2302/2807/295 

vt -3.41791 0.03
vn 0.999994 -4.00467e-31 0.00355933
v 176.013 0 -1.69469
vt -3.41791 -2.41619e-31
f 2279/2808/296 2278/2810/297 2304/2811/297 2303/2809/296 

vt -3.4264 0.03
vt -3.43488 0.03
vn 0.996329 -3.98814e-31 0.0856087
v 176.01 0 -1.27094
vt -3.43488 -2.36723e-31
vt -3.4264 -2.36723e-31
f 2278/2812/297 2277/2813/298 2305/2814/298 2304/2815/297 

vt -3.57751 0.03
vt -3.58286 0.03
vn 0.965891 -3.86232e-31 0.258948
v 175.967 0 -1.00723
vt -3.58286 -1.24281e-31
vt -3.57751 -1.24281e-31
f 2277/2816/298 2276/2817/299 2306/2818/299 2305/2819/298 

vt -3.63689 0.03
vt -3.6421 0.03
vn 0.898216 -3.58721e-31 0.439555
v 175.875 0 -0.763208
vt -3.6421 1.4533e-32
vt -3.63689 1.4533e-32
f 2276/2820/299 2275/2821/300 2307/2822/300 2306/2823/299 

vt -3.56106 0.03
vt -3.5662 0.03
vn 0.799319 -3.1875e-31 0.600907
v 175.74 0 -0.544016
vt -3.5662 1.30661e-31
vt -3.56106 1.30661e-31
f 2275/2824/300 2274/2825/301 2308/2826/301 2307/2827/300 

vt -3.35987 0.03
vt -3.36498 0.03
vn 0.673204 -2.67931e-31 0.739457
v 175.568 0 -0.354805
vt -3.36498 2.09392e-31
vt -3.35987 2.09392e-31
f 2274/2828/301 2273/2829/302 2309/2830/302 2308/2831/301 

vt -3.04159 0.03
vt -3.04672 0.03
vn 0.522899 -2.07481e-31 0.852395
v 175.363 0 -0.200725
vt -3.04672 2.4174e-31
vt -3.04159 2.4174e-31
f 2273/2832/302 2272/2833/303 2310/2834/303 2309/2835/302 

vt -2.61173 0.03
vt -2.6169 0.03
vn 0.351357 -1.38593e-31 0.936242
v 175.131 0 -0.0869252
vt -2.6169 2.23036e-31
vt -2.61173 2.23036e-31
f 2272/2836/303 2271/2837/304 2311/2838/304 2310/2839/303 

vt -2.07685 0.03
vt -2.08212 0.03
vn 0.161914 -6.26107e-32 0.986805
v 174.877 0 -0.0185558
vt -2.08212 1.53382e-31
vt -2.07685 1.53382e-31
f 2271/2840/304 2270/2841/305 2312/2842/305 2311/2843/304 

vt -1.44303 0.03
vt -1.44894 0.03
vn 0.0314055 -1.03164e-32 0.999507
v 174.582 0 -0
vt -1.44894 3.85506e-32
vt -1.44303 3.85506e-32
f 2270/2844/305 2269/2845/306 2313/2846/306 2312/2847/305 

vt -1.23467 0.03
vt -1.29582 0.03
vn -4.49233e-11 2.26197e-33 1
v 171.523 0 -1.37533e-10
vt -1.29582 -3.90587e-33
vt -1.23467 -3.90587e-33
f 2269/2848/306 2268/2849/307 2314/2850/307 2313/2851/306 

vt -1.42952 0.03
vn -4.49017e-11 2.26197e-33 1
v 164.834 0 -4.37751e-10
vt -1.42952 -3.90587e-33
f 2268/2849/307 2267/2852/308 2315/2853/308 2314/2850/307 

vt -1.61089 0.03
v 155.761 0 -8.45262e-10
vt -1.61089 -3.90587e-33
f 2267/2852/308 2266/2854/285 2316/2855/285 2315/2853/308 

vt -1.81506 0.03
vn -4.49067e-11 2.26197e-33 1
v 145.548 0 -1.30385e-09
vt -1.81506 -3.90587e-33
f 2266/2854/285 2265/2856/309 2317/2857/309 2316/2855/285 

vt -2.01716 0.03
vn -4.49134e-11 2.26197e-33 1
v 135.438 0 -1.75791e-09
vt -2.01716 -3.90587e-33
f 2265/2856/309 2264/2858/310 2318/2859/310 2317/2857/309 

vt -2.19231 0.03
vn -4.49075e-11 2.26197e-33 1
v 126.676 0 -2.15144e-09
vt -2.19231 -3.90587e-33
f 2264/2858/310 2263/2860/311 2319/2861/311 2318/2859/310 

vt -2.31564 0.03
vn -4.49421e-11 2.26197e-33 1
v 120.506 0 -2.42849e-09
vt -2.31564 -3.90587e-33
f 2263/2860/311 2262/2862/312 2320/2863/312 2319/2861/311 

vt -2.36228 0.03
vn -1.88395e-14 2.26197e-33 1
v 118.173 0 -2.53343e-09
vt -2.36228 -3.90587e-33
f 2262/2862/312 2261/2864/313 2321/2865/313 2320/2863/312 

v 115.84 3 -2.42858e-09
vt -2.40892 0.03
vn 4.49164e-11 2.26197e-33 1
v 115.84 0 -2.42858e-09
vt -2.40892 -3.90587e-33
f 2261/2864/313 2322/2866/314 2323/2867/314 2321/2865/313 

vt 2.40892 1.72675
f 2261/2749/283 2257/2751/283 2322/2868/283

v 109.67 3 -2.15164e-09
vt 2.53225 1.72675
f 2322/2868/283 2257/2751/283 2324/2869/283

v 100.908 3 -1.758e-09
vt 2.7074 1.72675
f 2324/2869/283 2257/2751/283 2325/2870/283

v 90.7983 3 -1.30407e-09
vt 2.9095 1.72675
f 2325/2870/283 2257/2751/283 2326/2871/283

v 80.5847 3 -8.4529e-10
vt 3.11367 1.72675
f 2326/2871/283 2257/2751/283 2327/2872/283

v 60.3326 3 -18.7548
vt 3.51851 1.53921
f 2327/2872/283 2257/2751/283 2328/2873/283

v 59.7266 3 -18.9444
vt 3.53062 1.53731
f 2328/2873/283 2257/2751/283 2329/2874/283

v 55.3428 3 -18.9444
vt 3.61826 1.53731
f 2329/2874/283 2257/2751/283 2330/2875/283

v 47.7614 3 -18.9444
vt 3.76981 1.53731
f 2330/2875/283 2257/2751/283 2331/2876/283

v 38.2201 3 -18.9444
vt 3.96054 1.53731
f 2331/2876/283 2257/2751/283 2332/2877/283

v 27.9568 3 -18.9444
vt 4.1657 1.53731
f 2332/2877/283 2257/2751/283 2333/2878/283

v 25.8359 3 -172.675
vt 4.2081 4.14503e-11
f 2257/2751/283 2334/2879/283 2333/2878/283

v 37.0468 3 -140.076
vt 3.98399 0.325992
f 2335/2880/283 2334/2879/283 2257/2751/283

v 44.1849 3 -172.675
vt 3.8413 3.32142e-11
f 2335/2880/283 2336/2881/283 2334/2879/283

v 64.507 3 -172.675
vt 3.43506 2.40911e-11
f 2335/2880/283 2337/2882/283 2336/2881/283

v 84.4345 3 -172.675
vt 3.03671 1.51457e-11
f 2335/2880/283 2338/2883/283 2337/2882/283

v 101.6 3 -172.675
vt 2.69358 7.43839e-12
f 2335/2880/283 2339/2884/283 2338/2883/283

v 113.635 3 -172.675
vt 2.45299 2.03669e-12
f 2335/2880/283 2340/2885/283 2339/2884/283

v 118.173 3 -140.076
vt 2.36228 0.325992
f 2341/2886/283 2340/2885/283 2335/2880/283

v 118.173 3 -172.675
vt 2.36228 6.78591e-35
f 2341/2886/283 2342/2887/283 2340/2885/283

v 122.711 3 -172.675
vt 2.27157 2.0385e-12
f 2341/2886/283 2343/2888/283 2342/2887/283

v 134.746 3 -172.675
vt 2.03098 7.4411e-12
f 2341/2886/283 2344/2889/283 2343/2888/283

v 151.912 3 -172.675
vt 1.68784 1.51457e-11
f 2341/2886/283 2345/2890/283 2344/2889/283

v 171.839 3 -172.675
vt 1.28949 2.40947e-11
f 2341/2886/283 2346/2891/283 2345/2890/283

v 192.161 3 -172.675
vt 0.883257 3.32151e-11
f 2341/2886/283 2347/2892/283 2346/2891/283

v 199.299 3 -140.076
vt 0.740566 0.325992
f 2348/2893/283 2347/2892/283 2341/2886/283

v 210.51 3 -172.675
vt 0.516459 4.1454e-11
f 2348/2893/283 2349/2894/283 2347/2892/283

f 2291/2781/283 2349/2894/283 2348/2893/283

v 218.137 3 -18.9444
vt 0.364002 1.53731
f 2350/2895/283 2349/2894/283 2291/2781/283

v 224.519 3 -172.675
vt 0.236431 4.77409e-11
f 2350/2895/283 2351/2896/283 2349/2894/283

v 226.131 3 -18.9444
vt 0.204201 1.53731
f 2352/2897/283 2351/2896/283 2350/2895/283

v 231.134 3 -18.9444
vt 0.104196 1.53731
f 2353/2898/283 2351/2896/283 2352/2897/283

v 231.819 3 -172.675
vt 0.0905004 5.10193e-11
f 2353/2898/283 2354/2899/283 2351/2896/283

v 232.474 3 -18.9539
vt 0.0774004 1.53722
f 2355/2900/283 2354/2899/283 2353/2898/283

v 232.89 3 -172.639
vt 0.069085 0.000360941
f 2355/2900/283 2356/2901/283 2354/2899/283

v 233.278 3 -19.0915
vt 0.0613407 1.53584
f 2357/2902/283 2356/2901/283 2355/2900/283

v 233.647 3 -172.457
vt 0.0539522 0.0021852
f 2357/2902/283 2358/2903/283 2356/2901/283

v 234.021 3 -19.3801
vt 0.0464796 1.53295
f 2359/2904/283 2358/2903/283 2357/2902/283

v 234.334 3 -172.134
vt 0.0402188 0.00541314
f 2359/2904/283 2360/2905/283 2358/2903/283

v 234.689 3 -19.8036
vt 0.0331307 1.52872
f 2361/2906/283 2360/2905/283 2359/2904/283

v 234.94 3 -171.686
vt 0.0281162 0.00989209
f 2361/2906/283 2362/2907/283 2360/2905/283

v 235.265 3 -20.3458
vt 0.0216077 1.5233
f 2363/2908/283 2362/2907/283 2361/2906/283

v 235.452 3 -171.129
vt 0.0178759 0.0154694
f 2363/2908/283 2364/2909/283 2362/2907/283

v 235.735 3 -20.9903
vt 0.0122242 1.51685
f 2365/2910/283 2364/2909/283 2363/2908/283

v 235.859 3 -170.476
vt 0.00972928 0.0219923
f 2365/2910/283 2366/2911/283 2364/2909/283

v 236.081 3 -21.7212
vt 0.00529377 1.50954
f 2367/2912/283 2366/2911/283 2365/2910/283

v 236.151 3 -169.745
vt 0.00390762 0.0293081
f 2367/2912/283 2368/2913/283 2366/2911/283

v 236.29 3 -22.522
vt 0.00113005 1.50153
f 2369/2914/283 2368/2913/283 2367/2912/283

v 236.314 3 -168.949
vt 0.000642359 0.0372643
f 2369/2914/283 2370/2915/283 2368/2913/283

v 236.346 3 -23.3207
vt 1.29937e-10 1.49355
f 2371/2916/283 2370/2915/283 2369/2914/283

v 236.346 3 -27.2553
vt 1.26401e-10 1.4542
f 2372/2917/283 2370/2915/283 2371/2916/283

v 236.346 3 -35.858
vt 1.18666e-10 1.36817
f 2373/2918/283 2370/2915/283 2372/2917/283

v 236.346 3 -47.5283
vt 1.08189e-10 1.25147
f 2374/2919/283 2370/2915/283 2373/2918/283

v 236.346 3 -60.6658
vt 9.63991e-11 1.1201
f 2375/2920/283 2370/2915/283 2374/2919/283

v 236.346 3 -73.6699
vt 8.47245e-11 0.990056
f 2376/2921/283 2370/2915/283 2375/2920/283

v 236.346 3 -84.9401
vt 7.45939e-11 0.877354
f 2377/2922/283 2370/2915/283 2376/2921/283

v 236.346 3 -92.8759
vt 6.7465e-11 0.797995
f 2378/2923/283 2370/2915/283 2377/2922/283

v 236.346 3 -95.8769
vt 6.47808e-11 0.767986
f 2379/2924/283 2370/2915/283 2378/2923/283

v 236.346 3 -98.7589
vt 6.21832e-11 0.739166
f 2380/2925/283 2370/2915/283 2379/2924/283

v 236.346 3 -106.402
vt 5.53285e-11 0.662731
f 2381/2926/283 2370/2915/283 2380/2925/283

v 236.346 3 -117.304
vt 4.55443e-11 0.553716
f 2382/2927/283 2370/2915/283 2381/2926/283

v 236.346 3 -129.959
vt 3.41871e-11 0.42716
f 2383/2928/283 2370/2915/283 2382/2927/283

v 236.346 3 -142.866
vt 2.2599e-11 0.298097
f 2384/2929/283 2370/2915/283 2383/2928/283

v 236.346 3 -154.519
vt 1.21365e-11 0.181564
f 2385/2930/283 2370/2915/283 2384/2929/283

v 236.346 3 -163.416
vt 4.15613e-12 0.0925989
f 2386/2931/283 2370/2915/283 2385/2930/283

v 236.346 3 -168.052
vt 2.40167e-32 0.0462365
f 2370/2915/283 2386/2931/283 2387/2932/283

vt -0.0924268 0.03
vn 0.99984 -4.00454e-31 -0.0178989
vt -0.185105 0.03
vn 1 -4.00478e-31 4.48584e-11
v 236.346 0 -163.416
vt -0.185105 8.30376e-43
v 236.346 0 -168.052
vt -0.0924268 8.30376e-43
f 2387/2933/315 2386/2934/316 2388/2935/316 2389/2936/315 

vt -0.362947 0.03
vn 1 -4.00478e-31 4.48927e-11
v 236.346 0 -154.519
vt -0.362947 8.31433e-43
vt -0.185105 8.31433e-43
f 2386/2934/316 2385/2937/317 2390/2938/317 2388/2939/316 

vt -0.595896 0.03
vn 1 -4.00478e-31 4.4914e-11
v 236.346 0 -142.866
vt -0.595896 8.34351e-43
vt -0.362947 8.34351e-43
f 2385/2937/317 2384/2940/318 2391/2941/318 2390/2942/317 

vt -0.853892 0.03
vn 1 -4.00478e-31 4.49036e-11
v 236.346 0 -129.959
vt -0.853892 8.34638e-43
vt -0.595896 8.34638e-43
f 2384/2940/318 2383/2943/319 2392/2944/319 2391/2945/318 

vt -1.10688 0.03
vn 1 -4.00478e-31 4.48949e-11
v 236.346 0 -117.304
vt -1.10688 8.30659e-43
vt -0.853892 8.30659e-43
f 2383/2943/319 2382/2946/320 2393/2947/320 2392/2948/319 

vt -1.3248 0.03
vn 1 -4.00478e-31 4.48799e-11
v 236.346 0 -106.402
vt -1.3248 8.31968e-43
vt -1.10688 8.31968e-43
f 2382/2946/320 2381/2949/321 2394/2950/321 2393/2951/320 

vt -1.47759 0.03
vn 1 -4.00478e-31 4.4975e-11
v 236.346 0 -98.7589
vt -1.47759 8.2246e-43
vt -1.3248 8.2246e-43
f 2381/2949/321 2380/2952/322 2395/2953/322 2394/2954/321 

vt -1.5352 0.03
vn 1 -4.00478e-31 4.49159e-11
v 236.346 0 -95.8769
vt -1.5352 8.89316e-43
vt -1.47759 8.89316e-43
f 2380/2952/322 2379/2955/323 2396/2956/323 2395/2957/322 

vt -1.59519 0.03
vn 1 -4.00478e-31 4.4841e-11
v 236.346 0 -92.8759
vt -1.59519 7.83528e-43
vt -1.5352 7.83528e-43
f 2379/2955/323 2378/2958/324 2397/2959/324 2396/2960/323 

vt -1.75383 0.03
vn 1 -4.00478e-31 4.4952e-11
v 236.346 0 -84.9401
vt -1.75383 8.45548e-43
vt -1.59519 8.45548e-43
f 2378/2958/324 2377/2961/325 2398/2962/325 2397/2963/324 

vt -1.97912 0.03
vn 1 -4.00478e-31 4.49382e-11
v 236.346 0 -73.6699
vt -1.97912 8.55382e-43
vt -1.75383 8.55382e-43
f 2377/2961/325 2376/2964/326 2399/2965/326 2398/2966/325 

vt -2.23907 0.03
vn 1 -4.00478e-31 4.49023e-11
v 236.346 0 -60.6658
vt -2.23907 8.33371e-43
vt -1.97912 8.33371e-43
f 2376/2964/326 2375/2967/327 2400/2968/327 2399/2969/326 

vt -2.50169 0.03
vn 1 -4.00478e-31 4.49015e-11
v 236.346 0 -47.5283
vt -2.50169 8.2604e-43
vt -2.23907 8.2604e-43
f 2375/2967/327 2374/2970/328 2401/2971/328 2400/2972/327 

vt -2.73498 0.03
vn 1 -4.00478e-31 4.49439e-11
v 236.346 0 -35.858
vt -2.73498 8.33436e-43
vt -2.50169 8.33436e-43
f 2374/2970/328 2373/2973/329 2402/2974/329 2401/2975/328 

vt -2.90695 0.03
vn 1 -4.00478e-31 4.49654e-11
v 236.346 0 -27.2553
vt -2.90695 8.71797e-43
vt -2.73498 8.71797e-43
f 2373/2973/329 2372/2976/330 2403/2977/330 2402/2978/329 

vt -2.9856 0.03
vn 0.999376 -4.00148e-31 0.0353222
v 236.346 0 -23.3207
vt -2.9856 8.56058e-43
vt -2.90695 8.56058e-43
f 2372/2976/330 2371/2979/331 2404/2980/331 2403/2981/330 

vt -2.97815 0.03
vt -2.99416 0.03
vn 0.986817 -3.94833e-31 0.161839
v 236.29 0 -22.522
vt -2.99416 4.21062e-32
vt -2.97815 4.21062e-32
f 2371/2982/331 2369/2983/332 2405/2984/332 2404/2985/331 

vt -2.90521 0.03
vt -2.92175 0.03
vn 0.939817 -3.75603e-31 0.341677
v 236.081 0 -21.7212
vt -2.92175 1.46062e-31
vt -2.90521 1.46062e-31
f 2369/2986/332 2367/2987/333 2406/2988/333 2405/2989/332 

vt -2.72862 0.03
vt -2.74479 0.03
vn 0.85966 -3.43119e-31 0.510867
v 235.735 0 -20.9903
vt -2.74479 2.32614e-31
vt -2.72862 2.32614e-31
f 2367/2990/333 2365/2991/334 2407/2992/334 2406/2993/333 

vt -2.4583 0.03
vt -2.47424 0.03
vn 0.749994 -2.9886e-31 0.661445
v 235.265 0 -20.3458
vt -2.47424 2.86293e-31
vt -2.4583 2.86293e-31
f 2365/2994/334 2363/2995/335 2408/2996/335 2407/2997/334 

vt -2.10192 0.03
vt -2.11774 0.03
vn 0.613082 -2.43739e-31 0.790019
v 234.689 0 -19.8036
vt -2.11774 3.00602e-31
vt -2.10192 3.00602e-31
f 2363/2998/335 2361/2999/336 2409/3000/336 2408/3001/335 

vt -1.6646 0.03
vt -1.68041 0.03
vn 0.450883 -1.7855e-31 0.892583
v 234.021 0 -19.3801
vt -1.68041 2.7254e-31
vt -1.6646 2.7254e-31
f 2361/3002/336 2359/3003/337 2410/3004/337 2409/3005/336 

vt -1.15242 0.03
vt -1.16836 0.03
vn 0.266705 -1.04629e-31 0.963778
v 233.278 0 -19.0915
vt -1.16836 2.02915e-31
vt -1.15242 2.02915e-31
f 2359/3006/337 2357/3007/338 2411/3008/338 2410/3009/337 

vt -0.578685 0.03
vt -0.594979 0.03
vn 0.0882292 -3.30807e-32 0.9961
v 232.474 0 -18.9539
vt -0.594979 9.86174e-32
vt -0.578685 9.86174e-32
f 2357/3010/338 2355/3011/339 2412/3012/339 2411/3013/338 

vt -0.0991581 0.03
vt -0.125955 0.03
vn 0.00354059 8.44027e-34 0.999994
v 231.134 0 -18.9444
vt -0.125955 8.82069e-34
vt -0.0991581 8.82069e-34
f 2355/3014/339 2353/3015/340 2413/3016/340 2412/3017/339 

vt -0.104196 0.03
vt -0.204201 0.03
vn -4.48854e-11 2.26197e-33 1
v 226.131 0 -18.9444
vt -0.204201 -3.47735e-33
vt -0.104196 -3.47735e-33
f 2353/3018/340 2352/3019/341 2414/3020/341 2413/3021/340 

vt -0.364002 0.03
vn -4.48959e-11 2.26197e-33 1
v 218.137 0 -18.9444
vt -0.364002 -3.47735e-33
f 2352/3019/341 2350/3022/342 2415/3023/342 2414/3020/341 

f 2350/3022/342 2291/2782/284 2293/2785/284 2415/3023/342 

v 210.51 0 -172.675
vt -0.516459 4.1454e-11
vn -4.00478e-31 -1 2.26197e-33
vt -0.364002 1.53731
vt -0.558856 1.53731
f 2416/3024/343 2415/3025/343 2293/3026/343

v 224.519 0 -172.675
vt -0.236431 4.77409e-11
f 2417/3027/343 2415/3025/343 2416/3024/343

vt -0.204201 1.53731
f 2417/3027/343 2414/3028/343 2415/3025/343

vt -0.104196 1.53731
f 2417/3027/343 2413/3029/343 2414/3028/343

v 231.819 0 -172.675
vt -0.0905004 5.10193e-11
f 2418/3030/343 2413/3029/343 2417/3027/343

vt -0.0774004 1.53722
f 2418/3030/343 2412/3031/343 2413/3029/343

v 232.89 0 -172.639
vt -0.069085 0.000360941
f 2419/3032/343 2412/3031/343 2418/3030/343

vt -0.0613407 1.53584
f 2419/3032/343 2411/3033/343 2412/3031/343

v 233.647 0 -172.457
vt -0.0539522 0.0021852
f 2420/3034/343 2411/3033/343 2419/3032/343

vt -0.0464796 1.53295
f 2420/3034/343 2410/3035/343 2411/3033/343

v 234.334 0 -172.134
vt -0.0402188 0.00541314
f 2421/3036/343 2410/3035/343 2420/3034/343

vt -0.0331307 1.52872
f 2421/3036/343 2409/3037/343 2410/3035/343

v 234.94 0 -171.686
vt -0.0281162 0.00989209
f 2422/3038/343 2409/3037/343 2421/3036/343

vt -0.0216077 1.5233
f 2422/3038/343 2408/3039/343 2409/3037/343

v 235.452 0 -171.129
vt -0.0178759 0.0154694
f 2423/3040/343 2408/3039/343 2422/3038/343

vt -0.0122242 1.51685
f 2423/3040/343 2407/3041/343 2408/3039/343

v 235.859 0 -170.476
vt -0.00972928 0.0219923
f 2424/3042/343 2407/3041/343 2423/3040/343

vt -0.00529377 1.50954
f 2424/3042/343 2406/3043/343 2407/3041/343

v 236.151 0 -169.745
vt -0.00390762 0.0293081
f 2425/3044/343 2406/3043/343 2424/3042/343

vt -0.00113005 1.50153
f 2425/3044/343 2405/3045/343 2406/3043/343

v 236.314 0 -168.949
vt -0.000642359 0.0372643
f 2426/3046/343 2405/3045/343 2425/3044/343

vt -1.29937e-10 1.49355
f 2426/3046/343 2404/3047/343 2405/3045/343

vt -1.26401e-10 1.4542
f 2426/3046/343 2403/3048/343 2404/3047/343

vt -1.18666e-10 1.36817
f 2426/3046/343 2402/3049/343 2403/3048/343

vt -1.08189e-10 1.25147
f 2426/3046/343 2401/3050/343 2402/3049/343

vt -9.63991e-11 1.1201
f 2426/3046/343 2400/3051/343 2401/3050/343

vt -8.47245e-11 0.990056
f 2426/3046/343 2399/3052/343 2400/3051/343

vt -7.45939e-11 0.877354
f 2426/3046/343 2398/3053/343 2399/3052/343

vt -6.7465e-11 0.797995
f 2426/3046/343 2397/3054/343 2398/3053/343

vt -6.47808e-11 0.767986
f 2426/3046/343 2396/3055/343 2397/3054/343

vt -6.21832e-11 0.739166
f 2426/3046/343 2395/3056/343 2396/3055/343

vt -5.53285e-11 0.662731
f 2426/3046/343 2394/3057/343 2395/3056/343

vt -4.55443e-11 0.553716
f 2426/3046/343 2393/3058/343 2394/3057/343

vt -3.41871e-11 0.42716
f 2426/3046/343 2392/3059/343 2393/3058/343

vt -2.2599e-11 0.298097
f 2426/3046/343 2391/3060/343 2392/3059/343

vt -1.21365e-11 0.181564
f 2426/3046/343 2390/3061/343 2391/3060/343

vt -4.15613e-12 0.0925989
f 2426/3046/343 2388/3062/343 2390/3061/343

vt 0 0.0462365
f 2388/3062/343 2426/3046/343 2389/3063/343

vt -0.0744206 0.03
vn 0.99291 -3.97908e-31 -0.118865
vt -0.0923676 0.03
vt -0.0923676 -6.62459e-34
vt -0.0744206 -6.62459e-34
f 2370/3064/344 2387/3065/315 2389/3066/315 2426/3067/344 

vt -0.0566041 0.03
vn 0.958052 -3.84327e-31 -0.286595
vt -0.0728401 0.03
vt -0.0728401 -3.06702e-33
vt -0.0566041 -3.06702e-33
f 2368/3068/345 2370/3069/344 2426/3070/344 2425/3071/345 

vt -0.0372468 0.03
vn 0.892182 -3.58321e-31 -0.451677
vt -0.0529874 0.03
vt -0.0529874 -4.71957e-33
vt -0.0372468 -4.71957e-33
f 2366/3072/346 2368/3073/345 2425/3074/345 2424/3075/346 

vt -0.0167537 0.03
vn 0.795666 -3.20017e-31 -0.605736
vt -0.0321287 0.03
vt -0.0321287 -5.37861e-33
vt -0.0167537 -5.37861e-33
f 2364/3076/347 2366/3077/346 2424/3078/346 2423/3079/347 

vt 0.004456 0.03
vn 0.668654 -2.69463e-31 -0.743574
vt -0.0106821 0.03
vt -0.0106821 -5.05499e-33
vt 0.004456 -5.05499e-33
f 2362/3080/348 2364/3081/347 2423/3082/347 2422/3083/348 

vt 0.0258971 0.03
vn 0.512496 -2.07186e-31 -0.858689
vt 0.0108427 0.03
vt 0.0108427 -3.91617e-33
vt 0.0258971 -3.91617e-33
f 2360/3084/349 2362/3085/348 2422/3086/348 2421/3087/349 

vt 0.0469732 0.03
vn 0.331464 -1.34878e-31 -0.943468
vt 0.0317994 0.03
vt 0.0317994 -2.319e-33
vt 0.0469732 -2.319e-33
f 2358/3088/350 2360/3089/349 2421/3090/349 2420/3091/350 

vt 0.0669935 0.03
vn 0.134664 -5.61712e-32 -0.990891
vt 0.0514274 0.03
vt 0.0514274 -8.11104e-34
vt 0.0669935 -8.11104e-34
f 2356/3092/351 2358/3093/350 2420/3094/350 2419/3095/351 

vt 0.0904491 0.03
vn 0.0168387 -9.00518e-33 -0.999858
vt 0.0690216 0.03
vt 0.0690216 -2.40039e-35
vt 0.0904491 -2.40039e-35
f 2354/3096/352 2356/3097/351 2419/3098/351 2418/3099/352 

vt 0.236431 0.03
vn 4.48935e-11 -2.26197e-33 -1
vt 0.0905004 0.03
vt 0.0905004 -1.20003e-43
vt 0.236431 -1.20003e-43
f 2351/3100/353 2354/3101/352 2418/3102/352 2417/3103/353 

vt 0.516459 0.03
vn 4.48896e-11 -2.26197e-33 -1
vt 0.236431 -1.19995e-43
vt 0.516459 -1.19995e-43
f 2349/3104/354 2351/3100/353 2417/3105/353 2416/3106/354 

vt 0.883257 0.03
vn 4.48895e-11 -2.26197e-33 -1
vt 0.516459 -1.20007e-43
v 192.161 0 -172.675
vt 0.883257 -1.20007e-43
f 2347/3107/355 2349/3104/354 2416/3108/354 2427/3109/355 

v 199.299 0 -140.076
vt -0.740566 0.325992
vt -0.883257 3.32151e-11
f 2416/3024/343 2428/3110/343 2427/3111/343

f 2416/3024/343 2293/3026/343 2428/3110/343

v 199.299 0 -54.404
vt -0.740566 1.18271
f 2428/3110/343 2293/3026/343 2429/3112/343

vt -0.764019 1.53731
f 2292/3113/343 2429/3112/343 2293/3026/343

vt -2.36228 1.18271
f 2429/3112/343 2292/3113/343 2259/3114/343

vt -0.95475 1.53731
f 2259/3114/343 2292/3113/343 2294/3115/343

vt -1.1063 1.53731
f 2259/3114/343 2294/3115/343 2295/3116/343

vt -1.19394 1.53731
f 2259/3114/343 2295/3116/343 2296/3117/343

vt -1.20605 1.53921
f 2259/3114/343 2296/3117/343 2297/3118/343

vt -1.20605 1.55293
f 2259/3114/343 2297/3118/343 2298/3119/343

vt -1.20605 1.57665
f 2259/3114/343 2298/3119/343 2299/3120/343

vt -1.20605 1.60651
f 2259/3114/343 2299/3120/343 2300/3121/343

vt -1.20605 1.63863
f 2259/3114/343 2300/3121/343 2301/3122/343

vt -1.20605 1.66913
f 2259/3114/343 2301/3122/343 2302/3123/343

vt -1.20605 1.69415
f 2259/3114/343 2302/3123/343 2303/3124/343

vt -1.20605 1.70981
f 2259/3114/343 2303/3124/343 2304/3125/343

vt -1.20611 1.71405
f 2259/3114/343 2304/3125/343 2305/3126/343

vt -1.20698 1.71668
f 2259/3114/343 2305/3126/343 2306/3127/343

vt -1.20882 1.71912
f 2259/3114/343 2306/3127/343 2307/3128/343

vt -1.21151 1.72131
f 2259/3114/343 2307/3128/343 2308/3129/343

vt -1.21495 1.72321
f 2259/3114/343 2308/3129/343 2309/3130/343

vt -1.21905 1.72475
f 2259/3114/343 2309/3130/343 2310/3131/343

vt -1.22369 1.72589
f 2259/3114/343 2310/3131/343 2311/3132/343

vt -1.22878 1.72657
f 2259/3114/343 2311/3132/343 2312/3133/343

vt -1.23467 1.72675
f 2259/3114/343 2312/3133/343 2313/3134/343

vt -1.29582 1.72675
f 2259/3114/343 2313/3134/343 2314/3135/343

vt -1.42952 1.72675
f 2259/3114/343 2314/3135/343 2315/3136/343

vt -1.61089 1.72675
f 2259/3114/343 2315/3136/343 2316/3137/343

vt -1.81506 1.72675
f 2259/3114/343 2316/3137/343 2317/3138/343

vt -2.01716 1.72675
f 2259/3114/343 2317/3138/343 2318/3139/343

vt -2.19231 1.72675
f 2259/3114/343 2318/3139/343 2319/3140/343

vt -2.31564 1.72675
f 2259/3114/343 2319/3140/343 2320/3141/343

vt -2.36228 1.72675
f 2259/3114/343 2320/3141/343 2321/3142/343

vt -3.98399 1.18271
f 2259/3114/343 2321/3142/343 2260/3143/343

vt -2.40892 1.72675
f 2260/3143/343 2321/3142/343 2323/3144/343

v 109.67 0 -2.15164e-09
vt -2.53225 1.72675
f 2260/3143/343 2323/3144/343 2430/3145/343

vt -2.53225 0.03
vn 4.49063e-11 2.26197e-33 1
vt -2.53225 -3.90587e-33
f 2322/2866/314 2324/3146/356 2430/3147/356 2323/2867/314 

vt -2.7074 0.03
vn 4.49107e-11 2.26197e-33 1
v 100.908 0 -1.758e-09
vt -2.7074 -3.90587e-33
f 2324/3146/356 2325/3148/357 2431/3149/357 2430/3147/356 

vt -2.9095 0.03
vn 4.49076e-11 2.26197e-33 1
v 90.7983 0 -1.30407e-09
vt -2.9095 -3.90587e-33
f 2325/3148/357 2326/3150/358 2432/3151/358 2431/3149/357 

vt -3.11367 0.03
vn 4.4912e-11 2.26197e-33 1
v 80.5847 0 -8.4529e-10
vt -3.11367 -3.90587e-33
f 2326/3150/358 2327/3152/359 2433/3153/359 2432/3151/358 

v 71.5116 3 -4.37865e-10
vt -3.29504 0.03
vn 4.49113e-11 2.26197e-33 1
v 71.5116 0 -4.37865e-10
vt -3.29504 -3.90587e-33
f 2327/3152/359 2434/3154/360 2435/3155/360 2433/3153/359 

vt 3.29504 1.72675
f 2327/2872/283 2328/2873/283 2434/3156/283

v 64.8235 3 -1.37476e-10
vt 3.42874 1.72675
f 2434/3156/283 2328/2873/283 2436/3157/283

v 61.7646 3 -1.13687e-13
vt 3.48988 1.72675
f 2436/3157/283 2328/2873/283 2437/3158/283

v 61.4696 3 -0.0185558
vt 3.49578 1.72657
f 2437/3158/283 2328/2873/283 2438/3159/283

v 61.2151 3 -0.0869252
vt 3.50087 1.72589
f 2438/3159/283 2328/2873/283 2439/3160/283

v 60.9828 3 -0.200725
vt 3.50551 1.72475
f 2439/3160/283 2328/2873/283 2440/3161/283

v 60.778 3 -0.354805
vt 3.50961 1.72321
f 2440/3161/283 2328/2873/283 2441/3162/283

v 60.6057 3 -0.544016
vt 3.51305 1.72131
f 2441/3162/283 2328/2873/283 2442/3163/283

v 60.4711 3 -0.763208
vt 3.51574 1.71912
f 2442/3163/283 2328/2873/283 2443/3164/283

v 60.3794 3 -1.00723
vt 3.51757 1.71668
f 2443/3164/283 2328/2873/283 2444/3165/283

v 60.3357 3 -1.27094
vt 3.51845 1.71405
f 2444/3165/283 2328/2873/283 2445/3166/283

v 60.3326 3 -5.762
vt 3.51851 1.66913
f 2445/3166/283 2328/2873/283 2446/3167/283

v 60.3326 3 -8.81248
vt 3.51851 1.63863
f 2446/3167/283 2328/2873/283 2447/3168/283

v 60.3326 3 -12.0244
vt 3.51851 1.60651
f 2447/3168/283 2328/2873/283 2448/3169/283

v 60.3326 3 -15.0103
vt 3.51851 1.57665
f 2448/3169/283 2328/2873/283 2449/3170/283

v 60.3326 3 -17.3829
vt 3.51851 1.55293
f 2449/3170/283 2328/2873/283 2450/3171/283

vt 3.1043 0.03
vn -1 4.00478e-31 4.48804e-11
vt 3.07687 0.03
vn -1 4.00478e-31 4.47283e-11
v 60.3326 0 -18.7548
vt 3.07687 -7.04895e-31
v 60.3326 0 -17.3829
vt 3.1043 -7.04895e-31
f 2450/3172/361 2328/3173/362 2451/3174/362 2452/3175/361 

vt -2.43897 0.03
vn -0.298664 1.21767e-31 0.954358
vt -2.45166 0.03
vn -0.151066 6.27345e-32 0.988524
v 59.7266 0 -18.9444
vt -2.45166 -2.42882e-31
vt -2.43897 -2.42882e-31
f 2328/3176/363 2329/3177/364 2453/3178/364 2451/3179/363 

vt -3.53062 0.03
vt -3.61826 0.03
vn 4.48919e-11 2.26197e-33 1
v 55.3428 0 -18.9444
vt -3.61826 -3.47735e-33
vt -3.53062 -3.47735e-33
f 2329/3180/364 2330/3181/365 2454/3182/365 2453/3183/364 

vt -3.76981 0.03
vn 4.49074e-11 2.26197e-33 1
v 47.7614 0 -18.9444
vt -3.76981 -3.47735e-33
f 2330/3181/365 2331/3184/366 2455/3185/366 2454/3182/365 

vt -3.96054 0.03
vn 4.49045e-11 2.26197e-33 1
v 38.2201 0 -18.9444
vt -3.96054 -3.47735e-33
f 2331/3184/366 2332/3186/367 2456/3187/367 2455/3185/366 

vt -4.1657 0.03
vn 4.49061e-11 2.26197e-33 1
v 27.9568 0 -18.9444
vt -4.1657 -3.47735e-33
f 2332/3186/367 2333/3188/368 2457/3189/368 2456/3187/367 

v 18.2092 3 -18.9444
vt -4.36056 0.03
vn 4.49015e-11 2.26197e-33 1
v 18.2092 0 -18.9444
vt -4.36056 -3.47735e-33
f 2333/3188/368 2458/3190/369 2459/3191/369 2457/3189/368 

vt 4.36056 1.53731
f 2333/2878/283 2334/2879/283 2458/3192/283

v 11.8274 3 -172.675
vt 4.48813 4.774e-11
f 2458/3192/283 2334/2879/283 2460/3193/283

vt 4.48813 0.03
vn -4.49042e-11 -2.26197e-33 -1
vt 4.2081 0.03
vn -4.48929e-11 -2.26197e-33 -1
v 25.8359 0 -172.675
vt 4.2081 1.20036e-43
v 11.8274 0 -172.675
vt 4.48813 1.20036e-43
f 2460/3194/370 2334/3195/371 2461/3196/371 2462/3197/370 

vt 3.8413 0.03
vn -4.48898e-11 -2.26197e-33 -1
v 44.1849 0 -172.675
vt 3.8413 1.19972e-43
vt 4.2081 1.19972e-43
f 2334/3195/371 2336/3198/372 2463/3199/372 2461/3200/371 

vt 3.43506 0.03
vn -4.48918e-11 -2.26197e-33 -1
v 64.507 0 -172.675
vt 3.43506 1.20003e-43
vt 3.8413 1.20003e-43
f 2336/3198/372 2337/3201/373 2464/3202/373 2463/3203/372 

vt 3.03671 0.03
vn -4.48957e-11 -2.26197e-33 -1
v 84.4345 0 -172.675
vt 3.03671 1.19991e-43
vt 3.43506 1.19991e-43
f 2337/3201/373 2338/3204/374 2465/3205/374 2464/3206/373 

vt 2.69358 0.03
vn -4.48917e-11 -2.26197e-33 -1
v 101.6 0 -172.675
vt 2.69358 1.20028e-43
vt 3.03671 1.20028e-43
f 2338/3204/374 2339/3207/375 2466/3208/375 2465/3209/374 

vt 2.45299 0.03
vn -4.48821e-11 -2.26197e-33 -1
v 113.635 0 -172.675
vt 2.45299 1.19971e-43
vt 2.69358 1.19971e-43
f 2339/3207/375 2340/3210/376 2467/3211/376 2466/3212/375 

vn 1.93859e-14 -2.26197e-33 -1
v 118.173 0 -172.675
vt 2.36228 1.1997e-43
vt 2.45299 1.1997e-43
f 2340/3210/376 2342/2746/377 2468/3213/377 2467/3214/376 

vt 2.27157 0.03
vn 4.49047e-11 -2.26197e-33 -1
v 122.711 0 -172.675
vt 2.27157 -1.20076e-43
vt 2.36228 -1.20076e-43
f 2342/2746/377 2343/3215/378 2469/3216/378 2468/3217/377 

vt 2.03098 0.03
vn 4.48866e-11 -2.26197e-33 -1
v 134.746 0 -172.675
vt 2.03098 -1.19994e-43
vt 2.27157 -1.19994e-43
f 2343/3215/378 2344/3218/379 2470/3219/379 2469/3220/378 

vt 1.68784 0.03
vn 4.48959e-11 -2.26197e-33 -1
v 151.912 0 -172.675
vt 1.68784 -1.19984e-43
vt 2.03098 -1.19984e-43
f 2344/3218/379 2345/3221/380 2471/3222/380 2470/3223/379 

vt 1.28949 0.03
vn 4.48932e-11 -2.26197e-33 -1
v 171.839 0 -172.675
vt 1.28949 -1.20028e-43
vt 1.68784 -1.20028e-43
f 2345/3221/380 2346/3224/381 2472/3225/381 2471/3226/380 

vt 0.883257 -1.19986e-43
vt 1.28949 -1.19986e-43
f 2346/3224/381 2347/3107/355 2427/3227/355 2472/3228/381 

v 118.173 0 -140.076
vt -2.36228 0.325992
vt -1.28949 2.40947e-11
f 2427/3111/343 2473/3229/343 2472/3230/343

f 2427/3111/343 2428/3110/343 2473/3229/343

vt -0.740566 0.03
vn -4.48719e-11 2.26197e-33 1
vn 4.99597e-16 2.26197e-33 1
vt -2.36228 -7.37384e-34
vt -0.740566 -7.37384e-34
f 2348/3231/382 2341/2864/383 2473/3232/383 2428/3233/382 

vt -3.98399 0.03
vn 4.48729e-11 2.26197e-33 1
v 37.0468 0 -140.076
vt -3.98399 -7.37384e-34
f 2341/2864/383 2335/3234/384 2474/3235/384 2473/3232/383 

vt -0.651658 0.03
vn 1 -4.00478e-31 -3.75502e-11
v 37.0468 3 -103.913
vt -1.37456 0.03
vn 1 -4.00478e-31 3.1945e-07
v 37.0468 0 -103.913
vt -1.37456 -7.9815e-31
vt -0.651658 -7.9815e-31
f 2335/3236/385 2475/3237/386 2476/3238/386 2474/3239/385 

vt 3.98399 0.687623
f 2257/2751/283 2475/3240/283 2335/2880/283

vt -2.36425 0.03
vn 1 -4.00478e-31 6.38938e-07
vt -2.36425 -7.9815e-31
f 2475/3237/386 2257/3241/387 2260/3242/387 2476/3238/386 

vt -3.98399 0.325992
vt -3.98399 0.687623
f 2260/3143/343 2474/3243/343 2476/3244/343

vt -4.2081 4.14503e-11
f 2461/3245/343 2474/3243/343 2260/3143/343

vt -3.8413 3.32142e-11
f 2463/3246/343 2474/3243/343 2461/3245/343

vt -3.43506 2.40911e-11
f 2464/3247/343 2474/3243/343 2463/3246/343

vt -3.03671 1.51457e-11
f 2465/3248/343 2474/3243/343 2464/3247/343

vt -2.69358 7.43839e-12
f 2466/3249/343 2474/3243/343 2465/3248/343

vt -2.45299 2.03669e-12
f 2467/3250/343 2474/3243/343 2466/3249/343

f 2467/3250/343 2473/3229/343 2474/3243/343

vt -2.36228 -1.07049e-63
f 2468/3251/343 2473/3229/343 2467/3250/343

vt -2.27157 2.0385e-12
f 2469/3252/343 2473/3229/343 2468/3251/343

vt -2.03098 7.4411e-12
f 2470/3253/343 2473/3229/343 2469/3252/343

vt -1.68784 1.51457e-11
f 2471/3254/343 2473/3229/343 2470/3253/343

f 2472/3230/343 2473/3229/343 2471/3254/343

vt -4.1657 1.53731
f 2461/3245/343 2260/3143/343 2457/3255/343

vt -3.96054 1.53731
f 2260/3143/343 2456/3256/343 2457/3255/343

vt -3.76981 1.53731
f 2260/3143/343 2455/3257/343 2456/3256/343

vt -3.61826 1.53731
f 2260/3143/343 2454/3258/343 2455/3257/343

vt -3.53062 1.53731
f 2260/3143/343 2453/3259/343 2454/3258/343

vt -3.51851 1.53921
f 2260/3143/343 2451/3260/343 2453/3259/343

vt -3.11367 1.72675
f 2260/3143/343 2433/3261/343 2451/3260/343

vt -2.9095 1.72675
f 2260/3143/343 2432/3262/343 2433/3261/343

vt -2.7074 1.72675
f 2260/3143/343 2431/3263/343 2432/3262/343

f 2260/3143/343 2430/3145/343 2431/3263/343

vt -3.29504 1.72675
f 2451/3260/343 2433/3261/343 2435/3264/343

v 64.8235 0 -1.37476e-10
vt -3.42874 1.72675
f 2451/3260/343 2435/3264/343 2477/3265/343

vt -3.42874 0.03
vn 4.49083e-11 2.26197e-33 1
vt -3.42874 -3.90587e-33
f 2434/3154/360 2436/3266/388 2477/3267/388 2435/3155/360 

vt -3.48988 0.03
vn -0.0314055 1.48381e-32 0.999507
v 61.7646 0 -1.13687e-13
vt -3.48988 -3.90587e-33
f 2436/3266/388 2437/3268/389 2478/3269/389 2477/3267/388 

vt -3.2663 0.03
vt -3.27221 0.03
vn -0.161914 6.70749e-32 0.986805
v 61.4696 0 -0.0185558
vt -3.27221 -5.0222e-32
vt -3.2663 -5.0222e-32
f 2437/3270/389 2438/3271/390 2479/3272/390 2478/3273/389 

vt -2.48067 0.03
vt -2.48594 0.03
vn -0.351357 1.42828e-31 0.936242
v 61.2151 0 -0.0869252
vt -2.48594 -2.25017e-31
vt -2.48067 -2.25017e-31
f 2438/3274/390 2439/3275/391 2480/3276/391 2479/3277/390 

vt -1.62573 0.03
vt -1.6309 0.03
vn -0.522899 2.11338e-31 0.852395
v 60.9828 0 -0.200725
vt -1.6309 -4.13599e-31
vt -1.62573 -4.13599e-31
f 2439/3278/391 2440/3279/392 2481/3280/392 2480/3281/391 

vt -0.728978 0.03
vt -0.734102 0.03
vn -0.673204 2.71276e-31 0.739457
v 60.778 0 -0.354805
vt -0.734102 -5.89976e-31
vt -0.728978 -5.89976e-31
f 2440/3282/392 2441/3283/393 2482/3284/393 2481/3285/392 

vt 0.184079 0.03
vt 0.178964 0.03
vn -0.799319 3.21469e-31 0.600907
v 60.6057 0 -0.544016
vt 0.178964 -7.31685e-31
vt 0.184079 -7.31685e-31
f 2441/3286/393 2442/3287/394 2483/3288/394 2482/3289/393 

vt 1.09412 0.03
vt 1.08898 0.03
vn -0.898216 3.6071e-31 0.439555
v 60.4711 0 -0.763208
vt 1.08898 -8.21332e-31
vt 1.09412 -8.21332e-31
f 2442/3290/394 2443/3291/395 2484/3292/395 2483/3293/394 

vt 1.97972 0.03
vt 1.97451 0.03
vn -0.965891 3.87404e-31 0.258948
v 60.3794 0 -1.00723
vt 1.97451 -8.45686e-31
vt 1.97972 -8.45686e-31
f 2443/3294/395 2444/3295/396 2485/3296/396 2484/3297/395 

vt 2.81006 0.03
vt 2.80472 0.03
vn -0.996329 3.99201e-31 0.0856087
v 60.3357 0 -1.27094
vt 2.80472 -7.97539e-31
vt 2.81006 -7.97539e-31
f 2444/3298/396 2445/3299/397 2486/3300/397 2485/3301/396 

vt 3.40124 0.03
v 60.3326 3 -1.69469
vt 3.39277 0.03
vn -0.999994 4.00484e-31 0.00355933
v 60.3326 0 -1.69469
vt 3.39277 -7.09762e-31
vt 3.40124 -7.09762e-31
f 2445/3302/397 2487/3303/398 2488/3304/398 2486/3305/397 

vt 3.51851 1.70981
f 2445/3166/283 2446/3167/283 2487/3306/283

v 60.3326 3 -3.26028
vt 3.51851 1.69415
f 2487/3306/283 2446/3167/283 2489/3307/283

vt 3.38661 0.03
vn -1 4.00478e-31 4.49589e-11
vt 3.3366 0.03
vn -1 4.00478e-31 4.48466e-11
v 60.3326 0 -5.762
vt 3.3366 -7.04895e-31
v 60.3326 0 -3.26028
vt 3.38661 -7.04895e-31
f 2489/3308/399 2446/3309/400 2490/3310/400 2491/3311/399 

vt 3.27562 0.03
vn -1 4.00478e-31 4.4959e-11
v 60.3326 0 -8.81248
vt 3.27562 -7.04895e-31
f 2446/3309/400 2447/3312/401 2492/3313/401 2490/3310/400 

vt 3.21142 0.03
vn -1 4.00478e-31 4.49616e-11
v 60.3326 0 -12.0244
vt 3.21142 -7.04895e-31
f 2447/3312/401 2448/3314/402 2493/3315/402 2492/3313/401 

vt 3.15173 0.03
vn -1 4.00478e-31 4.50013e-11
v 60.3326 0 -15.0103
vt 3.15173 -7.04895e-31
f 2448/3314/402 2449/3316/403 2494/3317/403 2493/3315/402 

f 2449/3316/403 2450/3172/361 2452/3175/361 2494/3317/403 

vt -3.51851 1.57665
vt -3.51851 1.55293
f 2451/3260/343 2494/3318/343 2452/3319/343

vt -3.51851 1.60651
f 2451/3260/343 2493/3320/343 2494/3318/343

vt -3.51851 1.63863
f 2451/3260/343 2492/3321/343 2493/3320/343

vt -3.51851 1.66913
f 2451/3260/343 2490/3322/343 2492/3321/343

vt -3.51845 1.71405
f 2451/3260/343 2486/3323/343 2490/3322/343

vt -3.51757 1.71668
f 2451/3260/343 2485/3324/343 2486/3323/343

vt -3.51574 1.71912
f 2451/3260/343 2484/3325/343 2485/3324/343

vt -3.51305 1.72131
f 2451/3260/343 2483/3326/343 2484/3325/343

vt -3.50961 1.72321
f 2451/3260/343 2482/3327/343 2483/3326/343

vt -3.50551 1.72475
f 2451/3260/343 2481/3328/343 2482/3327/343

vt -3.50087 1.72589
f 2451/3260/343 2480/3329/343 2481/3328/343

vt -3.49578 1.72657
f 2451/3260/343 2479/3330/343 2480/3329/343

vt -3.48988 1.72675
f 2451/3260/343 2478/3331/343 2479/3330/343

f 2451/3260/343 2477/3265/343 2478/3331/343

vt -3.51851 1.70981
f 2490/3322/343 2486/3323/343 2488/3332/343

vt -3.51851 1.69415
f 2490/3322/343 2488/3332/343 2491/3333/343

vt 3.41791 0.03
vt 3.41791 -7.04895e-31
f 2487/3334/398 2489/3308/399 2491/3311/399 2488/3335/398 

vt -4.36056 1.53731
f 2461/3245/343 2457/3255/343 2459/3336/343

vt -4.48813 4.774e-11
f 2461/3245/343 2459/3336/343 2462/3337/343

v 10.2151 0 -18.9444
vt -4.52036 1.53731
f 2462/3337/343 2459/3336/343 2495/3338/343

v 10.2151 3 -18.9444
vt -4.52036 0.03
vn 4.48864e-11 2.26197e-33 1
vt -4.52036 -3.47735e-33
f 2458/3190/369 2496/3339/404 2495/3340/404 2459/3191/369 

vt 4.52036 1.53731
f 2458/3192/283 2460/3193/283 2496/3341/283

v 4.52728 3 -172.675
vt 4.63406 5.10184e-11
f 2496/3341/283 2460/3193/283 2497/3342/283

vt 4.63406 0.03
vn -0.0168387 4.48189e-33 -0.999858
vt 4.48813 1.20082e-43
v 4.52728 0 -172.675
vt 4.63406 1.20082e-43
f 2497/3343/405 2460/3194/370 2462/3344/370 2498/3345/405 

vt -4.63406 5.10184e-11
f 2462/3337/343 2495/3338/343 2498/3346/343

v 5.21242 0 -18.9444
vt -4.62036 1.53731
f 2498/3346/343 2495/3338/343 2499/3347/343

v 5.21242 3 -18.9444
vt -4.62036 0.03
vn -0.00354059 3.67988e-33 0.999994
vt -4.62036 -3.47735e-33
f 2496/3339/404 2500/3348/406 2499/3349/406 2495/3340/404 

vt 4.62036 1.53731
f 2496/3341/283 2497/3342/283 2500/3350/283

v 3.87196 3 -18.9539
vt 4.64716 1.53722
f 2500/3350/283 2497/3342/283 2501/3351/283

v 3.45598 3 -172.639
vt 4.65547 0.000360941
f 2501/3351/283 2497/3342/283 2502/3352/283

vt 4.65286 0.03
vn -0.134664 5.16885e-32 -0.990891
vt 4.63143 0.03
vt 4.63143 -8.76177e-34
v 3.45598 0 -172.639
vt 4.65286 -8.76177e-34
f 2502/3353/407 2497/3354/405 2498/3355/405 2503/3356/407 

v 3.87196 0 -18.9539
vt -4.64716 1.53722
vt -4.65547 0.000360941
f 2498/3346/343 2504/3357/343 2503/3358/343

f 2498/3346/343 2499/3347/343 2504/3357/343

vt -4.59849 0.03
vt -4.62528 0.03
vn -0.0882292 3.7587e-32 0.9961
vt -4.62528 -7.92006e-33
vt -4.59849 -7.92006e-33
f 2500/3359/406 2501/3360/408 2504/3361/408 2499/3362/406 

vt -4.06179 0.03
v 3.06857 3 -19.0915
vt -4.07808 0.03
vn -0.266705 1.0899e-31 0.963778
v 3.06857 0 -19.0915
vt -4.07808 -1.33202e-31
vt -4.06179 -1.33202e-31
f 2501/3363/408 2505/3364/409 2506/3365/409 2504/3366/408 

vt 4.66322 1.53584
f 2501/3351/283 2502/3352/283 2505/3367/283

v 2.69896 3 -172.457
vt 4.67061 0.0021852
f 2505/3367/283 2502/3352/283 2507/3368/283

vt 4.54165 0.03
vn -0.331464 1.3061e-31 -0.943468
vt 4.52609 0.03
vt 4.52609 -4.99561e-32
v 2.69896 0 -172.457
vt 4.54165 -4.99561e-32
f 2507/3369/410 2502/3370/407 2503/3371/407 2508/3372/410 

vt -4.66322 1.53584
vt -4.67061 0.0021852
f 2503/3358/343 2506/3373/343 2508/3374/343

f 2503/3358/343 2504/3357/343 2506/3373/343

v 2.32514 0 -19.3801
vt -4.67808 1.53295
f 2508/3374/343 2506/3373/343 2509/3375/343

vt -3.2359 0.03
v 2.32514 3 -19.3801
vt -3.25184 0.03
vn -0.450883 1.82588e-31 0.892583
vt -3.25184 -3.34698e-31
vt -3.2359 -3.34698e-31
f 2505/3376/409 2510/3377/411 2509/3378/411 2506/3379/409 

vt 4.67808 1.53295
f 2505/3367/283 2507/3368/283 2510/3380/283

v 2.01194 3 -172.134
vt 4.68434 0.00541314
f 2510/3380/283 2507/3368/283 2511/3381/283

vt 4.24428 0.03
vn -0.512496 2.03301e-31 -0.858689
vt 4.22911 0.03
vt 4.22911 -1.66845e-31
v 2.01194 0 -172.134
vt 4.24428 -1.66845e-31
f 2511/3382/412 2507/3383/410 2508/3384/410 2512/3385/412 

vt -4.68434 0.00541314
f 2508/3374/343 2509/3375/343 2512/3386/343

v 1.65736 0 -19.8036
vt -4.69143 1.52872
f 2512/3386/343 2509/3375/343 2513/3387/343

vt -2.30947 0.03
v 1.65736 3 -19.8036
vt -2.32528 0.03
vn -0.613082 2.47313e-31 0.790019
vt -2.32528 -5.5134e-31
vt -2.30947 -5.5134e-31
f 2510/3388/411 2514/3389/413 2513/3390/413 2509/3391/411 

vt 4.69143 1.52872
f 2510/3380/283 2511/3381/283 2514/3392/283

v 1.40652 3 -171.686
vt 4.69644 0.00989209
f 2514/3392/283 2511/3381/283 2515/3393/283

vt 3.78732 0.03
vn -0.668654 2.66099e-31 -0.743574
vt 3.77227 0.03
vt 3.77227 -3.28381e-31
v 1.40652 0 -171.686
vt 3.78732 -3.28381e-31
f 2515/3394/414 2511/3395/412 2512/3396/412 2516/3397/414 

vt -4.69644 0.00989209
f 2512/3386/343 2513/3387/343 2516/3398/343

v 1.08093 0 -20.3458
vt -4.70295 1.5233
f 2516/3398/343 2513/3387/343 2517/3399/343

vt -1.32386 0.03
v 1.08093 3 -20.3458
vt -1.33968 0.03
vn -0.749994 3.01852e-31 0.661445
vt -1.33968 -7.51161e-31
vt -1.32386 -7.51161e-31
f 2514/3400/413 2518/3401/415 2517/3402/415 2513/3403/413 

vt 4.70295 1.5233
f 2514/3392/283 2515/3393/283 2518/3404/283

v 0.894244 3 -171.129
vt 4.70668 0.0154694
f 2518/3404/283 2515/3393/283 2519/3405/283

vt 3.20664 0.03
vn -0.795666 3.17277e-31 -0.605736
vt 3.1915 0.03
vt 3.1915 -5.05729e-31
v 0.894244 0 -171.129
vt 3.20664 -5.05729e-31
f 2519/3406/416 2515/3407/414 2516/3408/414 2520/3409/416 

vt -4.70668 0.0154694
f 2516/3398/343 2517/3399/343 2520/3410/343

v 0.611516 0 -20.9903
vt -4.71233 1.51685
f 2520/3410/343 2517/3399/343 2521/3411/343

vt -0.30704 0.03
v 0.611516 3 -20.9903
vt -0.322979 0.03
vn -0.85966 3.45431e-31 0.510867
vt -0.322979 -9.09701e-31
vt -0.30704 -9.09701e-31
f 2518/3412/415 2522/3413/417 2521/3414/417 2517/3415/415 

vt 4.71233 1.51685
f 2518/3404/283 2519/3405/283 2522/3416/283

v 0.486707 3 -170.476
vt 4.71483 0.0219923
f 2522/3416/283 2519/3405/283 2523/3417/283

vt 2.5355 0.03
vn -0.892182 3.56277e-31 -0.451677
vt 2.52013 0.03
vt 2.52013 -6.73032e-31
v 0.486707 0 -170.476
vt 2.5355 -6.73032e-31
f 2523/3418/418 2519/3419/416 2520/3420/416 2524/3421/418 

vt -4.71483 0.0219923
f 2520/3410/343 2521/3411/343 2524/3422/343

v 0.264821 0 -21.7212
vt -4.71926 1.50954
f 2524/3422/343 2521/3411/343 2525/3423/343

vt 0.719797 0.03
v 0.264821 3 -21.7212
vt 0.703627 0.03
vn -0.939817 3.77149e-31 0.341677
vt 0.703627 -1.00857e-30
vt 0.719797 -1.00857e-30
f 2522/3424/417 2526/3425/419 2525/3426/419 2521/3427/417 

vt 4.71926 1.50954
f 2522/3416/283 2523/3417/283 2526/3428/283

v 0.195479 3 -169.745
vt 4.72065 0.0293081
f 2526/3428/283 2523/3417/283 2527/3429/283

vt 1.80037 0.03
vn -0.958052 3.8303e-31 -0.286595
vt 1.78463 0.03
vt 1.78463 -8.10506e-31
v 0.195479 0 -169.745
vt 1.80037 -8.10506e-31
f 2527/3430/420 2523/3431/418 2524/3432/418 2528/3433/420 

vt -4.72065 0.0293081
f 2524/3422/343 2525/3423/343 2528/3434/343

v 0.0565309 0 -22.522
vt -4.72343 1.50153
f 2528/3434/343 2525/3423/343 2529/3435/343

vt 1.73252 0.03
v 0.0565309 3 -22.522
vt 1.71598 0.03
vn -0.986817 3.95565e-31 0.161839
vt 1.71598 -1.03434e-30
vt 1.73252 -1.03434e-30
f 2526/3436/419 2530/3437/421 2529/3438/421 2525/3439/419 

vt 4.72343 1.50153
f 2526/3428/283 2527/3429/283 2530/3440/283

v 0.032134 3 -168.949
vt 4.72392 0.0372643
f 2530/3440/283 2527/3429/283 2531/3441/283

vt 1.02301 0.03
vn -0.99291 3.9737e-31 -0.118865
vt 1.00677 0.03
vt 1.00677 -9.04118e-31
v 0.032134 0 -168.949
vt 1.02301 -9.04118e-31
f 2531/3442/422 2527/3443/420 2528/3444/420 2532/3445/422 

vt -4.72392 0.0372643
f 2528/3434/343 2529/3435/343 2532/3446/343

v 6.49945e-09 0 -23.3207
vt -4.72456 1.49355
f 2532/3446/343 2529/3435/343 2533/3447/343

vt 2.6606 0.03
v 6.49945e-09 3 -23.3207
vt 2.6446 0.03
vn -0.999376 4.00308e-31 0.0353222
vt 2.6446 -9.84313e-31
vt 2.6606 -9.84313e-31
f 2530/3448/421 2534/3449/423 2533/3450/423 2529/3451/421 

vt 4.72456 1.49355
f 2530/3440/283 2531/3441/283 2534/3452/283

v 2.27908e-09 3 -117.304
vt 4.72456 0.553716
f 2534/3452/283 2531/3441/283 2535/3453/283

v 0 3 -168.052
vt 4.72456 0.0462365
f 2535/3453/283 2531/3441/283 2536/3454/283

vt 0.261469 0.03
vn -0.99984 4.00373e-31 -0.0178989
vt 0.243522 0.03
vt 0.243522 -9.44448e-31
v 0 0 -168.052
vt 0.261469 -9.44448e-31
f 2536/3455/424 2531/3456/422 2532/3457/422 2537/3458/424 

v 2.27908e-09 0 -117.304
vt -4.72456 0.553716
vt -4.72456 0.0462365
f 2532/3446/343 2538/3459/343 2537/3460/343

f 2532/3446/343 2533/3447/343 2538/3459/343

v 4.82243e-09 0 -60.6658
vt -4.72456 1.1201
f 2538/3459/343 2533/3447/343 2539/3461/343

v 5.93633e-09 0 -35.858
vt -4.72456 1.36817
f 2539/3461/343 2533/3447/343 2540/3462/343

v 6.32258e-09 0 -27.2553
vt -4.72456 1.4542
f 2540/3462/343 2533/3447/343 2541/3463/343

vt 2.9856 0.03
v 6.32258e-09 3 -27.2553
vt 2.90695 0.03
vn -1 4.00478e-31 4.49244e-11
vt 2.90695 -9.46514e-31
vt 2.9856 -9.46514e-31
f 2534/3464/423 2542/3465/425 2541/3466/425 2533/3467/423 

v 5.93633e-09 3 -35.858
vt 4.72456 1.36817
vt 4.72456 1.4542
f 2534/3452/283 2543/3468/283 2542/3469/283

v 4.82243e-09 3 -60.6658
vt 4.72456 1.1201
f 2534/3452/283 2544/3470/283 2543/3468/283

f 2534/3452/283 2535/3453/283 2544/3470/283

v 4.23839e-09 3 -73.6699
vt 4.72456 0.990056
f 2544/3470/283 2535/3453/283 2545/3471/283

v 3.37567e-09 3 -92.8759
vt 4.72456 0.797995
f 2545/3471/283 2535/3453/283 2546/3472/283

v 3.11147e-09 3 -98.7589
vt 4.72456 0.739166
f 2546/3472/283 2535/3453/283 2547/3473/283

v 2.76782e-09 3 -106.402
vt 4.72456 0.662731
f 2547/3473/283 2535/3453/283 2548/3474/283

vt 1.3248 0.03
vn -1 4.00478e-31 4.48951e-11
vt 1.10688 0.03
vn -1 4.00478e-31 4.48913e-11
vt 1.10688 -9.46514e-31
v 2.76782e-09 0 -106.402
vt 1.3248 -9.46514e-31
f 2548/3475/426 2535/3476/427 2538/3477/427 2549/3478/426 

v 1.71022e-09 3 -129.959
vt 0.853892 0.03
vn -1 4.00478e-31 4.49331e-11
v 1.71022e-09 0 -129.959
vt 0.853892 -9.46514e-31
f 2535/3476/427 2550/3479/428 2551/3480/428 2538/3477/427 

vt 4.72456 0.42716
f 2535/3453/283 2536/3454/283 2550/3481/283

v 1.13053e-09 3 -142.866
vt 4.72456 0.298097
f 2550/3481/283 2536/3454/283 2552/3482/283

v 6.07116e-10 3 -154.519
vt 4.72456 0.181564
f 2552/3482/283 2536/3454/283 2553/3483/283

v 2.07905e-10 3 -163.416
vt 4.72456 0.0925989
f 2553/3483/283 2536/3454/283 2554/3484/283

vt 0.185105 0.03
vn -1 4.00478e-31 4.48594e-11
vt 0.0924268 0.03
vt 0.0924268 -9.46514e-31
v 2.07905e-10 0 -163.416
vt 0.185105 -9.46514e-31
f 2554/3485/429 2536/3486/424 2537/3487/424 2555/3488/429 

v 6.07116e-10 0 -154.519
vt -4.72456 0.181564
vt -4.72456 0.0925989
f 2537/3460/343 2556/3489/343 2555/3490/343

v 1.13053e-09 0 -142.866
vt -4.72456 0.298097
f 2537/3460/343 2557/3491/343 2556/3489/343

vt -4.72456 0.42716
f 2537/3460/343 2551/3492/343 2557/3491/343

f 2537/3460/343 2538/3459/343 2551/3492/343

vt 0.595896 0.03
vn -1 4.00478e-31 4.4915e-11
vt 0.595896 -9.46514e-31
f 2550/3479/428 2552/3493/430 2557/3494/430 2551/3480/428 

vt 0.362947 0.03
vn -1 4.00478e-31 4.48937e-11
vt 0.362947 -9.46514e-31
f 2552/3493/430 2553/3495/431 2556/3496/431 2557/3494/430 

f 2553/3495/431 2554/3485/429 2555/3488/429 2556/3496/431 

v 3.11147e-09 0 -98.7589
vt -4.72456 0.739166
vt -4.72456 0.662731
f 2538/3459/343 2558/3497/343 2549/3498/343

v 3.37567e-09 0 -92.8759
vt -4.72456 0.797995
f 2538/3459/343 2559/3499/343 2558/3497/343

v 4.23839e-09 0 -73.6699
vt -4.72456 0.990056
f 2538/3459/343 2560/3500/343 2559/3499/343

f 2538/3459/343 2539/3461/343 2560/3500/343

vt 2.23907 0.03
vn -1 4.00478e-31 4.49033e-11
vt 1.97912 0.03
vn -1 4.00478e-31 4.49392e-11
vt 1.97912 -9.46514e-31
vt 2.23907 -9.46514e-31
f 2544/3501/432 2545/3502/433 2560/3503/433 2539/3504/432 

v 3.7316e-09 3 -84.9401
vt 1.75383 0.03
vn -1 4.00478e-31 4.49075e-11
v 3.7316e-09 0 -84.9401
vt 1.75383 -9.46514e-31
f 2545/3502/433 2561/3505/434 2562/3506/434 2560/3503/433 

vt 4.72456 0.877354
f 2545/3471/283 2546/3472/283 2561/3507/283

vt 1.59519 0.03
vn -1 4.00478e-31 4.49168e-11
vt 1.59519 -9.46514e-31
f 2561/3505/434 2546/3508/435 2559/3509/435 2562/3506/434 

v 3.24067e-09 3 -95.8769
vt 1.5352 0.03
vn -1 4.00478e-31 4.49119e-11
v 3.24067e-09 0 -95.8769
vt 1.5352 -9.46514e-31
f 2546/3508/435 2563/3510/436 2564/3511/436 2559/3509/435 

vt 4.72456 0.767986
f 2546/3472/283 2547/3473/283 2563/3512/283

vt 1.47759 0.03
vn -1 4.00478e-31 4.48979e-11
vt 1.47759 -9.46514e-31
f 2563/3510/436 2547/3513/437 2558/3514/437 2564/3511/436 

f 2547/3513/437 2548/3475/426 2549/3478/426 2558/3514/437 

vt -4.72456 0.767986
f 2558/3497/343 2559/3499/343 2564/3515/343

vt -4.72456 0.877354
f 2559/3499/343 2560/3500/343 2562/3516/343

v 5.4122e-09 3 -47.5283
vt 2.50169 0.03
vn -1 4.00478e-31 4.49025e-11
v 5.4122e-09 0 -47.5283
vt 2.50169 -9.46514e-31
f 2565/3517/438 2544/3501/432 2539/3504/432 2566/3518/438 

vt 4.72456 1.25147
f 2543/3468/283 2544/3470/283 2565/3519/283

vt 2.73498 0.03
vn -1 4.00478e-31 4.49029e-11
vt 2.73498 -9.46514e-31
f 2543/3520/439 2565/3517/438 2566/3518/438 2540/3521/439 

vt -4.72456 1.25147
f 2539/3461/343 2540/3462/343 2566/3522/343

f 2542/3465/425 2543/3520/439 2540/3521/439 2541/3466/425 

v 199.299 3 -103.913
vt 1.37456 0.03
vn -1 4.00478e-31 3.1945e-07
vt 0.651658 0.03
vn -1 4.00478e-31 -3.75492e-11
vt 0.651658 -1.48364e-31
v 199.299 0 -103.913
vt 1.37456 -1.48364e-31
f 2567/3523/440 2348/3524/441 2428/3525/441 2568/3526/440 

vt 0.740566 0.687623
f 2567/3527/283 2290/2780/283 2348/2893/283

vt 2.36425 0.03
vn -1 4.00478e-31 6.38938e-07
vt 1.37456 -1.48365e-31
vt 2.36425 -1.48365e-31
f 2290/3528/442 2567/3523/440 2568/3529/440 2429/3530/442 

vt -0.740566 0.687623
f 2568/3531/343 2428/3110/343 2429/3112/343

vt 0.740566 0.03
vn 4.48808e-11 -2.26197e-33 -1
vt 0.740566 -2.67526e-33
f 2258/2746/282 2290/3532/443 2429/3533/443 2259/2747/282 

f 2291/2781/283 2348/2893/283 2290/2780/283

g Mesh16 ___298_1 Model

v 149.113 1.84692 -2.82369
vt 0.033921 0.02
vn 1 -4.31591e-11 -1.67707e-26
v 149.113 1.67965 -2.82369
vt 0.0305774 0.02
v 149.113 1.67965 -4.82369
vt 0.0305774 0
v 149.113 1.84692 -4.82369
vt 0.033921 0
f 2569/3534/444 2570/3535/444 2571/3536/444 2572/3537/444 

v 86.8521 1.67965 -2.82369
vt 0.310082 0.0152963
vn 0 -3.88578e-16 1
v 86.8521 1.60085 -2.82369
vt 0.310082 0.0145083
v 86.8653 1.36906 -2.82369
vt 0.310346 0.0121903
v 86.9167 1.09877 -2.82369
vt 0.311375 0.00948748
v 87.0034 0.851734 -2.82369
vt 0.313107 0.00701712
v 87.1213 0.633356 -2.82369
vt 0.315464 0.00483334
v 87.2665 0.449044 -2.82369
vt 0.318366 0.00299022
v 87.435 0.304208 -2.82369
vt 0.321734 0.00154186
v 87.6228 0.204255 -2.82369
vt 0.325489 0.000542328
v 87.8261 0.154593 -2.82369
vt 0.329552 4.57139e-05
v 88.0451 0.150022 -2.82369
vt 0.333931 1.5277e-11
v 88.7843 0.150022 -2.82369
vt 0.348707 1.52756e-11
v 90.0018 0.150022 -2.82369
vt 0.373045 1.52784e-11
v 91.5063 0.150022 -2.82369
vt 0.40312 1.52756e-11
v 93.1064 0.150022 -2.82369
vt 0.435107 1.5277e-11
v 94.6109 0.150022 -2.82369
vt 0.465181 1.5277e-11
v 95.8284 0.150022 -2.82369
vt 0.489519 1.52756e-11
v 96.5676 0.150022 -2.82369
vt 0.504295 1.52756e-11
v 96.7786 0.154161 -2.82369
vt 0.508514 4.13928e-05
v 96.9627 0.199128 -2.82369
vt 0.512193 0.000491064
v 97.1328 0.289633 -2.82369
vt 0.515593 0.00139611
v 97.2853 0.420779 -2.82369
vt 0.518643 0.00270757
v 97.4168 0.587669 -2.82369
vt 0.521271 0.00437647
v 97.5235 0.785405 -2.82369
vt 0.523404 0.00635383
v 97.602 1.00909 -2.82369
vt 0.524973 0.00859068
v 97.6486 1.25383 -2.82369
vt 0.525905 0.0110381
v 97.6606 1.46418 -2.82369
vt 0.526144 0.0131416
v 97.6606 1.55069 -2.82369
vt 0.526144 0.0140066
v 97.6606 1.73429 -2.82369
vt 0.526144 0.0158427
v 97.6606 1.98152 -2.82369
vt 0.526144 0.018315
v 97.6606 2.25888 -2.82369
vt 0.526144 0.0210886
v 97.6606 2.53289 -2.82369
vt 0.526144 0.0238287
v 97.6606 2.77007 -2.82369
vt 0.526144 0.0262005
v 97.6606 2.93694 -2.82369
vt 0.526144 0.0278692
v 97.6606 3 -2.82369
vt 0.526144 0.0284998
v 118.158 3 -2.82369
vt 0.935889 0.0284998
v 138.305 3 -2.82369
vt 1.33862 0.0284998
v 138.305 2.93694 -2.82369
vt 1.33862 0.0278692
v 138.305 2.77007 -2.82369
vt 1.33862 0.0262005
v 138.305 2.53289 -2.82369
vt 1.33862 0.0238287
v 138.305 2.25888 -2.82369
vt 1.33862 0.0210886
v 138.305 1.98152 -2.82369
vt 1.33862 0.018315
v 138.305 1.73429 -2.82369
vt 1.33862 0.0158427
v 138.305 1.55069 -2.82369
vt 1.33862 0.0140066
v 138.305 1.46418 -2.82369
vt 1.33862 0.0131416
v 138.316 1.25383 -2.82369
vt 1.33886 0.0110381
v 138.363 1.00909 -2.82369
vt 1.33979 0.00859068
v 138.442 0.785405 -2.82369
vt 1.34136 0.00635383
v 138.548 0.587669 -2.82369
vt 1.34349 0.00437647
v 138.68 0.420779 -2.82369
vt 1.34612 0.00270757
v 138.832 0.289633 -2.82369
vt 1.34917 0.00139611
v 139.002 0.199128 -2.82369
vt 1.35257 0.000491064
v 139.186 0.154161 -2.82369
vt 1.35625 4.13928e-05
v 139.398 0.150022 -2.82369
vt 1.36047 4.34049e-12
v 140.137 0.150022 -2.82369
vt 1.37524 3.9651e-12
v 141.354 0.150022 -2.82369
vt 1.39958 3.34561e-12
v 142.859 0.150022 -2.82369
vt 1.42965 2.57813e-12
v 144.459 0.150022 -2.82369
vt 1.46164 1.76237e-12
v 145.963 0.150022 -2.82369
vt 1.49172 9.96238e-13
v 147.181 0.150022 -2.82369
vt 1.51605 3.76748e-13
v 147.92 0.150022 -2.82369
vt 1.53083 0
v 148.139 0.154593 -2.82369
vt 1.53521 4.57139e-05
v 148.342 0.204255 -2.82369
vt 1.53927 0.000542328
v 148.53 0.304208 -2.82369
vt 1.54303 0.00154186
v 148.699 0.449044 -2.82369
vt 1.54639 0.00299022
v 148.844 0.633356 -2.82369
vt 1.5493 0.00483334
v 148.962 0.851734 -2.82369
vt 1.55165 0.00701712
v 149.048 1.09877 -2.82369
vt 1.55339 0.00948748
v 149.1 1.36906 -2.82369
vt 1.55442 0.0121903
v 149.113 1.60085 -2.82369
vt 1.55468 0.0145083
vt 1.55468 0.0152963
vt 1.55468 0.016969
v 149.113 2.07215 -2.82369
vt 1.55468 0.0192213
v 149.113 2.32483 -2.82369
vt 1.55468 0.0217481
v 149.113 2.57446 -2.82369
vt 1.55468 0.0242444
v 149.113 2.79053 -2.82369
vt 1.55468 0.0264051
v 149.113 2.94255 -2.82369
vt 1.55468 0.0279253
v 149.113 3 -2.82369
vt 1.55468 0.0284998
v 163.837 3 -2.82369
vt 1.84901 0.0284998
v 137.804 17.1965 -2.82369
vt 1.32861 0.170465
v 118.158 17.1965 -2.82369
vt 0.935889 0.170465
v 98.5121 17.1965 -2.82369
vt 0.543166 0.170465
v 72.4794 3 -2.82369
vt 0.022772 0.0284998
v 86.8521 3 -2.82369
vt 0.310082 0.0284998
v 86.8521 2.94255 -2.82369
vt 0.310082 0.0279253
v 86.8521 2.79053 -2.82369
vt 0.310082 0.0264051
v 86.8521 2.57446 -2.82369
vt 0.310082 0.0242444
v 86.8521 2.32483 -2.82369
vt 0.310082 0.0217481
v 86.8521 2.07215 -2.82369
vt 0.310082 0.0192213
v 86.8521 1.84692 -2.82369
vt 0.310082 0.016969
f 2573/3538/445 2574/3539/445 2575/3540/445 2576/3541/445 2577/3542/445 2578/3543/445 2579/3544/445 2580/3545/445 2581/3546/445 2582/3547/445 2583/3548/445 2584/3549/445 2585/3550/445 2586/3551/445 2587/3552/445 2588/3553/445 2589/3554/445 2590/3555/445 2591/3556/445 2592/3557/445 2593/3558/445 2594/3559/445 2595/3560/445 2596/3561/445 2597/3562/445 2598/3563/445 2599/3564/445 2600/3565/445 2601/3566/445 2602/3567/445 2603/3568/445 2604/3569/445 2605/3570/445 2606/3571/445 2607/3572/445 2608/3573/445 2609/3574/445 2610/3575/445 2611/3576/445 2612/3577/445 2613/3578/445 2614/3579/445 2615/3580/445 2616/3581/445 2617/3582/445 2618/3583/445 2619/3584/445 2620/3585/445 2621/3586/445 2622/3587/445 2623/3588/445 2624/3589/445 2625/3590/445 2626/3591/445 2627/3592/445 2628/3593/445 2629/3594/445 2630/3595/445 2631/3596/445 2632/3597/445 2633/3598/445 2634/3599/445 2635/3600/445 2636/3601/445 2637/3602/445 2638/3603/445 2639/3604/445 2640/3605/445 2641/3606/445 2642/3607/445 2570/3608/445 2569/3609/445 2643/3610/445 2644/3611/445 2645/3612/445 2646/3613/445 2647/3614/445 2648/3615/445 2649/3616/445 2650/3617/445 2651/3618/445 2652/3619/445 2653/3620/445 2654/3621/445 2655/3622/445 2656/3623/445 2657/3624/445 2658/3625/445 2659/3626/445 2660/3627/445 

vt -0.0290021 0.02
vt -0.0305774 0.02
v 86.8521 1.67965 -4.82369
vt -0.0305774 0
v 86.8521 1.60085 -4.82369
vt -0.0290021 0
f 2574/3628/255 2573/3629/255 2661/3630/255 2662/3631/255 

vt -0.033921 0.02
v 86.8521 1.84692 -4.82369
vt -0.033921 0
f 2573/3629/255 2660/3632/255 2663/3633/255 2661/3630/255 

vt -0.0384233 0.02
v 86.8521 2.07215 -4.82369
vt -0.0384233 0
f 2660/3632/255 2659/3634/255 2664/3635/255 2663/3633/255 

vt -0.0434744 0.02
v 86.8521 2.32483 -4.82369
vt -0.0434744 0
f 2659/3634/255 2658/3636/255 2665/3637/255 2664/3635/255 

vt -0.0484645 0.02
v 86.8521 2.57446 -4.82369
vt -0.0484645 0
f 2658/3636/255 2657/3638/255 2666/3639/255 2665/3637/255 

vt -0.0527838 0.02
v 86.8521 2.79053 -4.82369
vt -0.0527838 0
f 2657/3638/255 2656/3640/255 2667/3641/255 2666/3639/255 

vt -0.0558226 0.02
v 86.8521 2.94255 -4.82369
vt -0.0558226 0
f 2656/3640/255 2655/3642/255 2668/3643/255 2667/3641/255 

vt -0.0569711 0.02
v 86.8521 3 -4.82369
vt -0.0569711 0
f 2655/3642/255 2654/3644/255 2669/3645/255 2668/3643/255 

vt 0.310082 0.02
vn -1.88355e-14 -1 -3.88578e-16
vt 0.022772 0.02
v 72.4794 3 -4.82369
vt 0.022772 0
vt 0.310082 0
f 2654/3646/446 2653/3647/446 2670/3648/446 2669/3649/446 

vt -0.0472686 0.02
vn -0.478771 0.87794 3.41148e-16
vt -0.640013 0.02
v 98.5121 17.1965 -4.82369
vt -0.640013 0
vt -0.0472686 0
f 2653/3650/447 2652/3651/447 2671/3652/447 2670/3653/447 

v 74.4908 12.0422 -2.82369
vt 0.0629804 0.118922
f 2652/3619/445 2672/3654/445 2653/3620/445

v 84.9358 17.8857 -2.82369
vt 0.271775 0.177357
f 2672/3654/445 2652/3619/445 2673/3655/445

v 87.4666 18.9414 -2.82369
vt 0.322366 0.187914
f 2673/3655/445 2652/3619/445 2674/3656/445

v 98.0831 25.0539 -2.82369
vt 0.534591 0.249039
f 2674/3656/445 2652/3619/445 2675/3657/445

v 98.0831 26.6921 -2.82369
vt 0.534591 0.265421
f 2675/3657/445 2652/3619/445 2676/3658/445

v 98.1368 29.0271 -2.82369
vt 0.535663 0.28877
f 2676/3658/445 2652/3619/445 2677/3659/445

v 98.1368 31.0075 -2.82369
vt 0.535663 0.308575
f 2677/3659/445 2652/3619/445 2678/3660/445

v 100.228 31.0075 -2.82369
vt 0.577465 0.308575
f 2678/3660/445 2652/3619/445 2679/3661/445

v 100.121 27.0833 -2.82369
vt 0.575321 0.269333
f 2679/3661/445 2652/3619/445 2680/3662/445

v 100.121 25.4329 -2.82369
vt 0.575321 0.252829
f 2680/3662/445 2652/3619/445 2681/3663/445

f 2651/3618/445 2681/3663/445 2652/3619/445

v 110.308 25.4207 -2.82369
vt 0.778971 0.252707
f 2681/3663/445 2651/3618/445 2682/3664/445

v 110.308 27.0833 -2.82369
vt 0.778971 0.269333
f 2682/3664/445 2651/3618/445 2683/3665/445

v 112.732 25.5429 -2.82369
vt 0.827418 0.253929
f 2683/3665/445 2651/3618/445 2684/3666/445

v 118.072 25.5429 -2.82369
vt 0.934174 0.253929
f 2684/3666/445 2651/3618/445 2685/3667/445

v 123.584 25.5429 -2.82369
vt 1.04436 0.253929
f 2685/3667/445 2651/3618/445 2686/3668/445

f 2686/3668/445 2651/3618/445 2650/3617/445

vt -0.935889 0.02
vn 0 1 3.88578e-16
vt -1.32861 0.02
v 137.804 17.1965 -4.82369
vt -1.32861 0
v 118.158 17.1965 -4.82369
vt -0.935889 0
f 2651/3669/448 2650/3670/448 2687/3671/448 2688/3672/448 

vt -1.0033 0.02
vn 0.478771 0.87794 3.41148e-16
vt -1.59604 0.02
v 163.837 3 -4.82369
vt -1.59604 0
vt -1.0033 0
f 2650/3673/449 2649/3674/449 2689/3675/449 2687/3676/449 

v 138.233 25.0539 -2.82369
vt 1.33719 0.249039
f 2690/3677/445 2650/3617/445 2649/3616/445

v 138.179 29.0271 -2.82369
vt 1.33611 0.28877
f 2650/3617/445 2690/3677/445 2691/3678/445

v 138.233 26.6921 -2.82369
vt 1.33719 0.265421
f 2692/3679/445 2691/3678/445 2690/3677/445

v 148.957 22.9757 -2.82369
vt 1.55155 0.228257
f 2691/3678/445 2692/3679/445 2693/3680/445

v 148.85 20.5307 -2.82369
vt 1.54941 0.203807
f 2693/3680/445 2692/3679/445 2694/3681/445

vt 1.13558 0.02
vn -0.501951 -0.864896 -3.3608e-16
vt 0.890205 0.02
v 138.233 26.6921 -4.82369
vt 0.890205 3.52496e-18
v 148.85 20.5307 -4.82369
vt 1.13558 3.52496e-18
f 2694/3682/450 2692/3683/450 2695/3684/450 2696/3685/450 

vt 0.530576 0.02
vt 0.497829 0.02
v 138.233 25.0539 -4.82369
vt 0.497829 3.52496e-18
vt 0.530576 3.52496e-18
f 2692/3686/8 2690/3687/8 2697/3688/8 2695/3689/8 

vt -0.91044 0.02
vn 0.498962 0.866624 3.36751e-16
v 148.85 18.9414 -2.82369
vt -1.15533 0.02
v 148.85 18.9414 -4.82369
vt -1.15533 3.52496e-18
vt -0.91044 3.52496e-18
f 2690/3690/451 2698/3691/451 2699/3692/451 2697/3693/451 

vt 1.54941 0.187914
f 2690/3677/445 2649/3616/445 2698/3694/445

f 2698/3694/445 2649/3616/445 2694/3681/445

v 151.38 17.8857 -2.82369
vt 1.6 0.177357
f 2694/3681/445 2649/3616/445 2700/3695/445

v 161.825 12.0422 -2.82369
vt 1.8088 0.118922
f 2700/3695/445 2649/3616/445 2701/3696/445

v 161.825 13.6559 -2.82369
vt 1.8088 0.135059
f 2701/3696/445 2649/3616/445 2702/3697/445

v 164.046 18.609 -2.82369
vt 1.85319 0.18459
f 2703/3698/445 2702/3697/445 2649/3616/445

v 161.774 18.609 -2.82369
vt 1.80778 0.18459
f 2704/3699/445 2702/3697/445 2703/3698/445

v 161.774 15.5673 -2.82369
vt 1.80778 0.154173
f 2705/3700/445 2702/3697/445 2704/3699/445

v 151.38 19.695 -2.82369
vt 1.6 0.19545
f 2705/3700/445 2706/3701/445 2702/3697/445

v 151.273 21.7287 -2.82369
vt 1.59786 0.215787
f 2707/3702/445 2706/3701/445 2705/3700/445

f 2706/3701/445 2707/3702/445 2700/3695/445

v 148.957 25.1028 -2.82369
vt 1.55155 0.249528
f 2708/3703/445 2700/3695/445 2707/3702/445

f 2693/3680/445 2700/3695/445 2708/3703/445

f 2694/3681/445 2700/3695/445 2693/3680/445

vt -0.456285 0.02
vt -0.498807 0.02
v 148.957 25.1028 -4.82369
vt -0.498807 3.52496e-18
v 148.957 22.9757 -4.82369
vt -0.456285 3.52496e-18
f 2693/3704/255 2708/3705/255 2709/3706/255 2710/3707/255 

vt -1.55155 0.02
v 151.273 25.1028 -2.82369
vt -1.59786 0.02
v 151.273 25.1028 -4.82369
vt -1.59786 3.52496e-18
vt -1.55155 3.52496e-18
f 2708/3708/448 2711/3709/448 2712/3710/448 2709/3711/448 

vt 1.59786 0.249528
f 2711/3712/445 2708/3703/445 2707/3702/445

vt 0.498807 0.02
vt 0.431358 0.02
v 151.273 21.7287 -4.82369
vt 0.431358 3.52496e-18
vt 0.498807 3.52496e-18
f 2711/3713/8 2707/3714/8 2713/3715/8 2712/3716/8 

vt -1.15986 0.02
vn 0.506056 0.862501 3.35149e-16
vt -1.40325 0.02
v 161.774 15.5673 -4.82369
vt -1.40325 3.52496e-18
vt -1.15986 3.52496e-18
f 2707/3717/452 2705/3718/452 2714/3719/452 2713/3720/452 

vt -0.308192 0.02
vt -0.368996 0.02
v 161.774 18.609 -4.82369
vt -0.368996 3.52496e-18
vt -0.308192 3.52496e-18
f 2705/3721/255 2704/3722/255 2715/3723/255 2714/3724/255 

vt -1.80778 0.02
vt -1.85319 0.02
v 164.046 18.609 -4.82369
vt -1.85319 3.52496e-18
vt -1.80778 3.52496e-18
f 2704/3725/448 2703/3726/448 2716/3727/448 2715/3728/448 

vt 0.368996 0.02
v 164.046 5.5917 -2.82369
vt 0.108779 0.02
v 164.046 5.5917 -4.82369
vt 0.108779 3.52496e-18
vt 0.368996 3.52496e-18
f 2703/3729/8 2717/3730/8 2718/3731/8 2716/3732/8 

vt 1.85319 0.0544168
f 2703/3698/445 2649/3616/445 2717/3733/445

v 164.976 3 -2.82369
vt 1.87178 0.0284998
f 2719/3734/445 2717/3733/445 2649/3616/445

v 164.976 5.5917 -2.82369
vt 1.87178 0.0544168
f 2717/3733/445 2719/3734/445 2720/3735/445

v 164.976 3.2445 -2.82369
vt 1.87178 0.0309448
f 2720/3735/445 2719/3734/445 2721/3736/445

vt 0.0618586 0.02
vt 0.0569711 0.02
v 164.976 3 -4.82369
vt 0.0569711 3.52496e-18
v 164.976 3.2445 -4.82369
vt 0.0618586 3.52496e-18
f 2721/3737/8 2719/3738/8 2722/3739/8 2723/3740/8 

vt 1.87178 0.02
vn 0 -1 -3.88578e-16
vt 1.84901 0.02
vt 1.84901 0
vt 1.87178 3.52496e-18
f 2719/3741/453 2649/3742/453 2689/3743/453 2722/3744/453 

vn 1.08315e-10 -1 -3.88578e-16
vt 1.55468 0.02
v 149.113 3 -4.82369
vt 1.55468 0
f 2649/3742/454 2648/3745/454 2724/3746/454 2689/3743/454 

vn 1 -3.76974e-11 -1.46484e-26
vt 0.0558226 0.02
v 149.113 2.94255 -4.82369
vt 0.0558226 0
vt 0.0569711 0
f 2648/3738/455 2647/3747/455 2725/3748/455 2724/3749/455 

vn 1 -4.27405e-11 -1.6608e-26
vt 0.0527838 0.02
v 149.113 2.79053 -4.82369
vt 0.0527838 0
f 2647/3747/456 2646/3750/456 2726/3751/456 2725/3748/456 

vn 1 -4.00923e-11 -1.5579e-26
vt 0.0484645 0.02
v 149.113 2.57446 -4.82369
vt 0.0484645 0
f 2646/3750/457 2645/3752/457 2727/3753/457 2726/3751/457 

vn 1 -4.04869e-11 -1.57323e-26
vt 0.0434744 0.02
v 149.113 2.32483 -4.82369
vt 0.0434744 0
f 2645/3752/458 2644/3754/458 2728/3755/458 2727/3753/458 

vn 1 -3.99982e-11 -1.55424e-26
vt 0.0384233 0.02
v 149.113 2.07215 -4.82369
vt 0.0384233 0
f 2644/3754/459 2643/3756/459 2729/3757/459 2728/3755/459 

vn 1 -3.84632e-11 -1.4946e-26
f 2643/3756/460 2569/3534/460 2572/3537/460 2729/3757/460 

vt -0.310082 0.0145083
vn 0 3.88578e-16 -1
vt -0.310082 0.0152963
vt -0.310082 0.016969
vt -0.310082 0.0192213
vt -0.310082 0.0217481
vt -0.310082 0.0242444
vt -0.310082 0.0264051
vt -0.310082 0.0279253
vt -0.310082 0.0284998
vt -0.022772 0.0284998
vt -0.543166 0.170465
vt -0.935889 0.170465
vt -1.32861 0.170465
vt -1.84901 0.0284998
vt -1.55468 0.0284998
vt -1.55468 0.0279253
vt -1.55468 0.0264051
vt -1.55468 0.0242444
vt -1.55468 0.0217481
vt -1.55468 0.0192213
vt -1.55468 0.016969
vt -1.55468 0.0152963
v 149.113 1.60085 -4.82369
vt -1.55468 0.0145083
v 149.1 1.36906 -4.82369
vt -1.55442 0.0121903
v 149.048 1.09877 -4.82369
vt -1.55339 0.00948748
v 148.962 0.851734 -4.82369
vt -1.55165 0.00701712
v 148.844 0.633356 -4.82369
vt -1.5493 0.00483334
v 148.699 0.449044 -4.82369
vt -1.54639 0.00299022
v 148.53 0.304208 -4.82369
vt -1.54303 0.00154186
v 148.342 0.204255 -4.82369
vt -1.53927 0.000542328
v 148.139 0.154593 -4.82369
vt -1.53521 4.57139e-05
v 147.92 0.150022 -4.82369
vt -1.53083 0
v 147.181 0.150022 -4.82369
vt -1.51605 3.76748e-13
v 145.963 0.150022 -4.82369
vt -1.49172 9.96238e-13
v 144.459 0.150022 -4.82369
vt -1.46164 1.76237e-12
v 142.859 0.150022 -4.82369
vt -1.42965 2.57813e-12
v 141.354 0.150022 -4.82369
vt -1.39958 3.34561e-12
v 140.137 0.150022 -4.82369
vt -1.37524 3.9651e-12
v 139.398 0.150022 -4.82369
vt -1.36047 4.34049e-12
v 139.186 0.154161 -4.82369
vt -1.35625 4.13928e-05
v 139.002 0.199128 -4.82369
vt -1.35257 0.000491064
v 138.832 0.289633 -4.82369
vt -1.34917 0.00139611
v 138.68 0.420779 -4.82369
vt -1.34612 0.00270757
v 138.548 0.587669 -4.82369
vt -1.34349 0.00437647
v 138.442 0.785405 -4.82369
vt -1.34136 0.00635383
v 138.363 1.00909 -4.82369
vt -1.33979 0.00859068
v 138.316 1.25383 -4.82369
vt -1.33886 0.0110381
v 138.305 1.46418 -4.82369
vt -1.33862 0.0131416
v 138.305 1.55069 -4.82369
vt -1.33862 0.0140066
v 138.305 1.73429 -4.82369
vt -1.33862 0.0158427
v 138.305 1.98152 -4.82369
vt -1.33862 0.018315
v 138.305 2.25888 -4.82369
vt -1.33862 0.0210886
v 138.305 2.53289 -4.82369
vt -1.33862 0.0238287
v 138.305 2.77007 -4.82369
vt -1.33862 0.0262005
v 138.305 2.93694 -4.82369
vt -1.33862 0.0278692
v 138.305 3 -4.82369
vt -1.33862 0.0284998
v 118.158 3 -4.82369
vt -0.935889 0.0284998
v 97.6606 3 -4.82369
vt -0.526144 0.0284998
v 97.6606 2.93694 -4.82369
vt -0.526144 0.0278692
v 97.6606 2.77007 -4.82369
vt -0.526144 0.0262005
v 97.6606 2.53289 -4.82369
vt -0.526144 0.0238287
v 97.6606 2.25888 -4.82369
vt -0.526144 0.0210886
v 97.6606 1.98152 -4.82369
vt -0.526144 0.018315
v 97.6606 1.73429 -4.82369
vt -0.526144 0.0158427
v 97.6606 1.55069 -4.82369
vt -0.526144 0.0140066
v 97.6606 1.46418 -4.82369
vt -0.526144 0.0131416
v 97.6486 1.25383 -4.82369
vt -0.525905 0.0110381
v 97.602 1.00909 -4.82369
vt -0.524973 0.00859068
v 97.5235 0.785405 -4.82369
vt -0.523404 0.00635383
v 97.4168 0.587669 -4.82369
vt -0.521271 0.00437647
v 97.2853 0.420779 -4.82369
vt -0.518643 0.00270757
v 97.1328 0.289633 -4.82369
vt -0.515593 0.00139611
v 96.9627 0.199128 -4.82369
vt -0.512193 0.000491064
v 96.7786 0.154161 -4.82369
vt -0.508514 4.13928e-05
v 96.5676 0.150022 -4.82369
vt -0.504295 1.52756e-11
v 95.8284 0.150022 -4.82369
vt -0.489519 1.52756e-11
v 94.6109 0.150022 -4.82369
vt -0.465181 1.5277e-11
v 93.1064 0.150022 -4.82369
vt -0.435107 1.5277e-11
v 91.5063 0.150022 -4.82369
vt -0.40312 1.52756e-11
v 90.0018 0.150022 -4.82369
vt -0.373045 1.52784e-11
v 88.7843 0.150022 -4.82369
vt -0.348707 1.52756e-11
v 88.0451 0.150022 -4.82369
vt -0.333931 1.5277e-11
v 87.8261 0.154593 -4.82369
vt -0.329552 4.57139e-05
v 87.6228 0.204255 -4.82369
vt -0.325489 0.000542328
v 87.435 0.304208 -4.82369
vt -0.321734 0.00154186
v 87.2665 0.449044 -4.82369
vt -0.318366 0.00299022
v 87.1213 0.633356 -4.82369
vt -0.315464 0.00483334
v 87.0034 0.851734 -4.82369
vt -0.313107 0.00701712
v 86.9167 1.09877 -4.82369
vt -0.311375 0.00948748
v 86.8653 1.36906 -4.82369
vt -0.310346 0.0121903
f 2662/3758/461 2661/3759/461 2663/3760/461 2664/3761/461 2665/3762/461 2666/3763/461 2667/3764/461 2668/3765/461 2669/3766/461 2670/3767/461 2671/3768/461 2688/3769/461 2687/3770/461 2689/3771/461 2724/3772/461 2725/3773/461 2726/3774/461 2727/3775/461 2728/3776/461 2729/3777/461 2572/3778/461 2571/3779/461 2730/3780/461 2731/3781/461 2732/3782/461 2733/3783/461 2734/3784/461 2735/3785/461 2736/3786/461 2737/3787/461 2738/3788/461 2739/3789/461 2740/3790/461 2741/3791/461 2742/3792/461 2743/3793/461 2744/3794/461 2745/3795/461 2746/3796/461 2747/3797/461 2748/3798/461 2749/3799/461 2750/3800/461 2751/3801/461 2752/3802/461 2753/3803/461 2754/3804/461 2755/3805/461 2756/3806/461 2757/3807/461 2758/3808/461 2759/3809/461 2760/3810/461 2761/3811/461 2762/3812/461 2763/3813/461 2764/3814/461 2765/3815/461 2766/3816/461 2767/3817/461 2768/3818/461 2769/3819/461 2770/3820/461 2771/3821/461 2772/3822/461 2773/3823/461 2774/3824/461 2775/3825/461 2776/3826/461 2777/3827/461 2778/3828/461 2779/3829/461 2780/3830/461 2781/3831/461 2782/3832/461 2783/3833/461 2784/3834/461 2785/3835/461 2786/3836/461 2787/3837/461 2788/3838/461 2789/3839/461 2790/3840/461 2791/3841/461 2792/3842/461 2793/3843/461 2794/3844/461 2795/3845/461 2796/3846/461 2797/3847/461 

vn 1.11531e-29 3.92086e-16 -1
v 74.4908 12.0422 -4.82369
vt -0.0629804 0.118922
f 2670/3767/462 2798/3848/462 2671/3768/462

v 74.4908 13.6559 -4.82369
vt -0.0629804 0.135059
f 2798/3848/462 2670/3767/462 2799/3849/462

v 74.5418 18.609 -4.82369
vt -0.063999 0.18459
f 2670/3767/462 2800/3850/462 2799/3849/462

v 72.2701 5.5917 -4.82369
vt -0.0185889 0.0544168
f 2801/3851/462 2800/3850/462 2670/3767/462

v 72.2701 18.609 -4.82369
vt -0.0185889 0.18459
f 2800/3850/462 2801/3851/462 2802/3852/462

v 72.2701 5.5917 -2.82369
vt -0.108779 0.02
v 72.2701 18.609 -2.82369
vt -0.108779 3.52496e-18
f 2803/3853/255 2804/3722/255 2802/3723/255 2801/3854/255 

vt 0.0185889 0.0544168
vt 0.0185889 0.18459
f 2803/3855/445 2653/3620/445 2804/3856/445

v 71.3402 5.5917 -2.82369
vt 0 0.0544168
f 2805/3857/445 2653/3620/445 2803/3855/445

v 71.3402 3.2445 -2.82369
vt 0 0.0309448
f 2806/3858/445 2653/3620/445 2805/3857/445

v 71.3402 3 -2.82369
vt 0 0.0284998
f 2653/3620/445 2806/3858/445 2807/3859/445

vt -0.0618586 0.02
v 71.3402 3.2445 -4.82369
vt -0.0618586 3.52496e-18
v 71.3402 3 -4.82369
vt -0.0569711 3.52496e-18
f 2807/3644/255 2806/3860/255 2808/3861/255 2809/3862/255 

v 71.3402 5.5917 -4.82369
f 2806/3860/255 2805/3853/255 2810/3854/255 2808/3861/255 

vt -0.0185889 0.02
vt -0.0185889 3.52496e-18
vt 0 3.52496e-18
f 2805/2690/448 2803/3863/448 2801/3864/448 2810/3865/448 

vt -7.85894e-47 0.0309448
vt -7.85894e-47 0.0544168
f 2801/3851/462 2808/3866/462 2810/3867/462

vt -7.85894e-47 0.0284998
f 2808/3866/462 2801/3851/462 2809/3868/462

f 2809/3868/462 2801/3851/462 2670/3767/462

f 2653/3647/453 2807/2690/453 2809/3865/453 2670/3648/453 

v 74.5418 18.609 -2.82369
vt 0.063999 0.18459
f 2804/3856/445 2653/3620/445 2811/3869/445

v 74.4908 13.6559 -2.82369
vt 0.0629804 0.135059
f 2811/3869/445 2653/3620/445 2812/3870/445

f 2812/3870/445 2653/3620/445 2672/3654/445

vt 0.269982 0.02
vt 0.237724 0.02
vt 0.237724 3.52496e-18
vt 0.269982 3.52496e-18
f 2812/3871/8 2672/3872/8 2798/3873/8 2799/3874/8 

vt -0.171031 0.02
vn -0.488246 0.872706 3.39114e-16
vt -0.410281 0.02
v 84.9358 17.8857 -4.82369
vt -0.410281 3.52496e-18
vt -0.171031 3.52496e-18
f 2672/3875/463 2673/3876/463 2813/3877/463 2798/3878/463 

vt -0.354537 0.02
v 84.9358 19.695 -2.82369
vt -0.390705 0.02
v 84.9358 19.695 -4.82369
vt -0.390705 3.52496e-18
vt -0.354537 3.52496e-18
f 2673/3879/255 2814/3880/255 2815/3881/255 2813/3882/255 

vt 0.271775 0.19545
f 2673/3655/445 2674/3656/445 2814/3883/445

v 85.043 21.7287 -2.82369
vt 0.273919 0.215787
f 2814/3883/445 2674/3656/445 2816/3884/445

v 85.043 25.1028 -2.82369
vt 0.273919 0.249528
f 2816/3884/445 2674/3656/445 2817/3885/445

v 87.3594 22.9757 -2.82369
vt 0.320223 0.228257
f 2817/3885/445 2674/3656/445 2818/3886/445

v 87.4666 20.5307 -2.82369
vt 0.322366 0.203807
f 2819/3887/445 2818/3886/445 2674/3656/445

f 2818/3886/445 2819/3887/445 2677/3659/445

f 2677/3659/445 2819/3887/445 2676/3658/445

vt 0.728689 0.02
vn 0.501951 -0.864896 -3.3608e-16
vt 0.483313 0.02
v 87.4666 20.5307 -4.82369
vt 0.483313 3.52496e-18
v 98.0831 26.6921 -4.82369
vt 0.728689 3.52496e-18
f 2676/3888/464 2819/3889/464 2820/3890/464 2821/3891/464 

vt 0.407409 0.02
vt 0.37564 0.02
v 87.4666 18.9414 -4.82369
vt 0.37564 3.52496e-18
vt 0.407409 3.52496e-18
f 2819/3892/8 2674/3893/8 2822/3894/8 2820/3895/8 

vt -0.4668 0.02
vn -0.498962 0.866624 3.36751e-16
vt -0.711687 0.02
v 98.0831 25.0539 -4.82369
vt -0.711687 3.52496e-18
vt -0.4668 3.52496e-18
f 2674/3896/465 2675/3897/465 2823/3898/465 2822/3899/465 

vt -0.497829 0.02
vt -0.530576 0.02
vt -0.530576 3.52496e-18
vt -0.497829 3.52496e-18
f 2675/3900/255 2676/3901/255 2821/3902/255 2823/3903/255 

vt -0.534591 0.265421
v 98.1368 29.0271 -4.82369
vt -0.535663 0.28877
vt -0.534591 0.249039
f 2821/3904/462 2824/3905/462 2823/3906/462

vt -0.322366 0.203807
f 2820/3907/462 2824/3905/462 2821/3904/462

v 87.3594 22.9757 -4.82369
vt -0.320223 0.228257
f 2824/3905/462 2820/3907/462 2825/3908/462

vt -0.322366 0.187914
f 2822/3909/462 2825/3908/462 2820/3907/462

v 85.043 21.7287 -4.82369
vt -0.273919 0.215787
f 2822/3909/462 2826/3910/462 2825/3908/462

vt -0.271775 0.177357
f 2822/3909/462 2813/3911/462 2826/3910/462

f 2671/3768/462 2813/3911/462 2822/3909/462

f 2671/3768/462 2798/3848/462 2813/3911/462

f 2671/3768/462 2822/3909/462 2823/3906/462

f 2671/3768/462 2823/3906/462 2824/3905/462

v 100.228 31.0075 -4.82369
vt -0.577465 0.308575
f 2824/3905/462 2827/3912/462 2671/3768/462

v 98.1368 31.0075 -4.82369
vt -0.535663 0.308575
f 2827/3912/462 2824/3905/462 2828/3913/462

vt -0.577252 0.02
vt -0.616841 0.02
vt -0.616841 3.52496e-18
vt -0.577252 3.52496e-18
f 2677/3914/255 2678/3915/255 2828/3916/255 2824/3917/255 

vt -0.535663 0.02
vt -0.577465 0.02
vt -0.577465 3.52496e-18
vt -0.535663 3.52496e-18
f 2678/3918/448 2679/3919/448 2827/3920/448 2828/3921/448 

vt 0.616841 0.02
v 100.228 29.3571 -2.82369
vt 0.58385 0.02
v 100.228 29.3571 -4.82369
vt 0.58385 3.52496e-18
vt 0.616841 3.52496e-18
f 2679/3922/8 2829/3923/8 2830/3924/8 2827/3925/8 

vt 0.577465 0.292071
f 2679/3661/445 2680/3662/445 2829/3926/445

f 2683/3665/445 2829/3926/445 2680/3662/445

v 110.394 29.3571 -2.82369
vt 0.780686 0.292071
f 2829/3926/445 2683/3665/445 2831/3927/445

f 2683/3665/445 2684/3666/445 2831/3927/445

v 110.394 31.0075 -2.82369
vt 0.780686 0.308575
f 2831/3927/445 2684/3666/445 2832/3928/445

v 112.614 29.3938 -2.82369
vt 0.82506 0.292438
f 2832/3928/445 2684/3666/445 2833/3929/445

v 112.732 27.0833 -2.82369
vt 0.827418 0.269333
f 2834/3930/445 2833/3929/445 2684/3666/445

v 118.158 29.3938 -2.82369
vt 0.935889 0.292438
f 2833/3929/445 2834/3930/445 2835/3931/445

v 118.072 27.0833 -2.82369
vt 0.934174 0.269333
f 2835/3931/445 2834/3930/445 2836/3932/445

vt 0.934174 0.02
vt 0.827418 0.02
v 112.732 27.0833 -4.82369
vt 0.827418 3.52496e-18
v 118.072 27.0833 -4.82369
vt 0.934174 3.52496e-18
f 2836/3933/453 2834/3934/453 2837/3935/453 2838/3936/453 

vt 0.538396 0.02
vt 0.507604 0.02
v 112.732 25.5429 -4.82369
vt 0.507604 3.52496e-18
vt 0.538396 3.52496e-18
f 2834/3937/8 2684/3938/8 2839/3939/8 2837/3940/8 

vt -0.827418 0.02
vt -0.934174 0.02
v 118.072 25.5429 -4.82369
vt -0.934174 3.52496e-18
vt -0.827418 3.52496e-18
f 2684/3941/448 2685/3942/448 2840/3943/448 2839/3944/448 

vt -1.04436 0.02
v 123.584 25.5429 -4.82369
vt -1.04436 3.52496e-18
f 2685/3942/448 2686/3945/448 2841/3946/448 2840/3943/448 

vt -0.507604 0.02
v 123.584 27.0833 -2.82369
vt -0.538396 0.02
v 123.584 27.0833 -4.82369
vt -0.538396 3.52496e-18
vt -0.507604 3.52496e-18
f 2686/3947/255 2842/3948/255 2843/3949/255 2841/3950/255 

vt 1.04436 0.269333
f 2686/3668/445 2650/3617/445 2842/3951/445

v 126.008 25.4207 -2.82369
vt 1.09281 0.252707
f 2842/3951/445 2650/3617/445 2844/3952/445

v 136.195 25.4329 -2.82369
vt 1.29646 0.252829
f 2844/3952/445 2650/3617/445 2845/3953/445

v 136.195 27.0833 -2.82369
vt 1.29646 0.269333
f 2845/3953/445 2650/3617/445 2846/3954/445

v 138.179 31.0075 -2.82369
vt 1.33611 0.308575
f 2847/3955/445 2846/3954/445 2650/3617/445

v 136.088 31.0075 -2.82369
vt 1.29431 0.308575
f 2848/3956/445 2846/3954/445 2847/3955/445

v 136.088 29.3571 -2.82369
vt 1.29431 0.292071
f 2849/3957/445 2846/3954/445 2848/3956/445

v 126.008 27.0833 -2.82369
vt 1.09281 0.269333
f 2849/3957/445 2850/3958/445 2846/3954/445

v 125.922 29.3571 -2.82369
vt 1.09109 0.292071
f 2851/3959/445 2850/3958/445 2849/3957/445

f 2850/3958/445 2851/3959/445 2844/3952/445

v 123.702 31.0075 -2.82369
vt 1.04672 0.308575
f 2852/3960/445 2844/3952/445 2851/3959/445

v 123.702 29.3938 -2.82369
vt 1.04672 0.292438
f 2853/3961/445 2844/3952/445 2852/3960/445

f 2842/3951/445 2844/3952/445 2853/3961/445

f 2835/3931/445 2842/3951/445 2853/3961/445

f 2835/3931/445 2836/3932/445 2842/3951/445

vt 1.04436 0.02
vn -1.63713e-14 -1 -3.88578e-16
vt 1.04436 3.52496e-18
f 2842/3962/466 2836/3933/466 2838/3936/466 2843/3963/466 

vt -0.934174 0.269333
v 118.158 29.3938 -4.82369
vt -0.935889 0.292438
vt -1.04436 0.269333
f 2838/3964/462 2854/3965/462 2843/3966/462

vt -0.827418 0.269333
f 2837/3967/462 2854/3965/462 2838/3964/462

v 112.614 29.3938 -4.82369
vt -0.82506 0.292438
f 2854/3965/462 2837/3967/462 2855/3968/462

vt -0.827418 0.253929
f 2839/3969/462 2855/3968/462 2837/3967/462

v 110.394 29.3571 -4.82369
vt -0.780686 0.292071
f 2839/3969/462 2856/3970/462 2855/3968/462

v 110.308 25.4207 -4.82369
vt -0.778971 0.252707
f 2839/3969/462 2857/3971/462 2856/3970/462

f 2688/3769/462 2857/3971/462 2839/3969/462

v 100.121 25.4329 -4.82369
vt -0.575321 0.252829
f 2688/3769/462 2858/3972/462 2857/3971/462

f 2671/3768/462 2858/3972/462 2688/3769/462

v 100.121 27.0833 -4.82369
vt -0.575321 0.269333
f 2858/3972/462 2671/3768/462 2859/3973/462

f 2671/3768/462 2827/3912/462 2859/3973/462

vt -0.577465 0.292071
f 2859/3973/462 2827/3912/462 2830/3974/462

v 110.308 27.0833 -4.82369
vt -0.778971 0.269333
f 2859/3973/462 2830/3974/462 2860/3975/462

f 2860/3975/462 2830/3974/462 2856/3970/462

vt -0.780686 0.02
vt -0.780686 3.52496e-18
f 2829/3919/448 2831/3976/448 2856/3977/448 2830/3920/448 

vt -0.58385 0.02
v 110.394 31.0075 -4.82369
vt -0.58385 3.52496e-18
f 2831/3978/255 2832/3915/255 2861/3916/255 2856/3979/255 

v 112.614 31.0075 -2.82369
vt -0.82506 0.02
v 112.614 31.0075 -4.82369
vt -0.82506 3.52496e-18
f 2832/3976/448 2862/3980/448 2863/3981/448 2861/3977/448 

vt 0.82506 0.308575
f 2862/3982/445 2832/3928/445 2833/3929/445

vt 0.584583 0.02
vt 0.584583 3.52496e-18
f 2862/3922/8 2833/3983/8 2855/3984/8 2863/3925/8 

vt -0.935889 3.52496e-18
f 2833/3980/448 2835/3669/448 2854/3985/448 2855/3981/448 

vt -1.04672 0.02
v 123.702 29.3938 -4.82369
vt -1.04672 3.52496e-18
f 2835/3669/448 2853/3986/448 2864/3987/448 2854/3985/448 

vt -0.584583 0.02
v 123.702 31.0075 -4.82369
vt -0.584583 3.52496e-18
f 2853/3988/255 2852/3915/255 2865/3916/255 2864/3989/255 

v 125.922 31.0075 -2.82369
vt -1.09109 0.02
v 125.922 31.0075 -4.82369
vt -1.09109 3.52496e-18
f 2852/3986/448 2866/3990/448 2867/3991/448 2865/3987/448 

vt 1.09109 0.308575
f 2866/3992/445 2852/3960/445 2851/3959/445

v 125.922 29.3571 -4.82369
f 2866/3922/8 2851/3923/8 2868/3924/8 2867/3925/8 

vt -1.29431 0.02
v 136.088 29.3571 -4.82369
vt -1.29431 3.52496e-18
f 2851/3990/448 2849/3993/448 2869/3994/448 2868/3991/448 

v 136.088 31.0075 -4.82369
f 2849/3978/255 2848/3915/255 2870/3916/255 2869/3979/255 

vt -1.33611 0.02
v 138.179 31.0075 -4.82369
vt -1.33611 3.52496e-18
f 2848/3993/448 2847/3995/448 2871/3996/448 2870/3994/448 

vt 0.577252 0.02
v 138.179 29.0271 -4.82369
vt 0.577252 3.52496e-18
f 2847/3922/8 2691/3997/8 2872/3998/8 2871/3925/8 

f 2847/3955/445 2650/3617/445 2691/3678/445

vt -0.882411 0.02
vn 0.489591 0.871952 3.38822e-16
vt -1.12949 0.02
vt -1.12949 3.52496e-18
vt -0.882411 3.52496e-18
f 2691/3999/467 2693/4000/467 2710/4001/467 2872/4002/467 

vt -1.55155 0.228257
vt -1.33719 0.265421
vt -1.33611 0.28877
f 2710/4003/462 2695/4004/462 2872/4005/462

vt -1.54941 0.203807
f 2695/4004/462 2710/4003/462 2696/4006/462

vt -1.54941 0.187914
f 2696/4006/462 2710/4003/462 2699/4007/462

v 151.38 17.8857 -4.82369
vt -1.6 0.177357
f 2873/4008/462 2699/4007/462 2710/4003/462

f 2689/3771/462 2699/4007/462 2873/4008/462

vt -1.33719 0.249039
f 2689/3771/462 2697/4009/462 2699/4007/462

f 2687/3770/462 2697/4009/462 2689/3771/462

f 2687/3770/462 2872/4005/462 2697/4009/462

vt -1.33611 0.308575
f 2687/3770/462 2871/4010/462 2872/4005/462

v 136.195 25.4329 -4.82369
vt -1.29646 0.252829
f 2874/4011/462 2871/4010/462 2687/3770/462

v 136.195 27.0833 -4.82369
vt -1.29646 0.269333
f 2875/4012/462 2871/4010/462 2874/4011/462

vt -1.29431 0.292071
f 2869/4013/462 2871/4010/462 2875/4012/462

vt -1.29431 0.308575
f 2871/4010/462 2869/4013/462 2870/4014/462

v 126.008 27.0833 -4.82369
vt -1.09281 0.269333
f 2876/4015/462 2869/4013/462 2875/4012/462

vt -1.09109 0.292071
f 2869/4013/462 2876/4015/462 2868/4016/462

v 126.008 25.4207 -4.82369
vt -1.09281 0.252707
f 2877/4017/462 2868/4016/462 2876/4015/462

vt -1.04672 0.292438
f 2877/4017/462 2864/4018/462 2868/4016/462

vt -1.04436 0.253929
f 2877/4017/462 2841/4019/462 2864/4018/462

f 2687/3770/462 2841/4019/462 2877/4017/462

f 2688/3769/462 2841/4019/462 2687/3770/462

vt -0.934174 0.253929
f 2688/3769/462 2840/4020/462 2841/4019/462

f 2688/3769/462 2839/3969/462 2840/4020/462

f 2687/3770/462 2877/4017/462 2874/4011/462

vt -1.09341 0.02
vn -0.00119999 0.999999 3.88578e-16
vt -1.29706 0.02
vt -1.29706 3.52496e-18
vt -1.09341 3.52496e-18
f 2844/4021/468 2845/4022/468 2874/4023/468 2877/4024/468 

vt -0.505405 0.02
vt -0.505405 3.52496e-18
f 2845/4025/255 2846/3948/255 2875/3949/255 2874/4026/255 

vt 1.29646 0.02
vt 1.09281 0.02
vt 1.09281 3.52496e-18
vt 1.29646 3.52496e-18
f 2846/4027/453 2850/4028/453 2876/4029/453 2875/4030/453 

vt 0.505161 0.02
vt 0.505161 3.52496e-18
f 2850/3937/8 2844/4031/8 2877/4032/8 2876/3940/8 

f 2843/3966/462 2864/4018/462 2841/4019/462

f 2843/3966/462 2854/3965/462 2864/4018/462

vt -1.09109 0.308575
f 2868/4016/462 2864/4018/462 2867/4033/462

vt -1.04672 0.308575
f 2867/4033/462 2864/4018/462 2865/4034/462

f 2697/4009/462 2872/4005/462 2695/4004/462

v 161.825 12.0422 -4.82369
vt -1.8088 0.118922
f 2689/3771/462 2873/4008/462 2878/4035/462

vt -1.22323 0.02
vn 0.488246 0.872706 3.39114e-16
vt -1.46248 0.02
vt -1.46248 3.52496e-18
vt -1.22323 3.52496e-18
f 2700/4036/469 2701/4037/469 2878/4038/469 2873/4039/469 

vt -0.237724 0.02
vt -0.269982 0.02
v 161.825 13.6559 -4.82369
vt -0.269982 3.52496e-18
vt -0.237724 3.52496e-18
f 2701/4040/255 2702/4041/255 2879/4042/255 2878/4043/255 

vt 1.43076 0.02
vn -0.500544 -0.865711 -3.36396e-16
vt 1.18957 0.02
v 151.38 19.695 -4.82369
vt 1.18957 3.52496e-18
vt 1.43076 3.52496e-18
f 2702/4044/470 2706/4045/470 2880/4046/470 2879/4047/470 

vt 0.390705 0.02
vt 0.354537 0.02
vt 0.354537 3.52496e-18
vt 0.390705 3.52496e-18
f 2706/4048/8 2700/4049/8 2873/4050/8 2880/4051/8 

vt -1.59786 0.215787
vt -1.6 0.19545
f 2873/4008/462 2713/4052/462 2880/4053/462

f 2873/4008/462 2710/4003/462 2713/4052/462

vt -1.59786 0.249528
f 2713/4052/462 2710/4003/462 2712/4054/462

vt -1.55155 0.249528
f 2712/4054/462 2710/4003/462 2709/4055/462

vt -1.80778 0.154173
f 2714/4056/462 2880/4053/462 2713/4052/462

vt -1.8088 0.135059
f 2880/4053/462 2714/4056/462 2879/4057/462

vt -1.85319 0.18459
f 2714/4056/462 2716/4058/462 2879/4057/462

vt -1.80778 0.18459
f 2716/4058/462 2714/4056/462 2715/4059/462

f 2879/4057/462 2716/4058/462 2878/4035/462

f 2878/4035/462 2716/4058/462 2689/3771/462

vt -1.85319 0.0544168
f 2689/3771/462 2716/4058/462 2718/4060/462

vt -1.87178 0.0284998
f 2689/3771/462 2718/4060/462 2722/4061/462

v 164.976 5.5917 -4.82369
vt -1.87178 0.0544168
f 2722/4061/462 2718/4060/462 2881/4062/462

vt -1.87178 0.02
vt -1.87178 3.52496e-18
f 2717/3726/448 2720/4063/448 2881/4064/448 2718/3727/448 

f 2720/3730/8 2721/3737/8 2723/3740/8 2881/3731/8 

vt -1.87178 0.0309448
f 2722/4061/462 2881/4062/462 2723/4065/462

vt -0.37564 0.02
vt -0.407409 0.02
vt -0.407409 3.52496e-18
vt -0.37564 3.52496e-18
f 2698/4066/255 2694/4067/255 2696/4068/255 2699/4069/255 

vt -0.82506 0.308575
f 2855/3968/462 2856/3970/462 2863/4070/462

vt -0.780686 0.308575
f 2863/4070/462 2856/3970/462 2861/4071/462

f 2860/3975/462 2856/3970/462 2857/3971/462

vt -0.505161 0.02
vt -0.505161 3.52496e-18
f 2682/4072/255 2683/3948/255 2860/3949/255 2857/4073/255 

vt 0.778971 0.02
vt 0.575321 0.02
vt 0.575321 3.52496e-18
vt 0.778971 3.52496e-18
f 2683/4074/453 2680/4075/453 2859/4076/453 2860/4077/453 

vt 0.505405 0.02
vt 0.505405 3.52496e-18
f 2680/3937/8 2681/4078/8 2858/4079/8 2859/3940/8 

vt -0.574714 0.02
vn 0.00119999 0.999999 3.88578e-16
vt -0.778364 0.02
vt -0.778364 3.52496e-18
vt -0.574714 3.52496e-18
f 2681/4080/471 2682/4081/471 2857/4082/471 2858/4083/471 

vt -0.543166 0.02
vt -0.543166 0
f 2652/4084/448 2651/3669/448 2688/3672/448 2671/4085/448 

vt -0.502612 0.02
vn -0.489591 0.871952 3.38822e-16
vt -0.74969 0.02
vt -0.74969 3.52496e-18
vt -0.502612 3.52496e-18
f 2818/4086/472 2677/4087/472 2824/4088/472 2825/4089/472 

v 87.3594 25.1028 -2.82369
vt 0.456285 0.02
vt 0.456285 3.52496e-18
v 87.3594 25.1028 -4.82369
f 2882/3713/8 2818/4090/8 2825/4091/8 2883/3716/8 

vt 0.320223 0.249528
f 2882/4092/445 2817/3885/445 2818/3886/445

vt -0.273919 0.02
vt -0.320223 0.02
vt -0.320223 3.52496e-18
v 85.043 25.1028 -4.82369
vt -0.273919 3.52496e-18
f 2817/4093/448 2882/4094/448 2883/4095/448 2884/4096/448 

vt -0.320223 0.249528
vt -0.273919 0.249528
f 2883/4097/462 2826/3910/462 2884/4098/462

f 2825/3908/462 2826/3910/462 2883/4097/462

vt -0.431358 0.02
vt -0.431358 3.52496e-18
f 2816/4099/255 2817/3705/255 2884/3706/255 2826/4100/255 

v 74.5418 15.5673 -2.82369
vt -0.211161 0.02
vn -0.506056 0.862501 3.35149e-16
vt -0.454547 0.02
vt -0.454547 3.52496e-18
v 74.5418 15.5673 -4.82369
vt -0.211161 3.52496e-18
f 2885/4101/473 2816/4102/473 2826/4103/473 2886/4104/473 

vt 0.063999 0.154173
f 2885/4105/445 2814/3883/445 2816/3884/445

f 2814/3883/445 2885/4105/445 2812/3870/445

f 2811/3869/445 2812/3870/445 2885/4105/445

vt 0.308192 0.02
vt 0.308192 3.52496e-18
f 2811/3729/8 2885/4106/8 2886/4107/8 2800/3732/8 

vt -0.063999 0.154173
f 2799/3849/462 2800/3850/462 2886/4108/462

vt -0.271775 0.19545
f 2799/3849/462 2886/4108/462 2815/4109/462

f 2815/4109/462 2886/4108/462 2826/3910/462

f 2815/4109/462 2826/3910/462 2813/3911/462

vt 0.430844 0.02
vn 0.500544 -0.865711 -3.36396e-16
vt 0.189661 0.02
vt 0.189661 3.52496e-18
vt 0.430844 3.52496e-18
f 2814/4110/474 2812/4111/474 2799/4112/474 2815/4113/474 

vt -0.063999 0.02
vt -0.063999 3.52496e-18
f 2804/3863/448 2811/4114/448 2800/4115/448 2802/3864/448 

vn 1 -3.66435e-11 -1.42389e-26
vt 0.0290021 0.02
vt 0.0290021 0
f 2570/3535/475 2642/4116/475 2730/4117/475 2571/3536/475 

vt 0.117333 0.02
vn 0.998383 -0.0568464 -2.20893e-17
vt 0.112692 0.02
vt 0.112692 0
vt 0.117333 0
f 2642/4118/476 2641/4119/476 2731/4120/476 2730/4121/476 

vt 0.314783 0.02
vn 0.982339 -0.187109 -7.27065e-17
vt 0.309283 0.02
vt 0.309283 0
vt 0.314783 0
f 2641/4122/477 2640/4123/477 2732/4124/477 2731/4125/477 

vt 0.532122 0.02
vn 0.943618 -0.331035 -1.28633e-16
vt 0.526889 0.02
vt 0.526889 0
vt 0.532122 0
f 2640/4126/478 2639/4127/478 2733/4128/478 2732/4129/478 

vt 0.749456 0.02
vn 0.879959 -0.47505 -1.84594e-16
vt 0.744495 0.02
vt 0.744495 0
vt 0.749456 0
f 2639/4130/479 2638/4131/479 2734/4132/479 2733/4133/479 

vt 0.966212 0.02
vn 0.785591 -0.618746 -2.40431e-16
vt 0.961522 0.02
vt 0.961522 0
vt 0.966212 0
f 2638/4134/480 2637/4135/480 2735/4136/480 2734/4137/480 

vt 1.17657 0.02
vn 0.651875 -0.758327 -2.94669e-16
vt 1.17213 0.02
vt 1.17213 0
vt 1.17657 0
f 2637/4138/481 2636/4139/481 2736/4140/481 2735/4141/481 

vt 1.36365 0.02
vn 0.469722 -0.882815 -3.43042e-16
vt 1.3594 0.02
vt 1.3594 0
vt 1.36365 0
f 2636/4142/482 2635/4143/482 2737/4144/482 2736/4145/482 

vt 1.49555 0.02
vn 0.237332 -0.971429 -3.77476e-16
vt 1.49137 0.02
vt 1.49137 0
vt 1.49555 0
f 2635/4146/483 2634/4147/483 2738/4148/483 2737/4149/483 

vt 1.53488 0.02
vn 0.0208644 -0.999782 -3.88493e-16
vt 1.5305 0.02
vt 1.5305 0
vt 1.53488 0
f 2634/4150/484 2633/4151/484 2739/4152/484 2738/4153/484 

vt 1.53083 0.02
vn -5.0969e-11 -1 -3.88578e-16
vt 1.51605 0.02
vt 1.51605 0
f 2633/4154/485 2632/4155/485 2740/4156/485 2739/3598/485 

vn -5.08825e-11 -1 -3.88578e-16
vt 1.49172 0.02
vt 1.49172 0
f 2632/4155/486 2631/4157/486 2741/4158/486 2740/4156/486 

vn -5.09229e-11 -1 -3.88578e-16
vt 1.46164 0.02
vt 1.46164 0
f 2631/4157/487 2630/4159/487 2742/4160/487 2741/4158/487 

vn -5.09802e-11 -1 -3.88578e-16
vt 1.42965 0.02
vt 1.42965 0
f 2630/4159/488 2629/4161/488 2743/4162/488 2742/4160/488 

vn -5.10129e-11 -1 -3.88578e-16
vt 1.39958 0.02
vt 1.39958 0
f 2629/4161/489 2628/4163/489 2744/4164/489 2743/4162/489 

vt 1.37524 0.02
vt 1.37524 0
f 2628/4163/486 2627/4165/486 2745/4166/486 2744/4164/486 

vn -5.07859e-11 -1 -3.88578e-16
vt 1.36047 0.02
vt 1.36047 0
f 2627/4165/490 2626/4167/490 2746/4168/490 2745/4166/490 

vt 1.3602 0.02
vn -0.0196098 -0.999808 -3.88503e-16
vt 1.35598 0.02
vt 1.35598 0
vt 1.3602 0
f 2626/4169/491 2625/4170/491 2747/4171/491 2746/4172/491 

vt 1.31748 0.02
vn -0.237332 -0.971429 -3.77476e-16
vt 1.31369 0.02
vt 1.31369 0
vt 1.31748 0
f 2625/4173/492 2624/4174/492 2748/4175/492 2747/4176/492 

vt 1.19361 0.02
vn -0.469722 -0.882815 -3.43042e-16
vt 1.18975 0.02
vt 1.18975 0
vt 1.19361 0
f 2624/4177/493 2623/4178/493 2749/4179/493 2748/4180/493 

vt 1.02129 0.02
vn -0.651875 -0.758327 -2.94669e-16
vt 1.01727 0.02
vt 1.01727 0
vt 1.02129 0
f 2623/4181/494 2622/4182/494 2750/4183/494 2749/4184/494 

vt 0.828653 0.02
vn -0.785591 -0.618746 -2.40431e-16
vt 0.824406 0.02
vt 0.824406 0
vt 0.828653 0
f 2622/4185/495 2621/4186/495 2751/4187/495 2750/4188/495 

vt 0.630526 0.02
vn -0.879959 -0.47505 -1.84594e-16
vt 0.626034 0.02
vt 0.626034 0
vt 0.630526 0
f 2621/4189/496 2620/4190/496 2752/4191/496 2751/4192/496 

vt 0.432051 0.02
vn -0.943618 -0.331035 -1.28633e-16
vt 0.427313 0.02
vt 0.427313 0
vt 0.432051 0
f 2620/4193/497 2619/4194/497 2753/4195/497 2752/4196/497 

vt 0.233817 0.02
vn -0.982339 -0.187109 -7.27065e-17
vt 0.228837 0.02
vt 0.228837 0
vt 0.233817 0
f 2619/4197/498 2618/4198/498 2754/4199/498 2753/4200/498 

vt 0.053909 0.02
vn -0.99839 -0.056719 -2.20398e-17
vt 0.0496972 0.02
vt 0.0496972 0
vt 0.053909 0
f 2618/4201/499 2617/4202/499 2755/4203/499 2754/4204/499 

vt -0.0262701 0.02
vn -1 4.17284e-11 1.62147e-26
vt -0.0279993 0.02
vt -0.0279993 0
vt -0.0262701 0
f 2617/4205/500 2616/4206/500 2756/4207/500 2755/4208/500 

vn -1 4.32504e-11 1.68062e-26
vt -0.0316696 0.02
vt -0.0316696 0
f 2616/4206/501 2615/4209/501 2757/4210/501 2756/4207/501 

vn -1 4.08806e-11 1.58853e-26
vt -0.0366116 0.02
vt -0.0366116 0
f 2615/4209/502 2614/4211/502 2758/4212/502 2757/4210/502 

vn -1 4.16444e-11 1.61821e-26
vt -0.0421561 0.02
vt -0.0421561 0
f 2614/4211/503 2613/4213/503 2759/4214/503 2758/4212/503 

vn -1 4.21533e-11 1.63799e-26
vt -0.0476336 0.02
vt -0.0476336 0
f 2613/4213/504 2612/4215/504 2760/4216/504 2759/4214/504 

vn -1 3.95683e-11 1.53754e-26
vt -0.0523748 0.02
vt -0.0523748 0
f 2612/4215/505 2611/4217/505 2761/4218/505 2760/4216/505 

vn -1 4.32635e-11 1.68113e-26
vt -0.0557104 0.02
vt -0.0557104 0
f 2611/4217/506 2610/4219/506 2762/4220/506 2761/4218/506 

vn -1 3.43428e-11 1.33449e-26
f 2610/4219/507 2609/3644/507 2763/3645/507 2762/4220/507 

vt 1.33862 0.02
vn -5.16759e-11 -1 -3.88578e-16
vt 0.935889 0.02
vt 0.935889 0
vt 1.33862 0
f 2609/4221/508 2608/4222/508 2764/4223/508 2763/4224/508 

vn 1.32073e-14 -1 -3.88578e-16
vt 0.526144 0.02
vt 0.526144 0
f 2608/4222/509 2607/4225/509 2765/4226/509 2764/4223/509 

vt 0.0557104 0.02
vt 0.0557104 0
f 2607/3738/8 2606/4227/8 2766/4228/8 2765/3749/8 

vt 0.0523748 0.02
vt 0.0523748 0
f 2606/4227/8 2605/4229/8 2767/4230/8 2766/4228/8 

vt 0.0476336 0.02
vt 0.0476336 0
f 2605/4229/8 2604/4231/8 2768/4232/8 2767/4230/8 

vt 0.0421561 0.02
vt 0.0421561 0
f 2604/4231/8 2603/4233/8 2769/4234/8 2768/4232/8 

vt 0.0366116 0.02
vt 0.0366116 0
f 2603/4233/8 2602/4235/8 2770/4236/8 2769/4234/8 

vt 0.0316696 0.02
vt 0.0316696 0
f 2602/4235/8 2601/4237/8 2771/4238/8 2770/4236/8 

vt 0.0279993 0.02
vt 0.0279993 0
f 2601/4237/8 2600/4239/8 2772/4240/8 2771/4238/8 

vt 0.0262701 0.02
vt 0.0262701 0
f 2600/4239/8 2599/4241/8 2773/4242/8 2772/4240/8 

vt 0.0560702 0.02
vn 0.99839 -0.056719 -2.20398e-17
vt 0.0518583 0.02
vt 0.0518583 0
vt 0.0560702 0
f 2599/4243/510 2598/4244/510 2774/4245/510 2773/4246/510 

vt 0.120077 0.02
vt 0.115097 0.02
vt 0.115097 0
vt 0.120077 0
f 2598/4247/477 2597/4248/477 2775/4249/477 2774/4250/477 

vt 0.189989 0.02
vt 0.185251 0.02
vt 0.185251 0
vt 0.189989 0
f 2597/4251/478 2596/4252/478 2776/4253/478 2775/4254/478 

vt 0.25982 0.02
vt 0.255328 0.02
vt 0.255328 0
vt 0.25982 0
f 2596/4255/479 2595/4256/479 2777/4257/479 2776/4258/479 

vt 0.329407 0.02
vt 0.32516 0.02
vt 0.32516 0
vt 0.329407 0
f 2595/4259/480 2594/4260/480 2778/4261/480 2777/4262/480 

vt 0.396829 0.02
vt 0.392807 0.02
vt 0.392807 0
vt 0.396829 0
f 2594/4263/481 2593/4264/481 2779/4265/481 2778/4266/481 

vt 0.456484 0.02
vt 0.452633 0.02
vt 0.452633 0
vt 0.456484 0
f 2593/4267/482 2592/4268/482 2780/4269/482 2779/4270/482 

vt 0.497792 0.02
vt 0.494004 0.02
vt 0.494004 0
vt 0.497792 0
f 2592/4271/483 2591/4272/483 2781/4273/483 2780/4274/483 

vt 0.508418 0.02
vn 0.0196098 -0.999808 -3.88503e-16
vt 0.504198 0.02
vt 0.504198 0
vt 0.508418 0
f 2591/4275/511 2590/4276/511 2782/4277/511 2781/4278/511 

vt 0.504295 0.02
vt 0.489519 0.02
vt 0.489519 0
vt 0.504295 0
f 2590/4279/453 2589/4280/453 2783/4281/453 2782/4282/453 

vn -1.11178e-13 -1 -3.88578e-16
vt 0.465181 0.02
vt 0.465181 0
f 2589/4280/512 2588/4283/512 2784/4284/512 2783/4281/512 

vt 0.435107 0.02
vt 0.435107 0
f 2588/4283/453 2587/4285/453 2785/4286/453 2784/4284/453 

vn 8.4591e-14 -1 -3.88578e-16
vt 0.40312 0.02
vt 0.40312 0
f 2587/4285/513 2586/4287/513 2786/4288/513 2785/4286/513 

vn -1.7994e-13 -1 -3.88578e-16
vt 0.373045 0.02
vt 0.373045 0
f 2586/4287/514 2585/4289/514 2787/4290/514 2786/4288/514 

vn 2.22356e-13 -1 -3.88578e-16
vt 0.348707 0.02
vt 0.348707 0
f 2585/4289/515 2584/4291/515 2788/4292/515 2787/4290/515 

vn -1.83122e-13 -1 -3.88578e-16
vt 0.333931 0.02
vt 0.333931 0
f 2584/4291/516 2583/4293/516 2789/4294/516 2788/4292/516 

vt 0.333859 0.02
vn -0.0208644 -0.999782 -3.88493e-16
vt 0.329479 0.02
vt 0.329479 0
vt 0.333859 0
f 2583/4295/517 2582/4296/517 2790/4297/517 2789/4298/517 

vt 0.320115 0.02
vt 0.315932 0.02
vt 0.315932 0
vt 0.320115 0
f 2582/4299/492 2581/4300/492 2791/4301/492 2790/4302/492 

vt 0.286837 0.02
vt 0.282583 0.02
vt 0.282583 0
vt 0.286837 0
f 2581/4303/493 2580/4304/493 2792/4305/493 2791/4306/493 

vt 0.24197 0.02
vt 0.237529 0.02
vt 0.237529 0
vt 0.24197 0
f 2580/4307/494 2579/4308/494 2793/4309/494 2792/4310/494 

vt 0.192292 0.02
vt 0.187602 0.02
vt 0.187602 0
vt 0.192292 0
f 2579/4311/495 2578/4312/495 2794/4313/495 2793/4314/495 

vt 0.141359 0.02
vt 0.136398 0.02
vt 0.136398 0
vt 0.141359 0
f 2578/4315/496 2577/4316/496 2795/4317/496 2794/4318/496 

vt 0.0904132 0.02
vt 0.0851799 0.02
vt 0.0851799 0
vt 0.0904132 0
f 2577/4319/497 2576/4320/497 2796/4321/497 2795/4322/497 

vt 0.0396305 0.02
vt 0.0341303 0.02
vt 0.0341303 0
vt 0.0396305 0
f 2576/4323/498 2575/4324/498 2797/4325/498 2796/4326/498 

vt -0.00668706 0.02
vn -0.998383 -0.0568464 -2.20893e-17
vt -0.0113281 0.02
vt -0.0113281 0
vt -0.00668706 0
f 2575/4327/518 2574/4328/518 2662/4329/518 2797/4330/518 

