# Alias OBJ Model File
# Exported from SketchUp, (c) 2000-2012 Trimble Navigation Limited
# File units = millimeters

mtllib 1.mtl

g Mesh1 ___556_1 Model

usemtl _
v 300.277 3.75 -125.84
vt 2.51553 0.03
vn 1 0 1.04655e-11
v 300.277 3.75 -100.17
vt 2.0024 0.03
vn 1 0 1.04516e-11
v 300.277 0.75 -100.17
vt 2.0024 0
v 300.277 0.75 -125.84
vt 2.51553 0
f 1/1/1 2/2/2 3/3/2 4/4/1 

v 300.277 3.75 -194.792
vt 6.00253 1.94792
vn 0 1 -0
v 300.277 3.75 -200.421
vt 6.00253 2.00421
v 300.277 3.75 -215.35
vt 6.00253 2.1535
v 300.277 3.75 -236.642
vt 6.00253 2.36642
v 300.277 3.75 -261.361
vt 6.00253 2.61361
v 300.277 3.75 -286.569
vt 6.00253 2.86569
v 300.277 3.75 -309.329
vt 6.00253 3.09329
v 300.277 3.75 -326.706
vt 6.00253 3.26706
v 300.277 3.75 -335.761
vt 6.00253 3.35761
v 300.229 3.75 -337.513
vt 6.00157 3.37513
v 299.984 3.75 -339.067
vt 5.99668 3.39067
v 299.548 3.75 -340.496
vt 5.98797 3.40496
v 298.938 3.75 -341.77
vt 5.97577 3.4177
v 298.171 3.75 -342.86
vt 5.96044 3.4286
v 297.264 3.75 -343.734
vt 5.94232 3.43734
v 296.236 3.75 -344.365
vt 5.92175 3.44365
v 295.102 3.75 -344.721
vt 5.8991 3.44721
v 293.624 3.75 -344.791
vt 5.86955 3.44791
v 284.416 3.75 -344.783
vt 5.68548 3.44783
v 266.747 3.75 -344.767
vt 5.33226 3.44767
v 243.602 3.75 -344.746
vt 4.8696 3.44746
v 217.969 3.75 -344.722
vt 4.35719 3.44722
v 192.833 3.75 -344.7
vt 3.85473 3.447
v 171.182 3.75 -344.68
vt 3.42192 3.4468
v 156.001 3.75 -344.666
vt 3.11845 3.44666
v 150.277 3.75 -344.661
vt 3.00403 3.44661
v 144.542 3.75 -344.666
vt 2.88939 3.44666
v 129.332 3.75 -344.68
vt 2.58534 3.4468
v 107.639 3.75 -344.7
vt 2.1517 3.447
v 82.4549 3.75 -344.722
vt 1.64827 3.44722
v 56.7723 3.75 -344.746
vt 1.13488 3.44746
v 33.5832 3.75 -344.767
vt 0.671328 3.44767
v 15.8797 3.75 -344.783
vt 0.317434 3.44783
v 6.65387 3.75 -344.791
vt 0.133011 3.44791
v 5.17442 3.75 -344.721
vt 0.103437 3.44721
v 4.04098 3.75 -344.365
vt 0.0807791 3.44365
v 3.01235 3.75 -343.734
vt 0.060217 3.43734
v 2.10588 3.75 -342.86
vt 0.0420966 3.4286
v 1.33889 3.75 -341.77
vt 0.0267645 3.4177
v 0.728715 3.75 -340.496
vt 0.014567 3.40496
v 0.292678 3.75 -339.067
vt 0.00585063 3.39067
v 0.0481122 3.75 -337.513
vt 0.000961763 3.37513
v 1.80478e-11 3.75 -335.761
vt 3.60775e-13 3.35761
v 3.29914e-10 3.75 -326.706
vt 6.59497e-12 3.26706
v 9.27656e-10 3.75 -309.329
vt 1.85438e-11 3.09329
v 1.71093e-09 3.75 -286.569
vt 3.42015e-11 2.86569
v 2.57795e-09 3.75 -261.361
vt 5.15331e-11 2.61361
v 3.42836e-09 3.75 -236.642
vt 6.85329e-11 2.36642
v 4.1611e-09 3.75 -215.35
vt 8.31803e-11 2.1535
v 4.6751e-09 3.75 -200.421
vt 9.34552e-11 2.00421
v 4.86857e-09 3.75 -194.792
vt 9.73227e-11 1.94792
v 4.66644e-09 3.75 -188.908
vt 9.3282e-11 1.88908
v 4.1315e-09 3.75 -173.357
vt 8.25887e-11 1.73357
v 3.37133e-09 3.75 -151.284
vt 6.73928e-11 1.51284
v 2.49637e-09 3.75 -125.84
vt 4.99024e-11 1.2584
v 1.61275e-09 3.75 -100.17
vt 3.22389e-11 1.0017
v 8.30198e-10 3.75 -77.4232
vt 1.65957e-11 0.774232
v 2.56279e-10 3.75 -60.7473
vt 5.12301e-12 0.607473
v 0 3.75 -53.29
vt 0 0.5329
v 0.0828288 3.75 -51.734
vt 0.00165575 0.51734
v 0.378158 3.75 -50.1695
vt 0.00755937 0.501695
v 0.869775 3.75 -48.7433
vt 0.0173868 0.487433
v 1.53911 3.75 -47.4874
vt 0.0307667 0.474874
v 2.36757 3.75 -46.4337
vt 0.0473278 0.464337
v 3.33661 3.75 -45.6141
vt 0.0666988 0.456141
v 4.42763 3.75 -45.0607
vt 0.0885082 0.450607
v 5.62206 3.75 -44.8054
vt 0.112385 0.448054
v 8.07423 3.75 -44.7945
vt 0.161404 0.447945
v 16.9951 3.75 -44.8066
vt 0.339731 0.448066
v 30.9646 3.75 -44.8256
vt 0.618982 0.448256
v 47.8409 3.75 -44.8485
vt 0.95634 0.448485
v 65.4822 3.75 -44.8724
vt 1.30899 0.448724
v 81.7466 3.75 -44.8945
vt 1.63411 0.448945
v 94.4922 3.75 -44.9118
vt 1.8889 0.449118
v 101.577 3.75 -44.9214
vt 2.03053 0.449214
v 102.35 3.75 -44.9206
vt 2.04597 0.449206
v 102.35 3.75 -44.8916
vt 2.04597 0.448916
v 102.35 3.75 -44.8451
vt 2.04597 0.448451
v 102.35 3.75 -44.8044
vt 2.04597 0.448044
v 102.35 3.75 -44.4489
vt 2.04597 0.444489
v 102.35 3.75 -41.3062
vt 2.04597 0.413062
v 102.35 3.75 -35.6524
vt 2.04597 0.356524
v 102.35 3.75 -28.4378
vt 2.04597 0.284378
v 102.35 3.75 -20.6124
vt 2.04597 0.206124
v 102.35 3.75 -13.1264
vt 2.04597 0.131264
v 102.35 3.75 -6.92971
vt 2.04597 0.0692971
v 102.35 3.75 -2.97258
vt 2.04597 0.0297258
v 102.353 3.75 -1.92551
vt 2.04604 0.0192551
v 102.416 3.75 -1.52763
vt 2.04729 0.0152763
v 102.551 3.75 -1.15912
vt 2.04999 0.0115912
v 102.751 3.75 -0.827748
vt 2.05399 0.00827748
v 103.008 3.75 -0.541319
vt 2.05913 0.00541319
v 103.315 3.75 -0.307622
vt 2.06526 0.00307622
v 103.663 3.75 -0.134449
vt 2.07222 0.00134449
v 104.045 3.75 -0.0295943
vt 2.07986 0.000295943
v 104.435 3.75 -2.0547e-09
vt 2.08766 2.0547e-11
v 106.844 3.75 -2.25521e-09
vt 2.13581 2.25521e-11
v 112.23 3.75 -2.70342e-09
vt 2.24347 2.70342e-11
v 119.577 3.75 -3.3147e-09
vt 2.39034 3.3147e-11
v 127.868 3.75 -4.00458e-09
vt 2.55608 4.00458e-11
v 136.086 3.75 -4.68832e-09
vt 2.72036 4.68832e-11
v 143.215 3.75 -5.28146e-09
vt 2.86287 5.28146e-11
v 148.238 3.75 -5.69936e-09
vt 2.96328 5.69936e-11
v 150.138 3.75 -5.85759e-09
vt 3.00127 5.85759e-11
v 152.039 3.75 -5.61403e-09
vt 3.03925 5.61403e-11
v 157.062 3.75 -4.97027e-09
vt 3.13966 4.97027e-11
v 164.191 3.75 -4.05669e-09
vt 3.28217 4.05669e-11
v 172.409 3.75 -3.00333e-09
vt 3.44646 3.00333e-11
v 180.7 3.75 -1.94077e-09
vt 3.61219 1.94077e-11
v 188.047 3.75 -9.99125e-10
vt 3.75906 9.99125e-12
v 193.433 3.75 -3.08798e-10
vt 3.86673 3.08798e-12
v 195.842 3.75 -0
vt 3.91488 0
v 196.232 3.75 -0.0295943
vt 3.92268 0.000295943
v 196.614 3.75 -0.134449
vt 3.93031 0.00134449
v 196.962 3.75 -0.307622
vt 3.93727 0.00307622
v 197.269 3.75 -0.541319
vt 3.9434 0.00541319
v 197.526 3.75 -0.827748
vt 3.94855 0.00827748
v 197.726 3.75 -1.15912
vt 3.95255 0.0115912
v 197.861 3.75 -1.52763
vt 3.95525 0.0152763
v 197.924 3.75 -1.92551
vt 3.95649 0.0192551
v 197.927 3.75 -2.97258
vt 3.95656 0.0297258
v 197.927 3.75 -6.92971
vt 3.95656 0.0692971
v 197.927 3.75 -13.1264
vt 3.95656 0.131264
v 197.927 3.75 -20.6124
vt 3.95656 0.206124
v 197.927 3.75 -28.4378
vt 3.95656 0.284378
v 197.927 3.75 -35.6524
vt 3.95656 0.356524
v 197.927 3.75 -41.3062
vt 3.95656 0.413062
v 197.927 3.75 -44.4489
vt 3.95656 0.444489
v 197.927 3.75 -44.8044
vt 3.95656 0.448044
v 197.927 3.75 -44.8451
vt 3.95656 0.448451
v 197.927 3.75 -44.8916
vt 3.95656 0.448916
v 197.927 3.75 -44.9206
vt 3.95656 0.449206
v 198.7 3.75 -44.9214
vt 3.97201 0.449214
v 205.785 3.75 -44.9118
vt 4.11363 0.449118
v 218.53 3.75 -44.8945
vt 4.36842 0.448945
v 234.795 3.75 -44.8724
vt 4.69354 0.448724
v 252.436 3.75 -44.8485
vt 5.04619 0.448485
v 269.312 3.75 -44.8256
vt 5.38355 0.448256
v 283.282 3.75 -44.8066
vt 5.6628 0.448066
v 292.203 3.75 -44.7945
vt 5.84113 0.447945
v 294.655 3.75 -44.8054
vt 5.89015 0.448054
v 295.849 3.75 -45.0607
vt 5.91402 0.450607
v 296.94 3.75 -45.6141
vt 5.93583 0.456141
v 297.909 3.75 -46.4337
vt 5.95521 0.464337
v 298.738 3.75 -47.4874
vt 5.97177 0.474874
v 299.407 3.75 -48.7433
vt 5.98515 0.487433
v 299.899 3.75 -50.1695
vt 5.99497 0.501695
v 300.194 3.75 -51.734
vt 6.00088 0.51734
v 300.277 3.75 -53.29
vt 6.00253 0.5329
v 300.277 3.75 -60.7473
vt 6.00253 0.607473
v 300.277 3.75 -77.4232
vt 6.00253 0.774232
vt 6.00253 1.0017
vt 6.00253 1.2584
v 300.277 3.75 -151.284
vt 6.00253 1.51284
v 300.277 3.75 -173.357
vt 6.00253 1.73357
v 300.277 3.75 -188.908
vt 6.00253 1.88908
f 5/5/3 6/6/3 7/7/3 8/8/3 9/9/3 10/10/3 11/11/3 12/12/3 13/13/3 14/14/3 15/15/3 16/16/3 17/17/3 18/18/3 19/19/3 20/20/3 21/21/3 22/22/3 23/23/3 24/24/3 25/25/3 26/26/3 27/27/3 28/28/3 29/29/3 30/30/3 31/31/3 32/32/3 33/33/3 34/34/3 35/35/3 36/36/3 37/37/3 38/38/3 39/39/3 40/40/3 41/41/3 42/42/3 43/43/3 44/44/3 45/45/3 46/46/3 47/47/3 48/48/3 49/49/3 50/50/3 51/51/3 52/52/3 53/53/3 54/54/3 55/55/3 56/56/3 57/57/3 58/58/3 59/59/3 60/60/3 61/61/3 62/62/3 63/63/3 64/64/3 65/65/3 66/66/3 67/67/3 68/68/3 69/69/3 70/70/3 71/71/3 72/72/3 73/73/3 74/74/3 75/75/3 76/76/3 77/77/3 78/78/3 79/79/3 80/80/3 81/81/3 82/82/3 83/83/3 84/84/3 85/85/3 86/86/3 87/87/3 88/88/3 89/89/3 90/90/3 91/91/3 92/92/3 93/93/3 94/94/3 95/95/3 96/96/3 97/97/3 98/98/3 99/99/3 100/100/3 101/101/3 102/102/3 103/103/3 104/104/3 105/105/3 106/106/3 107/107/3 108/108/3 109/109/3 110/110/3 111/111/3 112/112/3 113/113/3 114/114/3 115/115/3 116/116/3 117/117/3 118/118/3 119/119/3 120/120/3 121/121/3 122/122/3 123/123/3 124/124/3 125/125/3 126/126/3 127/127/3 128/128/3 129/129/3 130/130/3 131/131/3 132/132/3 133/133/3 134/134/3 135/135/3 136/136/3 137/137/3 138/138/3 139/139/3 140/140/3 141/141/3 142/142/3 143/143/3 144/144/3 145/145/3 146/146/3 147/147/3 148/148/3 149/149/3 150/150/3 151/151/3 152/152/3 153/153/3 154/154/3 155/155/3 2/156/3 1/157/3 156/158/3 157/159/3 158/160/3 

vt 4.00641 0.03
vn 1 0 7.93452e-11
vt 3.89389 0.03
vn 1 0 4.49079e-11
v 300.277 0.75 -194.792
vt 3.89389 0
v 300.277 0.75 -200.421
vt 4.00641 0
f 6/161/4 5/162/5 159/163/5 160/164/4 

vt 3.77628 0.03
vn 1 0 1.04603e-11
v 300.277 0.75 -188.908
vt 3.77628 0
f 5/162/5 158/165/6 161/166/6 159/163/5 

vt 3.4654 0.03
vn 1 0 1.04786e-11
v 300.277 0.75 -173.357
vt 3.4654 0
f 158/165/6 157/167/7 162/168/7 161/166/6 

vt 3.02418 0.03
vn 1 0 1.04677e-11
v 300.277 0.75 -151.284
vt 3.02418 0
f 157/167/7 156/169/8 163/170/8 162/168/7 

f 156/169/8 1/1/1 4/4/1 163/170/8 

vt -6.00253 2.00421
vn 0 -1 -0
vt -6.00253 1.94792
vt -6.00253 1.88908
vt -6.00253 1.73357
vt -6.00253 1.51284
vt -6.00253 1.2584
vt -6.00253 1.0017
v 300.277 0.75 -77.4232
vt -6.00253 0.774232
v 300.277 0.75 -60.7473
vt -6.00253 0.607473
v 300.277 0.75 -53.29
vt -6.00253 0.5329
v 300.194 0.75 -51.734
vt -6.00088 0.51734
v 299.899 0.75 -50.1695
vt -5.99497 0.501695
v 299.407 0.75 -48.7433
vt -5.98515 0.487433
v 298.738 0.75 -47.4874
vt -5.97177 0.474874
v 297.909 0.75 -46.4337
vt -5.95521 0.464337
v 296.94 0.75 -45.6141
vt -5.93583 0.456141
v 295.849 0.75 -45.0607
vt -5.91402 0.450607
v 294.655 0.75 -44.8054
vt -5.89015 0.448054
v 292.203 0.75 -44.7945
vt -5.84113 0.447945
v 283.282 0.75 -44.8066
vt -5.6628 0.448066
v 269.312 0.75 -44.8256
vt -5.38355 0.448256
v 252.436 0.75 -44.8485
vt -5.04619 0.448485
v 234.795 0.75 -44.8724
vt -4.69354 0.448724
v 218.53 0.75 -44.8945
vt -4.36842 0.448945
v 205.785 0.75 -44.9118
vt -4.11363 0.449118
v 198.7 0.75 -44.9214
vt -3.97201 0.449214
v 197.927 0.75 -44.9206
vt -3.95656 0.449206
v 197.927 0.75 -44.8916
vt -3.95656 0.448916
v 197.927 0.75 -44.8451
vt -3.95656 0.448451
v 197.927 0.75 -44.8044
vt -3.95656 0.448044
v 197.927 0.75 -44.4489
vt -3.95656 0.444489
v 197.927 0.75 -41.3062
vt -3.95656 0.413062
v 197.927 0.75 -35.6524
vt -3.95656 0.356524
v 197.927 0.75 -28.4378
vt -3.95656 0.284378
v 197.927 0.75 -20.6124
vt -3.95656 0.206124
v 197.927 0.75 -13.1264
vt -3.95656 0.131264
v 197.927 0.75 -6.92971
vt -3.95656 0.0692971
v 197.927 0.75 -2.97258
vt -3.95656 0.0297258
v 197.924 0.75 -1.92551
vt -3.95649 0.0192551
v 197.861 0.75 -1.52763
vt -3.95525 0.0152763
v 197.726 0.75 -1.15912
vt -3.95255 0.0115912
v 197.526 0.75 -0.827748
vt -3.94855 0.00827748
v 197.269 0.75 -0.541319
vt -3.9434 0.00541319
v 196.962 0.75 -0.307622
vt -3.93727 0.00307622
v 196.614 0.75 -0.134449
vt -3.93031 0.00134449
v 196.232 0.75 -0.0295943
vt -3.92268 0.000295943
v 195.842 0.75 -0
vt -3.91488 0
v 193.433 0.75 -3.08798e-10
vt -3.86673 3.08798e-12
v 188.047 0.75 -9.99125e-10
vt -3.75906 9.99125e-12
v 180.7 0.75 -1.94077e-09
vt -3.61219 1.94077e-11
v 172.409 0.75 -3.00333e-09
vt -3.44646 3.00333e-11
v 164.191 0.75 -4.05669e-09
vt -3.28217 4.05669e-11
v 157.062 0.75 -4.97027e-09
vt -3.13966 4.97027e-11
v 152.039 0.75 -5.61403e-09
vt -3.03925 5.61403e-11
v 150.138 0.75 -5.85759e-09
vt -3.00127 5.85759e-11
v 148.238 0.75 -5.69936e-09
vt -2.96328 5.69936e-11
v 143.215 0.75 -5.28146e-09
vt -2.86287 5.28146e-11
v 136.086 0.75 -4.68832e-09
vt -2.72036 4.68832e-11
v 127.868 0.75 -4.00458e-09
vt -2.55608 4.00458e-11
v 119.577 0.75 -3.3147e-09
vt -2.39034 3.3147e-11
v 112.23 0.75 -2.70342e-09
vt -2.24347 2.70342e-11
v 106.844 0.75 -2.25521e-09
vt -2.13581 2.25521e-11
v 104.435 0.75 -2.0547e-09
vt -2.08766 2.0547e-11
v 104.045 0.75 -0.0295943
vt -2.07986 0.000295943
v 103.663 0.75 -0.134449
vt -2.07222 0.00134449
v 103.315 0.75 -0.307622
vt -2.06526 0.00307622
v 103.008 0.75 -0.541319
vt -2.05913 0.00541319
v 102.751 0.75 -0.827748
vt -2.05399 0.00827748
v 102.551 0.75 -1.15912
vt -2.04999 0.0115912
v 102.416 0.75 -1.52763
vt -2.04729 0.0152763
v 102.353 0.75 -1.92551
vt -2.04604 0.0192551
v 102.35 0.75 -2.97258
vt -2.04597 0.0297258
v 102.35 0.75 -6.92971
vt -2.04597 0.0692971
v 102.35 0.75 -13.1264
vt -2.04597 0.131264
v 102.35 0.75 -20.6124
vt -2.04597 0.206124
v 102.35 0.75 -28.4378
vt -2.04597 0.284378
v 102.35 0.75 -35.6524
vt -2.04597 0.356524
v 102.35 0.75 -41.3062
vt -2.04597 0.413062
v 102.35 0.75 -44.4489
vt -2.04597 0.444489
v 102.35 0.75 -44.8044
vt -2.04597 0.448044
v 102.35 0.75 -44.8451
vt -2.04597 0.448451
v 102.35 0.75 -44.8916
vt -2.04597 0.448916
v 102.35 0.75 -44.9206
vt -2.04597 0.449206
v 101.577 0.75 -44.9214
vt -2.03053 0.449214
v 94.4922 0.75 -44.9118
vt -1.8889 0.449118
v 81.7466 0.75 -44.8945
vt -1.63411 0.448945
v 65.4822 0.75 -44.8724
vt -1.30899 0.448724
v 47.8409 0.75 -44.8485
vt -0.95634 0.448485
v 30.9646 0.75 -44.8256
vt -0.618982 0.448256
v 16.9951 0.75 -44.8066
vt -0.339731 0.448066
v 8.07423 0.75 -44.7945
vt -0.161404 0.447945
v 5.62206 0.75 -44.8054
vt -0.112385 0.448054
v 4.42763 0.75 -45.0607
vt -0.0885082 0.450607
v 3.33661 0.75 -45.6141
vt -0.0666988 0.456141
v 2.36757 0.75 -46.4337
vt -0.0473278 0.464337
v 1.53911 0.75 -47.4874
vt -0.0307667 0.474874
v 0.869775 0.75 -48.7433
vt -0.0173868 0.487433
v 0.378158 0.75 -50.1695
vt -0.00755937 0.501695
v 0.0828288 0.75 -51.734
vt -0.00165575 0.51734
v 0 0.75 -53.29
v 2.56279e-10 0.75 -60.7473
vt -5.12301e-12 0.607473
v 8.30198e-10 0.75 -77.4232
vt -1.65957e-11 0.774232
v 1.61275e-09 0.75 -100.17
vt -3.22389e-11 1.0017
v 2.49637e-09 0.75 -125.84
vt -4.99024e-11 1.2584
v 3.37133e-09 0.75 -151.284
vt -6.73928e-11 1.51284
v 4.1315e-09 0.75 -173.357
vt -8.25887e-11 1.73357
v 4.66644e-09 0.75 -188.908
vt -9.3282e-11 1.88908
v 4.86857e-09 0.75 -194.792
vt -9.73227e-11 1.94792
v 4.6751e-09 0.75 -200.421
vt -9.34552e-11 2.00421
v 4.1611e-09 0.75 -215.35
vt -8.31803e-11 2.1535
v 3.42836e-09 0.75 -236.642
vt -6.85329e-11 2.36642
v 2.57795e-09 0.75 -261.361
vt -5.15331e-11 2.61361
v 1.71093e-09 0.75 -286.569
vt -3.42015e-11 2.86569
v 9.27656e-10 0.75 -309.329
vt -1.85438e-11 3.09329
v 3.29914e-10 0.75 -326.706
vt -6.59497e-12 3.26706
v 1.80478e-11 0.75 -335.761
vt -3.60775e-13 3.35761
v 0.0481122 0.75 -337.513
vt -0.000961763 3.37513
v 0.292678 0.75 -339.067
vt -0.00585063 3.39067
v 0.728715 0.75 -340.496
vt -0.014567 3.40496
v 1.33889 0.75 -341.77
vt -0.0267645 3.4177
v 2.10588 0.75 -342.86
vt -0.0420966 3.4286
v 3.01235 0.75 -343.734
vt -0.060217 3.43734
v 4.04098 0.75 -344.365
vt -0.0807791 3.44365
v 5.17442 0.75 -344.721
vt -0.103437 3.44721
v 6.65387 0.75 -344.791
vt -0.133011 3.44791
v 15.8797 0.75 -344.783
vt -0.317434 3.44783
v 33.5832 0.75 -344.767
vt -0.671328 3.44767
v 56.7723 0.75 -344.746
vt -1.13488 3.44746
v 82.4549 0.75 -344.722
vt -1.64827 3.44722
v 107.639 0.75 -344.7
vt -2.1517 3.447
v 129.332 0.75 -344.68
vt -2.58534 3.4468
v 144.542 0.75 -344.666
vt -2.88939 3.44666
v 150.277 0.75 -344.661
vt -3.00403 3.44661
v 156.001 0.75 -344.666
vt -3.11845 3.44666
v 171.182 0.75 -344.68
vt -3.42192 3.4468
v 192.833 0.75 -344.7
vt -3.85473 3.447
v 217.969 0.75 -344.722
vt -4.35719 3.44722
v 243.602 0.75 -344.746
vt -4.8696 3.44746
v 266.747 0.75 -344.767
vt -5.33226 3.44767
v 284.416 0.75 -344.783
vt -5.68548 3.44783
v 293.624 0.75 -344.791
vt -5.86955 3.44791
v 295.102 0.75 -344.721
vt -5.8991 3.44721
v 296.236 0.75 -344.365
vt -5.92175 3.44365
v 297.264 0.75 -343.734
vt -5.94232 3.43734
v 298.171 0.75 -342.86
vt -5.96044 3.4286
v 298.938 0.75 -341.77
vt -5.97577 3.4177
v 299.548 0.75 -340.496
vt -5.98797 3.40496
v 299.984 0.75 -339.067
vt -5.99668 3.39067
v 300.229 0.75 -337.513
vt -6.00157 3.37513
v 300.277 0.75 -335.761
vt -6.00253 3.35761
v 300.277 0.75 -326.706
vt -6.00253 3.26706
v 300.277 0.75 -309.329
vt -6.00253 3.09329
v 300.277 0.75 -286.569
vt -6.00253 2.86569
v 300.277 0.75 -261.361
vt -6.00253 2.61361
v 300.277 0.75 -236.642
vt -6.00253 2.36642
v 300.277 0.75 -215.35
vt -6.00253 2.1535
f 160/171/9 159/172/9 161/173/9 162/174/9 163/175/9 4/176/9 3/177/9 164/178/9 165/179/9 166/180/9 167/181/9 168/182/9 169/183/9 170/184/9 171/185/9 172/186/9 173/187/9 174/188/9 175/189/9 176/190/9 177/191/9 178/192/9 179/193/9 180/194/9 181/195/9 182/196/9 183/197/9 184/198/9 185/199/9 186/200/9 187/201/9 188/202/9 189/203/9 190/204/9 191/205/9 192/206/9 193/207/9 194/208/9 195/209/9 196/210/9 197/211/9 198/212/9 199/213/9 200/214/9 201/215/9 202/216/9 203/217/9 204/218/9 205/219/9 206/220/9 207/221/9 208/222/9 209/223/9 210/224/9 211/225/9 212/226/9 213/227/9 214/228/9 215/229/9 216/230/9 217/231/9 218/232/9 219/233/9 220/234/9 221/235/9 222/236/9 223/237/9 224/238/9 225/239/9 226/240/9 227/241/9 228/242/9 229/243/9 230/244/9 231/245/9 232/246/9 233/247/9 234/248/9 235/249/9 236/250/9 237/251/9 238/252/9 239/253/9 240/254/9 241/255/9 242/256/9 243/257/9 244/258/9 245/259/9 246/260/9 247/261/9 248/262/9 249/263/9 250/264/9 251/265/9 252/266/9 253/267/9 254/268/9 255/269/9 256/63/9 257/270/9 258/271/9 259/272/9 260/273/9 261/274/9 262/275/9 263/276/9 264/277/9 265/278/9 266/279/9 267/280/9 268/281/9 269/282/9 270/283/9 271/284/9 272/285/9 273/286/9 274/287/9 275/288/9 276/289/9 277/290/9 278/291/9 279/292/9 280/293/9 281/294/9 282/295/9 283/296/9 284/297/9 285/298/9 286/299/9 287/300/9 288/301/9 289/302/9 290/303/9 291/304/9 292/305/9 293/306/9 294/307/9 295/308/9 296/309/9 297/310/9 298/311/9 299/312/9 300/313/9 301/314/9 302/315/9 303/316/9 304/317/9 305/318/9 306/319/9 307/320/9 308/321/9 309/322/9 310/323/9 311/324/9 312/325/9 

vt 1.54769 0.03
vn 1 0 1.04589e-11
vt 1.54769 0
f 2/2/2 155/326/10 164/327/10 3/3/2 

vt 1.21434 0.03
vn 1 0 1.04657e-11
vt 1.21434 0
f 155/326/10 154/328/11 165/329/11 164/327/10 

vt 1.06527 0.03
vn 0.999646 0 0.0265872
vt 1.06527 0
f 154/328/11 153/330/12 166/331/12 165/329/11 

vt 1.38283 0.03
vt 1.35168 0.03
vn 0.992823 0 0.119593
vt 1.35168 0
vt 1.38283 0
f 153/332/12 152/333/13 167/334/13 166/335/12 

vt 2.12937 0.03
vt 2.09754 0.03
vn 0.966578 0 0.256373
vt 2.09754 0
vt 2.12937 0
f 152/336/13 151/337/14 168/338/14 167/339/13 

vt 2.90186 0.03
vt 2.8717 0.03
vn 0.9168 0 0.399346
vt 2.8717 0
vt 2.90186 0
f 151/340/14 150/341/15 169/342/15 168/343/14 

vt 3.6748 0.03
vt 3.64635 0.03
vn 0.837573 0 0.546325
vt 3.64635 0
vt 3.6748 0
f 150/344/15 149/345/16 170/346/16 169/347/15 

vt 4.43724 0.03
vt 4.41044 0.03
vn 0.719623 0 0.694364
vt 4.41044 0
vt 4.43724 0
f 149/348/16 148/349/17 171/350/17 170/351/16 

vt 5.14645 0.03
vt 5.12108 0.03
vn 0.552799 0 0.833315
vt 5.12108 0
vt 5.14645 0
f 148/352/17 147/353/18 172/354/18 171/355/17 

vt 5.70623 0.03
vt 5.68178 0.03
vn 0.333491 0 0.942753
vt 5.68178 0
vt 5.70623 0
f 147/356/18 146/357/19 173/358/19 172/359/18 

vt 5.97167 0.03
vt 5.94725 0.03
vn 0.107303 0 0.994226
vt 5.94725 0
vt 5.97167 0
f 146/360/19 145/361/20 174/362/20 173/363/19 

vt 5.89406 0.03
vt 5.84504 0.03
vn 0.00153986 0 0.999999
vt 5.84504 0
vt 5.89406 0
f 145/364/20 144/365/21 175/366/21 174/367/20 

vt 5.83991 0.03
vt 5.66158 0.03
vn -0.00135667 0 0.999999
vt 5.66158 0
vt 5.83991 0
f 144/368/21 143/369/22 176/370/22 175/371/21 

vt 5.38233 0.03
vt 5.38233 0
f 143/369/22 142/372/22 177/373/22 176/370/22 

vt 5.04497 0.03
vt 5.04497 0
f 142/372/22 141/374/22 178/375/22 177/373/22 

vt 4.69232 0.03
vt 4.69232 0
f 141/374/22 140/376/22 179/377/22 178/375/22 

vt 4.3672 0.03
vt 4.3672 0
f 140/376/22 139/378/22 180/379/22 179/377/22 

vt 4.11241 0.03
vt 4.11241 0
f 139/378/22 138/380/22 181/381/22 180/379/22 

vt 3.97078 0.03
vn -0.000165358 0 1
vt 3.97078 0
f 138/380/22 137/382/23 182/383/23 181/381/22 

vt 3.97293 0.03
vt 3.95748 0.03
vn 0.00102595 0 0.999999
vt 3.95748 0
vt 3.97293 0
f 137/384/23 136/385/24 183/386/24 182/387/23 

vt 0.897963 0.03
vn 1 0 -1.56622e-09
vt 0.897382 0.03
vn 1 0 -1.56757e-09
vt 0.897382 0
vt 0.897963 0
f 136/388/25 135/389/26 184/390/26 183/391/25 

vt 0.896453 0.03
vn 1 0 -1.56565e-09
vt 0.896453 0
f 135/389/26 134/392/27 185/393/27 184/390/26 

vt 0.895641 0.03
vn 1 0 -7.79152e-10
vt 0.895641 0
f 134/392/27 133/394/28 186/395/28 185/393/27 

vt 0.888534 0.03
vn 1 0 3.33855e-11
vt 0.888534 0
f 133/394/28 132/396/29 187/397/29 186/395/28 

vt 0.82571 0.03
vn 1 0 6.27022e-11
vt 0.82571 0
f 132/396/29 131/398/30 188/399/30 187/397/29 

vt 0.712692 0.03
vn 1 0 6.27169e-11
vt 0.712692 0
f 131/398/30 130/400/31 189/401/31 188/399/30 

vt 0.568472 0.03
vn 1 0 6.27815e-11
vt 0.568472 0
f 130/400/31 129/402/32 190/403/32 189/401/31 

vt 0.412042 0.03
vn 1 0 6.2753e-11
vt 0.412042 0
f 129/402/32 128/404/33 191/405/33 190/403/32 

vt 0.262396 0.03
vn 1 0 6.27379e-11
vt 0.262396 0
f 128/404/33 127/406/34 192/407/34 191/405/33 

vt 0.138525 0.03
vn 1 0 6.27753e-11
vt 0.138525 0
f 127/406/34 126/408/35 193/409/35 192/407/34 

vt 0.0594218 0.03
vn 0.999999 0 0.00159914
vt 0.0594218 0
f 126/408/35 125/410/36 194/411/36 193/409/35 

vt 0.0720757 0.03
vt 0.0511446 0.03
vn 0.996859 0 0.0791994
vt 0.0511446 0
vt 0.0720757 0
f 125/412/36 124/413/37 195/414/37 194/415/36 

vt 0.650264 0.03
vt 0.642214 0.03
vn 0.968075 0 0.250662
vt 0.642214 0
vt 0.650264 0
f 124/416/37 123/417/38 196/418/38 195/419/37 

vt 1.38998 0.03
vt 1.38213 0.03
vn 0.901632 0 0.432505
vt 1.38213 0
vt 1.38998 0
f 123/420/38 122/421/39 197/422/39 196/423/38 

vt 2.06274 0.03
vt 2.055 0.03
vn 0.803599 0 0.595171
vt 2.055 0
vt 2.06274 0
f 122/424/39 121/425/40 198/426/40 197/427/39 

vt 2.65071 0.03
vt 2.64302 0.03
vn 0.678054 0 0.735012
vt 2.64302 0
vt 2.65071 0
f 121/428/40 120/429/41 199/430/41 198/431/40 

vt 3.14295 0.03
vt 3.13525 0.03
vn 0.528078 0 0.849196
vt 3.13525 0
vt 3.14295 0
f 120/432/41 119/433/42 200/434/42 199/435/41 

vt 3.52818 0.03
vt 3.52041 0.03
vn 0.356632 0 0.934245
vt 3.52041 0
vt 3.52818 0
f 119/436/42 118/437/43 201/438/43 200/439/42 

vt 3.79087 0.03
vt 3.78295 0.03
vn 0.170933 0 0.985283
vt 3.78295 0
vt 3.79087 0
f 118/440/43 117/441/44 202/442/44 201/443/43 

vt 3.91149 0.03
vt 3.90367 0.03
vn 0.0378386 0 0.999284
vt 3.90367 0
vt 3.91149 0
f 117/444/44 116/445/45 203/446/45 202/447/44 

vt 3.91488 0.03
vt 3.86673 0.03
vn -1.28187e-10 0 1
vt 3.86673 0
f 116/448/45 115/449/46 204/450/46 203/116/45 

vt 3.75906 0.03
vn -1.28168e-10 0 1
vt 3.75906 0
f 115/449/46 114/451/47 205/452/47 204/450/46 

vt 3.61219 0.03
vn -1.28164e-10 0 1
vt 3.61219 0
f 114/451/47 113/453/48 206/454/48 205/452/47 

vt 3.44646 0.03
vn -1.28165e-10 0 1
vt 3.44646 0
f 113/453/48 112/455/49 207/456/49 206/454/48 

vt 3.28217 0.03
vn -1.2816e-10 0 1
vt 3.28217 0
f 112/455/49 111/457/50 208/458/50 207/456/49 

vt 3.13966 0.03
vn -1.28156e-10 0 1
vt 3.13966 0
f 111/457/50 110/459/51 209/460/51 208/458/50 

vt 3.03925 0.03
vn -1.28166e-10 0 1
vt 3.03925 0
f 110/459/51 109/461/52 210/462/52 209/460/51 

vt 3.00127 0.03
vn -2.24497e-11 0 1
vt 3.00127 0
f 109/461/52 108/463/53 211/464/53 210/462/52 

vt 2.96328 0.03
vn 8.32328e-11 0 1
vt 2.96328 0
f 108/463/53 107/465/54 212/466/54 211/464/53 

vt 2.86287 0.03
vn 8.31985e-11 0 1
vt 2.86287 0
f 107/465/54 106/467/55 213/468/55 212/466/54 

vt 2.72036 0.03
vn 8.31986e-11 0 1
vt 2.72036 0
f 106/467/55 105/469/56 214/470/56 213/468/55 

vt 2.55608 0.03
vn 8.32023e-11 0 1
vt 2.55608 0
f 105/469/56 104/471/57 215/472/57 214/470/56 

vt 2.39034 0.03
vn 8.32051e-11 0 1
vt 2.39034 0
f 104/471/57 103/473/58 216/474/58 215/472/57 

vt 2.24347 0.03
vn 8.32096e-11 0 1
vt 2.24347 0
f 103/473/58 102/475/59 217/476/59 216/474/58 

vt 2.13581 0.03
vn 8.32321e-11 0 1
vt 2.13581 0
f 102/475/59 101/477/60 218/478/60 217/476/59 

vt 2.08766 0.03
vn -0.0378386 0 0.999284
vt 2.08766 0
f 101/477/60 100/479/61 219/480/61 218/478/60 

vt 2.08168 0.03
vt 2.07386 0.03
vn -0.170933 0 0.985283
vt 2.07386 0
vt 2.08168 0
f 100/481/61 99/482/62 220/483/62 219/484/61 

vt 2.00553 0.03
vt 1.99761 0.03
vn -0.356632 0 0.934245
vt 1.99761 0
vt 2.00553 0
f 99/485/62 98/486/63 221/487/63 220/488/62 

vt 1.85427 0.03
vt 1.8465 0.03
vn -0.528078 0 0.849196
vt 1.8465 0
vt 1.85427 0
f 98/489/63 97/490/64 222/491/64 221/492/63 

vt 1.63888 0.03
vt 1.63117 0.03
vn -0.678054 0 0.735012
vt 1.63117 0
vt 1.63888 0
f 97/493/64 96/494/65 223/495/65 222/496/64 

vt 1.36785 0.03
vt 1.36015 0.03
vn -0.803599 0 0.595171
vt 1.36015 0
vt 1.36785 0
f 96/497/65 95/498/66 224/499/66 223/500/65 

vt 1.04745 0.03
vt 1.03971 0.03
vn -0.901632 0 0.432505
vt 1.03971 0
vt 1.04745 0
f 95/501/66 94/502/67 225/503/67 224/504/66 

vt 0.683803 0.03
vt 0.675957 0.03
vn -0.968075 0 0.250662
vt 0.675957 0
vt 0.683803 0
f 94/505/67 93/506/68 226/507/68 225/508/67 

vt 0.286632 0.03
vt 0.278582 0.03
vn -0.996859 0 0.0791994
vt 0.278582 0
vt 0.286632 0
f 93/509/68 92/510/69 227/511/69 226/512/68 

vt -0.0319469 0.03
vt -0.0528779 0.03
vn -0.999999 0 0.00159914
vt -0.0528779 0
vt -0.0319469 0
f 92/513/69 91/514/70 228/515/70 227/516/69 

vt -0.0594218 0.03
vt -0.138525 0.03
vn -1 0 2.77285e-11
vt -0.138525 0
vt -0.0594218 0
f 91/517/70 90/518/71 229/519/71 228/520/70 

vt -0.262396 0.03
vn -1 0 2.77018e-11
vt -0.262396 0
f 90/518/71 89/521/72 230/522/72 229/519/71 

vt -0.412042 0.03
vn -1 0 2.77223e-11
vt -0.412042 0
f 89/521/72 88/523/73 231/524/73 230/522/72 

vt -0.568472 0.03
vn -1 0 2.77426e-11
vt -0.568472 0
f 88/523/73 87/525/74 232/526/74 231/524/73 

vt -0.712692 0.03
vn -1 0 2.77127e-11
vt -0.712692 0
f 87/525/74 86/527/75 233/528/75 232/526/74 

vt -0.82571 0.03
vn -1 0 2.76365e-11
vt -0.82571 0
f 86/527/75 85/529/76 234/530/76 233/528/75 

vt -0.888534 0.03
vn -1 0 -2.46264e-12
vt -0.888534 0
f 85/529/76 84/531/77 235/532/77 234/530/76 

vt -0.895641 0.03
vn -1 0 -8.32936e-10
vt -0.895641 0
f 84/531/77 83/533/78 236/534/78 235/532/77 

vt -0.896453 0.03
vn -1 0 -1.64776e-09
vt -0.896453 0
f 83/533/78 82/535/79 237/536/79 236/534/78 

vt -0.897382 0.03
vn -1 0 -1.65147e-09
vt -0.897382 0
f 82/535/79 81/537/80 238/538/80 237/536/79 

vt -0.897963 0.03
vn -1 0 -1.6408e-09
vt -0.897963 0
f 81/537/80 80/539/81 239/540/81 238/538/80 

vt 2.04505 0.03
vn -0.00102595 0 0.999999
vt 2.0296 0.03
vn 0.000165358 0 1
vt 2.0296 0
vt 2.04505 0
f 80/541/82 79/542/83 240/543/83 239/544/82 

vt 2.03174 0.03
vt 1.89011 0.03
vn 0.00135667 0 0.999999
vt 1.89011 0
vt 2.03174 0
f 79/545/83 78/546/84 241/547/84 240/548/83 

vt 1.63533 0.03
vt 1.63533 0
f 78/546/84 77/549/84 242/550/84 241/547/84 

vt 1.3102 0.03
vt 1.3102 0
f 77/549/84 76/551/84 243/552/84 242/550/84 

vt 0.957555 0.03
vt 0.957555 0
f 76/551/84 75/553/84 244/554/84 243/552/84 

vt 0.620197 0.03
vt 0.620197 0
f 75/553/84 74/555/84 245/556/84 244/554/84 

vt 0.340946 0.03
vt 0.340946 0
f 74/555/84 73/557/84 246/558/84 245/556/84 

vt 0.162619 0.03
vn -0.00153986 0 0.999999
vt 0.162619 0
f 73/557/84 72/559/85 247/560/85 246/558/84 

vt 0.15743 0.03
vt 0.10841 0.03
vn -0.107303 0 0.994226
vt 0.10841 0
vt 0.15743 0
f 72/561/85 71/562/86 248/563/86 247/564/85 

vt -0.0773179 0.03
vt -0.101734 0.03
vn -0.333491 0 0.942753
vt -0.101734 0
vt -0.0773179 0
f 71/565/86 70/566/87 249/567/87 248/568/86 

vt -0.328548 0.03
vt -0.353002 0.03
vn -0.552799 0 0.833315
vt -0.353002 0
vt -0.328548 0
f 70/569/87 69/570/88 250/571/88 249/572/87 

vt -0.537891 0.03
vt -0.563261 0.03
vn -0.719623 0 0.694364
vt -0.563261 0
vt -0.537891 0
f 69/573/88 68/574/89 251/575/89 250/576/88 

vt -0.700432 0.03
vt -0.727226 0.03
vn -0.837573 0 0.546325
vt -0.727226 0
vt -0.700432 0
f 68/577/89 67/578/90 252/579/90 251/580/89 

vt -0.823261 0.03
vt -0.85171 0.03
vn -0.9168 0 0.399346
vt -0.85171 0
vt -0.823261 0
f 67/581/90 66/582/91 253/583/91 252/584/90 

vt -0.915518 0.03
vt -0.945674 0.03
vn -0.966578 0 0.256373
vt -0.945674 0
vt -0.915518 0
f 66/585/91 65/586/92 254/587/92 253/588/91 

vt -0.98408 0.03
vt -1.01591 0.03
vn -0.992823 0 0.119593
vt -1.01591 0
vt -0.98408 0
f 65/589/92 64/590/93 255/591/93 254/592/92 

vt -1.03261 0.03
vt -1.06376 0.03
vn -0.999646 0 0.0265872
vt -1.06376 0
vt -1.03261 0
f 64/593/93 63/594/94 256/595/94 255/596/93 

vt -1.06527 0.03
vt -1.21434 0.03
vn -1 0 -3.43911e-11
vt -1.21434 0
vt -1.06527 0
f 63/597/94 62/598/95 257/599/95 256/600/94 

vt -1.54769 0.03
vn -1 0 -3.44095e-11
vt -1.54769 0
f 62/598/95 61/601/96 258/602/96 257/599/95 

vt -2.0024 0.03
vn -1 0 -3.44128e-11
vt -2.0024 0
f 61/601/96 60/603/97 259/604/97 258/602/96 

vt -2.51553 0.03
vn -1 0 -3.44046e-11
vt -2.51553 0
f 60/603/97 59/605/98 260/606/98 259/604/97 

vt -3.02418 0.03
vn -1 0 -3.44134e-11
vt -3.02418 0
f 59/605/98 58/607/99 261/608/99 260/606/98 

vt -3.4654 0.03
vn -1 0 -3.44188e-11
vt -3.4654 0
f 58/607/99 57/609/100 262/610/100 261/608/99 

vt -3.77628 0.03
vn -1 0 -3.4377e-11
vt -3.77628 0
f 57/609/100 56/611/101 263/612/101 262/610/100 

vt -3.89389 0.03
vn -1 0 6.97705e-15
vt -3.89389 0
f 56/611/101 55/613/102 264/614/102 263/612/101 

vt -4.00641 0.03
vn -1 0 3.44002e-11
vt -4.00641 0
f 55/613/102 54/615/103 265/616/103 264/614/102 

vt -4.30484 0.03
vn -1 0 3.44216e-11
vt -4.30484 0
f 54/615/103 53/617/104 266/618/104 265/616/103 

vt -4.73047 0.03
vn -1 0 3.44086e-11
vt -4.73047 0
f 53/617/104 52/619/105 267/620/105 266/618/104 

vt -5.2246 0.03
vn -1 0 3.43991e-11
vt -5.2246 0
f 52/619/105 51/621/106 268/622/106 267/620/105 

vt -5.72851 0.03
vn -1 0 3.44039e-11
vt -5.72851 0
f 51/621/106 50/623/107 269/624/107 268/622/106 

vt -6.18349 0.03
vn -1 0 3.44066e-11
vt -6.18349 0
f 50/623/107 49/625/108 270/626/108 269/624/107 

vt -6.53085 0.03
vn -1 0 3.44199e-11
vt -6.53085 0
f 49/625/108 48/627/109 271/628/109 270/626/108 

vt -6.71186 0.03
vn -0.999906 0 -0.0137235
vt -6.71186 0
f 48/627/109 47/629/110 272/630/110 271/628/109 

vt -6.70933 0.03
vt -6.74438 0.03
vn -0.995792 0 -0.0916459
vt -6.74438 0
vt -6.70933 0
f 47/631/110 46/632/111 273/633/111 272/634/110 

vt -6.66501 0.03
vt -6.69645 0.03
vn -0.974539 0 -0.224218
vt -6.69645 0
vt -6.66501 0
f 46/635/111 45/636/112 274/637/112 273/638/111 

vt -6.48454 0.03
vt -6.51441 0.03
vn -0.931814 0 -0.362936
vt -6.51441 0
vt -6.48454 0
f 45/639/112 44/640/113 275/641/113 274/642/112 

vt -6.14507 0.03
vt -6.17331 0.03
vn -0.862776 0 -0.505586
vt -6.17331 0
vt -6.14507 0
f 44/643/113 43/644/114 276/645/114 275/646/113 

vt -5.60163 0.03
vt -5.62826 0.03
vn -0.759457 0 -0.650558
vt -5.62826 0
vt -5.60163 0
f 43/647/114 42/648/115 277/649/115 276/650/114 

vt -4.78975 0.03
vt -4.81493 0.03
vn -0.612128 0 -0.790759
vt -4.81493 0
vt -4.78975 0
f 42/651/115 41/652/116 278/653/116 277/654/115 

vt -3.6421 0.03
vt -3.66622 0.03
vn -0.414346 0 -0.91012
vt -3.66622 0
vt -3.6421 0
f 41/655/116 40/656/117 279/657/117 278/658/116 

vt -2.14146 0.03
vt -2.16521 0.03
vn -0.174984 0 -0.984571
vt -2.16521 0
vt -2.14146 0
f 40/659/117 39/660/118 280/661/118 279/662/117 

vt -0.428476 0.03
vt -0.458083 0.03
vn -0.0231464 0 -0.999732
vt -0.458083 0
vt -0.428476 0
f 39/663/118 38/664/119 281/665/119 280/666/118 

vt -0.126766 0.03
vt -0.311189 0.03
vn 0.000906063 0 -1
vt -0.311189 0
vt -0.126766 0
f 38/667/119 37/668/120 282/669/120 281/670/119 

vt -0.665083 0.03
vt -0.665083 0
f 37/668/120 36/671/120 283/672/120 282/669/120 

vt -1.12863 0.03
vt -1.12863 0
f 36/671/120 35/673/120 284/674/120 283/672/120 

vt -1.64203 0.03
vt -1.64203 0
f 35/673/120 34/675/120 285/676/120 284/674/120 

vt -2.14545 0.03
vt -2.14545 0
f 34/675/120 33/677/120 286/678/120 285/676/120 

vt -2.5791 0.03
vt -2.5791 0
f 33/677/120 32/679/120 287/680/120 286/678/120 

vt -2.88315 0.03
vt -2.88315 0
f 32/679/120 31/681/120 288/682/120 287/680/120 

vt -2.99779 0.03
vn -8.70644e-07 0 -1
vt -2.99779 0
f 31/681/120 30/683/121 289/684/121 288/682/120 

vt -3.01029 0.03
vt -3.12471 0.03
vn -0.000907804 0 -1
vt -3.12471 0
vt -3.01029 0
f 30/685/121 29/686/122 290/687/122 289/688/121 

vt -3.42817 0.03
vt -3.42817 0
f 29/686/122 28/689/122 291/690/122 290/687/122 

vt -3.86099 0.03
vt -3.86099 0
f 28/689/122 27/691/122 292/692/122 291/690/122 

vt -4.36345 0.03
vt -4.36345 0
f 27/691/122 26/693/122 293/694/122 292/692/122 

vt -4.87586 0.03
vt -4.87586 0
f 26/693/122 25/695/122 294/696/122 293/694/122 

vt -5.33852 0.03
vt -5.33852 0
f 25/695/122 24/697/122 295/698/122 294/696/122 

vt -5.69173 0.03
vt -5.69173 0
f 24/697/122 23/699/122 296/700/122 295/698/122 

vt -5.8758 0.03
vn 0.0231662 0 -0.999732
vt -5.8758 0
f 23/699/122 22/701/123 297/702/123 296/700/122 

vt -5.53749 0.03
vt -5.56708 0.03
vn 0.175005 0 -0.984568
vt -5.56708 0
vt -5.53749 0
f 22/703/123 21/704/124 298/705/124 297/706/123 

vt -3.56105 0.03
vt -3.5848 0.03
vn 0.414346 0 -0.91012
vt -3.5848 0
vt -3.56105 0
f 21/707/124 20/708/125 299/709/125 298/710/124 

vt -1.4515 0.03
vt -1.47561 0.03
vn 0.612128 0 -0.790759
vt -1.47561 0
vt -1.4515 0
f 20/711/125 19/712/126 300/713/126 299/714/125 

vt 0.495743 0.03
vt 0.47056 0.03
vn 0.759457 0 -0.650558
vt 0.47056 0
vt 0.495743 0
f 19/715/126 18/716/127 301/717/127 300/718/126 

vt 2.17257 0.03
vt 2.14594 0.03
vn 0.862776 0 -0.505586
vt 2.14594 0
vt 2.17257 0
f 18/719/127 17/720/128 302/721/128 301/722/127 

vt 3.58051 0.03
vt 3.55227 0.03
vn 0.931814 0 -0.362936
vt 3.55227 0
vt 3.58051 0
f 17/723/128 16/724/129 303/725/129 302/726/128 

vt 4.76246 0.03
vt 4.7326 0.03
vn 0.974539 0 -0.224218
vt 4.7326 0
vt 4.76246 0
f 16/727/129 15/728/130 304/729/130 303/730/129 

vt 5.76325 0.03
vt 5.7318 0.03
vn 0.995792 0 -0.0916459
vt 5.7318 0
vt 5.76325 0
f 15/731/130 14/732/131 305/733/131 304/734/130 

vt 6.57964 0.03
vt 6.5446 0.03
vn 0.999906 0 -0.0137235
vt 6.5446 0
vt 6.57964 0
f 14/735/131 13/736/132 306/737/132 305/738/131 

vt 6.71186 0.03
vt 6.53085 0.03
vn 1 0 7.9317e-11
vt 6.53085 0
vt 6.71186 0
f 13/739/132 12/740/133 307/741/133 306/742/132 

vt 6.18349 0.03
vn 1 0 7.93179e-11
vt 6.18349 0
f 12/740/133 11/743/134 308/744/134 307/741/133 

vt 5.72851 0.03
vn 1 0 7.93266e-11
vt 5.72851 0
f 11/743/134 10/745/135 309/746/135 308/744/134 

vt 5.2246 0.03
vn 1 0 7.93245e-11
vt 5.2246 0
f 10/745/135 9/747/136 310/748/136 309/746/135 

vt 4.73047 0.03
vn 1 0 7.93295e-11
vt 4.73047 0
f 9/747/136 8/749/137 311/750/137 310/748/136 

vt 4.30484 0.03
vn 1 0 7.93208e-11
vt 4.30484 0
f 8/749/137 7/751/138 312/752/138 311/750/137 

f 7/751/138 6/161/4 160/164/4 312/752/138 

g Mesh2 ___558_1 Model

v 137.132 2.01269 -48.001
vt 0.709391 1.31007
vn -3.33067e-16 -3.88578e-16 1
v 137.132 1.909 -48.001
vt 0.711464 1.31007
v 137.163 1.604 -48.001
vt 0.717561 1.31039
v 137.287 1.24836 -48.001
vt 0.72467 1.31162
v 137.494 0.923312 -48.001
vt 0.731168 1.3137
v 137.777 0.63597 -48.001
vt 0.736912 1.31652
v 138.125 0.393453 -48.001
vt 0.74176 1.32
v 138.529 0.202878 -48.001
vt 0.745569 1.32404
v 138.979 0.0713595 -48.001
vt 0.748199 1.32854
v 139.466 0.00601504 -48.001
vt 0.749505 1.33341
v 139.991 5.46414e-09 -48.001
vt 0.749625 1.33866
v 141.762 5.46414e-09 -48.001
vt 0.749625 1.35638
v 144.68 5.46414e-09 -48.001
vt 0.749625 1.38556
v 148.286 5.46414e-09 -48.001
vt 0.749625 1.42161
v 152.121 5.46414e-09 -48.001
vt 0.749625 1.45996
v 155.726 5.46414e-09 -48.001
vt 0.749625 1.49602
v 158.644 5.46414e-09 -48.001
vt 0.749625 1.5252
v 160.416 5.46414e-09 -48.001
vt 0.749625 1.54291
v 160.921 0.00544647 -48.001
vt 0.749516 1.54797
v 161.363 0.0646142 -48.001
vt 0.748333 1.55238
v 161.77 0.183701 -48.001
vt 0.745953 1.55646
v 162.136 0.356262 -48.001
vt 0.742503 1.56011
v 162.451 0.575855 -48.001
vt 0.738114 1.56326
v 162.707 0.836036 -48.001
vt 0.732913 1.56582
v 162.895 1.13036 -48.001
vt 0.727029 1.5677
v 163.006 1.45239 -48.001
vt 0.720592 1.56882
v 163.035 1.72917 -48.001
vt 0.715059 1.5691
v 163.035 1.84299 -48.001
vt 0.712784 1.5691
v 163.035 2.08458 -48.001
vt 0.707954 1.5691
v 163.035 2.40988 -48.001
vt 0.701451 1.5691
v 163.035 2.77483 -48.001
vt 0.694156 1.5691
v 163.035 3.13538 -48.001
vt 0.686949 1.5691
v 163.035 3.44746 -48.001
vt 0.68071 1.5691
v 163.035 3.66702 -48.001
vt 0.676321 1.5691
v 163.035 3.75 -48.001
vt 0.674662 1.5691
v 248.803 3.75 -48.001
vt 0.674662 2.42678
v 248.803 3.66702 -48.001
vt 0.676321 2.42678
v 248.803 3.44746 -48.001
vt 0.68071 2.42678
v 248.803 3.13538 -48.001
vt 0.686949 2.42678
v 248.803 2.77483 -48.001
vt 0.694156 2.42678
v 248.803 2.40988 -48.001
vt 0.701451 2.42678
v 248.803 2.08458 -48.001
vt 0.707954 2.42678
v 248.803 1.84299 -48.001
vt 0.712784 2.42678
v 248.803 1.72917 -48.001
vt 0.715059 2.42678
v 248.832 1.45239 -48.001
vt 0.720592 2.42707
v 248.943 1.13036 -48.001
vt 0.727029 2.42819
v 249.131 0.836036 -48.001
vt 0.732913 2.43007
v 249.387 0.575855 -48.001
vt 0.738114 2.43263
v 249.702 0.356262 -48.001
vt 0.742503 2.43578
v 250.068 0.183701 -48.001
vt 0.745953 2.43943
v 250.475 0.0646142 -48.001
vt 0.748333 2.44351
v 250.917 0.00544646 -48.001
vt 0.749516 2.44792
v 251.422 9.16828e-10 -48.001
vt 0.749625 2.45298
v 253.194 8.37417e-10 -48.001
vt 0.749625 2.47069
v 256.112 7.06748e-10 -48.001
vt 0.749625 2.49987
v 259.717 5.44318e-10 -48.001
vt 0.749625 2.53593
v 263.552 3.72509e-10 -48.001
vt 0.749625 2.57427
v 267.158 2.10797e-10 -48.001
vt 0.749625 2.61033
v 270.076 7.94103e-11 -48.001
vt 0.749625 2.63951
v 271.847 0 -48.001
vt 0.749625 2.65722
v 272.372 0.00601503 -48.001
vt 0.749505 2.66247
v 272.859 0.0713594 -48.001
vt 0.748199 2.66734
v 273.309 0.202878 -48.001
vt 0.745569 2.67185
v 273.713 0.393453 -48.001
vt 0.74176 2.67588
v 274.061 0.63597 -48.001
vt 0.736912 2.67936
v 274.344 0.923312 -48.001
vt 0.731168 2.68219
v 274.551 1.24836 -48.001
vt 0.72467 2.68427
v 274.675 1.604 -48.001
vt 0.717561 2.6855
v 274.706 1.909 -48.001
vt 0.711464 2.68582
v 274.706 2.01269 -48.001
vt 0.709391 2.68582
v 274.706 2.23278 -48.001
vt 0.704992 2.68582
v 274.706 2.52913 -48.001
vt 0.699068 2.68582
v 274.706 2.86161 -48.001
vt 0.692421 2.68582
v 274.706 3.19007 -48.001
vt 0.685855 2.68582
v 274.706 3.47439 -48.001
vt 0.680172 2.68582
v 274.706 3.67441 -48.001
vt 0.676174 2.68582
v 274.706 3.75 -48.001
vt 0.674662 2.68582
v 294.042 3.75 -48.001
vt 0.674662 2.87917
v 294.042 11.0521 -48.001
vt 0.528693 2.87917
v 6.12464 11.0521 -48.001
vt 0.528693 9.02389e-16
v 6.12464 3.75 -48.001
vt 0.674662 0
v 25.4605 3.75 -48.001
vt 0.674662 0.193358
v 25.4605 3.67441 -48.001
vt 0.676174 0.193358
v 25.4605 3.47439 -48.001
vt 0.680172 0.193358
v 25.4605 3.19007 -48.001
vt 0.685855 0.193358
v 25.4605 2.86161 -48.001
vt 0.692421 0.193358
v 25.4605 2.52913 -48.001
vt 0.699068 0.193358
v 25.4605 2.23278 -48.001
vt 0.704992 0.193358
v 25.4605 2.01269 -48.001
vt 0.709391 0.193358
v 25.4605 1.909 -48.001
vt 0.711464 0.193358
v 25.4921 1.604 -48.001
vt 0.717561 0.193674
v 25.6155 1.24836 -48.001
vt 0.72467 0.194908
v 25.8232 0.923312 -48.001
vt 0.731168 0.196985
v 26.1057 0.63597 -48.001
vt 0.736912 0.199811
v 26.4536 0.393453 -48.001
vt 0.74176 0.20329
v 26.8574 0.202878 -48.001
vt 0.745569 0.207328
v 27.3076 0.0713595 -48.001
vt 0.748199 0.21183
v 27.7948 0.00601504 -48.001
vt 0.749505 0.216701
v 28.3197 5.46414e-09 -48.001
vt 0.749625 0.221951
v 30.0912 5.46487e-09 -48.001
vt 0.749625 0.239666
v 33.009 5.46487e-09 -48.001
vt 0.749625 0.268844
v 36.6146 5.46487e-09 -48.001
vt 0.749625 0.3049
v 40.4495 5.46487e-09 -48.001
vt 0.749625 0.343249
v 44.0551 5.46487e-09 -48.001
vt 0.749625 0.379305
v 46.9729 5.46487e-09 -48.001
vt 0.749625 0.408483
v 48.7444 5.46487e-09 -48.001
vt 0.749625 0.426198
v 49.2502 0.00544647 -48.001
vt 0.749516 0.431255
v 49.6913 0.0646142 -48.001
vt 0.748333 0.435667
v 50.0989 0.183701 -48.001
vt 0.745953 0.439743
v 50.4646 0.356262 -48.001
vt 0.742503 0.443399
v 50.7796 0.575855 -48.001
vt 0.738114 0.44655
v 51.0354 0.836036 -48.001
vt 0.732913 0.449108
v 51.2235 1.13036 -48.001
vt 0.727029 0.450988
v 51.3352 1.45239 -48.001
vt 0.720592 0.452106
v 51.3638 1.72917 -48.001
vt 0.715059 0.452392
v 51.3638 1.84299 -48.001
vt 0.712784 0.452392
v 51.3638 2.08458 -48.001
vt 0.707954 0.452392
v 51.3638 2.40988 -48.001
vt 0.701451 0.452392
v 51.3638 2.77483 -48.001
vt 0.694156 0.452392
v 51.3638 3.13538 -48.001
vt 0.686949 0.452392
v 51.3638 3.44746 -48.001
vt 0.68071 0.452392
v 51.3638 3.66702 -48.001
vt 0.676321 0.452392
v 51.3638 3.75 -48.001
vt 0.674662 0.452392
v 137.132 3.75 -48.001
vt 0.674662 1.31007
v 137.132 3.67441 -48.001
vt 0.676174 1.31007
v 137.132 3.47439 -48.001
vt 0.680172 1.31007
v 137.132 3.19007 -48.001
vt 0.685855 1.31007
v 137.132 2.86161 -48.001
vt 0.692421 1.31007
v 137.132 2.52913 -48.001
vt 0.699068 1.31007
v 137.132 2.23278 -48.001
vt 0.704992 1.31007
f 313/753/139 314/754/139 315/755/139 316/756/139 317/757/139 318/758/139 319/759/139 320/760/139 321/761/139 322/762/139 323/763/139 324/764/139 325/765/139 326/766/139 327/767/139 328/768/139 329/769/139 330/770/139 331/771/139 332/772/139 333/773/139 334/774/139 335/775/139 336/776/139 337/777/139 338/778/139 339/779/139 340/780/139 341/781/139 342/782/139 343/783/139 344/784/139 345/785/139 346/786/139 347/787/139 348/788/139 349/789/139 350/790/139 351/791/139 352/792/139 353/793/139 354/794/139 355/795/139 356/796/139 357/797/139 358/798/139 359/799/139 360/800/139 361/801/139 362/802/139 363/803/139 364/804/139 365/805/139 366/806/139 367/807/139 368/808/139 369/809/139 370/810/139 371/811/139 372/812/139 373/813/139 374/814/139 375/815/139 376/816/139 377/817/139 378/818/139 379/819/139 380/820/139 381/821/139 382/822/139 383/823/139 384/824/139 385/825/139 386/826/139 387/827/139 388/828/139 389/829/139 390/830/139 391/831/139 392/832/139 393/833/139 394/834/139 395/835/139 396/836/139 397/837/139 398/838/139 399/839/139 400/840/139 401/841/139 402/842/139 403/843/139 404/844/139 405/845/139 406/846/139 407/847/139 408/848/139 409/849/139 410/850/139 411/851/139 412/852/139 413/853/139 414/854/139 415/855/139 416/856/139 417/857/139 418/858/139 419/859/139 420/860/139 421/861/139 422/862/139 423/863/139 424/864/139 425/865/139 426/866/139 427/867/139 428/868/139 429/869/139 430/870/139 431/871/139 432/872/139 433/873/139 434/874/139 435/875/139 436/876/139 437/877/139 438/878/139 439/879/139 440/880/139 441/881/139 442/882/139 

vt 0.711464 0.03
vn -0.998665 -0.0516456 -3.52691e-16
vt 0.709391 0.03
vn -1 6.16298e-33 -3.33067e-16
v 137.132 2.01269 -51.001
vt 0.709391 0
v 137.132 1.909 -51.001
vt 0.711464 0
f 314/883/140 313/884/141 443/885/141 444/886/140 

vt 0.704992 0.03
v 137.132 2.23278 -51.001
vt 0.704992 0
f 313/884/141 442/887/141 445/888/141 443/885/141 

vt 0.699068 0.03
vn -1 2.71414e-13 -3.33067e-16
v 137.132 2.52913 -51.001
vt 0.699068 0
f 442/887/141 441/889/142 446/890/142 445/888/141 

vt 0.692421 0.03
vn -1 -3.31667e-15 -3.33067e-16
v 137.132 2.86161 -51.001
vt 0.692421 0
f 441/889/142 440/891/143 447/892/143 446/890/142 

vt 0.685855 0.03
vn -1 4.26641e-14 -3.33067e-16
v 137.132 3.19007 -51.001
vt 0.685855 0
f 440/891/143 439/893/144 448/894/144 447/892/143 

vt 0.680172 0.03
vn -1 3.17395e-13 -3.33067e-16
v 137.132 3.47439 -51.001
vt 0.680172 0
f 439/893/144 438/895/145 449/896/145 448/894/144 

vt 0.676174 0.03
vn -1 -1.19374e-12 -3.33067e-16
v 137.132 3.67441 -51.001
vt 0.676174 0
f 438/895/145 437/897/146 450/898/146 449/896/145 

vt 0.674662 0.03
vn -1 -2.38748e-12 -3.33067e-16
v 137.132 3.75 -51.001
f 437/897/146 436/899/147 451/833/147 450/898/146 

vt 2.61883 0.03
vn 1.2326e-31 -1 -3.88578e-16
vt 0.904332 0.03
v 51.3638 3.75 -51.001
vt 0.904332 0
vt 2.61883 0
f 436/900/148 435/901/148 452/902/148 451/903/148 

vt -0.674662 0.03
vn 1 -6.16298e-33 3.33067e-16
vt -0.676321 0.03
v 51.3638 3.66702 -51.001
vt -0.676321 0
vt -0.674662 0
f 435/904/149 434/905/149 453/906/149 452/907/149 

vt -0.68071 0.03
v 51.3638 3.44746 -51.001
vt -0.68071 0
f 434/905/149 433/908/149 454/909/149 453/906/149 

vt -0.686949 0.03
vn 1 2.73747e-13 3.33067e-16
v 51.3638 3.13538 -51.001
vt -0.686949 0
f 433/908/149 432/910/150 455/911/150 454/909/149 

vt -0.694156 0.03
vn 1 3.3048e-15 3.33067e-16
v 51.3638 2.77483 -51.001
vt -0.694156 0
f 432/910/150 431/912/151 456/913/151 455/911/150 

vt -0.701451 0.03
vn 1 3.29659e-14 3.33067e-16
v 51.3638 2.40988 -51.001
vt -0.701451 0
f 431/912/151 430/914/152 457/915/152 456/913/151 

vt -0.707954 0.03
vn 1 -1.05132e-13 3.33067e-16
v 51.3638 2.08458 -51.001
vt -0.707954 0
f 430/914/152 429/916/153 458/917/153 457/915/152 

vt -0.712784 0.03
vn 1 -4.08541e-13 3.33067e-16
v 51.3638 1.84299 -51.001
vt -0.712784 0
f 429/916/153 428/918/154 459/919/154 458/917/153 

vt -0.715059 0.03
vn 0.998671 -0.0515305 3.12601e-16
v 51.3638 1.72917 -51.001
vt -0.715059 0
f 428/918/154 427/920/155 460/921/155 459/919/154 

vt -0.618184 0.03
vt -0.623746 0.03
vn 0.97622 -0.216784 2.40909e-16
v 51.3352 1.45239 -51.001
vt -0.623746 0
vt -0.618184 0
f 427/922/155 426/923/156 461/924/156 460/925/155 

vt -0.384571 0.03
vt -0.391384 0.03
vn 0.8999 -0.436096 1.30269e-16
v 51.2235 1.13036 -51.001
vt -0.391384 0
vt -0.384571 0
f 426/926/156 425/927/157 462/928/157 461/929/156 

vt -0.127228 0.03
vt -0.13421 0.03
vn 0.782096 -0.623158 1.83445e-17
v 51.0354 0.836036 -51.001
vt -0.13421 0
vt -0.127228 0
f 425/930/157 424/931/158 463/932/158 462/933/157 

vt 0.106845 0.03
vt 0.099551 0.03
vn 0.645208 -0.764007 -8.19786e-17
v 50.7796 0.575855 -51.001
vt 0.099551 0
vt 0.106845 0
f 424/934/158 423/935/159 464/936/159 463/937/158 

vt 0.310199 0.03
vt 0.302523 0.03
vn 0.501096 -0.865391 -1.69373e-16
v 50.4646 0.356262 -51.001
vt 0.302523 0
vt 0.310199 0
f 423/938/159 422/939/160 465/940/160 464/941/159 

vt 0.484655 0.03
vt 0.476573 0.03
vn 0.354699 -0.934981 -2.45174e-16
v 50.0989 0.183701 -51.001
vt 0.476573 0
vt 0.484655 0
f 422/942/160 421/943/161 466/944/161 465/945/160 

vt 0.634611 0.03
vt 0.626121 0.03
vn 0.207265 -0.978285 -3.11107e-16
v 49.6913 0.0646142 -51.001
vt 0.626121 0
vt 0.634611 0
f 421/946/161 420/947/162 467/948/162 466/949/161 

vt 0.76368 0.03
vt 0.754783 0.03
vn 0.0719915 -0.997405 -3.63592e-16
v 49.2502 0.00544647 -51.001
vt 0.754783 0
vt 0.76368 0
f 420/950/162 419/951/163 468/952/163 467/953/162 

vt 0.853959 0.03
vt 0.843848 0.03
vn 0.00538401 -0.999986 -3.86779e-16
v 48.7444 5.46487e-09 -51.001
vt 0.843848 0
vt 0.853959 0
f 419/954/163 418/955/164 469/956/164 468/957/163 

vt 0.851969 0.03
vt 0.816557 0.03
v 46.9729 5.46487e-09 -51.001
vt 0.816557 0
vt 0.851969 0
f 418/958/164 417/959/148 470/960/148 469/961/164 

vt 0.75823 0.03
v 44.0551 5.46487e-09 -51.001
vt 0.75823 0
f 417/959/148 416/962/148 471/963/148 470/960/148 

vt 0.686154 0.03
v 40.4495 5.46487e-09 -51.001
vt 0.686154 0
f 416/962/148 415/964/148 472/965/148 471/963/148 

vt 0.609495 0.03
v 36.6146 5.46487e-09 -51.001
vt 0.609495 0
f 415/964/148 414/966/148 473/967/148 472/965/148 

vt 0.537419 0.03
v 33.009 5.46487e-09 -51.001
vt 0.537419 0
f 414/966/148 413/968/148 474/969/148 473/967/148 

vt 0.479092 0.03
vn 2.0376e-13 -1 -3.88578e-16
v 30.0912 5.46487e-09 -51.001
vt 0.479092 0
f 413/968/148 412/970/165 475/971/165 474/969/148 

vt 0.44368 0.03
vn -0.00572861 -0.999984 -3.9048e-16
v 28.3197 5.46414e-09 -51.001
vt 0.44368 0
f 412/970/165 411/972/166 476/973/166 475/971/165 

vt 0.452239 0.03
vt 0.441744 0.03
vn -0.0723352 -0.99738 -4.11653e-16
v 27.7948 0.00601504 -51.001
vt 0.441744 0
vt 0.452239 0
f 411/974/166 410/975/167 477/976/167 476/977/166 

vt 0.528983 0.03
vt 0.519158 0.03
vn -0.207265 -0.978285 -4.49173e-16
v 27.3076 0.0713595 -51.001
vt 0.519158 0
vt 0.528983 0
f 410/978/167 409/979/168 478/980/168 477/981/167 

vt 0.616259 0.03
vt 0.606883 0.03
vn -0.354699 -0.934981 -4.81451e-16
v 26.8574 0.202878 -51.001
vt 0.606883 0
vt 0.616259 0
f 409/982/168 408/983/169 479/984/169 478/985/168 

vt 0.693021 0.03
vt 0.684095 0.03
vn -0.501096 -0.865391 -5.03171e-16
v 26.4536 0.393453 -51.001
vt 0.684095 0
vt 0.693021 0
f 408/986/169 407/987/170 480/988/170 479/989/169 

vt 0.757551 0.03
vt 0.749074 0.03
vn -0.645208 -0.764007 -5.11774e-16
v 26.1057 0.63597 -51.001
vt 0.749074 0
vt 0.757551 0
f 407/990/170 406/991/171 481/992/171 480/993/170 

vt 0.805492 0.03
vt 0.797437 0.03
vn -0.782096 -0.623158 -5.02636e-16
v 25.8232 0.923312 -51.001
vt 0.797437 0
vt 0.805492 0
f 406/994/171 405/995/172 482/996/172 481/997/171 

vt 0.828152 0.03
vt 0.820442 0.03
vn -0.8999 -0.436096 -4.69184e-16
v 25.6155 1.24836 -51.001
vt 0.820442 0
vt 0.828152 0
f 405/998/172 404/999/173 483/1000/173 482/1001/172 

vt 0.812343 0.03
vt 0.804818 0.03
vn -0.976195 -0.216897 -4.09419e-16
v 25.4921 1.604 -51.001
vt 0.804818 0
vt 0.812343 0
f 404/1002/173 403/1003/174 484/1004/174 483/1005/173 

vt 0.753669 0.03
vt 0.74754 0.03
v 25.4605 1.909 -51.001
vt 0.74754 0
vt 0.753669 0
f 403/1006/174 402/1007/140 485/1008/140 484/1009/174 

v 25.4605 2.01269 -51.001
f 402/883/140 401/884/141 486/885/141 485/886/140 

v 25.4605 2.23278 -51.001
f 401/884/141 400/887/141 487/888/141 486/885/141 

v 25.4605 2.52913 -51.001
f 400/887/141 399/889/141 488/890/141 487/888/141 

vn -1 2.91901e-13 -3.33067e-16
v 25.4605 2.86161 -51.001
f 399/889/141 398/891/175 489/892/175 488/890/141 

v 25.4605 3.19007 -51.001
f 398/891/175 397/893/175 490/894/175 489/892/175 

vn -1 -4.79343e-13 -3.33067e-16
v 25.4605 3.47439 -51.001
f 397/893/175 396/895/176 491/896/176 490/894/175 

vn -1 2.38431e-11 -3.33067e-16
v 25.4605 3.67441 -51.001
f 396/895/176 395/897/177 492/898/177 491/896/176 

vn -1 4.8645e-11 -3.33067e-16
v 25.4605 3.75 -51.001
f 395/897/177 394/899/178 493/833/178 492/898/177 

vt 0.386523 0.03
vt 0 0.03
v 6.12464 3.75 -51.001
vt 0 0
vt 0.386523 0
f 394/1010/148 393/1011/148 494/1012/148 493/1013/148 

vn -1 1.23579e-14 -3.33067e-16
vt 0.528693 0.03
v 6.12464 11.0521 -51.001
vt 0.528693 0
f 393/899/179 392/1014/179 495/1015/179 494/833/179 

vt -1.80388e-15 0.03
vn -1.2326e-31 1 3.88578e-16
vt -5.75547 0.03
v 294.042 11.0521 -51.001
vt -5.75547 0
vt -1.80388e-15 0
f 392/1016/180 391/1017/180 496/1018/180 495/1019/180 

v 294.042 18.6856 -48.001
vt 0.376099 2.87917
v 6.12464 18.6856 -48.001
vt 0.376099 9.02389e-16
f 497/1020/139 498/1021/139 392/832/139 391/831/139 

v 294.042 26.3191 -48.001
vt 0.223505 2.87917
v 6.12464 26.3191 -48.001
vt 0.223505 9.02389e-16
f 499/1022/139 500/1023/139 498/1021/139 497/1020/139 

v 137.132 35.591 -48.001
vt 0.0381609 1.31007
v 137.132 35.4873 -48.001
vt 0.0402337 1.31007
v 137.132 35.2672 -48.001
vt 0.0446333 1.31007
v 137.132 34.9709 -48.001
vt 0.0505574 1.31007
v 137.132 34.6384 -48.001
vt 0.0572036 1.31007
v 137.132 34.3099 -48.001
vt 0.0637696 1.31007
v 137.132 34.0256 -48.001
vt 0.069453 1.31007
v 137.132 33.8256 -48.001
vt 0.0734514 1.31007
v 137.132 33.75 -48.001
vt 0.0749625 1.31007
v 51.3638 33.75 -48.001
vt 0.0749625 0.452392
v 51.3638 33.833 -48.001
vt 0.0733038 0.452392
v 51.3638 34.0525 -48.001
vt 0.0689148 0.452392
v 51.3638 34.3646 -48.001
vt 0.0626763 0.452392
v 51.3638 34.7252 -48.001
vt 0.0554689 0.452392
v 51.3638 35.0901 -48.001
vt 0.0481735 0.452392
v 51.3638 35.4154 -48.001
vt 0.0416708 0.452392
v 51.3638 35.657 -48.001
vt 0.0368414 0.452392
v 51.3638 35.7708 -48.001
vt 0.0345662 0.452392
v 51.3352 36.0476 -48.001
vt 0.0290332 0.452106
v 51.2235 36.3696 -48.001
vt 0.0225959 0.450988
v 51.0354 36.664 -48.001
vt 0.0167124 0.449108
v 50.7796 36.9241 -48.001
vt 0.0115113 0.44655
v 50.4646 37.1437 -48.001
vt 0.00712168 0.443399
v 50.0989 37.3163 -48.001
vt 0.00367218 0.439743
v 49.6913 37.4354 -48.001
vt 0.00129164 0.435667
v 49.2502 37.4946 -48.001
vt 0.000108875 0.431255
v 48.7444 37.5 -48.001
vt 0 0.426198
v 46.9729 37.5 -48.001
vt 0 0.408483
v 44.0551 37.5 -48.001
vt 0 0.379305
v 40.4495 37.5 -48.001
vt 0 0.343249
v 36.6146 37.5 -48.001
vt 0 0.3049
v 33.009 37.5 -48.001
vt 0 0.268844
v 30.0912 37.5 -48.001
vt 0 0.239666
v 28.3197 37.5 -48.001
vt 0 0.221951
v 27.7948 37.494 -48.001
vt 0.00012024 0.216701
v 27.3076 37.4286 -48.001
vt 0.00142648 0.21183
v 26.8574 37.2971 -48.001
vt 0.00405553 0.207328
v 26.4536 37.1065 -48.001
vt 0.00786513 0.20329
v 26.1057 36.864 -48.001
vt 0.012713 0.199811
v 25.8232 36.5767 -48.001
vt 0.018457 0.196985
v 25.6155 36.2516 -48.001
vt 0.0249548 0.194908
v 25.4921 35.896 -48.001
vt 0.032064 0.193674
v 25.4605 35.591 -48.001
vt 0.0381609 0.193358
v 25.4605 35.4873 -48.001
vt 0.0402337 0.193358
v 25.4605 35.2672 -48.001
vt 0.0446333 0.193358
v 25.4605 34.9709 -48.001
vt 0.0505574 0.193358
v 25.4605 34.6384 -48.001
vt 0.0572036 0.193358
v 25.4605 34.3099 -48.001
vt 0.0637696 0.193358
v 25.4605 34.0256 -48.001
vt 0.069453 0.193358
v 25.4605 33.8256 -48.001
vt 0.0734514 0.193358
v 25.4605 33.75 -48.001
vt 0.0749625 0.193358
v 6.12464 33.75 -48.001
vt 0.0749625 0
v 294.042 33.75 -48.001
vt 0.0749625 2.87917
v 274.706 33.75 -48.001
vt 0.0749625 2.68582
v 274.706 33.8256 -48.001
vt 0.0734514 2.68582
v 274.706 34.0256 -48.001
vt 0.069453 2.68582
v 274.706 34.3099 -48.001
vt 0.0637696 2.68582
v 274.706 34.6384 -48.001
vt 0.0572036 2.68582
v 274.706 34.9709 -48.001
vt 0.0505574 2.68582
v 274.706 35.2672 -48.001
vt 0.0446333 2.68582
v 274.706 35.4873 -48.001
vt 0.0402337 2.68582
v 274.706 35.591 -48.001
vt 0.0381609 2.68582
v 274.675 35.896 -48.001
vt 0.032064 2.6855
v 274.551 36.2516 -48.001
vt 0.0249548 2.68427
v 274.344 36.5767 -48.001
vt 0.018457 2.68219
v 274.061 36.864 -48.001
vt 0.012713 2.67936
v 273.713 37.1065 -48.001
vt 0.00786513 2.67588
v 273.309 37.2971 -48.001
vt 0.00405553 2.67185
v 272.859 37.4286 -48.001
vt 0.00142648 2.66734
v 272.372 37.494 -48.001
vt 0.000120241 2.66247
v 271.847 37.5 -48.001
vt 1.093e-10 2.65722
v 270.076 37.5 -48.001
vt 1.07713e-10 2.63951
v 267.158 37.5 -48.001
vt 1.05087e-10 2.61033
v 263.552 37.5 -48.001
vt 1.01854e-10 2.57427
v 259.717 37.5 -48.001
vt 9.84195e-11 2.53593
v 256.112 37.5 -48.001
vt 9.51869e-11 2.49987
v 253.194 37.5 -48.001
vt 9.25605e-11 2.47069
v 251.422 37.5 -48.001
vt 9.09731e-11 2.45298
v 250.917 37.4946 -48.001
vt 0.000108875 2.44792
v 250.475 37.4354 -48.001
vt 0.00129164 2.44351
v 250.068 37.3163 -48.001
vt 0.00367218 2.43943
v 249.702 37.1437 -48.001
vt 0.00712168 2.43578
v 249.387 36.9241 -48.001
vt 0.0115113 2.43263
v 249.131 36.664 -48.001
vt 0.0167124 2.43007
v 248.943 36.3696 -48.001
vt 0.0225959 2.42819
v 248.832 36.0476 -48.001
vt 0.0290332 2.42707
v 248.803 35.7708 -48.001
vt 0.0345662 2.42678
v 248.803 35.657 -48.001
vt 0.0368414 2.42678
v 248.803 35.4154 -48.001
vt 0.0416708 2.42678
v 248.803 35.0901 -48.001
vt 0.0481735 2.42678
v 248.803 34.7252 -48.001
vt 0.0554689 2.42678
v 248.803 34.3646 -48.001
vt 0.0626763 2.42678
v 248.803 34.0525 -48.001
vt 0.0689148 2.42678
v 248.803 33.833 -48.001
vt 0.0733038 2.42678
v 248.803 33.75 -48.001
vt 0.0749625 2.42678
v 163.035 33.75 -48.001
vt 0.0749625 1.5691
v 163.035 33.833 -48.001
vt 0.0733038 1.5691
v 163.035 34.0525 -48.001
vt 0.0689148 1.5691
v 163.035 34.3646 -48.001
vt 0.0626763 1.5691
v 163.035 34.7252 -48.001
vt 0.0554689 1.5691
v 163.035 35.0901 -48.001
vt 0.0481735 1.5691
v 163.035 35.4154 -48.001
vt 0.0416708 1.5691
v 163.035 35.657 -48.001
vt 0.0368414 1.5691
v 163.035 35.7708 -48.001
vt 0.0345662 1.5691
v 163.006 36.0476 -48.001
vt 0.0290332 1.56882
v 162.895 36.3696 -48.001
vt 0.0225959 1.5677
v 162.707 36.664 -48.001
vt 0.0167124 1.56582
v 162.451 36.9241 -48.001
vt 0.0115113 1.56326
v 162.136 37.1437 -48.001
vt 0.00712168 1.56011
v 161.77 37.3163 -48.001
vt 0.00367218 1.55646
v 161.363 37.4354 -48.001
vt 0.00129164 1.55238
v 160.921 37.4946 -48.001
vt 0.000108875 1.54797
v 160.416 37.5 -48.001
vt 0 1.54291
v 158.644 37.5 -48.001
vt 0 1.5252
v 155.726 37.5 -48.001
vt 0 1.49602
v 152.121 37.5 -48.001
vt 0 1.45996
v 148.286 37.5 -48.001
vt 0 1.42161
v 144.68 37.5 -48.001
vt 0 1.38556
v 141.762 37.5 -48.001
vt 0 1.35638
v 139.991 37.5 -48.001
vt 0 1.33866
v 139.466 37.494 -48.001
vt 0.00012024 1.33341
v 138.979 37.4286 -48.001
vt 0.00142648 1.32854
v 138.529 37.2971 -48.001
vt 0.00405553 1.32404
v 138.125 37.1065 -48.001
vt 0.00786513 1.32
v 137.777 36.864 -48.001
vt 0.012713 1.31652
v 137.494 36.5767 -48.001
vt 0.018457 1.3137
v 137.287 36.2516 -48.001
vt 0.0249548 1.31162
v 137.163 35.896 -48.001
vt 0.032064 1.31039
f 501/1024/139 502/1025/139 503/1026/139 504/1027/139 505/1028/139 506/1029/139 507/1030/139 508/1031/139 509/1032/139 510/1033/139 511/1034/139 512/1035/139 513/1036/139 514/1037/139 515/1038/139 516/1039/139 517/1040/139 518/1041/139 519/1042/139 520/1043/139 521/1044/139 522/1045/139 523/1046/139 524/1047/139 525/1048/139 526/1049/139 527/1050/139 528/1051/139 529/1052/139 530/1053/139 531/1054/139 532/1055/139 533/1056/139 534/1057/139 535/1058/139 536/1059/139 537/1060/139 538/1061/139 539/1062/139 540/1063/139 541/1064/139 542/1065/139 543/1066/139 544/1067/139 545/1068/139 546/1069/139 547/1070/139 548/1071/139 549/1072/139 550/1073/139 551/1074/139 552/1075/139 500/1023/139 499/1022/139 553/1076/139 554/1077/139 555/1078/139 556/1079/139 557/1080/139 558/1081/139 559/1082/139 560/1083/139 561/1084/139 562/1085/139 563/1086/139 564/1087/139 565/1088/139 566/1089/139 567/1090/139 568/1091/139 569/1092/139 570/1093/139 571/1094/139 572/1095/139 573/1096/139 574/1097/139 575/1098/139 576/1099/139 577/1100/139 578/1101/139 579/1102/139 580/1103/139 581/1104/139 582/1105/139 583/1106/139 584/1107/139 585/1108/139 586/1109/139 587/1110/139 588/1111/139 589/1112/139 590/1113/139 591/1114/139 592/1115/139 593/1116/139 594/1117/139 595/1118/139 596/1119/139 597/1120/139 598/1121/139 599/1122/139 600/1123/139 601/1124/139 602/1125/139 603/1126/139 604/1127/139 605/1128/139 606/1129/139 607/1130/139 608/1131/139 609/1132/139 610/1133/139 611/1134/139 612/1135/139 613/1136/139 614/1137/139 615/1138/139 616/1139/139 617/1140/139 618/1141/139 619/1142/139 620/1143/139 621/1144/139 622/1145/139 623/1146/139 624/1147/139 625/1148/139 626/1149/139 627/1150/139 628/1151/139 

vt 0.0402337 0.03
vt 0.0381609 0.03
vn -0.998665 0.0516456 -3.12554e-16
v 137.132 35.591 -51.001
vt 0.0381609 0
v 137.132 35.4873 -51.001
vt 0.0402337 0
f 502/1152/141 501/1153/181 629/1154/181 630/1155/141 

vt -0.232184 0.03
vt -0.238314 0.03
vn -0.976195 0.216897 -2.40857e-16
v 137.163 35.896 -51.001
vt -0.238314 0
vt -0.232184 0
f 501/1156/181 628/1157/182 631/1158/182 629/1159/181 

vt -0.828263 0.03
vt -0.835788 0.03
vn -0.8999 0.436096 -1.30269e-16
v 137.287 36.2516 -51.001
vt -0.835788 0
vt -0.828263 0
f 628/1160/182 627/1161/183 632/1162/183 631/1163/182 

vt -1.39071 0.03
vt -1.39843 0.03
vn -0.782096 0.623158 -1.83445e-17
v 137.494 36.5767 -51.001
vt -1.39843 0
vt -1.39071 0
f 627/1164/183 626/1165/184 633/1166/184 632/1167/183 

vt -1.82804 0.03
vt -1.8361 0.03
vn -0.645208 0.764007 8.19786e-17
v 137.777 36.864 -51.001
vt -1.8361 0
vt -1.82804 0
f 626/1168/184 625/1169/185 634/1170/185 633/1171/184 

vt -2.15168 0.03
vt -2.16016 0.03
vn -0.501096 0.865391 1.69373e-16
v 138.125 37.1065 -51.001
vt -2.16016 0
vt -2.15168 0
f 625/1172/185 624/1173/186 635/1174/186 634/1175/185 

vt -2.38291 0.03
vt -2.39183 0.03
vn -0.354699 0.934981 2.45174e-16
v 138.529 37.2971 -51.001
vt -2.39183 0
vt -2.38291 0
f 624/1176/186 623/1177/187 636/1178/187 635/1179/186 

vt -2.53943 0.03
vt -2.54881 0.03
vn -0.207265 0.978285 3.11107e-16
v 138.979 37.4286 -51.001
vt -2.54881 0
vt -2.53943 0
f 623/1180/187 622/1181/188 637/1182/188 636/1183/187 

vt -2.63199 0.03
vt -2.64182 0.03
vn -0.0723352 0.99738 3.63468e-16
v 139.466 37.494 -51.001
vt -2.64182 0
vt -2.63199 0
f 622/1184/188 621/1185/189 638/1186/189 637/1187/188 

vt -2.66532 0.03
vt -2.67581 0.03
vn -0.00572861 0.999984 3.86664e-16
v 139.991 37.5 -51.001
vt -2.67581 0
vt -2.66532 0
f 621/1188/189 620/1189/190 639/1190/190 638/1191/189 

vt -2.67599 0.03
vt -2.7114 0.03
v 141.762 37.5 -51.001
vt -2.7114 0
vt -2.67599 0
f 620/1192/190 619/1193/180 640/1194/180 639/1195/190 

vt -2.76973 0.03
v 144.68 37.5 -51.001
vt -2.76973 0
f 619/1193/180 618/1196/180 641/1197/180 640/1194/180 

vt -2.8418 0.03
v 148.286 37.5 -51.001
vt -2.8418 0
f 618/1196/180 617/1198/180 642/1199/180 641/1197/180 

vt -2.91846 0.03
v 152.121 37.5 -51.001
vt -2.91846 0
f 617/1198/180 616/1200/180 643/1201/180 642/1199/180 

vt -2.99054 0.03
v 155.726 37.5 -51.001
vt -2.99054 0
f 616/1200/180 615/1202/180 644/1203/180 643/1201/180 

vt -3.04887 0.03
v 158.644 37.5 -51.001
vt -3.04887 0
f 615/1202/180 614/1204/180 645/1205/180 644/1203/180 

vt -3.08428 0.03
vn 0.00538401 0.999986 3.90366e-16
v 160.416 37.5 -51.001
vt -3.08428 0
f 614/1204/180 613/1206/191 646/1207/191 645/1205/180 

vt -3.0841 0.03
vt -3.09421 0.03
vn 0.0719915 0.997405 4.11548e-16
v 160.921 37.4946 -51.001
vt -3.09421 0
vt -3.0841 0
f 613/1208/191 612/1209/192 647/1210/192 646/1211/191 

vt -3.06693 0.03
vt -3.07583 0.03
vn 0.207265 0.978285 4.49173e-16
v 161.363 37.4354 -51.001
vt -3.07583 0
vt -3.06693 0
f 612/1212/192 611/1213/193 648/1214/193 647/1215/192 

vt -2.97907 0.03
vt -2.98756 0.03
vn 0.354699 0.934981 4.81451e-16
v 161.77 37.3163 -51.001
vt -2.98756 0
vt -2.97907 0
f 611/1216/193 610/1217/194 649/1218/194 648/1219/193 

vt -2.81529 0.03
vt -2.82337 0.03
vn 0.501096 0.865391 5.03171e-16
v 162.136 37.1437 -51.001
vt -2.82337 0
vt -2.81529 0
f 610/1220/194 609/1221/195 650/1222/195 649/1223/194 

vt -2.56248 0.03
vt -2.57016 0.03
vn 0.645208 0.764007 5.11774e-16
v 162.451 36.9241 -51.001
vt -2.57016 0
vt -2.56248 0
f 609/1224/195 608/1225/196 651/1226/196 650/1227/195 

vt -2.19918 0.03
vt -2.20648 0.03
vn 0.782096 0.623158 5.02636e-16
v 162.707 36.664 -51.001
vt -2.20648 0
vt -2.19918 0
f 608/1228/196 607/1229/197 652/1230/197 651/1231/196 

vt -1.69943 0.03
vt -1.70641 0.03
vn 0.8999 0.436096 4.69184e-16
v 162.895 36.3696 -51.001
vt -1.70641 0
vt -1.69943 0
f 607/1232/197 606/1233/198 653/1234/198 652/1235/197 

vt -1.04849 0.03
vt -1.05531 0.03
vn 0.97622 0.216784 4.09384e-16
v 163.006 36.0476 -51.001
vt -1.05531 0
vt -1.04849 0
f 606/1236/198 605/1237/199 654/1238/199 653/1239/198 

vt -0.351656 0.03
vt -0.357218 0.03
vn 0.998671 0.0515305 3.52648e-16
v 163.035 35.7708 -51.001
vt -0.357218 0
vt -0.351656 0
f 605/1240/199 604/1241/200 655/1242/200 654/1243/199 

vt -0.0345662 0.03
vt -0.0368414 0.03
vn 1 -3.73523e-13 3.33067e-16
v 163.035 35.657 -51.001
vt -0.0368414 0
vt -0.0345662 0
f 604/1244/200 603/1245/201 656/1246/201 655/1247/200 

vt -0.0416708 0.03
vn 1 -9.61211e-14 3.33067e-16
v 163.035 35.4154 -51.001
vt -0.0416708 0
f 603/1245/201 602/1248/202 657/1249/202 656/1246/201 

vt -0.0481735 0.03
vn 1 2.77402e-13 3.33067e-16
v 163.035 35.0901 -51.001
vt -0.0481735 0
f 602/1248/202 601/1250/203 658/1251/203 657/1249/202 

vt -0.0554689 0.03
v 163.035 34.7252 -51.001
vt -0.0554689 0
f 601/1250/203 600/1252/149 659/1253/149 658/1251/203 

vt -0.0626763 0.03
v 163.035 34.3646 -51.001
vt -0.0626763 0
f 600/1252/149 599/1254/149 660/1255/149 659/1253/149 

vt -0.0689148 0.03
vn 1 -4.11001e-13 3.33067e-16
v 163.035 34.0525 -51.001
vt -0.0689148 0
f 599/1254/149 598/1256/204 661/1257/204 660/1255/149 

vt -0.0733038 0.03
vn 1 6.76514e-13 3.33067e-16
v 163.035 33.833 -51.001
vt -0.0733038 0
f 598/1256/204 597/1258/205 662/1259/205 661/1257/204 

vt -0.0749625 0.03
vn 1 2.17503e-12 3.33067e-16
v 163.035 33.75 -51.001
vt -0.0749625 0
f 597/1258/205 596/1260/206 663/1261/206 662/1259/205 

vt -3.13664 0.03
vn 5.16638e-11 1 3.88578e-16
vt -4.85114 0.03
v 248.803 33.75 -51.001
vt -4.85114 0
vt -3.13664 0
f 596/1262/207 595/1263/207 664/1264/207 663/1265/207 

vt 0.0749625 0.03
vn -1 4.45881e-11 -3.33067e-16
vt 0.0733038 0.03
vn -1 4.38716e-11 -3.33067e-16
v 248.803 33.833 -51.001
vt 0.0733038 0
f 595/1266/208 594/1267/209 665/1268/209 664/1075/208 

vt 0.0689148 0.03
vn -1 4.33e-11 -3.33067e-16
v 248.803 34.0525 -51.001
vt 0.0689148 0
f 594/1267/209 593/1269/210 666/1270/210 665/1268/209 

vt 0.0626763 0.03
vn -1 4.34658e-11 -3.33067e-16
v 248.803 34.3646 -51.001
vt 0.0626763 0
f 593/1269/210 592/1271/211 667/1272/211 666/1270/210 

vt 0.0554689 0.03
vn -1 4.32552e-11 -3.33067e-16
v 248.803 34.7252 -51.001
vt 0.0554689 0
f 592/1271/211 591/1273/212 668/1274/212 667/1272/211 

vt 0.0481735 0.03
vn -1 4.32185e-11 -3.33067e-16
v 248.803 35.0901 -51.001
vt 0.0481735 0
f 591/1273/212 590/1275/213 669/1276/213 668/1274/212 

vt 0.0416708 0.03
vn -1 4.37446e-11 -3.33067e-16
v 248.803 35.4154 -51.001
vt 0.0416708 0
f 590/1275/213 589/1277/214 670/1278/214 669/1276/213 

vt 0.0368414 0.03
vn -1 4.33453e-11 -3.33067e-16
v 248.803 35.657 -51.001
vt 0.0368414 0
f 589/1277/214 588/1279/215 671/1280/215 670/1278/214 

vt 0.0345662 0.03
vn -0.998671 0.0515305 -3.12601e-16
v 248.803 35.7708 -51.001
vt 0.0345662 0
f 588/1279/215 587/1281/216 672/1282/216 671/1280/215 

vt -0.464916 0.03
vt -0.470478 0.03
vn -0.97622 0.216784 -2.40909e-16
v 248.832 36.0476 -51.001
vt -0.470478 0
vt -0.464916 0
f 587/1283/216 586/1284/217 673/1285/217 672/1286/216 

vt -1.56277 0.03
vt -1.56958 0.03
v 248.943 36.3696 -51.001
vt -1.56958 0
vt -1.56277 0
f 586/1287/217 585/1288/183 674/1289/183 673/1290/217 

vt -2.5945 0.03
vt -2.60148 0.03
v 249.131 36.664 -51.001
vt -2.60148 0
vt -2.5945 0
f 585/1291/183 584/1292/184 675/1293/184 674/1294/183 

vt -3.39392 0.03
vt -3.40122 0.03
v 249.387 36.9241 -51.001
vt -3.40122 0
vt -3.39392 0
f 584/1295/184 583/1296/185 676/1297/185 675/1298/184 

vt -3.98266 0.03
vt -3.99033 0.03
v 249.702 37.1437 -51.001
vt -3.99033 0
vt -3.98266 0
f 583/1299/185 582/1300/186 677/1301/186 676/1302/185 

vt -4.40029 0.03
vt -4.40838 0.03
v 250.068 37.3163 -51.001
vt -4.40838 0
vt -4.40029 0
f 582/1303/186 581/1304/187 678/1305/187 677/1306/186 

vt -4.67976 0.03
vt -4.68825 0.03
v 250.475 37.4354 -51.001
vt -4.68825 0
vt -4.67976 0
f 581/1307/187 580/1308/188 679/1309/188 678/1310/187 

vt -4.84104 0.03
vt -4.84994 0.03
vn -0.0719915 0.997405 3.63592e-16
v 250.917 37.4946 -51.001
vt -4.84994 0
vt -4.84104 0
f 580/1311/188 579/1312/218 680/1313/218 679/1314/188 

vt -4.89311 0.03
vt -4.90322 0.03
vn -0.00538401 0.999986 3.86779e-16
v 251.422 37.5 -51.001
vt -4.90322 0
vt -4.89311 0
f 579/1315/218 578/1316/219 681/1317/219 680/1318/218 

vt -4.9035 0.03
vt -4.93891 0.03
vn 4.49284e-11 1 3.88578e-16
v 253.194 37.5 -51.001
vt -4.93891 0
vt -4.9035 0
f 578/1319/219 577/1320/220 682/1321/220 681/1322/219 

vt -4.99724 0.03
vn 4.49393e-11 1 3.88578e-16
v 256.112 37.5 -51.001
vt -4.99724 0
f 577/1320/220 576/1323/221 683/1324/221 682/1321/220 

vt -5.06932 0.03
vn 4.48261e-11 1 3.88578e-16
v 259.717 37.5 -51.001
vt -5.06932 0
f 576/1323/221 575/1325/222 684/1326/222 683/1324/221 

vt -5.14598 0.03
v 263.552 37.5 -51.001
vt -5.14598 0
f 575/1325/222 574/1327/222 685/1328/222 684/1326/222 

vt -5.21805 0.03
v 267.158 37.5 -51.001
vt -5.21805 0
f 574/1327/222 573/1329/221 686/1330/221 685/1328/222 

vt -5.27638 0.03
v 270.076 37.5 -51.001
vt -5.27638 0
f 573/1329/221 572/1331/220 687/1332/220 686/1330/221 

vt -5.31179 0.03
vn 0.00572861 0.999984 3.9048e-16
v 271.847 37.5 -51.001
vt -5.31179 0
f 572/1331/220 571/1333/223 688/1334/223 687/1332/220 

vt -5.31144 0.03
vt -5.32194 0.03
vn 0.0723352 0.99738 4.11653e-16
v 272.372 37.494 -51.001
vt -5.32194 0
vt -5.31144 0
f 571/1335/223 570/1336/224 689/1337/224 688/1338/223 

vt -5.27506 0.03
vt -5.28488 0.03
v 272.859 37.4286 -51.001
vt -5.28488 0
vt -5.27506 0
f 570/1339/224 569/1340/193 690/1341/193 689/1342/224 

vt -5.11851 0.03
vt -5.12789 0.03
v 273.309 37.2971 -51.001
vt -5.12789 0
vt -5.11851 0
f 569/1343/193 568/1344/194 691/1345/194 690/1346/193 

vt -4.83183 0.03
vt -4.84075 0.03
v 273.713 37.1065 -51.001
vt -4.84075 0
vt -4.83183 0
f 568/1347/194 567/1348/195 692/1349/195 691/1350/194 

vt -4.39266 0.03
vt -4.40113 0.03
v 274.061 36.864 -51.001
vt -4.40113 0
vt -4.39266 0
f 567/1351/195 566/1352/196 693/1353/196 692/1354/195 

vt -3.7643 0.03
vt -3.77236 0.03
v 274.344 36.5767 -51.001
vt -3.77236 0
vt -3.7643 0
f 566/1355/196 565/1356/197 694/1357/197 693/1358/196 

vt -2.90249 0.03
vt -2.9102 0.03
v 274.551 36.2516 -51.001
vt -2.9102 0
vt -2.90249 0
f 565/1359/197 564/1360/198 695/1361/198 694/1362/197 

vt -1.78229 0.03
vt -1.78981 0.03
vn 0.976195 0.216897 4.09419e-16
v 274.675 35.896 -51.001
vt -1.78981 0
vt -1.78229 0
f 564/1363/198 563/1364/225 696/1365/225 695/1366/198 

vt -0.585653 0.03
vt -0.591783 0.03
vn 0.998665 0.0516456 3.52691e-16
v 274.706 35.591 -51.001
vt -0.591783 0
vt -0.585653 0
f 563/1367/225 562/1368/226 697/1369/226 696/1370/225 

vt -0.0381609 0.03
vt -0.0402337 0.03
vn 1 -4.38785e-11 3.33067e-16
v 274.706 35.4873 -51.001
vt -0.0402337 0
vt -0.0381609 0
f 562/1371/226 561/1372/227 698/1373/227 697/1374/226 

vt -0.0446333 0.03
vn 1 -4.43338e-11 3.33067e-16
v 274.706 35.2672 -51.001
vt -0.0446333 0
f 561/1372/227 560/1375/228 699/1376/228 698/1373/227 

vt -0.0505574 0.03
vn 1 -4.37346e-11 3.33067e-16
v 274.706 34.9709 -51.001
vt -0.0505574 0
f 560/1375/228 559/1377/229 700/1378/229 699/1376/228 

vt -0.0572036 0.03
vn 1 -4.39646e-11 3.33067e-16
v 274.706 34.6384 -51.001
vt -0.0572036 0
f 559/1377/229 558/1379/230 701/1380/230 700/1378/229 

vt -0.0637696 0.03
vn 1 -4.3897e-11 3.33067e-16
v 274.706 34.3099 -51.001
vt -0.0637696 0
f 558/1379/230 557/1381/231 702/1382/231 701/1380/230 

vt -0.069453 0.03
vn 1 -4.40566e-11 3.33067e-16
v 274.706 34.0256 -51.001
vt -0.069453 0
f 557/1381/231 556/1383/232 703/1384/232 702/1382/231 

vt -0.0734514 0.03
vn 1 -4.40611e-11 3.33067e-16
v 274.706 33.8256 -51.001
vt -0.0734514 0
f 556/1383/232 555/1385/233 704/1386/233 703/1384/232 

vn 1 -4.35716e-11 3.33067e-16
v 274.706 33.75 -51.001
f 555/1385/233 554/1260/234 705/1261/234 704/1386/233 

vt -5.36895 0.03
vn 4.59973e-11 1 3.88578e-16
v 294.042 33.75 -51.001
vt -5.36895 0
f 554/1387/235 553/1017/235 706/1018/235 705/1388/235 

vn 1 1.21438e-14 3.33067e-16
vt -0.223505 0.03
v 294.042 26.3191 -51.001
vt -0.223505 0
f 553/1260/236 499/1389/236 707/1390/236 706/1261/236 

v 6.12464 26.3191 -51.001
f 500/1016/180 499/1017/180 707/1018/180 708/1019/180 

vt -0.376099 0.03
v 294.042 18.6856 -51.001
vt -0.376099 0
f 499/1389/149 497/1391/149 709/1392/149 707/1390/149 

vt -0.528693 0.03
vt -0.528693 0
f 497/1391/149 391/1393/149 496/1394/149 709/1392/149 

vn 1 -1.84565e-10 3.33067e-16
v 294.042 3.75 -51.001
f 391/1393/237 390/904/237 710/907/237 496/1394/237 

vt 5.75547 0.03
vn -4.59599e-11 -1 -3.88578e-16
vt 5.36895 0.03
v 274.706 3.75 -51.001
vt 5.36895 0
vt 5.75547 0
f 390/1395/238 389/1396/238 711/1397/238 710/1398/238 

vt -0.676174 0.03
vn 1 -4.35536e-11 3.33067e-16
v 274.706 3.67441 -51.001
vt -0.676174 0
f 389/904/234 388/1399/239 712/1400/239 711/907/234 

vt -0.680172 0.03
vn 1 -4.39061e-11 3.33067e-16
v 274.706 3.47439 -51.001
vt -0.680172 0
f 388/1399/239 387/1401/240 713/1402/240 712/1400/239 

vt -0.685855 0.03
vn 1 -4.42541e-11 3.33067e-16
v 274.706 3.19007 -51.001
vt -0.685855 0
f 387/1401/240 386/1403/241 714/1404/241 713/1402/240 

vt -0.692421 0.03
v 274.706 2.86161 -51.001
vt -0.692421 0
f 386/1403/241 385/1405/230 715/1406/230 714/1404/241 

vt -0.699068 0.03
vn 1 -4.40391e-11 3.33067e-16
v 274.706 2.52913 -51.001
vt -0.699068 0
f 385/1405/230 384/1407/242 716/1408/242 715/1406/230 

vt -0.704992 0.03
vn 1 -4.42283e-11 3.33067e-16
v 274.706 2.23278 -51.001
vt -0.704992 0
f 384/1407/242 383/1409/243 717/1410/243 716/1408/242 

vt -0.709391 0.03
vn 1 -4.34685e-11 3.33067e-16
v 274.706 2.01269 -51.001
vt -0.709391 0
f 383/1409/243 382/1411/244 718/1412/244 717/1410/243 

vt -0.711464 0.03
vn 0.998665 -0.0516456 3.12554e-16
v 274.706 1.909 -51.001
vt -0.711464 0
f 382/1411/244 381/1413/245 719/1414/245 718/1412/244 

vt -0.153843 0.03
vt -0.159973 0.03
vn 0.976195 -0.216897 2.40857e-16
v 274.675 1.604 -51.001
vt -0.159973 0
vt -0.153843 0
f 381/1415/245 380/1416/246 720/1417/246 719/1418/245 

vt 1.0816 0.03
vt 1.07407 0.03
v 274.551 1.24836 -51.001
vt 1.07407 0
vt 1.0816 0
f 380/1419/246 379/1420/157 721/1421/157 720/1422/246 

vt 2.27851 0.03
vt 2.2708 0.03
v 274.344 0.923312 -51.001
vt 2.2708 0
vt 2.27851 0
f 379/1423/157 378/1424/158 722/1425/158 721/1426/157 

vt 3.23784 0.03
vt 3.22979 0.03
v 274.061 0.63597 -51.001
vt 3.22979 0
vt 3.23784 0
f 378/1427/158 377/1428/159 723/1429/159 722/1430/158 

vt 3.97246 0.03
vt 3.96398 0.03
v 273.713 0.393453 -51.001
vt 3.96398 0
vt 3.97246 0
f 377/1431/159 376/1432/160 724/1433/160 723/1434/159 

vt 4.5208 0.03
vt 4.51188 0.03
v 273.309 0.202878 -51.001
vt 4.51188 0
vt 4.5208 0
f 376/1435/160 375/1436/161 725/1437/161 724/1438/160 

vt 4.91769 0.03
vt 4.90831 0.03
v 272.859 0.0713594 -51.001
vt 4.90831 0
vt 4.91769 0
f 375/1439/161 374/1440/162 726/1441/162 725/1442/161 

vt 5.18522 0.03
vt 5.1754 0.03
vn 0.0723352 -0.99738 -3.63468e-16
v 272.372 0.00601503 -51.001
vt 5.1754 0
vt 5.18522 0
f 374/1443/162 373/1444/247 727/1445/247 726/1446/162 

vt 5.31335 0.03
vt 5.30285 0.03
vn 0.00572861 -0.999984 -3.86664e-16
v 271.847 0 -51.001
vt 5.30285 0
vt 5.31335 0
f 373/1447/247 372/1448/248 728/1449/248 727/1450/247 

vt 5.31179 0.03
vt 5.27638 0.03
vn -4.49284e-11 -1 -3.88578e-16
v 270.076 7.94103e-11 -51.001
vt 5.27638 0
vt 5.31179 0
f 372/1451/248 371/1452/249 729/1453/249 728/1454/248 

vt 5.21805 0.03
vn -4.49393e-11 -1 -3.88578e-16
v 267.158 2.10797e-10 -51.001
vt 5.21805 0
f 371/1452/249 370/1455/250 730/1456/250 729/1453/249 

vt 5.14598 0.03
vn -4.48261e-11 -1 -3.88578e-16
v 263.552 3.72509e-10 -51.001
vt 5.14598 0
f 370/1455/250 369/1457/251 731/1458/251 730/1456/250 

vt 5.06932 0.03
vn -4.49262e-11 -1 -3.88578e-16
v 259.717 5.44318e-10 -51.001
vt 5.06932 0
f 369/1457/251 368/1459/252 732/1460/252 731/1458/251 

vt 4.99724 0.03
vn -4.49157e-11 -1 -3.88578e-16
v 256.112 7.06748e-10 -51.001
vt 4.99724 0
f 368/1459/252 367/1461/253 733/1462/253 732/1460/252 

vt 4.93891 0.03
vn -4.48047e-11 -1 -3.88578e-16
v 253.194 8.37417e-10 -51.001
vt 4.93891 0
f 367/1461/253 366/1463/254 734/1464/254 733/1462/253 

vt 4.9035 0.03
vn -0.00538401 -0.999986 -3.90366e-16
v 251.422 9.16828e-10 -51.001
vt 4.9035 0
f 366/1463/254 365/1465/255 735/1466/255 734/1464/254 

vt 4.91129 0.03
vt 4.90118 0.03
vn -0.0719915 -0.997405 -4.11548e-16
v 250.917 0.00544646 -51.001
vt 4.90118 0
vt 4.91129 0
f 365/1467/255 364/1468/256 736/1469/256 735/1470/255 

vt 4.9496 0.03
vt 4.9407 0.03
v 250.475 0.0646142 -51.001
vt 4.9407 0
vt 4.9496 0
f 364/1471/256 363/1472/168 737/1473/168 736/1474/256 

vt 4.89845 0.03
vt 4.88996 0.03
v 250.068 0.183701 -51.001
vt 4.88996 0
vt 4.89845 0
f 363/1475/168 362/1476/169 738/1477/169 737/1478/168 

vt 4.72833 0.03
vt 4.72024 0.03
v 249.702 0.356262 -51.001
vt 4.72024 0
vt 4.72833 0
f 362/1479/169 361/1480/170 739/1481/170 738/1482/169 

vt 4.41901 0.03
vt 4.41133 0.03
v 249.387 0.575855 -51.001
vt 4.41133 0
vt 4.41901 0
f 361/1483/170 360/1484/171 740/1485/171 739/1486/170 

vt 3.93573 0.03
vt 3.92844 0.03
v 249.131 0.836036 -51.001
vt 3.92844 0
vt 3.93573 0
f 360/1487/171 359/1488/172 741/1489/172 740/1490/171 

vt 3.23317 0.03
vt 3.22618 0.03
v 248.943 1.13036 -51.001
vt 3.22618 0
vt 3.23317 0
f 359/1491/172 358/1492/173 742/1493/173 741/1494/172 

vt 2.2778 0.03
vt 2.27098 0.03
vn -0.97622 -0.216784 -4.09384e-16
v 248.832 1.45239 -51.001
vt 2.27098 0
vt 2.2778 0
f 358/1495/173 357/1496/257 743/1497/257 742/1498/173 

vt 1.21612 0.03
vt 1.21056 0.03
vn -0.998671 -0.0515305 -3.52648e-16
v 248.803 1.72917 -51.001
vt 1.21056 0
vt 1.21612 0
f 357/1499/257 356/1500/258 744/1501/258 743/1502/257 

vt 0.715059 0.03
vt 0.712784 0.03
vn -1 4.49318e-11 -3.33067e-16
v 248.803 1.84299 -51.001
vt 0.712784 0
vt 0.715059 0
f 356/1503/258 355/1504/259 745/1505/259 744/1506/258 

vt 0.707954 0.03
vn -1 4.54746e-11 -3.33067e-16
v 248.803 2.08458 -51.001
vt 0.707954 0
f 355/1504/259 354/1507/260 746/1508/260 745/1505/259 

vt 0.701451 0.03
vn -1 4.57001e-11 -3.33067e-16
v 248.803 2.40988 -51.001
vt 0.701451 0
f 354/1507/260 353/1509/261 747/1510/261 746/1508/260 

vt 0.694156 0.03
vn -1 4.5614e-11 -3.33067e-16
v 248.803 2.77483 -51.001
vt 0.694156 0
f 353/1509/261 352/1511/262 748/1512/262 747/1510/261 

vt 0.686949 0.03
vn -1 4.48937e-11 -3.33067e-16
v 248.803 3.13538 -51.001
vt 0.686949 0
f 352/1511/262 351/1513/263 749/1514/263 748/1512/262 

vt 0.68071 0.03
vn -1 4.53016e-11 -3.33067e-16
v 248.803 3.44746 -51.001
vt 0.68071 0
f 351/1513/263 350/1515/264 750/1516/264 749/1514/263 

vt 0.676321 0.03
vn -1 4.62103e-11 -3.33067e-16
v 248.803 3.66702 -51.001
vt 0.676321 0
f 350/1515/264 349/1517/265 751/1518/265 750/1516/264 

vn -1 4.64913e-11 -3.33067e-16
v 248.803 3.75 -51.001
f 349/1517/265 348/899/266 752/833/266 751/1518/265 

vt 4.85114 0.03
vn -5.16975e-11 -1 -3.88578e-16
vt 3.13664 0.03
v 163.035 3.75 -51.001
vt 3.13664 0
vt 4.85114 0
f 348/1519/267 347/1520/267 753/1521/267 752/1522/267 

vn 1 -2.17503e-12 3.33067e-16
vn 1 -6.76514e-13 3.33067e-16
v 163.035 3.66702 -51.001
f 347/904/268 346/905/269 754/906/269 753/907/268 

vn 1 4.11001e-13 3.33067e-16
v 163.035 3.44746 -51.001
f 346/905/269 345/908/270 755/909/270 754/906/269 

v 163.035 3.13538 -51.001
f 345/908/270 344/910/149 756/911/149 755/909/270 

v 163.035 2.77483 -51.001
f 344/910/149 343/912/149 757/913/149 756/911/149 

vn 1 -2.77402e-13 3.33067e-16
v 163.035 2.40988 -51.001
f 343/912/149 342/914/271 758/915/271 757/913/149 

vn 1 9.61211e-14 3.33067e-16
v 163.035 2.08458 -51.001
f 342/914/271 341/916/272 759/917/272 758/915/271 

vn 1 3.73523e-13 3.33067e-16
v 163.035 1.84299 -51.001
f 341/916/272 340/918/273 760/919/273 759/917/272 

v 163.035 1.72917 -51.001
f 340/918/273 339/920/155 761/921/155 760/919/273 

vt -0.388426 0.03
vt -0.393988 0.03
v 163.006 1.45239 -51.001
vt -0.393988 0
vt -0.388426 0
f 339/1523/155 338/1524/156 762/1525/156 761/1526/155 

vt 0.347091 0.03
vt 0.340277 0.03
v 162.895 1.13036 -51.001
vt 0.340277 0
vt 0.347091 0
f 338/1527/156 337/1528/157 763/1529/157 762/1530/156 

vt 1.07473 0.03
vt 1.06775 0.03
v 162.707 0.836036 -51.001
vt 1.06775 0
vt 1.07473 0
f 337/1531/157 336/1532/158 764/1533/158 763/1534/157 

vt 1.67196 0.03
vt 1.66467 0.03
v 162.451 0.575855 -51.001
vt 1.66467 0
vt 1.67196 0
f 336/1535/158 335/1536/159 765/1537/159 764/1538/158 

vt 2.14148 0.03
vt 2.13381 0.03
v 162.136 0.356262 -51.001
vt 2.13381 0
vt 2.14148 0
f 335/1539/159 334/1540/160 766/1541/160 765/1542/159 

vt 2.50342 0.03
vt 2.49534 0.03
v 161.77 0.183701 -51.001
vt 2.49534 0
vt 2.50342 0
f 334/1543/160 333/1544/161 767/1545/161 766/1546/160 

vt 2.77736 0.03
vt 2.76887 0.03
v 161.363 0.0646142 -51.001
vt 2.76887 0
vt 2.77736 0
f 333/1547/161 332/1548/162 768/1549/162 767/1550/161 

vt 2.97617 0.03
vt 2.96728 0.03
v 160.921 0.00544647 -51.001
vt 2.96728 0
vt 2.97617 0
f 332/1551/162 331/1552/163 769/1553/163 768/1554/162 

vt 3.08614 0.03
vt 3.07603 0.03
v 160.416 5.46414e-09 -51.001
vt 3.07603 0
vt 3.08614 0
f 331/1555/163 330/1556/164 770/1557/164 769/1558/163 

vt 3.08428 0.03
vt 3.04887 0.03
v 158.644 5.46414e-09 -51.001
vt 3.04887 0
vt 3.08428 0
f 330/1559/164 329/1560/148 771/1561/148 770/1562/164 

vt 2.99054 0.03
v 155.726 5.46414e-09 -51.001
vt 2.99054 0
f 329/1560/148 328/1563/148 772/1564/148 771/1561/148 

vt 2.91846 0.03
v 152.121 5.46414e-09 -51.001
vt 2.91846 0
f 328/1563/148 327/1565/148 773/1566/148 772/1564/148 

vt 2.8418 0.03
v 148.286 5.46414e-09 -51.001
vt 2.8418 0
f 327/1565/148 326/1567/148 774/1568/148 773/1566/148 

vt 2.76973 0.03
v 144.68 5.46414e-09 -51.001
vt 2.76973 0
f 326/1567/148 325/1569/148 775/1570/148 774/1568/148 

vt 2.7114 0.03
v 141.762 5.46414e-09 -51.001
vt 2.7114 0
f 325/1569/148 324/1571/148 776/1572/148 775/1570/148 

vt 2.67599 0.03
v 139.991 5.46414e-09 -51.001
vt 2.67599 0
f 324/1571/148 323/1573/166 777/1574/166 776/1572/148 

vt 2.6844 0.03
vt 2.67391 0.03
v 139.466 0.00601504 -51.001
vt 2.67391 0
vt 2.6844 0
f 323/1575/166 322/1576/167 778/1577/167 777/1578/166 

vt 2.74148 0.03
vt 2.73165 0.03
v 138.979 0.0713595 -51.001
vt 2.73165 0
vt 2.74148 0
f 322/1579/167 321/1580/168 779/1581/168 778/1582/167 

vt 2.75901 0.03
vt 2.74963 0.03
v 138.529 0.202878 -51.001
vt 2.74963 0
vt 2.75901 0
f 321/1583/168 320/1584/169 780/1585/169 779/1586/168 

vt 2.71178 0.03
vt 2.70286 0.03
v 138.125 0.393453 -51.001
vt 2.70286 0
vt 2.71178 0
f 320/1587/169 319/1588/170 781/1589/170 780/1590/169 

vt 2.58884 0.03
vt 2.58036 0.03
v 137.777 0.63597 -51.001
vt 2.58036 0
vt 2.58884 0
f 319/1591/170 318/1592/171 782/1593/171 781/1594/170 

vt 2.37061 0.03
vt 2.36255 0.03
v 137.494 0.923312 -51.001
vt 2.36255 0
vt 2.37061 0
f 318/1595/171 317/1596/172 783/1597/172 782/1598/171 

vt 2.03011 0.03
vt 2.0224 0.03
v 137.287 1.24836 -51.001
vt 2.0224 0
vt 2.03011 0
f 317/1599/172 316/1600/173 784/1601/173 783/1602/172 

vt 1.544 0.03
vt 1.53648 0.03
v 137.163 1.604 -51.001
vt 1.53648 0
vt 1.544 0
f 316/1603/173 315/1604/174 785/1605/174 784/1606/173 

vt 0.98394 0.03
vt 0.97781 0.03
vt 0.97781 0
vt 0.98394 0
f 315/1607/174 314/1608/140 444/1609/140 785/1610/174 

vt -0.711464 1.31007
vn 3.33067e-16 3.88578e-16 -1
vt -0.709391 1.31007
vt -0.704992 1.31007
vt -0.699068 1.31007
vt -0.692421 1.31007
vt -0.685855 1.31007
vt -0.680172 1.31007
vt -0.676174 1.31007
vt -0.674662 1.31007
vt -0.674662 0.452392
vt -0.676321 0.452392
vt -0.68071 0.452392
vt -0.686949 0.452392
vt -0.694156 0.452392
vt -0.701451 0.452392
vt -0.707954 0.452392
vt -0.712784 0.452392
vt -0.715059 0.452392
vt -0.720592 0.452106
vt -0.727029 0.450988
vt -0.732913 0.449108
vt -0.738114 0.44655
vt -0.742503 0.443399
vt -0.745953 0.439743
vt -0.748333 0.435667
vt -0.749516 0.431255
vt -0.749625 0.426198
vt -0.749625 0.408483
vt -0.749625 0.379305
vt -0.749625 0.343249
vt -0.749625 0.3049
vt -0.749625 0.268844
vt -0.749625 0.239666
vt -0.749625 0.221951
vt -0.749505 0.216701
vt -0.748199 0.21183
vt -0.745569 0.207328
vt -0.74176 0.20329
vt -0.736912 0.199811
vt -0.731168 0.196985
vt -0.72467 0.194908
vt -0.717561 0.193674
vt -0.711464 0.193358
vt -0.709391 0.193358
vt -0.704992 0.193358
vt -0.699068 0.193358
vt -0.692421 0.193358
vt -0.685855 0.193358
vt -0.680172 0.193358
vt -0.676174 0.193358
vt -0.674662 0.193358
vt -0.674662 2.03894e-66
vt -0.528693 9.02389e-16
vt -0.528693 2.87917
vt -0.674662 2.87917
vt -0.674662 2.68582
vt -0.676174 2.68582
vt -0.680172 2.68582
vt -0.685855 2.68582
vt -0.692421 2.68582
vt -0.699068 2.68582
vt -0.704992 2.68582
vt -0.709391 2.68582
vt -0.711464 2.68582
vt -0.717561 2.6855
vt -0.72467 2.68427
vt -0.731168 2.68219
vt -0.736912 2.67936
vt -0.74176 2.67588
vt -0.745569 2.67185
vt -0.748199 2.66734
vt -0.749505 2.66247
vt -0.749625 2.65722
vt -0.749625 2.63951
vt -0.749625 2.61033
vt -0.749625 2.57427
vt -0.749625 2.53593
vt -0.749625 2.49987
vt -0.749625 2.47069
vt -0.749625 2.45298
vt -0.749516 2.44792
vt -0.748333 2.44351
vt -0.745953 2.43943
vt -0.742503 2.43578
vt -0.738114 2.43263
vt -0.732913 2.43007
vt -0.727029 2.42819
vt -0.720592 2.42707
vt -0.715059 2.42678
vt -0.712784 2.42678
vt -0.707954 2.42678
vt -0.701451 2.42678
vt -0.694156 2.42678
vt -0.686949 2.42678
vt -0.68071 2.42678
vt -0.676321 2.42678
vt -0.674662 2.42678
vt -0.674662 1.5691
vt -0.676321 1.5691
vt -0.68071 1.5691
vt -0.686949 1.5691
vt -0.694156 1.5691
vt -0.701451 1.5691
vt -0.707954 1.5691
vt -0.712784 1.5691
vt -0.715059 1.5691
vt -0.720592 1.56882
vt -0.727029 1.5677
vt -0.732913 1.56582
vt -0.738114 1.56326
vt -0.742503 1.56011
vt -0.745953 1.55646
vt -0.748333 1.55238
vt -0.749516 1.54797
vt -0.749625 1.54291
vt -0.749625 1.5252
vt -0.749625 1.49602
vt -0.749625 1.45996
vt -0.749625 1.42161
vt -0.749625 1.38556
vt -0.749625 1.35638
vt -0.749625 1.33866
vt -0.749505 1.33341
vt -0.748199 1.32854
vt -0.745569 1.32404
vt -0.74176 1.32
vt -0.736912 1.31652
vt -0.731168 1.3137
vt -0.72467 1.31162
vt -0.717561 1.31039
f 444/1611/274 443/1612/274 445/1613/274 446/1614/274 447/1615/274 448/1616/274 449/1617/274 450/1618/274 451/1619/274 452/1620/274 453/1621/274 454/1622/274 455/1623/274 456/1624/274 457/1625/274 458/1626/274 459/1627/274 460/1628/274 461/1629/274 462/1630/274 463/1631/274 464/1632/274 465/1633/274 466/1634/274 467/1635/274 468/1636/274 469/1637/274 470/1638/274 471/1639/274 472/1640/274 473/1641/274 474/1642/274 475/1643/274 476/1644/274 477/1645/274 478/1646/274 479/1647/274 480/1648/274 481/1649/274 482/1650/274 483/1651/274 484/1652/274 485/1653/274 486/1654/274 487/1655/274 488/1656/274 489/1657/274 490/1658/274 491/1659/274 492/1660/274 493/1661/274 494/1662/274 495/1663/274 496/1664/274 710/1665/274 711/1666/274 712/1667/274 713/1668/274 714/1669/274 715/1670/274 716/1671/274 717/1672/274 718/1673/274 719/1674/274 720/1675/274 721/1676/274 722/1677/274 723/1678/274 724/1679/274 725/1680/274 726/1681/274 727/1682/274 728/1683/274 729/1684/274 730/1685/274 731/1686/274 732/1687/274 733/1688/274 734/1689/274 735/1690/274 736/1691/274 737/1692/274 738/1693/274 739/1694/274 740/1695/274 741/1696/274 742/1697/274 743/1698/274 744/1699/274 745/1700/274 746/1701/274 747/1702/274 748/1703/274 749/1704/274 750/1705/274 751/1706/274 752/1707/274 753/1708/274 754/1709/274 755/1710/274 756/1711/274 757/1712/274 758/1713/274 759/1714/274 760/1715/274 761/1716/274 762/1717/274 763/1718/274 764/1719/274 765/1720/274 766/1721/274 767/1722/274 768/1723/274 769/1724/274 770/1725/274 771/1726/274 772/1727/274 773/1728/274 774/1729/274 775/1730/274 776/1731/274 777/1732/274 778/1733/274 779/1734/274 780/1735/274 781/1736/274 782/1737/274 783/1738/274 784/1739/274 785/1740/274 

v 6.12464 18.6856 -51.001
vt -0.376099 9.02389e-16
vt -0.376099 2.87917
f 786/1741/274 709/1742/274 496/1664/274 495/1663/274 

vt -0.223505 9.02389e-16
vt -0.223505 2.87917
f 708/1743/274 707/1744/274 709/1742/274 786/1741/274 

vt -0.0402337 1.31007
vt -0.0381609 1.31007
vt -0.032064 1.31039
vt -0.0249548 1.31162
vt -0.018457 1.3137
vt -0.012713 1.31652
vt -0.00786513 1.32
vt -0.00405553 1.32404
vt -0.00142648 1.32854
vt -0.00012024 1.33341
vt -0.000108875 1.54797
vt -0.00129164 1.55238
vt -0.00367218 1.55646
vt -0.00712168 1.56011
vt -0.0115113 1.56326
vt -0.0167124 1.56582
vt -0.0225959 1.5677
vt -0.0290332 1.56882
vt -0.0345662 1.5691
vt -0.0368414 1.5691
vt -0.0416708 1.5691
vt -0.0481735 1.5691
vt -0.0554689 1.5691
vt -0.0626763 1.5691
vt -0.0689148 1.5691
vt -0.0733038 1.5691
vt -0.0749625 1.5691
vt -0.0749625 2.42678
vt -0.0733038 2.42678
vt -0.0689148 2.42678
vt -0.0626763 2.42678
vt -0.0554689 2.42678
vt -0.0481735 2.42678
vt -0.0416708 2.42678
vt -0.0368414 2.42678
vt -0.0345662 2.42678
vt -0.0290332 2.42707
vt -0.0225959 2.42819
vt -0.0167124 2.43007
vt -0.0115113 2.43263
vt -0.00712168 2.43578
vt -0.00367218 2.43943
vt -0.00129164 2.44351
vt -0.000108875 2.44792
vt -9.09731e-11 2.45298
vt -9.25605e-11 2.47069
vt -9.51869e-11 2.49987
vt -9.84195e-11 2.53593
vt -1.01854e-10 2.57427
vt -1.05087e-10 2.61033
vt -1.07713e-10 2.63951
vt -1.093e-10 2.65722
vt -0.000120241 2.66247
vt -0.00142648 2.66734
vt -0.00405553 2.67185
vt -0.00786513 2.67588
vt -0.012713 2.67936
vt -0.018457 2.68219
vt -0.0249548 2.68427
vt -0.032064 2.6855
vt -0.0381609 2.68582
vt -0.0402337 2.68582
vt -0.0446333 2.68582
vt -0.0505574 2.68582
vt -0.0572036 2.68582
vt -0.0637696 2.68582
vt -0.069453 2.68582
vt -0.0734514 2.68582
vt -0.0749625 2.68582
vt -0.0749625 2.87917
v 6.12464 33.75 -51.001
vt -0.0749625 -7.8865e-67
v 25.4605 33.75 -51.001
vt -0.0749625 0.193358
v 25.4605 33.8256 -51.001
vt -0.0734514 0.193358
v 25.4605 34.0256 -51.001
vt -0.069453 0.193358
v 25.4605 34.3099 -51.001
vt -0.0637696 0.193358
v 25.4605 34.6384 -51.001
vt -0.0572036 0.193358
v 25.4605 34.9709 -51.001
vt -0.0505574 0.193358
v 25.4605 35.2672 -51.001
vt -0.0446333 0.193358
v 25.4605 35.4873 -51.001
vt -0.0402337 0.193358
v 25.4605 35.591 -51.001
vt -0.0381609 0.193358
v 25.4921 35.896 -51.001
vt -0.032064 0.193674
v 25.6155 36.2516 -51.001
vt -0.0249548 0.194908
v 25.8232 36.5767 -51.001
vt -0.018457 0.196985
v 26.1057 36.864 -51.001
vt -0.012713 0.199811
v 26.4536 37.1065 -51.001
vt -0.00786513 0.20329
v 26.8574 37.2971 -51.001
vt -0.00405553 0.207328
v 27.3076 37.4286 -51.001
vt -0.00142648 0.21183
v 27.7948 37.494 -51.001
vt -0.00012024 0.216701
v 28.3197 37.5 -51.001
v 30.0912 37.5 -51.001
v 33.009 37.5 -51.001
v 36.6146 37.5 -51.001
v 40.4495 37.5 -51.001
v 44.0551 37.5 -51.001
v 46.9729 37.5 -51.001
v 48.7444 37.5 -51.001
v 49.2502 37.4946 -51.001
vt -0.000108875 0.431255
v 49.6913 37.4354 -51.001
vt -0.00129164 0.435667
v 50.0989 37.3163 -51.001
vt -0.00367218 0.439743
v 50.4646 37.1437 -51.001
vt -0.00712168 0.443399
v 50.7796 36.9241 -51.001
vt -0.0115113 0.44655
v 51.0354 36.664 -51.001
vt -0.0167124 0.449108
v 51.2235 36.3696 -51.001
vt -0.0225959 0.450988
v 51.3352 36.0476 -51.001
vt -0.0290332 0.452106
v 51.3638 35.7708 -51.001
vt -0.0345662 0.452392
v 51.3638 35.657 -51.001
vt -0.0368414 0.452392
v 51.3638 35.4154 -51.001
vt -0.0416708 0.452392
v 51.3638 35.0901 -51.001
vt -0.0481735 0.452392
v 51.3638 34.7252 -51.001
vt -0.0554689 0.452392
v 51.3638 34.3646 -51.001
vt -0.0626763 0.452392
v 51.3638 34.0525 -51.001
vt -0.0689148 0.452392
v 51.3638 33.833 -51.001
vt -0.0733038 0.452392
v 51.3638 33.75 -51.001
vt -0.0749625 0.452392
v 137.132 33.75 -51.001
vt -0.0749625 1.31007
v 137.132 33.8256 -51.001
vt -0.0734514 1.31007
v 137.132 34.0256 -51.001
vt -0.069453 1.31007
v 137.132 34.3099 -51.001
vt -0.0637696 1.31007
v 137.132 34.6384 -51.001
vt -0.0572036 1.31007
v 137.132 34.9709 -51.001
vt -0.0505574 1.31007
v 137.132 35.2672 -51.001
vt -0.0446333 1.31007
f 630/1745/274 629/1746/274 631/1747/274 632/1748/274 633/1749/274 634/1750/274 635/1751/274 636/1752/274 637/1753/274 638/1754/274 639/1143/274 640/1142/274 641/1141/274 642/1140/274 643/1139/274 644/1138/274 645/1137/274 646/1136/274 647/1755/274 648/1756/274 649/1757/274 650/1758/274 651/1759/274 652/1760/274 653/1761/274 654/1762/274 655/1763/274 656/1764/274 657/1765/274 658/1766/274 659/1767/274 660/1768/274 661/1769/274 662/1770/274 663/1771/274 664/1772/274 665/1773/274 666/1774/274 667/1775/274 668/1776/274 669/1777/274 670/1778/274 671/1779/274 672/1780/274 673/1781/274 674/1782/274 675/1783/274 676/1784/274 677/1785/274 678/1786/274 679/1787/274 680/1788/274 681/1789/274 682/1790/274 683/1791/274 684/1792/274 685/1793/274 686/1794/274 687/1795/274 688/1796/274 689/1797/274 690/1798/274 691/1799/274 692/1800/274 693/1801/274 694/1802/274 695/1803/274 696/1804/274 697/1805/274 698/1806/274 699/1807/274 700/1808/274 701/1809/274 702/1810/274 703/1811/274 704/1812/274 705/1813/274 706/1814/274 707/1744/274 708/1743/274 787/1815/274 788/1816/274 789/1817/274 790/1818/274 791/1819/274 792/1820/274 793/1821/274 794/1822/274 795/1823/274 796/1824/274 797/1825/274 798/1826/274 799/1827/274 800/1828/274 801/1829/274 802/1830/274 803/1831/274 804/1832/274 805/1057/274 806/1056/274 807/1055/274 808/1054/274 809/1053/274 810/1052/274 811/1051/274 812/1050/274 813/1833/274 814/1834/274 815/1835/274 816/1836/274 817/1837/274 818/1838/274 819/1839/274 820/1840/274 821/1841/274 822/1842/274 823/1843/274 824/1844/274 825/1845/274 826/1846/274 827/1847/274 828/1848/274 829/1849/274 830/1850/274 831/1851/274 832/1852/274 833/1853/274 834/1854/274 835/1855/274 836/1856/274 

vt 0.223505 0.03
vn -1 -1.21438e-14 -3.33067e-16
vt 0.223505 0
f 500/1857/275 552/1266/275 787/1075/275 708/1858/275 

vt -0.386523 0.03
vt -0.386523 0
f 552/1011/180 551/1859/180 788/1860/180 787/1012/180 

vn -1 -4.8645e-11 -3.33067e-16
vt 0.0734514 0.03
vn -1 -2.38431e-11 -3.33067e-16
vt 0.0734514 0
f 551/1266/276 550/1861/277 789/1862/277 788/1075/276 

vt 0.069453 0.03
vn -1 4.79343e-13 -3.33067e-16
vt 0.069453 0
f 550/1861/277 549/1863/278 790/1864/278 789/1862/277 

vt 0.0637696 0.03
vn -1 -2.91901e-13 -3.33067e-16
vt 0.0637696 0
f 549/1863/278 548/1865/279 791/1866/279 790/1864/278 

vt 0.0572036 0.03
vt 0.0572036 0
f 548/1865/279 547/1867/279 792/1868/279 791/1866/279 

vt 0.0505574 0.03
vt 0.0505574 0
f 547/1867/279 546/1869/141 793/1870/141 792/1868/279 

vt 0.0446333 0.03
vt 0.0446333 0
f 546/1869/141 545/1871/141 794/1872/141 793/1870/141 

f 545/1871/141 544/1152/141 795/1155/141 794/1872/141 

f 544/1152/141 543/1153/181 796/1154/181 795/1155/141 

vt -0.00191383 0.03
vt -0.0080434 0.03
vt -0.0080434 0
vt -0.00191383 0
f 543/1873/181 542/1874/182 797/1875/182 796/1876/181 

vt -0.0966012 0.03
vt -0.104126 0.03
vt -0.104126 0
vt -0.0966012 0
f 542/1877/182 541/1878/183 798/1879/183 797/1880/182 

vt -0.188758 0.03
vt -0.196469 0.03
vt -0.196469 0
vt -0.188758 0
f 541/1881/183 540/1882/184 799/1883/184 798/1884/183 

vt -0.262922 0.03
vt -0.270978 0.03
vt -0.270978 0
vt -0.262922 0
f 540/1885/184 539/1886/185 800/1887/185 799/1888/184 

vt -0.320398 0.03
vt -0.328875 0.03
vt -0.328875 0
vt -0.320398 0
f 539/1889/185 538/1890/186 801/1891/186 800/1892/185 

vt -0.364145 0.03
vt -0.373071 0.03
vt -0.373071 0
vt -0.364145 0
f 538/1893/186 537/1894/187 802/1895/187 801/1896/186 

vt -0.396684 0.03
vt -0.406059 0.03
vt -0.406059 0
vt -0.396684 0
f 537/1897/187 536/1898/188 803/1899/188 802/1900/187 

vt -0.419499 0.03
vt -0.429325 0.03
vt -0.429325 0
vt -0.419499 0
f 536/1901/188 535/1902/189 804/1903/189 803/1904/188 

vt -0.433156 0.03
vt -0.443651 0.03
vt -0.443651 0
vt -0.433156 0
f 535/1905/189 534/1906/190 805/1907/190 804/1908/189 

vt -0.44368 0.03
vt -0.479092 0.03
vt -0.479092 0
vt -0.44368 0
f 534/1909/190 533/1910/180 806/1911/180 805/1912/190 

vt -0.537419 0.03
vt -0.537419 0
f 533/1910/180 532/1913/180 807/1914/180 806/1911/180 

vt -0.609495 0.03
vt -0.609495 0
f 532/1913/180 531/1915/180 808/1916/180 807/1914/180 

vt -0.686154 0.03
vt -0.686154 0
f 531/1915/180 530/1917/180 809/1918/180 808/1916/180 

vt -0.75823 0.03
vt -0.75823 0
f 530/1917/180 529/1919/180 810/1920/180 809/1918/180 

vt -0.816557 0.03
vt -0.816557 0
f 529/1919/180 528/1921/180 811/1922/180 810/1920/180 

vt -0.851969 0.03
vt -0.851969 0
f 528/1921/180 527/1923/191 812/1924/191 811/1922/180 

vt -0.85192 0.03
vt -0.862031 0.03
vt -0.862031 0
vt -0.85192 0
f 527/1925/191 526/1926/192 813/1927/192 812/1928/191 

vt -0.854442 0.03
vt -0.863339 0.03
vt -0.863339 0
vt -0.854442 0
f 526/1929/192 525/1930/193 814/1931/193 813/1932/192 

vt -0.83632 0.03
vt -0.84481 0.03
vt -0.84481 0
vt -0.83632 0
f 525/1933/193 524/1934/194 815/1935/194 814/1936/193 

vt -0.796524 0.03
vt -0.804606 0.03
vt -0.804606 0
vt -0.796524 0
f 524/1937/194 523/1938/195 816/1939/195 815/1940/194 

vt -0.731199 0.03
vt -0.738875 0.03
vt -0.738875 0
vt -0.731199 0
f 523/1941/195 522/1942/196 817/1943/196 816/1944/195 

vt -0.634065 0.03
vt -0.64136 0.03
vt -0.64136 0
vt -0.634065 0
f 522/1945/196 521/1946/197 818/1947/197 817/1948/196 

vt -0.497473 0.03
vt -0.504455 0.03
vt -0.504455 0
vt -0.497473 0
f 521/1949/197 520/1950/198 819/1951/198 818/1952/197 

vt -0.316832 0.03
vt -0.323646 0.03
vt -0.323646 0
vt -0.316832 0
f 520/1953/198 519/1954/199 820/1955/199 819/1956/198 

vt -0.121898 0.03
vt -0.12746 0.03
vt -0.12746 0
vt -0.121898 0
f 519/1957/199 518/1958/200 821/1959/200 820/1960/199 

vn 1 4.08541e-13 3.33067e-16
f 518/1244/200 517/1245/280 822/1246/280 821/1247/200 

vn 1 1.05132e-13 3.33067e-16
f 517/1245/280 516/1248/281 823/1249/281 822/1246/280 

vn 1 -3.29659e-14 3.33067e-16
f 516/1248/281 515/1250/282 824/1251/282 823/1249/281 

vn 1 -3.3048e-15 3.33067e-16
f 515/1250/282 514/1252/283 825/1253/283 824/1251/282 

vn 1 -2.73747e-13 3.33067e-16
f 514/1252/283 513/1254/284 826/1255/284 825/1253/283 

f 513/1254/284 512/1256/149 827/1257/149 826/1255/284 

f 512/1256/149 511/1258/149 828/1259/149 827/1257/149 

f 511/1258/149 510/1260/149 829/1261/149 828/1259/149 

vt -0.904332 0.03
vt -2.61883 0.03
vt -2.61883 0
vt -0.904332 0
f 510/1961/180 509/1962/180 830/1963/180 829/1964/180 

vn -1 2.38748e-12 -3.33067e-16
vn -1 1.19374e-12 -3.33067e-16
f 509/1266/285 508/1861/286 831/1862/286 830/1075/285 

vn -1 -3.17395e-13 -3.33067e-16
f 508/1861/286 507/1863/287 832/1864/287 831/1862/286 

vn -1 -4.26641e-14 -3.33067e-16
f 507/1863/287 506/1865/288 833/1866/288 832/1864/287 

vn -1 3.31667e-15 -3.33067e-16
f 506/1865/288 505/1867/289 834/1868/289 833/1866/288 

vn -1 -2.71414e-13 -3.33067e-16
f 505/1867/289 504/1869/290 835/1870/290 834/1868/289 

f 504/1869/290 503/1871/141 836/1872/141 835/1870/290 

f 503/1871/141 502/1152/141 630/1155/141 836/1872/141 

vt 0.376099 0.03
vt 0.376099 0
f 498/1965/141 500/1857/141 708/1858/141 786/1966/141 

f 392/1014/141 498/1965/141 786/1966/141 495/1015/141 

f 498/1016/180 497/1017/180 709/1018/180 786/1019/180 

g Mesh3 ___547_1 ___555_1 Model

v 108.297 30.7391 -47.8165
vt 0 0.165393
v 108.297 30.7391 -31.2773
vt 7.2155e-14 0
v 191.87 30.7391 -31.2773
vt 1.67063 0
v 191.87 30.7391 -47.8165
vt 1.67063 0.165393
f 837/1967/3 838/1968/3 839/1969/3 840/1970/3 

vt 1.57472e-26 0.03
vn -1 0 2.18242e-13
vt -0.33062 0.03
v 108.297 27.7391 -47.8165
vt -0.33062 0
v 108.297 27.7391 -31.2773
vt 1.57472e-26 0
f 838/1971/291 837/1972/291 841/1973/291 842/1974/291 

vn 0 0 -1
vt -1.67063 0.03
v 191.87 27.7391 -47.8165
vt -1.67063 0
f 837/1011/292 840/1975/292 843/1976/292 841/1012/292 

vt 0.33062 0.03
vn 1 0 -0
v 191.87 27.7391 -31.2773
vt 0.33062 0
f 840/1977/293 839/1011/293 844/1012/293 843/1978/293 

vt 1.67063 0.03
vn 0 0 1
vt 7.2155e-14 0.03
f 839/1979/294 838/1980/294 842/1968/294 844/1969/294 

vt -7.2155e-14 0
vt -1.67063 0.165393
f 842/1981/9 841/1967/9 843/1982/9 844/1976/9 

g Mesh4 ___546_1 ___555_1 Model

v 191.87 6.73909 -8.62443
v 108.297 6.73909 -8.62443
v 108.297 6.73909 -47.8165
vt 0 0.391921
v 191.87 6.73909 -47.8165
vt -1.67063 0.391921
f 845/1976/9 846/1012/9 847/1983/9 848/1984/9 

v 191.87 9.73909 -8.62443
v 108.297 9.73909 -8.62443
f 846/1012/294 845/1969/294 849/1979/294 850/1011/294 

vt 0.78345 0
v 191.87 9.73909 -47.8165
vt 0.78345 0.03
f 845/1012/293 848/1985/293 851/1986/293 849/1011/293 

v 108.297 9.73909 -47.8165
f 848/1976/292 847/1012/292 852/1011/292 851/1975/292 

vt -0.78345 0
vn -1 0 -0
vt -0.78345 0.03
f 847/1987/295 846/1012/295 850/1011/295 852/1988/295 

vt 1.67063 0.391921
f 850/1012/3 849/1969/3 851/1989/3 852/1983/3 

g Mesh5 ___550_1 ___555_1 Model

v 108.297 24.7391 -47.8165
vt 0 0.226641
v 108.297 24.7391 -25.1524
v 191.87 24.7391 -25.1524
v 191.87 24.7391 -47.8165
vt 1.67063 0.226641
f 853/1990/3 854/1012/3 855/1969/3 856/1991/3 

vt -0.453055 0.03
v 108.297 21.7391 -47.8165
vt -0.453055 0
v 108.297 21.7391 -25.1524
f 854/1011/295 853/1992/295 857/1993/295 858/1012/295 

v 191.87 21.7391 -47.8165
f 853/1011/292 856/1975/292 859/1976/292 857/1012/292 

vt 0.453055 0.03
v 191.87 21.7391 -25.1524
vt 0.453055 0
f 856/1994/293 855/1011/293 860/1012/293 859/1995/293 

f 855/1979/294 854/1011/294 858/1012/294 860/1969/294 

vt -1.67063 0.226641
f 858/1012/9 857/1990/9 859/1996/9 860/1976/9 

g Mesh6 ___552_1 ___555_1 Model

v 108.297 18.7391 -18.4534
v 191.87 18.7391 -18.4534
v 191.87 18.7391 -47.8165
vt 1.67063 0.293631
v 108.297 18.7391 -47.8165
vt 2.89337e-09 0.293631
f 861/1012/3 862/1969/3 863/1997/3 864/1998/3 

v 108.297 15.7391 -18.4534
v 191.87 15.7391 -18.4534
f 862/1979/294 861/1011/294 865/1012/294 866/1969/294 

vn -1 0 -4.92935e-09
vt -0.586969 0.03
v 108.297 15.7391 -47.8165
vt -0.586969 0
f 861/1011/296 864/1999/296 867/2000/296 865/1012/296 

vt -2.89337e-09 0.03
v 191.87 15.7391 -47.8165
vt -2.89337e-09 0
f 864/2001/292 863/1975/292 868/1976/292 867/2002/292 

vt 0.586969 0.03
vn 1 0 4.92947e-09
vt 8.23531e-09 0.03
vt 8.23531e-09 0
vt 0.586969 0
f 863/2003/297 862/2004/297 866/2005/297 868/2006/297 

vt -2.89337e-09 0.293631
vt -1.67063 0.293631
f 866/1976/9 865/1012/9 867/2007/9 868/2008/9 

g Mesh7 ___549_1 ___555_1 Model

vt 0 0.195285
v 108.297 27.7391 -28.288
vt 2.89337e-09 0
v 191.87 27.7391 -28.288
v 191.87 27.7391 -47.8165
vt 1.67063 0.195285
f 841/2009/3 869/2010/3 870/1969/3 871/2011/3 

vt 2.14451e-17 0.03
vn -1 0 7.41179e-09
vt -0.390375 0.03
vt -0.390375 0
v 108.297 24.7391 -28.288
vt 2.14451e-17 0
f 869/2012/298 841/2013/298 853/2014/298 872/2015/298 

f 841/1011/292 871/1975/292 856/1976/292 853/1012/292 

vt 0.390375 0.03
vn 1 0 -7.41179e-09
vt -1.23823e-08 0.03
v 191.87 24.7391 -28.288
vt -1.23823e-08 0
vt 0.390375 0
f 871/2016/299 870/2017/299 873/2018/299 856/2019/299 

vt 2.89337e-09 0.03
f 870/1979/294 869/2020/294 872/2010/294 873/1969/294 

vt -1.67063 0.195285
f 872/2002/9 853/2009/9 856/2021/9 873/1976/9 

g Mesh8 ___548_1 ___555_1 Model

v 191.87 33.7391 -47.8165
vt 1.67063 0.131166
v 108.297 33.7391 -47.8165
vt 0 0.131166
v 108.297 33.7391 -34.7
v 191.87 33.7391 -34.7
f 874/2022/3 875/2023/3 876/1012/3 877/1969/3 

f 875/1011/292 874/1975/292 840/1976/292 837/1012/292 

vt 0.2622 0.03
v 191.87 30.7391 -34.7
vt 0.2622 0
f 874/2024/293 877/1011/293 878/1012/293 840/2025/293 

v 108.297 30.7391 -34.7
f 877/1979/294 876/1011/294 879/1012/294 878/1969/294 

vt -0.2622 0.03
vt -0.2622 0
f 876/1011/295 875/2026/295 837/2027/295 879/1012/295 

vt -1.67063 0.131166
f 837/2023/9 840/2028/9 878/1976/9 879/1012/9 

g Mesh9 ___551_1 ___555_1 Model

v 108.297 18.7391 -21.8198
v 108.297 18.7391 -47.8165
vt 0 0.259967
v 191.87 18.7391 -47.8165
vt -1.67063 0.259967
v 191.87 18.7391 -21.8198
f 880/1012/9 881/2029/9 882/2030/9 883/1976/9 

v 108.297 21.7391 -21.8198
v 108.297 21.7391 -47.8165
vt -0.519674 0.03
vt -0.519674 0
f 884/1011/295 885/2031/295 881/2032/295 880/1012/295 

v 191.87 21.7391 -21.8198
v 191.87 21.7391 -47.8165
vt 1.67063 0.259967
f 885/2029/3 884/1012/3 886/1969/3 887/2033/3 

f 886/1979/294 884/1011/294 880/1012/294 883/1969/294 

vt 0.519674 0.03
vt 0.519674 0
f 887/2034/293 886/1011/293 883/1012/293 882/2035/293 

f 885/1011/292 887/1975/292 882/1976/292 881/1012/292 

g Mesh10 ___553_1 ___555_1 Model

v 191.87 15.7391 -47.8165
vt 1.67063 0.32707
v 108.297 15.7391 -47.8165
vt 0 0.32707
v 108.297 15.7391 -15.1095
vt 2.89345e-09 0
v 191.87 15.7391 -15.1095
f 888/2036/3 889/2037/3 890/2038/3 891/1969/3 

v 191.87 12.7391 -47.8165
v 108.297 12.7391 -47.8165
f 889/1011/292 888/1975/292 892/1976/292 893/1012/292 

vt 0.653813 0.03
vn 1 0 -4.4255e-09
vt -7.39335e-09 0.03
v 191.87 12.7391 -15.1095
vt -7.39335e-09 0
vt 0.653813 0
f 888/2039/300 891/2040/300 894/2041/300 892/2042/300 

vt 2.89345e-09 0.03
v 108.297 12.7391 -15.1095
f 891/1979/294 890/2043/294 895/2038/294 894/1969/294 

vt 1.28049e-17 0.03
vn -1 0 4.4255e-09
vt -0.653813 0.03
vt -0.653813 0
vt 1.28049e-17 0
f 890/2044/301 889/2045/301 893/2046/301 895/2047/301 

vt -1.67063 0.32707
vt -2.89345e-09 0
f 893/2037/9 892/2048/9 894/1976/9 895/2049/9 

g Mesh11 ___554_1 ___555_1 Model

v 108.297 12.7391 -11.8219
v 191.87 12.7391 -11.8219
vt 1.67063 0.359946
vt 0 0.359946
f 896/1012/3 897/1969/3 892/2050/3 893/2051/3 

v 108.297 9.73909 -11.8219
v 191.87 9.73909 -11.8219
f 897/1979/294 896/1011/294 898/1012/294 899/1969/294 

vt -0.719532 0.03
vt -0.719532 0
f 896/1011/295 893/2052/295 852/2053/295 898/1012/295 

f 893/1011/292 892/1975/292 851/1976/292 852/1012/292 

vt 0.719532 0.03
vt 0.719532 0
f 892/2054/293 897/1011/293 899/1012/293 851/2055/293 

vt -1.67063 0.359946
f 899/1976/9 898/1012/9 852/2051/9 851/2056/9 

g Mesh12 ___545_1 ___555_1 Model

v 191.87 3.73909 -5.42691
v 108.297 3.73909 -5.42691
v 108.297 3.73909 -47.8165
vt 0 0.423896
v 191.87 3.73909 -47.8165
vt -1.67063 0.423896
f 900/1976/9 901/1012/9 902/2057/9 903/2058/9 

v 191.87 6.73909 -5.42691
v 108.297 6.73909 -5.42691
f 901/1012/294 900/1969/294 904/1979/294 905/1011/294 

vt 0.847369 0
vt 0.847369 0.03
f 900/1012/293 903/2059/293 848/2060/293 904/1011/293 

f 903/1976/292 902/1012/292 847/1011/292 848/1975/292 

vt -0.847369 0
vt -0.847369 0.03
f 902/2061/295 901/1012/295 905/1011/295 847/2062/295 

vt 1.67063 0.423896
f 905/1012/3 904/1969/3 848/2063/3 847/2057/3 

g Mesh13 ___558_2 Model

v 6.12464 2.01269 -207.911
vn -1 -3.88578e-16 -7.15924e-16
v 6.12464 1.909 -207.911
v 6.12464 1.604 -207.88
v 6.12464 1.24836 -207.756
v 6.12464 0.923312 -207.549
v 6.12464 0.63597 -207.266
v 6.12464 0.393453 -206.918
v 6.12464 0.202878 -206.514
v 6.12464 0.0713595 -206.064
v 6.12464 0.00601504 -205.577
v 6.12464 1.19484e-08 -205.052
v 6.12464 1.19484e-08 -203.281
v 6.12464 1.19484e-08 -200.363
v 6.12464 1.19484e-08 -196.757
v 6.12464 1.19484e-08 -192.922
v 6.12464 1.19484e-08 -189.317
v 6.12464 1.19484e-08 -186.399
v 6.12464 1.19484e-08 -184.627
v 6.12464 0.00544647 -184.122
v 6.12464 0.0646142 -183.681
v 6.12464 0.183701 -183.273
v 6.12464 0.356262 -182.907
v 6.12464 0.575855 -182.592
v 6.12464 0.836036 -182.336
v 6.12464 1.13036 -182.148
v 6.12464 1.45239 -182.037
v 6.12464 1.72917 -182.008
v 6.12464 1.84299 -182.008
v 6.12464 2.08458 -182.008
v 6.12464 2.40988 -182.008
v 6.12464 2.77483 -182.008
v 6.12464 3.13538 -182.008
v 6.12464 3.44746 -182.008
v 6.12464 3.66702 -182.008
v 6.12464 3.75 -182.008
v 6.12464 3.75 -96.2402
v 6.12464 3.66702 -96.2402
v 6.12464 3.44746 -96.2402
v 6.12464 3.13538 -96.2402
v 6.12464 2.77483 -96.2402
v 6.12464 2.40988 -96.2402
v 6.12464 2.08458 -96.2402
v 6.12464 1.84299 -96.2402
v 6.12464 1.72917 -96.2402
v 6.12464 1.45239 -96.2116
v 6.12464 1.13036 -96.0998
v 6.12464 0.836036 -95.9118
v 6.12464 0.575855 -95.6559
v 6.12464 0.356262 -95.3409
v 6.12464 0.183701 -94.9753
v 6.12464 0.0646142 -94.5676
v 6.12464 0.00544647 -94.1265
v 6.12464 7.40103e-09 -93.6208
v 6.12464 7.32162e-09 -91.8493
v 6.12464 7.19096e-09 -88.9315
v 6.12464 7.02853e-09 -85.3259
v 6.12464 6.85672e-09 -81.491
v 6.12464 6.695e-09 -77.8854
v 6.12464 6.56362e-09 -74.9676
v 6.12464 6.48421e-09 -73.1961
v 6.12464 0.00601504 -72.6711
v 6.12464 0.0713595 -72.184
v 6.12464 0.202878 -71.7337
v 6.12464 0.393453 -71.33
v 6.12464 0.63597 -70.9821
v 6.12464 0.923312 -70.6995
v 6.12464 1.24836 -70.4918
v 6.12464 1.604 -70.3684
v 6.12464 1.909 -70.3368
v 6.12464 2.01269 -70.3368
v 6.12464 2.23278 -70.3368
v 6.12464 2.52913 -70.3368
v 6.12464 2.86161 -70.3368
v 6.12464 3.19007 -70.3368
v 6.12464 3.47439 -70.3368
v 6.12464 3.67441 -70.3368
v 6.12464 3.75 -70.3368
v 6.12464 3.75 -51.001
v 6.12464 11.0521 -51.001
v 6.12464 11.0521 -338.918
v 6.12464 3.75 -338.918
v 6.12464 3.75 -319.583
v 6.12464 3.67441 -319.583
v 6.12464 3.47439 -319.583
v 6.12464 3.19007 -319.583
v 6.12464 2.86161 -319.583
v 6.12464 2.52913 -319.583
v 6.12464 2.23278 -319.583
v 6.12464 2.01269 -319.583
v 6.12464 1.909 -319.583
v 6.12464 1.604 -319.551
v 6.12464 1.24836 -319.428
v 6.12464 0.923312 -319.22
v 6.12464 0.63597 -318.937
v 6.12464 0.393453 -318.589
v 6.12464 0.202878 -318.186
v 6.12464 0.0713595 -317.735
v 6.12464 0.00601504 -317.248
v 6.12464 1.19484e-08 -316.723
v 6.12464 1.19491e-08 -314.952
v 6.12464 1.19491e-08 -312.034
v 6.12464 1.19491e-08 -308.428
v 6.12464 1.19491e-08 -304.594
v 6.12464 1.19491e-08 -300.988
v 6.12464 1.19491e-08 -298.07
v 6.12464 1.19491e-08 -296.299
v 6.12464 0.00544647 -295.793
v 6.12464 0.0646142 -295.352
v 6.12464 0.183701 -294.944
v 6.12464 0.356262 -294.579
v 6.12464 0.575855 -294.263
v 6.12464 0.836036 -294.008
v 6.12464 1.13036 -293.82
v 6.12464 1.45239 -293.708
v 6.12464 1.72917 -293.679
v 6.12464 1.84299 -293.679
v 6.12464 2.08458 -293.679
v 6.12464 2.40988 -293.679
v 6.12464 2.77483 -293.679
v 6.12464 3.13538 -293.679
v 6.12464 3.44746 -293.679
v 6.12464 3.66702 -293.679
v 6.12464 3.75 -293.679
v 6.12464 3.75 -207.911
v 6.12464 3.67441 -207.911
v 6.12464 3.47439 -207.911
v 6.12464 3.19007 -207.911
v 6.12464 2.86161 -207.911
v 6.12464 2.52913 -207.911
v 6.12464 2.23278 -207.911
f 906/753/302 907/754/302 908/755/302 909/756/302 910/757/302 911/758/302 912/759/302 913/760/302 914/761/302 915/762/302 916/763/302 917/764/302 918/765/302 919/766/302 920/767/302 921/768/302 922/769/302 923/770/302 924/771/302 925/772/302 926/773/302 927/774/302 928/775/302 929/776/302 930/777/302 931/778/302 932/779/302 933/780/302 934/781/302 935/782/302 936/783/302 937/784/302 938/785/302 939/786/302 940/787/302 941/788/302 942/789/302 943/790/302 944/791/302 945/792/302 946/793/302 947/794/302 948/795/302 949/796/302 950/797/302 951/798/302 952/799/302 953/800/302 954/801/302 955/802/302 956/803/302 957/804/302 958/805/302 959/806/302 960/807/302 961/808/302 962/809/302 963/810/302 964/811/302 965/812/302 966/813/302 967/814/302 968/815/302 969/816/302 970/817/302 971/818/302 972/819/302 973/820/302 974/821/302 975/822/302 976/823/302 977/824/302 978/825/302 979/826/302 980/827/302 981/828/302 982/829/302 983/830/302 984/831/302 985/832/302 986/833/302 987/834/302 988/835/302 989/836/302 990/837/302 991/838/302 992/839/302 993/840/302 994/841/302 995/842/302 996/843/302 997/844/302 998/845/302 999/846/302 1000/847/302 1001/848/302 1002/849/302 1003/850/302 1004/851/302 1005/852/302 1006/853/302 1007/854/302 1008/855/302 1009/856/302 1010/857/302 1011/858/302 1012/859/302 1013/860/302 1014/861/302 1015/862/302 1016/863/302 1017/864/302 1018/865/302 1019/866/302 1020/867/302 1021/868/302 1022/869/302 1023/870/302 1024/871/302 1025/872/302 1026/873/302 1027/874/302 1028/875/302 1029/876/302 1030/877/302 1031/878/302 1032/879/302 1033/880/302 1034/881/302 1035/882/302 

vn 7.35037e-16 -0.0516456 -0.998665
vn 7.15924e-16 6.16298e-33 -1
v 9.12464 2.01269 -207.911
v 9.12464 1.909 -207.911
f 907/883/303 906/884/304 1036/885/304 1037/886/303 

v 9.12464 2.23278 -207.911
f 906/884/304 1035/887/304 1038/888/304 1036/885/304 

vn 7.15924e-16 2.71414e-13 -1
v 9.12464 2.52913 -207.911
f 1035/887/304 1034/889/305 1039/890/305 1038/888/304 

vn 7.15924e-16 -3.31667e-15 -1
v 9.12464 2.86161 -207.911
f 1034/889/305 1033/891/306 1040/892/306 1039/890/305 

vn 7.15924e-16 4.26641e-14 -1
v 9.12464 3.19007 -207.911
f 1033/891/306 1032/893/307 1041/894/307 1040/892/306 

vn 7.15924e-16 3.17395e-13 -1
v 9.12464 3.47439 -207.911
f 1032/893/307 1031/895/308 1042/896/308 1041/894/307 

vn 7.15924e-16 -1.19374e-12 -1
v 9.12464 3.67441 -207.911
f 1031/895/308 1030/897/309 1043/898/309 1042/896/308 

vn 7.15924e-16 -2.38748e-12 -1
v 9.12464 3.75 -207.911
f 1030/897/309 1029/899/310 1044/833/310 1043/898/309 

vn 3.88578e-16 -1 2.72029e-31
v 9.12464 3.75 -293.679
f 1029/900/311 1028/901/311 1045/902/311 1044/903/311 

vn -7.15924e-16 -6.16298e-33 1
v 9.12464 3.66702 -293.679
f 1028/904/312 1027/905/312 1046/906/312 1045/907/312 

v 9.12464 3.44746 -293.679
f 1027/905/312 1026/908/312 1047/909/312 1046/906/312 

vn -7.15924e-16 2.73747e-13 1
v 9.12464 3.13538 -293.679
f 1026/908/312 1025/910/313 1048/911/313 1047/909/312 

vn -7.15924e-16 3.3048e-15 1
v 9.12464 2.77483 -293.679
f 1025/910/313 1024/912/314 1049/913/314 1048/911/313 

vn -7.15924e-16 3.29659e-14 1
v 9.12464 2.40988 -293.679
f 1024/912/314 1023/914/315 1050/915/315 1049/913/314 

vn -7.15924e-16 -1.05132e-13 1
v 9.12464 2.08458 -293.679
f 1023/914/315 1022/916/316 1051/917/316 1050/915/315 

vn -7.15924e-16 -4.08541e-13 1
v 9.12464 1.84299 -293.679
f 1022/916/316 1021/918/317 1052/919/317 1051/917/316 

vn -6.94949e-16 -0.0515305 0.998671
v 9.12464 1.72917 -293.679
f 1021/918/317 1020/920/318 1053/921/318 1052/919/317 

vn -6.14661e-16 -0.216784 0.97622
v 9.12464 1.45239 -293.708
f 1020/922/318 1019/923/319 1054/924/319 1053/925/318 

vn -4.74802e-16 -0.436096 0.8999
v 9.12464 1.13036 -293.82
f 1019/926/319 1018/927/320 1055/928/320 1054/929/319 

vn -3.17775e-16 -0.623158 0.782096
v 9.12464 0.836036 -294.008
f 1018/930/320 1017/931/321 1056/932/321 1055/933/320 

vn -1.65044e-16 -0.764007 0.645208
v 9.12464 0.575855 -294.263
f 1017/934/321 1016/935/322 1057/936/322 1056/937/321 

vn -2.24748e-17 -0.865391 0.501096
v 9.12464 0.356262 -294.579
f 1016/938/322 1015/939/323 1058/940/323 1057/941/322 

vn 1.09376e-16 -0.934981 0.354699
v 9.12464 0.183701 -294.944
f 1015/942/323 1014/943/324 1059/944/324 1058/945/323 

vn 2.31754e-16 -0.978285 0.207265
v 9.12464 0.0646142 -295.352
f 1014/946/324 1013/947/325 1060/948/325 1059/949/324 

vn 3.36029e-16 -0.997405 0.0719915
v 9.12464 0.00544647 -295.793
f 1013/950/325 1012/951/326 1061/952/326 1060/953/325 

vn 3.84718e-16 -0.999986 0.00538401
v 9.12464 1.19491e-08 -296.299
f 1012/954/326 1011/955/327 1062/956/327 1061/957/326 

v 9.12464 1.19491e-08 -298.07
f 1011/958/327 1010/959/311 1063/960/311 1062/961/327 

v 9.12464 1.19491e-08 -300.988
f 1010/959/311 1009/962/311 1064/963/311 1063/960/311 

v 9.12464 1.19491e-08 -304.594
f 1009/962/311 1008/964/311 1065/965/311 1064/963/311 

v 9.12464 1.19491e-08 -308.428
f 1008/964/311 1007/966/311 1066/967/311 1065/965/311 

v 9.12464 1.19491e-08 -312.034
f 1007/966/311 1006/968/311 1067/969/311 1066/967/311 

vn 3.88578e-16 -1 2.0376e-13
v 9.12464 1.19491e-08 -314.952
f 1006/968/311 1005/970/328 1068/971/328 1067/969/311 

vn 3.92673e-16 -0.999984 -0.00572861
v 9.12464 1.19484e-08 -316.723
f 1005/970/328 1004/972/329 1069/973/329 1068/971/328 

vn 4.39347e-16 -0.99738 -0.0723352
v 9.12464 0.00601504 -317.248
f 1004/974/329 1003/975/330 1070/976/330 1069/977/329 

vn 5.28526e-16 -0.978285 -0.207265
v 9.12464 0.0713595 -317.735
f 1003/978/330 1002/979/331 1071/980/331 1070/981/330 

vn 6.1725e-16 -0.934981 -0.354699
v 9.12464 0.202878 -318.186
f 1002/982/331 1001/983/332 1072/984/332 1071/985/331 

vn 6.95019e-16 -0.865391 -0.501096
v 9.12464 0.393453 -318.589
f 1001/986/332 1000/987/333 1073/988/333 1072/989/332 

vn 7.58796e-16 -0.764007 -0.645208
v 9.12464 0.63597 -318.937
f 1000/990/333 999/991/334 1074/992/334 1073/993/333 

vn 8.02067e-16 -0.623158 -0.782096
v 9.12464 0.923312 -319.22
f 999/994/334 998/995/335 1075/996/335 1074/997/334 

vn 8.13717e-16 -0.436096 -0.8999
v 9.12464 1.24836 -319.428
f 998/998/335 997/999/336 1076/1000/336 1075/1001/335 

vn 7.83162e-16 -0.216897 -0.976195
v 9.12464 1.604 -319.551
f 997/1002/336 996/1003/337 1077/1004/337 1076/1005/336 

v 9.12464 1.909 -319.583
f 996/1006/337 995/1007/303 1078/1008/303 1077/1009/337 

v 9.12464 2.01269 -319.583
f 995/883/303 994/884/304 1079/885/304 1078/886/303 

v 9.12464 2.23278 -319.583
f 994/884/304 993/887/304 1080/888/304 1079/885/304 

v 9.12464 2.52913 -319.583
f 993/887/304 992/889/304 1081/890/304 1080/888/304 

vn 7.15924e-16 2.91901e-13 -1
v 9.12464 2.86161 -319.583
f 992/889/304 991/891/338 1082/892/338 1081/890/304 

v 9.12464 3.19007 -319.583
f 991/891/338 990/893/338 1083/894/338 1082/892/338 

vn 7.15924e-16 -4.79343e-13 -1
v 9.12464 3.47439 -319.583
f 990/893/338 989/895/339 1084/896/339 1083/894/338 

vn 7.15924e-16 2.38431e-11 -1
v 9.12464 3.67441 -319.583
f 989/895/339 988/897/340 1085/898/340 1084/896/339 

vn 7.15924e-16 4.8645e-11 -1
v 9.12464 3.75 -319.583
f 988/897/340 987/899/341 1086/833/341 1085/898/340 

v 9.12464 3.75 -338.918
f 987/1010/311 986/1011/311 1087/1012/311 1086/1013/311 

vn 7.15924e-16 1.23579e-14 -1
v 9.12464 11.0521 -338.918
f 986/899/342 985/1014/342 1088/1015/342 1087/833/342 

vn -3.88578e-16 1 -2.72029e-31
v 9.12464 11.0521 -51.001
f 985/1016/343 984/1017/343 1089/1018/343 1088/1019/343 

v 6.12464 18.6856 -51.001
v 6.12464 18.6856 -338.918
f 1090/1020/302 1091/1021/302 985/832/302 984/831/302 

v 6.12464 26.3191 -51.001
v 6.12464 26.3191 -338.918
f 1092/1022/302 1093/1023/302 1091/1021/302 1090/1020/302 

v 6.12464 35.591 -207.911
v 6.12464 35.4873 -207.911
v 6.12464 35.2672 -207.911
v 6.12464 34.9709 -207.911
v 6.12464 34.6384 -207.911
v 6.12464 34.3099 -207.911
v 6.12464 34.0256 -207.911
v 6.12464 33.8256 -207.911
v 6.12464 33.75 -207.911
v 6.12464 33.75 -293.679
v 6.12464 33.833 -293.679
v 6.12464 34.0525 -293.679
v 6.12464 34.3646 -293.679
v 6.12464 34.7252 -293.679
v 6.12464 35.0901 -293.679
v 6.12464 35.4154 -293.679
v 6.12464 35.657 -293.679
v 6.12464 35.7708 -293.679
v 6.12464 36.0476 -293.708
v 6.12464 36.3696 -293.82
v 6.12464 36.664 -294.008
v 6.12464 36.9241 -294.263
v 6.12464 37.1437 -294.579
v 6.12464 37.3163 -294.944
v 6.12464 37.4354 -295.352
v 6.12464 37.4946 -295.793
v 6.12464 37.5 -296.299
v 6.12464 37.5 -298.07
v 6.12464 37.5 -300.988
v 6.12464 37.5 -304.594
v 6.12464 37.5 -308.428
v 6.12464 37.5 -312.034
v 6.12464 37.5 -314.952
v 6.12464 37.5 -316.723
v 6.12464 37.494 -317.248
v 6.12464 37.4286 -317.735
v 6.12464 37.2971 -318.186
v 6.12464 37.1065 -318.589
v 6.12464 36.864 -318.937
v 6.12464 36.5767 -319.22
v 6.12464 36.2516 -319.428
v 6.12464 35.896 -319.551
v 6.12464 35.591 -319.583
v 6.12464 35.4873 -319.583
v 6.12464 35.2672 -319.583
v 6.12464 34.9709 -319.583
v 6.12464 34.6384 -319.583
v 6.12464 34.3099 -319.583
v 6.12464 34.0256 -319.583
v 6.12464 33.8256 -319.583
v 6.12464 33.75 -319.583
v 6.12464 33.75 -338.918
v 6.12464 33.75 -51.001
v 6.12464 33.75 -70.3368
v 6.12464 33.8256 -70.3368
v 6.12464 34.0256 -70.3368
v 6.12464 34.3099 -70.3368
v 6.12464 34.6384 -70.3368
v 6.12464 34.9709 -70.3368
v 6.12464 35.2672 -70.3368
v 6.12464 35.4873 -70.3368
v 6.12464 35.591 -70.3368
v 6.12464 35.896 -70.3684
v 6.12464 36.2516 -70.4918
v 6.12464 36.5767 -70.6995
v 6.12464 36.864 -70.9821
v 6.12464 37.1065 -71.33
v 6.12464 37.2971 -71.7337
v 6.12464 37.4286 -72.184
v 6.12464 37.494 -72.6711
v 6.12464 37.5 -73.1961
v 6.12464 37.5 -74.9676
v 6.12464 37.5 -77.8854
v 6.12464 37.5 -81.491
v 6.12464 37.5 -85.3259
v 6.12464 37.5 -88.9315
v 6.12464 37.5 -91.8493
v 6.12464 37.5 -93.6208
v 6.12464 37.4946 -94.1265
v 6.12464 37.4354 -94.5676
v 6.12464 37.3163 -94.9753
v 6.12464 37.1437 -95.3409
v 6.12464 36.9241 -95.6559
v 6.12464 36.664 -95.9118
v 6.12464 36.3696 -96.0998
v 6.12464 36.0476 -96.2116
v 6.12464 35.7708 -96.2402
v 6.12464 35.657 -96.2402
v 6.12464 35.4154 -96.2402
v 6.12464 35.0901 -96.2402
v 6.12464 34.7252 -96.2402
v 6.12464 34.3646 -96.2402
v 6.12464 34.0525 -96.2402
v 6.12464 33.833 -96.2402
v 6.12464 33.75 -96.2402
v 6.12464 33.75 -182.008
v 6.12464 33.833 -182.008
v 6.12464 34.0525 -182.008
v 6.12464 34.3646 -182.008
v 6.12464 34.7252 -182.008
v 6.12464 35.0901 -182.008
v 6.12464 35.4154 -182.008
v 6.12464 35.657 -182.008
v 6.12464 35.7708 -182.008
v 6.12464 36.0476 -182.037
v 6.12464 36.3696 -182.148
v 6.12464 36.664 -182.336
v 6.12464 36.9241 -182.592
v 6.12464 37.1437 -182.907
v 6.12464 37.3163 -183.273
v 6.12464 37.4354 -183.681
v 6.12464 37.4946 -184.122
v 6.12464 37.5 -184.627
v 6.12464 37.5 -186.399
v 6.12464 37.5 -189.317
v 6.12464 37.5 -192.922
v 6.12464 37.5 -196.757
v 6.12464 37.5 -200.363
v 6.12464 37.5 -203.281
v 6.12464 37.5 -205.052
v 6.12464 37.494 -205.577
v 6.12464 37.4286 -206.064
v 6.12464 37.2971 -206.514
v 6.12464 37.1065 -206.918
v 6.12464 36.864 -207.266
v 6.12464 36.5767 -207.549
v 6.12464 36.2516 -207.756
v 6.12464 35.896 -207.88
f 1094/1024/302 1095/1025/302 1096/1026/302 1097/1027/302 1098/1028/302 1099/1029/302 1100/1030/302 1101/1031/302 1102/1032/302 1103/1033/302 1104/1034/302 1105/1035/302 1106/1036/302 1107/1037/302 1108/1038/302 1109/1039/302 1110/1040/302 1111/1041/302 1112/1042/302 1113/1043/302 1114/1044/302 1115/1045/302 1116/1046/302 1117/1047/302 1118/1048/302 1119/1049/302 1120/1050/302 1121/1051/302 1122/1052/302 1123/1053/302 1124/1054/302 1125/1055/302 1126/1056/302 1127/1057/302 1128/1058/302 1129/1059/302 1130/1060/302 1131/1061/302 1132/1062/302 1133/1063/302 1134/1064/302 1135/1065/302 1136/1066/302 1137/1067/302 1138/1068/302 1139/1069/302 1140/1070/302 1141/1071/302 1142/1072/302 1143/1073/302 1144/1074/302 1145/1075/302 1093/1023/302 1092/1022/302 1146/1076/302 1147/1077/302 1148/1078/302 1149/1079/302 1150/1080/302 1151/1081/302 1152/1082/302 1153/1083/302 1154/1084/302 1155/1085/302 1156/1086/302 1157/1087/302 1158/1088/302 1159/1089/302 1160/1090/302 1161/1091/302 1162/1092/302 1163/1093/302 1164/1094/302 1165/1095/302 1166/1096/302 1167/1097/302 1168/1098/302 1169/1099/302 1170/1100/302 1171/1101/302 1172/1102/302 1173/1103/302 1174/1104/302 1175/1105/302 1176/1106/302 1177/1107/302 1178/1108/302 1179/1109/302 1180/1110/302 1181/1111/302 1182/1112/302 1183/1113/302 1184/1114/302 1185/1115/302 1186/1116/302 1187/1117/302 1188/1118/302 1189/1119/302 1190/1120/302 1191/1121/302 1192/1122/302 1193/1123/302 1194/1124/302 1195/1125/302 1196/1126/302 1197/1127/302 1198/1128/302 1199/1129/302 1200/1130/302 1201/1131/302 1202/1132/302 1203/1133/302 1204/1134/302 1205/1135/302 1206/1136/302 1207/1137/302 1208/1138/302 1209/1139/302 1210/1140/302 1211/1141/302 1212/1142/302 1213/1143/302 1214/1144/302 1215/1145/302 1216/1146/302 1217/1147/302 1218/1148/302 1219/1149/302 1220/1150/302 1221/1151/302 

vn 6.949e-16 0.0516456 -0.998665
v 9.12464 35.591 -207.911
v 9.12464 35.4873 -207.911
f 1095/1152/304 1094/1153/344 1222/1154/344 1223/1155/304 

vn 6.146e-16 0.216897 -0.976195
v 9.12464 35.896 -207.88
f 1094/1156/344 1221/1157/345 1224/1158/345 1222/1159/344 

vn 4.74802e-16 0.436096 -0.8999
v 9.12464 36.2516 -207.756
f 1221/1160/345 1220/1161/346 1225/1162/346 1224/1163/345 

vn 3.17775e-16 0.623158 -0.782096
v 9.12464 36.5767 -207.549
f 1220/1164/346 1219/1165/347 1226/1166/347 1225/1167/346 

vn 1.65044e-16 0.764007 -0.645208
v 9.12464 36.864 -207.266
f 1219/1168/347 1218/1169/348 1227/1170/348 1226/1171/347 

vn 2.24748e-17 0.865391 -0.501096
v 9.12464 37.1065 -206.918
f 1218/1172/348 1217/1173/349 1228/1174/349 1227/1175/348 

vn -1.09376e-16 0.934981 -0.354699
v 9.12464 37.2971 -206.514
f 1217/1176/349 1216/1177/350 1229/1178/350 1228/1179/349 

vn -2.31754e-16 0.978285 -0.207265
v 9.12464 37.4286 -206.064
f 1216/1180/350 1215/1181/351 1230/1182/351 1229/1183/350 

vn -3.35774e-16 0.99738 -0.0723352
v 9.12464 37.494 -205.577
f 1215/1184/351 1214/1185/352 1231/1186/352 1230/1187/351 

vn -3.8447e-16 0.999984 -0.00572861
v 9.12464 37.5 -205.052
f 1214/1188/352 1213/1189/353 1232/1190/353 1231/1191/352 

v 9.12464 37.5 -203.281
f 1213/1192/353 1212/1193/343 1233/1194/343 1232/1195/353 

v 9.12464 37.5 -200.363
f 1212/1193/343 1211/1196/343 1234/1197/343 1233/1194/343 

v 9.12464 37.5 -196.757
f 1211/1196/343 1210/1198/343 1235/1199/343 1234/1197/343 

v 9.12464 37.5 -192.922
f 1210/1198/343 1209/1200/343 1236/1201/343 1235/1199/343 

v 9.12464 37.5 -189.317
f 1209/1200/343 1208/1202/343 1237/1203/343 1236/1201/343 

v 9.12464 37.5 -186.399
f 1208/1202/343 1207/1204/343 1238/1205/343 1237/1203/343 

vn -3.92427e-16 0.999986 0.00538401
v 9.12464 37.5 -184.627
f 1207/1204/343 1206/1206/354 1239/1207/354 1238/1205/343 

vn -4.3911e-16 0.997405 0.0719915
v 9.12464 37.4946 -184.122
f 1206/1208/354 1205/1209/355 1240/1210/355 1239/1211/354 

vn -5.28526e-16 0.978285 0.207265
v 9.12464 37.4354 -183.681
f 1205/1212/355 1204/1213/356 1241/1214/356 1240/1215/355 

vn -6.1725e-16 0.934981 0.354699
v 9.12464 37.3163 -183.273
f 1204/1216/356 1203/1217/357 1242/1218/357 1241/1219/356 

vn -6.95019e-16 0.865391 0.501096
v 9.12464 37.1437 -182.907
f 1203/1220/357 1202/1221/358 1243/1222/358 1242/1223/357 

vn -7.58796e-16 0.764007 0.645208
v 9.12464 36.9241 -182.592
f 1202/1224/358 1201/1225/359 1244/1226/359 1243/1227/358 

vn -8.02067e-16 0.623158 0.782096
v 9.12464 36.664 -182.336
f 1201/1228/359 1200/1229/360 1245/1230/360 1244/1231/359 

vn -8.13717e-16 0.436096 0.8999
v 9.12464 36.3696 -182.148
f 1200/1232/360 1199/1233/361 1246/1234/361 1245/1235/360 

vn -7.83136e-16 0.216784 0.97622
v 9.12464 36.0476 -182.037
f 1199/1236/361 1198/1237/362 1247/1238/362 1246/1239/361 

vn -7.34996e-16 0.0515305 0.998671
v 9.12464 35.7708 -182.008
f 1198/1240/362 1197/1241/363 1248/1242/363 1247/1243/362 

vn -7.15924e-16 -3.73523e-13 1
v 9.12464 35.657 -182.008
f 1197/1244/363 1196/1245/364 1249/1246/364 1248/1247/363 

vn -7.15924e-16 -9.61211e-14 1
v 9.12464 35.4154 -182.008
f 1196/1245/364 1195/1248/365 1250/1249/365 1249/1246/364 

vn -7.15924e-16 2.77402e-13 1
v 9.12464 35.0901 -182.008
f 1195/1248/365 1194/1250/366 1251/1251/366 1250/1249/365 

v 9.12464 34.7252 -182.008
f 1194/1250/366 1193/1252/312 1252/1253/312 1251/1251/366 

v 9.12464 34.3646 -182.008
f 1193/1252/312 1192/1254/312 1253/1255/312 1252/1253/312 

vn -7.15924e-16 -4.11001e-13 1
v 9.12464 34.0525 -182.008
f 1192/1254/312 1191/1256/367 1254/1257/367 1253/1255/312 

vn -7.15924e-16 6.76514e-13 1
v 9.12464 33.833 -182.008
f 1191/1256/367 1190/1258/368 1255/1259/368 1254/1257/367 

vn -7.15924e-16 2.17503e-12 1
v 9.12464 33.75 -182.008
f 1190/1258/368 1189/1260/369 1256/1261/369 1255/1259/368 

vn -3.88578e-16 1 5.16638e-11
v 9.12464 33.75 -96.2402
f 1189/1262/370 1188/1263/370 1257/1264/370 1256/1265/370 

vn 7.15924e-16 4.45881e-11 -1
vn 7.15924e-16 4.38716e-11 -1
v 9.12464 33.833 -96.2402
f 1188/1266/371 1187/1267/372 1258/1268/372 1257/1075/371 

vn 7.15924e-16 4.33e-11 -1
v 9.12464 34.0525 -96.2402
f 1187/1267/372 1186/1269/373 1259/1270/373 1258/1268/372 

vn 7.15924e-16 4.34658e-11 -1
v 9.12464 34.3646 -96.2402
f 1186/1269/373 1185/1271/374 1260/1272/374 1259/1270/373 

vn 7.15924e-16 4.32552e-11 -1
v 9.12464 34.7252 -96.2402
f 1185/1271/374 1184/1273/375 1261/1274/375 1260/1272/374 

vn 7.15924e-16 4.32185e-11 -1
v 9.12464 35.0901 -96.2402
f 1184/1273/375 1183/1275/376 1262/1276/376 1261/1274/375 

vn 7.15924e-16 4.37446e-11 -1
v 9.12464 35.4154 -96.2402
f 1183/1275/376 1182/1277/377 1263/1278/377 1262/1276/376 

vn 7.15924e-16 4.33453e-11 -1
v 9.12464 35.657 -96.2402
f 1182/1277/377 1181/1279/378 1264/1280/378 1263/1278/377 

vn 6.94949e-16 0.0515305 -0.998671
v 9.12464 35.7708 -96.2402
f 1181/1279/378 1180/1281/379 1265/1282/379 1264/1280/378 

vn 6.14661e-16 0.216784 -0.97622
v 9.12464 36.0476 -96.2116
f 1180/1283/379 1179/1284/380 1266/1285/380 1265/1286/379 

v 9.12464 36.3696 -96.0998
f 1179/1287/380 1178/1288/346 1267/1289/346 1266/1290/380 

v 9.12464 36.664 -95.9118
f 1178/1291/346 1177/1292/347 1268/1293/347 1267/1294/346 

v 9.12464 36.9241 -95.6559
f 1177/1295/347 1176/1296/348 1269/1297/348 1268/1298/347 

v 9.12464 37.1437 -95.3409
f 1176/1299/348 1175/1300/349 1270/1301/349 1269/1302/348 

v 9.12464 37.3163 -94.9753
f 1175/1303/349 1174/1304/350 1271/1305/350 1270/1306/349 

v 9.12464 37.4354 -94.5676
f 1174/1307/350 1173/1308/351 1272/1309/351 1271/1310/350 

vn -3.36029e-16 0.997405 -0.0719915
v 9.12464 37.4946 -94.1265
f 1173/1311/351 1172/1312/381 1273/1313/381 1272/1314/351 

vn -3.84718e-16 0.999986 -0.00538401
v 9.12464 37.5 -93.6208
f 1172/1315/381 1171/1316/382 1274/1317/382 1273/1318/381 

vn -3.88578e-16 1 4.49284e-11
v 9.12464 37.5 -91.8493
f 1171/1319/382 1170/1320/383 1275/1321/383 1274/1322/382 

vn -3.88578e-16 1 4.49393e-11
v 9.12464 37.5 -88.9315
f 1170/1320/383 1169/1323/384 1276/1324/384 1275/1321/383 

vn -3.88578e-16 1 4.48261e-11
v 9.12464 37.5 -85.3259
f 1169/1323/384 1168/1325/385 1277/1326/385 1276/1324/384 

v 9.12464 37.5 -81.491
f 1168/1325/385 1167/1327/385 1278/1328/385 1277/1326/385 

v 9.12464 37.5 -77.8854
f 1167/1327/385 1166/1329/384 1279/1330/384 1278/1328/385 

v 9.12464 37.5 -74.9676
f 1166/1329/384 1165/1331/383 1280/1332/383 1279/1330/384 

vn -3.92673e-16 0.999984 0.00572861
v 9.12464 37.5 -73.1961
f 1165/1331/383 1164/1333/386 1281/1334/386 1280/1332/383 

vn -4.39347e-16 0.99738 0.0723352
v 9.12464 37.494 -72.6711
f 1164/1335/386 1163/1336/387 1282/1337/387 1281/1338/386 

v 9.12464 37.4286 -72.184
f 1163/1339/387 1162/1340/356 1283/1341/356 1282/1342/387 

v 9.12464 37.2971 -71.7337
f 1162/1343/356 1161/1344/357 1284/1345/357 1283/1346/356 

v 9.12464 37.1065 -71.33
f 1161/1347/357 1160/1348/358 1285/1349/358 1284/1350/357 

v 9.12464 36.864 -70.9821
f 1160/1351/358 1159/1352/359 1286/1353/359 1285/1354/358 

v 9.12464 36.5767 -70.6995
f 1159/1355/359 1158/1356/360 1287/1357/360 1286/1358/359 

v 9.12464 36.2516 -70.4918
f 1158/1359/360 1157/1360/361 1288/1361/361 1287/1362/360 

vn -7.83162e-16 0.216897 0.976195
v 9.12464 35.896 -70.3684
f 1157/1363/361 1156/1364/388 1289/1365/388 1288/1366/361 

vn -7.35037e-16 0.0516456 0.998665
v 9.12464 35.591 -70.3368
f 1156/1367/388 1155/1368/389 1290/1369/389 1289/1370/388 

vn -7.15924e-16 -4.38785e-11 1
v 9.12464 35.4873 -70.3368
f 1155/1371/389 1154/1372/390 1291/1373/390 1290/1374/389 

vn -7.15924e-16 -4.43338e-11 1
v 9.12464 35.2672 -70.3368
f 1154/1372/390 1153/1375/391 1292/1376/391 1291/1373/390 

vn -7.15924e-16 -4.37346e-11 1
v 9.12464 34.9709 -70.3368
f 1153/1375/391 1152/1377/392 1293/1378/392 1292/1376/391 

vn -7.15924e-16 -4.39646e-11 1
v 9.12464 34.6384 -70.3368
f 1152/1377/392 1151/1379/393 1294/1380/393 1293/1378/392 

vn -7.15924e-16 -4.3897e-11 1
v 9.12464 34.3099 -70.3368
f 1151/1379/393 1150/1381/394 1295/1382/394 1294/1380/393 

vn -7.15924e-16 -4.40566e-11 1
v 9.12464 34.0256 -70.3368
f 1150/1381/394 1149/1383/395 1296/1384/395 1295/1382/394 

vn -7.15924e-16 -4.40611e-11 1
v 9.12464 33.8256 -70.3368
f 1149/1383/395 1148/1385/396 1297/1386/396 1296/1384/395 

vn -7.15924e-16 -4.35716e-11 1
v 9.12464 33.75 -70.3368
f 1148/1385/396 1147/1260/397 1298/1261/397 1297/1386/396 

vn -3.88578e-16 1 4.59973e-11
v 9.12464 33.75 -51.001
f 1147/1387/398 1146/1017/398 1299/1018/398 1298/1388/398 

vn -7.15924e-16 1.21438e-14 1
v 9.12464 26.3191 -51.001
f 1146/1260/399 1092/1389/399 1300/1390/399 1299/1261/399 

v 9.12464 26.3191 -338.918
f 1093/1016/343 1092/1017/343 1300/1018/343 1301/1019/343 

v 9.12464 18.6856 -51.001
f 1092/1389/312 1090/1391/312 1302/1392/312 1300/1390/312 

f 1090/1391/312 984/1393/312 1089/1394/312 1302/1392/312 

vn -7.15924e-16 -1.84565e-10 1
v 9.12464 3.75 -51.001
f 984/1393/400 983/904/400 1303/907/400 1089/1394/400 

vn 3.88578e-16 -1 -4.59599e-11
v 9.12464 3.75 -70.3368
f 983/1395/401 982/1396/401 1304/1397/401 1303/1398/401 

vn -7.15924e-16 -4.35536e-11 1
v 9.12464 3.67441 -70.3368
f 982/904/397 981/1399/402 1305/1400/402 1304/907/397 

vn -7.15924e-16 -4.39061e-11 1
v 9.12464 3.47439 -70.3368
f 981/1399/402 980/1401/403 1306/1402/403 1305/1400/402 

vn -7.15924e-16 -4.42541e-11 1
v 9.12464 3.19007 -70.3368
f 980/1401/403 979/1403/404 1307/1404/404 1306/1402/403 

v 9.12464 2.86161 -70.3368
f 979/1403/404 978/1405/393 1308/1406/393 1307/1404/404 

vn -7.15924e-16 -4.40391e-11 1
v 9.12464 2.52913 -70.3368
f 978/1405/393 977/1407/405 1309/1408/405 1308/1406/393 

vn -7.15924e-16 -4.42283e-11 1
v 9.12464 2.23278 -70.3368
f 977/1407/405 976/1409/406 1310/1410/406 1309/1408/405 

vn -7.15924e-16 -4.34685e-11 1
v 9.12464 2.01269 -70.3368
f 976/1409/406 975/1411/407 1311/1412/407 1310/1410/406 

vn -6.949e-16 -0.0516456 0.998665
v 9.12464 1.909 -70.3368
f 975/1411/407 974/1413/408 1312/1414/408 1311/1412/407 

vn -6.146e-16 -0.216897 0.976195
v 9.12464 1.604 -70.3684
f 974/1415/408 973/1416/409 1313/1417/409 1312/1418/408 

v 9.12464 1.24836 -70.4918
f 973/1419/409 972/1420/320 1314/1421/320 1313/1422/409 

v 9.12464 0.923312 -70.6995
f 972/1423/320 971/1424/321 1315/1425/321 1314/1426/320 

v 9.12464 0.63597 -70.9821
f 971/1427/321 970/1428/322 1316/1429/322 1315/1430/321 

v 9.12464 0.393453 -71.33
f 970/1431/322 969/1432/323 1317/1433/323 1316/1434/322 

v 9.12464 0.202878 -71.7337
f 969/1435/323 968/1436/324 1318/1437/324 1317/1438/323 

v 9.12464 0.0713595 -72.184
f 968/1439/324 967/1440/325 1319/1441/325 1318/1442/324 

vn 3.35774e-16 -0.99738 0.0723352
v 9.12464 0.00601504 -72.6711
f 967/1443/325 966/1444/410 1320/1445/410 1319/1446/325 

vn 3.8447e-16 -0.999984 0.00572861
v 9.12464 6.48421e-09 -73.1961
f 966/1447/410 965/1448/411 1321/1449/411 1320/1450/410 

vn 3.88578e-16 -1 -4.49284e-11
v 9.12464 6.56362e-09 -74.9676
f 965/1451/411 964/1452/412 1322/1453/412 1321/1454/411 

vn 3.88578e-16 -1 -4.49393e-11
v 9.12464 6.695e-09 -77.8854
f 964/1452/412 963/1455/413 1323/1456/413 1322/1453/412 

vn 3.88578e-16 -1 -4.48261e-11
v 9.12464 6.85672e-09 -81.491
f 963/1455/413 962/1457/414 1324/1458/414 1323/1456/413 

vn 3.88578e-16 -1 -4.49262e-11
v 9.12464 7.02853e-09 -85.3259
f 962/1457/414 961/1459/415 1325/1460/415 1324/1458/414 

vn 3.88578e-16 -1 -4.49157e-11
v 9.12464 7.19096e-09 -88.9315
f 961/1459/415 960/1461/416 1326/1462/416 1325/1460/415 

vn 3.88578e-16 -1 -4.48047e-11
v 9.12464 7.32162e-09 -91.8493
f 960/1461/416 959/1463/417 1327/1464/417 1326/1462/416 

vn 3.92427e-16 -0.999986 -0.00538401
v 9.12464 7.40103e-09 -93.6208
f 959/1463/417 958/1465/418 1328/1466/418 1327/1464/417 

vn 4.3911e-16 -0.997405 -0.0719915
v 9.12464 0.00544647 -94.1265
f 958/1467/418 957/1468/419 1329/1469/419 1328/1470/418 

v 9.12464 0.0646142 -94.5676
f 957/1471/419 956/1472/331 1330/1473/331 1329/1474/419 

v 9.12464 0.183701 -94.9753
f 956/1475/331 955/1476/332 1331/1477/332 1330/1478/331 

v 9.12464 0.356262 -95.3409
f 955/1479/332 954/1480/333 1332/1481/333 1331/1482/332 

v 9.12464 0.575855 -95.6559
f 954/1483/333 953/1484/334 1333/1485/334 1332/1486/333 

v 9.12464 0.836036 -95.9118
f 953/1487/334 952/1488/335 1334/1489/335 1333/1490/334 

v 9.12464 1.13036 -96.0998
f 952/1491/335 951/1492/336 1335/1493/336 1334/1494/335 

vn 7.83136e-16 -0.216784 -0.97622
v 9.12464 1.45239 -96.2116
f 951/1495/336 950/1496/420 1336/1497/420 1335/1498/336 

vn 7.34996e-16 -0.0515305 -0.998671
v 9.12464 1.72917 -96.2402
f 950/1499/420 949/1500/421 1337/1501/421 1336/1502/420 

vn 7.15924e-16 4.49318e-11 -1
v 9.12464 1.84299 -96.2402
f 949/1503/421 948/1504/422 1338/1505/422 1337/1506/421 

vn 7.15924e-16 4.54746e-11 -1
v 9.12464 2.08458 -96.2402
f 948/1504/422 947/1507/423 1339/1508/423 1338/1505/422 

vn 7.15924e-16 4.57001e-11 -1
v 9.12464 2.40988 -96.2402
f 947/1507/423 946/1509/424 1340/1510/424 1339/1508/423 

vn 7.15924e-16 4.5614e-11 -1
v 9.12464 2.77483 -96.2402
f 946/1509/424 945/1511/425 1341/1512/425 1340/1510/424 

vn 7.15924e-16 4.48937e-11 -1
v 9.12464 3.13538 -96.2402
f 945/1511/425 944/1513/426 1342/1514/426 1341/1512/425 

vn 7.15924e-16 4.53016e-11 -1
v 9.12464 3.44746 -96.2402
f 944/1513/426 943/1515/427 1343/1516/427 1342/1514/426 

vn 7.15924e-16 4.62103e-11 -1
v 9.12464 3.66702 -96.2402
f 943/1515/427 942/1517/428 1344/1518/428 1343/1516/427 

vn 7.15924e-16 4.64913e-11 -1
v 9.12464 3.75 -96.2402
f 942/1517/428 941/899/429 1345/833/429 1344/1518/428 

vn 3.88578e-16 -1 -5.16975e-11
v 9.12464 3.75 -182.008
f 941/1519/430 940/1520/430 1346/1521/430 1345/1522/430 

vn -7.15924e-16 -2.17503e-12 1
vn -7.15924e-16 -6.76514e-13 1
v 9.12464 3.66702 -182.008
f 940/904/431 939/905/432 1347/906/432 1346/907/431 

vn -7.15924e-16 4.11001e-13 1
v 9.12464 3.44746 -182.008
f 939/905/432 938/908/433 1348/909/433 1347/906/432 

v 9.12464 3.13538 -182.008
f 938/908/433 937/910/312 1349/911/312 1348/909/433 

v 9.12464 2.77483 -182.008
f 937/910/312 936/912/312 1350/913/312 1349/911/312 

vn -7.15924e-16 -2.77402e-13 1
v 9.12464 2.40988 -182.008
f 936/912/312 935/914/434 1351/915/434 1350/913/312 

vn -7.15924e-16 9.61211e-14 1
v 9.12464 2.08458 -182.008
f 935/914/434 934/916/435 1352/917/435 1351/915/434 

vn -7.15924e-16 3.73523e-13 1
v 9.12464 1.84299 -182.008
f 934/916/435 933/918/436 1353/919/436 1352/917/435 

v 9.12464 1.72917 -182.008
f 933/918/436 932/920/318 1354/921/318 1353/919/436 

v 9.12464 1.45239 -182.037
f 932/1523/318 931/1524/319 1355/1525/319 1354/1526/318 

v 9.12464 1.13036 -182.148
f 931/1527/319 930/1528/320 1356/1529/320 1355/1530/319 

v 9.12464 0.836036 -182.336
f 930/1531/320 929/1532/321 1357/1533/321 1356/1534/320 

v 9.12464 0.575855 -182.592
f 929/1535/321 928/1536/322 1358/1537/322 1357/1538/321 

v 9.12464 0.356262 -182.907
f 928/1539/322 927/1540/323 1359/1541/323 1358/1542/322 

v 9.12464 0.183701 -183.273
f 927/1543/323 926/1544/324 1360/1545/324 1359/1546/323 

v 9.12464 0.0646142 -183.681
f 926/1547/324 925/1548/325 1361/1549/325 1360/1550/324 

v 9.12464 0.00544647 -184.122
f 925/1551/325 924/1552/326 1362/1553/326 1361/1554/325 

v 9.12464 1.19484e-08 -184.627
f 924/1555/326 923/1556/327 1363/1557/327 1362/1558/326 

v 9.12464 1.19484e-08 -186.399
f 923/1559/327 922/1560/311 1364/1561/311 1363/1562/327 

v 9.12464 1.19484e-08 -189.317
f 922/1560/311 921/1563/311 1365/1564/311 1364/1561/311 

v 9.12464 1.19484e-08 -192.922
f 921/1563/311 920/1565/311 1366/1566/311 1365/1564/311 

v 9.12464 1.19484e-08 -196.757
f 920/1565/311 919/1567/311 1367/1568/311 1366/1566/311 

v 9.12464 1.19484e-08 -200.363
f 919/1567/311 918/1569/311 1368/1570/311 1367/1568/311 

v 9.12464 1.19484e-08 -203.281
f 918/1569/311 917/1571/311 1369/1572/311 1368/1570/311 

v 9.12464 1.19484e-08 -205.052
f 917/1571/311 916/1573/329 1370/1574/329 1369/1572/311 

v 9.12464 0.00601504 -205.577
f 916/1575/329 915/1576/330 1371/1577/330 1370/1578/329 

v 9.12464 0.0713595 -206.064
f 915/1579/330 914/1580/331 1372/1581/331 1371/1582/330 

v 9.12464 0.202878 -206.514
f 914/1583/331 913/1584/332 1373/1585/332 1372/1586/331 

v 9.12464 0.393453 -206.918
f 913/1587/332 912/1588/333 1374/1589/333 1373/1590/332 

v 9.12464 0.63597 -207.266
f 912/1591/333 911/1592/334 1375/1593/334 1374/1594/333 

v 9.12464 0.923312 -207.549
f 911/1595/334 910/1596/335 1376/1597/335 1375/1598/334 

v 9.12464 1.24836 -207.756
f 910/1599/335 909/1600/336 1377/1601/336 1376/1602/335 

v 9.12464 1.604 -207.88
f 909/1603/336 908/1604/337 1378/1605/337 1377/1606/336 

f 908/1607/337 907/1608/303 1037/1609/303 1378/1610/337 

vn 1 3.88578e-16 7.15924e-16
f 1037/1611/437 1036/1612/437 1038/1613/437 1039/1614/437 1040/1615/437 1041/1616/437 1042/1617/437 1043/1618/437 1044/1619/437 1045/1620/437 1046/1621/437 1047/1622/437 1048/1623/437 1049/1624/437 1050/1625/437 1051/1626/437 1052/1627/437 1053/1628/437 1054/1629/437 1055/1630/437 1056/1631/437 1057/1632/437 1058/1633/437 1059/1634/437 1060/1635/437 1061/1636/437 1062/1637/437 1063/1638/437 1064/1639/437 1065/1640/437 1066/1641/437 1067/1642/437 1068/1643/437 1069/1644/437 1070/1645/437 1071/1646/437 1072/1647/437 1073/1648/437 1074/1649/437 1075/1650/437 1076/1651/437 1077/1652/437 1078/1653/437 1079/1654/437 1080/1655/437 1081/1656/437 1082/1657/437 1083/1658/437 1084/1659/437 1085/1660/437 1086/1661/437 1087/1662/437 1088/1663/437 1089/1664/437 1303/1665/437 1304/1666/437 1305/1667/437 1306/1668/437 1307/1669/437 1308/1670/437 1309/1671/437 1310/1672/437 1311/1673/437 1312/1674/437 1313/1675/437 1314/1676/437 1315/1677/437 1316/1678/437 1317/1679/437 1318/1680/437 1319/1681/437 1320/1682/437 1321/1683/437 1322/1684/437 1323/1685/437 1324/1686/437 1325/1687/437 1326/1688/437 1327/1689/437 1328/1690/437 1329/1691/437 1330/1692/437 1331/1693/437 1332/1694/437 1333/1695/437 1334/1696/437 1335/1697/437 1336/1698/437 1337/1699/437 1338/1700/437 1339/1701/437 1340/1702/437 1341/1703/437 1342/1704/437 1343/1705/437 1344/1706/437 1345/1707/437 1346/1708/437 1347/1709/437 1348/1710/437 1349/1711/437 1350/1712/437 1351/1713/437 1352/1714/437 1353/1715/437 1354/1716/437 1355/1717/437 1356/1718/437 1357/1719/437 1358/1720/437 1359/1721/437 1360/1722/437 1361/1723/437 1362/1724/437 1363/1725/437 1364/1726/437 1365/1727/437 1366/1728/437 1367/1729/437 1368/1730/437 1369/1731/437 1370/1732/437 1371/1733/437 1372/1734/437 1373/1735/437 1374/1736/437 1375/1737/437 1376/1738/437 1377/1739/437 1378/1740/437 

v 9.12464 18.6856 -338.918
f 1379/1741/437 1302/1742/437 1089/1664/437 1088/1663/437 

f 1301/1743/437 1300/1744/437 1302/1742/437 1379/1741/437 

v 9.12464 33.75 -338.918
v 9.12464 33.75 -319.583
v 9.12464 33.8256 -319.583
v 9.12464 34.0256 -319.583
v 9.12464 34.3099 -319.583
v 9.12464 34.6384 -319.583
v 9.12464 34.9709 -319.583
v 9.12464 35.2672 -319.583
v 9.12464 35.4873 -319.583
v 9.12464 35.591 -319.583
v 9.12464 35.896 -319.551
v 9.12464 36.2516 -319.428
v 9.12464 36.5767 -319.22
v 9.12464 36.864 -318.937
v 9.12464 37.1065 -318.589
v 9.12464 37.2971 -318.186
v 9.12464 37.4286 -317.735
v 9.12464 37.494 -317.248
v 9.12464 37.5 -316.723
v 9.12464 37.5 -314.952
v 9.12464 37.5 -312.034
v 9.12464 37.5 -308.428
v 9.12464 37.5 -304.594
v 9.12464 37.5 -300.988
v 9.12464 37.5 -298.07
v 9.12464 37.5 -296.299
v 9.12464 37.4946 -295.793
v 9.12464 37.4354 -295.352
v 9.12464 37.3163 -294.944
v 9.12464 37.1437 -294.579
v 9.12464 36.9241 -294.263
v 9.12464 36.664 -294.008
v 9.12464 36.3696 -293.82
v 9.12464 36.0476 -293.708
v 9.12464 35.7708 -293.679
v 9.12464 35.657 -293.679
v 9.12464 35.4154 -293.679
v 9.12464 35.0901 -293.679
v 9.12464 34.7252 -293.679
v 9.12464 34.3646 -293.679
v 9.12464 34.0525 -293.679
v 9.12464 33.833 -293.679
v 9.12464 33.75 -293.679
v 9.12464 33.75 -207.911
v 9.12464 33.8256 -207.911
v 9.12464 34.0256 -207.911
v 9.12464 34.3099 -207.911
v 9.12464 34.6384 -207.911
v 9.12464 34.9709 -207.911
v 9.12464 35.2672 -207.911
f 1223/1745/437 1222/1746/437 1224/1747/437 1225/1748/437 1226/1749/437 1227/1750/437 1228/1751/437 1229/1752/437 1230/1753/437 1231/1754/437 1232/1143/437 1233/1142/437 1234/1141/437 1235/1140/437 1236/1139/437 1237/1138/437 1238/1137/437 1239/1136/437 1240/1755/437 1241/1756/437 1242/1757/437 1243/1758/437 1244/1759/437 1245/1760/437 1246/1761/437 1247/1762/437 1248/1763/437 1249/1764/437 1250/1765/437 1251/1766/437 1252/1767/437 1253/1768/437 1254/1769/437 1255/1770/437 1256/1771/437 1257/1772/437 1258/1773/437 1259/1774/437 1260/1775/437 1261/1776/437 1262/1777/437 1263/1778/437 1264/1779/437 1265/1780/437 1266/1781/437 1267/1782/437 1268/1783/437 1269/1784/437 1270/1785/437 1271/1786/437 1272/1787/437 1273/1788/437 1274/1789/437 1275/1790/437 1276/1791/437 1277/1792/437 1278/1793/437 1279/1794/437 1280/1795/437 1281/1796/437 1282/1797/437 1283/1798/437 1284/1799/437 1285/1800/437 1286/1801/437 1287/1802/437 1288/1803/437 1289/1804/437 1290/1805/437 1291/1806/437 1292/1807/437 1293/1808/437 1294/1809/437 1295/1810/437 1296/1811/437 1297/1812/437 1298/1813/437 1299/1814/437 1300/1744/437 1301/1743/437 1380/1815/437 1381/1816/437 1382/1817/437 1383/1818/437 1384/1819/437 1385/1820/437 1386/1821/437 1387/1822/437 1388/1823/437 1389/1824/437 1390/1825/437 1391/1826/437 1392/1827/437 1393/1828/437 1394/1829/437 1395/1830/437 1396/1831/437 1397/1832/437 1398/1057/437 1399/1056/437 1400/1055/437 1401/1054/437 1402/1053/437 1403/1052/437 1404/1051/437 1405/1050/437 1406/1833/437 1407/1834/437 1408/1835/437 1409/1836/437 1410/1837/437 1411/1838/437 1412/1839/437 1413/1840/437 1414/1841/437 1415/1842/437 1416/1843/437 1417/1844/437 1418/1845/437 1419/1846/437 1420/1847/437 1421/1848/437 1422/1849/437 1423/1850/437 1424/1851/437 1425/1852/437 1426/1853/437 1427/1854/437 1428/1855/437 1429/1856/437 

vn 7.15924e-16 -1.21438e-14 -1
f 1093/1857/438 1145/1266/438 1380/1075/438 1301/1858/438 

f 1145/1011/343 1144/1859/343 1381/1860/343 1380/1012/343 

vn 7.15924e-16 -4.8645e-11 -1
vn 7.15924e-16 -2.38431e-11 -1
f 1144/1266/439 1143/1861/440 1382/1862/440 1381/1075/439 

vn 7.15924e-16 4.79343e-13 -1
f 1143/1861/440 1142/1863/441 1383/1864/441 1382/1862/440 

vn 7.15924e-16 -2.91901e-13 -1
f 1142/1863/441 1141/1865/442 1384/1866/442 1383/1864/441 

f 1141/1865/442 1140/1867/442 1385/1868/442 1384/1866/442 

f 1140/1867/442 1139/1869/304 1386/1870/304 1385/1868/442 

f 1139/1869/304 1138/1871/304 1387/1872/304 1386/1870/304 

f 1138/1871/304 1137/1152/304 1388/1155/304 1387/1872/304 

f 1137/1152/304 1136/1153/344 1389/1154/344 1388/1155/304 

f 1136/1873/344 1135/1874/345 1390/1875/345 1389/1876/344 

f 1135/1877/345 1134/1878/346 1391/1879/346 1390/1880/345 

f 1134/1881/346 1133/1882/347 1392/1883/347 1391/1884/346 

f 1133/1885/347 1132/1886/348 1393/1887/348 1392/1888/347 

f 1132/1889/348 1131/1890/349 1394/1891/349 1393/1892/348 

f 1131/1893/349 1130/1894/350 1395/1895/350 1394/1896/349 

f 1130/1897/350 1129/1898/351 1396/1899/351 1395/1900/350 

f 1129/1901/351 1128/1902/352 1397/1903/352 1396/1904/351 

f 1128/1905/352 1127/1906/353 1398/1907/353 1397/1908/352 

f 1127/1909/353 1126/1910/343 1399/1911/343 1398/1912/353 

f 1126/1910/343 1125/1913/343 1400/1914/343 1399/1911/343 

f 1125/1913/343 1124/1915/343 1401/1916/343 1400/1914/343 

f 1124/1915/343 1123/1917/343 1402/1918/343 1401/1916/343 

f 1123/1917/343 1122/1919/343 1403/1920/343 1402/1918/343 

f 1122/1919/343 1121/1921/343 1404/1922/343 1403/1920/343 

f 1121/1921/343 1120/1923/354 1405/1924/354 1404/1922/343 

f 1120/1925/354 1119/1926/355 1406/1927/355 1405/1928/354 

f 1119/1929/355 1118/1930/356 1407/1931/356 1406/1932/355 

f 1118/1933/356 1117/1934/357 1408/1935/357 1407/1936/356 

f 1117/1937/357 1116/1938/358 1409/1939/358 1408/1940/357 

f 1116/1941/358 1115/1942/359 1410/1943/359 1409/1944/358 

f 1115/1945/359 1114/1946/360 1411/1947/360 1410/1948/359 

f 1114/1949/360 1113/1950/361 1412/1951/361 1411/1952/360 

f 1113/1953/361 1112/1954/362 1413/1955/362 1412/1956/361 

f 1112/1957/362 1111/1958/363 1414/1959/363 1413/1960/362 

vn -7.15924e-16 4.08541e-13 1
f 1111/1244/363 1110/1245/443 1415/1246/443 1414/1247/363 

vn -7.15924e-16 1.05132e-13 1
f 1110/1245/443 1109/1248/444 1416/1249/444 1415/1246/443 

vn -7.15924e-16 -3.29659e-14 1
f 1109/1248/444 1108/1250/445 1417/1251/445 1416/1249/444 

vn -7.15924e-16 -3.3048e-15 1
f 1108/1250/445 1107/1252/446 1418/1253/446 1417/1251/445 

vn -7.15924e-16 -2.73747e-13 1
f 1107/1252/446 1106/1254/447 1419/1255/447 1418/1253/446 

f 1106/1254/447 1105/1256/312 1420/1257/312 1419/1255/447 

f 1105/1256/312 1104/1258/312 1421/1259/312 1420/1257/312 

f 1104/1258/312 1103/1260/312 1422/1261/312 1421/1259/312 

f 1103/1961/343 1102/1962/343 1423/1963/343 1422/1964/343 

vn 7.15924e-16 2.38748e-12 -1
vn 7.15924e-16 1.19374e-12 -1
f 1102/1266/448 1101/1861/449 1424/1862/449 1423/1075/448 

vn 7.15924e-16 -3.17395e-13 -1
f 1101/1861/449 1100/1863/450 1425/1864/450 1424/1862/449 

vn 7.15924e-16 -4.26641e-14 -1
f 1100/1863/450 1099/1865/451 1426/1866/451 1425/1864/450 

vn 7.15924e-16 3.31667e-15 -1
f 1099/1865/451 1098/1867/452 1427/1868/452 1426/1866/451 

vn 7.15924e-16 -2.71414e-13 -1
f 1098/1867/452 1097/1869/453 1428/1870/453 1427/1868/452 

f 1097/1869/453 1096/1871/304 1429/1872/304 1428/1870/453 

f 1096/1871/304 1095/1152/304 1223/1155/304 1429/1872/304 

f 1091/1965/304 1093/1857/304 1301/1858/304 1379/1966/304 

f 985/1014/304 1091/1965/304 1379/1966/304 1088/1015/304 

f 1091/1016/343 1090/1017/343 1302/1018/343 1379/1019/343 

g Mesh14 ___558_3 Model

v 163.035 2.01269 -341.918
vn -4.32647e-16 -3.88578e-16 -1
v 163.035 1.909 -341.918
v 163.003 1.604 -341.918
v 162.88 1.24836 -341.918
v 162.672 0.923312 -341.918
v 162.39 0.63597 -341.918
v 162.042 0.393453 -341.918
v 161.638 0.202878 -341.918
v 161.188 0.0713595 -341.918
v 160.701 0.00601505 -341.918
v 160.176 1.84326e-08 -341.918
v 158.404 1.84326e-08 -341.918
v 155.486 1.84326e-08 -341.918
v 151.881 1.84326e-08 -341.918
v 148.046 1.84326e-08 -341.918
v 144.44 1.84326e-08 -341.918
v 141.523 1.84326e-08 -341.918
v 139.751 1.84326e-08 -341.918
v 139.245 0.00544648 -341.918
v 138.804 0.0646142 -341.918
v 138.397 0.183701 -341.918
v 138.031 0.356262 -341.918
v 137.716 0.575855 -341.918
v 137.46 0.836036 -341.918
v 137.272 1.13036 -341.918
v 137.16 1.45239 -341.918
v 137.132 1.72917 -341.918
v 137.132 1.84299 -341.918
v 137.132 2.08458 -341.918
v 137.132 2.40988 -341.918
v 137.132 2.77483 -341.918
v 137.132 3.13538 -341.918
v 137.132 3.44746 -341.918
v 137.132 3.66702 -341.918
v 137.132 3.75 -341.918
v 51.3638 3.75 -341.918
v 51.3638 3.66702 -341.918
v 51.3638 3.44746 -341.918
v 51.3638 3.13538 -341.918
v 51.3638 2.77483 -341.918
v 51.3638 2.40988 -341.918
v 51.3638 2.08458 -341.918
v 51.3638 1.84299 -341.918
v 51.3638 1.72917 -341.918
v 51.3352 1.45239 -341.918
v 51.2235 1.13036 -341.918
v 51.0354 0.836036 -341.918
v 50.7796 0.575855 -341.918
v 50.4646 0.356262 -341.918
v 50.0989 0.183701 -341.918
v 49.6913 0.0646142 -341.918
v 49.2502 0.00544647 -341.918
v 48.7444 1.38852e-08 -341.918
v 46.9729 1.38058e-08 -341.918
v 44.0551 1.36752e-08 -341.918
v 40.4495 1.35127e-08 -341.918
v 36.6146 1.33409e-08 -341.918
v 33.009 1.31792e-08 -341.918
v 30.0912 1.30478e-08 -341.918
v 28.3197 1.29684e-08 -341.918
v 27.7948 0.00601504 -341.918
v 27.3076 0.0713595 -341.918
v 26.8574 0.202878 -341.918
v 26.4536 0.393453 -341.918
v 26.1057 0.63597 -341.918
v 25.8232 0.923312 -341.918
v 25.6155 1.24836 -341.918
v 25.4921 1.604 -341.918
v 25.4605 1.909 -341.918
v 25.4605 2.01269 -341.918
v 25.4605 2.23278 -341.918
v 25.4605 2.52913 -341.918
v 25.4605 2.86161 -341.918
v 25.4605 3.19007 -341.918
v 25.4605 3.47439 -341.918
v 25.4605 3.67441 -341.918
v 25.4605 3.75 -341.918
v 6.12464 3.75 -341.918
v 6.12464 11.0521 -341.918
v 294.042 11.0521 -341.918
v 294.042 3.75 -341.918
v 274.706 3.75 -341.918
v 274.706 3.67441 -341.918
v 274.706 3.47439 -341.918
v 274.706 3.19007 -341.918
v 274.706 2.86161 -341.918
v 274.706 2.52913 -341.918
v 274.706 2.23278 -341.918
v 274.706 2.01269 -341.918
v 274.706 1.909 -341.918
v 274.675 1.604 -341.918
v 274.551 1.24836 -341.918
v 274.344 0.923312 -341.918
v 274.061 0.63597 -341.918
v 273.713 0.393453 -341.918
v 273.309 0.202878 -341.918
v 272.859 0.0713595 -341.918
v 272.372 0.00601505 -341.918
v 271.847 1.84326e-08 -341.918
v 270.076 1.84333e-08 -341.918
v 267.158 1.84333e-08 -341.918
v 263.552 1.84333e-08 -341.918
v 259.717 1.84333e-08 -341.918
v 256.112 1.84333e-08 -341.918
v 253.194 1.84333e-08 -341.918
v 251.422 1.84333e-08 -341.918
v 250.917 0.00544648 -341.918
v 250.475 0.0646142 -341.918
v 250.068 0.183701 -341.918
v 249.702 0.356262 -341.918
v 249.387 0.575855 -341.918
v 249.131 0.836036 -341.918
v 248.943 1.13036 -341.918
v 248.832 1.45239 -341.918
v 248.803 1.72917 -341.918
v 248.803 1.84299 -341.918
v 248.803 2.08458 -341.918
v 248.803 2.40988 -341.918
v 248.803 2.77483 -341.918
v 248.803 3.13538 -341.918
v 248.803 3.44746 -341.918
v 248.803 3.66702 -341.918
v 248.803 3.75 -341.918
v 163.035 3.75 -341.918
v 163.035 3.67441 -341.918
v 163.035 3.47439 -341.918
v 163.035 3.19007 -341.918
v 163.035 2.86161 -341.918
v 163.035 2.52913 -341.918
v 163.035 2.23278 -341.918
f 1430/753/454 1431/754/454 1432/755/454 1433/756/454 1434/757/454 1435/758/454 1436/759/454 1437/760/454 1438/761/454 1439/762/454 1440/763/454 1441/764/454 1442/765/454 1443/766/454 1444/767/454 1445/768/454 1446/769/454 1447/770/454 1448/771/454 1449/772/454 1450/773/454 1451/774/454 1452/775/454 1453/776/454 1454/777/454 1455/778/454 1456/779/454 1457/780/454 1458/781/454 1459/782/454 1460/783/454 1461/784/454 1462/785/454 1463/786/454 1464/787/454 1465/788/454 1466/789/454 1467/790/454 1468/791/454 1469/792/454 1470/793/454 1471/794/454 1472/795/454 1473/796/454 1474/797/454 1475/798/454 1476/799/454 1477/800/454 1478/801/454 1479/802/454 1480/803/454 1481/804/454 1482/805/454 1483/806/454 1484/807/454 1485/808/454 1486/809/454 1487/810/454 1488/811/454 1489/812/454 1490/813/454 1491/814/454 1492/815/454 1493/816/454 1494/817/454 1495/818/454 1496/819/454 1497/820/454 1498/821/454 1499/822/454 1500/823/454 1501/824/454 1502/825/454 1503/826/454 1504/827/454 1505/828/454 1506/829/454 1507/830/454 1508/831/454 1509/832/454 1510/833/454 1511/834/454 1512/835/454 1513/836/454 1514/837/454 1515/838/454 1516/839/454 1517/840/454 1518/841/454 1519/842/454 1520/843/454 1521/844/454 1522/845/454 1523/846/454 1524/847/454 1525/848/454 1526/849/454 1527/850/454 1528/851/454 1529/852/454 1530/853/454 1531/854/454 1532/855/454 1533/856/454 1534/857/454 1535/858/454 1536/859/454 1537/860/454 1538/861/454 1539/862/454 1540/863/454 1541/864/454 1542/865/454 1543/866/454 1544/867/454 1545/868/454 1546/869/454 1547/870/454 1548/871/454 1549/872/454 1550/873/454 1551/874/454 1552/875/454 1553/876/454 1554/877/454 1555/878/454 1556/879/454 1557/880/454 1558/881/454 1559/882/454 

vn 0.998665 -0.0516456 -4.12001e-16
vn 1 6.16298e-33 -4.32647e-16
v 163.035 2.01269 -338.918
v 163.035 1.909 -338.918
f 1431/883/455 1430/884/456 1560/885/456 1561/886/455 

v 163.035 2.23278 -338.918
f 1430/884/456 1559/887/456 1562/888/456 1560/885/456 

vn 1 2.71414e-13 -4.32647e-16
v 163.035 2.52913 -338.918
f 1559/887/456 1558/889/457 1563/890/457 1562/888/456 

vn 1 -3.31667e-15 -4.32647e-16
v 163.035 2.86161 -338.918
f 1558/889/457 1557/891/458 1564/892/458 1563/890/457 

vn 1 4.26641e-14 -4.32647e-16
v 163.035 3.19007 -338.918
f 1557/891/458 1556/893/459 1565/894/459 1564/892/458 

vn 1 3.17395e-13 -4.32647e-16
v 163.035 3.47439 -338.918
f 1556/893/459 1555/895/460 1566/896/460 1565/894/459 

vn 1 -1.19374e-12 -4.32647e-16
v 163.035 3.67441 -338.918
f 1555/895/460 1554/897/461 1567/898/461 1566/896/460 

vn 1 -2.38748e-12 -4.32647e-16
v 163.035 3.75 -338.918
f 1554/897/461 1553/899/462 1568/833/462 1567/898/461 

vn 1.7428e-31 -1 3.88578e-16
v 248.803 3.75 -338.918
f 1553/900/463 1552/901/463 1569/902/463 1568/903/463 

vn -1 -6.16298e-33 4.32647e-16
v 248.803 3.66702 -338.918
f 1552/904/464 1551/905/464 1570/906/464 1569/907/464 

v 248.803 3.44746 -338.918
f 1551/905/464 1550/908/464 1571/909/464 1570/906/464 

vn -1 2.73747e-13 4.32647e-16
v 248.803 3.13538 -338.918
f 1550/908/464 1549/910/465 1572/911/465 1571/909/464 

vn -1 3.3048e-15 4.32647e-16
v 248.803 2.77483 -338.918
f 1549/910/465 1548/912/466 1573/913/466 1572/911/465 

vn -1 3.29659e-14 4.32647e-16
v 248.803 2.40988 -338.918
f 1548/912/466 1547/914/467 1574/915/467 1573/913/466 

vn -1 -1.05132e-13 4.32647e-16
v 248.803 2.08458 -338.918
f 1547/914/467 1546/916/468 1575/917/468 1574/915/467 

vn -1 -4.08541e-13 4.32647e-16
v 248.803 1.84299 -338.918
f 1546/916/468 1545/918/469 1576/919/469 1575/917/468 

vn -0.998671 -0.0515305 4.52096e-16
v 248.803 1.72917 -338.918
f 1545/918/469 1544/920/470 1577/921/470 1576/919/469 

vn -0.97622 -0.216784 5.06596e-16
v 248.832 1.45239 -338.918
f 1544/922/470 1543/923/471 1578/924/471 1577/925/470 

vn -0.8999 -0.436096 5.58796e-16
v 248.943 1.13036 -338.918
f 1543/926/471 1542/927/472 1579/928/472 1578/929/471 

vn -0.782096 -0.623158 5.80517e-16
v 249.131 0.836036 -338.918
f 1542/930/472 1541/931/473 1580/932/473 1579/933/472 

vn -0.645208 -0.764007 5.76024e-16
v 249.387 0.575855 -338.918
f 1541/934/473 1540/935/474 1581/936/474 1580/937/473 

vn -0.501096 -0.865391 5.5307e-16
v 249.702 0.356262 -338.918
f 1540/938/474 1539/939/475 1582/940/475 1581/941/474 

vn -0.354699 -0.934981 5.16772e-16
v 250.068 0.183701 -338.918
f 1539/942/475 1538/943/476 1583/944/476 1582/945/475 

vn -0.207265 -0.978285 4.69813e-16
v 250.475 0.0646142 -338.918
f 1538/946/476 1537/947/477 1584/948/477 1583/949/476 

vn -0.0719915 -0.997405 4.18717e-16
v 250.917 0.00544648 -338.918
f 1537/950/477 1536/951/478 1585/952/478 1584/953/477 

vn -0.00538401 -0.999986 3.90902e-16
v 251.422 1.84333e-08 -338.918
f 1536/954/478 1535/955/479 1586/956/479 1585/957/478 

v 253.194 1.84333e-08 -338.918
f 1535/958/479 1534/959/463 1587/960/463 1586/961/479 

v 256.112 1.84333e-08 -338.918
f 1534/959/463 1533/962/463 1588/963/463 1587/960/463 

v 259.717 1.84333e-08 -338.918
f 1533/962/463 1532/964/463 1589/965/463 1588/963/463 

v 263.552 1.84333e-08 -338.918
f 1532/964/463 1531/966/463 1590/967/463 1589/965/463 

v 267.158 1.84333e-08 -338.918
f 1531/966/463 1530/968/463 1591/969/463 1590/967/463 

vn -2.0376e-13 -1 3.88578e-16
v 270.076 1.84333e-08 -338.918
f 1530/968/463 1529/970/480 1592/971/480 1591/969/463 

vn 0.00572861 -0.999984 3.86093e-16
v 271.847 1.84326e-08 -338.918
f 1529/970/480 1528/972/481 1593/973/481 1592/971/480 

vn 0.0723352 -0.99738 3.56265e-16
v 272.372 0.00601505 -338.918
f 1528/974/481 1527/975/482 1594/976/482 1593/977/481 

vn 0.207265 -0.978285 2.90467e-16
v 272.859 0.0713595 -338.918
f 1527/978/482 1526/979/483 1595/980/483 1594/981/482 

vn 0.354699 -0.934981 2.09854e-16
v 273.309 0.202878 -338.918
f 1526/982/483 1525/983/484 1596/984/484 1595/985/483 

vn 0.501096 -0.865391 1.19474e-16
v 273.713 0.393453 -338.918
f 1525/986/484 1524/987/485 1597/988/485 1596/989/484 

vn 0.645208 -0.764007 1.77288e-17
v 274.061 0.63597 -338.918
f 1524/990/485 1523/991/486 1598/992/486 1597/993/485 

vn 0.782096 -0.623158 -9.62256e-17
v 274.344 0.923312 -338.918
f 1523/994/486 1522/995/487 1599/996/487 1598/997/486 

vn 0.8999 -0.436096 -2.19881e-16
v 274.551 1.24836 -338.918
f 1522/998/487 1521/999/488 1600/1000/488 1599/1001/487 

vn 0.976195 -0.216897 -3.38066e-16
v 274.675 1.604 -338.918
f 1521/1002/488 1520/1003/489 1601/1004/489 1600/1005/488 

v 274.706 1.909 -338.918
f 1520/1006/489 1519/1007/455 1602/1008/455 1601/1009/489 

v 274.706 2.01269 -338.918
f 1519/883/455 1518/884/456 1603/885/456 1602/886/455 

v 274.706 2.23278 -338.918
f 1518/884/456 1517/887/456 1604/888/456 1603/885/456 

v 274.706 2.52913 -338.918
f 1517/887/456 1516/889/456 1605/890/456 1604/888/456 

vn 1 2.91901e-13 -4.32647e-16
v 274.706 2.86161 -338.918
f 1516/889/456 1515/891/490 1606/892/490 1605/890/456 

v 274.706 3.19007 -338.918
f 1515/891/490 1514/893/490 1607/894/490 1606/892/490 

vn 1 -4.79343e-13 -4.32647e-16
v 274.706 3.47439 -338.918
f 1514/893/490 1513/895/491 1608/896/491 1607/894/490 

vn 1 2.38431e-11 -4.32647e-16
v 274.706 3.67441 -338.918
f 1513/895/491 1512/897/492 1609/898/492 1608/896/491 

vn 1 4.8645e-11 -4.32647e-16
v 274.706 3.75 -338.918
f 1512/897/492 1511/899/493 1610/833/493 1609/898/492 

v 294.042 3.75 -338.918
f 1511/1010/463 1510/1011/463 1611/1012/463 1610/1013/463 

vn 1 1.23579e-14 -4.32647e-16
v 294.042 11.0521 -338.918
f 1510/899/494 1509/1014/494 1612/1015/494 1611/833/494 

vn -1.7428e-31 1 -3.88578e-16
v 6.12464 11.0521 -338.918
f 1509/1016/495 1508/1017/495 1613/1018/495 1612/1019/495 

v 6.12464 18.6856 -341.918
v 294.042 18.6856 -341.918
f 1614/1020/454 1615/1021/454 1509/832/454 1508/831/454 

v 6.12464 26.3191 -341.918
v 294.042 26.3191 -341.918
f 1616/1022/454 1617/1023/454 1615/1021/454 1614/1020/454 

v 163.035 35.591 -341.918
v 163.035 35.4873 -341.918
v 163.035 35.2672 -341.918
v 163.035 34.9709 -341.918
v 163.035 34.6384 -341.918
v 163.035 34.3099 -341.918
v 163.035 34.0256 -341.918
v 163.035 33.8256 -341.918
v 163.035 33.75 -341.918
v 248.803 33.75 -341.918
v 248.803 33.833 -341.918
v 248.803 34.0525 -341.918
v 248.803 34.3646 -341.918
v 248.803 34.7252 -341.918
v 248.803 35.0901 -341.918
v 248.803 35.4154 -341.918
v 248.803 35.657 -341.918
v 248.803 35.7708 -341.918
v 248.832 36.0476 -341.918
v 248.943 36.3696 -341.918
v 249.131 36.664 -341.918
v 249.387 36.9241 -341.918
v 249.702 37.1437 -341.918
v 250.068 37.3163 -341.918
v 250.475 37.4354 -341.918
v 250.917 37.4946 -341.918
v 251.422 37.5 -341.918
v 253.194 37.5 -341.918
v 256.112 37.5 -341.918
v 259.717 37.5 -341.918
v 263.552 37.5 -341.918
v 267.158 37.5 -341.918
v 270.076 37.5 -341.918
v 271.847 37.5 -341.918
v 272.372 37.494 -341.918
v 272.859 37.4286 -341.918
v 273.309 37.2971 -341.918
v 273.713 37.1065 -341.918
v 274.061 36.864 -341.918
v 274.344 36.5767 -341.918
v 274.551 36.2516 -341.918
v 274.675 35.896 -341.918
v 274.706 35.591 -341.918
v 274.706 35.4873 -341.918
v 274.706 35.2672 -341.918
v 274.706 34.9709 -341.918
v 274.706 34.6384 -341.918
v 274.706 34.3099 -341.918
v 274.706 34.0256 -341.918
v 274.706 33.8256 -341.918
v 274.706 33.75 -341.918
v 294.042 33.75 -341.918
v 6.12464 33.75 -341.918
v 25.4605 33.75 -341.918
v 25.4605 33.8256 -341.918
v 25.4605 34.0256 -341.918
v 25.4605 34.3099 -341.918
v 25.4605 34.6384 -341.918
v 25.4605 34.9709 -341.918
v 25.4605 35.2672 -341.918
v 25.4605 35.4873 -341.918
v 25.4605 35.591 -341.918
v 25.4921 35.896 -341.918
v 25.6155 36.2516 -341.918
v 25.8232 36.5767 -341.918
v 26.1057 36.864 -341.918
v 26.4536 37.1065 -341.918
v 26.8574 37.2971 -341.918
v 27.3076 37.4286 -341.918
v 27.7948 37.494 -341.918
v 28.3197 37.5 -341.918
v 30.0912 37.5 -341.918
v 33.009 37.5 -341.918
v 36.6146 37.5 -341.918
v 40.4495 37.5 -341.918
v 44.0551 37.5 -341.918
v 46.9729 37.5 -341.918
v 48.7444 37.5 -341.918
v 49.2502 37.4946 -341.918
v 49.6913 37.4354 -341.918
v 50.0989 37.3163 -341.918
v 50.4646 37.1437 -341.918
v 50.7796 36.9241 -341.918
v 51.0354 36.664 -341.918
v 51.2235 36.3696 -341.918
v 51.3352 36.0476 -341.918
v 51.3638 35.7708 -341.918
v 51.3638 35.657 -341.918
v 51.3638 35.4154 -341.918
v 51.3638 35.0901 -341.918
v 51.3638 34.7252 -341.918
v 51.3638 34.3646 -341.918
v 51.3638 34.0525 -341.918
v 51.3638 33.833 -341.918
v 51.3638 33.75 -341.918
v 137.132 33.75 -341.918
v 137.132 33.833 -341.918
v 137.132 34.0525 -341.918
v 137.132 34.3646 -341.918
v 137.132 34.7252 -341.918
v 137.132 35.0901 -341.918
v 137.132 35.4154 -341.918
v 137.132 35.657 -341.918
v 137.132 35.7708 -341.918
v 137.16 36.0476 -341.918
v 137.272 36.3696 -341.918
v 137.46 36.664 -341.918
v 137.716 36.9241 -341.918
v 138.031 37.1437 -341.918
v 138.397 37.3163 -341.918
v 138.804 37.4354 -341.918
v 139.245 37.4946 -341.918
v 139.751 37.5 -341.918
v 141.523 37.5 -341.918
v 144.44 37.5 -341.918
v 148.046 37.5 -341.918
v 151.881 37.5 -341.918
v 155.486 37.5 -341.918
v 158.404 37.5 -341.918
v 160.176 37.5 -341.918
v 160.701 37.494 -341.918
v 161.188 37.4286 -341.918
v 161.638 37.2971 -341.918
v 162.042 37.1065 -341.918
v 162.39 36.864 -341.918
v 162.672 36.5767 -341.918
v 162.88 36.2516 -341.918
v 163.003 35.896 -341.918
f 1618/1024/454 1619/1025/454 1620/1026/454 1621/1027/454 1622/1028/454 1623/1029/454 1624/1030/454 1625/1031/454 1626/1032/454 1627/1033/454 1628/1034/454 1629/1035/454 1630/1036/454 1631/1037/454 1632/1038/454 1633/1039/454 1634/1040/454 1635/1041/454 1636/1042/454 1637/1043/454 1638/1044/454 1639/1045/454 1640/1046/454 1641/1047/454 1642/1048/454 1643/1049/454 1644/1050/454 1645/1051/454 1646/1052/454 1647/1053/454 1648/1054/454 1649/1055/454 1650/1056/454 1651/1057/454 1652/1058/454 1653/1059/454 1654/1060/454 1655/1061/454 1656/1062/454 1657/1063/454 1658/1064/454 1659/1065/454 1660/1066/454 1661/1067/454 1662/1068/454 1663/1069/454 1664/1070/454 1665/1071/454 1666/1072/454 1667/1073/454 1668/1074/454 1669/1075/454 1617/1023/454 1616/1022/454 1670/1076/454 1671/1077/454 1672/1078/454 1673/1079/454 1674/1080/454 1675/1081/454 1676/1082/454 1677/1083/454 1678/1084/454 1679/1085/454 1680/1086/454 1681/1087/454 1682/1088/454 1683/1089/454 1684/1090/454 1685/1091/454 1686/1092/454 1687/1093/454 1688/1094/454 1689/1095/454 1690/1096/454 1691/1097/454 1692/1098/454 1693/1099/454 1694/1100/454 1695/1101/454 1696/1102/454 1697/1103/454 1698/1104/454 1699/1105/454 1700/1106/454 1701/1107/454 1702/1108/454 1703/1109/454 1704/1110/454 1705/1111/454 1706/1112/454 1707/1113/454 1708/1114/454 1709/1115/454 1710/1116/454 1711/1117/454 1712/1118/454 1713/1119/454 1714/1120/454 1715/1121/454 1716/1122/454 1717/1123/454 1718/1124/454 1719/1125/454 1720/1126/454 1721/1127/454 1722/1128/454 1723/1129/454 1724/1130/454 1725/1131/454 1726/1132/454 1727/1133/454 1728/1134/454 1729/1135/454 1730/1136/454 1731/1137/454 1732/1138/454 1733/1139/454 1734/1140/454 1735/1141/454 1736/1142/454 1737/1143/454 1738/1144/454 1739/1145/454 1740/1146/454 1741/1147/454 1742/1148/454 1743/1149/454 1744/1150/454 1745/1151/454 

vn 0.998665 0.0516456 -4.52138e-16
v 163.035 35.591 -338.918
v 163.035 35.4873 -338.918
f 1619/1152/456 1618/1153/496 1746/1154/496 1747/1155/456 

vn 0.976195 0.216897 -5.06629e-16
v 163.003 35.896 -338.918
f 1618/1156/496 1745/1157/497 1748/1158/497 1746/1159/496 

vn 0.8999 0.436096 -5.58796e-16
v 162.88 36.2516 -338.918
f 1745/1160/497 1744/1161/498 1749/1162/498 1748/1163/497 

vn 0.782096 0.623158 -5.80517e-16
v 162.672 36.5767 -338.918
f 1744/1164/498 1743/1165/499 1750/1166/499 1749/1167/498 

vn 0.645208 0.764007 -5.76024e-16
v 162.39 36.864 -338.918
f 1743/1168/499 1742/1169/500 1751/1170/500 1750/1171/499 

vn 0.501096 0.865391 -5.5307e-16
v 162.042 37.1065 -338.918
f 1742/1172/500 1741/1173/501 1752/1174/501 1751/1175/500 

vn 0.354699 0.934981 -5.16772e-16
v 161.638 37.2971 -338.918
f 1741/1176/501 1740/1177/502 1753/1178/502 1752/1179/501 

vn 0.207265 0.978285 -4.69813e-16
v 161.188 37.4286 -338.918
f 1740/1180/502 1739/1181/503 1754/1182/503 1753/1183/502 

vn 0.0723352 0.99738 -4.18856e-16
v 160.701 37.494 -338.918
f 1739/1184/503 1738/1185/504 1755/1186/504 1754/1187/503 

vn 0.00572861 0.999984 -3.9105e-16
v 160.176 37.5 -338.918
f 1738/1188/504 1737/1189/505 1756/1190/505 1755/1191/504 

v 158.404 37.5 -338.918
f 1737/1192/505 1736/1193/495 1757/1194/495 1756/1195/505 

v 155.486 37.5 -338.918
f 1736/1193/495 1735/1196/495 1758/1197/495 1757/1194/495 

v 151.881 37.5 -338.918
f 1735/1196/495 1734/1198/495 1759/1199/495 1758/1197/495 

v 148.046 37.5 -338.918
f 1734/1198/495 1733/1200/495 1760/1201/495 1759/1199/495 

v 144.44 37.5 -338.918
f 1733/1200/495 1732/1202/495 1761/1203/495 1760/1201/495 

v 141.523 37.5 -338.918
f 1732/1202/495 1731/1204/495 1762/1205/495 1761/1203/495 

vn -0.00538401 0.999986 -3.86243e-16
v 139.751 37.5 -338.918
f 1731/1204/495 1730/1206/506 1763/1207/506 1762/1205/495 

vn -0.0719915 0.997405 -3.56423e-16
v 139.245 37.4946 -338.918
f 1730/1208/506 1729/1209/507 1764/1210/507 1763/1211/506 

vn -0.207265 0.978285 -2.90467e-16
v 138.804 37.4354 -338.918
f 1729/1212/507 1728/1213/508 1765/1214/508 1764/1215/507 

vn -0.354699 0.934981 -2.09854e-16
v 138.397 37.3163 -338.918
f 1728/1216/508 1727/1217/509 1766/1218/509 1765/1219/508 

vn -0.501096 0.865391 -1.19474e-16
v 138.031 37.1437 -338.918
f 1727/1220/509 1726/1221/510 1767/1222/510 1766/1223/509 

vn -0.645208 0.764007 -1.77288e-17
v 137.716 36.9241 -338.918
f 1726/1224/510 1725/1225/511 1768/1226/511 1767/1227/510 

vn -0.782096 0.623158 9.62256e-17
v 137.46 36.664 -338.918
f 1725/1228/511 1724/1229/512 1769/1230/512 1768/1231/511 

vn -0.8999 0.436096 2.19881e-16
v 137.272 36.3696 -338.918
f 1724/1232/512 1723/1233/513 1770/1234/513 1769/1235/512 

vn -0.97622 0.216784 3.38121e-16
v 137.16 36.0476 -338.918
f 1723/1236/513 1722/1237/514 1771/1238/514 1770/1239/513 

vn -0.998671 0.0515305 4.12048e-16
v 137.132 35.7708 -338.918
f 1722/1240/514 1721/1241/515 1772/1242/515 1771/1243/514 

vn -1 -3.73523e-13 4.32647e-16
v 137.132 35.657 -338.918
f 1721/1244/515 1720/1245/516 1773/1246/516 1772/1247/515 

vn -1 -9.61211e-14 4.32647e-16
v 137.132 35.4154 -338.918
f 1720/1245/516 1719/1248/517 1774/1249/517 1773/1246/516 

vn -1 2.77402e-13 4.32647e-16
v 137.132 35.0901 -338.918
f 1719/1248/517 1718/1250/518 1775/1251/518 1774/1249/517 

v 137.132 34.7252 -338.918
f 1718/1250/518 1717/1252/464 1776/1253/464 1775/1251/518 

v 137.132 34.3646 -338.918
f 1717/1252/464 1716/1254/464 1777/1255/464 1776/1253/464 

vn -1 -4.11001e-13 4.32647e-16
v 137.132 34.0525 -338.918
f 1716/1254/464 1715/1256/519 1778/1257/519 1777/1255/464 

vn -1 6.76514e-13 4.32647e-16
v 137.132 33.833 -338.918
f 1715/1256/519 1714/1258/520 1779/1259/520 1778/1257/519 

vn -1 2.17503e-12 4.32647e-16
v 137.132 33.75 -338.918
f 1714/1258/520 1713/1260/521 1780/1261/521 1779/1259/520 

vn -5.16638e-11 1 -3.88578e-16
v 51.3638 33.75 -338.918
f 1713/1262/522 1712/1263/522 1781/1264/522 1780/1265/522 

vn 1 4.45881e-11 -4.32647e-16
vn 1 4.38716e-11 -4.32647e-16
v 51.3638 33.833 -338.918
f 1712/1266/523 1711/1267/524 1782/1268/524 1781/1075/523 

vn 1 4.33e-11 -4.32647e-16
v 51.3638 34.0525 -338.918
f 1711/1267/524 1710/1269/525 1783/1270/525 1782/1268/524 

vn 1 4.34658e-11 -4.32647e-16
v 51.3638 34.3646 -338.918
f 1710/1269/525 1709/1271/526 1784/1272/526 1783/1270/525 

vn 1 4.32552e-11 -4.32647e-16
v 51.3638 34.7252 -338.918
f 1709/1271/526 1708/1273/527 1785/1274/527 1784/1272/526 

vn 1 4.32185e-11 -4.32647e-16
v 51.3638 35.0901 -338.918
f 1708/1273/527 1707/1275/528 1786/1276/528 1785/1274/527 

vn 1 4.37446e-11 -4.32647e-16
v 51.3638 35.4154 -338.918
f 1707/1275/528 1706/1277/529 1787/1278/529 1786/1276/528 

vn 1 4.33453e-11 -4.32647e-16
v 51.3638 35.657 -338.918
f 1706/1277/529 1705/1279/530 1788/1280/530 1787/1278/529 

vn 0.998671 0.0515305 -4.52096e-16
v 51.3638 35.7708 -338.918
f 1705/1279/530 1704/1281/531 1789/1282/531 1788/1280/530 

vn 0.97622 0.216784 -5.06596e-16
v 51.3352 36.0476 -338.918
f 1704/1283/531 1703/1284/532 1790/1285/532 1789/1286/531 

v 51.2235 36.3696 -338.918
f 1703/1287/532 1702/1288/498 1791/1289/498 1790/1290/532 

v 51.0354 36.664 -338.918
f 1702/1291/498 1701/1292/499 1792/1293/499 1791/1294/498 

v 50.7796 36.9241 -338.918
f 1701/1295/499 1700/1296/500 1793/1297/500 1792/1298/499 

v 50.4646 37.1437 -338.918
f 1700/1299/500 1699/1300/501 1794/1301/501 1793/1302/500 

v 50.0989 37.3163 -338.918
f 1699/1303/501 1698/1304/502 1795/1305/502 1794/1306/501 

v 49.6913 37.4354 -338.918
f 1698/1307/502 1697/1308/503 1796/1309/503 1795/1310/502 

vn 0.0719915 0.997405 -4.18717e-16
v 49.2502 37.4946 -338.918
f 1697/1311/503 1696/1312/533 1797/1313/533 1796/1314/503 

vn 0.00538401 0.999986 -3.90902e-16
v 48.7444 37.5 -338.918
f 1696/1315/533 1695/1316/534 1798/1317/534 1797/1318/533 

vn -4.49284e-11 1 -3.88578e-16
v 46.9729 37.5 -338.918
f 1695/1319/534 1694/1320/535 1799/1321/535 1798/1322/534 

vn -4.49393e-11 1 -3.88578e-16
v 44.0551 37.5 -338.918
f 1694/1320/535 1693/1323/536 1800/1324/536 1799/1321/535 

vn -4.48261e-11 1 -3.88578e-16
v 40.4495 37.5 -338.918
f 1693/1323/536 1692/1325/537 1801/1326/537 1800/1324/536 

v 36.6146 37.5 -338.918
f 1692/1325/537 1691/1327/537 1802/1328/537 1801/1326/537 

v 33.009 37.5 -338.918
f 1691/1327/537 1690/1329/536 1803/1330/536 1802/1328/537 

v 30.0912 37.5 -338.918
f 1690/1329/536 1689/1331/535 1804/1332/535 1803/1330/536 

vn -0.00572861 0.999984 -3.86093e-16
v 28.3197 37.5 -338.918
f 1689/1331/535 1688/1333/538 1805/1334/538 1804/1332/535 

vn -0.0723352 0.99738 -3.56265e-16
v 27.7948 37.494 -338.918
f 1688/1335/538 1687/1336/539 1806/1337/539 1805/1338/538 

v 27.3076 37.4286 -338.918
f 1687/1339/539 1686/1340/508 1807/1341/508 1806/1342/539 

v 26.8574 37.2971 -338.918
f 1686/1343/508 1685/1344/509 1808/1345/509 1807/1346/508 

v 26.4536 37.1065 -338.918
f 1685/1347/509 1684/1348/510 1809/1349/510 1808/1350/509 

v 26.1057 36.864 -338.918
f 1684/1351/510 1683/1352/511 1810/1353/511 1809/1354/510 

v 25.8232 36.5767 -338.918
f 1683/1355/511 1682/1356/512 1811/1357/512 1810/1358/511 

v 25.6155 36.2516 -338.918
f 1682/1359/512 1681/1360/513 1812/1361/513 1811/1362/512 

vn -0.976195 0.216897 3.38066e-16
v 25.4921 35.896 -338.918
f 1681/1363/513 1680/1364/540 1813/1365/540 1812/1366/513 

vn -0.998665 0.0516456 4.12001e-16
v 25.4605 35.591 -338.918
f 1680/1367/540 1679/1368/541 1814/1369/541 1813/1370/540 

vn -1 -4.38785e-11 4.32647e-16
v 25.4605 35.4873 -338.918
f 1679/1371/541 1678/1372/542 1815/1373/542 1814/1374/541 

vn -1 -4.43338e-11 4.32647e-16
v 25.4605 35.2672 -338.918
f 1678/1372/542 1677/1375/543 1816/1376/543 1815/1373/542 

vn -1 -4.37346e-11 4.32647e-16
v 25.4605 34.9709 -338.918
f 1677/1375/543 1676/1377/544 1817/1378/544 1816/1376/543 

vn -1 -4.39646e-11 4.32647e-16
v 25.4605 34.6384 -338.918
f 1676/1377/544 1675/1379/545 1818/1380/545 1817/1378/544 

vn -1 -4.3897e-11 4.32647e-16
v 25.4605 34.3099 -338.918
f 1675/1379/545 1674/1381/546 1819/1382/546 1818/1380/545 

vn -1 -4.40566e-11 4.32647e-16
v 25.4605 34.0256 -338.918
f 1674/1381/546 1673/1383/547 1820/1384/547 1819/1382/546 

vn -1 -4.40611e-11 4.32647e-16
v 25.4605 33.8256 -338.918
f 1673/1383/547 1672/1385/548 1821/1386/548 1820/1384/547 

vn -1 -4.35716e-11 4.32647e-16
v 25.4605 33.75 -338.918
f 1672/1385/548 1671/1260/549 1822/1261/549 1821/1386/548 

vn -4.59973e-11 1 -3.88578e-16
v 6.12464 33.75 -338.918
f 1671/1387/550 1670/1017/550 1823/1018/550 1822/1388/550 

vn -1 1.21438e-14 4.32647e-16
v 6.12464 26.3191 -338.918
f 1670/1260/551 1616/1389/551 1824/1390/551 1823/1261/551 

v 294.042 26.3191 -338.918
f 1617/1016/495 1616/1017/495 1824/1018/495 1825/1019/495 

v 6.12464 18.6856 -338.918
f 1616/1389/464 1614/1391/464 1826/1392/464 1824/1390/464 

f 1614/1391/464 1508/1393/464 1613/1394/464 1826/1392/464 

vn -1 -1.84565e-10 4.32647e-16
v 6.12464 3.75 -338.918
f 1508/1393/552 1507/904/552 1827/907/552 1613/1394/552 

vn 4.59599e-11 -1 3.88578e-16
v 25.4605 3.75 -338.918
f 1507/1395/553 1506/1396/553 1828/1397/553 1827/1398/553 

vn -1 -4.35536e-11 4.32647e-16
v 25.4605 3.67441 -338.918
f 1506/904/549 1505/1399/554 1829/1400/554 1828/907/549 

vn -1 -4.39061e-11 4.32647e-16
v 25.4605 3.47439 -338.918
f 1505/1399/554 1504/1401/555 1830/1402/555 1829/1400/554 

vn -1 -4.42541e-11 4.32647e-16
v 25.4605 3.19007 -338.918
f 1504/1401/555 1503/1403/556 1831/1404/556 1830/1402/555 

v 25.4605 2.86161 -338.918
f 1503/1403/556 1502/1405/545 1832/1406/545 1831/1404/556 

vn -1 -4.40391e-11 4.32647e-16
v 25.4605 2.52913 -338.918
f 1502/1405/545 1501/1407/557 1833/1408/557 1832/1406/545 

vn -1 -4.42283e-11 4.32647e-16
v 25.4605 2.23278 -338.918
f 1501/1407/557 1500/1409/558 1834/1410/558 1833/1408/557 

vn -1 -4.34685e-11 4.32647e-16
v 25.4605 2.01269 -338.918
f 1500/1409/558 1499/1411/559 1835/1412/559 1834/1410/558 

vn -0.998665 -0.0516456 4.52138e-16
v 25.4605 1.909 -338.918
f 1499/1411/559 1498/1413/560 1836/1414/560 1835/1412/559 

vn -0.976195 -0.216897 5.06629e-16
v 25.4921 1.604 -338.918
f 1498/1415/560 1497/1416/561 1837/1417/561 1836/1418/560 

v 25.6155 1.24836 -338.918
f 1497/1419/561 1496/1420/472 1838/1421/472 1837/1422/561 

v 25.8232 0.923312 -338.918
f 1496/1423/472 1495/1424/473 1839/1425/473 1838/1426/472 

v 26.1057 0.63597 -338.918
f 1495/1427/473 1494/1428/474 1840/1429/474 1839/1430/473 

v 26.4536 0.393453 -338.918
f 1494/1431/474 1493/1432/475 1841/1433/475 1840/1434/474 

v 26.8574 0.202878 -338.918
f 1493/1435/475 1492/1436/476 1842/1437/476 1841/1438/475 

v 27.3076 0.0713595 -338.918
f 1492/1439/476 1491/1440/477 1843/1441/477 1842/1442/476 

vn -0.0723352 -0.99738 4.18856e-16
v 27.7948 0.00601504 -338.918
f 1491/1443/477 1490/1444/562 1844/1445/562 1843/1446/477 

vn -0.00572861 -0.999984 3.9105e-16
v 28.3197 1.29684e-08 -338.918
f 1490/1447/562 1489/1448/563 1845/1449/563 1844/1450/562 

vn 4.49284e-11 -1 3.88578e-16
v 30.0912 1.30478e-08 -338.918
f 1489/1451/563 1488/1452/564 1846/1453/564 1845/1454/563 

vn 4.49393e-11 -1 3.88578e-16
v 33.009 1.31792e-08 -338.918
f 1488/1452/564 1487/1455/565 1847/1456/565 1846/1453/564 

vn 4.48261e-11 -1 3.88578e-16
v 36.6146 1.33409e-08 -338.918
f 1487/1455/565 1486/1457/566 1848/1458/566 1847/1456/565 

vn 4.49262e-11 -1 3.88578e-16
v 40.4495 1.35127e-08 -338.918
f 1486/1457/566 1485/1459/567 1849/1460/567 1848/1458/566 

vn 4.49157e-11 -1 3.88578e-16
v 44.0551 1.36752e-08 -338.918
f 1485/1459/567 1484/1461/568 1850/1462/568 1849/1460/567 

vn 4.48047e-11 -1 3.88578e-16
v 46.9729 1.38058e-08 -338.918
f 1484/1461/568 1483/1463/569 1851/1464/569 1850/1462/568 

vn 0.00538401 -0.999986 3.86243e-16
v 48.7444 1.38852e-08 -338.918
f 1483/1463/569 1482/1465/570 1852/1466/570 1851/1464/569 

vn 0.0719915 -0.997405 3.56423e-16
v 49.2502 0.00544647 -338.918
f 1482/1467/570 1481/1468/571 1853/1469/571 1852/1470/570 

v 49.6913 0.0646142 -338.918
f 1481/1471/571 1480/1472/483 1854/1473/483 1853/1474/571 

v 50.0989 0.183701 -338.918
f 1480/1475/483 1479/1476/484 1855/1477/484 1854/1478/483 

v 50.4646 0.356262 -338.918
f 1479/1479/484 1478/1480/485 1856/1481/485 1855/1482/484 

v 50.7796 0.575855 -338.918
f 1478/1483/485 1477/1484/486 1857/1485/486 1856/1486/485 

v 51.0354 0.836036 -338.918
f 1477/1487/486 1476/1488/487 1858/1489/487 1857/1490/486 

v 51.2235 1.13036 -338.918
f 1476/1491/487 1475/1492/488 1859/1493/488 1858/1494/487 

vn 0.97622 -0.216784 -3.38121e-16
v 51.3352 1.45239 -338.918
f 1475/1495/488 1474/1496/572 1860/1497/572 1859/1498/488 

vn 0.998671 -0.0515305 -4.12048e-16
v 51.3638 1.72917 -338.918
f 1474/1499/572 1473/1500/573 1861/1501/573 1860/1502/572 

vn 1 4.49318e-11 -4.32647e-16
v 51.3638 1.84299 -338.918
f 1473/1503/573 1472/1504/574 1862/1505/574 1861/1506/573 

vn 1 4.54746e-11 -4.32647e-16
v 51.3638 2.08458 -338.918
f 1472/1504/574 1471/1507/575 1863/1508/575 1862/1505/574 

vn 1 4.57001e-11 -4.32647e-16
v 51.3638 2.40988 -338.918
f 1471/1507/575 1470/1509/576 1864/1510/576 1863/1508/575 

vn 1 4.5614e-11 -4.32647e-16
v 51.3638 2.77483 -338.918
f 1470/1509/576 1469/1511/577 1865/1512/577 1864/1510/576 

vn 1 4.48937e-11 -4.32647e-16
v 51.3638 3.13538 -338.918
f 1469/1511/577 1468/1513/578 1866/1514/578 1865/1512/577 

vn 1 4.53016e-11 -4.32647e-16
v 51.3638 3.44746 -338.918
f 1468/1513/578 1467/1515/579 1867/1516/579 1866/1514/578 

vn 1 4.62103e-11 -4.32647e-16
v 51.3638 3.66702 -338.918
f 1467/1515/579 1466/1517/580 1868/1518/580 1867/1516/579 

vn 1 4.64913e-11 -4.32647e-16
v 51.3638 3.75 -338.918
f 1466/1517/580 1465/899/581 1869/833/581 1868/1518/580 

vn 5.16975e-11 -1 3.88578e-16
v 137.132 3.75 -338.918
f 1465/1519/582 1464/1520/582 1870/1521/582 1869/1522/582 

vn -1 -2.17503e-12 4.32647e-16
vn -1 -6.76514e-13 4.32647e-16
v 137.132 3.66702 -338.918
f 1464/904/583 1463/905/584 1871/906/584 1870/907/583 

vn -1 4.11001e-13 4.32647e-16
v 137.132 3.44746 -338.918
f 1463/905/584 1462/908/585 1872/909/585 1871/906/584 

v 137.132 3.13538 -338.918
f 1462/908/585 1461/910/464 1873/911/464 1872/909/585 

v 137.132 2.77483 -338.918
f 1461/910/464 1460/912/464 1874/913/464 1873/911/464 

vn -1 -2.77402e-13 4.32647e-16
v 137.132 2.40988 -338.918
f 1460/912/464 1459/914/586 1875/915/586 1874/913/464 

vn -1 9.61211e-14 4.32647e-16
v 137.132 2.08458 -338.918
f 1459/914/586 1458/916/587 1876/917/587 1875/915/586 

vn -1 3.73523e-13 4.32647e-16
v 137.132 1.84299 -338.918
f 1458/916/587 1457/918/588 1877/919/588 1876/917/587 

v 137.132 1.72917 -338.918
f 1457/918/588 1456/920/470 1878/921/470 1877/919/588 

v 137.16 1.45239 -338.918
f 1456/1523/470 1455/1524/471 1879/1525/471 1878/1526/470 

v 137.272 1.13036 -338.918
f 1455/1527/471 1454/1528/472 1880/1529/472 1879/1530/471 

v 137.46 0.836036 -338.918
f 1454/1531/472 1453/1532/473 1881/1533/473 1880/1534/472 

v 137.716 0.575855 -338.918
f 1453/1535/473 1452/1536/474 1882/1537/474 1881/1538/473 

v 138.031 0.356262 -338.918
f 1452/1539/474 1451/1540/475 1883/1541/475 1882/1542/474 

v 138.397 0.183701 -338.918
f 1451/1543/475 1450/1544/476 1884/1545/476 1883/1546/475 

v 138.804 0.0646142 -338.918
f 1450/1547/476 1449/1548/477 1885/1549/477 1884/1550/476 

v 139.245 0.00544648 -338.918
f 1449/1551/477 1448/1552/478 1886/1553/478 1885/1554/477 

v 139.751 1.84326e-08 -338.918
f 1448/1555/478 1447/1556/479 1887/1557/479 1886/1558/478 

v 141.523 1.84326e-08 -338.918
f 1447/1559/479 1446/1560/463 1888/1561/463 1887/1562/479 

v 144.44 1.84326e-08 -338.918
f 1446/1560/463 1445/1563/463 1889/1564/463 1888/1561/463 

v 148.046 1.84326e-08 -338.918
f 1445/1563/463 1444/1565/463 1890/1566/463 1889/1564/463 

v 151.881 1.84326e-08 -338.918
f 1444/1565/463 1443/1567/463 1891/1568/463 1890/1566/463 

v 155.486 1.84326e-08 -338.918
f 1443/1567/463 1442/1569/463 1892/1570/463 1891/1568/463 

v 158.404 1.84326e-08 -338.918
f 1442/1569/463 1441/1571/463 1893/1572/463 1892/1570/463 

v 160.176 1.84326e-08 -338.918
f 1441/1571/463 1440/1573/481 1894/1574/481 1893/1572/463 

v 160.701 0.00601505 -338.918
f 1440/1575/481 1439/1576/482 1895/1577/482 1894/1578/481 

v 161.188 0.0713595 -338.918
f 1439/1579/482 1438/1580/483 1896/1581/483 1895/1582/482 

v 161.638 0.202878 -338.918
f 1438/1583/483 1437/1584/484 1897/1585/484 1896/1586/483 

v 162.042 0.393453 -338.918
f 1437/1587/484 1436/1588/485 1898/1589/485 1897/1590/484 

v 162.39 0.63597 -338.918
f 1436/1591/485 1435/1592/486 1899/1593/486 1898/1594/485 

v 162.672 0.923312 -338.918
f 1435/1595/486 1434/1596/487 1900/1597/487 1899/1598/486 

v 162.88 1.24836 -338.918
f 1434/1599/487 1433/1600/488 1901/1601/488 1900/1602/487 

v 163.003 1.604 -338.918
f 1433/1603/488 1432/1604/489 1902/1605/489 1901/1606/488 

f 1432/1607/489 1431/1608/455 1561/1609/455 1902/1610/489 

vn 4.32647e-16 3.88578e-16 1
f 1561/1611/589 1560/1612/589 1562/1613/589 1563/1614/589 1564/1615/589 1565/1616/589 1566/1617/589 1567/1618/589 1568/1619/589 1569/1620/589 1570/1621/589 1571/1622/589 1572/1623/589 1573/1624/589 1574/1625/589 1575/1626/589 1576/1627/589 1577/1628/589 1578/1629/589 1579/1630/589 1580/1631/589 1581/1632/589 1582/1633/589 1583/1634/589 1584/1635/589 1585/1636/589 1586/1637/589 1587/1638/589 1588/1639/589 1589/1640/589 1590/1641/589 1591/1642/589 1592/1643/589 1593/1644/589 1594/1645/589 1595/1646/589 1596/1647/589 1597/1648/589 1598/1649/589 1599/1650/589 1600/1651/589 1601/1652/589 1602/1653/589 1603/1654/589 1604/1655/589 1605/1656/589 1606/1657/589 1607/1658/589 1608/1659/589 1609/1660/589 1610/1661/589 1611/1662/589 1612/1663/589 1613/1664/589 1827/1665/589 1828/1666/589 1829/1667/589 1830/1668/589 1831/1669/589 1832/1670/589 1833/1671/589 1834/1672/589 1835/1673/589 1836/1674/589 1837/1675/589 1838/1676/589 1839/1677/589 1840/1678/589 1841/1679/589 1842/1680/589 1843/1681/589 1844/1682/589 1845/1683/589 1846/1684/589 1847/1685/589 1848/1686/589 1849/1687/589 1850/1688/589 1851/1689/589 1852/1690/589 1853/1691/589 1854/1692/589 1855/1693/589 1856/1694/589 1857/1695/589 1858/1696/589 1859/1697/589 1860/1698/589 1861/1699/589 1862/1700/589 1863/1701/589 1864/1702/589 1865/1703/589 1866/1704/589 1867/1705/589 1868/1706/589 1869/1707/589 1870/1708/589 1871/1709/589 1872/1710/589 1873/1711/589 1874/1712/589 1875/1713/589 1876/1714/589 1877/1715/589 1878/1716/589 1879/1717/589 1880/1718/589 1881/1719/589 1882/1720/589 1883/1721/589 1884/1722/589 1885/1723/589 1886/1724/589 1887/1725/589 1888/1726/589 1889/1727/589 1890/1728/589 1891/1729/589 1892/1730/589 1893/1731/589 1894/1732/589 1895/1733/589 1896/1734/589 1897/1735/589 1898/1736/589 1899/1737/589 1900/1738/589 1901/1739/589 1902/1740/589 

v 294.042 18.6856 -338.918
f 1903/1741/589 1826/1742/589 1613/1664/589 1612/1663/589 

f 1825/1743/589 1824/1744/589 1826/1742/589 1903/1741/589 

v 294.042 33.75 -338.918
v 274.706 33.75 -338.918
v 274.706 33.8256 -338.918
v 274.706 34.0256 -338.918
v 274.706 34.3099 -338.918
v 274.706 34.6384 -338.918
v 274.706 34.9709 -338.918
v 274.706 35.2672 -338.918
v 274.706 35.4873 -338.918
v 274.706 35.591 -338.918
v 274.675 35.896 -338.918
v 274.551 36.2516 -338.918
v 274.344 36.5767 -338.918
v 274.061 36.864 -338.918
v 273.713 37.1065 -338.918
v 273.309 37.2971 -338.918
v 272.859 37.4286 -338.918
v 272.372 37.494 -338.918
v 271.847 37.5 -338.918
v 270.076 37.5 -338.918
v 267.158 37.5 -338.918
v 263.552 37.5 -338.918
v 259.717 37.5 -338.918
v 256.112 37.5 -338.918
v 253.194 37.5 -338.918
v 251.422 37.5 -338.918
v 250.917 37.4946 -338.918
v 250.475 37.4354 -338.918
v 250.068 37.3163 -338.918
v 249.702 37.1437 -338.918
v 249.387 36.9241 -338.918
v 249.131 36.664 -338.918
v 248.943 36.3696 -338.918
v 248.832 36.0476 -338.918
v 248.803 35.7708 -338.918
v 248.803 35.657 -338.918
v 248.803 35.4154 -338.918
v 248.803 35.0901 -338.918
v 248.803 34.7252 -338.918
v 248.803 34.3646 -338.918
v 248.803 34.0525 -338.918
v 248.803 33.833 -338.918
v 248.803 33.75 -338.918
v 163.035 33.75 -338.918
v 163.035 33.8256 -338.918
v 163.035 34.0256 -338.918
v 163.035 34.3099 -338.918
v 163.035 34.6384 -338.918
v 163.035 34.9709 -338.918
v 163.035 35.2672 -338.918
f 1747/1745/589 1746/1746/589 1748/1747/589 1749/1748/589 1750/1749/589 1751/1750/589 1752/1751/589 1753/1752/589 1754/1753/589 1755/1754/589 1756/1143/589 1757/1142/589 1758/1141/589 1759/1140/589 1760/1139/589 1761/1138/589 1762/1137/589 1763/1136/589 1764/1755/589 1765/1756/589 1766/1757/589 1767/1758/589 1768/1759/589 1769/1760/589 1770/1761/589 1771/1762/589 1772/1763/589 1773/1764/589 1774/1765/589 1775/1766/589 1776/1767/589 1777/1768/589 1778/1769/589 1779/1770/589 1780/1771/589 1781/1772/589 1782/1773/589 1783/1774/589 1784/1775/589 1785/1776/589 1786/1777/589 1787/1778/589 1788/1779/589 1789/1780/589 1790/1781/589 1791/1782/589 1792/1783/589 1793/1784/589 1794/1785/589 1795/1786/589 1796/1787/589 1797/1788/589 1798/1789/589 1799/1790/589 1800/1791/589 1801/1792/589 1802/1793/589 1803/1794/589 1804/1795/589 1805/1796/589 1806/1797/589 1807/1798/589 1808/1799/589 1809/1800/589 1810/1801/589 1811/1802/589 1812/1803/589 1813/1804/589 1814/1805/589 1815/1806/589 1816/1807/589 1817/1808/589 1818/1809/589 1819/1810/589 1820/1811/589 1821/1812/589 1822/1813/589 1823/1814/589 1824/1744/589 1825/1743/589 1904/1815/589 1905/1816/589 1906/1817/589 1907/1818/589 1908/1819/589 1909/1820/589 1910/1821/589 1911/1822/589 1912/1823/589 1913/1824/589 1914/1825/589 1915/1826/589 1916/1827/589 1917/1828/589 1918/1829/589 1919/1830/589 1920/1831/589 1921/1832/589 1922/1057/589 1923/1056/589 1924/1055/589 1925/1054/589 1926/1053/589 1927/1052/589 1928/1051/589 1929/1050/589 1930/1833/589 1931/1834/589 1932/1835/589 1933/1836/589 1934/1837/589 1935/1838/589 1936/1839/589 1937/1840/589 1938/1841/589 1939/1842/589 1940/1843/589 1941/1844/589 1942/1845/589 1943/1846/589 1944/1847/589 1945/1848/589 1946/1849/589 1947/1850/589 1948/1851/589 1949/1852/589 1950/1853/589 1951/1854/589 1952/1855/589 1953/1856/589 

vn 1 -1.21438e-14 -4.32647e-16
f 1617/1857/590 1669/1266/590 1904/1075/590 1825/1858/590 

f 1669/1011/495 1668/1859/495 1905/1860/495 1904/1012/495 

vn 1 -4.8645e-11 -4.32647e-16
vn 1 -2.38431e-11 -4.32647e-16
f 1668/1266/591 1667/1861/592 1906/1862/592 1905/1075/591 

vn 1 4.79343e-13 -4.32647e-16
f 1667/1861/592 1666/1863/593 1907/1864/593 1906/1862/592 

vn 1 -2.91901e-13 -4.32647e-16
f 1666/1863/593 1665/1865/594 1908/1866/594 1907/1864/593 

f 1665/1865/594 1664/1867/594 1909/1868/594 1908/1866/594 

f 1664/1867/594 1663/1869/456 1910/1870/456 1909/1868/594 

f 1663/1869/456 1662/1871/456 1911/1872/456 1910/1870/456 

f 1662/1871/456 1661/1152/456 1912/1155/456 1911/1872/456 

f 1661/1152/456 1660/1153/496 1913/1154/496 1912/1155/456 

f 1660/1873/496 1659/1874/497 1914/1875/497 1913/1876/496 

f 1659/1877/497 1658/1878/498 1915/1879/498 1914/1880/497 

f 1658/1881/498 1657/1882/499 1916/1883/499 1915/1884/498 

f 1657/1885/499 1656/1886/500 1917/1887/500 1916/1888/499 

f 1656/1889/500 1655/1890/501 1918/1891/501 1917/1892/500 

f 1655/1893/501 1654/1894/502 1919/1895/502 1918/1896/501 

f 1654/1897/502 1653/1898/503 1920/1899/503 1919/1900/502 

f 1653/1901/503 1652/1902/504 1921/1903/504 1920/1904/503 

f 1652/1905/504 1651/1906/505 1922/1907/505 1921/1908/504 

f 1651/1909/505 1650/1910/495 1923/1911/495 1922/1912/505 

f 1650/1910/495 1649/1913/495 1924/1914/495 1923/1911/495 

f 1649/1913/495 1648/1915/495 1925/1916/495 1924/1914/495 

f 1648/1915/495 1647/1917/495 1926/1918/495 1925/1916/495 

f 1647/1917/495 1646/1919/495 1927/1920/495 1926/1918/495 

f 1646/1919/495 1645/1921/495 1928/1922/495 1927/1920/495 

f 1645/1921/495 1644/1923/506 1929/1924/506 1928/1922/495 

f 1644/1925/506 1643/1926/507 1930/1927/507 1929/1928/506 

f 1643/1929/507 1642/1930/508 1931/1931/508 1930/1932/507 

f 1642/1933/508 1641/1934/509 1932/1935/509 1931/1936/508 

f 1641/1937/509 1640/1938/510 1933/1939/510 1932/1940/509 

f 1640/1941/510 1639/1942/511 1934/1943/511 1933/1944/510 

f 1639/1945/511 1638/1946/512 1935/1947/512 1934/1948/511 

f 1638/1949/512 1637/1950/513 1936/1951/513 1935/1952/512 

f 1637/1953/513 1636/1954/514 1937/1955/514 1936/1956/513 

f 1636/1957/514 1635/1958/515 1938/1959/515 1937/1960/514 

vn -1 4.08541e-13 4.32647e-16
f 1635/1244/515 1634/1245/595 1939/1246/595 1938/1247/515 

vn -1 1.05132e-13 4.32647e-16
f 1634/1245/595 1633/1248/596 1940/1249/596 1939/1246/595 

vn -1 -3.29659e-14 4.32647e-16
f 1633/1248/596 1632/1250/597 1941/1251/597 1940/1249/596 

vn -1 -3.3048e-15 4.32647e-16
f 1632/1250/597 1631/1252/598 1942/1253/598 1941/1251/597 

vn -1 -2.73747e-13 4.32647e-16
f 1631/1252/598 1630/1254/599 1943/1255/599 1942/1253/598 

f 1630/1254/599 1629/1256/464 1944/1257/464 1943/1255/599 

f 1629/1256/464 1628/1258/464 1945/1259/464 1944/1257/464 

f 1628/1258/464 1627/1260/464 1946/1261/464 1945/1259/464 

f 1627/1961/495 1626/1962/495 1947/1963/495 1946/1964/495 

vn 1 2.38748e-12 -4.32647e-16
vn 1 1.19374e-12 -4.32647e-16
f 1626/1266/600 1625/1861/601 1948/1862/601 1947/1075/600 

vn 1 -3.17395e-13 -4.32647e-16
f 1625/1861/601 1624/1863/602 1949/1864/602 1948/1862/601 

vn 1 -4.26641e-14 -4.32647e-16
f 1624/1863/602 1623/1865/603 1950/1866/603 1949/1864/602 

vn 1 3.31667e-15 -4.32647e-16
f 1623/1865/603 1622/1867/604 1951/1868/604 1950/1866/603 

vn 1 -2.71414e-13 -4.32647e-16
f 1622/1867/604 1621/1869/605 1952/1870/605 1951/1868/604 

f 1621/1869/605 1620/1871/456 1953/1872/456 1952/1870/605 

f 1620/1871/456 1619/1152/456 1747/1155/456 1953/1872/456 

f 1615/1965/456 1617/1857/456 1825/1858/456 1903/1966/456 

f 1509/1014/456 1615/1965/456 1903/1966/456 1612/1015/456 

f 1615/1016/495 1614/1017/495 1826/1018/495 1903/1019/495 

g Mesh15 ___558_4 Model

v 294.042 2.01269 -182.008
vn 1 -3.88578e-16 -4.979e-17
v 294.042 1.909 -182.008
v 294.042 1.604 -182.04
v 294.042 1.24836 -182.163
v 294.042 0.923312 -182.371
v 294.042 0.63597 -182.653
v 294.042 0.393453 -183.001
v 294.042 0.202878 -183.405
v 294.042 0.0713595 -183.855
v 294.042 0.00601506 -184.342
v 294.042 2.49168e-08 -184.867
v 294.042 2.49168e-08 -186.639
v 294.042 2.49168e-08 -189.557
v 294.042 2.49168e-08 -193.162
v 294.042 2.49168e-08 -196.997
v 294.042 2.49168e-08 -200.603
v 294.042 2.49168e-08 -203.521
v 294.042 2.49168e-08 -205.292
v 294.042 0.00544649 -205.798
v 294.042 0.0646142 -206.239
v 294.042 0.183701 -206.647
v 294.042 0.356262 -207.012
v 294.042 0.575855 -207.327
v 294.042 0.836036 -207.583
v 294.042 1.13036 -207.771
v 294.042 1.45239 -207.883
v 294.042 1.72917 -207.911
v 294.042 1.84299 -207.911
v 294.042 2.08458 -207.911
v 294.042 2.40988 -207.911
v 294.042 2.77483 -207.911
v 294.042 3.13538 -207.911
v 294.042 3.44746 -207.911
v 294.042 3.66702 -207.911
v 294.042 3.75 -207.911
v 294.042 3.75 -293.679
v 294.042 3.66702 -293.679
v 294.042 3.44746 -293.679
v 294.042 3.13538 -293.679
v 294.042 2.77483 -293.679
v 294.042 2.40988 -293.679
v 294.042 2.08458 -293.679
v 294.042 1.84299 -293.679
v 294.042 1.72917 -293.679
v 294.042 1.45239 -293.708
v 294.042 1.13036 -293.82
v 294.042 0.836036 -294.008
v 294.042 0.575855 -294.263
v 294.042 0.356262 -294.579
v 294.042 0.183701 -294.944
v 294.042 0.0646142 -295.352
v 294.042 0.00544648 -295.793
v 294.042 2.03695e-08 -296.299
v 294.042 2.029e-08 -298.07
v 294.042 2.01594e-08 -300.988
v 294.042 1.99969e-08 -304.594
v 294.042 1.98251e-08 -308.428
v 294.042 1.96634e-08 -312.034
v 294.042 1.9532e-08 -314.952
v 294.042 1.94526e-08 -316.723
v 294.042 0.00601505 -317.248
v 294.042 0.0713595 -317.735
v 294.042 0.202878 -318.186
v 294.042 0.393453 -318.589
v 294.042 0.63597 -318.937
v 294.042 0.923312 -319.22
v 294.042 1.24836 -319.428
v 294.042 1.604 -319.551
v 294.042 1.909 -319.583
v 294.042 2.01269 -319.583
v 294.042 2.23278 -319.583
v 294.042 2.52913 -319.583
v 294.042 2.86161 -319.583
v 294.042 3.19007 -319.583
v 294.042 3.47439 -319.583
v 294.042 3.67441 -319.583
v 294.042 3.75 -319.583
v 294.042 3.75 -338.918
v 294.042 11.0521 -338.918
v 294.042 11.0521 -51.001
v 294.042 3.75 -51.001
v 294.042 3.75 -70.3368
v 294.042 3.67441 -70.3368
v 294.042 3.47439 -70.3368
v 294.042 3.19007 -70.3368
v 294.042 2.86161 -70.3368
v 294.042 2.52913 -70.3368
v 294.042 2.23278 -70.3368
v 294.042 2.01269 -70.3368
v 294.042 1.909 -70.3368
v 294.042 1.604 -70.3684
v 294.042 1.24836 -70.4918
v 294.042 0.923312 -70.6995
v 294.042 0.63597 -70.9821
v 294.042 0.393453 -71.33
v 294.042 0.202878 -71.7337
v 294.042 0.0713595 -72.184
v 294.042 0.00601506 -72.6711
v 294.042 2.49168e-08 -73.1961
v 294.042 2.49175e-08 -74.9676
v 294.042 2.49175e-08 -77.8854
v 294.042 2.49175e-08 -81.491
v 294.042 2.49175e-08 -85.3259
v 294.042 2.49175e-08 -88.9315
v 294.042 2.49175e-08 -91.8493
v 294.042 2.49175e-08 -93.6208
v 294.042 0.00544649 -94.1265
v 294.042 0.0646142 -94.5676
v 294.042 0.183701 -94.9753
v 294.042 0.356262 -95.3409
v 294.042 0.575855 -95.6559
v 294.042 0.836036 -95.9118
v 294.042 1.13036 -96.0998
v 294.042 1.45239 -96.2116
v 294.042 1.72917 -96.2402
v 294.042 1.84299 -96.2402
v 294.042 2.08458 -96.2402
v 294.042 2.40988 -96.2402
v 294.042 2.77483 -96.2402
v 294.042 3.13538 -96.2402
v 294.042 3.44746 -96.2402
v 294.042 3.66702 -96.2402
v 294.042 3.75 -96.2402
v 294.042 3.75 -182.008
v 294.042 3.67441 -182.008
v 294.042 3.47439 -182.008
v 294.042 3.19007 -182.008
v 294.042 2.86161 -182.008
v 294.042 2.52913 -182.008
v 294.042 2.23278 -182.008
f 1954/753/606 1955/754/606 1956/755/606 1957/756/606 1958/757/606 1959/758/606 1960/759/606 1961/760/606 1962/761/606 1963/762/606 1964/763/606 1965/764/606 1966/765/606 1967/766/606 1968/767/606 1969/768/606 1970/769/606 1971/770/606 1972/771/606 1973/772/606 1974/773/606 1975/774/606 1976/775/606 1977/776/606 1978/777/606 1979/778/606 1980/779/606 1981/780/606 1982/781/606 1983/782/606 1984/783/606 1985/784/606 1986/785/606 1987/786/606 1988/787/606 1989/788/606 1990/789/606 1991/790/606 1992/791/606 1993/792/606 1994/793/606 1995/794/606 1996/795/606 1997/796/606 1998/797/606 1999/798/606 2000/799/606 2001/800/606 2002/801/606 2003/802/606 2004/803/606 2005/804/606 2006/805/606 2007/806/606 2008/807/606 2009/808/606 2010/809/606 2011/810/606 2012/811/606 2013/812/606 2014/813/606 2015/814/606 2016/815/606 2017/816/606 2018/817/606 2019/818/606 2020/819/606 2021/820/606 2022/821/606 2023/822/606 2024/823/606 2025/824/606 2026/825/606 2027/826/606 2028/827/606 2029/828/606 2030/829/606 2031/830/606 2032/831/606 2033/832/606 2034/833/606 2035/834/606 2036/835/606 2037/836/606 2038/837/606 2039/838/606 2040/839/606 2041/840/606 2042/841/606 2043/842/606 2044/843/606 2045/844/606 2046/845/606 2047/846/606 2048/847/606 2049/848/606 2050/849/606 2051/850/606 2052/851/606 2053/852/606 2054/853/606 2055/854/606 2056/855/606 2057/856/606 2058/857/606 2059/858/606 2060/859/606 2061/860/606 2062/861/606 2063/862/606 2064/863/606 2065/864/606 2066/865/606 2067/866/606 2068/867/606 2069/868/606 2070/869/606 2071/870/606 2072/871/606 2073/872/606 2074/873/606 2075/874/606 2076/875/606 2077/876/606 2078/877/606 2079/878/606 2080/879/606 2081/880/606 2082/881/606 2083/882/606 

vn 2.96552e-17 -0.0516456 0.998665
vn 4.979e-17 6.16298e-33 1
v 291.042 2.01269 -182.008
v 291.042 1.909 -182.008
f 1955/883/607 1954/884/608 2084/885/608 2085/886/607 

v 291.042 2.23278 -182.008
f 1954/884/608 2083/887/608 2086/888/608 2084/885/608 

vn 4.979e-17 2.71414e-13 1
v 291.042 2.52913 -182.008
f 2083/887/608 2082/889/609 2087/890/609 2086/888/608 

vn 4.979e-17 -3.31667e-15 1
v 291.042 2.86161 -182.008
f 2082/889/609 2081/891/610 2088/892/610 2087/890/609 

vn 4.979e-17 4.26641e-14 1
v 291.042 3.19007 -182.008
f 2081/891/610 2080/893/611 2089/894/611 2088/892/610 

vn 4.979e-17 3.17395e-13 1
v 291.042 3.47439 -182.008
f 2080/893/611 2079/895/612 2090/896/612 2089/894/611 

vn 4.979e-17 -1.19374e-12 1
v 291.042 3.67441 -182.008
f 2079/895/612 2078/897/613 2091/898/613 2090/896/612 

vn 4.979e-17 -2.38748e-12 1
v 291.042 3.75 -182.008
f 2078/897/613 2077/899/614 2092/833/614 2091/898/613 

vn -3.88578e-16 -1 2.55103e-32
v 291.042 3.75 -96.2402
f 2077/900/615 2076/901/615 2093/902/615 2092/903/615 

vn -4.979e-17 -6.16298e-33 -1
v 291.042 3.66702 -96.2402
f 2076/904/616 2075/905/616 2094/906/616 2093/907/616 

v 291.042 3.44746 -96.2402
f 2075/905/616 2074/908/616 2095/909/616 2094/906/616 

vn -4.979e-17 2.73747e-13 -1
v 291.042 3.13538 -96.2402
f 2074/908/616 2073/910/617 2096/911/617 2095/909/616 

vn -4.979e-17 3.3048e-15 -1
v 291.042 2.77483 -96.2402
f 2073/910/617 2072/912/618 2097/913/618 2096/911/617 

vn -4.979e-17 3.29659e-14 -1
v 291.042 2.40988 -96.2402
f 2072/912/618 2071/914/619 2098/915/619 2097/913/618 

vn -4.979e-17 -1.05132e-13 -1
v 291.042 2.08458 -96.2402
f 2071/914/619 2070/916/620 2099/917/620 2098/915/619 

vn -4.979e-17 -4.08541e-13 -1
v 291.042 1.84299 -96.2402
f 2070/916/620 2069/918/621 2100/919/621 2099/917/620 

vn -6.97474e-17 -0.0515305 -0.998671
v 291.042 1.72917 -96.2402
f 2069/918/621 2068/920/622 2101/921/622 2100/919/621 

vn -1.32844e-16 -0.216784 -0.97622
v 291.042 1.45239 -96.2116
f 2068/922/622 2067/923/623 2102/924/623 2101/925/622 

vn -2.14263e-16 -0.436096 -0.8999
v 291.042 1.13036 -96.0998
f 2067/926/623 2066/927/624 2103/928/624 2102/929/623 

vn -2.81086e-16 -0.623158 -0.782096
v 291.042 0.836036 -95.9118
f 2066/930/624 2065/931/625 2104/932/625 2103/933/624 

vn -3.29001e-16 -0.764007 -0.645208
v 291.042 0.575855 -95.6559
f 2065/934/625 2064/935/626 2105/936/626 2104/937/625 

vn -3.61222e-16 -0.865391 -0.501096
v 291.042 0.356262 -95.3409
f 2064/938/626 2063/939/627 2106/940/627 2105/941/626 

vn -3.80973e-16 -0.934981 -0.354699
v 291.042 0.183701 -94.9753
f 2063/942/627 2062/943/628 2107/944/628 2106/945/627 

vn -3.9046e-16 -0.978285 -0.207265
v 291.042 0.0646142 -94.5676
f 2062/946/628 2061/947/629 2108/948/629 2107/949/628 

vn -3.91154e-16 -0.997405 -0.0719915
v 291.042 0.00544649 -94.1265
f 2061/950/629 2060/951/630 2109/952/630 2108/953/629 

vn -3.8884e-16 -0.999986 -0.00538401
v 291.042 2.49175e-08 -93.6208
f 2060/954/630 2059/955/631 2110/956/631 2109/957/630 

v 291.042 2.49175e-08 -91.8493
f 2059/958/631 2058/959/615 2111/960/615 2110/961/631 

v 291.042 2.49175e-08 -88.9315
f 2058/959/615 2057/962/615 2112/963/615 2111/960/615 

v 291.042 2.49175e-08 -85.3259
f 2057/962/615 2056/964/615 2113/965/615 2112/963/615 

v 291.042 2.49175e-08 -81.491
f 2056/964/615 2055/966/615 2114/967/615 2113/965/615 

v 291.042 2.49175e-08 -77.8854
f 2055/966/615 2054/968/615 2115/969/615 2114/967/615 

vn -3.88578e-16 -1 -2.0376e-13
v 291.042 2.49175e-08 -74.9676
f 2054/968/615 2053/970/632 2116/971/632 2115/969/615 

vn -3.88286e-16 -0.999984 0.00572861
v 291.042 2.49168e-08 -73.1961
f 2053/970/632 2052/972/633 2117/973/633 2116/971/632 

vn -3.83959e-16 -0.99738 0.0723352
v 291.042 0.00601506 -72.6711
f 2052/974/633 2051/975/634 2118/976/634 2117/977/633 

vn -3.6982e-16 -0.978285 0.207265
v 291.042 0.0713595 -72.184
f 2051/978/634 2050/979/635 2119/980/635 2118/981/634 

vn -3.45653e-16 -0.934981 0.354699
v 291.042 0.202878 -71.7337
f 2050/982/635 2049/983/636 2120/984/636 2119/985/635 

vn -3.11323e-16 -0.865391 0.501096
v 291.042 0.393453 -71.33
f 2049/986/636 2048/987/637 2121/988/637 2120/989/636 

vn -2.64751e-16 -0.764007 0.645208
v 291.042 0.63597 -70.9821
f 2048/990/637 2047/991/638 2122/992/638 2121/993/637 

vn -2.03205e-16 -0.623158 0.782096
v 291.042 0.923312 -70.6995
f 2047/994/638 2046/995/639 2123/996/639 2122/997/638 

vn -1.24652e-16 -0.436096 0.8999
v 291.042 1.24836 -70.4918
f 2046/998/639 2045/999/640 2124/1000/640 2123/1001/639 

vn -3.56767e-17 -0.216897 0.976195
v 291.042 1.604 -70.3684
f 2045/1002/640 2044/1003/641 2125/1004/641 2124/1005/640 

v 291.042 1.909 -70.3368
f 2044/1006/641 2043/1007/607 2126/1008/607 2125/1009/641 

v 291.042 2.01269 -70.3368
f 2043/883/607 2042/884/608 2127/885/608 2126/886/607 

v 291.042 2.23278 -70.3368
f 2042/884/608 2041/887/608 2128/888/608 2127/885/608 

v 291.042 2.52913 -70.3368
f 2041/887/608 2040/889/608 2129/890/608 2128/888/608 

vn 4.979e-17 2.91901e-13 1
v 291.042 2.86161 -70.3368
f 2040/889/608 2039/891/642 2130/892/642 2129/890/608 

v 291.042 3.19007 -70.3368
f 2039/891/642 2038/893/642 2131/894/642 2130/892/642 

vn 4.979e-17 -4.79343e-13 1
v 291.042 3.47439 -70.3368
f 2038/893/642 2037/895/643 2132/896/643 2131/894/642 

vn 4.979e-17 2.38431e-11 1
v 291.042 3.67441 -70.3368
f 2037/895/643 2036/897/644 2133/898/644 2132/896/643 

vn 4.979e-17 4.8645e-11 1
v 291.042 3.75 -70.3368
f 2036/897/644 2035/899/645 2134/833/645 2133/898/644 

v 291.042 3.75 -51.001
f 2035/1010/615 2034/1011/615 2135/1012/615 2134/1013/615 

vn 4.979e-17 1.23579e-14 1
v 291.042 11.0521 -51.001
f 2034/899/646 2033/1014/646 2136/1015/646 2135/833/646 

vn 3.88578e-16 1 -2.55103e-32
v 291.042 11.0521 -338.918
f 2033/1016/647 2032/1017/647 2137/1018/647 2136/1019/647 

v 294.042 18.6856 -338.918
v 294.042 18.6856 -51.001
f 2138/1020/606 2139/1021/606 2033/832/606 2032/831/606 

v 294.042 26.3191 -338.918
v 294.042 26.3191 -51.001
f 2140/1022/606 2141/1023/606 2139/1021/606 2138/1020/606 

v 294.042 35.591 -182.008
v 294.042 35.4873 -182.008
v 294.042 35.2672 -182.008
v 294.042 34.9709 -182.008
v 294.042 34.6384 -182.008
v 294.042 34.3099 -182.008
v 294.042 34.0256 -182.008
v 294.042 33.8256 -182.008
v 294.042 33.75 -182.008
v 294.042 33.75 -96.2402
v 294.042 33.833 -96.2402
v 294.042 34.0525 -96.2402
v 294.042 34.3646 -96.2402
v 294.042 34.7252 -96.2402
v 294.042 35.0901 -96.2402
v 294.042 35.4154 -96.2402
v 294.042 35.657 -96.2402
v 294.042 35.7708 -96.2402
v 294.042 36.0476 -96.2116
v 294.042 36.3696 -96.0998
v 294.042 36.664 -95.9118
v 294.042 36.9241 -95.6559
v 294.042 37.1437 -95.3409
v 294.042 37.3163 -94.9753
v 294.042 37.4354 -94.5676
v 294.042 37.4946 -94.1265
v 294.042 37.5 -93.6208
v 294.042 37.5 -91.8493
v 294.042 37.5 -88.9315
v 294.042 37.5 -85.3259
v 294.042 37.5 -81.491
v 294.042 37.5 -77.8854
v 294.042 37.5 -74.9676
v 294.042 37.5 -73.1961
v 294.042 37.494 -72.6711
v 294.042 37.4286 -72.184
v 294.042 37.2971 -71.7337
v 294.042 37.1065 -71.33
v 294.042 36.864 -70.9821
v 294.042 36.5767 -70.6995
v 294.042 36.2516 -70.4918
v 294.042 35.896 -70.3684
v 294.042 35.591 -70.3368
v 294.042 35.4873 -70.3368
v 294.042 35.2672 -70.3368
v 294.042 34.9709 -70.3368
v 294.042 34.6384 -70.3368
v 294.042 34.3099 -70.3368
v 294.042 34.0256 -70.3368
v 294.042 33.8256 -70.3368
v 294.042 33.75 -70.3368
v 294.042 33.75 -51.001
v 294.042 33.75 -338.918
v 294.042 33.75 -319.583
v 294.042 33.8256 -319.583
v 294.042 34.0256 -319.583
v 294.042 34.3099 -319.583
v 294.042 34.6384 -319.583
v 294.042 34.9709 -319.583
v 294.042 35.2672 -319.583
v 294.042 35.4873 -319.583
v 294.042 35.591 -319.583
v 294.042 35.896 -319.551
v 294.042 36.2516 -319.428
v 294.042 36.5767 -319.22
v 294.042 36.864 -318.937
v 294.042 37.1065 -318.589
v 294.042 37.2971 -318.186
v 294.042 37.4286 -317.735
v 294.042 37.494 -317.248
v 294.042 37.5 -316.723
v 294.042 37.5 -314.952
v 294.042 37.5 -312.034
v 294.042 37.5 -308.428
v 294.042 37.5 -304.594
v 294.042 37.5 -300.988
v 294.042 37.5 -298.07
v 294.042 37.5 -296.299
v 294.042 37.4946 -295.793
v 294.042 37.4354 -295.352
v 294.042 37.3163 -294.944
v 294.042 37.1437 -294.579
v 294.042 36.9241 -294.263
v 294.042 36.664 -294.008
v 294.042 36.3696 -293.82
v 294.042 36.0476 -293.708
v 294.042 35.7708 -293.679
v 294.042 35.657 -293.679
v 294.042 35.4154 -293.679
v 294.042 35.0901 -293.679
v 294.042 34.7252 -293.679
v 294.042 34.3646 -293.679
v 294.042 34.0525 -293.679
v 294.042 33.833 -293.679
v 294.042 33.75 -293.679
v 294.042 33.75 -207.911
v 294.042 33.833 -207.911
v 294.042 34.0525 -207.911
v 294.042 34.3646 -207.911
v 294.042 34.7252 -207.911
v 294.042 35.0901 -207.911
v 294.042 35.4154 -207.911
v 294.042 35.657 -207.911
v 294.042 35.7708 -207.911
v 294.042 36.0476 -207.883
v 294.042 36.3696 -207.771
v 294.042 36.664 -207.583
v 294.042 36.9241 -207.327
v 294.042 37.1437 -207.012
v 294.042 37.3163 -206.647
v 294.042 37.4354 -206.239
v 294.042 37.4946 -205.798
v 294.042 37.5 -205.292
v 294.042 37.5 -203.521
v 294.042 37.5 -200.603
v 294.042 37.5 -196.997
v 294.042 37.5 -193.162
v 294.042 37.5 -189.557
v 294.042 37.5 -186.639
v 294.042 37.5 -184.867
v 294.042 37.494 -184.342
v 294.042 37.4286 -183.855
v 294.042 37.2971 -183.405
v 294.042 37.1065 -183.001
v 294.042 36.864 -182.653
v 294.042 36.5767 -182.371
v 294.042 36.2516 -182.163
v 294.042 35.896 -182.04
f 2142/1024/606 2143/1025/606 2144/1026/606 2145/1027/606 2146/1028/606 2147/1029/606 2148/1030/606 2149/1031/606 2150/1032/606 2151/1033/606 2152/1034/606 2153/1035/606 2154/1036/606 2155/1037/606 2156/1038/606 2157/1039/606 2158/1040/606 2159/1041/606 2160/1042/606 2161/1043/606 2162/1044/606 2163/1045/606 2164/1046/606 2165/1047/606 2166/1048/606 2167/1049/606 2168/1050/606 2169/1051/606 2170/1052/606 2171/1053/606 2172/1054/606 2173/1055/606 2174/1056/606 2175/1057/606 2176/1058/606 2177/1059/606 2178/1060/606 2179/1061/606 2180/1062/606 2181/1063/606 2182/1064/606 2183/1065/606 2184/1066/606 2185/1067/606 2186/1068/606 2187/1069/606 2188/1070/606 2189/1071/606 2190/1072/606 2191/1073/606 2192/1074/606 2193/1075/606 2141/1023/606 2140/1022/606 2194/1076/606 2195/1077/606 2196/1078/606 2197/1079/606 2198/1080/606 2199/1081/606 2200/1082/606 2201/1083/606 2202/1084/606 2203/1085/606 2204/1086/606 2205/1087/606 2206/1088/606 2207/1089/606 2208/1090/606 2209/1091/606 2210/1092/606 2211/1093/606 2212/1094/606 2213/1095/606 2214/1096/606 2215/1097/606 2216/1098/606 2217/1099/606 2218/1100/606 2219/1101/606 2220/1102/606 2221/1103/606 2222/1104/606 2223/1105/606 2224/1106/606 2225/1107/606 2226/1108/606 2227/1109/606 2228/1110/606 2229/1111/606 2230/1112/606 2231/1113/606 2232/1114/606 2233/1115/606 2234/1116/606 2235/1117/606 2236/1118/606 2237/1119/606 2238/1120/606 2239/1121/606 2240/1122/606 2241/1123/606 2242/1124/606 2243/1125/606 2244/1126/606 2245/1127/606 2246/1128/606 2247/1129/606 2248/1130/606 2249/1131/606 2250/1132/606 2251/1133/606 2252/1134/606 2253/1135/606 2254/1136/606 2255/1137/606 2256/1138/606 2257/1139/606 2258/1140/606 2259/1141/606 2260/1142/606 2261/1143/606 2262/1144/606 2263/1145/606 2264/1146/606 2265/1147/606 2266/1148/606 2267/1149/606 2268/1150/606 2269/1151/606 

vn 6.97919e-17 0.0516456 0.998665
v 291.042 35.591 -182.008
v 291.042 35.4873 -182.008
f 2143/1152/608 2142/1153/648 2270/1154/648 2271/1155/608 

vn 1.32886e-16 0.216897 0.976195
v 291.042 35.896 -182.04
f 2142/1156/648 2269/1157/649 2272/1158/649 2270/1159/648 

vn 2.14263e-16 0.436096 0.8999
v 291.042 36.2516 -182.163
f 2269/1160/649 2268/1161/650 2273/1162/650 2272/1163/649 

vn 2.81086e-16 0.623158 0.782096
v 291.042 36.5767 -182.371
f 2268/1164/650 2267/1165/651 2274/1166/651 2273/1167/650 

vn 3.29001e-16 0.764007 0.645208
v 291.042 36.864 -182.653
f 2267/1168/651 2266/1169/652 2275/1170/652 2274/1171/651 

vn 3.61222e-16 0.865391 0.501096
v 291.042 37.1065 -183.001
f 2266/1172/652 2265/1173/653 2276/1174/653 2275/1175/652 

vn 3.80973e-16 0.934981 0.354699
v 291.042 37.2971 -183.405
f 2265/1176/653 2264/1177/654 2277/1178/654 2276/1179/653 

vn 3.9046e-16 0.978285 0.207265
v 291.042 37.4286 -183.855
f 2264/1180/654 2263/1181/655 2278/1182/655 2277/1183/654 

vn 3.91162e-16 0.99738 0.0723352
v 291.042 37.494 -184.342
f 2263/1184/655 2262/1185/656 2279/1186/656 2278/1187/655 

vn 3.88857e-16 0.999984 0.00572861
v 291.042 37.5 -184.867
f 2262/1188/656 2261/1189/657 2280/1190/657 2279/1191/656 

v 291.042 37.5 -186.639
f 2261/1192/657 2260/1193/647 2281/1194/647 2280/1195/657 

v 291.042 37.5 -189.557
f 2260/1193/647 2259/1196/647 2282/1197/647 2281/1194/647 

v 291.042 37.5 -193.162
f 2259/1196/647 2258/1198/647 2283/1199/647 2282/1197/647 

v 291.042 37.5 -196.997
f 2258/1198/647 2257/1200/647 2284/1201/647 2283/1199/647 

v 291.042 37.5 -200.603
f 2257/1200/647 2256/1202/647 2285/1203/647 2284/1201/647 

v 291.042 37.5 -203.521
f 2256/1202/647 2255/1204/647 2286/1205/647 2285/1203/647 

vn 3.88304e-16 0.999986 -0.00538401
v 291.042 37.5 -205.292
f 2255/1204/647 2254/1206/658 2287/1207/658 2286/1205/647 

vn 3.83985e-16 0.997405 -0.0719915
v 291.042 37.4946 -205.798
f 2254/1208/658 2253/1209/659 2288/1210/659 2287/1211/658 

vn 3.6982e-16 0.978285 -0.207265
v 291.042 37.4354 -206.239
f 2253/1212/659 2252/1213/660 2289/1214/660 2288/1215/659 

vn 3.45653e-16 0.934981 -0.354699
v 291.042 37.3163 -206.647
f 2252/1216/660 2251/1217/661 2290/1218/661 2289/1219/660 

vn 3.11323e-16 0.865391 -0.501096
v 291.042 37.1437 -207.012
f 2251/1220/661 2250/1221/662 2291/1222/662 2290/1223/661 

vn 2.64751e-16 0.764007 -0.645208
v 291.042 36.9241 -207.327
f 2250/1224/662 2249/1225/663 2292/1226/663 2291/1227/662 

vn 2.03205e-16 0.623158 -0.782096
v 291.042 36.664 -207.583
f 2249/1228/663 2248/1229/664 2293/1230/664 2292/1231/663 

vn 1.24652e-16 0.436096 -0.8999
v 291.042 36.3696 -207.771
f 2248/1232/664 2247/1233/665 2294/1234/665 2293/1235/664 

vn 3.56317e-17 0.216784 -0.97622
v 291.042 36.0476 -207.883
f 2247/1236/665 2246/1237/666 2295/1238/666 2294/1239/665 

vn -2.97002e-17 0.0515305 -0.998671
v 291.042 35.7708 -207.911
f 2246/1240/666 2245/1241/667 2296/1242/667 2295/1243/666 

vn -4.979e-17 -3.73523e-13 -1
v 291.042 35.657 -207.911
f 2245/1244/667 2244/1245/668 2297/1246/668 2296/1247/667 

vn -4.979e-17 -9.61211e-14 -1
v 291.042 35.4154 -207.911
f 2244/1245/668 2243/1248/669 2298/1249/669 2297/1246/668 

vn -4.979e-17 2.77402e-13 -1
v 291.042 35.0901 -207.911
f 2243/1248/669 2242/1250/670 2299/1251/670 2298/1249/669 

v 291.042 34.7252 -207.911
f 2242/1250/670 2241/1252/616 2300/1253/616 2299/1251/670 

v 291.042 34.3646 -207.911
f 2241/1252/616 2240/1254/616 2301/1255/616 2300/1253/616 

vn -4.979e-17 -4.11001e-13 -1
v 291.042 34.0525 -207.911
f 2240/1254/616 2239/1256/671 2302/1257/671 2301/1255/616 

vn -4.979e-17 6.76514e-13 -1
v 291.042 33.833 -207.911
f 2239/1256/671 2238/1258/672 2303/1259/672 2302/1257/671 

vn -4.979e-17 2.17503e-12 -1
v 291.042 33.75 -207.911
f 2238/1258/672 2237/1260/673 2304/1261/673 2303/1259/672 

vn 3.88578e-16 1 -5.16638e-11
v 291.042 33.75 -293.679
f 2237/1262/674 2236/1263/674 2305/1264/674 2304/1265/674 

vn 4.979e-17 4.45881e-11 1
vn 4.979e-17 4.38716e-11 1
v 291.042 33.833 -293.679
f 2236/1266/675 2235/1267/676 2306/1268/676 2305/1075/675 

vn 4.979e-17 4.33e-11 1
v 291.042 34.0525 -293.679
f 2235/1267/676 2234/1269/677 2307/1270/677 2306/1268/676 

vn 4.979e-17 4.34658e-11 1
v 291.042 34.3646 -293.679
f 2234/1269/677 2233/1271/678 2308/1272/678 2307/1270/677 

vn 4.979e-17 4.32552e-11 1
v 291.042 34.7252 -293.679
f 2233/1271/678 2232/1273/679 2309/1274/679 2308/1272/678 

vn 4.979e-17 4.32185e-11 1
v 291.042 35.0901 -293.679
f 2232/1273/679 2231/1275/680 2310/1276/680 2309/1274/679 

vn 4.979e-17 4.37446e-11 1
v 291.042 35.4154 -293.679
f 2231/1275/680 2230/1277/681 2311/1278/681 2310/1276/680 

vn 4.979e-17 4.33453e-11 1
v 291.042 35.657 -293.679
f 2230/1277/681 2229/1279/682 2312/1280/682 2311/1278/681 

vn 6.97474e-17 0.0515305 0.998671
v 291.042 35.7708 -293.679
f 2229/1279/682 2228/1281/683 2313/1282/683 2312/1280/682 

vn 1.32844e-16 0.216784 0.97622
v 291.042 36.0476 -293.708
f 2228/1283/683 2227/1284/684 2314/1285/684 2313/1286/683 

v 291.042 36.3696 -293.82
f 2227/1287/684 2226/1288/650 2315/1289/650 2314/1290/684 

v 291.042 36.664 -294.008
f 2226/1291/650 2225/1292/651 2316/1293/651 2315/1294/650 

v 291.042 36.9241 -294.263
f 2225/1295/651 2224/1296/652 2317/1297/652 2316/1298/651 

v 291.042 37.1437 -294.579
f 2224/1299/652 2223/1300/653 2318/1301/653 2317/1302/652 

v 291.042 37.3163 -294.944
f 2223/1303/653 2222/1304/654 2319/1305/654 2318/1306/653 

v 291.042 37.4354 -295.352
f 2222/1307/654 2221/1308/655 2320/1309/655 2319/1310/654 

vn 3.91154e-16 0.997405 0.0719915
v 291.042 37.4946 -295.793
f 2221/1311/655 2220/1312/685 2321/1313/685 2320/1314/655 

vn 3.8884e-16 0.999986 0.00538401
v 291.042 37.5 -296.299
f 2220/1315/685 2219/1316/686 2322/1317/686 2321/1318/685 

vn 3.88578e-16 1 -4.49284e-11
v 291.042 37.5 -298.07
f 2219/1319/686 2218/1320/687 2323/1321/687 2322/1322/686 

vn 3.88578e-16 1 -4.49393e-11
v 291.042 37.5 -300.988
f 2218/1320/687 2217/1323/688 2324/1324/688 2323/1321/687 

vn 3.88578e-16 1 -4.48261e-11
v 291.042 37.5 -304.594
f 2217/1323/688 2216/1325/689 2325/1326/689 2324/1324/688 

v 291.042 37.5 -308.428
f 2216/1325/689 2215/1327/689 2326/1328/689 2325/1326/689 

v 291.042 37.5 -312.034
f 2215/1327/689 2214/1329/688 2327/1330/688 2326/1328/689 

v 291.042 37.5 -314.952
f 2214/1329/688 2213/1331/687 2328/1332/687 2327/1330/688 

vn 3.88286e-16 0.999984 -0.00572861
v 291.042 37.5 -316.723
f 2213/1331/687 2212/1333/690 2329/1334/690 2328/1332/687 

vn 3.83959e-16 0.99738 -0.0723352
v 291.042 37.494 -317.248
f 2212/1335/690 2211/1336/691 2330/1337/691 2329/1338/690 

v 291.042 37.4286 -317.735
f 2211/1339/691 2210/1340/660 2331/1341/660 2330/1342/691 

v 291.042 37.2971 -318.186
f 2210/1343/660 2209/1344/661 2332/1345/661 2331/1346/660 

v 291.042 37.1065 -318.589
f 2209/1347/661 2208/1348/662 2333/1349/662 2332/1350/661 

v 291.042 36.864 -318.937
f 2208/1351/662 2207/1352/663 2334/1353/663 2333/1354/662 

v 291.042 36.5767 -319.22
f 2207/1355/663 2206/1356/664 2335/1357/664 2334/1358/663 

v 291.042 36.2516 -319.428
f 2206/1359/664 2205/1360/665 2336/1361/665 2335/1362/664 

vn 3.56767e-17 0.216897 -0.976195
v 291.042 35.896 -319.551
f 2205/1363/665 2204/1364/692 2337/1365/692 2336/1366/665 

vn -2.96552e-17 0.0516456 -0.998665
v 291.042 35.591 -319.583
f 2204/1367/692 2203/1368/693 2338/1369/693 2337/1370/692 

vn -4.979e-17 -4.38785e-11 -1
v 291.042 35.4873 -319.583
f 2203/1371/693 2202/1372/694 2339/1373/694 2338/1374/693 

vn -4.979e-17 -4.43338e-11 -1
v 291.042 35.2672 -319.583
f 2202/1372/694 2201/1375/695 2340/1376/695 2339/1373/694 

vn -4.979e-17 -4.37346e-11 -1
v 291.042 34.9709 -319.583
f 2201/1375/695 2200/1377/696 2341/1378/696 2340/1376/695 

vn -4.979e-17 -4.39646e-11 -1
v 291.042 34.6384 -319.583
f 2200/1377/696 2199/1379/697 2342/1380/697 2341/1378/696 

vn -4.979e-17 -4.3897e-11 -1
v 291.042 34.3099 -319.583
f 2199/1379/697 2198/1381/698 2343/1382/698 2342/1380/697 

vn -4.979e-17 -4.40566e-11 -1
v 291.042 34.0256 -319.583
f 2198/1381/698 2197/1383/699 2344/1384/699 2343/1382/698 

vn -4.979e-17 -4.40611e-11 -1
v 291.042 33.8256 -319.583
f 2197/1383/699 2196/1385/700 2345/1386/700 2344/1384/699 

vn -4.979e-17 -4.35716e-11 -1
v 291.042 33.75 -319.583
f 2196/1385/700 2195/1260/701 2346/1261/701 2345/1386/700 

vn 3.88578e-16 1 -4.59973e-11
v 291.042 33.75 -338.918
f 2195/1387/702 2194/1017/702 2347/1018/702 2346/1388/702 

vn -4.979e-17 1.21438e-14 -1
v 291.042 26.3191 -338.918
f 2194/1260/703 2140/1389/703 2348/1390/703 2347/1261/703 

v 291.042 26.3191 -51.001
f 2141/1016/647 2140/1017/647 2348/1018/647 2349/1019/647 

v 291.042 18.6856 -338.918
f 2140/1389/616 2138/1391/616 2350/1392/616 2348/1390/616 

f 2138/1391/616 2032/1393/616 2137/1394/616 2350/1392/616 

vn -4.979e-17 -1.84565e-10 -1
v 291.042 3.75 -338.918
f 2032/1393/704 2031/904/704 2351/907/704 2137/1394/704 

vn -3.88578e-16 -1 4.59599e-11
v 291.042 3.75 -319.583
f 2031/1395/705 2030/1396/705 2352/1397/705 2351/1398/705 

vn -4.979e-17 -4.35536e-11 -1
v 291.042 3.67441 -319.583
f 2030/904/701 2029/1399/706 2353/1400/706 2352/907/701 

vn -4.979e-17 -4.39061e-11 -1
v 291.042 3.47439 -319.583
f 2029/1399/706 2028/1401/707 2354/1402/707 2353/1400/706 

vn -4.979e-17 -4.42541e-11 -1
v 291.042 3.19007 -319.583
f 2028/1401/707 2027/1403/708 2355/1404/708 2354/1402/707 

v 291.042 2.86161 -319.583
f 2027/1403/708 2026/1405/697 2356/1406/697 2355/1404/708 

vn -4.979e-17 -4.40391e-11 -1
v 291.042 2.52913 -319.583
f 2026/1405/697 2025/1407/709 2357/1408/709 2356/1406/697 

vn -4.979e-17 -4.42283e-11 -1
v 291.042 2.23278 -319.583
f 2025/1407/709 2024/1409/710 2358/1410/710 2357/1408/709 

vn -4.979e-17 -4.34685e-11 -1
v 291.042 2.01269 -319.583
f 2024/1409/710 2023/1411/711 2359/1412/711 2358/1410/710 

vn -6.97919e-17 -0.0516456 -0.998665
v 291.042 1.909 -319.583
f 2023/1411/711 2022/1413/712 2360/1414/712 2359/1412/711 

vn -1.32886e-16 -0.216897 -0.976195
v 291.042 1.604 -319.551
f 2022/1415/712 2021/1416/713 2361/1417/713 2360/1418/712 

v 291.042 1.24836 -319.428
f 2021/1419/713 2020/1420/624 2362/1421/624 2361/1422/713 

v 291.042 0.923312 -319.22
f 2020/1423/624 2019/1424/625 2363/1425/625 2362/1426/624 

v 291.042 0.63597 -318.937
f 2019/1427/625 2018/1428/626 2364/1429/626 2363/1430/625 

v 291.042 0.393453 -318.589
f 2018/1431/626 2017/1432/627 2365/1433/627 2364/1434/626 

v 291.042 0.202878 -318.186
f 2017/1435/627 2016/1436/628 2366/1437/628 2365/1438/627 

v 291.042 0.0713595 -317.735
f 2016/1439/628 2015/1440/629 2367/1441/629 2366/1442/628 

vn -3.91162e-16 -0.99738 -0.0723352
v 291.042 0.00601505 -317.248
f 2015/1443/629 2014/1444/714 2368/1445/714 2367/1446/629 

vn -3.88857e-16 -0.999984 -0.00572861
v 291.042 1.94526e-08 -316.723
f 2014/1447/714 2013/1448/715 2369/1449/715 2368/1450/714 

vn -3.88578e-16 -1 4.49284e-11
v 291.042 1.9532e-08 -314.952
f 2013/1451/715 2012/1452/716 2370/1453/716 2369/1454/715 

vn -3.88578e-16 -1 4.49393e-11
v 291.042 1.96634e-08 -312.034
f 2012/1452/716 2011/1455/717 2371/1456/717 2370/1453/716 

vn -3.88578e-16 -1 4.48261e-11
v 291.042 1.98251e-08 -308.428
f 2011/1455/717 2010/1457/718 2372/1458/718 2371/1456/717 

vn -3.88578e-16 -1 4.49262e-11
v 291.042 1.99969e-08 -304.594
f 2010/1457/718 2009/1459/719 2373/1460/719 2372/1458/718 

vn -3.88578e-16 -1 4.49157e-11
v 291.042 2.01594e-08 -300.988
f 2009/1459/719 2008/1461/720 2374/1462/720 2373/1460/719 

vn -3.88578e-16 -1 4.48047e-11
v 291.042 2.029e-08 -298.07
f 2008/1461/720 2007/1463/721 2375/1464/721 2374/1462/720 

vn -3.88304e-16 -0.999986 0.00538401
v 291.042 2.03695e-08 -296.299
f 2007/1463/721 2006/1465/722 2376/1466/722 2375/1464/721 

vn -3.83985e-16 -0.997405 0.0719915
v 291.042 0.00544648 -295.793
f 2006/1467/722 2005/1468/723 2377/1469/723 2376/1470/722 

v 291.042 0.0646142 -295.352
f 2005/1471/723 2004/1472/635 2378/1473/635 2377/1474/723 

v 291.042 0.183701 -294.944
f 2004/1475/635 2003/1476/636 2379/1477/636 2378/1478/635 

v 291.042 0.356262 -294.579
f 2003/1479/636 2002/1480/637 2380/1481/637 2379/1482/636 

v 291.042 0.575855 -294.263
f 2002/1483/637 2001/1484/638 2381/1485/638 2380/1486/637 

v 291.042 0.836036 -294.008
f 2001/1487/638 2000/1488/639 2382/1489/639 2381/1490/638 

v 291.042 1.13036 -293.82
f 2000/1491/639 1999/1492/640 2383/1493/640 2382/1494/639 

vn -3.56317e-17 -0.216784 0.97622
v 291.042 1.45239 -293.708
f 1999/1495/640 1998/1496/724 2384/1497/724 2383/1498/640 

vn 2.97002e-17 -0.0515305 0.998671
v 291.042 1.72917 -293.679
f 1998/1499/724 1997/1500/725 2385/1501/725 2384/1502/724 

vn 4.979e-17 4.49318e-11 1
v 291.042 1.84299 -293.679
f 1997/1503/725 1996/1504/726 2386/1505/726 2385/1506/725 

vn 4.979e-17 4.54746e-11 1
v 291.042 2.08458 -293.679
f 1996/1504/726 1995/1507/727 2387/1508/727 2386/1505/726 

vn 4.979e-17 4.57001e-11 1
v 291.042 2.40988 -293.679
f 1995/1507/727 1994/1509/728 2388/1510/728 2387/1508/727 

vn 4.979e-17 4.5614e-11 1
v 291.042 2.77483 -293.679
f 1994/1509/728 1993/1511/729 2389/1512/729 2388/1510/728 

vn 4.979e-17 4.48937e-11 1
v 291.042 3.13538 -293.679
f 1993/1511/729 1992/1513/730 2390/1514/730 2389/1512/729 

vn 4.979e-17 4.53016e-11 1
v 291.042 3.44746 -293.679
f 1992/1513/730 1991/1515/731 2391/1516/731 2390/1514/730 

vn 4.979e-17 4.62103e-11 1
v 291.042 3.66702 -293.679
f 1991/1515/731 1990/1517/732 2392/1518/732 2391/1516/731 

vn 4.979e-17 4.64913e-11 1
v 291.042 3.75 -293.679
f 1990/1517/732 1989/899/733 2393/833/733 2392/1518/732 

vn -3.88578e-16 -1 5.16975e-11
v 291.042 3.75 -207.911
f 1989/1519/734 1988/1520/734 2394/1521/734 2393/1522/734 

vn -4.979e-17 -2.17503e-12 -1
vn -4.979e-17 -6.76514e-13 -1
v 291.042 3.66702 -207.911
f 1988/904/735 1987/905/736 2395/906/736 2394/907/735 

vn -4.979e-17 4.11001e-13 -1
v 291.042 3.44746 -207.911
f 1987/905/736 1986/908/737 2396/909/737 2395/906/736 

v 291.042 3.13538 -207.911
f 1986/908/737 1985/910/616 2397/911/616 2396/909/737 

v 291.042 2.77483 -207.911
f 1985/910/616 1984/912/616 2398/913/616 2397/911/616 

vn -4.979e-17 -2.77402e-13 -1
v 291.042 2.40988 -207.911
f 1984/912/616 1983/914/738 2399/915/738 2398/913/616 

vn -4.979e-17 9.61211e-14 -1
v 291.042 2.08458 -207.911
f 1983/914/738 1982/916/739 2400/917/739 2399/915/738 

vn -4.979e-17 3.73523e-13 -1
v 291.042 1.84299 -207.911
f 1982/916/739 1981/918/740 2401/919/740 2400/917/739 

v 291.042 1.72917 -207.911
f 1981/918/740 1980/920/622 2402/921/622 2401/919/740 

v 291.042 1.45239 -207.883
f 1980/1523/622 1979/1524/623 2403/1525/623 2402/1526/622 

v 291.042 1.13036 -207.771
f 1979/1527/623 1978/1528/624 2404/1529/624 2403/1530/623 

v 291.042 0.836036 -207.583
f 1978/1531/624 1977/1532/625 2405/1533/625 2404/1534/624 

v 291.042 0.575855 -207.327
f 1977/1535/625 1976/1536/626 2406/1537/626 2405/1538/625 

v 291.042 0.356262 -207.012
f 1976/1539/626 1975/1540/627 2407/1541/627 2406/1542/626 

v 291.042 0.183701 -206.647
f 1975/1543/627 1974/1544/628 2408/1545/628 2407/1546/627 

v 291.042 0.0646142 -206.239
f 1974/1547/628 1973/1548/629 2409/1549/629 2408/1550/628 

v 291.042 0.00544649 -205.798
f 1973/1551/629 1972/1552/630 2410/1553/630 2409/1554/629 

v 291.042 2.49168e-08 -205.292
f 1972/1555/630 1971/1556/631 2411/1557/631 2410/1558/630 

v 291.042 2.49168e-08 -203.521
f 1971/1559/631 1970/1560/615 2412/1561/615 2411/1562/631 

v 291.042 2.49168e-08 -200.603
f 1970/1560/615 1969/1563/615 2413/1564/615 2412/1561/615 

v 291.042 2.49168e-08 -196.997
f 1969/1563/615 1968/1565/615 2414/1566/615 2413/1564/615 

v 291.042 2.49168e-08 -193.162
f 1968/1565/615 1967/1567/615 2415/1568/615 2414/1566/615 

v 291.042 2.49168e-08 -189.557
f 1967/1567/615 1966/1569/615 2416/1570/615 2415/1568/615 

v 291.042 2.49168e-08 -186.639
f 1966/1569/615 1965/1571/615 2417/1572/615 2416/1570/615 

v 291.042 2.49168e-08 -184.867
f 1965/1571/615 1964/1573/633 2418/1574/633 2417/1572/615 

v 291.042 0.00601506 -184.342
f 1964/1575/633 1963/1576/634 2419/1577/634 2418/1578/633 

v 291.042 0.0713595 -183.855
f 1963/1579/634 1962/1580/635 2420/1581/635 2419/1582/634 

v 291.042 0.202878 -183.405
f 1962/1583/635 1961/1584/636 2421/1585/636 2420/1586/635 

v 291.042 0.393453 -183.001
f 1961/1587/636 1960/1588/637 2422/1589/637 2421/1590/636 

v 291.042 0.63597 -182.653
f 1960/1591/637 1959/1592/638 2423/1593/638 2422/1594/637 

v 291.042 0.923312 -182.371
f 1959/1595/638 1958/1596/639 2424/1597/639 2423/1598/638 

v 291.042 1.24836 -182.163
f 1958/1599/639 1957/1600/640 2425/1601/640 2424/1602/639 

v 291.042 1.604 -182.04
f 1957/1603/640 1956/1604/641 2426/1605/641 2425/1606/640 

f 1956/1607/641 1955/1608/607 2085/1609/607 2426/1610/641 

vn -1 3.88578e-16 4.979e-17
f 2085/1611/741 2084/1612/741 2086/1613/741 2087/1614/741 2088/1615/741 2089/1616/741 2090/1617/741 2091/1618/741 2092/1619/741 2093/1620/741 2094/1621/741 2095/1622/741 2096/1623/741 2097/1624/741 2098/1625/741 2099/1626/741 2100/1627/741 2101/1628/741 2102/1629/741 2103/1630/741 2104/1631/741 2105/1632/741 2106/1633/741 2107/1634/741 2108/1635/741 2109/1636/741 2110/1637/741 2111/1638/741 2112/1639/741 2113/1640/741 2114/1641/741 2115/1642/741 2116/1643/741 2117/1644/741 2118/1645/741 2119/1646/741 2120/1647/741 2121/1648/741 2122/1649/741 2123/1650/741 2124/1651/741 2125/1652/741 2126/1653/741 2127/1654/741 2128/1655/741 2129/1656/741 2130/1657/741 2131/1658/741 2132/1659/741 2133/1660/741 2134/1661/741 2135/1662/741 2136/1663/741 2137/1664/741 2351/1665/741 2352/1666/741 2353/1667/741 2354/1668/741 2355/1669/741 2356/1670/741 2357/1671/741 2358/1672/741 2359/1673/741 2360/1674/741 2361/1675/741 2362/1676/741 2363/1677/741 2364/1678/741 2365/1679/741 2366/1680/741 2367/1681/741 2368/1682/741 2369/1683/741 2370/1684/741 2371/1685/741 2372/1686/741 2373/1687/741 2374/1688/741 2375/1689/741 2376/1690/741 2377/1691/741 2378/1692/741 2379/1693/741 2380/1694/741 2381/1695/741 2382/1696/741 2383/1697/741 2384/1698/741 2385/1699/741 2386/1700/741 2387/1701/741 2388/1702/741 2389/1703/741 2390/1704/741 2391/1705/741 2392/1706/741 2393/1707/741 2394/1708/741 2395/1709/741 2396/1710/741 2397/1711/741 2398/1712/741 2399/1713/741 2400/1714/741 2401/1715/741 2402/1716/741 2403/1717/741 2404/1718/741 2405/1719/741 2406/1720/741 2407/1721/741 2408/1722/741 2409/1723/741 2410/1724/741 2411/1725/741 2412/1726/741 2413/1727/741 2414/1728/741 2415/1729/741 2416/1730/741 2417/1731/741 2418/1732/741 2419/1733/741 2420/1734/741 2421/1735/741 2422/1736/741 2423/1737/741 2424/1738/741 2425/1739/741 2426/1740/741 

v 291.042 18.6856 -51.001
f 2427/1741/741 2350/1742/741 2137/1664/741 2136/1663/741 

f 2349/1743/741 2348/1744/741 2350/1742/741 2427/1741/741 

v 291.042 33.75 -51.001
v 291.042 33.75 -70.3368
v 291.042 33.8256 -70.3368
v 291.042 34.0256 -70.3368
v 291.042 34.3099 -70.3368
v 291.042 34.6384 -70.3368
v 291.042 34.9709 -70.3368
v 291.042 35.2672 -70.3368
v 291.042 35.4873 -70.3368
v 291.042 35.591 -70.3368
v 291.042 35.896 -70.3684
v 291.042 36.2516 -70.4918
v 291.042 36.5767 -70.6995
v 291.042 36.864 -70.9821
v 291.042 37.1065 -71.33
v 291.042 37.2971 -71.7337
v 291.042 37.4286 -72.184
v 291.042 37.494 -72.6711
v 291.042 37.5 -73.1961
v 291.042 37.5 -74.9676
v 291.042 37.5 -77.8854
v 291.042 37.5 -81.491
v 291.042 37.5 -85.3259
v 291.042 37.5 -88.9315
v 291.042 37.5 -91.8493
v 291.042 37.5 -93.6208
v 291.042 37.4946 -94.1265
v 291.042 37.4354 -94.5676
v 291.042 37.3163 -94.9753
v 291.042 37.1437 -95.3409
v 291.042 36.9241 -95.6559
v 291.042 36.664 -95.9118
v 291.042 36.3696 -96.0998
v 291.042 36.0476 -96.2116
v 291.042 35.7708 -96.2402
v 291.042 35.657 -96.2402
v 291.042 35.4154 -96.2402
v 291.042 35.0901 -96.2402
v 291.042 34.7252 -96.2402
v 291.042 34.3646 -96.2402
v 291.042 34.0525 -96.2402
v 291.042 33.833 -96.2402
v 291.042 33.75 -96.2402
v 291.042 33.75 -182.008
v 291.042 33.8256 -182.008
v 291.042 34.0256 -182.008
v 291.042 34.3099 -182.008
v 291.042 34.6384 -182.008
v 291.042 34.9709 -182.008
v 291.042 35.2672 -182.008
f 2271/1745/741 2270/1746/741 2272/1747/741 2273/1748/741 2274/1749/741 2275/1750/741 2276/1751/741 2277/1752/741 2278/1753/741 2279/1754/741 2280/1143/741 2281/1142/741 2282/1141/741 2283/1140/741 2284/1139/741 2285/1138/741 2286/1137/741 2287/1136/741 2288/1755/741 2289/1756/741 2290/1757/741 2291/1758/741 2292/1759/741 2293/1760/741 2294/1761/741 2295/1762/741 2296/1763/741 2297/1764/741 2298/1765/741 2299/1766/741 2300/1767/741 2301/1768/741 2302/1769/741 2303/1770/741 2304/1771/741 2305/1772/741 2306/1773/741 2307/1774/741 2308/1775/741 2309/1776/741 2310/1777/741 2311/1778/741 2312/1779/741 2313/1780/741 2314/1781/741 2315/1782/741 2316/1783/741 2317/1784/741 2318/1785/741 2319/1786/741 2320/1787/741 2321/1788/741 2322/1789/741 2323/1790/741 2324/1791/741 2325/1792/741 2326/1793/741 2327/1794/741 2328/1795/741 2329/1796/741 2330/1797/741 2331/1798/741 2332/1799/741 2333/1800/741 2334/1801/741 2335/1802/741 2336/1803/741 2337/1804/741 2338/1805/741 2339/1806/741 2340/1807/741 2341/1808/741 2342/1809/741 2343/1810/741 2344/1811/741 2345/1812/741 2346/1813/741 2347/1814/741 2348/1744/741 2349/1743/741 2428/1815/741 2429/1816/741 2430/1817/741 2431/1818/741 2432/1819/741 2433/1820/741 2434/1821/741 2435/1822/741 2436/1823/741 2437/1824/741 2438/1825/741 2439/1826/741 2440/1827/741 2441/1828/741 2442/1829/741 2443/1830/741 2444/1831/741 2445/1832/741 2446/1057/741 2447/1056/741 2448/1055/741 2449/1054/741 2450/1053/741 2451/1052/741 2452/1051/741 2453/1050/741 2454/1833/741 2455/1834/741 2456/1835/741 2457/1836/741 2458/1837/741 2459/1838/741 2460/1839/741 2461/1840/741 2462/1841/741 2463/1842/741 2464/1843/741 2465/1844/741 2466/1845/741 2467/1846/741 2468/1847/741 2469/1848/741 2470/1849/741 2471/1850/741 2472/1851/741 2473/1852/741 2474/1853/741 2475/1854/741 2476/1855/741 2477/1856/741 

vn 4.979e-17 -1.21438e-14 1
f 2141/1857/742 2193/1266/742 2428/1075/742 2349/1858/742 

f 2193/1011/647 2192/1859/647 2429/1860/647 2428/1012/647 

vn 4.979e-17 -4.8645e-11 1
vn 4.979e-17 -2.38431e-11 1
f 2192/1266/743 2191/1861/744 2430/1862/744 2429/1075/743 

vn 4.979e-17 4.79343e-13 1
f 2191/1861/744 2190/1863/745 2431/1864/745 2430/1862/744 

vn 4.979e-17 -2.91901e-13 1
f 2190/1863/745 2189/1865/746 2432/1866/746 2431/1864/745 

f 2189/1865/746 2188/1867/746 2433/1868/746 2432/1866/746 

f 2188/1867/746 2187/1869/608 2434/1870/608 2433/1868/746 

f 2187/1869/608 2186/1871/608 2435/1872/608 2434/1870/608 

f 2186/1871/608 2185/1152/608 2436/1155/608 2435/1872/608 

f 2185/1152/608 2184/1153/648 2437/1154/648 2436/1155/608 

f 2184/1873/648 2183/1874/649 2438/1875/649 2437/1876/648 

f 2183/1877/649 2182/1878/650 2439/1879/650 2438/1880/649 

f 2182/1881/650 2181/1882/651 2440/1883/651 2439/1884/650 

f 2181/1885/651 2180/1886/652 2441/1887/652 2440/1888/651 

f 2180/1889/652 2179/1890/653 2442/1891/653 2441/1892/652 

f 2179/1893/653 2178/1894/654 2443/1895/654 2442/1896/653 

f 2178/1897/654 2177/1898/655 2444/1899/655 2443/1900/654 

f 2177/1901/655 2176/1902/656 2445/1903/656 2444/1904/655 

f 2176/1905/656 2175/1906/657 2446/1907/657 2445/1908/656 

f 2175/1909/657 2174/1910/647 2447/1911/647 2446/1912/657 

f 2174/1910/647 2173/1913/647 2448/1914/647 2447/1911/647 

f 2173/1913/647 2172/1915/647 2449/1916/647 2448/1914/647 

f 2172/1915/647 2171/1917/647 2450/1918/647 2449/1916/647 

f 2171/1917/647 2170/1919/647 2451/1920/647 2450/1918/647 

f 2170/1919/647 2169/1921/647 2452/1922/647 2451/1920/647 

f 2169/1921/647 2168/1923/658 2453/1924/658 2452/1922/647 

f 2168/1925/658 2167/1926/659 2454/1927/659 2453/1928/658 

f 2167/1929/659 2166/1930/660 2455/1931/660 2454/1932/659 

f 2166/1933/660 2165/1934/661 2456/1935/661 2455/1936/660 

f 2165/1937/661 2164/1938/662 2457/1939/662 2456/1940/661 

f 2164/1941/662 2163/1942/663 2458/1943/663 2457/1944/662 

f 2163/1945/663 2162/1946/664 2459/1947/664 2458/1948/663 

f 2162/1949/664 2161/1950/665 2460/1951/665 2459/1952/664 

f 2161/1953/665 2160/1954/666 2461/1955/666 2460/1956/665 

f 2160/1957/666 2159/1958/667 2462/1959/667 2461/1960/666 

vn -4.979e-17 4.08541e-13 -1
f 2159/1244/667 2158/1245/747 2463/1246/747 2462/1247/667 

vn -4.979e-17 1.05132e-13 -1
f 2158/1245/747 2157/1248/748 2464/1249/748 2463/1246/747 

vn -4.979e-17 -3.29659e-14 -1
f 2157/1248/748 2156/1250/749 2465/1251/749 2464/1249/748 

vn -4.979e-17 -3.3048e-15 -1
f 2156/1250/749 2155/1252/750 2466/1253/750 2465/1251/749 

vn -4.979e-17 -2.73747e-13 -1
f 2155/1252/750 2154/1254/751 2467/1255/751 2466/1253/750 

f 2154/1254/751 2153/1256/616 2468/1257/616 2467/1255/751 

f 2153/1256/616 2152/1258/616 2469/1259/616 2468/1257/616 

f 2152/1258/616 2151/1260/616 2470/1261/616 2469/1259/616 

f 2151/1961/647 2150/1962/647 2471/1963/647 2470/1964/647 

vn 4.979e-17 2.38748e-12 1
vn 4.979e-17 1.19374e-12 1
f 2150/1266/752 2149/1861/753 2472/1862/753 2471/1075/752 

vn 4.979e-17 -3.17395e-13 1
f 2149/1861/753 2148/1863/754 2473/1864/754 2472/1862/753 

vn 4.979e-17 -4.26641e-14 1
f 2148/1863/754 2147/1865/755 2474/1866/755 2473/1864/754 

vn 4.979e-17 3.31667e-15 1
f 2147/1865/755 2146/1867/756 2475/1868/756 2474/1866/755 

vn 4.979e-17 -2.71414e-13 1
f 2146/1867/756 2145/1869/757 2476/1870/757 2475/1868/756 

f 2145/1869/757 2144/1871/608 2477/1872/608 2476/1870/757 

f 2144/1871/608 2143/1152/608 2271/1155/608 2477/1872/608 

f 2139/1965/608 2141/1857/608 2349/1858/608 2427/1966/608 

f 2033/1014/608 2139/1965/608 2427/1966/608 2136/1015/608 

f 2139/1016/647 2138/1017/647 2350/1018/647 2427/1019/647 

g Mesh16 ___557_1 Model

v 194.87 3.02848 -38.9333
vt -0.0605393 0.03
vn 3.88578e-16 -1.97215e-31 -1
v 194.87 2.68849 -38.9333
vt -0.0537428 0.03
v 191.87 2.68849 -38.9333
vt -0.0537428 0
v 191.87 3.02848 -38.9333
vt -0.0605393 0
f 2478/2064/758 2479/2065/758 2480/2066/758 2481/2067/758 

v 194.87 1.41205 -22.7302
vt 0.500575 0.0141205
vn 1 -4.44089e-16 3.88578e-16
v 194.87 1.08892 -22.8538
vt 0.498104 0.0108892
v 194.87 0.795135 -23.0547
vt 0.494089 0.00795135
v 194.87 0.537404 -23.3238
vt 0.488709 0.00537404
v 194.87 0.322434 -23.6523
vt 0.482142 0.00322434
v 194.87 0.156932 -24.0313
vt 0.474567 0.00156932
v 194.87 0.0476056 -24.4517
vt 0.466162 0.000476056
v 194.87 0.00116372 -24.9048
vt 0.457106 1.16372e-05
v 194.87 5.46512e-09 -25.3162
vt 0.448881 0
v 194.87 5.46512e-09 -26.459
vt 0.426037 0
v 194.87 5.46512e-09 -28.1774
vt 0.391687 0
v 194.87 5.46512e-09 -30.2128
vt 0.350998 0
v 194.87 5.46512e-09 -32.307
vt 0.309135 0
v 194.87 5.46512e-09 -34.2016
vt 0.271263 0
v 194.87 5.46512e-09 -35.638
vt 0.242549 0
v 194.87 5.46512e-09 -36.3579
vt 0.228158 0
v 194.87 0.020207 -36.7667
vt 0.219985 0.00020207
v 194.87 0.110297 -37.2487
vt 0.210352 0.00110297
v 194.87 0.265794 -37.6892
vt 0.201545 0.00265794
v 194.87 0.479291 -38.0786
vt 0.193762 0.00479291
v 194.87 0.74338 -38.4068
vt 0.1872 0.0074338
v 194.87 1.05065 -38.6641
vt 0.182056 0.0105065
v 194.87 1.3937 -38.8407
vt 0.178528 0.013937
v 194.87 1.76512 -38.9265
vt 0.176812 0.0176512
v 194.87 1.93819 -38.9333
vt 0.176676 0.0193819
v 194.87 2.10156 -38.9333
vt 0.176676 0.0210156
v 194.87 2.36558 -38.9333
vt 0.176676 0.0236558
vt 0.176676 0.0268849
vt 0.176676 0.0302848
v 194.87 3.34379 -38.9333
vt 0.176676 0.0334379
v 194.87 3.59262 -38.9333
vt 0.176676 0.0359262
v 194.87 3.73319 -38.9333
vt 0.176676 0.0373319
v 194.87 3.75 -39.0484
vt 0.174375 0.0375
v 194.87 3.75 -39.7775
vt 0.1598 0.0375
v 194.87 3.75 -41.0072
vt 0.135218 0.0375
v 194.87 3.75 -42.5373
vt 0.104632 0.0375
v 194.87 3.75 -44.1675
vt 0.072044 0.0375
v 194.87 3.75 -45.6976
vt 0.0414577 0.0375
v 194.87 3.75 -46.9273
vt 0.0168757 0.0375
v 194.87 3.75 -47.6564
vt 0.00230065 0.0375
v 194.87 4.02459 -47.7715
vt 0 0.0402459
v 194.87 6.3211 -47.7715
vt 0 0.063211
v 194.87 10.3862 -47.7715
vt 0 0.103862
v 194.87 15.5372 -47.7715
vt 0 0.155372
v 194.87 21.0916 -47.7715
vt 0 0.210916
v 194.87 26.3668 -47.7715
vt 0 0.263668
v 194.87 30.6801 -47.7715
vt 0 0.306801
v 194.87 33.3489 -47.7715
vt 0 0.333489
v 194.87 33.8787 -47.6745
vt 0.00193818 0.338787
v 194.87 33.8787 -46.5239
vt 0.0249405 0.338787
v 194.87 33.8787 -44.371
vt 0.0679767 0.338787
v 194.87 33.8787 -41.5896
vt 0.123576 0.338787
v 194.87 33.8787 -38.5534
vt 0.18427 0.338787
v 194.87 33.8787 -35.6362
vt 0.242586 0.338787
v 194.87 33.8787 -33.2115
vt 0.291055 0.338787
v 194.87 33.8787 -31.6531
vt 0.322207 0.338787
v 194.87 33.8017 -31.1911
vt 0.331442 0.338017
v 194.87 32.3437 -29.5596
vt 0.364057 0.323437
v 194.87 29.4344 -26.3041
vt 0.429134 0.294344
v 194.87 25.5972 -22.0103
vt 0.514966 0.255972
v 194.87 21.3556 -17.264
vt 0.609844 0.213556
v 194.87 17.233 -12.6508
vt 0.702062 0.17233
v 194.87 13.7527 -8.75644
vt 0.779911 0.137527
v 194.87 11.4382 -6.16649
vt 0.831684 0.114382
v 194.87 10.7668 -5.42691
vt 0.846468 0.107668
v 194.87 10.3713 -5.42691
vt 0.846468 0.103713
v 194.87 9.51982 -5.42691
vt 0.846468 0.0951982
v 194.87 8.37168 -5.42691
vt 0.846468 0.0837168
v 194.87 7.08603 -5.42691
vt 0.846468 0.0708603
v 194.87 5.8221 -5.42691
vt 0.846468 0.058221
v 194.87 4.73909 -5.42691
vt 0.846468 0.0473909
v 194.87 3.99621 -5.42691
vt 0.846468 0.0399621
v 194.87 3.75 -5.4334
vt 0.846339 0.0375
v 194.87 3.75 -6.28391
vt 0.829337 0.0375
v 194.87 3.75 -8.29014
vt 0.789232 0.0375
v 194.87 3.75 -11.0609
vt 0.733844 0.0375
v 194.87 3.75 -14.2051
vt 0.670992 0.0375
v 194.87 3.75 -17.3316
vt 0.608495 0.0375
v 194.87 3.75 -20.049
vt 0.554173 0.0375
v 194.87 3.75 -21.9663
vt 0.515845 0.0375
v 194.87 3.75 -22.6924
vt 0.501332 0.0375
v 194.87 3.66487 -22.6924
vt 0.501332 0.0366487
v 194.87 3.44006 -22.6924
vt 0.501332 0.0344006
v 194.87 3.12144 -22.6924
vt 0.501332 0.0312144
v 194.87 2.75487 -22.6924
vt 0.501332 0.0275487
v 194.87 2.38621 -22.6924
vt 0.501332 0.0238621
v 194.87 2.06133 -22.6924
vt 0.501332 0.0206133
v 194.87 1.8261 -22.6924
vt 0.501332 0.018261
v 194.87 1.72638 -22.6924
vt 0.501332 0.0172638
f 2482/2068/759 2483/2069/759 2484/2070/759 2485/2071/759 2486/2072/759 2487/2073/759 2488/2074/759 2489/2075/759 2490/2076/759 2491/2077/759 2492/2078/759 2493/2079/759 2494/2080/759 2495/2081/759 2496/2082/759 2497/2083/759 2498/2084/759 2499/2085/759 2500/2086/759 2501/2087/759 2502/2088/759 2503/2089/759 2504/2090/759 2505/2091/759 2506/2092/759 2507/2093/759 2508/2094/759 2479/2095/759 2478/2096/759 2509/2097/759 2510/2098/759 2511/2099/759 2512/2100/759 2513/2101/759 2514/2102/759 2515/2103/759 2516/2104/759 2517/2105/759 2518/2106/759 2519/2107/759 2520/2108/759 2521/2109/759 2522/2110/759 2523/2111/759 2524/2112/759 2525/2113/759 2526/2114/759 2527/2115/759 2528/2116/759 2529/2117/759 2530/2118/759 2531/2119/759 2532/2120/759 2533/2121/759 2534/2122/759 2535/2123/759 2536/2124/759 2537/2125/759 2538/2126/759 2539/2127/759 2540/2128/759 2541/2129/759 2542/2130/759 2543/2131/759 2544/2132/759 2545/2133/759 2546/2134/759 2547/2135/759 2548/2136/759 2549/2137/759 2550/2138/759 2551/2139/759 2552/2140/759 2553/2141/759 2554/2142/759 2555/2143/759 2556/2144/759 2557/2145/759 2558/2146/759 2559/2147/759 2560/2148/759 2561/2149/759 2562/2150/759 2563/2151/759 2564/2152/759 2565/2153/759 2566/2154/759 2567/2155/759 2568/2156/759 

vt 0.1983 0.03
vn -5.50275e-16 -0.464008 0.885831
vt 0.205216 0.03
vn -4.83877e-16 -0.240216 0.97072
v 191.87 1.41205 -22.7302
vt 0.205216 0
v 191.87 1.08892 -22.8538
vt 0.1983 0
f 2483/2157/760 2482/2158/761 2569/2159/761 2570/2160/760 

vt 0.0878534 0.03
vt 0.0941823 0.03
vn -4.14468e-16 -0.0598675 0.998206
v 191.87 1.72638 -22.6924
vt 0.0941823 0
vt 0.0878534 0
f 2482/2161/761 2568/2162/762 2571/2163/762 2569/2164/761 

vt 0.0345104 0.03
vt 0.0365038 0.03
vn -3.88578e-16 1.97215e-31 1
v 191.87 1.8261 -22.6924
vt 0.0365038 0
vt 0.0345104 0
f 2568/2165/762 2567/2166/763 2572/2167/763 2571/2168/762 

vt 0.0412061 0.03
v 191.87 2.06133 -22.6924
vt 0.0412061 0
f 2567/2166/763 2566/2169/763 2573/2170/763 2572/2167/763 

vt 0.0477004 0.03
v 191.87 2.38621 -22.6924
vt 0.0477004 0
f 2566/2169/763 2565/2171/763 2574/2172/763 2573/2170/763 

vt 0.0550698 0.03
v 191.87 2.75487 -22.6924
vt 0.0550698 0
f 2565/2171/763 2564/2173/763 2575/2174/763 2574/2172/763 

vt 0.0623976 0.03
v 191.87 3.12144 -22.6924
vt 0.0623976 0
f 2564/2173/763 2563/2175/763 2576/2176/763 2575/2174/763 

vt 0.0687669 0.03
v 191.87 3.44006 -22.6924
vt 0.0687669 0
f 2563/2175/763 2562/2177/763 2577/2178/763 2576/2176/763 

vt 0.0732608 0.03
v 191.87 3.66487 -22.6924
vt 0.0732608 0
f 2562/2177/763 2561/2179/763 2578/2180/763 2577/2178/763 

v 191.87 3.75 -22.6924
f 2561/2179/763 2560/1266/763 2579/1075/763 2578/2180/763 

vt 0.501332 0.03
vn -4.44089e-16 -1 2.46519e-32
vt 0.515845 0.03
v 191.87 3.75 -21.9663
vt 0.515845 0
vt 0.501332 0
f 2560/2181/764 2559/2182/764 2580/2183/764 2579/2184/764 

vt 0.554173 0.03
v 191.87 3.75 -20.049
vt 0.554173 0
f 2559/2182/764 2558/2185/764 2581/2186/764 2580/2183/764 

vt 0.608495 0.03
v 191.87 3.75 -17.3316
vt 0.608495 0
f 2558/2185/764 2557/2187/764 2582/2188/764 2581/2186/764 

vt 0.670992 0.03
v 191.87 3.75 -14.2051
vt 0.670992 0
f 2557/2187/764 2556/2189/764 2583/2190/764 2582/2188/764 

vt 0.733844 0.03
v 191.87 3.75 -11.0609
vt 0.733844 0
f 2556/2189/764 2555/2191/764 2584/2192/764 2583/2190/764 

vt 0.789232 0.03
v 191.87 3.75 -8.29014
vt 0.789232 0
f 2555/2191/764 2554/2193/764 2585/2194/764 2584/2192/764 

vt 0.829337 0.03
v 191.87 3.75 -6.28391
vt 0.829337 0
f 2554/2193/764 2553/2195/764 2586/2196/764 2585/2194/764 

vt 0.846339 0.03
v 191.87 3.75 -5.4334
vt 0.846339 0
f 2553/2195/764 2552/2197/764 2587/2198/764 2586/2196/764 

vt 0.097238 0.03
vn -4.00145e-16 -0.0263507 0.999653
vt 0.102162 0.03
vn -3.94396e-16 -0.0131765 0.999913
v 191.87 3.99621 -5.42691
vt 0.102162 0
vt 0.097238 0
f 2552/2199/765 2551/2200/766 2588/2201/766 2587/2202/765 

vt 0.0798843 0.03
vt 0.0947344 0.03
v 191.87 4.73909 -5.42691
vt 0.0947344 0
vt 0.0798843 0
f 2551/2203/766 2550/2204/763 2589/2205/763 2588/2206/766 

vt 0.116384 0.03
v 191.87 5.8221 -5.42691
vt 0.116384 0
f 2550/2204/763 2549/2207/763 2590/2208/763 2589/2205/763 

vt 0.14165 0.03
v 191.87 7.08603 -5.42691
vt 0.14165 0
f 2549/2207/763 2548/2209/763 2591/2210/763 2590/2208/763 

vt 0.16735 0.03
v 191.87 8.37168 -5.42691
vt 0.16735 0
f 2548/2209/763 2547/2211/763 2592/2212/763 2591/2210/763 

vt 0.190301 0.03
v 191.87 9.51982 -5.42691
vt 0.190301 0
f 2547/2211/763 2546/2213/763 2593/2214/763 2592/2212/763 

vt 0.207321 0.03
v 191.87 10.3713 -5.42691
vt 0.207321 0
f 2546/2213/763 2545/2215/763 2594/2216/763 2593/2214/763 

vt 0.215227 0.03
v 191.87 10.7668 -5.42691
vt 0.215227 0
f 2545/2215/763 2544/2217/763 2595/2218/763 2594/2216/763 

vt -0.482057 0.03
vn 6.76149e-17 0.7404 0.672166
vt -0.462089 0.03
vn 6.99088e-17 0.743026 0.669263
v 191.87 11.4382 -6.16649
vt -0.462089 0
vt -0.482057 0
f 2544/2219/767 2543/2220/768 2596/2221/768 2595/2222/767 

vt -0.467776 0.03
vt -0.398342 0.03
vn 7.22016e-17 0.745639 0.66635
v 191.87 13.7527 -8.75644
vt -0.398342 0
vt -0.467776 0
f 2543/2223/768 2542/2224/769 2597/2225/769 2596/2226/768 

vt -0.293936 0.03
v 191.87 17.233 -12.6508
vt -0.293936 0
f 2542/2224/769 2541/2227/769 2598/2228/769 2597/2225/769 

vt -0.17026 0.03
v 191.87 21.3556 -17.264
vt -0.17026 0
f 2541/2227/769 2540/2229/769 2599/2230/769 2598/2228/769 

vt -0.0430155 0.03
v 191.87 25.5972 -22.0103
vt -0.0430155 0
f 2540/2229/769 2539/2231/769 2600/2232/769 2599/2230/769 

vt 0.072096 0.03
v 191.87 29.4344 -26.3041
vt 0.072096 0
f 2539/2231/769 2538/2233/769 2601/2234/769 2600/2232/769 

vt 0.159373 0.03
v 191.87 32.3437 -29.5596
vt 0.159373 0
f 2538/2233/769 2537/2235/769 2602/2236/769 2601/2234/769 

vt 0.203114 0.03
v 191.87 33.8017 -31.1911
vt 0.203114 0
f 2537/2235/769 2536/2237/769 2603/2238/769 2602/2236/769 

vt -0.215882 0.03
vn 3.74186e-16 0.986402 0.164353
vt -0.206519 0.03
vn 4.10536e-16 0.996595 0.0824573
v 191.87 33.8787 -31.6531
vt -0.206519 0
vt -0.215882 0
f 2536/2239/770 2535/2240/771 2604/2241/771 2603/2242/770 

vt -0.322207 0.03
vt -0.291055 0.03
vn 4.44089e-16 1 -2.46519e-32
v 191.87 33.8787 -33.2115
vt -0.291055 0
vt -0.322207 0
f 2535/2243/771 2534/2244/772 2605/2245/772 2604/2246/771 

vt -0.242586 0.03
v 191.87 33.8787 -35.6362
vt -0.242586 0
f 2534/2244/772 2533/2247/772 2606/2248/772 2605/2245/772 

vt -0.18427 0.03
v 191.87 33.8787 -38.5534
vt -0.18427 0
f 2533/2247/772 2532/2249/772 2607/2250/772 2606/2248/772 

vt -0.123576 0.03
v 191.87 33.8787 -41.5896
vt -0.123576 0
f 2532/2249/772 2531/2251/772 2608/2252/772 2607/2250/772 

vt -0.0679767 0.03
vn 4.44089e-16 1 1.04788e-14
v 191.87 33.8787 -44.371
vt -0.0679767 0
f 2531/2251/772 2530/2253/773 2609/2254/773 2608/2252/772 

vt -0.0249405 0.03
vn 4.44089e-16 1 -9.1265e-15
v 191.87 33.8787 -46.5239
vt -0.0249405 0
f 2530/2253/773 2529/2255/774 2610/2256/774 2609/2254/773 

vt -0.00193818 0.03
vn 4.44089e-16 1 -3.92107e-14
v 191.87 33.8787 -47.6745
vt -0.00193818 0
f 2529/2255/774 2528/2257/775 2611/2258/775 2610/2256/774 

vt -0.666522 0.03
vn 4.62172e-16 0.180012 -0.983664
vt -0.655755 0.03
vn 4.27123e-16 0.0903759 -0.995908
v 191.87 33.3489 -47.7715
vt -0.655755 0
vt -0.666522 0
f 2528/2259/776 2527/2260/777 2612/2261/777 2611/2262/776 

vt -0.666645 0.03
vt -0.613295 0.03
v 191.87 30.6801 -47.7715
vt -0.613295 0
vt -0.666645 0
f 2527/2263/777 2526/2264/758 2613/2265/758 2612/2266/777 

vt -0.527072 0.03
v 191.87 26.3668 -47.7715
vt -0.527072 0
f 2526/2264/758 2525/2267/758 2614/2268/758 2613/2265/758 

vt -0.421621 0.03
v 191.87 21.0916 -47.7715
vt -0.421621 0
f 2525/2267/758 2524/2269/758 2615/2270/758 2614/2268/758 

vt -0.310589 0.03
v 191.87 15.5372 -47.7715
vt -0.310589 0
f 2524/2269/758 2523/2271/758 2616/2272/758 2615/2270/758 

vt -0.20762 0.03
v 191.87 10.3862 -47.7715
vt -0.20762 0
f 2523/2271/758 2522/2273/758 2617/2274/758 2616/2272/758 

vt -0.126359 0.03
v 191.87 6.3211 -47.7715
vt -0.126359 0
f 2522/2273/758 2521/2275/758 2618/2276/758 2617/2274/758 

vt -0.0804515 0.03
v 191.87 4.02459 -47.7715
vt -0.0804515 0
f 2521/2275/758 2520/2277/758 2619/2278/758 2618/2276/758 

vt -0.0741978 0.03
vn 1.86708e-16 -0.386554 -0.922267
vt -0.0682461 0.03
v 191.87 3.75 -47.6564
vt -0.0682461 0
vt -0.0741978 0
f 2520/2279/778 2519/2280/778 2620/2281/778 2619/2282/778 

vt 0.00230065 0.03
vt 0.0168757 0.03
v 191.87 3.75 -46.9273
vt 0.0168757 0
vt 0.00230065 0
f 2519/2283/764 2518/2284/764 2621/2285/764 2620/2286/764 

vt 0.0414577 0.03
v 191.87 3.75 -45.6976
vt 0.0414577 0
f 2518/2284/764 2517/2287/764 2622/2288/764 2621/2285/764 

vt 0.072044 0.03
v 191.87 3.75 -44.1675
vt 0.072044 0
f 2517/2287/764 2516/2289/764 2623/2290/764 2622/2288/764 

vt 0.104632 0.03
v 191.87 3.75 -42.5373
vt 0.104632 0
f 2516/2289/764 2515/2291/764 2624/2292/764 2623/2290/764 

vt 0.135218 0.03
v 191.87 3.75 -41.0072
vt 0.135218 0
f 2515/2291/764 2514/2293/764 2625/2294/764 2624/2292/764 

vt 0.1598 0.03
v 191.87 3.75 -39.7775
vt 0.1598 0
f 2514/2293/764 2513/2295/764 2626/2296/764 2625/2294/764 

vt 0.174375 0.03
vn -4.14771e-16 -0.997372 -0.0724458
v 191.87 3.75 -39.0484
vt 0.174375 0
f 2513/2295/764 2512/2297/779 2627/2298/779 2626/2296/764 

vt 0.161712 0.03
vt 0.164037 0.03
vn -3.83274e-16 -0.989503 -0.144511
v 191.87 3.73319 -38.9333
vt 0.164037 0
vt 0.161712 0
f 2512/2299/779 2511/2300/780 2628/2301/780 2627/2302/779 

vt -0.0746265 0.03
vt -0.0718164 0.03
v 191.87 3.59262 -38.9333
vt -0.0718164 0
vt -0.0746265 0
f 2511/2303/758 2510/2304/758 2629/2305/758 2628/2306/758 

vt -0.0668423 0.03
v 191.87 3.34379 -38.9333
vt -0.0668423 0
f 2510/2304/758 2509/2307/758 2630/2308/758 2629/2305/758 

f 2509/2307/758 2478/2064/758 2481/2067/758 2630/2308/758 

vt -0.501332 0.0206133
vn -1 4.44089e-16 -3.88578e-16
vt -0.501332 0.0238621
vt -0.501332 0.0275487
vt -0.501332 0.0312144
vt -0.501332 0.0344006
vt -0.501332 0.0366487
vt -0.501332 0.0375
vt -0.515845 0.0375
vt -0.554173 0.0375
vt -0.608495 0.0375
vt -0.670992 0.0375
vt -0.733844 0.0375
vt -0.789232 0.0375
vt -0.829337 0.0375
vt -0.846339 0.0375
vt -0.846468 0.0399621
vt -0.846468 0.0473909
vt -0.846468 0.058221
vt -0.846468 0.0708603
vt -0.846468 0.0837168
vt -0.846468 0.0951982
vt -0.846468 0.103713
vt -0.846468 0.107668
vt -0.831684 0.114382
vt -0.779911 0.137527
vt -0.702062 0.17233
vt -0.609844 0.213556
vt -0.514966 0.255972
vt -0.429134 0.294344
vt -0.364057 0.323437
vt -0.331442 0.338017
vt -0.322207 0.338787
vt -0.291055 0.338787
vt -0.242586 0.338787
vt -0.18427 0.338787
vt -0.123576 0.338787
vt -0.0679767 0.338787
vt -0.0249405 0.338787
vt -0.00193818 0.338787
vt -0.00230065 0.0375
vt -0.0168757 0.0375
vt -0.0414577 0.0375
vt -0.072044 0.0375
vt -0.104632 0.0375
vt -0.135218 0.0375
vt -0.1598 0.0375
vt -0.174375 0.0375
vt -0.176676 0.0373319
vt -0.176676 0.0359262
vt -0.176676 0.0334379
vt -0.176676 0.0302848
vt -0.176676 0.0268849
v 191.87 2.36558 -38.9333
vt -0.176676 0.0236558
v 191.87 2.10156 -38.9333
vt -0.176676 0.0210156
v 191.87 1.93819 -38.9333
vt -0.176676 0.0193819
v 191.87 1.76512 -38.9265
vt -0.176812 0.0176512
v 191.87 1.3937 -38.8407
vt -0.178528 0.013937
v 191.87 1.05065 -38.6641
vt -0.182056 0.0105065
v 191.87 0.74338 -38.4068
vt -0.1872 0.0074338
v 191.87 0.479291 -38.0786
vt -0.193762 0.00479291
v 191.87 0.265794 -37.6892
vt -0.201545 0.00265794
v 191.87 0.110297 -37.2487
vt -0.210352 0.00110297
v 191.87 0.020207 -36.7667
vt -0.219985 0.00020207
v 191.87 5.46512e-09 -36.3579
vt -0.228158 0
v 191.87 5.46512e-09 -35.638
vt -0.242549 0
v 191.87 5.46512e-09 -34.2016
vt -0.271263 0
v 191.87 5.46512e-09 -32.307
vt -0.309135 0
v 191.87 5.46512e-09 -30.2128
vt -0.350998 0
v 191.87 5.46512e-09 -28.1774
vt -0.391687 0
v 191.87 5.46512e-09 -26.459
vt -0.426037 0
v 191.87 5.46512e-09 -25.3162
vt -0.448881 0
v 191.87 0.00116372 -24.9048
vt -0.457106 1.16372e-05
v 191.87 0.0476056 -24.4517
vt -0.466162 0.000476056
v 191.87 0.156932 -24.0313
vt -0.474567 0.00156932
v 191.87 0.322434 -23.6523
vt -0.482142 0.00322434
v 191.87 0.537404 -23.3238
vt -0.488709 0.00537404
v 191.87 0.795135 -23.0547
vt -0.494089 0.00795135
vt -0.498104 0.0108892
vt -0.500575 0.0141205
vt -0.501332 0.0172638
vt -0.501332 0.018261
f 2573/2309/781 2574/2310/781 2575/2311/781 2576/2312/781 2577/2313/781 2578/2314/781 2579/2315/781 2580/2316/781 2581/2317/781 2582/2318/781 2583/2319/781 2584/2320/781 2585/2321/781 2586/2322/781 2587/2323/781 2588/2324/781 2589/2325/781 2590/2326/781 2591/2327/781 2592/2328/781 2593/2329/781 2594/2330/781 2595/2331/781 2596/2332/781 2597/2333/781 2598/2334/781 2599/2335/781 2600/2336/781 2601/2337/781 2602/2338/781 2603/2339/781 2604/2340/781 2605/2341/781 2606/2342/781 2607/2343/781 2608/2344/781 2609/2345/781 2610/2346/781 2611/2347/781 2612/2115/781 2613/2114/781 2614/2113/781 2615/2112/781 2616/2111/781 2617/2110/781 2618/2109/781 2619/2108/781 2620/2348/781 2621/2349/781 2622/2350/781 2623/2351/781 2624/2352/781 2625/2353/781 2626/2354/781 2627/2355/781 2628/2356/781 2629/2357/781 2630/2358/781 2481/2359/781 2480/2360/781 2631/2361/781 2632/2362/781 2633/2363/781 2634/2364/781 2635/2365/781 2636/2366/781 2637/2367/781 2638/2368/781 2639/2369/781 2640/2370/781 2641/2371/781 2642/2372/781 2643/2373/781 2644/2374/781 2645/2375/781 2646/2376/781 2647/2377/781 2648/2378/781 2649/2379/781 2650/2380/781 2651/2381/781 2652/2382/781 2653/2383/781 2654/2384/781 2655/2385/781 2570/2386/781 2569/2387/781 2571/2388/781 2572/2389/781 

vt -0.047288 0.03
vt -0.047288 0
f 2479/2065/758 2508/2390/758 2631/2391/758 2480/2066/758 

vt -0.0420102 0.03
vt -0.0420102 0
f 2508/2390/758 2507/2392/758 2632/2393/758 2631/2391/758 

vt -0.0387445 0.03
vn 3.79778e-16 -0.0196477 -0.999807
vt -0.0387445 0
f 2507/2392/758 2506/2394/782 2633/2395/782 2632/2393/758 

vt -0.0317734 0.03
vt -0.0283109 0.03
vn 3.26155e-16 -0.132813 -0.991141
vt -0.0283109 0
vt -0.0317734 0
f 2506/2396/782 2505/2397/783 2634/2398/783 2633/2399/782 

vt 0.00543367 0.03
vt 0.0130539 0.03
vn 2.12105e-16 -0.343985 -0.938975
vt 0.0130539 0
vt 0.00543367 0
f 2505/2400/783 2504/2401/784 2635/2402/784 2634/2403/783 

vt 0.0569064 0.03
vt 0.0646184 0.03
vn 7.80498e-17 -0.553178 -0.833063
vt 0.0646184 0
vt 0.0569064 0
f 2504/2404/784 2503/2405/785 2636/2406/785 2635/2407/784 

vt 0.100784 0.03
vt 0.108795 0.03
vn -4.50395e-17 -0.714025 -0.70012
vt 0.108795 0
vt 0.100784 0
f 2503/2408/785 2502/2409/786 2637/2410/786 2636/2411/785 

vt 0.136543 0.03
vt 0.144965 0.03
vn -1.53091e-16 -0.831203 -0.555969
vt 0.144965 0
vt 0.136543 0
f 2502/2412/786 2501/2413/787 2638/2414/787 2637/2415/786 

vt 0.165289 0.03
vt 0.174165 0.03
vn -2.46812e-16 -0.91291 -0.40816
vt 0.174165 0
vt 0.165289 0
f 2501/2416/787 2500/2417/788 2639/2418/788 2638/2419/787 

vt 0.188286 0.03
vt 0.197625 0.03
vn -3.28261e-16 -0.96586 -0.259064
vt 0.197625 0
vt 0.188286 0
f 2500/2420/788 2499/2421/789 2640/2422/789 2639/2423/788 

vt 0.206365 0.03
vt 0.216165 0.03
vn -3.95651e-16 -0.993152 -0.116828
vt 0.216165 0
vt 0.206365 0
f 2499/2424/789 2498/2425/790 2641/2426/790 2640/2427/789 

vt 0.219697 0.03
vt 0.22788 0.03
vn -4.3436e-16 -0.999695 -0.0246902
vt 0.22788 0
vt 0.219697 0
f 2498/2428/790 2497/2429/791 2642/2430/791 2641/2431/790 

vt 0.228158 0.03
vt 0.242549 0.03
f 2497/2432/791 2496/2433/764 2643/2082/764 2642/2083/791 

vt 0.271263 0.03
f 2496/2433/764 2495/2434/764 2644/2081/764 2643/2082/764 

vt 0.309135 0.03
f 2495/2434/764 2494/2435/764 2645/2080/764 2644/2081/764 

vt 0.350998 0.03
f 2494/2435/764 2493/2436/764 2646/2079/764 2645/2080/764 

vt 0.391687 0.03
f 2493/2436/764 2492/2437/764 2647/2078/764 2646/2079/764 

vt 0.426037 0.03
f 2492/2437/764 2491/2438/764 2648/2077/764 2647/2078/764 

vt 0.448881 0.03
vn -4.44638e-16 -0.999999 0.00141401
f 2491/2438/764 2490/2439/792 2649/2076/792 2648/2077/764 

vt 0.448879 0.03
vt 0.457105 0.03
vn -4.63866e-16 -0.998623 0.0524687
vt 0.457105 0
vt 0.448879 0
f 2490/2440/792 2489/2441/793 2650/2442/793 2649/2443/792 

vt 0.454726 0.03
vt 0.463829 0.03
vn -5.05957e-16 -0.984152 0.177329
vt 0.463829 0
vt 0.454726 0
f 2489/2444/793 2488/2445/794 2651/2446/794 2650/2447/793 

vt 0.4514 0.03
vt 0.460084 0.03
vn -5.4673e-16 -0.94504 0.326956
vt 0.460084 0
vt 0.4514 0
f 2488/2448/794 2487/2449/795 2652/2450/795 2651/2451/794 

vt 0.436155 0.03
vt 0.444421 0.03
vn -5.75452e-16 -0.879678 0.47557
vt 0.444421 0
vt 0.436155 0
f 2487/2452/795 2486/2453/796 2653/2454/796 2652/2455/795 

vt 0.406969 0.03
vt 0.414817 0.03
vn -5.89434e-16 -0.782829 0.622237
vt 0.414817 0
vt 0.406969 0
f 2486/2456/796 2485/2457/797 2654/2458/797 2653/2459/796 

vt 0.360401 0.03
vt 0.36785 0.03
vn -5.83587e-16 -0.646781 0.762676
vt 0.36785 0
vt 0.360401 0
f 2485/2460/797 2484/2461/798 2655/2462/798 2654/2463/797 

vt 0.291967 0.03
vt 0.299081 0.03
vt 0.299081 0
vt 0.291967 0
f 2484/2464/798 2483/2465/760 2570/2466/760 2655/2467/798 

g Mesh17 ___557_2 Model

v 108.297 3.02848 -38.9333
v 108.297 2.68849 -38.9333
v 105.297 2.68849 -38.9333
v 105.297 3.02848 -38.9333
f 2656/2067/758 2657/2066/758 2658/2065/758 2659/2064/758 

v 108.297 1.8261 -22.6924
v 108.297 1.72638 -22.6924
v 108.297 1.41205 -22.7302
v 108.297 1.08892 -22.8538
v 108.297 0.795135 -23.0547
v 108.297 0.537404 -23.3238
v 108.297 0.322434 -23.6523
v 108.297 0.156932 -24.0313
v 108.297 0.0476056 -24.4517
v 108.297 0.00116372 -24.9048
v 108.297 5.46516e-09 -25.3162
v 108.297 5.46516e-09 -26.459
v 108.297 5.46516e-09 -28.1774
v 108.297 5.46516e-09 -30.2128
v 108.297 5.46516e-09 -32.307
v 108.297 5.46516e-09 -34.2016
v 108.297 5.46516e-09 -35.638
v 108.297 5.46516e-09 -36.3579
v 108.297 0.020207 -36.7667
v 108.297 0.110297 -37.2487
v 108.297 0.265794 -37.6892
v 108.297 0.479291 -38.0786
v 108.297 0.74338 -38.4068
v 108.297 1.05065 -38.6641
v 108.297 1.3937 -38.8407
v 108.297 1.76512 -38.9265
v 108.297 1.93819 -38.9333
v 108.297 2.10156 -38.9333
v 108.297 2.36558 -38.9333
v 108.297 3.34379 -38.9333
v 108.297 3.59262 -38.9333
v 108.297 3.73319 -38.9333
v 108.297 3.75 -39.0484
v 108.297 3.75 -39.7775
v 108.297 3.75 -41.0072
v 108.297 3.75 -42.5373
v 108.297 3.75 -44.1675
v 108.297 3.75 -45.6976
v 108.297 3.75 -46.9273
v 108.297 3.75 -47.6564
v 108.297 4.02459 -47.7715
v 108.297 6.3211 -47.7715
v 108.297 10.3862 -47.7715
v 108.297 15.5372 -47.7715
v 108.297 21.0916 -47.7715
v 108.297 26.3668 -47.7715
v 108.297 30.6801 -47.7715
v 108.297 33.3489 -47.7715
v 108.297 33.8787 -47.6745
v 108.297 33.8787 -46.5239
v 108.297 33.8787 -44.371
v 108.297 33.8787 -41.5896
v 108.297 33.8787 -38.5534
v 108.297 33.8787 -35.6362
v 108.297 33.8787 -33.2115
v 108.297 33.8787 -31.6531
v 108.297 33.8017 -31.1911
v 108.297 32.3437 -29.5596
v 108.297 29.4344 -26.3041
v 108.297 25.5972 -22.0103
v 108.297 21.3556 -17.264
v 108.297 17.233 -12.6508
v 108.297 13.7527 -8.75644
v 108.297 11.4382 -6.16649
v 108.297 10.7668 -5.42691
v 108.297 10.3713 -5.42691
v 108.297 9.51982 -5.42691
v 108.297 8.37168 -5.42691
v 108.297 7.08603 -5.42691
v 108.297 5.8221 -5.42691
v 108.297 4.73909 -5.42691
v 108.297 3.99621 -5.42691
v 108.297 3.75 -5.4334
v 108.297 3.75 -6.28391
v 108.297 3.75 -8.29014
v 108.297 3.75 -11.0609
v 108.297 3.75 -14.2051
v 108.297 3.75 -17.3316
v 108.297 3.75 -20.049
v 108.297 3.75 -21.9663
v 108.297 3.75 -22.6924
v 108.297 3.66487 -22.6924
v 108.297 3.44006 -22.6924
v 108.297 3.12144 -22.6924
v 108.297 2.75487 -22.6924
v 108.297 2.38621 -22.6924
v 108.297 2.06133 -22.6924
f 2660/2389/759 2661/2388/759 2662/2387/759 2663/2386/759 2664/2385/759 2665/2384/759 2666/2383/759 2667/2382/759 2668/2381/759 2669/2380/759 2670/2379/759 2671/2378/759 2672/2377/759 2673/2376/759 2674/2375/759 2675/2374/759 2676/2373/759 2677/2372/759 2678/2371/759 2679/2370/759 2680/2369/759 2681/2368/759 2682/2367/759 2683/2366/759 2684/2365/759 2685/2364/759 2686/2363/759 2687/2362/759 2688/2361/759 2657/2360/759 2656/2359/759 2689/2358/759 2690/2357/759 2691/2356/759 2692/2355/759 2693/2354/759 2694/2353/759 2695/2352/759 2696/2351/759 2697/2350/759 2698/2349/759 2699/2348/759 2700/2108/759 2701/2109/759 2702/2110/759 2703/2111/759 2704/2112/759 2705/2113/759 2706/2114/759 2707/2115/759 2708/2347/759 2709/2346/759 2710/2345/759 2711/2344/759 2712/2343/759 2713/2342/759 2714/2341/759 2715/2340/759 2716/2339/759 2717/2338/759 2718/2337/759 2719/2336/759 2720/2335/759 2721/2334/759 2722/2333/759 2723/2332/759 2724/2331/759 2725/2330/759 2726/2329/759 2727/2328/759 2728/2327/759 2729/2326/759 2730/2325/759 2731/2324/759 2732/2323/759 2733/2322/759 2734/2321/759 2735/2320/759 2736/2319/759 2737/2318/759 2738/2317/759 2739/2316/759 2740/2315/759 2741/2314/759 2742/2313/759 2743/2312/759 2744/2311/759 2745/2310/759 2746/2309/759 

v 105.297 1.8261 -22.6924
v 105.297 1.72638 -22.6924
f 2661/2168/762 2660/2167/763 2747/2166/763 2748/2165/762 

v 105.297 2.06133 -22.6924
f 2660/2167/763 2746/2170/763 2749/2169/763 2747/2166/763 

v 105.297 2.38621 -22.6924
f 2746/2170/763 2745/2172/763 2750/2171/763 2749/2169/763 

v 105.297 2.75487 -22.6924
f 2745/2172/763 2744/2174/763 2751/2173/763 2750/2171/763 

v 105.297 3.12144 -22.6924
f 2744/2174/763 2743/2176/763 2752/2175/763 2751/2173/763 

v 105.297 3.44006 -22.6924
f 2743/2176/763 2742/2178/763 2753/2177/763 2752/2175/763 

v 105.297 3.66487 -22.6924
f 2742/2178/763 2741/2180/763 2754/2179/763 2753/2177/763 

v 105.297 3.75 -22.6924
f 2741/2180/763 2740/1075/763 2755/1266/763 2754/2179/763 

v 105.297 3.75 -21.9663
f 2740/2184/764 2739/2183/764 2756/2182/764 2755/2181/764 

v 105.297 3.75 -20.049
f 2739/2183/764 2738/2186/764 2757/2185/764 2756/2182/764 

v 105.297 3.75 -17.3316
f 2738/2186/764 2737/2188/764 2758/2187/764 2757/2185/764 

v 105.297 3.75 -14.2051
f 2737/2188/764 2736/2190/764 2759/2189/764 2758/2187/764 

v 105.297 3.75 -11.0609
f 2736/2190/764 2735/2192/764 2760/2191/764 2759/2189/764 

v 105.297 3.75 -8.29014
f 2735/2192/764 2734/2194/764 2761/2193/764 2760/2191/764 

v 105.297 3.75 -6.28391
f 2734/2194/764 2733/2196/764 2762/2195/764 2761/2193/764 

v 105.297 3.75 -5.4334
f 2733/2196/764 2732/2198/764 2763/2197/764 2762/2195/764 

v 105.297 3.99621 -5.42691
f 2732/2202/765 2731/2201/766 2764/2200/766 2763/2199/765 

v 105.297 4.73909 -5.42691
f 2731/2206/766 2730/2205/763 2765/2204/763 2764/2203/766 

v 105.297 5.8221 -5.42691
f 2730/2205/763 2729/2208/763 2766/2207/763 2765/2204/763 

v 105.297 7.08603 -5.42691
f 2729/2208/763 2728/2210/763 2767/2209/763 2766/2207/763 

v 105.297 8.37168 -5.42691
f 2728/2210/763 2727/2212/763 2768/2211/763 2767/2209/763 

v 105.297 9.51982 -5.42691
f 2727/2212/763 2726/2214/763 2769/2213/763 2768/2211/763 

v 105.297 10.3713 -5.42691
f 2726/2214/763 2725/2216/763 2770/2215/763 2769/2213/763 

v 105.297 10.7668 -5.42691
f 2725/2216/763 2724/2218/763 2771/2217/763 2770/2215/763 

v 105.297 11.4382 -6.16649
f 2724/2222/767 2723/2221/768 2772/2220/768 2771/2219/767 

v 105.297 13.7527 -8.75644
f 2723/2226/768 2722/2225/769 2773/2224/769 2772/2223/768 

v 105.297 17.233 -12.6508
f 2722/2225/769 2721/2228/769 2774/2227/769 2773/2224/769 

v 105.297 21.3556 -17.264
f 2721/2228/769 2720/2230/769 2775/2229/769 2774/2227/769 

v 105.297 25.5972 -22.0103
f 2720/2230/769 2719/2232/769 2776/2231/769 2775/2229/769 

v 105.297 29.4344 -26.3041
f 2719/2232/769 2718/2234/769 2777/2233/769 2776/2231/769 

v 105.297 32.3437 -29.5596
f 2718/2234/769 2717/2236/769 2778/2235/769 2777/2233/769 

v 105.297 33.8017 -31.1911
f 2717/2236/769 2716/2238/769 2779/2237/769 2778/2235/769 

v 105.297 33.8787 -31.6531
f 2716/2242/770 2715/2241/771 2780/2240/771 2779/2239/770 

v 105.297 33.8787 -33.2115
f 2715/2246/771 2714/2245/772 2781/2244/772 2780/2243/771 

v 105.297 33.8787 -35.6362
f 2714/2245/772 2713/2248/772 2782/2247/772 2781/2244/772 

v 105.297 33.8787 -38.5534
f 2713/2248/772 2712/2250/772 2783/2249/772 2782/2247/772 

v 105.297 33.8787 -41.5896
f 2712/2250/772 2711/2252/772 2784/2251/772 2783/2249/772 

v 105.297 33.8787 -44.371
f 2711/2252/772 2710/2254/773 2785/2253/773 2784/2251/772 

v 105.297 33.8787 -46.5239
f 2710/2254/773 2709/2256/774 2786/2255/774 2785/2253/773 

v 105.297 33.8787 -47.6745
f 2709/2256/774 2708/2258/775 2787/2257/775 2786/2255/774 

v 105.297 33.3489 -47.7715
f 2708/2262/776 2707/2261/777 2788/2260/777 2787/2259/776 

v 105.297 30.6801 -47.7715
f 2707/2266/777 2706/2265/758 2789/2264/758 2788/2263/777 

v 105.297 26.3668 -47.7715
f 2706/2265/758 2705/2268/758 2790/2267/758 2789/2264/758 

v 105.297 21.0916 -47.7715
f 2705/2268/758 2704/2270/758 2791/2269/758 2790/2267/758 

v 105.297 15.5372 -47.7715
f 2704/2270/758 2703/2272/758 2792/2271/758 2791/2269/758 

v 105.297 10.3862 -47.7715
f 2703/2272/758 2702/2274/758 2793/2273/758 2792/2271/758 

v 105.297 6.3211 -47.7715
f 2702/2274/758 2701/2276/758 2794/2275/758 2793/2273/758 

v 105.297 4.02459 -47.7715
f 2701/2276/758 2700/2278/758 2795/2277/758 2794/2275/758 

v 105.297 3.75 -47.6564
f 2700/2282/778 2699/2281/778 2796/2280/778 2795/2279/778 

v 105.297 3.75 -46.9273
f 2699/2286/764 2698/2285/764 2797/2284/764 2796/2283/764 

v 105.297 3.75 -45.6976
f 2698/2285/764 2697/2288/764 2798/2287/764 2797/2284/764 

v 105.297 3.75 -44.1675
f 2697/2288/764 2696/2290/764 2799/2289/764 2798/2287/764 

v 105.297 3.75 -42.5373
f 2696/2290/764 2695/2292/764 2800/2291/764 2799/2289/764 

v 105.297 3.75 -41.0072
f 2695/2292/764 2694/2294/764 2801/2293/764 2800/2291/764 

v 105.297 3.75 -39.7775
f 2694/2294/764 2693/2296/764 2802/2295/764 2801/2293/764 

v 105.297 3.75 -39.0484
f 2693/2296/764 2692/2298/779 2803/2297/779 2802/2295/764 

v 105.297 3.73319 -38.9333
f 2692/2302/779 2691/2301/780 2804/2300/780 2803/2299/779 

v 105.297 3.59262 -38.9333
f 2691/2306/758 2690/2305/758 2805/2304/758 2804/2303/758 

v 105.297 3.34379 -38.9333
f 2690/2305/758 2689/2308/758 2806/2307/758 2805/2304/758 

f 2689/2308/758 2656/2067/758 2659/2064/758 2806/2307/758 

v 105.297 2.36558 -38.9333
v 105.297 2.10156 -38.9333
v 105.297 1.93819 -38.9333
v 105.297 1.76512 -38.9265
v 105.297 1.3937 -38.8407
v 105.297 1.05065 -38.6641
v 105.297 0.74338 -38.4068
v 105.297 0.479291 -38.0786
v 105.297 0.265794 -37.6892
v 105.297 0.110297 -37.2487
v 105.297 0.020207 -36.7667
v 105.297 5.46516e-09 -36.3579
v 105.297 5.46516e-09 -35.638
v 105.297 5.46516e-09 -34.2016
v 105.297 5.46516e-09 -32.307
v 105.297 5.46516e-09 -30.2128
v 105.297 5.46516e-09 -28.1774
v 105.297 5.46516e-09 -26.459
v 105.297 5.46516e-09 -25.3162
v 105.297 0.00116372 -24.9048
v 105.297 0.0476056 -24.4517
v 105.297 0.156932 -24.0313
v 105.297 0.322434 -23.6523
v 105.297 0.537404 -23.3238
v 105.297 0.795135 -23.0547
v 105.297 1.08892 -22.8538
v 105.297 1.41205 -22.7302
f 2748/2156/781 2747/2155/781 2749/2154/781 2750/2153/781 2751/2152/781 2752/2151/781 2753/2150/781 2754/2149/781 2755/2148/781 2756/2147/781 2757/2146/781 2758/2145/781 2759/2144/781 2760/2143/781 2761/2142/781 2762/2141/781 2763/2140/781 2764/2139/781 2765/2138/781 2766/2137/781 2767/2136/781 2768/2135/781 2769/2134/781 2770/2133/781 2771/2132/781 2772/2131/781 2773/2130/781 2774/2129/781 2775/2128/781 2776/2127/781 2777/2126/781 2778/2125/781 2779/2124/781 2780/2123/781 2781/2122/781 2782/2121/781 2783/2120/781 2784/2119/781 2785/2118/781 2786/2117/781 2787/2116/781 2788/2115/781 2789/2114/781 2790/2113/781 2791/2112/781 2792/2111/781 2793/2110/781 2794/2109/781 2795/2108/781 2796/2107/781 2797/2106/781 2798/2105/781 2799/2104/781 2800/2103/781 2801/2102/781 2802/2101/781 2803/2100/781 2804/2099/781 2805/2098/781 2806/2097/781 2659/2096/781 2658/2095/781 2807/2094/781 2808/2093/781 2809/2092/781 2810/2091/781 2811/2090/781 2812/2089/781 2813/2088/781 2814/2087/781 2815/2086/781 2816/2085/781 2817/2084/781 2818/2083/781 2819/2082/781 2820/2081/781 2821/2080/781 2822/2079/781 2823/2078/781 2824/2077/781 2825/2076/781 2826/2075/781 2827/2074/781 2828/2073/781 2829/2072/781 2830/2071/781 2831/2070/781 2832/2069/781 2833/2068/781 

f 2657/2066/758 2688/2391/758 2807/2390/758 2658/2065/758 

f 2688/2391/758 2687/2393/758 2808/2392/758 2807/2390/758 

f 2687/2393/758 2686/2395/782 2809/2394/782 2808/2392/758 

f 2686/2399/782 2685/2398/783 2810/2397/783 2809/2396/782 

f 2685/2403/783 2684/2402/784 2811/2401/784 2810/2400/783 

f 2684/2407/784 2683/2406/785 2812/2405/785 2811/2404/784 

f 2683/2411/785 2682/2410/786 2813/2409/786 2812/2408/785 

f 2682/2415/786 2681/2414/787 2814/2413/787 2813/2412/786 

f 2681/2419/787 2680/2418/788 2815/2417/788 2814/2416/787 

f 2680/2423/788 2679/2422/789 2816/2421/789 2815/2420/788 

f 2679/2427/789 2678/2426/790 2817/2425/790 2816/2424/789 

f 2678/2431/790 2677/2430/791 2818/2429/791 2817/2428/790 

f 2677/2083/791 2676/2082/764 2819/2433/764 2818/2432/791 

f 2676/2082/764 2675/2081/764 2820/2434/764 2819/2433/764 

f 2675/2081/764 2674/2080/764 2821/2435/764 2820/2434/764 

f 2674/2080/764 2673/2079/764 2822/2436/764 2821/2435/764 

f 2673/2079/764 2672/2078/764 2823/2437/764 2822/2436/764 

f 2672/2078/764 2671/2077/764 2824/2438/764 2823/2437/764 

f 2671/2077/764 2670/2076/792 2825/2439/792 2824/2438/764 

f 2670/2443/792 2669/2442/793 2826/2441/793 2825/2440/792 

f 2669/2447/793 2668/2446/794 2827/2445/794 2826/2444/793 

f 2668/2451/794 2667/2450/795 2828/2449/795 2827/2448/794 

f 2667/2455/795 2666/2454/796 2829/2453/796 2828/2452/795 

f 2666/2459/796 2665/2458/797 2830/2457/797 2829/2456/796 

f 2665/2463/797 2664/2462/798 2831/2461/798 2830/2460/797 

f 2664/2467/798 2663/2466/760 2832/2465/760 2831/2464/798 

f 2663/2160/760 2662/2159/761 2833/2158/761 2832/2157/760 

f 2662/2164/761 2661/2163/762 2748/2162/762 2833/2161/761 

