# Alias OBJ Model File
# Exported from SketchUp, (c) 2000-2012 Trimble Navigation Limited
# File units = millimeters

mtllib 4.mtl

g Mesh1 ___582_1 Model

usemtl _
v 232.091 11.2223 -7.33763
vt -0.282692 0
vn 0.707105 0.00238564 0.707105
v 232.091 11.3705 -7.33788
vt -0.285654 0
v 229.969 11.3705 -5.21656
vt -0.285654 0.03
v 229.97 11.2223 -5.21631
vt -0.282692 0.03
f 1/1/1 2/2/1 3/3/1 4/4/1 

v 231.987 11.1043 -7.44204
vt -0.114706 0.130343
vn 0.707107 -2.59889e-16 -0.707107
v 231.737 10.9713 -7.69127
vt -0.120929 0.128221
v 231.44 10.8125 -7.98874
vt -0.128356 0.125689
v 231.191 10.6795 -8.23798
vt -0.134579 0.123567
v 231.086 10.6237 -8.34249
vt -0.137189 0.122677
v 231.09 10.5519 -8.33856
vt -0.136743 0.121993
v 231.099 10.3808 -8.32918
vt -0.135681 0.120361
v 231.111 10.1766 -8.31799
vt -0.134414 0.118413
v 231.12 10.0055 -8.30861
vt -0.133352 0.116781
v 231.124 9.93371 -8.30468
vt -0.132906 0.116096
v 230.964 9.83698 -8.46468
vt -0.136848 0.114624
v 230.582 9.60634 -8.84622
vt -0.146248 0.111114
v 230.127 9.33105 -9.3016
vt -0.157466 0.106924
v 229.745 9.1004 -9.68314
vt -0.166866 0.103413
v 229.585 9.00368 -9.84314
vt -0.170808 0.101941
v 229.587 8.86935 -9.84142
vt -0.170129 0.100641
v 229.591 8.54903 -9.8373
vt -0.16851 0.0975412
v 229.596 8.16671 -9.83239
vt -0.166578 0.0938416
v 229.6 7.84639 -9.82828
vt -0.16496 0.0907419
v 229.602 7.71206 -9.82655
vt -0.164281 0.089442
v 229.513 7.59798 -9.91558
vt -0.166191 0.0880371
v 229.301 7.32593 -10.1279
vt -0.170745 0.0846869
v 229.047 7.00123 -10.3813
vt -0.176182 0.0806883
v 228.835 6.72918 -10.5936
vt -0.180736 0.0773381
v 228.746 6.6151 -10.6826
vt -0.182646 0.0759332
v 228.511 6.30899 -10.9178
vt -0.18767 0.0721759
v 227.873 5.55996 -11.5552
vt -0.201664 0.0627759
v 226.936 4.62191 -12.4926
vt -0.223013 0.050541
v 225.801 3.74875 -13.6279
vt -0.250102 0.0382791
v 224.57 3.19441 -14.8587
vt -0.281317 0.0287981
v 222.337 2.83783 -17.0915
vt -0.340992 0.0179074
v 219.955 2.79743 -19.4733
vt -0.406249 0.00959418
v 217.541 3.0321 -21.8876
vt -0.473691 0.00384649
v 215.211 3.50069 -24.2178
vt -0.539919 0.000652401
v 213.082 4.16207 -26.3471
vt -0.601536 0
v 207.097 6.62168 -32.3321
vt -0.77755 0.00400383
v 200.827 9.49473 -38.6015
vt -0.963322 0.0110804
v 195.201 12.2297 -44.2279
vt -1.13078 0.0189535
v 191.145 14.2752 -48.2838
vt -1.25184 0.0253466
v 189.587 15.0795 -49.8419
vt -1.29843 0.0279835
v 189.65 15.9869 -49.7788
vt -1.30096 0.0370122
v 189.8 18.1505 -49.6285
vt -1.307 0.0585422
v 189.9 19.7656 -49.5286
vt -1.31185 0.0745716
v 189.98 20.733 -49.449
vt -1.31421 0.0842394
v 190.05 21.9272 -49.3784
vt -1.31788 0.0960813
v 190.362 21.7521 -49.0665
vt -1.30849 0.0954164
v 191.258 21.2656 -48.1705
vt -1.28158 0.0936672
v 192.679 20.5259 -46.7499
vt -1.23907 0.0912019
v 194.564 19.5913 -44.8642
vt -1.18287 0.0883888
v 196.856 18.5201 -42.573
vt -1.11487 0.0855961
v 199.493 17.3704 -39.9357
vt -1.037 0.083192
v 202.417 16.2006 -37.012
vt -0.951167 0.0815448
v 205.567 15.0689 -33.8612
vt -0.859272 0.0810227
v 208.879 14.0279 -30.55
vt -0.763395 0.0819155
v 212.248 13.0909 -27.1807
vt -0.666412 0.0840121
v 215.607 12.2824 -23.822
vt -0.570322 0.0873236
v 218.893 11.6316 -20.5353
vt -0.476955 0.0919274
v 222.046 11.1674 -17.3823
vt -0.388137 0.0979008
v 225.004 10.9189 -14.4246
vt -0.305697 0.105321
v 227.705 10.9151 -11.7237
vt -0.231464 0.114266
v 230.087 11.1851 -9.34111
vt -0.167267 0.124813
v 232.09 11.7577 -7.33854
vt -0.114933 0.137038
v 232.09 11.6956 -7.33843
vt -0.114638 0.136434
v 232.09 11.5474 -7.33818
vt -0.113934 0.134995
vt -0.113095 0.133276
vt -0.112391 0.131837
v 232.091 11.1601 -7.33753
vt -0.112096 0.131233
f 5/5/2 6/6/2 7/7/2 8/8/2 9/9/2 10/10/2 11/11/2 12/12/2 13/13/2 14/14/2 15/15/2 16/16/2 17/17/2 18/18/2 19/19/2 20/20/2 21/21/2 22/22/2 23/23/2 24/24/2 25/25/2 26/26/2 27/27/2 28/28/2 29/29/2 30/30/2 31/31/2 32/32/2 33/33/2 34/34/2 35/35/2 36/36/2 37/37/2 38/38/2 39/39/2 40/40/2 41/41/2 42/42/2 43/43/2 44/44/2 45/45/2 46/46/2 47/47/2 48/48/2 49/49/2 50/50/2 51/51/2 52/52/2 53/53/2 54/54/2 55/55/2 56/56/2 57/57/2 58/58/2 59/59/2 60/60/2 61/61/2 62/62/2 63/63/2 64/64/2 65/65/2 66/66/2 67/67/2 68/68/2 2/69/2 1/70/2 69/71/2 

vt -0.0444366 0
vn 0.249699 -0.935575 0.249699
vt -0.0519676 0
v 229.865 11.1043 -5.32072
vt -0.0519676 0.03
v 229.616 10.9713 -5.56995
vt -0.0444366 0.03
f 6/72/3 5/73/3 70/74/3 71/75/3 

vt -0.0551258 0
v 229.97 11.1601 -5.21621
vt -0.0551258 0.03
f 5/73/3 69/76/3 72/77/3 70/74/3 

vt -0.281449 0
vt -0.281449 0.03
f 69/78/1 1/1/1 4/4/1 72/79/1 

vt 0.113095 0.133276
vn -0.707107 2.59889e-16 0.707107
v 229.969 11.5474 -5.21686
vt 0.113934 0.134995
v 229.969 11.6956 -5.21711
vt 0.114638 0.136434
v 229.969 11.7577 -5.21721
vt 0.114933 0.137038
v 227.966 11.1851 -7.21979
vt 0.167267 0.124813
v 225.584 10.9151 -9.60234
vt 0.231464 0.114266
v 222.883 10.9189 -12.3033
vt 0.305697 0.105321
v 219.925 11.1674 -15.261
vt 0.388137 0.0979008
v 216.772 11.6316 -18.414
vt 0.476955 0.0919274
v 213.485 12.2824 -21.7007
vt 0.570322 0.0873236
v 210.127 13.0909 -25.0594
vt 0.666412 0.0840121
v 206.757 14.0279 -28.4286
vt 0.763395 0.0819155
v 203.446 15.0689 -31.7399
vt 0.859272 0.0810227
v 200.295 16.2006 -34.8906
vt 0.951167 0.0815448
v 197.371 17.3704 -37.8144
vt 1.037 0.083192
v 194.734 18.5201 -40.4517
vt 1.11487 0.0855961
v 192.443 19.5913 -42.7429
vt 1.18287 0.0883888
v 190.557 20.5259 -44.6286
vt 1.23907 0.0912019
v 189.137 21.2656 -46.0492
vt 1.28158 0.0936672
v 188.241 21.7521 -46.9452
vt 1.30849 0.0954164
v 187.929 21.9272 -47.2571
vt 1.31788 0.0960813
v 187.858 20.733 -47.3277
vt 1.31421 0.0842394
v 187.779 19.7656 -47.4073
vt 1.31185 0.0745716
v 187.679 18.1505 -47.5072
vt 1.307 0.0585422
v 187.528 15.9869 -47.6575
vt 1.30096 0.0370122
v 187.465 15.0795 -47.7206
vt 1.29843 0.0279835
v 189.023 14.2752 -46.1625
vt 1.25184 0.0253466
v 193.079 12.2297 -42.1065
vt 1.13078 0.0189535
v 198.706 9.49473 -36.4801
vt 0.963322 0.0110804
v 204.975 6.62168 -30.2107
vt 0.77755 0.00400383
v 210.96 4.16207 -24.2257
vt 0.601536 0
v 213.089 3.50069 -22.0964
vt 0.539919 0.000652401
v 215.42 3.0321 -19.7663
vt 0.473691 0.00384649
v 217.834 2.79743 -17.352
vt 0.406249 0.00959418
v 220.216 2.83783 -14.9702
vt 0.340992 0.0179074
v 222.448 3.19441 -12.7374
vt 0.281317 0.0287981
v 223.679 3.74875 -11.5066
vt 0.250102 0.0382791
v 224.815 4.62191 -10.3713
vt 0.223013 0.050541
v 225.752 5.55996 -9.43388
vt 0.201664 0.0627759
v 226.389 6.30899 -8.79647
vt 0.18767 0.0721759
v 226.625 6.6151 -8.56128
vt 0.182646 0.0759332
v 226.714 6.72918 -8.47225
vt 0.180736 0.0773381
v 226.926 7.00123 -8.25995
vt 0.176182 0.0806883
v 227.179 7.32593 -8.00656
vt 0.170745 0.0846869
v 227.392 7.59798 -7.79426
vt 0.166191 0.0880371
v 227.481 7.71206 -7.70523
vt 0.164281 0.089442
v 227.479 7.84639 -7.70696
vt 0.16496 0.0907419
v 227.475 8.16671 -7.71107
vt 0.166578 0.0938416
v 227.47 8.54903 -7.71598
vt 0.16851 0.0975412
v 227.466 8.86935 -7.7201
vt 0.170129 0.100641
v 227.464 9.00368 -7.72182
vt 0.170808 0.101941
v 227.624 9.1004 -7.56182
vt 0.166866 0.103413
v 228.006 9.33105 -7.18028
vt 0.157466 0.106924
v 228.461 9.60634 -6.7249
vt 0.146248 0.111114
v 228.843 9.83698 -6.34336
vt 0.136848 0.114624
v 229.003 9.93371 -6.18336
vt 0.132906 0.116096
v 228.999 10.0055 -6.18729
vt 0.133352 0.116781
v 228.989 10.1766 -6.19667
vt 0.134414 0.118413
v 228.978 10.3808 -6.20786
vt 0.135681 0.120361
v 228.969 10.5519 -6.21724
vt 0.136743 0.121993
v 228.965 10.6237 -6.22117
vt 0.137189 0.122677
v 229.069 10.6795 -6.11666
vt 0.134579 0.123567
v 229.318 10.8125 -5.86742
vt 0.128356 0.125689
vt 0.120929 0.128221
vt 0.114706 0.130343
vt 0.112096 0.131233
vt 0.112391 0.131837
f 3/80/4 73/81/4 74/82/4 75/83/4 76/84/4 77/85/4 78/86/4 79/87/4 80/88/4 81/89/4 82/90/4 83/91/4 84/92/4 85/93/4 86/94/4 87/95/4 88/96/4 89/97/4 90/98/4 91/99/4 92/100/4 93/101/4 94/102/4 95/103/4 96/104/4 97/105/4 98/106/4 99/107/4 100/108/4 101/109/4 102/110/4 103/111/4 104/112/4 105/113/4 106/114/4 107/115/4 108/116/4 109/117/4 110/118/4 111/119/4 112/120/4 113/121/4 114/122/4 115/123/4 116/124/4 117/125/4 118/126/4 119/127/4 120/128/4 121/129/4 122/130/4 123/131/4 124/132/4 125/133/4 126/134/4 127/135/4 128/136/4 129/137/4 130/138/4 131/139/4 132/140/4 133/141/4 134/142/4 71/143/4 70/144/4 72/145/4 4/146/4 

vt -0.289191 0
vt -0.289191 0.03
f 2/2/1 68/147/1 73/148/1 3/3/1 

vt -0.292153 0
vt -0.292153 0.03
f 68/147/1 67/149/1 74/150/1 73/148/1 

vt -0.293396 0
vt -0.293396 0.03
f 67/149/1 66/151/1 75/152/1 74/150/1 

vt 0.0117711 0
vn -0.140148 0.980162 -0.140148
vt -0.0459879 0
vn -0.0984826 0.990254 -0.0984826
vt -0.0459879 0.03
vt 0.0117711 0.03
f 66/153/5 65/154/6 76/155/6 75/156/5 

v 194.638 22.0565 -44.7909
vt -1.19244 0.112593
v 199.586 19.916 -39.8421
vt -1.0464 0.108245
v 207.104 17.1064 -32.3247
vt -0.826631 0.105936
v 214.066 15.1989 -25.3623
vt -0.626357 0.110548
v 219.833 14.034 -19.5959
vt -0.462432 0.118401
v 223.763 13.452 -15.666
vt -0.351716 0.125813
v 225.215 13.2935 -14.2137
vt -0.311064 0.129102
v 225.733 13.3164 -13.6957
vt -0.296938 0.131047
v 227.1 13.4889 -12.3284
vt -0.26018 0.137271
v 229.037 13.9667 -10.3919
vt -0.209215 0.148355
v 231.262 14.9054 -8.16613
vt -0.152469 0.16488
v 233.497 16.4605 -5.93121
vt -0.0983686 0.187427
v 234.014 16.9484 -5.41481
vt -0.0864726 0.193886
v 234.723 17.6335 -4.70585
vt -0.0702125 0.202903
v 235.472 18.3369 -3.95667
vt -0.0529333 0.212231
v 236.109 18.8797 -3.31961
vt -0.0379797 0.219625
v 236.482 19.0828 -2.94701
vt -0.0286965 0.222838
v 236.679 19.0193 -2.74929
vt -0.0229654 0.222879
v 236.877 18.9061 -2.55197
vt -0.0170112 0.222435
v 237.049 18.7798 -2.38005
vt -0.0116938 0.221779
v 237.17 18.6772 -2.25856
vt -0.00787286 0.221185
v 237.216 18.6348 -2.2125
vt -0.00640815 0.220927
v 237.226 18.5485 -2.20302
vt -0.00574171 0.220119
v 237.248 18.3425 -2.18041
vt -0.00415248 0.218193
v 237.275 18.0968 -2.15342
vt -0.00225567 0.215894
v 237.298 17.8909 -2.1308
vt -0.000666448 0.213968
v 237.307 17.8045 -2.12132
vt 0 0.21316
v 237.252 17.7762 -2.17637
vt -0.00137958 0.212701
v 237.121 17.7087 -2.30765
vt -0.00466933 0.211608
v 236.964 17.628 -2.46434
vt -0.00859581 0.210304
v 236.833 17.5605 -2.59562
vt -0.0118856 0.209211
v 236.778 17.5322 -2.65067
vt -0.0132651 0.208752
v 236.491 17.1683 -2.93722
vt -0.0194283 0.204263
v 235.801 16.2935 -3.62729
vt -0.0342778 0.193465
v 234.962 15.2328 -4.46658
vt -0.0523532 0.180364
v 234.228 14.3112 -5.20073
vt -0.0681943 0.168966
v 233.853 13.854 -5.57544
vt -0.0763408 0.163276
v 233.777 13.6897 -5.65111
vt -0.0776478 0.161427
v 233.597 13.2979 -5.83156
vt -0.0807646 0.157019
v 233.382 12.8303 -6.04693
vt -0.0844846 0.151758
v 233.201 12.4385 -6.22738
vt -0.0876013 0.14735
v 233.126 12.2742 -6.30306
vt -0.0889083 0.145501
v 233.018 12.2205 -6.41075
vt -0.0916149 0.144621
v 232.761 12.0924 -6.66754
vt -0.098069 0.142522
v 232.455 11.9395 -6.97405
vt -0.105772 0.140017
v 232.198 11.8115 -7.23085
vt -0.112226 0.137918
v 190.13 22.8967 -49.2987
vt -1.32025 0.105769
v 190.193 23.804 -49.2356
vt -1.32278 0.114798
v 190.521 23.7375 -48.908
vt -1.31347 0.115241
v 191.812 23.2377 -47.617
vt -1.27565 0.114676
f 135/157/2 136/158/2 137/159/2 138/160/2 139/161/2 140/162/2 141/163/2 142/164/2 143/165/2 144/166/2 145/167/2 146/168/2 147/169/2 148/170/2 149/171/2 150/172/2 151/173/2 152/174/2 153/175/2 154/176/2 155/177/2 156/178/2 157/179/2 158/180/2 159/181/2 160/182/2 161/183/2 162/184/2 163/185/2 164/186/2 165/187/2 166/188/2 167/189/2 168/190/2 169/191/2 170/192/2 171/193/2 172/194/2 173/195/2 174/196/2 175/197/2 176/198/2 177/199/2 178/200/2 179/201/2 180/202/2 66/66/2 65/65/2 64/64/2 63/63/2 62/62/2 61/61/2 60/60/2 59/59/2 58/58/2 57/57/2 56/56/2 55/55/2 54/54/2 53/53/2 52/52/2 51/51/2 50/50/2 49/49/2 181/203/2 182/204/2 183/205/2 184/206/2 

vt -1.0574 0
vn 0.193773 0.961719 0.193773
vt -1.2037 0
vn 0.203615 0.957644 0.203615
v 192.516 22.0565 -42.6696
vt -1.2037 0.03
v 197.465 19.916 -37.7208
vt -1.0574 0.03
f 136/207/7 135/208/8 185/209/8 186/210/7 

vt -1.2022 0
vt -1.28551 0
vn 0.193571 0.961801 0.193571
v 189.69 23.2377 -45.4957
vt -1.28551 0.03
vt -1.2022 0.03
f 135/211/8 184/212/9 187/213/9 185/214/8 

vt -1.28192 0
vt -1.31976 0
vn 0.143858 0.979086 0.143858
v 188.399 23.7375 -46.7867
vt -1.31976 0.03
vt -1.28192 0.03
f 184/215/9 183/216/10 188/217/10 187/218/9 

vt -1.28576 0
vt -1.29511 0
vn 0.100455 0.989857 0.100455
v 188.072 23.804 -47.1143
vt -1.29511 0.03
vt -1.28576 0.03
f 183/219/10 182/220/11 189/221/11 188/222/10 

vt 0.411066 0
vn -0.703717 0.0977994 -0.703717
vt 0.392841 0
vn -0.703072 0.106681 -0.703072
v 188.009 22.8967 -47.1774
vt 0.392841 0.03
vt 0.411066 0.03
f 182/223/12 181/224/13 190/225/13 189/226/12 

vt 0.369956 0
vt 0.350446 0
vn -0.70237 0.115555 -0.70237
vt 0.350446 0.03
vt 0.369956 0.03
f 181/227/13 49/228/14 92/229/14 190/230/13 

vt -1.32231 0
vn 0.257191 0.931507 0.257191
vt -1.33179 0
vn 0.26092 0.929431 0.26092
vt -1.33179 0.03
vt -1.32231 0.03
f 50/231/15 49/232/16 92/233/16 91/234/15 

vt 0.391886 0
vn -0.704648 0.0833156 -0.704648
vt 0.367931 0
vn -0.7036 0.0994668 -0.7036
vt 0.367931 0.03
vt 0.391886 0.03
f 49/235/17 48/236/18 93/237/18 92/238/17 

vt 0.326455 0
vt 0.306985 0
vn -0.703465 0.101354 -0.703465
vt 0.306985 0.03
vt 0.326455 0.03
f 48/239/18 47/240/19 94/241/19 93/242/18 

vt 0.343638 0
vt 0.311231 0
vn -0.704079 0.0924485 -0.704079
vt 0.311231 0.03
vt 0.343638 0.03
f 47/243/19 46/244/20 95/245/20 94/246/19 

vt 0.297509 0
vt 0.254048 0
vt 0.254048 0.03
vt 0.297509 0.03
f 46/247/20 45/248/12 96/249/12 95/250/20 

vt 0.235823 0
vt 0.235823 0.03
f 45/248/12 44/251/12 97/252/12 96/249/12 

vt 1.29649 0
vn -0.242477 -0.939367 -0.242477
vt 1.2496 0
vn -0.239992 -0.940642 -0.239992
vt 1.2496 0.03
vt 1.29649 0.03
f 44/253/21 43/254/22 98/255/22 97/256/21 

vt 1.25024 0
vt 1.12851 0
vn -0.233681 -0.943815 -0.233681
vt 1.12851 0.03
vt 1.25024 0.03
f 43/257/22 42/258/23 99/259/23 98/260/22 

vt 1.12936 0
vt 0.961168 0
vn -0.223922 -0.948535 -0.223922
vt 0.961168 0.03
vt 1.12936 0.03
f 42/261/23 41/262/24 100/263/24 99/264/23 

vt 0.962223 0
vt 0.775913 0
vn -0.207671 -0.955901 -0.207671
vt 0.775913 0.03
vt 0.962223 0.03
f 41/265/24 40/266/25 101/267/25 100/268/24 

vt 0.777111 0
vt 0.600915 0
vn -0.174601 -0.969035 -0.174601
vt 0.600915 0.03
vt 0.777111 0.03
f 40/269/25 39/270/26 102/271/26 101/272/25 

vt 0.601401 0
vt 0.53977 0
vn -0.125708 -0.984071 -0.125708
vt 0.53977 0.03
vt 0.601401 0.03
f 39/273/26 38/274/27 103/275/27 102/276/26 

vt 0.537302 0
vt 0.470767 0
vn -0.0740656 -0.994499 -0.0740656
vt 0.470767 0.03
vt 0.537302 0.03
f 38/277/27 37/278/28 104/279/28 103/280/27 

vt 0.465671 0
vt 0.397258 0
vn -0.020019 -0.999599 -0.020019
vt 0.397258 0.03
vt 0.465671 0.03
f 37/281/28 36/282/29 105/283/29 104/284/28 

vt 0.388951 0
vt 0.321611 0
vn 0.0439691 -0.998065 0.0439691
vt 0.321611 0.03
vt 0.388951 0.03
f 36/285/29 35/286/30 106/287/30 105/288/29 

vt 0.308071 0
vt 0.24455 0
vn 0.147666 -0.977952 0.147666
vt 0.24455 0.03
vt 0.308071 0.03
f 35/289/30 34/290/31 107/291/31 106/292/30 

vt 0.210587 0
vt 0.174069 0
vn 0.27745 -0.919806 0.27745
vt 0.174069 0.03
vt 0.210587 0.03
f 34/293/31 33/294/32 108/295/32 107/296/31 

vt 0.134113 0
vt 0.0975799 0
vn 0.373777 -0.848871 0.373777
vt 0.0975799 0.03
vt 0.134113 0.03
f 33/297/32 32/298/33 109/299/33 108/300/32 

vt 0.0705431 0
vt 0.0380784 0
vn 0.430489 -0.793321 0.430489
vt 0.0380784 0.03
vt 0.0705431 0.03
f 32/301/33 31/302/34 110/303/34 109/304/33 

vt 0.0198057 0
vt -0.00362315 0
vn 0.465524 -0.752712 0.465524
vt -0.00362315 0.03
vt 0.0198057 0.03
f 31/305/34 30/306/35 111/307/35 110/308/34 

vt -0.0155939 0
vt -0.0246298 0
vn 0.476823 -0.738431 0.476823
vt -0.0246298 0.03
vt -0.0155939 0.03
f 30/309/35 29/310/36 112/311/36 111/312/35 

vt -0.0227977 0
vt -0.0261941 0
vn 0.474795 -0.741039 0.474795
vt -0.0261941 0.03
vt -0.0227977 0.03
f 29/313/36 28/314/37 113/315/37 112/316/36 

vt -0.0342932 0
vt -0.0342932 0.03
f 28/314/37 27/317/37 114/318/37 113/315/37 

vt -0.0439599 0
vt -0.0439599 0.03
f 27/317/37 26/319/37 115/320/37 114/318/37 

vt -0.0520589 0
vt -0.0520589 0.03
f 26/319/37 25/321/37 116/322/37 115/320/37 

vt -0.0554553 0
vt -0.0554553 0.03
f 25/321/37 24/323/37 117/324/37 116/322/37 

vt -0.214512 0
vn 0.70699 0.0181595 0.70699
vt -0.217197 0
vt -0.217197 0.03
vt -0.214512 0.03
f 24/325/38 23/326/38 118/327/38 117/328/38 

vt -0.223602 0
vt -0.223602 0.03
f 23/326/38 22/329/38 119/330/38 118/327/38 

vt -0.231245 0
vt -0.231245 0.03
f 22/329/38 21/331/38 120/332/38 119/330/38 

vt -0.23765 0
vt -0.23765 0.03
f 21/331/38 20/333/38 121/334/38 120/332/38 

vt -0.240335 0
vt -0.240335 0.03
f 20/333/38 19/335/38 122/336/38 121/334/38 

vt 0.0149582 0
vn 0.277932 -0.919515 0.277932
vt 0.010039 0
vt 0.010039 0.03
vt 0.0149582 0.03
f 19/337/39 18/338/39 123/339/39 122/340/39 

vt -0.00169121 0
vt -0.00169121 0.03
f 18/338/39 17/341/39 124/342/39 123/339/39 

vt -0.0156918 0
vt -0.0156918 0.03
f 17/341/39 16/343/39 125/344/39 124/342/39 

vt -0.0274221 0
vt -0.0274221 0.03
f 16/343/39 15/345/39 126/346/39 125/344/39 

vt -0.0323412 0
vt -0.0323412 0.03
f 15/345/39 14/347/39 127/348/39 126/346/39 

vt -0.261819 0
vn 0.704993 0.0772706 0.704993
vt -0.263257 0
vt -0.263257 0.03
vt -0.261819 0.03
f 14/349/40 13/350/40 128/351/40 127/352/40 

vt -0.266688 0
vt -0.266688 0.03
f 13/350/40 12/353/40 129/354/40 128/351/40 

vt -0.270783 0
vt -0.270783 0.03
f 12/353/40 11/355/40 130/356/40 129/354/40 

vt -0.274214 0
vt -0.274214 0.03
f 11/355/40 10/357/40 131/358/40 130/356/40 

vt -0.275652 0
vt -0.275652 0.03
f 10/357/40 9/359/40 132/360/40 131/358/40 

vt -0.0247589 0
vt -0.0279171 0
vt -0.0279171 0.03
vt -0.0247589 0.03
f 9/361/3 8/362/3 133/363/3 132/364/3 

vt -0.035448 0
vt -0.035448 0.03
f 8/362/3 7/365/3 134/366/3 133/363/3 

f 7/365/3 6/72/3 71/75/3 134/366/3 

vt 1.32278 0.114798
vt 1.32025 0.105769
v 230.076 11.8115 -5.10953
vt 0.112226 0.137918
v 230.333 11.9395 -4.85273
vt 0.105772 0.140017
v 230.64 12.0924 -4.54622
vt 0.098069 0.142522
v 230.896 12.2205 -4.28943
vt 0.0916149 0.144621
v 231.004 12.2742 -4.18174
vt 0.0889083 0.145501
v 231.08 12.4385 -4.10606
vt 0.0876013 0.14735
v 231.26 12.8303 -3.92561
vt 0.0844846 0.151758
v 231.476 13.2979 -3.71024
vt 0.0807646 0.157019
v 231.656 13.6897 -3.52979
vt 0.0776478 0.161427
v 231.732 13.854 -3.45412
vt 0.0763408 0.163276
v 232.107 14.3112 -3.07941
vt 0.0681943 0.168966
v 232.841 15.2328 -2.34526
vt 0.0523532 0.180364
v 233.68 16.2935 -1.50597
vt 0.0342778 0.193465
v 234.37 17.1683 -0.815897
vt 0.0194283 0.204263
v 234.657 17.5322 -0.529354
vt 0.0132651 0.208752
v 234.712 17.5605 -0.474301
vt 0.0118856 0.209211
v 234.843 17.628 -0.343021
vt 0.00859581 0.210304
v 235 17.7087 -0.186333
vt 0.00466933 0.211608
v 235.131 17.7762 -0.0550528
vt 0.00137958 0.212701
v 235.186 17.8045 -3.52518e-12
v 235.176 17.8909 -0.00948279
vt 0.000666448 0.213968
v 235.154 18.0968 -0.0320956
vt 0.00225567 0.215894
v 235.127 18.3425 -0.0590851
vt 0.00415248 0.218193
v 235.104 18.5485 -0.0816979
vt 0.00574171 0.220119
v 235.095 18.6348 -0.0911807
vt 0.00640815 0.220927
v 235.049 18.6772 -0.137237
vt 0.00787286 0.221185
v 234.927 18.7798 -0.258731
vt 0.0116938 0.221779
v 234.755 18.9061 -0.430648
vt 0.0170112 0.222435
v 234.558 19.0193 -0.627974
vt 0.0229654 0.222879
v 234.36 19.0828 -0.825695
vt 0.0286965 0.222838
v 233.988 18.8797 -1.19829
vt 0.0379797 0.219625
v 233.351 18.3369 -1.83535
vt 0.0529333 0.212231
v 232.601 17.6335 -2.58453
vt 0.0702125 0.202903
v 231.892 16.9484 -3.29349
vt 0.0864726 0.193886
v 231.376 16.4605 -3.80989
vt 0.0983686 0.187427
v 229.141 14.9054 -6.04481
vt 0.152469 0.16488
v 226.915 13.9667 -8.27056
vt 0.209215 0.148355
v 224.979 13.4889 -10.2071
vt 0.26018 0.137271
v 223.612 13.3164 -11.5744
vt 0.296938 0.131047
v 223.094 13.2935 -12.0924
vt 0.311064 0.129102
v 221.641 13.452 -13.5447
vt 0.351716 0.125813
v 217.711 14.034 -17.4745
vt 0.462432 0.118401
v 211.945 15.1989 -23.241
vt 0.626357 0.110548
v 204.983 17.1064 -30.2034
vt 0.826631 0.105936
vt 1.0464 0.108245
vt 1.19244 0.112593
vt 1.27565 0.114676
vt 1.31347 0.115241
f 189/367/4 190/368/4 92/100/4 91/99/4 90/98/4 89/97/4 88/96/4 87/95/4 86/94/4 85/93/4 84/92/4 83/91/4 82/90/4 81/89/4 80/88/4 79/87/4 78/86/4 77/85/4 76/84/4 75/83/4 191/369/4 192/370/4 193/371/4 194/372/4 195/373/4 196/374/4 197/375/4 198/376/4 199/377/4 200/378/4 201/379/4 202/380/4 203/381/4 204/382/4 205/383/4 206/384/4 207/385/4 208/386/4 209/387/4 210/183/4 211/388/4 212/389/4 213/390/4 214/391/4 215/392/4 216/393/4 217/394/4 218/395/4 219/396/4 220/397/4 221/398/4 222/399/4 223/400/4 224/401/4 225/402/4 226/403/4 227/404/4 228/405/4 229/406/4 230/407/4 231/408/4 232/409/4 233/410/4 234/411/4 186/412/4 185/413/4 187/414/4 188/415/4 

vt -1.29503 0
vn 0.248886 0.936008 0.248886
vt -1.32216 0
vt -1.32216 0.03
vt -1.29503 0.03
f 51/416/41 50/417/15 91/418/15 90/419/41 

vt -1.25182 0
vn 0.239093 0.9411 0.239093
vt -1.29462 0
vt -1.29462 0.03
vt -1.25182 0.03
f 52/420/42 51/421/41 90/422/41 89/423/42 

vt -1.19458 0
vn 0.227918 0.946629 0.227918
vt -1.25107 0
vt -1.25107 0.03
vt -1.19458 0.03
f 53/424/43 52/425/42 89/426/42 88/427/43 

vt -1.12514 0
vn 0.215133 0.952594 0.215133
vt -1.19336 0
vt -1.19336 0.03
vt -1.12514 0.03
f 54/428/44 53/429/43 88/430/43 87/431/44 

vt -1.04528 0
vn 0.200406 0.958997 0.200406
vt -1.1233 0
vt -1.1233 0.03
vt -1.04528 0.03
f 55/432/45 54/433/44 87/434/44 86/435/45 

vt -0.956717 0
vn 0.183296 0.965818 0.183296
vt -1.04262 0
vt -1.04262 0.03
vt -0.956717 0.03
f 56/436/46 55/437/45 86/438/45 85/439/46 

vt -0.861056 0
vn 0.163776 0.972808 0.163776
vt -0.952957 0
vt -0.952957 0.03
vt -0.861056 0.03
f 57/440/47 56/441/46 85/442/46 84/443/47 

vt -0.760215 0
vn 0.144957 0.978762 0.144957
vt -0.856109 0
vt -0.856109 0.03
vt -0.760215 0.03
f 58/444/48 57/445/47 84/446/47 83/447/48 

vt -0.65854 0
vn 0.127552 0.983596 0.127552
vt -0.755613 0
vt -0.755613 0.03
vt -0.65854 0.03
f 59/448/49 58/449/48 83/450/48 82/451/49 

vt -0.556977 0
vn 0.108359 0.988189 0.108359
vt -0.653294 0
vt -0.653294 0.03
vt -0.556977 0.03
f 60/452/50 59/453/49 82/454/49 81/455/50 

vt -0.456629 0
vn 0.0856458 0.992638 0.0856458
vt -0.550449 0
vt -0.550449 0.03
vt -0.456629 0.03
f 61/456/51 60/457/50 81/458/50 80/459/51 

vt -0.3586 0
vn 0.0575875 0.996678 0.0575875
vt -0.448217 0
vt -0.448217 0.03
vt -0.3586 0.03
f 62/460/52 61/461/51 80/462/51 79/463/52 

vt -0.263582 0
vn 0.021328 0.999545 0.021328
vt -0.347346 0
vt -0.347346 0.03
vt -0.263582 0.03
f 63/464/53 62/465/52 79/466/52 78/467/53 

vt -0.171539 0
vn -0.0279036 0.999221 -0.0279036
vt -0.247895 0
vt -0.247895 0.03
vt -0.171539 0.03
f 64/468/54 63/469/53 78/470/53 77/471/54 

vt -0.0810714 0
vt -0.148642 0
vt -0.148642 0.03
vt -0.0810714 0.03
f 65/472/6 64/473/54 77/474/54 76/475/6 

vt -0.0529455 0
vn 0.235189 -0.943065 0.235189
vt -0.0561737 0
vt -0.0561737 0.03
vt -0.0529455 0.03
f 66/476/55 180/477/55 191/478/55 75/479/55 

vt -0.0638717 0
vt -0.0638717 0.03
f 180/477/55 179/480/55 192/481/55 191/478/55 

vt -0.0730597 0
vt -0.0730597 0.03
f 179/480/55 178/482/55 193/483/55 192/481/55 

vt -0.0807577 0
vt -0.0807577 0.03
f 178/482/55 177/484/55 194/485/55 193/483/55 

vt -0.0839859 0
vt -0.0839859 0.03
f 177/484/55 176/486/55 195/487/55 194/485/55 

vt -0.244562 0
vn 0.592497 -0.545798 0.592497
vt -0.248481 0
vt -0.248481 0.03
vt -0.244562 0.03
f 176/488/56 175/489/56 196/490/56 195/491/56 

vt -0.257828 0
vt -0.257828 0.03
f 175/489/56 174/492/56 197/493/56 196/490/56 

vt -0.268983 0
vt -0.268983 0.03
f 174/492/56 173/494/56 198/495/56 197/493/56 

vt -0.27833 0
vt -0.27833 0.03
f 173/494/56 172/496/56 199/497/56 198/495/56 

vt -0.282249 0
vn 0.532492 -0.657955 0.532492
vt -0.282249 0.03
f 172/496/56 171/498/57 200/499/57 199/497/56 

vt -0.220907 0
vt -0.234898 0
vn 0.465683 -0.752514 0.465683
vt -0.234898 0.03
vt -0.220907 0.03
f 171/500/57 170/501/58 201/502/58 200/503/57 

vt -0.238398 0
vt -0.266149 0
vn 0.470288 -0.746765 0.470288
vt -0.266149 0.03
vt -0.238398 0.03
f 170/504/58 169/505/59 202/506/59 201/507/58 

vt -0.266993 0
vt -0.298814 0
vn 0.471586 -0.745126 0.471586
vt -0.298814 0.03
vt -0.266993 0.03
f 169/508/59 168/509/60 203/510/60 202/511/59 

vt -0.299191 0
vt -0.325391 0
vn 0.472201 -0.744348 0.472201
vt -0.325391 0.03
vt -0.299191 0.03
f 168/512/60 167/513/61 204/514/61 203/515/60 

vt -0.325591 0
vt -0.336478 0
vn 0.472414 -0.744077 0.472414
vt -0.336478 0.03
vt -0.325591 0.03
f 167/516/61 166/517/62 205/518/62 204/519/61 

vt -0.219825 0
vn 0.241743 -0.939745 0.241743
vt -0.221481 0
vt -0.221481 0.03
vt -0.219825 0.03
f 166/520/63 165/521/63 206/522/63 205/523/63 

vt -0.22543 0
vt -0.22543 0.03
f 165/521/63 164/524/63 207/525/63 206/522/63 

vt -0.230144 0
vt -0.230144 0.03
f 164/524/63 163/526/63 208/527/63 207/525/63 

vt -0.234093 0
vt -0.234093 0.03
f 163/526/63 162/528/63 209/529/63 208/527/63 

vt -0.235749 0
vt -0.235749 0.03
f 162/528/63 161/530/63 210/531/63 209/529/63 

vt -0.393876 0
vn 0.69873 0.153467 0.69873
vt -0.395623 0
vt -0.395623 0.03
vt -0.393876 0.03
f 161/532/64 160/533/64 211/534/64 210/535/64 

vt -0.399788 0
vt -0.399788 0.03
f 160/533/64 159/536/64 212/537/64 211/534/64 

vt -0.40476 0
vt -0.40476 0.03
f 159/536/64 158/538/64 213/539/64 212/537/64 

vt -0.408925 0
vt -0.408925 0.03
f 158/538/64 157/540/64 214/541/64 213/539/64 

vt -0.410672 0
vt -0.410672 0.03
f 157/540/64 156/542/64 215/543/64 214/541/64 

vt -0.153083 0
vn 0.385612 0.838216 0.385612
vt -0.154636 0
vn 0.37423 0.848471 0.37423
vt -0.154636 0.03
vt -0.153083 0.03
f 156/544/65 155/545/66 216/546/66 215/547/65 

vt -0.138713 0
vt -0.142714 0
vn 0.344476 0.873312 0.344476
vt -0.142714 0.03
vt -0.138713 0.03
f 155/548/66 154/549/67 217/550/67 216/551/66 

vt -0.117463 0
vt -0.12294 0
vn 0.296201 0.908036 0.296201
vt -0.12294 0.03
vt -0.117463 0.03
f 154/552/67 153/553/68 218/554/68 217/555/67 

vt -0.082406 0
vt -0.088426 0
vn 0.211848 0.954066 0.211848
vt -0.088426 0.03
vt -0.082406 0.03
f 153/556/68 152/557/69 219/558/69 218/559/68 

vt -0.0166292 0
vt -0.0223609 0
vn 0.156483 0.975206 0.156483
vt -0.0223609 0.03
vt -0.0166292 0.03
f 152/560/69 151/561/70 220/562/70 219/563/69 

vt 0.229866 0
vn -0.254333 0.933075 -0.254333
vt 0.218577 0
vn -0.310787 0.898233 -0.310787
vt 0.218577 0.03
vt 0.229866 0.03
f 151/564/71 150/565/72 221/566/72 220/567/71 

vt 0.281613 0
vt 0.260588 0
vn -0.378086 0.845046 -0.378086
vt 0.260588 0.03
vt 0.281613 0.03
f 150/568/72 149/569/73 222/570/73 221/571/72 

vt 0.275209 0
vt 0.249787 0
vn -0.395034 0.829396 -0.395034
vt 0.249787 0.03
vt 0.275209 0.03
f 149/572/73 148/573/74 223/574/74 222/575/73 

vt 0.254136 0
vt 0.229861 0
vn -0.395874 0.828594 -0.395874
vt 0.229861 0.03
vt 0.254136 0.03
f 148/576/74 147/577/75 224/578/75 223/579/74 

vt 0.226451 0
vt 0.208894 0
vn -0.353251 0.866273 -0.353251
vt 0.208894 0.03
vt 0.226451 0.03
f 147/580/75 146/581/76 225/582/76 224/583/75 

vt 0.164243 0
vt 0.0938282 0
vn -0.258025 0.931046 -0.258025
vt 0.0938282 0.03
vt 0.164243 0.03
f 146/584/76 145/585/77 226/586/77 225/587/76 

vt 0.0340477 0
vt -0.0316127 0
vn -0.162075 0.973377 -0.162075
vt -0.0316127 0.03
vt 0.0340477 0.03
f 145/588/77 144/589/78 227/590/78 226/591/77 

vt -0.0736323 0
vt -0.129205 0
vn -0.0922687 0.99145 -0.0922687
vt -0.129205 0.03
vt -0.0736323 0.03
f 144/592/78 143/593/79 228/594/79 227/595/78 

vt -0.158471 0
vt -0.197278 0
vn -0.0425059 0.998192 -0.0425059
vt -0.197278 0.03
vt -0.158471 0.03
f 143/596/79 142/597/80 229/598/80 228/599/79 

vt -0.21675 0
vt -0.231401 0
vn 0.0161683 0.999739 0.0161683
vt -0.231401 0.03
vt -0.21675 0.03
f 142/600/80 141/601/81 230/602/81 229/603/80 

vt -0.265873 0
vt -0.307053 0
vn 0.0640347 0.995891 0.0640347
vt -0.307053 0.03
vt -0.265873 0.03
f 141/604/81 140/605/82 231/606/82 230/607/81 

vt -0.315249 0
vt -0.426953 0
vn 0.0868338 0.992431 0.0868338
vt -0.426953 0.03
vt -0.315249 0.03
f 140/608/82 139/609/83 232/610/83 231/611/82 

vt -0.437763 0
vt -0.602438 0
vn 0.117276 0.98615 0.117276
vt -0.602438 0.03
vt -0.437763 0.03
f 139/612/83 138/613/84 233/614/84 232/615/83 

vt -0.61553 0
vt -0.816017 0
vn 0.157666 0.974825 0.157666
vt -0.816017 0.03
vt -0.61553 0.03
f 138/616/84 137/617/85 234/618/85 233/619/84 

vt -0.830896 0
vt -1.05071 0
vt -1.05071 0.03
vt -0.830896 0.03
f 137/620/85 136/621/7 186/622/7 234/623/85 

g Mesh2 ___579_1 Model

v 225.132 2.76594 -222.851
vt 0 0.394623
vn 0.387235 0.921981 5.48333e-16
v 188.749 18.0471 -186.139
vt 0.733865 2.25597e-16
v 188.749 18.0471 -51.617
vt 3.42297 1.12799e-16
v 225.132 2.76594 -14.9054
vt 4.15683 0.394623
f 235/624/86 236/625/86 237/626/86 238/627/86 

vt 0.499856 0.03
vn -0.627988 0.263757 -0.732164
vt -0.577569 0.03
v 223.971 6.21725e-14 -222.851
vt -0.577569 0
v 187.587 15.2812 -186.139
vt 0.499856 0
f 236/628/87 235/629/87 239/630/87 240/631/87 

vt -4.27907e-17 0.03
vn 0.921981 -0.387235 3.97084e-16
vt -4.15683 0.03
v 223.971 -1.24345e-14 -14.9054
vt -4.15683 0
vt -4.27907e-17 0
f 235/632/88 238/633/88 241/634/88 239/635/88 

vt 3.40891 0.03
vn -0.627988 0.263757 0.732164
vt 2.33148 0.03
v 187.587 15.2812 -51.617
vt 2.33148 0
vt 3.40891 0
f 238/636/89 237/637/89 242/638/89 241/639/89 

vt 3.42297 0.03
vn -0.921981 0.387235 -5.35179e-16
vt 0.733865 0.03
vt 0.733865 0
vt 3.42297 0
f 237/640/90 236/641/90 240/642/90 242/643/90 

vt -0.733865 2.25597e-16
vn -0.387235 -0.921981 -5.48333e-16
vt -4.15683 0.394623
vt -3.42297 1.12799e-16
f 240/644/91 239/624/91 241/645/91 242/646/91 

g Mesh3 ___582_2 Model

v 5.21631 11.2223 -230.535
vn -0.707105 0.00238564 -0.707105
v 5.21656 11.3705 -230.535
v 7.33788 11.3705 -232.656
v 7.33763 11.2223 -232.656
f 243/1/92 244/2/92 245/3/92 246/4/92 

v 5.32072 11.1043 -230.431
vn -0.707107 8.39176e-16 0.707107
v 5.56995 10.9713 -230.181
v 5.86742 10.8125 -229.884
v 6.11666 10.6795 -229.635
v 6.22117 10.6237 -229.53
v 6.21724 10.5519 -229.534
v 6.20786 10.3808 -229.543
v 6.19667 10.1766 -229.555
v 6.18729 10.0055 -229.564
v 6.18336 9.93371 -229.568
v 6.34336 9.83698 -229.408
v 6.7249 9.60634 -229.026
v 7.18028 9.33105 -228.571
v 7.56182 9.1004 -228.189
v 7.72182 9.00368 -228.029
v 7.7201 8.86935 -228.031
v 7.71598 8.54903 -228.035
v 7.71107 8.16671 -228.04
v 7.70696 7.84639 -228.044
v 7.70523 7.71206 -228.046
v 7.79426 7.59798 -227.957
v 8.00656 7.32593 -227.745
v 8.25995 7.00123 -227.491
v 8.47225 6.72918 -227.279
v 8.56128 6.6151 -227.19
v 8.79647 6.30899 -226.955
v 9.43388 5.55996 -226.317
v 10.3713 4.62191 -225.38
v 11.5066 3.74875 -224.245
v 12.7374 3.19441 -223.014
v 14.9702 2.83783 -220.781
v 17.352 2.79743 -218.399
v 19.7663 3.0321 -215.985
v 22.0964 3.50069 -213.655
v 24.2257 4.16207 -211.526
v 30.2107 6.62168 -205.541
v 36.4801 9.49473 -199.271
v 42.1065 12.2297 -193.645
v 46.1625 14.2752 -189.589
v 47.7206 15.0795 -188.031
v 47.6575 15.9869 -188.094
v 47.5072 18.1505 -188.244
v 47.4073 19.7656 -188.344
v 47.3277 20.733 -188.424
v 47.2571 21.9272 -188.494
v 46.9452 21.7521 -188.806
v 46.0492 21.2656 -189.702
v 44.6286 20.5259 -191.123
v 42.7429 19.5913 -193.008
v 40.4517 18.5201 -195.3
v 37.8144 17.3704 -197.937
v 34.8906 16.2006 -200.861
v 31.7399 15.0689 -204.011
v 28.4286 14.0279 -207.323
v 25.0594 13.0909 -210.692
v 21.7007 12.2824 -214.051
v 18.414 11.6316 -217.337
v 15.261 11.1674 -220.49
v 12.3033 10.9189 -223.448
v 9.60234 10.9151 -226.149
v 7.21979 11.1851 -228.531
v 5.21721 11.7577 -230.534
v 5.21711 11.6956 -230.534
v 5.21686 11.5474 -230.534
v 5.21621 11.1601 -230.535
f 247/5/93 248/6/93 249/7/93 250/8/93 251/9/93 252/10/93 253/11/93 254/12/93 255/13/93 256/14/93 257/15/93 258/16/93 259/17/93 260/18/93 261/19/93 262/20/93 263/21/93 264/22/93 265/23/93 266/24/93 267/25/93 268/26/93 269/27/93 270/28/93 271/29/93 272/30/93 273/31/93 274/32/93 275/33/93 276/34/93 277/35/93 278/36/93 279/37/93 280/38/93 281/39/93 282/40/93 283/41/93 284/42/93 285/43/93 286/44/93 287/45/93 288/46/93 289/47/93 290/48/93 291/49/93 292/50/93 293/51/93 294/52/93 295/53/93 296/54/93 297/55/93 298/56/93 299/57/93 300/58/93 301/59/93 302/60/93 303/61/93 304/62/93 305/63/93 306/64/93 307/65/93 308/66/93 309/67/93 310/68/93 244/69/93 243/70/93 311/71/93 

vn -0.249699 -0.935575 -0.249699
v 7.44204 11.1043 -232.552
v 7.69127 10.9713 -232.303
f 248/72/94 247/73/94 312/74/94 313/75/94 

v 7.33753 11.1601 -232.656
f 247/73/94 311/76/94 314/77/94 312/74/94 

f 311/78/92 243/1/92 246/4/92 314/79/92 

vn 0.707107 -8.39176e-16 -0.707107
v 7.33818 11.5474 -232.656
v 7.33843 11.6956 -232.655
v 7.33854 11.7577 -232.655
v 9.34111 11.1851 -230.653
v 11.7237 10.9151 -228.27
v 14.4246 10.9189 -225.569
v 17.3823 11.1674 -222.612
v 20.5353 11.6316 -219.459
v 23.822 12.2824 -216.172
v 27.1807 13.0909 -212.813
v 30.55 14.0279 -209.444
v 33.8612 15.0689 -206.133
v 37.012 16.2006 -202.982
v 39.9357 17.3704 -200.058
v 42.573 18.5201 -197.421
v 44.8642 19.5913 -195.13
v 46.7499 20.5259 -193.244
v 48.1705 21.2656 -191.823
v 49.0665 21.7521 -190.927
v 49.3784 21.9272 -190.615
v 49.449 20.733 -190.545
v 49.5286 19.7656 -190.465
v 49.6285 18.1505 -190.365
v 49.7788 15.9869 -190.215
v 49.8419 15.0795 -190.152
v 48.2838 14.2752 -191.71
v 44.2279 12.2297 -195.766
v 38.6015 9.49473 -201.392
v 32.3321 6.62168 -207.662
v 26.3471 4.16207 -213.647
v 24.2178 3.50069 -215.776
v 21.8876 3.0321 -218.106
v 19.4733 2.79743 -220.521
v 17.0915 2.83783 -222.902
v 14.8587 3.19441 -225.135
v 13.6279 3.74875 -226.366
v 12.4926 4.62191 -227.501
v 11.5552 5.55996 -228.439
v 10.9178 6.30899 -229.076
v 10.6826 6.6151 -229.311
v 10.5936 6.72918 -229.4
v 10.3813 7.00123 -229.613
v 10.1279 7.32593 -229.866
v 9.91558 7.59798 -230.078
v 9.82655 7.71206 -230.167
v 9.82828 7.84639 -230.166
v 9.83239 8.16671 -230.161
v 9.8373 8.54903 -230.157
v 9.84142 8.86935 -230.152
v 9.84314 9.00368 -230.151
v 9.68314 9.1004 -230.311
v 9.3016 9.33105 -230.692
v 8.84622 9.60634 -231.148
v 8.46468 9.83698 -231.529
v 8.30468 9.93371 -231.689
v 8.30861 10.0055 -231.685
v 8.31799 10.1766 -231.676
v 8.32918 10.3808 -231.665
v 8.33856 10.5519 -231.655
v 8.34249 10.6237 -231.651
v 8.23798 10.6795 -231.756
v 7.98874 10.8125 -232.005
f 245/80/95 315/81/95 316/82/95 317/83/95 318/84/95 319/85/95 320/86/95 321/87/95 322/88/95 323/89/95 324/90/95 325/91/95 326/92/95 327/93/95 328/94/95 329/95/95 330/96/95 331/97/95 332/98/95 333/99/95 334/100/95 335/101/95 336/102/95 337/103/95 338/104/95 339/105/95 340/106/95 341/107/95 342/108/95 343/109/95 344/110/95 345/111/95 346/112/95 347/113/95 348/114/95 349/115/95 350/116/95 351/117/95 352/118/95 353/119/95 354/120/95 355/121/95 356/122/95 357/123/95 358/124/95 359/125/95 360/126/95 361/127/95 362/128/95 363/129/95 364/130/95 365/131/95 366/132/95 367/133/95 368/134/95 369/135/95 370/136/95 371/137/95 372/138/95 373/139/95 374/140/95 375/141/95 376/142/95 313/143/95 312/144/95 314/145/95 246/146/95 

f 244/2/92 310/147/92 315/148/92 245/3/92 

f 310/147/92 309/149/92 316/150/92 315/148/92 

f 309/149/92 308/151/92 317/152/92 316/150/92 

vn 0.140148 0.980162 0.140148
vn 0.0984826 0.990254 0.0984826
f 308/153/96 307/154/97 318/155/97 317/156/96 

v 42.6696 22.0565 -193.082
v 37.7208 19.916 -198.03
v 30.2034 17.1064 -205.548
v 23.241 15.1989 -212.51
v 17.4745 14.034 -218.277
v 13.5447 13.452 -222.207
v 12.0924 13.2935 -223.659
v 11.5744 13.3164 -224.177
v 10.2071 13.4889 -225.544
v 8.27056 13.9667 -227.481
v 6.04481 14.9054 -229.706
v 3.80989 16.4605 -231.941
v 3.29349 16.9484 -232.458
v 2.58453 17.6335 -233.167
v 1.83535 18.3369 -233.916
v 1.19829 18.8797 -234.553
v 0.825695 19.0828 -234.926
v 0.627974 19.0193 -235.123
v 0.430648 18.9061 -235.321
v 0.258731 18.7798 -235.493
v 0.137237 18.6772 -235.614
v 0.0911807 18.6348 -235.66
v 0.0816979 18.5485 -235.67
v 0.0590851 18.3425 -235.692
v 0.0320956 18.0968 -235.719
v 0.00948279 17.8909 -235.742
v -2.17604e-14 17.8045 -235.751
v 0.0550528 17.7762 -235.696
v 0.186333 17.7087 -235.565
v 0.343021 17.628 -235.408
v 0.474301 17.5605 -235.277
v 0.529354 17.5322 -235.222
v 0.815897 17.1683 -234.935
v 1.50597 16.2935 -234.245
v 2.34526 15.2328 -233.406
v 3.07941 14.3112 -232.672
v 3.45412 13.854 -232.297
v 3.52979 13.6897 -232.221
v 3.71024 13.2979 -232.041
v 3.92561 12.8303 -231.826
v 4.10606 12.4385 -231.645
v 4.18174 12.2742 -231.57
v 4.28943 12.2205 -231.462
v 4.54622 12.0924 -231.205
v 4.85273 11.9395 -230.899
v 5.10953 11.8115 -230.642
v 47.1774 22.8967 -188.574
v 47.1143 23.804 -188.637
v 46.7867 23.7375 -188.965
v 45.4957 23.2377 -190.256
f 377/157/93 378/158/93 379/159/93 380/160/93 381/161/93 382/162/93 383/163/93 384/164/93 385/165/93 386/166/93 387/167/93 388/168/93 389/169/93 390/170/93 391/171/93 392/172/93 393/173/93 394/174/93 395/175/93 396/176/93 397/177/93 398/178/93 399/179/93 400/180/93 401/181/93 402/182/93 403/183/93 404/184/93 405/185/93 406/186/93 407/187/93 408/188/93 409/189/93 410/190/93 411/191/93 412/192/93 413/193/93 414/194/93 415/195/93 416/196/93 417/197/93 418/198/93 419/199/93 420/200/93 421/201/93 422/202/93 308/66/93 307/65/93 306/64/93 305/63/93 304/62/93 303/61/93 302/60/93 301/59/93 300/58/93 299/57/93 298/56/93 297/55/93 296/54/93 295/53/93 294/52/93 293/51/93 292/50/93 291/49/93 423/203/93 424/204/93 425/205/93 426/206/93 

vn -0.193773 0.961719 -0.193773
vn -0.203615 0.957644 -0.203615
v 44.7909 22.0565 -195.203
v 39.8421 19.916 -200.152
f 378/207/98 377/208/99 427/209/99 428/210/98 

vn -0.193571 0.961801 -0.193571
v 47.617 23.2377 -192.377
f 377/211/99 426/212/100 429/213/100 427/214/99 

vn -0.143858 0.979086 -0.143858
v 48.908 23.7375 -191.086
f 426/215/100 425/216/101 430/217/101 429/218/100 

vn -0.100455 0.989857 -0.100455
v 49.2356 23.804 -190.758
f 425/219/101 424/220/102 431/221/102 430/222/101 

vn 0.703717 0.0977994 0.703717
vn 0.703072 0.106681 0.703072
v 49.2987 22.8967 -190.695
f 424/223/103 423/224/104 432/225/104 431/226/103 

vn 0.70237 0.115555 0.70237
f 423/227/104 291/228/105 334/229/105 432/230/104 

vn -0.257191 0.931507 -0.257191
vn -0.26092 0.929431 -0.26092
f 292/231/106 291/232/107 334/233/107 333/234/106 

vn 0.704648 0.0833156 0.704648
vn 0.7036 0.0994668 0.7036
f 291/235/108 290/236/109 335/237/109 334/238/108 

vn 0.703465 0.101354 0.703465
f 290/239/109 289/240/110 336/241/110 335/242/109 

vn 0.704079 0.0924485 0.704079
f 289/243/110 288/244/111 337/245/111 336/246/110 

f 288/247/111 287/248/103 338/249/103 337/250/111 

f 287/248/103 286/251/103 339/252/103 338/249/103 

vn 0.242477 -0.939367 0.242477
vn 0.239992 -0.940642 0.239992
f 286/253/112 285/254/113 340/255/113 339/256/112 

vn 0.233681 -0.943815 0.233681
f 285/257/113 284/258/114 341/259/114 340/260/113 

vn 0.223922 -0.948535 0.223922
f 284/261/114 283/262/115 342/263/115 341/264/114 

vn 0.207671 -0.955901 0.207671
f 283/265/115 282/266/116 343/267/116 342/268/115 

vn 0.174601 -0.969035 0.174601
f 282/269/116 281/270/117 344/271/117 343/272/116 

vn 0.125708 -0.984071 0.125708
f 281/273/117 280/274/118 345/275/118 344/276/117 

vn 0.0740656 -0.994499 0.0740656
f 280/277/118 279/278/119 346/279/119 345/280/118 

vn 0.020019 -0.999599 0.020019
f 279/281/119 278/282/120 347/283/120 346/284/119 

vn -0.0439691 -0.998065 -0.0439691
f 278/285/120 277/286/121 348/287/121 347/288/120 

vn -0.147666 -0.977952 -0.147666
f 277/289/121 276/290/122 349/291/122 348/292/121 

vn -0.27745 -0.919806 -0.27745
f 276/293/122 275/294/123 350/295/123 349/296/122 

vn -0.373777 -0.848871 -0.373777
f 275/297/123 274/298/124 351/299/124 350/300/123 

vn -0.430489 -0.793321 -0.430489
f 274/301/124 273/302/125 352/303/125 351/304/124 

vn -0.465524 -0.752712 -0.465524
f 273/305/125 272/306/126 353/307/126 352/308/125 

vn -0.476823 -0.738431 -0.476823
f 272/309/126 271/310/127 354/311/127 353/312/126 

vn -0.474795 -0.741039 -0.474795
f 271/313/127 270/314/128 355/315/128 354/316/127 

f 270/314/128 269/317/128 356/318/128 355/315/128 

f 269/317/128 268/319/128 357/320/128 356/318/128 

f 268/319/128 267/321/128 358/322/128 357/320/128 

f 267/321/128 266/323/128 359/324/128 358/322/128 

vn -0.70699 0.0181595 -0.70699
f 266/325/129 265/326/129 360/327/129 359/328/129 

f 265/326/129 264/329/129 361/330/129 360/327/129 

f 264/329/129 263/331/129 362/332/129 361/330/129 

f 263/331/129 262/333/129 363/334/129 362/332/129 

f 262/333/129 261/335/129 364/336/129 363/334/129 

vn -0.277932 -0.919515 -0.277932
f 261/337/130 260/338/130 365/339/130 364/340/130 

f 260/338/130 259/341/130 366/342/130 365/339/130 

f 259/341/130 258/343/130 367/344/130 366/342/130 

f 258/343/130 257/345/130 368/346/130 367/344/130 

f 257/345/130 256/347/130 369/348/130 368/346/130 

vn -0.704993 0.0772706 -0.704993
f 256/349/131 255/350/131 370/351/131 369/352/131 

f 255/350/131 254/353/131 371/354/131 370/351/131 

f 254/353/131 253/355/131 372/356/131 371/354/131 

f 253/355/131 252/357/131 373/358/131 372/356/131 

f 252/357/131 251/359/131 374/360/131 373/358/131 

f 251/361/94 250/362/94 375/363/94 374/364/94 

f 250/362/94 249/365/94 376/366/94 375/363/94 

f 249/365/94 248/72/94 313/75/94 376/366/94 

v 7.23085 11.8115 -232.763
v 6.97405 11.9395 -233.02
v 6.66754 12.0924 -233.326
v 6.41075 12.2205 -233.583
v 6.30306 12.2742 -233.691
v 6.22738 12.4385 -233.767
v 6.04693 12.8303 -233.947
v 5.83156 13.2979 -234.162
v 5.65111 13.6897 -234.343
v 5.57544 13.854 -234.418
v 5.20073 14.3112 -234.793
v 4.46658 15.2328 -235.527
v 3.62729 16.2935 -236.367
v 2.93722 17.1683 -237.057
v 2.65067 17.5322 -237.343
v 2.59562 17.5605 -237.398
v 2.46434 17.628 -237.53
v 2.30765 17.7087 -237.686
v 2.17637 17.7762 -237.818
v 2.12132 17.8045 -237.873
v 2.1308 17.8909 -237.863
v 2.15342 18.0968 -237.84
v 2.18041 18.3425 -237.813
v 2.20302 18.5485 -237.791
v 2.2125 18.6348 -237.781
v 2.25856 18.6772 -237.735
v 2.38005 18.7798 -237.614
v 2.55197 18.9061 -237.442
v 2.74929 19.0193 -237.245
v 2.94701 19.0828 -237.047
v 3.31961 18.8797 -236.674
v 3.95667 18.3369 -236.037
v 4.70585 17.6335 -235.288
v 5.41481 16.9484 -234.579
v 5.93121 16.4605 -234.063
v 8.16613 14.9054 -231.828
v 10.3919 13.9667 -229.602
v 12.3284 13.4889 -227.665
v 13.6957 13.3164 -226.298
v 14.2137 13.2935 -225.78
v 15.666 13.452 -224.328
v 19.5959 14.034 -220.398
v 25.3623 15.1989 -214.632
v 32.3247 17.1064 -207.669
f 431/367/95 432/368/95 334/100/95 333/99/95 332/98/95 331/97/95 330/96/95 329/95/95 328/94/95 327/93/95 326/92/95 325/91/95 324/90/95 323/89/95 322/88/95 321/87/95 320/86/95 319/85/95 318/84/95 317/83/95 433/369/95 434/370/95 435/371/95 436/372/95 437/373/95 438/374/95 439/375/95 440/376/95 441/377/95 442/378/95 443/379/95 444/380/95 445/381/95 446/382/95 447/383/95 448/384/95 449/385/95 450/386/95 451/387/95 452/183/95 453/388/95 454/389/95 455/390/95 456/391/95 457/392/95 458/393/95 459/394/95 460/395/95 461/396/95 462/397/95 463/398/95 464/399/95 465/400/95 466/401/95 467/402/95 468/403/95 469/404/95 470/405/95 471/406/95 472/407/95 473/408/95 474/409/95 475/410/95 476/411/95 428/412/95 427/413/95 429/414/95 430/415/95 

vn -0.248886 0.936008 -0.248886
f 293/416/132 292/417/106 333/418/106 332/419/132 

vn -0.239093 0.9411 -0.239093
f 294/420/133 293/421/132 332/422/132 331/423/133 

vn -0.227918 0.946629 -0.227918
f 295/424/134 294/425/133 331/426/133 330/427/134 

vn -0.215133 0.952594 -0.215133
f 296/428/135 295/429/134 330/430/134 329/431/135 

vn -0.200406 0.958997 -0.200406
f 297/432/136 296/433/135 329/434/135 328/435/136 

vn -0.183296 0.965818 -0.183296
f 298/436/137 297/437/136 328/438/136 327/439/137 

vn -0.163776 0.972808 -0.163776
f 299/440/138 298/441/137 327/442/137 326/443/138 

vn -0.144957 0.978762 -0.144957
f 300/444/139 299/445/138 326/446/138 325/447/139 

vn -0.127552 0.983596 -0.127552
f 301/448/140 300/449/139 325/450/139 324/451/140 

vn -0.108359 0.988189 -0.108359
f 302/452/141 301/453/140 324/454/140 323/455/141 

vn -0.0856458 0.992638 -0.0856458
f 303/456/142 302/457/141 323/458/141 322/459/142 

vn -0.0575875 0.996678 -0.0575875
f 304/460/143 303/461/142 322/462/142 321/463/143 

vn -0.021328 0.999545 -0.021328
f 305/464/144 304/465/143 321/466/143 320/467/144 

vn 0.0279036 0.999221 0.0279036
f 306/468/145 305/469/144 320/470/144 319/471/145 

f 307/472/97 306/473/145 319/474/145 318/475/97 

vn -0.235189 -0.943065 -0.235189
f 308/476/146 422/477/146 433/478/146 317/479/146 

f 422/477/146 421/480/146 434/481/146 433/478/146 

f 421/480/146 420/482/146 435/483/146 434/481/146 

f 420/482/146 419/484/146 436/485/146 435/483/146 

f 419/484/146 418/486/146 437/487/146 436/485/146 

vn -0.592497 -0.545798 -0.592497
f 418/488/147 417/489/147 438/490/147 437/491/147 

f 417/489/147 416/492/147 439/493/147 438/490/147 

f 416/492/147 415/494/147 440/495/147 439/493/147 

f 415/494/147 414/496/147 441/497/147 440/495/147 

vn -0.532492 -0.657955 -0.532492
f 414/496/147 413/498/148 442/499/148 441/497/147 

vn -0.465683 -0.752514 -0.465683
f 413/500/148 412/501/149 443/502/149 442/503/148 

vn -0.470288 -0.746765 -0.470288
f 412/504/149 411/505/150 444/506/150 443/507/149 

vn -0.471586 -0.745126 -0.471586
f 411/508/150 410/509/151 445/510/151 444/511/150 

vn -0.472201 -0.744348 -0.472201
f 410/512/151 409/513/152 446/514/152 445/515/151 

vn -0.472414 -0.744077 -0.472414
f 409/516/152 408/517/153 447/518/153 446/519/152 

vn -0.241743 -0.939745 -0.241743
f 408/520/154 407/521/154 448/522/154 447/523/154 

f 407/521/154 406/524/154 449/525/154 448/522/154 

f 406/524/154 405/526/154 450/527/154 449/525/154 

f 405/526/154 404/528/154 451/529/154 450/527/154 

f 404/528/154 403/530/154 452/531/154 451/529/154 

vn -0.69873 0.153467 -0.69873
f 403/532/155 402/533/155 453/534/155 452/535/155 

f 402/533/155 401/536/155 454/537/155 453/534/155 

f 401/536/155 400/538/155 455/539/155 454/537/155 

f 400/538/155 399/540/155 456/541/155 455/539/155 

f 399/540/155 398/542/155 457/543/155 456/541/155 

vn -0.385612 0.838216 -0.385612
vn -0.37423 0.848471 -0.37423
f 398/544/156 397/545/157 458/546/157 457/547/156 

vn -0.344476 0.873312 -0.344476
f 397/548/157 396/549/158 459/550/158 458/551/157 

vn -0.296201 0.908036 -0.296201
f 396/552/158 395/553/159 460/554/159 459/555/158 

vn -0.211848 0.954066 -0.211848
f 395/556/159 394/557/160 461/558/160 460/559/159 

vn -0.156483 0.975206 -0.156483
f 394/560/160 393/561/161 462/562/161 461/563/160 

vn 0.254333 0.933075 0.254333
vn 0.310787 0.898233 0.310787
f 393/564/162 392/565/163 463/566/163 462/567/162 

vn 0.378086 0.845046 0.378086
f 392/568/163 391/569/164 464/570/164 463/571/163 

vn 0.395034 0.829396 0.395034
f 391/572/164 390/573/165 465/574/165 464/575/164 

vn 0.395874 0.828594 0.395874
f 390/576/165 389/577/166 466/578/166 465/579/165 

vn 0.353251 0.866273 0.353251
f 389/580/166 388/581/167 467/582/167 466/583/166 

vn 0.258025 0.931046 0.258025
f 388/584/167 387/585/168 468/586/168 467/587/167 

vn 0.162075 0.973377 0.162075
f 387/588/168 386/589/169 469/590/169 468/591/168 

vn 0.0922687 0.99145 0.0922687
f 386/592/169 385/593/170 470/594/170 469/595/169 

vn 0.0425059 0.998192 0.0425059
f 385/596/170 384/597/171 471/598/171 470/599/170 

vn -0.0161683 0.999739 -0.0161683
f 384/600/171 383/601/172 472/602/172 471/603/171 

vn -0.0640347 0.995891 -0.0640347
f 383/604/172 382/605/173 473/606/173 472/607/172 

vn -0.0868338 0.992431 -0.0868338
f 382/608/173 381/609/174 474/610/174 473/611/173 

vn -0.117276 0.98615 -0.117276
f 381/612/174 380/613/175 475/614/175 474/615/174 

vn -0.157666 0.974825 -0.157666
f 380/616/175 379/617/176 476/618/176 475/619/175 

f 379/620/176 378/621/98 428/622/98 476/623/176 

g Mesh4 ___579_2 Model

v 222.775 3.18309 -11.5888
vn -1.85118e-16 0.921981 0.387235
v 186.064 18.4643 -47.9723
v 51.5413 18.4643 -47.9723
v 14.8297 3.18309 -11.5888
f 477/624/177 478/625/177 479/626/177 480/627/177 

vn 0.732164 0.263757 -0.627988
v 222.775 0.417144 -12.7505
v 186.064 15.6983 -49.134
f 478/628/178 477/629/178 481/630/178 482/631/178 

vn 4.67705e-16 -0.387235 0.921981
v 14.8297 0.417144 -12.7505
f 477/632/179 480/633/179 483/634/179 481/635/179 

vn -0.732164 0.263757 -0.627988
v 51.5413 15.6983 -49.134
f 480/636/180 479/637/180 484/638/180 483/639/180 

vn -3.2961e-16 0.387235 -0.921981
f 479/640/181 478/641/181 482/642/181 484/643/181 

vn 1.85118e-16 -0.921981 -0.387235
f 482/644/182 481/624/182 483/645/182 484/646/182 

g Mesh5 ___579_3 Model

v 14.8297 3.18309 -226.316
vn -1.85118e-16 0.921981 -0.387235
v 51.5413 18.4643 -189.933
v 186.064 18.4643 -189.933
v 222.775 3.18309 -226.316
f 485/627/183 486/626/183 487/625/183 488/624/183 

v 14.8297 0.417144 -225.155
vn -0.732164 0.263757 0.627988
v 51.5413 15.6983 -188.771
f 489/639/184 490/638/184 486/637/184 485/636/184 

vn 1.85118e-16 -0.921981 0.387235
v 222.775 0.417144 -225.155
v 186.064 15.6983 -188.771
f 490/646/185 489/645/185 491/624/185 492/644/185 

vn 4.67705e-16 -0.387235 -0.921981
f 491/635/186 489/634/186 485/633/186 488/632/186 

vn 0.732164 0.263757 0.627988
f 492/631/187 491/630/187 488/629/187 487/628/187 

vn -3.2961e-16 0.387235 0.921981
f 490/643/188 492/642/188 487/641/188 486/640/188 

g Mesh6 ___582_3 Model

v 229.97 11.2223 -232.656
vn 0.707105 0.00238564 -0.707105
v 229.969 11.3705 -232.656
v 232.091 11.3705 -230.535
v 232.091 11.2223 -230.535
f 493/4/189 494/3/189 495/2/189 496/1/189 

vn -0.707107 -2.89643e-16 -0.707107
v 229.97 11.1601 -232.656
v 229.865 11.1043 -232.552
v 229.616 10.9713 -232.303
v 229.318 10.8125 -232.005
v 229.069 10.6795 -231.756
v 228.965 10.6237 -231.651
v 228.969 10.5519 -231.655
v 228.978 10.3808 -231.665
v 228.989 10.1766 -231.676
v 228.999 10.0055 -231.685
v 229.003 9.93371 -231.689
v 228.843 9.83698 -231.529
v 228.461 9.60634 -231.148
v 228.006 9.33105 -230.692
v 227.624 9.1004 -230.311
v 227.464 9.00368 -230.151
v 227.466 8.86935 -230.152
v 227.47 8.54903 -230.157
v 227.475 8.16671 -230.161
v 227.479 7.84639 -230.166
v 227.481 7.71206 -230.167
v 227.392 7.59798 -230.078
v 227.179 7.32593 -229.866
v 226.926 7.00123 -229.613
v 226.714 6.72918 -229.4
v 226.625 6.6151 -229.311
v 226.389 6.30899 -229.076
v 225.752 5.55996 -228.439
v 224.815 4.62191 -227.501
v 223.679 3.74875 -226.366
v 222.448 3.19441 -225.135
v 220.216 2.83783 -222.902
v 217.834 2.79743 -220.521
v 215.42 3.0321 -218.106
v 213.089 3.50069 -215.776
v 210.96 4.16207 -213.647
v 204.975 6.62168 -207.662
v 198.706 9.49473 -201.392
v 193.079 12.2297 -195.766
v 189.023 14.2752 -191.71
v 187.465 15.0795 -190.152
v 187.528 15.9869 -190.215
v 187.679 18.1505 -190.365
v 187.779 19.7656 -190.465
v 187.858 20.733 -190.545
v 187.929 21.9272 -190.615
v 188.241 21.7521 -190.927
v 189.137 21.2656 -191.823
v 190.557 20.5259 -193.244
v 192.443 19.5913 -195.13
v 194.734 18.5201 -197.421
v 197.371 17.3704 -200.058
v 200.295 16.2006 -202.982
v 203.446 15.0689 -206.133
v 206.757 14.0279 -209.444
v 210.127 13.0909 -212.813
v 213.485 12.2824 -216.172
v 216.772 11.6316 -219.459
v 219.925 11.1674 -222.612
v 222.883 10.9189 -225.569
v 225.584 10.9151 -228.27
v 227.966 11.1851 -230.653
v 229.969 11.7577 -232.655
v 229.969 11.6956 -232.655
v 229.969 11.5474 -232.656
f 493/146/190 497/145/190 498/144/190 499/143/190 500/142/190 501/141/190 502/140/190 503/139/190 504/138/190 505/137/190 506/136/190 507/135/190 508/134/190 509/133/190 510/132/190 511/131/190 512/130/190 513/129/190 514/128/190 515/127/190 516/126/190 517/125/190 518/124/190 519/123/190 520/122/190 521/121/190 522/120/190 523/119/190 524/118/190 525/117/190 526/116/190 527/115/190 528/114/190 529/113/190 530/112/190 531/111/190 532/110/190 533/109/190 534/108/190 535/107/190 536/106/190 537/105/190 538/104/190 539/103/190 540/102/190 541/101/190 542/100/190 543/99/190 544/98/190 545/97/190 546/96/190 547/95/190 548/94/190 549/93/190 550/92/190 551/91/190 552/90/190 553/89/190 554/88/190 555/87/190 556/86/190 557/85/190 558/84/190 559/83/190 560/82/190 561/81/190 494/80/190 

v 232.091 11.1601 -230.535
f 497/79/189 493/4/189 496/1/189 562/78/189 

vn 0.707107 2.89643e-16 0.707107
v 232.09 11.5474 -230.534
v 232.09 11.6956 -230.534
v 232.09 11.7577 -230.534
v 230.087 11.1851 -228.531
v 227.705 10.9151 -226.149
v 225.004 10.9189 -223.448
v 222.046 11.1674 -220.49
v 218.893 11.6316 -217.337
v 215.607 12.2824 -214.051
v 212.248 13.0909 -210.692
v 208.879 14.0279 -207.323
v 205.567 15.0689 -204.011
v 202.417 16.2006 -200.861
v 199.493 17.3704 -197.937
v 196.856 18.5201 -195.3
v 194.564 19.5913 -193.008
v 192.679 20.5259 -191.123
v 191.258 21.2656 -189.702
v 190.362 21.7521 -188.806
v 190.05 21.9272 -188.494
v 189.98 20.733 -188.424
v 189.9 19.7656 -188.344
v 189.8 18.1505 -188.244
v 189.65 15.9869 -188.094
v 189.587 15.0795 -188.031
v 191.145 14.2752 -189.589
v 195.201 12.2297 -193.645
v 200.827 9.49473 -199.271
v 207.097 6.62168 -205.541
v 213.082 4.16207 -211.526
v 215.211 3.50069 -213.655
v 217.541 3.0321 -215.985
v 219.955 2.79743 -218.399
v 222.337 2.83783 -220.781
v 224.57 3.19441 -223.014
v 225.801 3.74875 -224.245
v 226.936 4.62191 -225.38
v 227.873 5.55996 -226.317
v 228.511 6.30899 -226.955
v 228.746 6.6151 -227.19
v 228.835 6.72918 -227.279
v 229.047 7.00123 -227.491
v 229.301 7.32593 -227.745
v 229.513 7.59798 -227.957
v 229.602 7.71206 -228.046
v 229.6 7.84639 -228.044
v 229.596 8.16671 -228.04
v 229.591 8.54903 -228.035
v 229.587 8.86935 -228.031
v 229.585 9.00368 -228.029
v 229.745 9.1004 -228.189
v 230.127 9.33105 -228.571
v 230.582 9.60634 -229.026
v 230.964 9.83698 -229.408
v 231.124 9.93371 -229.568
v 231.12 10.0055 -229.564
v 231.111 10.1766 -229.555
v 231.099 10.3808 -229.543
v 231.09 10.5519 -229.534
v 231.086 10.6237 -229.53
v 231.191 10.6795 -229.635
v 231.44 10.8125 -229.884
v 231.737 10.9713 -230.181
v 231.987 11.1043 -230.431
f 562/71/191 496/70/191 495/69/191 563/68/191 564/67/191 565/66/191 566/65/191 567/64/191 568/63/191 569/62/191 570/61/191 571/60/191 572/59/191 573/58/191 574/57/191 575/56/191 576/55/191 577/54/191 578/53/191 579/52/191 580/51/191 581/50/191 582/49/191 583/48/191 584/47/191 585/46/191 586/45/191 587/44/191 588/43/191 589/42/191 590/41/191 591/40/191 592/39/191 593/38/191 594/37/191 595/36/191 596/35/191 597/34/191 598/33/191 599/32/191 600/31/191 601/30/191 602/29/191 603/28/191 604/27/191 605/26/191 606/25/191 607/24/191 608/23/191 609/22/191 610/21/191 611/20/191 612/19/191 613/18/191 614/17/191 615/16/191 616/15/191 617/14/191 618/13/191 619/12/191 620/11/191 621/10/191 622/9/191 623/8/191 624/7/191 625/6/191 626/5/191 

f 494/3/189 561/148/189 563/147/189 495/2/189 

f 561/148/189 560/150/189 564/149/189 563/147/189 

f 560/150/189 559/152/189 565/151/189 564/149/189 

vn -0.140148 0.980162 0.140148
vn -0.0984826 0.990254 0.0984826
f 559/156/192 558/155/193 566/154/193 565/153/192 

v 188.399 23.7375 -191.086
v 189.69 23.2377 -192.377
v 192.516 22.0565 -195.203
v 197.465 19.916 -200.152
v 204.983 17.1064 -207.669
v 211.945 15.1989 -214.632
v 217.711 14.034 -220.398
v 221.641 13.452 -224.328
v 223.094 13.2935 -225.78
v 223.612 13.3164 -226.298
v 224.979 13.4889 -227.665
v 226.915 13.9667 -229.602
v 229.141 14.9054 -231.828
v 231.376 16.4605 -234.063
v 231.892 16.9484 -234.579
v 232.601 17.6335 -235.288
v 233.351 18.3369 -236.037
v 233.988 18.8797 -236.674
v 234.36 19.0828 -237.047
v 234.558 19.0193 -237.245
v 234.755 18.9061 -237.442
v 234.927 18.7798 -237.614
v 235.049 18.6772 -237.735
v 235.095 18.6348 -237.781
v 235.104 18.5485 -237.791
v 235.127 18.3425 -237.813
v 235.154 18.0968 -237.84
v 235.176 17.8909 -237.863
v 235.186 17.8045 -237.873
v 235.131 17.7762 -237.818
v 235 17.7087 -237.686
v 234.843 17.628 -237.53
v 234.712 17.5605 -237.398
v 234.657 17.5322 -237.343
v 234.37 17.1683 -237.057
v 233.68 16.2935 -236.367
v 232.841 15.2328 -235.527
v 232.107 14.3112 -234.793
v 231.732 13.854 -234.418
v 231.656 13.6897 -234.343
v 231.476 13.2979 -234.162
v 231.26 12.8303 -233.947
v 231.08 12.4385 -233.767
v 231.004 12.2742 -233.691
v 230.896 12.2205 -233.583
v 230.64 12.0924 -233.326
v 230.333 11.9395 -233.02
v 230.076 11.8115 -232.763
v 188.009 22.8967 -190.695
v 188.072 23.804 -190.758
f 627/415/190 628/414/190 629/413/190 630/412/190 631/411/190 632/410/190 633/409/190 634/408/190 635/407/190 636/406/190 637/405/190 638/404/190 639/403/190 640/402/190 641/401/190 642/400/190 643/399/190 644/398/190 645/397/190 646/396/190 647/395/190 648/394/190 649/393/190 650/392/190 651/391/190 652/390/190 653/389/190 654/388/190 655/183/190 656/387/190 657/386/190 658/385/190 659/384/190 660/383/190 661/382/190 662/381/190 663/380/190 664/379/190 665/378/190 666/377/190 667/376/190 668/375/190 669/374/190 670/373/190 671/372/190 672/371/190 673/370/190 674/369/190 559/83/190 558/84/190 557/85/190 556/86/190 555/87/190 554/88/190 553/89/190 552/90/190 551/91/190 550/92/190 549/93/190 548/94/190 547/95/190 546/96/190 545/97/190 544/98/190 543/99/190 542/100/190 675/368/190 676/367/190 

vn 0.193571 0.961801 -0.193571
vn 0.143858 0.979086 -0.143858
v 190.521 23.7375 -188.965
v 191.812 23.2377 -190.256
f 628/218/194 627/217/195 677/216/195 678/215/194 

vn 0.100455 0.989857 -0.100455
v 190.193 23.804 -188.637
f 627/222/195 676/221/196 679/220/196 677/219/195 

vn -0.703717 0.0977994 0.703717
vn -0.703072 0.106681 0.703072
v 190.13 22.8967 -188.574
f 676/226/197 675/225/198 680/224/198 679/223/197 

vn -0.70237 0.115555 0.70237
f 675/230/198 542/229/199 582/228/199 680/227/198 

vn 0.257191 0.931507 -0.257191
vn 0.26092 0.929431 -0.26092
f 543/234/200 542/233/201 582/232/201 581/231/200 

vn -0.704648 0.0833156 0.704648
vn -0.7036 0.0994668 0.7036
f 542/238/202 541/237/203 583/236/203 582/235/202 

vn -0.703465 0.101354 0.703465
f 541/242/203 540/241/204 584/240/204 583/239/203 

vn -0.704079 0.0924485 0.704079
f 540/246/204 539/245/205 585/244/205 584/243/204 

f 539/250/205 538/249/197 586/248/197 585/247/205 

f 538/249/197 537/252/197 587/251/197 586/248/197 

vn -0.242477 -0.939367 0.242477
vn -0.239992 -0.940642 0.239992
f 537/256/206 536/255/207 588/254/207 587/253/206 

vn -0.233681 -0.943815 0.233681
f 536/260/207 535/259/208 589/258/208 588/257/207 

vn -0.223922 -0.948535 0.223922
f 535/264/208 534/263/209 590/262/209 589/261/208 

vn -0.207671 -0.955901 0.207671
f 534/268/209 533/267/210 591/266/210 590/265/209 

vn -0.174601 -0.969035 0.174601
f 533/272/210 532/271/211 592/270/211 591/269/210 

vn -0.125708 -0.984071 0.125708
f 532/276/211 531/275/212 593/274/212 592/273/211 

vn -0.0740656 -0.994499 0.0740656
f 531/280/212 530/279/213 594/278/213 593/277/212 

vn -0.020019 -0.999599 0.020019
f 530/284/213 529/283/214 595/282/214 594/281/213 

vn 0.0439691 -0.998065 -0.0439691
f 529/288/214 528/287/215 596/286/215 595/285/214 

vn 0.147666 -0.977952 -0.147666
f 528/292/215 527/291/216 597/290/216 596/289/215 

vn 0.27745 -0.919806 -0.27745
f 527/296/216 526/295/217 598/294/217 597/293/216 

vn 0.373777 -0.848871 -0.373777
f 526/300/217 525/299/218 599/298/218 598/297/217 

vn 0.430489 -0.793321 -0.430489
f 525/304/218 524/303/219 600/302/219 599/301/218 

vn 0.465524 -0.752712 -0.465524
f 524/308/219 523/307/220 601/306/220 600/305/219 

vn 0.476823 -0.738431 -0.476823
f 523/312/220 522/311/221 602/310/221 601/309/220 

vn 0.474795 -0.741039 -0.474795
f 522/316/221 521/315/222 603/314/222 602/313/221 

f 521/315/222 520/318/222 604/317/222 603/314/222 

f 520/318/222 519/320/222 605/319/222 604/317/222 

f 519/320/222 518/322/222 606/321/222 605/319/222 

f 518/322/222 517/324/222 607/323/222 606/321/222 

vn 0.70699 0.0181595 -0.70699
f 517/328/223 516/327/223 608/326/223 607/325/223 

f 516/327/223 515/330/223 609/329/223 608/326/223 

f 515/330/223 514/332/223 610/331/223 609/329/223 

f 514/332/223 513/334/223 611/333/223 610/331/223 

f 513/334/223 512/336/223 612/335/223 611/333/223 

vn 0.277932 -0.919515 -0.277932
f 512/340/224 511/339/224 613/338/224 612/337/224 

f 511/339/224 510/342/224 614/341/224 613/338/224 

f 510/342/224 509/344/224 615/343/224 614/341/224 

f 509/344/224 508/346/224 616/345/224 615/343/224 

f 508/346/224 507/348/224 617/347/224 616/345/224 

vn 0.704993 0.0772706 -0.704993
f 507/352/225 506/351/225 618/350/225 617/349/225 

f 506/351/225 505/354/225 619/353/225 618/350/225 

f 505/354/225 504/356/225 620/355/225 619/353/225 

f 504/356/225 503/358/225 621/357/225 620/355/225 

f 503/358/225 502/360/225 622/359/225 621/357/225 

vn 0.249699 -0.935575 -0.249699
f 502/364/226 501/363/226 623/362/226 622/361/226 

f 501/363/226 500/366/226 624/365/226 623/362/226 

f 500/366/226 499/75/226 625/72/226 624/365/226 

f 499/75/226 498/74/226 626/73/226 625/72/226 

f 498/74/226 497/77/226 562/76/226 626/73/226 

v 232.198 11.8115 -230.642
v 232.455 11.9395 -230.899
v 232.761 12.0924 -231.205
v 233.018 12.2205 -231.462
v 233.126 12.2742 -231.57
v 233.201 12.4385 -231.645
v 233.382 12.8303 -231.826
v 233.597 13.2979 -232.041
v 233.777 13.6897 -232.221
v 233.853 13.854 -232.297
v 234.228 14.3112 -232.672
v 234.962 15.2328 -233.406
v 235.801 16.2935 -234.245
v 236.491 17.1683 -234.935
v 236.778 17.5322 -235.222
v 236.833 17.5605 -235.277
v 236.964 17.628 -235.408
v 237.121 17.7087 -235.565
v 237.252 17.7762 -235.696
v 237.307 17.8045 -235.751
v 237.298 17.8909 -235.742
v 237.275 18.0968 -235.719
v 237.248 18.3425 -235.692
v 237.226 18.5485 -235.67
v 237.216 18.6348 -235.66
v 237.17 18.6772 -235.614
v 237.049 18.7798 -235.493
v 236.877 18.9061 -235.321
v 236.679 19.0193 -235.123
v 236.482 19.0828 -234.926
v 236.109 18.8797 -234.553
v 235.472 18.3369 -233.916
v 234.723 17.6335 -233.167
v 234.014 16.9484 -232.458
v 233.497 16.4605 -231.941
v 231.262 14.9054 -229.706
v 229.037 13.9667 -227.481
v 227.1 13.4889 -225.544
v 225.733 13.3164 -224.177
v 225.215 13.2935 -223.659
v 223.763 13.452 -222.207
v 219.833 14.034 -218.277
v 214.066 15.1989 -212.51
v 207.104 17.1064 -205.548
v 199.586 19.916 -198.03
v 194.638 22.0565 -193.082
f 678/206/191 677/205/191 679/204/191 680/203/191 582/49/191 581/50/191 580/51/191 579/52/191 578/53/191 577/54/191 576/55/191 575/56/191 574/57/191 573/58/191 572/59/191 571/60/191 570/61/191 569/62/191 568/63/191 567/64/191 566/65/191 565/66/191 681/202/191 682/201/191 683/200/191 684/199/191 685/198/191 686/197/191 687/196/191 688/195/191 689/194/191 690/193/191 691/192/191 692/191/191 693/190/191 694/189/191 695/188/191 696/187/191 697/186/191 698/185/191 699/184/191 700/183/191 701/182/191 702/181/191 703/180/191 704/179/191 705/178/191 706/177/191 707/176/191 708/175/191 709/174/191 710/173/191 711/172/191 712/171/191 713/170/191 714/169/191 715/168/191 716/167/191 717/166/191 718/165/191 719/164/191 720/163/191 721/162/191 722/161/191 723/160/191 724/159/191 725/158/191 726/157/191 

vn 0.248886 0.936008 -0.248886
f 544/419/227 543/418/200 581/417/200 580/416/227 

vn 0.239093 0.9411 -0.239093
f 545/423/228 544/422/227 580/421/227 579/420/228 

vn 0.227918 0.946629 -0.227918
f 546/427/229 545/426/228 579/425/228 578/424/229 

vn 0.215133 0.952594 -0.215133
f 547/431/230 546/430/229 578/429/229 577/428/230 

vn 0.200406 0.958997 -0.200406
f 548/435/231 547/434/230 577/433/230 576/432/231 

vn 0.183296 0.965818 -0.183296
f 549/439/232 548/438/231 576/437/231 575/436/232 

vn 0.163776 0.972808 -0.163776
f 550/443/233 549/442/232 575/441/232 574/440/233 

vn 0.144957 0.978762 -0.144957
f 551/447/234 550/446/233 574/445/233 573/444/234 

vn 0.127552 0.983596 -0.127552
f 552/451/235 551/450/234 573/449/234 572/448/235 

vn 0.108359 0.988189 -0.108359
f 553/455/236 552/454/235 572/453/235 571/452/236 

vn 0.0856458 0.992638 -0.0856458
f 554/459/237 553/458/236 571/457/236 570/456/237 

vn 0.0575875 0.996678 -0.0575875
f 555/463/238 554/462/237 570/461/237 569/460/238 

vn 0.021328 0.999545 -0.021328
f 556/467/239 555/466/238 569/465/238 568/464/239 

vn -0.0279036 0.999221 0.0279036
f 557/471/240 556/470/239 568/469/239 567/468/240 

f 558/475/193 557/474/240 567/473/240 566/472/193 

vn 0.235189 -0.943065 -0.235189
f 559/479/241 674/478/241 681/477/241 565/476/241 

f 674/478/241 673/481/241 682/480/241 681/477/241 

f 673/481/241 672/483/241 683/482/241 682/480/241 

f 672/483/241 671/485/241 684/484/241 683/482/241 

f 671/485/241 670/487/241 685/486/241 684/484/241 

vn 0.592497 -0.545798 -0.592497
f 670/491/242 669/490/242 686/489/242 685/488/242 

f 669/490/242 668/493/242 687/492/242 686/489/242 

f 668/493/242 667/495/242 688/494/242 687/492/242 

f 667/495/242 666/497/242 689/496/242 688/494/242 

vn 0.532492 -0.657955 -0.532492
f 666/497/242 665/499/243 690/498/243 689/496/242 

vn 0.465683 -0.752514 -0.465683
f 665/503/243 664/502/244 691/501/244 690/500/243 

vn 0.470288 -0.746765 -0.470288
f 664/507/244 663/506/245 692/505/245 691/504/244 

vn 0.471586 -0.745126 -0.471586
f 663/511/245 662/510/246 693/509/246 692/508/245 

vn 0.472201 -0.744348 -0.472201
f 662/515/246 661/514/247 694/513/247 693/512/246 

vn 0.472414 -0.744077 -0.472414
f 661/519/247 660/518/248 695/517/248 694/516/247 

vn 0.241743 -0.939745 -0.241743
f 660/523/249 659/522/249 696/521/249 695/520/249 

f 659/522/249 658/525/249 697/524/249 696/521/249 

f 658/525/249 657/527/249 698/526/249 697/524/249 

f 657/527/249 656/529/249 699/528/249 698/526/249 

f 656/529/249 655/531/249 700/530/249 699/528/249 

vn 0.69873 0.153467 -0.69873
f 655/535/250 654/534/250 701/533/250 700/532/250 

f 654/534/250 653/537/250 702/536/250 701/533/250 

f 653/537/250 652/539/250 703/538/250 702/536/250 

f 652/539/250 651/541/250 704/540/250 703/538/250 

f 651/541/250 650/543/250 705/542/250 704/540/250 

vn 0.385612 0.838216 -0.385612
vn 0.37423 0.848471 -0.37423
f 650/547/251 649/546/252 706/545/252 705/544/251 

vn 0.344476 0.873312 -0.344476
f 649/551/252 648/550/253 707/549/253 706/548/252 

vn 0.296201 0.908036 -0.296201
f 648/555/253 647/554/254 708/553/254 707/552/253 

vn 0.211848 0.954066 -0.211848
f 647/559/254 646/558/255 709/557/255 708/556/254 

vn 0.156483 0.975206 -0.156483
f 646/563/255 645/562/256 710/561/256 709/560/255 

vn -0.254333 0.933075 0.254333
vn -0.310787 0.898233 0.310787
f 645/567/257 644/566/258 711/565/258 710/564/257 

vn -0.378086 0.845046 0.378086
f 644/571/258 643/570/259 712/569/259 711/568/258 

vn -0.395034 0.829396 0.395034
f 643/575/259 642/574/260 713/573/260 712/572/259 

vn -0.395874 0.828594 0.395874
f 642/579/260 641/578/261 714/577/261 713/576/260 

vn -0.353251 0.866273 0.353251
f 641/583/261 640/582/262 715/581/262 714/580/261 

vn -0.258025 0.931046 0.258025
f 640/587/262 639/586/263 716/585/263 715/584/262 

vn -0.162075 0.973377 0.162075
f 639/591/263 638/590/264 717/589/264 716/588/263 

vn -0.0922687 0.99145 0.0922687
f 638/595/264 637/594/265 718/593/265 717/592/264 

vn -0.0425059 0.998192 0.0425059
f 637/599/265 636/598/266 719/597/266 718/596/265 

vn 0.0161683 0.999739 -0.0161683
f 636/603/266 635/602/267 720/601/267 719/600/266 

vn 0.0640347 0.995891 -0.0640347
f 635/607/267 634/606/268 721/605/268 720/604/267 

vn 0.0868338 0.992431 -0.0868338
f 634/611/268 633/610/269 722/609/269 721/608/268 

vn 0.117276 0.98615 -0.117276
f 633/615/269 632/614/270 723/613/270 722/612/269 

vn 0.157666 0.974825 -0.157666
f 632/619/270 631/618/271 724/617/271 723/616/270 

vn 0.193773 0.961719 -0.193773
f 631/623/271 630/622/272 725/621/272 724/620/271 

vn 0.203615 0.957644 -0.203615
f 630/210/272 629/209/273 726/208/273 725/207/272 

f 629/214/273 628/213/194 678/212/194 726/211/273 

g Mesh7 ___579_4 Model

v 11.447 3.15609 -14.9054
vn -0.387235 0.921981 3.33374e-16
v 47.8305 18.4373 -51.617
v 47.8305 18.4373 -186.139
v 11.447 3.15609 -222.851
f 727/627/274 728/626/274 729/625/274 730/624/274 

v 12.6087 0.390143 -14.9054
vn 0.627988 0.263757 0.732164
v 48.9922 15.6713 -51.617
f 731/639/275 732/638/275 728/637/275 727/636/275 

vn 0.387235 -0.921981 -3.33374e-16
v 12.6087 0.390143 -222.851
v 48.9922 15.6713 -186.139
f 732/646/276 731/645/276 733/624/276 734/644/276 

vn -0.921981 -0.387235 -1.14719e-16
f 733/635/277 731/634/277 727/633/277 730/632/277 

vn 0.627988 0.263757 -0.732164
f 734/631/278 733/630/278 730/629/278 729/628/278 

vn 0.921981 0.387235 -2.33769e-17
f 732/643/279 734/642/279 729/641/279 728/640/279 

g Mesh8 ___582_4 Model

v 7.33763 11.2223 -5.21631
vn -0.707105 0.00238564 0.707105
v 7.33788 11.3705 -5.21656
v 5.21656 11.3705 -7.33788
v 5.21631 11.2223 -7.33763
f 735/4/280 736/3/280 737/2/280 738/1/280 

vn 0.707107 -2.89643e-16 0.707107
v 7.33753 11.1601 -5.21621
v 7.44204 11.1043 -5.32072
v 7.69127 10.9713 -5.56995
v 7.98874 10.8125 -5.86742
v 8.23798 10.6795 -6.11666
v 8.34249 10.6237 -6.22117
v 8.33856 10.5519 -6.21724
v 8.32918 10.3808 -6.20786
v 8.31799 10.1766 -6.19667
v 8.30861 10.0055 -6.18729
v 8.30468 9.93371 -6.18336
v 8.46468 9.83698 -6.34336
v 8.84622 9.60634 -6.7249
v 9.3016 9.33105 -7.18028
v 9.68314 9.1004 -7.56182
v 9.84314 9.00368 -7.72182
v 9.84142 8.86935 -7.7201
v 9.8373 8.54903 -7.71598
v 9.83239 8.16671 -7.71107
v 9.82828 7.84639 -7.70696
v 9.82655 7.71206 -7.70523
v 9.91558 7.59798 -7.79426
v 10.1279 7.32593 -8.00656
v 10.3813 7.00123 -8.25995
v 10.5936 6.72918 -8.47225
v 10.6826 6.6151 -8.56128
v 10.9178 6.30899 -8.79647
v 11.5552 5.55996 -9.43388
v 12.4926 4.62191 -10.3713
v 13.6279 3.74875 -11.5066
v 14.8587 3.19441 -12.7374
v 17.0915 2.83783 -14.9702
v 19.4733 2.79743 -17.352
v 21.8876 3.0321 -19.7663
v 24.2178 3.50069 -22.0964
v 26.3471 4.16207 -24.2257
v 32.3321 6.62168 -30.2107
v 38.6015 9.49473 -36.4801
v 44.2279 12.2297 -42.1065
v 48.2838 14.2752 -46.1625
v 49.8419 15.0795 -47.7206
v 49.7788 15.9869 -47.6575
v 49.6285 18.1505 -47.5072
v 49.5286 19.7656 -47.4073
v 49.449 20.733 -47.3277
v 49.3784 21.9272 -47.2571
v 49.0665 21.7521 -46.9452
v 48.1705 21.2656 -46.0492
v 46.7499 20.5259 -44.6286
v 44.8642 19.5913 -42.7429
v 42.573 18.5201 -40.4517
v 39.9357 17.3704 -37.8144
v 37.012 16.2006 -34.8906
v 33.8612 15.0689 -31.7399
v 30.55 14.0279 -28.4286
v 27.1807 13.0909 -25.0594
v 23.822 12.2824 -21.7007
v 20.5353 11.6316 -18.414
v 17.3823 11.1674 -15.261
v 14.4246 10.9189 -12.3033
v 11.7237 10.9151 -9.60234
v 9.34111 11.1851 -7.21979
v 7.33854 11.7577 -5.21721
v 7.33843 11.6956 -5.21711
v 7.33818 11.5474 -5.21686
f 735/146/281 739/145/281 740/144/281 741/143/281 742/142/281 743/141/281 744/140/281 745/139/281 746/138/281 747/137/281 748/136/281 749/135/281 750/134/281 751/133/281 752/132/281 753/131/281 754/130/281 755/129/281 756/128/281 757/127/281 758/126/281 759/125/281 760/124/281 761/123/281 762/122/281 763/121/281 764/120/281 765/119/281 766/118/281 767/117/281 768/116/281 769/115/281 770/114/281 771/113/281 772/112/281 773/111/281 774/110/281 775/109/281 776/108/281 777/107/281 778/106/281 779/105/281 780/104/281 781/103/281 782/102/281 783/101/281 784/100/281 785/99/281 786/98/281 787/97/281 788/96/281 789/95/281 790/94/281 791/93/281 792/92/281 793/91/281 794/90/281 795/89/281 796/88/281 797/87/281 798/86/281 799/85/281 800/84/281 801/83/281 802/82/281 803/81/281 736/80/281 

v 5.21621 11.1601 -7.33753
f 739/79/280 735/4/280 738/1/280 804/78/280 

vn -0.707107 2.89643e-16 -0.707107
v 5.21686 11.5474 -7.33818
v 5.21711 11.6956 -7.33843
v 5.21721 11.7577 -7.33854
v 7.21979 11.1851 -9.34111
v 9.60234 10.9151 -11.7237
v 12.3033 10.9189 -14.4246
v 15.261 11.1674 -17.3823
v 18.414 11.6316 -20.5353
v 21.7007 12.2824 -23.822
v 25.0594 13.0909 -27.1807
v 28.4286 14.0279 -30.55
v 31.7399 15.0689 -33.8612
v 34.8906 16.2006 -37.012
v 37.8144 17.3704 -39.9357
v 40.4517 18.5201 -42.573
v 42.7429 19.5913 -44.8642
v 44.6286 20.5259 -46.7499
v 46.0492 21.2656 -48.1705
v 46.9452 21.7521 -49.0665
v 47.2571 21.9272 -49.3784
v 47.3277 20.733 -49.449
v 47.4073 19.7656 -49.5286
v 47.5072 18.1505 -49.6285
v 47.6575 15.9869 -49.7788
v 47.7206 15.0795 -49.8419
v 46.1625 14.2752 -48.2838
v 42.1065 12.2297 -44.2279
v 36.4801 9.49473 -38.6015
v 30.2107 6.62168 -32.3321
v 24.2257 4.16207 -26.3471
v 22.0964 3.50069 -24.2178
v 19.7663 3.0321 -21.8876
v 17.352 2.79743 -19.4733
v 14.9702 2.83783 -17.0915
v 12.7374 3.19441 -14.8587
v 11.5066 3.74875 -13.6279
v 10.3713 4.62191 -12.4926
v 9.43388 5.55996 -11.5552
v 8.79647 6.30899 -10.9178
v 8.56128 6.6151 -10.6826
v 8.47225 6.72918 -10.5936
v 8.25995 7.00123 -10.3813
v 8.00656 7.32593 -10.1279
v 7.79426 7.59798 -9.91558
v 7.70523 7.71206 -9.82655
v 7.70696 7.84639 -9.82828
v 7.71107 8.16671 -9.83239
v 7.71598 8.54903 -9.8373
v 7.7201 8.86935 -9.84142
v 7.72182 9.00368 -9.84314
v 7.56182 9.1004 -9.68314
v 7.18028 9.33105 -9.3016
v 6.7249 9.60634 -8.84622
v 6.34336 9.83698 -8.46468
v 6.18336 9.93371 -8.30468
v 6.18729 10.0055 -8.30861
v 6.19667 10.1766 -8.31799
v 6.20786 10.3808 -8.32918
v 6.21724 10.5519 -8.33856
v 6.22117 10.6237 -8.34249
v 6.11666 10.6795 -8.23798
v 5.86742 10.8125 -7.98874
v 5.56995 10.9713 -7.69127
v 5.32072 11.1043 -7.44204
f 804/71/282 738/70/282 737/69/282 805/68/282 806/67/282 807/66/282 808/65/282 809/64/282 810/63/282 811/62/282 812/61/282 813/60/282 814/59/282 815/58/282 816/57/282 817/56/282 818/55/282 819/54/282 820/53/282 821/52/282 822/51/282 823/50/282 824/49/282 825/48/282 826/47/282 827/46/282 828/45/282 829/44/282 830/43/282 831/42/282 832/41/282 833/40/282 834/39/282 835/38/282 836/37/282 837/36/282 838/35/282 839/34/282 840/33/282 841/32/282 842/31/282 843/30/282 844/29/282 845/28/282 846/27/282 847/26/282 848/25/282 849/24/282 850/23/282 851/22/282 852/21/282 853/20/282 854/19/282 855/18/282 856/17/282 857/16/282 858/15/282 859/14/282 860/13/282 861/12/282 862/11/282 863/10/282 864/9/282 865/8/282 866/7/282 867/6/282 868/5/282 

f 736/3/280 803/148/280 805/147/280 737/2/280 

f 803/148/280 802/150/280 806/149/280 805/147/280 

f 802/150/280 801/152/280 807/151/280 806/149/280 

vn 0.140148 0.980162 -0.140148
vn 0.0984826 0.990254 -0.0984826
f 801/156/283 800/155/284 808/154/284 807/153/283 

v 48.908 23.7375 -46.7867
v 47.617 23.2377 -45.4957
v 44.7909 22.0565 -42.6696
v 39.8421 19.916 -37.7208
v 32.3247 17.1064 -30.2034
v 25.3623 15.1989 -23.241
v 19.5959 14.034 -17.4745
v 15.666 13.452 -13.5447
v 14.2137 13.2935 -12.0924
v 13.6957 13.3164 -11.5744
v 12.3284 13.4889 -10.2071
v 10.3919 13.9667 -8.27056
v 8.16613 14.9054 -6.04481
v 5.93121 16.4605 -3.80989
v 5.41481 16.9484 -3.29349
v 4.70585 17.6335 -2.58453
v 3.95667 18.3369 -1.83535
v 3.31961 18.8797 -1.19829
v 2.94701 19.0828 -0.825695
v 2.74929 19.0193 -0.627974
v 2.55197 18.9061 -0.430648
v 2.38005 18.7798 -0.258731
v 2.25856 18.6772 -0.137237
v 2.2125 18.6348 -0.0911807
v 2.20302 18.5485 -0.0816979
v 2.18041 18.3425 -0.0590851
v 2.15342 18.0968 -0.0320956
v 2.1308 17.8909 -0.00948279
v 2.12132 17.8045 -1.77636e-15
v 2.17637 17.7762 -0.0550528
v 2.30765 17.7087 -0.186333
v 2.46434 17.628 -0.343021
v 2.59562 17.5605 -0.474301
v 2.65067 17.5322 -0.529354
v 2.93722 17.1683 -0.815897
v 3.62729 16.2935 -1.50597
v 4.46658 15.2328 -2.34526
v 5.20073 14.3112 -3.07941
v 5.57544 13.854 -3.45412
v 5.65111 13.6897 -3.52979
v 5.83156 13.2979 -3.71024
v 6.04693 12.8303 -3.92561
v 6.22738 12.4385 -4.10606
v 6.30306 12.2742 -4.18174
v 6.41075 12.2205 -4.28943
v 6.66754 12.0924 -4.54622
v 6.97405 11.9395 -4.85273
v 7.23085 11.8115 -5.10953
v 49.2987 22.8967 -47.1774
v 49.2356 23.804 -47.1143
f 869/415/281 870/414/281 871/413/281 872/412/281 873/411/281 874/410/281 875/409/281 876/408/281 877/407/281 878/406/281 879/405/281 880/404/281 881/403/281 882/402/281 883/401/281 884/400/281 885/399/281 886/398/281 887/397/281 888/396/281 889/395/281 890/394/281 891/393/281 892/392/281 893/391/281 894/390/281 895/389/281 896/388/281 897/183/281 898/387/281 899/386/281 900/385/281 901/384/281 902/383/281 903/382/281 904/381/281 905/380/281 906/379/281 907/378/281 908/377/281 909/376/281 910/375/281 911/374/281 912/373/281 913/372/281 914/371/281 915/370/281 916/369/281 801/83/281 800/84/281 799/85/281 798/86/281 797/87/281 796/88/281 795/89/281 794/90/281 793/91/281 792/92/281 791/93/281 790/94/281 789/95/281 788/96/281 787/97/281 786/98/281 785/99/281 784/100/281 917/368/281 918/367/281 

vn -0.193571 0.961801 0.193571
vn -0.143858 0.979086 0.143858
v 46.7867 23.7375 -48.908
v 45.4957 23.2377 -47.617
f 870/218/285 869/217/286 919/216/286 920/215/285 

vn -0.100455 0.989857 0.100455
v 47.1143 23.804 -49.2356
f 869/222/286 918/221/287 921/220/287 919/219/286 

vn 0.703717 0.0977994 -0.703717
vn 0.703072 0.106681 -0.703072
v 47.1774 22.8967 -49.2987
f 918/226/288 917/225/289 922/224/289 921/223/288 

vn 0.70237 0.115555 -0.70237
f 917/230/289 784/229/290 824/228/290 922/227/289 

vn -0.257191 0.931507 0.257191
vn -0.26092 0.929431 0.26092
f 785/234/291 784/233/292 824/232/292 823/231/291 

vn 0.704648 0.0833156 -0.704648
vn 0.7036 0.0994668 -0.7036
f 784/238/293 783/237/294 825/236/294 824/235/293 

vn 0.703465 0.101354 -0.703465
f 783/242/294 782/241/295 826/240/295 825/239/294 

vn 0.704079 0.0924485 -0.704079
f 782/246/295 781/245/296 827/244/296 826/243/295 

f 781/250/296 780/249/288 828/248/288 827/247/296 

f 780/249/288 779/252/288 829/251/288 828/248/288 

vn 0.242477 -0.939367 -0.242477
vn 0.239992 -0.940642 -0.239992
f 779/256/297 778/255/298 830/254/298 829/253/297 

vn 0.233681 -0.943815 -0.233681
f 778/260/298 777/259/299 831/258/299 830/257/298 

vn 0.223922 -0.948535 -0.223922
f 777/264/299 776/263/300 832/262/300 831/261/299 

vn 0.207671 -0.955901 -0.207671
f 776/268/300 775/267/301 833/266/301 832/265/300 

vn 0.174601 -0.969035 -0.174601
f 775/272/301 774/271/302 834/270/302 833/269/301 

vn 0.125708 -0.984071 -0.125708
f 774/276/302 773/275/303 835/274/303 834/273/302 

vn 0.0740656 -0.994499 -0.0740656
f 773/280/303 772/279/304 836/278/304 835/277/303 

vn 0.020019 -0.999599 -0.020019
f 772/284/304 771/283/305 837/282/305 836/281/304 

vn -0.0439691 -0.998065 0.0439691
f 771/288/305 770/287/306 838/286/306 837/285/305 

vn -0.147666 -0.977952 0.147666
f 770/292/306 769/291/307 839/290/307 838/289/306 

vn -0.27745 -0.919806 0.27745
f 769/296/307 768/295/308 840/294/308 839/293/307 

vn -0.373777 -0.848871 0.373777
f 768/300/308 767/299/309 841/298/309 840/297/308 

vn -0.430489 -0.793321 0.430489
f 767/304/309 766/303/310 842/302/310 841/301/309 

vn -0.465524 -0.752712 0.465524
f 766/308/310 765/307/311 843/306/311 842/305/310 

vn -0.476823 -0.738431 0.476823
f 765/312/311 764/311/312 844/310/312 843/309/311 

vn -0.474795 -0.741039 0.474795
f 764/316/312 763/315/313 845/314/313 844/313/312 

f 763/315/313 762/318/313 846/317/313 845/314/313 

f 762/318/313 761/320/313 847/319/313 846/317/313 

f 761/320/313 760/322/313 848/321/313 847/319/313 

f 760/322/313 759/324/313 849/323/313 848/321/313 

vn -0.70699 0.0181595 0.70699
f 759/328/314 758/327/314 850/326/314 849/325/314 

f 758/327/314 757/330/314 851/329/314 850/326/314 

f 757/330/314 756/332/314 852/331/314 851/329/314 

f 756/332/314 755/334/314 853/333/314 852/331/314 

f 755/334/314 754/336/314 854/335/314 853/333/314 

vn -0.277932 -0.919515 0.277932
f 754/340/315 753/339/315 855/338/315 854/337/315 

f 753/339/315 752/342/315 856/341/315 855/338/315 

f 752/342/315 751/344/315 857/343/315 856/341/315 

f 751/344/315 750/346/315 858/345/315 857/343/315 

f 750/346/315 749/348/315 859/347/315 858/345/315 

vn -0.704993 0.0772706 0.704993
f 749/352/316 748/351/316 860/350/316 859/349/316 

f 748/351/316 747/354/316 861/353/316 860/350/316 

f 747/354/316 746/356/316 862/355/316 861/353/316 

f 746/356/316 745/358/316 863/357/316 862/355/316 

f 745/358/316 744/360/316 864/359/316 863/357/316 

vn -0.249699 -0.935575 0.249699
f 744/364/317 743/363/317 865/362/317 864/361/317 

f 743/363/317 742/366/317 866/365/317 865/362/317 

f 742/366/317 741/75/317 867/72/317 866/365/317 

f 741/75/317 740/74/317 868/73/317 867/72/317 

f 740/74/317 739/77/317 804/76/317 868/73/317 

v 5.10953 11.8115 -7.23085
v 4.85273 11.9395 -6.97405
v 4.54622 12.0924 -6.66754
v 4.28943 12.2205 -6.41075
v 4.18174 12.2742 -6.30306
v 4.10606 12.4385 -6.22738
v 3.92561 12.8303 -6.04693
v 3.71024 13.2979 -5.83156
v 3.52979 13.6897 -5.65111
v 3.45412 13.854 -5.57544
v 3.07941 14.3112 -5.20073
v 2.34526 15.2328 -4.46658
v 1.50597 16.2935 -3.62729
v 0.815897 17.1683 -2.93722
v 0.529354 17.5322 -2.65067
v 0.474301 17.5605 -2.59562
v 0.343021 17.628 -2.46434
v 0.186333 17.7087 -2.30765
v 0.0550528 17.7762 -2.17637
v -3.73035e-14 17.8045 -2.12132
v 0.00948279 17.8909 -2.1308
v 0.0320956 18.0968 -2.15342
v 0.0590851 18.3425 -2.18041
v 0.0816979 18.5485 -2.20302
v 0.0911807 18.6348 -2.2125
v 0.137237 18.6772 -2.25856
v 0.258731 18.7798 -2.38005
v 0.430648 18.9061 -2.55197
v 0.627974 19.0193 -2.74929
v 0.825695 19.0828 -2.94701
v 1.19829 18.8797 -3.31961
v 1.83535 18.3369 -3.95667
v 2.58453 17.6335 -4.70585
v 3.29349 16.9484 -5.41481
v 3.80989 16.4605 -5.93121
v 6.04481 14.9054 -8.16613
v 8.27056 13.9667 -10.3919
v 10.2071 13.4889 -12.3284
v 11.5744 13.3164 -13.6957
v 12.0924 13.2935 -14.2137
v 13.5447 13.452 -15.666
v 17.4745 14.034 -19.5959
v 23.241 15.1989 -25.3623
v 30.2034 17.1064 -32.3247
v 37.7208 19.916 -39.8421
v 42.6696 22.0565 -44.7909
f 920/206/282 919/205/282 921/204/282 922/203/282 824/49/282 823/50/282 822/51/282 821/52/282 820/53/282 819/54/282 818/55/282 817/56/282 816/57/282 815/58/282 814/59/282 813/60/282 812/61/282 811/62/282 810/63/282 809/64/282 808/65/282 807/66/282 923/202/282 924/201/282 925/200/282 926/199/282 927/198/282 928/197/282 929/196/282 930/195/282 931/194/282 932/193/282 933/192/282 934/191/282 935/190/282 936/189/282 937/188/282 938/187/282 939/186/282 940/185/282 941/184/282 942/183/282 943/182/282 944/181/282 945/180/282 946/179/282 947/178/282 948/177/282 949/176/282 950/175/282 951/174/282 952/173/282 953/172/282 954/171/282 955/170/282 956/169/282 957/168/282 958/167/282 959/166/282 960/165/282 961/164/282 962/163/282 963/162/282 964/161/282 965/160/282 966/159/282 967/158/282 968/157/282 

vn -0.248886 0.936008 0.248886
f 786/419/318 785/418/291 823/417/291 822/416/318 

vn -0.239093 0.9411 0.239093
f 787/423/319 786/422/318 822/421/318 821/420/319 

vn -0.227918 0.946629 0.227918
f 788/427/320 787/426/319 821/425/319 820/424/320 

vn -0.215133 0.952594 0.215133
f 789/431/321 788/430/320 820/429/320 819/428/321 

vn -0.200406 0.958997 0.200406
f 790/435/322 789/434/321 819/433/321 818/432/322 

vn -0.183296 0.965818 0.183296
f 791/439/323 790/438/322 818/437/322 817/436/323 

vn -0.163776 0.972808 0.163776
f 792/443/324 791/442/323 817/441/323 816/440/324 

vn -0.144957 0.978762 0.144957
f 793/447/325 792/446/324 816/445/324 815/444/325 

vn -0.127552 0.983596 0.127552
f 794/451/326 793/450/325 815/449/325 814/448/326 

vn -0.108359 0.988189 0.108359
f 795/455/327 794/454/326 814/453/326 813/452/327 

vn -0.0856458 0.992638 0.0856458
f 796/459/328 795/458/327 813/457/327 812/456/328 

vn -0.0575875 0.996678 0.0575875
f 797/463/329 796/462/328 812/461/328 811/460/329 

vn -0.021328 0.999545 0.021328
f 798/467/330 797/466/329 811/465/329 810/464/330 

vn 0.0279036 0.999221 -0.0279036
f 799/471/331 798/470/330 810/469/330 809/468/331 

f 800/475/284 799/474/331 809/473/331 808/472/284 

vn -0.235189 -0.943065 0.235189
f 801/479/332 916/478/332 923/477/332 807/476/332 

f 916/478/332 915/481/332 924/480/332 923/477/332 

f 915/481/332 914/483/332 925/482/332 924/480/332 

f 914/483/332 913/485/332 926/484/332 925/482/332 

f 913/485/332 912/487/332 927/486/332 926/484/332 

vn -0.592497 -0.545798 0.592497
f 912/491/333 911/490/333 928/489/333 927/488/333 

f 911/490/333 910/493/333 929/492/333 928/489/333 

f 910/493/333 909/495/333 930/494/333 929/492/333 

f 909/495/333 908/497/333 931/496/333 930/494/333 

vn -0.532492 -0.657955 0.532492
f 908/497/333 907/499/334 932/498/334 931/496/333 

vn -0.465683 -0.752514 0.465683
f 907/503/334 906/502/335 933/501/335 932/500/334 

vn -0.470288 -0.746765 0.470288
f 906/507/335 905/506/336 934/505/336 933/504/335 

vn -0.471586 -0.745126 0.471586
f 905/511/336 904/510/337 935/509/337 934/508/336 

vn -0.472201 -0.744348 0.472201
f 904/515/337 903/514/338 936/513/338 935/512/337 

vn -0.472414 -0.744077 0.472414
f 903/519/338 902/518/339 937/517/339 936/516/338 

vn -0.241743 -0.939745 0.241743
f 902/523/340 901/522/340 938/521/340 937/520/340 

f 901/522/340 900/525/340 939/524/340 938/521/340 

f 900/525/340 899/527/340 940/526/340 939/524/340 

f 899/527/340 898/529/340 941/528/340 940/526/340 

f 898/529/340 897/531/340 942/530/340 941/528/340 

vn -0.69873 0.153467 0.69873
f 897/535/341 896/534/341 943/533/341 942/532/341 

f 896/534/341 895/537/341 944/536/341 943/533/341 

f 895/537/341 894/539/341 945/538/341 944/536/341 

f 894/539/341 893/541/341 946/540/341 945/538/341 

f 893/541/341 892/543/341 947/542/341 946/540/341 

vn -0.385612 0.838216 0.385612
vn -0.37423 0.848471 0.37423
f 892/547/342 891/546/343 948/545/343 947/544/342 

vn -0.344476 0.873312 0.344476
f 891/551/343 890/550/344 949/549/344 948/548/343 

vn -0.296201 0.908036 0.296201
f 890/555/344 889/554/345 950/553/345 949/552/344 

vn -0.211848 0.954066 0.211848
f 889/559/345 888/558/346 951/557/346 950/556/345 

vn -0.156483 0.975206 0.156483
f 888/563/346 887/562/347 952/561/347 951/560/346 

vn 0.254333 0.933075 -0.254333
vn 0.310787 0.898233 -0.310787
f 887/567/348 886/566/349 953/565/349 952/564/348 

vn 0.378086 0.845046 -0.378086
f 886/571/349 885/570/350 954/569/350 953/568/349 

vn 0.395034 0.829396 -0.395034
f 885/575/350 884/574/351 955/573/351 954/572/350 

vn 0.395874 0.828594 -0.395874
f 884/579/351 883/578/352 956/577/352 955/576/351 

vn 0.353251 0.866273 -0.353251
f 883/583/352 882/582/353 957/581/353 956/580/352 

vn 0.258025 0.931046 -0.258025
f 882/587/353 881/586/354 958/585/354 957/584/353 

vn 0.162075 0.973377 -0.162075
f 881/591/354 880/590/355 959/589/355 958/588/354 

vn 0.0922687 0.99145 -0.0922687
f 880/595/355 879/594/356 960/593/356 959/592/355 

vn 0.0425059 0.998192 -0.0425059
f 879/599/356 878/598/357 961/597/357 960/596/356 

vn -0.0161683 0.999739 0.0161683
f 878/603/357 877/602/358 962/601/358 961/600/357 

vn -0.0640347 0.995891 0.0640347
f 877/607/358 876/606/359 963/605/359 962/604/358 

vn -0.0868338 0.992431 0.0868338
f 876/611/359 875/610/360 964/609/360 963/608/359 

vn -0.117276 0.98615 0.117276
f 875/615/360 874/614/361 965/613/361 964/612/360 

vn -0.157666 0.974825 0.157666
f 874/619/361 873/618/362 966/617/362 965/616/361 

vn -0.193773 0.961719 0.193773
f 873/623/362 872/622/363 967/621/363 966/620/362 

vn -0.203615 0.957644 0.203615
f 872/210/363 871/209/364 968/208/364 967/207/363 

f 871/214/364 870/213/285 920/212/285 968/211/364 

g Mesh9 ___566_1 Model

v 48.8667 18.2504 -57.1689
vt 0 0.0787556
vn 0 1 -0
v 48.8667 18.2504 -51.5454
vt 0 0.0225198
v 48.9111 18.2504 -51.0983
vt 0.000887114 0.018049
v 49.0385 18.2504 -50.6812
vt 0.00343326 0.0138786
v 49.2402 18.2504 -50.3029
vt 0.00746563 0.0100952
v 49.5076 18.2504 -49.9719
vt 0.0128114 0.0067851
v 49.8321 18.2504 -49.6969
vt 0.0192979 0.0040348
v 50.205 18.2504 -49.4865
vt 0.0267522 0.00193075
v 50.6177 18.2504 -49.3493
vt 0.0350015 0.000559378
v 51.0615 18.2504 -49.2941
vt 0.0438731 7.13101e-06
v 55.4388 18.2504 -49.2934
vt 0.131376 0
v 69.2024 18.2504 -49.2934
vt 0.406509 9.02389e-16
v 89.5126 18.2504 -49.2934
vt 0.81251 9.02389e-16
v 113.377 18.2504 -49.2934
vt 1.28955 9.02389e-16
v 137.802 18.2504 -49.2934
vt 1.77781 1.35358e-15
v 159.796 18.2504 -49.2934
vt 2.21747 1.35358e-15
v 176.365 18.2504 -49.2934
vt 2.54869 9.02389e-16
v 184.517 18.2504 -49.2934
vt 2.71165 0
v 185.227 18.2504 -49.3185
vt 2.72584 0.000251652
v 185.652 18.2504 -49.426
vt 2.73434 0.00132598
v 186.041 18.2504 -49.6099
vt 2.74211 0.00316541
v 186.385 18.2504 -49.8617
vt 2.74898 0.00568349
v 186.675 18.2504 -50.1728
vt 2.75478 0.00879379
v 186.902 18.2504 -50.5344
vt 2.75932 0.0124099
v 187.058 18.2504 -50.9379
vt 2.76245 0.0164453
v 187.135 18.2504 -51.3747
vt 2.76398 0.0208135
v 187.141 18.2504 -53.8157
vt 2.7641 0.0452233
v 187.141 18.2504 -65.5655
vt 2.7641 0.162721
v 187.141 18.2504 -84.6668
vt 2.7641 0.353735
v 187.141 18.2504 -108.104
vt 2.7641 0.588103
v 187.141 18.2504 -132.86
vt 2.7641 0.835666
v 187.141 18.2504 -155.92
vt 2.7641 1.06626
v 187.141 18.2504 -174.267
vt 2.7641 1.24974
v 187.141 18.2504 -184.886
vt 2.7641 1.35592
v 187.13 18.2504 -186.581
vt 2.76388 1.37288
v 187.043 18.2504 -187.014
vt 2.76214 1.37721
v 186.877 18.2504 -187.413
vt 2.75883 1.3812
v 186.642 18.2504 -187.769
vt 2.75412 1.38476
v 186.344 18.2504 -188.073
vt 2.74818 1.3878
v 185.995 18.2504 -188.317
vt 2.74119 1.39024
v 185.601 18.2504 -188.492
vt 2.73331 1.39198
v 185.172 18.2504 -188.589
vt 2.72473 1.39296
v 184.06 18.2504 -188.607
vt 2.70252 1.39313
v 174.693 18.2504 -188.607
vt 2.51526 1.39313
v 157.282 18.2504 -188.607
vt 2.16721 1.39313
v 134.82 18.2504 -188.607
vt 1.71821 1.39313
v 110.302 18.2504 -188.607
vt 1.22808 1.39313
v 86.7181 18.2504 -188.607
vt 0.756648 1.39313
v 67.0625 18.2504 -188.607
vt 0.363734 1.39313
v 54.3278 18.2504 -188.607
vt 0.109166 1.39313
v 51.0046 18.2504 -188.604
vt 0.042736 1.3931
v 50.5642 18.2504 -188.538
vt 0.0339327 1.39244
v 50.1561 18.2504 -188.391
vt 0.0257734 1.39098
v 49.7887 18.2504 -188.172
vt 0.0184306 1.38879
v 49.4709 18.2504 -187.89
vt 0.0120773 1.38596
v 49.2112 18.2504 -187.552
vt 0.00688621 1.38259
v 49.0183 18.2504 -187.169
vt 0.00303017 1.37875
v 48.9009 18.2504 -186.747
vt 0.000681953 1.37454
v 48.8667 18.2504 -186.26
vt 0 1.36966
v 48.8667 18.2504 -179.317
vt 0 1.30023
v 48.8667 18.2504 -163.514
vt 0 1.14221
v 48.8667 18.2504 -141.868
vt 0 0.925748
v 48.8667 18.2504 -117.395
vt 0 0.681012
v 48.8667 18.2504 -93.1096
vt 0 0.438162
v 48.8667 18.2504 -72.029
vt 0 0.227356
f 969/647/365 970/648/365 971/649/365 972/650/365 973/651/365 974/652/365 975/653/365 976/654/365 977/655/365 978/656/365 979/657/365 980/658/365 981/659/365 982/660/365 983/661/365 984/662/365 985/663/365 986/664/365 987/665/365 988/666/365 989/667/365 990/668/365 991/669/365 992/670/365 993/671/365 994/672/365 995/673/365 996/674/365 997/675/365 998/676/365 999/677/365 1000/678/365 1001/679/365 1002/680/365 1003/681/365 1004/682/365 1005/683/365 1006/684/365 1007/685/365 1008/686/365 1009/687/365 1010/688/365 1011/689/365 1012/690/365 1013/691/365 1014/692/365 1015/693/365 1016/694/365 1017/695/365 1018/696/365 1019/697/365 1020/698/365 1021/699/365 1022/700/365 1023/701/365 1024/702/365 1025/703/365 1026/704/365 1027/705/365 1028/706/365 1029/707/365 1030/708/365 1031/709/365 1032/710/365 1033/711/365 

vt -0.0450171 0.03
vn -0.998777 0 0.0494482
vt -0.157432 0.03
vn -1 0 -0
v 48.8667 15.2504 -57.1689
vt -0.157432 0
v 48.8667 15.2504 -51.5454
vt -0.0450171 0
f 970/712/366 969/713/367 1034/714/367 1035/715/366 

vt -0.454485 0.03
v 48.8667 15.2504 -72.029
vt -0.454485 0
f 969/713/367 1033/716/367 1036/717/367 1034/714/367 

vt -0.875885 0.03
v 48.8667 15.2504 -93.1096
vt -0.875885 0
f 1033/716/367 1032/718/367 1037/719/367 1036/717/367 

vt -1.36134 0.03
v 48.8667 15.2504 -117.395
vt -1.36134 0
f 1032/718/367 1031/720/367 1038/721/367 1037/719/367 

vt -1.85057 0.03
v 48.8667 15.2504 -141.868
vt -1.85057 0
f 1031/720/367 1030/722/367 1039/723/367 1038/721/367 

vt -2.28327 0.03
v 48.8667 15.2504 -163.514
vt -2.28327 0
f 1030/722/367 1029/724/367 1040/725/367 1039/723/367 

vt -2.59917 0.03
v 48.8667 15.2504 -179.317
vt -2.59917 0
f 1029/724/367 1028/726/367 1041/727/367 1040/725/367 

vt -2.73796 0.03
vn -0.99939 0 -0.0349322
v 48.8667 15.2504 -186.26
vt -2.73796 0
f 1028/726/367 1027/728/368 1042/729/368 1041/727/367 

vt -2.73128 0.03
vt -2.74104 0.03
vn -0.98543 0 -0.170079
v 48.9009 15.2504 -186.747
vt -2.74104 0
vt -2.73128 0
f 1027/730/368 1026/731/369 1043/732/369 1042/733/368 

vt -2.64691 0.03
vt -2.65565 0.03
vn -0.932721 0 -0.3606
v 49.0183 15.2504 -187.169
vt -2.65565 0
vt -2.64691 0
f 1026/734/369 1025/735/370 1044/736/370 1043/737/369 

vt -2.46376 0.03
vt -2.47234 0.03
vn -0.846764 0 -0.531969
v 49.2112 15.2504 -187.552
vt -2.47234 0
vt -2.46376 0
f 1025/738/370 1024/739/371 1045/740/371 1044/741/370 

vt -2.19439 0.03
vt -2.2029 0.03
vn -0.731641 0 -0.68169
v 49.4709 15.2504 -187.89
vt -2.2029 0
vt -2.19439 0
f 1024/742/371 1023/743/372 1046/744/372 1045/745/371 

vt -1.84963 0.03
vt -1.85813 0.03
vn -0.590825 0 -0.8068
v 49.7887 15.2504 -188.172
vt -1.85813 0
vt -1.84963 0
f 1023/746/372 1022/747/373 1047/748/373 1046/749/372 

vt -1.4373 0.03
vt -1.44585 0.03
vn -0.427168 0 -0.904172
v 50.1561 15.2504 -188.391
vt -1.44585 0
vt -1.4373 0
f 1022/750/373 1021/751/374 1048/752/374 1047/753/373 

vt -0.965095 0.03
vt -0.973766 0.03
vn -0.244399 0 -0.969675
v 50.5642 15.2504 -188.538
vt -0.973766 0
vt -0.965095 0
f 1021/754/374 1020/755/375 1049/756/375 1048/757/374 

vt -0.445725 0.03
vt -0.454627 0.03
vn -0.0746688 0 -0.997208
v 51.0046 15.2504 -188.604
vt -0.454627 0
vt -0.445725 0
f 1020/758/375 1019/759/376 1050/760/376 1049/761/375 

vt -0.0451169 0.03
vt -0.111546 0.03
vn -0.000427479 0 -1
v 54.3278 15.2504 -188.607
vt -0.111546 0
vt -0.0451169 0
f 1019/762/376 1018/763/377 1051/764/377 1050/765/376 

vt -0.109166 0.03
vt -0.363734 0.03
vn 0 0 -1
v 67.0625 15.2504 -188.607
vt -0.363734 0
vt -0.109166 0
f 1018/766/377 1017/767/378 1052/768/378 1051/769/377 

vt -0.756648 0.03
v 86.7181 15.2504 -188.607
vt -0.756648 0
f 1017/767/378 1016/770/378 1053/771/378 1052/768/378 

vt -1.22808 0.03
v 110.302 15.2504 -188.607
vt -1.22808 0
f 1016/770/378 1015/772/378 1054/773/378 1053/771/378 

vt -1.71821 0.03
vn -2.00877e-15 0 -1
v 134.82 15.2504 -188.607
vt -1.71821 0
f 1015/772/378 1014/774/379 1055/775/379 1054/773/378 

vt -2.16721 0.03
vn 5.82669e-16 0 -1
v 157.282 15.2504 -188.607
vt -2.16721 0
f 1014/774/379 1013/776/380 1056/777/380 1055/775/379 

vt -2.51526 0.03
vn 2.59144e-15 0 -1
v 174.693 15.2504 -188.607
vt -2.51526 0
f 1013/776/380 1012/778/381 1057/779/381 1056/777/380 

vt -2.70252 0.03
vn 0.0078955 0 -0.999969
v 184.06 15.2504 -188.607
vt -2.70252 0
f 1012/778/381 1011/780/382 1058/781/382 1057/779/381 

vt -2.65821 0.03
vt -2.68042 0.03
vn 0.119007 0 -0.992893
v 185.172 15.2504 -188.589
vt -2.68042 0
vt -2.65821 0
f 1011/782/382 1010/783/383 1059/784/383 1058/785/382 

vt -2.04215 0.03
vt -2.05095 0.03
vn 0.314846 0 -0.949143
v 185.601 15.2504 -188.492
vt -2.05095 0
vt -2.04215 0
f 1010/786/383 1009/787/384 1060/788/384 1059/789/383 

vt -1.36917 0.03
vt -1.37779 0.03
vn 0.49102 0 -0.871148
v 185.995 15.2504 -188.317
vt -1.37779 0
vt -1.36917 0
f 1009/790/384 1008/791/385 1061/792/385 1060/793/384 

vt -0.659684 0.03
vt -0.668207 0.03
vn 0.64646 0 -0.762948
v 186.344 15.2504 -188.073
vt -0.668207 0
vt -0.659684 0
f 1008/794/385 1007/795/386 1062/796/386 1061/797/385 

vt 0.0642932 0.03
vt 0.0557955 0.03
vn 0.777986 0 -0.628282
v 186.642 15.2504 -187.769
vt 0.0557955 0
vt 0.0642932 0
f 1007/798/386 1006/799/387 1063/800/387 1062/801/386 

vt 0.786846 0.03
vt 0.778316 0.03
vn 0.882638 0 -0.470053
v 186.877 15.2504 -187.413
vt 0.778316 0
vt 0.786846 0
f 1006/802/387 1005/803/388 1064/804/388 1063/805/387 

vt 1.49162 0.03
vt 1.48299 0.03
vn 0.956543 0 -0.291592
v 187.043 15.2504 -187.014
vt 1.48299 0
vt 1.49162 0
f 1005/806/388 1004/807/389 1065/808/389 1064/809/388 

vt 2.15553 0.03
vt 2.14669 0.03
vn 0.994763 0 -0.102207
v 187.13 15.2504 -186.581
vt 2.14669 0
vt 2.15553 0
f 1004/810/389 1003/811/390 1066/812/390 1065/813/389 

vt 2.72595 0.03
vt 2.69205 0.03
vn 0.999994 0 -0.00332482
v 187.141 15.2504 -184.886
vt 2.69205 0
vt 2.72595 0
f 1003/814/390 1002/815/391 1067/816/391 1066/817/390 

vt 2.71049 0.03
vt 2.49822 0.03
vn 1 0 -0
v 187.141 15.2504 -174.267
vt 2.49822 0
vt 2.71049 0
f 1002/818/391 1001/819/392 1068/820/392 1067/821/391 

vt 2.13146 0.03
v 187.141 15.2504 -155.92
vt 2.13146 0
f 1001/819/392 1000/822/392 1069/823/392 1068/820/392 

vt 1.6705 0.03
v 187.141 15.2504 -132.86
vt 1.6705 0
f 1000/822/392 999/824/392 1070/825/392 1069/823/392 

vt 1.17562 0.03
v 187.141 15.2504 -108.104
vt 1.17562 0
f 999/824/392 998/826/392 1071/827/392 1070/825/392 

vt 0.707115 0.03
v 187.141 15.2504 -84.6668
vt 0.707115 0
f 998/826/392 997/828/392 1072/829/392 1071/827/392 

vt 0.32528 0.03
v 187.141 15.2504 -65.5655
vt 0.32528 0
f 997/828/392 996/830/392 1073/831/392 1072/829/392 

vt 0.0904013 0.03
vn 0.999999 0 0.00130424
v 187.141 15.2504 -53.8157
vt 0.0904013 0
f 996/830/392 995/832/393 1074/833/393 1073/831/392 

vt 0.0976111 0.03
vt 0.0488159 0.03
vn 0.99613 0 0.0878893
v 187.135 15.2504 -51.3747
vt 0.0488159 0
vt 0.0976111 0
f 995/834/393 994/835/394 1075/836/394 1074/837/393 

vt 0.51785 0.03
vt 0.508985 0.03
vn 0.96339 0 0.268105
v 187.058 15.2504 -50.9379
vt 0.508985 0
vt 0.51785 0
f 994/838/394 993/839/395 1076/840/395 1075/841/394 

vt 1.02819 0.03
vt 1.01954 0.03
vn 0.893649 0 0.448766
v 186.902 15.2504 -50.5344
vt 1.01954 0
vt 1.02819 0
f 993/842/395 992/843/396 1077/844/396 1076/845/395 

vt 1.48979 0.03
vt 1.48125 0.03
vn 0.792605 0 0.609735
v 186.675 15.2504 -50.1728
vt 1.48125 0
vt 1.48979 0
f 992/846/396 991/847/397 1078/848/397 1077/849/396 

vt 1.8909 0.03
vt 1.8824 0.03
vn 0.664265 0 0.747497
v 186.385 15.2504 -49.8617
vt 1.8824 0
vt 1.8909 0
f 991/850/397 990/851/398 1079/852/398 1078/853/397 

vt 2.22414 0.03
vt 2.21562 0.03
vn 0.511661 0 0.859187
v 186.041 15.2504 -49.6099
vt 2.21562 0
vt 2.22414 0
f 990/854/398 989/855/399 1080/856/399 1079/857/398 

vt 2.48145 0.03
vt 2.47285 0.03
vn 0.337853 0 0.941199
v 185.652 15.2504 -49.426
vt 2.47285 0
vt 2.48145 0
f 989/858/399 988/859/400 1081/860/400 1080/861/399 

vt 2.65174 0.03
vt 2.64297 0.03
vn 0.140943 0 0.990018
v 185.227 15.2504 -49.3185
vt 2.64297 0
vt 2.65174 0
f 988/862/400 987/863/401 1082/864/401 1081/865/400 

vt 2.72414 0.03
vt 2.70994 0.03
vn 0.0177152 0 0.999843
v 184.517 15.2504 -49.2934
vt 2.70994 0
vt 2.72414 0
f 987/866/401 986/867/402 1083/868/402 1082/869/401 

vt 2.71165 0.03
vt 2.54869 0.03
vn -6.89622e-15 0 1
v 176.365 15.2504 -49.2934
vt 2.54869 0
f 986/870/402 985/871/403 1084/872/403 1083/664/402 

vt 2.21747 0.03
vn -1.36154e-15 0 1
v 159.796 15.2504 -49.2934
vt 2.21747 0
f 985/871/403 984/873/404 1085/874/404 1084/872/403 

vt 1.77781 0.03
vn 9.23624e-16 0 1
v 137.802 15.2504 -49.2934
vt 1.77781 0
f 984/873/404 983/875/405 1086/876/405 1085/874/404 

vt 1.28955 0.03
v 113.377 15.2504 -49.2934
vt 1.28955 0
f 983/875/405 982/877/405 1087/878/405 1086/876/405 

vt 0.81251 0.03
vn 0 0 1
v 89.5126 15.2504 -49.2934
vt 0.81251 0
f 982/877/405 981/879/406 1088/880/406 1087/878/405 

vt 0.406509 0.03
vn 3.27819e-15 0 1
v 69.2024 15.2504 -49.2934
vt 0.406509 0
f 981/879/406 980/881/407 1089/882/407 1088/880/406 

vt 0.131376 0.03
vn -8.14538e-05 0 1
v 55.4388 15.2504 -49.2934
f 980/881/407 979/883/408 1090/657/408 1089/882/407 

vt 0.043873 0.03
vn -0.0619416 0 0.99808
v 51.0615 15.2504 -49.2941
vt 0.043873 0
f 979/883/408 978/884/409 1091/885/409 1090/657/408 

vt 0.0435355 0.03
vt 0.0345955 0.03
vn -0.22049 0 0.975389
v 50.6177 15.2504 -49.3493
vt 0.0345955 0
vt 0.0435355 0
f 978/886/409 977/887/410 1092/888/410 1091/889/409 

vt 0.0328628 0.03
vt 0.0241699 0.03
vn -0.405268 0 0.914198
v 50.205 15.2504 -49.4865
vt 0.0241699 0
vt 0.0328628 0
f 977/890/410 976/891/411 1093/892/411 1092/893/410 

vt 0.0214026 0.03
vt 0.0128435 0.03
vn -0.571556 0 0.820563
v 49.8321 15.2504 -49.6969
vt 0.0128435 0
vt 0.0214026 0
f 976/894/411 975/895/412 1094/896/412 1093/897/411 

vt 0.00950628 0.03
vt 0.00100333 0.03
vn -0.715384 0 0.698732
v 49.5076 15.2504 -49.9719
vt 0.00100333 0
vt 0.00950628 0
f 975/898/412 974/899/413 1095/900/413 1094/901/412 

vt -0.00249925 0.03
vt -0.0110058 0.03
vn -0.833887 0 0.551936
v 49.2402 15.2504 -50.3029
vt -0.0110058 0
vt -0.00249925 0
f 974/902/413 973/903/414 1096/904/414 1095/905/413 

vt -0.014295 0.03
vt -0.0228659 0.03
vn -0.923717 0 0.383075
v 49.0385 15.2504 -50.6812
vt -0.0228659 0
vt -0.014295 0
f 973/906/414 972/907/415 1097/908/415 1096/909/414 

vt -0.0255306 0.03
vt -0.0342473 0.03
vn -0.980525 0 0.196394
v 48.9111 15.2504 -51.0983
vt -0.0342473 0
vt -0.0255306 0
f 972/910/415 971/911/416 1098/912/416 1097/913/415 

vt -0.0358159 0.03
vt -0.044797 0.03
vt -0.044797 0
vt -0.0358159 0
f 971/914/416 970/915/366 1035/916/366 1098/917/416 

vn 0 -1 -0
vt -0.000681953 1.37454
vt -0.00303017 1.37875
vt -0.00688621 1.38259
vt -0.0120773 1.38596
vt -0.0184306 1.38879
vt -0.0257734 1.39098
vt -0.0339327 1.39244
vt -0.042736 1.3931
vt -0.109166 1.39313
vt -0.363734 1.39313
vt -0.756648 1.39313
vt -1.22808 1.39313
vt -1.71821 1.39313
vt -2.16721 1.39313
vt -2.51526 1.39313
vt -2.70252 1.39313
vt -2.72473 1.39296
vt -2.73331 1.39198
vt -2.74119 1.39024
vt -2.74818 1.3878
vt -2.75412 1.38476
vt -2.75883 1.3812
vt -2.76214 1.37721
vt -2.76388 1.37288
vt -2.7641 1.35592
vt -2.7641 1.24974
vt -2.7641 1.06626
vt -2.7641 0.835666
vt -2.7641 0.588103
vt -2.7641 0.353735
vt -2.7641 0.162721
vt -2.7641 0.0452233
vt -2.76398 0.0208135
vt -2.76245 0.0164453
vt -2.75932 0.0124099
vt -2.75478 0.00879379
vt -2.74898 0.00568349
vt -2.74211 0.00316541
vt -2.73434 0.00132598
vt -2.72584 0.000251652
vt -2.71165 0
vt -2.54869 9.02389e-16
vt -2.21747 1.35358e-15
vt -1.77781 1.35358e-15
vt -1.28955 9.02389e-16
vt -0.81251 9.02389e-16
vt -0.406509 9.02389e-16
vt -0.131376 0
vt -0.0438731 7.13101e-06
vt -0.0350015 0.000559378
vt -0.0267522 0.00193075
vt -0.0192979 0.0040348
vt -0.0128114 0.0067851
vt -0.00746563 0.0100952
vt -0.00343326 0.0138786
vt -0.000887114 0.018049
f 1035/648/417 1034/647/417 1036/711/417 1037/710/417 1038/709/417 1039/708/417 1040/707/417 1041/706/417 1042/705/417 1043/918/417 1044/919/417 1045/920/417 1046/921/417 1047/922/417 1048/923/417 1049/924/417 1050/925/417 1051/926/417 1052/927/417 1053/928/417 1054/929/417 1055/930/417 1056/931/417 1057/932/417 1058/933/417 1059/934/417 1060/935/417 1061/936/417 1062/937/417 1063/938/417 1064/939/417 1065/940/417 1066/941/417 1067/942/417 1068/943/417 1069/944/417 1070/945/417 1071/946/417 1072/947/417 1073/948/417 1074/949/417 1075/950/417 1076/951/417 1077/952/417 1078/953/417 1079/954/417 1080/955/417 1081/956/417 1082/957/417 1083/958/417 1084/959/417 1085/960/417 1086/961/417 1087/962/417 1088/963/417 1089/964/417 1090/965/417 1091/966/417 1092/967/417 1093/968/417 1094/969/417 1095/970/417 1096/971/417 1097/972/417 1098/973/417 

