# Alias OBJ Model File
# Exported from SketchUp, (c) 2000-2012 Trimble Navigation Limited
# File units = millimeters

mtllib 4.mtl

g Mesh1 ___246_1 ___248_1 Model

usemtl _
v 25.71 21.325 -167.607
vt 0.532122 0.03
vn 0.0709524 0.994808 0.0729619
v 25.4617 21.3614 -167.862
vt 0.524966 0.03
vn 0.0713793 0.994745 0.073401
v 24.0279 21.3614 -166.468
vt 0.524966 0.01
v 24.2762 21.325 -166.213
vt 0.532122 0.01
f 1/1/1 2/2/2 3/3/2 4/4/1 

v 31.4695 19.5638 -161.684
vt 0.176423 0.420885
vn 0.716911 3.44878e-16 -0.697165
v 32.823 20.3111 -160.293
vt 0.178783 0.441654
v 34.9637 21.3793 -158.091
vt 0.180352 0.474155
v 38.9485 23.3679 -153.994
vt 0.183272 0.534656
v 41.1218 24.4525 -151.759
vt 0.184865 0.567653
v 41.7062 24.4812 -151.158
vt 0.18029 0.575722
v 42.1784 24.0531 -150.672
vt 0.168002 0.580862
v 42.2761 23.705 -150.572
vt 0.16052 0.581131
v 42.0612 23.5879 -150.793
vt 0.160176 0.577839
v 41.2123 23.1251 -151.666
vt 0.158808 0.56483
v 39.9741 22.449 -152.939
vt 0.156793 0.545853
v 38.4912 21.6376 -154.464
vt 0.154347 0.523121
v 36.9082 20.7689 -156.092
vt 0.151689 0.498846
v 35.3697 19.9209 -157.674
vt 0.149035 0.475242
v 34.0201 19.1716 -159.062
vt 0.146601 0.45452
v 33.0041 18.5988 -160.106
vt 0.144606 0.438894
v 32.3745 18.2347 -160.754
vt 0.143195 0.429182
v 31.6915 17.8611 -161.456
vt 0.142071 0.418712
v 30.9218 17.4585 -162.248
vt 0.141155 0.406969
v 30.1202 17.0512 -163.072
vt 0.140429 0.394777
v 29.9509 16.9752 -163.246
vt 0.140467 0.392232
v 29.9225 16.9874 -163.275
vt 0.140947 0.391881
v 29.3415 16.6635 -163.873
vt 0.139875 0.382957
v 28.6405 16.3197 -164.593
vt 0.139476 0.372332
v 28.072 16.044 -165.178
vt 0.139212 0.363725
v 27.6907 15.8608 -165.57
vt 0.139067 0.357957
v 27.5514 15.7944 -165.713
vt 0.139023 0.355852
v 27.5891 15.7671 -165.675
vt 0.138174 0.356283
v 27.6404 15.6669 -165.622
vt 0.135817 0.356678
v 27.6747 15.5652 -165.587
vt 0.133581 0.356835
v 27.6931 15.4628 -165.568
vt 0.131471 0.356773
v 27.6965 15.3606 -165.564
vt 0.129496 0.356508
v 27.6862 15.2594 -165.575
vt 0.127659 0.356058
v 27.6633 15.16 -165.598
vt 0.125968 0.35544
v 27.633 15.0602 -165.63
vt 0.124336 0.354721
v 27.6148 14.9499 -165.648
vt 0.122394 0.354136
v 27.6096 14.8336 -165.654
vt 0.120226 0.353709
v 27.6158 14.7178 -165.647
vt 0.117969 0.35344
v 27.6316 14.6092 -165.631
vt 0.115763 0.353325
v 27.6556 14.5142 -165.606
vt 0.113745 0.353361
v 27.6859 14.4394 -165.575
vt 0.112055 0.353547
v 27.7211 14.3913 -165.539
vt 0.110831 0.35388
v 27.763 14.3719 -165.496
vt 0.110095 0.354394
v 27.8365 14.3495 -165.42
vt 0.109024 0.355329
v 27.9385 14.3157 -165.315
vt 0.107487 0.356618
v 28.059 14.2696 -165.191
vt 0.105554 0.358123
v 28.188 14.2104 -165.059
vt 0.103295 0.359705
v 28.3121 14.152 -164.931
vt 0.101096 0.36122
v 28.392 14.1837 -164.849
vt 0.101 0.362408
v 28.5812 14.2721 -164.655
vt 0.101023 0.365262
v 28.8666 14.4106 -164.361
vt 0.101158 0.369583
v 29.235 14.593 -163.982
vt 0.1014 0.375172
v 29.6733 14.8128 -163.531
vt 0.101743 0.38183
v 30.1683 15.0637 -163.022
vt 0.102179 0.389358
v 30.707 15.3393 -162.468
vt 0.102703 0.397557
v 31.2761 15.6332 -161.883
vt 0.103308 0.406228
v 31.8882 15.9542 -161.254
vt 0.104053 0.415569
v 32.4508 16.264 -160.675
vt 0.105018 0.4242
v 33.0035 16.5824 -160.107
vt 0.106232 0.432721
v 33.6592 16.9653 -159.433
vt 0.107772 0.442847
v 34.5309 17.4688 -158.536
vt 0.109716 0.45629
v 35.7314 18.1491 -157.302
vt 0.112141 0.474766
v 37.3738 19.0622 -155.613
vt 0.115123 0.499988
v 39.571 20.2641 -153.353
vt 0.118741 0.533669
v 42.4359 21.8109 -150.407
vt 0.12307 0.577524
v 42.4509 21.3189 -150.392
vt 0.113573 0.576225
v 42.5052 19.5466 -150.336
vt 0.0793661 0.571548
v 42.1255 19.3316 -150.727
vt 0.0786017 0.565706
v 41.1185 18.7613 -151.762
vt 0.0765743 0.55021
v 39.6824 17.948 -153.239
vt 0.0736827 0.528111
v 38.0152 17.0039 -154.953
vt 0.0703259 0.502455
v 36.3149 16.041 -156.702
vt 0.0669025 0.476291
v 34.7797 15.1716 -158.28
vt 0.0638115 0.452667
v 33.6077 14.5079 -159.486
vt 0.0614518 0.434631
v 32.997 14.162 -160.114
vt 0.060222 0.425233
v 32.6698 14.011 -160.45
vt 0.0602154 0.420303
v 31.3216 13.4115 -161.836
vt 0.0606229 0.400057
v 29.1229 12.4351 -164.097
vt 0.0613124 0.367045
v 26.365 11.2128 -166.933
vt 0.0622201 0.325644
v 23.3393 9.87512 -170.045
vt 0.0632818 0.280232
v 20.3371 8.55301 -173.132
vt 0.0644336 0.235188
v 17.6496 7.37723 -175.896
vt 0.0656113 0.194891
v 15.5682 6.47856 -178.036
vt 0.0667508 0.163718
v 14.3057 5.95688 -179.334
vt 0.0678876 0.144881
v 13.0769 5.50929 -180.598
vt 0.0701396 0.126731
v 11.6832 5.0439 -182.031
vt 0.073498 0.106274
v 10.226 4.5846 -183.53
vt 0.0775292 0.0849682
v 8.8065 4.15526 -184.989
vt 0.0817997 0.0642696
v 7.5261 3.77976 -186.306
vt 0.085876 0.045635
v 6.48608 3.48198 -187.375
vt 0.0893244 0.0305211
v 5.78778 3.2858 -188.093
vt 0.0917113 0.0203845
v 5.53249 3.21511 -188.356
vt 0.0926033 0.0166819
v 5.52531 3.2719 -188.363
vt 0.0937472 0.0167574
v 5.49619 3.4458 -188.393
vt 0.0973123 0.0168913
v 5.32667 3.58885 -188.568
vt 0.101521 0.0150135
v 5.25039 3.65285 -188.646
vt 0.103408 0.0141674
v 4.73209 4.08772 -189.179
vt 0.116228 0.0084183
v 4.41599 4.35295 -189.504
vt 0.124046 0.00491197
v 4.41179 4.57962 -189.508
vt 0.128398 0.0055476
v 4.40767 5.06168 -189.513
vt 0.137609 0.00696496
v 4.40513 5.35953 -189.515
vt 0.1433 0.00784069
v 4.23262 5.52721 -189.693
vt 0.148003 0.00599738
v 3.84227 5.99085 -190.094
vt 0.16025 0.00208359
v 3.55469 6.59404 -190.39
vt 0.174251 0
v 3.62837 7.16697 -190.314
vt 0.18451 0.00275773
v 3.9143 7.58404 -190.02
vt 0.189941 0.00793769
v 4.10716 7.76408 -189.822
vt 0.191678 0.0111219
v 4.00706 7.9384 -189.925
vt 0.195873 0.0102877
v 3.73756 8.45569 -190.202
vt 0.208081 0.00818852
v 3.44795 9.17764 -190.5
vt 0.22436 0.00644018
v 3.29805 9.84977 -190.654
vt 0.238467 0.00644769
v 3.29782 10.2922 -190.654
vt 0.246889 0.00779687
v 3.33296 10.5877 -190.618
vt 0.252206 0.00918033
v 3.29018 10.8098 -190.662
vt 0.256807 0.00927475
v 3.15437 10.9851 -190.801
vt 0.261336 0.00795618
v 2.97594 11.1319 -190.985
vt 0.265694 0.00596799
v 2.86764 11.3086 -191.096
vt 0.270006 0.00502922
v 2.90877 11.538 -191.054
vt 0.274011 0.006292
v 3.02564 11.7329 -190.934
vt 0.276696 0.00848399
v 3.10299 11.8656 -190.854
vt 0.278545 0.00994606
v 3.11401 12.0146 -190.843
vt 0.281283 0.0105518
v 3.18334 12.2039 -190.772
vt 0.284278 0.0120774
v 3.33433 12.3226 -190.616
vt 0.285215 0.0145025
v 3.48844 12.2415 -190.458
vt 0.282321 0.0163594
v 3.72547 12.1223 -190.214
vt 0.277973 0.019232
v 4.02049 11.9561 -189.911
vt 0.272225 0.0227531
v 4.22055 11.6417 -189.705
vt 0.264486 0.0245241
v 4.33144 11.4236 -189.591
vt 0.259363 0.0253718
v 4.3856 11.4489 -189.535
vt 0.25937 0.0261889
v 4.43535 11.6818 -189.484
vt 0.263367 0.0275802
v 4.4913 12.2029 -189.427
vt 0.272794 0.0299373
v 4.61765 12.8099 -189.297
vt 0.283241 0.0335186
v 4.8351 13.0751 -189.073
vt 0.286381 0.0372989
v 4.98766 13.1357 -188.916
vt 0.286198 0.0395677
v 5.05005 13.1025 -188.852
vt 0.28502 0.0403185
v 5.18107 12.9751 -188.717
vt 0.281446 0.0417184
v 5.32476 12.772 -188.57
vt 0.276321 0.0430597
v 5.39836 12.5461 -188.494
vt 0.271376 0.0433743
v 5.3973 12.3508 -188.495
vt 0.267669 0.042763
v 5.43947 12.1464 -188.452
vt 0.263408 0.042714
v 5.5554 11.8957 -188.332
vt 0.257621 0.043531
v 5.65719 11.611 -188.228
vt 0.25131 0.0440508
v 5.82265 11.3312 -188.058
vt 0.244534 0.0454551
v 6.05613 11.1158 -187.818
vt 0.238389 0.0479856
v 6.23156 11.0198 -187.637
vt 0.235024 0.0500878
v 6.35545 11.0299 -187.51
vt 0.23413 0.0518107
v 6.45648 11.1627 -187.406
vt 0.235772 0.0535964
v 6.5351 11.4469 -187.325
vt 0.240492 0.055539
v 6.51239 11.8188 -187.348
vt 0.247768 0.0563655
v 6.34739 12.1294 -187.518
vt 0.255127 0.0550617
v 6.13739 12.2521 -187.734
vt 0.259303 0.0525689
v 5.96869 12.3577 -187.907
vt 0.262792 0.0505876
v 5.91007 12.5665 -187.968
vt 0.26728 0.0504255
v 5.92166 12.786 -187.956
vt 0.271355 0.0512545
v 5.91777 12.9393 -187.96
vt 0.274307 0.0516701
v 5.8272 13.0322 -188.053
vt 0.276869 0.0507172
v 5.70225 13.206 -188.181
vt 0.281273 0.0495421
v 5.65745 13.4385 -188.227
vt 0.286091 0.0496411
v 5.82351 13.6308 -188.057
vt 0.288295 0.0524966
v 6.19211 13.6784 -187.678
vt 0.285971 0.0576764
v 6.56167 13.7351 -187.298
vt 0.283811 0.0628968
v 6.83234 13.9601 -187.019
vt 0.28572 0.0672811
v 7.10771 14.2829 -186.736
vt 0.28945 0.0720286
v 7.25837 14.4283 -186.581
vt 0.290898 0.0745309
v 7.26726 14.2604 -186.572
vt 0.287624 0.0741389
v 7.34967 14.0657 -186.487
vt 0.283195 0.0746692
v 7.42306 13.9478 -186.412
vt 0.280308 0.0753109
v 7.47553 13.9168 -186.358
vt 0.279258 0.0759329
v 7.65188 13.7965 -186.177
vt 0.275422 0.0779736
v 7.86733 13.5597 -185.955
vt 0.269028 0.0801922
v 8.00849 13.1854 -185.81
vt 0.260666 0.0809757
v 8.0437 12.7397 -185.774
vt 0.251873 0.080094
v 8.09199 12.4018 -185.724
vt 0.24502 0.0797208
v 8.23338 12.2749 -185.579
vt 0.241364 0.0812636
v 8.3758 12.2128 -185.432
vt 0.238934 0.0830188
v 8.4601 12.1901 -185.345
vt 0.237763 0.0841007
v 8.44112 12.1057 -185.365
vt 0.236325 0.0835838
v 8.35499 11.8188 -185.454
vt 0.231618 0.0815303
v 8.28403 11.5824 -185.527
vt 0.22774 0.0798384
v 8.30949 11.5518 -185.5
vt 0.226935 0.0800928
v 8.42547 11.4926 -185.381
vt 0.224792 0.0814957
v 8.53882 11.3727 -185.265
vt 0.221516 0.0826772
v 8.55578 11.1568 -185.247
vt 0.217258 0.0822487
v 8.47822 10.8482 -185.327
vt 0.212065 0.0802463
v 8.40313 10.6306 -185.404
vt 0.208582 0.0785556
v 8.46718 10.6474 -185.338
vt 0.208339 0.0794815
v 8.76093 10.8039 -185.036
vt 0.208743 0.0839718
v 9.11428 11.0208 -184.673
vt 0.209773 0.0894605
v 9.35491 11.3039 -184.425
vt 0.213054 0.0936124
v 9.45467 11.7436 -184.323
vt 0.220548 0.0963189
v 9.47516 12.0678 -184.302
vt 0.226539 0.0975898
v 9.44651 12.0886 -184.331
vt 0.227187 0.0972623
v 9.33176 12.0516 -184.449
vt 0.227486 0.0955818
v 9.21818 12.0255 -184.566
vt 0.227986 0.0939508
v 9.1606 12.088 -184.625
vt 0.22968 0.0933554
v 9.08189 12.3685 -184.706
vt 0.23571 0.0931381
v 9.02712 12.8291 -184.762
vt 0.244955 0.0937981
v 9.0617 13.4074 -184.727
vt 0.25566 0.0960383
v 9.21648 13.9714 -184.568
vt 0.265037 0.0998761
v 9.43439 14.3723 -184.344
vt 0.270757 0.104078
v 9.65176 14.5702 -184.12
vt 0.27262 0.107651
v 9.81756 14.8267 -183.95
vt 0.276047 0.1107
v 9.90607 15.018 -183.859
vt 0.278913 0.112493
v 9.92284 15.0306 -183.841
vt 0.279007 0.112761
v 9.96613 14.9796 -183.797
vt 0.277656 0.113196
v 10.0311 14.883 -183.73
vt 0.275246 0.113789
v 10.1382 14.7306 -183.62
vt 0.271408 0.114785
v 10.3734 14.4866 -183.378
vt 0.264703 0.117252
v 10.6184 14.1625 -183.126
vt 0.256387 0.119607
v 10.7458 13.7679 -182.995
vt 0.247759 0.120141
v 10.7781 13.326 -182.962
vt 0.239066 0.119231
v 10.8422 12.9347 -182.896
vt 0.231056 0.118909
v 11.0134 12.7052 -182.72
vt 0.225188 0.120547
v 11.1572 12.6627 -182.572
vt 0.223117 0.122381
v 11.3085 12.6526 -182.416
vt 0.2216 0.124416
v 11.5083 12.5616 -182.211
vt 0.218116 0.126866
v 11.6823 12.5023 -182.032
vt 0.215463 0.129062
v 11.7777 12.4273 -181.934
vt 0.2132 0.130135
v 11.7591 12.2994 -181.953
vt 0.210927 0.12949
v 11.681 12.232 -182.033
vt 0.21033 0.128217
v 11.6311 12.2025 -182.085
vt 0.210205 0.127446
v 11.6631 12.1649 -182.052
vt 0.209209 0.127767
v 11.6771 12.0855 -182.037
vt 0.207576 0.127717
v 11.6739 11.9632 -182.041
vt 0.205275 0.127298
v 11.6675 11.8012 -182.047
vt 0.202249 0.126716
v 11.6494 11.5969 -182.066
vt 0.198518 0.125844
v 11.6317 11.3162 -182.084
vt 0.19333 0.124744
v 11.6994 10.9372 -182.014
vt 0.185523 0.12451
v 12.0847 10.5614 -181.618
vt 0.174994 0.128623
v 12.5018 10.3118 -181.189
vt 0.166587 0.133557
v 12.6488 10.2906 -181.038
vt 0.164895 0.1355
v 12.6026 10.4558 -181.086
vt 0.168443 0.135374
v 12.4594 10.7176 -181.233
vt 0.174683 0.134218
v 12.3135 10.9936 -181.383
vt 0.181214 0.133069
v 12.2927 11.2385 -181.404
vt 0.186058 0.133534
v 12.3235 11.4356 -181.373
vt 0.189539 0.134557
v 12.3063 11.6287 -181.39
vt 0.193366 0.134913
v 12.2255 12.0526 -181.473
vt 0.202141 0.135105
v 12.2033 12.5028 -181.496
vt 0.210906 0.136178
v 12.3415 12.7684 -181.354
vt 0.214748 0.138878
v 12.5151 13.0334 -181.176
vt 0.218272 0.142058
v 12.6337 13.3399 -181.054
vt 0.223066 0.144615
v 12.6108 13.6385 -181.077
vt 0.22895 0.145215
v 12.3681 13.7276 -181.327
vt 0.232773 0.142173
v 12.088 13.7432 -181.615
vt 0.235524 0.138395
v 11.9564 13.857 -181.75
vt 0.238844 0.136947
v 11.9156 14.0348 -181.792
vt 0.242585 0.136933
v 11.9112 14.1719 -181.797
vt 0.245234 0.137291
v 11.8876 14.1955 -181.821
vt 0.245889 0.137041
v 11.7277 14.2305 -181.985
vt 0.247959 0.134964
v 11.5467 14.3933 -182.171
vt 0.252643 0.13299
v 11.5132 14.7323 -182.206
vt 0.25939 0.133568
v 11.7632 14.985 -181.949
vt 0.262007 0.137755
v 12.1232 15.1257 -181.579
vt 0.26153 0.143102
v 12.3964 15.2076 -181.298
vt 0.260693 0.147084
v 12.5772 15.3666 -181.112
vt 0.262134 0.150039
v 12.719 15.6082 -180.966
vt 0.265489 0.152715
v 12.8666 15.8811 -180.814
vt 0.26939 0.155564
v 13.0574 15.9714 -180.618
vt 0.269437 0.158446
v 13.2878 15.9012 -180.381
vt 0.266082 0.161378
v 13.551 15.7567 -180.11
vt 0.261024 0.164532
v 13.824 15.6641 -179.83
vt 0.256869 0.167977
v 14.0175 15.5827 -179.631
vt 0.253624 0.170371
v 14.0494 15.4477 -179.598
vt 0.250774 0.170393
v 13.9983 15.2786 -179.65
vt 0.248002 0.169179
v 13.9414 15.1515 -179.709
vt 0.246084 0.168012
v 13.9381 15.1145 -179.712
vt 0.245407 0.167854
v 14.0033 15.004 -179.645
vt 0.242734 0.168407
v 14.0494 14.8242 -179.598
vt 0.238908 0.168487
v 13.9971 14.6347 -179.652
vt 0.235759 0.167194
v 13.953 14.4964 -179.697
vt 0.233512 0.166169
v 13.9611 14.3858 -179.689
vt 0.231336 0.165941
v 14.0186 14.2471 -179.629
vt 0.228192 0.166303
v 14.035 13.9438 -179.613
vt 0.222277 0.165599
v 14.0581 13.6075 -179.589
vt 0.215673 0.164886
v 14.1641 13.4111 -179.48
vt 0.211007 0.165734
v 14.3302 13.3581 -179.309
vt 0.208542 0.16784
v 14.4871 13.4377 -179.148
vt 0.208682 0.170226
v 14.5841 13.6379 -179.048
vt 0.211641 0.172164
v 14.6983 13.7529 -178.931
vt 0.21283 0.174074
v 14.8253 13.7488 -178.8
vt 0.211638 0.175796
v 14.9353 13.6394 -178.687
vt 0.208591 0.176965
v 15.0552 13.4187 -178.564
vt 0.20334 0.177927
v 15.1466 13.2977 -178.47
vt 0.200235 0.178806
v 15.1755 13.5054 -178.44
vt 0.203936 0.179835
v 15.3014 13.907 -178.31
vt 0.210475 0.182782
v 15.4022 14.3104 -178.207
vt 0.217271 0.185392
v 15.2978 14.5693 -178.314
vt 0.223113 0.184757
v 15.1326 14.6358 -178.484
vt 0.225827 0.182704
v 15.0018 14.6715 -178.618
vt 0.227652 0.181028
v 14.9388 14.8397 -178.683
vt 0.231407 0.180681
v 14.9394 15.023 -178.683
vt 0.23489 0.181249
v 14.9281 15.2082 -178.694
vt 0.238512 0.181662
v 14.8311 15.4459 -178.794
vt 0.243888 0.181063
v 14.7356 15.7197 -178.892
vt 0.249935 0.180596
v 14.7633 15.9971 -178.864
vt 0.254973 0.181823
v 15.0073 16.2467 -178.613
vt 0.257586 0.185918
v 15.3872 16.3682 -178.222
vt 0.256567 0.191477
v 15.7026 16.3931 -177.898
vt 0.254277 0.195861
v 15.8051 16.4176 -177.792
vt 0.253845 0.197337
v 16.0805 16.7288 -177.509
vt 0.257354 0.202048
v 16.4147 17.1064 -177.166
vt 0.261612 0.207767
v 16.5144 17.188 -177.063
vt 0.262291 0.209378
v 16.55 16.8409 -177.026
vt 0.255373 0.208803
v 16.5936 16.4155 -176.982
vt 0.246894 0.208098
v 16.6067 16.2892 -176.968
vt 0.244374 0.20789
v 16.6226 16.2524 -176.952
vt 0.243535 0.207996
v 16.6957 16.0843 -176.877
vt 0.239695 0.208481
v 16.8599 15.6969 -176.708
vt 0.230882 0.209538
v 16.9956 15.254 -176.568
vt 0.221264 0.210039
v 17.0871 14.9159 -176.474
vt 0.214026 0.210254
v 17.1758 14.7914 -176.383
vt 0.210878 0.211085
v 17.2964 14.9702 -176.259
vt 0.213225 0.213279
v 17.4312 15.2639 -176.12
vt 0.217634 0.216017
v 17.5527 15.4299 -175.995
vt 0.219728 0.218183
v 17.6543 15.395 -175.891
vt 0.218173 0.219465
v 17.734 15.1647 -175.809
vt 0.213091 0.219849
v 17.7788 14.7358 -175.763
vt 0.204534 0.21915
v 17.6854 14.3505 -175.859
vt 0.19802 0.216696
v 17.5163 14.1035 -176.033
vt 0.194802 0.213632
v 17.3999 13.9839 -176.152
vt 0.193546 0.211677
v 17.4583 13.8288 -176.092
vt 0.190082 0.212001
v 17.6328 13.6456 -175.913
vt 0.185065 0.213823
v 17.8311 13.5258 -175.709
vt 0.181046 0.216166
v 18.1496 13.5711 -175.381
vt 0.179118 0.220654
v 18.4943 13.7472 -175.027
vt 0.179447 0.225899
v 18.6757 13.9768 -174.841
vt 0.182228 0.229078
v 18.661 14.1324 -174.856
vt 0.185318 0.229354
v 18.5366 14.3189 -174.984
vt 0.189957 0.228225
v 18.3798 14.6994 -175.145
vt 0.198575 0.227247
v 18.3452 15.0426 -175.18
vt 0.20541 0.227823
v 18.4272 15.3579 -175.096
vt 0.210692 0.229907
v 18.5521 15.8299 -174.968
vt 0.218581 0.233056
v 18.5967 16.4065 -174.922
vt 0.229165 0.235428
v 18.5435 16.9267 -174.976
vt 0.239533 0.236291
v 18.4208 17.2808 -175.103
vt 0.247348 0.235698
v 18.3076 17.5865 -175.219
vt 0.254158 0.235087
v 18.2394 17.8339 -175.289
vt 0.259464 0.234912
v 18.2279 17.9061 -175.301
vt 0.26094 0.234975
v 18.4075 17.8189 -175.116
vt 0.257704 0.237161
v 18.7735 17.7268 -174.74
vt 0.252745 0.241878
v 19.2346 17.7807 -174.266
vt 0.249728 0.24834
v 19.5629 18.0622 -173.928
vt 0.252208 0.253684
v 19.7132 18.3797 -173.774
vt 0.256935 0.256708
v 19.7417 18.4236 -173.744
vt 0.257519 0.257231
v 19.7339 18.0555 -173.752
vt 0.250581 0.255999
v 19.7176 17.1601 -173.769
vt 0.233683 0.253039
v 19.8185 16.3854 -173.665
vt 0.218055 0.252049
v 20.0996 15.9495 -173.376
vt 0.207293 0.254556
v 20.5496 15.6154 -172.914
vt 0.196989 0.25968
v 20.9255 15.7309 -172.527
vt 0.195893 0.265167
v 21.1905 16.2397 -172.255
vt 0.203255 0.270341
v 21.468 16.7289 -171.969
vt 0.210132 0.275627
v 21.9242 17.1326 -171.5
vt 0.213818 0.283091
v 22.4569 17.5023 -170.952
vt 0.216186 0.291496
v 22.8588 17.7825 -170.539
vt 0.217996 0.297841
v 22.9662 18.0035 -170.428
vt 0.221261 0.299985
v 22.8683 18.2025 -170.529
vt 0.225906 0.299256
v 22.714 18.3806 -170.688
vt 0.230649 0.297693
v 22.4361 18.5282 -170.974
vt 0.235893 0.294349
v 22.1837 18.6778 -171.233
vt 0.240953 0.291359
v 22.2683 18.8839 -171.146
vt 0.244135 0.293145
v 22.3253 19.2983 -171.088
vt 0.251522 0.29519
v 22.1536 19.8076 -171.264
vt 0.262721 0.294401
v 21.9301 20.1637 -171.494
vt 0.271458 0.292437
v 21.6017 20.4139 -171.832
vt 0.279098 0.288718
v 21.3185 20.6373 -172.123
vt 0.285833 0.285532
v 21.4145 20.7739 -172.024
vt 0.287591 0.287262
v 21.8281 20.6828 -171.599
vt 0.282232 0.292631
v 22.2552 20.4595 -171.16
vt 0.274237 0.297782
v 22.5129 20.3285 -170.895
vt 0.269485 0.300901
v 22.4855 20.5327 -170.923
vt 0.273611 0.301151
v 22.3241 20.8903 -171.089
vt 0.281834 0.30004
v 22.2409 21.0552 -171.174
vt 0.285701 0.299407
v 22.3482 21.0366 -171.064
vt 0.284407 0.300817
v 22.6812 20.8824 -170.722
vt 0.278554 0.304892
v 23.2999 20.4469 -170.085
vt 0.264842 0.312011
v 23.8818 19.4414 -169.487
vt 0.240603 0.316885
v 24.261 18.3363 -169.097
vt 0.216245 0.318684
v 24.5637 17.9794 -168.786
vt 0.206799 0.321729
v 24.7796 18.292 -168.564
vt 0.210856 0.325632
v 24.8883 18.7305 -168.452
vt 0.218249 0.328457
v 24.9532 19.1559 -168.385
vt 0.225777 0.330643
v 25.1085 19.5308 -168.226
vt 0.231551 0.33391
v 25.3418 19.8645 -167.986
vt 0.235858 0.338117
v 25.5334 20.1189 -167.789
vt 0.239021 0.341512
v 25.5387 20.561 -167.783
vt 0.247389 0.342936
v 25.4222 21.1213 -167.903
vt 0.259074 0.343058
v 25.4194 21.1752 -167.906
vt 0.260125 0.343183
v 25.4025 21.1993 -167.923
vt 0.260732 0.343027
v 25.3677 21.3754 -167.959
vt 0.264388 0.34309
vt 0.263298 0.344331
vt 0.260428 0.347611
v 25.9766 21.4532 -167.333
vt 0.260533 0.351643
v 26.2156 21.6092 -167.087
vt 0.261407 0.355384
v 26.5833 21.3612 -166.709
vt 0.253462 0.359647
v 26.911 20.6235 -166.372
vt 0.236549 0.361868
v 27.0338 19.8671 -166.246
vt 0.221077 0.361233
v 27.0523 19.5321 -166.227
vt 0.214539 0.360462
v 27.1086 19.5107 -166.169
vt 0.213637 0.361166
v 27.2696 19.3775 -166.003
vt 0.209693 0.362956
v 27.5317 19.029 -165.734
vt 0.200761 0.365471
v 27.6776 18.3897 -165.584
vt 0.187315 0.365509
v 27.6311 17.7201 -165.631
vt 0.174977 0.362827
v 27.576 17.4139 -165.688
vt 0.169633 0.361139
v 28.9501 18.1726 -164.275
vt 0.172029 0.382224
f 5/5/3 6/6/3 7/7/3 8/8/3 9/9/3 10/10/3 11/11/3 12/12/3 13/13/3 14/14/3 15/15/3 16/16/3 17/17/3 18/18/3 19/19/3 20/20/3 21/21/3 22/22/3 23/23/3 24/24/3 25/25/3 26/26/3 27/27/3 28/28/3 29/29/3 30/30/3 31/31/3 32/32/3 33/33/3 34/34/3 35/35/3 36/36/3 37/37/3 38/38/3 39/39/3 40/40/3 41/41/3 42/42/3 43/43/3 44/44/3 45/45/3 46/46/3 47/47/3 48/48/3 49/49/3 50/50/3 51/51/3 52/52/3 53/53/3 54/54/3 55/55/3 56/56/3 57/57/3 58/58/3 59/59/3 60/60/3 61/61/3 62/62/3 63/63/3 64/64/3 65/65/3 66/66/3 67/67/3 68/68/3 69/69/3 70/70/3 71/71/3 72/72/3 73/73/3 74/74/3 75/75/3 76/76/3 77/77/3 78/78/3 79/79/3 80/80/3 81/81/3 82/82/3 83/83/3 84/84/3 85/85/3 86/86/3 87/87/3 88/88/3 89/89/3 90/90/3 91/91/3 92/92/3 93/93/3 94/94/3 95/95/3 96/96/3 97/97/3 98/98/3 99/99/3 100/100/3 101/101/3 102/102/3 103/103/3 104/104/3 105/105/3 106/106/3 107/107/3 108/108/3 109/109/3 110/110/3 111/111/3 112/112/3 113/113/3 114/114/3 115/115/3 116/116/3 117/117/3 118/118/3 119/119/3 120/120/3 121/121/3 122/122/3 123/123/3 124/124/3 125/125/3 126/126/3 127/127/3 128/128/3 129/129/3 130/130/3 131/131/3 132/132/3 133/133/3 134/134/3 135/135/3 136/136/3 137/137/3 138/138/3 139/139/3 140/140/3 141/141/3 142/142/3 143/143/3 144/144/3 145/145/3 146/146/3 147/147/3 148/148/3 149/149/3 150/150/3 151/151/3 152/152/3 153/153/3 154/154/3 155/155/3 156/156/3 157/157/3 158/158/3 159/159/3 160/160/3 161/161/3 162/162/3 163/163/3 164/164/3 165/165/3 166/166/3 167/167/3 168/168/3 169/169/3 170/170/3 171/171/3 172/172/3 173/173/3 174/174/3 175/175/3 176/176/3 177/177/3 178/178/3 179/179/3 180/180/3 181/181/3 182/182/3 183/183/3 184/184/3 185/185/3 186/186/3 187/187/3 188/188/3 189/189/3 190/190/3 191/191/3 192/192/3 193/193/3 194/194/3 195/195/3 196/196/3 197/197/3 198/198/3 199/199/3 200/200/3 201/201/3 202/202/3 203/203/3 204/204/3 205/205/3 206/206/3 207/207/3 208/208/3 209/209/3 210/210/3 211/211/3 212/212/3 213/213/3 214/214/3 215/215/3 216/216/3 217/217/3 218/218/3 219/219/3 220/220/3 221/221/3 222/222/3 223/223/3 224/224/3 225/225/3 226/226/3 227/227/3 228/228/3 229/229/3 230/230/3 231/231/3 232/232/3 233/233/3 234/234/3 235/235/3 236/236/3 237/237/3 238/238/3 239/239/3 240/240/3 241/241/3 242/242/3 243/243/3 244/244/3 245/245/3 246/246/3 247/247/3 248/248/3 249/249/3 250/250/3 251/251/3 252/252/3 253/253/3 254/254/3 255/255/3 256/256/3 257/257/3 258/258/3 259/259/3 260/260/3 261/261/3 262/262/3 263/263/3 264/264/3 265/265/3 266/266/3 267/267/3 268/268/3 269/269/3 270/270/3 271/271/3 272/272/3 273/273/3 274/274/3 275/275/3 276/276/3 277/277/3 278/278/3 279/279/3 280/280/3 281/281/3 282/282/3 283/283/3 284/284/3 285/285/3 286/286/3 287/287/3 288/288/3 289/289/3 290/290/3 291/291/3 292/292/3 293/293/3 294/294/3 295/295/3 296/296/3 297/297/3 298/298/3 299/299/3 300/300/3 301/301/3 302/302/3 303/303/3 304/304/3 305/305/3 306/306/3 307/307/3 308/308/3 309/309/3 310/310/3 311/311/3 312/312/3 313/313/3 314/314/3 315/315/3 316/316/3 317/317/3 318/318/3 319/319/3 320/320/3 321/321/3 322/322/3 323/323/3 324/324/3 325/325/3 326/326/3 327/327/3 328/328/3 329/329/3 330/330/3 331/331/3 332/332/3 333/333/3 334/334/3 335/335/3 336/336/3 337/337/3 338/338/3 339/339/3 340/340/3 341/341/3 342/342/3 343/343/3 344/344/3 345/345/3 346/346/3 347/347/3 348/348/3 349/349/3 350/350/3 351/351/3 352/352/3 353/353/3 354/354/3 355/355/3 356/356/3 357/357/3 358/358/3 359/359/3 360/360/3 361/361/3 362/362/3 363/363/3 364/364/3 365/365/3 366/366/3 367/367/3 368/368/3 369/369/3 370/370/3 371/371/3 372/372/3 373/373/3 374/374/3 375/375/3 376/376/3 377/377/3 378/378/3 379/379/3 380/380/3 381/381/3 382/382/3 383/383/3 384/384/3 385/385/3 386/386/3 387/387/3 388/388/3 389/389/3 390/390/3 391/391/3 392/392/3 393/393/3 394/394/3 395/395/3 2/396/3 1/397/3 396/398/3 397/399/3 398/400/3 399/401/3 400/402/3 401/403/3 402/404/3 403/405/3 404/406/3 405/407/3 406/408/3 407/409/3 408/410/3 

vt 0.891592 0.03
vn -0.239799 0.938983 -0.246591
vt 0.850008 0.03
vn -0.250455 0.933242 -0.257549
v 30.0357 19.5638 -160.29
vt 0.850008 0.01
v 31.3892 20.3111 -158.898
vt 0.891592 0.01
f 6/411/4 5/412/5 409/413/5 410/414/4 

vt 0.772599 0.03
v 27.5163 18.1726 -162.881
vt 0.772599 0.01
f 5/412/5 408/415/5 411/416/5 409/413/5 

vt 0.730382 0.03
v 26.1422 17.4139 -164.294
vt 0.730382 0.01
f 408/415/5 407/417/5 412/418/5 411/416/5 

vt -0.528909 0.03
vn 0.675037 -0.249946 0.694156
vt -0.53523 0.03
vn 0.686408 -0.174987 0.705849
v 26.1973 17.7201 -164.237
vt -0.53523 0.01
vt -0.528909 0.01
f 407/419/6 406/420/7 413/421/7 412/422/6 

vt -0.449481 0.03
vt -0.462933 0.03
vn 0.69374 -0.0989978 0.713389
v 26.2437 18.3897 -164.189
vt -0.462933 0.01
vt -0.449481 0.01
f 406/423/7 405/424/8 414/425/8 413/426/7 

vt -0.183167 0.03
vn 0.662572 0.311091 0.681338
vt -0.196613 0.03
v 26.0979 19.029 -164.339
vt -0.196613 0.01
vt -0.183167 0.01
f 405/427/9 404/428/9 415/429/9 414/430/9 

vt 0.183299 0.03
vn 0.473987 0.733325 0.487412
vt 0.17305 0.03
vn 0.413754 0.804848 0.425473
v 25.8357 19.3775 -164.609
vt 0.17305 0.01
vt 0.183299 0.01
f 404/431/10 403/432/11 416/433/11 415/434/10 

vt 0.332325 0.03
vt 0.326998 0.03
vn 0.265906 0.924406 0.273438
v 25.6748 19.5107 -164.774
vt 0.326998 0.01
vt 0.332325 0.01
f 403/435/11 402/436/12 417/437/12 416/438/11 

vt 0.492453 0.03
vt 0.490782 0.03
vn 0.178882 0.966522 0.183948
v 25.6185 19.5321 -164.832
vt 0.490782 0.01
vt 0.492453 0.01
f 402/439/12 401/440/13 418/441/13 417/442/12 

vt -0.374153 0.03
vn 0.694983 0.0790663 0.714666
vt -0.380871 0.03
vn 0.688917 0.153368 0.708429
v 25.6 19.8671 -164.851
vt -0.380871 0.01
vt -0.374153 0.01
f 401/443/14 400/444/15 419/445/15 418/446/14 

vt -0.279386 0.03
vt -0.29491 0.03
vn 0.642651 0.387651 0.660853
v 25.4772 20.6235 -164.978
vt -0.29491 0.01
vt -0.279386 0.01
f 400/447/15 399/448/16 420/449/16 419/450/15 

vt -0.0451457 0.03
vt -0.0626318 0.03
vn 0.587934 0.537409 0.604586
v 25.1494 21.3612 -165.315
vt -0.0626318 0.01
vt -0.0451457 0.01
f 399/451/16 398/452/17 421/453/17 420/454/16 

vt 0.353034 0.03
vn 0.296746 0.904889 0.305151
vt 0.341383 0.03
v 24.7818 21.6092 -165.693
vt 0.341383 0.01
vt 0.353034 0.01
f 398/455/18 397/456/18 422/457/18 421/458/18 

vt 0.735968 0.03
vn -0.28878 0.910177 -0.296959
vt 0.728439 0.03
vn -0.255578 0.93038 -0.262816
v 24.5428 21.4532 -165.939
vt 0.728439 0.01
vt 0.735968 0.01
f 397/459/19 396/460/20 423/461/20 422/462/19 

vt 0.706247 0.03
vt 0.698185 0.03
vn -0.221692 0.948094 -0.22797
vt 0.698185 0.01
vt 0.706247 0.01
f 396/463/20 1/464/21 4/465/21 423/466/20 

vt -0.178783 0.441654
vn -0.716911 -3.44878e-16 0.697165
vt -0.176423 0.420885
vt -0.172029 0.382224
vt -0.169633 0.361139
vt -0.174977 0.362827
vt -0.187315 0.365509
vt -0.200761 0.365471
vt -0.209693 0.362956
vt -0.213637 0.361166
vt -0.214539 0.360462
vt -0.221077 0.361233
vt -0.236549 0.361868
vt -0.253462 0.359647
vt -0.261407 0.355384
vt -0.260533 0.351643
vt -0.260428 0.347611
vt -0.263298 0.344331
v 23.9339 21.3754 -166.565
vt -0.264388 0.34309
v 23.9687 21.1993 -166.529
vt -0.260732 0.343027
v 23.9856 21.1752 -166.512
vt -0.260125 0.343183
v 23.9884 21.1213 -166.509
vt -0.259074 0.343058
v 24.1049 20.561 -166.389
vt -0.247389 0.342936
v 24.0996 20.1189 -166.394
vt -0.239021 0.341512
v 23.908 19.8645 -166.591
vt -0.235858 0.338117
v 23.6747 19.5308 -166.831
vt -0.231551 0.33391
v 23.5194 19.1559 -166.991
vt -0.225777 0.330643
v 23.4545 18.7305 -167.058
vt -0.218249 0.328457
v 23.3458 18.292 -167.169
vt -0.210856 0.325632
v 23.1299 17.9794 -167.391
vt -0.206799 0.321729
v 22.8271 18.3363 -167.703
vt -0.216245 0.318684
v 22.448 19.4414 -168.093
vt -0.240603 0.316885
v 21.8661 20.4469 -168.691
vt -0.264842 0.312011
v 21.2473 20.8824 -169.327
vt -0.278554 0.304892
v 20.9144 21.0366 -169.67
vt -0.284407 0.300817
v 20.807 21.0552 -169.78
vt -0.285701 0.299407
v 20.8903 20.8903 -169.694
vt -0.281834 0.30004
v 21.0517 20.5327 -169.528
vt -0.273611 0.301151
v 21.0791 20.3285 -169.5
vt -0.269485 0.300901
v 20.8214 20.4595 -169.765
vt -0.274237 0.297782
v 20.3943 20.6828 -170.205
vt -0.282232 0.292631
v 19.9807 20.7739 -170.63
vt -0.287591 0.287262
v 19.8846 20.6373 -170.729
vt -0.285833 0.285532
v 20.1679 20.4139 -170.437
vt -0.279098 0.288718
v 20.4963 20.1637 -170.1
vt -0.271458 0.292437
v 20.7197 19.8076 -169.87
vt -0.262721 0.294401
v 20.8915 19.2983 -169.693
vt -0.251522 0.29519
v 20.8345 18.8839 -169.752
vt -0.244135 0.293145
v 20.7499 18.6778 -169.839
vt -0.240953 0.291359
v 21.0023 18.5282 -169.579
vt -0.235893 0.294349
v 21.2802 18.3806 -169.294
vt -0.230649 0.297693
v 21.4345 18.2025 -169.135
vt -0.225906 0.299256
v 21.5324 18.0035 -169.034
vt -0.221261 0.299985
v 21.4249 17.7825 -169.145
vt -0.217996 0.297841
v 21.023 17.5023 -169.558
vt -0.216186 0.291496
v 20.4904 17.1326 -170.106
vt -0.213818 0.283091
v 20.0342 16.7289 -170.575
vt -0.210132 0.275627
v 19.7567 16.2397 -170.86
vt -0.203255 0.270341
v 19.4917 15.7309 -171.133
vt -0.195893 0.265167
v 19.1158 15.6154 -171.519
vt -0.196989 0.25968
v 18.6658 15.9495 -171.982
vt -0.207293 0.254556
v 18.3846 16.3854 -172.271
vt -0.218055 0.252049
v 18.2837 17.1601 -172.375
vt -0.233683 0.253039
v 18.3001 18.0555 -172.358
vt -0.250581 0.255999
v 18.3079 18.4236 -172.35
vt -0.257519 0.257231
v 18.2794 18.3797 -172.379
vt -0.256935 0.256708
v 18.1291 18.0622 -172.534
vt -0.252208 0.253684
v 17.8008 17.7807 -172.871
vt -0.249728 0.24834
v 17.3397 17.7268 -173.346
vt -0.252745 0.241878
v 16.9737 17.8189 -173.722
vt -0.257704 0.237161
v 16.7941 17.9061 -173.907
vt -0.26094 0.234975
v 16.8056 17.8339 -173.895
vt -0.259464 0.234912
v 16.8738 17.5865 -173.825
vt -0.254158 0.235087
v 16.987 17.2808 -173.708
vt -0.247348 0.235698
v 17.1097 16.9267 -173.582
vt -0.239533 0.236291
v 17.1629 16.4065 -173.527
vt -0.229165 0.235428
v 17.1183 15.8299 -173.573
vt -0.218581 0.233056
v 16.9934 15.3579 -173.702
vt -0.210692 0.229907
v 16.9113 15.0426 -173.786
vt -0.20541 0.227823
v 16.946 14.6994 -173.75
vt -0.198575 0.227247
v 17.1028 14.3189 -173.589
vt -0.189957 0.228225
v 17.2272 14.1324 -173.461
vt -0.185318 0.229354
v 17.2418 13.9768 -173.446
vt -0.182228 0.229078
v 17.0605 13.7472 -173.633
vt -0.179447 0.225899
v 16.7158 13.5711 -173.987
vt -0.179118 0.220654
v 16.3973 13.5258 -174.315
vt -0.181046 0.216166
v 16.1989 13.6456 -174.519
vt -0.185065 0.213823
v 16.0245 13.8288 -174.698
vt -0.190082 0.212001
v 15.9661 13.9839 -174.758
vt -0.193546 0.211677
v 16.0825 14.1035 -174.638
vt -0.194802 0.213632
v 16.2515 14.3505 -174.465
vt -0.19802 0.216696
v 16.345 14.7358 -174.368
vt -0.204534 0.21915
v 16.3002 15.1647 -174.415
vt -0.213091 0.219849
v 16.2205 15.395 -174.497
vt -0.218173 0.219465
v 16.1188 15.4299 -174.601
vt -0.219728 0.218183
v 15.9974 15.2639 -174.726
vt -0.217634 0.216017
v 15.8626 14.9702 -174.865
vt -0.213225 0.213279
v 15.742 14.7914 -174.989
vt -0.210878 0.211085
v 15.6533 14.9159 -175.08
vt -0.214026 0.210254
v 15.5618 15.254 -175.174
vt -0.221264 0.210039
v 15.426 15.6969 -175.313
vt -0.230882 0.209538
v 15.2619 16.0843 -175.482
vt -0.239695 0.208481
v 15.1888 16.2524 -175.557
vt -0.243535 0.207996
v 15.1728 16.2892 -175.574
vt -0.244374 0.20789
v 15.1597 16.4155 -175.587
vt -0.246894 0.208098
v 15.1161 16.8409 -175.632
vt -0.255373 0.208803
v 15.0806 17.188 -175.669
vt -0.262291 0.209378
v 14.9808 17.1064 -175.771
vt -0.261612 0.207767
v 14.6467 16.7288 -176.115
vt -0.257354 0.202048
v 14.3713 16.4176 -176.398
vt -0.253845 0.197337
v 14.2688 16.3931 -176.503
vt -0.254277 0.195861
v 13.9533 16.3682 -176.828
vt -0.256567 0.191477
v 13.5735 16.2467 -177.218
vt -0.257586 0.185918
v 13.3295 15.9971 -177.469
vt -0.254973 0.181823
v 13.3018 15.7197 -177.498
vt -0.249935 0.180596
v 13.3973 15.4459 -177.4
vt -0.243888 0.181063
v 13.4943 15.2082 -177.3
vt -0.238512 0.181662
v 13.5056 15.023 -177.288
vt -0.23489 0.181249
v 13.5049 14.8397 -177.289
vt -0.231407 0.180681
v 13.568 14.6715 -177.224
vt -0.227652 0.181028
v 13.6988 14.6358 -177.09
vt -0.225827 0.182704
v 13.8639 14.5693 -176.92
vt -0.223113 0.184757
v 13.9684 14.3104 -176.812
vt -0.217271 0.185392
v 13.8676 13.907 -176.916
vt -0.210475 0.182782
v 13.7417 13.5054 -177.045
vt -0.203936 0.179835
v 13.7128 13.2977 -177.075
vt -0.200235 0.178806
v 13.6214 13.4187 -177.169
vt -0.20334 0.177927
v 13.5015 13.6394 -177.292
vt -0.208591 0.176965
v 13.3915 13.7488 -177.406
vt -0.211638 0.175796
v 13.2645 13.7529 -177.536
vt -0.21283 0.174074
v 13.1503 13.6379 -177.654
vt -0.211641 0.172164
v 13.0533 13.4377 -177.753
vt -0.208682 0.170226
v 12.8964 13.3581 -177.915
vt -0.208542 0.16784
v 12.7302 13.4111 -178.086
vt -0.211007 0.165734
v 12.6242 13.6075 -178.195
vt -0.215673 0.164886
v 12.6012 13.9438 -178.218
vt -0.222277 0.165599
v 12.5848 14.2471 -178.235
vt -0.228192 0.166303
v 12.5273 14.3858 -178.294
vt -0.231336 0.165941
v 12.5192 14.4964 -178.303
vt -0.233512 0.166169
v 12.5633 14.6347 -178.257
vt -0.235759 0.167194
v 12.6156 14.8242 -178.204
vt -0.238908 0.168487
v 12.5695 15.004 -178.251
vt -0.242734 0.168407
v 12.5043 15.1145 -178.318
vt -0.245407 0.167854
v 12.5075 15.1515 -178.315
vt -0.246084 0.168012
v 12.5645 15.2786 -178.256
vt -0.248002 0.169179
v 12.6156 15.4477 -178.204
vt -0.250774 0.170393
v 12.5837 15.5827 -178.236
vt -0.253624 0.170371
v 12.3902 15.6641 -178.435
vt -0.256869 0.167977
v 12.1172 15.7567 -178.716
vt -0.261024 0.164532
v 11.8539 15.9012 -178.987
vt -0.266082 0.161378
v 11.6236 15.9714 -179.224
vt -0.269437 0.158446
v 11.4328 15.8811 -179.42
vt -0.26939 0.155564
v 11.2852 15.6082 -179.572
vt -0.265489 0.152715
v 11.1434 15.3666 -179.717
vt -0.262134 0.150039
v 10.9626 15.2076 -179.903
vt -0.260693 0.147084
v 10.6894 15.1257 -180.184
vt -0.26153 0.143102
v 10.3293 14.985 -180.555
vt -0.262007 0.137755
v 10.0793 14.7323 -180.812
vt -0.25939 0.133568
v 10.1129 14.3933 -180.777
vt -0.252643 0.13299
v 10.2938 14.2305 -180.591
vt -0.247959 0.134964
v 10.4538 14.1955 -180.427
vt -0.245889 0.137041
v 10.4774 14.1719 -180.402
vt -0.245234 0.137291
v 10.4818 14.0348 -180.398
vt -0.242585 0.136933
v 10.5226 13.857 -180.356
vt -0.238844 0.136947
v 10.6542 13.7432 -180.22
vt -0.235524 0.138395
v 10.9343 13.7276 -179.932
vt -0.232773 0.142173
v 11.1769 13.6385 -179.683
vt -0.22895 0.145215
v 11.1999 13.3399 -179.659
vt -0.223066 0.144615
v 11.0812 13.0334 -179.781
vt -0.218272 0.142058
v 10.9077 12.7684 -179.96
vt -0.214748 0.138878
v 10.7695 12.5028 -180.102
vt -0.210906 0.136178
v 10.7917 12.0526 -180.079
vt -0.202141 0.135105
v 10.8725 11.6287 -179.996
vt -0.193366 0.134913
v 10.8897 11.4356 -179.978
vt -0.189539 0.134557
v 10.8588 11.2385 -180.01
vt -0.186058 0.133534
v 10.8796 10.9936 -179.989
vt -0.181214 0.133069
v 11.0256 10.7176 -179.839
vt -0.174683 0.134218
v 11.1688 10.4558 -179.691
vt -0.168443 0.135374
v 11.215 10.2906 -179.644
vt -0.164895 0.1355
v 11.068 10.3118 -179.795
vt -0.166587 0.133557
v 10.6509 10.5614 -180.224
vt -0.174994 0.128623
v 10.2656 10.9372 -180.62
vt -0.185523 0.12451
v 10.1979 11.3162 -180.69
vt -0.19333 0.124744
v 10.2155 11.5969 -180.672
vt -0.198518 0.125844
v 10.2337 11.8012 -180.653
vt -0.202249 0.126716
v 10.24 11.9632 -180.646
vt -0.205275 0.127298
v 10.2433 12.0855 -180.643
vt -0.207576 0.127717
v 10.2292 12.1649 -180.657
vt -0.209209 0.127767
v 10.1973 12.2025 -180.69
vt -0.210205 0.127446
v 10.2471 12.232 -180.639
vt -0.21033 0.128217
v 10.3253 12.2994 -180.559
vt -0.210927 0.12949
v 10.3438 12.4273 -180.54
vt -0.2132 0.130135
v 10.2485 12.5023 -180.638
vt -0.215463 0.129062
v 10.0744 12.5616 -180.817
vt -0.218116 0.126866
v 9.87472 12.6526 -181.022
vt -0.2216 0.124416
v 9.7234 12.6627 -181.178
vt -0.223117 0.122381
v 9.57962 12.7052 -181.325
vt -0.225188 0.120547
v 9.40833 12.9347 -181.502
vt -0.231056 0.118909
v 9.34431 13.326 -181.567
vt -0.239066 0.119231
v 9.31201 13.7679 -181.601
vt -0.247759 0.120141
v 9.1846 14.1625 -181.732
vt -0.256387 0.119607
v 8.93962 14.4866 -181.984
vt -0.264703 0.117252
v 8.70437 14.7306 -182.226
vt -0.271408 0.114785
v 8.59732 14.883 -182.336
vt -0.275246 0.113789
v 8.53231 14.9796 -182.402
vt -0.277656 0.113196
v 8.48901 15.0306 -182.447
vt -0.279007 0.112761
v 8.47225 15.018 -182.464
vt -0.278913 0.112493
v 8.38374 14.8267 -182.555
vt -0.276047 0.1107
v 8.21794 14.5702 -182.726
vt -0.27262 0.107651
v 8.00057 14.3723 -182.949
vt -0.270757 0.104078
v 7.78266 13.9714 -183.173
vt -0.265037 0.0998761
v 7.62788 13.4074 -183.332
vt -0.25566 0.0960383
v 7.5933 12.8291 -183.368
vt -0.244955 0.0937981
v 7.64806 12.3685 -183.312
vt -0.23571 0.0931381
v 7.72678 12.088 -183.231
vt -0.22968 0.0933554
v 7.78436 12.0255 -183.172
vt -0.227986 0.0939508
v 7.89794 12.0516 -183.055
vt -0.227486 0.0955818
v 8.01269 12.0886 -182.937
vt -0.227187 0.0972623
v 8.04133 12.0678 -182.907
vt -0.226539 0.0975898
v 8.02085 11.7436 -182.928
vt -0.220548 0.0963189
v 7.92109 11.3039 -183.031
vt -0.213054 0.0936124
v 7.68046 11.0208 -183.278
vt -0.209773 0.0894605
v 7.32711 10.8039 -183.642
vt -0.208743 0.0839718
v 7.03336 10.6474 -183.944
vt -0.208339 0.0794815
v 6.96931 10.6306 -184.01
vt -0.208582 0.0785556
v 7.0444 10.8482 -183.932
vt -0.212065 0.0802463
v 7.12196 11.1568 -183.853
vt -0.217258 0.0822487
v 7.105 11.3727 -183.87
vt -0.221516 0.0826772
v 6.99165 11.4926 -183.987
vt -0.224792 0.0814957
v 6.87567 11.5518 -184.106
vt -0.226935 0.0800928
v 6.8502 11.5824 -184.132
vt -0.22774 0.0798384
v 6.92117 11.8188 -184.059
vt -0.231618 0.0815303
v 7.0073 12.1057 -183.971
vt -0.236325 0.0835838
v 7.02628 12.1901 -183.951
vt -0.237763 0.0841007
v 6.94198 12.2128 -184.038
vt -0.238934 0.0830188
v 6.79956 12.2749 -184.184
vt -0.241364 0.0812636
v 6.65817 12.4018 -184.33
vt -0.24502 0.0797208
v 6.60988 12.7397 -184.379
vt -0.251873 0.080094
v 6.57466 13.1854 -184.416
vt -0.260666 0.0809757
v 6.43351 13.5597 -184.561
vt -0.269028 0.0801922
v 6.21806 13.7965 -184.782
vt -0.275422 0.0779736
v 6.04171 13.9168 -184.964
vt -0.279258 0.0759329
v 5.98924 13.9478 -185.018
vt -0.280308 0.0753109
v 5.91585 14.0657 -185.093
vt -0.283195 0.0746692
v 5.83344 14.2604 -185.178
vt -0.287624 0.0741389
v 5.82455 14.4283 -185.187
vt -0.290898 0.0745309
v 5.67389 14.2829 -185.342
vt -0.28945 0.0720286
v 5.39852 13.9601 -185.625
vt -0.28572 0.0672811
v 5.12785 13.7351 -185.903
vt -0.283811 0.0628968
v 4.75829 13.6784 -186.283
vt -0.285971 0.0576764
v 4.38968 13.6308 -186.662
vt -0.288295 0.0524966
v 4.22363 13.4385 -186.833
vt -0.286091 0.0496411
v 4.26843 13.206 -186.787
vt -0.281273 0.0495421
v 4.39338 13.0322 -186.659
vt -0.276869 0.0507172
v 4.48395 12.9393 -186.565
vt -0.274307 0.0516701
v 4.48784 12.786 -186.561
vt -0.271355 0.0512545
v 4.47625 12.5665 -186.573
vt -0.26728 0.0504255
v 4.53487 12.3577 -186.513
vt -0.262792 0.0505876
v 4.70357 12.2521 -186.34
vt -0.259303 0.0525689
v 4.91357 12.1294 -186.124
vt -0.255127 0.0550617
v 5.07857 11.8188 -185.954
vt -0.247768 0.0563655
v 5.10128 11.4469 -185.931
vt -0.240492 0.055539
v 5.02266 11.1627 -186.011
vt -0.235772 0.0535964
v 4.92163 11.0299 -186.115
vt -0.23413 0.0518107
v 4.79774 11.0198 -186.243
vt -0.235024 0.0500878
v 4.62231 11.1158 -186.423
vt -0.238389 0.0479856
v 4.38883 11.3312 -186.663
vt -0.244534 0.0454551
v 4.22337 11.611 -186.833
vt -0.25131 0.0440508
v 4.12158 11.8957 -186.938
vt -0.257621 0.043531
v 4.00565 12.1464 -187.057
vt -0.263408 0.042714
v 3.96348 12.3508 -187.101
vt -0.267669 0.042763
v 3.96454 12.5461 -187.1
vt -0.271376 0.0433743
v 3.89093 12.772 -187.175
vt -0.276321 0.0430597
v 3.74725 12.9751 -187.323
vt -0.281446 0.0417184
v 3.61623 13.1025 -187.458
vt -0.28502 0.0403185
v 3.55384 13.1357 -187.522
vt -0.286198 0.0395677
v 3.40128 13.0751 -187.679
vt -0.286381 0.0372989
v 3.18383 12.8099 -187.902
vt -0.283241 0.0335186
v 3.05748 12.2029 -188.032
vt -0.272794 0.0299373
v 3.00153 11.6818 -188.09
vt -0.263367 0.0275802
v 2.95177 11.4489 -188.141
vt -0.25937 0.0261889
v 2.89762 11.4236 -188.197
vt -0.259363 0.0253718
v 2.78673 11.6417 -188.311
vt -0.264486 0.0245241
v 2.58667 11.9561 -188.516
vt -0.272225 0.0227531
v 2.29165 12.1223 -188.82
vt -0.277973 0.019232
v 2.05462 12.2415 -189.064
vt -0.282321 0.0163594
v 1.90051 12.3226 -189.222
vt -0.285215 0.0145025
v 1.74952 12.2039 -189.377
vt -0.284278 0.0120774
v 1.68019 12.0146 -189.449
vt -0.281283 0.0105518
v 1.66917 11.8656 -189.46
vt -0.278545 0.00994606
v 1.59182 11.7329 -189.539
vt -0.276696 0.00848399
v 1.47495 11.538 -189.66
vt -0.274011 0.006292
v 1.43382 11.3086 -189.702
vt -0.270006 0.00502922
v 1.54212 11.1319 -189.591
vt -0.265694 0.00596799
v 1.72055 10.9851 -189.407
vt -0.261336 0.00795618
v 1.85636 10.8098 -189.267
vt -0.256807 0.00927475
v 1.89914 10.5877 -189.223
vt -0.252206 0.00918033
v 1.864 10.2922 -189.26
vt -0.246889 0.00779687
v 1.86423 9.84977 -189.259
vt -0.238467 0.00644769
v 2.01413 9.17764 -189.105
vt -0.22436 0.00644018
v 2.30374 8.45569 -188.807
vt -0.208081 0.00818852
v 2.57323 7.9384 -188.53
vt -0.195873 0.0102877
v 2.67334 7.76408 -188.427
vt -0.191678 0.0111219
v 2.48048 7.58404 -188.626
vt -0.189941 0.00793769
v 2.19455 7.16697 -188.92
vt -0.18451 0.00275773
v 2.12087 6.59404 -188.995
vt -0.174251 -8.08124e-34
v 2.40845 5.99085 -188.7
vt -0.16025 0.00208359
v 2.7988 5.52721 -188.298
vt -0.148003 0.00599738
v 2.9713 5.35953 -188.121
vt -0.1433 0.00784069
v 2.97385 5.06168 -188.118
vt -0.137609 0.00696496
v 2.97797 4.57962 -188.114
vt -0.128398 0.0055476
v 2.98217 4.35295 -188.11
vt -0.124046 0.00491197
v 3.29827 4.08772 -187.785
vt -0.116228 0.0084183
v 3.81657 3.65285 -187.252
vt -0.103408 0.0141674
v 3.89285 3.58885 -187.173
vt -0.101521 0.0150135
v 4.06237 3.4458 -186.999
vt -0.0973123 0.0168913
v 4.09149 3.2719 -186.969
vt -0.0937472 0.0167574
v 4.09867 3.21511 -186.962
vt -0.0926033 0.0166819
v 4.35396 3.2858 -186.699
vt -0.0917113 0.0203845
v 5.05226 3.48198 -185.981
vt -0.0893244 0.0305211
v 6.09228 3.77976 -184.912
vt -0.085876 0.045635
v 7.37268 4.15526 -183.595
vt -0.0817997 0.0642696
v 8.79217 4.5846 -182.135
vt -0.0775292 0.0849682
v 10.2494 5.0439 -180.637
vt -0.073498 0.106274
v 11.6431 5.50929 -179.204
vt -0.0701396 0.126731
v 12.8719 5.95688 -177.94
vt -0.0678876 0.144881
v 14.1344 6.47856 -176.642
vt -0.0667508 0.163718
v 16.2158 7.37723 -174.501
vt -0.0656113 0.194891
v 18.9033 8.55301 -171.738
vt -0.0644336 0.235188
v 21.9055 9.87512 -168.65
vt -0.0632818 0.280232
v 24.9312 11.2128 -165.539
vt -0.0622201 0.325644
v 27.6891 12.4351 -162.703
vt -0.0613124 0.367045
v 29.8878 13.4115 -160.442
vt -0.0606229 0.400057
v 31.236 14.011 -159.056
vt -0.0602154 0.420303
v 31.5631 14.162 -158.719
vt -0.060222 0.425233
v 32.1739 14.5079 -158.091
vt -0.0614518 0.434631
v 33.3459 15.1716 -156.886
vt -0.0638115 0.452667
v 34.8811 16.041 -155.307
vt -0.0669025 0.476291
v 36.5813 17.0039 -153.559
vt -0.0703259 0.502455
v 38.2486 17.948 -151.845
vt -0.0736827 0.528111
v 39.6847 18.7613 -150.368
vt -0.0765743 0.55021
v 40.6917 19.3316 -149.332
vt -0.0786017 0.565706
v 41.0713 19.5466 -148.942
vt -0.0793661 0.571548
v 41.0171 21.3189 -148.998
vt -0.113573 0.576225
v 41.0021 21.8109 -149.013
vt -0.12307 0.577524
v 38.1372 20.2641 -151.959
vt -0.118741 0.533669
v 35.94 19.0622 -154.218
vt -0.115123 0.499988
v 34.2976 18.1491 -155.907
vt -0.112141 0.474766
v 33.0971 17.4688 -157.142
vt -0.109716 0.45629
v 32.2254 16.9653 -158.038
vt -0.107772 0.442847
v 31.5697 16.5824 -158.713
vt -0.106232 0.432721
v 31.017 16.264 -159.281
vt -0.105018 0.4242
v 30.4544 15.9542 -159.859
vt -0.104053 0.415569
v 29.8422 15.6332 -160.489
vt -0.103308 0.406228
v 29.2732 15.3393 -161.074
vt -0.102703 0.397557
v 28.7345 15.0637 -161.628
vt -0.102179 0.389358
v 28.2395 14.8128 -162.137
vt -0.101743 0.38183
v 27.8012 14.593 -162.588
vt -0.1014 0.375172
v 27.4327 14.4106 -162.967
vt -0.101158 0.369583
v 27.1473 14.2721 -163.26
vt -0.101023 0.365262
v 26.9581 14.1837 -163.455
vt -0.101 0.362408
v 26.8782 14.152 -163.537
vt -0.101096 0.36122
v 26.7542 14.2104 -163.664
vt -0.103295 0.359705
v 26.6252 14.2696 -163.797
vt -0.105554 0.358123
v 26.5047 14.3157 -163.921
vt -0.107487 0.356618
v 26.4027 14.3495 -164.026
vt -0.109024 0.355329
v 26.3292 14.3719 -164.101
vt -0.110095 0.354394
v 26.2873 14.3913 -164.145
vt -0.110831 0.35388
v 26.2521 14.4394 -164.181
vt -0.112055 0.353547
v 26.2218 14.5142 -164.212
vt -0.113745 0.353361
v 26.1978 14.6092 -164.237
vt -0.115763 0.353325
v 26.1819 14.7178 -164.253
vt -0.117969 0.35344
v 26.1758 14.8336 -164.259
vt -0.120226 0.353709
v 26.181 14.9499 -164.254
vt -0.122394 0.354136
v 26.1991 15.0602 -164.235
vt -0.124336 0.354721
v 26.2294 15.16 -164.204
vt -0.125968 0.35544
v 26.2524 15.2594 -164.18
vt -0.127659 0.356058
v 26.2627 15.3606 -164.17
vt -0.129496 0.356508
v 26.2592 15.4628 -164.173
vt -0.131471 0.356773
v 26.2409 15.5652 -164.192
vt -0.133581 0.356835
v 26.2066 15.6669 -164.228
vt -0.135817 0.356678
v 26.1553 15.7671 -164.28
vt -0.138174 0.356283
v 26.1176 15.7944 -164.319
vt -0.139023 0.355852
v 26.2569 15.8608 -164.176
vt -0.139067 0.357957
v 26.6382 16.044 -163.784
vt -0.139212 0.363725
v 27.2067 16.3197 -163.199
vt -0.139476 0.372332
v 27.9077 16.6635 -162.478
vt -0.139875 0.382957
v 28.4887 16.9874 -161.881
vt -0.140947 0.391881
v 28.5171 16.9752 -161.852
vt -0.140467 0.392232
v 28.6864 17.0512 -161.678
vt -0.140429 0.394777
v 29.488 17.4585 -160.853
vt -0.141155 0.406969
v 30.2577 17.8611 -160.062
vt -0.142071 0.418712
v 30.9407 18.2347 -159.359
vt -0.143195 0.429182
v 31.5703 18.5988 -158.712
vt -0.144606 0.438894
v 32.5863 19.1716 -157.667
vt -0.146601 0.45452
v 33.9359 19.9209 -156.279
vt -0.149035 0.475242
v 35.4744 20.7689 -154.697
vt -0.151689 0.498846
v 37.0574 21.6376 -153.069
vt -0.154347 0.523121
v 38.5403 22.449 -151.545
vt -0.156793 0.545853
v 39.7784 23.1251 -150.271
vt -0.158808 0.56483
v 40.6274 23.5879 -149.398
vt -0.160176 0.577839
v 40.8422 23.705 -149.177
vt -0.16052 0.581131
v 40.7446 24.0531 -149.278
vt -0.168002 0.580862
v 40.2724 24.4812 -149.763
vt -0.18029 0.575722
v 39.688 24.4525 -150.364
vt -0.184865 0.567653
v 37.5147 23.3679 -152.599
vt -0.183272 0.534656
v 33.5298 21.3793 -156.697
vt -0.180352 0.474155
f 410/467/22 409/468/22 411/469/22 412/470/22 413/471/22 414/472/22 415/473/22 416/474/22 417/475/22 418/476/22 419/477/22 420/478/22 421/479/22 422/480/22 423/481/22 4/482/22 3/483/22 424/484/22 425/485/22 426/486/22 427/487/22 428/488/22 429/489/22 430/490/22 431/491/22 432/492/22 433/493/22 434/494/22 435/495/22 436/496/22 437/497/22 438/498/22 439/499/22 440/500/22 441/501/22 442/502/22 443/503/22 444/504/22 445/505/22 446/506/22 447/507/22 448/508/22 449/509/22 450/510/22 451/511/22 452/512/22 453/513/22 454/514/22 455/515/22 456/516/22 457/517/22 458/518/22 459/519/22 460/520/22 461/521/22 462/522/22 463/523/22 464/524/22 465/525/22 466/526/22 467/527/22 468/528/22 469/529/22 470/530/22 471/531/22 472/532/22 473/533/22 474/534/22 475/535/22 476/536/22 477/537/22 478/538/22 479/539/22 480/540/22 481/541/22 482/542/22 483/543/22 484/544/22 485/545/22 486/546/22 487/547/22 488/548/22 489/549/22 490/550/22 491/551/22 492/552/22 493/553/22 494/554/22 495/555/22 496/556/22 497/557/22 498/558/22 499/559/22 500/560/22 501/561/22 502/562/22 503/563/22 504/564/22 505/565/22 506/566/22 507/567/22 508/568/22 509/569/22 510/570/22 511/571/22 512/572/22 513/573/22 514/574/22 515/575/22 516/576/22 517/577/22 518/578/22 519/579/22 520/580/22 521/581/22 522/582/22 523/583/22 524/584/22 525/585/22 526/586/22 527/587/22 528/588/22 529/589/22 530/590/22 531/591/22 532/592/22 533/593/22 534/594/22 535/595/22 536/596/22 537/597/22 538/598/22 539/599/22 540/600/22 541/601/22 542/602/22 543/603/22 544/604/22 545/605/22 546/606/22 547/607/22 548/608/22 549/609/22 550/610/22 551/611/22 552/612/22 553/613/22 554/614/22 555/615/22 556/616/22 557/617/22 558/618/22 559/619/22 560/620/22 561/621/22 562/622/22 563/623/22 564/624/22 565/625/22 566/626/22 567/627/22 568/628/22 569/629/22 570/630/22 571/631/22 572/632/22 573/633/22 574/634/22 575/635/22 576/636/22 577/637/22 578/638/22 579/639/22 580/640/22 581/641/22 582/642/22 583/643/22 584/644/22 585/645/22 586/646/22 587/647/22 588/648/22 589/649/22 590/650/22 591/651/22 592/652/22 593/653/22 594/654/22 595/655/22 596/656/22 597/657/22 598/658/22 599/659/22 600/660/22 601/661/22 602/662/22 603/663/22 604/664/22 605/665/22 606/666/22 607/667/22 608/668/22 609/669/22 610/670/22 611/671/22 612/672/22 613/673/22 614/674/22 615/675/22 616/676/22 617/677/22 618/678/22 619/679/22 620/680/22 621/681/22 622/682/22 623/683/22 624/684/22 625/685/22 626/686/22 627/687/22 628/688/22 629/689/22 630/690/22 631/691/22 632/692/22 633/693/22 634/694/22 635/695/22 636/696/22 637/697/22 638/698/22 639/699/22 640/700/22 641/701/22 642/702/22 643/703/22 644/704/22 645/705/22 646/706/22 647/707/22 648/708/22 649/709/22 650/710/22 651/711/22 652/712/22 653/713/22 654/714/22 655/715/22 656/716/22 657/717/22 658/718/22 659/719/22 660/720/22 661/721/22 662/722/22 663/723/22 664/724/22 665/725/22 666/726/22 667/727/22 668/728/22 669/729/22 670/730/22 671/731/22 672/732/22 673/733/22 674/734/22 675/735/22 676/736/22 677/737/22 678/738/22 679/739/22 680/740/22 681/741/22 682/742/22 683/743/22 684/744/22 685/745/22 686/746/22 687/747/22 688/748/22 689/749/22 690/750/22 691/751/22 692/752/22 693/753/22 694/754/22 695/755/22 696/756/22 697/757/22 698/758/22 699/759/22 700/760/22 701/761/22 702/762/22 703/763/22 704/764/22 705/765/22 706/766/22 707/767/22 708/768/22 709/769/22 710/770/22 711/771/22 712/772/22 713/773/22 714/774/22 715/775/22 716/776/22 717/777/22 718/778/22 719/779/22 720/780/22 721/781/22 722/782/22 723/783/22 724/784/22 725/785/22 726/786/22 727/787/22 728/788/22 729/789/22 730/790/22 731/791/22 732/792/22 733/793/22 734/794/22 735/795/22 736/796/22 737/797/22 738/798/22 739/799/22 740/800/22 741/801/22 742/802/22 743/803/22 744/804/22 745/805/22 746/806/22 747/807/22 748/808/22 749/809/22 750/810/22 751/811/22 752/812/22 753/813/22 754/814/22 755/815/22 756/816/22 757/817/22 758/818/22 759/819/22 760/820/22 761/821/22 762/822/22 763/823/22 764/824/22 765/825/22 766/826/22 767/827/22 768/828/22 769/829/22 770/830/22 771/831/22 772/832/22 773/833/22 774/834/22 775/835/22 776/836/22 777/837/22 778/838/22 779/839/22 780/840/22 781/841/22 782/842/22 783/843/22 784/844/22 785/845/22 786/846/22 787/847/22 788/848/22 789/849/22 790/850/22 791/851/22 792/852/22 793/853/22 794/854/22 795/855/22 796/856/22 797/857/22 798/858/22 799/859/22 800/860/22 801/861/22 802/862/22 803/863/22 804/864/22 805/865/22 806/866/22 807/867/22 808/868/22 809/869/22 810/870/22 811/871/22 812/872/22 

vt 0.524328 0.03
vt 0.521618 0.03
vn 0.0718062 0.994682 0.07384
vt 0.521618 0.01
vt 0.524328 0.01
f 2/873/2 395/874/23 424/875/23 3/876/2 

vt 0.287932 0.03
vn -0.67076 -0.272607 -0.689758
vt 0.284274 0.03
vt 0.284274 0.01
vt 0.287932 0.01
f 395/877/24 394/878/24 425/879/24 424/880/24 

vt -0.0835658 0.03
vn -0.491597 -0.709072 -0.50552
vt -0.0842486 0.03
vt -0.0842486 0.01
vt -0.0835658 0.01
f 394/881/25 393/882/25 426/883/25 425/884/25 

vt 0.412765 0.03
vn -0.695175 -0.0755085 -0.714864
vt 0.411684 0.03
vn -0.685562 -0.181688 -0.704978
vt 0.411684 0.01
vt 0.412765 0.01
f 393/885/26 392/886/27 427/887/27 426/888/26 

vt 0.273311 0.03
vt 0.261622 0.03
vn -0.6907 -0.135869 -0.710263
vt 0.261622 0.01
vt 0.273311 0.01
f 392/889/27 391/890/28 428/891/28 427/892/27 

vt 0.454994 0.03
vt 0.446156 0.03
vn -0.697061 0.0172438 -0.716804
vt 0.446156 0.01
vt 0.454994 0.01
f 391/893/28 390/894/29 429/895/29 428/896/28 

vt 0.719745 0.03
vn -0.473612 0.733823 -0.487026
vt 0.712257 0.03
vn -0.483027 0.721087 -0.496708
vt 0.712257 0.01
vt 0.719745 0.01
f 390/897/30 389/898/31 430/899/31 429/900/30 

vt 0.709102 0.03
vt 0.699654 0.03
vn -0.55013 0.61427 -0.565711
vt 0.699654 0.01
vt 0.709102 0.01
f 389/901/31 388/902/32 431/903/32 430/904/31 

vt 0.653428 0.03
vt 0.644711 0.03
vn -0.648525 0.366972 -0.666893
vt 0.644711 0.01
vt 0.653428 0.01
f 388/905/32 387/906/33 432/907/33 431/908/32 

vt 0.527136 0.03
vt 0.518431 0.03
vn -0.670307 0.274891 -0.689292
vt 0.518431 0.01
vt 0.527136 0.01
f 387/909/33 386/910/34 433/911/34 432/912/33 

vt 0.57197 0.03
vt 0.562668 0.03
vn -0.656892 0.334958 -0.675497
vt 0.562668 0.01
vt 0.57197 0.01
f 386/913/34 385/914/35 434/915/35 433/916/34 

vt 0.674815 0.03
vn -0.495272 0.70379 -0.509299
vt 0.66602 0.03
vt 0.66602 0.01
vt 0.674815 0.01
f 385/917/36 384/918/36 435/919/36 434/920/36 

vt 0.174471 0.03
vn 0.442588 0.772644 0.455123
vt 0.163234 0.03
vt 0.163234 0.01
vt 0.174471 0.01
f 384/921/37 383/922/37 436/923/37 435/924/37 

vt -0.120854 0.03
vn 0.625533 0.441518 0.64325
vt -0.145476 0.03
vn 0.585032 0.543886 0.601602
vt -0.145476 0.01
vt -0.120854 0.01
f 383/925/38 382/926/39 437/927/39 436/928/38 

vt 0.0129874 0.03
vt -0.0131357 0.03
vn 0.536426 0.63872 0.551619
vt -0.0131357 0.01
vt 0.0129874 0.01
f 382/929/39 381/930/40 438/931/40 437/932/39 

vt 0.265375 0.03
vn 0.30711 0.897746 0.315809
vt 0.245613 0.03
vn 0.261341 0.927081 0.268743
vt 0.245613 0.01
vt 0.265375 0.01
f 381/933/41 380/934/42 439/935/42 438/936/41 

vt 0.332451 0.03
vt 0.322421 0.03
vn 0.149528 0.976728 0.153763
vt 0.322421 0.01
vt 0.332451 0.01
f 380/937/42 379/938/43 440/939/43 439/940/42 

vt 0.427693 0.03
vt 0.424592 0.03
vn 0.083454 0.99281 0.0858176
vt 0.424592 0.01
vt 0.427693 0.01
f 379/941/43 378/942/44 441/943/44 440/944/43 

vt 0.0853443 0.03
vn -0.564562 -0.586711 -0.580552
vt 0.081275 0.03
vn -0.575099 -0.565264 -0.591387
vt 0.081275 0.01
vt 0.0853443 0.01
f 378/945/45 377/946/46 442/947/46 441/948/45 

vt 0.115661 0.03
vt 0.107144 0.03
vn -0.58524 -0.543427 -0.601815
vt 0.107144 0.01
vt 0.115661 0.01
f 377/949/46 376/950/47 443/951/47 442/952/46 

vt 0.344027 0.03
vn -0.684605 -0.188965 -0.703995
vt 0.33987 0.03
vt 0.33987 0.01
vt 0.344027 0.01
f 376/953/48 375/954/48 444/955/48 443/956/48 

vt 0.315061 0.03
vn 0.232847 0.942576 0.239442
vt 0.307221 0.03
vn 0.235833 0.941048 0.242512
vt 0.307221 0.01
vt 0.315061 0.01
f 375/957/49 374/958/50 445/959/50 444/960/49 

vt 0.301944 0.03
vt 0.288908 0.03
vn 0.173143 0.96867 0.178047
vt 0.288908 0.01
vt 0.301944 0.01
f 374/961/50 373/962/51 446/963/51 445/964/50 

vt 0.397328 0.03
vt 0.385331 0.03
vn 0.10579 0.98842 0.108786
vt 0.385331 0.01
vt 0.397328 0.01
f 373/965/51 372/966/52 447/967/52 446/968/51 

vt 0.642215 0.03
vn -0.490802 0.710203 -0.504703
vt 0.638337 0.03
vt 0.638337 0.01
vt 0.642215 0.01
f 372/969/53 371/970/53 448/971/53 447/972/53 

vt -0.184489 0.03
vn -0.335868 -0.876302 -0.345381
vt -0.193759 0.03
vn -0.331501 -0.879717 -0.34089
vt -0.193759 0.01
vt -0.184489 0.01
f 371/973/54 370/974/55 449/975/55 448/976/54 

vt -0.20246 0.03
vt -0.213121 0.03
vn -0.327116 -0.883087 -0.336381
vt -0.213121 0.01
vt -0.20246 0.01
f 370/977/55 369/978/56 450/979/56 449/980/55 

vt 0.00807979 0.03
vn -0.518175 -0.669002 -0.532851
vt -0.00149835 0.03
vn -0.57864 -0.557779 -0.595028
vt -0.00149835 0.01
vt 0.00807979 0.01
f 369/981/57 368/982/58 451/983/58 450/984/57 

vt 0.178101 0.03
vt 0.166792 0.03
vn -0.627593 -0.435461 -0.645368
vt 0.166792 0.01
vt 0.178101 0.01
f 368/985/58 367/986/59 452/987/59 451/988/58 

vt 0.505805 0.03
vn -0.683977 0.193588 -0.703349
vt 0.497362 0.03
vn -0.651615 0.355532 -0.670071
vt 0.497362 0.01
vt 0.505805 0.01
f 367/989/60 366/990/61 453/991/61 452/992/60 

vt 0.599896 0.03
vt 0.595114 0.03
vn -0.600761 0.507385 -0.617776
vt 0.595114 0.01
vt 0.599896 0.01
f 366/993/61 365/994/62 454/995/62 453/996/61 

vt -0.288812 0.03
vn -0.266264 -0.924194 -0.273806
vt -0.296643 0.03
vn -0.254197 -0.931158 -0.261396
vt -0.296643 0.01
vt -0.288812 0.01
f 365/997/63 364/998/64 455/999/64 454/1000/63 

vt -0.317338 0.03
vt -0.325834 0.03
vn -0.344025 -0.869767 -0.353768
vt -0.325834 0.01
vt -0.317338 0.01
f 364/1001/64 363/1002/65 456/1003/65 455/1004/64 

vt -0.134788 0.03
vt -0.140469 0.03
vn -0.50822 -0.684534 -0.522614
vt -0.140469 0.01
vt -0.134788 0.01
f 363/1005/65 362/1006/66 457/1007/66 456/1008/65 

vt 0.0364568 0.03
vt 0.0315891 0.03
vn -0.569545 -0.576716 -0.585676
vt 0.0315891 0.01
vt 0.0364568 0.01
f 362/1009/66 361/1010/67 458/1011/67 457/1012/66 

vt 0.611088 0.03
vn -0.571813 0.57208 -0.588009
vt 0.605701 0.03
vt 0.605701 0.01
vt 0.611088 0.01
f 361/1013/68 360/1014/68 459/1015/68 458/1016/68 

vt 0.620216 0.03
vn -0.304783 0.899377 -0.313415
vt 0.607402 0.03
vn -0.304225 0.899765 -0.312841
vt 0.607402 0.01
vt 0.620216 0.01
f 360/1017/69 359/1018/70 460/1019/70 459/1020/69 

vt 0.607167 0.03
vt 0.5902 0.03
vn -0.335308 0.876743 -0.344805
vt 0.5902 0.01
vt 0.607167 0.01
f 359/1021/70 358/1022/71 461/1023/71 460/1024/70 

vt 0.600661 0.03
vt 0.58529 0.03
vn -0.459839 0.751631 -0.472863
vt 0.58529 0.01
vt 0.600661 0.01
f 358/1025/71 357/1026/72 462/1027/72 461/1028/71 

vt 0.576401 0.03
vt 0.563794 0.03
vn -0.549762 0.614947 -0.565333
vt 0.563794 0.01
vt 0.576401 0.01
f 357/1029/72 356/1030/73 463/1031/73 462/1032/72 

vt 0.558139 0.03
vt 0.545444 0.03
vn -0.558547 0.598438 -0.574367
vt 0.545444 0.01
vt 0.558139 0.01
f 356/1033/73 355/1034/74 464/1035/74 463/1036/73 

vt 0.507974 0.03
vn -0.146087 0.977799 -0.150224
vt 0.496951 0.03
vt 0.496951 0.01
vt 0.507974 0.01
f 355/1037/75 354/1038/75 465/1039/75 464/1040/75 

vt 0.226301 0.03
vn 0.320466 0.888089 0.329543
vt 0.211771 0.03
vn 0.422455 0.795494 0.43442
vt 0.211771 0.01
vt 0.226301 0.01
f 354/1041/76 353/1042/77 466/1043/77 465/1044/76 

vt 0.0268908 0.03
vt 0.0150197 0.03
vn 0.511781 0.679054 0.526276
vt 0.0150197 0.01
vt 0.0268908 0.01
f 353/1045/77 352/1046/78 467/1047/78 466/1048/77 

vt -0.279631 0.03
vn 0.685308 0.183645 0.704718
vt -0.295384 0.03
vn 0.694976 0.0791844 0.714659
vt -0.295384 0.01
vt -0.279631 0.01
f 352/1049/79 351/1050/80 468/1051/80 467/1052/79 

vt -0.387724 0.03
vt -0.405628 0.03
vn 0.696885 -0.0283627 0.716622
vt -0.405628 0.01
vt -0.387724 0.01
f 351/1053/80 350/1054/81 469/1055/81 468/1056/80 

vt -0.407392 0.03
vt -0.414753 0.03
vn 0.696839 -0.0305696 0.716576
vt -0.414753 0.01
vt -0.407392 0.01
f 350/1057/81 349/1058/82 470/1059/82 469/1060/81 

vt 0.574515 0.03
vn -0.509503 0.682568 -0.523934
vt 0.573316 0.03
vn -0.544791 0.623984 -0.560221
vt 0.573316 0.01
vt 0.574515 0.01
f 349/1061/83 348/1062/84 471/1063/84 470/1064/83 

vt 0.562501 0.03
vt 0.554828 0.03
vn -0.576813 0.561659 -0.59315
vt 0.554828 0.01
vt 0.562501 0.01
f 348/1065/84 347/1066/85 472/1067/85 471/1068/84 

vt 0.551005 0.03
vn -0.357674 0.858364 -0.367804
vt 0.540038 0.03
vt 0.540038 0.01
vt 0.551005 0.01
f 347/1069/86 346/1070/86 473/1071/86 472/1072/86 

vt 0.426634 0.03
vn -0.0565827 0.996701 -0.0581853
vt 0.413369 0.03
vn 0.0321537 0.998936 0.0330644
vt 0.413369 0.01
vt 0.426634 0.01
f 346/1073/87 345/1074/88 474/1075/88 473/1076/87 

vt 0.310284 0.03
vt 0.29963 0.03
vn 0.172495 0.968907 0.17738
vt 0.29963 0.01
vt 0.310284 0.01
f 345/1077/88 344/1078/89 475/1079/89 474/1080/88 

vt 0.22774 0.03
vt 0.222302 0.03
vn 0.223612 0.947166 0.229945
vt 0.222302 0.01
vt 0.22774 0.01
f 344/1081/89 343/1082/90 476/1083/90 475/1084/89 

vt 0.300026 0.03
vn -0.679541 -0.223429 -0.698787
vt 0.298545 0.03
vn -0.665834 -0.296415 -0.684692
vt 0.298545 0.01
vt 0.300026 0.01
f 343/1085/91 342/1086/92 477/1087/92 476/1088/91 

vt 0.22799 0.03
vt 0.222673 0.03
vn -0.633022 -0.418983 -0.65095
vt 0.222673 0.01
vt 0.22799 0.01
f 342/1089/92 341/1090/93 478/1091/93 477/1092/92 

vt 0.167219 0.03
vt 0.1603 0.03
vn -0.620071 -0.457096 -0.637633
vt 0.1603 0.01
vt 0.167219 0.01
f 341/1093/93 340/1094/94 479/1095/94 478/1096/93 

vt 0.17382 0.03
vt 0.165915 0.03
vn -0.66529 -0.298918 -0.684133
vt 0.165915 0.01
vt 0.17382 0.01
f 340/1097/94 339/1098/95 480/1099/95 479/1100/94 

vt 0.31382 0.03
vt 0.30331 0.03
vn -0.697057 -0.0176059 -0.716799
vt 0.30331 0.01
vt 0.31382 0.01
f 339/1101/95 338/1102/96 481/1103/96 480/1104/95 

vt 0.40156 0.03
vt 0.389963 0.03
vn -0.677734 0.234449 -0.696929
vt 0.389963 0.01
vt 0.40156 0.01
f 338/1105/96 337/1106/97 482/1107/97 481/1108/96 

vt 0.461414 0.03
vt 0.451322 0.03
vn -0.652474 0.352277 -0.670954
vt 0.451322 0.01
vt 0.461414 0.01
f 337/1109/97 336/1110/98 483/1111/98 482/1112/97 

vt 0.450064 0.03
vt 0.443336 0.03
vn -0.653146 0.349706 -0.671644
vt 0.443336 0.01
vt 0.450064 0.01
f 336/1113/98 335/1114/99 484/1115/99 483/1116/98 

vt 0.278222 0.03
vn -0.689975 -0.14325 -0.709517
vt 0.271291 0.03
vt 0.271291 0.01
vt 0.278222 0.01
f 335/1117/100 334/1118/100 485/1119/100 484/1120/100 

vt 0.0931078 0.03
vn -0.600159 -0.508848 -0.617157
vt 0.0842709 0.03
vn -0.555535 -0.604179 -0.571269
vt 0.0842709 0.01
vt 0.0931078 0.01
f 334/1121/101 333/1122/102 486/1123/102 485/1124/101 

vt -0.028852 0.03
vt -0.0340112 0.03
vn -0.503587 -0.691543 -0.51785
vt -0.0340112 0.01
vt -0.028852 0.01
f 333/1125/102 332/1126/103 487/1127/103 486/1128/102 

vt 0.263073 0.03
vn -0.690929 -0.133454 -0.710498
vt 0.259934 0.03
vt 0.259934 0.01
vt 0.263073 0.01
f 332/1129/104 331/1130/104 488/1131/104 487/1132/104 

vt 0.492571 0.03
vn -0.461401 0.749658 -0.474469
vt 0.485635 0.03
vt 0.485635 0.01
vt 0.492571 0.01
f 331/1133/105 330/1134/105 489/1135/105 488/1136/105 

vt 0.456982 0.03
vn -0.233846 0.942067 -0.240469
vt 0.446492 0.03
vn -0.152492 0.975785 -0.156811
vt 0.446492 0.01
vt 0.456982 0.01
f 330/1137/106 329/1138/107 490/1139/107 489/1140/106 

vt 0.393605 0.03
vt 0.384428 0.03
vn -0.068888 0.995106 -0.070839
vt 0.384428 0.01
vt 0.393605 0.01
f 329/1141/107 328/1142/108 491/1143/108 490/1144/107 

vt 0.21004 0.03
vn 0.270519 0.921648 0.278181
vt 0.203869 0.03
vn 0.343584 0.870125 0.353315
vt 0.203869 0.01
vt 0.21004 0.01
f 328/1145/109 327/1146/110 492/1147/110 491/1148/109 

vt 0.101345 0.03
vt 0.0951453 0.03
vn 0.411963 0.806736 0.423631
vt 0.0951453 0.01
vt 0.101345 0.01
f 327/1149/110 326/1150/111 493/1151/111 492/1152/110 

vt -0.109026 0.03
vn 0.613367 0.475342 0.630739
vt -0.11255 0.03
vt -0.11255 0.01
vt -0.109026 0.01
f 326/1153/112 325/1154/112 494/1155/112 493/1156/112 

vt -0.462068 0.03
vn 0.406001 -0.812931 0.4175
vt -0.466173 0.03
vn 0.453393 -0.759645 0.466235
vt -0.466173 0.01
vt -0.462068 0.01
f 325/1157/113 324/1158/114 495/1159/114 494/1160/113 

vt -0.468652 0.03
vt -0.47557 0.03
vn 0.497403 -0.700691 0.511491
vt -0.47557 0.01
vt -0.468652 0.01
f 324/1161/114 323/1162/115 496/1163/115 495/1164/114 

vt -0.418776 0.03
vn 0.658448 -0.328611 0.677097
vt -0.426931 0.03
vt -0.426931 0.01
vt -0.418776 0.01
f 323/1165/116 322/1166/116 497/1167/116 496/1168/116 

vt -0.272427 0.03
vn 0.689452 0.148341 0.708979
vt -0.281097 0.03
vn 0.665039 0.300064 0.683875
vt -0.281097 0.01
vt -0.272427 0.01
f 322/1169/117 321/1170/118 498/1171/118 497/1172/117 

vt -0.145042 0.03
vt -0.150182 0.03
vn 0.624502 0.444511 0.642189
vt -0.150182 0.01
vt -0.145042 0.01
f 321/1173/118 320/1174/119 499/1175/119 498/1176/118 

vt 0.261842 0.03
vn 0.162214 0.972554 0.166808
vt 0.258845 0.03
vt 0.258845 0.01
vt 0.261842 0.01
f 320/1177/120 319/1178/120 500/1179/120 499/1180/120 

vt 0.488305 0.03
vn -0.480823 0.724111 -0.494441
vt 0.483495 0.03
vn -0.535058 0.641077 -0.550212
vt 0.483495 0.01
vt 0.488305 0.01
f 319/1181/121 318/1182/122 501/1183/122 500/1184/121 

vt 0.472813 0.03
vt 0.465785 0.03
vn -0.544125 0.625178 -0.559536
vt 0.465785 0.01
vt 0.472813 0.01
f 318/1185/122 317/1186/123 502/1187/123 501/1188/122 

vt 0.476508 0.03
vt 0.471534 0.03
vn -0.501152 0.695173 -0.515346
vt 0.471534 0.01
vt 0.476508 0.01
f 317/1189/123 316/1190/124 503/1191/124 502/1192/123 

vt 0.0104329 0.03
vn 0.487595 0.714733 0.501405
vt 0.00687354 0.03
vt 0.00687354 0.01
vt 0.0104329 0.01
f 316/1193/125 315/1194/125 504/1195/125 503/1196/125 

vt -0.188666 0.03
vn 0.64995 0.361748 0.668359
vt -0.195916 0.03
vn 0.644216 0.382268 0.662462
vt -0.195916 0.01
vt -0.188666 0.01
f 315/1197/126 314/1198/127 505/1199/127 504/1200/126 

vt -0.176618 0.03
vt -0.186288 0.03
vn 0.618332 0.461917 0.635845
vt -0.186288 0.01
vt -0.176618 0.01
f 314/1201/127 313/1202/128 506/1203/128 505/1204/127 

vt -0.126875 0.03
vt -0.135938 0.03
vn 0.593663 0.524292 0.610477
vt -0.135938 0.01
vt -0.126875 0.01
f 313/1205/128 312/1206/129 507/1207/129 506/1208/128 

vt -0.130459 0.03
vt -0.134419 0.03
vn 0.591485 0.529332 0.608237
vt -0.134419 0.01
vt -0.130459 0.01
f 312/1209/129 311/1210/130 508/1211/130 507/1212/129 

vt -0.135285 0.03
vt -0.135285 0.01
f 311/1210/130 310/1213/130 509/1214/130 508/1211/130 

vt -0.308562 0.03
vn 0.689574 0.147166 0.709105
vt -0.311115 0.03
vn 0.689663 0.146308 0.709196
vt -0.311115 0.01
vt -0.308562 0.01
f 310/1215/131 309/1216/132 510/1217/132 509/1218/131 

vt -0.311758 0.03
vt -0.320352 0.03
vn 0.689751 0.145449 0.709287
vt -0.320352 0.01
vt -0.311758 0.01
f 309/1219/132 308/1220/133 511/1221/133 510/1222/132 

vt -0.327365 0.03
vt -0.327365 0.01
f 308/1220/133 307/1223/133 512/1224/133 511/1221/133 

vt 0.463614 0.03
vn -0.345337 0.868697 -0.355118
vt 0.460323 0.03
vn -0.389471 0.829403 -0.400502
vt 0.460323 0.01
vt 0.463614 0.01
f 307/1225/134 306/1226/135 513/1227/135 512/1228/134 

vt 0.480525 0.03
vt 0.468326 0.03
vn -0.431444 0.785506 -0.443663
vt 0.468326 0.01
vt 0.480525 0.01
f 306/1229/135 305/1230/136 514/1231/136 513/1232/135 

vt 0.458275 0.03
vt 0.458275 0.01
f 305/1230/136 304/1233/136 515/1234/136 514/1231/136 

vt 0.35354 0.03
vn -0.114708 0.986371 -0.117957
vt 0.35056 0.03
vn -0.0766462 0.993938 -0.078817
vt 0.35056 0.01
vt 0.35354 0.01
f 304/1235/137 303/1236/138 516/1237/138 515/1238/137 

vt 0.314509 0.03
vt 0.30545 0.03
vn -0.0953148 0.99061 -0.0980144
vt 0.30545 0.01
vt 0.314509 0.01
f 303/1239/138 302/1240/139 517/1241/139 516/1242/138 

vt 0.357744 0.03
vt 0.346585 0.03
vn -0.151636 0.976059 -0.155931
vt 0.346585 0.01
vt 0.357744 0.01
f 302/1243/139 301/1244/140 518/1245/140 517/1246/139 

vt 0.432376 0.03
vn -0.404862 0.814099 -0.416329
vt 0.423782 0.03
vt 0.423782 0.01
vt 0.432376 0.01
f 301/1247/141 300/1248/141 519/1249/141 518/1250/141 

vt 0.388351 0.03
vn -0.690106 0.141943 -0.709652
vt 0.382748 0.03
vt 0.382748 0.01
vt 0.388351 0.01
f 300/1251/142 299/1252/142 520/1253/142 519/1254/142 

vt 0.191881 0.03
vn -0.623466 -0.447492 -0.641124
vt 0.185763 0.03
vn -0.612883 -0.476623 -0.630242
vt 0.185763 0.01
vt 0.191881 0.01
f 299/1255/143 298/1256/144 521/1257/144 520/1258/143 

vt 0.159433 0.03
vt 0.153926 0.03
vn -0.601639 -0.505239 -0.618679
vt 0.153926 0.01
vt 0.159433 0.01
f 298/1259/144 297/1260/145 522/1261/145 521/1262/144 

vt 0.313173 0.03
vn -0.694539 -0.0867133 -0.71421
vt 0.309457 0.03
vn -0.696578 -0.0410142 -0.716307
vt 0.309457 0.01
vt 0.313173 0.01
f 297/1263/146 296/1264/147 523/1265/147 522/1266/146 

vt 0.335704 0.03
vt 0.33204 0.03
vn -0.697157 0.00477081 -0.716902
vt 0.33204 0.01
vt 0.335704 0.01
f 296/1267/147 295/1268/148 524/1269/148 523/1270/147 

vt 0.16192 0.03
vn -0.614011 -0.473628 -0.631401
vt 0.158102 0.03
vt 0.158102 0.01
vt 0.16192 0.01
f 295/1271/149 294/1272/149 525/1273/149 524/1274/149 

vt -0.208862 0.03
vn -0.13042 -0.982346 -0.134114
vt -0.212678 0.03
vn -0.159591 -0.973447 -0.164111
vt -0.212678 0.01
vt -0.208862 0.01
f 294/1275/150 293/1276/151 526/1277/151 525/1278/150 

vt -0.180022 0.03
vt -0.184941 0.03
vn -0.188469 -0.962766 -0.193807
vt -0.184941 0.01
vt -0.180022 0.01
f 293/1279/151 292/1280/152 527/1281/152 526/1282/151 

vt 0.139619 0.03
vn -0.603415 -0.500862 -0.620506
vt 0.133641 0.03
vt 0.133641 0.01
vt 0.139619 0.01
f 292/1283/153 291/1284/153 528/1285/153 527/1286/153 

vt 0.398003 0.03
vn -0.656324 0.33724 -0.674913
vt 0.389436 0.03
vn -0.646578 0.373976 -0.66489
vt 0.389436 0.01
vt 0.398003 0.01
f 291/1287/154 290/1288/155 529/1289/155 528/1290/154 

vt 0.400932 0.03
vt 0.392131 0.03
vn -0.663989 0.304812 -0.682795
vt 0.392131 0.01
vt 0.400932 0.01
f 290/1291/155 289/1292/156 530/1293/156 529/1294/155 

vt 0.352953 0.03
vt 0.348719 0.03
vn -0.683697 0.195612 -0.703061
vt 0.348719 0.01
vt 0.352953 0.01
f 289/1295/156 288/1296/157 531/1297/157 530/1298/156 

vt 0.00182016 0.03
vn 0.47268 0.735059 0.486067
vt -0.00174726 0.03
vn 0.513095 0.677011 0.527627
vt -0.00174726 0.01
vt 0.00182016 0.01
f 288/1299/158 287/1300/159 532/1301/159 531/1302/158 

vt -0.0686621 0.03
vt -0.0742548 0.03
vn 0.479091 0.726469 0.492661
vt -0.0742548 0.01
vt -0.0686621 0.01
f 287/1303/159 286/1304/160 533/1305/160 532/1306/159 

vt 0.0496765 0.03
vt 0.0458375 0.03
vn 0.397146 0.821882 0.408394
vt 0.0458375 0.01
vt 0.0496765 0.01
f 286/1307/160 285/1308/161 534/1309/161 533/1310/160 

vt 0.26288 0.03
vn 0.0156819 0.999747 0.0161261
vt 0.259237 0.03
vt 0.259237 0.01
vt 0.26288 0.01
f 285/1311/162 284/1312/162 535/1313/162 534/1314/162 

vt 0.395496 0.03
vn -0.400726 0.818299 -0.412075
vt 0.391496 0.03
vt 0.391496 0.01
vt 0.395496 0.01
f 284/1315/163 283/1316/163 536/1317/163 535/1318/163 

vt 0.401955 0.03
vn -0.572398 0.570875 -0.58861
vt 0.397082 0.03
vt 0.397082 0.01
vt 0.401955 0.01
f 283/1319/164 282/1320/164 537/1321/164 536/1322/164 

vt 0.346268 0.03
vn -0.232533 0.942736 -0.239119
vt 0.341495 0.03
vt 0.341495 0.01
vt 0.346268 0.01
f 282/1323/165 281/1324/165 538/1325/165 537/1326/165 

vt 0.184196 0.03
vn 0.151418 0.976129 0.155706
vt 0.179316 0.03
vt 0.179316 0.01
vt 0.184196 0.01
f 281/1327/166 280/1328/166 539/1329/166 538/1330/166 

vt -0.0852643 0.03
vn 0.551197 0.6123 0.566808
vt -0.0902287 0.03
vt -0.0902287 0.01
vt -0.0852643 0.01
f 280/1331/167 279/1332/167 540/1333/167 539/1334/167 

vt -0.280379 0.03
vn 0.693819 0.0978615 0.713469
vt -0.287135 0.03
vn 0.694489 0.0875402 0.714158
vt -0.287135 0.01
vt -0.280379 0.01
f 279/1335/168 278/1336/169 541/1337/169 540/1338/168 

vt -0.292809 0.03
vt -0.298889 0.03
vn 0.695084 0.0772094 0.714771
vt -0.298889 0.01
vt -0.292809 0.01
f 278/1339/169 277/1340/170 542/1341/170 541/1342/169 

vt -0.147876 0.03
vn 0.599137 0.511321 0.616106
vt -0.151103 0.03
vt -0.151103 0.01
vt -0.147876 0.01
f 277/1343/171 276/1344/171 543/1345/171 542/1346/171 

vt -0.294409 0.03
vn 0.693379 0.104075 0.713017
vt -0.296631 0.03
vt -0.296631 0.01
vt -0.294409 0.01
f 276/1347/172 275/1348/172 544/1349/172 543/1350/172 

vt -0.396381 0.03
vn 0.634024 -0.415853 0.651981
vt -0.399422 0.03
vn 0.641388 -0.391932 0.659554
vt -0.399422 0.01
vt -0.396381 0.01
f 275/1351/173 274/1352/174 545/1353/174 544/1354/173 

vt -0.394274 0.03
vt -0.398348 0.03
vn 0.648313 -0.367743 0.666675
vt -0.398348 0.01
vt -0.394274 0.01
f 274/1355/174 273/1356/175 546/1357/175 545/1358/174 

vt -0.224648 0.03
vn 0.654322 0.345152 0.672854
vt -0.228477 0.03
vt -0.228477 0.01
vt -0.224648 0.01
f 273/1359/176 272/1360/176 547/1361/176 546/1362/176 

vt -0.0957645 0.03
vn 0.532081 0.646154 0.547151
vt -0.0986576 0.03
vt -0.0986576 0.01
vt -0.0957645 0.01
f 272/1363/177 271/1364/177 548/1365/177 547/1366/177 

vt -0.364293 0.03
vn 0.691636 -0.125691 0.711225
vt -0.365039 0.03
vt -0.365039 0.01
vt -0.364293 0.01
f 271/1367/178 270/1368/178 549/1369/178 548/1370/178 

vt -0.415705 0.03
vn 0.586325 -0.541014 0.602932
vt -0.418725 0.03
vn 0.615081 -0.470763 0.632502
vt -0.418725 0.01
vt -0.415705 0.01
f 270/1371/179 269/1372/180 550/1373/180 549/1374/179 

vt -0.409385 0.03
vt -0.41307 0.03
vn 0.639754 -0.397387 0.657874
vt -0.41307 0.01
vt -0.409385 0.01
f 269/1375/180 268/1376/181 551/1377/181 550/1378/180 

vt -0.245406 0.03
vn 0.66037 0.320579 0.679073
vt -0.248255 0.03
vt -0.248255 0.01
vt -0.245406 0.01
f 268/1379/182 267/1380/182 552/1381/182 551/1382/182 

vt 0.139525 0.03
vn 0.196166 0.959597 0.201722
vt 0.133744 0.03
vn 0.178384 0.966711 0.183436
vt 0.133744 0.01
vt 0.139525 0.01
f 267/1383/183 266/1384/184 553/1385/184 552/1386/183 

vt 0.154787 0.03
vt 0.146743 0.03
vn 0.20524 0.955685 0.211052
vt 0.146743 0.01
vt 0.154787 0.01
f 266/1387/184 265/1388/185 554/1389/185 553/1390/184 

vt 0.0932348 0.03
vt 0.0851518 0.03
vn 0.197564 0.959007 0.203159
vt 0.0851518 0.01
vt 0.0932348 0.01
f 265/1391/185 264/1392/186 555/1393/186 554/1394/185 

vt 0.147768 0.03
vt 0.141015 0.03
vn 0.144831 0.978184 0.148933
vt 0.141015 0.01
vt 0.147768 0.01
f 264/1395/186 263/1396/187 556/1397/187 555/1398/186 

vt 0.318942 0.03
vn -0.218582 0.949578 -0.224773
vt 0.313182 0.03
vt 0.313182 0.01
vt 0.318942 0.01
f 263/1399/188 262/1400/188 557/1401/188 556/1402/188 

vt 0.408784 0.03
vn -0.550859 0.612924 -0.566461
vt 0.401879 0.03
vn -0.542169 0.628664 -0.557525
vt 0.401879 0.01
vt 0.408784 0.01
f 262/1403/189 261/1404/190 558/1405/190 557/1406/189 

vt 0.399685 0.03
vt 0.393371 0.03
vn -0.454685 0.758055 -0.467563
vt 0.393371 0.01
vt 0.399685 0.01
f 261/1407/190 260/1408/191 559/1409/191 558/1410/190 

vt 0.35353 0.03
vt 0.34745 0.03
vn -0.257283 0.929413 -0.26457
vt 0.34745 0.01
vt 0.35353 0.01
f 260/1411/191 259/1412/192 560/1413/192 559/1414/191 

vt 0.265146 0.03
vt 0.257142 0.03
vn -0.163004 0.972282 -0.167621
vt 0.257142 0.01
vt 0.265146 0.01
f 259/1415/192 258/1416/193 561/1417/193 560/1418/192 

vt 0.274123 0.03
vt 0.263423 0.03
vn -0.296896 0.904788 -0.305305
vt 0.263423 0.01
vt 0.274123 0.01
f 258/1419/193 257/1420/194 562/1421/194 561/1422/193 

vt 0.341018 0.03
vt 0.332249 0.03
vn -0.401515 0.817502 -0.412887
vt 0.332249 0.01
vt 0.341018 0.01
f 257/1423/194 256/1424/195 563/1425/195 562/1426/194 

vt 0.300733 0.03
vn -0.690239 -0.140609 -0.709788
vt 0.293888 0.03
vt 0.293888 0.01
vt 0.300733 0.01
f 256/1427/196 255/1428/196 564/1429/196 563/1430/196 

vt 0.0219985 0.03
vn -0.370449 -0.847143 -0.380941
vt 0.0158743 0.03
vt 0.0158743 0.01
vt 0.0219985 0.01
f 255/1431/197 254/1432/197 565/1433/197 564/1434/197 

vt -0.130862 0.03
vn -0.105346 -0.988517 -0.10833
vt -0.135501 0.03
vt -0.135501 0.01
vt -0.130862 0.01
f 254/1435/198 253/1436/198 566/1437/198 565/1438/198 

vt 0.0291592 0.03
vn -0.398207 -0.820824 -0.409485
vt 0.0283351 0.03
vt 0.0283351 0.01
vt 0.0291592 0.01
f 253/1439/199 252/1440/199 567/1441/199 566/1442/199 

vt 0.308387 0.03
vn -0.696412 -0.0464801 -0.716136
vt 0.305642 0.03
vn -0.685603 -0.181369 -0.705021
vt 0.305642 0.01
vt 0.308387 0.01
f 252/1443/200 251/1444/201 568/1445/201 567/1446/200 

vt 0.2405 0.03
vt 0.236759 0.03
vn -0.662154 -0.312915 -0.680908
vt 0.236759 0.01
vt 0.2405 0.01
f 251/1447/201 250/1448/202 569/1449/202 568/1450/201 

vt 0.000112012 0.03
vn -0.360255 -0.856141 -0.370458
vt -0.0042937 0.03
vt -0.0042937 0.01
vt 0.000112012 0.01
f 250/1451/203 249/1452/203 570/1453/203 569/1454/203 

vt -0.179355 0.03
vn -0.0268919 -0.999256 -0.0276536
vt -0.187393 0.03
vn -0.100486 -0.989558 -0.103332
vt -0.187393 0.01
vt -0.179355 0.01
f 249/1455/204 248/1456/205 571/1457/205 570/1458/204 

vt -0.116673 0.03
vt -0.123855 0.03
vn -0.172951 -0.96874 -0.17785
vt -0.123855 0.01
vt -0.116673 0.01
f 248/1459/205 247/1460/206 572/1461/206 571/1462/205 

vt 0.282272 0.03
vn -0.692969 -0.109547 -0.712596
vt 0.276267 0.03
vt 0.276267 0.01
vt 0.282272 0.01
f 247/1463/207 246/1464/207 573/1465/207 572/1466/207 

vt 0.363457 0.03
vn -0.609526 0.485399 -0.62679
vt 0.356449 0.03
vn -0.563145 0.589507 -0.579094
vt 0.356449 0.01
vt 0.363457 0.01
f 246/1467/208 245/1468/209 574/1469/209 573/1470/208 

vt 0.354185 0.03
vt 0.346916 0.03
vn -0.534257 0.64245 -0.549389
vt 0.346916 0.01
vt 0.354185 0.01
f 245/1471/209 244/1472/210 575/1473/210 574/1474/209 

vt 0.350706 0.03
vt 0.344082 0.03
vn -0.558649 0.598242 -0.574472
vt 0.344082 0.01
vt 0.350706 0.01
f 244/1475/210 243/1476/211 576/1477/211 575/1478/210 

vt 0.269591 0.03
vn -0.69543 -0.070506 -0.715126
vt 0.260568 0.03
vn -0.687267 -0.167911 -0.706732
vt 0.260568 0.01
vt 0.269591 0.01
f 243/1479/212 242/1480/213 577/1481/213 576/1482/212 

vt 0.213776 0.03
vt 0.204993 0.03
vn -0.68368 -0.195732 -0.703044
vt 0.204993 0.01
vt 0.213776 0.01
f 242/1483/213 241/1484/214 578/1485/214 577/1486/213 

vt 0.239334 0.03
vt 0.235442 0.03
vn -0.696403 0.0467478 -0.716127
vt 0.235442 0.01
vt 0.239334 0.01
f 241/1487/214 240/1488/215 579/1489/215 578/1490/214 

vt 0.299698 0.03
vt 0.29566 0.03
vn -0.696303 0.0497278 -0.716024
vt 0.29566 0.01
vt 0.299698 0.01
f 240/1491/215 239/1492/216 580/1493/216 579/1494/215 

vt 0.233005 0.03
vt 0.228073 0.03
vn -0.692052 -0.120889 -0.711653
vt 0.228073 0.01
vt 0.233005 0.01
f 239/1495/216 238/1496/217 581/1497/217 580/1498/216 

vt 0.082672 0.03
vn -0.555453 -0.604334 -0.571185
vt 0.0757483 0.03
vn -0.551983 -0.610841 -0.567616
vt 0.0757483 0.01
vt 0.082672 0.01
f 238/1499/218 237/1500/219 582/1501/219 581/1502/218 

vt 0.0706416 0.03
vt 0.0639883 0.03
vn -0.603785 -0.499944 -0.620886
vt 0.0639883 0.01
vt 0.0706416 0.01
f 237/1503/219 236/1504/220 583/1505/220 582/1506/219 

vt 0.148797 0.03
vt 0.145241 0.03
vn -0.646978 -0.372549 -0.665302
vt 0.145241 0.01
vt 0.148797 0.01
f 236/1507/220 235/1508/221 584/1509/221 583/1510/220 

vt 0.182527 0.03
vn 0.0695666 0.995009 0.0715369
vt 0.17829 0.03
vn 0.170851 0.969507 0.17569
vt 0.17829 0.01
vt 0.182527 0.01
f 235/1511/222 234/1512/223 585/1513/223 584/1514/222 

vt 0.0951151 0.03
vt 0.0821551 0.03
vn 0.33191 0.879399 0.34131
vt 0.0821551 0.01
vt 0.0951151 0.01
f 234/1515/223 233/1516/224 586/1517/224 585/1518/223 

vt 0.0203165 0.03
vt 0.00695758 0.03
vn 0.392021 0.826928 0.403124
vt 0.00695758 0.01
vt 0.0203165 0.01
f 233/1519/224 232/1520/225 587/1521/225 586/1522/224 

vt -0.200075 0.03
vn 0.675348 0.24821 0.694476
vt -0.207896 0.03
vn 0.694911 0.0803459 0.714593
vt -0.207896 0.01
vt -0.200075 0.01
f 232/1523/226 231/1524/227 588/1525/227 587/1526/226 

vt -0.275274 0.03
vt -0.280908 0.03
vn 0.693083 -0.108055 0.712713
vt -0.280908 0.01
vt -0.275274 0.01
f 231/1527/227 230/1528/228 589/1529/228 588/1530/227 

vt -0.286363 0.03
vt -0.290481 0.03
vn 0.69425 -0.0913563 0.713913
vt -0.290481 0.01
vt -0.286363 0.01
f 230/1531/228 229/1532/229 590/1533/229 589/1534/228 

vt -0.279682 0.03
vt -0.282925 0.03
vn 0.696384 -0.0473116 0.716108
vt -0.282925 0.01
vt -0.279682 0.01
f 229/1535/229 228/1536/230 591/1537/230 590/1538/229 

vt -0.279905 0.03
vt -0.282353 0.03
vn 0.693292 0.105262 0.712928
vt -0.282353 0.01
vt -0.279905 0.01
f 228/1539/230 227/1540/231 592/1541/231 591/1542/230 

vt -0.222874 0.03
vt -0.22451 0.03
vn 0.675635 0.246601 0.69477
vt -0.22451 0.01
vt -0.222874 0.01
f 227/1543/231 226/1544/232 593/1545/232 592/1546/231 

vt -0.0374248 0.03
vn 0.442391 0.772876 0.454921
vt -0.0386099 0.03
vt -0.0386099 0.01
vt -0.0374248 0.01
f 226/1547/233 225/1548/233 594/1549/233 593/1550/233 

vt -0.270948 0.03
vn 0.266167 -0.924251 0.273706
vt -0.272494 0.03
vn 0.313544 -0.893159 0.322424
vt -0.272494 0.01
vt -0.270948 0.01
f 225/1551/234 224/1552/235 595/1553/235 594/1554/234 

vt -0.297588 0.03
vt -0.300201 0.03
vn 0.35917 -0.857078 0.369342
vt -0.300201 0.01
vt -0.297588 0.01
f 224/1555/235 223/1556/236 596/1557/236 595/1558/235 

vt -0.311183 0.03
vn 0.682519 -0.203896 0.70185
vt -0.313796 0.03
vt -0.313796 0.01
vt -0.311183 0.01
f 223/1559/237 222/1560/237 597/1561/237 596/1562/237 

vt 0.0242136 0.03
vn 0.335168 0.876853 0.344661
vt 0.0210957 0.03
vn 0.250322 0.933316 0.257412
vt 0.0210957 0.01
vt 0.0242136 0.01
f 222/1563/238 221/1564/239 598/1565/239 597/1566/238 

vt 0.109343 0.03
vt 0.104214 0.03
vn 0.186202 0.963673 0.191476
vt 0.104214 0.01
vt 0.109343 0.01
f 221/1567/239 220/1568/240 599/1569/240 598/1570/239 

vt 0.0801876 0.03
vt 0.0741785 0.03
vn 0.122775 0.984371 0.126252
vt 0.0741785 0.01
vt 0.0801876 0.01
f 220/1571/240 219/1572/241 600/1573/241 599/1574/240 

vt 0.155589 0.03
vt 0.151246 0.03
vn 0.0868312 0.992213 0.0892905
vt 0.151246 0.01
vt 0.155589 0.01
f 219/1575/241 218/1576/242 601/1577/242 600/1578/241 

vt 0.103299 0.03
vt 0.0990893 0.03
vn 0.140846 0.97938 0.144835
vt 0.0990893 0.01
vt 0.103299 0.01
f 218/1579/242 217/1580/243 602/1581/243 601/1582/242 

vt -0.0792649 0.03
vn 0.475871 0.73081 0.489349
vt -0.0859853 0.03
vt -0.0859853 0.01
vt -0.0792649 0.01
f 217/1583/244 216/1584/244 603/1585/244 602/1586/244 

vt -0.249353 0.03
vn 0.678729 0.228452 0.697952
vt -0.257388 0.03
vn 0.687411 0.166696 0.70688
vt -0.257388 0.01
vt -0.249353 0.01
f 216/1587/245 215/1588/246 604/1589/246 603/1590/245 

vt -0.2828 0.03
vt -0.291682 0.03
vn 0.672073 0.26587 0.691108
vt -0.291682 0.01
vt -0.2828 0.01
f 215/1591/246 214/1592/247 605/1593/247 604/1594/246 

vt -0.216402 0.03
vt -0.225095 0.03
vn 0.632606 0.420272 0.650523
vt -0.225095 0.01
vt -0.216402 0.01
f 214/1595/247 213/1596/248 606/1597/248 605/1598/247 

vt -0.105332 0.03
vn 0.472667 0.735076 0.486055
vt -0.114888 0.03
vn 0.441359 0.774089 0.453859
vt -0.114888 0.01
vt -0.105332 0.01
f 213/1599/249 212/1600/250 607/1601/250 606/1602/249 

vt -0.0743818 0.03
vt -0.0827057 0.03
vn 0.451129 0.762413 0.463906
vt -0.0827057 0.01
vt -0.0743818 0.01
f 212/1603/250 211/1604/251 608/1605/251 607/1606/250 

vt -0.135232 0.03
vt -0.139556 0.03
vn 0.49644 0.702095 0.5105
vt -0.139556 0.01
vt -0.135232 0.01
f 211/1607/251 210/1608/252 609/1609/252 608/1610/251 

vt -0.146726 0.03
vt -0.149411 0.03
vn 0.472932 0.734726 0.486326
vt -0.149411 0.01
vt -0.146726 0.01
f 210/1611/252 209/1612/253 610/1613/253 609/1614/252 

vt -0.110806 0.03
vt -0.112413 0.03
vn 0.442504 0.772743 0.455037
vt -0.112413 0.01
vt -0.110806 0.01
f 209/1615/253 208/1616/254 611/1617/254 610/1618/253 

vt 0.270195 0.03
vn -0.324523 0.885054 -0.333714
vt 0.269652 0.03
vt 0.269652 0.01
vt 0.270195 0.01
f 208/1619/255 207/1620/255 612/1621/255 611/1622/255 

vt 0.349796 0.03
vn -0.580903 0.552918 -0.597355
vt 0.345206 0.03
vn -0.547834 0.618479 -0.56335
vt 0.345206 0.01
vt 0.349796 0.01
f 207/1623/256 206/1624/257 613/1625/257 612/1626/256 

vt 0.328204 0.03
vt 0.321212 0.03
vn -0.446117 0.768457 -0.458752
vt 0.321212 0.01
vt 0.328204 0.01
f 206/1627/257 205/1628/258 614/1629/258 613/1630/257 

vt 0.277008 0.03
vt 0.269625 0.03
vn -0.468613 0.740397 -0.481886
vt 0.269625 0.01
vt 0.277008 0.01
f 205/1631/258 204/1632/259 615/1633/259 614/1634/258 

vt 0.324371 0.03
vt 0.314209 0.03
vn -0.605491 0.495681 -0.62264
vt 0.314209 0.01
vt 0.324371 0.01
f 204/1635/259 203/1636/260 616/1637/260 615/1638/259 

vt 0.331555 0.03
vt 0.31944 0.03
vn -0.678759 0.228264 -0.697984
vt 0.31944 0.01
vt 0.331555 0.01
f 203/1639/260 202/1640/261 617/1641/261 616/1642/260 

vt 0.309946 0.03
vt 0.298343 0.03
vn -0.696559 -0.0416737 -0.716288
vt 0.298343 0.01
vt 0.309946 0.01
f 202/1643/261 201/1644/262 618/1645/262 617/1646/261 

vt 0.268985 0.03
vt 0.259646 0.03
vn -0.670825 -0.272281 -0.689824
vt 0.259646 0.01
vt 0.268985 0.01
f 201/1647/262 200/1648/263 619/1649/263 618/1650/262 

vt 0.221722 0.03
vt 0.215676 0.03
vn -0.646762 -0.373321 -0.66508
vt 0.215676 0.01
vt 0.221722 0.01
f 200/1651/263 199/1652/264 620/1653/264 619/1654/263 

vt 0.0806396 0.03
vn -0.420601 -0.797513 -0.432513
vt 0.0785695 0.03
vt 0.0785695 0.01
vt 0.0806396 0.01
f 199/1655/265 198/1656/265 621/1657/265 620/1658/265 

vt -0.151123 0.03
vn 0.110157 -0.987438 0.113277
vt -0.154421 0.03
vn 0.13178 -0.981973 0.135512
vt -0.154421 0.01
vt -0.151123 0.01
f 198/1659/266 197/1660/267 622/1661/267 621/1662/266 

vt -0.17009 0.03
vt -0.173463 0.03
vn 0.153272 -0.975534 0.157613
vt -0.173463 0.01
vt -0.17009 0.01
f 197/1663/267 196/1664/268 623/1665/268 622/1666/267 

vt 0.0214785 0.03
vn -0.315162 -0.891986 -0.324089
vt 0.0205578 0.03
vt 0.0205578 0.01
vt 0.0214785 0.01
f 196/1667/269 195/1668/269 624/1669/269 623/1670/269 

vt 0.284722 0.03
vn -0.694319 0.0902741 -0.713983
vt 0.278215 0.03
vn -0.682917 0.201136 -0.702259
vt 0.278215 0.01
vt 0.284722 0.01
f 195/1671/270 194/1672/271 625/1673/271 624/1674/270 

vt 0.29152 0.03
vt 0.282277 0.03
vn -0.66294 0.309472 -0.681716
vt 0.282277 0.01
vt 0.29152 0.01
f 194/1675/271 193/1676/272 626/1677/272 625/1678/271 

vt 0.252347 0.03
vn -0.442206 0.773094 -0.45473
vt 0.243423 0.03
vn -0.361833 0.85477 -0.372082
vt 0.243423 0.01
vt 0.252347 0.01
f 193/1679/273 192/1680/274 627/1681/274 626/1682/273 

vt 0.197658 0.03
vt 0.186638 0.03
vn -0.258593 0.928664 -0.265917
vt 0.186638 0.01
vt 0.197658 0.01
f 192/1683/274 191/1684/275 628/1685/275 627/1686/274 

vt 0.17709 0.03
vt 0.168104 0.03
vn -0.184523 0.964337 -0.189749
vt 0.168104 0.01
vt 0.17709 0.01
f 191/1687/275 190/1688/276 629/1689/276 628/1690/275 

vt 0.130388 0.03
vt 0.128521 0.03
vn -0.124827 0.98384 -0.128362
vt 0.128521 0.01
vt 0.130388 0.01
f 190/1691/276 189/1692/277 630/1693/277 629/1694/276 

vt -0.259047 0.03
vn 0.624794 -0.443666 0.64249
vt -0.263901 0.03
vn 0.641355 -0.392043 0.65952
vt -0.263901 0.01
vt -0.259047 0.01
f 189/1695/278 188/1696/279 631/1697/279 630/1698/278 

vt -0.265891 0.03
vt -0.272447 0.03
vn 0.655845 -0.339155 0.67442
vt -0.272447 0.01
vt -0.265891 0.01
f 188/1699/279 187/1700/280 632/1701/280 631/1702/279 

vt -0.245411 0.03
vn 0.692782 0.111957 0.712403
vt -0.249755 0.03
vt -0.249755 0.01
vt -0.245411 0.01
f 187/1703/281 186/1704/281 633/1705/281 632/1706/281 

vt -0.0830522 0.03
vn 0.41385 0.804747 0.425571
vt -0.0870908 0.03
vn 0.327272 0.882969 0.336541
vt -0.0870908 0.01
vt -0.0830522 0.01
f 186/1707/282 185/1708/283 634/1709/283 633/1710/282 

vt -0.00702164 0.03
vt -0.0105511 0.03
vn 0.233643 0.942171 0.240261
vt -0.0105511 0.01
vt -0.00702164 0.01
f 185/1711/283 184/1712/284 635/1713/284 634/1714/283 

vt -0.106325 0.03
vn 0.447317 0.76702 0.459987
vt -0.107277 0.03
vt -0.107277 0.01
vt -0.106325 0.01
f 184/1715/285 183/1716/285 636/1717/285 635/1718/285 

vt -0.276535 0.03
vn 0.64034 -0.395441 0.658476
vt -0.281681 0.03
vt -0.281681 0.01
vt -0.276535 0.01
f 183/1719/286 182/1720/286 637/1721/286 636/1722/286 

vt -0.287926 0.03
vn 0.652616 -0.351736 0.671099
vt -0.287926 0.01
f 182/1720/286 181/1723/287 638/1724/287 637/1721/286 

vt -0.289416 0.03
vt -0.291187 0.03
vn 0.663442 -0.30725 0.682233
vt -0.291187 0.01
vt -0.289416 0.01
f 181/1725/287 180/1726/288 639/1727/288 638/1728/287 

vt 0.0345659 0.03
vn 0.128795 0.982787 0.132443
vt 0.0321064 0.03
vn 0.166012 0.971235 0.170714
vt 0.0321064 0.01
vt 0.0345659 0.01
f 180/1729/289 179/1730/290 640/1731/290 639/1732/289 

vt 0.00038926 0.03
vt -0.00387877 0.03
vn 0.288849 0.910132 0.29703
vt -0.00387877 0.01
vt 0.00038926 0.01
f 179/1733/290 178/1734/291 641/1735/291 640/1736/290 

vt -0.0797317 0.03
vt -0.0845145 0.03
vn 0.369928 0.847611 0.380405
vt -0.0845145 0.01
vt -0.0797317 0.01
f 178/1737/291 177/1738/292 642/1739/292 641/1740/291 

vt -0.260825 0.03
vn 0.682954 0.200879 0.702297
vt -0.267718 0.03
vn 0.688531 0.156892 0.708032
vt -0.267718 0.01
vt -0.260825 0.01
f 177/1741/293 176/1742/294 643/1743/294 642/1744/293 

vt -0.27843 0.03
vt -0.287397 0.03
vn 0.692732 0.112591 0.712352
vt -0.287397 0.01
vt -0.27843 0.01
f 176/1745/294 175/1746/295 644/1747/295 643/1748/294 

vt -0.226415 0.03
vn 0.613218 0.475738 0.630585
vt -0.234922 0.03
vt -0.234922 0.01
vt -0.226415 0.01
f 175/1749/296 174/1750/296 645/1751/296 644/1752/296 

vt -0.129698 0.03
vn 0.423973 0.793831 0.435981
vt -0.13748 0.03
vn 0.363705 0.853134 0.374006
vt -0.13748 0.01
vt -0.129698 0.01
f 174/1753/297 173/1754/298 646/1755/298 645/1756/297 

vt -0.0751124 0.03
vt -0.0807117 0.03
vn 0.282506 0.914218 0.290508
vt -0.0807117 0.01
vt -0.0751124 0.01
f 173/1757/298 172/1758/299 647/1759/299 646/1760/298 

vt -0.0641683 0.03
vt -0.0657954 0.03
vn 0.26537 0.924723 0.272886
vt -0.0657954 0.01
vt -0.0641683 0.01
f 172/1761/299 171/1762/300 648/1763/300 647/1764/299 

vt -0.195042 0.03
vn 0.520092 0.665935 0.534822
vt -0.198202 0.03
vn 0.560367 0.594927 0.576238
vt -0.198202 0.01
vt -0.195042 0.01
f 171/1765/301 170/1766/302 649/1767/302 648/1768/301 

vt -0.24067 0.03
vt -0.245224 0.03
vn 0.595947 0.518934 0.612825
vt -0.245224 0.01
vt -0.24067 0.01
f 170/1769/302 169/1770/303 650/1771/303 649/1772/302 

vt -0.314218 0.03
vn 0.695164 0.0757084 0.714853
vt -0.317584 0.03
vt -0.317584 0.01
vt -0.314218 0.01
f 169/1773/304 168/1774/304 651/1775/304 650/1776/304 

vt 0.223994 0.03
vn -0.389278 0.82959 -0.400303
vt 0.218787 0.03
vn -0.415653 0.802832 -0.427426
vt 0.218787 0.01
vt 0.223994 0.01
f 168/1777/305 167/1778/306 652/1779/306 651/1780/305 

vt 0.239876 0.03
vt 0.229679 0.03
vn -0.396614 0.82241 -0.407847
vt 0.229679 0.01
vt 0.239876 0.01
f 167/1781/306 166/1782/307 653/1783/307 652/1784/306 

vt 0.192242 0.03
vt 0.183272 0.03
vn -0.349558 0.865216 -0.359458
vt 0.183272 0.01
vt 0.192242 0.01
f 166/1785/307 165/1786/308 654/1787/308 653/1788/307 

vt 0.06559 0.03
vn -0.0741405 0.994329 -0.0762404
vt 0.0549332 0.03
vn -0.0683659 0.99518 -0.0703022
vt 0.0549332 0.01
vt 0.06559 0.01
f 165/1789/309 164/1790/310 655/1791/310 654/1792/309 

vt 0.0498731 0.03
vt 0.0392611 0.03
vn -0.0625865 0.995962 -0.0643591
vt 0.0392611 0.01
vt 0.0498731 0.01
f 164/1793/310 163/1794/311 656/1795/311 655/1796/310 

vt 0.201727 0.03
vn -0.437882 0.778141 -0.450284
vt 0.195609 0.03
vt 0.195609 0.01
vt 0.201727 0.01
f 163/1797/312 162/1798/312 657/1799/312 656/1800/312 

vt 0.289923 0.03
vn -0.671979 -0.266361 -0.691011
vt 0.285101 0.03
vt 0.285101 0.01
vt 0.289923 0.01
f 162/1801/313 161/1802/313 658/1803/313 657/1804/313 

vt 0.20157 0.03
vn -0.485389 -0.717816 -0.499136
vt 0.196579 0.03
vn -0.446732 -0.767722 -0.459384
vt 0.196579 0.01
vt 0.20157 0.01
f 161/1805/314 160/1806/315 659/1807/315 658/1808/314 

vt 0.161721 0.03
vt 0.158528 0.03
vn -0.405589 -0.813354 -0.417076
vt 0.158528 0.01
vt 0.161721 0.01
f 160/1809/315 159/1810/316 660/1811/316 659/1812/315 

vt 0.292031 0.03
vn -0.696706 -0.0363004 -0.716438
vt 0.288965 0.03
vn -0.697031 0.0196465 -0.716772
vt 0.288965 0.01
vt 0.292031 0.01
f 159/1813/317 158/1814/318 661/1815/318 660/1816/317 

vt 0.289961 0.03
vt 0.285562 0.03
vn -0.695174 0.075532 -0.714863
vt 0.285562 0.01
vt 0.289961 0.01
f 158/1817/318 157/1818/319 662/1819/319 661/1820/318 

vt 0.259325 0.03
vn -0.646714 -0.37349 -0.665031
vt 0.254824 0.03
vt 0.254824 0.01
vt 0.259325 0.01
f 157/1821/320 156/1822/320 663/1823/320 662/1824/320 

vt 0.0977981 0.03
vn -0.278784 -0.916566 -0.28668
vt 0.0925206 0.03
vn -0.270933 -0.921398 -0.278607
vt 0.0925206 0.01
vt 0.0977981 0.01
f 156/1825/321 155/1826/322 664/1827/322 663/1828/321 

vt 0.0860219 0.03
vt 0.0795199 0.03
vn -0.263041 -0.926091 -0.270491
vt 0.0795199 0.01
vt 0.0860219 0.01
f 155/1829/322 154/1830/323 665/1831/323 664/1832/322 

vt 0.203742 0.03
vn -0.554554 -0.606031 -0.57026
vt 0.195935 0.03
vt 0.195935 0.01
vt 0.203742 0.01
f 154/1833/324 153/1834/324 666/1835/324 665/1836/324 

vt 0.266568 0.03
vn -0.694505 -0.0872697 -0.714175
vt 0.259106 0.03
vt 0.259106 0.01
vt 0.266568 0.01
f 153/1837/325 152/1838/325 667/1839/325 666/1840/325 

vt 0.256256 0.03
vn -0.648015 0.368821 -0.666369
vt 0.250143 0.03
vt 0.250143 0.01
vt 0.256256 0.01
f 152/1841/326 151/1842/326 668/1843/326 667/1844/326 

vt 0.19587 0.03
vn -0.471035 0.737229 -0.484376
vt 0.191941 0.03
vt 0.191941 0.01
vt 0.19587 0.01
f 151/1845/327 150/1846/327 669/1847/327 668/1848/327 

vt 0.0414157 0.03
vn -0.0394882 0.998395 -0.0406066
vt 0.0378575 0.03
vt 0.0378575 0.01
vt 0.0414157 0.01
f 150/1849/328 149/1850/328 670/1851/328 669/1852/328 

vt -0.0687409 0.03
vn 0.248533 0.934299 0.255572
vt -0.0741245 0.03
vn 0.314471 0.892488 0.323378
vt -0.0741245 0.01
vt -0.0687409 0.01
f 149/1853/329 148/1854/330 671/1855/330 670/1856/329 

vt -0.12309 0.03
vt -0.131049 0.03
vn 0.459394 0.752191 0.472405
vt -0.131049 0.01
vt -0.12309 0.01
f 148/1857/330 147/1858/331 672/1859/331 671/1860/330 

vt -0.191144 0.03
vt -0.198479 0.03
vn 0.579835 0.555219 0.596258
vt -0.198479 0.01
vt -0.191144 0.01
f 147/1861/331 146/1862/332 673/1863/332 672/1864/331 

vt -0.233664 0.03
vt -0.24006 0.03
vn 0.601589 0.505361 0.618628
vt -0.24006 0.01
vt -0.233664 0.01
f 146/1865/332 145/1866/333 674/1867/333 673/1868/332 

vt -0.224301 0.03
vt -0.230315 0.03
vn 0.631738 0.422949 0.649631
vt -0.230315 0.01
vt -0.224301 0.01
f 145/1869/333 144/1870/334 675/1871/334 674/1872/333 

vt -0.265303 0.03
vt -0.269565 0.03
vn 0.69035 0.139486 0.709902
vt -0.269565 0.01
vt -0.265303 0.01
f 144/1873/334 143/1874/335 676/1875/335 675/1876/334 

vt -0.280975 0.03
vt -0.284878 0.03
vn 0.697144 -0.00777636 0.716889
vt -0.284878 0.01
vt -0.280975 0.01
f 143/1877/335 142/1878/336 677/1879/336 676/1880/335 

vt -0.258267 0.03
vn 0.631596 0.423387 0.649484
vt -0.263252 0.03
vt -0.263252 0.01
vt -0.258267 0.01
f 142/1881/337 141/1882/337 678/1883/337 677/1884/337 

vt -0.204942 0.03
vn 0.489383 0.712215 0.503243
vt -0.210727 0.03
vn 0.442148 0.773162 0.454671
vt -0.210727 0.01
vt -0.204942 0.01
f 141/1885/338 140/1886/339 679/1887/339 678/1888/338 

vt -0.170181 0.03
vt -0.17472 0.03
vn 0.319007 0.88917 0.328042
vt -0.17472 0.01
vt -0.170181 0.01
f 140/1889/339 139/1890/340 680/1891/340 679/1892/339 

vt -0.112556 0.03
vt -0.114464 0.03
vn 0.242141 0.937746 0.248999
vt -0.114464 0.01
vt -0.112556 0.01
f 139/1893/340 138/1894/341 681/1895/341 680/1896/340 

vt 0.0674488 0.03
vn -0.186082 0.963721 -0.191353
vt 0.0629098 0.03
vt 0.0629098 0.01
vt 0.0674488 0.01
f 138/1897/342 137/1898/342 682/1899/342 681/1900/342 

vt 0.178765 0.03
vn -0.451565 0.761881 -0.464355
vt 0.170582 0.03
vt 0.170582 0.01
vt 0.178765 0.01
f 137/1901/343 136/1902/343 683/1903/343 682/1904/343 

vt 0.271518 0.03
vn -0.668029 0.286075 -0.686949
vt 0.258854 0.03
vn -0.680136 0.219669 -0.6994
vt 0.258854 0.01
vt 0.271518 0.01
f 136/1905/344 135/1906/345 684/1907/345 683/1908/344 

vt 0.270768 0.03
vt 0.260229 0.03
vn -0.679578 0.223196 -0.698825
vt 0.260229 0.01
vt 0.270768 0.01
f 135/1909/345 134/1910/346 685/1911/346 684/1912/345 

vt 0.24766 0.03
vt 0.242791 0.03
vn -0.666569 0.292998 -0.685448
vt 0.242791 0.01
vt 0.24766 0.01
f 134/1913/346 133/1914/347 686/1915/347 685/1916/346 

vt 0.0535282 0.03
vn -0.216131 0.950732 -0.222252
vt 0.0518948 0.03
vt 0.0518948 0.01
vt 0.0535282 0.01
f 133/1917/348 132/1918/348 687/1919/348 686/1920/348 

vt -0.230316 0.03
vn 0.563286 0.589228 0.57924
vt -0.235712 0.03
vn 0.539937 0.632605 0.555229
vt -0.235712 0.01
vt -0.230316 0.01
f 132/1921/349 131/1922/350 688/1923/350 687/1924/349 

vt -0.220119 0.03
vt -0.228629 0.03
vn 0.514966 0.674081 0.529551
vt -0.228629 0.01
vt -0.220119 0.01
f 131/1925/350 130/1926/351 689/1927/351 688/1928/350 

vt -0.136964 0.03
vn 0.254804 0.930817 0.26202
vt -0.146051 0.03
vn 0.242825 0.937382 0.249702
vt -0.146051 0.01
vt -0.136964 0.01
f 130/1929/352 129/1930/353 690/1931/353 689/1932/352 

vt -0.13714 0.03
vt -0.144342 0.03
vn 0.235412 0.941264 0.24208
vt -0.144342 0.01
vt -0.13714 0.01
f 129/1933/353 128/1934/354 691/1935/354 690/1936/353 

vt -0.147792 0.03
vt -0.152498 0.03
vn 0.240049 0.938852 0.246847
vt -0.152498 0.01
vt -0.147792 0.01
f 128/1937/354 127/1938/355 692/1939/355 691/1940/354 

vt 0.0825784 0.03
vn -0.335192 0.876834 -0.344686
vt 0.0776411 0.03
vt 0.0776411 0.01
vt 0.0825784 0.01
f 127/1941/356 126/1942/356 693/1943/356 692/1944/356 

vt 0.216425 0.03
vn -0.617181 0.465072 -0.634662
vt 0.21215 0.03
vt 0.21215 0.01
vt 0.216425 0.01
f 126/1945/357 125/1946/357 694/1947/357 693/1948/357 

vt 0.265777 0.03
vn -0.69327 0.105558 -0.712905
vt 0.262783 0.03
vt 0.262783 0.01
vt 0.265777 0.01
f 125/1949/358 124/1950/358 695/1951/358 694/1952/358 

vt 0.165685 0.03
vn -0.534916 0.64132 -0.550066
vt 0.162227 0.03
vn -0.531741 0.646731 -0.546801
vt 0.162227 0.01
vt 0.165685 0.01
f 124/1953/359 123/1954/360 696/1955/360 695/1956/359 

vt 0.159031 0.03
vt 0.153892 0.03
vn -0.528539 0.652109 -0.543508
vt 0.153892 0.01
vt 0.159031 0.01
f 123/1957/360 122/1958/361 697/1959/361 696/1960/360 

vt 0.238512 0.03
vn -0.67519 0.249093 -0.694313
vt 0.233778 0.03
vt 0.233778 0.01
vt 0.238512 0.01
f 122/1961/362 121/1962/362 698/1963/362 697/1964/362 

vt 0.243573 0.03
vn -0.523636 -0.660196 -0.538467
vt 0.23887 0.03
vn -0.441194 -0.774283 -0.453689
vt 0.23887 0.01
vt 0.243573 0.01
f 121/1965/363 120/1966/364 699/1967/364 698/1968/363 

vt 0.188272 0.03
vt 0.182374 0.03
vn -0.408961 -0.809873 -0.420543
vt 0.182374 0.01
vt 0.188272 0.01
f 120/1969/364 119/1970/365 700/1971/365 699/1972/364 

vt 0.217861 0.03
vt 0.212621 0.03
vn -0.466478 -0.743166 -0.47969
vt 0.212621 0.01
vt 0.217861 0.01
f 119/1973/365 118/1974/366 701/1975/366 700/1976/365 

vt 0.257351 0.03
vn -0.671969 -0.266412 -0.691001
vt 0.252746 0.03
vt 0.252746 0.01
vt 0.257351 0.01
f 118/1977/367 117/1978/367 702/1979/367 701/1980/367 

vt 0.232219 0.03
vn -0.68724 0.168137 -0.706704
vt 0.226226 0.03
vn -0.694702 0.083991 -0.714377
vt 0.226226 0.01
vt 0.232219 0.01
f 117/1981/368 116/1982/369 703/1983/369 702/1984/368 

vt 0.239881 0.03
vt 0.231037 0.03
vn -0.688788 -0.15456 -0.708296
vt 0.231037 0.01
vt 0.239881 0.01
f 116/1985/369 115/1986/370 704/1987/370 703/1988/369 

vt 0.23848 0.03
vt 0.224374 0.03
vn -0.637741 -0.40399 -0.655804
vt 0.224374 0.01
vt 0.23848 0.01
f 115/1989/370 114/1990/371 705/1991/371 704/1992/370 

vt 0.21666 0.03
vt 0.200009 0.03
vn -0.582409 -0.549649 -0.598904
vt 0.200009 0.01
vt 0.21666 0.01
f 114/1993/371 113/1994/372 706/1995/372 705/1996/371 

vt 0.19146 0.03
vt 0.178551 0.03
vn -0.548446 -0.617361 -0.563979
vt 0.178551 0.01
vt 0.19146 0.01
f 113/1997/372 112/1998/373 707/1999/373 706/2000/372 

vt 0.174423 0.03
vt 0.169908 0.03
vn -0.538119 -0.635783 -0.55336
vt 0.169908 0.01
vt 0.174423 0.01
f 112/2001/373 111/2002/374 708/2003/374 707/2004/373 

vt 0.0718881 0.03
vn -0.380282 0.838131 -0.391053
vt 0.0652903 0.03
vn -0.441277 0.774185 -0.453775
vt 0.0652903 0.01
vt 0.0718881 0.01
f 111/2005/375 110/2006/376 709/2007/376 708/2008/375 

vt 0.102288 0.03
vt 0.090595 0.03
vn -0.49709 0.701147 -0.511169
vt 0.090595 0.01
vt 0.102288 0.01
f 110/2009/376 109/2010/377 710/2011/377 709/2012/376 

vt 0.165139 0.03
vn -0.685597 0.181412 -0.705015
vt 0.153493 0.03
vt 0.153493 0.01
vt 0.165139 0.01
f 109/2013/378 108/2014/378 711/2015/378 710/2016/378 

vt 0.167017 0.03
vn -0.575468 -0.56449 -0.591766
vt 0.15241 0.03
vn -0.515072 -0.673915 -0.52966
vt 0.15241 0.01
vt 0.167017 0.01
f 108/2017/379 107/2018/380 712/2019/380 711/2020/379 

vt 0.132801 0.03
vt 0.118269 0.03
vn -0.418354 -0.799941 -0.430203
vt 0.118269 0.01
vt 0.132801 0.01
f 107/2021/380 106/2022/381 713/2023/381 712/2024/380 

vt 0.109114 0.03
vt 0.103139 0.03
vn -0.3911 -0.827825 -0.402177
vt 0.103139 0.01
vt 0.109114 0.01
f 106/2025/381 105/2026/382 714/2027/382 713/2028/381 

vt 0.141575 0.03
vn -0.697113 -0.012262 -0.716857
vt 0.135621 0.03
vt 0.135621 0.01
vt 0.141575 0.01
f 105/2029/383 104/2030/383 715/2031/383 714/2032/383 

vt 0.125983 0.03
vn -0.697034 -0.019403 -0.716776
vt 0.125983 0.01
f 104/2030/383 103/2033/384 716/2034/384 715/2031/383 

vt 0.126358 0.03
vt 0.121826 0.03
vn -0.696919 -0.0265431 -0.716658
vt 0.121826 0.01
vt 0.126358 0.01
f 103/2035/384 102/2036/385 717/2037/385 716/2038/384 

vt 0.0858119 0.03
vn -0.352007 -0.863171 -0.361977
vt 0.0753113 0.03
vt 0.0753113 0.01
vt 0.0858119 0.01
f 102/2039/386 101/2040/386 718/2041/386 717/2042/386 

vt 0.0580943 0.03
vt 0.0580943 0.01
f 101/2040/386 100/2043/386 719/2044/386 718/2041/386 

vt 0.0555604 0.03
vn -0.35276 -0.862538 -0.362751
vt 0.0555604 0.01
f 100/2043/386 99/2045/387 720/2046/387 719/2044/386 

vt 0.0557857 0.03
vt 0.0501463 0.03
vn -0.353512 -0.861904 -0.363525
vt 0.0501463 0.01
vt 0.0557857 0.01
f 99/2047/387 98/2048/388 721/2049/388 720/2050/387 

vt 0.0995668 0.03
vn -0.677882 -0.233568 -0.697081
vt 0.0959916 0.03
vn -0.682193 -0.206134 -0.701514
vt 0.0959916 0.01
vt 0.0995668 0.01
f 98/2051/389 97/2052/390 722/2053/390 721/2054/389 

vt 0.0973232 0.03
vt 0.0961694 0.03
vn -0.685964 -0.178537 -0.705392
vt 0.0961694 0.01
vt 0.0973232 0.01
f 97/2055/390 96/2056/391 723/2057/391 722/2058/390 

vt 0.0974238 0.03
vn -0.693122 -0.107539 -0.712753
v 5.55137 2.96481 -188.337
vt 0.0923912 0.03
v 4.11755 2.96481 -186.942
vt 0.0923912 0.01
vt 0.0974238 0.01
f 96/2059/392 813/2060/392 814/2061/392 723/2062/392 

v 5.5003 2.76119 -188.389
vt 0.0842462 0.0148546
vt 0.087674 0.0161746
v 42.5662 17.551 -150.273
vt 0.0408479 0.566281
v 42.6309 15.4346 -150.207
vt 0 0.560696
v 39.6596 14.2255 -153.262
vt 0.00303158 0.51642
v 34.4627 12.1819 -158.606
vt 0.00968794 0.439197
v 31.5638 11.0499 -161.587
vt 0.0135512 0.396146
v 25.8332 8.3755 -167.48
vt 0.01288 0.309707
v 14.3815 3.07738 -179.256
vt 0.0124176 0.137114
v 7.4314 7.10543e-15 -186.403
vt 0.0147655 0.0327872
v 6.88045 0.0776889 -186.97
vt 0.0210735 0.0255003
v 6.53886 0.283561 -187.321
vt 0.027986 0.0214644
v 6.41207 0.407677 -187.451
vt 0.0314596 0.0201123
v 6.17715 0.944063 -187.693
vt 0.0437278 0.0185437
v 5.71676 2.05501 -188.166
vt 0.068908 0.0156522
f 815/2063/3 813/2064/3 96/96/3 95/95/3 94/94/3 93/93/3 92/92/3 91/91/3 90/90/3 89/89/3 88/88/3 87/87/3 86/86/3 85/85/3 84/84/3 83/83/3 82/82/3 81/81/3 80/80/3 79/79/3 78/78/3 77/77/3 76/76/3 75/75/3 74/74/3 73/73/3 72/72/3 71/71/3 816/2065/3 817/2066/3 818/2067/3 819/2068/3 820/2069/3 821/2070/3 822/2071/3 823/2072/3 824/2073/3 825/2074/3 826/2075/3 827/2076/3 828/2077/3 

vt 0.089197 0.03
vn -0.656 0.338537 -0.674579
vt 0.0848712 0.03
v 4.06647 2.76119 -186.995
vt 0.0848712 0.01
vt 0.089197 0.01
f 813/2078/393 815/2079/393 829/2080/393 814/2081/393 

vt 0.0807247 0.03
vn -0.638201 -0.402494 -0.656276
vt 0.0653039 0.03
vn -0.619896 -0.457583 -0.637453
v 4.28294 2.05501 -186.772
vt 0.0653039 0.01
vt 0.0807247 0.01
f 815/2082/394 828/2083/395 830/2084/395 829/2085/394 

vt 0.060161 0.03
vt 0.0343259 0.03
vn -0.594857 -0.5215 -0.611705
v 4.74333 0.944063 -186.299
vt 0.0343259 0.01
vt 0.060161 0.01
f 828/2086/395 827/2087/396 831/2088/396 830/2089/395 

vt 0.0331863 0.03
vt 0.0205237 0.03
vn -0.590341 -0.531954 -0.607061
v 4.97825 0.407677 -186.057
vt 0.0205237 0.01
vt 0.0331863 0.01
f 827/2090/396 826/2091/397 832/2092/397 831/2093/396 

vt 0.000139175 0.03
vn -0.393005 -0.825967 -0.404136
vt -0.00426211 0.03
vn -0.333214 -0.878384 -0.342651
v 5.10503 0.283561 -185.927
vt -0.00426211 0.01
vt 0.000139175 0.01
f 826/2094/398 825/2095/399 833/2096/399 832/2097/398 

vt -0.0143738 0.03
vt -0.0249979 0.03
vn -0.171049 -0.969435 -0.175894
v 5.44663 0.0776889 -185.576
vt -0.0249979 0.01
vt -0.0143738 0.01
f 825/2098/399 824/2099/400 834/2100/400 833/2101/399 

vt -0.0384033 0.03
vt -0.0542771 0.03
vn -0.0682066 -0.995203 -0.0701383
v 5.99758 6.43929e-15 -185.009
vt -0.0542771 0.01
vt -0.0384033 0.01
f 824/2102/400 823/2103/401 835/2104/401 834/2105/400 

vt -0.0653713 0.03
vn 0.205634 -0.955511 0.211458
vt -0.273933 0.03
vn 0.209826 -0.953634 0.215769
v 12.9477 3.07738 -177.862
vt -0.273933 0.01
vt -0.0653713 0.01
f 823/2106/402 822/2107/403 836/2108/403 835/2109/402 

vt -0.274107 0.03
vt -0.619121 0.03
vn 0.214853 -0.951328 0.220939
v 24.3994 8.3755 -166.086
vt -0.619121 0.01
vt -0.274107 0.01
f 822/2110/403 821/2111/404 837/2112/404 836/2113/403 

vt -0.61915 0.03
vt -0.791943 0.03
vn 0.199476 -0.958192 0.205126
v 30.13 11.0499 -160.193
vt -0.791943 0.01
vt -0.61915 0.01
f 821/2114/404 820/2115/405 838/2116/405 837/2117/404 

vt -0.790492 0.03
vt -0.876637 0.03
vn 0.183732 -0.964648 0.188936
v 33.0288 12.1819 -157.212
vt -0.876637 0.01
vt -0.790492 0.01
f 820/2118/405 819/2119/406 839/2120/406 838/2121/405 

vt -0.876722 0.03
vt -1.03123 0.03
vn 0.187301 -0.963235 0.192606
v 38.2258 14.2255 -151.868
vt -1.03123 0.01
vt -0.876722 0.01
f 819/2122/406 818/2123/407 840/2124/407 839/2125/406 

vt -1.03161 0.03
vt -1.12017 0.03
vn 0.190272 -0.962036 0.195661
v 41.1971 15.4346 -148.812
vt -1.12017 0.01
vt -1.03161 0.01
f 818/2126/407 817/2127/408 841/2128/408 840/2129/407 

vt -0.295525 0.03
vn 0.696495 0.0438338 0.716222
vt -0.337871 0.03
v 41.1324 17.551 -148.879
vt -0.337871 0.01
vt -0.295525 0.01
f 817/2130/409 816/2131/409 842/2132/409 841/2133/409 

vt -0.377803 0.03
vt -0.377803 0.01
f 816/2131/409 71/2134/409 748/2135/409 842/2132/409 

vt 1.14527 0.03
vn -0.25602 0.93013 -0.263271
vt 1.13356 0.03
vt 1.13356 0.01
vt 1.14527 0.01
f 71/2136/410 72/2137/410 747/2138/410 748/2139/410 

vt 1.10252 0.03
vt 1.10252 0.01
f 72/2137/410 73/2140/410 746/2141/410 747/2138/410 

vt 1.05825 0.03
vt 1.05825 0.01
f 73/2140/410 74/2142/410 745/2143/410 746/2141/410 

vt 1.00686 0.03
vt 1.00686 0.01
f 74/2142/410 75/2144/410 744/2145/410 745/2143/410 

vt 0.954441 0.03
vt 0.954441 0.01
f 75/2144/410 76/2146/410 743/2147/410 744/2145/410 

vt 0.907116 0.03
vt 0.907116 0.01
f 76/2146/410 77/2148/410 742/2149/410 743/2147/410 

vt 0.870986 0.03
vt 0.870986 0.01
f 77/2148/410 78/2150/410 741/2151/410 742/2149/410 

vt 0.852158 0.03
vn -0.234915 0.94152 -0.241569
vt 0.852158 0.01
f 78/2150/410 79/2152/411 740/2153/411 741/2151/410 

vt 0.85008 0.03
vt 0.840226 0.03
vn -0.209999 0.953555 -0.215947
vt 0.840226 0.01
vt 0.85008 0.01
f 79/2154/411 80/2155/412 739/2156/412 740/2157/411 

vt 0.839538 0.03
vt 0.799064 0.03
vn -0.2063 0.955215 -0.212143
vt 0.799064 0.01
vt 0.839538 0.01
f 80/2158/412 81/2159/413 738/2160/413 739/2161/412 

vt 0.799038 0.03
vt 0.733042 0.03
vn -0.206 0.955348 -0.211835
vt 0.733042 0.01
vt 0.799038 0.01
f 81/2162/413 82/2163/414 737/2164/414 738/2165/413 

vt 0.733006 0.03
vt 0.65024 0.03
vn -0.205585 0.955532 -0.211408
vt 0.65024 0.01
vt 0.733006 0.01
f 82/2166/414 83/2167/415 736/2168/415 737/2169/414 

vt 0.650189 0.03
vt 0.559405 0.03
vn -0.204978 0.955801 -0.210783
vt 0.559405 0.01
vt 0.650189 0.01
f 83/2170/415 84/2171/416 735/2172/416 736/2173/415 

vt 0.559329 0.03
vt 0.469279 0.03
vn -0.204004 0.956229 -0.209781
vt 0.469279 0.01
vt 0.559329 0.01
f 84/2174/416 85/2175/417 734/2176/417 735/2177/416 

vt 0.469149 0.03
vt 0.388586 0.03
vn -0.202171 0.95703 -0.207897
vt 0.388586 0.01
vt 0.469149 0.01
f 85/2178/417 86/2179/418 733/2180/418 734/2181/417 

vt 0.388322 0.03
vt 0.325997 0.03
vn -0.196973 0.959257 -0.202552
vt 0.325997 0.01
vt 0.388322 0.01
f 86/2182/418 87/2183/419 732/2184/419 733/2185/418 

vt 0.325109 0.03
vt 0.287437 0.03
vn -0.182314 0.965201 -0.187478
vt 0.287437 0.01
vt 0.325109 0.01
f 87/2186/419 88/2187/420 731/2188/420 732/2189/419 

vt 0.284855 0.03
vt 0.248503 0.03
vn -0.164839 0.971645 -0.169508
vt 0.248503 0.01
vt 0.284855 0.01
f 88/2190/420 89/2191/421 730/2192/421 731/2193/420 

vt 0.246743 0.03
vt 0.205713 0.03
vn -0.153851 0.975346 -0.158208
vt 0.205713 0.01
vt 0.246743 0.01
f 89/2194/421 90/2195/422 729/2196/422 730/2197/421 

vt 0.204571 0.03
vt 0.16179 0.03
vn -0.146735 0.977599 -0.150891
vt 0.16179 0.01
vt 0.204571 0.01
f 90/2198/422 91/2199/423 728/2200/423 729/2201/422 

vt 0.160994 0.03
vt 0.119398 0.03
vn -0.141748 0.979112 -0.145763
vt 0.119398 0.01
vt 0.160994 0.01
f 91/2202/423 92/2203/424 727/2204/424 728/2205/423 

vt 0.118815 0.03
vt 0.0813417 0.03
vn -0.138061 0.980196 -0.141971
vt 0.0813417 0.01
vt 0.118815 0.01
f 92/2206/424 93/2207/425 726/2208/425 727/2209/424 

vt 0.0808976 0.03
vt 0.0504887 0.03
vn -0.135235 0.981006 -0.139066
vt 0.0504887 0.01
vt 0.0808976 0.01
f 93/2210/425 94/2211/426 725/2212/426 726/2213/425 

vt 0.0501426 0.03
vt 0.0297394 0.03
vn -0.133082 0.981611 -0.136852
vt 0.0297394 0.01
vt 0.0501426 0.01
f 94/2214/426 95/2215/427 724/2216/427 725/2217/426 

vt 0.0294824 0.03
vt 0.0220274 0.03
vn -0.132165 0.981866 -0.135908
vt 0.0220274 0.01
vt 0.0294824 0.01
f 95/2218/427 96/2219/428 723/2220/428 724/2221/427 

vt -0.087674 0.0161746
vt -0.0842462 0.0148546
vt -0.068908 0.0156522
vt -0.0437278 0.0185437
vt -0.0314596 0.0201123
vt -0.027986 0.0214644
vt -0.0210735 0.0255003
vt -0.0147655 0.0327872
vt -0.0124176 0.137114
vt -0.01288 0.309707
vt -0.0135512 0.396146
vt -0.00968794 0.439197
vt -0.00303158 0.51642
vt -0.0408479 0.566281
f 814/2222/22 829/2223/22 830/2224/22 831/2225/22 832/2226/22 833/2227/22 834/2228/22 835/2229/22 836/2230/22 837/2231/22 838/2232/22 839/2233/22 840/2234/22 841/2066/22 842/2235/22 748/808/22 747/807/22 746/806/22 745/805/22 744/804/22 743/803/22 742/802/22 741/801/22 740/800/22 739/799/22 738/798/22 737/797/22 736/796/22 735/795/22 734/794/22 733/793/22 732/792/22 731/791/22 730/790/22 729/789/22 728/788/22 727/787/22 726/786/22 725/785/22 724/784/22 723/783/22 

vt -0.413264 0.03
vn 0.696495 0.0438439 0.716221
vt -0.413264 0.01
f 71/2134/409 70/2236/429 749/2237/429 748/2135/409 

vt -0.413242 0.03
vt -0.423088 0.03
vn 0.696494 0.043854 0.716221
vt -0.423088 0.01
vt -0.413242 0.01
f 70/2238/429 69/2239/430 750/2240/430 749/2241/429 

vt 1.15914 0.03
vn -0.245602 0.935892 -0.252558
vt 1.07136 0.03
vn -0.247014 0.935127 -0.25401
vt 1.07136 0.01
vt 1.15914 0.01
f 69/2242/431 68/2243/432 751/2244/432 750/2245/431 

v 32.9805 17.007 -160.131
vt 0.114517 0.433705
v 33.7589 17.4531 -159.33
vt 0.116183 0.445699
v 34.9548 18.1256 -158.1
vt 0.118502 0.464087
v 36.7056 19.0989 -156.3
vt 0.12168 0.490974
v 39.149 20.447 -153.787
vt 0.12592 0.528465
v 42.4226 22.2439 -150.421
vt 0.131428 0.578667
v 42.3884 23.3626 -150.456
vt 0.153019 0.581619
v 42.0302 23.165 -150.825
vt 0.152398 0.576123
v 41.0678 22.6341 -151.814
vt 0.150729 0.561357
v 39.6696 21.8628 -153.252
vt 0.148305 0.539903
v 38.0038 20.944 -154.965
vt 0.145419 0.514345
v 36.2389 19.9707 -156.78
vt 0.142363 0.487265
v 34.5431 19.0356 -158.524
vt 0.139431 0.461246
v 33.0847 18.2318 -160.023
vt 0.136914 0.438872
v 32.1571 17.7251 -160.977
vt 0.1354 0.424655
v 32.1562 17.6735 -160.978
vt 0.134428 0.424485
v 32.1566 17.6164 -160.978
vt 0.133336 0.424315
v 32.159 17.5447 -160.975
vt 0.131951 0.424129
v 32.1644 17.4635 -160.97
vt 0.130357 0.423955
v 32.174 17.3774 -160.96
vt 0.128634 0.423823
v 32.1888 17.2914 -160.945
vt 0.126868 0.423762
v 32.2099 17.2102 -160.923
vt 0.125139 0.423801
v 32.2391 17.1367 -160.893
vt 0.123484 0.423976
v 32.2809 17.0623 -160.85
vt 0.121702 0.424319
v 32.3317 16.988 -160.798
vt 0.119841 0.424787
v 32.3872 16.9168 -160.741
vt 0.118 0.425327
v 32.4428 16.8518 -160.684
vt 0.116275 0.425886
v 32.4938 16.7959 -160.631
vt 0.114764 0.426413
v 32.5359 16.7523 -160.588
vt 0.113564 0.426855
f 843/2246/3 844/2247/3 845/2248/3 846/2249/3 847/2250/3 848/2251/3 69/69/3 68/68/3 67/67/3 66/66/3 65/65/3 64/64/3 63/63/3 62/62/3 61/61/3 60/60/3 59/59/3 58/58/3 57/57/3 56/56/3 55/55/3 54/54/3 53/53/3 52/52/3 51/51/3 50/50/3 49/49/3 48/48/3 47/47/3 46/46/3 45/45/3 44/44/3 43/43/3 42/42/3 41/41/3 40/40/3 39/39/3 38/38/3 37/37/3 36/36/3 35/35/3 34/34/3 33/33/3 32/32/3 31/31/3 30/30/3 29/29/3 28/28/3 27/27/3 26/26/3 25/25/3 24/24/3 23/23/3 22/22/3 21/21/3 20/20/3 19/19/3 18/18/3 17/17/3 16/16/3 15/15/3 14/14/3 13/13/3 12/12/3 849/2252/3 850/2253/3 851/2254/3 852/2255/3 853/2256/3 854/2257/3 855/2258/3 856/2259/3 857/2260/3 858/2261/3 859/2262/3 860/2263/3 861/2264/3 862/2265/3 863/2266/3 864/2267/3 865/2268/3 866/2269/3 867/2270/3 868/2271/3 869/2272/3 870/2273/3 871/2274/3 

v 42.3904 23.2973 -150.454
vt 0.15176 0.581446
f 849/2252/3 872/2275/3 848/2251/3 847/2250/3 846/2249/3 845/2248/3 844/2247/3 843/2246/3 871/2274/3 870/2273/3 869/2272/3 868/2271/3 867/2270/3 866/2269/3 865/2268/3 864/2267/3 863/2266/3 862/2265/3 861/2264/3 860/2263/3 859/2262/3 858/2261/3 857/2260/3 856/2259/3 855/2258/3 854/2257/3 853/2256/3 852/2255/3 851/2254/3 850/2253/3 

vt -0.454405 0.03
vn 0.696515 0.0431603 0.716243
vt -0.455711 0.03
vn 0.696538 0.0423979 0.716266
v 40.9546 23.3626 -149.062
vt -0.455711 0.01
v 40.9565 23.2973 -149.06
vt -0.454405 0.01
f 872/2276/433 849/2277/434 873/2278/434 874/2279/433 

vt -0.00179133 0.03
vn 0.630761 0.42594 0.648626
vt -0.00935555 0.03
vt -0.00935555 0.01
vt -0.00179133 0.01
f 849/2280/435 12/2281/435 807/2282/435 873/2283/435 

vt 1.16848 0.03
vn -0.247472 0.934878 -0.254481
vt 1.16189 0.03
vn 0.65172 0.355138 0.670178
vt 1.16189 0.01
vt 1.16848 0.01
f 12/2284/436 13/2285/437 806/2286/437 807/2287/436 

vt -1.13588 0.03
vn 0.247872 -0.93466 0.254893
vt -1.16192 0.03
vt -1.16192 0.01
vt -1.13588 0.01
f 14/2288/438 13/2289/437 806/2290/437 805/2291/438 

v 32.3251 17.4531 -157.936
vt -0.116183 0.445699
v 31.5466 17.007 -158.736
vt -0.114517 0.433705
v 31.1021 16.7523 -159.193
vt -0.113564 0.426855
v 31.06 16.7959 -159.237
vt -0.114764 0.426413
v 31.0089 16.8518 -159.289
vt -0.116275 0.425886
v 30.9534 16.9168 -159.346
vt -0.118 0.425327
v 30.8979 16.988 -159.403
vt -0.119841 0.424787
v 30.847 17.0623 -159.456
vt -0.121702 0.424319
v 30.8053 17.1367 -159.499
vt -0.123484 0.423976
v 30.776 17.2102 -159.529
vt -0.125139 0.423801
v 30.755 17.2914 -159.55
vt -0.126868 0.423762
v 30.7402 17.3774 -159.566
vt -0.128634 0.423823
v 30.7306 17.4635 -159.575
vt -0.130357 0.423955
v 30.7252 17.5447 -159.581
vt -0.131951 0.424129
v 30.7228 17.6164 -159.583
vt -0.133336 0.424315
v 30.7224 17.6735 -159.584
vt -0.134428 0.424485
v 30.7233 17.7251 -159.583
vt -0.1354 0.424655
v 31.6509 18.2318 -158.629
vt -0.136914 0.438872
v 33.1092 19.0356 -157.129
vt -0.139431 0.461246
v 34.8051 19.9707 -155.386
vt -0.142363 0.487265
v 36.57 20.944 -153.571
vt -0.145419 0.514345
v 38.2358 21.8628 -151.858
vt -0.148305 0.539903
v 39.634 22.6341 -150.42
vt -0.150729 0.561357
v 40.5964 23.165 -149.43
vt -0.152398 0.576123
vt -0.153019 0.581619
v 40.9888 22.2439 -149.027
vt -0.131428 0.578667
v 37.7152 20.447 -152.393
vt -0.12592 0.528465
v 35.2718 19.0989 -154.906
vt -0.12168 0.490974
v 33.5209 18.1256 -156.706
vt -0.118502 0.464087
f 875/2292/22 876/2293/22 877/2294/22 878/2295/22 879/2296/22 880/2297/22 881/2298/22 882/2299/22 883/2300/22 884/2301/22 885/2302/22 886/2303/22 887/2304/22 888/2305/22 889/2306/22 890/2307/22 891/2308/22 892/2309/22 893/2310/22 894/2311/22 895/2312/22 896/2313/22 897/2314/22 898/2315/22 873/2316/22 807/867/22 806/866/22 805/865/22 804/864/22 803/863/22 802/862/22 801/861/22 800/860/22 799/859/22 798/858/22 797/857/22 796/856/22 795/855/22 794/854/22 793/853/22 792/852/22 791/851/22 790/850/22 789/849/22 788/848/22 787/847/22 786/846/22 785/845/22 784/844/22 783/843/22 782/842/22 781/841/22 780/840/22 779/839/22 778/838/22 777/837/22 776/836/22 775/835/22 774/834/22 773/833/22 772/832/22 771/831/22 770/830/22 769/829/22 768/828/22 767/827/22 766/826/22 765/825/22 764/824/22 763/823/22 762/822/22 761/821/22 760/820/22 759/819/22 758/818/22 757/817/22 756/816/22 755/815/22 754/814/22 753/813/22 752/812/22 751/811/22 750/810/22 899/2317/22 900/2318/22 901/2319/22 902/2320/22 

vt -0.15176 0.581446
f 874/2321/22 873/2316/22 898/2315/22 897/2314/22 896/2313/22 895/2312/22 894/2311/22 893/2310/22 892/2309/22 891/2308/22 890/2307/22 889/2306/22 888/2305/22 887/2304/22 886/2303/22 885/2302/22 884/2301/22 883/2300/22 882/2299/22 881/2298/22 880/2297/22 879/2296/22 878/2295/22 877/2294/22 876/2293/22 875/2292/22 902/2320/22 901/2319/22 900/2318/22 899/2317/22 

vt 1.16944 0.03
vn -0.250262 0.933349 -0.25735
vt 1.15844 0.03
vn -0.250257 0.933352 -0.257345
vt 1.15844 0.01
vt 1.16944 0.01
f 849/2322/439 850/2323/440 898/2324/440 873/2325/439 

vt 1.12887 0.03
vn -0.250245 0.933358 -0.257332
vt 1.12887 0.01
f 850/2323/440 851/2326/441 897/2327/441 898/2324/440 

vt 1.08592 0.03
vn -0.250229 0.933367 -0.257316
vt 1.08592 0.01
f 851/2326/441 852/2328/442 896/2329/442 897/2327/441 

vt 1.08591 0.03
vt 1.03474 0.03
vn -0.250206 0.93338 -0.257292
vt 1.03474 0.01
vt 1.08591 0.01
f 852/2330/442 853/2331/443 895/2332/443 896/2333/442 

vt 0.980518 0.03
vn -0.250171 0.933399 -0.257257
vt 0.980518 0.01
f 853/2331/443 854/2334/444 894/2335/444 895/2332/443 

vt 0.980512 0.03
vt 0.928419 0.03
vn -0.250114 0.933431 -0.257198
vt 0.928419 0.01
vt 0.980512 0.01
f 854/2336/444 855/2337/445 893/2338/445 894/2339/444 

vt 0.928409 0.03
vt 0.883611 0.03
vn -0.651144 -0.357302 -0.669586
vt 0.883611 0.01
vt 0.928409 0.01
f 855/2340/445 856/2341/446 892/2342/446 893/2343/445 

vt -0.854885 0.03
vn 0.24812 -0.934525 0.255147
vt -0.883345 0.03
vt -0.883345 0.01
vt -0.854885 0.01
f 857/2344/447 856/2345/446 892/2346/446 891/2347/447 

vt -0.408693 0.03
vn 0.696918 -0.0266177 0.716657
vt -0.408693 0.01
vt -0.407663 0.01
vn -0.00579629 -0.999965 -0.00596045
vt -0.407663 0.03
f 857/2348/448 891/2349/448 890/2350/449 858/2351/449 

vt 0.379707 0.03
vt 0.378564 0.03
vn -0.696872 -0.0289984 -0.716609
vt 0.378564 0.01
vt 0.379707 0.01
f 858/2352/449 859/2353/450 889/2354/450 890/2355/449 

vt 0.348997 0.03
vt 0.347563 0.03
vn -0.695355 -0.0720144 -0.715049
vt 0.347563 0.01
vt 0.348997 0.01
f 859/2356/450 860/2357/451 888/2358/451 889/2359/450 

vt 0.309418 0.03
vt 0.307786 0.03
vn -0.691521 -0.126985 -0.711107
vt 0.307786 0.01
vt 0.309418 0.01
f 860/2360/451 861/2361/452 887/2362/452 888/2363/451 

vt 0.257301 0.03
vt 0.255559 0.03
vn -0.683254 -0.198768 -0.702606
vt 0.255559 0.01
vt 0.257301 0.01
f 861/2364/452 862/2365/453 886/2366/453 887/2367/452 

vt 0.186727 0.03
vt 0.184956 0.03
vn -0.666257 -0.294453 -0.685127
vt 0.184956 0.01
vt 0.186727 0.01
f 862/2368/453 863/2369/454 885/2370/454 886/2371/453 

vt 0.0882814 0.03
vt 0.0865511 0.03
vn -0.631554 -0.423516 -0.649441
vt 0.0865511 0.01
vt 0.0882814 0.01
f 863/2372/454 864/2373/455 884/2374/455 885/2375/454 

vt -0.0524149 0.03
vt -0.0541066 0.03
vn -0.576096 -0.563171 -0.592412
vt -0.0541066 0.01
vt -0.0524149 0.01
f 864/2376/455 865/2377/456 883/2378/456 884/2379/455 

vt -0.189016 0.03
vt -0.190926 0.03
vn -0.520842 -0.664728 -0.535593
vt -0.190926 0.01
vt -0.189016 0.01
f 865/2380/456 866/2381/457 882/2382/457 883/2383/456 

vt -0.272163 0.03
vt -0.274246 0.03
vn -0.481373 -0.723359 -0.495007
vt -0.274246 0.01
vt -0.272163 0.01
f 866/2384/457 867/2385/458 881/2386/458 882/2387/457 

vt -0.326074 0.03
vt -0.328208 0.03
vn -0.452997 -0.760131 -0.465827
vt -0.328208 0.01
vt -0.326074 0.01
f 867/2388/458 868/2389/459 880/2390/459 881/2391/458 

vt -0.3637 0.03
vt -0.365756 0.03
vn -0.431871 -0.785023 -0.444102
vt -0.365756 0.01
vt -0.3637 0.01
f 868/2392/459 869/2393/460 879/2394/460 880/2395/459 

vt -0.391404 0.03
vt -0.393245 0.03
vn -0.559717 0.596185 -0.57557
vt -0.393245 0.01
vt -0.391404 0.01
f 869/2396/460 870/2397/461 878/2398/461 879/2399/460 

vt 0.414029 0.03
vn 0.4085 0.810352 0.420069
vt 0.41254 0.03
vt 0.41254 0.01
vt 0.414029 0.01
f 871/2400/462 870/2401/461 878/2402/461 877/2403/462 

vt 0.872834 0.03
vn -0.64741 -0.371001 -0.665747
vt 0.859108 0.03
vn -0.25869 0.928609 -0.266017
vt 0.859108 0.01
vt 0.872834 0.01
f 843/2404/463 871/2405/464 877/2406/464 876/2407/463 

vt -0.872827 0.03
vt -0.896862 0.03
vn 0.256555 -0.929827 0.263821
vt -0.896862 0.01
vt -0.872827 0.01
f 843/2408/463 844/2409/465 875/2410/465 876/2411/463 

vt -0.896501 0.03
vt -0.933332 0.03
vn 0.253213 -0.93171 0.260385
vt -0.933332 0.01
vt -0.896501 0.01
f 844/2412/465 845/2413/466 902/2414/466 875/2415/465 

vt -0.933087 0.03
vt -0.986928 0.03
vn 0.251102 -0.932884 0.258214
vt -0.986928 0.01
vt -0.933087 0.01
f 845/2416/466 846/2417/467 901/2418/467 902/2419/466 

vt -0.986763 0.03
vt -1.06183 0.03
vn 0.249727 -0.933643 0.2568
vt -1.06183 0.01
vt -0.986763 0.01
f 846/2420/467 847/2421/468 900/2422/468 901/2423/467 

vt -1.06172 0.03
vt -1.16222 0.03
vn 0.249177 -0.933946 0.256234
vt -1.16222 0.01
vt -1.06172 0.01
f 847/2424/468 848/2425/469 899/2426/469 900/2427/468 

vt -0.431678 0.03
vn 0.696492 0.0439227 0.716219
vt -0.452756 0.03
vt -0.452756 0.01
vt -0.431678 0.01
f 848/2428/470 872/2429/433 874/2430/433 899/2431/470 

vt -0.423134 0.03
vn 0.696496 0.0438108 0.716222
vt -0.431799 0.03
vt -0.431799 0.01
vt -0.423134 0.01
f 69/2432/471 848/2433/471 899/2434/471 750/2435/471 

vt -1.09794 0.03
vn 0.24826 -0.934448 0.255291
vt -1.13593 0.03
vt -1.13593 0.01
vt -1.09794 0.01
f 15/2436/472 14/2437/438 805/2438/438 804/2439/472 

vt -1.0525 0.03
vn 0.248797 -0.934154 0.255843
vt -1.09801 0.03
vt -1.09801 0.01
vt -1.0525 0.01
f 16/2440/473 15/2441/472 804/2442/472 803/2443/473 

vt -1.004 0.03
vn 0.249588 -0.93372 0.256657
vt -1.0526 0.03
vt -1.0526 0.01
vt -1.004 0.01
f 17/2444/474 16/2445/473 803/2446/473 802/2447/474 

vt -0.956879 0.03
vn 0.250872 -0.933012 0.257977
vt -1.00414 0.03
vt -1.00414 0.01
vt -0.956879 0.01
f 18/2448/475 17/2449/474 802/2450/474 801/2451/475 

vt -0.915619 0.03
vn 0.253339 -0.931639 0.260514
vt -0.957113 0.03
vt -0.957113 0.01
vt -0.915619 0.01
f 19/2452/476 18/2453/475 801/2454/475 800/2455/476 

vt -0.884782 0.03
vn 0.257839 -0.929096 0.265142
vt -0.916083 0.03
vt -0.916083 0.01
vt -0.884782 0.01
f 20/2456/477 19/2457/476 800/2458/476 799/2459/477 

vt -0.866058 0.03
vn 0.254553 -0.930958 0.261763
vt -0.885523 0.03
vt -0.885523 0.01
vt -0.866058 0.01
f 21/2460/478 20/2461/477 799/2462/477 798/2463/478 

vt -0.843419 0.03
vn 0.243631 -0.936951 0.250532
vt -0.864379 0.03
vt -0.864379 0.01
vt -0.843419 0.01
f 22/2464/479 21/2465/478 798/2466/478 797/2467/479 

vt -0.818417 0.03
vn 0.235819 -0.941055 0.242498
vt -0.841908 0.03
vt -0.841908 0.01
vt -0.818417 0.01
f 23/2468/480 22/2469/479 797/2470/479 796/2471/480 

vt -0.79299 0.03
vn 0.220527 -0.948653 0.226773
vt -0.817374 0.03
vt -0.817374 0.01
vt -0.79299 0.01
f 24/2472/481 23/2473/480 796/2474/480 795/2475/481 

vt -0.783007 0.03
vn 0.208188 -0.954372 0.214084
vt -0.788095 0.03
vt -0.788095 0.01
vt -0.783007 0.01
f 25/2476/482 24/2477/481 795/2478/481 794/2479/482 

vt 0.566963 0.03
vn 0.198904 0.958437 0.204537
vt 0.566963 0.01
vt 0.567813 0.01
vt 0.567813 0.03
f 26/2480/483 793/2481/483 794/2482/483 25/2483/483 

vt 0.79041 0.03
vn -0.252529 0.932092 -0.259681
vt 0.772539 0.03
vn -0.654882 -0.342961 -0.67343
vt 0.772539 0.01
vt 0.79041 0.01
f 26/2484/484 27/2485/485 792/2486/485 793/2487/484 

vt -0.746784 0.03
vn 0.224412 -0.946776 0.230768
vt -0.768027 0.03
vt -0.768027 0.01
vt -0.746784 0.01
f 28/2488/486 27/2489/485 792/2490/485 791/2491/486 

vt -0.729131 0.03
vn 0.222348 -0.947778 0.228646
vt -0.746339 0.03
vt -0.746339 0.01
vt -0.729131 0.01
f 29/2492/487 28/2493/486 791/2494/486 790/2495/487 

vt -0.717247 0.03
vn 0.661286 0.316669 0.680016
vt -0.728778 0.03
vt -0.728778 0.01
vt -0.717247 0.01
f 30/2496/488 29/2497/487 790/2498/487 789/2499/488 

vt 0.716981 0.03
vt 0.712773 0.03
vn -0.220097 0.948858 -0.226331
vt 0.712773 0.01
vt 0.716981 0.01
f 30/2500/488 31/2501/489 788/2502/489 789/2503/488 

vt -0.409398 0.03
vn -0.3138 -0.892974 -0.322688
vt -0.410608 0.03
vt -0.410608 0.01
vt -0.409398 0.01
f 31/2504/490 32/2505/490 787/2506/490 788/2507/490 

vt 0.097384 0.03
vn 0.597263 0.515812 0.614179
vt 0.0948981 0.03
vn 0.561897 0.591951 0.577811
vt 0.0948981 0.01
vt 0.097384 0.01
f 33/2508/491 32/2509/492 787/2510/492 786/2511/491 

vt -0.0329067 0.03
vn 0.654654 0.343855 0.673195
vt -0.0351651 0.03
vt -0.0351651 0.01
vt -0.0329067 0.01
f 34/2512/493 33/2513/491 786/2514/491 785/2515/493 

vt -0.173341 0.03
vn 0.689312 0.149674 0.708835
vt -0.175454 0.03
vt -0.175454 0.01
vt -0.173341 0.01
f 35/2516/494 34/2517/493 785/2518/493 784/2519/494 

vt -0.309531 0.03
vn 0.696363 -0.0479439 0.716086
vt -0.311577 0.03
vt -0.311577 0.01
vt -0.309531 0.01
f 36/2520/495 35/2521/494 784/2522/494 783/2523/495 

vt -0.427734 0.03
vn 0.678411 -0.230386 0.697625
vt -0.429779 0.03
vt -0.429779 0.01
vt -0.427734 0.01
f 37/2524/496 36/2525/495 783/2526/495 782/2527/496 

vt -0.520798 0.03
vn 0.651088 -0.357514 0.669528
vt -0.522892 0.03
vt -0.522892 0.01
vt -0.520798 0.01
f 38/2528/497 37/2529/496 782/2530/496 781/2531/497 

vt -0.561816 0.03
vn 0.661447 -0.315977 0.680181
vt -0.563991 0.03
vt -0.563991 0.01
vt -0.561816 0.01
f 39/2532/498 38/2533/497 781/2534/497 780/2535/498 

vt -0.47035 0.03
vn 0.689555 -0.147351 0.709085
vt -0.472617 0.03
vt -0.472617 0.01
vt -0.47035 0.01
f 40/2536/499 39/2537/498 780/2538/498 779/2539/499 

vt -0.370562 0.03
vn 0.697152 0.00618426 0.716897
vt -0.372892 0.03
vt -0.372892 0.01
vt -0.370562 0.01
f 41/2540/500 40/2541/499 779/2542/499 778/2543/500 

vt -0.278866 0.03
vn 0.690205 0.140948 0.709754
vt -0.281186 0.03
vt -0.281186 0.01
vt -0.278866 0.01
f 42/2544/501 41/2545/500 778/2546/500 777/2547/501 

vt -0.188502 0.03
vn 0.670631 0.273258 0.689625
vt -0.19072 0.03
vt -0.19072 0.01
vt -0.188502 0.01
f 43/2548/502 42/2549/501 777/2550/501 776/2551/502 

vt -0.0880483 0.03
vn 0.631608 0.42335 0.649497
vt -0.0900672 0.03
vt -0.0900672 0.01
vt -0.0880483 0.01
f 44/2552/503 43/2553/502 776/2554/502 775/2555/503 

vt 0.0424936 0.03
vn 0.547267 0.619509 0.562767
vt 0.0407629 0.03
vt 0.0407629 0.01
vt 0.0424936 0.01
f 45/2556/504 44/2557/503 775/2558/503 774/2559/504 

vt 0.240697 0.03
vn 0.481247 0.723531 0.494877
vt 0.239303 0.03
vt 0.239303 0.01
vt 0.240697 0.01
f 46/2560/505 45/2561/504 774/2562/504 773/2563/505 

vt 0.511758 0.03
vn 0.179412 0.96632 0.184494
vt 0.510495 0.03
vn 0.213359 0.952019 0.219402
vt 0.510495 0.01
vt 0.511758 0.01
f 47/2564/506 46/2565/507 773/2566/507 772/2567/506 

vt 0.562159 0.03
vn 0.15104 0.97625 0.155318
vt 0.560004 0.03
vt 0.560004 0.01
vt 0.562159 0.01
f 48/2568/508 47/2569/506 772/2570/506 771/2571/508 

vt 0.557138 0.03
vn 0.168371 0.970399 0.173139
vt 0.554137 0.03
vt 0.554137 0.01
vt 0.557138 0.01
f 49/2572/509 48/2573/508 771/2574/508 770/2575/509 

vt 0.545146 0.03
vn 0.196072 0.959637 0.201625
vt 0.54157 0.03
vt 0.54157 0.01
vt 0.545146 0.01
f 50/2576/510 49/2577/509 770/2578/509 769/2579/510 

vt 0.525075 0.03
vn -0.663186 0.308385 -0.68197
vt 0.52119 0.03
vt 0.52119 0.01
vt 0.525075 0.01
f 51/2580/511 50/2581/510 769/2582/510 768/2583/511 

vt -0.52113 0.03
vt -0.524872 0.03
vn -0.217589 -0.950047 -0.223752
vt -0.524872 0.01
vt -0.52113 0.01
f 51/2584/511 52/2585/512 767/2586/512 768/2587/511 

vt -0.717393 0.03
vn 0.186071 -0.963725 0.191341
vt -0.71977 0.03
vn -0.667571 -0.288264 -0.686478
vt -0.71977 0.01
vt -0.717393 0.01
f 52/2588/513 53/2589/514 766/2590/514 767/2591/513 

vt 0.730555 0.03
vn -0.219638 0.949077 -0.225858
vt 0.72485 0.03
vt 0.72485 0.01
vt 0.730555 0.01
f 54/2592/515 53/2593/514 766/2594/514 765/2595/515 

vt 0.740292 0.03
vn -0.225474 0.946257 -0.23186
vt 0.731653 0.03
vt 0.731653 0.01
vt 0.740292 0.01
f 55/2596/516 54/2597/515 765/2598/515 764/2599/516 

vt 0.751989 0.03
vn -0.228777 0.944624 -0.235257
vt 0.740814 0.03
vt 0.740814 0.01
vt 0.751989 0.01
f 56/2600/517 55/2601/516 764/2602/516 763/2603/517 

vt 0.765642 0.03
vn -0.231188 0.943416 -0.237736
vt 0.752328 0.03
vt 0.752328 0.01
vt 0.765642 0.01
f 57/2604/518 56/2605/517 763/2606/517 762/2607/518 

vt 0.780961 0.03
vn -0.233243 0.942375 -0.239849
vt 0.765906 0.03
vt 0.765906 0.01
vt 0.780961 0.01
f 58/2608/519 57/2609/518 762/2610/518 761/2611/519 

vt 0.797592 0.03
vn -0.235193 0.941377 -0.241854
vt 0.781194 0.03
vt 0.781194 0.01
vt 0.797592 0.01
f 59/2612/520 58/2613/519 761/2614/519 760/2615/520 

vt 0.81516 0.03
vn -0.237779 0.940039 -0.244514
vt 0.797817 0.03
vt 0.797817 0.01
vt 0.81516 0.01
f 60/2616/521 59/2617/520 760/2618/520 759/2619/521 

vt 0.834209 0.03
vn -0.244634 0.936414 -0.251562
vt 0.81552 0.03
vt 0.81552 0.01
vt 0.834209 0.01
f 61/2620/522 60/2621/521 759/2622/521 758/2623/522 

vt 0.852517 0.03
vn -0.254825 0.930805 -0.262042
vt 0.835238 0.03
vt 0.835238 0.01
vt 0.852517 0.01
f 62/2624/523 61/2625/522 758/2626/522 757/2627/523 

vt 0.870373 0.03
vn -0.26133 0.927087 -0.268731
vt 0.853296 0.03
vt 0.853296 0.01
vt 0.870373 0.01
f 63/2628/524 62/2629/523 757/2630/523 756/2631/524 

vt 0.890876 0.03
vn -0.261669 0.92689 -0.26908
vt 0.870577 0.03
vt 0.870577 0.01
vt 0.890876 0.01
f 64/2632/525 63/2633/524 756/2634/524 755/2635/525 

vt 0.917663 0.03
vn -0.258303 0.928831 -0.265619
vt 0.890719 0.03
vt 0.890719 0.01
vt 0.917663 0.01
f 65/2636/526 64/2637/525 755/2638/525 754/2639/526 

vt 0.954365 0.03
vn -0.254047 0.931243 -0.261242
vt 0.917352 0.03
vt 0.917352 0.01
vt 0.954365 0.01
f 66/2640/527 65/2641/526 754/2642/526 753/2643/527 

vt 1.00453 0.03
vn -0.250186 0.933391 -0.257272
vt 0.954023 0.03
vt 0.954023 0.01
vt 1.00453 0.01
f 67/2644/528 66/2645/527 753/2646/527 752/2647/528 

vt 1.07164 0.03
vt 1.00421 0.03
vt 1.00421 0.01
vt 1.07164 0.01
f 68/2648/432 67/2649/528 752/2650/528 751/2651/432 

vt -0.0768475 0.03
vn 0.64681 0.37315 0.665129
vt -0.0843482 0.03
vt -0.0843482 0.01
vt -0.0768475 0.01
f 12/2652/529 11/2653/529 808/2654/529 807/2655/529 

vt 0.615977 0.03
vn 0.372504 0.845287 0.383054
vt 0.599959 0.03
vt 0.599959 0.01
vt 0.615977 0.01
f 11/2656/530 10/2657/530 809/2658/530 808/2659/530 

vt 1.05801 0.03
vn -0.0239189 0.999411 -0.0245963
vt 1.04124 0.03
vn -0.127941 0.983017 -0.131564
vt 1.04124 0.01
vt 1.05801 0.01
f 10/2660/531 9/2661/532 810/2662/532 809/2663/531 

vt 1.13887 0.03
vt 1.07289 0.03
vn -0.22908 0.944473 -0.235568
vt 1.07289 0.01
vt 1.13887 0.01
f 9/2664/532 8/2665/533 811/2666/533 810/2667/532 

vt 0.951913 0.03
vt 0.951913 0.01
f 8/2665/533 7/2668/533 812/2669/533 811/2666/533 

vt 0.886925 0.03
vt 0.886925 0.01
f 7/2668/533 6/2670/4 410/2671/4 812/2669/533 

g Mesh2 ___246_2 ___248_1 Model

v 24.2762 21.325 -166.213
v 24.0279 21.3614 -166.468
v 22.5941 21.3614 -165.074
v 22.8424 21.325 -164.818
f 903/4/1 904/3/2 905/2/2 906/1/1 

v 33.5298 21.3793 -156.697
v 37.5147 23.3679 -152.599
v 39.688 24.4525 -150.364
v 40.2724 24.4812 -149.763
v 40.7446 24.0531 -149.278
v 40.8422 23.705 -149.177
v 40.6274 23.5879 -149.398
v 39.7784 23.1251 -150.271
v 38.5403 22.449 -151.545
v 37.0574 21.6376 -153.069
v 35.4744 20.7689 -154.697
v 33.9359 19.9209 -156.279
v 32.5863 19.1716 -157.667
v 31.5703 18.5988 -158.712
v 30.9407 18.2347 -159.359
v 30.2577 17.8611 -160.062
v 29.488 17.4585 -160.853
v 28.6864 17.0512 -161.678
v 28.5171 16.9752 -161.852
v 28.4887 16.9874 -161.881
v 27.9077 16.6635 -162.478
v 27.2067 16.3197 -163.199
v 26.6382 16.044 -163.784
v 26.2569 15.8608 -164.176
v 26.1176 15.7944 -164.319
v 26.1553 15.7671 -164.28
v 26.2066 15.6669 -164.228
v 26.2409 15.5652 -164.192
v 26.2592 15.4628 -164.173
v 26.2627 15.3606 -164.17
v 26.2524 15.2594 -164.18
v 26.2294 15.16 -164.204
v 26.1991 15.0602 -164.235
v 26.181 14.9499 -164.254
v 26.1758 14.8336 -164.259
v 26.1819 14.7178 -164.253
v 26.1978 14.6092 -164.237
v 26.2218 14.5142 -164.212
v 26.2521 14.4394 -164.181
v 26.2873 14.3913 -164.145
v 26.3292 14.3719 -164.101
v 26.4027 14.3495 -164.026
v 26.5047 14.3157 -163.921
v 26.6252 14.2696 -163.797
v 26.7542 14.2104 -163.664
v 26.8782 14.152 -163.537
v 26.9581 14.1837 -163.455
v 27.1473 14.2721 -163.26
v 27.4327 14.4106 -162.967
v 27.8012 14.593 -162.588
v 28.2395 14.8128 -162.137
v 28.7345 15.0637 -161.628
v 29.2732 15.3393 -161.074
v 29.8422 15.6332 -160.489
v 30.4544 15.9542 -159.859
v 31.017 16.264 -159.281
v 31.5697 16.5824 -158.713
v 32.2254 16.9653 -158.038
v 33.0971 17.4688 -157.142
v 34.2976 18.1491 -155.907
v 35.94 19.0622 -154.218
v 38.1372 20.2641 -151.959
v 41.0021 21.8109 -149.013
v 41.0171 21.3189 -148.998
v 41.0713 19.5466 -148.942
v 40.6917 19.3316 -149.332
v 39.6847 18.7613 -150.368
v 38.2486 17.948 -151.845
v 36.5813 17.0039 -153.559
v 34.8811 16.041 -155.307
v 33.3459 15.1716 -156.886
v 32.1739 14.5079 -158.091
v 31.5631 14.162 -158.719
v 31.236 14.011 -159.056
v 29.8878 13.4115 -160.442
v 27.6891 12.4351 -162.703
v 24.9312 11.2128 -165.539
v 21.9055 9.87512 -168.65
v 18.9033 8.55301 -171.738
v 16.2158 7.37723 -174.501
v 14.1344 6.47856 -176.642
v 12.8719 5.95688 -177.94
v 11.6431 5.50929 -179.204
v 10.2494 5.0439 -180.637
v 8.79217 4.5846 -182.135
v 7.37268 4.15526 -183.595
v 6.09228 3.77976 -184.912
v 5.05226 3.48198 -185.981
v 4.35396 3.2858 -186.699
v 4.09867 3.21511 -186.962
v 4.09149 3.2719 -186.969
v 4.06237 3.4458 -186.999
v 3.89285 3.58885 -187.173
v 3.81657 3.65285 -187.252
v 3.29827 4.08772 -187.785
v 2.98217 4.35295 -188.11
v 2.97797 4.57962 -188.114
v 2.97385 5.06168 -188.118
v 2.9713 5.35953 -188.121
v 2.7988 5.52721 -188.298
v 2.40845 5.99085 -188.7
v 2.12087 6.59404 -188.995
v 2.19455 7.16697 -188.92
v 2.48048 7.58404 -188.626
v 2.67334 7.76408 -188.427
v 2.57323 7.9384 -188.53
v 2.30374 8.45569 -188.807
v 2.01413 9.17764 -189.105
v 1.86423 9.84977 -189.259
v 1.864 10.2922 -189.26
v 1.89914 10.5877 -189.223
v 1.85636 10.8098 -189.267
v 1.72055 10.9851 -189.407
v 1.54212 11.1319 -189.591
v 1.43382 11.3086 -189.702
v 1.47495 11.538 -189.66
v 1.59182 11.7329 -189.539
v 1.66917 11.8656 -189.46
v 1.68019 12.0146 -189.449
v 1.74952 12.2039 -189.377
v 1.90051 12.3226 -189.222
v 2.05462 12.2415 -189.064
v 2.29165 12.1223 -188.82
v 2.58667 11.9561 -188.516
v 2.78673 11.6417 -188.311
v 2.89762 11.4236 -188.197
v 2.95177 11.4489 -188.141
v 3.00153 11.6818 -188.09
v 3.05748 12.2029 -188.032
v 3.18383 12.8099 -187.902
v 3.40128 13.0751 -187.679
v 3.55384 13.1357 -187.522
v 3.61623 13.1025 -187.458
v 3.74725 12.9751 -187.323
v 3.89093 12.772 -187.175
v 3.96454 12.5461 -187.1
v 3.96348 12.3508 -187.101
v 4.00565 12.1464 -187.057
v 4.12158 11.8957 -186.938
v 4.22337 11.611 -186.833
v 4.38883 11.3312 -186.663
v 4.62231 11.1158 -186.423
v 4.79774 11.0198 -186.243
v 4.92163 11.0299 -186.115
v 5.02266 11.1627 -186.011
v 5.10128 11.4469 -185.931
v 5.07857 11.8188 -185.954
v 4.91357 12.1294 -186.124
v 4.70357 12.2521 -186.34
v 4.53487 12.3577 -186.513
v 4.47625 12.5665 -186.573
v 4.48784 12.786 -186.561
v 4.48395 12.9393 -186.565
v 4.39338 13.0322 -186.659
v 4.26843 13.206 -186.787
v 4.22363 13.4385 -186.833
v 4.38968 13.6308 -186.662
v 4.75829 13.6784 -186.283
v 5.12785 13.7351 -185.903
v 5.39852 13.9601 -185.625
v 5.67389 14.2829 -185.342
v 5.82455 14.4283 -185.187
v 5.83344 14.2604 -185.178
v 5.91585 14.0657 -185.093
v 5.98924 13.9478 -185.018
v 6.04171 13.9168 -184.964
v 6.21806 13.7965 -184.782
v 6.43351 13.5597 -184.561
v 6.57466 13.1854 -184.416
v 6.60988 12.7397 -184.379
v 6.65817 12.4018 -184.33
v 6.79956 12.2749 -184.184
v 6.94198 12.2128 -184.038
v 7.02628 12.1901 -183.951
v 7.0073 12.1057 -183.971
v 6.92117 11.8188 -184.059
v 6.8502 11.5824 -184.132
v 6.87567 11.5518 -184.106
v 6.99165 11.4926 -183.987
v 7.105 11.3727 -183.87
v 7.12196 11.1568 -183.853
v 7.0444 10.8482 -183.932
v 6.96931 10.6306 -184.01
v 7.03336 10.6474 -183.944
v 7.32711 10.8039 -183.642
v 7.68046 11.0208 -183.278
v 7.92109 11.3039 -183.031
v 8.02085 11.7436 -182.928
v 8.04133 12.0678 -182.907
v 8.01269 12.0886 -182.937
v 7.89794 12.0516 -183.055
v 7.78436 12.0255 -183.172
v 7.72678 12.088 -183.231
v 7.64806 12.3685 -183.312
v 7.5933 12.8291 -183.368
v 7.62788 13.4074 -183.332
v 7.78266 13.9714 -183.173
v 8.00057 14.3723 -182.949
v 8.21794 14.5702 -182.726
v 8.38374 14.8267 -182.555
v 8.47225 15.018 -182.464
v 8.48901 15.0306 -182.447
v 8.53231 14.9796 -182.402
v 8.59732 14.883 -182.336
v 8.70437 14.7306 -182.226
v 8.93962 14.4866 -181.984
v 9.1846 14.1625 -181.732
v 9.31201 13.7679 -181.601
v 9.34431 13.326 -181.567
v 9.40833 12.9347 -181.502
v 9.57962 12.7052 -181.325
v 9.7234 12.6627 -181.178
v 9.87472 12.6526 -181.022
v 10.0744 12.5616 -180.817
v 10.2485 12.5023 -180.638
v 10.3438 12.4273 -180.54
v 10.3253 12.2994 -180.559
v 10.2471 12.232 -180.639
v 10.1973 12.2025 -180.69
v 10.2292 12.1649 -180.657
v 10.2433 12.0855 -180.643
v 10.24 11.9632 -180.646
v 10.2337 11.8012 -180.653
v 10.2155 11.5969 -180.672
v 10.1979 11.3162 -180.69
v 10.2656 10.9372 -180.62
v 10.6509 10.5614 -180.224
v 11.068 10.3118 -179.795
v 11.215 10.2906 -179.644
v 11.1688 10.4558 -179.691
v 11.0256 10.7176 -179.839
v 10.8796 10.9936 -179.989
v 10.8588 11.2385 -180.01
v 10.8897 11.4356 -179.978
v 10.8725 11.6287 -179.996
v 10.7917 12.0526 -180.079
v 10.7695 12.5028 -180.102
v 10.9077 12.7684 -179.96
v 11.0812 13.0334 -179.781
v 11.1999 13.3399 -179.659
v 11.1769 13.6385 -179.683
v 10.9343 13.7276 -179.932
v 10.6542 13.7432 -180.22
v 10.5226 13.857 -180.356
v 10.4818 14.0348 -180.398
v 10.4774 14.1719 -180.402
v 10.4538 14.1955 -180.427
v 10.2938 14.2305 -180.591
v 10.1129 14.3933 -180.777
v 10.0793 14.7323 -180.812
v 10.3293 14.985 -180.555
v 10.6894 15.1257 -180.184
v 10.9626 15.2076 -179.903
v 11.1434 15.3666 -179.717
v 11.2852 15.6082 -179.572
v 11.4328 15.8811 -179.42
v 11.6236 15.9714 -179.224
v 11.8539 15.9012 -178.987
v 12.1172 15.7567 -178.716
v 12.3902 15.6641 -178.435
v 12.5837 15.5827 -178.236
v 12.6156 15.4477 -178.204
v 12.5645 15.2786 -178.256
v 12.5075 15.1515 -178.315
v 12.5043 15.1145 -178.318
v 12.5695 15.004 -178.251
v 12.6156 14.8242 -178.204
v 12.5633 14.6347 -178.257
v 12.5192 14.4964 -178.303
v 12.5273 14.3858 -178.294
v 12.5848 14.2471 -178.235
v 12.6012 13.9438 -178.218
v 12.6242 13.6075 -178.195
v 12.7302 13.4111 -178.086
v 12.8964 13.3581 -177.915
v 13.0533 13.4377 -177.753
v 13.1503 13.6379 -177.654
v 13.2645 13.7529 -177.536
v 13.3915 13.7488 -177.406
v 13.5015 13.6394 -177.292
v 13.6214 13.4187 -177.169
v 13.7128 13.2977 -177.075
v 13.7417 13.5054 -177.045
v 13.8676 13.907 -176.916
v 13.9684 14.3104 -176.812
v 13.8639 14.5693 -176.92
v 13.6988 14.6358 -177.09
v 13.568 14.6715 -177.224
v 13.5049 14.8397 -177.289
v 13.5056 15.023 -177.288
v 13.4943 15.2082 -177.3
v 13.3973 15.4459 -177.4
v 13.3018 15.7197 -177.498
v 13.3295 15.9971 -177.469
v 13.5735 16.2467 -177.218
v 13.9533 16.3682 -176.828
v 14.2688 16.3931 -176.503
v 14.3713 16.4176 -176.398
v 14.6467 16.7288 -176.115
v 14.9808 17.1064 -175.771
v 15.0806 17.188 -175.669
v 15.1161 16.8409 -175.632
v 15.1597 16.4155 -175.587
v 15.1728 16.2892 -175.574
v 15.1888 16.2524 -175.557
v 15.2619 16.0843 -175.482
v 15.426 15.6969 -175.313
v 15.5618 15.254 -175.174
v 15.6533 14.9159 -175.08
v 15.742 14.7914 -174.989
v 15.8626 14.9702 -174.865
v 15.9974 15.2639 -174.726
v 16.1188 15.4299 -174.601
v 16.2205 15.395 -174.497
v 16.3002 15.1647 -174.415
v 16.345 14.7358 -174.368
v 16.2515 14.3505 -174.465
v 16.0825 14.1035 -174.638
v 15.9661 13.9839 -174.758
v 16.0245 13.8288 -174.698
v 16.1989 13.6456 -174.519
v 16.3973 13.5258 -174.315
v 16.7158 13.5711 -173.987
v 17.0605 13.7472 -173.633
v 17.2418 13.9768 -173.446
v 17.2272 14.1324 -173.461
v 17.1028 14.3189 -173.589
v 16.946 14.6994 -173.75
v 16.9113 15.0426 -173.786
v 16.9934 15.3579 -173.702
v 17.1183 15.8299 -173.573
v 17.1629 16.4065 -173.527
v 17.1097 16.9267 -173.582
v 16.987 17.2808 -173.708
v 16.8738 17.5865 -173.825
v 16.8056 17.8339 -173.895
v 16.7941 17.9061 -173.907
v 16.9737 17.8189 -173.722
v 17.3397 17.7268 -173.346
v 17.8008 17.7807 -172.871
v 18.1291 18.0622 -172.534
v 18.2794 18.3797 -172.379
v 18.3079 18.4236 -172.35
v 18.3001 18.0555 -172.358
v 18.2837 17.1601 -172.375
v 18.3846 16.3854 -172.271
v 18.6658 15.9495 -171.982
v 19.1158 15.6154 -171.519
v 19.4917 15.7309 -171.133
v 19.7567 16.2397 -170.86
v 20.0342 16.7289 -170.575
v 20.4904 17.1326 -170.106
v 21.023 17.5023 -169.558
v 21.4249 17.7825 -169.145
v 21.5324 18.0035 -169.034
v 21.4345 18.2025 -169.135
v 21.2802 18.3806 -169.294
v 21.0023 18.5282 -169.579
v 20.7499 18.6778 -169.839
v 20.8345 18.8839 -169.752
v 20.8915 19.2983 -169.693
v 20.7197 19.8076 -169.87
v 20.4963 20.1637 -170.1
v 20.1679 20.4139 -170.437
v 19.8846 20.6373 -170.729
v 19.9807 20.7739 -170.63
v 20.3943 20.6828 -170.205
v 20.8214 20.4595 -169.765
v 21.0791 20.3285 -169.5
v 21.0517 20.5327 -169.528
v 20.8903 20.8903 -169.694
v 20.807 21.0552 -169.78
v 20.9144 21.0366 -169.67
v 21.2473 20.8824 -169.327
v 21.8661 20.4469 -168.691
v 22.448 19.4414 -168.093
v 22.8271 18.3363 -167.703
v 23.1299 17.9794 -167.391
v 23.3458 18.292 -167.169
v 23.4545 18.7305 -167.058
v 23.5194 19.1559 -166.991
v 23.6747 19.5308 -166.831
v 23.908 19.8645 -166.591
v 24.0996 20.1189 -166.394
v 24.1049 20.561 -166.389
v 23.9884 21.1213 -166.509
v 23.9856 21.1752 -166.512
v 23.9687 21.1993 -166.529
v 23.9339 21.3754 -166.565
v 24.5428 21.4532 -165.939
v 24.7818 21.6092 -165.693
v 25.1494 21.3612 -165.315
v 25.4772 20.6235 -164.978
v 25.6 19.8671 -164.851
v 25.6185 19.5321 -164.832
v 25.6748 19.5107 -164.774
v 25.8357 19.3775 -164.609
v 26.0979 19.029 -164.339
v 26.2437 18.3897 -164.189
v 26.1973 17.7201 -164.237
v 26.1422 17.4139 -164.294
v 27.5163 18.1726 -162.881
v 30.0357 19.5638 -160.29
v 31.3892 20.3111 -158.898
f 907/872/3 908/871/3 909/870/3 910/869/3 911/868/3 912/867/3 913/866/3 914/865/3 915/864/3 916/863/3 917/862/3 918/861/3 919/860/3 920/859/3 921/858/3 922/857/3 923/856/3 924/855/3 925/854/3 926/853/3 927/852/3 928/851/3 929/850/3 930/849/3 931/848/3 932/847/3 933/846/3 934/845/3 935/844/3 936/843/3 937/842/3 938/841/3 939/840/3 940/839/3 941/838/3 942/837/3 943/836/3 944/835/3 945/834/3 946/833/3 947/832/3 948/831/3 949/830/3 950/829/3 951/828/3 952/827/3 953/826/3 954/825/3 955/824/3 956/823/3 957/822/3 958/821/3 959/820/3 960/819/3 961/818/3 962/817/3 963/816/3 964/815/3 965/814/3 966/813/3 967/812/3 968/811/3 969/810/3 970/809/3 971/808/3 972/807/3 973/806/3 974/805/3 975/804/3 976/803/3 977/802/3 978/801/3 979/800/3 980/799/3 981/798/3 982/797/3 983/796/3 984/795/3 985/794/3 986/793/3 987/792/3 988/791/3 989/790/3 990/789/3 991/788/3 992/787/3 993/786/3 994/785/3 995/784/3 996/783/3 997/782/3 998/781/3 999/780/3 1000/779/3 1001/778/3 1002/777/3 1003/776/3 1004/775/3 1005/774/3 1006/773/3 1007/772/3 1008/771/3 1009/770/3 1010/769/3 1011/768/3 1012/767/3 1013/766/3 1014/765/3 1015/764/3 1016/763/3 1017/762/3 1018/761/3 1019/760/3 1020/759/3 1021/758/3 1022/757/3 1023/756/3 1024/755/3 1025/754/3 1026/753/3 1027/752/3 1028/751/3 1029/750/3 1030/749/3 1031/748/3 1032/747/3 1033/746/3 1034/745/3 1035/744/3 1036/743/3 1037/742/3 1038/741/3 1039/740/3 1040/739/3 1041/738/3 1042/737/3 1043/736/3 1044/735/3 1045/734/3 1046/733/3 1047/732/3 1048/731/3 1049/730/3 1050/729/3 1051/728/3 1052/727/3 1053/726/3 1054/725/3 1055/724/3 1056/723/3 1057/722/3 1058/721/3 1059/720/3 1060/719/3 1061/718/3 1062/717/3 1063/716/3 1064/715/3 1065/714/3 1066/713/3 1067/712/3 1068/711/3 1069/710/3 1070/709/3 1071/708/3 1072/707/3 1073/706/3 1074/705/3 1075/704/3 1076/703/3 1077/702/3 1078/701/3 1079/700/3 1080/699/3 1081/698/3 1082/697/3 1083/696/3 1084/695/3 1085/694/3 1086/693/3 1087/692/3 1088/691/3 1089/690/3 1090/689/3 1091/688/3 1092/687/3 1093/686/3 1094/685/3 1095/684/3 1096/683/3 1097/682/3 1098/681/3 1099/680/3 1100/679/3 1101/678/3 1102/677/3 1103/676/3 1104/675/3 1105/674/3 1106/673/3 1107/672/3 1108/671/3 1109/670/3 1110/669/3 1111/668/3 1112/667/3 1113/666/3 1114/665/3 1115/664/3 1116/663/3 1117/662/3 1118/661/3 1119/660/3 1120/659/3 1121/658/3 1122/657/3 1123/656/3 1124/655/3 1125/654/3 1126/653/3 1127/652/3 1128/651/3 1129/650/3 1130/649/3 1131/648/3 1132/647/3 1133/646/3 1134/645/3 1135/644/3 1136/643/3 1137/642/3 1138/641/3 1139/640/3 1140/639/3 1141/638/3 1142/637/3 1143/636/3 1144/635/3 1145/634/3 1146/633/3 1147/632/3 1148/631/3 1149/630/3 1150/629/3 1151/628/3 1152/627/3 1153/626/3 1154/625/3 1155/624/3 1156/623/3 1157/622/3 1158/621/3 1159/620/3 1160/619/3 1161/618/3 1162/617/3 1163/616/3 1164/615/3 1165/614/3 1166/613/3 1167/612/3 1168/611/3 1169/610/3 1170/609/3 1171/608/3 1172/607/3 1173/606/3 1174/605/3 1175/604/3 1176/603/3 1177/602/3 1178/601/3 1179/600/3 1180/599/3 1181/598/3 1182/597/3 1183/596/3 1184/595/3 1185/594/3 1186/593/3 1187/592/3 1188/591/3 1189/590/3 1190/589/3 1191/588/3 1192/587/3 1193/586/3 1194/585/3 1195/584/3 1196/583/3 1197/582/3 1198/581/3 1199/580/3 1200/579/3 1201/578/3 1202/577/3 1203/576/3 1204/575/3 1205/574/3 1206/573/3 1207/572/3 1208/571/3 1209/570/3 1210/569/3 1211/568/3 1212/567/3 1213/566/3 1214/565/3 1215/564/3 1216/563/3 1217/562/3 1218/561/3 1219/560/3 1220/559/3 1221/558/3 1222/557/3 1223/556/3 1224/555/3 1225/554/3 1226/553/3 1227/552/3 1228/551/3 1229/550/3 1230/549/3 1231/548/3 1232/547/3 1233/546/3 1234/545/3 1235/544/3 1236/543/3 1237/542/3 1238/541/3 1239/540/3 1240/539/3 1241/538/3 1242/537/3 1243/536/3 1244/535/3 1245/534/3 1246/533/3 1247/532/3 1248/531/3 1249/530/3 1250/529/3 1251/528/3 1252/527/3 1253/526/3 1254/525/3 1255/524/3 1256/523/3 1257/522/3 1258/521/3 1259/520/3 1260/519/3 1261/518/3 1262/517/3 1263/516/3 1264/515/3 1265/514/3 1266/513/3 1267/512/3 1268/511/3 1269/510/3 1270/509/3 1271/508/3 1272/507/3 1273/506/3 1274/505/3 1275/504/3 1276/503/3 1277/502/3 1278/501/3 1279/500/3 1280/499/3 1281/498/3 1282/497/3 1283/496/3 1284/495/3 1285/494/3 1286/493/3 1287/492/3 1288/491/3 1289/490/3 1290/489/3 1291/488/3 1292/487/3 1293/486/3 1294/485/3 1295/484/3 904/483/3 903/482/3 1296/481/3 1297/480/3 1298/479/3 1299/478/3 1300/477/3 1301/476/3 1302/475/3 1303/474/3 1304/473/3 1305/472/3 1306/471/3 1307/470/3 1308/469/3 1309/468/3 1310/467/3 

v 32.096 21.3793 -155.303
v 36.0809 23.3679 -151.205
f 908/2666/533 907/2669/533 1311/2668/533 1312/2665/533 

v 29.9554 20.3111 -157.504
f 907/2669/533 1310/2671/4 1313/2670/4 1311/2668/533 

v 28.6019 19.5638 -158.896
f 1310/414/4 1309/413/5 1314/412/5 1313/411/4 

v 26.0825 18.1726 -161.486
f 1309/413/5 1308/416/5 1315/415/5 1314/412/5 

v 24.7084 17.4139 -162.899
f 1308/416/5 1307/418/5 1316/417/5 1315/415/5 

v 24.7635 17.7201 -162.843
f 1307/422/6 1306/421/7 1317/420/7 1316/419/6 

v 24.8099 18.3897 -162.795
f 1306/426/7 1305/425/8 1318/424/8 1317/423/7 

v 24.664 19.029 -162.945
f 1305/430/9 1304/429/9 1319/428/9 1318/427/9 

v 24.4019 19.3775 -163.215
f 1304/434/10 1303/433/11 1320/432/11 1319/431/10 

v 24.241 19.5107 -163.38
f 1303/438/11 1302/437/12 1321/436/12 1320/435/11 

v 24.1847 19.5321 -163.438
f 1302/442/12 1301/441/13 1322/440/13 1321/439/12 

v 24.1662 19.8671 -163.457
f 1301/446/14 1300/445/15 1323/444/15 1322/443/14 

v 24.0434 20.6235 -163.583
f 1300/450/15 1299/449/16 1324/448/16 1323/447/15 

v 23.7156 21.3612 -163.92
f 1299/454/16 1298/453/17 1325/452/17 1324/451/16 

v 23.3479 21.6092 -164.298
f 1298/458/18 1297/457/18 1326/456/18 1325/455/18 

v 23.1089 21.4532 -164.544
f 1297/462/19 1296/461/20 1327/460/20 1326/459/19 

f 1296/466/20 903/465/21 906/464/21 1327/463/20 

v 22.5001 21.3754 -165.17
v 22.5348 21.1993 -165.135
v 22.5517 21.1752 -165.117
v 22.5546 21.1213 -165.114
v 22.6711 20.561 -164.994
v 22.6658 20.1189 -165
v 22.4741 19.8645 -165.197
v 22.2408 19.5308 -165.437
v 22.0855 19.1559 -165.597
v 22.0206 18.7305 -165.663
v 21.912 18.292 -165.775
v 21.6961 17.9794 -165.997
v 21.3933 18.3363 -166.308
v 21.0142 19.4414 -166.698
v 20.4323 20.4469 -167.297
v 19.8135 20.8824 -167.933
v 19.4806 21.0366 -168.275
v 19.3732 21.0552 -168.386
v 19.4565 20.8903 -168.3
v 19.6179 20.5327 -168.134
v 19.6453 20.3285 -168.106
v 19.3876 20.4595 -168.371
v 18.9604 20.6828 -168.81
v 18.5469 20.7739 -169.235
v 18.4508 20.6373 -169.334
v 18.7341 20.4139 -169.043
v 19.0624 20.1637 -168.705
v 19.2859 19.8076 -168.475
v 19.4577 19.2983 -168.299
v 19.4007 18.8839 -168.357
v 19.3161 18.6778 -168.445
v 19.5685 18.5282 -168.185
v 19.8463 18.3806 -167.899
v 20.0007 18.2025 -167.74
v 20.0986 18.0035 -167.64
v 19.9911 17.7825 -167.75
v 19.5892 17.5023 -168.164
v 19.0566 17.1326 -168.711
v 18.6004 16.7289 -169.18
v 18.3228 16.2397 -169.466
v 18.0579 15.7309 -169.738
v 17.682 15.6154 -170.125
v 17.232 15.9495 -170.588
v 16.9508 16.3854 -170.877
v 16.8499 17.1601 -170.98
v 16.8663 18.0555 -170.964
v 16.8741 18.4236 -170.956
v 16.8456 18.3797 -170.985
v 16.6953 18.0622 -171.14
v 16.367 17.7807 -171.477
v 15.9059 17.7268 -171.951
v 15.5399 17.8189 -172.328
v 15.3602 17.9061 -172.512
v 15.3718 17.8339 -172.5
v 15.44 17.5865 -172.43
v 15.5531 17.2808 -172.314
v 15.6759 16.9267 -172.188
v 15.7291 16.4065 -172.133
v 15.6845 15.8299 -172.179
v 15.5596 15.3579 -172.307
v 15.4775 15.0426 -172.392
v 15.5122 14.6994 -172.356
v 15.669 14.3189 -172.195
v 15.7934 14.1324 -172.067
v 15.808 13.9768 -172.052
v 15.6267 13.7472 -172.238
v 15.282 13.5711 -172.593
v 14.9635 13.5258 -172.92
v 14.7651 13.6456 -173.124
v 14.5907 13.8288 -173.304
v 14.5323 13.9839 -173.364
v 14.6487 14.1035 -173.244
v 14.8177 14.3505 -173.07
v 14.9112 14.7358 -172.974
v 14.8663 15.1647 -173.02
v 14.7867 15.395 -173.102
v 14.685 15.4299 -173.207
v 14.5635 15.2639 -173.332
v 14.4288 14.9702 -173.47
v 14.3082 14.7914 -173.594
v 14.2195 14.9159 -173.685
v 14.128 15.254 -173.779
v 13.9922 15.6969 -173.919
v 13.8281 16.0843 -174.088
v 13.755 16.2524 -174.163
v 13.739 16.2892 -174.179
v 13.7259 16.4155 -174.193
v 13.6823 16.8409 -174.238
v 13.6467 17.188 -174.274
v 13.547 17.1064 -174.377
v 13.2128 16.7288 -174.721
v 12.9375 16.4176 -175.004
v 12.835 16.3931 -175.109
v 12.5195 16.3682 -175.434
v 12.1397 16.2467 -175.824
v 11.8957 15.9971 -176.075
v 11.868 15.7197 -176.104
v 11.9635 15.4459 -176.005
v 12.0605 15.2082 -175.906
v 12.0717 15.023 -175.894
v 12.0711 14.8397 -175.895
v 12.1342 14.6715 -175.83
v 12.2649 14.6358 -175.695
v 12.4301 14.5693 -175.525
v 12.5345 14.3104 -175.418
v 12.4338 13.907 -175.522
v 12.3079 13.5054 -175.651
v 12.279 13.2977 -175.681
v 12.1875 13.4187 -175.775
v 12.0677 13.6394 -175.898
v 11.9577 13.7488 -176.011
v 11.8306 13.7529 -176.142
v 11.7165 13.6379 -176.259
v 11.6195 13.4377 -176.359
v 11.4626 13.3581 -176.52
v 11.2964 13.4111 -176.691
v 11.1904 13.6075 -176.8
v 11.1674 13.9438 -176.824
v 11.151 14.2471 -176.841
v 11.0934 14.3858 -176.9
v 11.0854 14.4964 -176.908
v 11.1295 14.6347 -176.863
v 11.1817 14.8242 -176.809
v 11.1356 15.004 -176.857
v 11.0704 15.1145 -176.924
v 11.0737 15.1515 -176.92
v 11.1307 15.2786 -176.862
v 11.1818 15.4477 -176.809
v 11.1499 15.5827 -176.842
v 10.9564 15.6641 -177.041
v 10.6834 15.7567 -177.322
v 10.4201 15.9012 -177.592
v 10.1897 15.9714 -177.829
v 9.99898 15.8811 -178.025
v 9.8514 15.6082 -178.177
v 9.70956 15.3666 -178.323
v 9.52879 15.2076 -178.509
v 9.25554 15.1257 -178.79
v 8.89552 14.985 -179.16
v 8.64551 14.7323 -179.417
v 8.67908 14.3933 -179.383
v 8.86001 14.2305 -179.197
v 9.01995 14.1955 -179.032
v 9.04354 14.1719 -179.008
v 9.04799 14.0348 -179.003
v 9.08881 13.857 -178.961
v 9.22036 13.7432 -178.826
v 9.50048 13.7276 -178.538
v 9.74312 13.6385 -178.289
v 9.76606 13.3399 -178.265
v 9.64742 13.0334 -178.387
v 9.47387 12.7684 -178.565
v 9.33567 12.5028 -178.708
v 9.35785 12.0526 -178.685
v 9.43863 11.6287 -178.602
v 9.45585 11.4356 -178.584
v 9.42502 11.2385 -178.616
v 9.44581 10.9936 -178.594
v 9.59174 10.7176 -178.444
v 9.73498 10.4558 -178.297
v 9.78119 10.2906 -178.249
v 9.63418 10.3118 -178.401
v 9.21703 10.5614 -178.83
v 8.83176 10.9372 -179.226
v 8.76406 11.3162 -179.295
v 8.78172 11.5969 -179.277
v 8.79984 11.8012 -179.259
v 8.80622 11.9632 -179.252
v 8.80948 12.0855 -179.249
v 8.79541 12.1649 -179.263
v 8.76347 12.2025 -179.296
v 8.81331 12.232 -179.245
v 8.89144 12.2994 -179.164
v 8.91001 12.4273 -179.145
v 8.81467 12.5023 -179.243
v 8.64062 12.5616 -179.422
v 8.4409 12.6526 -179.628
v 8.28958 12.6627 -179.783
v 8.1458 12.7052 -179.931
v 7.97451 12.9347 -180.107
v 7.91049 13.326 -180.173
v 7.87819 13.7679 -180.206
v 7.75078 14.1625 -180.337
v 7.50579 14.4866 -180.589
v 7.27054 14.7306 -180.831
v 7.16349 14.883 -180.941
v 7.09849 14.9796 -181.008
v 7.05519 15.0306 -181.053
v 7.03843 15.018 -181.07
v 6.94992 14.8267 -181.161
v 6.78412 14.5702 -181.331
v 6.56675 14.3723 -181.555
v 6.34883 13.9714 -181.779
v 6.19406 13.4074 -181.938
v 6.15948 12.8291 -181.974
v 6.21424 12.3685 -181.917
v 6.29296 12.088 -181.836
v 6.35053 12.0255 -181.777
v 6.46412 12.0516 -181.66
v 6.57887 12.0886 -181.542
v 6.60751 12.0678 -181.513
v 6.58702 11.7436 -181.534
v 6.48727 11.3039 -181.637
v 6.24664 11.0208 -181.884
v 5.89329 10.8039 -182.247
v 5.59954 10.6474 -182.55
v 5.53549 10.6306 -182.615
v 5.61058 10.8482 -182.538
v 5.68813 11.1568 -182.458
v 5.67117 11.3727 -182.476
v 5.55783 11.4926 -182.592
v 5.44185 11.5518 -182.712
v 5.41638 11.5824 -182.738
v 5.48735 11.8188 -182.665
v 5.57348 12.1057 -182.576
v 5.59245 12.1901 -182.557
v 5.50815 12.2128 -182.643
v 5.36574 12.2749 -182.79
v 5.22435 12.4018 -182.935
v 5.17606 12.7397 -182.985
v 5.14084 13.1854 -183.021
v 4.99969 13.5597 -183.166
v 4.78424 13.7965 -183.388
v 4.60789 13.9168 -183.569
v 4.55542 13.9478 -183.623
v 4.48203 14.0657 -183.699
v 4.39962 14.2604 -183.783
v 4.39073 14.4283 -183.793
v 4.24007 14.2829 -183.947
v 3.96469 13.9601 -184.231
v 3.69403 13.7351 -184.509
v 3.32447 13.6784 -184.889
v 2.95586 13.6308 -185.268
v 2.78981 13.4385 -185.439
v 2.83461 13.206 -185.393
v 2.95956 13.0322 -185.264
v 3.05013 12.9393 -185.171
v 3.05401 12.786 -185.167
v 3.04243 12.5665 -185.179
v 3.10105 12.3577 -185.119
v 3.26975 12.2521 -184.945
v 3.47975 12.1294 -184.729
v 3.64475 11.8188 -184.56
v 3.66746 11.4469 -184.536
v 3.58884 11.1627 -184.617
v 3.48781 11.0299 -184.721
v 3.36391 11.0198 -184.848
v 3.18849 11.1158 -185.029
v 2.95501 11.3312 -185.269
v 2.78955 11.611 -185.439
v 2.68776 11.8957 -185.544
v 2.57183 12.1464 -185.663
v 2.52966 12.3508 -185.706
v 2.53072 12.5461 -185.705
v 2.45711 12.772 -185.781
v 2.31343 12.9751 -185.929
v 2.18241 13.1025 -186.063
v 2.12002 13.1357 -186.128
v 1.96746 13.0751 -186.284
v 1.75001 12.8099 -186.508
v 1.62366 12.2029 -186.638
v 1.5677 11.6818 -186.696
v 1.51795 11.4489 -186.747
v 1.4638 11.4236 -186.802
v 1.3529 11.6417 -186.916
v 1.15284 11.9561 -187.122
v 0.857831 12.1223 -187.426
v 0.620801 12.2415 -187.669
v 0.466686 12.3226 -187.828
v 0.315701 12.2039 -187.983
v 0.246368 12.0146 -188.054
v 0.235347 11.8656 -188.066
v 0.158001 11.7329 -188.145
v 0.0411254 11.538 -188.265
v -5.9508e-14 11.3086 -188.308
v 0.108295 11.1319 -188.196
v 0.28673 10.9851 -188.013
v 0.422535 10.8098 -187.873
v 0.465322 10.5877 -187.829
v 0.430177 10.2922 -187.865
v 0.430411 9.84977 -187.865
v 0.580309 9.17764 -187.711
v 0.869922 8.45569 -187.413
v 1.13941 7.9384 -187.136
v 1.23952 7.76408 -187.033
v 1.04666 7.58404 -187.231
v 0.760732 7.16697 -187.525
v 0.687049 6.59404 -187.601
v 0.974626 5.99085 -187.305
v 1.36498 5.52721 -186.904
v 1.53748 5.35953 -186.727
v 1.54003 5.06168 -186.724
v 1.54415 4.57962 -186.72
v 1.54835 4.35295 -186.715
v 1.86445 4.08772 -186.39
v 2.38275 3.65285 -185.857
v 2.45903 3.58885 -185.779
v 2.62854 3.4458 -185.605
v 2.65767 3.2719 -185.575
v 2.66485 3.21511 -185.567
v 2.92013 3.2858 -185.305
v 3.61844 3.48198 -184.587
v 4.65846 3.77976 -183.517
v 5.93886 4.15526 -182.201
v 7.35834 4.5846 -180.741
v 8.81559 5.0439 -179.242
v 10.2093 5.50929 -177.809
v 11.4381 5.95688 -176.546
v 12.7006 6.47856 -175.247
v 14.782 7.37723 -173.107
v 17.4694 8.55301 -170.343
v 20.4717 9.87512 -167.256
v 23.4974 11.2128 -164.145
v 26.2552 12.4351 -161.309
v 28.4539 13.4115 -159.048
v 29.8022 14.011 -157.661
v 30.1293 14.162 -157.325
v 30.7401 14.5079 -156.697
v 31.9121 15.1716 -155.492
v 33.4473 16.041 -153.913
v 35.1475 17.0039 -152.165
v 36.8148 17.948 -150.45
v 38.2509 18.7613 -148.973
v 39.2578 19.3316 -147.938
v 39.6375 19.5466 -147.547
v 39.5833 21.3189 -147.603
v 39.5682 21.8109 -147.619
v 36.7034 20.2641 -150.565
v 34.5062 19.0622 -152.824
v 32.8638 18.1491 -154.513
v 31.6632 17.4688 -155.748
v 30.7916 16.9653 -156.644
v 30.1359 16.5824 -157.318
v 29.5832 16.264 -157.887
v 29.0206 15.9542 -158.465
v 28.4084 15.6332 -159.095
v 27.8393 15.3393 -159.68
v 27.3007 15.0637 -160.234
v 26.8056 14.8128 -160.743
v 26.3673 14.593 -161.194
v 25.9989 14.4106 -161.572
v 25.7135 14.2721 -161.866
v 25.5243 14.1837 -162.06
v 25.4444 14.152 -162.143
v 25.3204 14.2104 -162.27
v 25.1914 14.2696 -162.403
v 25.0709 14.3157 -162.527
v 24.9689 14.3495 -162.632
v 24.8954 14.3719 -162.707
v 24.8535 14.3913 -162.75
v 24.8183 14.4394 -162.786
v 24.7879 14.5142 -162.818
v 24.764 14.6092 -162.842
v 24.7481 14.7178 -162.859
v 24.742 14.8336 -162.865
v 24.7471 14.9499 -162.86
v 24.7653 15.0602 -162.841
v 24.7956 15.16 -162.81
v 24.8186 15.2594 -162.786
v 24.8289 15.3606 -162.776
v 24.8254 15.4628 -162.779
v 24.8071 15.5652 -162.798
v 24.7728 15.6669 -162.833
v 24.7215 15.7671 -162.886
v 24.6838 15.7944 -162.925
v 24.823 15.8608 -162.782
v 25.2043 16.044 -162.389
v 25.7729 16.3197 -161.805
v 26.4739 16.6635 -161.084
v 27.0548 16.9874 -160.487
v 27.0832 16.9752 -160.457
v 27.2526 17.0512 -160.283
v 28.0542 17.4585 -159.459
v 28.8239 17.8611 -158.667
v 29.5069 18.2347 -157.965
v 30.1365 18.5988 -157.318
v 31.1525 19.1716 -156.273
v 32.502 19.9209 -154.885
v 34.0406 20.7689 -153.303
v 35.6236 21.6376 -151.675
v 37.1064 22.449 -150.15
v 38.3446 23.1251 -148.877
v 39.1935 23.5879 -148.004
v 39.4084 23.705 -147.783
v 39.3108 24.0531 -147.883
v 38.8386 24.4812 -148.369
v 38.2542 24.4525 -148.97
f 1315/410/22 1316/409/22 1317/408/22 1318/407/22 1319/406/22 1320/405/22 1321/404/22 1322/403/22 1323/402/22 1324/401/22 1325/400/22 1326/399/22 1327/398/22 906/397/22 905/396/22 1328/395/22 1329/394/22 1330/393/22 1331/392/22 1332/391/22 1333/390/22 1334/389/22 1335/388/22 1336/387/22 1337/386/22 1338/385/22 1339/384/22 1340/383/22 1341/382/22 1342/381/22 1343/380/22 1344/379/22 1345/378/22 1346/377/22 1347/376/22 1348/375/22 1349/374/22 1350/373/22 1351/372/22 1352/371/22 1353/370/22 1354/369/22 1355/368/22 1356/367/22 1357/366/22 1358/365/22 1359/364/22 1360/363/22 1361/362/22 1362/361/22 1363/360/22 1364/359/22 1365/358/22 1366/357/22 1367/356/22 1368/355/22 1369/354/22 1370/353/22 1371/352/22 1372/351/22 1373/350/22 1374/349/22 1375/348/22 1376/347/22 1377/346/22 1378/345/22 1379/344/22 1380/343/22 1381/342/22 1382/341/22 1383/340/22 1384/339/22 1385/338/22 1386/337/22 1387/336/22 1388/335/22 1389/334/22 1390/333/22 1391/332/22 1392/331/22 1393/330/22 1394/329/22 1395/328/22 1396/327/22 1397/326/22 1398/325/22 1399/324/22 1400/323/22 1401/322/22 1402/321/22 1403/320/22 1404/319/22 1405/318/22 1406/317/22 1407/316/22 1408/315/22 1409/314/22 1410/313/22 1411/312/22 1412/311/22 1413/310/22 1414/309/22 1415/308/22 1416/307/22 1417/306/22 1418/305/22 1419/304/22 1420/303/22 1421/302/22 1422/301/22 1423/300/22 1424/299/22 1425/298/22 1426/297/22 1427/296/22 1428/295/22 1429/294/22 1430/293/22 1431/292/22 1432/291/22 1433/290/22 1434/289/22 1435/288/22 1436/287/22 1437/286/22 1438/285/22 1439/284/22 1440/283/22 1441/282/22 1442/281/22 1443/280/22 1444/279/22 1445/278/22 1446/277/22 1447/276/22 1448/275/22 1449/274/22 1450/273/22 1451/272/22 1452/271/22 1453/270/22 1454/269/22 1455/268/22 1456/267/22 1457/266/22 1458/265/22 1459/264/22 1460/263/22 1461/262/22 1462/261/22 1463/260/22 1464/259/22 1465/258/22 1466/257/22 1467/256/22 1468/255/22 1469/254/22 1470/253/22 1471/252/22 1472/251/22 1473/250/22 1474/249/22 1475/248/22 1476/247/22 1477/246/22 1478/245/22 1479/244/22 1480/243/22 1481/242/22 1482/241/22 1483/240/22 1484/239/22 1485/238/22 1486/237/22 1487/236/22 1488/235/22 1489/234/22 1490/233/22 1491/232/22 1492/231/22 1493/230/22 1494/229/22 1495/228/22 1496/227/22 1497/226/22 1498/225/22 1499/224/22 1500/223/22 1501/222/22 1502/221/22 1503/220/22 1504/219/22 1505/218/22 1506/217/22 1507/216/22 1508/215/22 1509/214/22 1510/213/22 1511/212/22 1512/211/22 1513/210/22 1514/209/22 1515/208/22 1516/207/22 1517/206/22 1518/205/22 1519/204/22 1520/203/22 1521/202/22 1522/201/22 1523/200/22 1524/199/22 1525/198/22 1526/197/22 1527/196/22 1528/195/22 1529/194/22 1530/193/22 1531/192/22 1532/191/22 1533/190/22 1534/189/22 1535/188/22 1536/187/22 1537/186/22 1538/185/22 1539/184/22 1540/183/22 1541/182/22 1542/181/22 1543/180/22 1544/179/22 1545/178/22 1546/177/22 1547/176/22 1548/175/22 1549/174/22 1550/173/22 1551/172/22 1552/171/22 1553/170/22 1554/169/22 1555/168/22 1556/167/22 1557/166/22 1558/165/22 1559/164/22 1560/163/22 1561/162/22 1562/161/22 1563/160/22 1564/159/22 1565/158/22 1566/157/22 1567/156/22 1568/155/22 1569/154/22 1570/153/22 1571/152/22 1572/151/22 1573/150/22 1574/149/22 1575/148/22 1576/147/22 1577/146/22 1578/145/22 1579/144/22 1580/143/22 1581/142/22 1582/141/22 1583/140/22 1584/139/22 1585/138/22 1586/137/22 1587/136/22 1588/135/22 1589/134/22 1590/133/22 1591/132/22 1592/131/22 1593/130/22 1594/129/22 1595/128/22 1596/127/22 1597/126/22 1598/125/22 1599/124/22 1600/123/22 1601/122/22 1602/121/22 1603/120/22 1604/119/22 1605/118/22 1606/117/22 1607/116/22 1608/115/22 1609/114/22 1610/113/22 1611/112/22 1612/111/22 1613/110/22 1614/109/22 1615/108/22 1616/107/22 1617/106/22 1618/105/22 1619/104/22 1620/103/22 1621/102/22 1622/101/22 1623/100/22 1624/99/22 1625/98/22 1626/97/22 1627/96/22 1628/95/22 1629/94/22 1630/93/22 1631/92/22 1632/91/22 1633/90/22 1634/89/22 1635/88/22 1636/87/22 1637/86/22 1638/85/22 1639/84/22 1640/83/22 1641/82/22 1642/81/22 1643/80/22 1644/79/22 1645/78/22 1646/77/22 1647/76/22 1648/75/22 1649/74/22 1650/73/22 1651/72/22 1652/71/22 1653/70/22 1654/69/22 1655/68/22 1656/67/22 1657/66/22 1658/65/22 1659/64/22 1660/63/22 1661/62/22 1662/61/22 1663/60/22 1664/59/22 1665/58/22 1666/57/22 1667/56/22 1668/55/22 1669/54/22 1670/53/22 1671/52/22 1672/51/22 1673/50/22 1674/49/22 1675/48/22 1676/47/22 1677/46/22 1678/45/22 1679/44/22 1680/43/22 1681/42/22 1682/41/22 1683/40/22 1684/39/22 1685/38/22 1686/37/22 1687/36/22 1688/35/22 1689/34/22 1690/33/22 1691/32/22 1692/31/22 1693/30/22 1694/29/22 1695/28/22 1696/27/22 1697/26/22 1698/25/22 1699/24/22 1700/23/22 1701/22/22 1702/21/22 1703/20/22 1704/19/22 1705/18/22 1706/17/22 1707/16/22 1708/15/22 1709/14/22 1710/13/22 1711/12/22 1712/11/22 1713/10/22 1714/9/22 1312/8/22 1311/7/22 1313/6/22 1314/5/22 

f 904/876/2 1295/875/23 1328/874/23 905/873/2 

f 1295/880/24 1294/879/24 1329/878/24 1328/877/24 

f 1294/884/25 1293/883/25 1330/882/25 1329/881/25 

f 1293/888/26 1292/887/27 1331/886/27 1330/885/26 

f 1292/892/27 1291/891/28 1332/890/28 1331/889/27 

f 1291/896/28 1290/895/29 1333/894/29 1332/893/28 

f 1290/900/30 1289/899/31 1334/898/31 1333/897/30 

f 1289/904/31 1288/903/32 1335/902/32 1334/901/31 

f 1288/908/32 1287/907/33 1336/906/33 1335/905/32 

f 1287/912/33 1286/911/34 1337/910/34 1336/909/33 

f 1286/916/34 1285/915/35 1338/914/35 1337/913/34 

f 1285/920/36 1284/919/36 1339/918/36 1338/917/36 

f 1284/924/37 1283/923/37 1340/922/37 1339/921/37 

f 1283/928/38 1282/927/39 1341/926/39 1340/925/38 

f 1282/932/39 1281/931/40 1342/930/40 1341/929/39 

f 1281/936/41 1280/935/42 1343/934/42 1342/933/41 

f 1280/940/42 1279/939/43 1344/938/43 1343/937/42 

f 1279/944/43 1278/943/44 1345/942/44 1344/941/43 

f 1278/948/45 1277/947/46 1346/946/46 1345/945/45 

f 1277/952/46 1276/951/47 1347/950/47 1346/949/46 

f 1276/956/48 1275/955/48 1348/954/48 1347/953/48 

f 1275/960/49 1274/959/50 1349/958/50 1348/957/49 

f 1274/964/50 1273/963/51 1350/962/51 1349/961/50 

f 1273/968/51 1272/967/52 1351/966/52 1350/965/51 

f 1272/972/53 1271/971/53 1352/970/53 1351/969/53 

f 1271/976/54 1270/975/55 1353/974/55 1352/973/54 

f 1270/980/55 1269/979/56 1354/978/56 1353/977/55 

f 1269/984/57 1268/983/58 1355/982/58 1354/981/57 

f 1268/988/58 1267/987/59 1356/986/59 1355/985/58 

f 1267/992/60 1266/991/61 1357/990/61 1356/989/60 

f 1266/996/61 1265/995/62 1358/994/62 1357/993/61 

f 1265/1000/63 1264/999/64 1359/998/64 1358/997/63 

f 1264/1004/64 1263/1003/65 1360/1002/65 1359/1001/64 

f 1263/1008/65 1262/1007/66 1361/1006/66 1360/1005/65 

f 1262/1012/66 1261/1011/67 1362/1010/67 1361/1009/66 

f 1261/1016/68 1260/1015/68 1363/1014/68 1362/1013/68 

f 1260/1020/69 1259/1019/70 1364/1018/70 1363/1017/69 

f 1259/1024/70 1258/1023/71 1365/1022/71 1364/1021/70 

f 1258/1028/71 1257/1027/72 1366/1026/72 1365/1025/71 

f 1257/1032/72 1256/1031/73 1367/1030/73 1366/1029/72 

f 1256/1036/73 1255/1035/74 1368/1034/74 1367/1033/73 

f 1255/1040/75 1254/1039/75 1369/1038/75 1368/1037/75 

f 1254/1044/76 1253/1043/77 1370/1042/77 1369/1041/76 

f 1253/1048/77 1252/1047/78 1371/1046/78 1370/1045/77 

f 1252/1052/79 1251/1051/80 1372/1050/80 1371/1049/79 

f 1251/1056/80 1250/1055/81 1373/1054/81 1372/1053/80 

f 1250/1060/81 1249/1059/82 1374/1058/82 1373/1057/81 

f 1249/1064/83 1248/1063/84 1375/1062/84 1374/1061/83 

f 1248/1068/84 1247/1067/85 1376/1066/85 1375/1065/84 

f 1247/1072/86 1246/1071/86 1377/1070/86 1376/1069/86 

f 1246/1076/87 1245/1075/88 1378/1074/88 1377/1073/87 

f 1245/1080/88 1244/1079/89 1379/1078/89 1378/1077/88 

f 1244/1084/89 1243/1083/90 1380/1082/90 1379/1081/89 

f 1243/1088/91 1242/1087/92 1381/1086/92 1380/1085/91 

f 1242/1092/92 1241/1091/93 1382/1090/93 1381/1089/92 

f 1241/1096/93 1240/1095/94 1383/1094/94 1382/1093/93 

f 1240/1100/94 1239/1099/95 1384/1098/95 1383/1097/94 

f 1239/1104/95 1238/1103/96 1385/1102/96 1384/1101/95 

f 1238/1108/96 1237/1107/97 1386/1106/97 1385/1105/96 

f 1237/1112/97 1236/1111/98 1387/1110/98 1386/1109/97 

f 1236/1116/98 1235/1115/99 1388/1114/99 1387/1113/98 

f 1235/1120/100 1234/1119/100 1389/1118/100 1388/1117/100 

f 1234/1124/101 1233/1123/102 1390/1122/102 1389/1121/101 

f 1233/1128/102 1232/1127/103 1391/1126/103 1390/1125/102 

f 1232/1132/104 1231/1131/104 1392/1130/104 1391/1129/104 

f 1231/1136/105 1230/1135/105 1393/1134/105 1392/1133/105 

f 1230/1140/106 1229/1139/107 1394/1138/107 1393/1137/106 

f 1229/1144/107 1228/1143/108 1395/1142/108 1394/1141/107 

f 1228/1148/109 1227/1147/110 1396/1146/110 1395/1145/109 

f 1227/1152/110 1226/1151/111 1397/1150/111 1396/1149/110 

f 1226/1156/112 1225/1155/112 1398/1154/112 1397/1153/112 

f 1225/1160/113 1224/1159/114 1399/1158/114 1398/1157/113 

f 1224/1164/114 1223/1163/115 1400/1162/115 1399/1161/114 

f 1223/1168/116 1222/1167/116 1401/1166/116 1400/1165/116 

f 1222/1172/117 1221/1171/118 1402/1170/118 1401/1169/117 

f 1221/1176/118 1220/1175/119 1403/1174/119 1402/1173/118 

f 1220/1180/120 1219/1179/120 1404/1178/120 1403/1177/120 

f 1219/1184/121 1218/1183/122 1405/1182/122 1404/1181/121 

f 1218/1188/122 1217/1187/123 1406/1186/123 1405/1185/122 

f 1217/1192/123 1216/1191/124 1407/1190/124 1406/1189/123 

f 1216/1196/125 1215/1195/125 1408/1194/125 1407/1193/125 

f 1215/1200/126 1214/1199/127 1409/1198/127 1408/1197/126 

f 1214/1204/127 1213/1203/128 1410/1202/128 1409/1201/127 

f 1213/1208/128 1212/1207/129 1411/1206/129 1410/1205/128 

f 1212/1212/129 1211/1211/130 1412/1210/130 1411/1209/129 

f 1211/1211/130 1210/1214/130 1413/1213/130 1412/1210/130 

f 1210/1218/131 1209/1217/132 1414/1216/132 1413/1215/131 

f 1209/1222/132 1208/1221/133 1415/1220/133 1414/1219/132 

f 1208/1221/133 1207/1224/133 1416/1223/133 1415/1220/133 

f 1207/1228/134 1206/1227/135 1417/1226/135 1416/1225/134 

f 1206/1232/135 1205/1231/136 1418/1230/136 1417/1229/135 

f 1205/1231/136 1204/1234/136 1419/1233/136 1418/1230/136 

f 1204/1238/137 1203/1237/138 1420/1236/138 1419/1235/137 

f 1203/1242/138 1202/1241/139 1421/1240/139 1420/1239/138 

f 1202/1246/139 1201/1245/140 1422/1244/140 1421/1243/139 

f 1201/1250/141 1200/1249/141 1423/1248/141 1422/1247/141 

f 1200/1254/142 1199/1253/142 1424/1252/142 1423/1251/142 

f 1199/1258/143 1198/1257/144 1425/1256/144 1424/1255/143 

f 1198/1262/144 1197/1261/145 1426/1260/145 1425/1259/144 

f 1197/1266/146 1196/1265/147 1427/1264/147 1426/1263/146 

f 1196/1270/147 1195/1269/148 1428/1268/148 1427/1267/147 

f 1195/1274/149 1194/1273/149 1429/1272/149 1428/1271/149 

f 1194/1278/150 1193/1277/151 1430/1276/151 1429/1275/150 

f 1193/1282/151 1192/1281/152 1431/1280/152 1430/1279/151 

f 1192/1286/153 1191/1285/153 1432/1284/153 1431/1283/153 

f 1191/1290/154 1190/1289/155 1433/1288/155 1432/1287/154 

f 1190/1294/155 1189/1293/156 1434/1292/156 1433/1291/155 

f 1189/1298/156 1188/1297/157 1435/1296/157 1434/1295/156 

f 1188/1302/158 1187/1301/159 1436/1300/159 1435/1299/158 

f 1187/1306/159 1186/1305/160 1437/1304/160 1436/1303/159 

f 1186/1310/160 1185/1309/161 1438/1308/161 1437/1307/160 

f 1185/1314/162 1184/1313/162 1439/1312/162 1438/1311/162 

f 1184/1318/163 1183/1317/163 1440/1316/163 1439/1315/163 

f 1183/1322/164 1182/1321/164 1441/1320/164 1440/1319/164 

f 1182/1326/165 1181/1325/165 1442/1324/165 1441/1323/165 

f 1181/1330/166 1180/1329/166 1443/1328/166 1442/1327/166 

f 1180/1334/167 1179/1333/167 1444/1332/167 1443/1331/167 

f 1179/1338/168 1178/1337/169 1445/1336/169 1444/1335/168 

f 1178/1342/169 1177/1341/170 1446/1340/170 1445/1339/169 

f 1177/1346/171 1176/1345/171 1447/1344/171 1446/1343/171 

f 1176/1350/172 1175/1349/172 1448/1348/172 1447/1347/172 

f 1175/1354/173 1174/1353/174 1449/1352/174 1448/1351/173 

f 1174/1358/174 1173/1357/175 1450/1356/175 1449/1355/174 

f 1173/1362/176 1172/1361/176 1451/1360/176 1450/1359/176 

f 1172/1366/177 1171/1365/177 1452/1364/177 1451/1363/177 

f 1171/1370/178 1170/1369/178 1453/1368/178 1452/1367/178 

f 1170/1374/179 1169/1373/180 1454/1372/180 1453/1371/179 

f 1169/1378/180 1168/1377/181 1455/1376/181 1454/1375/180 

f 1168/1382/182 1167/1381/182 1456/1380/182 1455/1379/182 

f 1167/1386/183 1166/1385/184 1457/1384/184 1456/1383/183 

f 1166/1390/184 1165/1389/185 1458/1388/185 1457/1387/184 

f 1165/1394/185 1164/1393/186 1459/1392/186 1458/1391/185 

f 1164/1398/186 1163/1397/187 1460/1396/187 1459/1395/186 

f 1163/1402/188 1162/1401/188 1461/1400/188 1460/1399/188 

f 1162/1406/189 1161/1405/190 1462/1404/190 1461/1403/189 

f 1161/1410/190 1160/1409/191 1463/1408/191 1462/1407/190 

f 1160/1414/191 1159/1413/192 1464/1412/192 1463/1411/191 

f 1159/1418/192 1158/1417/193 1465/1416/193 1464/1415/192 

f 1158/1422/193 1157/1421/194 1466/1420/194 1465/1419/193 

f 1157/1426/194 1156/1425/195 1467/1424/195 1466/1423/194 

f 1156/1430/196 1155/1429/196 1468/1428/196 1467/1427/196 

f 1155/1434/197 1154/1433/197 1469/1432/197 1468/1431/197 

f 1154/1438/198 1153/1437/198 1470/1436/198 1469/1435/198 

f 1153/1442/199 1152/1441/199 1471/1440/199 1470/1439/199 

f 1152/1446/200 1151/1445/201 1472/1444/201 1471/1443/200 

f 1151/1450/201 1150/1449/202 1473/1448/202 1472/1447/201 

f 1150/1454/203 1149/1453/203 1474/1452/203 1473/1451/203 

f 1149/1458/204 1148/1457/205 1475/1456/205 1474/1455/204 

f 1148/1462/205 1147/1461/206 1476/1460/206 1475/1459/205 

f 1147/1466/207 1146/1465/207 1477/1464/207 1476/1463/207 

f 1146/1470/208 1145/1469/209 1478/1468/209 1477/1467/208 

f 1145/1474/209 1144/1473/210 1479/1472/210 1478/1471/209 

f 1144/1478/210 1143/1477/211 1480/1476/211 1479/1475/210 

f 1143/1482/212 1142/1481/213 1481/1480/213 1480/1479/212 

f 1142/1486/213 1141/1485/214 1482/1484/214 1481/1483/213 

f 1141/1490/214 1140/1489/215 1483/1488/215 1482/1487/214 

f 1140/1494/215 1139/1493/216 1484/1492/216 1483/1491/215 

f 1139/1498/216 1138/1497/217 1485/1496/217 1484/1495/216 

f 1138/1502/218 1137/1501/219 1486/1500/219 1485/1499/218 

f 1137/1506/219 1136/1505/220 1487/1504/220 1486/1503/219 

f 1136/1510/220 1135/1509/221 1488/1508/221 1487/1507/220 

f 1135/1514/222 1134/1513/223 1489/1512/223 1488/1511/222 

f 1134/1518/223 1133/1517/224 1490/1516/224 1489/1515/223 

f 1133/1522/224 1132/1521/225 1491/1520/225 1490/1519/224 

f 1132/1526/226 1131/1525/227 1492/1524/227 1491/1523/226 

f 1131/1530/227 1130/1529/228 1493/1528/228 1492/1527/227 

f 1130/1534/228 1129/1533/229 1494/1532/229 1493/1531/228 

f 1129/1538/229 1128/1537/230 1495/1536/230 1494/1535/229 

f 1128/1542/230 1127/1541/231 1496/1540/231 1495/1539/230 

f 1127/1546/231 1126/1545/232 1497/1544/232 1496/1543/231 

f 1126/1550/233 1125/1549/233 1498/1548/233 1497/1547/233 

f 1125/1554/234 1124/1553/235 1499/1552/235 1498/1551/234 

f 1124/1558/235 1123/1557/236 1500/1556/236 1499/1555/235 

f 1123/1562/237 1122/1561/237 1501/1560/237 1500/1559/237 

f 1122/1566/238 1121/1565/239 1502/1564/239 1501/1563/238 

f 1121/1570/239 1120/1569/240 1503/1568/240 1502/1567/239 

f 1120/1574/240 1119/1573/241 1504/1572/241 1503/1571/240 

f 1119/1578/241 1118/1577/242 1505/1576/242 1504/1575/241 

f 1118/1582/242 1117/1581/243 1506/1580/243 1505/1579/242 

f 1117/1586/244 1116/1585/244 1507/1584/244 1506/1583/244 

f 1116/1590/245 1115/1589/246 1508/1588/246 1507/1587/245 

f 1115/1594/246 1114/1593/247 1509/1592/247 1508/1591/246 

f 1114/1598/247 1113/1597/248 1510/1596/248 1509/1595/247 

f 1113/1602/249 1112/1601/250 1511/1600/250 1510/1599/249 

f 1112/1606/250 1111/1605/251 1512/1604/251 1511/1603/250 

f 1111/1610/251 1110/1609/252 1513/1608/252 1512/1607/251 

f 1110/1614/252 1109/1613/253 1514/1612/253 1513/1611/252 

f 1109/1618/253 1108/1617/254 1515/1616/254 1514/1615/253 

f 1108/1622/255 1107/1621/255 1516/1620/255 1515/1619/255 

f 1107/1626/256 1106/1625/257 1517/1624/257 1516/1623/256 

f 1106/1630/257 1105/1629/258 1518/1628/258 1517/1627/257 

f 1105/1634/258 1104/1633/259 1519/1632/259 1518/1631/258 

f 1104/1638/259 1103/1637/260 1520/1636/260 1519/1635/259 

f 1103/1642/260 1102/1641/261 1521/1640/261 1520/1639/260 

f 1102/1646/261 1101/1645/262 1522/1644/262 1521/1643/261 

f 1101/1650/262 1100/1649/263 1523/1648/263 1522/1647/262 

f 1100/1654/263 1099/1653/264 1524/1652/264 1523/1651/263 

f 1099/1658/265 1098/1657/265 1525/1656/265 1524/1655/265 

f 1098/1662/266 1097/1661/267 1526/1660/267 1525/1659/266 

f 1097/1666/267 1096/1665/268 1527/1664/268 1526/1663/267 

f 1096/1670/269 1095/1669/269 1528/1668/269 1527/1667/269 

f 1095/1674/270 1094/1673/271 1529/1672/271 1528/1671/270 

f 1094/1678/271 1093/1677/272 1530/1676/272 1529/1675/271 

f 1093/1682/273 1092/1681/274 1531/1680/274 1530/1679/273 

f 1092/1686/274 1091/1685/275 1532/1684/275 1531/1683/274 

f 1091/1690/275 1090/1689/276 1533/1688/276 1532/1687/275 

f 1090/1694/276 1089/1693/277 1534/1692/277 1533/1691/276 

f 1089/1698/278 1088/1697/279 1535/1696/279 1534/1695/278 

f 1088/1702/279 1087/1701/280 1536/1700/280 1535/1699/279 

f 1087/1706/281 1086/1705/281 1537/1704/281 1536/1703/281 

f 1086/1710/282 1085/1709/283 1538/1708/283 1537/1707/282 

f 1085/1714/283 1084/1713/284 1539/1712/284 1538/1711/283 

f 1084/1718/285 1083/1717/285 1540/1716/285 1539/1715/285 

f 1083/1722/286 1082/1721/286 1541/1720/286 1540/1719/286 

f 1082/1721/286 1081/1724/287 1542/1723/287 1541/1720/286 

f 1081/1728/287 1080/1727/288 1543/1726/288 1542/1725/287 

f 1080/1732/289 1079/1731/290 1544/1730/290 1543/1729/289 

f 1079/1736/290 1078/1735/291 1545/1734/291 1544/1733/290 

f 1078/1740/291 1077/1739/292 1546/1738/292 1545/1737/291 

f 1077/1744/293 1076/1743/294 1547/1742/294 1546/1741/293 

f 1076/1748/294 1075/1747/295 1548/1746/295 1547/1745/294 

f 1075/1752/296 1074/1751/296 1549/1750/296 1548/1749/296 

f 1074/1756/297 1073/1755/298 1550/1754/298 1549/1753/297 

f 1073/1760/298 1072/1759/299 1551/1758/299 1550/1757/298 

f 1072/1764/299 1071/1763/300 1552/1762/300 1551/1761/299 

f 1071/1768/301 1070/1767/302 1553/1766/302 1552/1765/301 

f 1070/1772/302 1069/1771/303 1554/1770/303 1553/1769/302 

f 1069/1776/304 1068/1775/304 1555/1774/304 1554/1773/304 

f 1068/1780/305 1067/1779/306 1556/1778/306 1555/1777/305 

f 1067/1784/306 1066/1783/307 1557/1782/307 1556/1781/306 

f 1066/1788/307 1065/1787/308 1558/1786/308 1557/1785/307 

f 1065/1792/309 1064/1791/310 1559/1790/310 1558/1789/309 

f 1064/1796/310 1063/1795/311 1560/1794/311 1559/1793/310 

f 1063/1800/312 1062/1799/312 1561/1798/312 1560/1797/312 

f 1062/1804/313 1061/1803/313 1562/1802/313 1561/1801/313 

f 1061/1808/314 1060/1807/315 1563/1806/315 1562/1805/314 

f 1060/1812/315 1059/1811/316 1564/1810/316 1563/1809/315 

f 1059/1816/317 1058/1815/318 1565/1814/318 1564/1813/317 

f 1058/1820/318 1057/1819/319 1566/1818/319 1565/1817/318 

f 1057/1824/320 1056/1823/320 1567/1822/320 1566/1821/320 

f 1056/1828/321 1055/1827/322 1568/1826/322 1567/1825/321 

f 1055/1832/322 1054/1831/323 1569/1830/323 1568/1829/322 

f 1054/1836/324 1053/1835/324 1570/1834/324 1569/1833/324 

f 1053/1840/325 1052/1839/325 1571/1838/325 1570/1837/325 

f 1052/1844/326 1051/1843/326 1572/1842/326 1571/1841/326 

f 1051/1848/327 1050/1847/327 1573/1846/327 1572/1845/327 

f 1050/1852/328 1049/1851/328 1574/1850/328 1573/1849/328 

f 1049/1856/329 1048/1855/330 1575/1854/330 1574/1853/329 

f 1048/1860/330 1047/1859/331 1576/1858/331 1575/1857/330 

f 1047/1864/331 1046/1863/332 1577/1862/332 1576/1861/331 

f 1046/1868/332 1045/1867/333 1578/1866/333 1577/1865/332 

f 1045/1872/333 1044/1871/334 1579/1870/334 1578/1869/333 

f 1044/1876/334 1043/1875/335 1580/1874/335 1579/1873/334 

f 1043/1880/335 1042/1879/336 1581/1878/336 1580/1877/335 

f 1042/1884/337 1041/1883/337 1582/1882/337 1581/1881/337 

f 1041/1888/338 1040/1887/339 1583/1886/339 1582/1885/338 

f 1040/1892/339 1039/1891/340 1584/1890/340 1583/1889/339 

f 1039/1896/340 1038/1895/341 1585/1894/341 1584/1893/340 

f 1038/1900/342 1037/1899/342 1586/1898/342 1585/1897/342 

f 1037/1904/343 1036/1903/343 1587/1902/343 1586/1901/343 

f 1036/1908/344 1035/1907/345 1588/1906/345 1587/1905/344 

f 1035/1912/345 1034/1911/346 1589/1910/346 1588/1909/345 

f 1034/1916/346 1033/1915/347 1590/1914/347 1589/1913/346 

f 1033/1920/348 1032/1919/348 1591/1918/348 1590/1917/348 

f 1032/1924/349 1031/1923/350 1592/1922/350 1591/1921/349 

f 1031/1928/350 1030/1927/351 1593/1926/351 1592/1925/350 

f 1030/1932/352 1029/1931/353 1594/1930/353 1593/1929/352 

f 1029/1936/353 1028/1935/354 1595/1934/354 1594/1933/353 

f 1028/1940/354 1027/1939/355 1596/1938/355 1595/1937/354 

f 1027/1944/356 1026/1943/356 1597/1942/356 1596/1941/356 

f 1026/1948/357 1025/1947/357 1598/1946/357 1597/1945/357 

f 1025/1952/358 1024/1951/358 1599/1950/358 1598/1949/358 

f 1024/1956/359 1023/1955/360 1600/1954/360 1599/1953/359 

f 1023/1960/360 1022/1959/361 1601/1958/361 1600/1957/360 

f 1022/1964/362 1021/1963/362 1602/1962/362 1601/1961/362 

f 1021/1968/363 1020/1967/364 1603/1966/364 1602/1965/363 

f 1020/1972/364 1019/1971/365 1604/1970/365 1603/1969/364 

f 1019/1976/365 1018/1975/366 1605/1974/366 1604/1973/365 

f 1018/1980/367 1017/1979/367 1606/1978/367 1605/1977/367 

f 1017/1984/368 1016/1983/369 1607/1982/369 1606/1981/368 

f 1016/1988/369 1015/1987/370 1608/1986/370 1607/1985/369 

f 1015/1992/370 1014/1991/371 1609/1990/371 1608/1989/370 

f 1014/1996/371 1013/1995/372 1610/1994/372 1609/1993/371 

f 1013/2000/372 1012/1999/373 1611/1998/373 1610/1997/372 

f 1012/2004/373 1011/2003/374 1612/2002/374 1611/2001/373 

f 1011/2008/375 1010/2007/376 1613/2006/376 1612/2005/375 

f 1010/2012/376 1009/2011/377 1614/2010/377 1613/2009/376 

f 1009/2016/378 1008/2015/378 1615/2014/378 1614/2013/378 

f 1008/2020/379 1007/2019/380 1616/2018/380 1615/2017/379 

f 1007/2024/380 1006/2023/381 1617/2022/381 1616/2021/380 

f 1006/2028/381 1005/2027/382 1618/2026/382 1617/2025/381 

f 1005/2032/383 1004/2031/383 1619/2030/383 1618/2029/383 

f 1004/2031/383 1003/2034/384 1620/2033/384 1619/2030/383 

f 1003/2038/384 1002/2037/385 1621/2036/385 1620/2035/384 

f 1002/2042/386 1001/2041/386 1622/2040/386 1621/2039/386 

f 1001/2041/386 1000/2044/386 1623/2043/386 1622/2040/386 

f 1000/2044/386 999/2046/387 1624/2045/387 1623/2043/386 

f 999/2050/387 998/2049/388 1625/2048/388 1624/2047/387 

f 998/2054/389 997/2053/390 1626/2052/390 1625/2051/389 

f 997/2058/390 996/2057/391 1627/2056/391 1626/2055/390 

v 4.11755 2.96481 -186.942
v 2.68373 2.96481 -185.548
f 996/2062/392 1715/2061/392 1716/2060/392 1627/2059/392 

v 41.1324 17.551 -148.879
v 41.1971 15.4346 -148.812
v 38.2258 14.2255 -151.868
v 33.0288 12.1819 -157.212
v 30.13 11.0499 -160.193
v 24.3994 8.3755 -166.086
v 12.9477 3.07738 -177.862
v 5.99758 6.21725e-15 -185.009
v 5.44663 0.0776889 -185.576
v 5.10503 0.283561 -185.927
v 4.97825 0.407677 -186.057
v 4.74333 0.944063 -186.299
v 4.28294 2.05501 -186.772
v 4.06647 2.76119 -186.995
f 996/783/3 995/784/3 994/785/3 993/786/3 992/787/3 991/788/3 990/789/3 989/790/3 988/791/3 987/792/3 986/793/3 985/794/3 984/795/3 983/796/3 982/797/3 981/798/3 980/799/3 979/800/3 978/801/3 977/802/3 976/803/3 975/804/3 974/805/3 973/806/3 972/807/3 971/808/3 1717/2235/3 1718/2066/3 1719/2234/3 1720/2233/3 1721/2232/3 1722/2231/3 1723/2230/3 1724/2229/3 1725/2228/3 1726/2227/3 1727/2226/3 1728/2225/3 1729/2224/3 1730/2223/3 1715/2222/3 

f 995/2221/427 996/2220/428 1627/2219/428 1628/2218/427 

v 2.84912 2.05501 -185.378
v 3.30951 0.944063 -184.904
v 3.54443 0.407677 -184.663
v 3.67121 0.283561 -184.532
v 4.01281 0.0776889 -184.181
v 4.56376 5.55112e-15 -183.615
v 11.5139 3.07738 -176.468
v 22.9656 8.3755 -164.692
v 28.6962 11.0499 -158.799
v 31.595 12.1819 -155.818
v 36.792 14.2255 -150.474
v 39.7633 15.4346 -147.418
v 39.6986 17.551 -147.485
v 2.63265 2.76119 -185.6
f 1731/2077/22 1732/2076/22 1733/2075/22 1734/2074/22 1735/2073/22 1736/2072/22 1737/2071/22 1738/2070/22 1739/2069/22 1740/2068/22 1741/2067/22 1742/2066/22 1743/2065/22 1652/71/22 1651/72/22 1650/73/22 1649/74/22 1648/75/22 1647/76/22 1646/77/22 1645/78/22 1644/79/22 1643/80/22 1642/81/22 1641/82/22 1640/83/22 1639/84/22 1638/85/22 1637/86/22 1636/87/22 1635/88/22 1634/89/22 1633/90/22 1632/91/22 1631/92/22 1630/93/22 1629/94/22 1628/95/22 1627/96/22 1716/2064/22 1744/2063/22 

f 1729/2089/395 1728/2088/396 1732/2087/396 1731/2086/395 

f 1728/2093/396 1727/2092/397 1733/2091/397 1732/2090/396 

f 1727/2097/398 1726/2096/399 1734/2095/399 1733/2094/398 

f 1726/2101/399 1725/2100/400 1735/2099/400 1734/2098/399 

f 1725/2105/400 1724/2104/401 1736/2103/401 1735/2102/400 

f 1724/2109/402 1723/2108/403 1737/2107/403 1736/2106/402 

f 1723/2113/403 1722/2112/404 1738/2111/404 1737/2110/403 

f 1722/2117/404 1721/2116/405 1739/2115/405 1738/2114/404 

f 1721/2121/405 1720/2120/406 1740/2119/406 1739/2118/405 

f 1720/2125/406 1719/2124/407 1741/2123/407 1740/2122/406 

f 1719/2129/407 1718/2128/408 1742/2127/408 1741/2126/407 

f 1718/2133/409 1717/2132/409 1743/2131/409 1742/2130/409 

f 1717/2132/409 971/2135/409 1652/2134/409 1743/2131/409 

f 971/2139/410 972/2138/410 1651/2137/410 1652/2136/410 

f 972/2138/410 973/2141/410 1650/2140/410 1651/2137/410 

f 973/2141/410 974/2143/410 1649/2142/410 1650/2140/410 

f 974/2143/410 975/2145/410 1648/2144/410 1649/2142/410 

f 975/2145/410 976/2147/410 1647/2146/410 1648/2144/410 

f 976/2147/410 977/2149/410 1646/2148/410 1647/2146/410 

f 977/2149/410 978/2151/410 1645/2150/410 1646/2148/410 

f 978/2151/410 979/2153/411 1644/2152/411 1645/2150/410 

f 979/2157/411 980/2156/412 1643/2155/412 1644/2154/411 

f 980/2161/412 981/2160/413 1642/2159/413 1643/2158/412 

f 981/2165/413 982/2164/414 1641/2163/414 1642/2162/413 

f 982/2169/414 983/2168/415 1640/2167/415 1641/2166/414 

f 983/2173/415 984/2172/416 1639/2171/416 1640/2170/415 

f 984/2177/416 985/2176/417 1638/2175/417 1639/2174/416 

f 985/2181/417 986/2180/418 1637/2179/418 1638/2178/417 

f 986/2185/418 987/2184/419 1636/2183/419 1637/2182/418 

f 987/2189/419 988/2188/420 1635/2187/420 1636/2186/419 

f 988/2193/420 989/2192/421 1634/2191/421 1635/2190/420 

f 989/2197/421 990/2196/422 1633/2195/422 1634/2194/421 

f 990/2201/422 991/2200/423 1632/2199/423 1633/2198/422 

f 991/2205/423 992/2204/424 1631/2203/424 1632/2202/423 

f 992/2209/424 993/2208/425 1630/2207/425 1631/2206/424 

f 993/2213/425 994/2212/426 1629/2211/426 1630/2210/425 

f 994/2217/426 995/2216/427 1628/2215/427 1629/2214/426 

f 971/2135/409 970/2237/429 1653/2236/429 1652/2134/409 

f 970/2241/429 969/2240/430 1654/2239/430 1653/2238/429 

f 969/2245/431 968/2244/432 1655/2243/432 1654/2242/431 

v 33.5209 18.1256 -156.706
v 35.2718 19.0989 -154.906
v 37.7152 20.447 -152.393
v 40.9888 22.2439 -149.027
v 40.9546 23.3626 -149.062
v 40.5964 23.165 -149.43
v 39.634 22.6341 -150.42
v 38.2358 21.8628 -151.858
v 36.57 20.944 -153.571
v 34.8051 19.9707 -155.386
v 33.1092 19.0356 -157.129
v 31.6509 18.2318 -158.629
v 30.7233 17.7251 -159.583
v 30.7224 17.6735 -159.584
v 30.7228 17.6164 -159.583
v 30.7252 17.5447 -159.581
v 30.7306 17.4635 -159.575
v 30.7402 17.3774 -159.566
v 30.755 17.2914 -159.55
v 30.776 17.2102 -159.529
v 30.8053 17.1367 -159.499
v 30.847 17.0623 -159.456
v 30.8979 16.988 -159.403
v 30.9534 16.9168 -159.346
v 31.0089 16.8518 -159.289
v 31.06 16.7959 -159.237
v 31.1021 16.7523 -159.193
v 31.5466 17.007 -158.736
v 32.3251 17.4531 -157.936
f 1745/2320/3 1746/2319/3 1747/2318/3 1748/2317/3 969/810/3 968/811/3 967/812/3 966/813/3 965/814/3 964/815/3 963/816/3 962/817/3 961/818/3 960/819/3 959/820/3 958/821/3 957/822/3 956/823/3 955/824/3 954/825/3 953/826/3 952/827/3 951/828/3 950/829/3 949/830/3 948/831/3 947/832/3 946/833/3 945/834/3 944/835/3 943/836/3 942/837/3 941/838/3 940/839/3 939/840/3 938/841/3 937/842/3 936/843/3 935/844/3 934/845/3 933/846/3 932/847/3 931/848/3 930/849/3 929/850/3 928/851/3 927/852/3 926/853/3 925/854/3 924/855/3 923/856/3 922/857/3 921/858/3 920/859/3 919/860/3 918/861/3 917/862/3 916/863/3 915/864/3 914/865/3 913/866/3 912/867/3 1749/2316/3 1750/2315/3 1751/2314/3 1752/2313/3 1753/2312/3 1754/2311/3 1755/2310/3 1756/2309/3 1757/2308/3 1758/2307/3 1759/2306/3 1760/2305/3 1761/2304/3 1762/2303/3 1763/2302/3 1764/2301/3 1765/2300/3 1766/2299/3 1767/2298/3 1768/2297/3 1769/2296/3 1770/2295/3 1771/2294/3 1772/2293/3 1773/2292/3 

v 33.838 19.0989 -153.511
v 32.0871 18.1256 -155.312
f 1745/2419/466 1746/2418/467 1774/2417/467 1775/2416/466 

v 40.9565 23.2973 -149.06
f 1748/2317/3 1747/2318/3 1746/2319/3 1745/2320/3 1773/2292/3 1772/2293/3 1771/2294/3 1770/2295/3 1769/2296/3 1768/2297/3 1767/2298/3 1766/2299/3 1765/2300/3 1764/2301/3 1763/2302/3 1762/2303/3 1761/2304/3 1760/2305/3 1759/2306/3 1758/2307/3 1757/2308/3 1756/2309/3 1755/2310/3 1754/2311/3 1753/2312/3 1752/2313/3 1751/2314/3 1750/2315/3 1749/2316/3 1776/2321/3 

v 39.555 22.2439 -147.632
v 36.2814 20.447 -150.999
f 1747/2427/468 1748/2426/469 1777/2425/469 1778/2424/468 

v 39.5227 23.2973 -147.666
f 1748/2431/470 1776/2430/433 1779/2429/433 1777/2428/470 

v 39.5208 23.3626 -147.668
f 1776/2279/433 1749/2278/434 1780/2277/434 1779/2276/433 

f 1749/2283/435 912/2282/435 1711/2281/435 1780/2280/435 

f 912/2287/436 913/2286/437 1710/2285/437 1711/2284/436 

f 914/2291/438 913/2290/437 1710/2289/437 1709/2288/438 

v 29.6683 16.7523 -157.799
v 29.6262 16.7959 -157.842
v 29.5751 16.8518 -157.895
v 29.5196 16.9168 -157.952
v 29.4641 16.988 -158.009
v 29.4132 17.0623 -158.061
v 29.3715 17.1367 -158.104
v 29.3422 17.2102 -158.134
v 29.3212 17.2914 -158.156
v 29.3064 17.3774 -158.171
v 29.2968 17.4635 -158.181
v 29.2913 17.5447 -158.187
v 29.2889 17.6164 -158.189
v 29.2885 17.6735 -158.19
v 29.2895 17.7251 -158.189
v 30.217 18.2318 -157.235
v 31.6754 19.0356 -155.735
v 33.3712 19.9707 -153.991
v 35.1362 20.944 -152.176
v 36.802 21.8628 -150.463
v 38.2002 22.6341 -149.026
v 39.1626 23.165 -148.036
v 30.8913 17.4531 -156.541
v 30.1128 17.007 -157.342
f 1781/2274/22 1782/2273/22 1783/2272/22 1784/2271/22 1785/2270/22 1786/2269/22 1787/2268/22 1788/2267/22 1789/2266/22 1790/2265/22 1791/2264/22 1792/2263/22 1793/2262/22 1794/2261/22 1795/2260/22 1796/2259/22 1797/2258/22 1798/2257/22 1799/2256/22 1800/2255/22 1801/2254/22 1802/2253/22 1780/2252/22 1711/12/22 1710/13/22 1709/14/22 1708/15/22 1707/16/22 1706/17/22 1705/18/22 1704/19/22 1703/20/22 1702/21/22 1701/22/22 1700/23/22 1699/24/22 1698/25/22 1697/26/22 1696/27/22 1695/28/22 1694/29/22 1693/30/22 1692/31/22 1691/32/22 1690/33/22 1689/34/22 1688/35/22 1687/36/22 1686/37/22 1685/38/22 1684/39/22 1683/40/22 1682/41/22 1681/42/22 1680/43/22 1679/44/22 1678/45/22 1677/46/22 1676/47/22 1675/48/22 1674/49/22 1673/50/22 1672/51/22 1671/52/22 1670/53/22 1669/54/22 1668/55/22 1667/56/22 1666/57/22 1665/58/22 1664/59/22 1663/60/22 1662/61/22 1661/62/22 1660/63/22 1659/64/22 1658/65/22 1657/66/22 1656/67/22 1655/68/22 1654/69/22 1777/2251/22 1778/2250/22 1774/2249/22 1775/2248/22 1803/2247/22 1804/2246/22 

f 1802/2253/22 1801/2254/22 1800/2255/22 1799/2256/22 1798/2257/22 1797/2258/22 1796/2259/22 1795/2260/22 1794/2261/22 1793/2262/22 1792/2263/22 1791/2264/22 1790/2265/22 1789/2266/22 1788/2267/22 1787/2268/22 1786/2269/22 1785/2270/22 1784/2271/22 1783/2272/22 1782/2273/22 1781/2274/22 1804/2246/22 1803/2247/22 1775/2248/22 1774/2249/22 1778/2250/22 1777/2251/22 1779/2275/22 1780/2252/22 

f 1750/2324/440 1751/2327/441 1801/2326/441 1802/2323/440 

f 1751/2327/441 1752/2329/442 1800/2328/442 1801/2326/441 

f 1752/2333/442 1753/2332/443 1799/2331/443 1800/2330/442 

f 1753/2332/443 1754/2335/444 1798/2334/444 1799/2331/443 

f 1754/2339/444 1755/2338/445 1797/2337/445 1798/2336/444 

f 1755/2343/445 1756/2342/446 1796/2341/446 1797/2340/445 

f 1757/2347/447 1756/2346/446 1796/2345/446 1795/2344/447 

f 1794/2351/449 1758/2350/449 1757/2349/448 1795/2348/448 

f 1758/2355/449 1759/2354/450 1793/2353/450 1794/2352/449 

f 1759/2359/450 1760/2358/451 1792/2357/451 1793/2356/450 

f 1760/2363/451 1761/2362/452 1791/2361/452 1792/2360/451 

f 1761/2367/452 1762/2366/453 1790/2365/453 1791/2364/452 

f 1762/2371/453 1763/2370/454 1789/2369/454 1790/2368/453 

f 1763/2375/454 1764/2374/455 1788/2373/455 1789/2372/454 

f 1764/2379/455 1765/2378/456 1787/2377/456 1788/2376/455 

f 1765/2383/456 1766/2382/457 1786/2381/457 1787/2380/456 

f 1766/2387/457 1767/2386/458 1785/2385/458 1786/2384/457 

f 1767/2391/458 1768/2390/459 1784/2389/459 1785/2388/458 

f 1768/2395/459 1769/2394/460 1783/2393/460 1784/2392/459 

f 1769/2399/460 1770/2398/461 1782/2397/461 1783/2396/460 

f 1771/2403/462 1770/2402/461 1782/2401/461 1781/2400/462 

f 1772/2407/463 1771/2406/464 1781/2405/464 1804/2404/463 

f 1772/2411/463 1773/2410/465 1803/2409/465 1804/2408/463 

f 1773/2415/465 1745/2414/466 1775/2413/466 1803/2412/465 

f 1749/2325/439 1750/2324/440 1802/2323/440 1780/2322/439 

f 1746/2423/467 1747/2422/468 1778/2421/468 1774/2420/467 

f 915/2439/472 914/2438/438 1709/2437/438 1708/2436/472 

f 916/2443/473 915/2442/472 1708/2441/472 1707/2440/473 

f 917/2447/474 916/2446/473 1707/2445/473 1706/2444/474 

f 918/2451/475 917/2450/474 1706/2449/474 1705/2448/475 

f 919/2455/476 918/2454/475 1705/2453/475 1704/2452/476 

f 920/2459/477 919/2458/476 1704/2457/476 1703/2456/477 

f 921/2463/478 920/2462/477 1703/2461/477 1702/2460/478 

f 922/2467/479 921/2466/478 1702/2465/478 1701/2464/479 

f 923/2471/480 922/2470/479 1701/2469/479 1700/2468/480 

f 924/2475/481 923/2474/480 1700/2473/480 1699/2472/481 

f 925/2479/482 924/2478/481 1699/2477/481 1698/2476/482 

f 1698/2483/483 925/2482/483 926/2481/483 1697/2480/483 

f 926/2487/484 927/2486/485 1696/2485/485 1697/2484/484 

f 928/2491/486 927/2490/485 1696/2489/485 1695/2488/486 

f 929/2495/487 928/2494/486 1695/2493/486 1694/2492/487 

f 930/2499/488 929/2498/487 1694/2497/487 1693/2496/488 

f 930/2503/488 931/2502/489 1692/2501/489 1693/2500/488 

f 931/2507/490 932/2506/490 1691/2505/490 1692/2504/490 

f 933/2511/491 932/2510/492 1691/2509/492 1690/2508/491 

f 934/2515/493 933/2514/491 1690/2513/491 1689/2512/493 

f 935/2519/494 934/2518/493 1689/2517/493 1688/2516/494 

f 936/2523/495 935/2522/494 1688/2521/494 1687/2520/495 

f 937/2527/496 936/2526/495 1687/2525/495 1686/2524/496 

f 938/2531/497 937/2530/496 1686/2529/496 1685/2528/497 

f 939/2535/498 938/2534/497 1685/2533/497 1684/2532/498 

f 940/2539/499 939/2538/498 1684/2537/498 1683/2536/499 

f 941/2543/500 940/2542/499 1683/2541/499 1682/2540/500 

f 942/2547/501 941/2546/500 1682/2545/500 1681/2544/501 

f 943/2551/502 942/2550/501 1681/2549/501 1680/2548/502 

f 944/2555/503 943/2554/502 1680/2553/502 1679/2552/503 

f 945/2559/504 944/2558/503 1679/2557/503 1678/2556/504 

f 946/2563/505 945/2562/504 1678/2561/504 1677/2560/505 

f 947/2567/506 946/2566/507 1677/2565/507 1676/2564/506 

f 948/2571/508 947/2570/506 1676/2569/506 1675/2568/508 

f 949/2575/509 948/2574/508 1675/2573/508 1674/2572/509 

f 950/2579/510 949/2578/509 1674/2577/509 1673/2576/510 

f 951/2583/511 950/2582/510 1673/2581/510 1672/2580/511 

f 951/2587/511 952/2586/512 1671/2585/512 1672/2584/511 

f 952/2591/513 953/2590/514 1670/2589/514 1671/2588/513 

f 954/2595/515 953/2594/514 1670/2593/514 1669/2592/515 

f 955/2599/516 954/2598/515 1669/2597/515 1668/2596/516 

f 956/2603/517 955/2602/516 1668/2601/516 1667/2600/517 

f 957/2607/518 956/2606/517 1667/2605/517 1666/2604/518 

f 958/2611/519 957/2610/518 1666/2609/518 1665/2608/519 

f 959/2615/520 958/2614/519 1665/2613/519 1664/2612/520 

f 960/2619/521 959/2618/520 1664/2617/520 1663/2616/521 

f 961/2623/522 960/2622/521 1663/2621/521 1662/2620/522 

f 962/2627/523 961/2626/522 1662/2625/522 1661/2624/523 

f 963/2631/524 962/2630/523 1661/2629/523 1660/2628/524 

f 964/2635/525 963/2634/524 1660/2633/524 1659/2632/525 

f 965/2639/526 964/2638/525 1659/2637/525 1658/2636/526 

f 966/2643/527 965/2642/526 1658/2641/526 1657/2640/527 

f 967/2647/528 966/2646/527 1657/2645/527 1656/2644/528 

f 968/2651/432 967/2650/528 1656/2649/528 1655/2648/432 

f 969/2435/471 1748/2434/471 1777/2433/471 1654/2432/471 

f 912/2655/529 911/2654/529 1712/2653/529 1711/2652/529 

f 911/2659/530 910/2658/530 1713/2657/530 1712/2656/530 

f 910/2663/531 909/2662/532 1714/2661/532 1713/2660/531 

f 909/2667/532 908/2666/533 1312/2665/533 1714/2664/532 

f 1730/2085/394 1729/2084/395 1731/2083/395 1744/2082/394 

f 1715/2081/393 1730/2080/393 1744/2079/393 1716/2078/393 

g Mesh3 ___240_1 Model

v 233.136 18.7795 -43.219
vt -4.45632 0
vn 7.7282e-05 -0.899053 -0.43784
v 268.257 1.28876 -7.29758
vt -5.15835 0.399545
v 10.2102 1.26712 -7.29868
vt 0 0.399545
v 45.3974 18.7637 -43.2198
vt -0.703418 0
f 1805/2672/534 1806/2673/534 1807/2674/534 1808/2675/534 

vt 4.0054 0
vn 0.751073 0.289122 -0.593546
vt 2.94203 0
v 233.136 20.5776 -42.3433
vt 2.94203 0.02
v 268.256 3.08687 -6.4219
vt 4.0054 0.02
f 1806/2676/535 1805/2677/535 1809/2678/535 1810/2679/535 

vt 4.45632 0
vn -3.28958e-05 0.43784 -0.899053
vt 0.703418 0
v 45.3972 20.5619 -42.3441
vt 0.703418 0.02
vt 4.45632 0.02
f 1805/2680/536 1808/2681/536 1811/2682/536 1809/2683/536 

vt 0.46491 0
vn -0.75047 0.289318 -0.594214
vt -0.599376 0
v 10.21 3.06522 -6.423
vt -0.599376 0.02
vt 0.46491 0.02
f 1808/2684/537 1807/2685/537 1812/2686/537 1811/2687/537 

vt 0 0
vn 3.28958e-05 -0.43784 0.899053
vt -5.15835 0
vt -5.15835 0.02
vt 0 0.02
f 1807/2688/538 1806/2689/538 1810/2690/538 1812/2691/538 

vt 5.15835 0.399545
vn -7.7282e-05 0.899053 0.43784
f 1810/2692/539 1809/2680/539 1811/2681/539 1812/2674/539 

g Mesh4 ___222_1 ___223_1 Model

v 39.4653 23.1918 -41.9217
vn -1 0 -0
v 39.4653 23.1918 -148.914
vt -2.13877 0.02
v 39.4653 21.1918 -148.914
vt -2.13877 0
v 39.4653 21.1918 -41.9217
f 1813/2691/540 1814/2693/540 1815/2694/540 1816/2688/540 

vt -1.434 1.06992
vn 0 1 -0
vt -1.434 0
v 238.053 23.1918 -41.9217
vt 2.53578 0
v 238.053 23.1918 -148.914
vt 2.53578 1.06992
f 1814/2695/541 1813/2696/541 1817/2697/541 1818/2698/541 

vt 2.53578 0.02
vn 0 0 1
vt -1.434 0.02
v 238.053 21.1918 -41.9217
f 1817/2699/542 1813/2700/542 1816/2696/542 1819/2697/542 

vt 1.434 0
vn 0 -1 -0
vt 1.434 1.06992
v 238.053 21.1918 -148.914
vt -2.53578 1.06992
vt -2.53578 0
f 1816/2701/543 1815/2702/543 1820/2703/543 1819/2704/543 

vt 1.434 0.02
vn 0 0 -1
vt -2.53578 0.02
f 1814/2705/544 1818/2706/544 1820/2704/544 1815/2701/544 

vt 2.13877 0.02
vn 1 0 -0
vt 2.13877 0
f 1818/2707/545 1817/2691/545 1819/2688/545 1820/2708/545 

g Mesh5 ___242_1 Model

v 4.55334 4.01245 -182.401
vt 2.36592 0.02
vn 0.618488 0.285685 -0.732022
v 40.8219 20.7652 -145.22
vt 1.27495 0.02
v 41.6606 18.9496 -145.22
vt 1.27495 0
v 5.39201 2.19678 -182.401
vt 2.36592 0
f 1821/2709/546 1822/2710/546 1823/2711/546 1824/2712/546 

vt 7.37891e-05 1.73728
vn -0.419336 0.907831 -2.5582e-17
v 4.55334 4.01245 -8.67295
vt 7.37891e-05 0
v 40.8219 20.7652 -45.8536
vt 0.79869 0.371806
vt 0.79869 1.36547
f 1821/2713/547 1825/2714/547 1826/2715/547 1822/2716/547 

vn -0.907831 -0.419336 -1.16389e-16
vt -3.47283 0.02
vt -3.47283 0
v 5.39201 2.19678 -8.67295
f 1825/2691/548 1821/2717/548 1824/2718/548 1827/2688/548 

vt -7.37891e-05 0
vn 0.419336 -0.907831 2.5582e-17
vt -7.37891e-05 1.73728
vt -0.79869 1.36547
v 41.6606 18.9496 -45.8536
vt -0.79869 0.371806
f 1827/2719/549 1824/2720/549 1823/2721/549 1828/2722/549 

vt 2.72957 0.02
vn 0.907831 0.419336 1.16389e-16
vt 0.743241 0.02
vt 0.743241 0
vt 2.72957 0
f 1822/2723/550 1826/2724/550 1828/2725/550 1823/2726/550 

vt 1.09101 0.02
vn 0.61848 0.285682 0.73203
vt 5.40158e-05 0.02
vt 5.40158e-05 0
vt 1.09101 0
f 1826/2727/551 1825/2728/551 1827/2729/551 1828/2730/551 

g Mesh6 ___242_2 Model

v 271.977 2.19678 -182.401
vn -0.618488 0.285685 -0.732022
v 235.709 18.9496 -145.22
v 236.547 20.7652 -145.22
v 272.816 4.01245 -182.401
f 1829/2712/552 1830/2711/552 1831/2710/552 1832/2709/552 

v 235.709 18.9496 -45.8536
vn -0.419336 -0.907831 3.04916e-16
v 271.977 2.19678 -8.67295
f 1833/2722/553 1830/2721/553 1829/2720/553 1834/2719/553 

vn -0.907831 0.419336 7.21126e-16
v 236.547 20.7652 -45.8536
f 1830/2726/554 1833/2725/554 1835/2724/554 1831/2723/554 

vn -0.61848 0.285682 0.73203
v 272.816 4.01245 -8.67295
f 1833/2730/555 1834/2729/555 1836/2728/555 1835/2727/555 

vn 0.907831 -0.419336 -7.21126e-16
f 1834/2688/556 1829/2718/556 1832/2717/556 1836/2691/556 

vn 0.419336 0.907831 -3.04916e-16
f 1831/2716/557 1835/2715/557 1836/2714/557 1832/2713/557 

g Mesh7 ___246_3 ___248_2 Model

v 253.336 21.325 -166.213
vn -0.0709524 0.994808 0.0729619
v 253.584 21.3614 -166.468
vn -0.0713793 0.994745 0.073401
v 252.15 21.3614 -167.862
v 251.902 21.325 -167.607
f 1837/4/558 1838/3/559 1839/2/559 1840/1/558 

v 244.082 21.3793 -156.697
vn 0.716911 4.36997e-17 0.697165
v 240.097 23.3679 -152.599
v 237.924 24.4525 -150.364
v 237.34 24.4812 -149.763
v 236.867 24.0531 -149.278
v 236.77 23.705 -149.177
v 236.985 23.5879 -149.398
v 237.834 23.1251 -150.271
v 239.072 22.449 -151.545
v 240.555 21.6376 -153.069
v 242.138 20.7689 -154.697
v 243.676 19.9209 -156.279
v 245.026 19.1716 -157.667
v 246.042 18.5988 -158.712
v 246.671 18.2347 -159.359
v 247.354 17.8611 -160.062
v 248.124 17.4585 -160.853
v 248.926 17.0512 -161.678
v 249.095 16.9752 -161.852
v 249.123 16.9874 -161.881
v 249.704 16.6635 -162.478
v 250.405 16.3197 -163.199
v 250.974 16.044 -163.784
v 251.355 15.8608 -164.176
v 251.494 15.7944 -164.319
v 251.457 15.7671 -164.28
v 251.405 15.6669 -164.228
v 251.371 15.5652 -164.192
v 251.353 15.4628 -164.173
v 251.349 15.3606 -164.17
v 251.36 15.2594 -164.18
v 251.382 15.16 -164.204
v 251.413 15.0602 -164.235
v 251.431 14.9499 -164.254
v 251.436 14.8336 -164.259
v 251.43 14.7178 -164.253
v 251.414 14.6092 -164.237
v 251.39 14.5142 -164.212
v 251.36 14.4394 -164.181
v 251.325 14.3913 -164.145
v 251.283 14.3719 -164.101
v 251.209 14.3495 -164.026
v 251.107 14.3157 -163.921
v 250.987 14.2696 -163.797
v 250.858 14.2104 -163.664
v 250.734 14.152 -163.537
v 250.654 14.1837 -163.455
v 250.465 14.2721 -163.26
v 250.179 14.4106 -162.967
v 249.811 14.593 -162.588
v 249.372 14.8128 -162.137
v 248.877 15.0637 -161.628
v 248.339 15.3393 -161.074
v 247.77 15.6332 -160.489
v 247.158 15.9542 -159.859
v 246.595 16.264 -159.281
v 246.042 16.5824 -158.713
v 245.387 16.9653 -158.038
v 244.515 17.4688 -157.142
v 243.314 18.1491 -155.907
v 241.672 19.0622 -154.218
v 239.475 20.2641 -151.959
v 236.61 21.8109 -149.013
v 236.595 21.3189 -148.998
v 236.541 19.5466 -148.942
v 236.92 19.3316 -149.332
v 237.927 18.7613 -150.368
v 239.363 17.948 -151.845
v 241.031 17.0039 -153.559
v 242.731 16.041 -155.307
v 244.266 15.1716 -156.886
v 245.438 14.5079 -158.091
v 246.049 14.162 -158.719
v 246.376 14.011 -159.056
v 247.724 13.4115 -160.442
v 249.923 12.4351 -162.703
v 252.681 11.2128 -165.539
v 255.706 9.87512 -168.65
v 258.709 8.55301 -171.738
v 261.396 7.37723 -174.501
v 263.478 6.47856 -176.642
v 264.74 5.95688 -177.94
v 265.969 5.50929 -179.204
v 267.363 5.0439 -180.637
v 268.82 4.5846 -182.135
v 270.239 4.15526 -183.595
v 271.52 3.77976 -184.912
v 272.56 3.48198 -185.981
v 273.258 3.2858 -186.699
v 273.513 3.21511 -186.962
v 273.52 3.2719 -186.969
v 273.55 3.4458 -186.999
v 273.719 3.58885 -187.173
v 273.795 3.65285 -187.252
v 274.314 4.08772 -187.785
v 274.63 4.35295 -188.11
v 274.634 4.57962 -188.114
v 274.638 5.06168 -188.118
v 274.641 5.35953 -188.121
v 274.813 5.52721 -188.298
v 275.203 5.99085 -188.7
v 275.491 6.59404 -188.995
v 275.417 7.16697 -188.92
v 275.131 7.58404 -188.626
v 274.939 7.76408 -188.427
v 275.039 7.9384 -188.53
v 275.308 8.45569 -188.807
v 275.598 9.17764 -189.105
v 275.748 9.84977 -189.259
v 275.748 10.2922 -189.26
v 275.713 10.5877 -189.223
v 275.756 10.8098 -189.267
v 275.891 10.9851 -189.407
v 276.07 11.1319 -189.591
v 276.178 11.3086 -189.702
v 276.137 11.538 -189.66
v 276.02 11.7329 -189.539
v 275.943 11.8656 -189.46
v 275.932 12.0146 -189.449
v 275.862 12.2039 -189.377
v 275.711 12.3226 -189.222
v 275.557 12.2415 -189.064
v 275.32 12.1223 -188.82
v 275.025 11.9561 -188.516
v 274.825 11.6417 -188.311
v 274.714 11.4236 -188.197
v 274.66 11.4489 -188.141
v 274.61 11.6818 -188.09
v 274.554 12.2029 -188.032
v 274.428 12.8099 -187.902
v 274.211 13.0751 -187.679
v 274.058 13.1357 -187.522
v 273.996 13.1025 -187.458
v 273.865 12.9751 -187.323
v 273.721 12.772 -187.175
v 273.647 12.5461 -187.1
v 273.648 12.3508 -187.101
v 273.606 12.1464 -187.057
v 273.49 11.8957 -186.938
v 273.389 11.611 -186.833
v 273.223 11.3312 -186.663
v 272.99 11.1158 -186.423
v 272.814 11.0198 -186.243
v 272.69 11.0299 -186.115
v 272.589 11.1627 -186.011
v 272.511 11.4469 -185.931
v 272.533 11.8188 -185.954
v 272.698 12.1294 -186.124
v 272.908 12.2521 -186.34
v 273.077 12.3577 -186.513
v 273.136 12.5665 -186.573
v 273.124 12.786 -186.561
v 273.128 12.9393 -186.565
v 273.219 13.0322 -186.659
v 273.344 13.206 -186.787
v 273.388 13.4385 -186.833
v 273.222 13.6308 -186.662
v 272.854 13.6784 -186.283
v 272.484 13.7351 -185.903
v 272.213 13.9601 -185.625
v 271.938 14.2829 -185.342
v 271.787 14.4283 -185.187
v 271.779 14.2604 -185.178
v 271.696 14.0657 -185.093
v 271.623 13.9478 -185.018
v 271.57 13.9168 -184.964
v 271.394 13.7965 -184.782
v 271.178 13.5597 -184.561
v 271.037 13.1854 -184.416
v 271.002 12.7397 -184.379
v 270.954 12.4018 -184.33
v 270.812 12.2749 -184.184
v 270.67 12.2128 -184.038
v 270.586 12.1901 -183.951
v 270.605 12.1057 -183.971
v 270.691 11.8188 -184.059
v 270.762 11.5824 -184.132
v 270.736 11.5518 -184.106
v 270.62 11.4926 -183.987
v 270.507 11.3727 -183.87
v 270.49 11.1568 -183.853
v 270.568 10.8482 -183.932
v 270.643 10.6306 -184.01
v 270.579 10.6474 -183.944
v 270.285 10.8039 -183.642
v 269.931 11.0208 -183.278
v 269.691 11.3039 -183.031
v 269.591 11.7436 -182.928
v 269.571 12.0678 -182.907
v 269.599 12.0886 -182.937
v 269.714 12.0516 -183.055
v 269.828 12.0255 -183.172
v 269.885 12.088 -183.231
v 269.964 12.3685 -183.312
v 270.019 12.8291 -183.368
v 269.984 13.4074 -183.332
v 269.829 13.9714 -183.173
v 269.611 14.3723 -182.949
v 269.394 14.5702 -182.726
v 269.228 14.8267 -182.555
v 269.14 15.018 -182.464
v 269.123 15.0306 -182.447
v 269.08 14.9796 -182.402
v 269.015 14.883 -182.336
v 268.908 14.7306 -182.226
v 268.672 14.4866 -181.984
v 268.427 14.1625 -181.732
v 268.3 13.7679 -181.601
v 268.268 13.326 -181.567
v 268.204 12.9347 -181.502
v 268.032 12.7052 -181.325
v 267.889 12.6627 -181.178
v 267.737 12.6526 -181.022
v 267.537 12.5616 -180.817
v 267.363 12.5023 -180.638
v 267.268 12.4273 -180.54
v 267.287 12.2994 -180.559
v 267.365 12.232 -180.639
v 267.415 12.2025 -180.69
v 267.383 12.1649 -180.657
v 267.369 12.0855 -180.643
v 267.372 11.9632 -180.646
v 267.378 11.8012 -180.653
v 267.396 11.5969 -180.672
v 267.414 11.3162 -180.69
v 267.346 10.9372 -180.62
v 266.961 10.5614 -180.224
v 266.544 10.3118 -179.795
v 266.397 10.2906 -179.644
v 266.443 10.4558 -179.691
v 266.586 10.7176 -179.839
v 266.732 10.9936 -179.989
v 266.753 11.2385 -180.01
v 266.722 11.4356 -179.978
v 266.739 11.6287 -179.996
v 266.82 12.0526 -180.079
v 266.842 12.5028 -180.102
v 266.704 12.7684 -179.96
v 266.531 13.0334 -179.781
v 266.412 13.3399 -179.659
v 266.435 13.6385 -179.683
v 266.678 13.7276 -179.932
v 266.958 13.7432 -180.22
v 267.089 13.857 -180.356
v 267.13 14.0348 -180.398
v 267.135 14.1719 -180.402
v 267.158 14.1955 -180.427
v 267.318 14.2305 -180.591
v 267.499 14.3933 -180.777
v 267.533 14.7323 -180.812
v 267.283 14.985 -180.555
v 266.923 15.1257 -180.184
v 266.649 15.2076 -179.903
v 266.469 15.3666 -179.717
v 266.327 15.6082 -179.572
v 266.179 15.8811 -179.42
v 265.988 15.9714 -179.224
v 265.758 15.9012 -178.987
v 265.495 15.7567 -178.716
v 265.222 15.6641 -178.435
v 265.028 15.5827 -178.236
v 264.996 15.4477 -178.204
v 265.047 15.2786 -178.256
v 265.104 15.1515 -178.315
v 265.108 15.1145 -178.318
v 265.042 15.004 -178.251
v 264.996 14.8242 -178.204
v 265.049 14.6347 -178.257
v 265.093 14.4964 -178.303
v 265.085 14.3858 -178.294
v 265.027 14.2471 -178.235
v 265.011 13.9438 -178.218
v 264.988 13.6075 -178.195
v 264.882 13.4111 -178.086
v 264.716 13.3581 -177.915
v 264.559 13.4377 -177.753
v 264.462 13.6379 -177.654
v 264.347 13.7529 -177.536
v 264.22 13.7488 -177.406
v 264.11 13.6394 -177.292
v 263.991 13.4187 -177.169
v 263.899 13.2977 -177.075
v 263.87 13.5054 -177.045
v 263.744 13.907 -176.916
v 263.644 14.3104 -176.812
v 263.748 14.5693 -176.92
v 263.913 14.6358 -177.09
v 264.044 14.6715 -177.224
v 264.107 14.8397 -177.289
v 264.106 15.023 -177.288
v 264.118 15.2082 -177.3
v 264.215 15.4459 -177.4
v 264.31 15.7197 -177.498
v 264.282 15.9971 -177.469
v 264.038 16.2467 -177.218
v 263.659 16.3682 -176.828
v 263.343 16.3931 -176.503
v 263.241 16.4176 -176.398
v 262.965 16.7288 -176.115
v 262.631 17.1064 -175.771
v 262.531 17.188 -175.669
v 262.496 16.8409 -175.632
v 262.452 16.4155 -175.587
v 262.439 16.2892 -175.574
v 262.423 16.2524 -175.557
v 262.35 16.0843 -175.482
v 262.186 15.6969 -175.313
v 262.05 15.254 -175.174
v 261.959 14.9159 -175.08
v 261.87 14.7914 -174.989
v 261.749 14.9702 -174.865
v 261.615 15.2639 -174.726
v 261.493 15.4299 -174.601
v 261.391 15.395 -174.497
v 261.312 15.1647 -174.415
v 261.267 14.7358 -174.368
v 261.36 14.3505 -174.465
v 261.529 14.1035 -174.638
v 261.646 13.9839 -174.758
v 261.587 13.8288 -174.698
v 261.413 13.6456 -174.519
v 261.215 13.5258 -174.315
v 260.896 13.5711 -173.987
v 260.551 13.7472 -173.633
v 260.37 13.9768 -173.446
v 260.385 14.1324 -173.461
v 260.509 14.3189 -173.589
v 260.666 14.6994 -173.75
v 260.701 15.0426 -173.786
v 260.619 15.3579 -173.702
v 260.494 15.8299 -173.573
v 260.449 16.4065 -173.527
v 260.502 16.9267 -173.582
v 260.625 17.2808 -173.708
v 260.738 17.5865 -173.825
v 260.806 17.8339 -173.895
v 260.818 17.9061 -173.907
v 260.638 17.8189 -173.722
v 260.272 17.7268 -173.346
v 259.811 17.7807 -172.871
v 259.483 18.0622 -172.534
v 259.333 18.3797 -172.379
v 259.304 18.4236 -172.35
v 259.312 18.0555 -172.358
v 259.328 17.1601 -172.375
v 259.227 16.3854 -172.271
v 258.946 15.9495 -171.982
v 258.496 15.6154 -171.519
v 258.12 15.7309 -171.133
v 257.855 16.2397 -170.86
v 257.578 16.7289 -170.575
v 257.122 17.1326 -170.106
v 256.589 17.5023 -169.558
v 256.187 17.7825 -169.145
v 256.08 18.0035 -169.034
v 256.177 18.2025 -169.135
v 256.332 18.3806 -169.294
v 256.61 18.5282 -169.579
v 256.862 18.6778 -169.839
v 256.777 18.8839 -169.752
v 256.72 19.2983 -169.693
v 256.892 19.8076 -169.87
v 257.116 20.1637 -170.1
v 257.444 20.4139 -170.437
v 257.727 20.6373 -170.729
v 257.631 20.7739 -170.63
v 257.218 20.6828 -170.205
v 256.791 20.4595 -169.765
v 256.533 20.3285 -169.5
v 256.56 20.5327 -169.528
v 256.722 20.8903 -169.694
v 256.805 21.0552 -169.78
v 256.698 21.0366 -169.67
v 256.365 20.8824 -169.327
v 255.746 20.4469 -168.691
v 255.164 19.4414 -168.093
v 254.785 18.3363 -167.703
v 254.482 17.9794 -167.391
v 254.266 18.292 -167.169
v 254.157 18.7305 -167.058
v 254.093 19.1559 -166.991
v 253.937 19.5308 -166.831
v 253.704 19.8645 -166.591
v 253.512 20.1189 -166.394
v 253.507 20.561 -166.389
v 253.624 21.1213 -166.509
v 253.626 21.1752 -166.512
v 253.643 21.1993 -166.529
v 253.678 21.3754 -166.565
v 253.069 21.4532 -165.939
v 252.83 21.6092 -165.693
v 252.462 21.3612 -165.315
v 252.135 20.6235 -164.978
v 252.012 19.8671 -164.851
v 251.993 19.5321 -164.832
v 251.937 19.5107 -164.774
v 251.776 19.3775 -164.609
v 251.514 19.029 -164.339
v 251.368 18.3897 -164.189
v 251.415 17.7201 -164.237
v 251.47 17.4139 -164.294
v 250.096 18.1726 -162.881
v 247.576 19.5638 -160.29
v 246.223 20.3111 -158.898
f 1841/872/560 1842/871/560 1843/870/560 1844/869/560 1845/868/560 1846/867/560 1847/866/560 1848/865/560 1849/864/560 1850/863/560 1851/862/560 1852/861/560 1853/860/560 1854/859/560 1855/858/560 1856/857/560 1857/856/560 1858/855/560 1859/854/560 1860/853/560 1861/852/560 1862/851/560 1863/850/560 1864/849/560 1865/848/560 1866/847/560 1867/846/560 1868/845/560 1869/844/560 1870/843/560 1871/842/560 1872/841/560 1873/840/560 1874/839/560 1875/838/560 1876/837/560 1877/836/560 1878/835/560 1879/834/560 1880/833/560 1881/832/560 1882/831/560 1883/830/560 1884/829/560 1885/828/560 1886/827/560 1887/826/560 1888/825/560 1889/824/560 1890/823/560 1891/822/560 1892/821/560 1893/820/560 1894/819/560 1895/818/560 1896/817/560 1897/816/560 1898/815/560 1899/814/560 1900/813/560 1901/812/560 1902/811/560 1903/810/560 1904/809/560 1905/808/560 1906/807/560 1907/806/560 1908/805/560 1909/804/560 1910/803/560 1911/802/560 1912/801/560 1913/800/560 1914/799/560 1915/798/560 1916/797/560 1917/796/560 1918/795/560 1919/794/560 1920/793/560 1921/792/560 1922/791/560 1923/790/560 1924/789/560 1925/788/560 1926/787/560 1927/786/560 1928/785/560 1929/784/560 1930/783/560 1931/782/560 1932/781/560 1933/780/560 1934/779/560 1935/778/560 1936/777/560 1937/776/560 1938/775/560 1939/774/560 1940/773/560 1941/772/560 1942/771/560 1943/770/560 1944/769/560 1945/768/560 1946/767/560 1947/766/560 1948/765/560 1949/764/560 1950/763/560 1951/762/560 1952/761/560 1953/760/560 1954/759/560 1955/758/560 1956/757/560 1957/756/560 1958/755/560 1959/754/560 1960/753/560 1961/752/560 1962/751/560 1963/750/560 1964/749/560 1965/748/560 1966/747/560 1967/746/560 1968/745/560 1969/744/560 1970/743/560 1971/742/560 1972/741/560 1973/740/560 1974/739/560 1975/738/560 1976/737/560 1977/736/560 1978/735/560 1979/734/560 1980/733/560 1981/732/560 1982/731/560 1983/730/560 1984/729/560 1985/728/560 1986/727/560 1987/726/560 1988/725/560 1989/724/560 1990/723/560 1991/722/560 1992/721/560 1993/720/560 1994/719/560 1995/718/560 1996/717/560 1997/716/560 1998/715/560 1999/714/560 2000/713/560 2001/712/560 2002/711/560 2003/710/560 2004/709/560 2005/708/560 2006/707/560 2007/706/560 2008/705/560 2009/704/560 2010/703/560 2011/702/560 2012/701/560 2013/700/560 2014/699/560 2015/698/560 2016/697/560 2017/696/560 2018/695/560 2019/694/560 2020/693/560 2021/692/560 2022/691/560 2023/690/560 2024/689/560 2025/688/560 2026/687/560 2027/686/560 2028/685/560 2029/684/560 2030/683/560 2031/682/560 2032/681/560 2033/680/560 2034/679/560 2035/678/560 2036/677/560 2037/676/560 2038/675/560 2039/674/560 2040/673/560 2041/672/560 2042/671/560 2043/670/560 2044/669/560 2045/668/560 2046/667/560 2047/666/560 2048/665/560 2049/664/560 2050/663/560 2051/662/560 2052/661/560 2053/660/560 2054/659/560 2055/658/560 2056/657/560 2057/656/560 2058/655/560 2059/654/560 2060/653/560 2061/652/560 2062/651/560 2063/650/560 2064/649/560 2065/648/560 2066/647/560 2067/646/560 2068/645/560 2069/644/560 2070/643/560 2071/642/560 2072/641/560 2073/640/560 2074/639/560 2075/638/560 2076/637/560 2077/636/560 2078/635/560 2079/634/560 2080/633/560 2081/632/560 2082/631/560 2083/630/560 2084/629/560 2085/628/560 2086/627/560 2087/626/560 2088/625/560 2089/624/560 2090/623/560 2091/622/560 2092/621/560 2093/620/560 2094/619/560 2095/618/560 2096/617/560 2097/616/560 2098/615/560 2099/614/560 2100/613/560 2101/612/560 2102/611/560 2103/610/560 2104/609/560 2105/608/560 2106/607/560 2107/606/560 2108/605/560 2109/604/560 2110/603/560 2111/602/560 2112/601/560 2113/600/560 2114/599/560 2115/598/560 2116/597/560 2117/596/560 2118/595/560 2119/594/560 2120/593/560 2121/592/560 2122/591/560 2123/590/560 2124/589/560 2125/588/560 2126/587/560 2127/586/560 2128/585/560 2129/584/560 2130/583/560 2131/582/560 2132/581/560 2133/580/560 2134/579/560 2135/578/560 2136/577/560 2137/576/560 2138/575/560 2139/574/560 2140/573/560 2141/572/560 2142/571/560 2143/570/560 2144/569/560 2145/568/560 2146/567/560 2147/566/560 2148/565/560 2149/564/560 2150/563/560 2151/562/560 2152/561/560 2153/560/560 2154/559/560 2155/558/560 2156/557/560 2157/556/560 2158/555/560 2159/554/560 2160/553/560 2161/552/560 2162/551/560 2163/550/560 2164/549/560 2165/548/560 2166/547/560 2167/546/560 2168/545/560 2169/544/560 2170/543/560 2171/542/560 2172/541/560 2173/540/560 2174/539/560 2175/538/560 2176/537/560 2177/536/560 2178/535/560 2179/534/560 2180/533/560 2181/532/560 2182/531/560 2183/530/560 2184/529/560 2185/528/560 2186/527/560 2187/526/560 2188/525/560 2189/524/560 2190/523/560 2191/522/560 2192/521/560 2193/520/560 2194/519/560 2195/518/560 2196/517/560 2197/516/560 2198/515/560 2199/514/560 2200/513/560 2201/512/560 2202/511/560 2203/510/560 2204/509/560 2205/508/560 2206/507/560 2207/506/560 2208/505/560 2209/504/560 2210/503/560 2211/502/560 2212/501/560 2213/500/560 2214/499/560 2215/498/560 2216/497/560 2217/496/560 2218/495/560 2219/494/560 2220/493/560 2221/492/560 2222/491/560 2223/490/560 2224/489/560 2225/488/560 2226/487/560 2227/486/560 2228/485/560 2229/484/560 1838/483/560 1837/482/560 2230/481/560 2231/480/560 2232/479/560 2233/478/560 2234/477/560 2235/476/560 2236/475/560 2237/474/560 2238/473/560 2239/472/560 2240/471/560 2241/470/560 2242/469/560 2243/468/560 2244/467/560 

vn 0.22908 0.944473 -0.235568
v 242.648 21.3793 -158.091
v 238.663 23.3679 -153.994
f 1842/2666/561 1841/2669/561 2245/2668/561 2246/2665/561 

vn 0.239799 0.938983 -0.246591
v 244.789 20.3111 -160.293
f 1841/2669/561 2244/2671/562 2247/2670/562 2245/2668/561 

vn 0.250455 0.933242 -0.257549
v 246.142 19.5638 -161.684
f 2244/414/562 2243/413/563 2248/412/563 2247/411/562 

v 248.662 18.1726 -164.275
f 2243/413/563 2242/416/563 2249/415/563 2248/412/563 

v 250.036 17.4139 -165.688
f 2242/416/563 2241/418/563 2250/417/563 2249/415/563 

vn -0.675037 -0.249946 0.694156
vn -0.686408 -0.174987 0.705849
v 249.981 17.7201 -165.631
f 2241/422/564 2240/421/565 2251/420/565 2250/419/564 

vn -0.69374 -0.0989978 0.713389
v 249.934 18.3897 -165.584
f 2240/426/565 2239/425/566 2252/424/566 2251/423/565 

vn -0.662572 0.311091 0.681338
v 250.08 19.029 -165.734
f 2239/430/567 2238/429/567 2253/428/567 2252/427/567 

vn -0.473987 0.733325 0.487412
vn -0.413754 0.804848 0.425473
v 250.342 19.3775 -166.003
f 2238/434/568 2237/433/569 2254/432/569 2253/431/568 

vn -0.265906 0.924406 0.273438
v 250.503 19.5107 -166.169
f 2237/438/569 2236/437/570 2255/436/570 2254/435/569 

vn -0.178882 0.966522 0.183948
v 250.56 19.5321 -166.227
f 2236/442/570 2235/441/571 2256/440/571 2255/439/570 

vn -0.694983 0.0790663 0.714666
vn -0.688917 0.153368 0.708429
v 250.578 19.8671 -166.246
f 2235/446/572 2234/445/573 2257/444/573 2256/443/572 

vn -0.642651 0.387651 0.660853
v 250.701 20.6235 -166.372
f 2234/450/573 2233/449/574 2258/448/574 2257/447/573 

vn -0.587934 0.537409 0.604586
v 251.029 21.3612 -166.709
f 2233/454/574 2232/453/575 2259/452/575 2258/451/574 

vn -0.296746 0.904889 0.305151
v 251.396 21.6092 -167.087
f 2232/458/576 2231/457/576 2260/456/576 2259/455/576 

vn 0.28878 0.910177 -0.296959
vn 0.255578 0.93038 -0.262816
v 251.635 21.4532 -167.333
f 2231/462/577 2230/461/578 2261/460/578 2260/459/577 

vn 0.221692 0.948094 -0.22797
f 2230/466/578 1837/465/579 1840/464/579 2261/463/578 

vn -0.716911 -4.36997e-17 -0.697165
v 252.244 21.3754 -167.959
v 252.209 21.1993 -167.923
v 252.193 21.1752 -167.906
v 252.19 21.1213 -167.903
v 252.073 20.561 -167.783
v 252.079 20.1189 -167.789
v 252.27 19.8645 -167.986
v 252.503 19.5308 -168.226
v 252.659 19.1559 -168.385
v 252.724 18.7305 -168.452
v 252.832 18.292 -168.564
v 253.048 17.9794 -168.786
v 253.351 18.3363 -169.097
v 253.73 19.4414 -169.487
v 254.312 20.4469 -170.085
v 254.931 20.8824 -170.722
v 255.264 21.0366 -171.064
v 255.371 21.0552 -171.174
v 255.288 20.8903 -171.089
v 255.126 20.5327 -170.923
v 255.099 20.3285 -170.895
v 255.357 20.4595 -171.16
v 255.784 20.6828 -171.599
v 256.197 20.7739 -172.024
v 256.293 20.6373 -172.123
v 256.01 20.4139 -171.832
v 255.682 20.1637 -171.494
v 255.458 19.8076 -171.264
v 255.287 19.2983 -171.088
v 255.344 18.8839 -171.146
v 255.428 18.6778 -171.233
v 255.176 18.5282 -170.974
v 254.898 18.3806 -170.688
v 254.744 18.2025 -170.529
v 254.646 18.0035 -170.428
v 254.753 17.7825 -170.539
v 255.155 17.5023 -170.952
v 255.688 17.1326 -171.5
v 256.144 16.7289 -171.969
v 256.421 16.2397 -172.255
v 256.686 15.7309 -172.527
v 257.062 15.6154 -172.914
v 257.512 15.9495 -173.376
v 257.793 16.3854 -173.665
v 257.894 17.1601 -173.769
v 257.878 18.0555 -173.752
v 257.87 18.4236 -173.744
v 257.899 18.3797 -173.774
v 258.049 18.0622 -173.928
v 258.377 17.7807 -174.266
v 258.838 17.7268 -174.74
v 259.204 17.8189 -175.116
v 259.384 17.9061 -175.301
v 259.373 17.8339 -175.289
v 259.304 17.5865 -175.219
v 259.191 17.2808 -175.103
v 259.068 16.9267 -174.976
v 259.015 16.4065 -174.922
v 259.06 15.8299 -174.968
v 259.185 15.3579 -175.096
v 259.267 15.0426 -175.18
v 259.232 14.6994 -175.145
v 259.075 14.3189 -174.984
v 258.951 14.1324 -174.856
v 258.936 13.9768 -174.841
v 259.118 13.7472 -175.027
v 259.462 13.5711 -175.381
v 259.781 13.5258 -175.709
v 259.979 13.6456 -175.913
v 260.154 13.8288 -176.092
v 260.212 13.9839 -176.152
v 260.096 14.1035 -176.033
v 259.927 14.3505 -175.859
v 259.833 14.7358 -175.763
v 259.878 15.1647 -175.809
v 259.958 15.395 -175.891
v 260.059 15.4299 -175.995
v 260.181 15.2639 -176.12
v 260.316 14.9702 -176.259
v 260.436 14.7914 -176.383
v 260.525 14.9159 -176.474
v 260.616 15.254 -176.568
v 260.752 15.6969 -176.708
v 260.916 16.0843 -176.877
v 260.989 16.2524 -176.952
v 261.005 16.2892 -176.968
v 261.018 16.4155 -176.982
v 261.062 16.8409 -177.026
v 261.098 17.188 -177.063
v 261.197 17.1064 -177.166
v 261.531 16.7288 -177.509
v 261.807 16.4176 -177.792
v 261.909 16.3931 -177.898
v 262.225 16.3682 -178.222
v 262.605 16.2467 -178.613
v 262.849 15.9971 -178.864
v 262.876 15.7197 -178.892
v 262.781 15.4459 -178.794
v 262.684 15.2082 -178.694
v 262.673 15.023 -178.683
v 262.673 14.8397 -178.683
v 262.61 14.6715 -178.618
v 262.479 14.6358 -178.484
v 262.314 14.5693 -178.314
v 262.21 14.3104 -178.207
v 262.311 13.907 -178.31
v 262.436 13.5054 -178.44
v 262.465 13.2977 -178.47
v 262.557 13.4187 -178.564
v 262.677 13.6394 -178.687
v 262.787 13.7488 -178.8
v 262.914 13.7529 -178.931
v 263.028 13.6379 -179.048
v 263.125 13.4377 -179.148
v 263.282 13.3581 -179.309
v 263.448 13.4111 -179.48
v 263.554 13.6075 -179.589
v 263.577 13.9438 -179.613
v 263.593 14.2471 -179.629
v 263.651 14.3858 -179.689
v 263.659 14.4964 -179.697
v 263.615 14.6347 -179.652
v 263.563 14.8242 -179.598
v 263.609 15.004 -179.645
v 263.674 15.1145 -179.712
v 263.671 15.1515 -179.709
v 263.614 15.2786 -179.65
v 263.563 15.4477 -179.598
v 263.594 15.5827 -179.631
v 263.788 15.6641 -179.83
v 264.061 15.7567 -180.11
v 264.324 15.9012 -180.381
v 264.555 15.9714 -180.618
v 264.745 15.8811 -180.814
v 264.893 15.6082 -180.966
v 265.035 15.3666 -181.112
v 265.216 15.2076 -181.298
v 265.489 15.1257 -181.579
v 265.849 14.985 -181.949
v 266.099 14.7323 -182.206
v 266.065 14.3933 -182.171
v 265.884 14.2305 -181.985
v 265.724 14.1955 -181.821
v 265.701 14.1719 -181.797
v 265.696 14.0348 -181.792
v 265.655 13.857 -181.75
v 265.524 13.7432 -181.615
v 265.244 13.7276 -181.327
v 265.001 13.6385 -181.077
v 264.978 13.3399 -181.054
v 265.097 13.0334 -181.176
v 265.27 12.7684 -181.354
v 265.409 12.5028 -181.496
v 265.386 12.0526 -181.473
v 265.306 11.6287 -181.39
v 265.288 11.4356 -181.373
v 265.319 11.2385 -181.404
v 265.298 10.9936 -181.383
v 265.153 10.7176 -181.233
v 265.009 10.4558 -181.086
v 264.963 10.2906 -181.038
v 265.11 10.3118 -181.189
v 265.527 10.5614 -181.618
v 265.913 10.9372 -182.014
v 265.98 11.3162 -182.084
v 265.963 11.5969 -182.066
v 265.944 11.8012 -182.047
v 265.938 11.9632 -182.041
v 265.935 12.0855 -182.037
v 265.949 12.1649 -182.052
v 265.981 12.2025 -182.085
v 265.931 12.232 -182.033
v 265.853 12.2994 -181.953
v 265.834 12.4273 -181.934
v 265.93 12.5023 -182.032
v 266.104 12.5616 -182.211
v 266.303 12.6526 -182.416
v 266.455 12.6627 -182.572
v 266.599 12.7052 -182.72
v 266.77 12.9347 -182.896
v 266.834 13.326 -182.962
v 266.866 13.7679 -182.995
v 266.994 14.1625 -183.126
v 267.239 14.4866 -183.378
v 267.474 14.7306 -183.62
v 267.581 14.883 -183.73
v 267.646 14.9796 -183.797
v 267.689 15.0306 -183.841
v 267.706 15.018 -183.859
v 267.794 14.8267 -183.95
v 267.96 14.5702 -184.12
v 268.178 14.3723 -184.344
v 268.395 13.9714 -184.568
v 268.55 13.4074 -184.727
v 268.585 12.8291 -184.762
v 268.53 12.3685 -184.706
v 268.451 12.088 -184.625
v 268.394 12.0255 -184.566
v 268.28 12.0516 -184.449
v 268.165 12.0886 -184.331
v 268.137 12.0678 -184.302
v 268.157 11.7436 -184.323
v 268.257 11.3039 -184.425
v 268.498 11.0208 -184.673
v 268.851 10.8039 -185.036
v 269.145 10.6474 -185.338
v 269.209 10.6306 -185.404
v 269.134 10.8482 -185.327
v 269.056 11.1568 -185.247
v 269.073 11.3727 -185.265
v 269.186 11.4926 -185.381
v 269.302 11.5518 -185.5
v 269.328 11.5824 -185.527
v 269.257 11.8188 -185.454
v 269.171 12.1057 -185.365
v 269.152 12.1901 -185.345
v 269.236 12.2128 -185.432
v 269.379 12.2749 -185.579
v 269.52 12.4018 -185.724
v 269.568 12.7397 -185.774
v 269.603 13.1854 -185.81
v 269.745 13.5597 -185.955
v 269.96 13.7965 -186.177
v 270.136 13.9168 -186.358
v 270.189 13.9478 -186.412
v 270.262 14.0657 -186.487
v 270.345 14.2604 -186.572
v 270.354 14.4283 -186.581
v 270.504 14.2829 -186.736
v 270.78 13.9601 -187.019
v 271.05 13.7351 -187.298
v 271.42 13.6784 -187.678
v 271.788 13.6308 -188.057
v 271.954 13.4385 -188.227
v 271.91 13.206 -188.181
v 271.785 13.0322 -188.053
v 271.694 12.9393 -187.96
v 271.69 12.786 -187.956
v 271.702 12.5665 -187.968
v 271.643 12.3577 -187.907
v 271.475 12.2521 -187.734
v 271.265 12.1294 -187.518
v 271.1 11.8188 -187.348
v 271.077 11.4469 -187.325
v 271.155 11.1627 -187.406
v 271.256 11.0299 -187.51
v 271.38 11.0198 -187.637
v 271.556 11.1158 -187.818
v 271.789 11.3312 -188.058
v 271.955 11.611 -188.228
v 272.057 11.8957 -188.332
v 272.172 12.1464 -188.452
v 272.215 12.3508 -188.495
v 272.214 12.5461 -188.494
v 272.287 12.772 -188.57
v 272.431 12.9751 -188.717
v 272.562 13.1025 -188.852
v 272.624 13.1357 -188.916
v 272.777 13.0751 -189.073
v 272.994 12.8099 -189.297
v 273.121 12.2029 -189.427
v 273.177 11.6818 -189.484
v 273.226 11.4489 -189.535
v 273.281 11.4236 -189.591
v 273.391 11.6417 -189.705
v 273.591 11.9561 -189.911
v 273.886 12.1223 -190.214
v 274.123 12.2415 -190.458
v 274.278 12.3226 -190.616
v 274.429 12.2039 -190.772
v 274.498 12.0146 -190.843
v 274.509 11.8656 -190.854
v 274.586 11.7329 -190.934
v 274.703 11.538 -191.054
v 274.744 11.3086 -191.096
v 274.636 11.1319 -190.985
v 274.458 10.9851 -190.801
v 274.322 10.8098 -190.662
v 274.279 10.5877 -190.618
v 274.314 10.2922 -190.654
v 274.314 9.84977 -190.654
v 274.164 9.17764 -190.5
v 273.874 8.45569 -190.202
v 273.605 7.9384 -189.925
v 273.505 7.76408 -189.822
v 273.698 7.58404 -190.02
v 273.984 7.16697 -190.314
v 274.057 6.59404 -190.39
v 273.77 5.99085 -190.094
v 273.379 5.52721 -189.693
v 273.207 5.35953 -189.515
v 273.204 5.06168 -189.513
v 273.2 4.57962 -189.508
v 273.196 4.35295 -189.504
v 272.88 4.08772 -189.179
v 272.362 3.65285 -188.646
v 272.285 3.58885 -188.568
v 272.116 3.4458 -188.393
v 272.087 3.2719 -188.363
v 272.079 3.21511 -188.356
v 271.824 3.2858 -188.093
v 271.126 3.48198 -187.375
v 270.086 3.77976 -186.306
v 268.805 4.15526 -184.989
v 267.386 4.5846 -183.53
v 265.929 5.0439 -182.031
v 264.535 5.50929 -180.598
v 263.306 5.95688 -179.334
v 262.044 6.47856 -178.036
v 259.962 7.37723 -175.896
v 257.275 8.55301 -173.132
v 254.273 9.87512 -170.045
v 251.247 11.2128 -166.933
v 248.489 12.4351 -164.097
v 246.29 13.4115 -161.836
v 244.942 14.011 -160.45
v 244.615 14.162 -160.114
v 244.004 14.5079 -159.486
v 242.832 15.1716 -158.28
v 241.297 16.041 -156.702
v 239.597 17.0039 -154.953
v 237.93 17.948 -153.239
v 236.493 18.7613 -151.762
v 235.486 19.3316 -150.727
v 235.107 19.5466 -150.336
v 235.161 21.3189 -150.392
v 235.176 21.8109 -150.407
v 238.041 20.2641 -153.353
v 240.238 19.0622 -155.613
v 241.881 18.1491 -157.302
v 243.081 17.4688 -158.536
v 243.953 16.9653 -159.433
v 244.608 16.5824 -160.107
v 245.161 16.264 -160.675
v 245.724 15.9542 -161.254
v 246.336 15.6332 -161.883
v 246.905 15.3393 -162.468
v 247.444 15.0637 -163.022
v 247.939 14.8128 -163.531
v 248.377 14.593 -163.982
v 248.745 14.4106 -164.361
v 249.031 14.2721 -164.655
v 249.22 14.1837 -164.849
v 249.3 14.152 -164.931
v 249.424 14.2104 -165.059
v 249.553 14.2696 -165.191
v 249.673 14.3157 -165.315
v 249.775 14.3495 -165.42
v 249.849 14.3719 -165.496
v 249.891 14.3913 -165.539
v 249.926 14.4394 -165.575
v 249.956 14.5142 -165.606
v 249.98 14.6092 -165.631
v 249.996 14.7178 -165.647
v 250.002 14.8336 -165.654
v 249.997 14.9499 -165.648
v 249.979 15.0602 -165.63
v 249.949 15.16 -165.598
v 249.926 15.2594 -165.575
v 249.915 15.3606 -165.564
v 249.919 15.4628 -165.568
v 249.937 15.5652 -165.587
v 249.972 15.6669 -165.622
v 250.023 15.7671 -165.675
v 250.061 15.7944 -165.713
v 249.921 15.8608 -165.57
v 249.54 16.044 -165.178
v 248.971 16.3197 -164.593
v 248.27 16.6635 -163.873
v 247.689 16.9874 -163.275
v 247.661 16.9752 -163.246
v 247.492 17.0512 -163.072
v 246.69 17.4585 -162.248
v 245.92 17.8611 -161.456
v 245.237 18.2347 -160.754
v 244.608 18.5988 -160.106
v 243.592 19.1716 -159.062
v 242.242 19.9209 -157.674
v 240.704 20.7689 -156.092
v 239.121 21.6376 -154.464
v 237.638 22.449 -152.939
v 236.4 23.1251 -151.666
v 235.551 23.5879 -150.793
v 235.336 23.705 -150.572
v 235.433 24.0531 -150.672
v 235.906 24.4812 -151.158
v 236.49 24.4525 -151.759
f 2249/410/580 2250/409/580 2251/408/580 2252/407/580 2253/406/580 2254/405/580 2255/404/580 2256/403/580 2257/402/580 2258/401/580 2259/400/580 2260/399/580 2261/398/580 1840/397/580 1839/396/580 2262/395/580 2263/394/580 2264/393/580 2265/392/580 2266/391/580 2267/390/580 2268/389/580 2269/388/580 2270/387/580 2271/386/580 2272/385/580 2273/384/580 2274/383/580 2275/382/580 2276/381/580 2277/380/580 2278/379/580 2279/378/580 2280/377/580 2281/376/580 2282/375/580 2283/374/580 2284/373/580 2285/372/580 2286/371/580 2287/370/580 2288/369/580 2289/368/580 2290/367/580 2291/366/580 2292/365/580 2293/364/580 2294/363/580 2295/362/580 2296/361/580 2297/360/580 2298/359/580 2299/358/580 2300/357/580 2301/356/580 2302/355/580 2303/354/580 2304/353/580 2305/352/580 2306/351/580 2307/350/580 2308/349/580 2309/348/580 2310/347/580 2311/346/580 2312/345/580 2313/344/580 2314/343/580 2315/342/580 2316/341/580 2317/340/580 2318/339/580 2319/338/580 2320/337/580 2321/336/580 2322/335/580 2323/334/580 2324/333/580 2325/332/580 2326/331/580 2327/330/580 2328/329/580 2329/328/580 2330/327/580 2331/326/580 2332/325/580 2333/324/580 2334/323/580 2335/322/580 2336/321/580 2337/320/580 2338/319/580 2339/318/580 2340/317/580 2341/316/580 2342/315/580 2343/314/580 2344/313/580 2345/312/580 2346/311/580 2347/310/580 2348/309/580 2349/308/580 2350/307/580 2351/306/580 2352/305/580 2353/304/580 2354/303/580 2355/302/580 2356/301/580 2357/300/580 2358/299/580 2359/298/580 2360/297/580 2361/296/580 2362/295/580 2363/294/580 2364/293/580 2365/292/580 2366/291/580 2367/290/580 2368/289/580 2369/288/580 2370/287/580 2371/286/580 2372/285/580 2373/284/580 2374/283/580 2375/282/580 2376/281/580 2377/280/580 2378/279/580 2379/278/580 2380/277/580 2381/276/580 2382/275/580 2383/274/580 2384/273/580 2385/272/580 2386/271/580 2387/270/580 2388/269/580 2389/268/580 2390/267/580 2391/266/580 2392/265/580 2393/264/580 2394/263/580 2395/262/580 2396/261/580 2397/260/580 2398/259/580 2399/258/580 2400/257/580 2401/256/580 2402/255/580 2403/254/580 2404/253/580 2405/252/580 2406/251/580 2407/250/580 2408/249/580 2409/248/580 2410/247/580 2411/246/580 2412/245/580 2413/244/580 2414/243/580 2415/242/580 2416/241/580 2417/240/580 2418/239/580 2419/238/580 2420/237/580 2421/236/580 2422/235/580 2423/234/580 2424/233/580 2425/232/580 2426/231/580 2427/230/580 2428/229/580 2429/228/580 2430/227/580 2431/226/580 2432/225/580 2433/224/580 2434/223/580 2435/222/580 2436/221/580 2437/220/580 2438/219/580 2439/218/580 2440/217/580 2441/216/580 2442/215/580 2443/214/580 2444/213/580 2445/212/580 2446/211/580 2447/210/580 2448/209/580 2449/208/580 2450/207/580 2451/206/580 2452/205/580 2453/204/580 2454/203/580 2455/202/580 2456/201/580 2457/200/580 2458/199/580 2459/198/580 2460/197/580 2461/196/580 2462/195/580 2463/194/580 2464/193/580 2465/192/580 2466/191/580 2467/190/580 2468/189/580 2469/188/580 2470/187/580 2471/186/580 2472/185/580 2473/184/580 2474/183/580 2475/182/580 2476/181/580 2477/180/580 2478/179/580 2479/178/580 2480/177/580 2481/176/580 2482/175/580 2483/174/580 2484/173/580 2485/172/580 2486/171/580 2487/170/580 2488/169/580 2489/168/580 2490/167/580 2491/166/580 2492/165/580 2493/164/580 2494/163/580 2495/162/580 2496/161/580 2497/160/580 2498/159/580 2499/158/580 2500/157/580 2501/156/580 2502/155/580 2503/154/580 2504/153/580 2505/152/580 2506/151/580 2507/150/580 2508/149/580 2509/148/580 2510/147/580 2511/146/580 2512/145/580 2513/144/580 2514/143/580 2515/142/580 2516/141/580 2517/140/580 2518/139/580 2519/138/580 2520/137/580 2521/136/580 2522/135/580 2523/134/580 2524/133/580 2525/132/580 2526/131/580 2527/130/580 2528/129/580 2529/128/580 2530/127/580 2531/126/580 2532/125/580 2533/124/580 2534/123/580 2535/122/580 2536/121/580 2537/120/580 2538/119/580 2539/118/580 2540/117/580 2541/116/580 2542/115/580 2543/114/580 2544/113/580 2545/112/580 2546/111/580 2547/110/580 2548/109/580 2549/108/580 2550/107/580 2551/106/580 2552/105/580 2553/104/580 2554/103/580 2555/102/580 2556/101/580 2557/100/580 2558/99/580 2559/98/580 2560/97/580 2561/96/580 2562/95/580 2563/94/580 2564/93/580 2565/92/580 2566/91/580 2567/90/580 2568/89/580 2569/88/580 2570/87/580 2571/86/580 2572/85/580 2573/84/580 2574/83/580 2575/82/580 2576/81/580 2577/80/580 2578/79/580 2579/78/580 2580/77/580 2581/76/580 2582/75/580 2583/74/580 2584/73/580 2585/72/580 2586/71/580 2587/70/580 2588/69/580 2589/68/580 2590/67/580 2591/66/580 2592/65/580 2593/64/580 2594/63/580 2595/62/580 2596/61/580 2597/60/580 2598/59/580 2599/58/580 2600/57/580 2601/56/580 2602/55/580 2603/54/580 2604/53/580 2605/52/580 2606/51/580 2607/50/580 2608/49/580 2609/48/580 2610/47/580 2611/46/580 2612/45/580 2613/44/580 2614/43/580 2615/42/580 2616/41/580 2617/40/580 2618/39/580 2619/38/580 2620/37/580 2621/36/580 2622/35/580 2623/34/580 2624/33/580 2625/32/580 2626/31/580 2627/30/580 2628/29/580 2629/28/580 2630/27/580 2631/26/580 2632/25/580 2633/24/580 2634/23/580 2635/22/580 2636/21/580 2637/20/580 2638/19/580 2639/18/580 2640/17/580 2641/16/580 2642/15/580 2643/14/580 2644/13/580 2645/12/580 2646/11/580 2647/10/580 2648/9/580 2246/8/580 2245/7/580 2247/6/580 2248/5/580 

vn -0.0718062 0.994682 0.07384
f 1838/876/559 2229/875/581 2262/874/581 1839/873/559 

vn 0.67076 -0.272607 -0.689758
f 2229/880/582 2228/879/582 2263/878/582 2262/877/582 

vn 0.491597 -0.709072 -0.50552
f 2228/884/583 2227/883/583 2264/882/583 2263/881/583 

vn 0.695175 -0.0755085 -0.714864
vn 0.685562 -0.181688 -0.704978
f 2227/888/584 2226/887/585 2265/886/585 2264/885/584 

vn 0.6907 -0.135869 -0.710263
f 2226/892/585 2225/891/586 2266/890/586 2265/889/585 

vn 0.697061 0.0172438 -0.716804
f 2225/896/586 2224/895/587 2267/894/587 2266/893/586 

vn 0.473612 0.733823 -0.487026
vn 0.483027 0.721087 -0.496708
f 2224/900/588 2223/899/589 2268/898/589 2267/897/588 

vn 0.55013 0.61427 -0.565711
f 2223/904/589 2222/903/590 2269/902/590 2268/901/589 

vn 0.648525 0.366972 -0.666893
f 2222/908/590 2221/907/591 2270/906/591 2269/905/590 

vn 0.670307 0.274891 -0.689292
f 2221/912/591 2220/911/592 2271/910/592 2270/909/591 

vn 0.656892 0.334958 -0.675497
f 2220/916/592 2219/915/593 2272/914/593 2271/913/592 

vn 0.495272 0.70379 -0.509299
f 2219/920/594 2218/919/594 2273/918/594 2272/917/594 

vn -0.442588 0.772644 0.455123
f 2218/924/595 2217/923/595 2274/922/595 2273/921/595 

vn -0.625533 0.441518 0.64325
vn -0.585032 0.543886 0.601602
f 2217/928/596 2216/927/597 2275/926/597 2274/925/596 

vn -0.536426 0.63872 0.551619
f 2216/932/597 2215/931/598 2276/930/598 2275/929/597 

vn -0.30711 0.897746 0.315809
vn -0.261341 0.927081 0.268743
f 2215/936/599 2214/935/600 2277/934/600 2276/933/599 

vn -0.149528 0.976728 0.153763
f 2214/940/600 2213/939/601 2278/938/601 2277/937/600 

vn -0.083454 0.99281 0.0858176
f 2213/944/601 2212/943/602 2279/942/602 2278/941/601 

vn 0.564562 -0.586711 -0.580552
vn 0.575099 -0.565264 -0.591387
f 2212/948/603 2211/947/604 2280/946/604 2279/945/603 

vn 0.58524 -0.543427 -0.601815
f 2211/952/604 2210/951/605 2281/950/605 2280/949/604 

vn 0.684605 -0.188965 -0.703995
f 2210/956/606 2209/955/606 2282/954/606 2281/953/606 

vn -0.232847 0.942576 0.239442
vn -0.235833 0.941048 0.242512
f 2209/960/607 2208/959/608 2283/958/608 2282/957/607 

vn -0.173143 0.96867 0.178047
f 2208/964/608 2207/963/609 2284/962/609 2283/961/608 

vn -0.10579 0.98842 0.108786
f 2207/968/609 2206/967/610 2285/966/610 2284/965/609 

vn 0.490802 0.710203 -0.504703
f 2206/972/611 2205/971/611 2286/970/611 2285/969/611 

vn 0.335868 -0.876302 -0.345381
vn 0.331501 -0.879717 -0.34089
f 2205/976/612 2204/975/613 2287/974/613 2286/973/612 

vn 0.327116 -0.883087 -0.336381
f 2204/980/613 2203/979/614 2288/978/614 2287/977/613 

vn 0.518175 -0.669002 -0.532851
vn 0.57864 -0.557779 -0.595028
f 2203/984/615 2202/983/616 2289/982/616 2288/981/615 

vn 0.627593 -0.435461 -0.645368
f 2202/988/616 2201/987/617 2290/986/617 2289/985/616 

vn 0.683977 0.193588 -0.703349
vn 0.651615 0.355532 -0.670071
f 2201/992/618 2200/991/619 2291/990/619 2290/989/618 

vn 0.600761 0.507385 -0.617776
f 2200/996/619 2199/995/620 2292/994/620 2291/993/619 

vn 0.266264 -0.924194 -0.273806
vn 0.254197 -0.931158 -0.261396
f 2199/1000/621 2198/999/622 2293/998/622 2292/997/621 

vn 0.344025 -0.869767 -0.353768
f 2198/1004/622 2197/1003/623 2294/1002/623 2293/1001/622 

vn 0.50822 -0.684534 -0.522614
f 2197/1008/623 2196/1007/624 2295/1006/624 2294/1005/623 

vn 0.569545 -0.576716 -0.585676
f 2196/1012/624 2195/1011/625 2296/1010/625 2295/1009/624 

vn 0.571813 0.57208 -0.588009
f 2195/1016/626 2194/1015/626 2297/1014/626 2296/1013/626 

vn 0.304783 0.899377 -0.313415
vn 0.304225 0.899765 -0.312841
f 2194/1020/627 2193/1019/628 2298/1018/628 2297/1017/627 

vn 0.335308 0.876743 -0.344805
f 2193/1024/628 2192/1023/629 2299/1022/629 2298/1021/628 

vn 0.459839 0.751631 -0.472863
f 2192/1028/629 2191/1027/630 2300/1026/630 2299/1025/629 

vn 0.549762 0.614947 -0.565333
f 2191/1032/630 2190/1031/631 2301/1030/631 2300/1029/630 

vn 0.558547 0.598438 -0.574367
f 2190/1036/631 2189/1035/632 2302/1034/632 2301/1033/631 

vn 0.146087 0.977799 -0.150224
f 2189/1040/633 2188/1039/633 2303/1038/633 2302/1037/633 

vn -0.320466 0.888089 0.329543
vn -0.422455 0.795494 0.43442
f 2188/1044/634 2187/1043/635 2304/1042/635 2303/1041/634 

vn -0.511781 0.679054 0.526276
f 2187/1048/635 2186/1047/636 2305/1046/636 2304/1045/635 

vn -0.685308 0.183645 0.704718
vn -0.694976 0.0791844 0.714659
f 2186/1052/637 2185/1051/638 2306/1050/638 2305/1049/637 

vn -0.696885 -0.0283627 0.716622
f 2185/1056/638 2184/1055/639 2307/1054/639 2306/1053/638 

vn -0.696839 -0.0305696 0.716576
f 2184/1060/639 2183/1059/640 2308/1058/640 2307/1057/639 

vn 0.509503 0.682568 -0.523934
vn 0.544791 0.623984 -0.560221
f 2183/1064/641 2182/1063/642 2309/1062/642 2308/1061/641 

vn 0.576813 0.561659 -0.59315
f 2182/1068/642 2181/1067/643 2310/1066/643 2309/1065/642 

vn 0.357674 0.858364 -0.367804
f 2181/1072/644 2180/1071/644 2311/1070/644 2310/1069/644 

vn 0.0565827 0.996701 -0.0581853
vn -0.0321537 0.998936 0.0330644
f 2180/1076/645 2179/1075/646 2312/1074/646 2311/1073/645 

vn -0.172495 0.968907 0.17738
f 2179/1080/646 2178/1079/647 2313/1078/647 2312/1077/646 

vn -0.223612 0.947166 0.229945
f 2178/1084/647 2177/1083/648 2314/1082/648 2313/1081/647 

vn 0.679541 -0.223429 -0.698787
vn 0.665834 -0.296415 -0.684692
f 2177/1088/649 2176/1087/650 2315/1086/650 2314/1085/649 

vn 0.633022 -0.418983 -0.65095
f 2176/1092/650 2175/1091/651 2316/1090/651 2315/1089/650 

vn 0.620071 -0.457096 -0.637633
f 2175/1096/651 2174/1095/652 2317/1094/652 2316/1093/651 

vn 0.66529 -0.298918 -0.684133
f 2174/1100/652 2173/1099/653 2318/1098/653 2317/1097/652 

vn 0.697057 -0.0176059 -0.716799
f 2173/1104/653 2172/1103/654 2319/1102/654 2318/1101/653 

vn 0.677734 0.234449 -0.696929
f 2172/1108/654 2171/1107/655 2320/1106/655 2319/1105/654 

vn 0.652474 0.352277 -0.670954
f 2171/1112/655 2170/1111/656 2321/1110/656 2320/1109/655 

vn 0.653146 0.349706 -0.671644
f 2170/1116/656 2169/1115/657 2322/1114/657 2321/1113/656 

vn 0.689975 -0.14325 -0.709517
f 2169/1120/658 2168/1119/658 2323/1118/658 2322/1117/658 

vn 0.600159 -0.508848 -0.617157
vn 0.555535 -0.604179 -0.571269
f 2168/1124/659 2167/1123/660 2324/1122/660 2323/1121/659 

vn 0.503587 -0.691543 -0.51785
f 2167/1128/660 2166/1127/661 2325/1126/661 2324/1125/660 

vn 0.690929 -0.133454 -0.710498
f 2166/1132/662 2165/1131/662 2326/1130/662 2325/1129/662 

vn 0.461401 0.749658 -0.474469
f 2165/1136/663 2164/1135/663 2327/1134/663 2326/1133/663 

vn 0.233846 0.942067 -0.240469
vn 0.152492 0.975785 -0.156811
f 2164/1140/664 2163/1139/665 2328/1138/665 2327/1137/664 

vn 0.068888 0.995106 -0.070839
f 2163/1144/665 2162/1143/666 2329/1142/666 2328/1141/665 

vn -0.270519 0.921648 0.278181
vn -0.343584 0.870125 0.353315
f 2162/1148/667 2161/1147/668 2330/1146/668 2329/1145/667 

vn -0.411963 0.806736 0.423631
f 2161/1152/668 2160/1151/669 2331/1150/669 2330/1149/668 

vn -0.613367 0.475342 0.630739
f 2160/1156/670 2159/1155/670 2332/1154/670 2331/1153/670 

vn -0.406001 -0.812931 0.4175
vn -0.453393 -0.759645 0.466235
f 2159/1160/671 2158/1159/672 2333/1158/672 2332/1157/671 

vn -0.497403 -0.700691 0.511491
f 2158/1164/672 2157/1163/673 2334/1162/673 2333/1161/672 

vn -0.658448 -0.328611 0.677097
f 2157/1168/674 2156/1167/674 2335/1166/674 2334/1165/674 

vn -0.689452 0.148341 0.708979
vn -0.665039 0.300064 0.683875
f 2156/1172/675 2155/1171/676 2336/1170/676 2335/1169/675 

vn -0.624502 0.444511 0.642189
f 2155/1176/676 2154/1175/677 2337/1174/677 2336/1173/676 

vn -0.162214 0.972554 0.166808
f 2154/1180/678 2153/1179/678 2338/1178/678 2337/1177/678 

vn 0.480823 0.724111 -0.494441
vn 0.535058 0.641077 -0.550212
f 2153/1184/679 2152/1183/680 2339/1182/680 2338/1181/679 

vn 0.544125 0.625178 -0.559536
f 2152/1188/680 2151/1187/681 2340/1186/681 2339/1185/680 

vn 0.501152 0.695173 -0.515346
f 2151/1192/681 2150/1191/682 2341/1190/682 2340/1189/681 

vn -0.487595 0.714733 0.501405
f 2150/1196/683 2149/1195/683 2342/1194/683 2341/1193/683 

vn -0.64995 0.361748 0.668359
vn -0.644216 0.382268 0.662462
f 2149/1200/684 2148/1199/685 2343/1198/685 2342/1197/684 

vn -0.618332 0.461917 0.635845
f 2148/1204/685 2147/1203/686 2344/1202/686 2343/1201/685 

vn -0.593663 0.524292 0.610477
f 2147/1208/686 2146/1207/687 2345/1206/687 2344/1205/686 

vn -0.591485 0.529332 0.608237
f 2146/1212/687 2145/1211/688 2346/1210/688 2345/1209/687 

f 2145/1211/688 2144/1214/688 2347/1213/688 2346/1210/688 

vn -0.689574 0.147166 0.709105
vn -0.689663 0.146308 0.709196
f 2144/1218/689 2143/1217/690 2348/1216/690 2347/1215/689 

vn -0.689751 0.145449 0.709287
f 2143/1222/690 2142/1221/691 2349/1220/691 2348/1219/690 

f 2142/1221/691 2141/1224/691 2350/1223/691 2349/1220/691 

vn 0.345337 0.868697 -0.355118
vn 0.389471 0.829403 -0.400502
f 2141/1228/692 2140/1227/693 2351/1226/693 2350/1225/692 

vn 0.431444 0.785506 -0.443663
f 2140/1232/693 2139/1231/694 2352/1230/694 2351/1229/693 

f 2139/1231/694 2138/1234/694 2353/1233/694 2352/1230/694 

vn 0.114708 0.986371 -0.117957
vn 0.0766462 0.993938 -0.078817
f 2138/1238/695 2137/1237/696 2354/1236/696 2353/1235/695 

vn 0.0953148 0.99061 -0.0980144
f 2137/1242/696 2136/1241/697 2355/1240/697 2354/1239/696 

vn 0.151636 0.976059 -0.155931
f 2136/1246/697 2135/1245/698 2356/1244/698 2355/1243/697 

vn 0.404862 0.814099 -0.416329
f 2135/1250/699 2134/1249/699 2357/1248/699 2356/1247/699 

vn 0.690106 0.141943 -0.709652
f 2134/1254/700 2133/1253/700 2358/1252/700 2357/1251/700 

vn 0.623466 -0.447492 -0.641124
vn 0.612883 -0.476623 -0.630242
f 2133/1258/701 2132/1257/702 2359/1256/702 2358/1255/701 

vn 0.601639 -0.505239 -0.618679
f 2132/1262/702 2131/1261/703 2360/1260/703 2359/1259/702 

vn 0.694539 -0.0867133 -0.71421
vn 0.696578 -0.0410142 -0.716307
f 2131/1266/704 2130/1265/705 2361/1264/705 2360/1263/704 

vn 0.697157 0.00477081 -0.716902
f 2130/1270/705 2129/1269/706 2362/1268/706 2361/1267/705 

vn 0.614011 -0.473628 -0.631401
f 2129/1274/707 2128/1273/707 2363/1272/707 2362/1271/707 

vn 0.13042 -0.982346 -0.134114
vn 0.159591 -0.973447 -0.164111
f 2128/1278/708 2127/1277/709 2364/1276/709 2363/1275/708 

vn 0.188469 -0.962766 -0.193807
f 2127/1282/709 2126/1281/710 2365/1280/710 2364/1279/709 

vn 0.603415 -0.500862 -0.620506
f 2126/1286/711 2125/1285/711 2366/1284/711 2365/1283/711 

vn 0.656324 0.33724 -0.674913
vn 0.646578 0.373976 -0.66489
f 2125/1290/712 2124/1289/713 2367/1288/713 2366/1287/712 

vn 0.663989 0.304812 -0.682795
f 2124/1294/713 2123/1293/714 2368/1292/714 2367/1291/713 

vn 0.683697 0.195612 -0.703061
f 2123/1298/714 2122/1297/715 2369/1296/715 2368/1295/714 

vn -0.47268 0.735059 0.486067
vn -0.513095 0.677011 0.527627
f 2122/1302/716 2121/1301/717 2370/1300/717 2369/1299/716 

vn -0.479091 0.726469 0.492661
f 2121/1306/717 2120/1305/718 2371/1304/718 2370/1303/717 

vn -0.397146 0.821882 0.408394
f 2120/1310/718 2119/1309/719 2372/1308/719 2371/1307/718 

vn -0.0156819 0.999747 0.0161261
f 2119/1314/720 2118/1313/720 2373/1312/720 2372/1311/720 

vn 0.400726 0.818299 -0.412075
f 2118/1318/721 2117/1317/721 2374/1316/721 2373/1315/721 

vn 0.572398 0.570875 -0.58861
f 2117/1322/722 2116/1321/722 2375/1320/722 2374/1319/722 

vn 0.232533 0.942736 -0.239119
f 2116/1326/723 2115/1325/723 2376/1324/723 2375/1323/723 

vn -0.151418 0.976129 0.155706
f 2115/1330/724 2114/1329/724 2377/1328/724 2376/1327/724 

vn -0.551197 0.6123 0.566808
f 2114/1334/725 2113/1333/725 2378/1332/725 2377/1331/725 

vn -0.693819 0.0978615 0.713469
vn -0.694489 0.0875402 0.714158
f 2113/1338/726 2112/1337/727 2379/1336/727 2378/1335/726 

vn -0.695084 0.0772094 0.714771
f 2112/1342/727 2111/1341/728 2380/1340/728 2379/1339/727 

vn -0.599137 0.511321 0.616106
f 2111/1346/729 2110/1345/729 2381/1344/729 2380/1343/729 

vn -0.693379 0.104075 0.713017
f 2110/1350/730 2109/1349/730 2382/1348/730 2381/1347/730 

vn -0.634024 -0.415853 0.651981
vn -0.641388 -0.391932 0.659554
f 2109/1354/731 2108/1353/732 2383/1352/732 2382/1351/731 

vn -0.648313 -0.367743 0.666675
f 2108/1358/732 2107/1357/733 2384/1356/733 2383/1355/732 

vn -0.654322 0.345152 0.672854
f 2107/1362/734 2106/1361/734 2385/1360/734 2384/1359/734 

vn -0.532081 0.646154 0.547151
f 2106/1366/735 2105/1365/735 2386/1364/735 2385/1363/735 

vn -0.691636 -0.125691 0.711225
f 2105/1370/736 2104/1369/736 2387/1368/736 2386/1367/736 

vn -0.586325 -0.541014 0.602932
vn -0.615081 -0.470763 0.632502
f 2104/1374/737 2103/1373/738 2388/1372/738 2387/1371/737 

vn -0.639754 -0.397387 0.657874
f 2103/1378/738 2102/1377/739 2389/1376/739 2388/1375/738 

vn -0.66037 0.320579 0.679073
f 2102/1382/740 2101/1381/740 2390/1380/740 2389/1379/740 

vn -0.196166 0.959597 0.201722
vn -0.178384 0.966711 0.183436
f 2101/1386/741 2100/1385/742 2391/1384/742 2390/1383/741 

vn -0.20524 0.955685 0.211052
f 2100/1390/742 2099/1389/743 2392/1388/743 2391/1387/742 

vn -0.197564 0.959007 0.203159
f 2099/1394/743 2098/1393/744 2393/1392/744 2392/1391/743 

vn -0.144831 0.978184 0.148933
f 2098/1398/744 2097/1397/745 2394/1396/745 2393/1395/744 

vn 0.218582 0.949578 -0.224773
f 2097/1402/746 2096/1401/746 2395/1400/746 2394/1399/746 

vn 0.550859 0.612924 -0.566461
vn 0.542169 0.628664 -0.557525
f 2096/1406/747 2095/1405/748 2396/1404/748 2395/1403/747 

vn 0.454685 0.758055 -0.467563
f 2095/1410/748 2094/1409/749 2397/1408/749 2396/1407/748 

vn 0.257283 0.929413 -0.26457
f 2094/1414/749 2093/1413/750 2398/1412/750 2397/1411/749 

vn 0.163004 0.972282 -0.167621
f 2093/1418/750 2092/1417/751 2399/1416/751 2398/1415/750 

vn 0.296896 0.904788 -0.305305
f 2092/1422/751 2091/1421/752 2400/1420/752 2399/1419/751 

vn 0.401515 0.817502 -0.412887
f 2091/1426/752 2090/1425/753 2401/1424/753 2400/1423/752 

vn 0.690239 -0.140609 -0.709788
f 2090/1430/754 2089/1429/754 2402/1428/754 2401/1427/754 

vn 0.370449 -0.847143 -0.380941
f 2089/1434/755 2088/1433/755 2403/1432/755 2402/1431/755 

vn 0.105346 -0.988517 -0.10833
f 2088/1438/756 2087/1437/756 2404/1436/756 2403/1435/756 

vn 0.398207 -0.820824 -0.409485
f 2087/1442/757 2086/1441/757 2405/1440/757 2404/1439/757 

vn 0.696412 -0.0464801 -0.716136
vn 0.685603 -0.181369 -0.705021
f 2086/1446/758 2085/1445/759 2406/1444/759 2405/1443/758 

vn 0.662154 -0.312915 -0.680908
f 2085/1450/759 2084/1449/760 2407/1448/760 2406/1447/759 

vn 0.360255 -0.856141 -0.370458
f 2084/1454/761 2083/1453/761 2408/1452/761 2407/1451/761 

vn 0.0268919 -0.999256 -0.0276536
vn 0.100486 -0.989558 -0.103332
f 2083/1458/762 2082/1457/763 2409/1456/763 2408/1455/762 

vn 0.172951 -0.96874 -0.17785
f 2082/1462/763 2081/1461/764 2410/1460/764 2409/1459/763 

vn 0.692969 -0.109547 -0.712596
f 2081/1466/765 2080/1465/765 2411/1464/765 2410/1463/765 

vn 0.609526 0.485399 -0.62679
vn 0.563145 0.589507 -0.579094
f 2080/1470/766 2079/1469/767 2412/1468/767 2411/1467/766 

vn 0.534257 0.64245 -0.549389
f 2079/1474/767 2078/1473/768 2413/1472/768 2412/1471/767 

vn 0.558649 0.598242 -0.574472
f 2078/1478/768 2077/1477/769 2414/1476/769 2413/1475/768 

vn 0.69543 -0.070506 -0.715126
vn 0.687267 -0.167911 -0.706732
f 2077/1482/770 2076/1481/771 2415/1480/771 2414/1479/770 

vn 0.68368 -0.195732 -0.703044
f 2076/1486/771 2075/1485/772 2416/1484/772 2415/1483/771 

vn 0.696403 0.0467478 -0.716127
f 2075/1490/772 2074/1489/773 2417/1488/773 2416/1487/772 

vn 0.696303 0.0497278 -0.716024
f 2074/1494/773 2073/1493/774 2418/1492/774 2417/1491/773 

vn 0.692052 -0.120889 -0.711653
f 2073/1498/774 2072/1497/775 2419/1496/775 2418/1495/774 

vn 0.555453 -0.604334 -0.571185
vn 0.551983 -0.610841 -0.567616
f 2072/1502/776 2071/1501/777 2420/1500/777 2419/1499/776 

vn 0.603785 -0.499944 -0.620886
f 2071/1506/777 2070/1505/778 2421/1504/778 2420/1503/777 

vn 0.646978 -0.372549 -0.665302
f 2070/1510/778 2069/1509/779 2422/1508/779 2421/1507/778 

vn -0.0695666 0.995009 0.0715369
vn -0.170851 0.969507 0.17569
f 2069/1514/780 2068/1513/781 2423/1512/781 2422/1511/780 

vn -0.33191 0.879399 0.34131
f 2068/1518/781 2067/1517/782 2424/1516/782 2423/1515/781 

vn -0.392021 0.826928 0.403124
f 2067/1522/782 2066/1521/783 2425/1520/783 2424/1519/782 

vn -0.675348 0.24821 0.694476
vn -0.694911 0.0803459 0.714593
f 2066/1526/784 2065/1525/785 2426/1524/785 2425/1523/784 

vn -0.693083 -0.108055 0.712713
f 2065/1530/785 2064/1529/786 2427/1528/786 2426/1527/785 

vn -0.69425 -0.0913563 0.713913
f 2064/1534/786 2063/1533/787 2428/1532/787 2427/1531/786 

vn -0.696384 -0.0473116 0.716108
f 2063/1538/787 2062/1537/788 2429/1536/788 2428/1535/787 

vn -0.693292 0.105262 0.712928
f 2062/1542/788 2061/1541/789 2430/1540/789 2429/1539/788 

vn -0.675635 0.246601 0.69477
f 2061/1546/789 2060/1545/790 2431/1544/790 2430/1543/789 

vn -0.442391 0.772876 0.454921
f 2060/1550/791 2059/1549/791 2432/1548/791 2431/1547/791 

vn -0.266167 -0.924251 0.273706
vn -0.313544 -0.893159 0.322424
f 2059/1554/792 2058/1553/793 2433/1552/793 2432/1551/792 

vn -0.35917 -0.857078 0.369342
f 2058/1558/793 2057/1557/794 2434/1556/794 2433/1555/793 

vn -0.682519 -0.203896 0.70185
f 2057/1562/795 2056/1561/795 2435/1560/795 2434/1559/795 

vn -0.335168 0.876853 0.344661
vn -0.250322 0.933316 0.257412
f 2056/1566/796 2055/1565/797 2436/1564/797 2435/1563/796 

vn -0.186202 0.963673 0.191476
f 2055/1570/797 2054/1569/798 2437/1568/798 2436/1567/797 

vn -0.122775 0.984371 0.126252
f 2054/1574/798 2053/1573/799 2438/1572/799 2437/1571/798 

vn -0.0868312 0.992213 0.0892905
f 2053/1578/799 2052/1577/800 2439/1576/800 2438/1575/799 

vn -0.140846 0.97938 0.144835
f 2052/1582/800 2051/1581/801 2440/1580/801 2439/1579/800 

vn -0.475871 0.73081 0.489349
f 2051/1586/802 2050/1585/802 2441/1584/802 2440/1583/802 

vn -0.678729 0.228452 0.697952
vn -0.687411 0.166696 0.70688
f 2050/1590/803 2049/1589/804 2442/1588/804 2441/1587/803 

vn -0.672073 0.26587 0.691108
f 2049/1594/804 2048/1593/805 2443/1592/805 2442/1591/804 

vn -0.632606 0.420272 0.650523
f 2048/1598/805 2047/1597/806 2444/1596/806 2443/1595/805 

vn -0.472667 0.735076 0.486055
vn -0.441359 0.774089 0.453859
f 2047/1602/807 2046/1601/808 2445/1600/808 2444/1599/807 

vn -0.451129 0.762413 0.463906
f 2046/1606/808 2045/1605/809 2446/1604/809 2445/1603/808 

vn -0.49644 0.702095 0.5105
f 2045/1610/809 2044/1609/810 2447/1608/810 2446/1607/809 

vn -0.472932 0.734726 0.486326
f 2044/1614/810 2043/1613/811 2448/1612/811 2447/1611/810 

vn -0.442504 0.772743 0.455037
f 2043/1618/811 2042/1617/812 2449/1616/812 2448/1615/811 

vn 0.324523 0.885054 -0.333714
f 2042/1622/813 2041/1621/813 2450/1620/813 2449/1619/813 

vn 0.580903 0.552918 -0.597355
vn 0.547834 0.618479 -0.56335
f 2041/1626/814 2040/1625/815 2451/1624/815 2450/1623/814 

vn 0.446117 0.768457 -0.458752
f 2040/1630/815 2039/1629/816 2452/1628/816 2451/1627/815 

vn 0.468613 0.740397 -0.481886
f 2039/1634/816 2038/1633/817 2453/1632/817 2452/1631/816 

vn 0.605491 0.495681 -0.62264
f 2038/1638/817 2037/1637/818 2454/1636/818 2453/1635/817 

vn 0.678759 0.228264 -0.697984
f 2037/1642/818 2036/1641/819 2455/1640/819 2454/1639/818 

vn 0.696559 -0.0416737 -0.716288
f 2036/1646/819 2035/1645/820 2456/1644/820 2455/1643/819 

vn 0.670825 -0.272281 -0.689824
f 2035/1650/820 2034/1649/821 2457/1648/821 2456/1647/820 

vn 0.646762 -0.373321 -0.66508
f 2034/1654/821 2033/1653/822 2458/1652/822 2457/1651/821 

vn 0.420601 -0.797513 -0.432513
f 2033/1658/823 2032/1657/823 2459/1656/823 2458/1655/823 

vn -0.110157 -0.987438 0.113277
vn -0.13178 -0.981973 0.135512
f 2032/1662/824 2031/1661/825 2460/1660/825 2459/1659/824 

vn -0.153272 -0.975534 0.157613
f 2031/1666/825 2030/1665/826 2461/1664/826 2460/1663/825 

vn 0.315162 -0.891986 -0.324089
f 2030/1670/827 2029/1669/827 2462/1668/827 2461/1667/827 

vn 0.694319 0.0902741 -0.713983
vn 0.682917 0.201136 -0.702259
f 2029/1674/828 2028/1673/829 2463/1672/829 2462/1671/828 

vn 0.66294 0.309472 -0.681716
f 2028/1678/829 2027/1677/830 2464/1676/830 2463/1675/829 

vn 0.442206 0.773094 -0.45473
vn 0.361833 0.85477 -0.372082
f 2027/1682/831 2026/1681/832 2465/1680/832 2464/1679/831 

vn 0.258593 0.928664 -0.265917
f 2026/1686/832 2025/1685/833 2466/1684/833 2465/1683/832 

vn 0.184523 0.964337 -0.189749
f 2025/1690/833 2024/1689/834 2467/1688/834 2466/1687/833 

vn 0.124827 0.98384 -0.128362
f 2024/1694/834 2023/1693/835 2468/1692/835 2467/1691/834 

vn -0.624794 -0.443666 0.64249
vn -0.641355 -0.392043 0.65952
f 2023/1698/836 2022/1697/837 2469/1696/837 2468/1695/836 

vn -0.655845 -0.339155 0.67442
f 2022/1702/837 2021/1701/838 2470/1700/838 2469/1699/837 

vn -0.692782 0.111957 0.712403
f 2021/1706/839 2020/1705/839 2471/1704/839 2470/1703/839 

vn -0.41385 0.804747 0.425571
vn -0.327272 0.882969 0.336541
f 2020/1710/840 2019/1709/841 2472/1708/841 2471/1707/840 

vn -0.233643 0.942171 0.240261
f 2019/1714/841 2018/1713/842 2473/1712/842 2472/1711/841 

vn -0.447317 0.76702 0.459987
f 2018/1718/843 2017/1717/843 2474/1716/843 2473/1715/843 

vn -0.64034 -0.395441 0.658476
f 2017/1722/844 2016/1721/844 2475/1720/844 2474/1719/844 

vn -0.652616 -0.351736 0.671099
f 2016/1721/844 2015/1724/845 2476/1723/845 2475/1720/844 

vn -0.663442 -0.30725 0.682233
f 2015/1728/845 2014/1727/846 2477/1726/846 2476/1725/845 

vn -0.128795 0.982787 0.132443
vn -0.166012 0.971235 0.170714
f 2014/1732/847 2013/1731/848 2478/1730/848 2477/1729/847 

vn -0.288849 0.910132 0.29703
f 2013/1736/848 2012/1735/849 2479/1734/849 2478/1733/848 

vn -0.369928 0.847611 0.380405
f 2012/1740/849 2011/1739/850 2480/1738/850 2479/1737/849 

vn -0.682954 0.200879 0.702297
vn -0.688531 0.156892 0.708032
f 2011/1744/851 2010/1743/852 2481/1742/852 2480/1741/851 

vn -0.692732 0.112591 0.712352
f 2010/1748/852 2009/1747/853 2482/1746/853 2481/1745/852 

vn -0.613218 0.475738 0.630585
f 2009/1752/854 2008/1751/854 2483/1750/854 2482/1749/854 

vn -0.423973 0.793831 0.435981
vn -0.363705 0.853134 0.374006
f 2008/1756/855 2007/1755/856 2484/1754/856 2483/1753/855 

vn -0.282506 0.914218 0.290508
f 2007/1760/856 2006/1759/857 2485/1758/857 2484/1757/856 

vn -0.26537 0.924723 0.272886
f 2006/1764/857 2005/1763/858 2486/1762/858 2485/1761/857 

vn -0.520092 0.665935 0.534822
vn -0.560367 0.594927 0.576238
f 2005/1768/859 2004/1767/860 2487/1766/860 2486/1765/859 

vn -0.595947 0.518934 0.612825
f 2004/1772/860 2003/1771/861 2488/1770/861 2487/1769/860 

vn -0.695164 0.0757084 0.714853
f 2003/1776/862 2002/1775/862 2489/1774/862 2488/1773/862 

vn 0.389278 0.82959 -0.400303
vn 0.415653 0.802832 -0.427426
f 2002/1780/863 2001/1779/864 2490/1778/864 2489/1777/863 

vn 0.396614 0.82241 -0.407847
f 2001/1784/864 2000/1783/865 2491/1782/865 2490/1781/864 

vn 0.349558 0.865216 -0.359458
f 2000/1788/865 1999/1787/866 2492/1786/866 2491/1785/865 

vn 0.0741405 0.994329 -0.0762404
vn 0.0683659 0.99518 -0.0703022
f 1999/1792/867 1998/1791/868 2493/1790/868 2492/1789/867 

vn 0.0625865 0.995962 -0.0643591
f 1998/1796/868 1997/1795/869 2494/1794/869 2493/1793/868 

vn 0.437882 0.778141 -0.450284
f 1997/1800/870 1996/1799/870 2495/1798/870 2494/1797/870 

vn 0.671979 -0.266361 -0.691011
f 1996/1804/871 1995/1803/871 2496/1802/871 2495/1801/871 

vn 0.485389 -0.717816 -0.499136
vn 0.446732 -0.767722 -0.459384
f 1995/1808/872 1994/1807/873 2497/1806/873 2496/1805/872 

vn 0.405589 -0.813354 -0.417076
f 1994/1812/873 1993/1811/874 2498/1810/874 2497/1809/873 

vn 0.696706 -0.0363004 -0.716438
vn 0.697031 0.0196465 -0.716772
f 1993/1816/875 1992/1815/876 2499/1814/876 2498/1813/875 

vn 0.695174 0.075532 -0.714863
f 1992/1820/876 1991/1819/877 2500/1818/877 2499/1817/876 

vn 0.646714 -0.37349 -0.665031
f 1991/1824/878 1990/1823/878 2501/1822/878 2500/1821/878 

vn 0.278784 -0.916566 -0.28668
vn 0.270933 -0.921398 -0.278607
f 1990/1828/879 1989/1827/880 2502/1826/880 2501/1825/879 

vn 0.263041 -0.926091 -0.270491
f 1989/1832/880 1988/1831/881 2503/1830/881 2502/1829/880 

vn 0.554554 -0.606031 -0.57026
f 1988/1836/882 1987/1835/882 2504/1834/882 2503/1833/882 

vn 0.694505 -0.0872697 -0.714175
f 1987/1840/883 1986/1839/883 2505/1838/883 2504/1837/883 

vn 0.648015 0.368821 -0.666369
f 1986/1844/884 1985/1843/884 2506/1842/884 2505/1841/884 

vn 0.471035 0.737229 -0.484376
f 1985/1848/885 1984/1847/885 2507/1846/885 2506/1845/885 

vn 0.0394882 0.998395 -0.0406066
f 1984/1852/886 1983/1851/886 2508/1850/886 2507/1849/886 

vn -0.248533 0.934299 0.255572
vn -0.314471 0.892488 0.323378
f 1983/1856/887 1982/1855/888 2509/1854/888 2508/1853/887 

vn -0.459394 0.752191 0.472405
f 1982/1860/888 1981/1859/889 2510/1858/889 2509/1857/888 

vn -0.579835 0.555219 0.596258
f 1981/1864/889 1980/1863/890 2511/1862/890 2510/1861/889 

vn -0.601589 0.505361 0.618628
f 1980/1868/890 1979/1867/891 2512/1866/891 2511/1865/890 

vn -0.631738 0.422949 0.649631
f 1979/1872/891 1978/1871/892 2513/1870/892 2512/1869/891 

vn -0.69035 0.139486 0.709902
f 1978/1876/892 1977/1875/893 2514/1874/893 2513/1873/892 

vn -0.697144 -0.00777636 0.716889
f 1977/1880/893 1976/1879/894 2515/1878/894 2514/1877/893 

vn -0.631596 0.423387 0.649484
f 1976/1884/895 1975/1883/895 2516/1882/895 2515/1881/895 

vn -0.489383 0.712215 0.503243
vn -0.442148 0.773162 0.454671
f 1975/1888/896 1974/1887/897 2517/1886/897 2516/1885/896 

vn -0.319007 0.88917 0.328042
f 1974/1892/897 1973/1891/898 2518/1890/898 2517/1889/897 

vn -0.242141 0.937746 0.248999
f 1973/1896/898 1972/1895/899 2519/1894/899 2518/1893/898 

vn 0.186082 0.963721 -0.191353
f 1972/1900/900 1971/1899/900 2520/1898/900 2519/1897/900 

vn 0.451565 0.761881 -0.464355
f 1971/1904/901 1970/1903/901 2521/1902/901 2520/1901/901 

vn 0.668029 0.286075 -0.686949
vn 0.680136 0.219669 -0.6994
f 1970/1908/902 1969/1907/903 2522/1906/903 2521/1905/902 

vn 0.679578 0.223196 -0.698825
f 1969/1912/903 1968/1911/904 2523/1910/904 2522/1909/903 

vn 0.666569 0.292998 -0.685448
f 1968/1916/904 1967/1915/905 2524/1914/905 2523/1913/904 

vn 0.216131 0.950732 -0.222252
f 1967/1920/906 1966/1919/906 2525/1918/906 2524/1917/906 

vn -0.563286 0.589228 0.57924
vn -0.539937 0.632605 0.555229
f 1966/1924/907 1965/1923/908 2526/1922/908 2525/1921/907 

vn -0.514966 0.674081 0.529551
f 1965/1928/908 1964/1927/909 2527/1926/909 2526/1925/908 

vn -0.254804 0.930817 0.26202
vn -0.242825 0.937382 0.249702
f 1964/1932/910 1963/1931/911 2528/1930/911 2527/1929/910 

vn -0.235412 0.941264 0.24208
f 1963/1936/911 1962/1935/912 2529/1934/912 2528/1933/911 

vn -0.240049 0.938852 0.246847
f 1962/1940/912 1961/1939/913 2530/1938/913 2529/1937/912 

vn 0.335192 0.876834 -0.344686
f 1961/1944/914 1960/1943/914 2531/1942/914 2530/1941/914 

vn 0.617181 0.465072 -0.634662
f 1960/1948/915 1959/1947/915 2532/1946/915 2531/1945/915 

vn 0.69327 0.105558 -0.712905
f 1959/1952/916 1958/1951/916 2533/1950/916 2532/1949/916 

vn 0.534916 0.64132 -0.550066
vn 0.531741 0.646731 -0.546801
f 1958/1956/917 1957/1955/918 2534/1954/918 2533/1953/917 

vn 0.528539 0.652109 -0.543508
f 1957/1960/918 1956/1959/919 2535/1958/919 2534/1957/918 

vn 0.67519 0.249093 -0.694313
f 1956/1964/920 1955/1963/920 2536/1962/920 2535/1961/920 

vn 0.523636 -0.660196 -0.538467
vn 0.441194 -0.774283 -0.453689
f 1955/1968/921 1954/1967/922 2537/1966/922 2536/1965/921 

vn 0.408961 -0.809873 -0.420543
f 1954/1972/922 1953/1971/923 2538/1970/923 2537/1969/922 

vn 0.466478 -0.743166 -0.47969
f 1953/1976/923 1952/1975/924 2539/1974/924 2538/1973/923 

vn 0.671969 -0.266412 -0.691001
f 1952/1980/925 1951/1979/925 2540/1978/925 2539/1977/925 

vn 0.68724 0.168137 -0.706704
vn 0.694702 0.083991 -0.714377
f 1951/1984/926 1950/1983/927 2541/1982/927 2540/1981/926 

vn 0.688788 -0.15456 -0.708296
f 1950/1988/927 1949/1987/928 2542/1986/928 2541/1985/927 

vn 0.637741 -0.40399 -0.655804
f 1949/1992/928 1948/1991/929 2543/1990/929 2542/1989/928 

vn 0.582409 -0.549649 -0.598904
f 1948/1996/929 1947/1995/930 2544/1994/930 2543/1993/929 

vn 0.548446 -0.617361 -0.563979
f 1947/2000/930 1946/1999/931 2545/1998/931 2544/1997/930 

vn 0.538119 -0.635783 -0.55336
f 1946/2004/931 1945/2003/932 2546/2002/932 2545/2001/931 

vn 0.380282 0.838131 -0.391053
vn 0.441277 0.774185 -0.453775
f 1945/2008/933 1944/2007/934 2547/2006/934 2546/2005/933 

vn 0.49709 0.701147 -0.511169
f 1944/2012/934 1943/2011/935 2548/2010/935 2547/2009/934 

vn 0.685597 0.181412 -0.705015
f 1943/2016/936 1942/2015/936 2549/2014/936 2548/2013/936 

vn 0.575468 -0.56449 -0.591766
vn 0.515072 -0.673915 -0.52966
f 1942/2020/937 1941/2019/938 2550/2018/938 2549/2017/937 

vn 0.418354 -0.799941 -0.430203
f 1941/2024/938 1940/2023/939 2551/2022/939 2550/2021/938 

vn 0.3911 -0.827825 -0.402177
f 1940/2028/939 1939/2027/940 2552/2026/940 2551/2025/939 

vn 0.697113 -0.012262 -0.716857
f 1939/2032/941 1938/2031/941 2553/2030/941 2552/2029/941 

vn 0.697034 -0.019403 -0.716776
f 1938/2031/941 1937/2034/942 2554/2033/942 2553/2030/941 

vn 0.696919 -0.0265431 -0.716658
f 1937/2038/942 1936/2037/943 2555/2036/943 2554/2035/942 

vn 0.352007 -0.863171 -0.361977
f 1936/2042/944 1935/2041/944 2556/2040/944 2555/2039/944 

f 1935/2041/944 1934/2044/944 2557/2043/944 2556/2040/944 

vn 0.35276 -0.862538 -0.362751
f 1934/2044/944 1933/2046/945 2558/2045/945 2557/2043/944 

vn 0.353512 -0.861904 -0.363525
f 1933/2050/945 1932/2049/946 2559/2048/946 2558/2047/945 

vn 0.677882 -0.233568 -0.697081
vn 0.682193 -0.206134 -0.701514
f 1932/2054/947 1931/2053/948 2560/2052/948 2559/2051/947 

vn 0.685964 -0.178537 -0.705392
f 1931/2058/948 1930/2057/949 2561/2056/949 2560/2055/948 

vn 0.693122 -0.107539 -0.712753
v 273.494 2.96481 -186.942
v 272.061 2.96481 -188.337
f 1930/2062/950 2649/2061/950 2650/2060/950 2561/2059/950 

v 236.48 17.551 -148.879
v 236.415 15.4346 -148.812
v 239.386 14.2255 -151.868
v 244.583 12.1819 -157.212
v 247.482 11.0499 -160.193
v 253.213 8.3755 -166.086
v 264.664 3.07738 -177.862
v 271.614 1.84075e-13 -185.009
v 272.165 0.0776889 -185.576
v 272.507 0.283561 -185.927
v 272.634 0.407677 -186.057
v 272.869 0.944063 -186.299
v 273.329 2.05501 -186.772
v 273.545 2.76119 -186.995
f 1930/783/560 1929/784/560 1928/785/560 1927/786/560 1926/787/560 1925/788/560 1924/789/560 1923/790/560 1922/791/560 1921/792/560 1920/793/560 1919/794/560 1918/795/560 1917/796/560 1916/797/560 1915/798/560 1914/799/560 1913/800/560 1912/801/560 1911/802/560 1910/803/560 1909/804/560 1908/805/560 1907/806/560 1906/807/560 1905/808/560 2651/2235/560 2652/2066/560 2653/2234/560 2654/2233/560 2655/2232/560 2656/2231/560 2657/2230/560 2658/2229/560 2659/2228/560 2660/2227/560 2661/2226/560 2662/2225/560 2663/2224/560 2664/2223/560 2649/2222/560 

vn 0.133082 0.981611 -0.136852
vn 0.132165 0.981866 -0.135908
f 1929/2221/951 1930/2220/952 2561/2219/952 2562/2218/951 

v 271.895 2.05501 -188.166
v 271.435 0.944063 -187.693
v 271.2 0.407677 -187.451
v 271.073 0.283561 -187.321
v 270.731 0.0776889 -186.97
v 270.181 1.83853e-13 -186.403
v 263.23 3.07738 -179.256
v 251.779 8.3755 -167.48
v 246.048 11.0499 -161.587
v 243.149 12.1819 -158.606
v 237.952 14.2255 -153.262
v 234.981 15.4346 -150.207
v 235.046 17.551 -150.273
v 272.112 2.76119 -188.389
f 2665/2077/580 2666/2076/580 2667/2075/580 2668/2074/580 2669/2073/580 2670/2072/580 2671/2071/580 2672/2070/580 2673/2069/580 2674/2068/580 2675/2067/580 2676/2066/580 2677/2065/580 2586/71/580 2585/72/580 2584/73/580 2583/74/580 2582/75/580 2581/76/580 2580/77/580 2579/78/580 2578/79/580 2577/80/580 2576/81/580 2575/82/580 2574/83/580 2573/84/580 2572/85/580 2571/86/580 2570/87/580 2569/88/580 2568/89/580 2567/90/580 2566/91/580 2565/92/580 2564/93/580 2563/94/580 2562/95/580 2561/96/580 2650/2064/580 2678/2063/580 

vn 0.619896 -0.457583 -0.637453
vn 0.594857 -0.5215 -0.611705
f 2663/2089/953 2662/2088/954 2666/2087/954 2665/2086/953 

vn 0.590341 -0.531954 -0.607061
f 2662/2093/954 2661/2092/955 2667/2091/955 2666/2090/954 

vn 0.393005 -0.825967 -0.404136
vn 0.333214 -0.878384 -0.342651
f 2661/2097/956 2660/2096/957 2668/2095/957 2667/2094/956 

vn 0.171049 -0.969435 -0.175894
f 2660/2101/957 2659/2100/958 2669/2099/958 2668/2098/957 

vn 0.0682066 -0.995203 -0.0701383
f 2659/2105/958 2658/2104/959 2670/2103/959 2669/2102/958 

vn -0.205634 -0.955511 0.211458
vn -0.209826 -0.953634 0.215769
f 2658/2109/960 2657/2108/961 2671/2107/961 2670/2106/960 

vn -0.214853 -0.951328 0.220939
f 2657/2113/961 2656/2112/962 2672/2111/962 2671/2110/961 

vn -0.199476 -0.958192 0.205126
f 2656/2117/962 2655/2116/963 2673/2115/963 2672/2114/962 

vn -0.183732 -0.964648 0.188936
f 2655/2121/963 2654/2120/964 2674/2119/964 2673/2118/963 

vn -0.187301 -0.963235 0.192606
f 2654/2125/964 2653/2124/965 2675/2123/965 2674/2122/964 

vn -0.190272 -0.962036 0.195661
f 2653/2129/965 2652/2128/966 2676/2127/966 2675/2126/965 

vn -0.696495 0.0438338 0.716222
f 2652/2133/967 2651/2132/967 2677/2131/967 2676/2130/967 

f 2651/2132/967 1905/2135/967 2586/2134/967 2677/2131/967 

vn 0.25602 0.93013 -0.263271
f 1905/2139/968 1906/2138/968 2585/2137/968 2586/2136/968 

f 1906/2138/968 1907/2141/968 2584/2140/968 2585/2137/968 

f 1907/2141/968 1908/2143/968 2583/2142/968 2584/2140/968 

f 1908/2143/968 1909/2145/968 2582/2144/968 2583/2142/968 

f 1909/2145/968 1910/2147/968 2581/2146/968 2582/2144/968 

f 1910/2147/968 1911/2149/968 2580/2148/968 2581/2146/968 

f 1911/2149/968 1912/2151/968 2579/2150/968 2580/2148/968 

vn 0.234915 0.94152 -0.241569
f 1912/2151/968 1913/2153/969 2578/2152/969 2579/2150/968 

vn 0.209999 0.953555 -0.215947
f 1913/2157/969 1914/2156/970 2577/2155/970 2578/2154/969 

vn 0.2063 0.955215 -0.212143
f 1914/2161/970 1915/2160/971 2576/2159/971 2577/2158/970 

vn 0.206 0.955348 -0.211835
f 1915/2165/971 1916/2164/972 2575/2163/972 2576/2162/971 

vn 0.205585 0.955532 -0.211408
f 1916/2169/972 1917/2168/973 2574/2167/973 2575/2166/972 

vn 0.204978 0.955801 -0.210783
f 1917/2173/973 1918/2172/974 2573/2171/974 2574/2170/973 

vn 0.204004 0.956229 -0.209781
f 1918/2177/974 1919/2176/975 2572/2175/975 2573/2174/974 

vn 0.202171 0.95703 -0.207897
f 1919/2181/975 1920/2180/976 2571/2179/976 2572/2178/975 

vn 0.196973 0.959257 -0.202552
f 1920/2185/976 1921/2184/977 2570/2183/977 2571/2182/976 

vn 0.182314 0.965201 -0.187478
f 1921/2189/977 1922/2188/978 2569/2187/978 2570/2186/977 

vn 0.164839 0.971645 -0.169508
f 1922/2193/978 1923/2192/979 2568/2191/979 2569/2190/978 

vn 0.153851 0.975346 -0.158208
f 1923/2197/979 1924/2196/980 2567/2195/980 2568/2194/979 

vn 0.146735 0.977599 -0.150891
f 1924/2201/980 1925/2200/981 2566/2199/981 2567/2198/980 

vn 0.141748 0.979112 -0.145763
f 1925/2205/981 1926/2204/982 2565/2203/982 2566/2202/981 

vn 0.138061 0.980196 -0.141971
f 1926/2209/982 1927/2208/983 2564/2207/983 2565/2206/982 

vn 0.135235 0.981006 -0.139066
f 1927/2213/983 1928/2212/984 2563/2211/984 2564/2210/983 

f 1928/2217/984 1929/2216/951 2562/2215/951 2563/2214/984 

vn -0.696495 0.0438439 0.716221
f 1905/2135/967 1904/2237/985 2587/2236/985 2586/2134/967 

vn -0.696494 0.043854 0.716221
f 1904/2241/985 1903/2240/986 2588/2239/986 2587/2238/985 

vn 0.245602 0.935892 -0.252558
vn 0.247014 0.935127 -0.25401
f 1903/2245/987 1902/2244/988 2589/2243/988 2588/2242/987 

v 244.091 18.1256 -156.706
v 242.34 19.0989 -154.906
v 239.897 20.447 -152.393
v 236.623 22.2439 -149.027
v 236.657 23.3626 -149.062
v 237.016 23.165 -149.43
v 237.978 22.6341 -150.42
v 239.376 21.8628 -151.858
v 241.042 20.944 -153.571
v 242.807 19.9707 -155.386
v 244.503 19.0356 -157.129
v 245.961 18.2318 -158.629
v 246.889 17.7251 -159.583
v 246.89 17.6735 -159.584
v 246.889 17.6164 -159.583
v 246.887 17.5447 -159.581
v 246.881 17.4635 -159.575
v 246.872 17.3774 -159.566
v 246.857 17.2914 -159.55
v 246.836 17.2102 -159.529
v 246.807 17.1367 -159.499
v 246.765 17.0623 -159.456
v 246.714 16.988 -159.403
v 246.659 16.9168 -159.346
v 246.603 16.8518 -159.289
v 246.552 16.7959 -159.237
v 246.51 16.7523 -159.193
v 246.065 17.007 -158.736
v 245.287 17.4531 -157.936
f 2679/2320/560 2680/2319/560 2681/2318/560 2682/2317/560 1903/810/560 1902/811/560 1901/812/560 1900/813/560 1899/814/560 1898/815/560 1897/816/560 1896/817/560 1895/818/560 1894/819/560 1893/820/560 1892/821/560 1891/822/560 1890/823/560 1889/824/560 1888/825/560 1887/826/560 1886/827/560 1885/828/560 1884/829/560 1883/830/560 1882/831/560 1881/832/560 1880/833/560 1879/834/560 1878/835/560 1877/836/560 1876/837/560 1875/838/560 1874/839/560 1873/840/560 1872/841/560 1871/842/560 1870/843/560 1869/844/560 1868/845/560 1867/846/560 1866/847/560 1865/848/560 1864/849/560 1863/850/560 1862/851/560 1861/852/560 1860/853/560 1859/854/560 1858/855/560 1857/856/560 1856/857/560 1855/858/560 1854/859/560 1853/860/560 1852/861/560 1851/862/560 1850/863/560 1849/864/560 1848/865/560 1847/866/560 1846/867/560 2683/2316/560 2684/2315/560 2685/2314/560 2686/2313/560 2687/2312/560 2688/2311/560 2689/2310/560 2690/2309/560 2691/2308/560 2692/2307/560 2693/2306/560 2694/2305/560 2695/2304/560 2696/2303/560 2697/2302/560 2698/2301/560 2699/2300/560 2700/2299/560 2701/2298/560 2702/2297/560 2703/2296/560 2704/2295/560 2705/2294/560 2706/2293/560 2707/2292/560 

vn -0.253213 -0.93171 0.260385
vn -0.251102 -0.932884 0.258214
v 240.906 19.0989 -156.3
v 242.657 18.1256 -158.1
f 2679/2419/989 2680/2418/990 2708/2417/990 2709/2416/989 

v 236.655 23.2973 -149.06
f 2682/2317/560 2681/2318/560 2680/2319/560 2679/2320/560 2707/2292/560 2706/2293/560 2705/2294/560 2704/2295/560 2703/2296/560 2702/2297/560 2701/2298/560 2700/2299/560 2699/2300/560 2698/2301/560 2697/2302/560 2696/2303/560 2695/2304/560 2694/2305/560 2693/2306/560 2692/2307/560 2691/2308/560 2690/2309/560 2689/2310/560 2688/2311/560 2687/2312/560 2686/2313/560 2685/2314/560 2684/2315/560 2683/2316/560 2710/2321/560 

vn -0.249727 -0.933643 0.2568
vn -0.249177 -0.933946 0.256234
v 235.189 22.2439 -150.421
v 238.463 20.447 -153.787
f 2681/2427/991 2682/2426/992 2711/2425/992 2712/2424/991 

vn -0.696492 0.0439227 0.716219
vn -0.696515 0.0431603 0.716243
v 235.222 23.2973 -150.454
f 2682/2431/993 2710/2430/994 2713/2429/994 2711/2428/993 

vn -0.696538 0.0423979 0.716266
v 235.224 23.3626 -150.456
f 2710/2279/994 2683/2278/995 2714/2277/995 2713/2276/994 

vn -0.630761 0.42594 0.648626
f 2683/2283/996 1846/2282/996 2645/2281/996 2714/2280/996 

vn 0.247472 0.934878 -0.254481
vn -0.65172 0.355138 0.670178
f 1846/2287/997 1847/2286/998 2644/2285/998 2645/2284/997 

vn -0.247872 -0.93466 0.254893
f 1848/2291/999 1847/2290/998 2644/2289/998 2643/2288/999 

v 245.076 16.7523 -160.588
v 245.118 16.7959 -160.631
v 245.169 16.8518 -160.684
v 245.225 16.9168 -160.741
v 245.28 16.988 -160.798
v 245.331 17.0623 -160.85
v 245.373 17.1367 -160.893
v 245.402 17.2102 -160.923
v 245.423 17.2914 -160.945
v 245.438 17.3774 -160.96
v 245.447 17.4635 -160.97
v 245.453 17.5447 -160.975
v 245.455 17.6164 -160.978
v 245.456 17.6735 -160.978
v 245.455 17.7251 -160.977
v 244.527 18.2318 -160.023
v 243.069 19.0356 -158.524
v 241.373 19.9707 -156.78
v 239.608 20.944 -154.965
v 237.942 21.8628 -153.252
v 236.544 22.6341 -151.814
v 235.582 23.165 -150.825
v 243.853 17.4531 -159.33
v 244.631 17.007 -160.131
f 2715/2274/580 2716/2273/580 2717/2272/580 2718/2271/580 2719/2270/580 2720/2269/580 2721/2268/580 2722/2267/580 2723/2266/580 2724/2265/580 2725/2264/580 2726/2263/580 2727/2262/580 2728/2261/580 2729/2260/580 2730/2259/580 2731/2258/580 2732/2257/580 2733/2256/580 2734/2255/580 2735/2254/580 2736/2253/580 2714/2252/580 2645/12/580 2644/13/580 2643/14/580 2642/15/580 2641/16/580 2640/17/580 2639/18/580 2638/19/580 2637/20/580 2636/21/580 2635/22/580 2634/23/580 2633/24/580 2632/25/580 2631/26/580 2630/27/580 2629/28/580 2628/29/580 2627/30/580 2626/31/580 2625/32/580 2624/33/580 2623/34/580 2622/35/580 2621/36/580 2620/37/580 2619/38/580 2618/39/580 2617/40/580 2616/41/580 2615/42/580 2614/43/580 2613/44/580 2612/45/580 2611/46/580 2610/47/580 2609/48/580 2608/49/580 2607/50/580 2606/51/580 2605/52/580 2604/53/580 2603/54/580 2602/55/580 2601/56/580 2600/57/580 2599/58/580 2598/59/580 2597/60/580 2596/61/580 2595/62/580 2594/63/580 2593/64/580 2592/65/580 2591/66/580 2590/67/580 2589/68/580 2588/69/580 2711/2251/580 2712/2250/580 2708/2249/580 2709/2248/580 2737/2247/580 2738/2246/580 

f 2736/2253/580 2735/2254/580 2734/2255/580 2733/2256/580 2732/2257/580 2731/2258/580 2730/2259/580 2729/2260/580 2728/2261/580 2727/2262/580 2726/2263/580 2725/2264/580 2724/2265/580 2723/2266/580 2722/2267/580 2721/2268/580 2720/2269/580 2719/2270/580 2718/2271/580 2717/2272/580 2716/2273/580 2715/2274/580 2738/2246/580 2737/2247/580 2709/2248/580 2708/2249/580 2712/2250/580 2711/2251/580 2713/2275/580 2714/2252/580 

vn 0.250257 0.933352 -0.257345
vn 0.250245 0.933358 -0.257332
f 2684/2324/1000 2685/2327/1001 2735/2326/1001 2736/2323/1000 

vn 0.250229 0.933367 -0.257316
f 2685/2327/1001 2686/2329/1002 2734/2328/1002 2735/2326/1001 

vn 0.250206 0.93338 -0.257292
f 2686/2333/1002 2687/2332/1003 2733/2331/1003 2734/2330/1002 

vn 0.250171 0.933399 -0.257257
f 2687/2332/1003 2688/2335/1004 2732/2334/1004 2733/2331/1003 

vn 0.250114 0.933431 -0.257198
f 2688/2339/1004 2689/2338/1005 2731/2337/1005 2732/2336/1004 

vn 0.651144 -0.357302 -0.669586
f 2689/2343/1005 2690/2342/1006 2730/2341/1006 2731/2340/1005 

vn -0.24812 -0.934525 0.255147
f 2691/2347/1007 2690/2346/1006 2730/2345/1006 2729/2344/1007 

vn 0.00579629 -0.999965 -0.00596045
vn -0.696918 -0.0266177 0.716657
f 2728/2351/1008 2692/2350/1008 2691/2349/1009 2729/2348/1009 

vn 0.696872 -0.0289984 -0.716609
f 2692/2355/1008 2693/2354/1010 2727/2353/1010 2728/2352/1008 

vn 0.695355 -0.0720144 -0.715049
f 2693/2359/1010 2694/2358/1011 2726/2357/1011 2727/2356/1010 

vn 0.691521 -0.126985 -0.711107
f 2694/2363/1011 2695/2362/1012 2725/2361/1012 2726/2360/1011 

vn 0.683254 -0.198768 -0.702606
f 2695/2367/1012 2696/2366/1013 2724/2365/1013 2725/2364/1012 

vn 0.666257 -0.294453 -0.685127
f 2696/2371/1013 2697/2370/1014 2723/2369/1014 2724/2368/1013 

vn 0.631554 -0.423516 -0.649441
f 2697/2375/1014 2698/2374/1015 2722/2373/1015 2723/2372/1014 

vn 0.576096 -0.563171 -0.592412
f 2698/2379/1015 2699/2378/1016 2721/2377/1016 2722/2376/1015 

vn 0.520842 -0.664728 -0.535593
f 2699/2383/1016 2700/2382/1017 2720/2381/1017 2721/2380/1016 

vn 0.481373 -0.723359 -0.495007
f 2700/2387/1017 2701/2386/1018 2719/2385/1018 2720/2384/1017 

vn 0.452997 -0.760131 -0.465827
f 2701/2391/1018 2702/2390/1019 2718/2389/1019 2719/2388/1018 

vn 0.431871 -0.785023 -0.444102
f 2702/2395/1019 2703/2394/1020 2717/2393/1020 2718/2392/1019 

vn 0.559717 0.596185 -0.57557
f 2703/2399/1020 2704/2398/1021 2716/2397/1021 2717/2396/1020 

vn -0.4085 0.810352 0.420069
f 2705/2403/1022 2704/2402/1021 2716/2401/1021 2715/2400/1022 

vn 0.64741 -0.371001 -0.665747
vn 0.25869 0.928609 -0.266017
f 2706/2407/1023 2705/2406/1024 2715/2405/1024 2738/2404/1023 

vn -0.256555 -0.929827 0.263821
f 2706/2411/1023 2707/2410/1025 2737/2409/1025 2738/2408/1023 

f 2707/2415/1025 2679/2414/989 2709/2413/989 2737/2412/1025 

vn 0.250262 0.933349 -0.25735
f 2683/2325/1026 2684/2324/1000 2736/2323/1000 2714/2322/1026 

f 2680/2423/990 2681/2422/991 2712/2421/991 2708/2420/990 

vn -0.24826 -0.934448 0.255291
f 1849/2439/1027 1848/2438/999 2643/2437/999 2642/2436/1027 

vn -0.248797 -0.934154 0.255843
f 1850/2443/1028 1849/2442/1027 2642/2441/1027 2641/2440/1028 

vn -0.249588 -0.93372 0.256657
f 1851/2447/1029 1850/2446/1028 2641/2445/1028 2640/2444/1029 

vn -0.250872 -0.933012 0.257977
f 1852/2451/1030 1851/2450/1029 2640/2449/1029 2639/2448/1030 

vn -0.253339 -0.931639 0.260514
f 1853/2455/1031 1852/2454/1030 2639/2453/1030 2638/2452/1031 

vn -0.257839 -0.929096 0.265142
f 1854/2459/1032 1853/2458/1031 2638/2457/1031 2637/2456/1032 

vn -0.254553 -0.930958 0.261763
f 1855/2463/1033 1854/2462/1032 2637/2461/1032 2636/2460/1033 

vn -0.243631 -0.936951 0.250532
f 1856/2467/1034 1855/2466/1033 2636/2465/1033 2635/2464/1034 

vn -0.235819 -0.941055 0.242498
f 1857/2471/1035 1856/2470/1034 2635/2469/1034 2634/2468/1035 

vn -0.220527 -0.948653 0.226773
f 1858/2475/1036 1857/2474/1035 2634/2473/1035 2633/2472/1036 

vn -0.208188 -0.954372 0.214084
f 1859/2479/1037 1858/2478/1036 2633/2477/1036 2632/2476/1037 

vn -0.198904 0.958437 0.204537
f 2632/2483/1038 1859/2482/1038 1860/2481/1038 2631/2480/1038 

vn 0.252529 0.932092 -0.259681
vn 0.654882 -0.342961 -0.67343
f 1860/2487/1039 1861/2486/1040 2630/2485/1040 2631/2484/1039 

vn -0.224412 -0.946776 0.230768
f 1862/2491/1041 1861/2490/1040 2630/2489/1040 2629/2488/1041 

vn -0.222348 -0.947778 0.228646
f 1863/2495/1042 1862/2494/1041 2629/2493/1041 2628/2492/1042 

vn -0.661286 0.316669 0.680016
f 1864/2499/1043 1863/2498/1042 2628/2497/1042 2627/2496/1043 

vn 0.220097 0.948858 -0.226331
f 1864/2503/1043 1865/2502/1044 2626/2501/1044 2627/2500/1043 

vn 0.3138 -0.892974 -0.322688
f 1865/2507/1045 1866/2506/1045 2625/2505/1045 2626/2504/1045 

vn -0.597263 0.515812 0.614179
vn -0.561897 0.591951 0.577811
f 1867/2511/1046 1866/2510/1047 2625/2509/1047 2624/2508/1046 

vn -0.654654 0.343855 0.673195
f 1868/2515/1048 1867/2514/1046 2624/2513/1046 2623/2512/1048 

vn -0.689312 0.149674 0.708835
f 1869/2519/1049 1868/2518/1048 2623/2517/1048 2622/2516/1049 

vn -0.696363 -0.0479439 0.716086
f 1870/2523/1050 1869/2522/1049 2622/2521/1049 2621/2520/1050 

vn -0.678411 -0.230386 0.697625
f 1871/2527/1051 1870/2526/1050 2621/2525/1050 2620/2524/1051 

vn -0.651088 -0.357514 0.669528
f 1872/2531/1052 1871/2530/1051 2620/2529/1051 2619/2528/1052 

vn -0.661447 -0.315977 0.680181
f 1873/2535/1053 1872/2534/1052 2619/2533/1052 2618/2532/1053 

vn -0.689555 -0.147351 0.709085
f 1874/2539/1054 1873/2538/1053 2618/2537/1053 2617/2536/1054 

vn -0.697152 0.00618426 0.716897
f 1875/2543/1055 1874/2542/1054 2617/2541/1054 2616/2540/1055 

vn -0.690205 0.140948 0.709754
f 1876/2547/1056 1875/2546/1055 2616/2545/1055 2615/2544/1056 

vn -0.670631 0.273258 0.689625
f 1877/2551/1057 1876/2550/1056 2615/2549/1056 2614/2548/1057 

vn -0.631608 0.42335 0.649497
f 1878/2555/1058 1877/2554/1057 2614/2553/1057 2613/2552/1058 

vn -0.547267 0.619509 0.562767
f 1879/2559/1059 1878/2558/1058 2613/2557/1058 2612/2556/1059 

vn -0.481247 0.723531 0.494877
f 1880/2563/1060 1879/2562/1059 2612/2561/1059 2611/2560/1060 

vn -0.179412 0.96632 0.184494
vn -0.213359 0.952019 0.219402
f 1881/2567/1061 1880/2566/1062 2611/2565/1062 2610/2564/1061 

vn -0.15104 0.97625 0.155318
f 1882/2571/1063 1881/2570/1061 2610/2569/1061 2609/2568/1063 

vn -0.168371 0.970399 0.173139
f 1883/2575/1064 1882/2574/1063 2609/2573/1063 2608/2572/1064 

vn -0.196072 0.959637 0.201625
f 1884/2579/1065 1883/2578/1064 2608/2577/1064 2607/2576/1065 

vn 0.663186 0.308385 -0.68197
f 1885/2583/1066 1884/2582/1065 2607/2581/1065 2606/2580/1066 

vn 0.217589 -0.950047 -0.223752
f 1885/2587/1066 1886/2586/1067 2605/2585/1067 2606/2584/1066 

vn -0.186071 -0.963725 0.191341
vn 0.667571 -0.288264 -0.686478
f 1886/2591/1068 1887/2590/1069 2604/2589/1069 2605/2588/1068 

vn 0.219638 0.949077 -0.225858
f 1888/2595/1070 1887/2594/1069 2604/2593/1069 2603/2592/1070 

vn 0.225474 0.946257 -0.23186
f 1889/2599/1071 1888/2598/1070 2603/2597/1070 2602/2596/1071 

vn 0.228777 0.944624 -0.235257
f 1890/2603/1072 1889/2602/1071 2602/2601/1071 2601/2600/1072 

vn 0.231188 0.943416 -0.237736
f 1891/2607/1073 1890/2606/1072 2601/2605/1072 2600/2604/1073 

vn 0.233243 0.942375 -0.239849
f 1892/2611/1074 1891/2610/1073 2600/2609/1073 2599/2608/1074 

vn 0.235193 0.941377 -0.241854
f 1893/2615/1075 1892/2614/1074 2599/2613/1074 2598/2612/1075 

vn 0.237779 0.940039 -0.244514
f 1894/2619/1076 1893/2618/1075 2598/2617/1075 2597/2616/1076 

vn 0.244634 0.936414 -0.251562
f 1895/2623/1077 1894/2622/1076 2597/2621/1076 2596/2620/1077 

vn 0.254825 0.930805 -0.262042
f 1896/2627/1078 1895/2626/1077 2596/2625/1077 2595/2624/1078 

vn 0.26133 0.927087 -0.268731
f 1897/2631/1079 1896/2630/1078 2595/2629/1078 2594/2628/1079 

vn 0.261669 0.92689 -0.26908
f 1898/2635/1080 1897/2634/1079 2594/2633/1079 2593/2632/1080 

vn 0.258303 0.928831 -0.265619
f 1899/2639/1081 1898/2638/1080 2593/2637/1080 2592/2636/1081 

vn 0.254047 0.931243 -0.261242
f 1900/2643/1082 1899/2642/1081 2592/2641/1081 2591/2640/1082 

vn 0.250186 0.933391 -0.257272
f 1901/2647/1083 1900/2646/1082 2591/2645/1082 2590/2644/1083 

f 1902/2651/988 1901/2650/1083 2590/2649/1083 2589/2648/988 

vn -0.696496 0.0438108 0.716222
f 1903/2435/1084 2682/2434/1084 2711/2433/1084 2588/2432/1084 

vn -0.64681 0.37315 0.665129
f 1846/2655/1085 1845/2654/1085 2646/2653/1085 2645/2652/1085 

vn -0.372504 0.845287 0.383054
f 1845/2659/1086 1844/2658/1086 2647/2657/1086 2646/2656/1086 

vn 0.0239189 0.999411 -0.0245963
vn 0.127941 0.983017 -0.131564
f 1844/2663/1087 1843/2662/1088 2648/2661/1088 2647/2660/1087 

f 1843/2667/1088 1842/2666/561 2246/2665/561 2648/2664/1088 

vn 0.638201 -0.402494 -0.656276
f 2664/2085/1089 2663/2084/953 2665/2083/953 2678/2082/1089 

vn 0.656 0.338537 -0.674579
f 2649/2081/1090 2664/2080/1090 2678/2079/1090 2650/2078/1090 

g Mesh8 ___246_4 ___248_2 Model

v 254.77 21.325 -164.818
v 255.018 21.3614 -165.074
v 253.584 21.3614 -166.468
v 253.336 21.325 -166.213
f 2739/1/558 2740/2/559 2741/3/559 2742/4/558 

v 249.01 19.5638 -158.896
v 247.657 20.3111 -157.504
v 245.516 21.3793 -155.303
v 241.531 23.3679 -151.205
v 239.358 24.4525 -148.97
v 238.773 24.4812 -148.369
v 238.301 24.0531 -147.883
v 238.204 23.705 -147.783
v 238.418 23.5879 -148.004
v 239.267 23.1251 -148.877
v 240.506 22.449 -150.15
v 241.988 21.6376 -151.675
v 243.571 20.7689 -153.303
v 245.11 19.9209 -154.885
v 246.459 19.1716 -156.273
v 247.475 18.5988 -157.318
v 248.105 18.2347 -157.965
v 248.788 17.8611 -158.667
v 249.558 17.4585 -159.459
v 250.359 17.0512 -160.283
v 250.529 16.9752 -160.457
v 250.557 16.9874 -160.487
v 251.138 16.6635 -161.084
v 251.839 16.3197 -161.805
v 252.408 16.044 -162.389
v 252.789 15.8608 -162.782
v 252.928 15.7944 -162.925
v 252.89 15.7671 -162.886
v 252.839 15.6669 -162.833
v 252.805 15.5652 -162.798
v 252.787 15.4628 -162.779
v 252.783 15.3606 -162.776
v 252.793 15.2594 -162.786
v 252.816 15.16 -162.81
v 252.847 15.0602 -162.841
v 252.865 14.9499 -162.86
v 252.87 14.8336 -162.865
v 252.864 14.7178 -162.859
v 252.848 14.6092 -162.842
v 252.824 14.5142 -162.818
v 252.794 14.4394 -162.786
v 252.758 14.3913 -162.75
v 252.717 14.3719 -162.707
v 252.643 14.3495 -162.632
v 252.541 14.3157 -162.527
v 252.421 14.2696 -162.403
v 252.292 14.2104 -162.27
v 252.168 14.152 -162.143
v 252.088 14.1837 -162.06
v 251.898 14.2721 -161.866
v 251.613 14.4106 -161.572
v 251.245 14.593 -161.194
v 250.806 14.8128 -160.743
v 250.311 15.0637 -160.234
v 249.773 15.3393 -159.68
v 249.204 15.6332 -159.095
v 248.591 15.9542 -158.465
v 248.029 16.264 -157.887
v 247.476 16.5824 -157.318
v 246.82 16.9653 -156.644
v 245.949 17.4688 -155.748
v 244.748 18.1491 -154.513
v 243.106 19.0622 -152.824
v 240.909 20.2641 -150.565
v 238.044 21.8109 -147.619
v 238.029 21.3189 -147.603
v 237.974 19.5466 -147.547
v 238.354 19.3316 -147.938
v 239.361 18.7613 -148.973
v 240.797 17.948 -150.45
v 242.464 17.0039 -152.165
v 244.165 16.041 -153.913
v 245.7 15.1716 -155.492
v 246.872 14.5079 -156.697
v 247.483 14.162 -157.325
v 247.81 14.011 -157.661
v 249.158 13.4115 -159.048
v 251.357 12.4351 -161.309
v 254.115 11.2128 -164.145
v 257.14 9.87512 -167.256
v 260.142 8.55301 -170.343
v 262.83 7.37723 -173.107
v 264.911 6.47856 -175.247
v 266.174 5.95688 -176.546
v 267.403 5.50929 -177.809
v 268.796 5.0439 -179.242
v 270.254 4.5846 -180.741
v 271.673 4.15526 -182.201
v 272.953 3.77976 -183.517
v 273.994 3.48198 -184.587
v 274.692 3.2858 -185.305
v 274.947 3.21511 -185.567
v 274.954 3.2719 -185.575
v 274.983 3.4458 -185.605
v 275.153 3.58885 -185.779
v 275.229 3.65285 -185.857
v 275.747 4.08772 -186.39
v 276.064 4.35295 -186.715
v 276.068 4.57962 -186.72
v 276.072 5.06168 -186.724
v 276.074 5.35953 -186.727
v 276.247 5.52721 -186.904
v 276.637 5.99085 -187.305
v 276.925 6.59404 -187.601
v 276.851 7.16697 -187.525
v 276.565 7.58404 -187.231
v 276.372 7.76408 -187.033
v 276.473 7.9384 -187.136
v 276.742 8.45569 -187.413
v 277.032 9.17764 -187.711
v 277.182 9.84977 -187.865
v 277.182 10.2922 -187.865
v 277.147 10.5877 -187.829
v 277.189 10.8098 -187.873
v 277.325 10.9851 -188.013
v 277.504 11.1319 -188.196
v 277.612 11.3086 -188.308
v 277.571 11.538 -188.265
v 277.454 11.7329 -188.145
v 277.377 11.8656 -188.066
v 277.366 12.0146 -188.054
v 277.296 12.2039 -187.983
v 277.145 12.3226 -187.828
v 276.991 12.2415 -187.669
v 276.754 12.1223 -187.426
v 276.459 11.9561 -187.122
v 276.259 11.6417 -186.916
v 276.148 11.4236 -186.802
v 276.094 11.4489 -186.747
v 276.044 11.6818 -186.696
v 275.988 12.2029 -186.638
v 275.862 12.8099 -186.508
v 275.644 13.0751 -186.284
v 275.492 13.1357 -186.128
v 275.43 13.1025 -186.063
v 275.299 12.9751 -185.929
v 275.155 12.772 -185.781
v 275.081 12.5461 -185.705
v 275.082 12.3508 -185.706
v 275.04 12.1464 -185.663
v 274.924 11.8957 -185.544
v 274.822 11.611 -185.439
v 274.657 11.3312 -185.269
v 274.423 11.1158 -185.029
v 274.248 11.0198 -184.848
v 274.124 11.0299 -184.721
v 274.023 11.1627 -184.617
v 273.944 11.4469 -184.536
v 273.967 11.8188 -184.56
v 274.132 12.1294 -184.729
v 274.342 12.2521 -184.945
v 274.511 12.3577 -185.119
v 274.57 12.5665 -185.179
v 274.558 12.786 -185.167
v 274.562 12.9393 -185.171
v 274.652 13.0322 -185.264
v 274.777 13.206 -185.393
v 274.822 13.4385 -185.439
v 274.656 13.6308 -185.268
v 274.287 13.6784 -184.889
v 273.918 13.7351 -184.509
v 273.647 13.9601 -184.231
v 273.372 14.2829 -183.947
v 273.221 14.4283 -183.793
v 273.212 14.2604 -183.783
v 273.13 14.0657 -183.699
v 273.057 13.9478 -183.623
v 273.004 13.9168 -183.569
v 272.828 13.7965 -183.388
v 272.612 13.5597 -183.166
v 272.471 13.1854 -183.021
v 272.436 12.7397 -182.985
v 272.388 12.4018 -182.935
v 272.246 12.2749 -182.79
v 272.104 12.2128 -182.643
v 272.019 12.1901 -182.557
v 272.038 12.1057 -182.576
v 272.125 11.8188 -182.665
v 272.196 11.5824 -182.738
v 272.17 11.5518 -182.712
v 272.054 11.4926 -182.592
v 271.941 11.3727 -182.476
v 271.924 11.1568 -182.458
v 272.001 10.8482 -182.538
v 272.076 10.6306 -182.615
v 272.012 10.6474 -182.55
v 271.719 10.8039 -182.247
v 271.365 11.0208 -181.884
v 271.125 11.3039 -181.637
v 271.025 11.7436 -181.534
v 271.004 12.0678 -181.513
v 271.033 12.0886 -181.542
v 271.148 12.0516 -181.66
v 271.261 12.0255 -181.777
v 271.319 12.088 -181.836
v 271.398 12.3685 -181.917
v 271.452 12.8291 -181.974
v 271.418 13.4074 -181.938
v 271.263 13.9714 -181.779
v 271.045 14.3723 -181.555
v 270.828 14.5702 -181.331
v 270.662 14.8267 -181.161
v 270.574 15.018 -181.07
v 270.557 15.0306 -181.053
v 270.513 14.9796 -181.008
v 270.448 14.883 -180.941
v 270.341 14.7306 -180.831
v 270.106 14.4866 -180.589
v 269.861 14.1625 -180.337
v 269.734 13.7679 -180.206
v 269.701 13.326 -180.173
v 269.637 12.9347 -180.107
v 269.466 12.7052 -179.931
v 269.322 12.6627 -179.783
v 269.171 12.6526 -179.628
v 268.971 12.5616 -179.422
v 268.797 12.5023 -179.243
v 268.702 12.4273 -179.145
v 268.721 12.2994 -179.164
v 268.799 12.232 -179.245
v 268.848 12.2025 -179.296
v 268.817 12.1649 -179.263
v 268.802 12.0855 -179.249
v 268.806 11.9632 -179.252
v 268.812 11.8012 -179.259
v 268.83 11.5969 -179.277
v 268.848 11.3162 -179.295
v 268.78 10.9372 -179.226
v 268.395 10.5614 -178.83
v 267.978 10.3118 -178.401
v 267.831 10.2906 -178.249
v 267.877 10.4558 -178.297
v 268.02 10.7176 -178.444
v 268.166 10.9936 -178.594
v 268.187 11.2385 -178.616
v 268.156 11.4356 -178.584
v 268.173 11.6287 -178.602
v 268.254 12.0526 -178.685
v 268.276 12.5028 -178.708
v 268.138 12.7684 -178.565
v 267.965 13.0334 -178.387
v 267.846 13.3399 -178.265
v 267.869 13.6385 -178.289
v 268.111 13.7276 -178.538
v 268.392 13.7432 -178.826
v 268.523 13.857 -178.961
v 268.564 14.0348 -179.003
v 268.568 14.1719 -179.008
v 268.592 14.1955 -179.032
v 268.752 14.2305 -179.197
v 268.933 14.3933 -179.383
v 268.966 14.7323 -179.417
v 268.716 14.985 -179.16
v 268.356 15.1257 -178.79
v 268.083 15.2076 -178.509
v 267.902 15.3666 -178.323
v 267.761 15.6082 -178.177
v 267.613 15.8811 -178.025
v 267.422 15.9714 -177.829
v 267.192 15.9012 -177.592
v 266.929 15.7567 -177.322
v 266.656 15.6641 -177.041
v 266.462 15.5827 -176.842
v 266.43 15.4477 -176.809
v 266.481 15.2786 -176.862
v 266.538 15.1515 -176.92
v 266.541 15.1145 -176.924
v 266.476 15.004 -176.857
v 266.43 14.8242 -176.809
v 266.482 14.6347 -176.863
v 266.527 14.4964 -176.908
v 266.518 14.3858 -176.9
v 266.461 14.2471 -176.841
v 266.445 13.9438 -176.824
v 266.422 13.6075 -176.8
v 266.316 13.4111 -176.691
v 266.149 13.3581 -176.52
v 265.992 13.4377 -176.359
v 265.895 13.6379 -176.259
v 265.781 13.7529 -176.142
v 265.654 13.7488 -176.011
v 265.544 13.6394 -175.898
v 265.424 13.4187 -175.775
v 265.333 13.2977 -175.681
v 265.304 13.5054 -175.651
v 265.178 13.907 -175.522
v 265.077 14.3104 -175.418
v 265.182 14.5693 -175.525
v 265.347 14.6358 -175.695
v 265.478 14.6715 -175.83
v 265.541 14.8397 -175.895
v 265.54 15.023 -175.894
v 265.551 15.2082 -175.906
v 265.648 15.4459 -176.005
v 265.744 15.7197 -176.104
v 265.716 15.9971 -176.075
v 265.472 16.2467 -175.824
v 265.092 16.3682 -175.434
v 264.777 16.3931 -175.109
v 264.674 16.4176 -175.004
v 264.399 16.7288 -174.721
v 264.065 17.1064 -174.377
v 263.965 17.188 -174.274
v 263.93 16.8409 -174.238
v 263.886 16.4155 -174.193
v 263.873 16.2892 -174.179
v 263.857 16.2524 -174.163
v 263.784 16.0843 -174.088
v 263.62 15.6969 -173.919
v 263.484 15.254 -173.779
v 263.392 14.9159 -173.685
v 263.304 14.7914 -173.594
v 263.183 14.9702 -173.47
v 263.048 15.2639 -173.332
v 262.927 15.4299 -173.207
v 262.825 15.395 -173.102
v 262.746 15.1647 -173.02
v 262.701 14.7358 -172.974
v 262.794 14.3505 -173.07
v 262.963 14.1035 -173.244
v 263.08 13.9839 -173.364
v 263.021 13.8288 -173.304
v 262.847 13.6456 -173.124
v 262.648 13.5258 -172.92
v 262.33 13.5711 -172.593
v 261.985 13.7472 -172.238
v 261.804 13.9768 -172.052
v 261.819 14.1324 -172.067
v 261.943 14.3189 -172.195
v 262.1 14.6994 -172.356
v 262.134 15.0426 -172.392
v 262.052 15.3579 -172.307
v 261.927 15.8299 -172.179
v 261.883 16.4065 -172.133
v 261.936 16.9267 -172.188
v 262.059 17.2808 -172.314
v 262.172 17.5865 -172.43
v 262.24 17.8339 -172.5
v 262.252 17.9061 -172.512
v 262.072 17.8189 -172.328
v 261.706 17.7268 -171.951
v 261.245 17.7807 -171.477
v 260.917 18.0622 -171.14
v 260.766 18.3797 -170.985
v 260.738 18.4236 -170.956
v 260.746 18.0555 -170.964
v 260.762 17.1601 -170.98
v 260.661 16.3854 -170.877
v 260.38 15.9495 -170.588
v 259.93 15.6154 -170.125
v 259.554 15.7309 -169.738
v 259.289 16.2397 -169.466
v 259.012 16.7289 -169.18
v 258.555 17.1326 -168.711
v 258.023 17.5023 -168.164
v 257.621 17.7825 -167.75
v 257.513 18.0035 -167.64
v 257.611 18.2025 -167.74
v 257.766 18.3806 -167.899
v 258.043 18.5282 -168.185
v 258.296 18.6778 -168.445
v 258.211 18.8839 -168.357
v 258.154 19.2983 -168.299
v 258.326 19.8076 -168.475
v 258.55 20.1637 -168.705
v 258.878 20.4139 -169.043
v 259.161 20.6373 -169.334
v 259.065 20.7739 -169.235
v 258.651 20.6828 -168.81
v 258.224 20.4595 -168.371
v 257.967 20.3285 -168.106
v 257.994 20.5327 -168.134
v 258.155 20.8903 -168.3
v 258.239 21.0552 -168.386
v 258.131 21.0366 -168.275
v 257.798 20.8824 -167.933
v 257.18 20.4469 -167.297
v 256.598 19.4414 -166.698
v 256.219 18.3363 -166.308
v 255.916 17.9794 -165.997
v 255.7 18.292 -165.775
v 255.591 18.7305 -165.663
v 255.526 19.1559 -165.597
v 255.371 19.5308 -165.437
v 255.138 19.8645 -165.197
v 254.946 20.1189 -165
v 254.941 20.561 -164.994
v 255.057 21.1213 -165.114
v 255.06 21.1752 -165.117
v 255.077 21.1993 -165.135
v 255.112 21.3754 -165.17
v 254.503 21.4532 -164.544
v 254.264 21.6092 -164.298
v 253.896 21.3612 -163.92
v 253.569 20.6235 -163.583
v 253.446 19.8671 -163.457
v 253.427 19.5321 -163.438
v 253.371 19.5107 -163.38
v 253.21 19.3775 -163.215
v 252.948 19.029 -162.945
v 252.802 18.3897 -162.795
v 252.848 17.7201 -162.843
v 252.904 17.4139 -162.899
v 251.529 18.1726 -161.486
f 2743/5/560 2744/6/560 2745/7/560 2746/8/560 2747/9/560 2748/10/560 2749/11/560 2750/12/560 2751/13/560 2752/14/560 2753/15/560 2754/16/560 2755/17/560 2756/18/560 2757/19/560 2758/20/560 2759/21/560 2760/22/560 2761/23/560 2762/24/560 2763/25/560 2764/26/560 2765/27/560 2766/28/560 2767/29/560 2768/30/560 2769/31/560 2770/32/560 2771/33/560 2772/34/560 2773/35/560 2774/36/560 2775/37/560 2776/38/560 2777/39/560 2778/40/560 2779/41/560 2780/42/560 2781/43/560 2782/44/560 2783/45/560 2784/46/560 2785/47/560 2786/48/560 2787/49/560 2788/50/560 2789/51/560 2790/52/560 2791/53/560 2792/54/560 2793/55/560 2794/56/560 2795/57/560 2796/58/560 2797/59/560 2798/60/560 2799/61/560 2800/62/560 2801/63/560 2802/64/560 2803/65/560 2804/66/560 2805/67/560 2806/68/560 2807/69/560 2808/70/560 2809/71/560 2810/72/560 2811/73/560 2812/74/560 2813/75/560 2814/76/560 2815/77/560 2816/78/560 2817/79/560 2818/80/560 2819/81/560 2820/82/560 2821/83/560 2822/84/560 2823/85/560 2824/86/560 2825/87/560 2826/88/560 2827/89/560 2828/90/560 2829/91/560 2830/92/560 2831/93/560 2832/94/560 2833/95/560 2834/96/560 2835/97/560 2836/98/560 2837/99/560 2838/100/560 2839/101/560 2840/102/560 2841/103/560 2842/104/560 2843/105/560 2844/106/560 2845/107/560 2846/108/560 2847/109/560 2848/110/560 2849/111/560 2850/112/560 2851/113/560 2852/114/560 2853/115/560 2854/116/560 2855/117/560 2856/118/560 2857/119/560 2858/120/560 2859/121/560 2860/122/560 2861/123/560 2862/124/560 2863/125/560 2864/126/560 2865/127/560 2866/128/560 2867/129/560 2868/130/560 2869/131/560 2870/132/560 2871/133/560 2872/134/560 2873/135/560 2874/136/560 2875/137/560 2876/138/560 2877/139/560 2878/140/560 2879/141/560 2880/142/560 2881/143/560 2882/144/560 2883/145/560 2884/146/560 2885/147/560 2886/148/560 2887/149/560 2888/150/560 2889/151/560 2890/152/560 2891/153/560 2892/154/560 2893/155/560 2894/156/560 2895/157/560 2896/158/560 2897/159/560 2898/160/560 2899/161/560 2900/162/560 2901/163/560 2902/164/560 2903/165/560 2904/166/560 2905/167/560 2906/168/560 2907/169/560 2908/170/560 2909/171/560 2910/172/560 2911/173/560 2912/174/560 2913/175/560 2914/176/560 2915/177/560 2916/178/560 2917/179/560 2918/180/560 2919/181/560 2920/182/560 2921/183/560 2922/184/560 2923/185/560 2924/186/560 2925/187/560 2926/188/560 2927/189/560 2928/190/560 2929/191/560 2930/192/560 2931/193/560 2932/194/560 2933/195/560 2934/196/560 2935/197/560 2936/198/560 2937/199/560 2938/200/560 2939/201/560 2940/202/560 2941/203/560 2942/204/560 2943/205/560 2944/206/560 2945/207/560 2946/208/560 2947/209/560 2948/210/560 2949/211/560 2950/212/560 2951/213/560 2952/214/560 2953/215/560 2954/216/560 2955/217/560 2956/218/560 2957/219/560 2958/220/560 2959/221/560 2960/222/560 2961/223/560 2962/224/560 2963/225/560 2964/226/560 2965/227/560 2966/228/560 2967/229/560 2968/230/560 2969/231/560 2970/232/560 2971/233/560 2972/234/560 2973/235/560 2974/236/560 2975/237/560 2976/238/560 2977/239/560 2978/240/560 2979/241/560 2980/242/560 2981/243/560 2982/244/560 2983/245/560 2984/246/560 2985/247/560 2986/248/560 2987/249/560 2988/250/560 2989/251/560 2990/252/560 2991/253/560 2992/254/560 2993/255/560 2994/256/560 2995/257/560 2996/258/560 2997/259/560 2998/260/560 2999/261/560 3000/262/560 3001/263/560 3002/264/560 3003/265/560 3004/266/560 3005/267/560 3006/268/560 3007/269/560 3008/270/560 3009/271/560 3010/272/560 3011/273/560 3012/274/560 3013/275/560 3014/276/560 3015/277/560 3016/278/560 3017/279/560 3018/280/560 3019/281/560 3020/282/560 3021/283/560 3022/284/560 3023/285/560 3024/286/560 3025/287/560 3026/288/560 3027/289/560 3028/290/560 3029/291/560 3030/292/560 3031/293/560 3032/294/560 3033/295/560 3034/296/560 3035/297/560 3036/298/560 3037/299/560 3038/300/560 3039/301/560 3040/302/560 3041/303/560 3042/304/560 3043/305/560 3044/306/560 3045/307/560 3046/308/560 3047/309/560 3048/310/560 3049/311/560 3050/312/560 3051/313/560 3052/314/560 3053/315/560 3054/316/560 3055/317/560 3056/318/560 3057/319/560 3058/320/560 3059/321/560 3060/322/560 3061/323/560 3062/324/560 3063/325/560 3064/326/560 3065/327/560 3066/328/560 3067/329/560 3068/330/560 3069/331/560 3070/332/560 3071/333/560 3072/334/560 3073/335/560 3074/336/560 3075/337/560 3076/338/560 3077/339/560 3078/340/560 3079/341/560 3080/342/560 3081/343/560 3082/344/560 3083/345/560 3084/346/560 3085/347/560 3086/348/560 3087/349/560 3088/350/560 3089/351/560 3090/352/560 3091/353/560 3092/354/560 3093/355/560 3094/356/560 3095/357/560 3096/358/560 3097/359/560 3098/360/560 3099/361/560 3100/362/560 3101/363/560 3102/364/560 3103/365/560 3104/366/560 3105/367/560 3106/368/560 3107/369/560 3108/370/560 3109/371/560 3110/372/560 3111/373/560 3112/374/560 3113/375/560 3114/376/560 3115/377/560 3116/378/560 3117/379/560 3118/380/560 3119/381/560 3120/382/560 3121/383/560 3122/384/560 3123/385/560 3124/386/560 3125/387/560 3126/388/560 3127/389/560 3128/390/560 3129/391/560 3130/392/560 3131/393/560 3132/394/560 3133/395/560 2740/396/560 2739/397/560 3134/398/560 3135/399/560 3136/400/560 3137/401/560 3138/402/560 3139/403/560 3140/404/560 3141/405/560 3142/406/560 3143/407/560 3144/408/560 3145/409/560 3146/410/560 

v 247.576 19.5638 -160.29
v 246.223 20.3111 -158.898
f 2744/411/562 2743/412/563 3147/413/563 3148/414/562 

v 250.096 18.1726 -162.881
f 2743/412/563 3146/415/563 3149/416/563 3147/413/563 

v 251.47 17.4139 -164.294
f 3146/415/563 3145/417/563 3150/418/563 3149/416/563 

v 251.415 17.7201 -164.237
f 3145/419/564 3144/420/565 3151/421/565 3150/422/564 

v 251.368 18.3897 -164.189
f 3144/423/565 3143/424/566 3152/425/566 3151/426/565 

v 251.514 19.029 -164.339
f 3143/427/567 3142/428/567 3153/429/567 3152/430/567 

v 251.776 19.3775 -164.609
f 3142/431/568 3141/432/569 3154/433/569 3153/434/568 

v 251.937 19.5107 -164.774
f 3141/435/569 3140/436/570 3155/437/570 3154/438/569 

v 251.993 19.5321 -164.832
f 3140/439/570 3139/440/571 3156/441/571 3155/442/570 

v 252.012 19.8671 -164.851
f 3139/443/572 3138/444/573 3157/445/573 3156/446/572 

v 252.135 20.6235 -164.978
f 3138/447/573 3137/448/574 3158/449/574 3157/450/573 

v 252.462 21.3612 -165.315
f 3137/451/574 3136/452/575 3159/453/575 3158/454/574 

v 252.83 21.6092 -165.693
f 3136/455/576 3135/456/576 3160/457/576 3159/458/576 

v 253.069 21.4532 -165.939
f 3135/459/577 3134/460/578 3161/461/578 3160/462/577 

f 3134/463/578 2739/464/579 2742/465/579 3161/466/578 

v 253.678 21.3754 -166.565
v 253.643 21.1993 -166.529
v 253.626 21.1752 -166.512
v 253.624 21.1213 -166.509
v 253.507 20.561 -166.389
v 253.512 20.1189 -166.394
v 253.704 19.8645 -166.591
v 253.937 19.5308 -166.831
v 254.093 19.1559 -166.991
v 254.157 18.7305 -167.058
v 254.266 18.292 -167.169
v 254.482 17.9794 -167.391
v 254.785 18.3363 -167.703
v 255.164 19.4414 -168.093
v 255.746 20.4469 -168.691
v 256.365 20.8824 -169.327
v 256.698 21.0366 -169.67
v 256.805 21.0552 -169.78
v 256.722 20.8903 -169.694
v 256.56 20.5327 -169.528
v 256.533 20.3285 -169.5
v 256.791 20.4595 -169.765
v 257.218 20.6828 -170.205
v 257.631 20.7739 -170.63
v 257.727 20.6373 -170.729
v 257.444 20.4139 -170.437
v 257.116 20.1637 -170.1
v 256.892 19.8076 -169.87
v 256.72 19.2983 -169.693
v 256.777 18.8839 -169.752
v 256.862 18.6778 -169.839
v 256.61 18.5282 -169.579
v 256.332 18.3806 -169.294
v 256.177 18.2025 -169.135
v 256.08 18.0035 -169.034
v 256.187 17.7825 -169.145
v 256.589 17.5023 -169.558
v 257.122 17.1326 -170.106
v 257.578 16.7289 -170.575
v 257.855 16.2397 -170.86
v 258.12 15.7309 -171.133
v 258.496 15.6154 -171.519
v 258.946 15.9495 -171.982
v 259.227 16.3854 -172.271
v 259.328 17.1601 -172.375
v 259.312 18.0555 -172.358
v 259.304 18.4236 -172.35
v 259.333 18.3797 -172.379
v 259.483 18.0622 -172.534
v 259.811 17.7807 -172.871
v 260.272 17.7268 -173.346
v 260.638 17.8189 -173.722
v 260.818 17.9061 -173.907
v 260.806 17.8339 -173.895
v 260.738 17.5865 -173.825
v 260.625 17.2808 -173.708
v 260.502 16.9267 -173.582
v 260.449 16.4065 -173.527
v 260.494 15.8299 -173.573
v 260.619 15.3579 -173.702
v 260.701 15.0426 -173.786
v 260.666 14.6994 -173.75
v 260.509 14.3189 -173.589
v 260.385 14.1324 -173.461
v 260.37 13.9768 -173.446
v 260.551 13.7472 -173.633
v 260.896 13.5711 -173.987
v 261.215 13.5258 -174.315
v 261.413 13.6456 -174.519
v 261.587 13.8288 -174.698
v 261.646 13.9839 -174.758
v 261.529 14.1035 -174.638
v 261.36 14.3505 -174.465
v 261.267 14.7358 -174.368
v 261.312 15.1647 -174.415
v 261.391 15.395 -174.497
v 261.493 15.4299 -174.601
v 261.615 15.2639 -174.726
v 261.749 14.9702 -174.865
v 261.87 14.7914 -174.989
v 261.959 14.9159 -175.08
v 262.05 15.254 -175.174
v 262.186 15.6969 -175.313
v 262.35 16.0843 -175.482
v 262.423 16.2524 -175.557
v 262.439 16.2892 -175.574
v 262.452 16.4155 -175.587
v 262.496 16.8409 -175.632
v 262.531 17.188 -175.669
v 262.631 17.1064 -175.771
v 262.965 16.7288 -176.115
v 263.241 16.4176 -176.398
v 263.343 16.3931 -176.503
v 263.659 16.3682 -176.828
v 264.038 16.2467 -177.218
v 264.282 15.9971 -177.469
v 264.31 15.7197 -177.498
v 264.215 15.4459 -177.4
v 264.118 15.2082 -177.3
v 264.106 15.023 -177.288
v 264.107 14.8397 -177.289
v 264.044 14.6715 -177.224
v 263.913 14.6358 -177.09
v 263.748 14.5693 -176.92
v 263.644 14.3104 -176.812
v 263.744 13.907 -176.916
v 263.87 13.5054 -177.045
v 263.899 13.2977 -177.075
v 263.991 13.4187 -177.169
v 264.11 13.6394 -177.292
v 264.22 13.7488 -177.406
v 264.347 13.7529 -177.536
v 264.462 13.6379 -177.654
v 264.559 13.4377 -177.753
v 264.716 13.3581 -177.915
v 264.882 13.4111 -178.086
v 264.988 13.6075 -178.195
v 265.011 13.9438 -178.218
v 265.027 14.2471 -178.235
v 265.085 14.3858 -178.294
v 265.093 14.4964 -178.303
v 265.049 14.6347 -178.257
v 264.996 14.8242 -178.204
v 265.042 15.004 -178.251
v 265.108 15.1145 -178.318
v 265.104 15.1515 -178.315
v 265.047 15.2786 -178.256
v 264.996 15.4477 -178.204
v 265.028 15.5827 -178.236
v 265.222 15.6641 -178.435
v 265.495 15.7567 -178.716
v 265.758 15.9012 -178.987
v 265.988 15.9714 -179.224
v 266.179 15.8811 -179.42
v 266.327 15.6082 -179.572
v 266.469 15.3666 -179.717
v 266.649 15.2076 -179.903
v 266.923 15.1257 -180.184
v 267.283 14.985 -180.555
v 267.533 14.7323 -180.812
v 267.499 14.3933 -180.777
v 267.318 14.2305 -180.591
v 267.158 14.1955 -180.427
v 267.135 14.1719 -180.402
v 267.13 14.0348 -180.398
v 267.089 13.857 -180.356
v 266.958 13.7432 -180.22
v 266.678 13.7276 -179.932
v 266.435 13.6385 -179.683
v 266.412 13.3399 -179.659
v 266.531 13.0334 -179.781
v 266.704 12.7684 -179.96
v 266.842 12.5028 -180.102
v 266.82 12.0526 -180.079
v 266.739 11.6287 -179.996
v 266.722 11.4356 -179.978
v 266.753 11.2385 -180.01
v 266.732 10.9936 -179.989
v 266.586 10.7176 -179.839
v 266.443 10.4558 -179.691
v 266.397 10.2906 -179.644
v 266.544 10.3118 -179.795
v 266.961 10.5614 -180.224
v 267.346 10.9372 -180.62
v 267.414 11.3162 -180.69
v 267.396 11.5969 -180.672
v 267.378 11.8012 -180.653
v 267.372 11.9632 -180.646
v 267.369 12.0855 -180.643
v 267.383 12.1649 -180.657
v 267.415 12.2025 -180.69
v 267.365 12.232 -180.639
v 267.287 12.2994 -180.559
v 267.268 12.4273 -180.54
v 267.363 12.5023 -180.638
v 267.537 12.5616 -180.817
v 267.737 12.6526 -181.022
v 267.889 12.6627 -181.178
v 268.032 12.7052 -181.325
v 268.204 12.9347 -181.502
v 268.268 13.326 -181.567
v 268.3 13.7679 -181.601
v 268.427 14.1625 -181.732
v 268.672 14.4866 -181.984
v 268.908 14.7306 -182.226
v 269.015 14.883 -182.336
v 269.08 14.9796 -182.402
v 269.123 15.0306 -182.447
v 269.14 15.018 -182.464
v 269.228 14.8267 -182.555
v 269.394 14.5702 -182.726
v 269.611 14.3723 -182.949
v 269.829 13.9714 -183.173
v 269.984 13.4074 -183.332
v 270.019 12.8291 -183.368
v 269.964 12.3685 -183.312
v 269.885 12.088 -183.231
v 269.828 12.0255 -183.172
v 269.714 12.0516 -183.055
v 269.599 12.0886 -182.937
v 269.571 12.0678 -182.907
v 269.591 11.7436 -182.928
v 269.691 11.3039 -183.031
v 269.931 11.0208 -183.278
v 270.285 10.8039 -183.642
v 270.579 10.6474 -183.944
v 270.643 10.6306 -184.01
v 270.568 10.8482 -183.932
v 270.49 11.1568 -183.853
v 270.507 11.3727 -183.87
v 270.62 11.4926 -183.987
v 270.736 11.5518 -184.106
v 270.762 11.5824 -184.132
v 270.691 11.8188 -184.059
v 270.605 12.1057 -183.971
v 270.586 12.1901 -183.951
v 270.67 12.2128 -184.038
v 270.812 12.2749 -184.184
v 270.954 12.4018 -184.33
v 271.002 12.7397 -184.379
v 271.037 13.1854 -184.416
v 271.178 13.5597 -184.561
v 271.394 13.7965 -184.782
v 271.57 13.9168 -184.964
v 271.623 13.9478 -185.018
v 271.696 14.0657 -185.093
v 271.779 14.2604 -185.178
v 271.787 14.4283 -185.187
v 271.938 14.2829 -185.342
v 272.213 13.9601 -185.625
v 272.484 13.7351 -185.903
v 272.854 13.6784 -186.283
v 273.222 13.6308 -186.662
v 273.388 13.4385 -186.833
v 273.344 13.206 -186.787
v 273.219 13.0322 -186.659
v 273.128 12.9393 -186.565
v 273.124 12.786 -186.561
v 273.136 12.5665 -186.573
v 273.077 12.3577 -186.513
v 272.908 12.2521 -186.34
v 272.698 12.1294 -186.124
v 272.533 11.8188 -185.954
v 272.511 11.4469 -185.931
v 272.589 11.1627 -186.011
v 272.69 11.0299 -186.115
v 272.814 11.0198 -186.243
v 272.99 11.1158 -186.423
v 273.223 11.3312 -186.663
v 273.389 11.611 -186.833
v 273.49 11.8957 -186.938
v 273.606 12.1464 -187.057
v 273.648 12.3508 -187.101
v 273.647 12.5461 -187.1
v 273.721 12.772 -187.175
v 273.865 12.9751 -187.323
v 273.996 13.1025 -187.458
v 274.058 13.1357 -187.522
v 274.211 13.0751 -187.679
v 274.428 12.8099 -187.902
v 274.554 12.2029 -188.032
v 274.61 11.6818 -188.09
v 274.66 11.4489 -188.141
v 274.714 11.4236 -188.197
v 274.825 11.6417 -188.311
v 275.025 11.9561 -188.516
v 275.32 12.1223 -188.82
v 275.557 12.2415 -189.064
v 275.711 12.3226 -189.222
v 275.862 12.2039 -189.377
v 275.932 12.0146 -189.449
v 275.943 11.8656 -189.46
v 276.02 11.7329 -189.539
v 276.137 11.538 -189.66
v 276.178 11.3086 -189.702
v 276.07 11.1319 -189.591
v 275.891 10.9851 -189.407
v 275.756 10.8098 -189.267
v 275.713 10.5877 -189.223
v 275.748 10.2922 -189.26
v 275.748 9.84977 -189.259
v 275.598 9.17764 -189.105
v 275.308 8.45569 -188.807
v 275.039 7.9384 -188.53
v 274.939 7.76408 -188.427
v 275.131 7.58404 -188.626
v 275.417 7.16697 -188.92
v 275.491 6.59404 -188.995
v 275.203 5.99085 -188.7
v 274.813 5.52721 -188.298
v 274.641 5.35953 -188.121
v 274.638 5.06168 -188.118
v 274.634 4.57962 -188.114
v 274.63 4.35295 -188.11
v 274.314 4.08772 -187.785
v 273.795 3.65285 -187.252
v 273.719 3.58885 -187.173
v 273.55 3.4458 -186.999
v 273.52 3.2719 -186.969
v 273.513 3.21511 -186.962
v 273.258 3.2858 -186.699
v 272.56 3.48198 -185.981
v 271.52 3.77976 -184.912
v 270.239 4.15526 -183.595
v 268.82 4.5846 -182.135
v 267.363 5.0439 -180.637
v 265.969 5.50929 -179.204
v 264.74 5.95688 -177.94
v 263.478 6.47856 -176.642
v 261.396 7.37723 -174.501
v 258.709 8.55301 -171.738
v 255.706 9.87512 -168.65
v 252.681 11.2128 -165.539
v 249.923 12.4351 -162.703
v 247.724 13.4115 -160.442
v 246.376 14.011 -159.056
v 246.049 14.162 -158.719
v 245.438 14.5079 -158.091
v 244.266 15.1716 -156.886
v 242.731 16.041 -155.307
v 241.031 17.0039 -153.559
v 239.363 17.948 -151.845
v 237.927 18.7613 -150.368
v 236.92 19.3316 -149.332
v 236.541 19.5466 -148.942
v 236.595 21.3189 -148.998
v 236.61 21.8109 -149.013
v 239.475 20.2641 -151.959
v 241.672 19.0622 -154.218
v 243.314 18.1491 -155.907
v 244.515 17.4688 -157.142
v 245.387 16.9653 -158.038
v 246.042 16.5824 -158.713
v 246.595 16.264 -159.281
v 247.158 15.9542 -159.859
v 247.77 15.6332 -160.489
v 248.339 15.3393 -161.074
v 248.877 15.0637 -161.628
v 249.372 14.8128 -162.137
v 249.811 14.593 -162.588
v 250.179 14.4106 -162.967
v 250.465 14.2721 -163.26
v 250.654 14.1837 -163.455
v 250.734 14.152 -163.537
v 250.858 14.2104 -163.664
v 250.987 14.2696 -163.797
v 251.107 14.3157 -163.921
v 251.209 14.3495 -164.026
v 251.283 14.3719 -164.101
v 251.325 14.3913 -164.145
v 251.36 14.4394 -164.181
v 251.39 14.5142 -164.212
v 251.414 14.6092 -164.237
v 251.43 14.7178 -164.253
v 251.436 14.8336 -164.259
v 251.431 14.9499 -164.254
v 251.413 15.0602 -164.235
v 251.382 15.16 -164.204
v 251.36 15.2594 -164.18
v 251.349 15.3606 -164.17
v 251.353 15.4628 -164.173
v 251.371 15.5652 -164.192
v 251.405 15.6669 -164.228
v 251.457 15.7671 -164.28
v 251.494 15.7944 -164.319
v 251.355 15.8608 -164.176
v 250.974 16.044 -163.784
v 250.405 16.3197 -163.199
v 249.704 16.6635 -162.478
v 249.123 16.9874 -161.881
v 249.095 16.9752 -161.852
v 248.926 17.0512 -161.678
v 248.124 17.4585 -160.853
v 247.354 17.8611 -160.062
v 246.671 18.2347 -159.359
v 246.042 18.5988 -158.712
v 245.026 19.1716 -157.667
v 243.676 19.9209 -156.279
v 242.138 20.7689 -154.697
v 240.555 21.6376 -153.069
v 239.072 22.449 -151.545
v 237.834 23.1251 -150.271
v 236.985 23.5879 -149.398
v 236.77 23.705 -149.177
v 236.867 24.0531 -149.278
v 237.34 24.4812 -149.763
v 237.924 24.4525 -150.364
v 240.097 23.3679 -152.599
v 244.082 21.3793 -156.697
f 3148/467/580 3147/468/580 3149/469/580 3150/470/580 3151/471/580 3152/472/580 3153/473/580 3154/474/580 3155/475/580 3156/476/580 3157/477/580 3158/478/580 3159/479/580 3160/480/580 3161/481/580 2742/482/580 2741/483/580 3162/484/580 3163/485/580 3164/486/580 3165/487/580 3166/488/580 3167/489/580 3168/490/580 3169/491/580 3170/492/580 3171/493/580 3172/494/580 3173/495/580 3174/496/580 3175/497/580 3176/498/580 3177/499/580 3178/500/580 3179/501/580 3180/502/580 3181/503/580 3182/504/580 3183/505/580 3184/506/580 3185/507/580 3186/508/580 3187/509/580 3188/510/580 3189/511/580 3190/512/580 3191/513/580 3192/514/580 3193/515/580 3194/516/580 3195/517/580 3196/518/580 3197/519/580 3198/520/580 3199/521/580 3200/522/580 3201/523/580 3202/524/580 3203/525/580 3204/526/580 3205/527/580 3206/528/580 3207/529/580 3208/530/580 3209/531/580 3210/532/580 3211/533/580 3212/534/580 3213/535/580 3214/536/580 3215/537/580 3216/538/580 3217/539/580 3218/540/580 3219/541/580 3220/542/580 3221/543/580 3222/544/580 3223/545/580 3224/546/580 3225/547/580 3226/548/580 3227/549/580 3228/550/580 3229/551/580 3230/552/580 3231/553/580 3232/554/580 3233/555/580 3234/556/580 3235/557/580 3236/558/580 3237/559/580 3238/560/580 3239/561/580 3240/562/580 3241/563/580 3242/564/580 3243/565/580 3244/566/580 3245/567/580 3246/568/580 3247/569/580 3248/570/580 3249/571/580 3250/572/580 3251/573/580 3252/574/580 3253/575/580 3254/576/580 3255/577/580 3256/578/580 3257/579/580 3258/580/580 3259/581/580 3260/582/580 3261/583/580 3262/584/580 3263/585/580 3264/586/580 3265/587/580 3266/588/580 3267/589/580 3268/590/580 3269/591/580 3270/592/580 3271/593/580 3272/594/580 3273/595/580 3274/596/580 3275/597/580 3276/598/580 3277/599/580 3278/600/580 3279/601/580 3280/602/580 3281/603/580 3282/604/580 3283/605/580 3284/606/580 3285/607/580 3286/608/580 3287/609/580 3288/610/580 3289/611/580 3290/612/580 3291/613/580 3292/614/580 3293/615/580 3294/616/580 3295/617/580 3296/618/580 3297/619/580 3298/620/580 3299/621/580 3300/622/580 3301/623/580 3302/624/580 3303/625/580 3304/626/580 3305/627/580 3306/628/580 3307/629/580 3308/630/580 3309/631/580 3310/632/580 3311/633/580 3312/634/580 3313/635/580 3314/636/580 3315/637/580 3316/638/580 3317/639/580 3318/640/580 3319/641/580 3320/642/580 3321/643/580 3322/644/580 3323/645/580 3324/646/580 3325/647/580 3326/648/580 3327/649/580 3328/650/580 3329/651/580 3330/652/580 3331/653/580 3332/654/580 3333/655/580 3334/656/580 3335/657/580 3336/658/580 3337/659/580 3338/660/580 3339/661/580 3340/662/580 3341/663/580 3342/664/580 3343/665/580 3344/666/580 3345/667/580 3346/668/580 3347/669/580 3348/670/580 3349/671/580 3350/672/580 3351/673/580 3352/674/580 3353/675/580 3354/676/580 3355/677/580 3356/678/580 3357/679/580 3358/680/580 3359/681/580 3360/682/580 3361/683/580 3362/684/580 3363/685/580 3364/686/580 3365/687/580 3366/688/580 3367/689/580 3368/690/580 3369/691/580 3370/692/580 3371/693/580 3372/694/580 3373/695/580 3374/696/580 3375/697/580 3376/698/580 3377/699/580 3378/700/580 3379/701/580 3380/702/580 3381/703/580 3382/704/580 3383/705/580 3384/706/580 3385/707/580 3386/708/580 3387/709/580 3388/710/580 3389/711/580 3390/712/580 3391/713/580 3392/714/580 3393/715/580 3394/716/580 3395/717/580 3396/718/580 3397/719/580 3398/720/580 3399/721/580 3400/722/580 3401/723/580 3402/724/580 3403/725/580 3404/726/580 3405/727/580 3406/728/580 3407/729/580 3408/730/580 3409/731/580 3410/732/580 3411/733/580 3412/734/580 3413/735/580 3414/736/580 3415/737/580 3416/738/580 3417/739/580 3418/740/580 3419/741/580 3420/742/580 3421/743/580 3422/744/580 3423/745/580 3424/746/580 3425/747/580 3426/748/580 3427/749/580 3428/750/580 3429/751/580 3430/752/580 3431/753/580 3432/754/580 3433/755/580 3434/756/580 3435/757/580 3436/758/580 3437/759/580 3438/760/580 3439/761/580 3440/762/580 3441/763/580 3442/764/580 3443/765/580 3444/766/580 3445/767/580 3446/768/580 3447/769/580 3448/770/580 3449/771/580 3450/772/580 3451/773/580 3452/774/580 3453/775/580 3454/776/580 3455/777/580 3456/778/580 3457/779/580 3458/780/580 3459/781/580 3460/782/580 3461/783/580 3462/784/580 3463/785/580 3464/786/580 3465/787/580 3466/788/580 3467/789/580 3468/790/580 3469/791/580 3470/792/580 3471/793/580 3472/794/580 3473/795/580 3474/796/580 3475/797/580 3476/798/580 3477/799/580 3478/800/580 3479/801/580 3480/802/580 3481/803/580 3482/804/580 3483/805/580 3484/806/580 3485/807/580 3486/808/580 3487/809/580 3488/810/580 3489/811/580 3490/812/580 3491/813/580 3492/814/580 3493/815/580 3494/816/580 3495/817/580 3496/818/580 3497/819/580 3498/820/580 3499/821/580 3500/822/580 3501/823/580 3502/824/580 3503/825/580 3504/826/580 3505/827/580 3506/828/580 3507/829/580 3508/830/580 3509/831/580 3510/832/580 3511/833/580 3512/834/580 3513/835/580 3514/836/580 3515/837/580 3516/838/580 3517/839/580 3518/840/580 3519/841/580 3520/842/580 3521/843/580 3522/844/580 3523/845/580 3524/846/580 3525/847/580 3526/848/580 3527/849/580 3528/850/580 3529/851/580 3530/852/580 3531/853/580 3532/854/580 3533/855/580 3534/856/580 3535/857/580 3536/858/580 3537/859/580 3538/860/580 3539/861/580 3540/862/580 3541/863/580 3542/864/580 3543/865/580 3544/866/580 3545/867/580 3546/868/580 3547/869/580 3548/870/580 3549/871/580 3550/872/580 

f 2740/873/559 3133/874/581 3162/875/581 2741/876/559 

f 3133/877/582 3132/878/582 3163/879/582 3162/880/582 

f 3132/881/583 3131/882/583 3164/883/583 3163/884/583 

f 3131/885/584 3130/886/585 3165/887/585 3164/888/584 

f 3130/889/585 3129/890/586 3166/891/586 3165/892/585 

f 3129/893/586 3128/894/587 3167/895/587 3166/896/586 

f 3128/897/588 3127/898/589 3168/899/589 3167/900/588 

f 3127/901/589 3126/902/590 3169/903/590 3168/904/589 

f 3126/905/590 3125/906/591 3170/907/591 3169/908/590 

f 3125/909/591 3124/910/592 3171/911/592 3170/912/591 

f 3124/913/592 3123/914/593 3172/915/593 3171/916/592 

f 3123/917/594 3122/918/594 3173/919/594 3172/920/594 

f 3122/921/595 3121/922/595 3174/923/595 3173/924/595 

f 3121/925/596 3120/926/597 3175/927/597 3174/928/596 

f 3120/929/597 3119/930/598 3176/931/598 3175/932/597 

f 3119/933/599 3118/934/600 3177/935/600 3176/936/599 

f 3118/937/600 3117/938/601 3178/939/601 3177/940/600 

f 3117/941/601 3116/942/602 3179/943/602 3178/944/601 

f 3116/945/603 3115/946/604 3180/947/604 3179/948/603 

f 3115/949/604 3114/950/605 3181/951/605 3180/952/604 

f 3114/953/606 3113/954/606 3182/955/606 3181/956/606 

f 3113/957/607 3112/958/608 3183/959/608 3182/960/607 

f 3112/961/608 3111/962/609 3184/963/609 3183/964/608 

f 3111/965/609 3110/966/610 3185/967/610 3184/968/609 

f 3110/969/611 3109/970/611 3186/971/611 3185/972/611 

f 3109/973/612 3108/974/613 3187/975/613 3186/976/612 

f 3108/977/613 3107/978/614 3188/979/614 3187/980/613 

f 3107/981/615 3106/982/616 3189/983/616 3188/984/615 

f 3106/985/616 3105/986/617 3190/987/617 3189/988/616 

f 3105/989/618 3104/990/619 3191/991/619 3190/992/618 

f 3104/993/619 3103/994/620 3192/995/620 3191/996/619 

f 3103/997/621 3102/998/622 3193/999/622 3192/1000/621 

f 3102/1001/622 3101/1002/623 3194/1003/623 3193/1004/622 

f 3101/1005/623 3100/1006/624 3195/1007/624 3194/1008/623 

f 3100/1009/624 3099/1010/625 3196/1011/625 3195/1012/624 

f 3099/1013/626 3098/1014/626 3197/1015/626 3196/1016/626 

f 3098/1017/627 3097/1018/628 3198/1019/628 3197/1020/627 

f 3097/1021/628 3096/1022/629 3199/1023/629 3198/1024/628 

f 3096/1025/629 3095/1026/630 3200/1027/630 3199/1028/629 

f 3095/1029/630 3094/1030/631 3201/1031/631 3200/1032/630 

f 3094/1033/631 3093/1034/632 3202/1035/632 3201/1036/631 

f 3093/1037/633 3092/1038/633 3203/1039/633 3202/1040/633 

f 3092/1041/634 3091/1042/635 3204/1043/635 3203/1044/634 

f 3091/1045/635 3090/1046/636 3205/1047/636 3204/1048/635 

f 3090/1049/637 3089/1050/638 3206/1051/638 3205/1052/637 

f 3089/1053/638 3088/1054/639 3207/1055/639 3206/1056/638 

f 3088/1057/639 3087/1058/640 3208/1059/640 3207/1060/639 

f 3087/1061/641 3086/1062/642 3209/1063/642 3208/1064/641 

f 3086/1065/642 3085/1066/643 3210/1067/643 3209/1068/642 

f 3085/1069/644 3084/1070/644 3211/1071/644 3210/1072/644 

f 3084/1073/645 3083/1074/646 3212/1075/646 3211/1076/645 

f 3083/1077/646 3082/1078/647 3213/1079/647 3212/1080/646 

f 3082/1081/647 3081/1082/648 3214/1083/648 3213/1084/647 

f 3081/1085/649 3080/1086/650 3215/1087/650 3214/1088/649 

f 3080/1089/650 3079/1090/651 3216/1091/651 3215/1092/650 

f 3079/1093/651 3078/1094/652 3217/1095/652 3216/1096/651 

f 3078/1097/652 3077/1098/653 3218/1099/653 3217/1100/652 

f 3077/1101/653 3076/1102/654 3219/1103/654 3218/1104/653 

f 3076/1105/654 3075/1106/655 3220/1107/655 3219/1108/654 

f 3075/1109/655 3074/1110/656 3221/1111/656 3220/1112/655 

f 3074/1113/656 3073/1114/657 3222/1115/657 3221/1116/656 

f 3073/1117/658 3072/1118/658 3223/1119/658 3222/1120/658 

f 3072/1121/659 3071/1122/660 3224/1123/660 3223/1124/659 

f 3071/1125/660 3070/1126/661 3225/1127/661 3224/1128/660 

f 3070/1129/662 3069/1130/662 3226/1131/662 3225/1132/662 

f 3069/1133/663 3068/1134/663 3227/1135/663 3226/1136/663 

f 3068/1137/664 3067/1138/665 3228/1139/665 3227/1140/664 

f 3067/1141/665 3066/1142/666 3229/1143/666 3228/1144/665 

f 3066/1145/667 3065/1146/668 3230/1147/668 3229/1148/667 

f 3065/1149/668 3064/1150/669 3231/1151/669 3230/1152/668 

f 3064/1153/670 3063/1154/670 3232/1155/670 3231/1156/670 

f 3063/1157/671 3062/1158/672 3233/1159/672 3232/1160/671 

f 3062/1161/672 3061/1162/673 3234/1163/673 3233/1164/672 

f 3061/1165/674 3060/1166/674 3235/1167/674 3234/1168/674 

f 3060/1169/675 3059/1170/676 3236/1171/676 3235/1172/675 

f 3059/1173/676 3058/1174/677 3237/1175/677 3236/1176/676 

f 3058/1177/678 3057/1178/678 3238/1179/678 3237/1180/678 

f 3057/1181/679 3056/1182/680 3239/1183/680 3238/1184/679 

f 3056/1185/680 3055/1186/681 3240/1187/681 3239/1188/680 

f 3055/1189/681 3054/1190/682 3241/1191/682 3240/1192/681 

f 3054/1193/683 3053/1194/683 3242/1195/683 3241/1196/683 

f 3053/1197/684 3052/1198/685 3243/1199/685 3242/1200/684 

f 3052/1201/685 3051/1202/686 3244/1203/686 3243/1204/685 

f 3051/1205/686 3050/1206/687 3245/1207/687 3244/1208/686 

f 3050/1209/687 3049/1210/688 3246/1211/688 3245/1212/687 

f 3049/1210/688 3048/1213/688 3247/1214/688 3246/1211/688 

f 3048/1215/689 3047/1216/690 3248/1217/690 3247/1218/689 

f 3047/1219/690 3046/1220/691 3249/1221/691 3248/1222/690 

f 3046/1220/691 3045/1223/691 3250/1224/691 3249/1221/691 

f 3045/1225/692 3044/1226/693 3251/1227/693 3250/1228/692 

f 3044/1229/693 3043/1230/694 3252/1231/694 3251/1232/693 

f 3043/1230/694 3042/1233/694 3253/1234/694 3252/1231/694 

f 3042/1235/695 3041/1236/696 3254/1237/696 3253/1238/695 

f 3041/1239/696 3040/1240/697 3255/1241/697 3254/1242/696 

f 3040/1243/697 3039/1244/698 3256/1245/698 3255/1246/697 

f 3039/1247/699 3038/1248/699 3257/1249/699 3256/1250/699 

f 3038/1251/700 3037/1252/700 3258/1253/700 3257/1254/700 

f 3037/1255/701 3036/1256/702 3259/1257/702 3258/1258/701 

f 3036/1259/702 3035/1260/703 3260/1261/703 3259/1262/702 

f 3035/1263/704 3034/1264/705 3261/1265/705 3260/1266/704 

f 3034/1267/705 3033/1268/706 3262/1269/706 3261/1270/705 

f 3033/1271/707 3032/1272/707 3263/1273/707 3262/1274/707 

f 3032/1275/708 3031/1276/709 3264/1277/709 3263/1278/708 

f 3031/1279/709 3030/1280/710 3265/1281/710 3264/1282/709 

f 3030/1283/711 3029/1284/711 3266/1285/711 3265/1286/711 

f 3029/1287/712 3028/1288/713 3267/1289/713 3266/1290/712 

f 3028/1291/713 3027/1292/714 3268/1293/714 3267/1294/713 

f 3027/1295/714 3026/1296/715 3269/1297/715 3268/1298/714 

f 3026/1299/716 3025/1300/717 3270/1301/717 3269/1302/716 

f 3025/1303/717 3024/1304/718 3271/1305/718 3270/1306/717 

f 3024/1307/718 3023/1308/719 3272/1309/719 3271/1310/718 

f 3023/1311/720 3022/1312/720 3273/1313/720 3272/1314/720 

f 3022/1315/721 3021/1316/721 3274/1317/721 3273/1318/721 

f 3021/1319/722 3020/1320/722 3275/1321/722 3274/1322/722 

f 3020/1323/723 3019/1324/723 3276/1325/723 3275/1326/723 

f 3019/1327/724 3018/1328/724 3277/1329/724 3276/1330/724 

f 3018/1331/725 3017/1332/725 3278/1333/725 3277/1334/725 

f 3017/1335/726 3016/1336/727 3279/1337/727 3278/1338/726 

f 3016/1339/727 3015/1340/728 3280/1341/728 3279/1342/727 

f 3015/1343/729 3014/1344/729 3281/1345/729 3280/1346/729 

f 3014/1347/730 3013/1348/730 3282/1349/730 3281/1350/730 

f 3013/1351/731 3012/1352/732 3283/1353/732 3282/1354/731 

f 3012/1355/732 3011/1356/733 3284/1357/733 3283/1358/732 

f 3011/1359/734 3010/1360/734 3285/1361/734 3284/1362/734 

f 3010/1363/735 3009/1364/735 3286/1365/735 3285/1366/735 

f 3009/1367/736 3008/1368/736 3287/1369/736 3286/1370/736 

f 3008/1371/737 3007/1372/738 3288/1373/738 3287/1374/737 

f 3007/1375/738 3006/1376/739 3289/1377/739 3288/1378/738 

f 3006/1379/740 3005/1380/740 3290/1381/740 3289/1382/740 

f 3005/1383/741 3004/1384/742 3291/1385/742 3290/1386/741 

f 3004/1387/742 3003/1388/743 3292/1389/743 3291/1390/742 

f 3003/1391/743 3002/1392/744 3293/1393/744 3292/1394/743 

f 3002/1395/744 3001/1396/745 3294/1397/745 3293/1398/744 

f 3001/1399/746 3000/1400/746 3295/1401/746 3294/1402/746 

f 3000/1403/747 2999/1404/748 3296/1405/748 3295/1406/747 

f 2999/1407/748 2998/1408/749 3297/1409/749 3296/1410/748 

f 2998/1411/749 2997/1412/750 3298/1413/750 3297/1414/749 

f 2997/1415/750 2996/1416/751 3299/1417/751 3298/1418/750 

f 2996/1419/751 2995/1420/752 3300/1421/752 3299/1422/751 

f 2995/1423/752 2994/1424/753 3301/1425/753 3300/1426/752 

f 2994/1427/754 2993/1428/754 3302/1429/754 3301/1430/754 

f 2993/1431/755 2992/1432/755 3303/1433/755 3302/1434/755 

f 2992/1435/756 2991/1436/756 3304/1437/756 3303/1438/756 

f 2991/1439/757 2990/1440/757 3305/1441/757 3304/1442/757 

f 2990/1443/758 2989/1444/759 3306/1445/759 3305/1446/758 

f 2989/1447/759 2988/1448/760 3307/1449/760 3306/1450/759 

f 2988/1451/761 2987/1452/761 3308/1453/761 3307/1454/761 

f 2987/1455/762 2986/1456/763 3309/1457/763 3308/1458/762 

f 2986/1459/763 2985/1460/764 3310/1461/764 3309/1462/763 

f 2985/1463/765 2984/1464/765 3311/1465/765 3310/1466/765 

f 2984/1467/766 2983/1468/767 3312/1469/767 3311/1470/766 

f 2983/1471/767 2982/1472/768 3313/1473/768 3312/1474/767 

f 2982/1475/768 2981/1476/769 3314/1477/769 3313/1478/768 

f 2981/1479/770 2980/1480/771 3315/1481/771 3314/1482/770 

f 2980/1483/771 2979/1484/772 3316/1485/772 3315/1486/771 

f 2979/1487/772 2978/1488/773 3317/1489/773 3316/1490/772 

f 2978/1491/773 2977/1492/774 3318/1493/774 3317/1494/773 

f 2977/1495/774 2976/1496/775 3319/1497/775 3318/1498/774 

f 2976/1499/776 2975/1500/777 3320/1501/777 3319/1502/776 

f 2975/1503/777 2974/1504/778 3321/1505/778 3320/1506/777 

f 2974/1507/778 2973/1508/779 3322/1509/779 3321/1510/778 

f 2973/1511/780 2972/1512/781 3323/1513/781 3322/1514/780 

f 2972/1515/781 2971/1516/782 3324/1517/782 3323/1518/781 

f 2971/1519/782 2970/1520/783 3325/1521/783 3324/1522/782 

f 2970/1523/784 2969/1524/785 3326/1525/785 3325/1526/784 

f 2969/1527/785 2968/1528/786 3327/1529/786 3326/1530/785 

f 2968/1531/786 2967/1532/787 3328/1533/787 3327/1534/786 

f 2967/1535/787 2966/1536/788 3329/1537/788 3328/1538/787 

f 2966/1539/788 2965/1540/789 3330/1541/789 3329/1542/788 

f 2965/1543/789 2964/1544/790 3331/1545/790 3330/1546/789 

f 2964/1547/791 2963/1548/791 3332/1549/791 3331/1550/791 

f 2963/1551/792 2962/1552/793 3333/1553/793 3332/1554/792 

f 2962/1555/793 2961/1556/794 3334/1557/794 3333/1558/793 

f 2961/1559/795 2960/1560/795 3335/1561/795 3334/1562/795 

f 2960/1563/796 2959/1564/797 3336/1565/797 3335/1566/796 

f 2959/1567/797 2958/1568/798 3337/1569/798 3336/1570/797 

f 2958/1571/798 2957/1572/799 3338/1573/799 3337/1574/798 

f 2957/1575/799 2956/1576/800 3339/1577/800 3338/1578/799 

f 2956/1579/800 2955/1580/801 3340/1581/801 3339/1582/800 

f 2955/1583/802 2954/1584/802 3341/1585/802 3340/1586/802 

f 2954/1587/803 2953/1588/804 3342/1589/804 3341/1590/803 

f 2953/1591/804 2952/1592/805 3343/1593/805 3342/1594/804 

f 2952/1595/805 2951/1596/806 3344/1597/806 3343/1598/805 

f 2951/1599/807 2950/1600/808 3345/1601/808 3344/1602/807 

f 2950/1603/808 2949/1604/809 3346/1605/809 3345/1606/808 

f 2949/1607/809 2948/1608/810 3347/1609/810 3346/1610/809 

f 2948/1611/810 2947/1612/811 3348/1613/811 3347/1614/810 

f 2947/1615/811 2946/1616/812 3349/1617/812 3348/1618/811 

f 2946/1619/813 2945/1620/813 3350/1621/813 3349/1622/813 

f 2945/1623/814 2944/1624/815 3351/1625/815 3350/1626/814 

f 2944/1627/815 2943/1628/816 3352/1629/816 3351/1630/815 

f 2943/1631/816 2942/1632/817 3353/1633/817 3352/1634/816 

f 2942/1635/817 2941/1636/818 3354/1637/818 3353/1638/817 

f 2941/1639/818 2940/1640/819 3355/1641/819 3354/1642/818 

f 2940/1643/819 2939/1644/820 3356/1645/820 3355/1646/819 

f 2939/1647/820 2938/1648/821 3357/1649/821 3356/1650/820 

f 2938/1651/821 2937/1652/822 3358/1653/822 3357/1654/821 

f 2937/1655/823 2936/1656/823 3359/1657/823 3358/1658/823 

f 2936/1659/824 2935/1660/825 3360/1661/825 3359/1662/824 

f 2935/1663/825 2934/1664/826 3361/1665/826 3360/1666/825 

f 2934/1667/827 2933/1668/827 3362/1669/827 3361/1670/827 

f 2933/1671/828 2932/1672/829 3363/1673/829 3362/1674/828 

f 2932/1675/829 2931/1676/830 3364/1677/830 3363/1678/829 

f 2931/1679/831 2930/1680/832 3365/1681/832 3364/1682/831 

f 2930/1683/832 2929/1684/833 3366/1685/833 3365/1686/832 

f 2929/1687/833 2928/1688/834 3367/1689/834 3366/1690/833 

f 2928/1691/834 2927/1692/835 3368/1693/835 3367/1694/834 

f 2927/1695/836 2926/1696/837 3369/1697/837 3368/1698/836 

f 2926/1699/837 2925/1700/838 3370/1701/838 3369/1702/837 

f 2925/1703/839 2924/1704/839 3371/1705/839 3370/1706/839 

f 2924/1707/840 2923/1708/841 3372/1709/841 3371/1710/840 

f 2923/1711/841 2922/1712/842 3373/1713/842 3372/1714/841 

f 2922/1715/843 2921/1716/843 3374/1717/843 3373/1718/843 

f 2921/1719/844 2920/1720/844 3375/1721/844 3374/1722/844 

f 2920/1720/844 2919/1723/845 3376/1724/845 3375/1721/844 

f 2919/1725/845 2918/1726/846 3377/1727/846 3376/1728/845 

f 2918/1729/847 2917/1730/848 3378/1731/848 3377/1732/847 

f 2917/1733/848 2916/1734/849 3379/1735/849 3378/1736/848 

f 2916/1737/849 2915/1738/850 3380/1739/850 3379/1740/849 

f 2915/1741/851 2914/1742/852 3381/1743/852 3380/1744/851 

f 2914/1745/852 2913/1746/853 3382/1747/853 3381/1748/852 

f 2913/1749/854 2912/1750/854 3383/1751/854 3382/1752/854 

f 2912/1753/855 2911/1754/856 3384/1755/856 3383/1756/855 

f 2911/1757/856 2910/1758/857 3385/1759/857 3384/1760/856 

f 2910/1761/857 2909/1762/858 3386/1763/858 3385/1764/857 

f 2909/1765/859 2908/1766/860 3387/1767/860 3386/1768/859 

f 2908/1769/860 2907/1770/861 3388/1771/861 3387/1772/860 

f 2907/1773/862 2906/1774/862 3389/1775/862 3388/1776/862 

f 2906/1777/863 2905/1778/864 3390/1779/864 3389/1780/863 

f 2905/1781/864 2904/1782/865 3391/1783/865 3390/1784/864 

f 2904/1785/865 2903/1786/866 3392/1787/866 3391/1788/865 

f 2903/1789/867 2902/1790/868 3393/1791/868 3392/1792/867 

f 2902/1793/868 2901/1794/869 3394/1795/869 3393/1796/868 

f 2901/1797/870 2900/1798/870 3395/1799/870 3394/1800/870 

f 2900/1801/871 2899/1802/871 3396/1803/871 3395/1804/871 

f 2899/1805/872 2898/1806/873 3397/1807/873 3396/1808/872 

f 2898/1809/873 2897/1810/874 3398/1811/874 3397/1812/873 

f 2897/1813/875 2896/1814/876 3399/1815/876 3398/1816/875 

f 2896/1817/876 2895/1818/877 3400/1819/877 3399/1820/876 

f 2895/1821/878 2894/1822/878 3401/1823/878 3400/1824/878 

f 2894/1825/879 2893/1826/880 3402/1827/880 3401/1828/879 

f 2893/1829/880 2892/1830/881 3403/1831/881 3402/1832/880 

f 2892/1833/882 2891/1834/882 3404/1835/882 3403/1836/882 

f 2891/1837/883 2890/1838/883 3405/1839/883 3404/1840/883 

f 2890/1841/884 2889/1842/884 3406/1843/884 3405/1844/884 

f 2889/1845/885 2888/1846/885 3407/1847/885 3406/1848/885 

f 2888/1849/886 2887/1850/886 3408/1851/886 3407/1852/886 

f 2887/1853/887 2886/1854/888 3409/1855/888 3408/1856/887 

f 2886/1857/888 2885/1858/889 3410/1859/889 3409/1860/888 

f 2885/1861/889 2884/1862/890 3411/1863/890 3410/1864/889 

f 2884/1865/890 2883/1866/891 3412/1867/891 3411/1868/890 

f 2883/1869/891 2882/1870/892 3413/1871/892 3412/1872/891 

f 2882/1873/892 2881/1874/893 3414/1875/893 3413/1876/892 

f 2881/1877/893 2880/1878/894 3415/1879/894 3414/1880/893 

f 2880/1881/895 2879/1882/895 3416/1883/895 3415/1884/895 

f 2879/1885/896 2878/1886/897 3417/1887/897 3416/1888/896 

f 2878/1889/897 2877/1890/898 3418/1891/898 3417/1892/897 

f 2877/1893/898 2876/1894/899 3419/1895/899 3418/1896/898 

f 2876/1897/900 2875/1898/900 3420/1899/900 3419/1900/900 

f 2875/1901/901 2874/1902/901 3421/1903/901 3420/1904/901 

f 2874/1905/902 2873/1906/903 3422/1907/903 3421/1908/902 

f 2873/1909/903 2872/1910/904 3423/1911/904 3422/1912/903 

f 2872/1913/904 2871/1914/905 3424/1915/905 3423/1916/904 

f 2871/1917/906 2870/1918/906 3425/1919/906 3424/1920/906 

f 2870/1921/907 2869/1922/908 3426/1923/908 3425/1924/907 

f 2869/1925/908 2868/1926/909 3427/1927/909 3426/1928/908 

f 2868/1929/910 2867/1930/911 3428/1931/911 3427/1932/910 

f 2867/1933/911 2866/1934/912 3429/1935/912 3428/1936/911 

f 2866/1937/912 2865/1938/913 3430/1939/913 3429/1940/912 

f 2865/1941/914 2864/1942/914 3431/1943/914 3430/1944/914 

f 2864/1945/915 2863/1946/915 3432/1947/915 3431/1948/915 

f 2863/1949/916 2862/1950/916 3433/1951/916 3432/1952/916 

f 2862/1953/917 2861/1954/918 3434/1955/918 3433/1956/917 

f 2861/1957/918 2860/1958/919 3435/1959/919 3434/1960/918 

f 2860/1961/920 2859/1962/920 3436/1963/920 3435/1964/920 

f 2859/1965/921 2858/1966/922 3437/1967/922 3436/1968/921 

f 2858/1969/922 2857/1970/923 3438/1971/923 3437/1972/922 

f 2857/1973/923 2856/1974/924 3439/1975/924 3438/1976/923 

f 2856/1977/925 2855/1978/925 3440/1979/925 3439/1980/925 

f 2855/1981/926 2854/1982/927 3441/1983/927 3440/1984/926 

f 2854/1985/927 2853/1986/928 3442/1987/928 3441/1988/927 

f 2853/1989/928 2852/1990/929 3443/1991/929 3442/1992/928 

f 2852/1993/929 2851/1994/930 3444/1995/930 3443/1996/929 

f 2851/1997/930 2850/1998/931 3445/1999/931 3444/2000/930 

f 2850/2001/931 2849/2002/932 3446/2003/932 3445/2004/931 

f 2849/2005/933 2848/2006/934 3447/2007/934 3446/2008/933 

f 2848/2009/934 2847/2010/935 3448/2011/935 3447/2012/934 

f 2847/2013/936 2846/2014/936 3449/2015/936 3448/2016/936 

f 2846/2017/937 2845/2018/938 3450/2019/938 3449/2020/937 

f 2845/2021/938 2844/2022/939 3451/2023/939 3450/2024/938 

f 2844/2025/939 2843/2026/940 3452/2027/940 3451/2028/939 

f 2843/2029/941 2842/2030/941 3453/2031/941 3452/2032/941 

f 2842/2030/941 2841/2033/942 3454/2034/942 3453/2031/941 

f 2841/2035/942 2840/2036/943 3455/2037/943 3454/2038/942 

f 2840/2039/944 2839/2040/944 3456/2041/944 3455/2042/944 

f 2839/2040/944 2838/2043/944 3457/2044/944 3456/2041/944 

f 2838/2043/944 2837/2045/945 3458/2046/945 3457/2044/944 

f 2837/2047/945 2836/2048/946 3459/2049/946 3458/2050/945 

f 2836/2051/947 2835/2052/948 3460/2053/948 3459/2054/947 

f 2835/2055/948 2834/2056/949 3461/2057/949 3460/2058/948 

v 274.928 2.96481 -185.548
v 273.494 2.96481 -186.942
f 2834/2059/950 3551/2060/950 3552/2061/950 3461/2062/950 

v 274.979 2.76119 -185.6
v 237.913 17.551 -147.485
v 237.849 15.4346 -147.418
v 240.82 14.2255 -150.474
v 246.017 12.1819 -155.818
v 248.916 11.0499 -158.799
v 254.646 8.3755 -164.692
v 266.098 3.07738 -176.468
v 273.048 1.84297e-13 -183.615
v 273.599 0.0776889 -184.181
v 273.941 0.283561 -184.532
v 274.068 0.407677 -184.663
v 274.302 0.944063 -184.904
v 274.763 2.05501 -185.378
f 3553/2063/560 3551/2064/560 2834/96/560 2833/95/560 2832/94/560 2831/93/560 2830/92/560 2829/91/560 2828/90/560 2827/89/560 2826/88/560 2825/87/560 2824/86/560 2823/85/560 2822/84/560 2821/83/560 2820/82/560 2819/81/560 2818/80/560 2817/79/560 2816/78/560 2815/77/560 2814/76/560 2813/75/560 2812/74/560 2811/73/560 2810/72/560 2809/71/560 3554/2065/560 3555/2066/560 3556/2067/560 3557/2068/560 3558/2069/560 3559/2070/560 3560/2071/560 3561/2072/560 3562/2073/560 3563/2074/560 3564/2075/560 3565/2076/560 3566/2077/560 

v 273.545 2.76119 -186.995
f 3551/2078/1090 3553/2079/1090 3567/2080/1090 3552/2081/1090 

v 273.329 2.05501 -186.772
f 3553/2082/1089 3566/2083/953 3568/2084/953 3567/2085/1089 

v 272.869 0.944063 -186.299
f 3566/2086/953 3565/2087/954 3569/2088/954 3568/2089/953 

v 272.634 0.407677 -186.057
f 3565/2090/954 3564/2091/955 3570/2092/955 3569/2093/954 

v 272.507 0.283561 -185.927
f 3564/2094/956 3563/2095/957 3571/2096/957 3570/2097/956 

v 272.165 0.0776889 -185.576
f 3563/2098/957 3562/2099/958 3572/2100/958 3571/2101/957 

v 271.614 1.84075e-13 -185.009
f 3562/2102/958 3561/2103/959 3573/2104/959 3572/2105/958 

v 264.664 3.07738 -177.862
f 3561/2106/960 3560/2107/961 3574/2108/961 3573/2109/960 

v 253.213 8.3755 -166.086
f 3560/2110/961 3559/2111/962 3575/2112/962 3574/2113/961 

v 247.482 11.0499 -160.193
f 3559/2114/962 3558/2115/963 3576/2116/963 3575/2117/962 

v 244.583 12.1819 -157.212
f 3558/2118/963 3557/2119/964 3577/2120/964 3576/2121/963 

v 239.386 14.2255 -151.868
f 3557/2122/964 3556/2123/965 3578/2124/965 3577/2125/964 

v 236.415 15.4346 -148.812
f 3556/2126/965 3555/2127/966 3579/2128/966 3578/2129/965 

v 236.48 17.551 -148.879
f 3555/2130/967 3554/2131/967 3580/2132/967 3579/2133/967 

f 3554/2131/967 2809/2134/967 3486/2135/967 3580/2132/967 

f 2809/2136/968 2810/2137/968 3485/2138/968 3486/2139/968 

f 2810/2137/968 2811/2140/968 3484/2141/968 3485/2138/968 

f 2811/2140/968 2812/2142/968 3483/2143/968 3484/2141/968 

f 2812/2142/968 2813/2144/968 3482/2145/968 3483/2143/968 

f 2813/2144/968 2814/2146/968 3481/2147/968 3482/2145/968 

f 2814/2146/968 2815/2148/968 3480/2149/968 3481/2147/968 

f 2815/2148/968 2816/2150/968 3479/2151/968 3480/2149/968 

f 2816/2150/968 2817/2152/969 3478/2153/969 3479/2151/968 

f 2817/2154/969 2818/2155/970 3477/2156/970 3478/2157/969 

f 2818/2158/970 2819/2159/971 3476/2160/971 3477/2161/970 

f 2819/2162/971 2820/2163/972 3475/2164/972 3476/2165/971 

f 2820/2166/972 2821/2167/973 3474/2168/973 3475/2169/972 

f 2821/2170/973 2822/2171/974 3473/2172/974 3474/2173/973 

f 2822/2174/974 2823/2175/975 3472/2176/975 3473/2177/974 

f 2823/2178/975 2824/2179/976 3471/2180/976 3472/2181/975 

f 2824/2182/976 2825/2183/977 3470/2184/977 3471/2185/976 

f 2825/2186/977 2826/2187/978 3469/2188/978 3470/2189/977 

f 2826/2190/978 2827/2191/979 3468/2192/979 3469/2193/978 

f 2827/2194/979 2828/2195/980 3467/2196/980 3468/2197/979 

f 2828/2198/980 2829/2199/981 3466/2200/981 3467/2201/980 

f 2829/2202/981 2830/2203/982 3465/2204/982 3466/2205/981 

f 2830/2206/982 2831/2207/983 3464/2208/983 3465/2209/982 

f 2831/2210/983 2832/2211/984 3463/2212/984 3464/2213/983 

f 2832/2214/984 2833/2215/951 3462/2216/951 3463/2217/984 

f 2833/2218/951 2834/2219/952 3461/2220/952 3462/2221/951 

f 3552/2222/580 3567/2223/580 3568/2224/580 3569/2225/580 3570/2226/580 3571/2227/580 3572/2228/580 3573/2229/580 3574/2230/580 3575/2231/580 3576/2232/580 3577/2233/580 3578/2234/580 3579/2066/580 3580/2235/580 3486/808/580 3485/807/580 3484/806/580 3483/805/580 3482/804/580 3481/803/580 3480/802/580 3479/801/580 3478/800/580 3477/799/580 3476/798/580 3475/797/580 3474/796/580 3473/795/580 3472/794/580 3471/793/580 3470/792/580 3469/791/580 3468/790/580 3467/789/580 3466/788/580 3465/787/580 3464/786/580 3463/785/580 3462/784/580 3461/783/580 

f 2809/2134/967 2808/2236/985 3487/2237/985 3486/2135/967 

f 2808/2238/985 2807/2239/986 3488/2240/986 3487/2241/985 

f 2807/2242/987 2806/2243/988 3489/2244/988 3488/2245/987 

v 247.499 17.007 -157.342
v 246.721 17.4531 -156.541
v 245.525 18.1256 -155.312
v 243.774 19.0989 -153.511
v 241.331 20.447 -150.999
v 238.057 22.2439 -147.632
v 238.091 23.3626 -147.668
v 238.449 23.165 -148.036
v 239.412 22.6341 -149.026
v 240.81 21.8628 -150.463
v 242.476 20.944 -152.176
v 244.241 19.9707 -153.991
v 245.937 19.0356 -155.735
v 247.395 18.2318 -157.235
v 248.322 17.7251 -158.189
v 248.323 17.6735 -158.19
v 248.323 17.6164 -158.189
v 248.321 17.5447 -158.187
v 248.315 17.4635 -158.181
v 248.306 17.3774 -158.171
v 248.291 17.2914 -158.156
v 248.27 17.2102 -158.134
v 248.24 17.1367 -158.104
v 248.199 17.0623 -158.061
v 248.148 16.988 -158.009
v 248.092 16.9168 -157.952
v 248.037 16.8518 -157.895
v 247.986 16.7959 -157.842
v 247.944 16.7523 -157.799
f 3581/2246/560 3582/2247/560 3583/2248/560 3584/2249/560 3585/2250/560 3586/2251/560 2807/69/560 2806/68/560 2805/67/560 2804/66/560 2803/65/560 2802/64/560 2801/63/560 2800/62/560 2799/61/560 2798/60/560 2797/59/560 2796/58/560 2795/57/560 2794/56/560 2793/55/560 2792/54/560 2791/53/560 2790/52/560 2789/51/560 2788/50/560 2787/49/560 2786/48/560 2785/47/560 2784/46/560 2783/45/560 2782/44/560 2781/43/560 2780/42/560 2779/41/560 2778/40/560 2777/39/560 2776/38/560 2775/37/560 2774/36/560 2773/35/560 2772/34/560 2771/33/560 2770/32/560 2769/31/560 2768/30/560 2767/29/560 2766/28/560 2765/27/560 2764/26/560 2763/25/560 2762/24/560 2761/23/560 2760/22/560 2759/21/560 2758/20/560 2757/19/560 2756/18/560 2755/17/560 2754/16/560 2753/15/560 2752/14/560 2751/13/560 2750/12/560 3587/2252/560 3588/2253/560 3589/2254/560 3590/2255/560 3591/2256/560 3592/2257/560 3593/2258/560 3594/2259/560 3595/2260/560 3596/2261/560 3597/2262/560 3598/2263/560 3599/2264/560 3600/2265/560 3601/2266/560 3602/2267/560 3603/2268/560 3604/2269/560 3605/2270/560 3606/2271/560 3607/2272/560 3608/2273/560 3609/2274/560 

v 238.089 23.2973 -147.666
f 3587/2252/560 3610/2275/560 3586/2251/560 3585/2250/560 3584/2249/560 3583/2248/560 3582/2247/560 3581/2246/560 3609/2274/560 3608/2273/560 3607/2272/560 3606/2271/560 3605/2270/560 3604/2269/560 3603/2268/560 3602/2267/560 3601/2266/560 3600/2265/560 3599/2264/560 3598/2263/560 3597/2262/560 3596/2261/560 3595/2260/560 3594/2259/560 3593/2258/560 3592/2257/560 3591/2256/560 3590/2255/560 3589/2254/560 3588/2253/560 

v 236.657 23.3626 -149.062
v 236.655 23.2973 -149.06
f 3610/2276/994 3587/2277/995 3611/2278/995 3612/2279/994 

f 3587/2280/996 2750/2281/996 3545/2282/996 3611/2283/996 

f 2750/2284/997 2751/2285/998 3544/2286/998 3545/2287/997 

f 2752/2288/999 2751/2289/998 3544/2290/998 3543/2291/999 

v 245.287 17.4531 -157.936
v 246.065 17.007 -158.736
v 246.51 16.7523 -159.193
v 246.552 16.7959 -159.237
v 246.603 16.8518 -159.289
v 246.659 16.9168 -159.346
v 246.714 16.988 -159.403
v 246.765 17.0623 -159.456
v 246.807 17.1367 -159.499
v 246.836 17.2102 -159.529
v 246.857 17.2914 -159.55
v 246.872 17.3774 -159.566
v 246.881 17.4635 -159.575
v 246.887 17.5447 -159.581
v 246.889 17.6164 -159.583
v 246.89 17.6735 -159.584
v 246.889 17.7251 -159.583
v 245.961 18.2318 -158.629
v 244.503 19.0356 -157.129
v 242.807 19.9707 -155.386
v 241.042 20.944 -153.571
v 239.376 21.8628 -151.858
v 237.978 22.6341 -150.42
v 237.016 23.165 -149.43
v 236.623 22.2439 -149.027
v 239.897 20.447 -152.393
v 242.34 19.0989 -154.906
v 244.091 18.1256 -156.706
f 3613/2292/580 3614/2293/580 3615/2294/580 3616/2295/580 3617/2296/580 3618/2297/580 3619/2298/580 3620/2299/580 3621/2300/580 3622/2301/580 3623/2302/580 3624/2303/580 3625/2304/580 3626/2305/580 3627/2306/580 3628/2307/580 3629/2308/580 3630/2309/580 3631/2310/580 3632/2311/580 3633/2312/580 3634/2313/580 3635/2314/580 3636/2315/580 3611/2316/580 3545/867/580 3544/866/580 3543/865/580 3542/864/580 3541/863/580 3540/862/580 3539/861/580 3538/860/580 3537/859/580 3536/858/580 3535/857/580 3534/856/580 3533/855/580 3532/854/580 3531/853/580 3530/852/580 3529/851/580 3528/850/580 3527/849/580 3526/848/580 3525/847/580 3524/846/580 3523/845/580 3522/844/580 3521/843/580 3520/842/580 3519/841/580 3518/840/580 3517/839/580 3516/838/580 3515/837/580 3514/836/580 3513/835/580 3512/834/580 3511/833/580 3510/832/580 3509/831/580 3508/830/580 3507/829/580 3506/828/580 3505/827/580 3504/826/580 3503/825/580 3502/824/580 3501/823/580 3500/822/580 3499/821/580 3498/820/580 3497/819/580 3496/818/580 3495/817/580 3494/816/580 3493/815/580 3492/814/580 3491/813/580 3490/812/580 3489/811/580 3488/810/580 3637/2317/580 3638/2318/580 3639/2319/580 3640/2320/580 

f 3612/2321/580 3611/2316/580 3636/2315/580 3635/2314/580 3634/2313/580 3633/2312/580 3632/2311/580 3631/2310/580 3630/2309/580 3629/2308/580 3628/2307/580 3627/2306/580 3626/2305/580 3625/2304/580 3624/2303/580 3623/2302/580 3622/2301/580 3621/2300/580 3620/2299/580 3619/2298/580 3618/2297/580 3617/2296/580 3616/2295/580 3615/2294/580 3614/2293/580 3613/2292/580 3640/2320/580 3639/2319/580 3638/2318/580 3637/2317/580 

f 3587/2322/1026 3588/2323/1000 3636/2324/1000 3611/2325/1026 

f 3588/2323/1000 3589/2326/1001 3635/2327/1001 3636/2324/1000 

f 3589/2326/1001 3590/2328/1002 3634/2329/1002 3635/2327/1001 

f 3590/2330/1002 3591/2331/1003 3633/2332/1003 3634/2333/1002 

f 3591/2331/1003 3592/2334/1004 3632/2335/1004 3633/2332/1003 

f 3592/2336/1004 3593/2337/1005 3631/2338/1005 3632/2339/1004 

f 3593/2340/1005 3594/2341/1006 3630/2342/1006 3631/2343/1005 

f 3595/2344/1007 3594/2345/1006 3630/2346/1006 3629/2347/1007 

f 3595/2348/1009 3629/2349/1009 3628/2350/1008 3596/2351/1008 

f 3596/2352/1008 3597/2353/1010 3627/2354/1010 3628/2355/1008 

f 3597/2356/1010 3598/2357/1011 3626/2358/1011 3627/2359/1010 

f 3598/2360/1011 3599/2361/1012 3625/2362/1012 3626/2363/1011 

f 3599/2364/1012 3600/2365/1013 3624/2366/1013 3625/2367/1012 

f 3600/2368/1013 3601/2369/1014 3623/2370/1014 3624/2371/1013 

f 3601/2372/1014 3602/2373/1015 3622/2374/1015 3623/2375/1014 

f 3602/2376/1015 3603/2377/1016 3621/2378/1016 3622/2379/1015 

f 3603/2380/1016 3604/2381/1017 3620/2382/1017 3621/2383/1016 

f 3604/2384/1017 3605/2385/1018 3619/2386/1018 3620/2387/1017 

f 3605/2388/1018 3606/2389/1019 3618/2390/1019 3619/2391/1018 

f 3606/2392/1019 3607/2393/1020 3617/2394/1020 3618/2395/1019 

f 3607/2396/1020 3608/2397/1021 3616/2398/1021 3617/2399/1020 

f 3609/2400/1022 3608/2401/1021 3616/2402/1021 3615/2403/1022 

f 3581/2404/1023 3609/2405/1024 3615/2406/1024 3614/2407/1023 

f 3581/2408/1023 3582/2409/1025 3613/2410/1025 3614/2411/1023 

f 3582/2412/1025 3583/2413/989 3640/2414/989 3613/2415/1025 

f 3583/2416/989 3584/2417/990 3639/2418/990 3640/2419/989 

f 3584/2420/990 3585/2421/991 3638/2422/991 3639/2423/990 

f 3585/2424/991 3586/2425/992 3637/2426/992 3638/2427/991 

f 3586/2428/993 3610/2429/994 3612/2430/994 3637/2431/993 

f 2807/2432/1084 3586/2433/1084 3637/2434/1084 3488/2435/1084 

f 2753/2436/1027 2752/2437/999 3543/2438/999 3542/2439/1027 

f 2754/2440/1028 2753/2441/1027 3542/2442/1027 3541/2443/1028 

f 2755/2444/1029 2754/2445/1028 3541/2446/1028 3540/2447/1029 

f 2756/2448/1030 2755/2449/1029 3540/2450/1029 3539/2451/1030 

f 2757/2452/1031 2756/2453/1030 3539/2454/1030 3538/2455/1031 

f 2758/2456/1032 2757/2457/1031 3538/2458/1031 3537/2459/1032 

f 2759/2460/1033 2758/2461/1032 3537/2462/1032 3536/2463/1033 

f 2760/2464/1034 2759/2465/1033 3536/2466/1033 3535/2467/1034 

f 2761/2468/1035 2760/2469/1034 3535/2470/1034 3534/2471/1035 

f 2762/2472/1036 2761/2473/1035 3534/2474/1035 3533/2475/1036 

f 2763/2476/1037 2762/2477/1036 3533/2478/1036 3532/2479/1037 

f 2764/2480/1038 3531/2481/1038 3532/2482/1038 2763/2483/1038 

f 2764/2484/1039 2765/2485/1040 3530/2486/1040 3531/2487/1039 

f 2766/2488/1041 2765/2489/1040 3530/2490/1040 3529/2491/1041 

f 2767/2492/1042 2766/2493/1041 3529/2494/1041 3528/2495/1042 

f 2768/2496/1043 2767/2497/1042 3528/2498/1042 3527/2499/1043 

f 2768/2500/1043 2769/2501/1044 3526/2502/1044 3527/2503/1043 

f 2769/2504/1045 2770/2505/1045 3525/2506/1045 3526/2507/1045 

f 2771/2508/1046 2770/2509/1047 3525/2510/1047 3524/2511/1046 

f 2772/2512/1048 2771/2513/1046 3524/2514/1046 3523/2515/1048 

f 2773/2516/1049 2772/2517/1048 3523/2518/1048 3522/2519/1049 

f 2774/2520/1050 2773/2521/1049 3522/2522/1049 3521/2523/1050 

f 2775/2524/1051 2774/2525/1050 3521/2526/1050 3520/2527/1051 

f 2776/2528/1052 2775/2529/1051 3520/2530/1051 3519/2531/1052 

f 2777/2532/1053 2776/2533/1052 3519/2534/1052 3518/2535/1053 

f 2778/2536/1054 2777/2537/1053 3518/2538/1053 3517/2539/1054 

f 2779/2540/1055 2778/2541/1054 3517/2542/1054 3516/2543/1055 

f 2780/2544/1056 2779/2545/1055 3516/2546/1055 3515/2547/1056 

f 2781/2548/1057 2780/2549/1056 3515/2550/1056 3514/2551/1057 

f 2782/2552/1058 2781/2553/1057 3514/2554/1057 3513/2555/1058 

f 2783/2556/1059 2782/2557/1058 3513/2558/1058 3512/2559/1059 

f 2784/2560/1060 2783/2561/1059 3512/2562/1059 3511/2563/1060 

f 2785/2564/1061 2784/2565/1062 3511/2566/1062 3510/2567/1061 

f 2786/2568/1063 2785/2569/1061 3510/2570/1061 3509/2571/1063 

f 2787/2572/1064 2786/2573/1063 3509/2574/1063 3508/2575/1064 

f 2788/2576/1065 2787/2577/1064 3508/2578/1064 3507/2579/1065 

f 2789/2580/1066 2788/2581/1065 3507/2582/1065 3506/2583/1066 

f 2789/2584/1066 2790/2585/1067 3505/2586/1067 3506/2587/1066 

f 2790/2588/1068 2791/2589/1069 3504/2590/1069 3505/2591/1068 

f 2792/2592/1070 2791/2593/1069 3504/2594/1069 3503/2595/1070 

f 2793/2596/1071 2792/2597/1070 3503/2598/1070 3502/2599/1071 

f 2794/2600/1072 2793/2601/1071 3502/2602/1071 3501/2603/1072 

f 2795/2604/1073 2794/2605/1072 3501/2606/1072 3500/2607/1073 

f 2796/2608/1074 2795/2609/1073 3500/2610/1073 3499/2611/1074 

f 2797/2612/1075 2796/2613/1074 3499/2614/1074 3498/2615/1075 

f 2798/2616/1076 2797/2617/1075 3498/2618/1075 3497/2619/1076 

f 2799/2620/1077 2798/2621/1076 3497/2622/1076 3496/2623/1077 

f 2800/2624/1078 2799/2625/1077 3496/2626/1077 3495/2627/1078 

f 2801/2628/1079 2800/2629/1078 3495/2630/1078 3494/2631/1079 

f 2802/2632/1080 2801/2633/1079 3494/2634/1079 3493/2635/1080 

f 2803/2636/1081 2802/2637/1080 3493/2638/1080 3492/2639/1081 

f 2804/2640/1082 2803/2641/1081 3492/2642/1081 3491/2643/1082 

f 2805/2644/1083 2804/2645/1082 3491/2646/1082 3490/2647/1083 

f 2806/2648/988 2805/2649/1083 3490/2650/1083 3489/2651/988 

f 2750/2652/1085 2749/2653/1085 3546/2654/1085 3545/2655/1085 

f 2749/2656/1086 2748/2657/1086 3547/2658/1086 3546/2659/1086 

f 2748/2660/1087 2747/2661/1088 3548/2662/1088 3547/2663/1087 

f 2747/2664/1088 2746/2665/561 3549/2666/561 3548/2667/1088 

f 2746/2665/561 2745/2668/561 3550/2669/561 3549/2666/561 

f 2745/2668/561 2744/2670/562 3148/2671/562 3550/2669/561 

g Mesh9 ___246_5 ___248_3 Model

v 251.902 21.325 -23.4893
vn -0.0709524 0.994808 -0.0729619
v 252.15 21.3614 -23.234
vn -0.0713793 0.994745 -0.073401
v 253.584 21.3614 -24.6283
v 253.336 21.325 -24.8837
f 3641/1/1091 3642/2/1092 3643/3/1092 3644/4/1091 

v 246.142 19.5638 -29.412
vn -0.716911 -4.36997e-17 0.697165
v 244.789 20.3111 -30.8038
v 242.648 21.3793 -33.0051
v 238.663 23.3679 -37.1028
v 236.49 24.4525 -39.3376
v 235.906 24.4812 -39.9386
v 235.433 24.0531 -40.4242
v 235.336 23.705 -40.5246
v 235.551 23.5879 -40.3036
v 236.4 23.1251 -39.4306
v 237.638 22.449 -38.1574
v 239.121 21.6376 -36.6325
v 240.704 20.7689 -35.0047
v 242.242 19.9209 -33.4226
v 243.592 19.1716 -32.0348
v 244.608 18.5988 -30.99
v 245.237 18.2347 -30.3426
v 245.92 17.8611 -29.6402
v 246.69 17.4585 -28.8487
v 247.492 17.0512 -28.0244
v 247.661 16.9752 -27.8503
v 247.689 16.9874 -27.8211
v 248.27 16.6635 -27.2237
v 248.971 16.3197 -26.5028
v 249.54 16.044 -25.9182
v 249.921 15.8608 -25.5261
v 250.061 15.7944 -25.3829
v 250.023 15.7671 -25.4216
v 249.972 15.6669 -25.4744
v 249.937 15.5652 -25.5097
v 249.919 15.4628 -25.5285
v 249.915 15.3606 -25.5321
v 249.926 15.2594 -25.5215
v 249.949 15.16 -25.4979
v 249.979 15.0602 -25.4667
v 249.997 14.9499 -25.448
v 250.002 14.8336 -25.4427
v 249.996 14.7178 -25.449
v 249.98 14.6092 -25.4654
v 249.956 14.5142 -25.49
v 249.926 14.4394 -25.5212
v 249.891 14.3913 -25.5574
v 249.849 14.3719 -25.6005
v 249.775 14.3495 -25.6761
v 249.673 14.3157 -25.7809
v 249.553 14.2696 -25.9048
v 249.424 14.2104 -26.0375
v 249.3 14.152 -26.1651
v 249.22 14.1837 -26.2472
v 249.031 14.2721 -26.4418
v 248.745 14.4106 -26.7353
v 248.377 14.593 -27.1141
v 247.939 14.8128 -27.5648
v 247.444 15.0637 -28.0739
v 246.905 15.3393 -28.6278
v 246.336 15.6332 -29.213
v 245.724 15.9542 -29.8425
v 245.161 16.264 -30.4211
v 244.608 16.5824 -30.9894
v 243.953 16.9653 -31.6637
v 243.081 17.4688 -32.56
v 241.881 18.1491 -33.7946
v 240.238 19.0622 -35.4835
v 238.041 20.2641 -37.7429
v 235.176 21.8109 -40.6889
v 235.161 21.3189 -40.7044
v 235.107 19.5466 -40.7601
v 235.486 19.3316 -40.3697
v 236.493 18.7613 -39.3343
v 237.93 17.948 -37.8575
v 239.597 17.0039 -36.143
v 241.297 16.041 -34.3946
v 242.832 15.1716 -32.8159
v 244.004 14.5079 -31.6107
v 244.615 14.162 -30.9827
v 244.942 14.011 -30.6463
v 246.29 13.4115 -29.2598
v 248.489 12.4351 -26.9989
v 251.247 11.2128 -24.1629
v 254.273 9.87512 -21.0515
v 257.275 8.55301 -17.9642
v 259.962 7.37723 -15.2006
v 262.044 6.47856 -13.0603
v 263.306 5.95688 -11.7621
v 264.535 5.50929 -10.4984
v 265.929 5.0439 -9.06527
v 267.386 4.5846 -7.56675
v 268.805 4.15526 -6.10707
v 270.086 3.77976 -4.79039
v 271.126 3.48198 -3.72092
v 271.824 3.2858 -3.00284
v 272.079 3.21511 -2.74033
v 272.087 3.2719 -2.73294
v 272.116 3.4458 -2.70299
v 272.285 3.58885 -2.52867
v 272.362 3.65285 -2.45023
v 272.88 4.08772 -1.91726
v 273.196 4.35295 -1.5922
v 273.2 4.57962 -1.58788
v 273.204 5.06168 -1.58365
v 273.207 5.35953 -1.58103
v 273.379 5.52721 -1.40364
v 273.77 5.99085 -1.00223
v 274.057 6.59404 -0.706508
v 273.984 7.16697 -0.782278
v 273.698 7.58404 -1.07631
v 273.505 7.76408 -1.27462
v 273.605 7.9384 -1.17168
v 273.874 8.45569 -0.89456
v 274.164 9.17764 -0.596744
v 274.314 9.84977 -0.442602
v 274.314 10.2922 -0.442361
v 274.279 10.5877 -0.478501
v 274.322 10.8098 -0.434502
v 274.458 10.9851 -0.294851
v 274.636 11.1319 -0.111362
v 274.744 11.3086 -3.25073e-13
v 274.703 11.538 -0.0422902
v 274.586 11.7329 -0.162476
v 274.509 11.8656 -0.242012
v 274.498 12.0146 -0.253345
v 274.429 12.2039 -0.324643
v 274.278 12.3226 -0.479904
v 274.123 12.2415 -0.638383
v 273.886 12.1223 -0.882127
v 273.591 11.9561 -1.1855
v 273.391 11.6417 -1.39122
v 273.281 11.4236 -1.50525
v 273.226 11.4489 -1.56095
v 273.177 11.6818 -1.61211
v 273.121 12.2029 -1.66965
v 272.994 12.8099 -1.79957
v 272.777 13.0751 -2.02318
v 272.624 13.1357 -2.18006
v 272.562 13.1025 -2.24422
v 272.431 12.9751 -2.37895
v 272.287 12.772 -2.52671
v 272.214 12.5461 -2.60239
v 272.215 12.3508 -2.60131
v 272.172 12.1464 -2.64467
v 272.057 11.8957 -2.76388
v 271.955 11.611 -2.86855
v 271.789 11.3312 -3.0387
v 271.556 11.1158 -3.2788
v 271.38 11.0198 -3.45919
v 271.256 11.0299 -3.58659
v 271.155 11.1627 -3.69048
v 271.077 11.4469 -3.77133
v 271.1 11.8188 -3.74798
v 271.265 12.1294 -3.57831
v 271.475 12.2521 -3.36236
v 271.643 12.3577 -3.18888
v 271.702 12.5665 -3.1286
v 271.69 12.786 -3.14051
v 271.694 12.9393 -3.13652
v 271.785 13.0322 -3.04338
v 271.91 13.206 -2.91489
v 271.954 13.4385 -2.86883
v 271.788 13.6308 -3.03958
v 271.42 13.6784 -3.41863
v 271.05 13.7351 -3.79865
v 270.78 13.9601 -4.07698
v 270.504 14.2829 -4.36016
v 270.354 14.4283 -4.51509
v 270.345 14.2604 -4.52423
v 270.262 14.0657 -4.60897
v 270.189 13.9478 -4.68444
v 270.136 13.9168 -4.7384
v 269.96 13.7965 -4.91974
v 269.745 13.5597 -5.14129
v 269.603 13.1854 -5.28645
v 269.568 12.7397 -5.32265
v 269.52 12.4018 -5.37232
v 269.379 12.2749 -5.51771
v 269.236 12.2128 -5.66416
v 269.152 12.1901 -5.75085
v 269.171 12.1057 -5.73133
v 269.257 11.8188 -5.64277
v 269.328 11.5824 -5.56979
v 269.302 11.5518 -5.59598
v 269.186 11.4926 -5.71524
v 269.073 11.3727 -5.8318
v 269.056 11.1568 -5.84924
v 269.134 10.8482 -5.76949
v 269.209 10.6306 -5.69226
v 269.145 10.6474 -5.75813
v 268.851 10.8039 -6.06021
v 268.498 11.0208 -6.42356
v 268.257 11.3039 -6.671
v 268.157 11.7436 -6.77359
v 268.137 12.0678 -6.79465
v 268.165 12.0886 -6.7652
v 268.28 12.0516 -6.6472
v 268.394 12.0255 -6.5304
v 268.451 12.088 -6.47119
v 268.53 12.3685 -6.39025
v 268.585 12.8291 -6.33393
v 268.55 13.4074 -6.36949
v 268.395 13.9714 -6.52865
v 268.178 14.3723 -6.75273
v 267.96 14.5702 -6.97626
v 267.794 14.8267 -7.14676
v 267.706 15.018 -7.23778
v 267.689 15.0306 -7.25501
v 267.646 14.9796 -7.29954
v 267.581 14.883 -7.36638
v 267.474 14.7306 -7.47646
v 267.239 14.4866 -7.71838
v 266.994 14.1625 -7.9703
v 266.866 13.7679 -8.10132
v 266.834 13.326 -8.13454
v 266.77 12.9347 -8.20037
v 266.599 12.7052 -8.37651
v 266.455 12.6627 -8.52436
v 266.303 12.6526 -8.67997
v 266.104 12.5616 -8.88535
v 265.93 12.5023 -9.06432
v 265.834 12.4273 -9.16237
v 265.853 12.2994 -9.14326
v 265.931 12.232 -9.06293
v 265.981 12.2025 -9.01167
v 265.949 12.1649 -9.04452
v 265.935 12.0855 -9.05899
v 265.938 11.9632 -9.05563
v 265.944 11.8012 -9.04908
v 265.963 11.5969 -9.03044
v 265.98 11.3162 -9.01228
v 265.913 10.9372 -9.0819
v 265.527 10.5614 -9.47808
v 265.11 10.3118 -9.90705
v 264.963 10.2906 -10.0582
v 265.009 10.4558 -10.0107
v 265.153 10.7176 -9.8634
v 265.298 10.9936 -9.71334
v 265.319 11.2385 -9.69196
v 265.288 11.4356 -9.72366
v 265.306 11.6287 -9.70596
v 265.386 12.0526 -9.62289
v 265.409 12.5028 -9.60008
v 265.27 12.7684 -9.7422
v 265.097 13.0334 -9.92066
v 264.978 13.3399 -10.0427
v 265.001 13.6385 -10.0191
v 265.244 13.7276 -9.76955
v 265.524 13.7432 -9.4815
v 265.655 13.857 -9.34623
v 265.696 14.0348 -9.30425
v 265.701 14.1719 -9.29968
v 265.724 14.1955 -9.27541
v 265.884 14.2305 -9.11095
v 266.065 14.3933 -8.92489
v 266.099 14.7323 -8.89037
v 265.849 14.985 -9.14746
v 265.489 15.1257 -9.51768
v 265.216 15.2076 -9.79867
v 265.035 15.3666 -9.98456
v 264.893 15.6082 -10.1304
v 264.745 15.8811 -10.2822
v 264.555 15.9714 -10.4783
v 264.324 15.9012 -10.7152
v 264.061 15.7567 -10.986
v 263.788 15.6641 -11.2667
v 263.594 15.5827 -11.4657
v 263.563 15.4477 -11.4985
v 263.614 15.2786 -11.4459
v 263.671 15.1515 -11.3874
v 263.674 15.1145 -11.384
v 263.609 15.004 -11.451
v 263.563 14.8242 -11.4984
v 263.615 14.6347 -11.4447
v 263.659 14.4964 -11.3993
v 263.651 14.3858 -11.4076
v 263.593 14.2471 -11.4668
v 263.577 13.9438 -11.4836
v 263.554 13.6075 -11.5074
v 263.448 13.4111 -11.6164
v 263.282 13.3581 -11.7872
v 263.125 13.4377 -11.9485
v 263.028 13.6379 -12.0483
v 262.914 13.7529 -12.1657
v 262.787 13.7488 -12.2963
v 262.677 13.6394 -12.4095
v 262.557 13.4187 -12.5327
v 262.465 13.2977 -12.6268
v 262.436 13.5054 -12.6565
v 262.311 13.907 -12.7859
v 262.21 14.3104 -12.8895
v 262.314 14.5693 -12.7822
v 262.479 14.6358 -12.6123
v 262.61 14.6715 -12.4779
v 262.673 14.8397 -12.413
v 262.673 15.023 -12.4136
v 262.684 15.2082 -12.4021
v 262.781 15.4459 -12.3023
v 262.876 15.7197 -12.2041
v 262.849 15.9971 -12.2326
v 262.605 16.2467 -12.4835
v 262.225 16.3682 -12.8741
v 261.909 16.3931 -13.1985
v 261.807 16.4176 -13.3039
v 261.531 16.7288 -13.5871
v 261.197 17.1064 -13.9307
v 261.098 17.188 -14.0333
v 261.062 16.8409 -14.0698
v 261.018 16.4155 -14.1147
v 261.005 16.2892 -14.1281
v 260.989 16.2524 -14.1446
v 260.916 16.0843 -14.2198
v 260.752 15.6969 -14.3885
v 260.616 15.254 -14.5281
v 260.525 14.9159 -14.6222
v 260.436 14.7914 -14.7134
v 260.316 14.9702 -14.8375
v 260.181 15.2639 -14.976
v 260.059 15.4299 -15.1009
v 259.958 15.395 -15.2054
v 259.878 15.1647 -15.2874
v 259.833 14.7358 -15.3335
v 259.927 14.3505 -15.2374
v 260.096 14.1035 -15.0635
v 260.212 13.9839 -14.9439
v 260.154 13.8288 -15.0039
v 259.979 13.6456 -15.1833
v 259.781 13.5258 -15.3873
v 259.462 13.5711 -15.7148
v 259.118 13.7472 -16.0692
v 258.936 13.9768 -16.2557
v 258.951 14.1324 -16.2407
v 259.075 14.3189 -16.1128
v 259.232 14.6994 -15.9515
v 259.267 15.0426 -15.9159
v 259.185 15.3579 -16.0003
v 259.06 15.8299 -16.1287
v 259.015 16.4065 -16.1746
v 259.068 16.9267 -16.1198
v 259.191 17.2808 -15.9936
v 259.304 17.5865 -15.8773
v 259.373 17.8339 -15.8072
v 259.384 17.9061 -15.7953
v 259.204 17.8189 -15.98
v 258.838 17.7268 -16.3564
v 258.377 17.7807 -16.8305
v 258.049 18.0622 -17.1681
v 257.899 18.3797 -17.3227
v 257.87 18.4236 -17.352
v 257.878 18.0555 -17.344
v 257.894 17.1601 -17.3272
v 257.793 16.3854 -17.4309
v 257.512 15.9495 -17.72
v 257.062 15.6154 -18.1828
v 256.686 15.7309 -18.5693
v 256.421 16.2397 -18.8418
v 256.144 16.7289 -19.1272
v 255.688 17.1326 -19.5963
v 255.155 17.5023 -20.144
v 254.753 17.7825 -20.5573
v 254.646 18.0035 -20.6678
v 254.744 18.2025 -20.5672
v 254.898 18.3806 -20.4084
v 255.176 18.5282 -20.1227
v 255.428 18.6778 -19.8631
v 255.344 18.8839 -19.9502
v 255.287 19.2983 -20.0088
v 255.458 19.8076 -19.8321
v 255.682 20.1637 -19.6023
v 256.01 20.4139 -19.2647
v 256.293 20.6373 -18.9734
v 256.197 20.7739 -19.0722
v 255.784 20.6828 -19.4975
v 255.357 20.4595 -19.9367
v 255.099 20.3285 -20.2017
v 255.126 20.5327 -20.1735
v 255.288 20.8903 -20.0075
v 255.371 21.0552 -19.9219
v 255.264 21.0366 -20.0323
v 254.931 20.8824 -20.3747
v 254.312 20.4469 -21.011
v 253.73 19.4414 -21.6093
v 253.351 18.3363 -21.9992
v 253.048 17.9794 -22.3106
v 252.832 18.292 -22.5326
v 252.724 18.7305 -22.6443
v 252.659 19.1559 -22.7111
v 252.503 19.5308 -22.8707
v 252.27 19.8645 -23.1107
v 252.079 20.1189 -23.3077
v 252.073 20.561 -23.3132
v 252.19 21.1213 -23.1934
v 252.193 21.1752 -23.1905
v 252.209 21.1993 -23.1731
v 252.244 21.3754 -23.1373
v 251.635 21.4532 -23.7634
v 251.396 21.6092 -24.0092
v 251.029 21.3612 -24.3873
v 250.701 20.6235 -24.7243
v 250.578 19.8671 -24.8506
v 250.56 19.5321 -24.8697
v 250.503 19.5107 -24.9276
v 250.342 19.3775 -25.093
v 250.08 19.029 -25.3626
v 249.934 18.3897 -25.5126
v 249.981 17.7201 -25.4648
v 250.036 17.4139 -25.4082
v 248.662 18.1726 -26.8212
f 3645/5/1093 3646/6/1093 3647/7/1093 3648/8/1093 3649/9/1093 3650/10/1093 3651/11/1093 3652/12/1093 3653/13/1093 3654/14/1093 3655/15/1093 3656/16/1093 3657/17/1093 3658/18/1093 3659/19/1093 3660/20/1093 3661/21/1093 3662/22/1093 3663/23/1093 3664/24/1093 3665/25/1093 3666/26/1093 3667/27/1093 3668/28/1093 3669/29/1093 3670/30/1093 3671/31/1093 3672/32/1093 3673/33/1093 3674/34/1093 3675/35/1093 3676/36/1093 3677/37/1093 3678/38/1093 3679/39/1093 3680/40/1093 3681/41/1093 3682/42/1093 3683/43/1093 3684/44/1093 3685/45/1093 3686/46/1093 3687/47/1093 3688/48/1093 3689/49/1093 3690/50/1093 3691/51/1093 3692/52/1093 3693/53/1093 3694/54/1093 3695/55/1093 3696/56/1093 3697/57/1093 3698/58/1093 3699/59/1093 3700/60/1093 3701/61/1093 3702/62/1093 3703/63/1093 3704/64/1093 3705/65/1093 3706/66/1093 3707/67/1093 3708/68/1093 3709/69/1093 3710/70/1093 3711/71/1093 3712/72/1093 3713/73/1093 3714/74/1093 3715/75/1093 3716/76/1093 3717/77/1093 3718/78/1093 3719/79/1093 3720/80/1093 3721/81/1093 3722/82/1093 3723/83/1093 3724/84/1093 3725/85/1093 3726/86/1093 3727/87/1093 3728/88/1093 3729/89/1093 3730/90/1093 3731/91/1093 3732/92/1093 3733/93/1093 3734/94/1093 3735/95/1093 3736/96/1093 3737/97/1093 3738/98/1093 3739/99/1093 3740/100/1093 3741/101/1093 3742/102/1093 3743/103/1093 3744/104/1093 3745/105/1093 3746/106/1093 3747/107/1093 3748/108/1093 3749/109/1093 3750/110/1093 3751/111/1093 3752/112/1093 3753/113/1093 3754/114/1093 3755/115/1093 3756/116/1093 3757/117/1093 3758/118/1093 3759/119/1093 3760/120/1093 3761/121/1093 3762/122/1093 3763/123/1093 3764/124/1093 3765/125/1093 3766/126/1093 3767/127/1093 3768/128/1093 3769/129/1093 3770/130/1093 3771/131/1093 3772/132/1093 3773/133/1093 3774/134/1093 3775/135/1093 3776/136/1093 3777/137/1093 3778/138/1093 3779/139/1093 3780/140/1093 3781/141/1093 3782/142/1093 3783/143/1093 3784/144/1093 3785/145/1093 3786/146/1093 3787/147/1093 3788/148/1093 3789/149/1093 3790/150/1093 3791/151/1093 3792/152/1093 3793/153/1093 3794/154/1093 3795/155/1093 3796/156/1093 3797/157/1093 3798/158/1093 3799/159/1093 3800/160/1093 3801/161/1093 3802/162/1093 3803/163/1093 3804/164/1093 3805/165/1093 3806/166/1093 3807/167/1093 3808/168/1093 3809/169/1093 3810/170/1093 3811/171/1093 3812/172/1093 3813/173/1093 3814/174/1093 3815/175/1093 3816/176/1093 3817/177/1093 3818/178/1093 3819/179/1093 3820/180/1093 3821/181/1093 3822/182/1093 3823/183/1093 3824/184/1093 3825/185/1093 3826/186/1093 3827/187/1093 3828/188/1093 3829/189/1093 3830/190/1093 3831/191/1093 3832/192/1093 3833/193/1093 3834/194/1093 3835/195/1093 3836/196/1093 3837/197/1093 3838/198/1093 3839/199/1093 3840/200/1093 3841/201/1093 3842/202/1093 3843/203/1093 3844/204/1093 3845/205/1093 3846/206/1093 3847/207/1093 3848/208/1093 3849/209/1093 3850/210/1093 3851/211/1093 3852/212/1093 3853/213/1093 3854/214/1093 3855/215/1093 3856/216/1093 3857/217/1093 3858/218/1093 3859/219/1093 3860/220/1093 3861/221/1093 3862/222/1093 3863/223/1093 3864/224/1093 3865/225/1093 3866/226/1093 3867/227/1093 3868/228/1093 3869/229/1093 3870/230/1093 3871/231/1093 3872/232/1093 3873/233/1093 3874/234/1093 3875/235/1093 3876/236/1093 3877/237/1093 3878/238/1093 3879/239/1093 3880/240/1093 3881/241/1093 3882/242/1093 3883/243/1093 3884/244/1093 3885/245/1093 3886/246/1093 3887/247/1093 3888/248/1093 3889/249/1093 3890/250/1093 3891/251/1093 3892/252/1093 3893/253/1093 3894/254/1093 3895/255/1093 3896/256/1093 3897/257/1093 3898/258/1093 3899/259/1093 3900/260/1093 3901/261/1093 3902/262/1093 3903/263/1093 3904/264/1093 3905/265/1093 3906/266/1093 3907/267/1093 3908/268/1093 3909/269/1093 3910/270/1093 3911/271/1093 3912/272/1093 3913/273/1093 3914/274/1093 3915/275/1093 3916/276/1093 3917/277/1093 3918/278/1093 3919/279/1093 3920/280/1093 3921/281/1093 3922/282/1093 3923/283/1093 3924/284/1093 3925/285/1093 3926/286/1093 3927/287/1093 3928/288/1093 3929/289/1093 3930/290/1093 3931/291/1093 3932/292/1093 3933/293/1093 3934/294/1093 3935/295/1093 3936/296/1093 3937/297/1093 3938/298/1093 3939/299/1093 3940/300/1093 3941/301/1093 3942/302/1093 3943/303/1093 3944/304/1093 3945/305/1093 3946/306/1093 3947/307/1093 3948/308/1093 3949/309/1093 3950/310/1093 3951/311/1093 3952/312/1093 3953/313/1093 3954/314/1093 3955/315/1093 3956/316/1093 3957/317/1093 3958/318/1093 3959/319/1093 3960/320/1093 3961/321/1093 3962/322/1093 3963/323/1093 3964/324/1093 3965/325/1093 3966/326/1093 3967/327/1093 3968/328/1093 3969/329/1093 3970/330/1093 3971/331/1093 3972/332/1093 3973/333/1093 3974/334/1093 3975/335/1093 3976/336/1093 3977/337/1093 3978/338/1093 3979/339/1093 3980/340/1093 3981/341/1093 3982/342/1093 3983/343/1093 3984/344/1093 3985/345/1093 3986/346/1093 3987/347/1093 3988/348/1093 3989/349/1093 3990/350/1093 3991/351/1093 3992/352/1093 3993/353/1093 3994/354/1093 3995/355/1093 3996/356/1093 3997/357/1093 3998/358/1093 3999/359/1093 4000/360/1093 4001/361/1093 4002/362/1093 4003/363/1093 4004/364/1093 4005/365/1093 4006/366/1093 4007/367/1093 4008/368/1093 4009/369/1093 4010/370/1093 4011/371/1093 4012/372/1093 4013/373/1093 4014/374/1093 4015/375/1093 4016/376/1093 4017/377/1093 4018/378/1093 4019/379/1093 4020/380/1093 4021/381/1093 4022/382/1093 4023/383/1093 4024/384/1093 4025/385/1093 4026/386/1093 4027/387/1093 4028/388/1093 4029/389/1093 4030/390/1093 4031/391/1093 4032/392/1093 4033/393/1093 4034/394/1093 4035/395/1093 3642/396/1093 3641/397/1093 4036/398/1093 4037/399/1093 4038/400/1093 4039/401/1093 4040/402/1093 4041/403/1093 4042/404/1093 4043/405/1093 4044/406/1093 4045/407/1093 4046/408/1093 4047/409/1093 4048/410/1093 

vn 0.239799 0.938983 0.246591
vn 0.250455 0.933242 0.257549
v 247.576 19.5638 -30.8063
v 246.223 20.3111 -32.1981
f 3646/411/1094 3645/412/1095 4049/413/1095 4050/414/1094 

v 250.096 18.1726 -28.2155
f 3645/412/1095 4048/415/1095 4051/416/1095 4049/413/1095 

v 251.47 17.4139 -26.8025
f 4048/415/1095 4047/417/1095 4052/418/1095 4051/416/1095 

vn -0.675037 -0.249946 -0.694156
vn -0.686408 -0.174987 -0.705849
v 251.415 17.7201 -26.8592
f 4047/419/1096 4046/420/1097 4053/421/1097 4052/422/1096 

vn -0.69374 -0.0989978 -0.713389
v 251.368 18.3897 -26.9069
f 4046/423/1097 4045/424/1098 4054/425/1098 4053/426/1097 

vn -0.662572 0.311091 -0.681338
v 251.514 19.029 -26.7569
f 4045/427/1099 4044/428/1099 4055/429/1099 4054/430/1099 

vn -0.473987 0.733325 -0.487412
vn -0.413754 0.804848 -0.425473
v 251.776 19.3775 -26.4874
f 4044/431/1100 4043/432/1101 4056/433/1101 4055/434/1100 

vn -0.265906 0.924406 -0.273438
v 251.937 19.5107 -26.3219
f 4043/435/1101 4042/436/1102 4057/437/1102 4056/438/1101 

vn -0.178882 0.966522 -0.183948
v 251.993 19.5321 -26.264
f 4042/439/1102 4041/440/1103 4058/441/1103 4057/442/1102 

vn -0.694983 0.0790663 -0.714666
vn -0.688917 0.153368 -0.708429
v 252.012 19.8671 -26.2449
f 4041/443/1104 4040/444/1105 4059/445/1105 4058/446/1104 

vn -0.642651 0.387651 -0.660853
v 252.135 20.6235 -26.1187
f 4040/447/1105 4039/448/1106 4060/449/1106 4059/450/1105 

vn -0.587934 0.537409 -0.604586
v 252.462 21.3612 -25.7816
f 4039/451/1106 4038/452/1107 4061/453/1107 4060/454/1106 

vn -0.296746 0.904889 -0.305151
v 252.83 21.6092 -25.4035
f 4038/455/1108 4037/456/1108 4062/457/1108 4061/458/1108 

vn 0.28878 0.910177 0.296959
vn 0.255578 0.93038 0.262816
v 253.069 21.4532 -25.1578
f 4037/459/1109 4036/460/1110 4063/461/1110 4062/462/1109 

vn 0.221692 0.948094 0.22797
f 4036/463/1110 3641/464/1111 3644/465/1111 4063/466/1110 

vn 0.716911 4.36997e-17 -0.697165
v 253.678 21.3754 -24.5317
v 253.643 21.1993 -24.5674
v 253.626 21.1752 -24.5848
v 253.624 21.1213 -24.5877
v 253.507 20.561 -24.7075
v 253.512 20.1189 -24.702
v 253.704 19.8645 -24.505
v 253.937 19.5308 -24.2651
v 254.093 19.1559 -24.1054
v 254.157 18.7305 -24.0387
v 254.266 18.292 -23.9269
v 254.482 17.9794 -23.7049
v 254.785 18.3363 -23.3936
v 255.164 19.4414 -23.0037
v 255.746 20.4469 -22.4053
v 256.365 20.8824 -21.769
v 256.698 21.0366 -21.4267
v 256.805 21.0552 -21.3162
v 256.722 20.8903 -21.4019
v 256.56 20.5327 -21.5679
v 256.533 20.3285 -21.596
v 256.791 20.4595 -21.331
v 257.218 20.6828 -20.8918
v 257.631 20.7739 -20.4665
v 257.727 20.6373 -20.3677
v 257.444 20.4139 -20.659
v 257.116 20.1637 -20.9967
v 256.892 19.8076 -21.2265
v 256.72 19.2983 -21.4031
v 256.777 18.8839 -21.3445
v 256.862 18.6778 -21.2575
v 256.61 18.5282 -21.517
v 256.332 18.3806 -21.8028
v 256.177 18.2025 -21.9615
v 256.08 18.0035 -22.0622
v 256.187 17.7825 -21.9516
v 256.589 17.5023 -21.5384
v 257.122 17.1326 -20.9906
v 257.578 16.7289 -20.5215
v 257.855 16.2397 -20.2361
v 258.12 15.7309 -19.9637
v 258.496 15.6154 -19.5771
v 258.946 15.9495 -19.1143
v 259.227 16.3854 -18.8252
v 259.328 17.1601 -18.7215
v 259.312 18.0555 -18.7383
v 259.304 18.4236 -18.7464
v 259.333 18.3797 -18.717
v 259.483 18.0622 -18.5625
v 259.811 17.7807 -18.2249
v 260.272 17.7268 -17.7507
v 260.638 17.8189 -17.3743
v 260.818 17.9061 -17.1896
v 260.806 17.8339 -17.2015
v 260.738 17.5865 -17.2716
v 260.625 17.2808 -17.388
v 260.502 16.9267 -17.5142
v 260.449 16.4065 -17.5689
v 260.494 15.8299 -17.523
v 260.619 15.3579 -17.3946
v 260.701 15.0426 -17.3102
v 260.666 14.6994 -17.3458
v 260.509 14.3189 -17.5071
v 260.385 14.1324 -17.635
v 260.37 13.9768 -17.6501
v 260.551 13.7472 -17.4636
v 260.896 13.5711 -17.1092
v 261.215 13.5258 -16.7816
v 261.413 13.6456 -16.5776
v 261.587 13.8288 -16.3983
v 261.646 13.9839 -16.3382
v 261.529 14.1035 -16.4579
v 261.36 14.3505 -16.6317
v 261.267 14.7358 -16.7278
v 261.312 15.1647 -16.6817
v 261.391 15.395 -16.5998
v 261.493 15.4299 -16.4953
v 261.615 15.2639 -16.3703
v 261.749 14.9702 -16.2318
v 261.87 14.7914 -16.1078
v 261.959 14.9159 -16.0165
v 262.05 15.254 -15.9225
v 262.186 15.6969 -15.7828
v 262.35 16.0843 -15.6141
v 262.423 16.2524 -15.5389
v 262.439 16.2892 -15.5225
v 262.452 16.4155 -15.509
v 262.496 16.8409 -15.4642
v 262.531 17.188 -15.4276
v 262.631 17.1064 -15.325
v 262.965 16.7288 -14.9814
v 263.241 16.4176 -14.6983
v 263.343 16.3931 -14.5928
v 263.659 16.3682 -14.2684
v 264.038 16.2467 -13.8778
v 264.282 15.9971 -13.6269
v 264.31 15.7197 -13.5984
v 264.215 15.4459 -13.6966
v 264.118 15.2082 -13.7964
v 264.106 15.023 -13.808
v 264.107 14.8397 -13.8073
v 264.044 14.6715 -13.8722
v 263.913 14.6358 -14.0066
v 263.748 14.5693 -14.1765
v 263.644 14.3104 -14.2839
v 263.744 13.907 -14.1803
v 263.87 13.5054 -14.0508
v 263.899 13.2977 -14.0211
v 263.991 13.4187 -13.9271
v 264.11 13.6394 -13.8038
v 264.22 13.7488 -13.6907
v 264.347 13.7529 -13.56
v 264.462 13.6379 -13.4427
v 264.559 13.4377 -13.3429
v 264.716 13.3581 -13.1815
v 264.882 13.4111 -13.0107
v 264.988 13.6075 -12.9017
v 265.011 13.9438 -12.878
v 265.027 14.2471 -12.8611
v 265.085 14.3858 -12.802
v 265.093 14.4964 -12.7937
v 265.049 14.6347 -12.839
v 264.996 14.8242 -12.8928
v 265.042 15.004 -12.8454
v 265.108 15.1145 -12.7783
v 265.104 15.1515 -12.7817
v 265.047 15.2786 -12.8403
v 264.996 15.4477 -12.8928
v 265.028 15.5827 -12.86
v 265.222 15.6641 -12.661
v 265.495 15.7567 -12.3803
v 265.758 15.9012 -12.1096
v 265.988 15.9714 -11.8727
v 266.179 15.8811 -11.6765
v 266.327 15.6082 -11.5247
v 266.469 15.3666 -11.3789
v 266.649 15.2076 -11.193
v 266.923 15.1257 -10.912
v 267.283 14.985 -10.5418
v 267.533 14.7323 -10.2847
v 267.499 14.3933 -10.3192
v 267.318 14.2305 -10.5053
v 267.158 14.1955 -10.6697
v 267.135 14.1719 -10.694
v 267.13 14.0348 -10.6986
v 267.089 13.857 -10.7406
v 266.958 13.7432 -10.8758
v 266.678 13.7276 -11.1639
v 266.435 13.6385 -11.4134
v 266.412 13.3399 -11.437
v 266.531 13.0334 -11.315
v 266.704 12.7684 -11.1365
v 266.842 12.5028 -10.9944
v 266.82 12.0526 -11.0172
v 266.739 11.6287 -11.1003
v 266.722 11.4356 -11.118
v 266.753 11.2385 -11.0863
v 266.732 10.9936 -11.1077
v 266.586 10.7176 -11.2577
v 266.443 10.4558 -11.405
v 266.397 10.2906 -11.4526
v 266.544 10.3118 -11.3014
v 266.961 10.5614 -10.8724
v 267.346 10.9372 -10.4762
v 267.414 11.3162 -10.4066
v 267.396 11.5969 -10.4248
v 267.378 11.8012 -10.4434
v 267.372 11.9632 -10.45
v 267.369 12.0855 -10.4533
v 267.383 12.1649 -10.4388
v 267.415 12.2025 -10.406
v 267.365 12.232 -10.4573
v 267.287 12.2994 -10.5376
v 267.268 12.4273 -10.5567
v 267.363 12.5023 -10.4587
v 267.537 12.5616 -10.2797
v 267.737 12.6526 -10.0743
v 267.889 12.6627 -9.91869
v 268.032 12.7052 -9.77084
v 268.204 12.9347 -9.5947
v 268.268 13.326 -9.52887
v 268.3 13.7679 -9.49565
v 268.427 14.1625 -9.36463
v 268.672 14.4866 -9.11271
v 268.908 14.7306 -8.87079
v 269.015 14.883 -8.76071
v 269.08 14.9796 -8.69387
v 269.123 15.0306 -8.64934
v 269.14 15.018 -8.63211
v 269.228 14.8267 -8.54109
v 269.394 14.5702 -8.37059
v 269.611 14.3723 -8.14706
v 269.829 13.9714 -7.92298
v 269.984 13.4074 -7.76382
v 270.019 12.8291 -7.72826
v 269.964 12.3685 -7.78458
v 269.885 12.088 -7.86552
v 269.828 12.0255 -7.92473
v 269.714 12.0516 -8.04153
v 269.599 12.0886 -8.15953
v 269.571 12.0678 -8.18898
v 269.591 11.7436 -8.16792
v 269.691 11.3039 -8.06533
v 269.931 11.0208 -7.81789
v 270.285 10.8039 -7.45454
v 270.579 10.6474 -7.15246
v 270.643 10.6306 -7.0866
v 270.568 10.8482 -7.16382
v 270.49 11.1568 -7.24357
v 270.507 11.3727 -7.22613
v 270.62 11.4926 -7.10957
v 270.736 11.5518 -6.99031
v 270.762 11.5824 -6.96412
v 270.691 11.8188 -7.0371
v 270.605 12.1057 -7.12566
v 270.586 12.1901 -7.14518
v 270.67 12.2128 -7.05849
v 270.812 12.2749 -6.91204
v 270.954 12.4018 -6.76665
v 271.002 12.7397 -6.71698
v 271.037 13.1854 -6.68078
v 271.178 13.5597 -6.53562
v 271.394 13.7965 -6.31407
v 271.57 13.9168 -6.13273
v 271.623 13.9478 -6.07877
v 271.696 14.0657 -6.0033
v 271.779 14.2604 -5.91856
v 271.787 14.4283 -5.90942
v 271.938 14.2829 -5.75449
v 272.213 13.9601 -5.47131
v 272.484 13.7351 -5.19298
v 272.854 13.6784 -4.81296
v 273.222 13.6308 -4.43391
v 273.388 13.4385 -4.26316
v 273.344 13.206 -4.30922
v 273.219 13.0322 -4.43771
v 273.128 12.9393 -4.53085
v 273.124 12.786 -4.53484
v 273.136 12.5665 -4.52293
v 273.077 12.3577 -4.58321
v 272.908 12.2521 -4.75669
v 272.698 12.1294 -4.97264
v 272.533 11.8188 -5.14231
v 272.511 11.4469 -5.16566
v 272.589 11.1627 -5.08481
v 272.69 11.0299 -4.98092
v 272.814 11.0198 -4.85352
v 272.99 11.1158 -4.67313
v 273.223 11.3312 -4.43304
v 273.389 11.611 -4.26288
v 273.49 11.8957 -4.15821
v 273.606 12.1464 -4.039
v 273.648 12.3508 -3.99564
v 273.647 12.5461 -3.99672
v 273.721 12.772 -3.92104
v 273.865 12.9751 -3.77328
v 273.996 13.1025 -3.63855
v 274.058 13.1357 -3.57439
v 274.211 13.0751 -3.41751
v 274.428 12.8099 -3.19391
v 274.554 12.2029 -3.06398
v 274.61 11.6818 -3.00644
v 274.66 11.4489 -2.95528
v 274.714 11.4236 -2.89958
v 274.825 11.6417 -2.78555
v 275.025 11.9561 -2.57983
v 275.32 12.1223 -2.27646
v 275.557 12.2415 -2.03271
v 275.711 12.3226 -1.87423
v 275.862 12.2039 -1.71897
v 275.932 12.0146 -1.64768
v 275.943 11.8656 -1.63634
v 276.02 11.7329 -1.55681
v 276.137 11.538 -1.43662
v 276.178 11.3086 -1.39433
v 276.07 11.1319 -1.50569
v 275.891 10.9851 -1.68918
v 275.756 10.8098 -1.82883
v 275.713 10.5877 -1.87283
v 275.748 10.2922 -1.83669
v 275.748 9.84977 -1.83693
v 275.598 9.17764 -1.99107
v 275.308 8.45569 -2.28889
v 275.039 7.9384 -2.56601
v 274.939 7.76408 -2.66895
v 275.131 7.58404 -2.47064
v 275.417 7.16697 -2.17661
v 275.491 6.59404 -2.10084
v 275.203 5.99085 -2.39656
v 274.813 5.52721 -2.79797
v 274.641 5.35953 -2.97536
v 274.638 5.06168 -2.97798
v 274.634 4.57962 -2.98221
v 274.63 4.35295 -2.98653
v 274.314 4.08772 -3.31159
v 273.795 3.65285 -3.84456
v 273.719 3.58885 -3.923
v 273.55 3.4458 -4.09732
v 273.52 3.2719 -4.12727
v 273.513 3.21511 -4.13466
v 273.258 3.2858 -4.39717
v 272.56 3.48198 -5.11525
v 271.52 3.77976 -6.18472
v 270.239 4.15526 -7.5014
v 268.82 4.5846 -8.96108
v 267.363 5.0439 -10.4596
v 265.969 5.50929 -11.8928
v 264.74 5.95688 -13.1564
v 263.478 6.47856 -14.4546
v 261.396 7.37723 -16.595
v 258.709 8.55301 -19.3586
v 255.706 9.87512 -22.4458
v 252.681 11.2128 -25.5572
v 249.923 12.4351 -28.3932
v 247.724 13.4115 -30.6542
v 246.376 14.011 -32.0406
v 246.049 14.162 -32.377
v 245.438 14.5079 -33.0051
v 244.266 15.1716 -34.2103
v 242.731 16.041 -35.7889
v 241.031 17.0039 -37.5373
v 239.363 17.948 -39.2518
v 237.927 18.7613 -40.7286
v 236.92 19.3316 -41.7641
v 236.541 19.5466 -42.1545
v 236.595 21.3189 -42.0987
v 236.61 21.8109 -42.0832
v 239.475 20.2641 -39.1372
v 241.672 19.0622 -36.8778
v 243.314 18.1491 -35.1889
v 244.515 17.4688 -33.9543
v 245.387 16.9653 -33.058
v 246.042 16.5824 -32.3837
v 246.595 16.264 -31.8154
v 247.158 15.9542 -31.2369
v 247.77 15.6332 -30.6074
v 248.339 15.3393 -30.0221
v 248.877 15.0637 -29.4682
v 249.372 14.8128 -28.9592
v 249.811 14.593 -28.5085
v 250.179 14.4106 -28.1296
v 250.465 14.2721 -27.8361
v 250.654 14.1837 -27.6416
v 250.734 14.152 -27.5594
v 250.858 14.2104 -27.4319
v 250.987 14.2696 -27.2992
v 251.107 14.3157 -27.1753
v 251.209 14.3495 -27.0704
v 251.283 14.3719 -26.9948
v 251.325 14.3913 -26.9517
v 251.36 14.4394 -26.9156
v 251.39 14.5142 -26.8843
v 251.414 14.6092 -26.8597
v 251.43 14.7178 -26.8434
v 251.436 14.8336 -26.837
v 251.431 14.9499 -26.8424
v 251.413 15.0602 -26.8611
v 251.382 15.16 -26.8922
v 251.36 15.2594 -26.9159
v 251.349 15.3606 -26.9264
v 251.353 15.4628 -26.9229
v 251.371 15.5652 -26.904
v 251.405 15.6669 -26.8687
v 251.457 15.7671 -26.816
v 251.494 15.7944 -26.7772
v 251.355 15.8608 -26.9204
v 250.974 16.044 -27.3125
v 250.405 16.3197 -27.8972
v 249.704 16.6635 -28.618
v 249.123 16.9874 -29.2154
v 249.095 16.9752 -29.2446
v 248.926 17.0512 -29.4188
v 248.124 17.4585 -30.2431
v 247.354 17.8611 -31.0345
v 246.671 18.2347 -31.7369
v 246.042 18.5988 -32.3844
v 245.026 19.1716 -33.4291
v 243.676 19.9209 -34.8169
v 242.138 20.7689 -36.399
v 240.555 21.6376 -38.0269
v 239.072 22.449 -39.5517
v 237.834 23.1251 -40.825
v 236.985 23.5879 -41.6979
v 236.77 23.705 -41.9189
v 236.867 24.0531 -41.8185
v 237.34 24.4812 -41.3329
v 237.924 24.4525 -40.732
v 240.097 23.3679 -38.4971
v 244.082 21.3793 -34.3994
f 4050/467/1112 4049/468/1112 4051/469/1112 4052/470/1112 4053/471/1112 4054/472/1112 4055/473/1112 4056/474/1112 4057/475/1112 4058/476/1112 4059/477/1112 4060/478/1112 4061/479/1112 4062/480/1112 4063/481/1112 3644/482/1112 3643/483/1112 4064/484/1112 4065/485/1112 4066/486/1112 4067/487/1112 4068/488/1112 4069/489/1112 4070/490/1112 4071/491/1112 4072/492/1112 4073/493/1112 4074/494/1112 4075/495/1112 4076/496/1112 4077/497/1112 4078/498/1112 4079/499/1112 4080/500/1112 4081/501/1112 4082/502/1112 4083/503/1112 4084/504/1112 4085/505/1112 4086/506/1112 4087/507/1112 4088/508/1112 4089/509/1112 4090/510/1112 4091/511/1112 4092/512/1112 4093/513/1112 4094/514/1112 4095/515/1112 4096/516/1112 4097/517/1112 4098/518/1112 4099/519/1112 4100/520/1112 4101/521/1112 4102/522/1112 4103/523/1112 4104/524/1112 4105/525/1112 4106/526/1112 4107/527/1112 4108/528/1112 4109/529/1112 4110/530/1112 4111/531/1112 4112/532/1112 4113/533/1112 4114/534/1112 4115/535/1112 4116/536/1112 4117/537/1112 4118/538/1112 4119/539/1112 4120/540/1112 4121/541/1112 4122/542/1112 4123/543/1112 4124/544/1112 4125/545/1112 4126/546/1112 4127/547/1112 4128/548/1112 4129/549/1112 4130/550/1112 4131/551/1112 4132/552/1112 4133/553/1112 4134/554/1112 4135/555/1112 4136/556/1112 4137/557/1112 4138/558/1112 4139/559/1112 4140/560/1112 4141/561/1112 4142/562/1112 4143/563/1112 4144/564/1112 4145/565/1112 4146/566/1112 4147/567/1112 4148/568/1112 4149/569/1112 4150/570/1112 4151/571/1112 4152/572/1112 4153/573/1112 4154/574/1112 4155/575/1112 4156/576/1112 4157/577/1112 4158/578/1112 4159/579/1112 4160/580/1112 4161/581/1112 4162/582/1112 4163/583/1112 4164/584/1112 4165/585/1112 4166/586/1112 4167/587/1112 4168/588/1112 4169/589/1112 4170/590/1112 4171/591/1112 4172/592/1112 4173/593/1112 4174/594/1112 4175/595/1112 4176/596/1112 4177/597/1112 4178/598/1112 4179/599/1112 4180/600/1112 4181/601/1112 4182/602/1112 4183/603/1112 4184/604/1112 4185/605/1112 4186/606/1112 4187/607/1112 4188/608/1112 4189/609/1112 4190/610/1112 4191/611/1112 4192/612/1112 4193/613/1112 4194/614/1112 4195/615/1112 4196/616/1112 4197/617/1112 4198/618/1112 4199/619/1112 4200/620/1112 4201/621/1112 4202/622/1112 4203/623/1112 4204/624/1112 4205/625/1112 4206/626/1112 4207/627/1112 4208/628/1112 4209/629/1112 4210/630/1112 4211/631/1112 4212/632/1112 4213/633/1112 4214/634/1112 4215/635/1112 4216/636/1112 4217/637/1112 4218/638/1112 4219/639/1112 4220/640/1112 4221/641/1112 4222/642/1112 4223/643/1112 4224/644/1112 4225/645/1112 4226/646/1112 4227/647/1112 4228/648/1112 4229/649/1112 4230/650/1112 4231/651/1112 4232/652/1112 4233/653/1112 4234/654/1112 4235/655/1112 4236/656/1112 4237/657/1112 4238/658/1112 4239/659/1112 4240/660/1112 4241/661/1112 4242/662/1112 4243/663/1112 4244/664/1112 4245/665/1112 4246/666/1112 4247/667/1112 4248/668/1112 4249/669/1112 4250/670/1112 4251/671/1112 4252/672/1112 4253/673/1112 4254/674/1112 4255/675/1112 4256/676/1112 4257/677/1112 4258/678/1112 4259/679/1112 4260/680/1112 4261/681/1112 4262/682/1112 4263/683/1112 4264/684/1112 4265/685/1112 4266/686/1112 4267/687/1112 4268/688/1112 4269/689/1112 4270/690/1112 4271/691/1112 4272/692/1112 4273/693/1112 4274/694/1112 4275/695/1112 4276/696/1112 4277/697/1112 4278/698/1112 4279/699/1112 4280/700/1112 4281/701/1112 4282/702/1112 4283/703/1112 4284/704/1112 4285/705/1112 4286/706/1112 4287/707/1112 4288/708/1112 4289/709/1112 4290/710/1112 4291/711/1112 4292/712/1112 4293/713/1112 4294/714/1112 4295/715/1112 4296/716/1112 4297/717/1112 4298/718/1112 4299/719/1112 4300/720/1112 4301/721/1112 4302/722/1112 4303/723/1112 4304/724/1112 4305/725/1112 4306/726/1112 4307/727/1112 4308/728/1112 4309/729/1112 4310/730/1112 4311/731/1112 4312/732/1112 4313/733/1112 4314/734/1112 4315/735/1112 4316/736/1112 4317/737/1112 4318/738/1112 4319/739/1112 4320/740/1112 4321/741/1112 4322/742/1112 4323/743/1112 4324/744/1112 4325/745/1112 4326/746/1112 4327/747/1112 4328/748/1112 4329/749/1112 4330/750/1112 4331/751/1112 4332/752/1112 4333/753/1112 4334/754/1112 4335/755/1112 4336/756/1112 4337/757/1112 4338/758/1112 4339/759/1112 4340/760/1112 4341/761/1112 4342/762/1112 4343/763/1112 4344/764/1112 4345/765/1112 4346/766/1112 4347/767/1112 4348/768/1112 4349/769/1112 4350/770/1112 4351/771/1112 4352/772/1112 4353/773/1112 4354/774/1112 4355/775/1112 4356/776/1112 4357/777/1112 4358/778/1112 4359/779/1112 4360/780/1112 4361/781/1112 4362/782/1112 4363/783/1112 4364/784/1112 4365/785/1112 4366/786/1112 4367/787/1112 4368/788/1112 4369/789/1112 4370/790/1112 4371/791/1112 4372/792/1112 4373/793/1112 4374/794/1112 4375/795/1112 4376/796/1112 4377/797/1112 4378/798/1112 4379/799/1112 4380/800/1112 4381/801/1112 4382/802/1112 4383/803/1112 4384/804/1112 4385/805/1112 4386/806/1112 4387/807/1112 4388/808/1112 4389/809/1112 4390/810/1112 4391/811/1112 4392/812/1112 4393/813/1112 4394/814/1112 4395/815/1112 4396/816/1112 4397/817/1112 4398/818/1112 4399/819/1112 4400/820/1112 4401/821/1112 4402/822/1112 4403/823/1112 4404/824/1112 4405/825/1112 4406/826/1112 4407/827/1112 4408/828/1112 4409/829/1112 4410/830/1112 4411/831/1112 4412/832/1112 4413/833/1112 4414/834/1112 4415/835/1112 4416/836/1112 4417/837/1112 4418/838/1112 4419/839/1112 4420/840/1112 4421/841/1112 4422/842/1112 4423/843/1112 4424/844/1112 4425/845/1112 4426/846/1112 4427/847/1112 4428/848/1112 4429/849/1112 4430/850/1112 4431/851/1112 4432/852/1112 4433/853/1112 4434/854/1112 4435/855/1112 4436/856/1112 4437/857/1112 4438/858/1112 4439/859/1112 4440/860/1112 4441/861/1112 4442/862/1112 4443/863/1112 4444/864/1112 4445/865/1112 4446/866/1112 4447/867/1112 4448/868/1112 4449/869/1112 4450/870/1112 4451/871/1112 4452/872/1112 

vn -0.0718062 0.994682 -0.07384
f 3642/873/1092 4035/874/1113 4064/875/1113 3643/876/1092 

vn 0.67076 -0.272607 0.689758
f 4035/877/1114 4034/878/1114 4065/879/1114 4064/880/1114 

vn 0.491597 -0.709072 0.50552
f 4034/881/1115 4033/882/1115 4066/883/1115 4065/884/1115 

vn 0.695175 -0.0755085 0.714864
vn 0.685562 -0.181688 0.704978
f 4033/885/1116 4032/886/1117 4067/887/1117 4066/888/1116 

vn 0.6907 -0.135869 0.710263
f 4032/889/1117 4031/890/1118 4068/891/1118 4067/892/1117 

vn 0.697061 0.0172438 0.716804
f 4031/893/1118 4030/894/1119 4069/895/1119 4068/896/1118 

vn 0.473612 0.733823 0.487026
vn 0.483027 0.721087 0.496708
f 4030/897/1120 4029/898/1121 4070/899/1121 4069/900/1120 

vn 0.55013 0.61427 0.565711
f 4029/901/1121 4028/902/1122 4071/903/1122 4070/904/1121 

vn 0.648525 0.366972 0.666893
f 4028/905/1122 4027/906/1123 4072/907/1123 4071/908/1122 

vn 0.670307 0.274891 0.689292
f 4027/909/1123 4026/910/1124 4073/911/1124 4072/912/1123 

vn 0.656892 0.334958 0.675497
f 4026/913/1124 4025/914/1125 4074/915/1125 4073/916/1124 

vn 0.495272 0.70379 0.509299
f 4025/917/1126 4024/918/1126 4075/919/1126 4074/920/1126 

vn -0.442588 0.772644 -0.455123
f 4024/921/1127 4023/922/1127 4076/923/1127 4075/924/1127 

vn -0.625533 0.441518 -0.64325
vn -0.585032 0.543886 -0.601602
f 4023/925/1128 4022/926/1129 4077/927/1129 4076/928/1128 

vn -0.536426 0.63872 -0.551619
f 4022/929/1129 4021/930/1130 4078/931/1130 4077/932/1129 

vn -0.30711 0.897746 -0.315809
vn -0.261341 0.927081 -0.268743
f 4021/933/1131 4020/934/1132 4079/935/1132 4078/936/1131 

vn -0.149528 0.976728 -0.153763
f 4020/937/1132 4019/938/1133 4080/939/1133 4079/940/1132 

vn -0.083454 0.99281 -0.0858176
f 4019/941/1133 4018/942/1134 4081/943/1134 4080/944/1133 

vn 0.564562 -0.586711 0.580552
vn 0.575099 -0.565264 0.591387
f 4018/945/1135 4017/946/1136 4082/947/1136 4081/948/1135 

vn 0.58524 -0.543427 0.601815
f 4017/949/1136 4016/950/1137 4083/951/1137 4082/952/1136 

vn 0.684605 -0.188965 0.703995
f 4016/953/1138 4015/954/1138 4084/955/1138 4083/956/1138 

vn -0.232847 0.942576 -0.239442
vn -0.235833 0.941048 -0.242512
f 4015/957/1139 4014/958/1140 4085/959/1140 4084/960/1139 

vn -0.173143 0.96867 -0.178047
f 4014/961/1140 4013/962/1141 4086/963/1141 4085/964/1140 

vn -0.10579 0.98842 -0.108786
f 4013/965/1141 4012/966/1142 4087/967/1142 4086/968/1141 

vn 0.490802 0.710203 0.504703
f 4012/969/1143 4011/970/1143 4088/971/1143 4087/972/1143 

vn 0.335868 -0.876302 0.345381
vn 0.331501 -0.879717 0.34089
f 4011/973/1144 4010/974/1145 4089/975/1145 4088/976/1144 

vn 0.327116 -0.883087 0.336381
f 4010/977/1145 4009/978/1146 4090/979/1146 4089/980/1145 

vn 0.518175 -0.669002 0.532851
vn 0.57864 -0.557779 0.595028
f 4009/981/1147 4008/982/1148 4091/983/1148 4090/984/1147 

vn 0.627593 -0.435461 0.645368
f 4008/985/1148 4007/986/1149 4092/987/1149 4091/988/1148 

vn 0.683977 0.193588 0.703349
vn 0.651615 0.355532 0.670071
f 4007/989/1150 4006/990/1151 4093/991/1151 4092/992/1150 

vn 0.600761 0.507385 0.617776
f 4006/993/1151 4005/994/1152 4094/995/1152 4093/996/1151 

vn 0.266264 -0.924194 0.273806
vn 0.254197 -0.931158 0.261396
f 4005/997/1153 4004/998/1154 4095/999/1154 4094/1000/1153 

vn 0.344025 -0.869767 0.353768
f 4004/1001/1154 4003/1002/1155 4096/1003/1155 4095/1004/1154 

vn 0.50822 -0.684534 0.522614
f 4003/1005/1155 4002/1006/1156 4097/1007/1156 4096/1008/1155 

vn 0.569545 -0.576716 0.585676
f 4002/1009/1156 4001/1010/1157 4098/1011/1157 4097/1012/1156 

vn 0.571813 0.57208 0.588009
f 4001/1013/1158 4000/1014/1158 4099/1015/1158 4098/1016/1158 

vn 0.304783 0.899377 0.313415
vn 0.304225 0.899765 0.312841
f 4000/1017/1159 3999/1018/1160 4100/1019/1160 4099/1020/1159 

vn 0.335308 0.876743 0.344805
f 3999/1021/1160 3998/1022/1161 4101/1023/1161 4100/1024/1160 

vn 0.459839 0.751631 0.472863
f 3998/1025/1161 3997/1026/1162 4102/1027/1162 4101/1028/1161 

vn 0.549762 0.614947 0.565333
f 3997/1029/1162 3996/1030/1163 4103/1031/1163 4102/1032/1162 

vn 0.558547 0.598438 0.574367
f 3996/1033/1163 3995/1034/1164 4104/1035/1164 4103/1036/1163 

vn 0.146087 0.977799 0.150224
f 3995/1037/1165 3994/1038/1165 4105/1039/1165 4104/1040/1165 

vn -0.320466 0.888089 -0.329543
vn -0.422455 0.795494 -0.43442
f 3994/1041/1166 3993/1042/1167 4106/1043/1167 4105/1044/1166 

vn -0.511781 0.679054 -0.526276
f 3993/1045/1167 3992/1046/1168 4107/1047/1168 4106/1048/1167 

vn -0.685308 0.183645 -0.704718
vn -0.694976 0.0791844 -0.714659
f 3992/1049/1169 3991/1050/1170 4108/1051/1170 4107/1052/1169 

vn -0.696885 -0.0283627 -0.716622
f 3991/1053/1170 3990/1054/1171 4109/1055/1171 4108/1056/1170 

vn -0.696839 -0.0305696 -0.716576
f 3990/1057/1171 3989/1058/1172 4110/1059/1172 4109/1060/1171 

vn 0.509503 0.682568 0.523934
vn 0.544791 0.623984 0.560221
f 3989/1061/1173 3988/1062/1174 4111/1063/1174 4110/1064/1173 

vn 0.576813 0.561659 0.59315
f 3988/1065/1174 3987/1066/1175 4112/1067/1175 4111/1068/1174 

vn 0.357674 0.858364 0.367804
f 3987/1069/1176 3986/1070/1176 4113/1071/1176 4112/1072/1176 

vn 0.0565827 0.996701 0.0581853
vn -0.0321537 0.998936 -0.0330644
f 3986/1073/1177 3985/1074/1178 4114/1075/1178 4113/1076/1177 

vn -0.172495 0.968907 -0.17738
f 3985/1077/1178 3984/1078/1179 4115/1079/1179 4114/1080/1178 

vn -0.223612 0.947166 -0.229945
f 3984/1081/1179 3983/1082/1180 4116/1083/1180 4115/1084/1179 

vn 0.679541 -0.223429 0.698787
vn 0.665834 -0.296415 0.684692
f 3983/1085/1181 3982/1086/1182 4117/1087/1182 4116/1088/1181 

vn 0.633022 -0.418983 0.65095
f 3982/1089/1182 3981/1090/1183 4118/1091/1183 4117/1092/1182 

vn 0.620071 -0.457096 0.637633
f 3981/1093/1183 3980/1094/1184 4119/1095/1184 4118/1096/1183 

vn 0.66529 -0.298918 0.684133
f 3980/1097/1184 3979/1098/1185 4120/1099/1185 4119/1100/1184 

vn 0.697057 -0.0176059 0.716799
f 3979/1101/1185 3978/1102/1186 4121/1103/1186 4120/1104/1185 

vn 0.677734 0.234449 0.696929
f 3978/1105/1186 3977/1106/1187 4122/1107/1187 4121/1108/1186 

vn 0.652474 0.352277 0.670954
f 3977/1109/1187 3976/1110/1188 4123/1111/1188 4122/1112/1187 

vn 0.653146 0.349706 0.671644
f 3976/1113/1188 3975/1114/1189 4124/1115/1189 4123/1116/1188 

vn 0.689975 -0.14325 0.709517
f 3975/1117/1190 3974/1118/1190 4125/1119/1190 4124/1120/1190 

vn 0.600159 -0.508848 0.617157
vn 0.555535 -0.604179 0.571269
f 3974/1121/1191 3973/1122/1192 4126/1123/1192 4125/1124/1191 

vn 0.503587 -0.691543 0.51785
f 3973/1125/1192 3972/1126/1193 4127/1127/1193 4126/1128/1192 

vn 0.690929 -0.133454 0.710498
f 3972/1129/1194 3971/1130/1194 4128/1131/1194 4127/1132/1194 

vn 0.461401 0.749658 0.474469
f 3971/1133/1195 3970/1134/1195 4129/1135/1195 4128/1136/1195 

vn 0.233846 0.942067 0.240469
vn 0.152492 0.975785 0.156811
f 3970/1137/1196 3969/1138/1197 4130/1139/1197 4129/1140/1196 

vn 0.068888 0.995106 0.070839
f 3969/1141/1197 3968/1142/1198 4131/1143/1198 4130/1144/1197 

vn -0.270519 0.921648 -0.278181
vn -0.343584 0.870125 -0.353315
f 3968/1145/1199 3967/1146/1200 4132/1147/1200 4131/1148/1199 

vn -0.411963 0.806736 -0.423631
f 3967/1149/1200 3966/1150/1201 4133/1151/1201 4132/1152/1200 

vn -0.613367 0.475342 -0.630739
f 3966/1153/1202 3965/1154/1202 4134/1155/1202 4133/1156/1202 

vn -0.406001 -0.812931 -0.4175
vn -0.453393 -0.759645 -0.466235
f 3965/1157/1203 3964/1158/1204 4135/1159/1204 4134/1160/1203 

vn -0.497403 -0.700691 -0.511491
f 3964/1161/1204 3963/1162/1205 4136/1163/1205 4135/1164/1204 

vn -0.658448 -0.328611 -0.677097
f 3963/1165/1206 3962/1166/1206 4137/1167/1206 4136/1168/1206 

vn -0.689452 0.148341 -0.708979
vn -0.665039 0.300064 -0.683875
f 3962/1169/1207 3961/1170/1208 4138/1171/1208 4137/1172/1207 

vn -0.624502 0.444511 -0.642189
f 3961/1173/1208 3960/1174/1209 4139/1175/1209 4138/1176/1208 

vn -0.162214 0.972554 -0.166808
f 3960/1177/1210 3959/1178/1210 4140/1179/1210 4139/1180/1210 

vn 0.480823 0.724111 0.494441
vn 0.535058 0.641077 0.550212
f 3959/1181/1211 3958/1182/1212 4141/1183/1212 4140/1184/1211 

vn 0.544125 0.625178 0.559536
f 3958/1185/1212 3957/1186/1213 4142/1187/1213 4141/1188/1212 

vn 0.501152 0.695173 0.515346
f 3957/1189/1213 3956/1190/1214 4143/1191/1214 4142/1192/1213 

vn -0.487595 0.714733 -0.501405
f 3956/1193/1215 3955/1194/1215 4144/1195/1215 4143/1196/1215 

vn -0.64995 0.361748 -0.668359
vn -0.644216 0.382268 -0.662462
f 3955/1197/1216 3954/1198/1217 4145/1199/1217 4144/1200/1216 

vn -0.618332 0.461917 -0.635845
f 3954/1201/1217 3953/1202/1218 4146/1203/1218 4145/1204/1217 

vn -0.593663 0.524292 -0.610477
f 3953/1205/1218 3952/1206/1219 4147/1207/1219 4146/1208/1218 

vn -0.591485 0.529332 -0.608237
f 3952/1209/1219 3951/1210/1220 4148/1211/1220 4147/1212/1219 

f 3951/1210/1220 3950/1213/1220 4149/1214/1220 4148/1211/1220 

vn -0.689574 0.147166 -0.709105
vn -0.689663 0.146308 -0.709196
f 3950/1215/1221 3949/1216/1222 4150/1217/1222 4149/1218/1221 

vn -0.689751 0.145449 -0.709287
f 3949/1219/1222 3948/1220/1223 4151/1221/1223 4150/1222/1222 

f 3948/1220/1223 3947/1223/1223 4152/1224/1223 4151/1221/1223 

vn 0.345337 0.868697 0.355118
vn 0.389471 0.829403 0.400502
f 3947/1225/1224 3946/1226/1225 4153/1227/1225 4152/1228/1224 

vn 0.431444 0.785506 0.443663
f 3946/1229/1225 3945/1230/1226 4154/1231/1226 4153/1232/1225 

f 3945/1230/1226 3944/1233/1226 4155/1234/1226 4154/1231/1226 

vn 0.114708 0.986371 0.117957
vn 0.0766462 0.993938 0.078817
f 3944/1235/1227 3943/1236/1228 4156/1237/1228 4155/1238/1227 

vn 0.0953148 0.99061 0.0980144
f 3943/1239/1228 3942/1240/1229 4157/1241/1229 4156/1242/1228 

vn 0.151636 0.976059 0.155931
f 3942/1243/1229 3941/1244/1230 4158/1245/1230 4157/1246/1229 

vn 0.404862 0.814099 0.416329
f 3941/1247/1231 3940/1248/1231 4159/1249/1231 4158/1250/1231 

vn 0.690106 0.141943 0.709652
f 3940/1251/1232 3939/1252/1232 4160/1253/1232 4159/1254/1232 

vn 0.623466 -0.447492 0.641124
vn 0.612883 -0.476623 0.630242
f 3939/1255/1233 3938/1256/1234 4161/1257/1234 4160/1258/1233 

vn 0.601639 -0.505239 0.618679
f 3938/1259/1234 3937/1260/1235 4162/1261/1235 4161/1262/1234 

vn 0.694539 -0.0867133 0.71421
vn 0.696578 -0.0410142 0.716307
f 3937/1263/1236 3936/1264/1237 4163/1265/1237 4162/1266/1236 

vn 0.697157 0.00477081 0.716902
f 3936/1267/1237 3935/1268/1238 4164/1269/1238 4163/1270/1237 

vn 0.614011 -0.473628 0.631401
f 3935/1271/1239 3934/1272/1239 4165/1273/1239 4164/1274/1239 

vn 0.13042 -0.982346 0.134114
vn 0.159591 -0.973447 0.164111
f 3934/1275/1240 3933/1276/1241 4166/1277/1241 4165/1278/1240 

vn 0.188469 -0.962766 0.193807
f 3933/1279/1241 3932/1280/1242 4167/1281/1242 4166/1282/1241 

vn 0.603415 -0.500862 0.620506
f 3932/1283/1243 3931/1284/1243 4168/1285/1243 4167/1286/1243 

vn 0.656324 0.33724 0.674913
vn 0.646578 0.373976 0.66489
f 3931/1287/1244 3930/1288/1245 4169/1289/1245 4168/1290/1244 

vn 0.663989 0.304812 0.682795
f 3930/1291/1245 3929/1292/1246 4170/1293/1246 4169/1294/1245 

vn 0.683697 0.195612 0.703061
f 3929/1295/1246 3928/1296/1247 4171/1297/1247 4170/1298/1246 

vn -0.47268 0.735059 -0.486067
vn -0.513095 0.677011 -0.527627
f 3928/1299/1248 3927/1300/1249 4172/1301/1249 4171/1302/1248 

vn -0.479091 0.726469 -0.492661
f 3927/1303/1249 3926/1304/1250 4173/1305/1250 4172/1306/1249 

vn -0.397146 0.821882 -0.408394
f 3926/1307/1250 3925/1308/1251 4174/1309/1251 4173/1310/1250 

vn -0.0156819 0.999747 -0.0161261
f 3925/1311/1252 3924/1312/1252 4175/1313/1252 4174/1314/1252 

vn 0.400726 0.818299 0.412075
f 3924/1315/1253 3923/1316/1253 4176/1317/1253 4175/1318/1253 

vn 0.572398 0.570875 0.58861
f 3923/1319/1254 3922/1320/1254 4177/1321/1254 4176/1322/1254 

vn 0.232533 0.942736 0.239119
f 3922/1323/1255 3921/1324/1255 4178/1325/1255 4177/1326/1255 

vn -0.151418 0.976129 -0.155706
f 3921/1327/1256 3920/1328/1256 4179/1329/1256 4178/1330/1256 

vn -0.551197 0.6123 -0.566808
f 3920/1331/1257 3919/1332/1257 4180/1333/1257 4179/1334/1257 

vn -0.693819 0.0978615 -0.713469
vn -0.694489 0.0875402 -0.714158
f 3919/1335/1258 3918/1336/1259 4181/1337/1259 4180/1338/1258 

vn -0.695084 0.0772094 -0.714771
f 3918/1339/1259 3917/1340/1260 4182/1341/1260 4181/1342/1259 

vn -0.599137 0.511321 -0.616106
f 3917/1343/1261 3916/1344/1261 4183/1345/1261 4182/1346/1261 

vn -0.693379 0.104075 -0.713017
f 3916/1347/1262 3915/1348/1262 4184/1349/1262 4183/1350/1262 

vn -0.634024 -0.415853 -0.651981
vn -0.641388 -0.391932 -0.659554
f 3915/1351/1263 3914/1352/1264 4185/1353/1264 4184/1354/1263 

vn -0.648313 -0.367743 -0.666675
f 3914/1355/1264 3913/1356/1265 4186/1357/1265 4185/1358/1264 

vn -0.654322 0.345152 -0.672854
f 3913/1359/1266 3912/1360/1266 4187/1361/1266 4186/1362/1266 

vn -0.532081 0.646154 -0.547151
f 3912/1363/1267 3911/1364/1267 4188/1365/1267 4187/1366/1267 

vn -0.691636 -0.125691 -0.711225
f 3911/1367/1268 3910/1368/1268 4189/1369/1268 4188/1370/1268 

vn -0.586325 -0.541014 -0.602932
vn -0.615081 -0.470763 -0.632502
f 3910/1371/1269 3909/1372/1270 4190/1373/1270 4189/1374/1269 

vn -0.639754 -0.397387 -0.657874
f 3909/1375/1270 3908/1376/1271 4191/1377/1271 4190/1378/1270 

vn -0.66037 0.320579 -0.679073
f 3908/1379/1272 3907/1380/1272 4192/1381/1272 4191/1382/1272 

vn -0.196166 0.959597 -0.201722
vn -0.178384 0.966711 -0.183436
f 3907/1383/1273 3906/1384/1274 4193/1385/1274 4192/1386/1273 

vn -0.20524 0.955685 -0.211052
f 3906/1387/1274 3905/1388/1275 4194/1389/1275 4193/1390/1274 

vn -0.197564 0.959007 -0.203159
f 3905/1391/1275 3904/1392/1276 4195/1393/1276 4194/1394/1275 

vn -0.144831 0.978184 -0.148933
f 3904/1395/1276 3903/1396/1277 4196/1397/1277 4195/1398/1276 

vn 0.218582 0.949578 0.224773
f 3903/1399/1278 3902/1400/1278 4197/1401/1278 4196/1402/1278 

vn 0.550859 0.612924 0.566461
vn 0.542169 0.628664 0.557525
f 3902/1403/1279 3901/1404/1280 4198/1405/1280 4197/1406/1279 

vn 0.454685 0.758055 0.467563
f 3901/1407/1280 3900/1408/1281 4199/1409/1281 4198/1410/1280 

vn 0.257283 0.929413 0.26457
f 3900/1411/1281 3899/1412/1282 4200/1413/1282 4199/1414/1281 

vn 0.163004 0.972282 0.167621
f 3899/1415/1282 3898/1416/1283 4201/1417/1283 4200/1418/1282 

vn 0.296896 0.904788 0.305305
f 3898/1419/1283 3897/1420/1284 4202/1421/1284 4201/1422/1283 

vn 0.401515 0.817502 0.412887
f 3897/1423/1284 3896/1424/1285 4203/1425/1285 4202/1426/1284 

vn 0.690239 -0.140609 0.709788
f 3896/1427/1286 3895/1428/1286 4204/1429/1286 4203/1430/1286 

vn 0.370449 -0.847143 0.380941
f 3895/1431/1287 3894/1432/1287 4205/1433/1287 4204/1434/1287 

vn 0.105346 -0.988517 0.10833
f 3894/1435/1288 3893/1436/1288 4206/1437/1288 4205/1438/1288 

vn 0.398207 -0.820824 0.409485
f 3893/1439/1289 3892/1440/1289 4207/1441/1289 4206/1442/1289 

vn 0.696412 -0.0464801 0.716136
vn 0.685603 -0.181369 0.705021
f 3892/1443/1290 3891/1444/1291 4208/1445/1291 4207/1446/1290 

vn 0.662154 -0.312915 0.680908
f 3891/1447/1291 3890/1448/1292 4209/1449/1292 4208/1450/1291 

vn 0.360255 -0.856141 0.370458
f 3890/1451/1293 3889/1452/1293 4210/1453/1293 4209/1454/1293 

vn 0.0268919 -0.999256 0.0276536
vn 0.100486 -0.989558 0.103332
f 3889/1455/1294 3888/1456/1295 4211/1457/1295 4210/1458/1294 

vn 0.172951 -0.96874 0.17785
f 3888/1459/1295 3887/1460/1296 4212/1461/1296 4211/1462/1295 

vn 0.692969 -0.109547 0.712596
f 3887/1463/1297 3886/1464/1297 4213/1465/1297 4212/1466/1297 

vn 0.609526 0.485399 0.62679
vn 0.563145 0.589507 0.579094
f 3886/1467/1298 3885/1468/1299 4214/1469/1299 4213/1470/1298 

vn 0.534257 0.64245 0.549389
f 3885/1471/1299 3884/1472/1300 4215/1473/1300 4214/1474/1299 

vn 0.558649 0.598242 0.574472
f 3884/1475/1300 3883/1476/1301 4216/1477/1301 4215/1478/1300 

vn 0.69543 -0.070506 0.715126
vn 0.687267 -0.167911 0.706732
f 3883/1479/1302 3882/1480/1303 4217/1481/1303 4216/1482/1302 

vn 0.68368 -0.195732 0.703044
f 3882/1483/1303 3881/1484/1304 4218/1485/1304 4217/1486/1303 

vn 0.696403 0.0467478 0.716127
f 3881/1487/1304 3880/1488/1305 4219/1489/1305 4218/1490/1304 

vn 0.696303 0.0497278 0.716024
f 3880/1491/1305 3879/1492/1306 4220/1493/1306 4219/1494/1305 

vn 0.692052 -0.120889 0.711653
f 3879/1495/1306 3878/1496/1307 4221/1497/1307 4220/1498/1306 

vn 0.555453 -0.604334 0.571185
vn 0.551983 -0.610841 0.567616
f 3878/1499/1308 3877/1500/1309 4222/1501/1309 4221/1502/1308 

vn 0.603785 -0.499944 0.620886
f 3877/1503/1309 3876/1504/1310 4223/1505/1310 4222/1506/1309 

vn 0.646978 -0.372549 0.665302
f 3876/1507/1310 3875/1508/1311 4224/1509/1311 4223/1510/1310 

vn -0.0695666 0.995009 -0.0715369
vn -0.170851 0.969507 -0.17569
f 3875/1511/1312 3874/1512/1313 4225/1513/1313 4224/1514/1312 

vn -0.33191 0.879399 -0.34131
f 3874/1515/1313 3873/1516/1314 4226/1517/1314 4225/1518/1313 

vn -0.392021 0.826928 -0.403124
f 3873/1519/1314 3872/1520/1315 4227/1521/1315 4226/1522/1314 

vn -0.675348 0.24821 -0.694476
vn -0.694911 0.0803459 -0.714593
f 3872/1523/1316 3871/1524/1317 4228/1525/1317 4227/1526/1316 

vn -0.693083 -0.108055 -0.712713
f 3871/1527/1317 3870/1528/1318 4229/1529/1318 4228/1530/1317 

vn -0.69425 -0.0913563 -0.713913
f 3870/1531/1318 3869/1532/1319 4230/1533/1319 4229/1534/1318 

vn -0.696384 -0.0473116 -0.716108
f 3869/1535/1319 3868/1536/1320 4231/1537/1320 4230/1538/1319 

vn -0.693292 0.105262 -0.712928
f 3868/1539/1320 3867/1540/1321 4232/1541/1321 4231/1542/1320 

vn -0.675635 0.246601 -0.69477
f 3867/1543/1321 3866/1544/1322 4233/1545/1322 4232/1546/1321 

vn -0.442391 0.772876 -0.454921
f 3866/1547/1323 3865/1548/1323 4234/1549/1323 4233/1550/1323 

vn -0.266167 -0.924251 -0.273706
vn -0.313544 -0.893159 -0.322424
f 3865/1551/1324 3864/1552/1325 4235/1553/1325 4234/1554/1324 

vn -0.35917 -0.857078 -0.369342
f 3864/1555/1325 3863/1556/1326 4236/1557/1326 4235/1558/1325 

vn -0.682519 -0.203896 -0.70185
f 3863/1559/1327 3862/1560/1327 4237/1561/1327 4236/1562/1327 

vn -0.335168 0.876853 -0.344661
vn -0.250322 0.933316 -0.257412
f 3862/1563/1328 3861/1564/1329 4238/1565/1329 4237/1566/1328 

vn -0.186202 0.963673 -0.191476
f 3861/1567/1329 3860/1568/1330 4239/1569/1330 4238/1570/1329 

vn -0.122775 0.984371 -0.126252
f 3860/1571/1330 3859/1572/1331 4240/1573/1331 4239/1574/1330 

vn -0.0868312 0.992213 -0.0892905
f 3859/1575/1331 3858/1576/1332 4241/1577/1332 4240/1578/1331 

vn -0.140846 0.97938 -0.144835
f 3858/1579/1332 3857/1580/1333 4242/1581/1333 4241/1582/1332 

vn -0.475871 0.73081 -0.489349
f 3857/1583/1334 3856/1584/1334 4243/1585/1334 4242/1586/1334 

vn -0.678729 0.228452 -0.697952
vn -0.687411 0.166696 -0.70688
f 3856/1587/1335 3855/1588/1336 4244/1589/1336 4243/1590/1335 

vn -0.672073 0.26587 -0.691108
f 3855/1591/1336 3854/1592/1337 4245/1593/1337 4244/1594/1336 

vn -0.632606 0.420272 -0.650523
f 3854/1595/1337 3853/1596/1338 4246/1597/1338 4245/1598/1337 

vn -0.472667 0.735076 -0.486055
vn -0.441359 0.774089 -0.453859
f 3853/1599/1339 3852/1600/1340 4247/1601/1340 4246/1602/1339 

vn -0.451129 0.762413 -0.463906
f 3852/1603/1340 3851/1604/1341 4248/1605/1341 4247/1606/1340 

vn -0.49644 0.702095 -0.5105
f 3851/1607/1341 3850/1608/1342 4249/1609/1342 4248/1610/1341 

vn -0.472932 0.734726 -0.486326
f 3850/1611/1342 3849/1612/1343 4250/1613/1343 4249/1614/1342 

vn -0.442504 0.772743 -0.455037
f 3849/1615/1343 3848/1616/1344 4251/1617/1344 4250/1618/1343 

vn 0.324523 0.885054 0.333714
f 3848/1619/1345 3847/1620/1345 4252/1621/1345 4251/1622/1345 

vn 0.580903 0.552918 0.597355
vn 0.547834 0.618479 0.56335
f 3847/1623/1346 3846/1624/1347 4253/1625/1347 4252/1626/1346 

vn 0.446117 0.768457 0.458752
f 3846/1627/1347 3845/1628/1348 4254/1629/1348 4253/1630/1347 

vn 0.468613 0.740397 0.481886
f 3845/1631/1348 3844/1632/1349 4255/1633/1349 4254/1634/1348 

vn 0.605491 0.495681 0.62264
f 3844/1635/1349 3843/1636/1350 4256/1637/1350 4255/1638/1349 

vn 0.678759 0.228264 0.697984
f 3843/1639/1350 3842/1640/1351 4257/1641/1351 4256/1642/1350 

vn 0.696559 -0.0416737 0.716288
f 3842/1643/1351 3841/1644/1352 4258/1645/1352 4257/1646/1351 

vn 0.670825 -0.272281 0.689824
f 3841/1647/1352 3840/1648/1353 4259/1649/1353 4258/1650/1352 

vn 0.646762 -0.373321 0.66508
f 3840/1651/1353 3839/1652/1354 4260/1653/1354 4259/1654/1353 

vn 0.420601 -0.797513 0.432513
f 3839/1655/1355 3838/1656/1355 4261/1657/1355 4260/1658/1355 

vn -0.110157 -0.987438 -0.113277
vn -0.13178 -0.981973 -0.135512
f 3838/1659/1356 3837/1660/1357 4262/1661/1357 4261/1662/1356 

vn -0.153272 -0.975534 -0.157613
f 3837/1663/1357 3836/1664/1358 4263/1665/1358 4262/1666/1357 

vn 0.315162 -0.891986 0.324089
f 3836/1667/1359 3835/1668/1359 4264/1669/1359 4263/1670/1359 

vn 0.694319 0.0902741 0.713983
vn 0.682917 0.201136 0.702259
f 3835/1671/1360 3834/1672/1361 4265/1673/1361 4264/1674/1360 

vn 0.66294 0.309472 0.681716
f 3834/1675/1361 3833/1676/1362 4266/1677/1362 4265/1678/1361 

vn 0.442206 0.773094 0.45473
vn 0.361833 0.85477 0.372082
f 3833/1679/1363 3832/1680/1364 4267/1681/1364 4266/1682/1363 

vn 0.258593 0.928664 0.265917
f 3832/1683/1364 3831/1684/1365 4268/1685/1365 4267/1686/1364 

vn 0.184523 0.964337 0.189749
f 3831/1687/1365 3830/1688/1366 4269/1689/1366 4268/1690/1365 

vn 0.124827 0.98384 0.128362
f 3830/1691/1366 3829/1692/1367 4270/1693/1367 4269/1694/1366 

vn -0.624794 -0.443666 -0.64249
vn -0.641355 -0.392043 -0.65952
f 3829/1695/1368 3828/1696/1369 4271/1697/1369 4270/1698/1368 

vn -0.655845 -0.339155 -0.67442
f 3828/1699/1369 3827/1700/1370 4272/1701/1370 4271/1702/1369 

vn -0.692782 0.111957 -0.712403
f 3827/1703/1371 3826/1704/1371 4273/1705/1371 4272/1706/1371 

vn -0.41385 0.804747 -0.425571
vn -0.327272 0.882969 -0.336541
f 3826/1707/1372 3825/1708/1373 4274/1709/1373 4273/1710/1372 

vn -0.233643 0.942171 -0.240261
f 3825/1711/1373 3824/1712/1374 4275/1713/1374 4274/1714/1373 

vn -0.447317 0.76702 -0.459987
f 3824/1715/1375 3823/1716/1375 4276/1717/1375 4275/1718/1375 

vn -0.64034 -0.395441 -0.658476
f 3823/1719/1376 3822/1720/1376 4277/1721/1376 4276/1722/1376 

vn -0.652616 -0.351736 -0.671099
f 3822/1720/1376 3821/1723/1377 4278/1724/1377 4277/1721/1376 

vn -0.663442 -0.30725 -0.682233
f 3821/1725/1377 3820/1726/1378 4279/1727/1378 4278/1728/1377 

vn -0.128795 0.982787 -0.132443
vn -0.166012 0.971235 -0.170714
f 3820/1729/1379 3819/1730/1380 4280/1731/1380 4279/1732/1379 

vn -0.288849 0.910132 -0.29703
f 3819/1733/1380 3818/1734/1381 4281/1735/1381 4280/1736/1380 

vn -0.369928 0.847611 -0.380405
f 3818/1737/1381 3817/1738/1382 4282/1739/1382 4281/1740/1381 

vn -0.682954 0.200879 -0.702297
vn -0.688531 0.156892 -0.708032
f 3817/1741/1383 3816/1742/1384 4283/1743/1384 4282/1744/1383 

vn -0.692732 0.112591 -0.712352
f 3816/1745/1384 3815/1746/1385 4284/1747/1385 4283/1748/1384 

vn -0.613218 0.475738 -0.630585
f 3815/1749/1386 3814/1750/1386 4285/1751/1386 4284/1752/1386 

vn -0.423973 0.793831 -0.435981
vn -0.363705 0.853134 -0.374006
f 3814/1753/1387 3813/1754/1388 4286/1755/1388 4285/1756/1387 

vn -0.282506 0.914218 -0.290508
f 3813/1757/1388 3812/1758/1389 4287/1759/1389 4286/1760/1388 

vn -0.26537 0.924723 -0.272886
f 3812/1761/1389 3811/1762/1390 4288/1763/1390 4287/1764/1389 

vn -0.520092 0.665935 -0.534822
vn -0.560367 0.594927 -0.576238
f 3811/1765/1391 3810/1766/1392 4289/1767/1392 4288/1768/1391 

vn -0.595947 0.518934 -0.612825
f 3810/1769/1392 3809/1770/1393 4290/1771/1393 4289/1772/1392 

vn -0.695164 0.0757084 -0.714853
f 3809/1773/1394 3808/1774/1394 4291/1775/1394 4290/1776/1394 

vn 0.389278 0.82959 0.400303
vn 0.415653 0.802832 0.427426
f 3808/1777/1395 3807/1778/1396 4292/1779/1396 4291/1780/1395 

vn 0.396614 0.82241 0.407847
f 3807/1781/1396 3806/1782/1397 4293/1783/1397 4292/1784/1396 

vn 0.349558 0.865216 0.359458
f 3806/1785/1397 3805/1786/1398 4294/1787/1398 4293/1788/1397 

vn 0.0741405 0.994329 0.0762404
vn 0.0683659 0.99518 0.0703022
f 3805/1789/1399 3804/1790/1400 4295/1791/1400 4294/1792/1399 

vn 0.0625865 0.995962 0.0643591
f 3804/1793/1400 3803/1794/1401 4296/1795/1401 4295/1796/1400 

vn 0.437882 0.778141 0.450284
f 3803/1797/1402 3802/1798/1402 4297/1799/1402 4296/1800/1402 

vn 0.671979 -0.266361 0.691011
f 3802/1801/1403 3801/1802/1403 4298/1803/1403 4297/1804/1403 

vn 0.485389 -0.717816 0.499136
vn 0.446732 -0.767722 0.459384
f 3801/1805/1404 3800/1806/1405 4299/1807/1405 4298/1808/1404 

vn 0.405589 -0.813354 0.417076
f 3800/1809/1405 3799/1810/1406 4300/1811/1406 4299/1812/1405 

vn 0.696706 -0.0363004 0.716438
vn 0.697031 0.0196465 0.716772
f 3799/1813/1407 3798/1814/1408 4301/1815/1408 4300/1816/1407 

vn 0.695174 0.075532 0.714863
f 3798/1817/1408 3797/1818/1409 4302/1819/1409 4301/1820/1408 

vn 0.646714 -0.37349 0.665031
f 3797/1821/1410 3796/1822/1410 4303/1823/1410 4302/1824/1410 

vn 0.278784 -0.916566 0.28668
vn 0.270933 -0.921398 0.278607
f 3796/1825/1411 3795/1826/1412 4304/1827/1412 4303/1828/1411 

vn 0.263041 -0.926091 0.270491
f 3795/1829/1412 3794/1830/1413 4305/1831/1413 4304/1832/1412 

vn 0.554554 -0.606031 0.57026
f 3794/1833/1414 3793/1834/1414 4306/1835/1414 4305/1836/1414 

vn 0.694505 -0.0872697 0.714175
f 3793/1837/1415 3792/1838/1415 4307/1839/1415 4306/1840/1415 

vn 0.648015 0.368821 0.666369
f 3792/1841/1416 3791/1842/1416 4308/1843/1416 4307/1844/1416 

vn 0.471035 0.737229 0.484376
f 3791/1845/1417 3790/1846/1417 4309/1847/1417 4308/1848/1417 

vn 0.0394882 0.998395 0.0406066
f 3790/1849/1418 3789/1850/1418 4310/1851/1418 4309/1852/1418 

vn -0.248533 0.934299 -0.255572
vn -0.314471 0.892488 -0.323378
f 3789/1853/1419 3788/1854/1420 4311/1855/1420 4310/1856/1419 

vn -0.459394 0.752191 -0.472405
f 3788/1857/1420 3787/1858/1421 4312/1859/1421 4311/1860/1420 

vn -0.579835 0.555219 -0.596258
f 3787/1861/1421 3786/1862/1422 4313/1863/1422 4312/1864/1421 

vn -0.601589 0.505361 -0.618628
f 3786/1865/1422 3785/1866/1423 4314/1867/1423 4313/1868/1422 

vn -0.631738 0.422949 -0.649631
f 3785/1869/1423 3784/1870/1424 4315/1871/1424 4314/1872/1423 

vn -0.69035 0.139486 -0.709902
f 3784/1873/1424 3783/1874/1425 4316/1875/1425 4315/1876/1424 

vn -0.697144 -0.00777636 -0.716889
f 3783/1877/1425 3782/1878/1426 4317/1879/1426 4316/1880/1425 

vn -0.631596 0.423387 -0.649484
f 3782/1881/1427 3781/1882/1427 4318/1883/1427 4317/1884/1427 

vn -0.489383 0.712215 -0.503243
vn -0.442148 0.773162 -0.454671
f 3781/1885/1428 3780/1886/1429 4319/1887/1429 4318/1888/1428 

vn -0.319007 0.88917 -0.328042
f 3780/1889/1429 3779/1890/1430 4320/1891/1430 4319/1892/1429 

vn -0.242141 0.937746 -0.248999
f 3779/1893/1430 3778/1894/1431 4321/1895/1431 4320/1896/1430 

vn 0.186082 0.963721 0.191353
f 3778/1897/1432 3777/1898/1432 4322/1899/1432 4321/1900/1432 

vn 0.451565 0.761881 0.464355
f 3777/1901/1433 3776/1902/1433 4323/1903/1433 4322/1904/1433 

vn 0.668029 0.286075 0.686949
vn 0.680136 0.219669 0.6994
f 3776/1905/1434 3775/1906/1435 4324/1907/1435 4323/1908/1434 

vn 0.679578 0.223196 0.698825
f 3775/1909/1435 3774/1910/1436 4325/1911/1436 4324/1912/1435 

vn 0.666569 0.292998 0.685448
f 3774/1913/1436 3773/1914/1437 4326/1915/1437 4325/1916/1436 

vn 0.216131 0.950732 0.222252
f 3773/1917/1438 3772/1918/1438 4327/1919/1438 4326/1920/1438 

vn -0.563286 0.589228 -0.57924
vn -0.539937 0.632605 -0.555229
f 3772/1921/1439 3771/1922/1440 4328/1923/1440 4327/1924/1439 

vn -0.514966 0.674081 -0.529551
f 3771/1925/1440 3770/1926/1441 4329/1927/1441 4328/1928/1440 

vn -0.254804 0.930817 -0.26202
vn -0.242825 0.937382 -0.249702
f 3770/1929/1442 3769/1930/1443 4330/1931/1443 4329/1932/1442 

vn -0.235412 0.941264 -0.24208
f 3769/1933/1443 3768/1934/1444 4331/1935/1444 4330/1936/1443 

vn -0.240049 0.938852 -0.246847
f 3768/1937/1444 3767/1938/1445 4332/1939/1445 4331/1940/1444 

vn 0.335192 0.876834 0.344686
f 3767/1941/1446 3766/1942/1446 4333/1943/1446 4332/1944/1446 

vn 0.617181 0.465072 0.634662
f 3766/1945/1447 3765/1946/1447 4334/1947/1447 4333/1948/1447 

vn 0.69327 0.105558 0.712905
f 3765/1949/1448 3764/1950/1448 4335/1951/1448 4334/1952/1448 

vn 0.534916 0.64132 0.550066
vn 0.531741 0.646731 0.546801
f 3764/1953/1449 3763/1954/1450 4336/1955/1450 4335/1956/1449 

vn 0.528539 0.652109 0.543508
f 3763/1957/1450 3762/1958/1451 4337/1959/1451 4336/1960/1450 

vn 0.67519 0.249093 0.694313
f 3762/1961/1452 3761/1962/1452 4338/1963/1452 4337/1964/1452 

vn 0.523636 -0.660196 0.538467
vn 0.441194 -0.774283 0.453689
f 3761/1965/1453 3760/1966/1454 4339/1967/1454 4338/1968/1453 

vn 0.408961 -0.809873 0.420543
f 3760/1969/1454 3759/1970/1455 4340/1971/1455 4339/1972/1454 

vn 0.466478 -0.743166 0.47969
f 3759/1973/1455 3758/1974/1456 4341/1975/1456 4340/1976/1455 

vn 0.671969 -0.266412 0.691001
f 3758/1977/1457 3757/1978/1457 4342/1979/1457 4341/1980/1457 

vn 0.68724 0.168137 0.706704
vn 0.694702 0.083991 0.714377
f 3757/1981/1458 3756/1982/1459 4343/1983/1459 4342/1984/1458 

vn 0.688788 -0.15456 0.708296
f 3756/1985/1459 3755/1986/1460 4344/1987/1460 4343/1988/1459 

vn 0.637741 -0.40399 0.655804
f 3755/1989/1460 3754/1990/1461 4345/1991/1461 4344/1992/1460 

vn 0.582409 -0.549649 0.598904
f 3754/1993/1461 3753/1994/1462 4346/1995/1462 4345/1996/1461 

vn 0.548446 -0.617361 0.563979
f 3753/1997/1462 3752/1998/1463 4347/1999/1463 4346/2000/1462 

vn 0.538119 -0.635783 0.55336
f 3752/2001/1463 3751/2002/1464 4348/2003/1464 4347/2004/1463 

vn 0.380282 0.838131 0.391053
vn 0.441277 0.774185 0.453775
f 3751/2005/1465 3750/2006/1466 4349/2007/1466 4348/2008/1465 

vn 0.49709 0.701147 0.511169
f 3750/2009/1466 3749/2010/1467 4350/2011/1467 4349/2012/1466 

vn 0.685597 0.181412 0.705015
f 3749/2013/1468 3748/2014/1468 4351/2015/1468 4350/2016/1468 

vn 0.575468 -0.56449 0.591766
vn 0.515072 -0.673915 0.52966
f 3748/2017/1469 3747/2018/1470 4352/2019/1470 4351/2020/1469 

vn 0.418354 -0.799941 0.430203
f 3747/2021/1470 3746/2022/1471 4353/2023/1471 4352/2024/1470 

vn 0.3911 -0.827825 0.402177
f 3746/2025/1471 3745/2026/1472 4354/2027/1472 4353/2028/1471 

vn 0.697113 -0.012262 0.716857
f 3745/2029/1473 3744/2030/1473 4355/2031/1473 4354/2032/1473 

vn 0.697034 -0.019403 0.716776
f 3744/2030/1473 3743/2033/1474 4356/2034/1474 4355/2031/1473 

vn 0.696919 -0.0265431 0.716658
f 3743/2035/1474 3742/2036/1475 4357/2037/1475 4356/2038/1474 

vn 0.352007 -0.863171 0.361977
f 3742/2039/1476 3741/2040/1476 4358/2041/1476 4357/2042/1476 

f 3741/2040/1476 3740/2043/1476 4359/2044/1476 4358/2041/1476 

vn 0.35276 -0.862538 0.362751
f 3740/2043/1476 3739/2045/1477 4360/2046/1477 4359/2044/1476 

vn 0.353512 -0.861904 0.363525
f 3739/2047/1477 3738/2048/1478 4361/2049/1478 4360/2050/1477 

vn 0.677882 -0.233568 0.697081
vn 0.682193 -0.206134 0.701514
f 3738/2051/1479 3737/2052/1480 4362/2053/1480 4361/2054/1479 

vn 0.685964 -0.178537 0.705392
f 3737/2055/1480 3736/2056/1481 4363/2057/1481 4362/2058/1480 

vn 0.693122 -0.107539 0.712753
v 272.061 2.96481 -2.75974
v 273.494 2.96481 -4.15407
f 3736/2059/1482 4453/2060/1482 4454/2061/1482 4363/2062/1482 

v 272.112 2.76119 -2.70722
v 235.046 17.551 -40.8229
v 234.981 15.4346 -40.8895
v 237.952 14.2255 -37.834
v 243.149 12.1819 -32.4899
v 246.048 11.0499 -29.5089
v 251.779 8.3755 -23.616
v 263.23 3.07738 -11.84
v 270.181 1.83853e-13 -4.69302
v 270.731 0.0776889 -4.12646
v 271.073 0.283561 -3.77519
v 271.2 0.407677 -3.64482
v 271.435 0.944063 -3.40324
v 271.895 2.05501 -2.92981
f 4455/2063/1093 4453/2064/1093 3736/96/1093 3735/95/1093 3734/94/1093 3733/93/1093 3732/92/1093 3731/91/1093 3730/90/1093 3729/89/1093 3728/88/1093 3727/87/1093 3726/86/1093 3725/85/1093 3724/84/1093 3723/83/1093 3722/82/1093 3721/81/1093 3720/80/1093 3719/79/1093 3718/78/1093 3717/77/1093 3716/76/1093 3715/75/1093 3714/74/1093 3713/73/1093 3712/72/1093 3711/71/1093 4456/2065/1093 4457/2066/1093 4458/2067/1093 4459/2068/1093 4460/2069/1093 4461/2070/1093 4462/2071/1093 4463/2072/1093 4464/2073/1093 4465/2074/1093 4466/2075/1093 4467/2076/1093 4468/2077/1093 

vn 0.656 0.338537 0.674579
v 273.545 2.76119 -4.10155
f 4453/2078/1483 4455/2079/1483 4469/2080/1483 4454/2081/1483 

vn 0.638201 -0.402494 0.656276
vn 0.619896 -0.457583 0.637453
v 273.329 2.05501 -4.32414
f 4455/2082/1484 4468/2083/1485 4470/2084/1485 4469/2085/1484 

vn 0.594857 -0.5215 0.611705
v 272.869 0.944063 -4.79757
f 4468/2086/1485 4467/2087/1486 4471/2088/1486 4470/2089/1485 

vn 0.590341 -0.531954 0.607061
v 272.634 0.407677 -5.03915
f 4467/2090/1486 4466/2091/1487 4472/2092/1487 4471/2093/1486 

vn 0.393005 -0.825967 0.404136
vn 0.333214 -0.878384 0.342651
v 272.507 0.283561 -5.16952
f 4466/2094/1488 4465/2095/1489 4473/2096/1489 4472/2097/1488 

vn 0.171049 -0.969435 0.175894
v 272.165 0.0776889 -5.52079
f 4465/2098/1489 4464/2099/1490 4474/2100/1490 4473/2101/1489 

vn 0.0682066 -0.995203 0.0701383
v 271.614 1.84075e-13 -6.08735
f 4464/2102/1490 4463/2103/1491 4475/2104/1491 4474/2105/1490 

vn -0.205634 -0.955511 -0.211458
vn -0.209826 -0.953634 -0.215769
v 264.664 3.07738 -13.2343
f 4463/2106/1492 4462/2107/1493 4476/2108/1493 4475/2109/1492 

vn -0.214853 -0.951328 -0.220939
v 253.213 8.3755 -25.0103
f 4462/2110/1493 4461/2111/1494 4477/2112/1494 4476/2113/1493 

vn -0.199476 -0.958192 -0.205126
v 247.482 11.0499 -30.9032
f 4461/2114/1494 4460/2115/1495 4478/2116/1495 4477/2117/1494 

vn -0.183732 -0.964648 -0.188936
v 244.583 12.1819 -33.8842
f 4460/2118/1495 4459/2119/1496 4479/2120/1496 4478/2121/1495 

vn -0.187301 -0.963235 -0.192606
v 239.386 14.2255 -39.2283
f 4459/2122/1496 4458/2123/1497 4480/2124/1497 4479/2125/1496 

vn -0.190272 -0.962036 -0.195661
v 236.415 15.4346 -42.2838
f 4458/2126/1497 4457/2127/1498 4481/2128/1498 4480/2129/1497 

vn -0.696495 0.0438338 -0.716222
v 236.48 17.551 -42.2172
f 4457/2130/1499 4456/2131/1499 4482/2132/1499 4481/2133/1499 

f 4456/2131/1499 3711/2134/1499 4388/2135/1499 4482/2132/1499 

vn 0.25602 0.93013 0.263271
f 3711/2136/1500 3712/2137/1500 4387/2138/1500 4388/2139/1500 

f 3712/2137/1500 3713/2140/1500 4386/2141/1500 4387/2138/1500 

f 3713/2140/1500 3714/2142/1500 4385/2143/1500 4386/2141/1500 

f 3714/2142/1500 3715/2144/1500 4384/2145/1500 4385/2143/1500 

f 3715/2144/1500 3716/2146/1500 4383/2147/1500 4384/2145/1500 

f 3716/2146/1500 3717/2148/1500 4382/2149/1500 4383/2147/1500 

f 3717/2148/1500 3718/2150/1500 4381/2151/1500 4382/2149/1500 

vn 0.234915 0.94152 0.241569
f 3718/2150/1500 3719/2152/1501 4380/2153/1501 4381/2151/1500 

vn 0.209999 0.953555 0.215947
f 3719/2154/1501 3720/2155/1502 4379/2156/1502 4380/2157/1501 

vn 0.2063 0.955215 0.212143
f 3720/2158/1502 3721/2159/1503 4378/2160/1503 4379/2161/1502 

vn 0.206 0.955348 0.211835
f 3721/2162/1503 3722/2163/1504 4377/2164/1504 4378/2165/1503 

vn 0.205585 0.955532 0.211408
f 3722/2166/1504 3723/2167/1505 4376/2168/1505 4377/2169/1504 

vn 0.204978 0.955801 0.210783
f 3723/2170/1505 3724/2171/1506 4375/2172/1506 4376/2173/1505 

vn 0.204004 0.956229 0.209781
f 3724/2174/1506 3725/2175/1507 4374/2176/1507 4375/2177/1506 

vn 0.202171 0.95703 0.207897
f 3725/2178/1507 3726/2179/1508 4373/2180/1508 4374/2181/1507 

vn 0.196973 0.959257 0.202552
f 3726/2182/1508 3727/2183/1509 4372/2184/1509 4373/2185/1508 

vn 0.182314 0.965201 0.187478
f 3727/2186/1509 3728/2187/1510 4371/2188/1510 4372/2189/1509 

vn 0.164839 0.971645 0.169508
f 3728/2190/1510 3729/2191/1511 4370/2192/1511 4371/2193/1510 

vn 0.153851 0.975346 0.158208
f 3729/2194/1511 3730/2195/1512 4369/2196/1512 4370/2197/1511 

vn 0.146735 0.977599 0.150891
f 3730/2198/1512 3731/2199/1513 4368/2200/1513 4369/2201/1512 

vn 0.141748 0.979112 0.145763
f 3731/2202/1513 3732/2203/1514 4367/2204/1514 4368/2205/1513 

vn 0.138061 0.980196 0.141971
f 3732/2206/1514 3733/2207/1515 4366/2208/1515 4367/2209/1514 

vn 0.135235 0.981006 0.139066
f 3733/2210/1515 3734/2211/1516 4365/2212/1516 4366/2213/1515 

vn 0.133082 0.981611 0.136852
f 3734/2214/1516 3735/2215/1517 4364/2216/1517 4365/2217/1516 

vn 0.132165 0.981866 0.135908
f 3735/2218/1517 3736/2219/1518 4363/2220/1518 4364/2221/1517 

f 4454/2222/1112 4469/2223/1112 4470/2224/1112 4471/2225/1112 4472/2226/1112 4473/2227/1112 4474/2228/1112 4475/2229/1112 4476/2230/1112 4477/2231/1112 4478/2232/1112 4479/2233/1112 4480/2234/1112 4481/2066/1112 4482/2235/1112 4388/808/1112 4387/807/1112 4386/806/1112 4385/805/1112 4384/804/1112 4383/803/1112 4382/802/1112 4381/801/1112 4380/800/1112 4379/799/1112 4378/798/1112 4377/797/1112 4376/796/1112 4375/795/1112 4374/794/1112 4373/793/1112 4372/792/1112 4371/791/1112 4370/790/1112 4369/789/1112 4368/788/1112 4367/787/1112 4366/786/1112 4365/785/1112 4364/784/1112 4363/783/1112 

vn -0.696495 0.0438439 -0.716221
f 3711/2134/1499 3710/2236/1519 4389/2237/1519 4388/2135/1499 

vn -0.696494 0.043854 -0.716221
f 3710/2238/1519 3709/2239/1520 4390/2240/1520 4389/2241/1519 

vn 0.245602 0.935892 0.252558
vn 0.247014 0.935127 0.25401
f 3709/2242/1521 3708/2243/1522 4391/2244/1522 4390/2245/1521 

v 244.631 17.007 -30.9657
v 243.853 17.4531 -31.7662
v 242.657 18.1256 -32.9959
v 240.906 19.0989 -34.7963
v 238.463 20.447 -37.309
v 235.189 22.2439 -40.6753
v 235.224 23.3626 -40.6401
v 235.582 23.165 -40.2718
v 236.544 22.6341 -39.2821
v 237.942 21.8628 -37.8443
v 239.608 20.944 -36.1313
v 241.373 19.9707 -34.3164
v 243.069 19.0356 -32.5725
v 244.527 18.2318 -31.0729
v 245.455 17.7251 -30.119
v 245.456 17.6735 -30.1181
v 245.455 17.6164 -30.1185
v 245.453 17.5447 -30.1209
v 245.447 17.4635 -30.1266
v 245.438 17.3774 -30.1364
v 245.423 17.2914 -30.1516
v 245.402 17.2102 -30.1733
v 245.373 17.1367 -30.2033
v 245.331 17.0623 -30.2463
v 245.28 16.988 -30.2986
v 245.225 16.9168 -30.3557
v 245.169 16.8518 -30.4128
v 245.118 16.7959 -30.4653
v 245.076 16.7523 -30.5086
f 4483/2246/1093 4484/2247/1093 4485/2248/1093 4486/2249/1093 4487/2250/1093 4488/2251/1093 3709/69/1093 3708/68/1093 3707/67/1093 3706/66/1093 3705/65/1093 3704/64/1093 3703/63/1093 3702/62/1093 3701/61/1093 3700/60/1093 3699/59/1093 3698/58/1093 3697/57/1093 3696/56/1093 3695/55/1093 3694/54/1093 3693/53/1093 3692/52/1093 3691/51/1093 3690/50/1093 3689/49/1093 3688/48/1093 3687/47/1093 3686/46/1093 3685/45/1093 3684/44/1093 3683/43/1093 3682/42/1093 3681/41/1093 3680/40/1093 3679/39/1093 3678/38/1093 3677/37/1093 3676/36/1093 3675/35/1093 3674/34/1093 3673/33/1093 3672/32/1093 3671/31/1093 3670/30/1093 3669/29/1093 3668/28/1093 3667/27/1093 3666/26/1093 3665/25/1093 3664/24/1093 3663/23/1093 3662/22/1093 3661/21/1093 3660/20/1093 3659/19/1093 3658/18/1093 3657/17/1093 3656/16/1093 3655/15/1093 3654/14/1093 3653/13/1093 3652/12/1093 4489/2252/1093 4490/2253/1093 4491/2254/1093 4492/2255/1093 4493/2256/1093 4494/2257/1093 4495/2258/1093 4496/2259/1093 4497/2260/1093 4498/2261/1093 4499/2262/1093 4500/2263/1093 4501/2264/1093 4502/2265/1093 4503/2266/1093 4504/2267/1093 4505/2268/1093 4506/2269/1093 4507/2270/1093 4508/2271/1093 4509/2272/1093 4510/2273/1093 4511/2274/1093 

v 235.222 23.2973 -40.6421
f 4489/2252/1093 4512/2275/1093 4488/2251/1093 4487/2250/1093 4486/2249/1093 4485/2248/1093 4484/2247/1093 4483/2246/1093 4511/2274/1093 4510/2273/1093 4509/2272/1093 4508/2271/1093 4507/2270/1093 4506/2269/1093 4505/2268/1093 4504/2267/1093 4503/2266/1093 4502/2265/1093 4501/2264/1093 4500/2263/1093 4499/2262/1093 4498/2261/1093 4497/2260/1093 4496/2259/1093 4495/2258/1093 4494/2257/1093 4493/2256/1093 4492/2255/1093 4491/2254/1093 4490/2253/1093 

vn -0.696515 0.0431603 -0.716243
vn -0.696538 0.0423979 -0.716266
v 236.657 23.3626 -42.0344
v 236.655 23.2973 -42.0364
f 4512/2276/1523 4489/2277/1524 4513/2278/1524 4514/2279/1523 

vn -0.630761 0.42594 -0.648626
f 4489/2280/1525 3652/2281/1525 4447/2282/1525 4513/2283/1525 

vn 0.247472 0.934878 0.254481
vn -0.65172 0.355138 -0.670178
f 3652/2284/1526 3653/2285/1527 4446/2286/1527 4447/2287/1526 

vn -0.247872 -0.93466 -0.254893
f 3654/2288/1528 3653/2289/1527 4446/2290/1527 4445/2291/1528 

v 245.287 17.4531 -33.1605
v 246.065 17.007 -32.36
v 246.51 16.7523 -31.9029
v 246.552 16.7959 -31.8596
v 246.603 16.8518 -31.8071
v 246.659 16.9168 -31.75
v 246.714 16.988 -31.6929
v 246.765 17.0623 -31.6406
v 246.807 17.1367 -31.5977
v 246.836 17.2102 -31.5676
v 246.857 17.2914 -31.546
v 246.872 17.3774 -31.5308
v 246.881 17.4635 -31.5209
v 246.887 17.5447 -31.5153
v 246.889 17.6164 -31.5128
v 246.89 17.6735 -31.5124
v 246.889 17.7251 -31.5134
v 245.961 18.2318 -32.4672
v 244.503 19.0356 -33.9669
v 242.807 19.9707 -35.7107
v 241.042 20.944 -37.5257
v 239.376 21.8628 -39.2386
v 237.978 22.6341 -40.6765
v 237.016 23.165 -41.6661
v 236.623 22.2439 -42.0696
v 239.897 20.447 -38.7033
v 242.34 19.0989 -36.1907
v 244.091 18.1256 -34.3902
f 4515/2292/1112 4516/2293/1112 4517/2294/1112 4518/2295/1112 4519/2296/1112 4520/2297/1112 4521/2298/1112 4522/2299/1112 4523/2300/1112 4524/2301/1112 4525/2302/1112 4526/2303/1112 4527/2304/1112 4528/2305/1112 4529/2306/1112 4530/2307/1112 4531/2308/1112 4532/2309/1112 4533/2310/1112 4534/2311/1112 4535/2312/1112 4536/2313/1112 4537/2314/1112 4538/2315/1112 4513/2316/1112 4447/867/1112 4446/866/1112 4445/865/1112 4444/864/1112 4443/863/1112 4442/862/1112 4441/861/1112 4440/860/1112 4439/859/1112 4438/858/1112 4437/857/1112 4436/856/1112 4435/855/1112 4434/854/1112 4433/853/1112 4432/852/1112 4431/851/1112 4430/850/1112 4429/849/1112 4428/848/1112 4427/847/1112 4426/846/1112 4425/845/1112 4424/844/1112 4423/843/1112 4422/842/1112 4421/841/1112 4420/840/1112 4419/839/1112 4418/838/1112 4417/837/1112 4416/836/1112 4415/835/1112 4414/834/1112 4413/833/1112 4412/832/1112 4411/831/1112 4410/830/1112 4409/829/1112 4408/828/1112 4407/827/1112 4406/826/1112 4405/825/1112 4404/824/1112 4403/823/1112 4402/822/1112 4401/821/1112 4400/820/1112 4399/819/1112 4398/818/1112 4397/817/1112 4396/816/1112 4395/815/1112 4394/814/1112 4393/813/1112 4392/812/1112 4391/811/1112 4390/810/1112 4539/2317/1112 4540/2318/1112 4541/2319/1112 4542/2320/1112 

f 4514/2321/1112 4513/2316/1112 4538/2315/1112 4537/2314/1112 4536/2313/1112 4535/2312/1112 4534/2311/1112 4533/2310/1112 4532/2309/1112 4531/2308/1112 4530/2307/1112 4529/2306/1112 4528/2305/1112 4527/2304/1112 4526/2303/1112 4525/2302/1112 4524/2301/1112 4523/2300/1112 4522/2299/1112 4521/2298/1112 4520/2297/1112 4519/2296/1112 4518/2295/1112 4517/2294/1112 4516/2293/1112 4515/2292/1112 4542/2320/1112 4541/2319/1112 4540/2318/1112 4539/2317/1112 

vn 0.250262 0.933349 0.25735
vn 0.250257 0.933352 0.257345
f 4489/2322/1529 4490/2323/1530 4538/2324/1530 4513/2325/1529 

vn 0.250245 0.933358 0.257332
f 4490/2323/1530 4491/2326/1531 4537/2327/1531 4538/2324/1530 

vn 0.250229 0.933367 0.257316
f 4491/2326/1531 4492/2328/1532 4536/2329/1532 4537/2327/1531 

vn 0.250206 0.93338 0.257292
f 4492/2330/1532 4493/2331/1533 4535/2332/1533 4536/2333/1532 

vn 0.250171 0.933399 0.257257
f 4493/2331/1533 4494/2334/1534 4534/2335/1534 4535/2332/1533 

vn 0.250114 0.933431 0.257198
f 4494/2336/1534 4495/2337/1535 4533/2338/1535 4534/2339/1534 

vn 0.651144 -0.357302 0.669586
f 4495/2340/1535 4496/2341/1536 4532/2342/1536 4533/2343/1535 

vn -0.24812 -0.934525 -0.255147
f 4497/2344/1537 4496/2345/1536 4532/2346/1536 4531/2347/1537 

vn -0.696918 -0.0266177 -0.716657
vn 0.00579629 -0.999965 0.00596045
f 4497/2348/1538 4531/2349/1538 4530/2350/1539 4498/2351/1539 

vn 0.696872 -0.0289984 0.716609
f 4498/2352/1539 4499/2353/1540 4529/2354/1540 4530/2355/1539 

vn 0.695355 -0.0720144 0.715049
f 4499/2356/1540 4500/2357/1541 4528/2358/1541 4529/2359/1540 

vn 0.691521 -0.126985 0.711107
f 4500/2360/1541 4501/2361/1542 4527/2362/1542 4528/2363/1541 

vn 0.683254 -0.198768 0.702606
f 4501/2364/1542 4502/2365/1543 4526/2366/1543 4527/2367/1542 

vn 0.666257 -0.294453 0.685127
f 4502/2368/1543 4503/2369/1544 4525/2370/1544 4526/2371/1543 

vn 0.631554 -0.423516 0.649441
f 4503/2372/1544 4504/2373/1545 4524/2374/1545 4525/2375/1544 

vn 0.576096 -0.563171 0.592412
f 4504/2376/1545 4505/2377/1546 4523/2378/1546 4524/2379/1545 

vn 0.520842 -0.664728 0.535593
f 4505/2380/1546 4506/2381/1547 4522/2382/1547 4523/2383/1546 

vn 0.481373 -0.723359 0.495007
f 4506/2384/1547 4507/2385/1548 4521/2386/1548 4522/2387/1547 

vn 0.452997 -0.760131 0.465827
f 4507/2388/1548 4508/2389/1549 4520/2390/1549 4521/2391/1548 

vn 0.431871 -0.785023 0.444102
f 4508/2392/1549 4509/2393/1550 4519/2394/1550 4520/2395/1549 

vn 0.559717 0.596185 0.57557
f 4509/2396/1550 4510/2397/1551 4518/2398/1551 4519/2399/1550 

vn -0.4085 0.810352 -0.420069
f 4511/2400/1552 4510/2401/1551 4518/2402/1551 4517/2403/1552 

vn 0.64741 -0.371001 0.665747
vn 0.25869 0.928609 0.266017
f 4483/2404/1553 4511/2405/1554 4517/2406/1554 4516/2407/1553 

vn -0.256555 -0.929827 -0.263821
f 4483/2408/1553 4484/2409/1555 4515/2410/1555 4516/2411/1553 

vn -0.253213 -0.93171 -0.260385
f 4484/2412/1555 4485/2413/1556 4542/2414/1556 4515/2415/1555 

vn -0.251102 -0.932884 -0.258214
f 4485/2416/1556 4486/2417/1557 4541/2418/1557 4542/2419/1556 

vn -0.249727 -0.933643 -0.2568
f 4486/2420/1557 4487/2421/1558 4540/2422/1558 4541/2423/1557 

vn -0.249177 -0.933946 -0.256234
f 4487/2424/1558 4488/2425/1559 4539/2426/1559 4540/2427/1558 

vn -0.696492 0.0439227 -0.716219
f 4488/2428/1560 4512/2429/1523 4514/2430/1523 4539/2431/1560 

vn -0.696496 0.0438108 -0.716222
f 3709/2432/1561 4488/2433/1561 4539/2434/1561 4390/2435/1561 

vn -0.24826 -0.934448 -0.255291
f 3655/2436/1562 3654/2437/1528 4445/2438/1528 4444/2439/1562 

vn -0.248797 -0.934154 -0.255843
f 3656/2440/1563 3655/2441/1562 4444/2442/1562 4443/2443/1563 

vn -0.249588 -0.93372 -0.256657
f 3657/2444/1564 3656/2445/1563 4443/2446/1563 4442/2447/1564 

vn -0.250872 -0.933012 -0.257977
f 3658/2448/1565 3657/2449/1564 4442/2450/1564 4441/2451/1565 

vn -0.253339 -0.931639 -0.260514
f 3659/2452/1566 3658/2453/1565 4441/2454/1565 4440/2455/1566 

vn -0.257839 -0.929096 -0.265142
f 3660/2456/1567 3659/2457/1566 4440/2458/1566 4439/2459/1567 

vn -0.254553 -0.930958 -0.261763
f 3661/2460/1568 3660/2461/1567 4439/2462/1567 4438/2463/1568 

vn -0.243631 -0.936951 -0.250532
f 3662/2464/1569 3661/2465/1568 4438/2466/1568 4437/2467/1569 

vn -0.235819 -0.941055 -0.242498
f 3663/2468/1570 3662/2469/1569 4437/2470/1569 4436/2471/1570 

vn -0.220527 -0.948653 -0.226773
f 3664/2472/1571 3663/2473/1570 4436/2474/1570 4435/2475/1571 

vn -0.208188 -0.954372 -0.214084
f 3665/2476/1572 3664/2477/1571 4435/2478/1571 4434/2479/1572 

vn -0.198904 0.958437 -0.204537
f 3666/2480/1573 4433/2481/1573 4434/2482/1573 3665/2483/1573 

vn 0.252529 0.932092 0.259681
vn 0.654882 -0.342961 0.67343
f 3666/2484/1574 3667/2485/1575 4432/2486/1575 4433/2487/1574 

vn -0.224412 -0.946776 -0.230768
f 3668/2488/1576 3667/2489/1575 4432/2490/1575 4431/2491/1576 

vn -0.222348 -0.947778 -0.228646
f 3669/2492/1577 3668/2493/1576 4431/2494/1576 4430/2495/1577 

vn -0.661286 0.316669 -0.680016
f 3670/2496/1578 3669/2497/1577 4430/2498/1577 4429/2499/1578 

vn 0.220097 0.948858 0.226331
f 3670/2500/1578 3671/2501/1579 4428/2502/1579 4429/2503/1578 

vn 0.3138 -0.892974 0.322688
f 3671/2504/1580 3672/2505/1580 4427/2506/1580 4428/2507/1580 

vn -0.597263 0.515812 -0.614179
vn -0.561897 0.591951 -0.577811
f 3673/2508/1581 3672/2509/1582 4427/2510/1582 4426/2511/1581 

vn -0.654654 0.343855 -0.673195
f 3674/2512/1583 3673/2513/1581 4426/2514/1581 4425/2515/1583 

vn -0.689312 0.149674 -0.708835
f 3675/2516/1584 3674/2517/1583 4425/2518/1583 4424/2519/1584 

vn -0.696363 -0.0479439 -0.716086
f 3676/2520/1585 3675/2521/1584 4424/2522/1584 4423/2523/1585 

vn -0.678411 -0.230386 -0.697625
f 3677/2524/1586 3676/2525/1585 4423/2526/1585 4422/2527/1586 

vn -0.651088 -0.357514 -0.669528
f 3678/2528/1587 3677/2529/1586 4422/2530/1586 4421/2531/1587 

vn -0.661447 -0.315977 -0.680181
f 3679/2532/1588 3678/2533/1587 4421/2534/1587 4420/2535/1588 

vn -0.689555 -0.147351 -0.709085
f 3680/2536/1589 3679/2537/1588 4420/2538/1588 4419/2539/1589 

vn -0.697152 0.00618426 -0.716897
f 3681/2540/1590 3680/2541/1589 4419/2542/1589 4418/2543/1590 

vn -0.690205 0.140948 -0.709754
f 3682/2544/1591 3681/2545/1590 4418/2546/1590 4417/2547/1591 

vn -0.670631 0.273258 -0.689625
f 3683/2548/1592 3682/2549/1591 4417/2550/1591 4416/2551/1592 

vn -0.631608 0.42335 -0.649497
f 3684/2552/1593 3683/2553/1592 4416/2554/1592 4415/2555/1593 

vn -0.547267 0.619509 -0.562767
f 3685/2556/1594 3684/2557/1593 4415/2558/1593 4414/2559/1594 

vn -0.481247 0.723531 -0.494877
f 3686/2560/1595 3685/2561/1594 4414/2562/1594 4413/2563/1595 

vn -0.179412 0.96632 -0.184494
vn -0.213359 0.952019 -0.219402
f 3687/2564/1596 3686/2565/1597 4413/2566/1597 4412/2567/1596 

vn -0.15104 0.97625 -0.155318
f 3688/2568/1598 3687/2569/1596 4412/2570/1596 4411/2571/1598 

vn -0.168371 0.970399 -0.173139
f 3689/2572/1599 3688/2573/1598 4411/2574/1598 4410/2575/1599 

vn -0.196072 0.959637 -0.201625
f 3690/2576/1600 3689/2577/1599 4410/2578/1599 4409/2579/1600 

vn 0.663186 0.308385 0.68197
f 3691/2580/1601 3690/2581/1600 4409/2582/1600 4408/2583/1601 

vn 0.217589 -0.950047 0.223752
f 3691/2584/1601 3692/2585/1602 4407/2586/1602 4408/2587/1601 

vn -0.186071 -0.963725 -0.191341
vn 0.667571 -0.288264 0.686478
f 3692/2588/1603 3693/2589/1604 4406/2590/1604 4407/2591/1603 

vn 0.219638 0.949077 0.225858
f 3694/2592/1605 3693/2593/1604 4406/2594/1604 4405/2595/1605 

vn 0.225474 0.946257 0.23186
f 3695/2596/1606 3694/2597/1605 4405/2598/1605 4404/2599/1606 

vn 0.228777 0.944624 0.235257
f 3696/2600/1607 3695/2601/1606 4404/2602/1606 4403/2603/1607 

vn 0.231188 0.943416 0.237736
f 3697/2604/1608 3696/2605/1607 4403/2606/1607 4402/2607/1608 

vn 0.233243 0.942375 0.239849
f 3698/2608/1609 3697/2609/1608 4402/2610/1608 4401/2611/1609 

vn 0.235193 0.941377 0.241854
f 3699/2612/1610 3698/2613/1609 4401/2614/1609 4400/2615/1610 

vn 0.237779 0.940039 0.244514
f 3700/2616/1611 3699/2617/1610 4400/2618/1610 4399/2619/1611 

vn 0.244634 0.936414 0.251562
f 3701/2620/1612 3700/2621/1611 4399/2622/1611 4398/2623/1612 

vn 0.254825 0.930805 0.262042
f 3702/2624/1613 3701/2625/1612 4398/2626/1612 4397/2627/1613 

vn 0.26133 0.927087 0.268731
f 3703/2628/1614 3702/2629/1613 4397/2630/1613 4396/2631/1614 

vn 0.261669 0.92689 0.26908
f 3704/2632/1615 3703/2633/1614 4396/2634/1614 4395/2635/1615 

vn 0.258303 0.928831 0.265619
f 3705/2636/1616 3704/2637/1615 4395/2638/1615 4394/2639/1616 

vn 0.254047 0.931243 0.261242
f 3706/2640/1617 3705/2641/1616 4394/2642/1616 4393/2643/1617 

vn 0.250186 0.933391 0.257272
f 3707/2644/1618 3706/2645/1617 4393/2646/1617 4392/2647/1618 

f 3708/2648/1522 3707/2649/1618 4392/2650/1618 4391/2651/1522 

vn -0.64681 0.37315 -0.665129
f 3652/2652/1619 3651/2653/1619 4448/2654/1619 4447/2655/1619 

vn -0.372504 0.845287 -0.383054
f 3651/2656/1620 3650/2657/1620 4449/2658/1620 4448/2659/1620 

vn 0.0239189 0.999411 0.0245963
vn 0.127941 0.983017 0.131564
f 3650/2660/1621 3649/2661/1622 4450/2662/1622 4449/2663/1621 

vn 0.22908 0.944473 0.235568
f 3649/2664/1622 3648/2665/1623 4451/2666/1623 4450/2667/1622 

f 3648/2665/1623 3647/2668/1623 4452/2669/1623 4451/2666/1623 

f 3647/2668/1623 3646/2670/1094 4050/2671/1094 4452/2669/1623 

g Mesh10 ___246_6 ___248_3 Model

v 253.336 21.325 -24.8837
v 253.584 21.3614 -24.6283
v 255.018 21.3614 -26.0227
v 254.77 21.325 -26.278
f 4543/4/1091 4544/3/1092 4545/2/1092 4546/1/1091 

v 244.082 21.3793 -34.3994
v 240.097 23.3679 -38.4971
v 237.924 24.4525 -40.732
v 237.34 24.4812 -41.3329
v 236.867 24.0531 -41.8185
v 236.77 23.705 -41.9189
v 236.985 23.5879 -41.6979
v 237.834 23.1251 -40.825
v 239.072 22.449 -39.5517
v 240.555 21.6376 -38.0269
v 242.138 20.7689 -36.399
v 243.676 19.9209 -34.8169
v 245.026 19.1716 -33.4291
v 246.042 18.5988 -32.3844
v 246.671 18.2347 -31.7369
v 247.354 17.8611 -31.0345
v 248.124 17.4585 -30.2431
v 248.926 17.0512 -29.4188
v 249.095 16.9752 -29.2446
v 249.123 16.9874 -29.2154
v 249.704 16.6635 -28.618
v 250.405 16.3197 -27.8972
v 250.974 16.044 -27.3125
v 251.355 15.8608 -26.9204
v 251.494 15.7944 -26.7772
v 251.457 15.7671 -26.816
v 251.405 15.6669 -26.8687
v 251.371 15.5652 -26.904
v 251.353 15.4628 -26.9229
v 251.349 15.3606 -26.9264
v 251.36 15.2594 -26.9159
v 251.382 15.16 -26.8922
v 251.413 15.0602 -26.8611
v 251.431 14.9499 -26.8424
v 251.436 14.8336 -26.837
v 251.43 14.7178 -26.8434
v 251.414 14.6092 -26.8597
v 251.39 14.5142 -26.8843
v 251.36 14.4394 -26.9156
v 251.325 14.3913 -26.9517
v 251.283 14.3719 -26.9948
v 251.209 14.3495 -27.0704
v 251.107 14.3157 -27.1753
v 250.987 14.2696 -27.2992
v 250.858 14.2104 -27.4319
v 250.734 14.152 -27.5594
v 250.654 14.1837 -27.6416
v 250.465 14.2721 -27.8361
v 250.179 14.4106 -28.1296
v 249.811 14.593 -28.5085
v 249.372 14.8128 -28.9592
v 248.877 15.0637 -29.4682
v 248.339 15.3393 -30.0221
v 247.77 15.6332 -30.6074
v 247.158 15.9542 -31.2369
v 246.595 16.264 -31.8154
v 246.042 16.5824 -32.3837
v 245.387 16.9653 -33.058
v 244.515 17.4688 -33.9543
v 243.314 18.1491 -35.1889
v 241.672 19.0622 -36.8778
v 239.475 20.2641 -39.1372
v 236.61 21.8109 -42.0832
v 236.595 21.3189 -42.0987
v 236.541 19.5466 -42.1545
v 236.92 19.3316 -41.7641
v 237.927 18.7613 -40.7286
v 239.363 17.948 -39.2518
v 241.031 17.0039 -37.5373
v 242.731 16.041 -35.7889
v 244.266 15.1716 -34.2103
v 245.438 14.5079 -33.0051
v 246.049 14.162 -32.377
v 246.376 14.011 -32.0406
v 247.724 13.4115 -30.6542
v 249.923 12.4351 -28.3932
v 252.681 11.2128 -25.5572
v 255.706 9.87512 -22.4458
v 258.709 8.55301 -19.3586
v 261.396 7.37723 -16.595
v 263.478 6.47856 -14.4546
v 264.74 5.95688 -13.1564
v 265.969 5.50929 -11.8928
v 267.363 5.0439 -10.4596
v 268.82 4.5846 -8.96108
v 270.239 4.15526 -7.5014
v 271.52 3.77976 -6.18472
v 272.56 3.48198 -5.11525
v 273.258 3.2858 -4.39717
v 273.513 3.21511 -4.13466
v 273.52 3.2719 -4.12727
v 273.55 3.4458 -4.09732
v 273.719 3.58885 -3.923
v 273.795 3.65285 -3.84456
v 274.314 4.08772 -3.31159
v 274.63 4.35295 -2.98653
v 274.634 4.57962 -2.98221
v 274.638 5.06168 -2.97798
v 274.641 5.35953 -2.97536
v 274.813 5.52721 -2.79797
v 275.203 5.99085 -2.39656
v 275.491 6.59404 -2.10084
v 275.417 7.16697 -2.17661
v 275.131 7.58404 -2.47064
v 274.939 7.76408 -2.66895
v 275.039 7.9384 -2.56601
v 275.308 8.45569 -2.28889
v 275.598 9.17764 -1.99107
v 275.748 9.84977 -1.83693
v 275.748 10.2922 -1.83669
v 275.713 10.5877 -1.87283
v 275.756 10.8098 -1.82883
v 275.891 10.9851 -1.68918
v 276.07 11.1319 -1.50569
v 276.178 11.3086 -1.39433
v 276.137 11.538 -1.43662
v 276.02 11.7329 -1.55681
v 275.943 11.8656 -1.63634
v 275.932 12.0146 -1.64768
v 275.862 12.2039 -1.71897
v 275.711 12.3226 -1.87423
v 275.557 12.2415 -2.03271
v 275.32 12.1223 -2.27646
v 275.025 11.9561 -2.57983
v 274.825 11.6417 -2.78555
v 274.714 11.4236 -2.89958
v 274.66 11.4489 -2.95528
v 274.61 11.6818 -3.00644
v 274.554 12.2029 -3.06398
v 274.428 12.8099 -3.19391
v 274.211 13.0751 -3.41751
v 274.058 13.1357 -3.57439
v 273.996 13.1025 -3.63855
v 273.865 12.9751 -3.77328
v 273.721 12.772 -3.92104
v 273.647 12.5461 -3.99672
v 273.648 12.3508 -3.99564
v 273.606 12.1464 -4.039
v 273.49 11.8957 -4.15821
v 273.389 11.611 -4.26288
v 273.223 11.3312 -4.43304
v 272.99 11.1158 -4.67313
v 272.814 11.0198 -4.85352
v 272.69 11.0299 -4.98092
v 272.589 11.1627 -5.08481
v 272.511 11.4469 -5.16566
v 272.533 11.8188 -5.14231
v 272.698 12.1294 -4.97264
v 272.908 12.2521 -4.75669
v 273.077 12.3577 -4.58321
v 273.136 12.5665 -4.52293
v 273.124 12.786 -4.53484
v 273.128 12.9393 -4.53085
v 273.219 13.0322 -4.43771
v 273.344 13.206 -4.30922
v 273.388 13.4385 -4.26316
v 273.222 13.6308 -4.43391
v 272.854 13.6784 -4.81296
v 272.484 13.7351 -5.19298
v 272.213 13.9601 -5.47131
v 271.938 14.2829 -5.75449
v 271.787 14.4283 -5.90942
v 271.779 14.2604 -5.91856
v 271.696 14.0657 -6.0033
v 271.623 13.9478 -6.07877
v 271.57 13.9168 -6.13273
v 271.394 13.7965 -6.31407
v 271.178 13.5597 -6.53562
v 271.037 13.1854 -6.68078
v 271.002 12.7397 -6.71698
v 270.954 12.4018 -6.76665
v 270.812 12.2749 -6.91204
v 270.67 12.2128 -7.05849
v 270.586 12.1901 -7.14518
v 270.605 12.1057 -7.12566
v 270.691 11.8188 -7.0371
v 270.762 11.5824 -6.96412
v 270.736 11.5518 -6.99031
v 270.62 11.4926 -7.10957
v 270.507 11.3727 -7.22613
v 270.49 11.1568 -7.24357
v 270.568 10.8482 -7.16382
v 270.643 10.6306 -7.0866
v 270.579 10.6474 -7.15246
v 270.285 10.8039 -7.45454
v 269.931 11.0208 -7.81789
v 269.691 11.3039 -8.06533
v 269.591 11.7436 -8.16792
v 269.571 12.0678 -8.18898
v 269.599 12.0886 -8.15953
v 269.714 12.0516 -8.04153
v 269.828 12.0255 -7.92473
v 269.885 12.088 -7.86552
v 269.964 12.3685 -7.78458
v 270.019 12.8291 -7.72826
v 269.984 13.4074 -7.76382
v 269.829 13.9714 -7.92298
v 269.611 14.3723 -8.14706
v 269.394 14.5702 -8.37059
v 269.228 14.8267 -8.54109
v 269.14 15.018 -8.63211
v 269.123 15.0306 -8.64934
v 269.08 14.9796 -8.69387
v 269.015 14.883 -8.76071
v 268.908 14.7306 -8.87079
v 268.672 14.4866 -9.11271
v 268.427 14.1625 -9.36463
v 268.3 13.7679 -9.49565
v 268.268 13.326 -9.52887
v 268.204 12.9347 -9.5947
v 268.032 12.7052 -9.77084
v 267.889 12.6627 -9.91869
v 267.737 12.6526 -10.0743
v 267.537 12.5616 -10.2797
v 267.363 12.5023 -10.4587
v 267.268 12.4273 -10.5567
v 267.287 12.2994 -10.5376
v 267.365 12.232 -10.4573
v 267.415 12.2025 -10.406
v 267.383 12.1649 -10.4388
v 267.369 12.0855 -10.4533
v 267.372 11.9632 -10.45
v 267.378 11.8012 -10.4434
v 267.396 11.5969 -10.4248
v 267.414 11.3162 -10.4066
v 267.346 10.9372 -10.4762
v 266.961 10.5614 -10.8724
v 266.544 10.3118 -11.3014
v 266.397 10.2906 -11.4526
v 266.443 10.4558 -11.405
v 266.586 10.7176 -11.2577
v 266.732 10.9936 -11.1077
v 266.753 11.2385 -11.0863
v 266.722 11.4356 -11.118
v 266.739 11.6287 -11.1003
v 266.82 12.0526 -11.0172
v 266.842 12.5028 -10.9944
v 266.704 12.7684 -11.1365
v 266.531 13.0334 -11.315
v 266.412 13.3399 -11.437
v 266.435 13.6385 -11.4134
v 266.678 13.7276 -11.1639
v 266.958 13.7432 -10.8758
v 267.089 13.857 -10.7406
v 267.13 14.0348 -10.6986
v 267.135 14.1719 -10.694
v 267.158 14.1955 -10.6697
v 267.318 14.2305 -10.5053
v 267.499 14.3933 -10.3192
v 267.533 14.7323 -10.2847
v 267.283 14.985 -10.5418
v 266.923 15.1257 -10.912
v 266.649 15.2076 -11.193
v 266.469 15.3666 -11.3789
v 266.327 15.6082 -11.5247
v 266.179 15.8811 -11.6765
v 265.988 15.9714 -11.8727
v 265.758 15.9012 -12.1096
v 265.495 15.7567 -12.3803
v 265.222 15.6641 -12.661
v 265.028 15.5827 -12.86
v 264.996 15.4477 -12.8928
v 265.047 15.2786 -12.8403
v 265.104 15.1515 -12.7817
v 265.108 15.1145 -12.7783
v 265.042 15.004 -12.8454
v 264.996 14.8242 -12.8928
v 265.049 14.6347 -12.839
v 265.093 14.4964 -12.7937
v 265.085 14.3858 -12.802
v 265.027 14.2471 -12.8611
v 265.011 13.9438 -12.878
v 264.988 13.6075 -12.9017
v 264.882 13.4111 -13.0107
v 264.716 13.3581 -13.1815
v 264.559 13.4377 -13.3429
v 264.462 13.6379 -13.4427
v 264.347 13.7529 -13.56
v 264.22 13.7488 -13.6907
v 264.11 13.6394 -13.8038
v 263.991 13.4187 -13.9271
v 263.899 13.2977 -14.0211
v 263.87 13.5054 -14.0508
v 263.744 13.907 -14.1803
v 263.644 14.3104 -14.2839
v 263.748 14.5693 -14.1765
v 263.913 14.6358 -14.0066
v 264.044 14.6715 -13.8722
v 264.107 14.8397 -13.8073
v 264.106 15.023 -13.808
v 264.118 15.2082 -13.7964
v 264.215 15.4459 -13.6966
v 264.31 15.7197 -13.5984
v 264.282 15.9971 -13.6269
v 264.038 16.2467 -13.8778
v 263.659 16.3682 -14.2684
v 263.343 16.3931 -14.5928
v 263.241 16.4176 -14.6983
v 262.965 16.7288 -14.9814
v 262.631 17.1064 -15.325
v 262.531 17.188 -15.4276
v 262.496 16.8409 -15.4642
v 262.452 16.4155 -15.509
v 262.439 16.2892 -15.5225
v 262.423 16.2524 -15.5389
v 262.35 16.0843 -15.6141
v 262.186 15.6969 -15.7828
v 262.05 15.254 -15.9225
v 261.959 14.9159 -16.0165
v 261.87 14.7914 -16.1078
v 261.749 14.9702 -16.2318
v 261.615 15.2639 -16.3703
v 261.493 15.4299 -16.4953
v 261.391 15.395 -16.5998
v 261.312 15.1647 -16.6817
v 261.267 14.7358 -16.7278
v 261.36 14.3505 -16.6317
v 261.529 14.1035 -16.4579
v 261.646 13.9839 -16.3382
v 261.587 13.8288 -16.3983
v 261.413 13.6456 -16.5776
v 261.215 13.5258 -16.7816
v 260.896 13.5711 -17.1092
v 260.551 13.7472 -17.4636
v 260.37 13.9768 -17.6501
v 260.385 14.1324 -17.635
v 260.509 14.3189 -17.5071
v 260.666 14.6994 -17.3458
v 260.701 15.0426 -17.3102
v 260.619 15.3579 -17.3946
v 260.494 15.8299 -17.523
v 260.449 16.4065 -17.5689
v 260.502 16.9267 -17.5142
v 260.625 17.2808 -17.388
v 260.738 17.5865 -17.2716
v 260.806 17.8339 -17.2015
v 260.818 17.9061 -17.1896
v 260.638 17.8189 -17.3743
v 260.272 17.7268 -17.7507
v 259.811 17.7807 -18.2249
v 259.483 18.0622 -18.5625
v 259.333 18.3797 -18.717
v 259.304 18.4236 -18.7464
v 259.312 18.0555 -18.7383
v 259.328 17.1601 -18.7215
v 259.227 16.3854 -18.8252
v 258.946 15.9495 -19.1143
v 258.496 15.6154 -19.5771
v 258.12 15.7309 -19.9637
v 257.855 16.2397 -20.2361
v 257.578 16.7289 -20.5215
v 257.122 17.1326 -20.9906
v 256.589 17.5023 -21.5384
v 256.187 17.7825 -21.9516
v 256.08 18.0035 -22.0622
v 256.177 18.2025 -21.9615
v 256.332 18.3806 -21.8028
v 256.61 18.5282 -21.517
v 256.862 18.6778 -21.2575
v 256.777 18.8839 -21.3445
v 256.72 19.2983 -21.4031
v 256.892 19.8076 -21.2265
v 257.116 20.1637 -20.9967
v 257.444 20.4139 -20.659
v 257.727 20.6373 -20.3677
v 257.631 20.7739 -20.4665
v 257.218 20.6828 -20.8918
v 256.791 20.4595 -21.331
v 256.533 20.3285 -21.596
v 256.56 20.5327 -21.5679
v 256.722 20.8903 -21.4019
v 256.805 21.0552 -21.3162
v 256.698 21.0366 -21.4267
v 256.365 20.8824 -21.769
v 255.746 20.4469 -22.4053
v 255.164 19.4414 -23.0037
v 254.785 18.3363 -23.3936
v 254.482 17.9794 -23.7049
v 254.266 18.292 -23.9269
v 254.157 18.7305 -24.0387
v 254.093 19.1559 -24.1054
v 253.937 19.5308 -24.2651
v 253.704 19.8645 -24.505
v 253.512 20.1189 -24.702
v 253.507 20.561 -24.7075
v 253.624 21.1213 -24.5877
v 253.626 21.1752 -24.5848
v 253.643 21.1993 -24.5674
v 253.678 21.3754 -24.5317
v 253.069 21.4532 -25.1578
v 252.83 21.6092 -25.4035
v 252.462 21.3612 -25.7816
v 252.135 20.6235 -26.1187
v 252.012 19.8671 -26.2449
v 251.993 19.5321 -26.264
v 251.937 19.5107 -26.3219
v 251.776 19.3775 -26.4874
v 251.514 19.029 -26.7569
v 251.368 18.3897 -26.9069
v 251.415 17.7201 -26.8592
v 251.47 17.4139 -26.8025
v 250.096 18.1726 -28.2155
v 247.576 19.5638 -30.8063
v 246.223 20.3111 -32.1981
f 4547/872/1093 4548/871/1093 4549/870/1093 4550/869/1093 4551/868/1093 4552/867/1093 4553/866/1093 4554/865/1093 4555/864/1093 4556/863/1093 4557/862/1093 4558/861/1093 4559/860/1093 4560/859/1093 4561/858/1093 4562/857/1093 4563/856/1093 4564/855/1093 4565/854/1093 4566/853/1093 4567/852/1093 4568/851/1093 4569/850/1093 4570/849/1093 4571/848/1093 4572/847/1093 4573/846/1093 4574/845/1093 4575/844/1093 4576/843/1093 4577/842/1093 4578/841/1093 4579/840/1093 4580/839/1093 4581/838/1093 4582/837/1093 4583/836/1093 4584/835/1093 4585/834/1093 4586/833/1093 4587/832/1093 4588/831/1093 4589/830/1093 4590/829/1093 4591/828/1093 4592/827/1093 4593/826/1093 4594/825/1093 4595/824/1093 4596/823/1093 4597/822/1093 4598/821/1093 4599/820/1093 4600/819/1093 4601/818/1093 4602/817/1093 4603/816/1093 4604/815/1093 4605/814/1093 4606/813/1093 4607/812/1093 4608/811/1093 4609/810/1093 4610/809/1093 4611/808/1093 4612/807/1093 4613/806/1093 4614/805/1093 4615/804/1093 4616/803/1093 4617/802/1093 4618/801/1093 4619/800/1093 4620/799/1093 4621/798/1093 4622/797/1093 4623/796/1093 4624/795/1093 4625/794/1093 4626/793/1093 4627/792/1093 4628/791/1093 4629/790/1093 4630/789/1093 4631/788/1093 4632/787/1093 4633/786/1093 4634/785/1093 4635/784/1093 4636/783/1093 4637/782/1093 4638/781/1093 4639/780/1093 4640/779/1093 4641/778/1093 4642/777/1093 4643/776/1093 4644/775/1093 4645/774/1093 4646/773/1093 4647/772/1093 4648/771/1093 4649/770/1093 4650/769/1093 4651/768/1093 4652/767/1093 4653/766/1093 4654/765/1093 4655/764/1093 4656/763/1093 4657/762/1093 4658/761/1093 4659/760/1093 4660/759/1093 4661/758/1093 4662/757/1093 4663/756/1093 4664/755/1093 4665/754/1093 4666/753/1093 4667/752/1093 4668/751/1093 4669/750/1093 4670/749/1093 4671/748/1093 4672/747/1093 4673/746/1093 4674/745/1093 4675/744/1093 4676/743/1093 4677/742/1093 4678/741/1093 4679/740/1093 4680/739/1093 4681/738/1093 4682/737/1093 4683/736/1093 4684/735/1093 4685/734/1093 4686/733/1093 4687/732/1093 4688/731/1093 4689/730/1093 4690/729/1093 4691/728/1093 4692/727/1093 4693/726/1093 4694/725/1093 4695/724/1093 4696/723/1093 4697/722/1093 4698/721/1093 4699/720/1093 4700/719/1093 4701/718/1093 4702/717/1093 4703/716/1093 4704/715/1093 4705/714/1093 4706/713/1093 4707/712/1093 4708/711/1093 4709/710/1093 4710/709/1093 4711/708/1093 4712/707/1093 4713/706/1093 4714/705/1093 4715/704/1093 4716/703/1093 4717/702/1093 4718/701/1093 4719/700/1093 4720/699/1093 4721/698/1093 4722/697/1093 4723/696/1093 4724/695/1093 4725/694/1093 4726/693/1093 4727/692/1093 4728/691/1093 4729/690/1093 4730/689/1093 4731/688/1093 4732/687/1093 4733/686/1093 4734/685/1093 4735/684/1093 4736/683/1093 4737/682/1093 4738/681/1093 4739/680/1093 4740/679/1093 4741/678/1093 4742/677/1093 4743/676/1093 4744/675/1093 4745/674/1093 4746/673/1093 4747/672/1093 4748/671/1093 4749/670/1093 4750/669/1093 4751/668/1093 4752/667/1093 4753/666/1093 4754/665/1093 4755/664/1093 4756/663/1093 4757/662/1093 4758/661/1093 4759/660/1093 4760/659/1093 4761/658/1093 4762/657/1093 4763/656/1093 4764/655/1093 4765/654/1093 4766/653/1093 4767/652/1093 4768/651/1093 4769/650/1093 4770/649/1093 4771/648/1093 4772/647/1093 4773/646/1093 4774/645/1093 4775/644/1093 4776/643/1093 4777/642/1093 4778/641/1093 4779/640/1093 4780/639/1093 4781/638/1093 4782/637/1093 4783/636/1093 4784/635/1093 4785/634/1093 4786/633/1093 4787/632/1093 4788/631/1093 4789/630/1093 4790/629/1093 4791/628/1093 4792/627/1093 4793/626/1093 4794/625/1093 4795/624/1093 4796/623/1093 4797/622/1093 4798/621/1093 4799/620/1093 4800/619/1093 4801/618/1093 4802/617/1093 4803/616/1093 4804/615/1093 4805/614/1093 4806/613/1093 4807/612/1093 4808/611/1093 4809/610/1093 4810/609/1093 4811/608/1093 4812/607/1093 4813/606/1093 4814/605/1093 4815/604/1093 4816/603/1093 4817/602/1093 4818/601/1093 4819/600/1093 4820/599/1093 4821/598/1093 4822/597/1093 4823/596/1093 4824/595/1093 4825/594/1093 4826/593/1093 4827/592/1093 4828/591/1093 4829/590/1093 4830/589/1093 4831/588/1093 4832/587/1093 4833/586/1093 4834/585/1093 4835/584/1093 4836/583/1093 4837/582/1093 4838/581/1093 4839/580/1093 4840/579/1093 4841/578/1093 4842/577/1093 4843/576/1093 4844/575/1093 4845/574/1093 4846/573/1093 4847/572/1093 4848/571/1093 4849/570/1093 4850/569/1093 4851/568/1093 4852/567/1093 4853/566/1093 4854/565/1093 4855/564/1093 4856/563/1093 4857/562/1093 4858/561/1093 4859/560/1093 4860/559/1093 4861/558/1093 4862/557/1093 4863/556/1093 4864/555/1093 4865/554/1093 4866/553/1093 4867/552/1093 4868/551/1093 4869/550/1093 4870/549/1093 4871/548/1093 4872/547/1093 4873/546/1093 4874/545/1093 4875/544/1093 4876/543/1093 4877/542/1093 4878/541/1093 4879/540/1093 4880/539/1093 4881/538/1093 4882/537/1093 4883/536/1093 4884/535/1093 4885/534/1093 4886/533/1093 4887/532/1093 4888/531/1093 4889/530/1093 4890/529/1093 4891/528/1093 4892/527/1093 4893/526/1093 4894/525/1093 4895/524/1093 4896/523/1093 4897/522/1093 4898/521/1093 4899/520/1093 4900/519/1093 4901/518/1093 4902/517/1093 4903/516/1093 4904/515/1093 4905/514/1093 4906/513/1093 4907/512/1093 4908/511/1093 4909/510/1093 4910/509/1093 4911/508/1093 4912/507/1093 4913/506/1093 4914/505/1093 4915/504/1093 4916/503/1093 4917/502/1093 4918/501/1093 4919/500/1093 4920/499/1093 4921/498/1093 4922/497/1093 4923/496/1093 4924/495/1093 4925/494/1093 4926/493/1093 4927/492/1093 4928/491/1093 4929/490/1093 4930/489/1093 4931/488/1093 4932/487/1093 4933/486/1093 4934/485/1093 4935/484/1093 4544/483/1093 4543/482/1093 4936/481/1093 4937/480/1093 4938/479/1093 4939/478/1093 4940/477/1093 4941/476/1093 4942/475/1093 4943/474/1093 4944/473/1093 4945/472/1093 4946/471/1093 4947/470/1093 4948/469/1093 4949/468/1093 4950/467/1093 

v 245.516 21.3793 -35.7937
v 241.531 23.3679 -39.8914
f 4548/2666/1623 4547/2669/1623 4951/2668/1623 4952/2665/1623 

v 247.657 20.3111 -33.5924
f 4547/2669/1623 4950/2671/1094 4953/2670/1094 4951/2668/1623 

v 249.01 19.5638 -32.2006
f 4950/414/1094 4949/413/1095 4954/412/1095 4953/411/1094 

v 251.529 18.1726 -29.6098
f 4949/413/1095 4948/416/1095 4955/415/1095 4954/412/1095 

v 252.904 17.4139 -28.1968
f 4948/416/1095 4947/418/1095 4956/417/1095 4955/415/1095 

v 252.848 17.7201 -28.2535
f 4947/422/1096 4946/421/1097 4957/420/1097 4956/419/1096 

v 252.802 18.3897 -28.3013
f 4946/426/1097 4945/425/1098 4958/424/1098 4957/423/1097 

v 252.948 19.029 -28.1512
f 4945/430/1099 4944/429/1099 4959/428/1099 4958/427/1099 

v 253.21 19.3775 -27.8817
f 4944/434/1100 4943/433/1101 4960/432/1101 4959/431/1100 

v 253.371 19.5107 -27.7162
f 4943/438/1101 4942/437/1102 4961/436/1102 4960/435/1101 

v 253.427 19.5321 -27.6583
f 4942/442/1102 4941/441/1103 4962/440/1103 4961/439/1102 

v 253.446 19.8671 -27.6393
f 4941/446/1104 4940/445/1105 4963/444/1105 4962/443/1104 

v 253.569 20.6235 -27.513
f 4940/450/1105 4939/449/1106 4964/448/1106 4963/447/1105 

v 253.896 21.3612 -27.176
f 4939/454/1106 4938/453/1107 4965/452/1107 4964/451/1106 

v 254.264 21.6092 -26.7979
f 4938/458/1108 4937/457/1108 4966/456/1108 4965/455/1108 

v 254.503 21.4532 -26.5521
f 4937/462/1109 4936/461/1110 4967/460/1110 4966/459/1109 

f 4936/466/1110 4543/465/1111 4546/464/1111 4967/463/1110 

v 255.112 21.3754 -25.926
v 255.077 21.1993 -25.9618
v 255.06 21.1752 -25.9791
v 255.057 21.1213 -25.982
v 254.941 20.561 -26.1018
v 254.946 20.1189 -26.0964
v 255.138 19.8645 -25.8993
v 255.371 19.5308 -25.6594
v 255.526 19.1559 -25.4997
v 255.591 18.7305 -25.433
v 255.7 18.292 -25.3212
v 255.916 17.9794 -25.0992
v 256.219 18.3363 -24.7879
v 256.598 19.4414 -24.398
v 257.18 20.4469 -23.7996
v 257.798 20.8824 -23.1633
v 258.131 21.0366 -22.821
v 258.239 21.0552 -22.7106
v 258.155 20.8903 -22.7962
v 257.994 20.5327 -22.9622
v 257.967 20.3285 -22.9904
v 258.224 20.4595 -22.7254
v 258.651 20.6828 -22.2861
v 259.065 20.7739 -21.8608
v 259.161 20.6373 -21.7621
v 258.878 20.4139 -22.0534
v 258.55 20.1637 -22.391
v 258.326 19.8076 -22.6208
v 258.154 19.2983 -22.7974
v 258.211 18.8839 -22.7388
v 258.296 18.6778 -22.6518
v 258.043 18.5282 -22.9114
v 257.766 18.3806 -23.1971
v 257.611 18.2025 -23.3558
v 257.513 18.0035 -23.4565
v 257.621 17.7825 -23.346
v 258.023 17.5023 -22.9327
v 258.555 17.1326 -22.385
v 259.012 16.7289 -21.9158
v 259.289 16.2397 -21.6305
v 259.554 15.7309 -21.358
v 259.93 15.6154 -20.9715
v 260.38 15.9495 -20.5087
v 260.661 16.3854 -20.2196
v 260.762 17.1601 -20.1158
v 260.746 18.0555 -20.1326
v 260.738 18.4236 -20.1407
v 260.766 18.3797 -20.1113
v 260.917 18.0622 -19.9568
v 261.245 17.7807 -19.6192
v 261.706 17.7268 -19.145
v 262.072 17.8189 -18.7687
v 262.252 17.9061 -18.584
v 262.24 17.8339 -18.5958
v 262.172 17.5865 -18.6659
v 262.059 17.2808 -18.7823
v 261.936 16.9267 -18.9085
v 261.883 16.4065 -18.9633
v 261.927 15.8299 -18.9174
v 262.052 15.3579 -18.7889
v 262.134 15.0426 -18.7045
v 262.1 14.6994 -18.7402
v 261.943 14.3189 -18.9014
v 261.819 14.1324 -19.0294
v 261.804 13.9768 -19.0444
v 261.985 13.7472 -18.8579
v 262.33 13.5711 -18.5035
v 262.648 13.5258 -18.176
v 262.847 13.6456 -17.972
v 263.021 13.8288 -17.7926
v 263.08 13.9839 -17.7325
v 262.963 14.1035 -17.8522
v 262.794 14.3505 -18.0261
v 262.701 14.7358 -18.1222
v 262.746 15.1647 -18.076
v 262.825 15.395 -17.9941
v 262.927 15.4299 -17.8896
v 263.048 15.2639 -17.7647
v 263.183 14.9702 -17.6261
v 263.304 14.7914 -17.5021
v 263.392 14.9159 -17.4109
v 263.484 15.254 -17.3168
v 263.62 15.6969 -17.1772
v 263.784 16.0843 -17.0084
v 263.857 16.2524 -16.9332
v 263.873 16.2892 -16.9168
v 263.886 16.4155 -16.9033
v 263.93 16.8409 -16.8585
v 263.965 17.188 -16.8219
v 264.065 17.1064 -16.7194
v 264.399 16.7288 -16.3757
v 264.674 16.4176 -16.0926
v 264.777 16.3931 -15.9872
v 265.092 16.3682 -15.6628
v 265.472 16.2467 -15.2722
v 265.716 15.9971 -15.0213
v 265.744 15.7197 -14.9927
v 265.648 15.4459 -15.0909
v 265.551 15.2082 -15.1907
v 265.54 15.023 -15.2023
v 265.541 14.8397 -15.2017
v 265.478 14.6715 -15.2665
v 265.347 14.6358 -15.401
v 265.182 14.5693 -15.5708
v 265.077 14.3104 -15.6782
v 265.178 13.907 -15.5746
v 265.304 13.5054 -15.4451
v 265.333 13.2977 -15.4154
v 265.424 13.4187 -15.3214
v 265.544 13.6394 -15.1982
v 265.654 13.7488 -15.085
v 265.781 13.7529 -14.9544
v 265.895 13.6379 -14.837
v 265.992 13.4377 -14.7372
v 266.149 13.3581 -14.5759
v 266.316 13.4111 -14.405
v 266.422 13.6075 -14.296
v 266.445 13.9438 -14.2723
v 266.461 14.2471 -14.2555
v 266.518 14.3858 -14.1963
v 266.527 14.4964 -14.188
v 266.482 14.6347 -14.2334
v 266.43 14.8242 -14.2871
v 266.476 15.004 -14.2397
v 266.541 15.1145 -14.1726
v 266.538 15.1515 -14.176
v 266.481 15.2786 -14.2346
v 266.43 15.4477 -14.2871
v 266.462 15.5827 -14.2543
v 266.656 15.6641 -14.0554
v 266.929 15.7567 -13.7746
v 267.192 15.9012 -13.5039
v 267.422 15.9714 -13.267
v 267.613 15.8811 -13.0708
v 267.761 15.6082 -12.9191
v 267.902 15.3666 -12.7732
v 268.083 15.2076 -12.5873
v 268.356 15.1257 -12.3063
v 268.716 14.985 -11.9361
v 268.966 14.7323 -11.679
v 268.933 14.3933 -11.7136
v 268.752 14.2305 -11.8996
v 268.592 14.1955 -12.0641
v 268.568 14.1719 -12.0883
v 268.564 14.0348 -12.0929
v 268.523 13.857 -12.1349
v 268.392 13.7432 -12.2702
v 268.111 13.7276 -12.5582
v 267.869 13.6385 -12.8077
v 267.846 13.3399 -12.8313
v 267.965 13.0334 -12.7093
v 268.138 12.7684 -12.5309
v 268.276 12.5028 -12.3887
v 268.254 12.0526 -12.4116
v 268.173 11.6287 -12.4946
v 268.156 11.4356 -12.5123
v 268.187 11.2385 -12.4806
v 268.166 10.9936 -12.502
v 268.02 10.7176 -12.6521
v 267.877 10.4558 -12.7994
v 267.831 10.2906 -12.8469
v 267.978 10.3118 -12.6957
v 268.395 10.5614 -12.2667
v 268.78 10.9372 -11.8706
v 268.848 11.3162 -11.8009
v 268.83 11.5969 -11.8191
v 268.812 11.8012 -11.8377
v 268.806 11.9632 -11.8443
v 268.802 12.0855 -11.8477
v 268.817 12.1649 -11.8332
v 268.848 12.2025 -11.8003
v 268.799 12.232 -11.8516
v 268.721 12.2994 -11.9319
v 268.702 12.4273 -11.951
v 268.797 12.5023 -11.853
v 268.971 12.5616 -11.674
v 269.171 12.6526 -11.4686
v 269.322 12.6627 -11.313
v 269.466 12.7052 -11.1652
v 269.637 12.9347 -10.989
v 269.701 13.326 -10.9232
v 269.734 13.7679 -10.89
v 269.861 14.1625 -10.759
v 270.106 14.4866 -10.507
v 270.341 14.7306 -10.2651
v 270.448 14.883 -10.155
v 270.513 14.9796 -10.0882
v 270.557 15.0306 -10.0437
v 270.574 15.018 -10.0264
v 270.662 14.8267 -9.93542
v 270.828 14.5702 -9.76492
v 271.045 14.3723 -9.54139
v 271.263 13.9714 -9.31731
v 271.418 13.4074 -9.15815
v 271.452 12.8291 -9.12259
v 271.398 12.3685 -9.17891
v 271.319 12.088 -9.25985
v 271.261 12.0255 -9.31906
v 271.148 12.0516 -9.43586
v 271.033 12.0886 -9.55386
v 271.004 12.0678 -9.58331
v 271.025 11.7436 -9.56225
v 271.125 11.3039 -9.45966
v 271.365 11.0208 -9.21222
v 271.719 10.8039 -8.84887
v 272.012 10.6474 -8.54679
v 272.076 10.6306 -8.48093
v 272.001 10.8482 -8.55815
v 271.924 11.1568 -8.6379
v 271.941 11.3727 -8.62046
v 272.054 11.4926 -8.5039
v 272.17 11.5518 -8.38464
v 272.196 11.5824 -8.35845
v 272.125 11.8188 -8.43143
v 272.038 12.1057 -8.51999
v 272.019 12.1901 -8.53951
v 272.104 12.2128 -8.45282
v 272.246 12.2749 -8.30637
v 272.388 12.4018 -8.16098
v 272.436 12.7397 -8.11131
v 272.471 13.1854 -8.07511
v 272.612 13.5597 -7.92995
v 272.828 13.7965 -7.7084
v 273.004 13.9168 -7.52706
v 273.057 13.9478 -7.4731
v 273.13 14.0657 -7.39763
v 273.212 14.2604 -7.31289
v 273.221 14.4283 -7.30375
v 273.372 14.2829 -7.14882
v 273.647 13.9601 -6.86564
v 273.918 13.7351 -6.58731
v 274.287 13.6784 -6.20729
v 274.656 13.6308 -5.82824
v 274.822 13.4385 -5.65749
v 274.777 13.206 -5.70355
v 274.652 13.0322 -5.83205
v 274.562 12.9393 -5.92518
v 274.558 12.786 -5.92917
v 274.57 12.5665 -5.91726
v 274.511 12.3577 -5.97754
v 274.342 12.2521 -6.15102
v 274.132 12.1294 -6.36697
v 273.967 11.8188 -6.53664
v 273.944 11.4469 -6.55999
v 274.023 11.1627 -6.47914
v 274.124 11.0299 -6.37525
v 274.248 11.0198 -6.24785
v 274.423 11.1158 -6.06746
v 274.657 11.3312 -5.82737
v 274.822 11.611 -5.65721
v 274.924 11.8957 -5.55254
v 275.04 12.1464 -5.43333
v 275.082 12.3508 -5.38997
v 275.081 12.5461 -5.39105
v 275.155 12.772 -5.31537
v 275.299 12.9751 -5.16761
v 275.43 13.1025 -5.03288
v 275.492 13.1357 -4.96872
v 275.644 13.0751 -4.81184
v 275.862 12.8099 -4.58824
v 275.988 12.2029 -4.45831
v 276.044 11.6818 -4.40077
v 276.094 11.4489 -4.34961
v 276.148 11.4236 -4.29391
v 276.259 11.6417 -4.17988
v 276.459 11.9561 -3.97416
v 276.754 12.1223 -3.67079
v 276.991 12.2415 -3.42704
v 277.145 12.3226 -3.26856
v 277.296 12.2039 -3.1133
v 277.366 12.0146 -3.04201
v 277.377 11.8656 -3.03067
v 277.454 11.7329 -2.95114
v 277.571 11.538 -2.83095
v 277.612 11.3086 -2.78866
v 277.504 11.1319 -2.90002
v 277.325 10.9851 -3.08351
v 277.189 10.8098 -3.22316
v 277.147 10.5877 -3.26716
v 277.182 10.2922 -3.23102
v 277.182 9.84977 -3.23126
v 277.032 9.17764 -3.3854
v 276.742 8.45569 -3.68322
v 276.473 7.9384 -3.96035
v 276.372 7.76408 -4.06328
v 276.565 7.58404 -3.86497
v 276.851 7.16697 -3.57094
v 276.925 6.59404 -3.49517
v 276.637 5.99085 -3.79089
v 276.247 5.52721 -4.1923
v 276.074 5.35953 -4.36969
v 276.072 5.06168 -4.37231
v 276.068 4.57962 -4.37655
v 276.064 4.35295 -4.38086
v 275.747 4.08772 -4.70592
v 275.229 3.65285 -5.23889
v 275.153 3.58885 -5.31733
v 274.983 3.4458 -5.49165
v 274.954 3.2719 -5.5216
v 274.947 3.21511 -5.52899
v 274.692 3.2858 -5.7915
v 273.994 3.48198 -6.50959
v 272.953 3.77976 -7.57905
v 271.673 4.15526 -8.89573
v 270.254 4.5846 -10.3554
v 268.796 5.0439 -11.8539
v 267.403 5.50929 -13.2871
v 266.174 5.95688 -14.5507
v 264.911 6.47856 -15.849
v 262.83 7.37723 -17.9893
v 260.142 8.55301 -20.7529
v 257.14 9.87512 -23.8402
v 254.115 11.2128 -26.9516
v 251.357 12.4351 -29.7875
v 249.158 13.4115 -32.0485
v 247.81 14.011 -33.4349
v 247.483 14.162 -33.7713
v 246.872 14.5079 -34.3994
v 245.7 15.1716 -35.6046
v 244.165 16.041 -37.1833
v 242.464 17.0039 -38.9317
v 240.797 17.948 -40.6461
v 239.361 18.7613 -42.1229
v 238.354 19.3316 -43.1584
v 237.974 19.5466 -43.5488
v 238.029 21.3189 -43.4931
v 238.044 21.8109 -43.4776
v 240.909 20.2641 -40.5315
v 243.106 19.0622 -38.2722
v 244.748 18.1491 -36.5832
v 245.949 17.4688 -35.3487
v 246.82 16.9653 -34.4523
v 247.476 16.5824 -33.7781
v 248.029 16.264 -33.2097
v 248.591 15.9542 -32.6312
v 249.204 15.6332 -32.0017
v 249.773 15.3393 -31.4165
v 250.311 15.0637 -30.8626
v 250.806 14.8128 -30.3535
v 251.245 14.593 -29.9028
v 251.613 14.4106 -29.5239
v 251.898 14.2721 -29.2305
v 252.088 14.1837 -29.0359
v 252.168 14.152 -28.9537
v 252.292 14.2104 -28.8262
v 252.421 14.2696 -28.6935
v 252.541 14.3157 -28.5696
v 252.643 14.3495 -28.4647
v 252.717 14.3719 -28.3892
v 252.758 14.3913 -28.346
v 252.794 14.4394 -28.3099
v 252.824 14.5142 -28.2786
v 252.848 14.6092 -28.254
v 252.864 14.7178 -28.2377
v 252.87 14.8336 -28.2314
v 252.865 14.9499 -28.2367
v 252.847 15.0602 -28.2554
v 252.816 15.16 -28.2866
v 252.793 15.2594 -28.3102
v 252.783 15.3606 -28.3208
v 252.787 15.4628 -28.3172
v 252.805 15.5652 -28.2983
v 252.839 15.6669 -28.2631
v 252.89 15.7671 -28.2103
v 252.928 15.7944 -28.1715
v 252.789 15.8608 -28.3148
v 252.408 16.044 -28.7069
v 251.839 16.3197 -29.2915
v 251.138 16.6635 -30.0124
v 250.557 16.9874 -30.6098
v 250.529 16.9752 -30.639
v 250.359 17.0512 -30.8131
v 249.558 17.4585 -31.6374
v 248.788 17.8611 -32.4289
v 248.105 18.2347 -33.1313
v 247.475 18.5988 -33.7787
v 246.459 19.1716 -34.8235
v 245.11 19.9209 -36.2112
v 243.571 20.7689 -37.7934
v 241.988 21.6376 -39.4212
v 240.506 22.449 -40.9461
v 239.267 23.1251 -42.2193
v 238.418 23.5879 -43.0923
v 238.204 23.705 -43.3132
v 238.301 24.0531 -43.2128
v 238.773 24.4812 -42.7273
v 239.358 24.4525 -42.1263
f 4955/410/1112 4956/409/1112 4957/408/1112 4958/407/1112 4959/406/1112 4960/405/1112 4961/404/1112 4962/403/1112 4963/402/1112 4964/401/1112 4965/400/1112 4966/399/1112 4967/398/1112 4546/397/1112 4545/396/1112 4968/395/1112 4969/394/1112 4970/393/1112 4971/392/1112 4972/391/1112 4973/390/1112 4974/389/1112 4975/388/1112 4976/387/1112 4977/386/1112 4978/385/1112 4979/384/1112 4980/383/1112 4981/382/1112 4982/381/1112 4983/380/1112 4984/379/1112 4985/378/1112 4986/377/1112 4987/376/1112 4988/375/1112 4989/374/1112 4990/373/1112 4991/372/1112 4992/371/1112 4993/370/1112 4994/369/1112 4995/368/1112 4996/367/1112 4997/366/1112 4998/365/1112 4999/364/1112 5000/363/1112 5001/362/1112 5002/361/1112 5003/360/1112 5004/359/1112 5005/358/1112 5006/357/1112 5007/356/1112 5008/355/1112 5009/354/1112 5010/353/1112 5011/352/1112 5012/351/1112 5013/350/1112 5014/349/1112 5015/348/1112 5016/347/1112 5017/346/1112 5018/345/1112 5019/344/1112 5020/343/1112 5021/342/1112 5022/341/1112 5023/340/1112 5024/339/1112 5025/338/1112 5026/337/1112 5027/336/1112 5028/335/1112 5029/334/1112 5030/333/1112 5031/332/1112 5032/331/1112 5033/330/1112 5034/329/1112 5035/328/1112 5036/327/1112 5037/326/1112 5038/325/1112 5039/324/1112 5040/323/1112 5041/322/1112 5042/321/1112 5043/320/1112 5044/319/1112 5045/318/1112 5046/317/1112 5047/316/1112 5048/315/1112 5049/314/1112 5050/313/1112 5051/312/1112 5052/311/1112 5053/310/1112 5054/309/1112 5055/308/1112 5056/307/1112 5057/306/1112 5058/305/1112 5059/304/1112 5060/303/1112 5061/302/1112 5062/301/1112 5063/300/1112 5064/299/1112 5065/298/1112 5066/297/1112 5067/296/1112 5068/295/1112 5069/294/1112 5070/293/1112 5071/292/1112 5072/291/1112 5073/290/1112 5074/289/1112 5075/288/1112 5076/287/1112 5077/286/1112 5078/285/1112 5079/284/1112 5080/283/1112 5081/282/1112 5082/281/1112 5083/280/1112 5084/279/1112 5085/278/1112 5086/277/1112 5087/276/1112 5088/275/1112 5089/274/1112 5090/273/1112 5091/272/1112 5092/271/1112 5093/270/1112 5094/269/1112 5095/268/1112 5096/267/1112 5097/266/1112 5098/265/1112 5099/264/1112 5100/263/1112 5101/262/1112 5102/261/1112 5103/260/1112 5104/259/1112 5105/258/1112 5106/257/1112 5107/256/1112 5108/255/1112 5109/254/1112 5110/253/1112 5111/252/1112 5112/251/1112 5113/250/1112 5114/249/1112 5115/248/1112 5116/247/1112 5117/246/1112 5118/245/1112 5119/244/1112 5120/243/1112 5121/242/1112 5122/241/1112 5123/240/1112 5124/239/1112 5125/238/1112 5126/237/1112 5127/236/1112 5128/235/1112 5129/234/1112 5130/233/1112 5131/232/1112 5132/231/1112 5133/230/1112 5134/229/1112 5135/228/1112 5136/227/1112 5137/226/1112 5138/225/1112 5139/224/1112 5140/223/1112 5141/222/1112 5142/221/1112 5143/220/1112 5144/219/1112 5145/218/1112 5146/217/1112 5147/216/1112 5148/215/1112 5149/214/1112 5150/213/1112 5151/212/1112 5152/211/1112 5153/210/1112 5154/209/1112 5155/208/1112 5156/207/1112 5157/206/1112 5158/205/1112 5159/204/1112 5160/203/1112 5161/202/1112 5162/201/1112 5163/200/1112 5164/199/1112 5165/198/1112 5166/197/1112 5167/196/1112 5168/195/1112 5169/194/1112 5170/193/1112 5171/192/1112 5172/191/1112 5173/190/1112 5174/189/1112 5175/188/1112 5176/187/1112 5177/186/1112 5178/185/1112 5179/184/1112 5180/183/1112 5181/182/1112 5182/181/1112 5183/180/1112 5184/179/1112 5185/178/1112 5186/177/1112 5187/176/1112 5188/175/1112 5189/174/1112 5190/173/1112 5191/172/1112 5192/171/1112 5193/170/1112 5194/169/1112 5195/168/1112 5196/167/1112 5197/166/1112 5198/165/1112 5199/164/1112 5200/163/1112 5201/162/1112 5202/161/1112 5203/160/1112 5204/159/1112 5205/158/1112 5206/157/1112 5207/156/1112 5208/155/1112 5209/154/1112 5210/153/1112 5211/152/1112 5212/151/1112 5213/150/1112 5214/149/1112 5215/148/1112 5216/147/1112 5217/146/1112 5218/145/1112 5219/144/1112 5220/143/1112 5221/142/1112 5222/141/1112 5223/140/1112 5224/139/1112 5225/138/1112 5226/137/1112 5227/136/1112 5228/135/1112 5229/134/1112 5230/133/1112 5231/132/1112 5232/131/1112 5233/130/1112 5234/129/1112 5235/128/1112 5236/127/1112 5237/126/1112 5238/125/1112 5239/124/1112 5240/123/1112 5241/122/1112 5242/121/1112 5243/120/1112 5244/119/1112 5245/118/1112 5246/117/1112 5247/116/1112 5248/115/1112 5249/114/1112 5250/113/1112 5251/112/1112 5252/111/1112 5253/110/1112 5254/109/1112 5255/108/1112 5256/107/1112 5257/106/1112 5258/105/1112 5259/104/1112 5260/103/1112 5261/102/1112 5262/101/1112 5263/100/1112 5264/99/1112 5265/98/1112 5266/97/1112 5267/96/1112 5268/95/1112 5269/94/1112 5270/93/1112 5271/92/1112 5272/91/1112 5273/90/1112 5274/89/1112 5275/88/1112 5276/87/1112 5277/86/1112 5278/85/1112 5279/84/1112 5280/83/1112 5281/82/1112 5282/81/1112 5283/80/1112 5284/79/1112 5285/78/1112 5286/77/1112 5287/76/1112 5288/75/1112 5289/74/1112 5290/73/1112 5291/72/1112 5292/71/1112 5293/70/1112 5294/69/1112 5295/68/1112 5296/67/1112 5297/66/1112 5298/65/1112 5299/64/1112 5300/63/1112 5301/62/1112 5302/61/1112 5303/60/1112 5304/59/1112 5305/58/1112 5306/57/1112 5307/56/1112 5308/55/1112 5309/54/1112 5310/53/1112 5311/52/1112 5312/51/1112 5313/50/1112 5314/49/1112 5315/48/1112 5316/47/1112 5317/46/1112 5318/45/1112 5319/44/1112 5320/43/1112 5321/42/1112 5322/41/1112 5323/40/1112 5324/39/1112 5325/38/1112 5326/37/1112 5327/36/1112 5328/35/1112 5329/34/1112 5330/33/1112 5331/32/1112 5332/31/1112 5333/30/1112 5334/29/1112 5335/28/1112 5336/27/1112 5337/26/1112 5338/25/1112 5339/24/1112 5340/23/1112 5341/22/1112 5342/21/1112 5343/20/1112 5344/19/1112 5345/18/1112 5346/17/1112 5347/16/1112 5348/15/1112 5349/14/1112 5350/13/1112 5351/12/1112 5352/11/1112 5353/10/1112 5354/9/1112 4952/8/1112 4951/7/1112 4953/6/1112 4954/5/1112 

f 4544/876/1092 4935/875/1113 4968/874/1113 4545/873/1092 

f 4935/880/1114 4934/879/1114 4969/878/1114 4968/877/1114 

f 4934/884/1115 4933/883/1115 4970/882/1115 4969/881/1115 

f 4933/888/1116 4932/887/1117 4971/886/1117 4970/885/1116 

f 4932/892/1117 4931/891/1118 4972/890/1118 4971/889/1117 

f 4931/896/1118 4930/895/1119 4973/894/1119 4972/893/1118 

f 4930/900/1120 4929/899/1121 4974/898/1121 4973/897/1120 

f 4929/904/1121 4928/903/1122 4975/902/1122 4974/901/1121 

f 4928/908/1122 4927/907/1123 4976/906/1123 4975/905/1122 

f 4927/912/1123 4926/911/1124 4977/910/1124 4976/909/1123 

f 4926/916/1124 4925/915/1125 4978/914/1125 4977/913/1124 

f 4925/920/1126 4924/919/1126 4979/918/1126 4978/917/1126 

f 4924/924/1127 4923/923/1127 4980/922/1127 4979/921/1127 

f 4923/928/1128 4922/927/1129 4981/926/1129 4980/925/1128 

f 4922/932/1129 4921/931/1130 4982/930/1130 4981/929/1129 

f 4921/936/1131 4920/935/1132 4983/934/1132 4982/933/1131 

f 4920/940/1132 4919/939/1133 4984/938/1133 4983/937/1132 

f 4919/944/1133 4918/943/1134 4985/942/1134 4984/941/1133 

f 4918/948/1135 4917/947/1136 4986/946/1136 4985/945/1135 

f 4917/952/1136 4916/951/1137 4987/950/1137 4986/949/1136 

f 4916/956/1138 4915/955/1138 4988/954/1138 4987/953/1138 

f 4915/960/1139 4914/959/1140 4989/958/1140 4988/957/1139 

f 4914/964/1140 4913/963/1141 4990/962/1141 4989/961/1140 

f 4913/968/1141 4912/967/1142 4991/966/1142 4990/965/1141 

f 4912/972/1143 4911/971/1143 4992/970/1143 4991/969/1143 

f 4911/976/1144 4910/975/1145 4993/974/1145 4992/973/1144 

f 4910/980/1145 4909/979/1146 4994/978/1146 4993/977/1145 

f 4909/984/1147 4908/983/1148 4995/982/1148 4994/981/1147 

f 4908/988/1148 4907/987/1149 4996/986/1149 4995/985/1148 

f 4907/992/1150 4906/991/1151 4997/990/1151 4996/989/1150 

f 4906/996/1151 4905/995/1152 4998/994/1152 4997/993/1151 

f 4905/1000/1153 4904/999/1154 4999/998/1154 4998/997/1153 

f 4904/1004/1154 4903/1003/1155 5000/1002/1155 4999/1001/1154 

f 4903/1008/1155 4902/1007/1156 5001/1006/1156 5000/1005/1155 

f 4902/1012/1156 4901/1011/1157 5002/1010/1157 5001/1009/1156 

f 4901/1016/1158 4900/1015/1158 5003/1014/1158 5002/1013/1158 

f 4900/1020/1159 4899/1019/1160 5004/1018/1160 5003/1017/1159 

f 4899/1024/1160 4898/1023/1161 5005/1022/1161 5004/1021/1160 

f 4898/1028/1161 4897/1027/1162 5006/1026/1162 5005/1025/1161 

f 4897/1032/1162 4896/1031/1163 5007/1030/1163 5006/1029/1162 

f 4896/1036/1163 4895/1035/1164 5008/1034/1164 5007/1033/1163 

f 4895/1040/1165 4894/1039/1165 5009/1038/1165 5008/1037/1165 

f 4894/1044/1166 4893/1043/1167 5010/1042/1167 5009/1041/1166 

f 4893/1048/1167 4892/1047/1168 5011/1046/1168 5010/1045/1167 

f 4892/1052/1169 4891/1051/1170 5012/1050/1170 5011/1049/1169 

f 4891/1056/1170 4890/1055/1171 5013/1054/1171 5012/1053/1170 

f 4890/1060/1171 4889/1059/1172 5014/1058/1172 5013/1057/1171 

f 4889/1064/1173 4888/1063/1174 5015/1062/1174 5014/1061/1173 

f 4888/1068/1174 4887/1067/1175 5016/1066/1175 5015/1065/1174 

f 4887/1072/1176 4886/1071/1176 5017/1070/1176 5016/1069/1176 

f 4886/1076/1177 4885/1075/1178 5018/1074/1178 5017/1073/1177 

f 4885/1080/1178 4884/1079/1179 5019/1078/1179 5018/1077/1178 

f 4884/1084/1179 4883/1083/1180 5020/1082/1180 5019/1081/1179 

f 4883/1088/1181 4882/1087/1182 5021/1086/1182 5020/1085/1181 

f 4882/1092/1182 4881/1091/1183 5022/1090/1183 5021/1089/1182 

f 4881/1096/1183 4880/1095/1184 5023/1094/1184 5022/1093/1183 

f 4880/1100/1184 4879/1099/1185 5024/1098/1185 5023/1097/1184 

f 4879/1104/1185 4878/1103/1186 5025/1102/1186 5024/1101/1185 

f 4878/1108/1186 4877/1107/1187 5026/1106/1187 5025/1105/1186 

f 4877/1112/1187 4876/1111/1188 5027/1110/1188 5026/1109/1187 

f 4876/1116/1188 4875/1115/1189 5028/1114/1189 5027/1113/1188 

f 4875/1120/1190 4874/1119/1190 5029/1118/1190 5028/1117/1190 

f 4874/1124/1191 4873/1123/1192 5030/1122/1192 5029/1121/1191 

f 4873/1128/1192 4872/1127/1193 5031/1126/1193 5030/1125/1192 

f 4872/1132/1194 4871/1131/1194 5032/1130/1194 5031/1129/1194 

f 4871/1136/1195 4870/1135/1195 5033/1134/1195 5032/1133/1195 

f 4870/1140/1196 4869/1139/1197 5034/1138/1197 5033/1137/1196 

f 4869/1144/1197 4868/1143/1198 5035/1142/1198 5034/1141/1197 

f 4868/1148/1199 4867/1147/1200 5036/1146/1200 5035/1145/1199 

f 4867/1152/1200 4866/1151/1201 5037/1150/1201 5036/1149/1200 

f 4866/1156/1202 4865/1155/1202 5038/1154/1202 5037/1153/1202 

f 4865/1160/1203 4864/1159/1204 5039/1158/1204 5038/1157/1203 

f 4864/1164/1204 4863/1163/1205 5040/1162/1205 5039/1161/1204 

f 4863/1168/1206 4862/1167/1206 5041/1166/1206 5040/1165/1206 

f 4862/1172/1207 4861/1171/1208 5042/1170/1208 5041/1169/1207 

f 4861/1176/1208 4860/1175/1209 5043/1174/1209 5042/1173/1208 

f 4860/1180/1210 4859/1179/1210 5044/1178/1210 5043/1177/1210 

f 4859/1184/1211 4858/1183/1212 5045/1182/1212 5044/1181/1211 

f 4858/1188/1212 4857/1187/1213 5046/1186/1213 5045/1185/1212 

f 4857/1192/1213 4856/1191/1214 5047/1190/1214 5046/1189/1213 

f 4856/1196/1215 4855/1195/1215 5048/1194/1215 5047/1193/1215 

f 4855/1200/1216 4854/1199/1217 5049/1198/1217 5048/1197/1216 

f 4854/1204/1217 4853/1203/1218 5050/1202/1218 5049/1201/1217 

f 4853/1208/1218 4852/1207/1219 5051/1206/1219 5050/1205/1218 

f 4852/1212/1219 4851/1211/1220 5052/1210/1220 5051/1209/1219 

f 4851/1211/1220 4850/1214/1220 5053/1213/1220 5052/1210/1220 

f 4850/1218/1221 4849/1217/1222 5054/1216/1222 5053/1215/1221 

f 4849/1222/1222 4848/1221/1223 5055/1220/1223 5054/1219/1222 

f 4848/1221/1223 4847/1224/1223 5056/1223/1223 5055/1220/1223 

f 4847/1228/1224 4846/1227/1225 5057/1226/1225 5056/1225/1224 

f 4846/1232/1225 4845/1231/1226 5058/1230/1226 5057/1229/1225 

f 4845/1231/1226 4844/1234/1226 5059/1233/1226 5058/1230/1226 

f 4844/1238/1227 4843/1237/1228 5060/1236/1228 5059/1235/1227 

f 4843/1242/1228 4842/1241/1229 5061/1240/1229 5060/1239/1228 

f 4842/1246/1229 4841/1245/1230 5062/1244/1230 5061/1243/1229 

f 4841/1250/1231 4840/1249/1231 5063/1248/1231 5062/1247/1231 

f 4840/1254/1232 4839/1253/1232 5064/1252/1232 5063/1251/1232 

f 4839/1258/1233 4838/1257/1234 5065/1256/1234 5064/1255/1233 

f 4838/1262/1234 4837/1261/1235 5066/1260/1235 5065/1259/1234 

f 4837/1266/1236 4836/1265/1237 5067/1264/1237 5066/1263/1236 

f 4836/1270/1237 4835/1269/1238 5068/1268/1238 5067/1267/1237 

f 4835/1274/1239 4834/1273/1239 5069/1272/1239 5068/1271/1239 

f 4834/1278/1240 4833/1277/1241 5070/1276/1241 5069/1275/1240 

f 4833/1282/1241 4832/1281/1242 5071/1280/1242 5070/1279/1241 

f 4832/1286/1243 4831/1285/1243 5072/1284/1243 5071/1283/1243 

f 4831/1290/1244 4830/1289/1245 5073/1288/1245 5072/1287/1244 

f 4830/1294/1245 4829/1293/1246 5074/1292/1246 5073/1291/1245 

f 4829/1298/1246 4828/1297/1247 5075/1296/1247 5074/1295/1246 

f 4828/1302/1248 4827/1301/1249 5076/1300/1249 5075/1299/1248 

f 4827/1306/1249 4826/1305/1250 5077/1304/1250 5076/1303/1249 

f 4826/1310/1250 4825/1309/1251 5078/1308/1251 5077/1307/1250 

f 4825/1314/1252 4824/1313/1252 5079/1312/1252 5078/1311/1252 

f 4824/1318/1253 4823/1317/1253 5080/1316/1253 5079/1315/1253 

f 4823/1322/1254 4822/1321/1254 5081/1320/1254 5080/1319/1254 

f 4822/1326/1255 4821/1325/1255 5082/1324/1255 5081/1323/1255 

f 4821/1330/1256 4820/1329/1256 5083/1328/1256 5082/1327/1256 

f 4820/1334/1257 4819/1333/1257 5084/1332/1257 5083/1331/1257 

f 4819/1338/1258 4818/1337/1259 5085/1336/1259 5084/1335/1258 

f 4818/1342/1259 4817/1341/1260 5086/1340/1260 5085/1339/1259 

f 4817/1346/1261 4816/1345/1261 5087/1344/1261 5086/1343/1261 

f 4816/1350/1262 4815/1349/1262 5088/1348/1262 5087/1347/1262 

f 4815/1354/1263 4814/1353/1264 5089/1352/1264 5088/1351/1263 

f 4814/1358/1264 4813/1357/1265 5090/1356/1265 5089/1355/1264 

f 4813/1362/1266 4812/1361/1266 5091/1360/1266 5090/1359/1266 

f 4812/1366/1267 4811/1365/1267 5092/1364/1267 5091/1363/1267 

f 4811/1370/1268 4810/1369/1268 5093/1368/1268 5092/1367/1268 

f 4810/1374/1269 4809/1373/1270 5094/1372/1270 5093/1371/1269 

f 4809/1378/1270 4808/1377/1271 5095/1376/1271 5094/1375/1270 

f 4808/1382/1272 4807/1381/1272 5096/1380/1272 5095/1379/1272 

f 4807/1386/1273 4806/1385/1274 5097/1384/1274 5096/1383/1273 

f 4806/1390/1274 4805/1389/1275 5098/1388/1275 5097/1387/1274 

f 4805/1394/1275 4804/1393/1276 5099/1392/1276 5098/1391/1275 

f 4804/1398/1276 4803/1397/1277 5100/1396/1277 5099/1395/1276 

f 4803/1402/1278 4802/1401/1278 5101/1400/1278 5100/1399/1278 

f 4802/1406/1279 4801/1405/1280 5102/1404/1280 5101/1403/1279 

f 4801/1410/1280 4800/1409/1281 5103/1408/1281 5102/1407/1280 

f 4800/1414/1281 4799/1413/1282 5104/1412/1282 5103/1411/1281 

f 4799/1418/1282 4798/1417/1283 5105/1416/1283 5104/1415/1282 

f 4798/1422/1283 4797/1421/1284 5106/1420/1284 5105/1419/1283 

f 4797/1426/1284 4796/1425/1285 5107/1424/1285 5106/1423/1284 

f 4796/1430/1286 4795/1429/1286 5108/1428/1286 5107/1427/1286 

f 4795/1434/1287 4794/1433/1287 5109/1432/1287 5108/1431/1287 

f 4794/1438/1288 4793/1437/1288 5110/1436/1288 5109/1435/1288 

f 4793/1442/1289 4792/1441/1289 5111/1440/1289 5110/1439/1289 

f 4792/1446/1290 4791/1445/1291 5112/1444/1291 5111/1443/1290 

f 4791/1450/1291 4790/1449/1292 5113/1448/1292 5112/1447/1291 

f 4790/1454/1293 4789/1453/1293 5114/1452/1293 5113/1451/1293 

f 4789/1458/1294 4788/1457/1295 5115/1456/1295 5114/1455/1294 

f 4788/1462/1295 4787/1461/1296 5116/1460/1296 5115/1459/1295 

f 4787/1466/1297 4786/1465/1297 5117/1464/1297 5116/1463/1297 

f 4786/1470/1298 4785/1469/1299 5118/1468/1299 5117/1467/1298 

f 4785/1474/1299 4784/1473/1300 5119/1472/1300 5118/1471/1299 

f 4784/1478/1300 4783/1477/1301 5120/1476/1301 5119/1475/1300 

f 4783/1482/1302 4782/1481/1303 5121/1480/1303 5120/1479/1302 

f 4782/1486/1303 4781/1485/1304 5122/1484/1304 5121/1483/1303 

f 4781/1490/1304 4780/1489/1305 5123/1488/1305 5122/1487/1304 

f 4780/1494/1305 4779/1493/1306 5124/1492/1306 5123/1491/1305 

f 4779/1498/1306 4778/1497/1307 5125/1496/1307 5124/1495/1306 

f 4778/1502/1308 4777/1501/1309 5126/1500/1309 5125/1499/1308 

f 4777/1506/1309 4776/1505/1310 5127/1504/1310 5126/1503/1309 

f 4776/1510/1310 4775/1509/1311 5128/1508/1311 5127/1507/1310 

f 4775/1514/1312 4774/1513/1313 5129/1512/1313 5128/1511/1312 

f 4774/1518/1313 4773/1517/1314 5130/1516/1314 5129/1515/1313 

f 4773/1522/1314 4772/1521/1315 5131/1520/1315 5130/1519/1314 

f 4772/1526/1316 4771/1525/1317 5132/1524/1317 5131/1523/1316 

f 4771/1530/1317 4770/1529/1318 5133/1528/1318 5132/1527/1317 

f 4770/1534/1318 4769/1533/1319 5134/1532/1319 5133/1531/1318 

f 4769/1538/1319 4768/1537/1320 5135/1536/1320 5134/1535/1319 

f 4768/1542/1320 4767/1541/1321 5136/1540/1321 5135/1539/1320 

f 4767/1546/1321 4766/1545/1322 5137/1544/1322 5136/1543/1321 

f 4766/1550/1323 4765/1549/1323 5138/1548/1323 5137/1547/1323 

f 4765/1554/1324 4764/1553/1325 5139/1552/1325 5138/1551/1324 

f 4764/1558/1325 4763/1557/1326 5140/1556/1326 5139/1555/1325 

f 4763/1562/1327 4762/1561/1327 5141/1560/1327 5140/1559/1327 

f 4762/1566/1328 4761/1565/1329 5142/1564/1329 5141/1563/1328 

f 4761/1570/1329 4760/1569/1330 5143/1568/1330 5142/1567/1329 

f 4760/1574/1330 4759/1573/1331 5144/1572/1331 5143/1571/1330 

f 4759/1578/1331 4758/1577/1332 5145/1576/1332 5144/1575/1331 

f 4758/1582/1332 4757/1581/1333 5146/1580/1333 5145/1579/1332 

f 4757/1586/1334 4756/1585/1334 5147/1584/1334 5146/1583/1334 

f 4756/1590/1335 4755/1589/1336 5148/1588/1336 5147/1587/1335 

f 4755/1594/1336 4754/1593/1337 5149/1592/1337 5148/1591/1336 

f 4754/1598/1337 4753/1597/1338 5150/1596/1338 5149/1595/1337 

f 4753/1602/1339 4752/1601/1340 5151/1600/1340 5150/1599/1339 

f 4752/1606/1340 4751/1605/1341 5152/1604/1341 5151/1603/1340 

f 4751/1610/1341 4750/1609/1342 5153/1608/1342 5152/1607/1341 

f 4750/1614/1342 4749/1613/1343 5154/1612/1343 5153/1611/1342 

f 4749/1618/1343 4748/1617/1344 5155/1616/1344 5154/1615/1343 

f 4748/1622/1345 4747/1621/1345 5156/1620/1345 5155/1619/1345 

f 4747/1626/1346 4746/1625/1347 5157/1624/1347 5156/1623/1346 

f 4746/1630/1347 4745/1629/1348 5158/1628/1348 5157/1627/1347 

f 4745/1634/1348 4744/1633/1349 5159/1632/1349 5158/1631/1348 

f 4744/1638/1349 4743/1637/1350 5160/1636/1350 5159/1635/1349 

f 4743/1642/1350 4742/1641/1351 5161/1640/1351 5160/1639/1350 

f 4742/1646/1351 4741/1645/1352 5162/1644/1352 5161/1643/1351 

f 4741/1650/1352 4740/1649/1353 5163/1648/1353 5162/1647/1352 

f 4740/1654/1353 4739/1653/1354 5164/1652/1354 5163/1651/1353 

f 4739/1658/1355 4738/1657/1355 5165/1656/1355 5164/1655/1355 

f 4738/1662/1356 4737/1661/1357 5166/1660/1357 5165/1659/1356 

f 4737/1666/1357 4736/1665/1358 5167/1664/1358 5166/1663/1357 

f 4736/1670/1359 4735/1669/1359 5168/1668/1359 5167/1667/1359 

f 4735/1674/1360 4734/1673/1361 5169/1672/1361 5168/1671/1360 

f 4734/1678/1361 4733/1677/1362 5170/1676/1362 5169/1675/1361 

f 4733/1682/1363 4732/1681/1364 5171/1680/1364 5170/1679/1363 

f 4732/1686/1364 4731/1685/1365 5172/1684/1365 5171/1683/1364 

f 4731/1690/1365 4730/1689/1366 5173/1688/1366 5172/1687/1365 

f 4730/1694/1366 4729/1693/1367 5174/1692/1367 5173/1691/1366 

f 4729/1698/1368 4728/1697/1369 5175/1696/1369 5174/1695/1368 

f 4728/1702/1369 4727/1701/1370 5176/1700/1370 5175/1699/1369 

f 4727/1706/1371 4726/1705/1371 5177/1704/1371 5176/1703/1371 

f 4726/1710/1372 4725/1709/1373 5178/1708/1373 5177/1707/1372 

f 4725/1714/1373 4724/1713/1374 5179/1712/1374 5178/1711/1373 

f 4724/1718/1375 4723/1717/1375 5180/1716/1375 5179/1715/1375 

f 4723/1722/1376 4722/1721/1376 5181/1720/1376 5180/1719/1376 

f 4722/1721/1376 4721/1724/1377 5182/1723/1377 5181/1720/1376 

f 4721/1728/1377 4720/1727/1378 5183/1726/1378 5182/1725/1377 

f 4720/1732/1379 4719/1731/1380 5184/1730/1380 5183/1729/1379 

f 4719/1736/1380 4718/1735/1381 5185/1734/1381 5184/1733/1380 

f 4718/1740/1381 4717/1739/1382 5186/1738/1382 5185/1737/1381 

f 4717/1744/1383 4716/1743/1384 5187/1742/1384 5186/1741/1383 

f 4716/1748/1384 4715/1747/1385 5188/1746/1385 5187/1745/1384 

f 4715/1752/1386 4714/1751/1386 5189/1750/1386 5188/1749/1386 

f 4714/1756/1387 4713/1755/1388 5190/1754/1388 5189/1753/1387 

f 4713/1760/1388 4712/1759/1389 5191/1758/1389 5190/1757/1388 

f 4712/1764/1389 4711/1763/1390 5192/1762/1390 5191/1761/1389 

f 4711/1768/1391 4710/1767/1392 5193/1766/1392 5192/1765/1391 

f 4710/1772/1392 4709/1771/1393 5194/1770/1393 5193/1769/1392 

f 4709/1776/1394 4708/1775/1394 5195/1774/1394 5194/1773/1394 

f 4708/1780/1395 4707/1779/1396 5196/1778/1396 5195/1777/1395 

f 4707/1784/1396 4706/1783/1397 5197/1782/1397 5196/1781/1396 

f 4706/1788/1397 4705/1787/1398 5198/1786/1398 5197/1785/1397 

f 4705/1792/1399 4704/1791/1400 5199/1790/1400 5198/1789/1399 

f 4704/1796/1400 4703/1795/1401 5200/1794/1401 5199/1793/1400 

f 4703/1800/1402 4702/1799/1402 5201/1798/1402 5200/1797/1402 

f 4702/1804/1403 4701/1803/1403 5202/1802/1403 5201/1801/1403 

f 4701/1808/1404 4700/1807/1405 5203/1806/1405 5202/1805/1404 

f 4700/1812/1405 4699/1811/1406 5204/1810/1406 5203/1809/1405 

f 4699/1816/1407 4698/1815/1408 5205/1814/1408 5204/1813/1407 

f 4698/1820/1408 4697/1819/1409 5206/1818/1409 5205/1817/1408 

f 4697/1824/1410 4696/1823/1410 5207/1822/1410 5206/1821/1410 

f 4696/1828/1411 4695/1827/1412 5208/1826/1412 5207/1825/1411 

f 4695/1832/1412 4694/1831/1413 5209/1830/1413 5208/1829/1412 

f 4694/1836/1414 4693/1835/1414 5210/1834/1414 5209/1833/1414 

f 4693/1840/1415 4692/1839/1415 5211/1838/1415 5210/1837/1415 

f 4692/1844/1416 4691/1843/1416 5212/1842/1416 5211/1841/1416 

f 4691/1848/1417 4690/1847/1417 5213/1846/1417 5212/1845/1417 

f 4690/1852/1418 4689/1851/1418 5214/1850/1418 5213/1849/1418 

f 4689/1856/1419 4688/1855/1420 5215/1854/1420 5214/1853/1419 

f 4688/1860/1420 4687/1859/1421 5216/1858/1421 5215/1857/1420 

f 4687/1864/1421 4686/1863/1422 5217/1862/1422 5216/1861/1421 

f 4686/1868/1422 4685/1867/1423 5218/1866/1423 5217/1865/1422 

f 4685/1872/1423 4684/1871/1424 5219/1870/1424 5218/1869/1423 

f 4684/1876/1424 4683/1875/1425 5220/1874/1425 5219/1873/1424 

f 4683/1880/1425 4682/1879/1426 5221/1878/1426 5220/1877/1425 

f 4682/1884/1427 4681/1883/1427 5222/1882/1427 5221/1881/1427 

f 4681/1888/1428 4680/1887/1429 5223/1886/1429 5222/1885/1428 

f 4680/1892/1429 4679/1891/1430 5224/1890/1430 5223/1889/1429 

f 4679/1896/1430 4678/1895/1431 5225/1894/1431 5224/1893/1430 

f 4678/1900/1432 4677/1899/1432 5226/1898/1432 5225/1897/1432 

f 4677/1904/1433 4676/1903/1433 5227/1902/1433 5226/1901/1433 

f 4676/1908/1434 4675/1907/1435 5228/1906/1435 5227/1905/1434 

f 4675/1912/1435 4674/1911/1436 5229/1910/1436 5228/1909/1435 

f 4674/1916/1436 4673/1915/1437 5230/1914/1437 5229/1913/1436 

f 4673/1920/1438 4672/1919/1438 5231/1918/1438 5230/1917/1438 

f 4672/1924/1439 4671/1923/1440 5232/1922/1440 5231/1921/1439 

f 4671/1928/1440 4670/1927/1441 5233/1926/1441 5232/1925/1440 

f 4670/1932/1442 4669/1931/1443 5234/1930/1443 5233/1929/1442 

f 4669/1936/1443 4668/1935/1444 5235/1934/1444 5234/1933/1443 

f 4668/1940/1444 4667/1939/1445 5236/1938/1445 5235/1937/1444 

f 4667/1944/1446 4666/1943/1446 5237/1942/1446 5236/1941/1446 

f 4666/1948/1447 4665/1947/1447 5238/1946/1447 5237/1945/1447 

f 4665/1952/1448 4664/1951/1448 5239/1950/1448 5238/1949/1448 

f 4664/1956/1449 4663/1955/1450 5240/1954/1450 5239/1953/1449 

f 4663/1960/1450 4662/1959/1451 5241/1958/1451 5240/1957/1450 

f 4662/1964/1452 4661/1963/1452 5242/1962/1452 5241/1961/1452 

f 4661/1968/1453 4660/1967/1454 5243/1966/1454 5242/1965/1453 

f 4660/1972/1454 4659/1971/1455 5244/1970/1455 5243/1969/1454 

f 4659/1976/1455 4658/1975/1456 5245/1974/1456 5244/1973/1455 

f 4658/1980/1457 4657/1979/1457 5246/1978/1457 5245/1977/1457 

f 4657/1984/1458 4656/1983/1459 5247/1982/1459 5246/1981/1458 

f 4656/1988/1459 4655/1987/1460 5248/1986/1460 5247/1985/1459 

f 4655/1992/1460 4654/1991/1461 5249/1990/1461 5248/1989/1460 

f 4654/1996/1461 4653/1995/1462 5250/1994/1462 5249/1993/1461 

f 4653/2000/1462 4652/1999/1463 5251/1998/1463 5250/1997/1462 

f 4652/2004/1463 4651/2003/1464 5252/2002/1464 5251/2001/1463 

f 4651/2008/1465 4650/2007/1466 5253/2006/1466 5252/2005/1465 

f 4650/2012/1466 4649/2011/1467 5254/2010/1467 5253/2009/1466 

f 4649/2016/1468 4648/2015/1468 5255/2014/1468 5254/2013/1468 

f 4648/2020/1469 4647/2019/1470 5256/2018/1470 5255/2017/1469 

f 4647/2024/1470 4646/2023/1471 5257/2022/1471 5256/2021/1470 

f 4646/2028/1471 4645/2027/1472 5258/2026/1472 5257/2025/1471 

f 4645/2032/1473 4644/2031/1473 5259/2030/1473 5258/2029/1473 

f 4644/2031/1473 4643/2034/1474 5260/2033/1474 5259/2030/1473 

f 4643/2038/1474 4642/2037/1475 5261/2036/1475 5260/2035/1474 

f 4642/2042/1476 4641/2041/1476 5262/2040/1476 5261/2039/1476 

f 4641/2041/1476 4640/2044/1476 5263/2043/1476 5262/2040/1476 

f 4640/2044/1476 4639/2046/1477 5264/2045/1477 5263/2043/1476 

f 4639/2050/1477 4638/2049/1478 5265/2048/1478 5264/2047/1477 

f 4638/2054/1479 4637/2053/1480 5266/2052/1480 5265/2051/1479 

f 4637/2058/1480 4636/2057/1481 5267/2056/1481 5266/2055/1480 

v 273.494 2.96481 -4.15407
v 274.928 2.96481 -5.5484
f 4636/2062/1482 5355/2061/1482 5356/2060/1482 5267/2059/1482 

v 236.48 17.551 -42.2172
v 236.415 15.4346 -42.2838
v 239.386 14.2255 -39.2283
v 244.583 12.1819 -33.8842
v 247.482 11.0499 -30.9032
v 253.213 8.3755 -25.0103
v 264.664 3.07738 -13.2343
v 271.614 1.84075e-13 -6.08735
v 272.165 0.0776889 -5.52079
v 272.507 0.283561 -5.16952
v 272.634 0.407677 -5.03915
v 272.869 0.944063 -4.79757
v 273.329 2.05501 -4.32414
v 273.545 2.76119 -4.10155
f 4636/783/1093 4635/784/1093 4634/785/1093 4633/786/1093 4632/787/1093 4631/788/1093 4630/789/1093 4629/790/1093 4628/791/1093 4627/792/1093 4626/793/1093 4625/794/1093 4624/795/1093 4623/796/1093 4622/797/1093 4621/798/1093 4620/799/1093 4619/800/1093 4618/801/1093 4617/802/1093 4616/803/1093 4615/804/1093 4614/805/1093 4613/806/1093 4612/807/1093 4611/808/1093 5357/2235/1093 5358/2066/1093 5359/2234/1093 5360/2233/1093 5361/2232/1093 5362/2231/1093 5363/2230/1093 5364/2229/1093 5365/2228/1093 5366/2227/1093 5367/2226/1093 5368/2225/1093 5369/2224/1093 5370/2223/1093 5355/2222/1093 

f 4635/2221/1517 4636/2220/1518 5267/2219/1518 5268/2218/1517 

v 274.763 2.05501 -5.71847
v 274.302 0.944063 -6.1919
v 274.068 0.407677 -6.43348
v 273.941 0.283561 -6.56385
v 273.599 0.0776889 -6.91512
v 273.048 1.84297e-13 -7.48168
v 266.098 3.07738 -14.6287
v 254.646 8.3755 -26.4047
v 248.916 11.0499 -32.2976
v 246.017 12.1819 -35.2785
v 240.82 14.2255 -40.6227
v 237.849 15.4346 -43.6781
v 237.913 17.551 -43.6116
v 274.979 2.76119 -5.49588
f 5371/2077/1112 5372/2076/1112 5373/2075/1112 5374/2074/1112 5375/2073/1112 5376/2072/1112 5377/2071/1112 5378/2070/1112 5379/2069/1112 5380/2068/1112 5381/2067/1112 5382/2066/1112 5383/2065/1112 5292/71/1112 5291/72/1112 5290/73/1112 5289/74/1112 5288/75/1112 5287/76/1112 5286/77/1112 5285/78/1112 5284/79/1112 5283/80/1112 5282/81/1112 5281/82/1112 5280/83/1112 5279/84/1112 5278/85/1112 5277/86/1112 5276/87/1112 5275/88/1112 5274/89/1112 5273/90/1112 5272/91/1112 5271/92/1112 5270/93/1112 5269/94/1112 5268/95/1112 5267/96/1112 5356/2064/1112 5384/2063/1112 

f 5369/2089/1485 5368/2088/1486 5372/2087/1486 5371/2086/1485 

f 5368/2093/1486 5367/2092/1487 5373/2091/1487 5372/2090/1486 

f 5367/2097/1488 5366/2096/1489 5374/2095/1489 5373/2094/1488 

f 5366/2101/1489 5365/2100/1490 5375/2099/1490 5374/2098/1489 

f 5365/2105/1490 5364/2104/1491 5376/2103/1491 5375/2102/1490 

f 5364/2109/1492 5363/2108/1493 5377/2107/1493 5376/2106/1492 

f 5363/2113/1493 5362/2112/1494 5378/2111/1494 5377/2110/1493 

f 5362/2117/1494 5361/2116/1495 5379/2115/1495 5378/2114/1494 

f 5361/2121/1495 5360/2120/1496 5380/2119/1496 5379/2118/1495 

f 5360/2125/1496 5359/2124/1497 5381/2123/1497 5380/2122/1496 

f 5359/2129/1497 5358/2128/1498 5382/2127/1498 5381/2126/1497 

f 5358/2133/1499 5357/2132/1499 5383/2131/1499 5382/2130/1499 

f 5357/2132/1499 4611/2135/1499 5292/2134/1499 5383/2131/1499 

f 4611/2139/1500 4612/2138/1500 5291/2137/1500 5292/2136/1500 

f 4612/2138/1500 4613/2141/1500 5290/2140/1500 5291/2137/1500 

f 4613/2141/1500 4614/2143/1500 5289/2142/1500 5290/2140/1500 

f 4614/2143/1500 4615/2145/1500 5288/2144/1500 5289/2142/1500 

f 4615/2145/1500 4616/2147/1500 5287/2146/1500 5288/2144/1500 

f 4616/2147/1500 4617/2149/1500 5286/2148/1500 5287/2146/1500 

f 4617/2149/1500 4618/2151/1500 5285/2150/1500 5286/2148/1500 

f 4618/2151/1500 4619/2153/1501 5284/2152/1501 5285/2150/1500 

f 4619/2157/1501 4620/2156/1502 5283/2155/1502 5284/2154/1501 

f 4620/2161/1502 4621/2160/1503 5282/2159/1503 5283/2158/1502 

f 4621/2165/1503 4622/2164/1504 5281/2163/1504 5282/2162/1503 

f 4622/2169/1504 4623/2168/1505 5280/2167/1505 5281/2166/1504 

f 4623/2173/1505 4624/2172/1506 5279/2171/1506 5280/2170/1505 

f 4624/2177/1506 4625/2176/1507 5278/2175/1507 5279/2174/1506 

f 4625/2181/1507 4626/2180/1508 5277/2179/1508 5278/2178/1507 

f 4626/2185/1508 4627/2184/1509 5276/2183/1509 5277/2182/1508 

f 4627/2189/1509 4628/2188/1510 5275/2187/1510 5276/2186/1509 

f 4628/2193/1510 4629/2192/1511 5274/2191/1511 5275/2190/1510 

f 4629/2197/1511 4630/2196/1512 5273/2195/1512 5274/2194/1511 

f 4630/2201/1512 4631/2200/1513 5272/2199/1513 5273/2198/1512 

f 4631/2205/1513 4632/2204/1514 5271/2203/1514 5272/2202/1513 

f 4632/2209/1514 4633/2208/1515 5270/2207/1515 5271/2206/1514 

f 4633/2213/1515 4634/2212/1516 5269/2211/1516 5270/2210/1515 

f 4634/2217/1516 4635/2216/1517 5268/2215/1517 5269/2214/1516 

f 4611/2135/1499 4610/2237/1519 5293/2236/1519 5292/2134/1499 

f 4610/2241/1519 4609/2240/1520 5294/2239/1520 5293/2238/1519 

f 4609/2245/1521 4608/2244/1522 5295/2243/1522 5294/2242/1521 

v 244.091 18.1256 -34.3902
v 242.34 19.0989 -36.1907
v 239.897 20.447 -38.7033
v 236.623 22.2439 -42.0696
v 236.657 23.3626 -42.0344
v 237.016 23.165 -41.6661
v 237.978 22.6341 -40.6765
v 239.376 21.8628 -39.2386
v 241.042 20.944 -37.5257
v 242.807 19.9707 -35.7107
v 244.503 19.0356 -33.9669
v 245.961 18.2318 -32.4672
v 246.889 17.7251 -31.5134
v 246.89 17.6735 -31.5124
v 246.889 17.6164 -31.5128
v 246.887 17.5447 -31.5153
v 246.881 17.4635 -31.5209
v 246.872 17.3774 -31.5308
v 246.857 17.2914 -31.546
v 246.836 17.2102 -31.5676
v 246.807 17.1367 -31.5977
v 246.765 17.0623 -31.6406
v 246.714 16.988 -31.6929
v 246.659 16.9168 -31.75
v 246.603 16.8518 -31.8071
v 246.552 16.7959 -31.8596
v 246.51 16.7523 -31.9029
v 246.065 17.007 -32.36
v 245.287 17.4531 -33.1605
f 5385/2320/1093 5386/2319/1093 5387/2318/1093 5388/2317/1093 4609/810/1093 4608/811/1093 4607/812/1093 4606/813/1093 4605/814/1093 4604/815/1093 4603/816/1093 4602/817/1093 4601/818/1093 4600/819/1093 4599/820/1093 4598/821/1093 4597/822/1093 4596/823/1093 4595/824/1093 4594/825/1093 4593/826/1093 4592/827/1093 4591/828/1093 4590/829/1093 4589/830/1093 4588/831/1093 4587/832/1093 4586/833/1093 4585/834/1093 4584/835/1093 4583/836/1093 4582/837/1093 4581/838/1093 4580/839/1093 4579/840/1093 4578/841/1093 4577/842/1093 4576/843/1093 4575/844/1093 4574/845/1093 4573/846/1093 4572/847/1093 4571/848/1093 4570/849/1093 4569/850/1093 4568/851/1093 4567/852/1093 4566/853/1093 4565/854/1093 4564/855/1093 4563/856/1093 4562/857/1093 4561/858/1093 4560/859/1093 4559/860/1093 4558/861/1093 4557/862/1093 4556/863/1093 4555/864/1093 4554/865/1093 4553/866/1093 4552/867/1093 5389/2316/1093 5390/2315/1093 5391/2314/1093 5392/2313/1093 5393/2312/1093 5394/2311/1093 5395/2310/1093 5396/2309/1093 5397/2308/1093 5398/2307/1093 5399/2306/1093 5400/2305/1093 5401/2304/1093 5402/2303/1093 5403/2302/1093 5404/2301/1093 5405/2300/1093 5406/2299/1093 5407/2298/1093 5408/2297/1093 5409/2296/1093 5410/2295/1093 5411/2294/1093 5412/2293/1093 5413/2292/1093 

v 243.774 19.0989 -37.585
v 245.525 18.1256 -35.7846
f 5385/2419/1556 5386/2418/1557 5414/2417/1557 5415/2416/1556 

v 236.655 23.2973 -42.0364
f 5388/2317/1093 5387/2318/1093 5386/2319/1093 5385/2320/1093 5413/2292/1093 5412/2293/1093 5411/2294/1093 5410/2295/1093 5409/2296/1093 5408/2297/1093 5407/2298/1093 5406/2299/1093 5405/2300/1093 5404/2301/1093 5403/2302/1093 5402/2303/1093 5401/2304/1093 5400/2305/1093 5399/2306/1093 5398/2307/1093 5397/2308/1093 5396/2309/1093 5395/2310/1093 5394/2311/1093 5393/2312/1093 5392/2313/1093 5391/2314/1093 5390/2315/1093 5389/2316/1093 5416/2321/1093 

v 238.057 22.2439 -43.464
v 241.331 20.447 -40.0976
f 5387/2427/1558 5388/2426/1559 5417/2425/1559 5418/2424/1558 

v 238.089 23.2973 -43.4308
f 5388/2431/1560 5416/2430/1523 5419/2429/1523 5417/2428/1560 

v 238.091 23.3626 -43.4288
f 5416/2279/1523 5389/2278/1524 5420/2277/1524 5419/2276/1523 

f 5389/2283/1525 4552/2282/1525 5351/2281/1525 5420/2280/1525 

f 4552/2287/1526 4553/2286/1527 5350/2285/1527 5351/2284/1526 

f 4554/2291/1528 4553/2290/1527 5350/2289/1527 5349/2288/1528 

v 247.944 16.7523 -33.2972
v 247.986 16.7959 -33.254
v 248.037 16.8518 -33.2014
v 248.092 16.9168 -33.1443
v 248.148 16.988 -33.0873
v 248.199 17.0623 -33.0349
v 248.24 17.1367 -32.992
v 248.27 17.2102 -32.9619
v 248.291 17.2914 -32.9403
v 248.306 17.3774 -32.9251
v 248.315 17.4635 -32.9152
v 248.321 17.5447 -32.9096
v 248.323 17.6164 -32.9071
v 248.323 17.6735 -32.9067
v 248.322 17.7251 -32.9077
v 247.395 18.2318 -33.8615
v 245.937 19.0356 -35.3612
v 244.241 19.9707 -37.1051
v 242.476 20.944 -38.92
v 240.81 21.8628 -40.6329
v 239.412 22.6341 -42.0708
v 238.449 23.165 -43.0604
v 246.721 17.4531 -34.5548
v 247.499 17.007 -33.7544
f 5421/2274/1112 5422/2273/1112 5423/2272/1112 5424/2271/1112 5425/2270/1112 5426/2269/1112 5427/2268/1112 5428/2267/1112 5429/2266/1112 5430/2265/1112 5431/2264/1112 5432/2263/1112 5433/2262/1112 5434/2261/1112 5435/2260/1112 5436/2259/1112 5437/2258/1112 5438/2257/1112 5439/2256/1112 5440/2255/1112 5441/2254/1112 5442/2253/1112 5420/2252/1112 5351/12/1112 5350/13/1112 5349/14/1112 5348/15/1112 5347/16/1112 5346/17/1112 5345/18/1112 5344/19/1112 5343/20/1112 5342/21/1112 5341/22/1112 5340/23/1112 5339/24/1112 5338/25/1112 5337/26/1112 5336/27/1112 5335/28/1112 5334/29/1112 5333/30/1112 5332/31/1112 5331/32/1112 5330/33/1112 5329/34/1112 5328/35/1112 5327/36/1112 5326/37/1112 5325/38/1112 5324/39/1112 5323/40/1112 5322/41/1112 5321/42/1112 5320/43/1112 5319/44/1112 5318/45/1112 5317/46/1112 5316/47/1112 5315/48/1112 5314/49/1112 5313/50/1112 5312/51/1112 5311/52/1112 5310/53/1112 5309/54/1112 5308/55/1112 5307/56/1112 5306/57/1112 5305/58/1112 5304/59/1112 5303/60/1112 5302/61/1112 5301/62/1112 5300/63/1112 5299/64/1112 5298/65/1112 5297/66/1112 5296/67/1112 5295/68/1112 5294/69/1112 5417/2251/1112 5418/2250/1112 5414/2249/1112 5415/2248/1112 5443/2247/1112 5444/2246/1112 

f 5442/2253/1112 5441/2254/1112 5440/2255/1112 5439/2256/1112 5438/2257/1112 5437/2258/1112 5436/2259/1112 5435/2260/1112 5434/2261/1112 5433/2262/1112 5432/2263/1112 5431/2264/1112 5430/2265/1112 5429/2266/1112 5428/2267/1112 5427/2268/1112 5426/2269/1112 5425/2270/1112 5424/2271/1112 5423/2272/1112 5422/2273/1112 5421/2274/1112 5444/2246/1112 5443/2247/1112 5415/2248/1112 5414/2249/1112 5418/2250/1112 5417/2251/1112 5419/2275/1112 5420/2252/1112 

f 5390/2324/1530 5391/2327/1531 5441/2326/1531 5442/2323/1530 

f 5391/2327/1531 5392/2329/1532 5440/2328/1532 5441/2326/1531 

f 5392/2333/1532 5393/2332/1533 5439/2331/1533 5440/2330/1532 

f 5393/2332/1533 5394/2335/1534 5438/2334/1534 5439/2331/1533 

f 5394/2339/1534 5395/2338/1535 5437/2337/1535 5438/2336/1534 

f 5395/2343/1535 5396/2342/1536 5436/2341/1536 5437/2340/1535 

f 5397/2347/1537 5396/2346/1536 5436/2345/1536 5435/2344/1537 

f 5434/2351/1539 5398/2350/1539 5397/2349/1538 5435/2348/1538 

f 5398/2355/1539 5399/2354/1540 5433/2353/1540 5434/2352/1539 

f 5399/2359/1540 5400/2358/1541 5432/2357/1541 5433/2356/1540 

f 5400/2363/1541 5401/2362/1542 5431/2361/1542 5432/2360/1541 

f 5401/2367/1542 5402/2366/1543 5430/2365/1543 5431/2364/1542 

f 5402/2371/1543 5403/2370/1544 5429/2369/1544 5430/2368/1543 

f 5403/2375/1544 5404/2374/1545 5428/2373/1545 5429/2372/1544 

f 5404/2379/1545 5405/2378/1546 5427/2377/1546 5428/2376/1545 

f 5405/2383/1546 5406/2382/1547 5426/2381/1547 5427/2380/1546 

f 5406/2387/1547 5407/2386/1548 5425/2385/1548 5426/2384/1547 

f 5407/2391/1548 5408/2390/1549 5424/2389/1549 5425/2388/1548 

f 5408/2395/1549 5409/2394/1550 5423/2393/1550 5424/2392/1549 

f 5409/2399/1550 5410/2398/1551 5422/2397/1551 5423/2396/1550 

f 5411/2403/1552 5410/2402/1551 5422/2401/1551 5421/2400/1552 

f 5412/2407/1553 5411/2406/1554 5421/2405/1554 5444/2404/1553 

f 5412/2411/1553 5413/2410/1555 5443/2409/1555 5444/2408/1553 

f 5413/2415/1555 5385/2414/1556 5415/2413/1556 5443/2412/1555 

f 5389/2325/1529 5390/2324/1530 5442/2323/1530 5420/2322/1529 

f 5386/2423/1557 5387/2422/1558 5418/2421/1558 5414/2420/1557 

f 4555/2439/1562 4554/2438/1528 5349/2437/1528 5348/2436/1562 

f 4556/2443/1563 4555/2442/1562 5348/2441/1562 5347/2440/1563 

f 4557/2447/1564 4556/2446/1563 5347/2445/1563 5346/2444/1564 

f 4558/2451/1565 4557/2450/1564 5346/2449/1564 5345/2448/1565 

f 4559/2455/1566 4558/2454/1565 5345/2453/1565 5344/2452/1566 

f 4560/2459/1567 4559/2458/1566 5344/2457/1566 5343/2456/1567 

f 4561/2463/1568 4560/2462/1567 5343/2461/1567 5342/2460/1568 

f 4562/2467/1569 4561/2466/1568 5342/2465/1568 5341/2464/1569 

f 4563/2471/1570 4562/2470/1569 5341/2469/1569 5340/2468/1570 

f 4564/2475/1571 4563/2474/1570 5340/2473/1570 5339/2472/1571 

f 4565/2479/1572 4564/2478/1571 5339/2477/1571 5338/2476/1572 

f 5338/2483/1573 4565/2482/1573 4566/2481/1573 5337/2480/1573 

f 4566/2487/1574 4567/2486/1575 5336/2485/1575 5337/2484/1574 

f 4568/2491/1576 4567/2490/1575 5336/2489/1575 5335/2488/1576 

f 4569/2495/1577 4568/2494/1576 5335/2493/1576 5334/2492/1577 

f 4570/2499/1578 4569/2498/1577 5334/2497/1577 5333/2496/1578 

f 4570/2503/1578 4571/2502/1579 5332/2501/1579 5333/2500/1578 

f 4571/2507/1580 4572/2506/1580 5331/2505/1580 5332/2504/1580 

f 4573/2511/1581 4572/2510/1582 5331/2509/1582 5330/2508/1581 

f 4574/2515/1583 4573/2514/1581 5330/2513/1581 5329/2512/1583 

f 4575/2519/1584 4574/2518/1583 5329/2517/1583 5328/2516/1584 

f 4576/2523/1585 4575/2522/1584 5328/2521/1584 5327/2520/1585 

f 4577/2527/1586 4576/2526/1585 5327/2525/1585 5326/2524/1586 

f 4578/2531/1587 4577/2530/1586 5326/2529/1586 5325/2528/1587 

f 4579/2535/1588 4578/2534/1587 5325/2533/1587 5324/2532/1588 

f 4580/2539/1589 4579/2538/1588 5324/2537/1588 5323/2536/1589 

f 4581/2543/1590 4580/2542/1589 5323/2541/1589 5322/2540/1590 

f 4582/2547/1591 4581/2546/1590 5322/2545/1590 5321/2544/1591 

f 4583/2551/1592 4582/2550/1591 5321/2549/1591 5320/2548/1592 

f 4584/2555/1593 4583/2554/1592 5320/2553/1592 5319/2552/1593 

f 4585/2559/1594 4584/2558/1593 5319/2557/1593 5318/2556/1594 

f 4586/2563/1595 4585/2562/1594 5318/2561/1594 5317/2560/1595 

f 4587/2567/1596 4586/2566/1597 5317/2565/1597 5316/2564/1596 

f 4588/2571/1598 4587/2570/1596 5316/2569/1596 5315/2568/1598 

f 4589/2575/1599 4588/2574/1598 5315/2573/1598 5314/2572/1599 

f 4590/2579/1600 4589/2578/1599 5314/2577/1599 5313/2576/1600 

f 4591/2583/1601 4590/2582/1600 5313/2581/1600 5312/2580/1601 

f 4591/2587/1601 4592/2586/1602 5311/2585/1602 5312/2584/1601 

f 4592/2591/1603 4593/2590/1604 5310/2589/1604 5311/2588/1603 

f 4594/2595/1605 4593/2594/1604 5310/2593/1604 5309/2592/1605 

f 4595/2599/1606 4594/2598/1605 5309/2597/1605 5308/2596/1606 

f 4596/2603/1607 4595/2602/1606 5308/2601/1606 5307/2600/1607 

f 4597/2607/1608 4596/2606/1607 5307/2605/1607 5306/2604/1608 

f 4598/2611/1609 4597/2610/1608 5306/2609/1608 5305/2608/1609 

f 4599/2615/1610 4598/2614/1609 5305/2613/1609 5304/2612/1610 

f 4600/2619/1611 4599/2618/1610 5304/2617/1610 5303/2616/1611 

f 4601/2623/1612 4600/2622/1611 5303/2621/1611 5302/2620/1612 

f 4602/2627/1613 4601/2626/1612 5302/2625/1612 5301/2624/1613 

f 4603/2631/1614 4602/2630/1613 5301/2629/1613 5300/2628/1614 

f 4604/2635/1615 4603/2634/1614 5300/2633/1614 5299/2632/1615 

f 4605/2639/1616 4604/2638/1615 5299/2637/1615 5298/2636/1616 

f 4606/2643/1617 4605/2642/1616 5298/2641/1616 5297/2640/1617 

f 4607/2647/1618 4606/2646/1617 5297/2645/1617 5296/2644/1618 

f 4608/2651/1522 4607/2650/1618 5296/2649/1618 5295/2648/1522 

f 4609/2435/1561 5388/2434/1561 5417/2433/1561 5294/2432/1561 

f 4552/2655/1619 4551/2654/1619 5352/2653/1619 5351/2652/1619 

f 4551/2659/1620 4550/2658/1620 5353/2657/1620 5352/2656/1620 

f 4550/2663/1621 4549/2662/1622 5354/2661/1622 5353/2660/1621 

f 4549/2667/1622 4548/2666/1623 4952/2665/1623 5354/2664/1622 

f 5370/2085/1484 5369/2084/1485 5371/2083/1485 5384/2082/1484 

f 5355/2081/1483 5370/2080/1483 5384/2079/1483 5356/2078/1483 

g Mesh11 ___225_1 Model

v 247.994 30.1878 -144.262
vt -4.36882 0.0899965
vn 0 -2.44249e-15 1
v 29.4434 30.1878 -144.262
vt 0 0.0899965
v 29.4434 26.3285 -144.262
vt 0 0.0514039
v 247.994 26.3285 -144.262
vt -4.36882 0.0514039
f 5445/2731/1624 5446/2732/1624 5447/2733/1624 5448/2734/1624 

vn 0 1 2.44249e-15
vt -4.36882 0
v 247.994 30.1878 -146.262
vt -4.36882 0.02
v 29.4434 30.1878 -146.262
f 5446/2688/1625 5445/2735/1625 5449/2736/1625 5450/2691/1625 

v 247.994 31.8836 -144.262
vt -4.36882 0.106955
v 29.4434 31.8836 -144.262
vt 0 0.106955
f 5451/2737/1624 5452/2738/1624 5446/2732/1624 5445/2731/1624 

vt 0 4.51195e-16
vt -4.36882 4.51195e-16
v 247.994 31.8836 -146.262
v 29.4434 31.8836 -146.262
f 5452/2739/1625 5451/2740/1625 5453/2736/1625 5454/2691/1625 

v 235.027 33.5725 -144.262
vt -4.10962 0.123843
vn -9.28484e-33 -2.44249e-15 1
v 235.027 33.7115 -144.262
vt -4.10962 0.125234
v 235.027 33.9092 -144.262
vt -4.10962 0.127211
v 235.027 34.1376 -144.262
vt -4.10962 0.129495
v 235.027 34.3688 -144.262
vt -4.10962 0.131807
v 235.027 34.5749 -144.262
vt -4.10962 0.133867
v 235.027 34.7279 -144.262
vt -4.10962 0.135398
v 235.027 34.8 -144.262
vt -4.10962 0.136119
v 235.013 34.9304 -144.262
vt -4.10934 0.137422
v 234.957 35.0814 -144.262
vt -4.10822 0.138932
v 234.863 35.2193 -144.262
vt -4.10634 0.140312
v 234.735 35.3413 -144.262
vt -4.10378 0.141532
v 234.577 35.4443 -144.262
vt -4.10062 0.142562
v 234.394 35.5252 -144.262
vt -4.09696 0.143371
v 234.19 35.581 -144.262
vt -4.09288 0.143929
v 233.969 35.6088 -144.262
vt -4.08847 0.144207
v 233.537 35.6113 -144.262
vt -4.07982 0.144232
v 231.662 35.6113 -144.262
vt -4.04236 0.144232
v 228.575 35.6113 -144.262
vt -3.98065 0.144232
v 224.761 35.6113 -144.262
vt -3.90439 0.144232
v 220.703 35.6113 -144.262
vt -3.82329 0.144232
v 216.889 35.6113 -144.262
vt -3.74703 0.144232
v 213.802 35.6113 -144.262
vt -3.68532 0.144232
v 211.928 35.6113 -144.262
vt -3.64786 0.144232
v 211.512 35.6093 -144.262
vt -3.63955 0.144211
v 211.333 35.5867 -144.262
vt -3.63596 0.143986
v 211.167 35.5413 -144.262
vt -3.63265 0.143532
v 211.018 35.4755 -144.262
vt -3.62967 0.142874
v 210.889 35.3918 -144.262
vt -3.62711 0.142037
v 210.785 35.2926 -144.262
vt -3.62502 0.141045
v 210.709 35.1804 -144.262
vt -3.62349 0.139923
v 210.663 35.0576 -144.262
vt -3.62259 0.138695
v 210.652 34.9509 -144.262
vt -3.62235 0.137628
v 210.652 34.8703 -144.262
vt -3.62235 0.136822
v 210.652 34.6992 -144.262
vt -3.62235 0.135111
v 210.652 34.4689 -144.262
vt -3.62235 0.132808
v 210.652 34.2104 -144.262
vt -3.62235 0.130223
v 210.652 33.9551 -144.262
vt -3.62235 0.12767
v 210.652 33.7341 -144.262
vt -3.62235 0.12546
v 210.652 33.5786 -144.262
vt -3.62235 0.123905
v 210.652 33.5199 -144.262
vt -3.62235 0.123318
v 150.858 33.5199 -144.262
vt -2.42707 0.123318
v 150.858 33.5786 -144.262
vt -2.42707 0.123905
v 150.858 33.7341 -144.262
vt -2.42707 0.12546
v 150.858 33.9551 -144.262
vt -2.42707 0.12767
v 150.858 34.2104 -144.262
vt -2.42707 0.130223
v 150.858 34.4689 -144.262
vt -2.42707 0.132808
v 150.858 34.6992 -144.262
vt -2.42707 0.135111
v 150.858 34.8703 -144.262
vt -2.42707 0.136822
v 150.858 34.9509 -144.262
vt -2.42707 0.137628
v 150.846 35.0576 -144.262
vt -2.42684 0.138695
v 150.801 35.1804 -144.262
vt -2.42593 0.139923
v 150.724 35.2926 -144.262
vt -2.4244 0.141045
v 150.62 35.3918 -144.262
vt -2.42232 0.142037
v 150.492 35.4755 -144.262
vt -2.41975 0.142874
v 150.343 35.5413 -144.262
vt -2.41678 0.143532
v 150.177 35.5867 -144.262
vt -2.41346 0.143986
v 149.997 35.6093 -144.262
vt -2.40987 0.144211
v 149.582 35.6113 -144.262
vt -2.40157 0.144232
v 147.708 35.6113 -144.262
vt -2.3641 0.144232
v 144.621 35.6113 -144.262
vt -2.30239 0.144232
v 140.806 35.6113 -144.262
vt -2.22614 0.144232
v 136.749 35.6113 -144.262
vt -2.14503 0.144232
v 132.934 35.6113 -144.262
vt -2.06878 0.144232
v 129.847 35.6113 -144.262
vt -2.00707 0.144232
v 127.973 35.6113 -144.262
vt -1.9696 0.144232
v 127.54 35.6088 -144.262
vt -1.96095 0.144207
v 127.319 35.581 -144.262
vt -1.95654 0.143929
v 127.115 35.5252 -144.262
vt -1.95246 0.143371
v 126.932 35.4443 -144.262
vt -1.9488 0.142562
v 126.775 35.3413 -144.262
vt -1.94565 0.141532
v 126.646 35.2193 -144.262
vt -1.94309 0.140312
v 126.552 35.0814 -144.262
vt -1.94121 0.138932
v 126.496 34.9304 -144.262
vt -1.94009 0.137422
v 126.482 34.8 -144.262
vt -1.9398 0.136119
v 126.482 34.7279 -144.262
vt -1.9398 0.135398
v 126.482 34.5749 -144.262
vt -1.9398 0.133867
v 126.482 34.3688 -144.262
vt -1.9398 0.131807
v 126.482 34.1376 -144.262
vt -1.9398 0.129495
v 126.482 33.9092 -144.262
vt -1.9398 0.127211
v 126.482 33.7115 -144.262
vt -1.9398 0.125234
v 126.482 33.5725 -144.262
vt -1.9398 0.123843
v 126.482 33.5199 -144.262
vt -1.9398 0.123318
v 66.7711 33.5199 -144.262
vt -0.746181 0.123318
v 66.7856 33.5786 -144.262
vt -0.74647 0.123905
v 66.7856 33.7341 -144.262
vt -0.74647 0.12546
v 66.7856 33.9551 -144.262
vt -0.74647 0.12767
v 66.7856 34.2104 -144.262
vt -0.74647 0.130223
v 66.7856 34.4689 -144.262
vt -0.74647 0.132808
v 66.7856 34.6992 -144.262
vt -0.74647 0.135111
v 66.7856 34.8703 -144.262
vt -0.74647 0.136822
v 66.7856 34.9509 -144.262
vt -0.74647 0.137628
v 66.7739 35.0576 -144.262
vt -0.746237 0.138695
v 66.7285 35.1804 -144.262
vt -0.745328 0.139923
v 66.6519 35.2926 -144.262
vt -0.743797 0.141045
v 66.5477 35.3918 -144.262
vt -0.741715 0.142037
v 66.4195 35.4755 -144.262
vt -0.739151 0.142874
v 66.2706 35.5413 -144.262
vt -0.736176 0.143532
v 66.1047 35.5867 -144.262
vt -0.732858 0.143986
v 65.9251 35.6093 -144.262
vt -0.729269 0.144211
v 65.5097 35.6113 -144.262
vt -0.720964 0.144232
v 63.6355 35.6113 -144.262
vt -0.683499 0.144232
v 60.5485 35.6113 -144.262
vt -0.62179 0.144232
v 56.7338 35.6113 -144.262
vt -0.545534 0.144232
v 52.6765 35.6113 -144.262
vt -0.46443 0.144232
v 48.8619 35.6113 -144.262
vt -0.388174 0.144232
v 45.7749 35.6113 -144.262
vt -0.326465 0.144232
v 43.9007 35.6113 -144.262
vt -0.289 0.144232
v 43.468 35.6088 -144.262
vt -0.280352 0.144207
v 43.2472 35.581 -144.262
vt -0.275937 0.143929
v 43.0431 35.5252 -144.262
vt -0.271857 0.143371
v 42.86 35.4443 -144.262
vt -0.268198 0.142562
v 42.7023 35.3413 -144.262
vt -0.265045 0.141532
v 42.5742 35.2193 -144.262
vt -0.262485 0.140312
v 42.4801 35.0814 -144.262
vt -0.260603 0.138932
v 42.4242 34.9304 -144.262
vt -0.259485 0.137422
v 42.4098 34.8 -144.262
vt -0.259198 0.136119
v 42.4098 34.7279 -144.262
vt -0.259198 0.135398
v 42.4098 34.5749 -144.262
vt -0.259198 0.133867
v 42.4098 34.3688 -144.262
vt -0.259198 0.131807
v 42.4098 34.1376 -144.262
vt -0.259198 0.129495
v 42.4098 33.9092 -144.262
vt -0.259198 0.127211
v 42.4098 33.7115 -144.262
vt -0.259198 0.125234
v 42.4098 33.5725 -144.262
vt -0.259198 0.123843
v 42.4098 33.5199 -144.262
vt -0.259198 0.123318
v 29.4434 33.5199 -144.262
vt 8.37435e-48 0.123318
vt 8.37435e-48 0.106955
v 247.994 33.5199 -144.262
vt -4.36882 0.123318
v 235.027 33.5199 -144.262
vt -4.10962 0.123318
f 5455/2741/1626 5456/2742/1626 5457/2743/1626 5458/2744/1626 5459/2745/1626 5460/2746/1626 5461/2747/1626 5462/2748/1626 5463/2749/1626 5464/2750/1626 5465/2751/1626 5466/2752/1626 5467/2753/1626 5468/2754/1626 5469/2755/1626 5470/2756/1626 5471/2757/1626 5472/2758/1626 5473/2759/1626 5474/2760/1626 5475/2761/1626 5476/2762/1626 5477/2763/1626 5478/2764/1626 5479/2765/1626 5480/2766/1626 5481/2767/1626 5482/2768/1626 5483/2769/1626 5484/2770/1626 5485/2771/1626 5486/2772/1626 5487/2773/1626 5488/2774/1626 5489/2775/1626 5490/2776/1626 5491/2777/1626 5492/2778/1626 5493/2779/1626 5494/2780/1626 5495/2781/1626 5496/2782/1626 5497/2783/1626 5498/2784/1626 5499/2785/1626 5500/2786/1626 5501/2787/1626 5502/2788/1626 5503/2789/1626 5504/2790/1626 5505/2791/1626 5506/2792/1626 5507/2793/1626 5508/2794/1626 5509/2795/1626 5510/2796/1626 5511/2797/1626 5512/2798/1626 5513/2799/1626 5514/2800/1626 5515/2801/1626 5516/2802/1626 5517/2803/1626 5518/2804/1626 5519/2805/1626 5520/2806/1626 5521/2807/1626 5522/2808/1626 5523/2809/1626 5524/2810/1626 5525/2811/1626 5526/2812/1626 5527/2813/1626 5528/2814/1626 5529/2815/1626 5530/2816/1626 5531/2817/1626 5532/2818/1626 5533/2819/1626 5534/2820/1626 5535/2821/1626 5536/2822/1626 5537/2823/1626 5538/2824/1626 5539/2825/1626 5540/2826/1626 5541/2827/1626 5542/2828/1626 5543/2829/1626 5544/2830/1626 5545/2831/1626 5546/2832/1626 5547/2833/1626 5548/2834/1626 5549/2835/1626 5550/2836/1626 5551/2837/1626 5552/2838/1626 5553/2839/1626 5554/2840/1626 5555/2841/1626 5556/2842/1626 5557/2843/1626 5558/2844/1626 5559/2845/1626 5560/2846/1626 5561/2847/1626 5562/2848/1626 5563/2849/1626 5564/2850/1626 5565/2851/1626 5566/2852/1626 5567/2853/1626 5568/2854/1626 5569/2855/1626 5570/2856/1626 5571/2857/1626 5572/2858/1626 5573/2859/1626 5574/2860/1626 5575/2861/1626 5576/2862/1626 5577/2863/1626 5578/2864/1626 5579/2865/1626 5580/2866/1626 5452/2867/1626 5451/2737/1626 5581/2868/1626 5582/2869/1626 

vt 0.250343 4.51195e-16
vn 1 5.15145e-11 1.25824e-25
vt 0.247563 4.51195e-16
vn 1 4.6554e-11 1.13708e-25
v 235.027 33.5725 -146.262
vt 0.247563 0.02
v 235.027 33.7115 -146.262
vt 0.250343 0.02
f 5456/2870/1627 5455/2871/1628 5583/2872/1628 5584/2873/1627 

vt 0.246512 4.51195e-16
vn 1 4.12027e-11 1.00637e-25
v 235.027 33.5199 -146.262
vt 0.246512 0.02
f 5455/2871/1628 5582/2874/1629 5585/2875/1629 5583/2872/1628 

vt -4.10962 4.51195e-16
v 247.994 33.5199 -146.262
vt -4.10962 0.02
f 5582/2876/1625 5581/2740/1625 5586/2736/1625 5585/2877/1625 

vt 0.213803 4.51195e-16
vt 0.213803 0.02
f 5581/2874/545 5451/2878/545 5453/2879/545 5586/2875/545 

vt 0.179903 0
vt 0.179903 0.02
f 5451/2878/545 5445/2880/545 5449/2881/545 5453/2879/545 

vt 0.102756 0
v 247.994 26.3285 -146.262
vt 0.102756 0.02
f 5445/2880/545 5448/2882/545 5587/2883/545 5449/2881/545 

v 29.4434 26.3285 -146.262
f 5447/2688/1625 5448/2735/1625 5587/2736/1625 5588/2691/1625 

v 29.4434 24.813 -144.262
vt 0 0.0362491
v 247.994 24.813 -144.262
vt -4.36882 0.0362491
f 5589/2884/1624 5590/2885/1624 5448/2734/1624 5447/2733/1624 

v 126.482 23.1379 -144.262
vt -1.9398 0.0194974
vn 1.1993e-32 -2.44249e-15 1
v 126.482 23.0049 -144.262
vt -1.9398 0.0181673
v 126.482 22.8158 -144.262
vt -1.9398 0.0162769
v 126.482 22.5974 -144.262
vt -1.9398 0.0140928
v 126.482 22.3763 -144.262
vt -1.9398 0.011882
v 126.482 22.1793 -144.262
vt -1.9398 0.00991148
v 126.482 22.0329 -144.262
vt -1.9398 0.00844802
v 126.482 21.964 -144.262
vt -1.9398 0.00775855
v 126.496 21.8393 -144.262
vt -1.94009 0.00651194
v 126.552 21.6949 -144.262
vt -1.94121 0.00506811
v 126.646 21.563 -144.262
vt -1.94309 0.00374847
v 126.775 21.4463 -144.262
vt -1.94565 0.00258192
v 126.932 21.3479 -144.262
vt -1.9488 0.00159734
v 127.115 21.2705 -144.262
vt -1.95246 0.000823644
v 127.319 21.2171 -144.262
vt -1.95654 0.000289705
v 127.54 21.1906 -144.262
vt -1.96095 2.44199e-05
v 127.973 21.1881 -144.262
vt -1.9696 3.70138e-11
v 129.847 21.1881 -144.262
vt -2.00707 3.70151e-11
v 132.934 21.1881 -144.262
vt -2.06878 3.70151e-11
v 136.749 21.1881 -144.262
vt -2.14503 3.70151e-11
v 140.806 21.1881 -144.262
vt -2.22614 3.70151e-11
v 144.621 21.1881 -144.262
vt -2.30239 3.70151e-11
v 147.708 21.1881 -144.262
vt -2.3641 3.70151e-11
v 149.582 21.1881 -144.262
vt -2.40157 3.70151e-11
v 149.997 21.1901 -144.262
vt -2.40987 1.98571e-05
v 150.177 21.2117 -144.262
vt -2.41346 0.000235575
v 150.343 21.2551 -144.262
vt -2.41678 0.00066975
v 150.492 21.318 -144.262
vt -2.41975 0.00129889
v 150.62 21.3981 -144.262
vt -2.42232 0.0020995
v 150.724 21.4929 -144.262
vt -2.4244 0.00304808
v 150.801 21.6002 -144.262
vt -2.42593 0.00412115
v 150.846 21.7176 -144.262
vt -2.42684 0.00529522
v 150.858 21.8197 -144.262
vt -2.42707 0.00631546
v 150.858 21.8967 -144.262
vt -2.42707 0.00708621
v 150.858 22.0603 -144.262
vt -2.42707 0.00872219
v 150.858 22.2806 -144.262
vt -2.42707 0.010925
v 150.858 22.5278 -144.262
vt -2.42707 0.0133964
v 150.858 22.7719 -144.262
vt -2.42707 0.015838
v 150.858 22.9833 -144.262
vt -2.42707 0.0179513
v 150.858 23.1319 -144.262
vt -2.42707 0.0194381
v 150.858 23.1918 -144.262
vt -2.42707 0.0200363
v 210.652 23.1918 -144.262
vt -3.62235 0.0200363
v 210.652 23.1319 -144.262
vt -3.62235 0.0194381
v 210.652 22.9833 -144.262
vt -3.62235 0.0179513
v 210.652 22.7719 -144.262
vt -3.62235 0.015838
v 210.652 22.5278 -144.262
vt -3.62235 0.0133964
v 210.652 22.2806 -144.262
vt -3.62235 0.010925
v 210.652 22.0603 -144.262
vt -3.62235 0.00872219
v 210.652 21.8967 -144.262
vt -3.62235 0.00708621
v 210.652 21.8197 -144.262
vt -3.62235 0.00631546
v 210.663 21.7176 -144.262
vt -3.62259 0.00529522
v 210.709 21.6002 -144.262
vt -3.62349 0.00412115
v 210.785 21.4929 -144.262
vt -3.62502 0.00304808
v 210.889 21.3981 -144.262
vt -3.62711 0.0020995
v 211.018 21.318 -144.262
vt -3.62967 0.00129889
v 211.167 21.2551 -144.262
vt -3.63265 0.00066975
v 211.333 21.2117 -144.262
vt -3.63596 0.000235575
v 211.512 21.1901 -144.262
vt -3.63955 1.98571e-05
v 211.928 21.1881 -144.262
vt -3.64786 8.44772e-12
v 213.802 21.1881 -144.262
vt -3.68532 7.71453e-12
v 216.889 21.1881 -144.262
vt -3.74703 6.50848e-12
v 220.703 21.1881 -144.262
vt -3.82329 5.01774e-12
v 224.761 21.1881 -144.262
vt -3.90439 3.43179e-12
v 228.575 21.1881 -144.262
vt -3.98065 1.94014e-12
v 231.662 21.1881 -144.262
vt -4.04236 7.33191e-13
v 233.537 21.1881 -144.262
vt -4.07982 0
v 233.969 21.1906 -144.262
vt -4.08847 2.44198e-05
v 234.19 21.2171 -144.262
vt -4.09288 0.000289705
v 234.394 21.2705 -144.262
vt -4.09696 0.000823644
v 234.577 21.3479 -144.262
vt -4.10062 0.00159734
v 234.735 21.4463 -144.262
vt -4.10378 0.00258192
v 234.863 21.563 -144.262
vt -4.10634 0.00374847
v 234.957 21.6949 -144.262
vt -4.10822 0.00506811
v 235.013 21.8393 -144.262
vt -4.10934 0.00651194
v 235.027 21.964 -144.262
vt -4.10962 0.00775855
v 235.027 22.0329 -144.262
vt -4.10962 0.00844802
v 235.027 22.1793 -144.262
vt -4.10962 0.00991148
v 235.027 22.3763 -144.262
vt -4.10962 0.011882
v 235.027 22.5974 -144.262
vt -4.10962 0.0140928
v 235.027 22.8158 -144.262
vt -4.10962 0.0162769
v 235.027 23.0049 -144.262
vt -4.10962 0.0181673
v 235.027 23.1379 -144.262
vt -4.10962 0.0194974
v 235.027 23.1918 -144.262
vt -4.10962 0.0200363
v 247.994 23.1918 -144.262
vt -4.36882 0.0200363
v 29.4434 23.1918 -144.262
vt 0 0.0200363
v 42.4098 23.1918 -144.262
vt -0.259198 0.0200363
v 42.4098 23.1379 -144.262
vt -0.259198 0.0194974
v 42.4098 23.0049 -144.262
vt -0.259198 0.0181673
v 42.4098 22.8158 -144.262
vt -0.259198 0.0162769
v 42.4098 22.5974 -144.262
vt -0.259198 0.0140928
v 42.4098 22.3763 -144.262
vt -0.259198 0.011882
v 42.4098 22.1793 -144.262
vt -0.259198 0.00991148
v 42.4098 22.0329 -144.262
vt -0.259198 0.00844802
v 42.4098 21.964 -144.262
vt -0.259198 0.00775855
v 42.4242 21.8393 -144.262
vt -0.259485 0.00651194
v 42.4801 21.6949 -144.262
vt -0.260603 0.00506811
v 42.5742 21.563 -144.262
vt -0.262485 0.00374847
v 42.7023 21.4463 -144.262
vt -0.265045 0.00258192
v 42.86 21.3479 -144.262
vt -0.268198 0.00159734
v 43.0431 21.2705 -144.262
vt -0.271857 0.000823644
v 43.2472 21.2171 -144.262
vt -0.275937 0.000289705
v 43.468 21.1906 -144.262
vt -0.280352 2.44199e-05
v 43.9007 21.1881 -144.262
vt -0.289 3.70138e-11
v 45.7749 21.1881 -144.262
vt -0.326465 3.70151e-11
v 48.8619 21.1881 -144.262
vt -0.388174 3.70151e-11
v 52.6765 21.1881 -144.262
vt -0.46443 3.70151e-11
v 56.7338 21.1881 -144.262
vt -0.545534 3.70151e-11
v 60.5485 21.1881 -144.262
vt -0.62179 3.70151e-11
v 63.6355 21.1881 -144.262
vt -0.683499 3.70151e-11
v 65.5097 21.1881 -144.262
vt -0.720964 3.70151e-11
v 65.9251 21.1901 -144.262
vt -0.729269 1.98571e-05
v 66.1047 21.2117 -144.262
vt -0.732858 0.000235575
v 66.2706 21.2551 -144.262
vt -0.736176 0.00066975
v 66.4195 21.318 -144.262
vt -0.739151 0.00129889
v 66.5477 21.3981 -144.262
vt -0.741715 0.0020995
v 66.6519 21.4929 -144.262
vt -0.743797 0.00304808
v 66.7285 21.6002 -144.262
vt -0.745328 0.00412115
v 66.7739 21.7176 -144.262
vt -0.746237 0.00529522
v 66.7856 21.8197 -144.262
vt -0.74647 0.00631546
v 66.7856 21.8967 -144.262
vt -0.74647 0.00708621
v 66.7856 22.0603 -144.262
vt -0.74647 0.00872219
v 66.7856 22.2806 -144.262
vt -0.74647 0.010925
v 66.7856 22.5278 -144.262
vt -0.74647 0.0133964
v 66.7856 22.7719 -144.262
vt -0.74647 0.015838
v 66.7856 22.9833 -144.262
vt -0.74647 0.0179513
v 66.7856 23.1319 -144.262
vt -0.74647 0.0194381
v 66.7856 23.1918 -144.262
vt -0.74647 0.0200363
v 126.482 23.1918 -144.262
vt -1.9398 0.0200363
f 5591/2886/1630 5592/2887/1630 5593/2888/1630 5594/2889/1630 5595/2890/1630 5596/2891/1630 5597/2892/1630 5598/2893/1630 5599/2894/1630 5600/2895/1630 5601/2896/1630 5602/2897/1630 5603/2898/1630 5604/2899/1630 5605/2900/1630 5606/2901/1630 5607/2902/1630 5608/2903/1630 5609/2904/1630 5610/2905/1630 5611/2906/1630 5612/2907/1630 5613/2908/1630 5614/2909/1630 5615/2910/1630 5616/2911/1630 5617/2912/1630 5618/2913/1630 5619/2914/1630 5620/2915/1630 5621/2916/1630 5622/2917/1630 5623/2918/1630 5624/2919/1630 5625/2920/1630 5626/2921/1630 5627/2922/1630 5628/2923/1630 5629/2924/1630 5630/2925/1630 5631/2926/1630 5632/2927/1630 5633/2928/1630 5634/2929/1630 5635/2930/1630 5636/2931/1630 5637/2932/1630 5638/2933/1630 5639/2934/1630 5640/2935/1630 5641/2936/1630 5642/2937/1630 5643/2938/1630 5644/2939/1630 5645/2940/1630 5646/2941/1630 5647/2942/1630 5648/2943/1630 5649/2944/1630 5650/2945/1630 5651/2946/1630 5652/2947/1630 5653/2948/1630 5654/2949/1630 5655/2950/1630 5656/2951/1630 5657/2952/1630 5658/2953/1630 5659/2954/1630 5660/2955/1630 5661/2956/1630 5662/2957/1630 5663/2958/1630 5664/2959/1630 5665/2960/1630 5666/2961/1630 5667/2962/1630 5668/2963/1630 5669/2964/1630 5670/2965/1630 5671/2966/1630 5672/2967/1630 5673/2968/1630 5674/2969/1630 5590/2885/1630 5589/2884/1630 5675/2970/1630 5676/2971/1630 5677/2972/1630 5678/2973/1630 5679/2974/1630 5680/2975/1630 5681/2976/1630 5682/2977/1630 5683/2978/1630 5684/2979/1630 5685/2980/1630 5686/2981/1630 5687/2982/1630 5688/2983/1630 5689/2984/1630 5690/2985/1630 5691/2986/1630 5692/2987/1630 5693/2988/1630 5694/2989/1630 5695/2990/1630 5696/2991/1630 5697/2992/1630 5698/2993/1630 5699/2994/1630 5700/2995/1630 5701/2996/1630 5702/2997/1630 5703/2998/1630 5704/2999/1630 5705/3000/1630 5706/3001/1630 5707/3002/1630 5708/3003/1630 5709/3004/1630 5710/3005/1630 5711/3006/1630 5712/3007/1630 5713/3008/1630 5714/3009/1630 5715/3010/1630 5716/3011/1630 5717/3012/1630 5718/3013/1630 

vt -0.0363165 0
vt -0.0389752 0
v 126.482 23.1379 -146.262
vt -0.0389752 0.02
v 126.482 23.0049 -146.262
vt -0.0363165 0.02
f 5592/3014/540 5591/3015/540 5719/3016/540 5720/3017/540 

vt -0.0400527 0
v 126.482 23.1918 -146.262
vt -0.0400527 0.02
f 5591/3015/540 5718/3018/540 5721/3019/540 5719/3016/540 

vt 1.9398 0
vn 0 -1 -2.44249e-15
vt 0.74647 0
v 66.7856 23.1918 -146.262
vt 0.74647 0.02
vt 1.9398 0.02
f 5718/3020/1631 5717/3021/1631 5722/3022/1631 5721/3023/1631 

vt 0.0400527 0
vt 0.0388568 0
v 66.7856 23.1319 -146.262
vt 0.0388568 0.02
vt 0.0400527 0.02
f 5717/3024/545 5716/3025/545 5723/3026/545 5722/3027/545 

vt 0.0358846 0
v 66.7856 22.9833 -146.262
vt 0.0358846 0.02
f 5716/3025/545 5715/3028/545 5724/3029/545 5723/3026/545 

vt 0.0316601 0
v 66.7856 22.7719 -146.262
vt 0.0316601 0.02
f 5715/3028/545 5714/3030/545 5725/3031/545 5724/3029/545 

vt 0.0267794 0
v 66.7856 22.5278 -146.262
vt 0.0267794 0.02
f 5714/3030/545 5713/3032/545 5726/3033/545 5725/3031/545 

vt 0.0218392 0
v 66.7856 22.2806 -146.262
vt 0.0218392 0.02
f 5713/3032/545 5712/3034/545 5727/3035/545 5726/3033/545 

vt 0.0174357 0
v 66.7856 22.0603 -146.262
vt 0.0174357 0.02
f 5712/3034/545 5711/3036/545 5728/3037/545 5727/3035/545 

vt 0.0141653 0
v 66.7856 21.8967 -146.262
vt 0.0141653 0.02
f 5711/3036/545 5710/3038/545 5729/3039/545 5728/3037/545 

vt 0.0126246 0
vn 0.998382 -0.0568646 -1.38891e-16
v 66.7856 21.8197 -146.262
vt 0.0126246 0.02
f 5710/3038/545 5709/3040/1632 5730/3041/1632 5729/3039/545 

vt 0.097301 0
vt 0.0952483 0
vn 0.970935 -0.239343 -5.84593e-16
v 66.7739 21.7176 -146.262
vt 0.0952483 0.02
vt 0.097301 0.02
f 5709/3042/1632 5708/3043/1633 5731/3044/1633 5730/3045/1632 

vt 0.279434 0
vt 0.276917 0
vn 0.880132 -0.47473 -1.15952e-15
v 66.7285 21.6002 -146.262
vt 0.276917 0.02
vt 0.279434 0.02
f 5708/3046/1633 5707/3047/1634 5732/3048/1634 5731/3049/1633 

vt 0.439602 0
vt 0.436967 0
vn 0.747906 -0.663804 -1.62134e-15
v 66.6519 21.4929 -146.262
vt 0.436967 0.02
vt 0.439602 0.02
f 5707/3050/1634 5706/3051/1635 5733/3052/1635 5732/3053/1634 

vt 0.554007 0
vt 0.551191 0
vn 0.603915 -0.797049 -1.94678e-15
v 66.5477 21.3981 -146.262
vt 0.551191 0.02
vt 0.554007 0.02
f 5706/3054/1635 5705/3055/1636 5734/3056/1636 5733/3057/1635 

vt 0.631403 0
vt 0.62838 0
vn 0.460875 -0.887465 -2.16762e-15
v 66.4195 21.318 -146.262
vt 0.62838 0.02
vt 0.631403 0.02
f 5705/3058/1636 5704/3059/1637 5735/3060/1637 5734/3061/1636 

vt 0.681846 0
vt 0.678616 0
vn 0.32204 -0.946726 -2.31237e-15
v 66.2706 21.2551 -146.262
vt 0.678616 0.02
vt 0.681846 0.02
f 5704/3062/1637 5703/3063/1638 5736/3064/1638 5735/3065/1637 

vt 0.712546 0
vt 0.709117 0
vn 0.186614 -0.982433 -2.39958e-15
v 66.1047 21.2117 -146.262
vt 0.709117 0.02
vt 0.712546 0.02
f 5703/3066/1638 5702/3067/1639 5737/3068/1639 5736/3069/1638 

vt 0.727683 0
vt 0.724068 0
vn 0.0621258 -0.998068 -2.43777e-15
v 65.9251 21.1901 -146.262
vt 0.724068 0.02
vt 0.727683 0.02
f 5702/3070/1639 5701/3071/1640 5738/3072/1640 5737/3073/1639 

vt 0.72926 0
vt 0.720956 0
vn 0.00238999 -0.999997 -2.44248e-15
v 65.5097 21.1881 -146.262
vt 0.720956 0.02
vt 0.72926 0.02
f 5701/3074/1640 5700/3075/1641 5739/3076/1641 5738/3077/1640 

vt 0.720964 0
vt 0.683499 0
v 63.6355 21.1881 -146.262
vt 0.683499 0.02
vt 0.720964 0.02
f 5700/3078/1641 5699/3079/1631 5740/3080/1631 5739/3081/1641 

vt 0.62179 0
v 60.5485 21.1881 -146.262
vt 0.62179 0.02
f 5699/3079/1631 5698/3082/1631 5741/3083/1631 5740/3080/1631 

vt 0.545534 0
v 56.7338 21.1881 -146.262
vt 0.545534 0.02
f 5698/3082/1631 5697/3084/1631 5742/3085/1631 5741/3083/1631 

vt 0.46443 0
v 52.6765 21.1881 -146.262
vt 0.46443 0.02
f 5697/3084/1631 5696/3086/1631 5743/3087/1631 5742/3085/1631 

vt 0.388174 0
v 48.8619 21.1881 -146.262
vt 0.388174 0.02
f 5696/3086/1631 5695/3088/1631 5744/3089/1631 5743/3087/1631 

vt 0.326465 0
vn 3.61111e-14 -1 -2.44249e-15
v 45.7749 21.1881 -146.262
vt 0.326465 0.02
f 5695/3088/1631 5694/3090/1642 5745/3091/1642 5744/3089/1631 

vt 0.289 0
vn -0.00282228 -0.999996 -2.44248e-15
v 43.9007 21.1881 -146.262
vt 0.289 0.02
f 5694/3090/1642 5693/3092/1643 5746/3093/1643 5745/3091/1642 

vt 0.288995 0
vt 0.280347 0
vn -0.0625572 -0.998041 -2.43771e-15
v 43.468 21.1906 -146.262
vt 0.280347 0.02
vt 0.288995 0.02
f 5693/3094/1643 5692/3095/1644 5747/3096/1644 5746/3097/1643 

vt 0.278345 -6.6071e-33
vt 0.273899 -6.6071e-33
vn -0.186614 -0.982433 -2.39958e-15
v 43.2472 21.2171 -146.262
vt 0.273899 0.02
vt 0.278345 0.02
f 5692/3098/1644 5691/3099/1645 5748/3100/1645 5747/3101/1644 

vt 0.266807 0
vt 0.262589 0
vn -0.32204 -0.946726 -2.31237e-15
v 43.0431 21.2705 -146.262
vt 0.262589 0.02
vt 0.266807 0.02
f 5691/3102/1645 5690/3103/1646 5749/3104/1646 5748/3105/1645 

vt 0.249768 0
vt 0.245795 0
vn -0.460875 -0.887465 -2.16762e-15
v 42.86 21.3479 -146.262
vt 0.245795 0.02
vt 0.249768 0.02
f 5690/3106/1646 5689/3107/1647 5750/3108/1647 5749/3109/1646 

vt 0.225816 0
vt 0.222099 0
vn -0.603915 -0.797049 -1.94678e-15
v 42.7023 21.4463 -146.262
vt 0.222099 0.02
vt 0.225816 0.02
f 5689/3110/1647 5688/3111/1648 5751/3112/1648 5750/3113/1647 

vt 0.192478 0
vt 0.189015 0
vn -0.747906 -0.663804 -1.62134e-15
v 42.5742 21.563 -146.262
vt 0.189015 0.02
vt 0.192478 0.02
f 5688/3114/1648 5687/3115/1649 5752/3116/1649 5751/3117/1648 

vt 0.146355 2.15097e-32
vt 0.143114 2.15097e-32
vn -0.880132 -0.47473 -1.15952e-15
v 42.4801 21.6949 -146.262
vt 0.143114 0.02
vt 0.146355 0.02
f 5687/3118/1649 5686/3119/1650 5753/3120/1650 5752/3121/1649 

vt 0.0846906 1.21676e-32
vt 0.0815954 1.21676e-32
vn -0.970848 -0.239697 -5.85458e-16
v 42.4242 21.8393 -146.262
vt 0.0815954 0.02
vt 0.0846906 0.02
f 5686/3122/1650 5685/3123/1651 5754/3124/1651 5753/3125/1650 

vt 0.0167193 0
vt 0.0142109 0
vn -0.998361 -0.057229 -1.39781e-16
v 42.4098 21.964 -146.262
vt 0.0142109 0.02
vt 0.0167193 0.02
f 5685/3126/1651 5684/3127/1652 5755/3128/1652 5754/3129/1651 

vt -0.0155093 0
vt -0.0168876 0
v 42.4098 22.0329 -146.262
vt -0.0168876 0.02
vt -0.0155093 0.02
f 5684/3130/1652 5683/3131/540 5756/3132/540 5755/3133/1652 

vt -0.0198131 0
v 42.4098 22.1793 -146.262
vt -0.0198131 0.02
f 5683/3131/540 5682/3134/540 5757/3135/540 5756/3132/540 

vt -0.0237522 0
v 42.4098 22.3763 -146.262
vt -0.0237522 0.02
f 5682/3134/540 5681/3136/540 5758/3137/540 5757/3135/540 

vt -0.0281715 0
v 42.4098 22.5974 -146.262
vt -0.0281715 0.02
f 5681/3136/540 5680/3138/540 5759/3139/540 5758/3137/540 

vt -0.0325374 0
v 42.4098 22.8158 -146.262
vt -0.0325374 0.02
f 5680/3138/540 5679/3140/540 5760/3141/540 5759/3139/540 

v 42.4098 23.0049 -146.262
f 5679/3140/540 5678/3014/540 5761/3017/540 5760/3141/540 

v 42.4098 23.1379 -146.262
f 5678/3014/540 5677/3015/540 5762/3016/540 5761/3017/540 

v 42.4098 23.1918 -146.262
f 5677/3015/540 5676/3018/540 5763/3019/540 5762/3016/540 

vt 0.259198 0
v 29.4434 23.1918 -146.262
vt 0.259198 0.02
f 5676/3142/1631 5675/2688/1631 5764/2691/1631 5763/3143/1631 

vt -0.072462 0
v 29.4434 24.813 -146.262
vt -0.072462 0.02
f 5675/3018/540 5589/3144/540 5765/3145/540 5764/3019/540 

vt -0.102756 0
vt -0.102756 0.02
f 5589/3144/540 5447/3146/540 5588/3147/540 5765/3145/540 

vt -0.179903 0
vt -0.179903 0.02
f 5447/3146/540 5446/3148/540 5450/3149/540 5588/3147/540 

vt -0.213803 4.51195e-16
vt -0.213803 0.02
f 5446/3148/540 5452/3150/540 5454/3151/540 5450/3149/540 

vt -0.246512 4.51195e-16
v 29.4434 33.5199 -146.262
vt -0.246512 0.02
f 5452/3150/540 5580/3152/540 5766/3153/540 5454/3151/540 

vt -0.259198 4.51195e-16
v 42.4098 33.5199 -146.262
vt -0.259198 0.02
f 5580/2739/1625 5579/3154/1625 5767/3155/1625 5766/2691/1625 

vt -0.247563 4.51195e-16
v 42.4098 33.5725 -146.262
vt -0.247563 0.02
f 5579/3152/540 5578/3156/540 5768/3157/540 5767/3153/540 

vt -0.250343 4.51195e-16
v 42.4098 33.7115 -146.262
vt -0.250343 0.02
f 5578/3156/540 5577/3158/540 5769/3159/540 5768/3157/540 

vt -0.254295 4.51195e-16
v 42.4098 33.9092 -146.262
vt -0.254295 0.02
f 5577/3158/540 5576/3160/540 5770/3161/540 5769/3159/540 

vt -0.25886 4.51195e-16
v 42.4098 34.1376 -146.262
vt -0.25886 0.02
f 5576/3160/540 5575/3162/540 5771/3163/540 5770/3161/540 

vt -0.263482 4.51195e-16
v 42.4098 34.3688 -146.262
vt -0.263482 0.02
f 5575/3162/540 5574/3164/540 5772/3165/540 5771/3163/540 

vt -0.267601 4.51195e-16
v 42.4098 34.5749 -146.262
vt -0.267601 0.02
f 5574/3164/540 5573/3166/540 5773/3167/540 5772/3165/540 

vt -0.27066 4.51195e-16
v 42.4098 34.7279 -146.262
vt -0.27066 0.02
f 5573/3166/540 5572/3168/540 5774/3169/540 5773/3167/540 

vt -0.272102 4.51195e-16
vn -0.9985 0.0547497 1.33726e-16
v 42.4098 34.8 -146.262
vt -0.272102 0.02
f 5572/3168/540 5571/3170/1653 5775/3171/1653 5774/3169/540 

vt -0.29881 4.51195e-16
vt -0.301431 4.51195e-16
vn -0.973171 0.230085 5.6198e-16
v 42.4242 34.9304 -146.262
vt -0.301431 0.02
vt -0.29881 0.02
f 5571/3172/1653 5570/3173/1654 5776/3174/1654 5775/3175/1653 

vt -0.34774 4.51195e-16
vt -0.350958 4.51195e-16
vn -0.888486 0.458904 1.12087e-15
v 42.4801 35.0814 -146.262
vt -0.350958 0.02
vt -0.34774 0.02
f 5570/3176/1654 5569/3177/1655 5777/3178/1655 5776/3179/1654 

vt -0.376291 4.51195e-16
vt -0.37963 4.51195e-16
vn -0.762093 0.647467 1.58143e-15
v 42.5742 35.2193 -146.262
vt -0.37963 0.02
vt -0.376291 0.02
f 5569/3180/1655 5568/3181/1656 5778/3182/1656 5777/3183/1655 

vt -0.383513 4.51195e-16
vt -0.387049 4.51195e-16
vn -0.620743 0.784014 1.91495e-15
v 42.7023 35.3413 -146.262
vt -0.387049 0.02
vt -0.383513 0.02
f 5568/3184/1656 5567/3185/1657 5779/3186/1657 5778/3187/1656 

vt -0.376598 4.51195e-16
vt -0.380363 4.51195e-16
vn -0.47702 0.878893 2.14669e-15
v 42.86 35.4443 -146.262
vt -0.380363 0.02
vt -0.376598 0.02
f 5567/3188/1657 5566/3189/1658 5780/3190/1658 5779/3191/1657 

vt -0.360513 4.51195e-16
vt -0.364513 4.51195e-16
vn -0.335001 0.942218 2.30136e-15
v 43.0431 35.5252 -146.262
vt -0.364513 0.02
vt -0.360513 0.02
f 5566/3192/1658 5565/3193/1659 5781/3194/1659 5780/3195/1658 

vt -0.337848 4.51195e-16
vt -0.342078 4.51195e-16
vn -0.194749 0.980853 2.39572e-15
v 43.2472 35.581 -146.262
vt -0.342078 0.02
vt -0.337848 0.02
f 5565/3196/1659 5564/3197/1660 5782/3198/1660 5781/3199/1659 

vt -0.309646 4.51195e-16
vt -0.314095 4.51195e-16
vn -0.0653859 0.99786 2.43726e-15
v 43.468 35.6088 -146.262
vt -0.314095 0.02
vt -0.309646 0.02
f 5564/3200/1660 5563/3201/1661 5783/3202/1661 5782/3203/1660 

vt -0.282049 4.51195e-16
vt -0.290697 4.51195e-16
vn -0.00295132 0.999996 2.44248e-15
v 43.9007 35.6113 -146.262
vt -0.290697 0.02
vt -0.282049 0.02
f 5563/3204/1661 5562/3205/1662 5784/3206/1662 5783/3207/1661 

vt -0.289 4.51195e-16
vt -0.326465 4.51195e-16
vn -1.41872e-14 1 2.44249e-15
v 45.7749 35.6113 -146.262
vt -0.326465 0.02
vt -0.289 0.02
f 5562/3208/1662 5561/3209/1663 5785/3210/1663 5784/3211/1662 

vt -0.388174 4.51195e-16
vn 2.19239e-14 1 2.44249e-15
v 48.8619 35.6113 -146.262
vt -0.388174 0.02
f 5561/3209/1663 5560/3212/1664 5786/3213/1664 5785/3210/1663 

vt -0.46443 4.51195e-16
v 52.6765 35.6113 -146.262
vt -0.46443 0.02
f 5560/3212/1664 5559/3214/1625 5787/3215/1625 5786/3213/1664 

vt -0.545534 4.51195e-16
v 56.7338 35.6113 -146.262
vt -0.545534 0.02
f 5559/3214/1625 5558/3216/1625 5788/3217/1625 5787/3215/1625 

vt -0.62179 4.51195e-16
vn 2.92319e-14 1 2.44249e-15
v 60.5485 35.6113 -146.262
vt -0.62179 0.02
f 5558/3216/1625 5557/3218/1665 5789/3219/1665 5788/3217/1625 

vt -0.683499 4.51195e-16
v 63.6355 35.6113 -146.262
vt -0.683499 0.02
f 5557/3218/1665 5556/3220/1665 5790/3221/1665 5789/3219/1665 

vt -0.720964 4.51195e-16
vn 0.00249927 0.999997 2.44248e-15
v 65.5097 35.6113 -146.262
vt -0.720964 0.02
f 5556/3220/1665 5555/3222/1666 5791/3223/1666 5790/3221/1665 

vt -0.719514 4.51195e-16
vt -0.727818 4.51195e-16
vn 0.0649348 0.99789 2.43734e-15
v 65.9251 35.6093 -146.262
vt -0.727818 0.02
vt -0.719514 0.02
f 5555/3224/1666 5554/3225/1667 5792/3226/1667 5791/3227/1666 

vt -0.687652 4.51195e-16
vt -0.69127 4.51195e-16
vn 0.194749 0.980853 2.39572e-15
v 66.1047 35.5867 -146.262
vt -0.69127 0.02
vt -0.687652 0.02
f 5554/3228/1667 5553/3229/1668 5793/3230/1668 5792/3231/1667 

vt -0.630932 4.51195e-16
vt -0.634371 4.51195e-16
vn 0.335001 0.942218 2.30136e-15
v 66.2706 35.5413 -146.262
vt -0.634371 0.02
vt -0.630932 0.02
f 5553/3232/1668 5552/3233/1669 5794/3234/1669 5793/3235/1668 

vt -0.557347 4.51195e-16
vt -0.560601 4.51195e-16
vn 0.47702 0.878893 2.14669e-15
v 66.4195 35.4755 -146.262
vt -0.560601 0.02
vt -0.557347 0.02
f 5552/3236/1669 5551/3237/1670 5795/3238/1670 5794/3239/1669 

vt -0.462817 4.51195e-16
vt -0.465878 4.51195e-16
vn 0.620743 0.784014 1.91495e-15
v 66.5477 35.3918 -146.262
vt -0.465878 0.02
vt -0.462817 0.02
f 5551/3240/1670 5550/3241/1671 5796/3242/1671 5795/3243/1670 

vt -0.341276 4.51195e-16
vt -0.344151 4.51195e-16
vn 0.762093 0.647467 1.58143e-15
v 66.6519 35.2926 -146.262
vt -0.344151 0.02
vt -0.341276 0.02
f 5550/3244/1671 5549/3245/1672 5797/3246/1672 5796/3247/1671 

vt -0.186309 4.51195e-16
vt -0.189024 4.51195e-16
vn 0.888486 0.458904 1.12087e-15
v 66.7285 35.1804 -146.262
vt -0.189024 0.02
vt -0.186309 0.02
f 5549/3248/1672 5548/3249/1673 5798/3250/1673 5797/3251/1672 

vt 0.00337436 4.51195e-16
vt 0.000757103 4.51195e-16
vn 0.973251 0.229745 5.6115e-16
v 66.7739 35.0576 -146.262
vt 0.000757103 0.02
vt 0.00337436 0.02
f 5548/3252/1673 5547/3253/1674 5799/3254/1674 5798/3255/1673 

vt 0.194538 4.51195e-16
vt 0.192393 4.51195e-16
vn 0.998519 0.0544008 1.32873e-16
v 66.7856 34.9509 -146.262
vt 0.192393 0.02
vt 0.194538 0.02
f 5547/3256/1674 5546/3257/1675 5800/3258/1675 5799/3259/1674 

vt 0.275118 4.51195e-16
vt 0.273507 4.51195e-16
v 66.7856 34.8703 -146.262
vt 0.273507 0.02
vt 0.275118 0.02
f 5546/3260/1675 5545/3261/545 5801/3262/545 5800/3263/1675 

vt 0.270087 4.51195e-16
v 66.7856 34.6992 -146.262
vt 0.270087 0.02
f 5545/3261/545 5544/3264/545 5802/3265/545 5801/3262/545 

vt 0.265482 4.51195e-16
v 66.7856 34.4689 -146.262
vt 0.265482 0.02
f 5544/3264/545 5543/3266/545 5803/3267/545 5802/3265/545 

vt 0.260316 4.51195e-16
v 66.7856 34.2104 -146.262
vt 0.260316 0.02
f 5543/3266/545 5542/3268/545 5804/3269/545 5803/3267/545 

vt 0.255212 4.51195e-16
v 66.7856 33.9551 -146.262
vt 0.255212 0.02
f 5542/3268/545 5541/3270/545 5805/3271/545 5804/3269/545 

vt 0.250795 4.51195e-16
v 66.7856 33.7341 -146.262
vt 0.250795 0.02
f 5541/3270/545 5540/3272/545 5806/3273/545 5805/3271/545 

vt 0.247687 4.51195e-16
vn 0.992738 -0.120296 -2.93821e-16
v 66.7856 33.5786 -146.262
vt 0.247687 0.02
f 5540/3272/545 5539/3274/1676 5807/3275/1676 5806/3273/545 

vt 0.418808 4.51195e-16
vt 0.417599 4.51195e-16
vn 0.971058 -0.238844 -5.83375e-16
v 66.7711 33.5199 -146.262
vt 0.417599 0.02
vt 0.418808 0.02
f 5539/3276/1676 5538/3277/1677 5808/3278/1677 5807/3279/1676 

vt -0.746181 4.51195e-16
vt -1.9398 4.51195e-16
v 126.482 33.5199 -146.262
vt -1.9398 0.02
vt -0.746181 0.02
f 5538/3280/1625 5537/3281/1625 5809/3282/1625 5808/3283/1625 

v 126.482 33.5725 -146.262
f 5537/3152/540 5536/3156/540 5810/3157/540 5809/3153/540 

v 126.482 33.7115 -146.262
f 5536/3156/540 5535/3158/540 5811/3159/540 5810/3157/540 

v 126.482 33.9092 -146.262
f 5535/3158/540 5534/3160/540 5812/3161/540 5811/3159/540 

v 126.482 34.1376 -146.262
f 5534/3160/540 5533/3162/540 5813/3163/540 5812/3161/540 

v 126.482 34.3688 -146.262
f 5533/3162/540 5532/3164/540 5814/3165/540 5813/3163/540 

v 126.482 34.5749 -146.262
f 5532/3164/540 5531/3166/540 5815/3167/540 5814/3165/540 

v 126.482 34.7279 -146.262
f 5531/3166/540 5530/3168/540 5816/3169/540 5815/3167/540 

v 126.482 34.8 -146.262
f 5530/3168/540 5529/3170/1653 5817/3171/1653 5816/3169/540 

vt -0.482559 4.51195e-16
vt -0.48518 4.51195e-16
v 126.496 34.9304 -146.262
vt -0.48518 0.02
vt -0.482559 0.02
f 5529/3284/1653 5528/3285/1654 5818/3286/1654 5817/3287/1653 

vt -0.931548 4.51195e-16
vt -0.934766 4.51195e-16
v 126.552 35.0814 -146.262
vt -0.934766 0.02
vt -0.931548 0.02
f 5528/3288/1654 5527/3289/1655 5819/3290/1655 5818/3291/1654 

vt -1.32349 4.51195e-16
vt -1.32683 4.51195e-16
v 126.646 35.2193 -146.262
vt -1.32683 0.02
vt -1.32349 0.02
f 5527/3292/1655 5526/3293/1656 5820/3294/1656 5819/3295/1655 

vt -1.60048 4.51195e-16
vt -1.60402 4.51195e-16
v 126.775 35.3413 -146.262
vt -1.60402 0.02
vt -1.60048 0.02
f 5526/3296/1656 5525/3297/1657 5821/3298/1657 5820/3299/1656 

vt -1.78388 4.51195e-16
vt -1.78764 4.51195e-16
v 126.932 35.4443 -146.262
vt -1.78764 0.02
vt -1.78388 0.02
f 5525/3300/1657 5524/3301/1658 5822/3302/1658 5821/3303/1657 

vt -1.89766 4.51195e-16
vt -1.90167 4.51195e-16
v 127.115 35.5252 -146.262
vt -1.90167 0.02
vt -1.89766 0.02
f 5524/3304/1658 5523/3305/1659 5823/3306/1659 5822/3307/1658 

vt -1.95888 4.51195e-16
vt -1.96311 4.51195e-16
v 127.319 35.581 -146.262
vt -1.96311 0.02
vt -1.95888 0.02
f 5523/3308/1659 5522/3309/1660 5824/3310/1660 5823/3311/1659 

vt -1.97714 4.51195e-16
vt -1.98159 4.51195e-16
v 127.54 35.6088 -146.262
vt -1.98159 0.02
vt -1.97714 0.02
f 5522/3312/1660 5521/3313/1661 5825/3314/1661 5824/3315/1660 

vt -1.96262 4.51195e-16
vt -1.97127 4.51195e-16
v 127.973 35.6113 -146.262
vt -1.97127 0.02
vt -1.96262 0.02
f 5521/3316/1661 5520/3317/1662 5826/3318/1662 5825/3319/1661 

vt -1.9696 4.51195e-16
vt -2.00707 4.51195e-16
v 129.847 35.6113 -146.262
vt -2.00707 0.02
vt -1.9696 0.02
f 5520/3320/1662 5519/3321/1663 5827/3322/1663 5826/3323/1662 

vt -2.06878 4.51195e-16
v 132.934 35.6113 -146.262
vt -2.06878 0.02
f 5519/3321/1663 5518/3324/1664 5828/3325/1664 5827/3322/1663 

vt -2.14503 4.51195e-16
v 136.749 35.6113 -146.262
vt -2.14503 0.02
f 5518/3324/1664 5517/3326/1625 5829/3327/1625 5828/3325/1664 

vt -2.22614 4.51195e-16
v 140.806 35.6113 -146.262
vt -2.22614 0.02
f 5517/3326/1625 5516/3328/1625 5830/3329/1625 5829/3327/1625 

vt -2.30239 4.51195e-16
v 144.621 35.6113 -146.262
vt -2.30239 0.02
f 5516/3328/1625 5515/3330/1665 5831/3331/1665 5830/3329/1625 

vt -2.3641 4.51195e-16
v 147.708 35.6113 -146.262
vt -2.3641 0.02
f 5515/3330/1665 5514/3332/1665 5832/3333/1665 5831/3331/1665 

vt -2.40157 4.51195e-16
v 149.582 35.6113 -146.262
vt -2.40157 0.02
f 5514/3332/1665 5513/3334/1666 5833/3335/1666 5832/3333/1665 

vt -2.4001 4.51195e-16
vt -2.4084 4.51195e-16
v 149.997 35.6093 -146.262
vt -2.4084 0.02
vt -2.4001 0.02
f 5513/3336/1666 5512/3337/1667 5834/3338/1667 5833/3339/1666 

vt -2.35515 4.51195e-16
vt -2.35877 4.51195e-16
v 150.177 35.5867 -146.262
vt -2.35877 0.02
vt -2.35515 0.02
f 5512/3340/1667 5511/3341/1668 5835/3342/1668 5834/3343/1667 

vt -2.25197 4.51195e-16
vt -2.25541 4.51195e-16
v 150.343 35.5413 -146.262
vt -2.25541 0.02
vt -2.25197 0.02
f 5511/3344/1668 5510/3345/1669 5836/3346/1669 5835/3347/1668 

vt -2.0945 4.51195e-16
vt -2.09775 4.51195e-16
v 150.492 35.4755 -146.262
vt -2.09775 0.02
vt -2.0945 0.02
f 5510/3348/1669 5509/3349/1670 5837/3350/1670 5836/3351/1669 

vt -1.8701 4.51195e-16
vt -1.87316 4.51195e-16
v 150.62 35.3918 -146.262
vt -1.87316 0.02
vt -1.8701 0.02
f 5509/3352/1670 5508/3353/1671 5838/3354/1671 5837/3355/1670 

vt -1.55824 4.51195e-16
vt -1.56112 4.51195e-16
v 150.724 35.2926 -146.262
vt -1.56112 0.02
vt -1.55824 0.02
f 5508/3356/1671 5507/3357/1672 5839/3358/1672 5838/3359/1671 

vt -1.13351 4.51195e-16
vt -1.13623 4.51195e-16
v 150.801 35.1804 -146.262
vt -1.13623 0.02
vt -1.13351 0.02
f 5507/3360/1672 5506/3361/1673 5840/3362/1673 5839/3363/1672 

vt -0.580434 4.51195e-16
vt -0.583051 4.51195e-16
v 150.846 35.0576 -146.262
vt -0.583051 0.02
vt -0.580434 0.02
f 5506/3364/1673 5505/3365/1674 5841/3366/1674 5840/3367/1673 

vt 0.011957 4.51195e-16
vt 0.00981156 4.51195e-16
v 150.858 34.9509 -146.262
vt 0.00981156 0.02
vt 0.011957 0.02
f 5505/3368/1674 5504/3369/1675 5842/3370/1675 5841/3371/1674 

v 150.858 34.8703 -146.262
f 5504/3260/1675 5503/3261/545 5843/3262/545 5842/3263/1675 

v 150.858 34.6992 -146.262
f 5503/3261/545 5502/3264/545 5844/3265/545 5843/3262/545 

v 150.858 34.4689 -146.262
f 5502/3264/545 5501/3266/545 5845/3267/545 5844/3265/545 

v 150.858 34.2104 -146.262
f 5501/3266/545 5500/3268/545 5846/3269/545 5845/3267/545 

v 150.858 33.9551 -146.262
f 5500/3268/545 5499/3270/545 5847/3271/545 5846/3269/545 

v 150.858 33.7341 -146.262
f 5499/3270/545 5498/3272/545 5848/3273/545 5847/3271/545 

v 150.858 33.5786 -146.262
f 5498/3272/545 5497/3274/545 5849/3275/545 5848/3273/545 

v 150.858 33.5199 -146.262
f 5497/3274/545 5496/2874/545 5850/2875/545 5849/3275/545 

vt -2.42707 4.51195e-16
vt -3.62235 4.51195e-16
v 210.652 33.5199 -146.262
vt -3.62235 0.02
vt -2.42707 0.02
f 5496/3372/1625 5495/3373/1625 5851/3374/1625 5850/3375/1625 

vn -1 1.15487e-09 2.82077e-24
vt -0.247687 4.51195e-16
vn -1 5.519e-10 1.34801e-24
v 210.652 33.5786 -146.262
vt -0.247687 0.02
f 5495/3152/1678 5494/3376/1679 5852/3377/1679 5851/3153/1678 

vt -0.250795 4.51195e-16
vn -1 -5.00369e-11 -1.22215e-25
v 210.652 33.7341 -146.262
vt -0.250795 0.02
f 5494/3376/1679 5493/3378/1680 5853/3379/1680 5852/3377/1679 

vt -0.255212 4.51195e-16
vn -1 -4.85334e-11 -1.18542e-25
v 210.652 33.9551 -146.262
vt -0.255212 0.02
f 5493/3378/1680 5492/3380/1681 5854/3381/1681 5853/3379/1680 

vt -0.260316 4.51195e-16
vn -1 -4.91742e-11 -1.20107e-25
v 210.652 34.2104 -146.262
vt -0.260316 0.02
f 5492/3380/1681 5491/3382/1682 5855/3383/1682 5854/3381/1681 

vt -0.265482 4.51195e-16
vn -1 -4.86444e-11 -1.18814e-25
v 210.652 34.4689 -146.262
vt -0.265482 0.02
f 5491/3382/1682 5490/3384/1683 5856/3385/1683 5855/3383/1682 

vt -0.270087 4.51195e-16
vn -1 -4.88227e-11 -1.19249e-25
v 210.652 34.6992 -146.262
vt -0.270087 0.02
f 5490/3384/1683 5489/3386/1684 5857/3387/1684 5856/3385/1683 

vt -0.273507 4.51195e-16
vn -1 -5.21891e-11 -1.27471e-25
v 210.652 34.8703 -146.262
vt -0.273507 0.02
f 5489/3386/1684 5488/3388/1685 5858/3389/1685 5857/3387/1684 

vt -0.275118 4.51195e-16
vn -0.998519 0.0544008 1.32873e-16
v 210.652 34.9509 -146.262
vt -0.275118 0.02
f 5488/3388/1685 5487/3390/1686 5859/3391/1686 5858/3389/1685 

vt -0.667024 4.51195e-16
vt -0.669169 4.51195e-16
vn -0.973251 0.229745 5.6115e-16
v 210.663 35.0576 -146.262
vt -0.669169 0.02
vt -0.667024 0.02
f 5487/3392/1686 5486/3393/1687 5860/3394/1687 5859/3395/1686 

vt -1.5184 4.51195e-16
vt -1.52102 4.51195e-16
v 210.709 35.1804 -146.262
vt -1.52102 0.02
vt -1.5184 0.02
f 5486/3396/1687 5485/3397/1655 5861/3398/1655 5860/3399/1687 

vt -2.27328 4.51195e-16
vt -2.27599 4.51195e-16
v 210.785 35.2926 -146.262
vt -2.27599 0.02
vt -2.27328 0.02
f 5485/3400/1655 5484/3401/1656 5862/3402/1656 5861/3403/1655 

vt -2.81942 4.51195e-16
vt -2.8223 4.51195e-16
v 210.889 35.3918 -146.262
vt -2.8223 0.02
vt -2.81942 0.02
f 5484/3404/1656 5483/3405/1657 5863/3406/1657 5862/3407/1656 

vt -3.19243 4.51195e-16
vt -3.19549 4.51195e-16
v 211.018 35.4755 -146.262
vt -3.19549 0.02
vt -3.19243 0.02
f 5483/3408/1657 5482/3409/1658 5864/3410/1658 5863/3411/1657 

vt -3.43531 4.51195e-16
vt -3.43857 4.51195e-16
v 211.167 35.5413 -146.262
vt -3.43857 0.02
vt -3.43531 0.02
f 5482/3412/1658 5481/3413/1659 5865/3414/1659 5864/3415/1658 

vt -3.5796 4.51195e-16
vt -3.58304 4.51195e-16
v 211.333 35.5867 -146.262
vt -3.58304 0.02
vt -3.5796 0.02
f 5481/3416/1659 5480/3417/1660 5866/3418/1660 5865/3419/1659 

vt -3.64349 4.51195e-16
vt -3.6471 4.51195e-16
vn -0.0649348 0.99789 2.43734e-15
v 211.512 35.6093 -146.262
vt -3.6471 0.02
vt -3.64349 0.02
f 5480/3420/1660 5479/3421/1688 5867/3422/1688 5866/3423/1660 

vt -3.64095 4.51195e-16
vt -3.64925 4.51195e-16
vn -0.00249927 0.999997 2.44248e-15
v 211.928 35.6113 -146.262
vt -3.64925 0.02
vt -3.64095 0.02
f 5479/3424/1688 5478/3425/1689 5868/3426/1689 5867/3427/1688 

vt -3.64786 4.51195e-16
vt -3.68532 4.51195e-16
vn -4.08599e-11 1 2.44249e-15
v 213.802 35.6113 -146.262
vt -3.68532 0.02
vt -3.64786 0.02
f 5478/3428/1689 5477/3429/1690 5869/3430/1690 5868/3431/1689 

vt -3.74703 4.51195e-16
vn -4.0842e-11 1 2.44249e-15
v 216.889 35.6113 -146.262
vt -3.74703 0.02
f 5477/3429/1690 5476/3432/1691 5870/3433/1691 5869/3430/1690 

vt -3.82329 4.51195e-16
vn -4.08321e-11 1 2.44249e-15
v 220.703 35.6113 -146.262
vt -3.82329 0.02
f 5476/3432/1691 5475/3434/1692 5871/3435/1692 5870/3433/1691 

vt -3.90439 4.51195e-16
vn -4.08498e-11 1 2.44249e-15
v 224.761 35.6113 -146.262
vt -3.90439 0.02
f 5475/3434/1692 5474/3436/1693 5872/3437/1693 5871/3435/1692 

vt -3.98065 4.51195e-16
vn -4.08305e-11 1 2.44249e-15
v 228.575 35.6113 -146.262
vt -3.98065 0.02
f 5474/3436/1693 5473/3438/1694 5873/3439/1694 5872/3437/1693 

vt -4.04236 4.51195e-16
vn -4.07946e-11 1 2.44249e-15
v 231.662 35.6113 -146.262
vt -4.04236 0.02
f 5473/3438/1694 5472/3440/1695 5874/3441/1695 5873/3439/1694 

vt -4.07982 4.51195e-16
vn 0.00295132 0.999996 2.44248e-15
v 233.537 35.6113 -146.262
vt -4.07982 0.02
f 5472/3440/1695 5471/3442/1696 5875/3443/1696 5874/3441/1695 

vt -4.07805 4.51195e-16
vt -4.0867 4.51195e-16
vn 0.0653859 0.99786 2.43726e-15
v 233.969 35.6088 -146.262
vt -4.0867 0.02
vt -4.07805 0.02
f 5471/3444/1696 5470/3445/1697 5876/3446/1697 5875/3447/1696 

vt -4.02066 4.51195e-16
vt -4.02511 4.51195e-16
v 234.19 35.581 -146.262
vt -4.02511 0.02
vt -4.02066 0.02
f 5470/3448/1697 5469/3449/1668 5877/3450/1668 5876/3451/1697 

vt -3.8719 4.51195e-16
vt -3.87613 4.51195e-16
v 234.394 35.5252 -146.262
vt -3.87613 0.02
vt -3.8719 0.02
f 5469/3452/1668 5468/3453/1669 5878/3454/1669 5877/3455/1668 

vt -3.6314 4.51195e-16
vt -3.6354 4.51195e-16
v 234.577 35.4443 -146.262
vt -3.6354 0.02
vt -3.6314 0.02
f 5468/3456/1669 5467/3457/1670 5879/3458/1670 5878/3459/1669 

vt -3.27794 4.51195e-16
vt -3.28171 4.51195e-16
v 234.735 35.3413 -146.262
vt -3.28171 0.02
vt -3.27794 0.02
f 5467/3460/1670 5466/3461/1671 5880/3462/1671 5879/3463/1670 

vt -2.77652 4.51195e-16
vt -2.78006 4.51195e-16
v 234.863 35.2193 -146.262
vt -2.78006 0.02
vt -2.77652 0.02
f 5466/3464/1671 5465/3465/1672 5881/3466/1672 5880/3467/1671 

vt -2.08267 4.51195e-16
vt -2.08601 4.51195e-16
v 234.957 35.0814 -146.262
vt -2.08601 0.02
vt -2.08267 0.02
f 5465/3468/1672 5464/3469/1673 5882/3470/1673 5881/3471/1672 

vt -1.16668 4.51195e-16
vt -1.1699 4.51195e-16
vn 0.973171 0.230085 5.6198e-16
v 235.013 34.9304 -146.262
vt -1.1699 0.02
vt -1.16668 0.02
f 5464/3472/1673 5463/3473/1698 5883/3474/1698 5882/3475/1673 

vt -0.176235 4.51195e-16
vt -0.178856 4.51195e-16
vn 0.9985 0.0547497 1.33726e-16
v 235.027 34.8 -146.262
vt -0.178856 0.02
vt -0.176235 0.02
f 5463/3476/1698 5462/3477/1699 5884/3478/1699 5883/3479/1698 

vt 0.272102 4.51195e-16
vt 0.27066 4.51195e-16
vn 1 4.86179e-11 1.18749e-25
v 235.027 34.7279 -146.262
vt 0.27066 0.02
vt 0.272102 0.02
f 5462/3480/1699 5461/3481/1700 5885/3482/1700 5884/3483/1699 

vt 0.267601 4.51195e-16
vn 1 4.81093e-11 1.17507e-25
v 235.027 34.5749 -146.262
vt 0.267601 0.02
f 5461/3481/1700 5460/3484/1701 5886/3485/1701 5885/3482/1700 

vt 0.263482 4.51195e-16
vn 1 5.10659e-11 1.24728e-25
v 235.027 34.3688 -146.262
vt 0.263482 0.02
f 5460/3484/1701 5459/3486/1702 5887/3487/1702 5886/3485/1701 

vt 0.25886 4.51195e-16
vn 1 5.02489e-11 1.22733e-25
v 235.027 34.1376 -146.262
vt 0.25886 0.02
f 5459/3486/1702 5458/3488/1703 5888/3489/1703 5887/3487/1702 

vt 0.254295 4.51195e-16
vn 1 4.92681e-11 1.20337e-25
v 235.027 33.9092 -146.262
vt 0.254295 0.02
f 5458/3488/1703 5457/3490/1704 5889/3491/1704 5888/3489/1703 

f 5457/3490/1704 5456/2870/1627 5584/2873/1627 5889/3491/1704 

vt 4.36882 0.106955
vn 0 2.44249e-15 -1
vt 0 0.123318
vt 0.259198 0.123318
vt 0.259198 0.123843
vt 0.259198 0.125234
vt 0.259198 0.127211
vt 0.259198 0.129495
vt 0.259198 0.131807
vt 0.259198 0.133867
vt 0.259198 0.135398
vt 0.259198 0.136119
vt 0.259485 0.137422
vt 0.260603 0.138932
vt 0.262485 0.140312
vt 0.265045 0.141532
vt 0.268198 0.142562
vt 0.271857 0.143371
vt 0.275937 0.143929
vt 0.280352 0.144207
vt 0.289 0.144232
vt 0.326465 0.144232
vt 0.388174 0.144232
vt 0.46443 0.144232
vt 0.545534 0.144232
vt 0.62179 0.144232
vt 0.683499 0.144232
vt 0.720964 0.144232
vt 0.729269 0.144211
vt 0.732858 0.143986
vt 0.736176 0.143532
vt 0.739151 0.142874
vt 0.741715 0.142037
vt 0.743797 0.141045
vt 0.745328 0.139923
vt 0.746237 0.138695
vt 0.74647 0.137628
vt 0.74647 0.136822
vt 0.74647 0.135111
vt 0.74647 0.132808
vt 0.74647 0.130223
vt 0.74647 0.12767
vt 0.74647 0.12546
vt 0.74647 0.123905
vt 0.746181 0.123318
vt 1.9398 0.123318
vt 1.9398 0.123843
vt 1.9398 0.125234
vt 1.9398 0.127211
vt 1.9398 0.129495
vt 1.9398 0.131807
vt 1.9398 0.133867
vt 1.9398 0.135398
vt 1.9398 0.136119
vt 1.94009 0.137422
vt 1.94121 0.138932
vt 1.94309 0.140312
vt 1.94565 0.141532
vt 1.9488 0.142562
vt 1.95246 0.143371
vt 1.95654 0.143929
vt 1.96095 0.144207
vt 1.9696 0.144232
vt 2.00707 0.144232
vt 2.06878 0.144232
vt 2.14503 0.144232
vt 2.22614 0.144232
vt 2.30239 0.144232
vt 2.3641 0.144232
vt 2.40157 0.144232
vt 2.40987 0.144211
vt 2.41346 0.143986
vt 2.41678 0.143532
vt 2.41975 0.142874
vt 2.42232 0.142037
vt 2.4244 0.141045
vt 2.42593 0.139923
vt 2.42684 0.138695
vt 2.42707 0.137628
vt 2.42707 0.136822
vt 2.42707 0.135111
vt 2.42707 0.132808
vt 2.42707 0.130223
vt 2.42707 0.12767
vt 2.42707 0.12546
vt 2.42707 0.123905
vt 2.42707 0.123318
vt 3.62235 0.123318
vt 3.62235 0.123905
vt 3.62235 0.12546
vt 3.62235 0.12767
vt 3.62235 0.130223
vt 3.62235 0.132808
vt 3.62235 0.135111
vt 3.62235 0.136822
vt 3.62235 0.137628
vt 3.62259 0.138695
vt 3.62349 0.139923
vt 3.62502 0.141045
vt 3.62711 0.142037
vt 3.62967 0.142874
vt 3.63265 0.143532
vt 3.63596 0.143986
vt 3.63955 0.144211
vt 3.64786 0.144232
vt 3.68532 0.144232
vt 3.74703 0.144232
vt 3.82329 0.144232
vt 3.90439 0.144232
vt 3.98065 0.144232
vt 4.04236 0.144232
vt 4.07982 0.144232
vt 4.08847 0.144207
vt 4.09288 0.143929
vt 4.09696 0.143371
vt 4.10062 0.142562
vt 4.10378 0.141532
vt 4.10634 0.140312
vt 4.10822 0.138932
vt 4.10934 0.137422
vt 4.10962 0.136119
vt 4.10962 0.135398
vt 4.10962 0.133867
vt 4.10962 0.131807
vt 4.10962 0.129495
vt 4.10962 0.127211
vt 4.10962 0.125234
vt 4.10962 0.123843
vt 4.10962 0.123318
vt 4.36882 0.123318
f 5453/3492/1705 5454/2738/1705 5766/3493/1705 5767/3494/1705 5768/3495/1705 5769/3496/1705 5770/3497/1705 5771/3498/1705 5772/3499/1705 5773/3500/1705 5774/3501/1705 5775/3502/1705 5776/3503/1705 5777/3504/1705 5778/3505/1705 5779/3506/1705 5780/3507/1705 5781/3508/1705 5782/3509/1705 5783/3510/1705 5784/3511/1705 5785/3512/1705 5786/3513/1705 5787/3514/1705 5788/3515/1705 5789/3516/1705 5790/3517/1705 5791/3518/1705 5792/3519/1705 5793/3520/1705 5794/3521/1705 5795/3522/1705 5796/3523/1705 5797/3524/1705 5798/3525/1705 5799/3526/1705 5800/3527/1705 5801/3528/1705 5802/3529/1705 5803/3530/1705 5804/3531/1705 5805/3532/1705 5806/3533/1705 5807/3534/1705 5808/3535/1705 5809/3536/1705 5810/3537/1705 5811/3538/1705 5812/3539/1705 5813/3540/1705 5814/3541/1705 5815/3542/1705 5816/3543/1705 5817/3544/1705 5818/3545/1705 5819/3546/1705 5820/3547/1705 5821/3548/1705 5822/3549/1705 5823/3550/1705 5824/3551/1705 5825/3552/1705 5826/3553/1705 5827/3554/1705 5828/3555/1705 5829/3556/1705 5830/3557/1705 5831/3558/1705 5832/3559/1705 5833/3560/1705 5834/3561/1705 5835/3562/1705 5836/3563/1705 5837/3564/1705 5838/3565/1705 5839/3566/1705 5840/3567/1705 5841/3568/1705 5842/3569/1705 5843/3570/1705 5844/3571/1705 5845/3572/1705 5846/3573/1705 5847/3574/1705 5848/3575/1705 5849/3576/1705 5850/3577/1705 5851/3578/1705 5852/3579/1705 5853/3580/1705 5854/3581/1705 5855/3582/1705 5856/3583/1705 5857/3584/1705 5858/3585/1705 5859/3586/1705 5860/3587/1705 5861/3588/1705 5862/3589/1705 5863/3590/1705 5864/3591/1705 5865/3592/1705 5866/3593/1705 5867/3594/1705 5868/3595/1705 5869/3596/1705 5870/3597/1705 5871/3598/1705 5872/3599/1705 5873/3600/1705 5874/3601/1705 5875/3602/1705 5876/3603/1705 5877/3604/1705 5878/3605/1705 5879/3606/1705 5880/3607/1705 5881/3608/1705 5882/3609/1705 5883/3610/1705 5884/3611/1705 5885/3612/1705 5886/3613/1705 5887/3614/1705 5888/3615/1705 5889/3616/1705 5584/3617/1705 5583/3618/1705 5585/3619/1705 5586/3620/1705 

vt 4.36882 0.0899965
f 5454/2738/1705 5453/3492/1705 5449/3621/1705 5450/2732/1705 

vt 4.36882 0.0514039
f 5450/2732/1705 5449/3621/1705 5587/3622/1705 5588/2733/1705 

v 247.994 24.813 -146.262
vt 4.36882 0.0362491
f 5890/3623/1705 5765/2884/1705 5588/2733/1705 5587/3622/1705 

f 5589/2688/1625 5590/2735/1625 5890/2736/1625 5765/2691/1625 

vt 0.072462 0
vt 0.072462 0.02
f 5448/2882/545 5590/3624/545 5890/3625/545 5587/2883/545 

v 247.994 23.1918 -146.262
f 5590/3624/545 5674/3024/545 5891/3027/545 5890/3625/545 

vt 4.36882 0
vt 4.10962 0
v 235.027 23.1918 -146.262
vt 4.10962 0.02
vt 4.36882 0.02
f 5674/3626/1631 5673/3627/1631 5892/3628/1631 5891/3629/1631 

vn 1 1.15186e-09 2.8134e-24
vt 0.0389752 0
vn 1 5.48789e-10 1.34041e-24
v 235.027 23.1379 -146.262
vt 0.0389752 0.02
f 5673/3024/1706 5672/3630/1707 5893/3631/1707 5892/3027/1706 

vt 0.0363165 0
vn 1 -5.38699e-11 -1.31577e-25
v 235.027 23.0049 -146.262
vt 0.0363165 0.02
f 5672/3630/1707 5671/3632/1708 5894/3633/1708 5893/3631/1707 

vt 0.0325374 0
vn 1 -5.15208e-11 -1.25839e-25
v 235.027 22.8158 -146.262
vt 0.0325374 0.02
f 5671/3632/1708 5670/3634/1709 5895/3635/1709 5894/3633/1708 

vt 0.0281715 0
vn 1 -5.25465e-11 -1.28344e-25
v 235.027 22.5974 -146.262
vt 0.0281715 0.02
f 5670/3634/1709 5669/3636/1710 5896/3637/1710 5895/3635/1709 

vt 0.0237522 0
vn 1 -5.34008e-11 -1.30431e-25
v 235.027 22.3763 -146.262
vt 0.0237522 0.02
f 5669/3636/1710 5668/3638/1711 5897/3639/1711 5896/3637/1710 

vt 0.0198131 0
vn 1 -5.03091e-11 -1.22879e-25
v 235.027 22.1793 -146.262
vt 0.0198131 0.02
f 5668/3638/1711 5667/3640/1712 5898/3641/1712 5897/3639/1711 

vt 0.0168876 0
vn 1 -5.08409e-11 -1.24178e-25
v 235.027 22.0329 -146.262
vt 0.0168876 0.02
f 5667/3640/1712 5666/3642/1713 5899/3643/1713 5898/3641/1712 

vt 0.0155093 0
vn 0.998361 -0.057229 -1.39781e-16
v 235.027 21.964 -146.262
vt 0.0155093 0.02
f 5666/3642/1713 5665/3644/1714 5900/3645/1714 5899/3643/1713 

vt 0.485016 0
vt 0.482508 0
vn 0.970848 -0.239697 -5.85458e-16
v 235.013 21.8393 -146.262
vt 0.482508 0.02
vt 0.485016 0.02
f 5665/3646/1714 5664/3647/1715 5901/3648/1715 5900/3649/1714 

vt 1.49656 0
vt 1.49346 0
v 234.957 21.6949 -146.262
vt 1.49346 0.02
vt 1.49656 0.02
f 5664/3650/1715 5663/3651/1634 5902/3652/1634 5901/3653/1715 

vt 2.39435 0
vt 2.39111 0
v 234.863 21.563 -146.262
vt 2.39111 0.02
vt 2.39435 0.02
f 5663/3654/1634 5662/3655/1635 5903/3656/1635 5902/3657/1634 

vt 3.04095 0
vt 3.03748 0
v 234.735 21.4463 -146.262
vt 3.03748 0.02
vt 3.04095 0.02
f 5662/3658/1635 5661/3659/1636 5904/3660/1636 5903/3661/1635 

vt 3.48387 0
vt 3.48016 0
v 234.577 21.3479 -146.262
vt 3.48016 0.02
vt 3.48387 0.02
f 5661/3662/1636 5660/3663/1637 5905/3664/1637 5904/3665/1636 

vt 3.77834 0
vt 3.77437 0
v 234.394 21.2705 -146.262
vt 3.77437 0.02
vt 3.77834 0.02
f 5660/3666/1637 5659/3667/1638 5906/3668/1638 5905/3669/1637 

vt 3.96399 0
vt 3.95977 0
v 234.19 21.2171 -146.262
vt 3.95977 0.02
vt 3.96399 0.02
f 5659/3670/1638 5658/3671/1639 5907/3672/1639 5906/3673/1638 

vt 4.06374 0
vt 4.05929 0
vn 0.0625572 -0.998041 -2.43771e-15
v 233.969 21.1906 -146.262
vt 4.05929 0.02
vt 4.06374 0.02
f 5658/3674/1639 5657/3675/1716 5908/3676/1716 5907/3677/1639 

vt 4.08841 0
vt 4.07976 0
vn 0.00282228 -0.999996 -2.44248e-15
v 233.537 21.1881 -146.262
vt 4.07976 0.02
vt 4.08841 0.02
f 5657/3678/1716 5656/3679/1717 5909/3680/1717 5908/3681/1716 

vt 4.07982 0
vt 4.04236 0
vn -3.9109e-11 -1 -2.44249e-15
v 231.662 21.1881 -146.262
vt 4.04236 0.02
vt 4.07982 0.02
f 5656/3682/1717 5655/3683/1718 5910/3684/1718 5909/3685/1717 

vt 3.98065 0
vn -3.91002e-11 -1 -2.44249e-15
v 228.575 21.1881 -146.262
vt 3.98065 0.02
f 5655/3683/1718 5654/3686/1719 5911/3687/1719 5910/3684/1718 

vt 3.90439 0
vn -3.9096e-11 -1 -2.44249e-15
v 224.761 21.1881 -146.262
vt 3.90439 0.02
f 5654/3686/1719 5653/3688/1720 5912/3689/1720 5911/3687/1719 

vt 3.82329 0
vn -3.90842e-11 -1 -2.44249e-15
v 220.703 21.1881 -146.262
vt 3.82329 0.02
f 5653/3688/1720 5652/3690/1721 5913/3691/1721 5912/3689/1720 

vt 3.74703 0
vn -3.90738e-11 -1 -2.44249e-15
v 216.889 21.1881 -146.262
vt 3.74703 0.02
f 5652/3690/1721 5651/3692/1722 5914/3693/1722 5913/3691/1721 

vt 3.68532 0
vn -3.90944e-11 -1 -2.44249e-15
v 213.802 21.1881 -146.262
vt 3.68532 0.02
f 5651/3692/1722 5650/3694/1723 5915/3695/1723 5914/3693/1722 

vt 3.64786 0
vn -0.00238999 -0.999997 -2.44248e-15
v 211.928 21.1881 -146.262
vt 3.64786 0.02
f 5650/3694/1723 5649/3696/1724 5916/3697/1724 5915/3695/1723 

vt 3.64782 0
vt 3.63951 0
vn -0.0621258 -0.998068 -2.43777e-15
v 211.512 21.1901 -146.262
vt 3.63951 0.02
vt 3.64782 0.02
f 5649/3698/1724 5648/3699/1725 5917/3700/1725 5916/3701/1724 

vt 3.61357 0
vt 3.60995 0
v 211.333 21.2117 -146.262
vt 3.60995 0.02
vt 3.61357 0.02
f 5648/3702/1725 5647/3703/1645 5918/3704/1645 5917/3705/1725 

vt 3.51746 0
vt 3.51403 0
v 211.167 21.2551 -146.262
vt 3.51403 0.02
vt 3.51746 0.02
f 5647/3706/1645 5646/3707/1646 5919/3708/1646 5918/3709/1645 

vt 3.34552 0
vt 3.34229 0
v 211.018 21.318 -146.262
vt 3.34229 0.02
vt 3.34552 0.02
f 5646/3710/1646 5645/3711/1647 5920/3712/1647 5919/3713/1646 

vt 3.07759 0
vt 3.07457 0
v 210.889 21.3981 -146.262
vt 3.07457 0.02
vt 3.07759 0.02
f 5645/3714/1647 5644/3715/1648 5921/3716/1648 5920/3717/1647 

vt 2.67877 0
vt 2.67595 0
v 210.785 21.4929 -146.262
vt 2.67595 0.02
vt 2.67877 0.02
f 5644/3718/1648 5643/3719/1649 5922/3720/1649 5921/3721/1648 

vt 2.1005 0
vt 2.09786 0
v 210.709 21.6002 -146.262
vt 2.09786 0.02
vt 2.1005 0.02
f 5643/3722/1649 5642/3723/1650 5923/3724/1650 5922/3725/1649 

vt 1.30123 0
vt 1.29872 0
vn -0.970935 -0.239343 -5.84593e-16
v 210.663 21.7176 -146.262
vt 1.29872 0.02
vt 1.30123 0.02
f 5642/3726/1650 5641/3727/1726 5924/3728/1726 5923/3729/1650 

vt 0.40081 0
vt 0.398758 0
vn -0.998382 -0.0568646 -1.38891e-16
v 210.652 21.8197 -146.262
vt 0.398758 0.02
vt 0.40081 0.02
f 5641/3730/1726 5640/3731/1727 5925/3732/1727 5924/3733/1726 

vt -0.0126246 0
vt -0.0141653 0
vn -1 5.45754e-11 1.333e-25
v 210.652 21.8967 -146.262
vt -0.0141653 0.02
vt -0.0126246 0.02
f 5640/3734/1727 5639/3735/1728 5926/3736/1728 5925/3737/1727 

vt -0.0174357 0
vn -1 5.10551e-11 1.24702e-25
v 210.652 22.0603 -146.262
vt -0.0174357 0.02
f 5639/3735/1728 5638/3738/1729 5927/3739/1729 5926/3736/1728 

vt -0.0218392 0
vn -1 5.08686e-11 1.24246e-25
v 210.652 22.2806 -146.262
vt -0.0218392 0.02
f 5638/3738/1729 5637/3740/1730 5928/3741/1730 5927/3739/1729 

vt -0.0267794 0
vn -1 5.14226e-11 1.25599e-25
v 210.652 22.5278 -146.262
vt -0.0267794 0.02
f 5637/3740/1730 5636/3742/1731 5929/3743/1731 5928/3741/1730 

vt -0.0316601 0
vn -1 5.07525e-11 1.23962e-25
v 210.652 22.7719 -146.262
vt -0.0316601 0.02
f 5636/3742/1731 5635/3744/1732 5930/3745/1732 5929/3743/1731 

vt -0.0358846 0
vn -1 5.23248e-11 1.27803e-25
v 210.652 22.9833 -146.262
vt -0.0358846 0.02
f 5635/3744/1732 5634/3746/1733 5931/3747/1733 5930/3745/1732 

vt -0.0388568 0
vn -1 -5.40447e-10 -1.32004e-24
v 210.652 23.1319 -146.262
vt -0.0388568 0.02
f 5634/3746/1733 5633/3748/1734 5932/3749/1734 5931/3747/1733 

vn -1 -1.1343e-09 -2.77053e-24
v 210.652 23.1918 -146.262
f 5633/3748/1734 5632/3018/1735 5933/3019/1735 5932/3749/1734 

vt 3.62235 0
vt 2.42707 0
v 150.858 23.1918 -146.262
vt 2.42707 0.02
vt 3.62235 0.02
f 5632/3750/1631 5631/3751/1631 5934/3752/1631 5933/3753/1631 

v 150.858 23.1319 -146.262
f 5631/3024/545 5630/3025/545 5935/3026/545 5934/3027/545 

v 150.858 22.9833 -146.262
f 5630/3025/545 5629/3028/545 5936/3029/545 5935/3026/545 

v 150.858 22.7719 -146.262
f 5629/3028/545 5628/3030/545 5937/3031/545 5936/3029/545 

v 150.858 22.5278 -146.262
f 5628/3030/545 5627/3032/545 5938/3033/545 5937/3031/545 

v 150.858 22.2806 -146.262
f 5627/3032/545 5626/3034/545 5939/3035/545 5938/3033/545 

v 150.858 22.0603 -146.262
f 5626/3034/545 5625/3036/545 5940/3037/545 5939/3035/545 

v 150.858 21.8967 -146.262
f 5625/3036/545 5624/3038/545 5941/3039/545 5940/3037/545 

v 150.858 21.8197 -146.262
f 5624/3038/545 5623/3040/1632 5942/3041/1632 5941/3039/545 

vt 0.288125 0
vt 0.286073 0
v 150.846 21.7176 -146.262
vt 0.286073 0.02
vt 0.288125 0.02
f 5623/3754/1632 5622/3755/1633 5943/3756/1633 5942/3757/1632 

vt 0.886519 0
vt 0.884002 0
v 150.801 21.6002 -146.262
vt 0.884002 0.02
vt 0.886519 0.02
f 5622/3758/1633 5621/3759/1634 5944/3760/1634 5943/3761/1633 

vt 1.41572 0
vt 1.41308 0
v 150.724 21.4929 -146.262
vt 1.41308 0.02
vt 1.41572 0.02
f 5621/3762/1634 5620/3763/1635 5945/3764/1635 5944/3765/1634 

vt 1.79651 0
vt 1.7937 0
v 150.62 21.3981 -146.262
vt 1.7937 0.02
vt 1.79651 0.02
f 5620/3766/1635 5619/3767/1636 5946/3768/1636 5945/3769/1635 

vt 2.05702 0
vt 2.054 0
v 150.492 21.318 -146.262
vt 2.054 0.02
vt 2.05702 0.02
f 5619/3770/1636 5618/3771/1637 5947/3772/1637 5946/3773/1636 

vt 2.22986 0
vt 2.22663 0
v 150.343 21.2551 -146.262
vt 2.22663 0.02
vt 2.22986 0.02
f 5618/3774/1637 5617/3775/1638 5948/3776/1638 5947/3777/1637 

vt 2.33843 0
vt 2.335 0
v 150.177 21.2117 -146.262
vt 2.335 0.02
vt 2.33843 0.02
f 5617/3778/1638 5616/3779/1639 5949/3780/1639 5948/3781/1638 

vt 2.39629 0
vt 2.39267 0
v 149.997 21.1901 -146.262
vt 2.39267 0.02
vt 2.39629 0.02
f 5616/3782/1639 5615/3783/1640 5950/3784/1640 5949/3785/1639 

vt 2.40984 0
vt 2.40154 0
v 149.582 21.1881 -146.262
vt 2.40154 0.02
vt 2.40984 0.02
f 5615/3786/1640 5614/3787/1641 5951/3788/1641 5950/3789/1640 

vt 2.40157 0
vt 2.3641 0
v 147.708 21.1881 -146.262
vt 2.3641 0.02
vt 2.40157 0.02
f 5614/3790/1641 5613/3791/1631 5952/3792/1631 5951/3793/1641 

vt 2.30239 0
v 144.621 21.1881 -146.262
vt 2.30239 0.02
f 5613/3791/1631 5612/3794/1631 5953/3795/1631 5952/3792/1631 

vt 2.22614 0
v 140.806 21.1881 -146.262
vt 2.22614 0.02
f 5612/3794/1631 5611/3796/1631 5954/3797/1631 5953/3795/1631 

vt 2.14503 0
v 136.749 21.1881 -146.262
vt 2.14503 0.02
f 5611/3796/1631 5610/3798/1631 5955/3799/1631 5954/3797/1631 

vt 2.06878 0
v 132.934 21.1881 -146.262
vt 2.06878 0.02
f 5610/3798/1631 5609/3800/1631 5956/3801/1631 5955/3799/1631 

vt 2.00707 0
v 129.847 21.1881 -146.262
vt 2.00707 0.02
f 5609/3800/1631 5608/3802/1642 5957/3803/1642 5956/3801/1631 

vt 1.9696 0
v 127.973 21.1881 -146.262
vt 1.9696 0.02
f 5608/3802/1642 5607/3804/1643 5958/3805/1643 5957/3803/1642 

vt 1.96957 0
vt 1.96092 0
v 127.54 21.1906 -146.262
vt 1.96092 0.02
vt 1.96957 0.02
f 5607/3806/1643 5606/3807/1644 5959/3808/1644 5958/3809/1643 

vt 1.94695 -4.61568e-32
vt 1.94251 -4.61568e-32
v 127.319 21.2171 -146.262
vt 1.94251 0.02
vt 1.94695 0.02
f 5606/3810/1644 5605/3811/1645 5960/3812/1645 5959/3813/1644 

vt 1.89269 0
vt 1.88847 0
v 127.115 21.2705 -146.262
vt 1.88847 0.02
vt 1.89269 0.02
f 5605/3814/1645 5604/3815/1646 5961/3816/1646 5960/3817/1645 

vt 1.79778 0
vt 1.7938 0
v 126.932 21.3479 -146.262
vt 1.7938 0.02
vt 1.79778 0.02
f 5604/3818/1646 5603/3819/1647 5962/3820/1647 5961/3821/1646 

vt 1.65143 0
vt 1.64772 0
v 126.775 21.4463 -146.262
vt 1.64772 0.02
vt 1.65143 0.02
f 5603/3822/1647 5602/3823/1648 5963/3824/1648 5962/3825/1647 

vt 1.43498 0
vt 1.43152 0
v 126.646 21.563 -146.262
vt 1.43152 0.02
vt 1.43498 0.02
f 5602/3826/1648 5601/3827/1649 5964/3828/1649 5963/3829/1648 

vt 1.12247 1.5648e-31
vt 1.11923 1.5648e-31
v 126.552 21.6949 -146.262
vt 1.11923 0.02
vt 1.12247 0.02
f 5601/3830/1649 5600/3831/1650 5965/3832/1650 5964/3833/1649 

vt 0.691776 8.94714e-32
vt 0.688681 8.94714e-32
v 126.496 21.8393 -146.262
vt 0.688681 0.02
vt 0.691776 0.02
f 5600/3834/1650 5599/3835/1651 5966/3836/1651 5965/3837/1650 

vt 0.208763 0
vt 0.206254 0
v 126.482 21.964 -146.262
vt 0.206254 0.02
vt 0.208763 0.02
f 5599/3838/1651 5598/3839/1652 5967/3840/1652 5966/3841/1651 

v 126.482 22.0329 -146.262
f 5598/3130/1652 5597/3131/540 5968/3132/540 5967/3133/1652 

v 126.482 22.1793 -146.262
f 5597/3131/540 5596/3134/540 5969/3135/540 5968/3132/540 

v 126.482 22.3763 -146.262
f 5596/3134/540 5595/3136/540 5970/3137/540 5969/3135/540 

v 126.482 22.5974 -146.262
f 5595/3136/540 5594/3138/540 5971/3139/540 5970/3137/540 

v 126.482 22.8158 -146.262
f 5594/3138/540 5593/3140/540 5972/3141/540 5971/3139/540 

f 5593/3140/540 5592/3014/540 5720/3017/540 5972/3141/540 

vt 0.74647 0.0194381
vt 0.74647 0.0179513
vt 0.74647 0.015838
vt 0.74647 0.0133964
vt 0.74647 0.010925
vt 0.74647 0.00872219
vt 0.74647 0.00708621
vt 0.74647 0.00631546
vt 0.746237 0.00529522
vt 0.745328 0.00412115
vt 0.743797 0.00304808
vt 0.741715 0.0020995
vt 0.739151 0.00129889
vt 0.736176 0.00066975
vt 0.732858 0.000235575
vt 0.729269 1.98571e-05
vt 0.720964 3.70151e-11
vt 0.683499 3.70151e-11
vt 0.62179 3.70151e-11
vt 0.545534 3.70151e-11
vt 0.46443 3.70151e-11
vt 0.388174 3.70151e-11
vt 0.326465 3.70151e-11
vt 0.289 3.70138e-11
vt 0.280352 2.44199e-05
vt 0.275937 0.000289705
vt 0.271857 0.000823644
vt 0.268198 0.00159734
vt 0.265045 0.00258192
vt 0.262485 0.00374847
vt 0.260603 0.00506811
vt 0.259485 0.00651194
vt 0.259198 0.00775855
vt 0.259198 0.00844802
vt 0.259198 0.00991148
vt 0.259198 0.011882
vt 0.259198 0.0140928
vt 0.259198 0.0162769
vt 0.259198 0.0181673
vt 0.259198 0.0194974
vt 0.259198 0.0200363
vt 4.36882 0.0200363
vt 4.10962 0.0200363
vt 4.10962 0.0194974
vt 4.10962 0.0181673
vt 4.10962 0.0162769
vt 4.10962 0.0140928
vt 4.10962 0.011882
vt 4.10962 0.00991148
vt 4.10962 0.00844802
vt 4.10962 0.00775855
vt 4.10934 0.00651194
vt 4.10822 0.00506811
vt 4.10634 0.00374847
vt 4.10378 0.00258192
vt 4.10062 0.00159734
vt 4.09696 0.000823644
vt 4.09288 0.000289705
vt 4.08847 2.44198e-05
vt 4.04236 7.33191e-13
vt 3.98065 1.94014e-12
vt 3.90439 3.43179e-12
vt 3.82329 5.01774e-12
vt 3.74703 6.50848e-12
vt 3.68532 7.71453e-12
vt 3.64786 8.44772e-12
vt 3.63955 1.98571e-05
vt 3.63596 0.000235575
vt 3.63265 0.00066975
vt 3.62967 0.00129889
vt 3.62711 0.0020995
vt 3.62502 0.00304808
vt 3.62349 0.00412115
vt 3.62259 0.00529522
vt 3.62235 0.00631546
vt 3.62235 0.00708621
vt 3.62235 0.00872219
vt 3.62235 0.010925
vt 3.62235 0.0133964
vt 3.62235 0.015838
vt 3.62235 0.0179513
vt 3.62235 0.0194381
vt 3.62235 0.0200363
vt 2.42707 0.0200363
vt 2.42707 0.0194381
vt 2.42707 0.0179513
vt 2.42707 0.015838
vt 2.42707 0.0133964
vt 2.42707 0.010925
vt 2.42707 0.00872219
vt 2.42707 0.00708621
vt 2.42707 0.00631546
vt 2.42684 0.00529522
vt 2.42593 0.00412115
vt 2.4244 0.00304808
vt 2.42232 0.0020995
vt 2.41975 0.00129889
vt 2.41678 0.00066975
vt 2.41346 0.000235575
vt 2.40987 1.98571e-05
vt 2.40157 3.70151e-11
vt 2.3641 3.70151e-11
vt 2.30239 3.70151e-11
vt 2.22614 3.70151e-11
vt 2.14503 3.70151e-11
vt 2.06878 3.70151e-11
vt 2.00707 3.70151e-11
vt 1.9696 3.70138e-11
vt 1.96095 2.44199e-05
vt 1.95654 0.000289705
vt 1.95246 0.000823644
vt 1.9488 0.00159734
vt 1.94565 0.00258192
vt 1.94309 0.00374847
vt 1.94121 0.00506811
vt 1.94009 0.00651194
vt 1.9398 0.00775855
vt 1.9398 0.00844802
vt 1.9398 0.00991148
vt 1.9398 0.011882
vt 1.9398 0.0140928
vt 1.9398 0.0162769
vt 1.9398 0.0181673
vt 1.9398 0.0194974
vt 1.9398 0.0200363
vt 0.74647 0.0200363
f 5723/3842/1705 5724/3843/1705 5725/3844/1705 5726/3845/1705 5727/3846/1705 5728/3847/1705 5729/3848/1705 5730/3849/1705 5731/3850/1705 5732/3851/1705 5733/3852/1705 5734/3853/1705 5735/3854/1705 5736/3855/1705 5737/3856/1705 5738/3857/1705 5739/3858/1705 5740/3859/1705 5741/3860/1705 5742/3861/1705 5743/3862/1705 5744/3863/1705 5745/3864/1705 5746/3865/1705 5747/3866/1705 5748/3867/1705 5749/3868/1705 5750/3869/1705 5751/3870/1705 5752/3871/1705 5753/3872/1705 5754/3873/1705 5755/3874/1705 5756/3875/1705 5757/3876/1705 5758/3877/1705 5759/3878/1705 5760/3879/1705 5761/3880/1705 5762/3881/1705 5763/3882/1705 5764/2970/1705 5765/2884/1705 5890/3623/1705 5891/3883/1705 5892/3884/1705 5893/3885/1705 5894/3886/1705 5895/3887/1705 5896/3888/1705 5897/3889/1705 5898/3890/1705 5899/3891/1705 5900/3892/1705 5901/3893/1705 5902/3894/1705 5903/3895/1705 5904/3896/1705 5905/3897/1705 5906/3898/1705 5907/3899/1705 5908/3900/1705 5909/3682/1705 5910/3901/1705 5911/3902/1705 5912/3903/1705 5913/3904/1705 5914/3905/1705 5915/3906/1705 5916/3907/1705 5917/3908/1705 5918/3909/1705 5919/3910/1705 5920/3911/1705 5921/3912/1705 5922/3913/1705 5923/3914/1705 5924/3915/1705 5925/3916/1705 5926/3917/1705 5927/3918/1705 5928/3919/1705 5929/3920/1705 5930/3921/1705 5931/3922/1705 5932/3923/1705 5933/3924/1705 5934/3925/1705 5935/3926/1705 5936/3927/1705 5937/3928/1705 5938/3929/1705 5939/3930/1705 5940/3931/1705 5941/3932/1705 5942/3933/1705 5943/3934/1705 5944/3935/1705 5945/3936/1705 5946/3937/1705 5947/3938/1705 5948/3939/1705 5949/3940/1705 5950/3941/1705 5951/3942/1705 5952/3943/1705 5953/3944/1705 5954/3945/1705 5955/3946/1705 5956/3947/1705 5957/3948/1705 5958/3949/1705 5959/3950/1705 5960/3951/1705 5961/3952/1705 5962/3953/1705 5963/3954/1705 5964/3955/1705 5965/3956/1705 5966/3957/1705 5967/3958/1705 5968/3959/1705 5969/3960/1705 5970/3961/1705 5971/3962/1705 5972/3963/1705 5720/3964/1705 5719/3965/1705 5721/3966/1705 5722/3967/1705 

g Mesh12 ___224_1 Model

v 42.59 21.8987 -66.4854
vt -0.0149257 0.02
vn 3.88578e-16 1.97215e-31 -1
v 42.59 22.0153 -66.4854
vt -0.0172564 0.02
v 44.59 22.0153 -66.4854
vt -0.0172564 0
v 44.59 21.8987 -66.4854
vt -0.0149257 0
f 5973/3968/1736 5974/3969/1736 5975/3970/1736 5976/3971/1736 

f 5976/3971/1736 5973/3968/1736 5974/3969/1736 5975/3970/1736 

v 42.59 21.8221 -66.4842
vt 0.0108126 0.02
vn 4.26559e-16 -0.0155692 -0.999879
vt 0.00928236 0.02
vt 0.00928236 0
v 44.59 21.8221 -66.4842
vt 0.0108126 0
f 5977/3972/1737 5973/3973/1737 5976/3974/1737 5978/3975/1737 

f 5973/3973/1737 5976/3974/1737 5978/3975/1737 5977/3972/1737 

v 44.59 23.1917 -46.5254
vt -1.95375 0.0203967
vn 1 2.44249e-15 3.88578e-16
v 44.59 23.1917 -54.9043
vt -1.78626 0.0203967
v 44.59 23.1434 -54.9043
vt -1.78626 0.019914
v 44.59 23.0157 -54.9043
vt -1.78626 0.0186369
v 44.59 22.8347 -54.9043
vt -1.78626 0.0168269
v 44.59 22.6264 -54.9043
vt -1.78626 0.0147445
v 44.59 22.417 -54.9043
vt -1.78626 0.0126502
v 44.59 22.2325 -54.9043
vt -1.78626 0.0108047
v 44.59 22.0988 -54.9043
vt -1.78626 0.00946839
v 44.59 22.0422 -54.9043
vt -1.78626 0.0089019
v 44.59 21.8801 -54.9133
vt -1.78608 0.00728074
v 44.59 21.7135 -54.9427
vt -1.78549 0.00561464
v 44.59 21.562 -54.9905
vt -1.78454 0.00409985
v 44.59 21.4291 -55.0545
vt -1.78326 0.00277094
v 44.59 21.3183 -55.1326
vt -1.78169 0.00166252
v 44.59 21.2329 -55.2228
vt -1.77989 0.000809164
v 44.59 21.1765 -55.3228
vt -1.77789 0.000245462
v 44.59 21.1526 -55.4305
vt -1.77574 6.00032e-06
v 44.59 21.152 -55.7538
vt -1.76928 4.51195e-16
v 44.59 21.152 -56.8148
vt -1.74807 4.51195e-16
v 44.59 21.152 -58.4103
vt -1.71617 4.51195e-16
v 44.59 21.152 -60.3002
vt -1.67839 4.51195e-16
v 44.59 21.152 -62.2446
vt -1.63953 2.25597e-15
v 44.59 21.152 -64.0036
vt -1.60436 4.51195e-16
v 44.59 21.152 -65.3373
vt -1.5777 0
v 44.59 21.152 -66.0057
vt -1.56434 4.51195e-16
v 44.59 21.1597 -66.106
vt -1.56234 7.67147e-05
v 44.59 21.1939 -66.1904
vt -1.56065 0.000418734
v 44.59 21.2529 -66.2675
vt -1.55911 0.00100907
v 44.59 21.334 -66.3357
vt -1.55774 0.0018196
v 44.59 21.4342 -66.3932
vt -1.55659 0.0028222
v 44.59 21.5509 -66.4383
vt -1.55569 0.00398874
v 44.59 21.6811 -66.4692
vt -1.55508 0.0052911
vt -1.55478 0.00670115
vt -1.55475 0.00746657
vt -1.55475 0.00863252
v 44.59 22.2037 -66.4854
vt -1.55475 0.0105169
v 44.59 22.4341 -66.4854
vt -1.55475 0.0128215
v 44.59 22.6768 -66.4854
vt -1.55475 0.015248
v 44.59 22.9018 -66.4854
vt -1.55475 0.0174984
v 44.59 23.0794 -66.4854
vt -1.55475 0.0192743
v 44.59 23.1798 -66.4854
vt -1.55475 0.0202776
v 44.59 23.1918 -67.2379
vt -1.53971 0.0203976
v 44.59 23.1918 -72.0048
vt -1.44442 0.0203976
v 44.59 23.1918 -80.0446
vt -1.2837 0.0203976
v 44.59 23.1918 -90.0482
vt -1.08373 0.0203976
v 44.59 23.1918 -100.706
vt -0.870676 0.0203976
v 44.59 23.1918 -110.71
vt -0.670705 0.0203976
v 44.59 23.1918 -118.75
vt -0.50999 0.0203976
v 44.59 23.1918 -123.517
vt -0.414699 0.0203976
v 44.59 23.1798 -124.269
vt -0.399658 0.0202776
v 44.59 23.0794 -124.269
vt -0.399658 0.0192743
v 44.59 22.9018 -124.269
vt -0.399658 0.0174984
v 44.59 22.6768 -124.269
vt -0.399658 0.015248
v 44.59 22.4341 -124.269
vt -0.399658 0.0128215
v 44.59 22.2037 -124.269
vt -0.399658 0.0105169
v 44.59 22.0153 -124.269
vt -0.399658 0.00863252
v 44.59 21.8987 -124.269
vt -0.399658 0.00746657
v 44.59 21.8221 -124.27
vt -0.399634 0.00670115
v 44.59 21.6811 -124.285
vt -0.399333 0.0052911
v 44.59 21.5509 -124.316
vt -0.398715 0.00398874
v 44.59 21.4342 -124.361
vt -0.397815 0.0028222
v 44.59 21.334 -124.419
vt -0.396665 0.0018196
v 44.59 21.2529 -124.487
vt -0.395302 0.00100907
v 44.59 21.1939 -124.564
vt -0.39376 0.000418734
v 44.59 21.1597 -124.648
vt -0.392073 7.67147e-05
v 44.59 21.152 -124.749
vt -0.390069 4.51195e-16
v 44.59 21.152 -125.417
vt -0.376707 4.51195e-16
v 44.59 21.152 -126.751
vt -0.350047 4.51195e-16
v 44.59 21.152 -128.51
vt -0.314884 4.51195e-16
v 44.59 21.152 -130.454
vt -0.276014 4.51195e-16
v 44.59 21.152 -132.344
vt -0.238235 4.51195e-16
v 44.59 21.152 -133.94
vt -0.206342 4.51195e-16
v 44.59 21.152 -135.001
vt -0.185132 2.25597e-15
v 44.59 21.1526 -135.324
vt -0.178671 6.00032e-06
v 44.59 21.1765 -135.432
vt -0.176516 0.000245462
v 44.59 21.2329 -135.532
vt -0.174517 0.000809164
v 44.59 21.3183 -135.622
vt -0.172715 0.00166252
v 44.59 21.4291 -135.7
vt -0.171153 0.00277094
v 44.59 21.562 -135.764
vt -0.169874 0.00409985
v 44.59 21.7135 -135.812
vt -0.168919 0.00561464
v 44.59 21.8801 -135.841
vt -0.168331 0.00728074
v 44.59 22.0422 -135.85
vt -0.168151 0.0089019
v 44.59 22.0988 -135.85
vt -0.168151 0.00946839
v 44.59 22.2325 -135.85
vt -0.168151 0.0108047
v 44.59 22.417 -135.85
vt -0.168151 0.0126502
v 44.59 22.6264 -135.85
vt -0.168151 0.0147445
v 44.59 22.8347 -135.85
vt -0.168151 0.0168269
v 44.59 23.0157 -135.85
vt -0.168151 0.0186369
v 44.59 23.1434 -135.85
vt -0.168151 0.019914
v 44.59 23.1917 -135.85
vt -0.168151 0.0203967
v 44.59 23.1917 -144.262
vt 0 0.0203967
v 44.59 24.8129 -144.262
vt 0 0.0366095
v 44.59 24.8129 -46.5254
vt -1.95375 0.0366095
f 5979/3976/1738 5980/3977/1738 5981/3978/1738 5982/3979/1738 5983/3980/1738 5984/3981/1738 5985/3982/1738 5986/3983/1738 5987/3984/1738 5988/3985/1738 5989/3986/1738 5990/3987/1738 5991/3988/1738 5992/3989/1738 5993/3990/1738 5994/3991/1738 5995/3992/1738 5996/3993/1738 5997/3994/1738 5998/3995/1738 5999/3996/1738 6000/3997/1738 6001/3998/1738 6002/3999/1738 6003/4000/1738 6004/4001/1738 6005/4002/1738 6006/4003/1738 6007/4004/1738 6008/4005/1738 6009/4006/1738 6010/4007/1738 6011/4008/1738 5978/4009/1738 5976/4010/1738 5975/4011/1738 6012/4012/1738 6013/4013/1738 6014/4014/1738 6015/4015/1738 6016/4016/1738 6017/4017/1738 6018/4018/1738 6019/4019/1738 6020/4020/1738 6021/4021/1738 6022/4022/1738 6023/4023/1738 6024/4024/1738 6025/4025/1738 6026/4026/1738 6027/4027/1738 6028/4028/1738 6029/4029/1738 6030/4030/1738 6031/4031/1738 6032/4032/1738 6033/4033/1738 6034/4034/1738 6035/4035/1738 6036/4036/1738 6037/4037/1738 6038/4038/1738 6039/4039/1738 6040/4040/1738 6041/4041/1738 6042/4042/1738 6043/4043/1738 6044/4044/1738 6045/4045/1738 6046/4046/1738 6047/4047/1738 6048/4048/1738 6049/4049/1738 6050/4050/1738 6051/4051/1738 6052/4052/1738 6053/4053/1738 6054/4054/1738 6055/4055/1738 6056/4056/1738 6057/4057/1738 6058/4058/1738 6059/4059/1738 6060/4060/1738 6061/4061/1738 6062/4062/1738 6063/4063/1738 6064/4064/1738 6065/4065/1738 6066/4066/1738 6067/4067/1738 6068/4068/1738 6069/4069/1738 

v 42.59 23.1917 -46.5254
vt 1.95375 0.02
vn 2.44249e-15 -1 7.51883e-31
v 42.59 23.1917 -54.9043
vt 1.78626 0.02
vt 1.78626 0
vt 1.95375 0
f 6070/4070/1739 6071/4071/1739 5980/4072/1739 5979/4073/1739 

vt 1.78626 0.0203967
vn -1 -2.44249e-15 -3.88578e-16
vt 1.95375 0.0203967
v 42.59 24.8129 -46.5254
vt 1.95375 0.0366095
v 42.59 24.8129 -144.262
v 42.59 23.1917 -144.262
v 42.59 23.1917 -135.85
vt 0.168151 0.0203967
v 42.59 23.1434 -135.85
vt 0.168151 0.019914
v 42.59 23.0157 -135.85
vt 0.168151 0.0186369
v 42.59 22.8347 -135.85
vt 0.168151 0.0168269
v 42.59 22.6264 -135.85
vt 0.168151 0.0147445
v 42.59 22.417 -135.85
vt 0.168151 0.0126502
v 42.59 22.2325 -135.85
vt 0.168151 0.0108047
v 42.59 22.0988 -135.85
vt 0.168151 0.00946839
v 42.59 22.0422 -135.85
vt 0.168151 0.0089019
v 42.59 21.8801 -135.841
vt 0.168331 0.00728074
v 42.59 21.7135 -135.812
vt 0.168919 0.00561464
v 42.59 21.562 -135.764
vt 0.169874 0.00409985
v 42.59 21.4291 -135.7
vt 0.171153 0.00277094
v 42.59 21.3183 -135.622
vt 0.172715 0.00166252
v 42.59 21.2329 -135.532
vt 0.174517 0.000809164
v 42.59 21.1765 -135.432
vt 0.176516 0.000245462
v 42.59 21.1526 -135.324
vt 0.178671 6.00032e-06
v 42.59 21.152 -135.001
vt 0.185132 2.27007e-15
v 42.59 21.152 -133.94
vt 0.206342 4.65294e-16
v 42.59 21.152 -132.344
vt 0.238235 4.65294e-16
v 42.59 21.152 -130.454
vt 0.276014 4.65294e-16
v 42.59 21.152 -128.51
vt 0.314884 4.65294e-16
v 42.59 21.152 -126.751
vt 0.350047 4.65294e-16
v 42.59 21.152 -125.417
vt 0.376707 4.65294e-16
v 42.59 21.152 -124.749
vt 0.390069 4.65294e-16
v 42.59 21.1597 -124.648
vt 0.392073 7.67147e-05
v 42.59 21.1939 -124.564
vt 0.39376 0.000418734
v 42.59 21.2529 -124.487
vt 0.395302 0.00100907
v 42.59 21.334 -124.419
vt 0.396665 0.0018196
v 42.59 21.4342 -124.361
vt 0.397815 0.0028222
v 42.59 21.5509 -124.316
vt 0.398715 0.00398874
v 42.59 21.6811 -124.285
vt 0.399333 0.0052911
v 42.59 21.8221 -124.27
vt 0.399634 0.00670115
v 42.59 21.8987 -124.269
vt 0.399658 0.00746657
v 42.59 22.0153 -124.269
vt 0.399658 0.00863252
v 42.59 22.2037 -124.269
vt 0.399658 0.0105169
v 42.59 22.4341 -124.269
vt 0.399658 0.0128215
v 42.59 22.6768 -124.269
vt 0.399658 0.015248
v 42.59 22.9018 -124.269
vt 0.399658 0.0174984
v 42.59 23.0794 -124.269
vt 0.399658 0.0192743
v 42.59 23.1798 -124.269
vt 0.399658 0.0202776
v 42.59 23.1918 -123.517
vt 0.414699 0.0203976
v 42.59 23.1918 -118.75
vt 0.50999 0.0203976
v 42.59 23.1918 -110.71
vt 0.670705 0.0203976
v 42.59 23.1918 -100.706
vt 0.870676 0.0203976
v 42.59 23.1918 -90.0482
vt 1.08373 0.0203976
v 42.59 23.1918 -80.0446
vt 1.2837 0.0203976
v 42.59 23.1918 -72.0048
vt 1.44442 0.0203976
v 42.59 23.1918 -67.2379
vt 1.53971 0.0203976
v 42.59 23.1798 -66.4854
vt 1.55475 0.0202776
v 42.59 23.0794 -66.4854
vt 1.55475 0.0192743
v 42.59 22.9018 -66.4854
vt 1.55475 0.0174984
v 42.59 22.6768 -66.4854
vt 1.55475 0.015248
v 42.59 22.4341 -66.4854
vt 1.55475 0.0128215
v 42.59 22.2037 -66.4854
vt 1.55475 0.0105169
vt 1.55475 0.00863252
vt 1.55475 0.00746657
vt 1.55478 0.00670115
v 42.59 21.6811 -66.4692
vt 1.55508 0.0052911
v 42.59 21.5509 -66.4383
vt 1.55569 0.00398874
v 42.59 21.4342 -66.3932
vt 1.55659 0.0028222
v 42.59 21.334 -66.3357
vt 1.55774 0.0018196
v 42.59 21.2529 -66.2675
vt 1.55911 0.00100907
v 42.59 21.1939 -66.1904
vt 1.56065 0.000418734
v 42.59 21.1597 -66.106
vt 1.56234 7.67147e-05
v 42.59 21.152 -66.0057
vt 1.56434 4.65294e-16
v 42.59 21.152 -65.3373
vt 1.5777 1.40998e-17
v 42.59 21.152 -64.0036
vt 1.60436 4.65294e-16
v 42.59 21.152 -62.2446
vt 1.63953 2.27007e-15
v 42.59 21.152 -60.3002
vt 1.67839 4.65294e-16
v 42.59 21.152 -58.4103
vt 1.71617 4.65294e-16
v 42.59 21.152 -56.8148
vt 1.74807 4.65294e-16
v 42.59 21.152 -55.7538
vt 1.76928 4.65294e-16
v 42.59 21.1526 -55.4305
vt 1.77574 6.00032e-06
v 42.59 21.1765 -55.3228
vt 1.77789 0.000245462
v 42.59 21.2329 -55.2228
vt 1.77989 0.000809164
v 42.59 21.3183 -55.1326
vt 1.78169 0.00166252
v 42.59 21.4291 -55.0545
vt 1.78326 0.00277094
v 42.59 21.562 -54.9905
vt 1.78454 0.00409985
v 42.59 21.7135 -54.9427
vt 1.78549 0.00561464
v 42.59 21.8801 -54.9133
vt 1.78608 0.00728074
v 42.59 22.0422 -54.9043
vt 1.78626 0.0089019
v 42.59 22.0988 -54.9043
vt 1.78626 0.00946839
v 42.59 22.2325 -54.9043
vt 1.78626 0.0108047
v 42.59 22.417 -54.9043
vt 1.78626 0.0126502
v 42.59 22.6264 -54.9043
vt 1.78626 0.0147445
v 42.59 22.8347 -54.9043
vt 1.78626 0.0168269
v 42.59 23.0157 -54.9043
vt 1.78626 0.0186369
v 42.59 23.1434 -54.9043
vt 1.78626 0.019914
f 6071/4074/1740 6070/4075/1740 6072/4076/1740 6073/4068/1740 6074/4067/1740 6075/4077/1740 6076/4078/1740 6077/4079/1740 6078/4080/1740 6079/4081/1740 6080/4082/1740 6081/4083/1740 6082/4084/1740 6083/4085/1740 6084/4086/1740 6085/4087/1740 6086/4088/1740 6087/4089/1740 6088/4090/1740 6089/4091/1740 6090/4092/1740 6091/4093/1740 6092/4094/1740 6093/4095/1740 6094/4096/1740 6095/4097/1740 6096/4098/1740 6097/4099/1740 6098/4100/1740 6099/4101/1740 6100/4102/1740 6101/4103/1740 6102/4104/1740 6103/4105/1740 6104/4106/1740 6105/4107/1740 6106/4108/1740 6107/4109/1740 6108/4110/1740 6109/4111/1740 6110/4112/1740 6111/4113/1740 6112/4114/1740 6113/4115/1740 6114/4116/1740 6115/4117/1740 6116/4118/1740 6117/4119/1740 6118/4120/1740 6119/4121/1740 6120/4122/1740 6121/4123/1740 6122/4124/1740 6123/4125/1740 6124/4126/1740 6125/4127/1740 6126/4128/1740 6127/4129/1740 6128/4130/1740 6129/4131/1740 5974/4132/1740 5973/4133/1740 5977/4134/1740 6130/4135/1740 6131/4136/1740 6132/4137/1740 6133/4138/1740 6134/4139/1740 6135/4140/1740 6136/4141/1740 6137/4142/1740 6138/4143/1740 6139/4144/1740 6140/4145/1740 6141/4146/1740 6142/4147/1740 6143/4148/1740 6144/4149/1740 6145/4150/1740 6146/4151/1740 6147/4152/1740 6148/4153/1740 6149/4154/1740 6150/4155/1740 6151/4156/1740 6152/4157/1740 6153/4158/1740 6154/4159/1740 6155/4160/1740 6156/4161/1740 6157/4162/1740 6158/4163/1740 6159/4164/1740 6160/4165/1740 

vt 0.0731823 0.02
vn -3.88578e-16 -1.97215e-31 1
vt 0.040773 0.02
vt 0.040773 0
vt 0.0731823 0
f 6072/4166/1741 6070/4167/1741 5979/4168/1741 6069/4169/1741 

vn -2.44249e-15 1 -7.51883e-31
vt -1.95375 0.02
vt -1.95375 0
f 6073/2691/1742 6072/4170/1742 6069/4171/1742 6068/2688/1742 

v 42.59 26.4731 -46.5254
vt 1.95375 0.0532108
v 42.59 26.4731 -129.542
vt 0.294249 0.0532108
v 42.59 26.4731 -130.248
vt 0.280145 0.0532108
v 42.59 26.4731 -136.928
vt 0.146607 0.0532108
v 42.59 26.4731 -137.859
vt 0.128002 0.0532108
v 42.59 26.4731 -142.002
vt 0.0451778 0.0532108
v 42.59 26.4731 -142.557
vt 0.0340746 0.0532108
v 42.59 26.4731 -143.206
vt 0.0211109 0.0532108
v 42.59 26.4731 -144.102
vt 0.00319493 0.0532108
v 42.59 30.1877 -144.102
vt 0.00319493 0.0903568
v 42.59 30.1877 -143.206
vt 0.0211109 0.0903568
v 42.59 30.1877 -142.557
vt 0.0340746 0.0903568
v 42.59 30.1877 -142.002
vt 0.0451778 0.0903568
v 42.59 30.1877 -137.859
vt 0.128002 0.0903568
v 42.59 30.1877 -136.928
vt 0.146607 0.0903568
v 42.59 30.1877 -130.248
vt 0.280145 0.0903568
v 42.59 30.1877 -129.542
vt 0.294249 0.0903568
v 42.59 30.1877 -46.5254
vt 1.95375 0.0903568
v 42.59 31.8835 -46.5254
vt 1.95375 0.107315
v 42.59 31.8835 -144.262
vt 0 0.107315
v 42.59 30.1877 -144.262
vt 0 0.0903568
v 42.59 26.3284 -144.262
vt 0 0.0517642
f 6161/4172/1740 6162/4173/1740 6163/4174/1740 6164/4175/1740 6165/4176/1740 6166/4177/1740 6167/4178/1740 6168/4179/1740 6169/4180/1740 6170/4181/1740 6171/4182/1740 6172/4183/1740 6173/4184/1740 6174/4185/1740 6175/4186/1740 6176/4187/1740 6177/4188/1740 6178/4189/1740 6179/4190/1740 6180/4191/1740 6181/4192/1740 6182/4193/1740 6073/4068/1740 6072/4076/1740 

vt 0.294249 0.02
v 44.59 26.4731 -129.542
vt 0.294249 0
v 44.59 26.4731 -46.5254
f 6161/4070/1739 6162/4194/1739 6183/4195/1739 6184/4073/1739 

f 6162/4173/1740 6161/4172/1740 6178/4189/1740 6177/4188/1740 

vt 0.180623 0.02
vt 0.106368 0.02
vt 0.106368 0
v 44.59 30.1877 -46.5254
vt 0.180623 0
f 6178/4196/1741 6161/4197/1741 6184/4198/1741 6185/4199/1741 

f 6161/4197/1741 6072/4166/1741 6069/4169/1741 6184/4198/1741 

vt -0.294249 0.0532108
vt -1.95375 0.0532108
v 44.59 26.3284 -144.262
v 44.59 30.1877 -144.262
v 44.59 31.8835 -144.262
v 44.59 31.8835 -46.5254
vt -1.95375 0.107315
vt -1.95375 0.0903568
v 44.59 30.1877 -129.542
vt -0.294249 0.0903568
v 44.59 30.1877 -130.248
vt -0.280145 0.0903568
v 44.59 30.1877 -136.928
vt -0.146607 0.0903568
v 44.59 30.1877 -137.859
vt -0.128002 0.0903568
v 44.59 30.1877 -142.002
vt -0.0451778 0.0903568
v 44.59 30.1877 -142.557
vt -0.0340746 0.0903568
v 44.59 30.1877 -143.206
vt -0.0211109 0.0903568
v 44.59 30.1877 -144.102
vt -0.00319493 0.0903568
v 44.59 26.4731 -144.102
vt -0.00319493 0.0532108
v 44.59 26.4731 -143.206
vt -0.0211109 0.0532108
v 44.59 26.4731 -142.557
vt -0.0340746 0.0532108
v 44.59 26.4731 -142.002
vt -0.0451778 0.0532108
v 44.59 26.4731 -137.859
vt -0.128002 0.0532108
v 44.59 26.4731 -136.928
vt -0.146607 0.0532108
v 44.59 26.4731 -130.248
vt -0.280145 0.0532108
f 6183/4200/1738 6184/4201/1738 6069/4069/1738 6068/4068/1738 6186/4193/1738 6187/4192/1738 6188/4191/1738 6189/4202/1738 6185/4203/1738 6190/4204/1738 6191/4205/1738 6192/4206/1738 6193/4207/1738 6194/4208/1738 6195/4209/1738 6196/4210/1738 6197/4211/1738 6198/4212/1738 6199/4213/1738 6200/4214/1738 6201/4215/1738 6202/4216/1738 6203/4217/1738 6204/4218/1738 

f 6184/4201/1738 6183/4200/1738 6190/4204/1738 6185/4203/1738 

vt -0.106368 0.02
vt -0.180623 0.02
vt -0.180623 0
vt -0.106368 0
f 6162/4219/1736 6177/4220/1736 6190/4221/1736 6183/4222/1736 

f 6177/4204/1738 6162/4200/1738 6163/4218/1738 6176/4205/1738 

vt -0.280145 0.02
vt -0.294249 0.02
vt -0.294249 0
vt -0.280145 0
f 6163/4223/1742 6162/4224/1742 6183/4225/1742 6204/4226/1742 

vt -0.146607 0.02
vt -0.146607 0
f 6164/4227/1742 6163/4223/1742 6204/4226/1742 6203/4228/1742 

f 6176/4205/1738 6163/4218/1738 6164/4217/1738 6175/4206/1738 

v 42.59 27.9247 -137.859
vt -0.128002 0.0677274
v 42.59 28.736 -137.859
vt -0.128002 0.0758402
f 6175/4206/1738 6164/4217/1738 6165/4216/1738 6205/4229/1738 6206/4230/1738 6174/4207/1738 

vt -0.128002 0.02
vn -2.44249e-15 1 5.44492e-15
vt -0.128002 0
f 6165/4231/1743 6164/4227/1742 6203/4228/1742 6202/4232/1743 

vt -0.0451778 0.02
vt -0.0451778 0
f 6166/4233/1743 6165/4231/1743 6202/4232/1743 6201/4234/1743 

v 42.59 27.9247 -141.326
vt -0.0586816 0.0677274
f 6207/4235/1738 6205/4229/1738 6165/4216/1738 6166/4215/1738 

v 42.59 28.736 -141.326
vt -0.0586816 0.0758402
v 42.59 28.4424 -141.747
vt -0.0502792 0.0729042
f 6208/4236/1738 6206/4230/1738 6205/4229/1738 6207/4235/1738 6166/4215/1738 6167/4214/1738 6209/4237/1738 6172/4209/1738 6173/4208/1738 

f 6174/4207/1738 6206/4230/1738 6208/4236/1738 6173/4208/1738 

vt 0.128002 0.02
vt 0.0451778 0.02
vt 0.0451778 0
vt 0.128002 0
f 6174/4238/1739 6173/4239/1739 6194/4240/1739 6193/4241/1739 

vt 0.0340746 0.02
vt 0.0340746 0
f 6173/4239/1739 6172/4242/1739 6195/4243/1739 6194/4240/1739 

vt 0.0211109 0.02
vt 0.0211109 0
f 6172/4242/1739 6171/4244/1739 6196/4245/1739 6195/4243/1739 

v 42.59 28.4424 -142.395
vt -0.0373156 0.0729042
f 6172/4209/1738 6209/4237/1738 6167/4214/1738 6168/4213/1738 6210/4246/1738 6171/4210/1738 

vt -0.0211109 0.02
vn -2.44249e-15 1 -2.51713e-14
vt -0.0340746 0.02
vt -0.0340746 0
vt -0.0211109 0
f 6168/4247/1744 6167/4248/1742 6200/4249/1742 6199/4250/1744 

f 6167/4248/1742 6166/4233/1743 6201/4234/1743 6200/4249/1742 

vt -0.00319493 0.02
vn -2.44249e-15 1 -5.03426e-14
vt -0.00319493 0
f 6169/4251/1745 6168/4247/1744 6199/4250/1744 6198/4252/1745 

f 6169/4212/1738 6170/4211/1738 6171/4210/1738 6210/4246/1738 6168/4213/1738 

f 6170/4196/1741 6169/4197/1741 6198/4198/1741 6197/4199/1741 

vt 0.00319493 0.02
vt 0.00319493 0
f 6171/4244/1739 6170/4253/1739 6197/4254/1739 6196/4245/1739 

vt 0.146607 0.02
vt 0.146607 0
f 6175/4255/1739 6174/4238/1739 6193/4241/1739 6192/4256/1739 

vt 0.280145 0.02
vt 0.280145 0
f 6176/4257/1739 6175/4255/1739 6192/4256/1739 6191/4258/1739 

f 6177/4194/1739 6176/4257/1739 6191/4258/1739 6190/4195/1739 

f 6178/4070/1739 6177/4194/1739 6190/4195/1739 6185/4073/1739 

vt 0.214523 0.02
vt 0.214523 4.51195e-16
f 6179/4259/1741 6178/4196/1741 6185/4199/1741 6189/4260/1741 

v 42.59 33.5198 -46.5254
vt 0.247232 0.02
v 44.59 33.5198 -46.5254
vt 0.247232 4.51195e-16
f 6211/4261/1741 6179/4259/1741 6189/4260/1741 6212/4262/1741 

vt 1.95375 0.123678
v 42.59 33.5198 -54.9043
vt 1.78626 0.123678
v 42.59 33.5864 -54.9043
vt 1.78626 0.124344
v 42.59 33.743 -54.9043
vt 1.78626 0.12591
v 42.59 33.965 -54.9043
vt 1.78626 0.12813
v 42.59 34.2203 -54.9043
vt 1.78626 0.130683
v 42.59 34.4771 -54.9043
vt 1.78626 0.133251
v 42.59 34.7035 -54.9043
vt 1.78626 0.135515
v 42.59 34.8673 -54.9043
vt 1.78626 0.137153
v 42.59 34.9368 -54.9043
vt 1.78626 0.137848
v 42.59 35.0905 -54.915
vt 1.78604 0.139385
v 42.59 35.2312 -54.9494
vt 1.78536 0.140792
v 42.59 35.345 -55.0046
vt 1.78425 0.14193
v 42.59 35.434 -55.0773
vt 1.7828 0.14282
v 42.59 35.5001 -55.1642
vt 1.78106 0.143481
v 42.59 35.5455 -55.2621
vt 1.7791 0.143935
v 42.59 35.5723 -55.368
vt 1.77699 0.144203
v 42.59 35.5825 -55.4784
vt 1.77478 0.144305
v 42.59 35.5827 -55.8017
vt 1.76832 0.144307
v 42.59 35.5827 -56.8628
vt 1.74711 0.144307
v 42.59 35.5827 -58.4582
vt 1.71522 0.144307
v 42.59 35.5827 -60.3481
vt 1.67744 0.144307
v 42.59 35.5827 -62.2926
vt 1.63857 0.144307
v 42.59 35.5827 -64.0516
vt 1.6034 0.144307
v 42.59 35.5827 -65.3853
vt 1.57674 0.144307
v 42.59 35.5827 -66.0537
vt 1.56338 0.144307
v 42.59 35.5806 -66.1528
vt 1.5614 0.144286
v 42.59 35.5695 -66.2327
vt 1.5598 0.144175
v 42.59 35.5464 -66.3028
vt 1.5584 0.143944
v 42.59 35.5086 -66.3625
vt 1.55721 0.143566
v 42.59 35.4533 -66.4112
vt 1.55624 0.143013
v 42.59 35.3778 -66.4482
vt 1.5555 0.142258
v 42.59 35.2795 -66.4728
vt 1.555 0.141275
v 42.59 35.1555 -66.4845
vt 1.55477 0.140035
v 42.59 35.0759 -66.4854
vt 1.55475 0.139239
v 42.59 34.9362 -66.4854
vt 1.55475 0.137842
v 42.59 34.7105 -66.4854
vt 1.55475 0.135585
v 42.59 34.4345 -66.4854
vt 1.55475 0.132825
v 42.59 34.1439 -66.4854
vt 1.55475 0.129919
v 42.59 33.8743 -66.4854
vt 1.55475 0.127223
v 42.59 33.6616 -66.4854
vt 1.55475 0.125096
v 42.59 33.5415 -66.4854
vt 1.55475 0.123895
v 42.59 33.5271 -67.2379
vt 1.53971 0.123751
v 42.59 33.5271 -72.0048
vt 1.44442 0.123751
v 42.59 33.5271 -80.0446
vt 1.2837 0.123751
v 42.59 33.5271 -90.0482
vt 1.08373 0.123751
v 42.59 33.5271 -100.706
vt 0.870676 0.123751
v 42.59 33.5271 -110.71
vt 0.670705 0.123751
v 42.59 33.5271 -118.75
vt 0.50999 0.123751
v 42.59 33.5271 -123.517
vt 0.414699 0.123751
v 42.59 33.5415 -124.269
vt 0.399658 0.123895
v 42.59 33.6616 -124.269
vt 0.399658 0.125096
v 42.59 33.8743 -124.269
vt 0.399658 0.127223
v 42.59 34.1439 -124.269
vt 0.399658 0.129919
v 42.59 34.4345 -124.269
vt 0.399658 0.132825
v 42.59 34.7105 -124.269
vt 0.399658 0.135585
v 42.59 34.9362 -124.269
vt 0.399658 0.137842
v 42.59 35.0759 -124.269
vt 0.399658 0.139239
v 42.59 35.1555 -124.27
vt 0.399628 0.140035
v 42.59 35.2795 -124.289
vt 0.399261 0.141275
v 42.59 35.3778 -124.326
vt 0.398518 0.142258
v 42.59 35.4533 -124.379
vt 0.397455 0.143013
v 42.59 35.5086 -124.446
vt 0.39613 0.143566
v 42.59 35.5464 -124.522
vt 0.394597 0.143944
v 42.59 35.5695 -124.606
vt 0.392914 0.144175
v 42.59 35.5806 -124.695
vt 0.391136 0.144286
v 42.59 35.5827 -124.797
vt 0.38911 0.144307
v 42.59 35.5827 -125.465
vt 0.375749 0.144307
v 42.59 35.5827 -126.799
vt 0.349088 0.144307
v 42.59 35.5827 -128.558
vt 0.313925 0.144307
v 42.59 35.5827 -130.502
vt 0.275056 0.144307
v 42.59 35.5827 -132.392
vt 0.237277 0.144307
v 42.59 35.5827 -133.988
vt 0.205384 0.144307
v 42.59 35.5827 -135.049
vt 0.184174 0.144307
v 42.59 35.5825 -135.372
vt 0.177713 0.144305
v 42.59 35.5723 -135.477
vt 0.175613 0.144203
v 42.59 35.5455 -135.571
vt 0.17373 0.143935
v 42.59 35.5001 -135.653
vt 0.172085 0.143481
v 42.59 35.434 -135.723
vt 0.170698 0.14282
v 42.59 35.345 -135.778
vt 0.169591 0.14193
v 42.59 35.2312 -135.818
vt 0.168784 0.140792
v 42.59 35.0905 -135.843
vt 0.168297 0.139385
v 42.59 34.9368 -135.85
vt 0.168151 0.137848
v 42.59 34.8673 -135.85
vt 0.168151 0.137153
v 42.59 34.7035 -135.85
vt 0.168151 0.135515
v 42.59 34.4771 -135.85
vt 0.168151 0.133251
v 42.59 34.2203 -135.85
vt 0.168151 0.130683
v 42.59 33.965 -135.85
vt 0.168151 0.12813
v 42.59 33.743 -135.85
vt 0.168151 0.12591
v 42.59 33.5864 -135.85
vt 0.168151 0.124344
v 42.59 33.5198 -135.85
vt 0.168151 0.123678
v 42.59 33.5198 -144.262
vt 0 0.123678
f 6211/4263/1740 6213/4264/1740 6214/4265/1740 6215/4266/1740 6216/4267/1740 6217/4268/1740 6218/4269/1740 6219/4270/1740 6220/4271/1740 6221/4272/1740 6222/4273/1740 6223/4274/1740 6224/4275/1740 6225/4276/1740 6226/4277/1740 6227/4278/1740 6228/4279/1740 6229/4280/1740 6230/4281/1740 6231/4282/1740 6232/4283/1740 6233/4284/1740 6234/4285/1740 6235/4286/1740 6236/4287/1740 6237/4288/1740 6238/4289/1740 6239/4290/1740 6240/4291/1740 6241/4292/1740 6242/4293/1740 6243/4294/1740 6244/4295/1740 6245/4296/1740 6246/4297/1740 6247/4298/1740 6248/4299/1740 6249/4300/1740 6250/4301/1740 6251/4302/1740 6252/4303/1740 6253/4304/1740 6254/4305/1740 6255/4306/1740 6256/4307/1740 6257/4308/1740 6258/4309/1740 6259/4310/1740 6260/4311/1740 6261/4312/1740 6262/4313/1740 6263/4314/1740 6264/4315/1740 6265/4316/1740 6266/4317/1740 6267/4318/1740 6268/4319/1740 6269/4320/1740 6270/4321/1740 6271/4322/1740 6272/4323/1740 6273/4324/1740 6274/4325/1740 6275/4326/1740 6276/4327/1740 6277/4328/1740 6278/4329/1740 6279/4330/1740 6280/4331/1740 6281/4332/1740 6282/4333/1740 6283/4334/1740 6284/4335/1740 6285/4336/1740 6286/4337/1740 6287/4338/1740 6288/4339/1740 6289/4340/1740 6290/4341/1740 6291/4342/1740 6292/4343/1740 6293/4344/1740 6294/4345/1740 6295/4346/1740 6296/4347/1740 6297/4348/1740 6298/4349/1740 6299/4350/1740 6300/4351/1740 6301/4352/1740 6302/4353/1740 6303/4354/1740 6180/4191/1740 6179/4190/1740 

vt -1.78626 0.02
vt -1.95375 4.51195e-16
v 44.59 33.5198 -54.9043
vt -1.78626 4.51195e-16
f 6213/4355/1742 6211/4170/1742 6212/4356/1742 6304/4357/1742 

vt -1.78626 0.123678
vt -1.95375 0.123678
vt 4.02603e-48 0.107315
v 44.59 33.5198 -144.262
vt 4.02603e-48 0.123678
v 44.59 33.5198 -135.85
vt -0.168151 0.123678
v 44.59 33.5864 -135.85
vt -0.168151 0.124344
v 44.59 33.743 -135.85
vt -0.168151 0.12591
v 44.59 33.965 -135.85
vt -0.168151 0.12813
v 44.59 34.2203 -135.85
vt -0.168151 0.130683
v 44.59 34.4771 -135.85
vt -0.168151 0.133251
v 44.59 34.7035 -135.85
vt -0.168151 0.135515
v 44.59 34.8673 -135.85
vt -0.168151 0.137153
v 44.59 34.9368 -135.85
vt -0.168151 0.137848
v 44.59 35.0905 -135.843
vt -0.168297 0.139385
v 44.59 35.2312 -135.818
vt -0.168784 0.140792
v 44.59 35.345 -135.778
vt -0.169591 0.14193
v 44.59 35.434 -135.723
vt -0.170698 0.14282
v 44.59 35.5001 -135.653
vt -0.172085 0.143481
v 44.59 35.5455 -135.571
vt -0.17373 0.143935
v 44.59 35.5723 -135.477
vt -0.175613 0.144203
v 44.59 35.5825 -135.372
vt -0.177713 0.144305
v 44.59 35.5827 -135.049
vt -0.184174 0.144307
v 44.59 35.5827 -133.988
vt -0.205384 0.144307
v 44.59 35.5827 -132.392
vt -0.237277 0.144307
v 44.59 35.5827 -130.502
vt -0.275056 0.144307
v 44.59 35.5827 -128.558
vt -0.313925 0.144307
v 44.59 35.5827 -126.799
vt -0.349088 0.144307
v 44.59 35.5827 -125.465
vt -0.375749 0.144307
v 44.59 35.5827 -124.797
vt -0.38911 0.144307
v 44.59 35.5806 -124.695
vt -0.391136 0.144286
v 44.59 35.5695 -124.606
vt -0.392914 0.144175
v 44.59 35.5464 -124.522
vt -0.394597 0.143944
v 44.59 35.5086 -124.446
vt -0.39613 0.143566
v 44.59 35.4533 -124.379
vt -0.397455 0.143013
v 44.59 35.3778 -124.326
vt -0.398518 0.142258
v 44.59 35.2795 -124.289
vt -0.399261 0.141275
v 44.59 35.1555 -124.27
vt -0.399628 0.140035
v 44.59 35.0759 -124.269
vt -0.399658 0.139239
v 44.59 34.9362 -124.269
vt -0.399658 0.137842
v 44.59 34.7105 -124.269
vt -0.399658 0.135585
v 44.59 34.4345 -124.269
vt -0.399658 0.132825
v 44.59 34.1439 -124.269
vt -0.399658 0.129919
v 44.59 33.8743 -124.269
vt -0.399658 0.127223
v 44.59 33.6616 -124.269
vt -0.399658 0.125096
v 44.59 33.5415 -124.269
vt -0.399658 0.123895
v 44.59 33.5271 -123.517
vt -0.414699 0.123751
v 44.59 33.5271 -118.75
vt -0.50999 0.123751
v 44.59 33.5271 -110.71
vt -0.670705 0.123751
v 44.59 33.5271 -100.706
vt -0.870676 0.123751
v 44.59 33.5271 -90.0482
vt -1.08373 0.123751
v 44.59 33.5271 -80.0446
vt -1.2837 0.123751
v 44.59 33.5271 -72.0048
vt -1.44442 0.123751
v 44.59 33.5271 -67.2379
vt -1.53971 0.123751
v 44.59 33.5415 -66.4854
vt -1.55475 0.123895
v 44.59 33.6616 -66.4854
vt -1.55475 0.125096
v 44.59 33.8743 -66.4854
vt -1.55475 0.127223
v 44.59 34.1439 -66.4854
vt -1.55475 0.129919
v 44.59 34.4345 -66.4854
vt -1.55475 0.132825
v 44.59 34.7105 -66.4854
vt -1.55475 0.135585
v 44.59 34.9362 -66.4854
vt -1.55475 0.137842
v 44.59 35.0759 -66.4854
vt -1.55475 0.139239
v 44.59 35.1555 -66.4845
vt -1.55477 0.140035
v 44.59 35.2795 -66.4728
vt -1.555 0.141275
v 44.59 35.3778 -66.4482
vt -1.5555 0.142258
v 44.59 35.4533 -66.4112
vt -1.55624 0.143013
v 44.59 35.5086 -66.3625
vt -1.55721 0.143566
v 44.59 35.5464 -66.3028
vt -1.5584 0.143944
v 44.59 35.5695 -66.2327
vt -1.5598 0.144175
v 44.59 35.5806 -66.1528
vt -1.5614 0.144286
v 44.59 35.5827 -66.0537
vt -1.56338 0.144307
v 44.59 35.5827 -65.3853
vt -1.57674 0.144307
v 44.59 35.5827 -64.0516
vt -1.6034 0.144307
v 44.59 35.5827 -62.2926
vt -1.63857 0.144307
v 44.59 35.5827 -60.3481
vt -1.67744 0.144307
v 44.59 35.5827 -58.4582
vt -1.71522 0.144307
v 44.59 35.5827 -56.8628
vt -1.74711 0.144307
v 44.59 35.5827 -55.8017
vt -1.76832 0.144307
v 44.59 35.5825 -55.4784
vt -1.77478 0.144305
v 44.59 35.5723 -55.368
vt -1.77699 0.144203
v 44.59 35.5455 -55.2621
vt -1.7791 0.143935
v 44.59 35.5001 -55.1642
vt -1.78106 0.143481
v 44.59 35.434 -55.0773
vt -1.7828 0.14282
v 44.59 35.345 -55.0046
vt -1.78425 0.14193
v 44.59 35.2312 -54.9494
vt -1.78536 0.140792
v 44.59 35.0905 -54.915
vt -1.78604 0.139385
v 44.59 34.9368 -54.9043
vt -1.78626 0.137848
v 44.59 34.8673 -54.9043
vt -1.78626 0.137153
v 44.59 34.7035 -54.9043
vt -1.78626 0.135515
v 44.59 34.4771 -54.9043
vt -1.78626 0.133251
v 44.59 34.2203 -54.9043
vt -1.78626 0.130683
v 44.59 33.965 -54.9043
vt -1.78626 0.12813
v 44.59 33.743 -54.9043
vt -1.78626 0.12591
v 44.59 33.5864 -54.9043
vt -1.78626 0.124344
f 6304/4358/1738 6212/4359/1738 6189/4202/1738 6188/4360/1738 6305/4361/1738 6306/4362/1738 6307/4363/1738 6308/4364/1738 6309/4365/1738 6310/4366/1738 6311/4367/1738 6312/4368/1738 6313/4369/1738 6314/4370/1738 6315/4371/1738 6316/4372/1738 6317/4373/1738 6318/4374/1738 6319/4375/1738 6320/4376/1738 6321/4377/1738 6322/4378/1738 6323/4379/1738 6324/4380/1738 6325/4381/1738 6326/4382/1738 6327/4383/1738 6328/4384/1738 6329/4385/1738 6330/4386/1738 6331/4387/1738 6332/4388/1738 6333/4389/1738 6334/4390/1738 6335/4391/1738 6336/4392/1738 6337/4393/1738 6338/4394/1738 6339/4395/1738 6340/4396/1738 6341/4397/1738 6342/4398/1738 6343/4399/1738 6344/4400/1738 6345/4401/1738 6346/4402/1738 6347/4403/1738 6348/4404/1738 6349/4405/1738 6350/4406/1738 6351/4407/1738 6352/4408/1738 6353/4409/1738 6354/4410/1738 6355/4411/1738 6356/4412/1738 6357/4413/1738 6358/4414/1738 6359/4415/1738 6360/4416/1738 6361/4417/1738 6362/4418/1738 6363/4419/1738 6364/4420/1738 6365/4421/1738 6366/4422/1738 6367/4423/1738 6368/4424/1738 6369/4425/1738 6370/4426/1738 6371/4427/1738 6372/4428/1738 6373/4429/1738 6374/4430/1738 6375/4431/1738 6376/4432/1738 6377/4433/1738 6378/4434/1738 6379/4435/1738 6380/4436/1738 6381/4437/1738 6382/4438/1738 6383/4439/1738 6384/4440/1738 6385/4441/1738 6386/4442/1738 6387/4443/1738 6388/4444/1738 6389/4445/1738 6390/4446/1738 6391/4447/1738 6392/4448/1738 6393/4449/1738 6394/4450/1738 

f 6180/2691/1742 6179/4170/1742 6189/4356/1742 6188/2739/1742 

vt -0.214523 0.02
vt -0.247232 0.02
vt -0.247232 4.51195e-16
vt -0.214523 4.51195e-16
f 6180/4451/1736 6303/4452/1736 6305/4453/1736 6188/4454/1736 

vt -0.168151 0.02
vt -0.168151 4.51195e-16
f 6303/2691/1742 6302/4455/1742 6306/4456/1742 6305/2739/1742 

vt -0.248564 0.02
vt -0.248564 4.51195e-16
f 6302/4452/1736 6301/4457/1736 6307/4458/1736 6306/4453/1736 

vt -0.251694 0.02
vt -0.251694 4.51195e-16
f 6301/4457/1736 6300/4459/1736 6308/4460/1736 6307/4458/1736 

vt -0.256131 0.02
vt -0.256131 4.51195e-16
f 6300/4459/1736 6299/4461/1736 6309/4462/1736 6308/4460/1736 

vt -0.261236 0.02
vt -0.261236 4.51195e-16
f 6299/4461/1736 6298/4463/1736 6310/4464/1736 6309/4462/1736 

vt -0.26637 0.02
vt -0.26637 4.51195e-16
f 6298/4463/1736 6297/4465/1736 6311/4466/1736 6310/4464/1736 

vt -0.270894 0.02
vt -0.270894 4.51195e-16
f 6297/4465/1736 6296/4467/1736 6312/4468/1736 6311/4466/1736 

vt -0.27417 0.02
vt -0.27417 4.51195e-16
f 6296/4467/1736 6295/4469/1736 6313/4470/1736 6312/4468/1736 

vt -0.275558 0.02
vt -0.275558 4.51195e-16
f 6295/4469/1736 6294/4471/1736 6314/4472/1736 6313/4470/1736 

f 6294/4471/1736 6314/4472/1736 6313/4470/1736 6295/4469/1736 

vt -0.283249 0.02
vn 2.71897e-16 0.0475912 -0.998867
vt -0.286324 0.02
vt -0.286324 4.51195e-16
vt -0.283249 4.51195e-16
f 6294/4473/1746 6293/4474/1746 6315/4475/1746 6314/4476/1746 

f 6314/4476/1746 6294/4473/1746 6293/4474/1746 6315/4475/1746 

vt -0.303224 0.02
vn -3.31208e-17 0.170326 -0.985388
vt -0.30608 0.02
vt -0.30608 4.51195e-16
vt -0.303224 4.51195e-16
f 6293/4477/1747 6292/4478/1747 6316/4479/1747 6315/4480/1747 

f 6292/4478/1747 6316/4479/1747 6315/4480/1747 6293/4477/1747 

vt -0.321682 0.02
vn -4.5052e-16 0.334384 -0.942437
vt -0.324096 0.02
vt -0.324096 4.51195e-16
vt -0.321682 4.51195e-16
f 6292/4481/1748 6291/4482/1748 6317/4483/1748 6316/4484/1748 

f 6316/4484/1748 6292/4481/1748 6291/4482/1748 6317/4483/1748 

vt -0.330486 0.02
vn -9.61507e-16 0.528696 -0.848811
vt -0.33258 0.02
vt -0.33258 4.51195e-16
vt -0.330486 4.51195e-16
f 6291/4485/1749 6290/4486/1749 6318/4487/1749 6317/4488/1749 

vt -0.320548 0.02
vn -1.49973e-15 0.723791 -0.690019
vt -0.322464 0.02
vt -0.322464 4.51195e-16
vt -0.320548 4.51195e-16
f 6290/4489/1750 6289/4490/1750 6319/4491/1750 6318/4492/1750 

f 6318/4492/1750 6290/4489/1750 6289/4490/1750 6319/4491/1750 

vt -0.289225 0.02
vn -1.95091e-15 0.875589 -0.483056
vt -0.291104 0.02
vt -0.291104 4.51195e-16
vt -0.289225 4.51195e-16
f 6289/4493/1751 6288/4494/1751 6320/4495/1751 6319/4496/1751 

f 6288/4494/1751 6320/4495/1751 6319/4496/1751 6289/4493/1751 

vt -0.245742 0.02
vn -2.24335e-15 0.961941 -0.273258
vt -0.247699 0.02
vt -0.247699 4.51195e-16
vt -0.245742 4.51195e-16
f 6288/4497/1752 6287/4498/1752 6321/4499/1752 6320/4500/1752 

f 6320/4500/1752 6288/4497/1752 6287/4498/1752 6321/4499/1752 

vt -0.202625 0.02
vn -2.39356e-15 0.995328 -0.0965521
vt -0.204735 0.02
vt -0.204735 4.51195e-16
vt -0.202625 4.51195e-16
f 6287/4501/1753 6286/4502/1753 6322/4503/1753 6321/4504/1753 

f 6286/4502/1753 6322/4503/1753 6321/4504/1753 6287/4501/1753 

vt -0.177923 0.02
vn -2.44221e-15 1 -0.000728214
vt -0.184384 0.02
vt -0.184384 4.51195e-16
vt -0.177923 4.51195e-16
f 6286/4505/1754 6285/4506/1754 6323/4507/1754 6322/4508/1754 

f 6285/4506/1754 6323/4507/1754 6322/4508/1754 6286/4505/1754 

vt -0.184174 0.02
vn -2.44249e-15 1 -1.27572e-13
vt -0.205384 0.02
vt -0.205384 4.51195e-16
vt -0.184174 4.51195e-16
f 6285/4509/1755 6284/4510/1755 6324/4511/1755 6323/4512/1755 

f 6323/4512/1755 6285/4509/1755 6284/4510/1755 6324/4511/1755 

vt -0.237277 0.02
vt -0.237277 4.51195e-16
f 6284/4510/1742 6283/4513/1742 6325/4514/1742 6324/4511/1742 

vt -0.275056 0.02
vt -0.275056 4.51195e-16
f 6283/4513/1742 6282/4515/1742 6326/4516/1742 6325/4514/1742 

vt -0.313925 0.02
vt -0.313925 4.51195e-16
f 6282/4515/1742 6281/4517/1742 6327/4518/1742 6326/4516/1742 

vt -0.349088 0.02
vt -0.349088 4.51195e-16
f 6281/4517/1742 6280/4519/1742 6328/4520/1742 6327/4518/1742 

vt -0.375749 0.02
vt -0.375749 4.51195e-16
f 6280/4519/1742 6279/4521/1742 6329/4522/1742 6328/4520/1742 

vt -0.38911 0.02
vt -0.38911 4.51195e-16
f 6279/4521/1742 6278/4523/1742 6330/4524/1742 6329/4522/1742 

f 6278/4523/1742 6330/4524/1742 6329/4522/1742 6279/4521/1742 

vt -0.383042 0.02
vn -2.45003e-15 0.999785 0.0207462
vt -0.385068 0.02
vt -0.385068 4.51195e-16
vt -0.383042 4.51195e-16
f 6278/4525/1756 6277/4526/1756 6331/4527/1756 6330/4528/1756 

f 6330/4528/1756 6278/4525/1756 6277/4526/1756 6331/4527/1756 

vt -0.352357 0.02
vn -2.47182e-15 0.992284 0.123984
vt -0.354149 0.02
vt -0.354149 4.51195e-16
vt -0.352357 4.51195e-16
f 6277/4529/1757 6276/4530/1757 6332/4531/1757 6331/4532/1757 

f 6276/4530/1757 6332/4531/1757 6331/4532/1757 6277/4529/1757 

vt -0.302639 0.02
vn -2.45825e-15 0.96435 0.264629
vt -0.304384 0.02
vt -0.304384 4.51195e-16
vt -0.302639 4.51195e-16
f 6276/4533/1758 6275/4534/1758 6333/4535/1758 6332/4536/1758 

f 6332/4536/1758 6276/4533/1758 6275/4534/1758 6333/4535/1758 

vt -0.226554 0.02
vn -2.36233e-15 0.896787 0.442462
vt -0.228263 0.02
vt -0.228263 4.51195e-16
vt -0.226554 4.51195e-16
f 6275/4537/1759 6274/4538/1759 6334/4539/1759 6333/4540/1759 

f 6274/4538/1759 6334/4539/1759 6333/4540/1759 6275/4537/1759 

vt -0.120558 0.02
vn -2.12505e-15 0.768178 0.640236
vt -0.122284 0.02
vt -0.122284 4.51195e-16
vt -0.120558 4.51195e-16
f 6274/4541/1760 6273/4542/1760 6335/4543/1760 6334/4544/1760 

f 6334/4544/1760 6274/4541/1760 6273/4542/1760 6335/4543/1760 

vt 0.00478853 0.02
vn -1.72442e-15 0.575953 0.817483
vt 0.0029437 0.02
vt 0.0029437 4.51195e-16
vt 0.00478853 4.51195e-16
f 6273/4545/1761 6272/4546/1761 6336/4547/1761 6335/4548/1761 

f 6272/4546/1761 6336/4547/1761 6335/4548/1761 6273/4545/1761 

vt 0.12509 0.02
vn -1.22713e-15 0.353594 0.935399
vt 0.122989 0.02
vt 0.122989 4.51195e-16
vt 0.12509 4.51195e-16
f 6272/4549/1762 6271/4550/1762 6337/4551/1762 6336/4552/1762 

f 6271/4550/1762 6337/4551/1762 6336/4552/1762 6272/4549/1762 

vt 0.220797 0.02
vn -7.42603e-16 0.146665 0.989186
vt 0.218292 0.02
vt 0.218292 4.51195e-16
vt 0.220797 4.51195e-16
f 6271/4553/1763 6270/4554/1763 6338/4555/1763 6337/4556/1763 

f 6270/4554/1763 6338/4555/1763 6337/4556/1763 6271/4553/1763 

vt 0.272493 0.02
vn -4.33679e-16 0.0184923 0.999829
vt 0.2709 0.02
vt 0.2709 4.51195e-16
vt 0.272493 4.51195e-16
f 6270/4557/1764 6269/4558/1764 6339/4559/1764 6338/4560/1764 

f 6338/4560/1764 6270/4557/1764 6269/4558/1764 6339/4559/1764 

vt 0.278338 0.02
vt 0.275546 0.02
vt 0.275546 4.51195e-16
vt 0.278338 4.51195e-16
f 6269/4561/1741 6268/4562/1741 6340/4563/1741 6339/4564/1741 

vt 0.271035 0.02
vt 0.271035 4.51195e-16
f 6268/4562/1741 6267/4565/1741 6341/4566/1741 6340/4563/1741 

vt 0.265517 0.02
vt 0.265517 4.51195e-16
f 6267/4565/1741 6266/4567/1741 6342/4568/1741 6341/4566/1741 

vt 0.259707 0.02
vt 0.259707 4.51195e-16
f 6266/4567/1741 6265/4569/1741 6343/4570/1741 6342/4568/1741 

vt 0.254319 0.02
vt 0.254319 4.51195e-16
f 6265/4569/1741 6264/4571/1741 6344/4572/1741 6343/4570/1741 

vt 0.250067 0.02
vt 0.250067 4.51195e-16
f 6264/4571/1741 6263/4573/1741 6345/4574/1741 6344/4572/1741 

vt 0.247665 0.02
vt 0.247665 4.51195e-16
f 6263/4573/1741 6262/4575/1741 6346/4576/1741 6345/4574/1741 

vt -0.394857 0.02
vn -2.44946e-15 0.999818 0.0190914
vt -0.409901 0.02
vt -0.409901 4.51195e-16
vt -0.394857 4.51195e-16
f 6262/4577/1765 6261/4578/1765 6347/4579/1765 6346/4580/1765 

f 6261/4578/1765 6347/4579/1765 6346/4580/1765 6262/4577/1765 

vt -0.414699 0.02
vn -2.44249e-15 1 -2.83955e-14
vt -0.50999 0.02
vn -2.44249e-15 1 -5.77972e-15
vt -0.50999 4.51195e-16
vt -0.414699 4.51195e-16
f 6261/4581/1766 6260/4582/1767 6348/4583/1767 6347/4584/1766 

vt -0.670705 0.02
vn -2.44249e-15 1 1.65249e-15
vt -0.670705 4.51195e-16
f 6260/4582/1767 6259/4585/1768 6349/4586/1768 6348/4583/1767 

vt -0.870676 0.02
vn -2.44249e-15 1 -6.76551e-15
vt -0.870676 4.51195e-16
f 6259/4585/1768 6258/4587/1769 6350/4588/1769 6349/4586/1768 

vt -1.08373 0.02
vt -1.08373 4.51195e-16
f 6258/4587/1769 6257/4589/1742 6351/4590/1742 6350/4588/1769 

vt -1.2837 0.02
vt -1.2837 4.51195e-16
f 6257/4589/1742 6256/4591/1742 6352/4592/1742 6351/4590/1742 

vt -1.44442 0.02
vt -1.44442 4.51195e-16
f 6256/4591/1742 6255/4593/1742 6353/4594/1742 6352/4592/1742 

vt -1.53971 0.02
vt -1.53971 4.51195e-16
f 6255/4593/1742 6254/4595/1742 6354/4596/1742 6353/4594/1742 

vt -1.54415 0.02
vn -2.43463e-15 0.999818 -0.0190914
vt -1.5592 0.02
vt -1.5592 4.51195e-16
vt -1.54415 4.51195e-16
f 6254/4597/1770 6253/4598/1770 6355/4599/1770 6354/4600/1770 

f 6354/4600/1770 6254/4597/1770 6253/4598/1770 6355/4599/1770 

vt -0.247665 0.02
vt -0.250067 0.02
vt -0.250067 4.51195e-16
vt -0.247665 4.51195e-16
f 6253/4601/1736 6252/4602/1736 6356/4603/1736 6355/4604/1736 

vt -0.254319 0.02
vt -0.254319 4.51195e-16
f 6252/4602/1736 6251/4605/1736 6357/4606/1736 6356/4603/1736 

vt -0.259707 0.02
vt -0.259707 4.51195e-16
f 6251/4605/1736 6250/4607/1736 6358/4608/1736 6357/4606/1736 

vt -0.265517 0.02
vt -0.265517 4.51195e-16
f 6250/4607/1736 6249/4609/1736 6359/4610/1736 6358/4608/1736 

vt -0.271035 0.02
vt -0.271035 4.51195e-16
f 6249/4609/1736 6248/4611/1736 6360/4612/1736 6359/4610/1736 

vt -0.275546 0.02
vt -0.275546 4.51195e-16
f 6248/4611/1736 6247/4613/1736 6361/4614/1736 6360/4612/1736 

vt -0.278338 0.02
vt -0.278338 4.51195e-16
f 6247/4613/1736 6246/4615/1736 6362/4616/1736 6361/4614/1736 

f 6246/4615/1736 6362/4616/1736 6361/4614/1736 6247/4613/1736 

vt -0.296073 0.02
vn 3.60662e-16 0.0114189 -0.999935
vt -0.297666 0.02
vt -0.297666 4.51195e-16
vt -0.296073 4.51195e-16
f 6246/4617/1771 6245/4618/1771 6363/4619/1771 6362/4620/1771 

f 6362/4620/1771 6246/4617/1771 6245/4618/1771 6363/4619/1771 

vt -0.424641 0.02
vn 1.57585e-16 0.0938701 -0.995584
vt -0.42713 0.02
vt -0.42713 4.51195e-16
vt -0.424641 4.51195e-16
f 6245/4621/1772 6244/4622/1772 6364/4623/1772 6363/4624/1772 

f 6244/4622/1772 6364/4623/1772 6363/4624/1772 6245/4621/1772 

vt -0.652077 0.02
vn -2.17053e-16 0.24318 -0.969981
vt -0.654104 0.02
vt -0.654104 4.51195e-16
vt -0.652077 4.51195e-16
f 6244/4625/1773 6243/4626/1773 6365/4627/1773 6364/4628/1773 

f 6364/4628/1773 6244/4625/1773 6243/4626/1773 6365/4627/1773 

vt -0.939972 0.02
vn -7.261e-16 0.440132 -0.897933
vt -0.941652 0.02
vt -0.941652 4.51195e-16
vt -0.939972 4.51195e-16
f 6243/4629/1774 6242/4630/1774 6366/4631/1774 6365/4632/1774 

f 6242/4630/1774 6366/4631/1774 6365/4632/1774 6243/4629/1774 

vt -1.24294 0.02
vn -1.32236e-15 0.660804 -0.750558
vt -1.24441 0.02
vt -1.24441 4.51195e-16
vt -1.24294 4.51195e-16
f 6242/4633/1775 6241/4634/1775 6367/4635/1775 6366/4636/1775 

f 6366/4636/1775 6242/4633/1775 6241/4634/1775 6367/4635/1775 

vt -1.46901 0.02
vn -1.85528e-15 0.84473 -0.535192
vt -1.47043 0.02
vt -1.47043 4.51195e-16
vt -1.46901 4.51195e-16
f 6241/4637/1776 6240/4638/1776 6368/4639/1776 6367/4640/1776 

f 6240/4638/1776 6368/4639/1776 6367/4640/1776 6241/4637/1776 

vt -1.57015 0.02
vn -2.1981e-15 0.949742 -0.313032
vt -1.57163 0.02
vt -1.57163 4.51195e-16
vt -1.57015 4.51195e-16
f 6240/4641/1777 6239/4642/1777 6369/4643/1777 6368/4644/1777 

f 6368/4644/1777 6240/4641/1777 6239/4642/1777 6369/4643/1777 

vt -1.58464 0.02
vn -2.36565e-15 0.99046 -0.137797
vt -1.58625 0.02
vt -1.58625 4.51195e-16
vt -1.58464 4.51195e-16
f 6239/4645/1778 6238/4646/1778 6370/4647/1778 6369/4648/1778 

f 6238/4646/1778 6370/4647/1778 6369/4648/1778 6239/4645/1778 

vt -1.56716 0.02
vn -2.4337e-15 0.999775 -0.0212034
vt -1.56915 0.02
vt -1.56915 4.51195e-16
vt -1.56716 4.51195e-16
f 6238/4649/1779 6237/4650/1779 6371/4651/1779 6370/4652/1779 

f 6370/4652/1779 6238/4649/1779 6237/4650/1779 6371/4651/1779 

vt -1.56338 0.02
vn -2.44249e-15 1 2.02506e-13
vt -1.57674 0.02
vn -2.44249e-15 1 1.01253e-13
vt -1.57674 4.51195e-16
vt -1.56338 4.51195e-16
f 6237/4653/1780 6236/4654/1781 6372/4655/1781 6371/4656/1780 

vt -1.6034 0.02
vt -1.6034 4.51195e-16
f 6236/4654/1781 6235/4657/1742 6373/4658/1742 6372/4655/1781 

vt -1.63857 0.02
vt -1.63857 4.51195e-16
f 6235/4657/1742 6234/4659/1742 6374/4660/1742 6373/4658/1742 

vt -1.67744 0.02
vt -1.67744 4.51195e-16
f 6234/4659/1742 6233/4661/1742 6375/4662/1742 6374/4660/1742 

vt -1.71522 0.02
vt -1.71522 4.51195e-16
f 6233/4661/1742 6232/4663/1742 6376/4664/1742 6375/4662/1742 

vt -1.74711 0.02
vt -1.74711 4.51195e-16
f 6232/4663/1742 6231/4665/1742 6377/4666/1742 6376/4664/1742 

vt -1.76832 0.02
vt -1.76832 4.51195e-16
f 6231/4665/1742 6230/4667/1742 6378/4668/1742 6377/4666/1742 

f 6230/4667/1742 6378/4668/1742 6377/4666/1742 6231/4665/1742 

vt -1.76811 0.02
vn -2.44277e-15 1 0.000727891
vt -1.77457 0.02
vt -1.77457 4.51195e-16
vt -1.76811 4.51195e-16
f 6230/4669/1782 6229/4670/1782 6379/4671/1782 6378/4672/1782 

f 6378/4672/1782 6230/4669/1782 6229/4670/1782 6379/4671/1782 

vt -1.74077 0.02
vn -2.46786e-15 0.995771 0.0918743
vt -1.74299 0.02
vt -1.74299 4.51195e-16
vt -1.74077 4.51195e-16
f 6229/4673/1783 6228/4674/1783 6380/4675/1783 6379/4676/1783 

f 6228/4674/1783 6380/4675/1783 6379/4676/1783 6229/4673/1783 

vt -1.65209 0.02
vn -2.46322e-15 0.969483 0.245157
vt -1.65427 0.02
vt -1.65427 4.51195e-16
vt -1.65209 4.51195e-16
f 6228/4677/1784 6227/4678/1784 6381/4679/1784 6380/4680/1784 

f 6380/4680/1784 6228/4677/1784 6227/4678/1784 6381/4679/1784 

vt -1.49319 0.02
vn -2.37946e-15 0.907299 0.420487
vt -1.49535 0.02
vt -1.49535 4.51195e-16
vt -1.49319 4.51195e-16
f 6227/4681/1785 6226/4682/1785 6382/4683/1785 6381/4684/1785 

f 6226/4682/1785 6382/4683/1785 6381/4684/1785 6227/4681/1785 

vt -1.24375 0.02
vn -2.1791e-15 0.79583 0.60552
vt -1.24593 0.02
vt -1.24593 4.51195e-16
vt -1.24375 4.51195e-16
f 6226/4685/1786 6225/4686/1786 6383/4687/1786 6382/4688/1786 

f 6382/4688/1786 6226/4685/1786 6225/4686/1786 6383/4687/1786 

vt -0.906725 0.02
vn -1.8461e-15 0.632618 0.774464
vt -0.909021 0.02
vn -1.64173e-15 0.538053 0.842911
vt -0.909021 4.51195e-16
vt -0.906725 4.51195e-16
f 6225/4689/1787 6224/4690/1788 6384/4691/1788 6383/4692/1787 

vt -0.522899 0.02
vt -0.525427 0.02
vn -1.41497e-15 0.436154 0.899872
vt -0.525427 4.51195e-16
vt -0.522899 4.51195e-16
f 6224/4693/1788 6223/4694/1789 6385/4695/1789 6384/4696/1788 

vt -0.151282 0.02
vn -9.58376e-16 0.237851 0.971302
vt -0.154179 0.02
vt -0.154179 4.51195e-16
vt -0.151282 4.51195e-16
f 6223/4697/1790 6222/4698/1790 6386/4699/1790 6385/4700/1790 

f 6222/4698/1790 6386/4699/1790 6385/4700/1790 6223/4697/1790 

vt 0.154098 0.02
vn -5.57028e-16 0.0693493 0.997592
vt 0.151019 0.02
vt 0.151019 4.51195e-16
vt 0.154098 4.51195e-16
f 6222/4701/1791 6221/4702/1791 6387/4703/1791 6386/4704/1791 

f 6221/4702/1791 6387/4703/1791 6386/4704/1791 6222/4701/1791 

vt 0.275558 0.02
vt 0.27417 0.02
vt 0.27417 4.51195e-16
vt 0.275558 4.51195e-16
f 6221/4705/1741 6220/4706/1741 6388/4707/1741 6387/4708/1741 

f 6387/4708/1741 6221/4705/1741 6220/4706/1741 6388/4707/1741 

vt 0.270894 0.02
vt 0.270894 4.51195e-16
f 6220/4706/1741 6219/4709/1741 6389/4710/1741 6388/4707/1741 

vt 0.26637 0.02
vt 0.26637 4.51195e-16
f 6219/4709/1741 6218/4711/1741 6390/4712/1741 6389/4710/1741 

vt 0.261236 0.02
vt 0.261236 4.51195e-16
f 6218/4711/1741 6217/4713/1741 6391/4714/1741 6390/4712/1741 

vt 0.256131 0.02
vt 0.256131 4.51195e-16
f 6217/4713/1741 6216/4715/1741 6392/4716/1741 6391/4714/1741 

vt 0.251694 0.02
vt 0.251694 4.51195e-16
f 6216/4715/1741 6215/4717/1741 6393/4718/1741 6392/4716/1741 

vt 0.248564 0.02
vt 0.248564 4.51195e-16
f 6215/4717/1741 6214/4719/1741 6394/4720/1741 6393/4718/1741 

f 6214/4719/1741 6213/4261/1741 6304/4262/1741 6394/4720/1741 

f 6181/4220/1736 6180/4451/1736 6188/4454/1736 6187/4221/1736 

vt -0.103477 0.02
vt -0.103477 0
f 6182/4721/1736 6181/4220/1736 6187/4221/1736 6186/4722/1736 

vt -0.0731823 0.02
vt -0.0731823 0
f 6073/4723/1736 6182/4721/1736 6186/4722/1736 6068/4724/1736 

vt -0.040773 0.02
vt -0.040773 0
f 6074/4725/1736 6073/4723/1736 6068/4724/1736 6067/4726/1736 

vt 0.168151 0.02
vt 0.168151 0
f 6075/4727/1739 6074/2691/1739 6067/2688/1739 6066/4728/1739 

vt -0.0398081 0.02
vt -0.0398081 0
f 6076/4729/1736 6075/4725/1736 6066/4726/1736 6065/4730/1736 

vt -0.0372552 0.02
vt -0.0372552 0
f 6077/4731/1736 6076/4729/1736 6065/4730/1736 6064/4732/1736 

vt -0.033637 0.02
vt -0.033637 0
f 6078/4733/1736 6077/4731/1736 6064/4732/1736 6063/4734/1736 

vt -0.0294742 0.02
vt -0.0294742 0
f 6079/4735/1736 6078/4733/1736 6063/4734/1736 6062/4736/1736 

vt -0.0252878 0.02
vt -0.0252878 0
f 6080/4737/1736 6079/4735/1736 6062/4736/1736 6061/4738/1736 

vt -0.0215986 0.02
vt -0.0215986 0
f 6081/4739/1736 6080/4737/1736 6061/4738/1736 6060/4740/1736 

vt -0.0189273 0.02
vt -0.0189273 0
f 6082/4741/1736 6081/4739/1736 6060/4740/1736 6059/4742/1736 

vt -0.0177949 0.02
vt -0.0177949 0
f 6083/4743/1736 6082/4741/1736 6059/4742/1736 6058/4744/1736 

f 6058/4744/1736 6083/4743/1736 6082/4741/1736 6059/4742/1736 

vt -0.00520011 0.02
vn 5.23384e-16 -0.0554368 -0.998462
vt -0.00844579 0.02
vt -0.00844579 0
vt -0.00520011 0
f 6084/4745/1792 6083/4746/1792 6058/4747/1792 6057/4748/1792 

f 6083/4746/1792 6058/4747/1792 6057/4748/1792 6084/4745/1792 

vt 0.0183039 0.02
vn 8.07151e-16 -0.173792 -0.984782
vt 0.0149219 0.02
vt 0.0149219 0
vt 0.0183039 0
f 6085/4749/1793 6084/4750/1793 6057/4751/1793 6056/4752/1793 

f 6056/4752/1793 6085/4749/1793 6084/4750/1793 6057/4751/1793 

vt 0.0432778 0.02
vn 1.10523e-15 -0.300776 -0.953695
vt 0.0401027 0.02
vt 0.0401027 0
vt 0.0432778 0
f 6086/4753/1794 6085/4754/1794 6056/4755/1794 6055/4756/1794 

f 6085/4754/1794 6056/4755/1794 6055/4756/1794 6086/4753/1794 

vt 0.0692922 0.02
vn 1.41014e-15 -0.434011 -0.900908
vt 0.0663435 0.02
vt 0.0663435 0
vt 0.0692922 0
f 6087/4757/1795 6086/4758/1795 6055/4759/1795 6054/4760/1795 

f 6054/4760/1795 6087/4757/1795 6086/4758/1795 6055/4759/1795 

vt 0.0968006 0.02
vn 1.72493e-15 -0.57619 -0.817316
vt 0.0940896 0.02
vt 0.0940896 0
vt 0.0968006 0
f 6088/4761/1796 6087/4762/1796 6054/4763/1796 6053/4764/1796 

f 6087/4762/1796 6054/4763/1796 6053/4764/1796 6088/4761/1796 

vt 0.125621 0.02
vn 2.04086e-15 -0.72619 -0.687494
vt 0.123139 0.02
vt 0.123139 0
vt 0.125621 0
f 6089/4765/1797 6088/4766/1797 6053/4767/1797 6052/4768/1797 

f 6088/4766/1797 6053/4767/1797 6052/4768/1797 6089/4765/1797 

vt 0.153532 0.02
vn 2.4198e-15 -0.933781 -0.357844
vt 0.151237 0.02
vn 2.31858e-15 -0.871152 -0.491013
vt 0.151237 0
vt 0.153532 0
f 6090/4769/1798 6089/4770/1799 6052/4771/1799 6051/4772/1798 

vt 0.174413 0.02
vn 2.46862e-15 -0.976188 -0.216926
vt 0.172207 0.02
vt 0.172207 0
vt 0.174413 0
f 6091/4773/1800 6090/4774/1798 6051/4775/1798 6050/4776/1800 

vt 0.185132 0.02
vn 2.44321e-15 -0.999998 -0.00185628
vt 0.17867 0.02
vt 0.17867 0
vt 0.185132 0
f 6092/4777/1801 6091/4778/1801 6050/4779/1801 6049/4780/1801 

f 6049/4780/1801 6092/4777/1801 6091/4778/1801 6050/4779/1801 

vt 0.206342 0.02
vn 2.44249e-15 -1 -1.70096e-13
vt 0.206342 0
f 6093/4781/1802 6092/4777/1802 6049/4780/1802 6048/4782/1802 

f 6092/4777/1802 6049/4780/1802 6048/4782/1802 6093/4781/1802 

vt 0.238235 0.02
vt 0.238235 0
f 6094/4783/1739 6093/4781/1739 6048/4782/1739 6047/4784/1739 

vt 0.276014 0.02
vt 0.276014 0
f 6095/4785/1739 6094/4783/1739 6047/4784/1739 6046/4786/1739 

vt 0.314884 0.02
vt 0.314884 0
f 6096/4787/1739 6095/4785/1739 6046/4786/1739 6045/4788/1739 

vt 0.350047 0.02
vt 0.350047 0
f 6097/4789/1739 6096/4787/1739 6045/4788/1739 6044/4790/1739 

vt 0.376707 0.02
vt 0.376707 0
f 6098/4791/1739 6097/4789/1739 6044/4790/1739 6043/4792/1739 

vt 0.390069 0.02
vt 0.390069 0
f 6099/4793/1739 6098/4791/1739 6043/4792/1739 6042/4794/1739 

vt 0.390941 0.02
vn 2.40572e-15 -0.997084 0.0763121
vt 0.388931 0.02
vt 0.388931 0
vt 0.390941 0
f 6100/4795/1803 6099/4796/1803 6042/4797/1803 6041/4798/1803 

f 6099/4796/1803 6042/4797/1803 6041/4798/1803 6100/4795/1803 

vt 0.36525 0.02
vn 2.11776e-15 -0.926799 0.375558
vt 0.36343 0.02
vt 0.36343 0
vt 0.36525 0
f 6101/4799/1804 6100/4800/1804 6041/4801/1804 6040/4802/1804 

vt 0.315181 0.02
vn 1.70375e-15 -0.794215 0.607637
vt 0.313238 0.02
vt 0.313238 0
vt 0.315181 0
f 6102/4803/1805 6101/4804/1805 6040/4805/1805 6039/4806/1805 

f 6039/4806/1805 6102/4803/1805 6101/4804/1805 6040/4805/1805 

vt 0.258146 0.02
vn 1.27507e-15 -0.643774 0.765215
vt 0.256029 0.02
vt 0.256029 0
vt 0.258146 0
f 6103/4807/1806 6102/4808/1806 6039/4809/1806 6038/4810/1806 

f 6102/4808/1806 6039/4809/1806 6038/4810/1806 6103/4807/1806 

vt 0.202785 0.02
vn 8.77917e-16 -0.497446 0.867495
vt 0.200475 0.02
vt 0.200475 0
vt 0.202785 0
f 6104/4811/1807 6103/4812/1807 6038/4813/1807 6037/4814/1807 

f 6037/4814/1807 6104/4811/1807 6103/4812/1807 6038/4813/1807 

vt 0.151122 0.02
vn 5.17724e-16 -0.360367 0.932811
vt 0.148622 0.02
vt 0.148622 -1.82048e-32
vt 0.151122 -1.82048e-32
f 6105/4815/1808 6104/4816/1808 6037/4817/1808 6036/4818/1808 

vt 0.148622 0
vt 0.151122 0
f 6104/4816/1808 6037/4819/1808 6036/4820/1808 6105/4815/1808 

vt 0.102516 0.02
vn 1.86014e-16 -0.230947 0.972966
vt 0.0998403 0.02
vt 0.0998403 0
vt 0.102516 0
f 6106/4821/1809 6105/4822/1809 6036/4823/1809 6035/4824/1809 

f 6035/4824/1809 6106/4821/1809 6105/4822/1809 6036/4823/1809 

vt 0.0556863 0.02
vn -1.27454e-16 -0.106012 0.994365
vt 0.0528516 0.02
vt 0.0528516 0
vt 0.0556863 0
f 6107/4825/1810 6106/4826/1810 6035/4827/1810 6034/4828/1810 

f 6106/4826/1810 6035/4827/1810 6034/4828/1810 6107/4825/1810 

vt 0.0211462 0.02
vn -3.50503e-16 -0.0155692 0.999879
vt 0.019616 0.02
vt 0.019616 0
vt 0.0211462 0
f 6108/4829/1811 6107/4830/1811 6034/4831/1811 6033/4832/1811 

f 6033/4832/1811 6108/4829/1811 6107/4830/1811 6034/4831/1811 

vt 0.0172564 0.02
vt 0.0149257 0.02
vt 0.0149257 0
vt 0.0172564 0
f 6109/4833/1741 6108/4834/1741 6033/4835/1741 6032/4836/1741 

f 6108/4834/1741 6033/4835/1741 6032/4836/1741 6109/4833/1741 

vt 0.0210233 0.02
vt 0.0210233 0
f 6110/4837/1741 6109/4833/1741 6032/4836/1741 6031/4838/1741 

vt 0.0256301 0.02
vt 0.0256301 0
f 6111/4839/1741 6110/4837/1741 6031/4838/1741 6030/4840/1741 

vt 0.0304808 0.02
vt 0.0304808 0
f 6112/4841/1741 6111/4839/1741 6030/4840/1741 6029/4842/1741 

vt 0.0349793 0.02
vt 0.0349793 0
f 6113/4843/1741 6112/4841/1741 6029/4842/1741 6028/4844/1741 

vt 0.0385294 0.02
vt 0.0385294 0
f 6114/4845/1741 6113/4843/1741 6028/4844/1741 6027/4846/1741 

vt 0.040535 0.02
vt 0.040535 0
f 6115/4847/1741 6114/4845/1741 6027/4846/1741 6026/4848/1741 

vt 0.415297 0.02
vn 2.43599e-15 -0.999873 0.0159407
vt 0.400253 0.02
vt 0.400253 0
vt 0.415297 0
f 6116/4849/1812 6115/4850/1812 6026/4851/1812 6025/4852/1812 

f 6025/4852/1812 6116/4849/1812 6115/4850/1812 6026/4851/1812 

vt 0.50999 0.02
vn 2.44249e-15 -1 -5.77972e-15
vt 0.414699 0.02
vn 2.44249e-15 -1 -2.83955e-14
vt 0.414699 0
vt 0.50999 0
f 6117/4853/1813 6116/4854/1814 6025/4855/1814 6024/4856/1813 

vt 0.670705 0.02
vn 2.44249e-15 -1 8.41801e-15
vt 0.670705 0
f 6118/4857/1815 6117/4853/1813 6024/4856/1813 6023/4858/1815 

vt 0.870676 0.02
vt 0.870676 0
f 6119/4859/1739 6118/4857/1815 6023/4858/1815 6022/4860/1739 

vt 1.08373 0.02
vt 1.08373 0
f 6120/4861/1739 6119/4859/1739 6022/4860/1739 6021/4862/1739 

vt 1.2837 0.02
vt 1.2837 0
f 6121/4863/1739 6120/4861/1739 6021/4862/1739 6020/4864/1739 

vt 1.44442 0.02
vt 1.44442 0
f 6122/4865/1739 6121/4863/1739 6020/4864/1739 6019/4866/1739 

vt 1.53971 0.02
vt 1.53971 0
f 6123/4867/1739 6122/4865/1739 6019/4866/1739 6018/4868/1739 

vt 1.55391 0.02
vn 2.44837e-15 -0.999873 -0.0159407
vt 1.53886 0.02
vt 1.53886 0
vt 1.55391 0
f 6124/4869/1816 6123/4870/1816 6018/4871/1816 6017/4872/1816 

f 6123/4870/1816 6018/4871/1816 6017/4872/1816 6124/4869/1816 

vt -0.0385294 0.02
vt -0.040535 0.02
vt -0.040535 0
vt -0.0385294 0
f 6125/4873/1736 6124/4874/1736 6017/4875/1736 6016/4876/1736 

vt -0.0349793 0.02
vt -0.0349793 0
f 6126/4877/1736 6125/4873/1736 6016/4876/1736 6015/4878/1736 

vt -0.0304808 0.02
vt -0.0304808 0
f 6127/4879/1736 6126/4877/1736 6015/4878/1736 6014/4880/1736 

vt -0.0256301 0.02
vt -0.0256301 0
f 6128/4881/1736 6127/4879/1736 6014/4880/1736 6013/4882/1736 

vt -0.0210233 0.02
vt -0.0210233 0
f 6129/4883/1736 6128/4881/1736 6013/4882/1736 6012/4884/1736 

f 5974/3969/1736 6129/4883/1736 6012/4884/1736 5975/3970/1736 

vt 0.15434 0.02
vn 6.45323e-16 -0.106012 -0.994365
vt 0.151505 0.02
vt 0.151505 0
vt 0.15434 0
f 6130/4885/1817 5977/4886/1817 5978/4887/1817 6011/4888/1817 

f 6011/4888/1817 6130/4885/1817 5977/4886/1817 5978/4887/1817 

vt 0.351526 0.02
vn 9.4216e-16 -0.230947 -0.972966
vt 0.34885 0.02
vt 0.34885 0
vt 0.351526 0
f 6131/4889/1818 6130/4890/1818 6011/4891/1818 6010/4892/1818 

f 6130/4890/1818 6011/4891/1818 6010/4892/1818 6131/4889/1818 

vt 0.555683 0.02
vn 1.24266e-15 -0.360367 -0.932811
vt 0.553183 0.02
vt 0.553183 0
vt 0.555683 0
f 6132/4893/1819 6131/4894/1819 6010/4895/1819 6009/4896/1819 

f 6009/4896/1819 6132/4893/1819 6131/4894/1819 6010/4895/1819 

vt 0.771738 0.02
vn 1.5521e-15 -0.497446 -0.867495
vt 0.769427 0.02
vt 0.769427 0
vt 0.771738 0
f 6133/4897/1820 6132/4898/1820 6009/4899/1820 6008/4900/1820 

f 6132/4898/1820 6009/4899/1820 6008/4900/1820 6133/4897/1820 

vt 1.00217 0.02
vn 1.86976e-15 -0.643774 -0.765215
vt 1.00005 0.02
vt 1.00005 0
vt 1.00217 0
f 6134/4901/1821 6133/4902/1821 6008/4903/1821 6007/4904/1821 

f 6007/4904/1821 6134/4901/1821 6133/4902/1821 6008/4903/1821 

vt 1.23898 0.02
vn 2.17598e-15 -0.794215 -0.607637
vt 1.23704 0.02
vt 1.23704 0
vt 1.23898 0
f 6135/4905/1822 6134/4906/1822 6007/4907/1822 6006/4908/1822 

f 6134/4906/1822 6007/4907/1822 6006/4908/1822 6135/4905/1822 

vt 1.44791 0.02
vn 2.40963e-15 -0.926799 -0.375558
vt 1.44609 0.02
vt 1.44609 0
vt 1.44791 0
f 6136/4909/1823 6135/4910/1823 6006/4911/1823 6005/4912/1823 

f 6135/4910/1823 6006/4911/1823 6005/4912/1823 6136/4909/1823 

vt 1.55978 0.02
vn 2.46502e-15 -0.997084 -0.0763121
vt 1.55777 0.02
vt 1.55777 -2.3555e-32
vt 1.55978 -2.3555e-32
f 6137/4913/1824 6136/4914/1824 6005/4915/1824 6004/4916/1824 

vt 1.55978 0
vt 1.55777 0
f 6004/4917/1824 6137/4913/1824 6136/4914/1824 6005/4918/1824 

vt 1.5777 0.02
vn 2.44249e-15 -1 -1.68358e-14
vt 1.56434 0.02
vn 2.44249e-15 -1 -6.75021e-14
vt 1.56434 0
vt 1.5777 0
f 6138/4919/1825 6137/4920/1826 6004/4921/1826 6003/4922/1825 

vt 1.60436 0.02
vn 2.44249e-15 -1 6.82156e-14
vt 1.60436 0
f 6139/4923/1827 6138/4919/1825 6003/4922/1825 6002/4924/1827 

vt 1.63953 0.02
vn 2.44249e-15 -1 4.89156e-15
vt 1.63953 0
f 6140/4925/1828 6139/4923/1827 6002/4924/1827 6001/4926/1828 

vt 1.67839 0.02
vn 2.44249e-15 -1 -4.64088e-14
vt 1.67839 0
f 6141/4927/1829 6140/4925/1828 6001/4926/1828 6000/4928/1829 

vt 1.71617 0.02
vt 1.71617 0
f 6142/4929/1739 6141/4927/1829 6000/4928/1829 5999/4930/1739 

vt 1.74807 0.02
vt 1.74807 0
f 6143/4931/1739 6142/4929/1739 5999/4930/1739 5998/4932/1739 

vt 1.76928 0.02
vt 1.76928 0
f 6144/4933/1739 6143/4931/1739 5998/4932/1739 5997/4934/1739 

f 5997/4934/1739 6144/4933/1739 6143/4931/1739 5998/4932/1739 

vt 1.77574 0.02
vn 2.44177e-15 -0.999998 0.00185628
vt 1.76927 0.02
vt 1.76927 0
vt 1.77574 0
f 6145/4935/1830 6144/4936/1830 5997/4937/1830 5996/4938/1830 

f 6144/4936/1830 5997/4937/1830 5996/4938/1830 6145/4935/1830 

vt 1.73566 0.02
vn 2.30004e-15 -0.976188 0.216926
vt 1.73346 0.02
vt 1.73346 0
vt 1.73566 0
f 6146/4939/1831 6145/4940/1831 5996/4941/1831 5995/4942/1831 

f 6145/4940/1831 5996/4941/1831 5995/4942/1831 6146/4939/1831 

vt 1.55135 0.02
vn 1.73475e-15 -0.804691 0.593694
vt 1.54906 0.02
vn 1.93698e-15 -0.871152 0.491013
vt 1.54906 0
vt 1.55135 0
f 6147/4943/1832 6146/4944/1833 5995/4945/1833 5994/4946/1832 

vt 1.29613 0.02
vn 1.50657e-15 -0.72619 0.687494
vt 1.29365 0.02
vt 1.29365 0
vt 1.29613 0
f 6148/4947/1834 6147/4948/1832 5994/4949/1832 5993/4950/1834 

vt 1.03202 0.02
vn 1.08975e-15 -0.57619 0.817316
vt 1.02931 0.02
vt 1.02931 0
vt 1.03202 0
f 6149/4951/1835 6148/4952/1835 5993/4953/1835 5992/4954/1835 

f 5992/4954/1835 6149/4951/1835 6148/4952/1835 5993/4953/1835 

vt 0.781892 0.02
vn 7.09995e-16 -0.434011 0.900908
vt 0.778943 0.02
vt 0.778943 0
vt 0.781892 0
f 6150/4955/1836 6149/4956/1836 5992/4957/1836 5991/4958/1836 

f 6149/4956/1836 5992/4957/1836 5991/4958/1836 6150/4955/1836 

vt 0.547736 0.02
vn 3.64057e-16 -0.300776 0.953695
vt 0.544561 0.02
vt 0.544561 0
vt 0.547736 0
f 6151/4959/1837 6150/4960/1837 5991/4961/1837 5990/4962/1837 

f 5990/4962/1837 6151/4959/1837 6150/4960/1837 5991/4961/1837 

vt 0.324739 0.02
vn 4.18211e-17 -0.173792 0.984782
vt 0.321357 0.02
vt 0.321357 0
vt 0.324739 0
f 6152/4963/1838 6151/4964/1838 5990/4965/1838 5989/4966/1838 

f 6151/4964/1838 5990/4965/1838 5989/4966/1838 6152/4963/1838 

vt 0.116792 0.02
vn -2.52577e-16 -0.0554368 0.998462
vt 0.113546 0.02
vt 0.113546 0
vt 0.116792 0
f 6153/4967/1839 6152/4968/1839 5989/4969/1839 5988/4970/1839 

f 5988/4970/1839 6153/4967/1839 6152/4968/1839 5989/4969/1839 

vt 0.0189273 0.02
vt 0.0177949 0.02
vt 0.0177949 0
vt 0.0189273 0
f 6154/4971/1741 6153/4972/1741 5988/4973/1741 5987/4974/1741 

f 6153/4972/1741 5988/4973/1741 5987/4974/1741 6154/4971/1741 

vt 0.0215986 0.02
vt 0.0215986 0
f 6155/4975/1741 6154/4971/1741 5987/4974/1741 5986/4976/1741 

vt 0.0252878 0.02
vt 0.0252878 0
f 6156/4977/1741 6155/4975/1741 5986/4976/1741 5985/4978/1741 

vt 0.0294742 0.02
vt 0.0294742 0
f 6157/4979/1741 6156/4977/1741 5985/4978/1741 5984/4980/1741 

vt 0.033637 0.02
vt 0.033637 0
f 6158/4981/1741 6157/4979/1741 5984/4980/1741 5983/4982/1741 

vt 0.0372552 0.02
vt 0.0372552 0
f 6159/4983/1741 6158/4981/1741 5983/4982/1741 5982/4984/1741 

vt 0.0398081 0.02
vt 0.0398081 0
f 6160/4985/1741 6159/4983/1741 5982/4984/1741 5981/4986/1741 

f 6071/4167/1741 6160/4985/1741 5981/4986/1741 5980/4168/1741 

g Mesh13 ___240_2 Model

v 45.3912 18.3931 -147.805
vn 7.7282e-05 -0.899053 0.43784
v 10.204 0.896481 -183.726
v 268.25 0.918127 -183.727
v 233.13 18.4089 -147.806
f 6395/2675/1840 6396/2674/1840 6397/2673/1840 6398/2672/1840 

v 45.3911 20.1912 -148.681
vn -0.75047 0.289318 0.594214
v 10.2039 2.69459 -184.602
f 6399/2687/1841 6400/2686/1841 6396/2685/1841 6395/2684/1841 

vn -7.7282e-05 0.899053 -0.43784
v 233.13 20.207 -148.682
v 268.25 2.71623 -184.603
f 6400/2674/1842 6399/2681/1842 6401/2680/1842 6402/2692/1842 

vn -3.28958e-05 0.43784 0.899053
f 6401/2683/1843 6399/2682/1843 6395/2681/1843 6398/2680/1843 

vn 0.751073 0.289122 0.593546
f 6402/2679/1844 6401/2678/1844 6398/2677/1844 6397/2676/1844 

vn 3.28958e-05 -0.43784 -0.899053
f 6400/2691/1845 6402/2690/1845 6397/2689/1845 6396/2688/1845 

g Mesh14 ___246_7 ___248_4 Model

v 24.2762 21.325 -24.8837
vn 0.0709524 0.994808 -0.0729619
v 24.0279 21.3614 -24.6283
vn 0.0713793 0.994745 -0.073401
v 25.4617 21.3614 -23.234
v 25.71 21.325 -23.4893
f 6403/4/1846 6404/3/1847 6405/2/1847 6406/1/1846 

v 33.5298 21.3793 -34.3994
vn -0.716911 -3.44878e-16 -0.697165
v 37.5147 23.3679 -38.4971
v 39.688 24.4525 -40.732
v 40.2724 24.4812 -41.3329
v 40.7446 24.0531 -41.8185
v 40.8422 23.705 -41.9189
v 40.6274 23.5879 -41.6979
v 39.7784 23.1251 -40.825
v 38.5403 22.449 -39.5517
v 37.0574 21.6376 -38.0269
v 35.4744 20.7689 -36.399
v 33.9359 19.9209 -34.8169
v 32.5863 19.1716 -33.4291
v 31.5703 18.5988 -32.3844
v 30.9407 18.2347 -31.7369
v 30.2577 17.8611 -31.0345
v 29.488 17.4585 -30.2431
v 28.6864 17.0512 -29.4188
v 28.5171 16.9752 -29.2446
v 28.4887 16.9874 -29.2154
v 27.9077 16.6635 -28.618
v 27.2067 16.3197 -27.8972
v 26.6382 16.044 -27.3125
v 26.2569 15.8608 -26.9204
v 26.1176 15.7944 -26.7772
v 26.1553 15.7671 -26.816
v 26.2066 15.6669 -26.8687
v 26.2409 15.5652 -26.904
v 26.2592 15.4628 -26.9229
v 26.2627 15.3606 -26.9264
v 26.2524 15.2594 -26.9159
v 26.2294 15.16 -26.8922
v 26.1991 15.0602 -26.8611
v 26.181 14.9499 -26.8424
v 26.1758 14.8336 -26.837
v 26.1819 14.7178 -26.8434
v 26.1978 14.6092 -26.8597
v 26.2218 14.5142 -26.8843
v 26.2521 14.4394 -26.9156
v 26.2873 14.3913 -26.9517
v 26.3292 14.3719 -26.9948
v 26.4027 14.3495 -27.0704
v 26.5047 14.3157 -27.1753
v 26.6252 14.2696 -27.2992
v 26.7542 14.2104 -27.4319
v 26.8782 14.152 -27.5594
v 26.9581 14.1837 -27.6416
v 27.1473 14.2721 -27.8361
v 27.4327 14.4106 -28.1296
v 27.8012 14.593 -28.5085
v 28.2395 14.8128 -28.9592
v 28.7345 15.0637 -29.4682
v 29.2732 15.3393 -30.0221
v 29.8422 15.6332 -30.6074
v 30.4544 15.9542 -31.2369
v 31.017 16.264 -31.8154
v 31.5697 16.5824 -32.3837
v 32.2254 16.9653 -33.058
v 33.0971 17.4688 -33.9543
v 34.2976 18.1491 -35.1889
v 35.94 19.0622 -36.8778
v 38.1372 20.2641 -39.1372
v 41.0021 21.8109 -42.0832
v 41.0171 21.3189 -42.0987
v 41.0713 19.5466 -42.1545
v 40.6917 19.3316 -41.7641
v 39.6847 18.7613 -40.7286
v 38.2486 17.948 -39.2518
v 36.5813 17.0039 -37.5373
v 34.8811 16.041 -35.7889
v 33.3459 15.1716 -34.2103
v 32.1739 14.5079 -33.0051
v 31.5631 14.162 -32.377
v 31.236 14.011 -32.0406
v 29.8878 13.4115 -30.6542
v 27.6891 12.4351 -28.3932
v 24.9312 11.2128 -25.5572
v 21.9055 9.87512 -22.4458
v 18.9033 8.55301 -19.3586
v 16.2158 7.37723 -16.595
v 14.1344 6.47856 -14.4546
v 12.8719 5.95688 -13.1564
v 11.6431 5.50929 -11.8928
v 10.2494 5.0439 -10.4596
v 8.79217 4.5846 -8.96108
v 7.37268 4.15526 -7.5014
v 6.09228 3.77976 -6.18472
v 5.05226 3.48198 -5.11525
v 4.35396 3.2858 -4.39717
v 4.09867 3.21511 -4.13466
v 4.09149 3.2719 -4.12727
v 4.06237 3.4458 -4.09732
v 3.89285 3.58885 -3.923
v 3.81657 3.65285 -3.84456
v 3.29827 4.08772 -3.31159
v 2.98217 4.35295 -2.98653
v 2.97797 4.57962 -2.98221
v 2.97385 5.06168 -2.97798
v 2.9713 5.35953 -2.97536
v 2.7988 5.52721 -2.79797
v 2.40845 5.99085 -2.39656
v 2.12087 6.59404 -2.10084
v 2.19455 7.16697 -2.17661
v 2.48048 7.58404 -2.47064
v 2.67334 7.76408 -2.66895
v 2.57323 7.9384 -2.56601
v 2.30374 8.45569 -2.28889
v 2.01413 9.17764 -1.99107
v 1.86423 9.84977 -1.83693
v 1.864 10.2922 -1.83669
v 1.89914 10.5877 -1.87283
v 1.85636 10.8098 -1.82883
v 1.72055 10.9851 -1.68918
v 1.54212 11.1319 -1.50569
v 1.43382 11.3086 -1.39433
v 1.47495 11.538 -1.43662
v 1.59182 11.7329 -1.55681
v 1.66917 11.8656 -1.63634
v 1.68019 12.0146 -1.64768
v 1.74952 12.2039 -1.71897
v 1.90051 12.3226 -1.87423
v 2.05462 12.2415 -2.03271
v 2.29165 12.1223 -2.27646
v 2.58667 11.9561 -2.57983
v 2.78673 11.6417 -2.78555
v 2.89762 11.4236 -2.89958
v 2.95177 11.4489 -2.95528
v 3.00153 11.6818 -3.00644
v 3.05748 12.2029 -3.06398
v 3.18383 12.8099 -3.19391
v 3.40128 13.0751 -3.41751
v 3.55384 13.1357 -3.57439
v 3.61623 13.1025 -3.63855
v 3.74725 12.9751 -3.77328
v 3.89093 12.772 -3.92104
v 3.96454 12.5461 -3.99672
v 3.96348 12.3508 -3.99564
v 4.00565 12.1464 -4.039
v 4.12158 11.8957 -4.15821
v 4.22337 11.611 -4.26288
v 4.38883 11.3312 -4.43304
v 4.62231 11.1158 -4.67313
v 4.79774 11.0198 -4.85352
v 4.92163 11.0299 -4.98092
v 5.02266 11.1627 -5.08481
v 5.10128 11.4469 -5.16566
v 5.07857 11.8188 -5.14231
v 4.91357 12.1294 -4.97264
v 4.70357 12.2521 -4.75669
v 4.53487 12.3577 -4.58321
v 4.47625 12.5665 -4.52293
v 4.48784 12.786 -4.53484
v 4.48395 12.9393 -4.53085
v 4.39338 13.0322 -4.43771
v 4.26843 13.206 -4.30922
v 4.22363 13.4385 -4.26316
v 4.38968 13.6308 -4.43391
v 4.75829 13.6784 -4.81296
v 5.12785 13.7351 -5.19298
v 5.39852 13.9601 -5.47131
v 5.67389 14.2829 -5.75449
v 5.82455 14.4283 -5.90942
v 5.83344 14.2604 -5.91856
v 5.91585 14.0657 -6.0033
v 5.98924 13.9478 -6.07877
v 6.04171 13.9168 -6.13273
v 6.21806 13.7965 -6.31407
v 6.43351 13.5597 -6.53562
v 6.57466 13.1854 -6.68078
v 6.60988 12.7397 -6.71698
v 6.65817 12.4018 -6.76665
v 6.79956 12.2749 -6.91204
v 6.94198 12.2128 -7.05849
v 7.02628 12.1901 -7.14518
v 7.0073 12.1057 -7.12566
v 6.92117 11.8188 -7.0371
v 6.8502 11.5824 -6.96412
v 6.87567 11.5518 -6.99031
v 6.99165 11.4926 -7.10957
v 7.105 11.3727 -7.22613
v 7.12196 11.1568 -7.24357
v 7.0444 10.8482 -7.16382
v 6.96931 10.6306 -7.0866
v 7.03336 10.6474 -7.15246
v 7.32711 10.8039 -7.45454
v 7.68046 11.0208 -7.81789
v 7.92109 11.3039 -8.06533
v 8.02085 11.7436 -8.16792
v 8.04133 12.0678 -8.18898
v 8.01269 12.0886 -8.15953
v 7.89794 12.0516 -8.04153
v 7.78436 12.0255 -7.92473
v 7.72678 12.088 -7.86552
v 7.64806 12.3685 -7.78458
v 7.5933 12.8291 -7.72826
v 7.62788 13.4074 -7.76382
v 7.78266 13.9714 -7.92298
v 8.00057 14.3723 -8.14706
v 8.21794 14.5702 -8.37059
v 8.38374 14.8267 -8.54109
v 8.47225 15.018 -8.63211
v 8.48901 15.0306 -8.64934
v 8.53231 14.9796 -8.69387
v 8.59732 14.883 -8.76071
v 8.70437 14.7306 -8.87079
v 8.93962 14.4866 -9.11271
v 9.1846 14.1625 -9.36463
v 9.31201 13.7679 -9.49565
v 9.34431 13.326 -9.52887
v 9.40833 12.9347 -9.5947
v 9.57962 12.7052 -9.77084
v 9.7234 12.6627 -9.91869
v 9.87472 12.6526 -10.0743
v 10.0744 12.5616 -10.2797
v 10.2485 12.5023 -10.4587
v 10.3438 12.4273 -10.5567
v 10.3253 12.2994 -10.5376
v 10.2471 12.232 -10.4573
v 10.1973 12.2025 -10.406
v 10.2292 12.1649 -10.4388
v 10.2433 12.0855 -10.4533
v 10.24 11.9632 -10.45
v 10.2337 11.8012 -10.4434
v 10.2155 11.5969 -10.4248
v 10.1979 11.3162 -10.4066
v 10.2656 10.9372 -10.4762
v 10.6509 10.5614 -10.8724
v 11.068 10.3118 -11.3014
v 11.215 10.2906 -11.4526
v 11.1688 10.4558 -11.405
v 11.0256 10.7176 -11.2577
v 10.8796 10.9936 -11.1077
v 10.8588 11.2385 -11.0863
v 10.8897 11.4356 -11.118
v 10.8725 11.6287 -11.1003
v 10.7917 12.0526 -11.0172
v 10.7695 12.5028 -10.9944
v 10.9077 12.7684 -11.1365
v 11.0812 13.0334 -11.315
v 11.1999 13.3399 -11.437
v 11.1769 13.6385 -11.4134
v 10.9343 13.7276 -11.1639
v 10.6542 13.7432 -10.8758
v 10.5226 13.857 -10.7406
v 10.4818 14.0348 -10.6986
v 10.4774 14.1719 -10.694
v 10.4538 14.1955 -10.6697
v 10.2938 14.2305 -10.5053
v 10.1129 14.3933 -10.3192
v 10.0793 14.7323 -10.2847
v 10.3293 14.985 -10.5418
v 10.6894 15.1257 -10.912
v 10.9626 15.2076 -11.193
v 11.1434 15.3666 -11.3789
v 11.2852 15.6082 -11.5247
v 11.4328 15.8811 -11.6765
v 11.6236 15.9714 -11.8727
v 11.8539 15.9012 -12.1096
v 12.1172 15.7567 -12.3803
v 12.3902 15.6641 -12.661
v 12.5837 15.5827 -12.86
v 12.6156 15.4477 -12.8928
v 12.5645 15.2786 -12.8403
v 12.5075 15.1515 -12.7817
v 12.5043 15.1145 -12.7783
v 12.5695 15.004 -12.8454
v 12.6156 14.8242 -12.8928
v 12.5633 14.6347 -12.839
v 12.5192 14.4964 -12.7937
v 12.5273 14.3858 -12.802
v 12.5848 14.2471 -12.8611
v 12.6012 13.9438 -12.878
v 12.6242 13.6075 -12.9017
v 12.7302 13.4111 -13.0107
v 12.8964 13.3581 -13.1815
v 13.0533 13.4377 -13.3429
v 13.1503 13.6379 -13.4427
v 13.2645 13.7529 -13.56
v 13.3915 13.7488 -13.6907
v 13.5015 13.6394 -13.8038
v 13.6214 13.4187 -13.9271
v 13.7128 13.2977 -14.0211
v 13.7417 13.5054 -14.0508
v 13.8676 13.907 -14.1803
v 13.9684 14.3104 -14.2839
v 13.8639 14.5693 -14.1765
v 13.6988 14.6358 -14.0066
v 13.568 14.6715 -13.8722
v 13.5049 14.8397 -13.8073
v 13.5056 15.023 -13.808
v 13.4943 15.2082 -13.7964
v 13.3973 15.4459 -13.6966
v 13.3018 15.7197 -13.5984
v 13.3295 15.9971 -13.6269
v 13.5735 16.2467 -13.8778
v 13.9533 16.3682 -14.2684
v 14.2688 16.3931 -14.5928
v 14.3713 16.4176 -14.6983
v 14.6467 16.7288 -14.9814
v 14.9808 17.1064 -15.325
v 15.0806 17.188 -15.4276
v 15.1161 16.8409 -15.4642
v 15.1597 16.4155 -15.509
v 15.1728 16.2892 -15.5225
v 15.1888 16.2524 -15.5389
v 15.2619 16.0843 -15.6141
v 15.426 15.6969 -15.7828
v 15.5618 15.254 -15.9225
v 15.6533 14.9159 -16.0165
v 15.742 14.7914 -16.1078
v 15.8626 14.9702 -16.2318
v 15.9974 15.2639 -16.3703
v 16.1188 15.4299 -16.4953
v 16.2205 15.395 -16.5998
v 16.3002 15.1647 -16.6817
v 16.345 14.7358 -16.7278
v 16.2515 14.3505 -16.6317
v 16.0825 14.1035 -16.4579
v 15.9661 13.9839 -16.3382
v 16.0245 13.8288 -16.3983
v 16.1989 13.6456 -16.5776
v 16.3973 13.5258 -16.7816
v 16.7158 13.5711 -17.1092
v 17.0605 13.7472 -17.4636
v 17.2418 13.9768 -17.6501
v 17.2272 14.1324 -17.635
v 17.1028 14.3189 -17.5071
v 16.946 14.6994 -17.3458
v 16.9113 15.0426 -17.3102
v 16.9934 15.3579 -17.3946
v 17.1183 15.8299 -17.523
v 17.1629 16.4065 -17.5689
v 17.1097 16.9267 -17.5142
v 16.987 17.2808 -17.388
v 16.8738 17.5865 -17.2716
v 16.8056 17.8339 -17.2015
v 16.7941 17.9061 -17.1896
v 16.9737 17.8189 -17.3743
v 17.3397 17.7268 -17.7507
v 17.8008 17.7807 -18.2249
v 18.1291 18.0622 -18.5625
v 18.2794 18.3797 -18.717
v 18.3079 18.4236 -18.7464
v 18.3001 18.0555 -18.7383
v 18.2837 17.1601 -18.7215
v 18.3846 16.3854 -18.8252
v 18.6658 15.9495 -19.1143
v 19.1158 15.6154 -19.5771
v 19.4917 15.7309 -19.9637
v 19.7567 16.2397 -20.2361
v 20.0342 16.7289 -20.5215
v 20.4904 17.1326 -20.9906
v 21.023 17.5023 -21.5384
v 21.4249 17.7825 -21.9516
v 21.5324 18.0035 -22.0622
v 21.4345 18.2025 -21.9615
v 21.2802 18.3806 -21.8028
v 21.0023 18.5282 -21.517
v 20.7499 18.6778 -21.2575
v 20.8345 18.8839 -21.3445
v 20.8915 19.2983 -21.4031
v 20.7197 19.8076 -21.2265
v 20.4963 20.1637 -20.9967
v 20.1679 20.4139 -20.659
v 19.8846 20.6373 -20.3677
v 19.9807 20.7739 -20.4665
v 20.3943 20.6828 -20.8918
v 20.8214 20.4595 -21.331
v 21.0791 20.3285 -21.596
v 21.0517 20.5327 -21.5679
v 20.8903 20.8903 -21.4019
v 20.807 21.0552 -21.3162
v 20.9144 21.0366 -21.4267
v 21.2473 20.8824 -21.769
v 21.8661 20.4469 -22.4053
v 22.448 19.4414 -23.0037
v 22.8271 18.3363 -23.3936
v 23.1299 17.9794 -23.7049
v 23.3458 18.292 -23.9269
v 23.4545 18.7305 -24.0387
v 23.5194 19.1559 -24.1054
v 23.6747 19.5308 -24.2651
v 23.908 19.8645 -24.505
v 24.0996 20.1189 -24.702
v 24.1049 20.561 -24.7075
v 23.9884 21.1213 -24.5877
v 23.9856 21.1752 -24.5848
v 23.9687 21.1993 -24.5674
v 23.9339 21.3754 -24.5317
v 24.5428 21.4532 -25.1578
v 24.7818 21.6092 -25.4035
v 25.1494 21.3612 -25.7816
v 25.4772 20.6235 -26.1187
v 25.6 19.8671 -26.2449
v 25.6185 19.5321 -26.264
v 25.6748 19.5107 -26.3219
v 25.8357 19.3775 -26.4874
v 26.0979 19.029 -26.7569
v 26.2437 18.3897 -26.9069
v 26.1973 17.7201 -26.8592
v 26.1422 17.4139 -26.8025
v 27.5163 18.1726 -28.2155
v 30.0357 19.5638 -30.8063
v 31.3892 20.3111 -32.1981
f 6407/872/1848 6408/871/1848 6409/870/1848 6410/869/1848 6411/868/1848 6412/867/1848 6413/866/1848 6414/865/1848 6415/864/1848 6416/863/1848 6417/862/1848 6418/861/1848 6419/860/1848 6420/859/1848 6421/858/1848 6422/857/1848 6423/856/1848 6424/855/1848 6425/854/1848 6426/853/1848 6427/852/1848 6428/851/1848 6429/850/1848 6430/849/1848 6431/848/1848 6432/847/1848 6433/846/1848 6434/845/1848 6435/844/1848 6436/843/1848 6437/842/1848 6438/841/1848 6439/840/1848 6440/839/1848 6441/838/1848 6442/837/1848 6443/836/1848 6444/835/1848 6445/834/1848 6446/833/1848 6447/832/1848 6448/831/1848 6449/830/1848 6450/829/1848 6451/828/1848 6452/827/1848 6453/826/1848 6454/825/1848 6455/824/1848 6456/823/1848 6457/822/1848 6458/821/1848 6459/820/1848 6460/819/1848 6461/818/1848 6462/817/1848 6463/816/1848 6464/815/1848 6465/814/1848 6466/813/1848 6467/812/1848 6468/811/1848 6469/810/1848 6470/809/1848 6471/808/1848 6472/807/1848 6473/806/1848 6474/805/1848 6475/804/1848 6476/803/1848 6477/802/1848 6478/801/1848 6479/800/1848 6480/799/1848 6481/798/1848 6482/797/1848 6483/796/1848 6484/795/1848 6485/794/1848 6486/793/1848 6487/792/1848 6488/791/1848 6489/790/1848 6490/789/1848 6491/788/1848 6492/787/1848 6493/786/1848 6494/785/1848 6495/784/1848 6496/783/1848 6497/782/1848 6498/781/1848 6499/780/1848 6500/779/1848 6501/778/1848 6502/777/1848 6503/776/1848 6504/775/1848 6505/774/1848 6506/773/1848 6507/772/1848 6508/771/1848 6509/770/1848 6510/769/1848 6511/768/1848 6512/767/1848 6513/766/1848 6514/765/1848 6515/764/1848 6516/763/1848 6517/762/1848 6518/761/1848 6519/760/1848 6520/759/1848 6521/758/1848 6522/757/1848 6523/756/1848 6524/755/1848 6525/754/1848 6526/753/1848 6527/752/1848 6528/751/1848 6529/750/1848 6530/749/1848 6531/748/1848 6532/747/1848 6533/746/1848 6534/745/1848 6535/744/1848 6536/743/1848 6537/742/1848 6538/741/1848 6539/740/1848 6540/739/1848 6541/738/1848 6542/737/1848 6543/736/1848 6544/735/1848 6545/734/1848 6546/733/1848 6547/732/1848 6548/731/1848 6549/730/1848 6550/729/1848 6551/728/1848 6552/727/1848 6553/726/1848 6554/725/1848 6555/724/1848 6556/723/1848 6557/722/1848 6558/721/1848 6559/720/1848 6560/719/1848 6561/718/1848 6562/717/1848 6563/716/1848 6564/715/1848 6565/714/1848 6566/713/1848 6567/712/1848 6568/711/1848 6569/710/1848 6570/709/1848 6571/708/1848 6572/707/1848 6573/706/1848 6574/705/1848 6575/704/1848 6576/703/1848 6577/702/1848 6578/701/1848 6579/700/1848 6580/699/1848 6581/698/1848 6582/697/1848 6583/696/1848 6584/695/1848 6585/694/1848 6586/693/1848 6587/692/1848 6588/691/1848 6589/690/1848 6590/689/1848 6591/688/1848 6592/687/1848 6593/686/1848 6594/685/1848 6595/684/1848 6596/683/1848 6597/682/1848 6598/681/1848 6599/680/1848 6600/679/1848 6601/678/1848 6602/677/1848 6603/676/1848 6604/675/1848 6605/674/1848 6606/673/1848 6607/672/1848 6608/671/1848 6609/670/1848 6610/669/1848 6611/668/1848 6612/667/1848 6613/666/1848 6614/665/1848 6615/664/1848 6616/663/1848 6617/662/1848 6618/661/1848 6619/660/1848 6620/659/1848 6621/658/1848 6622/657/1848 6623/656/1848 6624/655/1848 6625/654/1848 6626/653/1848 6627/652/1848 6628/651/1848 6629/650/1848 6630/649/1848 6631/648/1848 6632/647/1848 6633/646/1848 6634/645/1848 6635/644/1848 6636/643/1848 6637/642/1848 6638/641/1848 6639/640/1848 6640/639/1848 6641/638/1848 6642/637/1848 6643/636/1848 6644/635/1848 6645/634/1848 6646/633/1848 6647/632/1848 6648/631/1848 6649/630/1848 6650/629/1848 6651/628/1848 6652/627/1848 6653/626/1848 6654/625/1848 6655/624/1848 6656/623/1848 6657/622/1848 6658/621/1848 6659/620/1848 6660/619/1848 6661/618/1848 6662/617/1848 6663/616/1848 6664/615/1848 6665/614/1848 6666/613/1848 6667/612/1848 6668/611/1848 6669/610/1848 6670/609/1848 6671/608/1848 6672/607/1848 6673/606/1848 6674/605/1848 6675/604/1848 6676/603/1848 6677/602/1848 6678/601/1848 6679/600/1848 6680/599/1848 6681/598/1848 6682/597/1848 6683/596/1848 6684/595/1848 6685/594/1848 6686/593/1848 6687/592/1848 6688/591/1848 6689/590/1848 6690/589/1848 6691/588/1848 6692/587/1848 6693/586/1848 6694/585/1848 6695/584/1848 6696/583/1848 6697/582/1848 6698/581/1848 6699/580/1848 6700/579/1848 6701/578/1848 6702/577/1848 6703/576/1848 6704/575/1848 6705/574/1848 6706/573/1848 6707/572/1848 6708/571/1848 6709/570/1848 6710/569/1848 6711/568/1848 6712/567/1848 6713/566/1848 6714/565/1848 6715/564/1848 6716/563/1848 6717/562/1848 6718/561/1848 6719/560/1848 6720/559/1848 6721/558/1848 6722/557/1848 6723/556/1848 6724/555/1848 6725/554/1848 6726/553/1848 6727/552/1848 6728/551/1848 6729/550/1848 6730/549/1848 6731/548/1848 6732/547/1848 6733/546/1848 6734/545/1848 6735/544/1848 6736/543/1848 6737/542/1848 6738/541/1848 6739/540/1848 6740/539/1848 6741/538/1848 6742/537/1848 6743/536/1848 6744/535/1848 6745/534/1848 6746/533/1848 6747/532/1848 6748/531/1848 6749/530/1848 6750/529/1848 6751/528/1848 6752/527/1848 6753/526/1848 6754/525/1848 6755/524/1848 6756/523/1848 6757/522/1848 6758/521/1848 6759/520/1848 6760/519/1848 6761/518/1848 6762/517/1848 6763/516/1848 6764/515/1848 6765/514/1848 6766/513/1848 6767/512/1848 6768/511/1848 6769/510/1848 6770/509/1848 6771/508/1848 6772/507/1848 6773/506/1848 6774/505/1848 6775/504/1848 6776/503/1848 6777/502/1848 6778/501/1848 6779/500/1848 6780/499/1848 6781/498/1848 6782/497/1848 6783/496/1848 6784/495/1848 6785/494/1848 6786/493/1848 6787/492/1848 6788/491/1848 6789/490/1848 6790/489/1848 6791/488/1848 6792/487/1848 6793/486/1848 6794/485/1848 6795/484/1848 6404/483/1848 6403/482/1848 6796/481/1848 6797/480/1848 6798/479/1848 6799/478/1848 6800/477/1848 6801/476/1848 6802/475/1848 6803/474/1848 6804/473/1848 6805/472/1848 6806/471/1848 6807/470/1848 6808/469/1848 6809/468/1848 6810/467/1848 

vn -0.22908 0.944473 0.235568
v 34.9637 21.3793 -33.0051
v 38.9485 23.3679 -37.1028
f 6408/2666/1849 6407/2669/1849 6811/2668/1849 6812/2665/1849 

vn -0.239799 0.938983 0.246591
v 32.823 20.3111 -30.8038
f 6407/2669/1849 6810/2671/1850 6813/2670/1850 6811/2668/1849 

vn -0.250455 0.933242 0.257549
v 31.4695 19.5638 -29.412
f 6810/414/1850 6809/413/1851 6814/412/1851 6813/411/1850 

v 28.9501 18.1726 -26.8212
f 6809/413/1851 6808/416/1851 6815/415/1851 6814/412/1851 

v 27.576 17.4139 -25.4082
f 6808/416/1851 6807/418/1851 6816/417/1851 6815/415/1851 

vn 0.675037 -0.249946 -0.694156
vn 0.686408 -0.174987 -0.705849
v 27.6311 17.7201 -25.4648
f 6807/422/1852 6806/421/1853 6817/420/1853 6816/419/1852 

vn 0.69374 -0.0989978 -0.713389
v 27.6776 18.3897 -25.5126
f 6806/426/1853 6805/425/1854 6818/424/1854 6817/423/1853 

vn 0.662572 0.311091 -0.681338
v 27.5317 19.029 -25.3626
f 6805/430/1855 6804/429/1855 6819/428/1855 6818/427/1855 

vn 0.473987 0.733325 -0.487412
vn 0.413754 0.804848 -0.425473
v 27.2696 19.3775 -25.093
f 6804/434/1856 6803/433/1857 6820/432/1857 6819/431/1856 

vn 0.265906 0.924406 -0.273438
v 27.1086 19.5107 -24.9276
f 6803/438/1857 6802/437/1858 6821/436/1858 6820/435/1857 

vn 0.178882 0.966522 -0.183948
v 27.0523 19.5321 -24.8697
f 6802/442/1858 6801/441/1859 6822/440/1859 6821/439/1858 

vn 0.694983 0.0790663 -0.714666
vn 0.688917 0.153368 -0.708429
v 27.0338 19.8671 -24.8506
f 6801/446/1860 6800/445/1861 6823/444/1861 6822/443/1860 

vn 0.642651 0.387651 -0.660853
v 26.911 20.6235 -24.7243
f 6800/450/1861 6799/449/1862 6824/448/1862 6823/447/1861 

vn 0.587934 0.537409 -0.604586
v 26.5833 21.3612 -24.3873
f 6799/454/1862 6798/453/1863 6825/452/1863 6824/451/1862 

vn 0.296746 0.904889 -0.305151
v 26.2156 21.6092 -24.0092
f 6798/458/1864 6797/457/1864 6826/456/1864 6825/455/1864 

vn -0.28878 0.910177 0.296959
vn -0.255578 0.93038 0.262816
v 25.9766 21.4532 -23.7634
f 6797/462/1865 6796/461/1866 6827/460/1866 6826/459/1865 

vn -0.221692 0.948094 0.22797
f 6796/466/1866 6403/465/1867 6406/464/1867 6827/463/1866 

vn 0.716911 3.44878e-16 0.697165
v 25.3677 21.3754 -23.1373
v 25.4025 21.1993 -23.1731
v 25.4194 21.1752 -23.1905
v 25.4222 21.1213 -23.1934
v 25.5387 20.561 -23.3132
v 25.5334 20.1189 -23.3077
v 25.3418 19.8645 -23.1107
v 25.1085 19.5308 -22.8707
v 24.9532 19.1559 -22.7111
v 24.8883 18.7305 -22.6443
v 24.7796 18.292 -22.5326
v 24.5637 17.9794 -22.3106
v 24.261 18.3363 -21.9992
v 23.8818 19.4414 -21.6093
v 23.2999 20.4469 -21.011
v 22.6812 20.8824 -20.3747
v 22.3482 21.0366 -20.0323
v 22.2409 21.0552 -19.9219
v 22.3241 20.8903 -20.0075
v 22.4855 20.5327 -20.1735
v 22.5129 20.3285 -20.2017
v 22.2552 20.4595 -19.9367
v 21.8281 20.6828 -19.4975
v 21.4145 20.7739 -19.0722
v 21.3185 20.6373 -18.9734
v 21.6017 20.4139 -19.2647
v 21.9301 20.1637 -19.6023
v 22.1536 19.8076 -19.8321
v 22.3253 19.2983 -20.0088
v 22.2683 18.8839 -19.9502
v 22.1837 18.6778 -19.8631
v 22.4361 18.5282 -20.1227
v 22.714 18.3806 -20.4084
v 22.8683 18.2025 -20.5672
v 22.9662 18.0035 -20.6678
v 22.8588 17.7825 -20.5573
v 22.4569 17.5023 -20.144
v 21.9242 17.1326 -19.5963
v 21.468 16.7289 -19.1272
v 21.1905 16.2397 -18.8418
v 20.9255 15.7309 -18.5693
v 20.5496 15.6154 -18.1828
v 20.0996 15.9495 -17.72
v 19.8185 16.3854 -17.4309
v 19.7176 17.1601 -17.3272
v 19.7339 18.0555 -17.344
v 19.7417 18.4236 -17.352
v 19.7132 18.3797 -17.3227
v 19.5629 18.0622 -17.1681
v 19.2346 17.7807 -16.8305
v 18.7735 17.7268 -16.3564
v 18.4075 17.8189 -15.98
v 18.2279 17.9061 -15.7953
v 18.2394 17.8339 -15.8072
v 18.3076 17.5865 -15.8773
v 18.4208 17.2808 -15.9936
v 18.5435 16.9267 -16.1198
v 18.5967 16.4065 -16.1746
v 18.5521 15.8299 -16.1287
v 18.4272 15.3579 -16.0003
v 18.3452 15.0426 -15.9159
v 18.3798 14.6994 -15.9515
v 18.5366 14.3189 -16.1128
v 18.661 14.1324 -16.2407
v 18.6757 13.9768 -16.2557
v 18.4943 13.7472 -16.0692
v 18.1496 13.5711 -15.7148
v 17.8311 13.5258 -15.3873
v 17.6328 13.6456 -15.1833
v 17.4583 13.8288 -15.0039
v 17.3999 13.9839 -14.9439
v 17.5163 14.1035 -15.0635
v 17.6854 14.3505 -15.2374
v 17.7788 14.7358 -15.3335
v 17.734 15.1647 -15.2874
v 17.6543 15.395 -15.2054
v 17.5527 15.4299 -15.1009
v 17.4312 15.2639 -14.976
v 17.2964 14.9702 -14.8375
v 17.1758 14.7914 -14.7134
v 17.0871 14.9159 -14.6222
v 16.9956 15.254 -14.5281
v 16.8599 15.6969 -14.3885
v 16.6957 16.0843 -14.2198
v 16.6226 16.2524 -14.1446
v 16.6067 16.2892 -14.1281
v 16.5936 16.4155 -14.1147
v 16.55 16.8409 -14.0698
v 16.5144 17.188 -14.0333
v 16.4147 17.1064 -13.9307
v 16.0805 16.7288 -13.5871
v 15.8051 16.4176 -13.3039
v 15.7026 16.3931 -13.1985
v 15.3872 16.3682 -12.8741
v 15.0073 16.2467 -12.4835
v 14.7633 15.9971 -12.2326
v 14.7356 15.7197 -12.2041
v 14.8311 15.4459 -12.3023
v 14.9281 15.2082 -12.4021
v 14.9394 15.023 -12.4136
v 14.9388 14.8397 -12.413
v 15.0018 14.6715 -12.4779
v 15.1326 14.6358 -12.6123
v 15.2978 14.5693 -12.7822
v 15.4022 14.3104 -12.8895
v 15.3014 13.907 -12.7859
v 15.1755 13.5054 -12.6565
v 15.1466 13.2977 -12.6268
v 15.0552 13.4187 -12.5327
v 14.9353 13.6394 -12.4095
v 14.8253 13.7488 -12.2963
v 14.6983 13.7529 -12.1657
v 14.5841 13.6379 -12.0483
v 14.4871 13.4377 -11.9485
v 14.3302 13.3581 -11.7872
v 14.1641 13.4111 -11.6164
v 14.0581 13.6075 -11.5074
v 14.035 13.9438 -11.4836
v 14.0186 14.2471 -11.4668
v 13.9611 14.3858 -11.4076
v 13.953 14.4964 -11.3993
v 13.9971 14.6347 -11.4447
v 14.0494 14.8242 -11.4984
v 14.0033 15.004 -11.451
v 13.9381 15.1145 -11.384
v 13.9414 15.1515 -11.3874
v 13.9983 15.2786 -11.4459
v 14.0494 15.4477 -11.4985
v 14.0175 15.5827 -11.4657
v 13.824 15.6641 -11.2667
v 13.551 15.7567 -10.986
v 13.2878 15.9012 -10.7152
v 13.0574 15.9714 -10.4783
v 12.8666 15.8811 -10.2822
v 12.719 15.6082 -10.1304
v 12.5772 15.3666 -9.98456
v 12.3964 15.2076 -9.79867
v 12.1232 15.1257 -9.51768
v 11.7632 14.985 -9.14746
v 11.5132 14.7323 -8.89037
v 11.5467 14.3933 -8.92489
v 11.7277 14.2305 -9.11095
v 11.8876 14.1955 -9.27541
v 11.9112 14.1719 -9.29968
v 11.9156 14.0348 -9.30425
v 11.9564 13.857 -9.34623
v 12.088 13.7432 -9.4815
v 12.3681 13.7276 -9.76955
v 12.6108 13.6385 -10.0191
v 12.6337 13.3399 -10.0427
v 12.5151 13.0334 -9.92066
v 12.3415 12.7684 -9.7422
v 12.2033 12.5028 -9.60008
v 12.2255 12.0526 -9.62289
v 12.3063 11.6287 -9.70596
v 12.3235 11.4356 -9.72366
v 12.2927 11.2385 -9.69196
v 12.3135 10.9936 -9.71334
v 12.4594 10.7176 -9.8634
v 12.6026 10.4558 -10.0107
v 12.6488 10.2906 -10.0582
v 12.5018 10.3118 -9.90705
v 12.0847 10.5614 -9.47808
v 11.6994 10.9372 -9.0819
v 11.6317 11.3162 -9.01228
v 11.6494 11.5969 -9.03044
v 11.6675 11.8012 -9.04908
v 11.6739 11.9632 -9.05563
v 11.6771 12.0855 -9.05899
v 11.6631 12.1649 -9.04452
v 11.6311 12.2025 -9.01167
v 11.681 12.232 -9.06293
v 11.7591 12.2994 -9.14326
v 11.7777 12.4273 -9.16237
v 11.6823 12.5023 -9.06432
v 11.5083 12.5616 -8.88535
v 11.3085 12.6526 -8.67997
v 11.1572 12.6627 -8.52436
v 11.0134 12.7052 -8.37651
v 10.8422 12.9347 -8.20037
v 10.7781 13.326 -8.13454
v 10.7458 13.7679 -8.10132
v 10.6184 14.1625 -7.9703
v 10.3734 14.4866 -7.71838
v 10.1382 14.7306 -7.47646
v 10.0311 14.883 -7.36638
v 9.96613 14.9796 -7.29954
v 9.92284 15.0306 -7.25501
v 9.90607 15.018 -7.23778
v 9.81756 14.8267 -7.14676
v 9.65176 14.5702 -6.97626
v 9.43439 14.3723 -6.75273
v 9.21648 13.9714 -6.52865
v 9.0617 13.4074 -6.36949
v 9.02712 12.8291 -6.33393
v 9.08189 12.3685 -6.39025
v 9.1606 12.088 -6.47119
v 9.21818 12.0255 -6.5304
v 9.33176 12.0516 -6.6472
v 9.44651 12.0886 -6.7652
v 9.47516 12.0678 -6.79465
v 9.45467 11.7436 -6.77359
v 9.35491 11.3039 -6.671
v 9.11428 11.0208 -6.42356
v 8.76093 10.8039 -6.06021
v 8.46718 10.6474 -5.75813
v 8.40313 10.6306 -5.69226
v 8.47822 10.8482 -5.76949
v 8.55578 11.1568 -5.84924
v 8.53882 11.3727 -5.8318
v 8.42547 11.4926 -5.71524
v 8.30949 11.5518 -5.59598
v 8.28403 11.5824 -5.56979
v 8.35499 11.8188 -5.64277
v 8.44112 12.1057 -5.73133
v 8.4601 12.1901 -5.75085
v 8.3758 12.2128 -5.66416
v 8.23338 12.2749 -5.51771
v 8.09199 12.4018 -5.37232
v 8.0437 12.7397 -5.32265
v 8.00849 13.1854 -5.28645
v 7.86733 13.5597 -5.14129
v 7.65188 13.7965 -4.91974
v 7.47553 13.9168 -4.7384
v 7.42306 13.9478 -4.68444
v 7.34967 14.0657 -4.60897
v 7.26726 14.2604 -4.52423
v 7.25837 14.4283 -4.51509
v 7.10771 14.2829 -4.36016
v 6.83234 13.9601 -4.07698
v 6.56167 13.7351 -3.79865
v 6.19211 13.6784 -3.41863
v 5.82351 13.6308 -3.03958
v 5.65745 13.4385 -2.86883
v 5.70225 13.206 -2.91489
v 5.8272 13.0322 -3.04338
v 5.91777 12.9393 -3.13652
v 5.92166 12.786 -3.14051
v 5.91007 12.5665 -3.1286
v 5.96869 12.3577 -3.18888
v 6.13739 12.2521 -3.36236
v 6.34739 12.1294 -3.57831
v 6.51239 11.8188 -3.74798
v 6.5351 11.4469 -3.77133
v 6.45648 11.1627 -3.69048
v 6.35545 11.0299 -3.58659
v 6.23156 11.0198 -3.45919
v 6.05613 11.1158 -3.2788
v 5.82265 11.3312 -3.0387
v 5.65719 11.611 -2.86855
v 5.5554 11.8957 -2.76388
v 5.43947 12.1464 -2.64467
v 5.3973 12.3508 -2.60131
v 5.39836 12.5461 -2.60239
v 5.32476 12.772 -2.52671
v 5.18107 12.9751 -2.37895
v 5.05005 13.1025 -2.24422
v 4.98766 13.1357 -2.18006
v 4.8351 13.0751 -2.02318
v 4.61765 12.8099 -1.79957
v 4.4913 12.2029 -1.66965
v 4.43535 11.6818 -1.61211
v 4.3856 11.4489 -1.56095
v 4.33144 11.4236 -1.50525
v 4.22055 11.6417 -1.39122
v 4.02049 11.9561 -1.1855
v 3.72547 12.1223 -0.882127
v 3.48844 12.2415 -0.638383
v 3.33433 12.3226 -0.479904
v 3.18334 12.2039 -0.324643
v 3.11401 12.0146 -0.253345
v 3.10299 11.8656 -0.242012
v 3.02564 11.7329 -0.162476
v 2.90877 11.538 -0.0422902
v 2.86764 11.3086 4.08562e-14
v 2.97594 11.1319 -0.111362
v 3.15437 10.9851 -0.294851
v 3.29018 10.8098 -0.434502
v 3.33296 10.5877 -0.478501
v 3.29782 10.2922 -0.442361
v 3.29805 9.84977 -0.442602
v 3.44795 9.17764 -0.596744
v 3.73756 8.45569 -0.89456
v 4.00706 7.9384 -1.17168
v 4.10716 7.76408 -1.27462
v 3.9143 7.58404 -1.07631
v 3.62837 7.16697 -0.782278
v 3.55469 6.59404 -0.706508
v 3.84227 5.99085 -1.00223
v 4.23262 5.52721 -1.40364
v 4.40513 5.35953 -1.58103
v 4.40767 5.06168 -1.58365
v 4.41179 4.57962 -1.58788
v 4.41599 4.35295 -1.5922
v 4.73209 4.08772 -1.91726
v 5.25039 3.65285 -2.45023
v 5.32667 3.58885 -2.52867
v 5.49619 3.4458 -2.70299
v 5.52531 3.2719 -2.73294
v 5.53249 3.21511 -2.74033
v 5.78778 3.2858 -3.00284
v 6.48608 3.48198 -3.72092
v 7.5261 3.77976 -4.79039
v 8.8065 4.15526 -6.10707
v 10.226 4.5846 -7.56675
v 11.6832 5.0439 -9.06527
v 13.0769 5.50929 -10.4984
v 14.3057 5.95688 -11.7621
v 15.5682 6.47856 -13.0603
v 17.6496 7.37723 -15.2006
v 20.3371 8.55301 -17.9642
v 23.3393 9.87512 -21.0515
v 26.365 11.2128 -24.1629
v 29.1229 12.4351 -26.9989
v 31.3216 13.4115 -29.2598
v 32.6698 14.011 -30.6463
v 32.997 14.162 -30.9827
v 33.6077 14.5079 -31.6107
v 34.7797 15.1716 -32.8159
v 36.3149 16.041 -34.3946
v 38.0152 17.0039 -36.143
v 39.6824 17.948 -37.8575
v 41.1185 18.7613 -39.3343
v 42.1255 19.3316 -40.3697
v 42.5052 19.5466 -40.7601
v 42.4509 21.3189 -40.7044
v 42.4359 21.8109 -40.6889
v 39.571 20.2641 -37.7429
v 37.3738 19.0622 -35.4835
v 35.7314 18.1491 -33.7946
v 34.5309 17.4688 -32.56
v 33.6592 16.9653 -31.6637
v 33.0035 16.5824 -30.9894
v 32.4508 16.264 -30.4211
v 31.8882 15.9542 -29.8425
v 31.2761 15.6332 -29.213
v 30.707 15.3393 -28.6278
v 30.1683 15.0637 -28.0739
v 29.6733 14.8128 -27.5648
v 29.235 14.593 -27.1141
v 28.8666 14.4106 -26.7353
v 28.5812 14.2721 -26.4418
v 28.392 14.1837 -26.2472
v 28.3121 14.152 -26.1651
v 28.188 14.2104 -26.0375
v 28.059 14.2696 -25.9048
v 27.9385 14.3157 -25.7809
v 27.8365 14.3495 -25.6761
v 27.763 14.3719 -25.6005
v 27.7211 14.3913 -25.5574
v 27.6859 14.4394 -25.5212
v 27.6556 14.5142 -25.49
v 27.6316 14.6092 -25.4654
v 27.6158 14.7178 -25.449
v 27.6096 14.8336 -25.4427
v 27.6148 14.9499 -25.448
v 27.633 15.0602 -25.4667
v 27.6633 15.16 -25.4979
v 27.6862 15.2594 -25.5215
v 27.6965 15.3606 -25.5321
v 27.6931 15.4628 -25.5285
v 27.6747 15.5652 -25.5097
v 27.6404 15.6669 -25.4744
v 27.5891 15.7671 -25.4216
v 27.5514 15.7944 -25.3829
v 27.6907 15.8608 -25.5261
v 28.072 16.044 -25.9182
v 28.6405 16.3197 -26.5028
v 29.3415 16.6635 -27.2237
v 29.9225 16.9874 -27.8211
v 29.9509 16.9752 -27.8503
v 30.1202 17.0512 -28.0244
v 30.9218 17.4585 -28.8487
v 31.6915 17.8611 -29.6402
v 32.3745 18.2347 -30.3426
v 33.0041 18.5988 -30.99
v 34.0201 19.1716 -32.0348
v 35.3697 19.9209 -33.4226
v 36.9082 20.7689 -35.0047
v 38.4912 21.6376 -36.6325
v 39.9741 22.449 -38.1574
v 41.2123 23.1251 -39.4306
v 42.0612 23.5879 -40.3036
v 42.2761 23.705 -40.5246
v 42.1784 24.0531 -40.4242
v 41.7062 24.4812 -39.9386
v 41.1218 24.4525 -39.3376
f 6815/410/1868 6816/409/1868 6817/408/1868 6818/407/1868 6819/406/1868 6820/405/1868 6821/404/1868 6822/403/1868 6823/402/1868 6824/401/1868 6825/400/1868 6826/399/1868 6827/398/1868 6406/397/1868 6405/396/1868 6828/395/1868 6829/394/1868 6830/393/1868 6831/392/1868 6832/391/1868 6833/390/1868 6834/389/1868 6835/388/1868 6836/387/1868 6837/386/1868 6838/385/1868 6839/384/1868 6840/383/1868 6841/382/1868 6842/381/1868 6843/380/1868 6844/379/1868 6845/378/1868 6846/377/1868 6847/376/1868 6848/375/1868 6849/374/1868 6850/373/1868 6851/372/1868 6852/371/1868 6853/370/1868 6854/369/1868 6855/368/1868 6856/367/1868 6857/366/1868 6858/365/1868 6859/364/1868 6860/363/1868 6861/362/1868 6862/361/1868 6863/360/1868 6864/359/1868 6865/358/1868 6866/357/1868 6867/356/1868 6868/355/1868 6869/354/1868 6870/353/1868 6871/352/1868 6872/351/1868 6873/350/1868 6874/349/1868 6875/348/1868 6876/347/1868 6877/346/1868 6878/345/1868 6879/344/1868 6880/343/1868 6881/342/1868 6882/341/1868 6883/340/1868 6884/339/1868 6885/338/1868 6886/337/1868 6887/336/1868 6888/335/1868 6889/334/1868 6890/333/1868 6891/332/1868 6892/331/1868 6893/330/1868 6894/329/1868 6895/328/1868 6896/327/1868 6897/326/1868 6898/325/1868 6899/324/1868 6900/323/1868 6901/322/1868 6902/321/1868 6903/320/1868 6904/319/1868 6905/318/1868 6906/317/1868 6907/316/1868 6908/315/1868 6909/314/1868 6910/313/1868 6911/312/1868 6912/311/1868 6913/310/1868 6914/309/1868 6915/308/1868 6916/307/1868 6917/306/1868 6918/305/1868 6919/304/1868 6920/303/1868 6921/302/1868 6922/301/1868 6923/300/1868 6924/299/1868 6925/298/1868 6926/297/1868 6927/296/1868 6928/295/1868 6929/294/1868 6930/293/1868 6931/292/1868 6932/291/1868 6933/290/1868 6934/289/1868 6935/288/1868 6936/287/1868 6937/286/1868 6938/285/1868 6939/284/1868 6940/283/1868 6941/282/1868 6942/281/1868 6943/280/1868 6944/279/1868 6945/278/1868 6946/277/1868 6947/276/1868 6948/275/1868 6949/274/1868 6950/273/1868 6951/272/1868 6952/271/1868 6953/270/1868 6954/269/1868 6955/268/1868 6956/267/1868 6957/266/1868 6958/265/1868 6959/264/1868 6960/263/1868 6961/262/1868 6962/261/1868 6963/260/1868 6964/259/1868 6965/258/1868 6966/257/1868 6967/256/1868 6968/255/1868 6969/254/1868 6970/253/1868 6971/252/1868 6972/251/1868 6973/250/1868 6974/249/1868 6975/248/1868 6976/247/1868 6977/246/1868 6978/245/1868 6979/244/1868 6980/243/1868 6981/242/1868 6982/241/1868 6983/240/1868 6984/239/1868 6985/238/1868 6986/237/1868 6987/236/1868 6988/235/1868 6989/234/1868 6990/233/1868 6991/232/1868 6992/231/1868 6993/230/1868 6994/229/1868 6995/228/1868 6996/227/1868 6997/226/1868 6998/225/1868 6999/224/1868 7000/223/1868 7001/222/1868 7002/221/1868 7003/220/1868 7004/219/1868 7005/218/1868 7006/217/1868 7007/216/1868 7008/215/1868 7009/214/1868 7010/213/1868 7011/212/1868 7012/211/1868 7013/210/1868 7014/209/1868 7015/208/1868 7016/207/1868 7017/206/1868 7018/205/1868 7019/204/1868 7020/203/1868 7021/202/1868 7022/201/1868 7023/200/1868 7024/199/1868 7025/198/1868 7026/197/1868 7027/196/1868 7028/195/1868 7029/194/1868 7030/193/1868 7031/192/1868 7032/191/1868 7033/190/1868 7034/189/1868 7035/188/1868 7036/187/1868 7037/186/1868 7038/185/1868 7039/184/1868 7040/183/1868 7041/182/1868 7042/181/1868 7043/180/1868 7044/179/1868 7045/178/1868 7046/177/1868 7047/176/1868 7048/175/1868 7049/174/1868 7050/173/1868 7051/172/1868 7052/171/1868 7053/170/1868 7054/169/1868 7055/168/1868 7056/167/1868 7057/166/1868 7058/165/1868 7059/164/1868 7060/163/1868 7061/162/1868 7062/161/1868 7063/160/1868 7064/159/1868 7065/158/1868 7066/157/1868 7067/156/1868 7068/155/1868 7069/154/1868 7070/153/1868 7071/152/1868 7072/151/1868 7073/150/1868 7074/149/1868 7075/148/1868 7076/147/1868 7077/146/1868 7078/145/1868 7079/144/1868 7080/143/1868 7081/142/1868 7082/141/1868 7083/140/1868 7084/139/1868 7085/138/1868 7086/137/1868 7087/136/1868 7088/135/1868 7089/134/1868 7090/133/1868 7091/132/1868 7092/131/1868 7093/130/1868 7094/129/1868 7095/128/1868 7096/127/1868 7097/126/1868 7098/125/1868 7099/124/1868 7100/123/1868 7101/122/1868 7102/121/1868 7103/120/1868 7104/119/1868 7105/118/1868 7106/117/1868 7107/116/1868 7108/115/1868 7109/114/1868 7110/113/1868 7111/112/1868 7112/111/1868 7113/110/1868 7114/109/1868 7115/108/1868 7116/107/1868 7117/106/1868 7118/105/1868 7119/104/1868 7120/103/1868 7121/102/1868 7122/101/1868 7123/100/1868 7124/99/1868 7125/98/1868 7126/97/1868 7127/96/1868 7128/95/1868 7129/94/1868 7130/93/1868 7131/92/1868 7132/91/1868 7133/90/1868 7134/89/1868 7135/88/1868 7136/87/1868 7137/86/1868 7138/85/1868 7139/84/1868 7140/83/1868 7141/82/1868 7142/81/1868 7143/80/1868 7144/79/1868 7145/78/1868 7146/77/1868 7147/76/1868 7148/75/1868 7149/74/1868 7150/73/1868 7151/72/1868 7152/71/1868 7153/70/1868 7154/69/1868 7155/68/1868 7156/67/1868 7157/66/1868 7158/65/1868 7159/64/1868 7160/63/1868 7161/62/1868 7162/61/1868 7163/60/1868 7164/59/1868 7165/58/1868 7166/57/1868 7167/56/1868 7168/55/1868 7169/54/1868 7170/53/1868 7171/52/1868 7172/51/1868 7173/50/1868 7174/49/1868 7175/48/1868 7176/47/1868 7177/46/1868 7178/45/1868 7179/44/1868 7180/43/1868 7181/42/1868 7182/41/1868 7183/40/1868 7184/39/1868 7185/38/1868 7186/37/1868 7187/36/1868 7188/35/1868 7189/34/1868 7190/33/1868 7191/32/1868 7192/31/1868 7193/30/1868 7194/29/1868 7195/28/1868 7196/27/1868 7197/26/1868 7198/25/1868 7199/24/1868 7200/23/1868 7201/22/1868 7202/21/1868 7203/20/1868 7204/19/1868 7205/18/1868 7206/17/1868 7207/16/1868 7208/15/1868 7209/14/1868 7210/13/1868 7211/12/1868 7212/11/1868 7213/10/1868 7214/9/1868 6812/8/1868 6811/7/1868 6813/6/1868 6814/5/1868 

vn 0.0718062 0.994682 -0.07384
f 6404/876/1847 6795/875/1869 6828/874/1869 6405/873/1847 

vn -0.67076 -0.272607 0.689758
f 6795/880/1870 6794/879/1870 6829/878/1870 6828/877/1870 

vn -0.491597 -0.709072 0.50552
f 6794/884/1871 6793/883/1871 6830/882/1871 6829/881/1871 

vn -0.695175 -0.0755085 0.714864
vn -0.685562 -0.181688 0.704978
f 6793/888/1872 6792/887/1873 6831/886/1873 6830/885/1872 

vn -0.6907 -0.135869 0.710263
f 6792/892/1873 6791/891/1874 6832/890/1874 6831/889/1873 

vn -0.697061 0.0172438 0.716804
f 6791/896/1874 6790/895/1875 6833/894/1875 6832/893/1874 

vn -0.473612 0.733823 0.487026
vn -0.483027 0.721087 0.496708
f 6790/900/1876 6789/899/1877 6834/898/1877 6833/897/1876 

vn -0.55013 0.61427 0.565711
f 6789/904/1877 6788/903/1878 6835/902/1878 6834/901/1877 

vn -0.648525 0.366972 0.666893
f 6788/908/1878 6787/907/1879 6836/906/1879 6835/905/1878 

vn -0.670307 0.274891 0.689292
f 6787/912/1879 6786/911/1880 6837/910/1880 6836/909/1879 

vn -0.656892 0.334958 0.675497
f 6786/916/1880 6785/915/1881 6838/914/1881 6837/913/1880 

vn -0.495272 0.70379 0.509299
f 6785/920/1882 6784/919/1882 6839/918/1882 6838/917/1882 

vn 0.442588 0.772644 -0.455123
f 6784/924/1883 6783/923/1883 6840/922/1883 6839/921/1883 

vn 0.625533 0.441518 -0.64325
vn 0.585032 0.543886 -0.601602
f 6783/928/1884 6782/927/1885 6841/926/1885 6840/925/1884 

vn 0.536426 0.63872 -0.551619
f 6782/932/1885 6781/931/1886 6842/930/1886 6841/929/1885 

vn 0.30711 0.897746 -0.315809
vn 0.261341 0.927081 -0.268743
f 6781/936/1887 6780/935/1888 6843/934/1888 6842/933/1887 

vn 0.149528 0.976728 -0.153763
f 6780/940/1888 6779/939/1889 6844/938/1889 6843/937/1888 

vn 0.083454 0.99281 -0.0858176
f 6779/944/1889 6778/943/1890 6845/942/1890 6844/941/1889 

vn -0.564562 -0.586711 0.580552
vn -0.575099 -0.565264 0.591387
f 6778/948/1891 6777/947/1892 6846/946/1892 6845/945/1891 

vn -0.58524 -0.543427 0.601815
f 6777/952/1892 6776/951/1893 6847/950/1893 6846/949/1892 

vn -0.684605 -0.188965 0.703995
f 6776/956/1894 6775/955/1894 6848/954/1894 6847/953/1894 

vn 0.232847 0.942576 -0.239442
vn 0.235833 0.941048 -0.242512
f 6775/960/1895 6774/959/1896 6849/958/1896 6848/957/1895 

vn 0.173143 0.96867 -0.178047
f 6774/964/1896 6773/963/1897 6850/962/1897 6849/961/1896 

vn 0.10579 0.98842 -0.108786
f 6773/968/1897 6772/967/1898 6851/966/1898 6850/965/1897 

vn -0.490802 0.710203 0.504703
f 6772/972/1899 6771/971/1899 6852/970/1899 6851/969/1899 

vn -0.335868 -0.876302 0.345381
vn -0.331501 -0.879717 0.34089
f 6771/976/1900 6770/975/1901 6853/974/1901 6852/973/1900 

vn -0.327116 -0.883087 0.336381
f 6770/980/1901 6769/979/1902 6854/978/1902 6853/977/1901 

vn -0.518175 -0.669002 0.532851
vn -0.57864 -0.557779 0.595028
f 6769/984/1903 6768/983/1904 6855/982/1904 6854/981/1903 

vn -0.627593 -0.435461 0.645368
f 6768/988/1904 6767/987/1905 6856/986/1905 6855/985/1904 

vn -0.683977 0.193588 0.703349
vn -0.651615 0.355532 0.670071
f 6767/992/1906 6766/991/1907 6857/990/1907 6856/989/1906 

vn -0.600761 0.507385 0.617776
f 6766/996/1907 6765/995/1908 6858/994/1908 6857/993/1907 

vn -0.266264 -0.924194 0.273806
vn -0.254197 -0.931158 0.261396
f 6765/1000/1909 6764/999/1910 6859/998/1910 6858/997/1909 

vn -0.344025 -0.869767 0.353768
f 6764/1004/1910 6763/1003/1911 6860/1002/1911 6859/1001/1910 

vn -0.50822 -0.684534 0.522614
f 6763/1008/1911 6762/1007/1912 6861/1006/1912 6860/1005/1911 

vn -0.569545 -0.576716 0.585676
f 6762/1012/1912 6761/1011/1913 6862/1010/1913 6861/1009/1912 

vn -0.571813 0.57208 0.588009
f 6761/1016/1914 6760/1015/1914 6863/1014/1914 6862/1013/1914 

vn -0.304783 0.899377 0.313415
vn -0.304225 0.899765 0.312841
f 6760/1020/1915 6759/1019/1916 6864/1018/1916 6863/1017/1915 

vn -0.335308 0.876743 0.344805
f 6759/1024/1916 6758/1023/1917 6865/1022/1917 6864/1021/1916 

vn -0.459839 0.751631 0.472863
f 6758/1028/1917 6757/1027/1918 6866/1026/1918 6865/1025/1917 

vn -0.549762 0.614947 0.565333
f 6757/1032/1918 6756/1031/1919 6867/1030/1919 6866/1029/1918 

vn -0.558547 0.598438 0.574367
f 6756/1036/1919 6755/1035/1920 6868/1034/1920 6867/1033/1919 

vn -0.146087 0.977799 0.150224
f 6755/1040/1921 6754/1039/1921 6869/1038/1921 6868/1037/1921 

vn 0.320466 0.888089 -0.329543
vn 0.422455 0.795494 -0.43442
f 6754/1044/1922 6753/1043/1923 6870/1042/1923 6869/1041/1922 

vn 0.511781 0.679054 -0.526276
f 6753/1048/1923 6752/1047/1924 6871/1046/1924 6870/1045/1923 

vn 0.685308 0.183645 -0.704718
vn 0.694976 0.0791844 -0.714659
f 6752/1052/1925 6751/1051/1926 6872/1050/1926 6871/1049/1925 

vn 0.696885 -0.0283627 -0.716622
f 6751/1056/1926 6750/1055/1927 6873/1054/1927 6872/1053/1926 

vn 0.696839 -0.0305696 -0.716576
f 6750/1060/1927 6749/1059/1928 6874/1058/1928 6873/1057/1927 

vn -0.509503 0.682568 0.523934
vn -0.544791 0.623984 0.560221
f 6749/1064/1929 6748/1063/1930 6875/1062/1930 6874/1061/1929 

vn -0.576813 0.561659 0.59315
f 6748/1068/1930 6747/1067/1931 6876/1066/1931 6875/1065/1930 

vn -0.357674 0.858364 0.367804
f 6747/1072/1932 6746/1071/1932 6877/1070/1932 6876/1069/1932 

vn -0.0565827 0.996701 0.0581853
vn 0.0321537 0.998936 -0.0330644
f 6746/1076/1933 6745/1075/1934 6878/1074/1934 6877/1073/1933 

vn 0.172495 0.968907 -0.17738
f 6745/1080/1934 6744/1079/1935 6879/1078/1935 6878/1077/1934 

vn 0.223612 0.947166 -0.229945
f 6744/1084/1935 6743/1083/1936 6880/1082/1936 6879/1081/1935 

vn -0.679541 -0.223429 0.698787
vn -0.665834 -0.296415 0.684692
f 6743/1088/1937 6742/1087/1938 6881/1086/1938 6880/1085/1937 

vn -0.633022 -0.418983 0.65095
f 6742/1092/1938 6741/1091/1939 6882/1090/1939 6881/1089/1938 

vn -0.620071 -0.457096 0.637633
f 6741/1096/1939 6740/1095/1940 6883/1094/1940 6882/1093/1939 

vn -0.66529 -0.298918 0.684133
f 6740/1100/1940 6739/1099/1941 6884/1098/1941 6883/1097/1940 

vn -0.697057 -0.0176059 0.716799
f 6739/1104/1941 6738/1103/1942 6885/1102/1942 6884/1101/1941 

vn -0.677734 0.234449 0.696929
f 6738/1108/1942 6737/1107/1943 6886/1106/1943 6885/1105/1942 

vn -0.652474 0.352277 0.670954
f 6737/1112/1943 6736/1111/1944 6887/1110/1944 6886/1109/1943 

vn -0.653146 0.349706 0.671644
f 6736/1116/1944 6735/1115/1945 6888/1114/1945 6887/1113/1944 

vn -0.689975 -0.14325 0.709517
f 6735/1120/1946 6734/1119/1946 6889/1118/1946 6888/1117/1946 

vn -0.600159 -0.508848 0.617157
vn -0.555535 -0.604179 0.571269
f 6734/1124/1947 6733/1123/1948 6890/1122/1948 6889/1121/1947 

vn -0.503587 -0.691543 0.51785
f 6733/1128/1948 6732/1127/1949 6891/1126/1949 6890/1125/1948 

vn -0.690929 -0.133454 0.710498
f 6732/1132/1950 6731/1131/1950 6892/1130/1950 6891/1129/1950 

vn -0.461401 0.749658 0.474469
f 6731/1136/1951 6730/1135/1951 6893/1134/1951 6892/1133/1951 

vn -0.233846 0.942067 0.240469
vn -0.152492 0.975785 0.156811
f 6730/1140/1952 6729/1139/1953 6894/1138/1953 6893/1137/1952 

vn -0.068888 0.995106 0.070839
f 6729/1144/1953 6728/1143/1954 6895/1142/1954 6894/1141/1953 

vn 0.270519 0.921648 -0.278181
vn 0.343584 0.870125 -0.353315
f 6728/1148/1955 6727/1147/1956 6896/1146/1956 6895/1145/1955 

vn 0.411963 0.806736 -0.423631
f 6727/1152/1956 6726/1151/1957 6897/1150/1957 6896/1149/1956 

vn 0.613367 0.475342 -0.630739
f 6726/1156/1958 6725/1155/1958 6898/1154/1958 6897/1153/1958 

vn 0.406001 -0.812931 -0.4175
vn 0.453393 -0.759645 -0.466235
f 6725/1160/1959 6724/1159/1960 6899/1158/1960 6898/1157/1959 

vn 0.497403 -0.700691 -0.511491
f 6724/1164/1960 6723/1163/1961 6900/1162/1961 6899/1161/1960 

vn 0.658448 -0.328611 -0.677097
f 6723/1168/1962 6722/1167/1962 6901/1166/1962 6900/1165/1962 

vn 0.689452 0.148341 -0.708979
vn 0.665039 0.300064 -0.683875
f 6722/1172/1963 6721/1171/1964 6902/1170/1964 6901/1169/1963 

vn 0.624502 0.444511 -0.642189
f 6721/1176/1964 6720/1175/1965 6903/1174/1965 6902/1173/1964 

vn 0.162214 0.972554 -0.166808
f 6720/1180/1966 6719/1179/1966 6904/1178/1966 6903/1177/1966 

vn -0.480823 0.724111 0.494441
vn -0.535058 0.641077 0.550212
f 6719/1184/1967 6718/1183/1968 6905/1182/1968 6904/1181/1967 

vn -0.544125 0.625178 0.559536
f 6718/1188/1968 6717/1187/1969 6906/1186/1969 6905/1185/1968 

vn -0.501152 0.695173 0.515346
f 6717/1192/1969 6716/1191/1970 6907/1190/1970 6906/1189/1969 

vn 0.487595 0.714733 -0.501405
f 6716/1196/1971 6715/1195/1971 6908/1194/1971 6907/1193/1971 

vn 0.64995 0.361748 -0.668359
vn 0.644216 0.382268 -0.662462
f 6715/1200/1972 6714/1199/1973 6909/1198/1973 6908/1197/1972 

vn 0.618332 0.461917 -0.635845
f 6714/1204/1973 6713/1203/1974 6910/1202/1974 6909/1201/1973 

vn 0.593663 0.524292 -0.610477
f 6713/1208/1974 6712/1207/1975 6911/1206/1975 6910/1205/1974 

vn 0.591485 0.529332 -0.608237
f 6712/1212/1975 6711/1211/1976 6912/1210/1976 6911/1209/1975 

f 6711/1211/1976 6710/1214/1976 6913/1213/1976 6912/1210/1976 

vn 0.689574 0.147166 -0.709105
vn 0.689663 0.146308 -0.709196
f 6710/1218/1977 6709/1217/1978 6914/1216/1978 6913/1215/1977 

vn 0.689751 0.145449 -0.709287
f 6709/1222/1978 6708/1221/1979 6915/1220/1979 6914/1219/1978 

f 6708/1221/1979 6707/1224/1979 6916/1223/1979 6915/1220/1979 

vn -0.345337 0.868697 0.355118
vn -0.389471 0.829403 0.400502
f 6707/1228/1980 6706/1227/1981 6917/1226/1981 6916/1225/1980 

vn -0.431444 0.785506 0.443663
f 6706/1232/1981 6705/1231/1982 6918/1230/1982 6917/1229/1981 

f 6705/1231/1982 6704/1234/1982 6919/1233/1982 6918/1230/1982 

vn -0.114708 0.986371 0.117957
vn -0.0766462 0.993938 0.078817
f 6704/1238/1983 6703/1237/1984 6920/1236/1984 6919/1235/1983 

vn -0.0953148 0.99061 0.0980144
f 6703/1242/1984 6702/1241/1985 6921/1240/1985 6920/1239/1984 

vn -0.151636 0.976059 0.155931
f 6702/1246/1985 6701/1245/1986 6922/1244/1986 6921/1243/1985 

vn -0.404862 0.814099 0.416329
f 6701/1250/1987 6700/1249/1987 6923/1248/1987 6922/1247/1987 

vn -0.690106 0.141943 0.709652
f 6700/1254/1988 6699/1253/1988 6924/1252/1988 6923/1251/1988 

vn -0.623466 -0.447492 0.641124
vn -0.612883 -0.476623 0.630242
f 6699/1258/1989 6698/1257/1990 6925/1256/1990 6924/1255/1989 

vn -0.601639 -0.505239 0.618679
f 6698/1262/1990 6697/1261/1991 6926/1260/1991 6925/1259/1990 

vn -0.694539 -0.0867133 0.71421
vn -0.696578 -0.0410142 0.716307
f 6697/1266/1992 6696/1265/1993 6927/1264/1993 6926/1263/1992 

vn -0.697157 0.00477081 0.716902
f 6696/1270/1993 6695/1269/1994 6928/1268/1994 6927/1267/1993 

vn -0.614011 -0.473628 0.631401
f 6695/1274/1995 6694/1273/1995 6929/1272/1995 6928/1271/1995 

vn -0.13042 -0.982346 0.134114
vn -0.159591 -0.973447 0.164111
f 6694/1278/1996 6693/1277/1997 6930/1276/1997 6929/1275/1996 

vn -0.188469 -0.962766 0.193807
f 6693/1282/1997 6692/1281/1998 6931/1280/1998 6930/1279/1997 

vn -0.603415 -0.500862 0.620506
f 6692/1286/1999 6691/1285/1999 6932/1284/1999 6931/1283/1999 

vn -0.656324 0.33724 0.674913
vn -0.646578 0.373976 0.66489
f 6691/1290/2000 6690/1289/2001 6933/1288/2001 6932/1287/2000 

vn -0.663989 0.304812 0.682795
f 6690/1294/2001 6689/1293/2002 6934/1292/2002 6933/1291/2001 

vn -0.683697 0.195612 0.703061
f 6689/1298/2002 6688/1297/2003 6935/1296/2003 6934/1295/2002 

vn 0.47268 0.735059 -0.486067
vn 0.513095 0.677011 -0.527627
f 6688/1302/2004 6687/1301/2005 6936/1300/2005 6935/1299/2004 

vn 0.479091 0.726469 -0.492661
f 6687/1306/2005 6686/1305/2006 6937/1304/2006 6936/1303/2005 

vn 0.397146 0.821882 -0.408394
f 6686/1310/2006 6685/1309/2007 6938/1308/2007 6937/1307/2006 

vn 0.0156819 0.999747 -0.0161261
f 6685/1314/2008 6684/1313/2008 6939/1312/2008 6938/1311/2008 

vn -0.400726 0.818299 0.412075
f 6684/1318/2009 6683/1317/2009 6940/1316/2009 6939/1315/2009 

vn -0.572398 0.570875 0.58861
f 6683/1322/2010 6682/1321/2010 6941/1320/2010 6940/1319/2010 

vn -0.232533 0.942736 0.239119
f 6682/1326/2011 6681/1325/2011 6942/1324/2011 6941/1323/2011 

vn 0.151418 0.976129 -0.155706
f 6681/1330/2012 6680/1329/2012 6943/1328/2012 6942/1327/2012 

vn 0.551197 0.6123 -0.566808
f 6680/1334/2013 6679/1333/2013 6944/1332/2013 6943/1331/2013 

vn 0.693819 0.0978615 -0.713469
vn 0.694489 0.0875402 -0.714158
f 6679/1338/2014 6678/1337/2015 6945/1336/2015 6944/1335/2014 

vn 0.695084 0.0772094 -0.714771
f 6678/1342/2015 6677/1341/2016 6946/1340/2016 6945/1339/2015 

vn 0.599137 0.511321 -0.616106
f 6677/1346/2017 6676/1345/2017 6947/1344/2017 6946/1343/2017 

vn 0.693379 0.104075 -0.713017
f 6676/1350/2018 6675/1349/2018 6948/1348/2018 6947/1347/2018 

vn 0.634024 -0.415853 -0.651981
vn 0.641388 -0.391932 -0.659554
f 6675/1354/2019 6674/1353/2020 6949/1352/2020 6948/1351/2019 

vn 0.648313 -0.367743 -0.666675
f 6674/1358/2020 6673/1357/2021 6950/1356/2021 6949/1355/2020 

vn 0.654322 0.345152 -0.672854
f 6673/1362/2022 6672/1361/2022 6951/1360/2022 6950/1359/2022 

vn 0.532081 0.646154 -0.547151
f 6672/1366/2023 6671/1365/2023 6952/1364/2023 6951/1363/2023 

vn 0.691636 -0.125691 -0.711225
f 6671/1370/2024 6670/1369/2024 6953/1368/2024 6952/1367/2024 

vn 0.586325 -0.541014 -0.602932
vn 0.615081 -0.470763 -0.632502
f 6670/1374/2025 6669/1373/2026 6954/1372/2026 6953/1371/2025 

vn 0.639754 -0.397387 -0.657874
f 6669/1378/2026 6668/1377/2027 6955/1376/2027 6954/1375/2026 

vn 0.66037 0.320579 -0.679073
f 6668/1382/2028 6667/1381/2028 6956/1380/2028 6955/1379/2028 

vn 0.196166 0.959597 -0.201722
vn 0.178384 0.966711 -0.183436
f 6667/1386/2029 6666/1385/2030 6957/1384/2030 6956/1383/2029 

vn 0.20524 0.955685 -0.211052
f 6666/1390/2030 6665/1389/2031 6958/1388/2031 6957/1387/2030 

vn 0.197564 0.959007 -0.203159
f 6665/1394/2031 6664/1393/2032 6959/1392/2032 6958/1391/2031 

vn 0.144831 0.978184 -0.148933
f 6664/1398/2032 6663/1397/2033 6960/1396/2033 6959/1395/2032 

vn -0.218582 0.949578 0.224773
f 6663/1402/2034 6662/1401/2034 6961/1400/2034 6960/1399/2034 

vn -0.550859 0.612924 0.566461
vn -0.542169 0.628664 0.557525
f 6662/1406/2035 6661/1405/2036 6962/1404/2036 6961/1403/2035 

vn -0.454685 0.758055 0.467563
f 6661/1410/2036 6660/1409/2037 6963/1408/2037 6962/1407/2036 

vn -0.257283 0.929413 0.26457
f 6660/1414/2037 6659/1413/2038 6964/1412/2038 6963/1411/2037 

vn -0.163004 0.972282 0.167621
f 6659/1418/2038 6658/1417/2039 6965/1416/2039 6964/1415/2038 

vn -0.296896 0.904788 0.305305
f 6658/1422/2039 6657/1421/2040 6966/1420/2040 6965/1419/2039 

vn -0.401515 0.817502 0.412887
f 6657/1426/2040 6656/1425/2041 6967/1424/2041 6966/1423/2040 

vn -0.690239 -0.140609 0.709788
f 6656/1430/2042 6655/1429/2042 6968/1428/2042 6967/1427/2042 

vn -0.370449 -0.847143 0.380941
f 6655/1434/2043 6654/1433/2043 6969/1432/2043 6968/1431/2043 

vn -0.105346 -0.988517 0.10833
f 6654/1438/2044 6653/1437/2044 6970/1436/2044 6969/1435/2044 

vn -0.398207 -0.820824 0.409485
f 6653/1442/2045 6652/1441/2045 6971/1440/2045 6970/1439/2045 

vn -0.696412 -0.0464801 0.716136
vn -0.685603 -0.181369 0.705021
f 6652/1446/2046 6651/1445/2047 6972/1444/2047 6971/1443/2046 

vn -0.662154 -0.312915 0.680908
f 6651/1450/2047 6650/1449/2048 6973/1448/2048 6972/1447/2047 

vn -0.360255 -0.856141 0.370458
f 6650/1454/2049 6649/1453/2049 6974/1452/2049 6973/1451/2049 

vn -0.0268919 -0.999256 0.0276536
vn -0.100486 -0.989558 0.103332
f 6649/1458/2050 6648/1457/2051 6975/1456/2051 6974/1455/2050 

vn -0.172951 -0.96874 0.17785
f 6648/1462/2051 6647/1461/2052 6976/1460/2052 6975/1459/2051 

vn -0.692969 -0.109547 0.712596
f 6647/1466/2053 6646/1465/2053 6977/1464/2053 6976/1463/2053 

vn -0.609526 0.485399 0.62679
vn -0.563145 0.589507 0.579094
f 6646/1470/2054 6645/1469/2055 6978/1468/2055 6977/1467/2054 

vn -0.534257 0.64245 0.549389
f 6645/1474/2055 6644/1473/2056 6979/1472/2056 6978/1471/2055 

vn -0.558649 0.598242 0.574472
f 6644/1478/2056 6643/1477/2057 6980/1476/2057 6979/1475/2056 

vn -0.69543 -0.070506 0.715126
vn -0.687267 -0.167911 0.706732
f 6643/1482/2058 6642/1481/2059 6981/1480/2059 6980/1479/2058 

vn -0.68368 -0.195732 0.703044
f 6642/1486/2059 6641/1485/2060 6982/1484/2060 6981/1483/2059 

vn -0.696403 0.0467478 0.716127
f 6641/1490/2060 6640/1489/2061 6983/1488/2061 6982/1487/2060 

vn -0.696303 0.0497278 0.716024
f 6640/1494/2061 6639/1493/2062 6984/1492/2062 6983/1491/2061 

vn -0.692052 -0.120889 0.711653
f 6639/1498/2062 6638/1497/2063 6985/1496/2063 6984/1495/2062 

vn -0.555453 -0.604334 0.571185
vn -0.551983 -0.610841 0.567616
f 6638/1502/2064 6637/1501/2065 6986/1500/2065 6985/1499/2064 

vn -0.603785 -0.499944 0.620886
f 6637/1506/2065 6636/1505/2066 6987/1504/2066 6986/1503/2065 

vn -0.646978 -0.372549 0.665302
f 6636/1510/2066 6635/1509/2067 6988/1508/2067 6987/1507/2066 

vn 0.0695666 0.995009 -0.0715369
vn 0.170851 0.969507 -0.17569
f 6635/1514/2068 6634/1513/2069 6989/1512/2069 6988/1511/2068 

vn 0.33191 0.879399 -0.34131
f 6634/1518/2069 6633/1517/2070 6990/1516/2070 6989/1515/2069 

vn 0.392021 0.826928 -0.403124
f 6633/1522/2070 6632/1521/2071 6991/1520/2071 6990/1519/2070 

vn 0.675348 0.24821 -0.694476
vn 0.694911 0.0803459 -0.714593
f 6632/1526/2072 6631/1525/2073 6992/1524/2073 6991/1523/2072 

vn 0.693083 -0.108055 -0.712713
f 6631/1530/2073 6630/1529/2074 6993/1528/2074 6992/1527/2073 

vn 0.69425 -0.0913563 -0.713913
f 6630/1534/2074 6629/1533/2075 6994/1532/2075 6993/1531/2074 

vn 0.696384 -0.0473116 -0.716108
f 6629/1538/2075 6628/1537/2076 6995/1536/2076 6994/1535/2075 

vn 0.693292 0.105262 -0.712928
f 6628/1542/2076 6627/1541/2077 6996/1540/2077 6995/1539/2076 

vn 0.675635 0.246601 -0.69477
f 6627/1546/2077 6626/1545/2078 6997/1544/2078 6996/1543/2077 

vn 0.442391 0.772876 -0.454921
f 6626/1550/2079 6625/1549/2079 6998/1548/2079 6997/1547/2079 

vn 0.266167 -0.924251 -0.273706
vn 0.313544 -0.893159 -0.322424
f 6625/1554/2080 6624/1553/2081 6999/1552/2081 6998/1551/2080 

vn 0.35917 -0.857078 -0.369342
f 6624/1558/2081 6623/1557/2082 7000/1556/2082 6999/1555/2081 

vn 0.682519 -0.203896 -0.70185
f 6623/1562/2083 6622/1561/2083 7001/1560/2083 7000/1559/2083 

vn 0.335168 0.876853 -0.344661
vn 0.250322 0.933316 -0.257412
f 6622/1566/2084 6621/1565/2085 7002/1564/2085 7001/1563/2084 

vn 0.186202 0.963673 -0.191476
f 6621/1570/2085 6620/1569/2086 7003/1568/2086 7002/1567/2085 

vn 0.122775 0.984371 -0.126252
f 6620/1574/2086 6619/1573/2087 7004/1572/2087 7003/1571/2086 

vn 0.0868312 0.992213 -0.0892905
f 6619/1578/2087 6618/1577/2088 7005/1576/2088 7004/1575/2087 

vn 0.140846 0.97938 -0.144835
f 6618/1582/2088 6617/1581/2089 7006/1580/2089 7005/1579/2088 

vn 0.475871 0.73081 -0.489349
f 6617/1586/2090 6616/1585/2090 7007/1584/2090 7006/1583/2090 

vn 0.678729 0.228452 -0.697952
vn 0.687411 0.166696 -0.70688
f 6616/1590/2091 6615/1589/2092 7008/1588/2092 7007/1587/2091 

vn 0.672073 0.26587 -0.691108
f 6615/1594/2092 6614/1593/2093 7009/1592/2093 7008/1591/2092 

vn 0.632606 0.420272 -0.650523
f 6614/1598/2093 6613/1597/2094 7010/1596/2094 7009/1595/2093 

vn 0.472667 0.735076 -0.486055
vn 0.441359 0.774089 -0.453859
f 6613/1602/2095 6612/1601/2096 7011/1600/2096 7010/1599/2095 

vn 0.451129 0.762413 -0.463906
f 6612/1606/2096 6611/1605/2097 7012/1604/2097 7011/1603/2096 

vn 0.49644 0.702095 -0.5105
f 6611/1610/2097 6610/1609/2098 7013/1608/2098 7012/1607/2097 

vn 0.472932 0.734726 -0.486326
f 6610/1614/2098 6609/1613/2099 7014/1612/2099 7013/1611/2098 

vn 0.442504 0.772743 -0.455037
f 6609/1618/2099 6608/1617/2100 7015/1616/2100 7014/1615/2099 

vn -0.324523 0.885054 0.333714
f 6608/1622/2101 6607/1621/2101 7016/1620/2101 7015/1619/2101 

vn -0.580903 0.552918 0.597355
vn -0.547834 0.618479 0.56335
f 6607/1626/2102 6606/1625/2103 7017/1624/2103 7016/1623/2102 

vn -0.446117 0.768457 0.458752
f 6606/1630/2103 6605/1629/2104 7018/1628/2104 7017/1627/2103 

vn -0.468613 0.740397 0.481886
f 6605/1634/2104 6604/1633/2105 7019/1632/2105 7018/1631/2104 

vn -0.605491 0.495681 0.62264
f 6604/1638/2105 6603/1637/2106 7020/1636/2106 7019/1635/2105 

vn -0.678759 0.228264 0.697984
f 6603/1642/2106 6602/1641/2107 7021/1640/2107 7020/1639/2106 

vn -0.696559 -0.0416737 0.716288
f 6602/1646/2107 6601/1645/2108 7022/1644/2108 7021/1643/2107 

vn -0.670825 -0.272281 0.689824
f 6601/1650/2108 6600/1649/2109 7023/1648/2109 7022/1647/2108 

vn -0.646762 -0.373321 0.66508
f 6600/1654/2109 6599/1653/2110 7024/1652/2110 7023/1651/2109 

vn -0.420601 -0.797513 0.432513
f 6599/1658/2111 6598/1657/2111 7025/1656/2111 7024/1655/2111 

vn 0.110157 -0.987438 -0.113277
vn 0.13178 -0.981973 -0.135512
f 6598/1662/2112 6597/1661/2113 7026/1660/2113 7025/1659/2112 

vn 0.153272 -0.975534 -0.157613
f 6597/1666/2113 6596/1665/2114 7027/1664/2114 7026/1663/2113 

vn -0.315162 -0.891986 0.324089
f 6596/1670/2115 6595/1669/2115 7028/1668/2115 7027/1667/2115 

vn -0.694319 0.0902741 0.713983
vn -0.682917 0.201136 0.702259
f 6595/1674/2116 6594/1673/2117 7029/1672/2117 7028/1671/2116 

vn -0.66294 0.309472 0.681716
f 6594/1678/2117 6593/1677/2118 7030/1676/2118 7029/1675/2117 

vn -0.442206 0.773094 0.45473
vn -0.361833 0.85477 0.372082
f 6593/1682/2119 6592/1681/2120 7031/1680/2120 7030/1679/2119 

vn -0.258593 0.928664 0.265917
f 6592/1686/2120 6591/1685/2121 7032/1684/2121 7031/1683/2120 

vn -0.184523 0.964337 0.189749
f 6591/1690/2121 6590/1689/2122 7033/1688/2122 7032/1687/2121 

vn -0.124827 0.98384 0.128362
f 6590/1694/2122 6589/1693/2123 7034/1692/2123 7033/1691/2122 

vn 0.624794 -0.443666 -0.64249
vn 0.641355 -0.392043 -0.65952
f 6589/1698/2124 6588/1697/2125 7035/1696/2125 7034/1695/2124 

vn 0.655845 -0.339155 -0.67442
f 6588/1702/2125 6587/1701/2126 7036/1700/2126 7035/1699/2125 

vn 0.692782 0.111957 -0.712403
f 6587/1706/2127 6586/1705/2127 7037/1704/2127 7036/1703/2127 

vn 0.41385 0.804747 -0.425571
vn 0.327272 0.882969 -0.336541
f 6586/1710/2128 6585/1709/2129 7038/1708/2129 7037/1707/2128 

vn 0.233643 0.942171 -0.240261
f 6585/1714/2129 6584/1713/2130 7039/1712/2130 7038/1711/2129 

vn 0.447317 0.76702 -0.459987
f 6584/1718/2131 6583/1717/2131 7040/1716/2131 7039/1715/2131 

vn 0.64034 -0.395441 -0.658476
f 6583/1722/2132 6582/1721/2132 7041/1720/2132 7040/1719/2132 

vn 0.652616 -0.351736 -0.671099
f 6582/1721/2132 6581/1724/2133 7042/1723/2133 7041/1720/2132 

vn 0.663442 -0.30725 -0.682233
f 6581/1728/2133 6580/1727/2134 7043/1726/2134 7042/1725/2133 

vn 0.128795 0.982787 -0.132443
vn 0.166012 0.971235 -0.170714
f 6580/1732/2135 6579/1731/2136 7044/1730/2136 7043/1729/2135 

vn 0.288849 0.910132 -0.29703
f 6579/1736/2136 6578/1735/2137 7045/1734/2137 7044/1733/2136 

vn 0.369928 0.847611 -0.380405
f 6578/1740/2137 6577/1739/2138 7046/1738/2138 7045/1737/2137 

vn 0.682954 0.200879 -0.702297
vn 0.688531 0.156892 -0.708032
f 6577/1744/2139 6576/1743/2140 7047/1742/2140 7046/1741/2139 

vn 0.692732 0.112591 -0.712352
f 6576/1748/2140 6575/1747/2141 7048/1746/2141 7047/1745/2140 

vn 0.613218 0.475738 -0.630585
f 6575/1752/2142 6574/1751/2142 7049/1750/2142 7048/1749/2142 

vn 0.423973 0.793831 -0.435981
vn 0.363705 0.853134 -0.374006
f 6574/1756/2143 6573/1755/2144 7050/1754/2144 7049/1753/2143 

vn 0.282506 0.914218 -0.290508
f 6573/1760/2144 6572/1759/2145 7051/1758/2145 7050/1757/2144 

vn 0.26537 0.924723 -0.272886
f 6572/1764/2145 6571/1763/2146 7052/1762/2146 7051/1761/2145 

vn 0.520092 0.665935 -0.534822
vn 0.560367 0.594927 -0.576238
f 6571/1768/2147 6570/1767/2148 7053/1766/2148 7052/1765/2147 

vn 0.595947 0.518934 -0.612825
f 6570/1772/2148 6569/1771/2149 7054/1770/2149 7053/1769/2148 

vn 0.695164 0.0757084 -0.714853
f 6569/1776/2150 6568/1775/2150 7055/1774/2150 7054/1773/2150 

vn -0.389278 0.82959 0.400303
vn -0.415653 0.802832 0.427426
f 6568/1780/2151 6567/1779/2152 7056/1778/2152 7055/1777/2151 

vn -0.396614 0.82241 0.407847
f 6567/1784/2152 6566/1783/2153 7057/1782/2153 7056/1781/2152 

vn -0.349558 0.865216 0.359458
f 6566/1788/2153 6565/1787/2154 7058/1786/2154 7057/1785/2153 

vn -0.0741405 0.994329 0.0762404
vn -0.0683659 0.99518 0.0703022
f 6565/1792/2155 6564/1791/2156 7059/1790/2156 7058/1789/2155 

vn -0.0625865 0.995962 0.0643591
f 6564/1796/2156 6563/1795/2157 7060/1794/2157 7059/1793/2156 

vn -0.437882 0.778141 0.450284
f 6563/1800/2158 6562/1799/2158 7061/1798/2158 7060/1797/2158 

vn -0.671979 -0.266361 0.691011
f 6562/1804/2159 6561/1803/2159 7062/1802/2159 7061/1801/2159 

vn -0.485389 -0.717816 0.499136
vn -0.446732 -0.767722 0.459384
f 6561/1808/2160 6560/1807/2161 7063/1806/2161 7062/1805/2160 

vn -0.405589 -0.813354 0.417076
f 6560/1812/2161 6559/1811/2162 7064/1810/2162 7063/1809/2161 

vn -0.696706 -0.0363004 0.716438
vn -0.697031 0.0196465 0.716772
f 6559/1816/2163 6558/1815/2164 7065/1814/2164 7064/1813/2163 

vn -0.695174 0.075532 0.714863
f 6558/1820/2164 6557/1819/2165 7066/1818/2165 7065/1817/2164 

vn -0.646714 -0.37349 0.665031
f 6557/1824/2166 6556/1823/2166 7067/1822/2166 7066/1821/2166 

vn -0.278784 -0.916566 0.28668
vn -0.270933 -0.921398 0.278607
f 6556/1828/2167 6555/1827/2168 7068/1826/2168 7067/1825/2167 

vn -0.263041 -0.926091 0.270491
f 6555/1832/2168 6554/1831/2169 7069/1830/2169 7068/1829/2168 

vn -0.554554 -0.606031 0.57026
f 6554/1836/2170 6553/1835/2170 7070/1834/2170 7069/1833/2170 

vn -0.694505 -0.0872697 0.714175
f 6553/1840/2171 6552/1839/2171 7071/1838/2171 7070/1837/2171 

vn -0.648015 0.368821 0.666369
f 6552/1844/2172 6551/1843/2172 7072/1842/2172 7071/1841/2172 

vn -0.471035 0.737229 0.484376
f 6551/1848/2173 6550/1847/2173 7073/1846/2173 7072/1845/2173 

vn -0.0394882 0.998395 0.0406066
f 6550/1852/2174 6549/1851/2174 7074/1850/2174 7073/1849/2174 

vn 0.248533 0.934299 -0.255572
vn 0.314471 0.892488 -0.323378
f 6549/1856/2175 6548/1855/2176 7075/1854/2176 7074/1853/2175 

vn 0.459394 0.752191 -0.472405
f 6548/1860/2176 6547/1859/2177 7076/1858/2177 7075/1857/2176 

vn 0.579835 0.555219 -0.596258
f 6547/1864/2177 6546/1863/2178 7077/1862/2178 7076/1861/2177 

vn 0.601589 0.505361 -0.618628
f 6546/1868/2178 6545/1867/2179 7078/1866/2179 7077/1865/2178 

vn 0.631738 0.422949 -0.649631
f 6545/1872/2179 6544/1871/2180 7079/1870/2180 7078/1869/2179 

vn 0.69035 0.139486 -0.709902
f 6544/1876/2180 6543/1875/2181 7080/1874/2181 7079/1873/2180 

vn 0.697144 -0.00777636 -0.716889
f 6543/1880/2181 6542/1879/2182 7081/1878/2182 7080/1877/2181 

vn 0.631596 0.423387 -0.649484
f 6542/1884/2183 6541/1883/2183 7082/1882/2183 7081/1881/2183 

vn 0.489383 0.712215 -0.503243
vn 0.442148 0.773162 -0.454671
f 6541/1888/2184 6540/1887/2185 7083/1886/2185 7082/1885/2184 

vn 0.319007 0.88917 -0.328042
f 6540/1892/2185 6539/1891/2186 7084/1890/2186 7083/1889/2185 

vn 0.242141 0.937746 -0.248999
f 6539/1896/2186 6538/1895/2187 7085/1894/2187 7084/1893/2186 

vn -0.186082 0.963721 0.191353
f 6538/1900/2188 6537/1899/2188 7086/1898/2188 7085/1897/2188 

vn -0.451565 0.761881 0.464355
f 6537/1904/2189 6536/1903/2189 7087/1902/2189 7086/1901/2189 

vn -0.668029 0.286075 0.686949
vn -0.680136 0.219669 0.6994
f 6536/1908/2190 6535/1907/2191 7088/1906/2191 7087/1905/2190 

vn -0.679578 0.223196 0.698825
f 6535/1912/2191 6534/1911/2192 7089/1910/2192 7088/1909/2191 

vn -0.666569 0.292998 0.685448
f 6534/1916/2192 6533/1915/2193 7090/1914/2193 7089/1913/2192 

vn -0.216131 0.950732 0.222252
f 6533/1920/2194 6532/1919/2194 7091/1918/2194 7090/1917/2194 

vn 0.563286 0.589228 -0.57924
vn 0.539937 0.632605 -0.555229
f 6532/1924/2195 6531/1923/2196 7092/1922/2196 7091/1921/2195 

vn 0.514966 0.674081 -0.529551
f 6531/1928/2196 6530/1927/2197 7093/1926/2197 7092/1925/2196 

vn 0.254804 0.930817 -0.26202
vn 0.242825 0.937382 -0.249702
f 6530/1932/2198 6529/1931/2199 7094/1930/2199 7093/1929/2198 

vn 0.235412 0.941264 -0.24208
f 6529/1936/2199 6528/1935/2200 7095/1934/2200 7094/1933/2199 

vn 0.240049 0.938852 -0.246847
f 6528/1940/2200 6527/1939/2201 7096/1938/2201 7095/1937/2200 

vn -0.335192 0.876834 0.344686
f 6527/1944/2202 6526/1943/2202 7097/1942/2202 7096/1941/2202 

vn -0.617181 0.465072 0.634662
f 6526/1948/2203 6525/1947/2203 7098/1946/2203 7097/1945/2203 

vn -0.69327 0.105558 0.712905
f 6525/1952/2204 6524/1951/2204 7099/1950/2204 7098/1949/2204 

vn -0.534916 0.64132 0.550066
vn -0.531741 0.646731 0.546801
f 6524/1956/2205 6523/1955/2206 7100/1954/2206 7099/1953/2205 

vn -0.528539 0.652109 0.543508
f 6523/1960/2206 6522/1959/2207 7101/1958/2207 7100/1957/2206 

vn -0.67519 0.249093 0.694313
f 6522/1964/2208 6521/1963/2208 7102/1962/2208 7101/1961/2208 

vn -0.523636 -0.660196 0.538467
vn -0.441194 -0.774283 0.453689
f 6521/1968/2209 6520/1967/2210 7103/1966/2210 7102/1965/2209 

vn -0.408961 -0.809873 0.420543
f 6520/1972/2210 6519/1971/2211 7104/1970/2211 7103/1969/2210 

vn -0.466478 -0.743166 0.47969
f 6519/1976/2211 6518/1975/2212 7105/1974/2212 7104/1973/2211 

vn -0.671969 -0.266412 0.691001
f 6518/1980/2213 6517/1979/2213 7106/1978/2213 7105/1977/2213 

vn -0.68724 0.168137 0.706704
vn -0.694702 0.083991 0.714377
f 6517/1984/2214 6516/1983/2215 7107/1982/2215 7106/1981/2214 

vn -0.688788 -0.15456 0.708296
f 6516/1988/2215 6515/1987/2216 7108/1986/2216 7107/1985/2215 

vn -0.637741 -0.40399 0.655804
f 6515/1992/2216 6514/1991/2217 7109/1990/2217 7108/1989/2216 

vn -0.582409 -0.549649 0.598904
f 6514/1996/2217 6513/1995/2218 7110/1994/2218 7109/1993/2217 

vn -0.548446 -0.617361 0.563979
f 6513/2000/2218 6512/1999/2219 7111/1998/2219 7110/1997/2218 

vn -0.538119 -0.635783 0.55336
f 6512/2004/2219 6511/2003/2220 7112/2002/2220 7111/2001/2219 

vn -0.380282 0.838131 0.391053
vn -0.441277 0.774185 0.453775
f 6511/2008/2221 6510/2007/2222 7113/2006/2222 7112/2005/2221 

vn -0.49709 0.701147 0.511169
f 6510/2012/2222 6509/2011/2223 7114/2010/2223 7113/2009/2222 

vn -0.685597 0.181412 0.705015
f 6509/2016/2224 6508/2015/2224 7115/2014/2224 7114/2013/2224 

vn -0.575468 -0.56449 0.591766
vn -0.515072 -0.673915 0.52966
f 6508/2020/2225 6507/2019/2226 7116/2018/2226 7115/2017/2225 

vn -0.418354 -0.799941 0.430203
f 6507/2024/2226 6506/2023/2227 7117/2022/2227 7116/2021/2226 

vn -0.3911 -0.827825 0.402177
f 6506/2028/2227 6505/2027/2228 7118/2026/2228 7117/2025/2227 

vn -0.697113 -0.012262 0.716857
f 6505/2032/2229 6504/2031/2229 7119/2030/2229 7118/2029/2229 

vn -0.697034 -0.019403 0.716776
f 6504/2031/2229 6503/2034/2230 7120/2033/2230 7119/2030/2229 

vn -0.696919 -0.0265431 0.716658
f 6503/2038/2230 6502/2037/2231 7121/2036/2231 7120/2035/2230 

vn -0.352007 -0.863171 0.361977
f 6502/2042/2232 6501/2041/2232 7122/2040/2232 7121/2039/2232 

f 6501/2041/2232 6500/2044/2232 7123/2043/2232 7122/2040/2232 

vn -0.35276 -0.862538 0.362751
f 6500/2044/2232 6499/2046/2233 7124/2045/2233 7123/2043/2232 

vn -0.353512 -0.861904 0.363525
f 6499/2050/2233 6498/2049/2234 7125/2048/2234 7124/2047/2233 

vn -0.677882 -0.233568 0.697081
vn -0.682193 -0.206134 0.701514
f 6498/2054/2235 6497/2053/2236 7126/2052/2236 7125/2051/2235 

vn -0.685964 -0.178537 0.705392
f 6497/2058/2236 6496/2057/2237 7127/2056/2237 7126/2055/2236 

vn -0.693122 -0.107539 0.712753
v 4.11755 2.96481 -4.15407
v 5.55137 2.96481 -2.75974
f 6496/2062/2238 7215/2061/2238 7216/2060/2238 7127/2059/2238 

v 41.1324 17.551 -42.2172
v 41.1971 15.4346 -42.2838
v 38.2258 14.2255 -39.2283
v 33.0288 12.1819 -33.8842
v 30.13 11.0499 -30.9032
v 24.3994 8.3755 -25.0103
v 12.9477 3.07738 -13.2343
v 5.99758 6.43929e-15 -6.08735
v 5.44663 0.0776889 -5.52079
v 5.10503 0.283561 -5.16952
v 4.97825 0.407677 -5.03915
v 4.74333 0.944063 -4.79757
v 4.28294 2.05501 -4.32414
v 4.06647 2.76119 -4.10155
f 6496/783/1848 6495/784/1848 6494/785/1848 6493/786/1848 6492/787/1848 6491/788/1848 6490/789/1848 6489/790/1848 6488/791/1848 6487/792/1848 6486/793/1848 6485/794/1848 6484/795/1848 6483/796/1848 6482/797/1848 6481/798/1848 6480/799/1848 6479/800/1848 6478/801/1848 6477/802/1848 6476/803/1848 6475/804/1848 6474/805/1848 6473/806/1848 6472/807/1848 6471/808/1848 7217/2235/1848 7218/2066/1848 7219/2234/1848 7220/2233/1848 7221/2232/1848 7222/2231/1848 7223/2230/1848 7224/2229/1848 7225/2228/1848 7226/2227/1848 7227/2226/1848 7228/2225/1848 7229/2224/1848 7230/2223/1848 7215/2222/1848 

vn -0.133082 0.981611 0.136852
vn -0.132165 0.981866 0.135908
f 6495/2221/2239 6496/2220/2240 7127/2219/2240 7128/2218/2239 

v 5.71676 2.05501 -2.92981
v 6.17715 0.944063 -3.40324
v 6.41207 0.407677 -3.64482
v 6.53886 0.283561 -3.77519
v 6.88045 0.0776889 -4.12646
v 7.4314 7.10543e-15 -4.69302
v 14.3815 3.07738 -11.84
v 25.8332 8.3755 -23.616
v 31.5638 11.0499 -29.5089
v 34.4627 12.1819 -32.4899
v 39.6596 14.2255 -37.834
v 42.6309 15.4346 -40.8895
v 42.5662 17.551 -40.8229
v 5.5003 2.76119 -2.70722
f 7231/2077/1868 7232/2076/1868 7233/2075/1868 7234/2074/1868 7235/2073/1868 7236/2072/1868 7237/2071/1868 7238/2070/1868 7239/2069/1868 7240/2068/1868 7241/2067/1868 7242/2066/1868 7243/2065/1868 7152/71/1868 7151/72/1868 7150/73/1868 7149/74/1868 7148/75/1868 7147/76/1868 7146/77/1868 7145/78/1868 7144/79/1868 7143/80/1868 7142/81/1868 7141/82/1868 7140/83/1868 7139/84/1868 7138/85/1868 7137/86/1868 7136/87/1868 7135/88/1868 7134/89/1868 7133/90/1868 7132/91/1868 7131/92/1868 7130/93/1868 7129/94/1868 7128/95/1868 7127/96/1868 7216/2064/1868 7244/2063/1868 

vn -0.619896 -0.457583 0.637453
vn -0.594857 -0.5215 0.611705
f 7229/2089/2241 7228/2088/2242 7232/2087/2242 7231/2086/2241 

vn -0.590341 -0.531954 0.607061
f 7228/2093/2242 7227/2092/2243 7233/2091/2243 7232/2090/2242 

vn -0.393005 -0.825967 0.404136
vn -0.333214 -0.878384 0.342651
f 7227/2097/2244 7226/2096/2245 7234/2095/2245 7233/2094/2244 

vn -0.171049 -0.969435 0.175894
f 7226/2101/2245 7225/2100/2246 7235/2099/2246 7234/2098/2245 

vn -0.0682066 -0.995203 0.0701383
f 7225/2105/2246 7224/2104/2247 7236/2103/2247 7235/2102/2246 

vn 0.205634 -0.955511 -0.211458
vn 0.209826 -0.953634 -0.215769
f 7224/2109/2248 7223/2108/2249 7237/2107/2249 7236/2106/2248 

vn 0.214853 -0.951328 -0.220939
f 7223/2113/2249 7222/2112/2250 7238/2111/2250 7237/2110/2249 

vn 0.199476 -0.958192 -0.205126
f 7222/2117/2250 7221/2116/2251 7239/2115/2251 7238/2114/2250 

vn 0.183732 -0.964648 -0.188936
f 7221/2121/2251 7220/2120/2252 7240/2119/2252 7239/2118/2251 

vn 0.187301 -0.963235 -0.192606
f 7220/2125/2252 7219/2124/2253 7241/2123/2253 7240/2122/2252 

vn 0.190272 -0.962036 -0.195661
f 7219/2129/2253 7218/2128/2254 7242/2127/2254 7241/2126/2253 

vn 0.696495 0.0438338 -0.716222
f 7218/2133/2255 7217/2132/2255 7243/2131/2255 7242/2130/2255 

f 7217/2132/2255 6471/2135/2255 7152/2134/2255 7243/2131/2255 

vn -0.25602 0.93013 0.263271
f 6471/2139/2256 6472/2138/2256 7151/2137/2256 7152/2136/2256 

f 6472/2138/2256 6473/2141/2256 7150/2140/2256 7151/2137/2256 

f 6473/2141/2256 6474/2143/2256 7149/2142/2256 7150/2140/2256 

f 6474/2143/2256 6475/2145/2256 7148/2144/2256 7149/2142/2256 

f 6475/2145/2256 6476/2147/2256 7147/2146/2256 7148/2144/2256 

f 6476/2147/2256 6477/2149/2256 7146/2148/2256 7147/2146/2256 

f 6477/2149/2256 6478/2151/2256 7145/2150/2256 7146/2148/2256 

vn -0.234915 0.94152 0.241569
f 6478/2151/2256 6479/2153/2257 7144/2152/2257 7145/2150/2256 

vn -0.209999 0.953555 0.215947
f 6479/2157/2257 6480/2156/2258 7143/2155/2258 7144/2154/2257 

vn -0.2063 0.955215 0.212143
f 6480/2161/2258 6481/2160/2259 7142/2159/2259 7143/2158/2258 

vn -0.206 0.955348 0.211835
f 6481/2165/2259 6482/2164/2260 7141/2163/2260 7142/2162/2259 

vn -0.205585 0.955532 0.211408
f 6482/2169/2260 6483/2168/2261 7140/2167/2261 7141/2166/2260 

vn -0.204978 0.955801 0.210783
f 6483/2173/2261 6484/2172/2262 7139/2171/2262 7140/2170/2261 

vn -0.204004 0.956229 0.209781
f 6484/2177/2262 6485/2176/2263 7138/2175/2263 7139/2174/2262 

vn -0.202171 0.95703 0.207897
f 6485/2181/2263 6486/2180/2264 7137/2179/2264 7138/2178/2263 

vn -0.196973 0.959257 0.202552
f 6486/2185/2264 6487/2184/2265 7136/2183/2265 7137/2182/2264 

vn -0.182314 0.965201 0.187478
f 6487/2189/2265 6488/2188/2266 7135/2187/2266 7136/2186/2265 

vn -0.164839 0.971645 0.169508
f 6488/2193/2266 6489/2192/2267 7134/2191/2267 7135/2190/2266 

vn -0.153851 0.975346 0.158208
f 6489/2197/2267 6490/2196/2268 7133/2195/2268 7134/2194/2267 

vn -0.146735 0.977599 0.150891
f 6490/2201/2268 6491/2200/2269 7132/2199/2269 7133/2198/2268 

vn -0.141748 0.979112 0.145763
f 6491/2205/2269 6492/2204/2270 7131/2203/2270 7132/2202/2269 

vn -0.138061 0.980196 0.141971
f 6492/2209/2270 6493/2208/2271 7130/2207/2271 7131/2206/2270 

vn -0.135235 0.981006 0.139066
f 6493/2213/2271 6494/2212/2272 7129/2211/2272 7130/2210/2271 

f 6494/2217/2272 6495/2216/2239 7128/2215/2239 7129/2214/2272 

vn 0.696495 0.0438439 -0.716221
f 6471/2135/2255 6470/2237/2273 7153/2236/2273 7152/2134/2255 

vn 0.696494 0.043854 -0.716221
f 6470/2241/2273 6469/2240/2274 7154/2239/2274 7153/2238/2273 

vn -0.245602 0.935892 0.252558
vn -0.247014 0.935127 0.25401
f 6469/2245/2275 6468/2244/2276 7155/2243/2276 7154/2242/2275 

v 33.5209 18.1256 -34.3902
v 35.2718 19.0989 -36.1907
v 37.7152 20.447 -38.7033
v 40.9888 22.2439 -42.0696
v 40.9546 23.3626 -42.0344
v 40.5964 23.165 -41.6661
v 39.634 22.6341 -40.6765
v 38.2358 21.8628 -39.2386
v 36.57 20.944 -37.5257
v 34.8051 19.9707 -35.7107
v 33.1092 19.0356 -33.9669
v 31.6509 18.2318 -32.4672
v 30.7233 17.7251 -31.5134
v 30.7224 17.6735 -31.5124
v 30.7228 17.6164 -31.5128
v 30.7252 17.5447 -31.5153
v 30.7306 17.4635 -31.5209
v 30.7402 17.3774 -31.5308
v 30.755 17.2914 -31.546
v 30.776 17.2102 -31.5676
v 30.8053 17.1367 -31.5977
v 30.847 17.0623 -31.6406
v 30.8979 16.988 -31.6929
v 30.9534 16.9168 -31.75
v 31.0089 16.8518 -31.8071
v 31.06 16.7959 -31.8596
v 31.1021 16.7523 -31.9029
v 31.5466 17.007 -32.36
v 32.3251 17.4531 -33.1605
f 7245/2320/1848 7246/2319/1848 7247/2318/1848 7248/2317/1848 6469/810/1848 6468/811/1848 6467/812/1848 6466/813/1848 6465/814/1848 6464/815/1848 6463/816/1848 6462/817/1848 6461/818/1848 6460/819/1848 6459/820/1848 6458/821/1848 6457/822/1848 6456/823/1848 6455/824/1848 6454/825/1848 6453/826/1848 6452/827/1848 6451/828/1848 6450/829/1848 6449/830/1848 6448/831/1848 6447/832/1848 6446/833/1848 6445/834/1848 6444/835/1848 6443/836/1848 6442/837/1848 6441/838/1848 6440/839/1848 6439/840/1848 6438/841/1848 6437/842/1848 6436/843/1848 6435/844/1848 6434/845/1848 6433/846/1848 6432/847/1848 6431/848/1848 6430/849/1848 6429/850/1848 6428/851/1848 6427/852/1848 6426/853/1848 6425/854/1848 6424/855/1848 6423/856/1848 6422/857/1848 6421/858/1848 6420/859/1848 6419/860/1848 6418/861/1848 6417/862/1848 6416/863/1848 6415/864/1848 6414/865/1848 6413/866/1848 6412/867/1848 7249/2316/1848 7250/2315/1848 7251/2314/1848 7252/2313/1848 7253/2312/1848 7254/2311/1848 7255/2310/1848 7256/2309/1848 7257/2308/1848 7258/2307/1848 7259/2306/1848 7260/2305/1848 7261/2304/1848 7262/2303/1848 7263/2302/1848 7264/2301/1848 7265/2300/1848 7266/2299/1848 7267/2298/1848 7268/2297/1848 7269/2296/1848 7270/2295/1848 7271/2294/1848 7272/2293/1848 7273/2292/1848 

vn 0.253213 -0.93171 -0.260385
vn 0.251102 -0.932884 -0.258214
v 36.7056 19.0989 -34.7963
v 34.9548 18.1256 -32.9959
f 7245/2419/2277 7246/2418/2278 7274/2417/2278 7275/2416/2277 

v 40.9565 23.2973 -42.0364
f 7248/2317/1848 7247/2318/1848 7246/2319/1848 7245/2320/1848 7273/2292/1848 7272/2293/1848 7271/2294/1848 7270/2295/1848 7269/2296/1848 7268/2297/1848 7267/2298/1848 7266/2299/1848 7265/2300/1848 7264/2301/1848 7263/2302/1848 7262/2303/1848 7261/2304/1848 7260/2305/1848 7259/2306/1848 7258/2307/1848 7257/2308/1848 7256/2309/1848 7255/2310/1848 7254/2311/1848 7253/2312/1848 7252/2313/1848 7251/2314/1848 7250/2315/1848 7249/2316/1848 7276/2321/1848 

vn 0.249727 -0.933643 -0.2568
vn 0.249177 -0.933946 -0.256234
v 42.4226 22.2439 -40.6753
v 39.149 20.447 -37.309
f 7247/2427/2279 7248/2426/2280 7277/2425/2280 7278/2424/2279 

vn 0.696492 0.0439227 -0.716219
vn 0.696515 0.0431603 -0.716243
v 42.3904 23.2973 -40.6421
f 7248/2431/2281 7276/2430/2282 7279/2429/2282 7277/2428/2281 

vn 0.696538 0.0423979 -0.716266
v 42.3884 23.3626 -40.6401
f 7276/2279/2282 7249/2278/2283 7280/2277/2283 7279/2276/2282 

vn 0.630761 0.42594 -0.648626
f 7249/2283/2284 6412/2282/2284 7211/2281/2284 7280/2280/2284 

vn -0.247472 0.934878 0.254481
vn 0.65172 0.355138 -0.670178
f 6412/2287/2285 6413/2286/2286 7210/2285/2286 7211/2284/2285 

vn 0.247872 -0.93466 -0.254893
f 6414/2291/2287 6413/2290/2286 7210/2289/2286 7209/2288/2287 

v 32.5359 16.7523 -30.5086
v 32.4938 16.7959 -30.4653
v 32.4428 16.8518 -30.4128
v 32.3872 16.9168 -30.3557
v 32.3317 16.988 -30.2986
v 32.2809 17.0623 -30.2463
v 32.2391 17.1367 -30.2033
v 32.2099 17.2102 -30.1733
v 32.1888 17.2914 -30.1516
v 32.174 17.3774 -30.1364
v 32.1644 17.4635 -30.1266
v 32.159 17.5447 -30.1209
v 32.1566 17.6164 -30.1185
v 32.1562 17.6735 -30.1181
v 32.1571 17.7251 -30.119
v 33.0847 18.2318 -31.0729
v 34.5431 19.0356 -32.5725
v 36.2389 19.9707 -34.3164
v 38.0038 20.944 -36.1313
v 39.6696 21.8628 -37.8443
v 41.0678 22.6341 -39.2821
v 42.0302 23.165 -40.2718
v 33.7589 17.4531 -31.7662
v 32.9805 17.007 -30.9657
f 7281/2274/1868 7282/2273/1868 7283/2272/1868 7284/2271/1868 7285/2270/1868 7286/2269/1868 7287/2268/1868 7288/2267/1868 7289/2266/1868 7290/2265/1868 7291/2264/1868 7292/2263/1868 7293/2262/1868 7294/2261/1868 7295/2260/1868 7296/2259/1868 7297/2258/1868 7298/2257/1868 7299/2256/1868 7300/2255/1868 7301/2254/1868 7302/2253/1868 7280/2252/1868 7211/12/1868 7210/13/1868 7209/14/1868 7208/15/1868 7207/16/1868 7206/17/1868 7205/18/1868 7204/19/1868 7203/20/1868 7202/21/1868 7201/22/1868 7200/23/1868 7199/24/1868 7198/25/1868 7197/26/1868 7196/27/1868 7195/28/1868 7194/29/1868 7193/30/1868 7192/31/1868 7191/32/1868 7190/33/1868 7189/34/1868 7188/35/1868 7187/36/1868 7186/37/1868 7185/38/1868 7184/39/1868 7183/40/1868 7182/41/1868 7181/42/1868 7180/43/1868 7179/44/1868 7178/45/1868 7177/46/1868 7176/47/1868 7175/48/1868 7174/49/1868 7173/50/1868 7172/51/1868 7171/52/1868 7170/53/1868 7169/54/1868 7168/55/1868 7167/56/1868 7166/57/1868 7165/58/1868 7164/59/1868 7163/60/1868 7162/61/1868 7161/62/1868 7160/63/1868 7159/64/1868 7158/65/1868 7157/66/1868 7156/67/1868 7155/68/1868 7154/69/1868 7277/2251/1868 7278/2250/1868 7274/2249/1868 7275/2248/1868 7303/2247/1868 7304/2246/1868 

f 7302/2253/1868 7301/2254/1868 7300/2255/1868 7299/2256/1868 7298/2257/1868 7297/2258/1868 7296/2259/1868 7295/2260/1868 7294/2261/1868 7293/2262/1868 7292/2263/1868 7291/2264/1868 7290/2265/1868 7289/2266/1868 7288/2267/1868 7287/2268/1868 7286/2269/1868 7285/2270/1868 7284/2271/1868 7283/2272/1868 7282/2273/1868 7281/2274/1868 7304/2246/1868 7303/2247/1868 7275/2248/1868 7274/2249/1868 7278/2250/1868 7277/2251/1868 7279/2275/1868 7280/2252/1868 

vn -0.250257 0.933352 0.257345
vn -0.250245 0.933358 0.257332
f 7250/2324/2288 7251/2327/2289 7301/2326/2289 7302/2323/2288 

vn -0.250229 0.933367 0.257316
f 7251/2327/2289 7252/2329/2290 7300/2328/2290 7301/2326/2289 

vn -0.250206 0.93338 0.257292
f 7252/2333/2290 7253/2332/2291 7299/2331/2291 7300/2330/2290 

vn -0.250171 0.933399 0.257257
f 7253/2332/2291 7254/2335/2292 7298/2334/2292 7299/2331/2291 

vn -0.250114 0.933431 0.257198
f 7254/2339/2292 7255/2338/2293 7297/2337/2293 7298/2336/2292 

vn -0.651144 -0.357302 0.669586
f 7255/2343/2293 7256/2342/2294 7296/2341/2294 7297/2340/2293 

vn 0.24812 -0.934525 -0.255147
f 7257/2347/2295 7256/2346/2294 7296/2345/2294 7295/2344/2295 

vn -0.00579629 -0.999965 0.00596045
vn 0.696918 -0.0266177 -0.716657
f 7294/2351/2296 7258/2350/2296 7257/2349/2297 7295/2348/2297 

vn -0.696872 -0.0289984 0.716609
f 7258/2355/2296 7259/2354/2298 7293/2353/2298 7294/2352/2296 

vn -0.695355 -0.0720144 0.715049
f 7259/2359/2298 7260/2358/2299 7292/2357/2299 7293/2356/2298 

vn -0.691521 -0.126985 0.711107
f 7260/2363/2299 7261/2362/2300 7291/2361/2300 7292/2360/2299 

vn -0.683254 -0.198768 0.702606
f 7261/2367/2300 7262/2366/2301 7290/2365/2301 7291/2364/2300 

vn -0.666257 -0.294453 0.685127
f 7262/2371/2301 7263/2370/2302 7289/2369/2302 7290/2368/2301 

vn -0.631554 -0.423516 0.649441
f 7263/2375/2302 7264/2374/2303 7288/2373/2303 7289/2372/2302 

vn -0.576096 -0.563171 0.592412
f 7264/2379/2303 7265/2378/2304 7287/2377/2304 7288/2376/2303 

vn -0.520842 -0.664728 0.535593
f 7265/2383/2304 7266/2382/2305 7286/2381/2305 7287/2380/2304 

vn -0.481373 -0.723359 0.495007
f 7266/2387/2305 7267/2386/2306 7285/2385/2306 7286/2384/2305 

vn -0.452997 -0.760131 0.465827
f 7267/2391/2306 7268/2390/2307 7284/2389/2307 7285/2388/2306 

vn -0.431871 -0.785023 0.444102
f 7268/2395/2307 7269/2394/2308 7283/2393/2308 7284/2392/2307 

vn -0.559717 0.596185 0.57557
f 7269/2399/2308 7270/2398/2309 7282/2397/2309 7283/2396/2308 

vn 0.4085 0.810352 -0.420069
f 7271/2403/2310 7270/2402/2309 7282/2401/2309 7281/2400/2310 

vn -0.64741 -0.371001 0.665747
vn -0.25869 0.928609 0.266017
f 7272/2407/2311 7271/2406/2312 7281/2405/2312 7304/2404/2311 

vn 0.256555 -0.929827 -0.263821
f 7272/2411/2311 7273/2410/2313 7303/2409/2313 7304/2408/2311 

f 7273/2415/2313 7245/2414/2277 7275/2413/2277 7303/2412/2313 

vn -0.250262 0.933349 0.25735
f 7249/2325/2314 7250/2324/2288 7302/2323/2288 7280/2322/2314 

f 7246/2423/2278 7247/2422/2279 7278/2421/2279 7274/2420/2278 

vn 0.24826 -0.934448 -0.255291
f 6415/2439/2315 6414/2438/2287 7209/2437/2287 7208/2436/2315 

vn 0.248797 -0.934154 -0.255843
f 6416/2443/2316 6415/2442/2315 7208/2441/2315 7207/2440/2316 

vn 0.249588 -0.93372 -0.256657
f 6417/2447/2317 6416/2446/2316 7207/2445/2316 7206/2444/2317 

vn 0.250872 -0.933012 -0.257977
f 6418/2451/2318 6417/2450/2317 7206/2449/2317 7205/2448/2318 

vn 0.253339 -0.931639 -0.260514
f 6419/2455/2319 6418/2454/2318 7205/2453/2318 7204/2452/2319 

vn 0.257839 -0.929096 -0.265142
f 6420/2459/2320 6419/2458/2319 7204/2457/2319 7203/2456/2320 

vn 0.254553 -0.930958 -0.261763
f 6421/2463/2321 6420/2462/2320 7203/2461/2320 7202/2460/2321 

vn 0.243631 -0.936951 -0.250532
f 6422/2467/2322 6421/2466/2321 7202/2465/2321 7201/2464/2322 

vn 0.235819 -0.941055 -0.242498
f 6423/2471/2323 6422/2470/2322 7201/2469/2322 7200/2468/2323 

vn 0.220527 -0.948653 -0.226773
f 6424/2475/2324 6423/2474/2323 7200/2473/2323 7199/2472/2324 

vn 0.208188 -0.954372 -0.214084
f 6425/2479/2325 6424/2478/2324 7199/2477/2324 7198/2476/2325 

vn 0.198904 0.958437 -0.204537
f 7198/2483/2326 6425/2482/2326 6426/2481/2326 7197/2480/2326 

vn -0.252529 0.932092 0.259681
vn -0.654882 -0.342961 0.67343
f 6426/2487/2327 6427/2486/2328 7196/2485/2328 7197/2484/2327 

vn 0.224412 -0.946776 -0.230768
f 6428/2491/2329 6427/2490/2328 7196/2489/2328 7195/2488/2329 

vn 0.222348 -0.947778 -0.228646
f 6429/2495/2330 6428/2494/2329 7195/2493/2329 7194/2492/2330 

vn 0.661286 0.316669 -0.680016
f 6430/2499/2331 6429/2498/2330 7194/2497/2330 7193/2496/2331 

vn -0.220097 0.948858 0.226331
f 6430/2503/2331 6431/2502/2332 7192/2501/2332 7193/2500/2331 

vn -0.3138 -0.892974 0.322688
f 6431/2507/2333 6432/2506/2333 7191/2505/2333 7192/2504/2333 

vn 0.597263 0.515812 -0.614179
vn 0.561897 0.591951 -0.577811
f 6433/2511/2334 6432/2510/2335 7191/2509/2335 7190/2508/2334 

vn 0.654654 0.343855 -0.673195
f 6434/2515/2336 6433/2514/2334 7190/2513/2334 7189/2512/2336 

vn 0.689312 0.149674 -0.708835
f 6435/2519/2337 6434/2518/2336 7189/2517/2336 7188/2516/2337 

vn 0.696363 -0.0479439 -0.716086
f 6436/2523/2338 6435/2522/2337 7188/2521/2337 7187/2520/2338 

vn 0.678411 -0.230386 -0.697625
f 6437/2527/2339 6436/2526/2338 7187/2525/2338 7186/2524/2339 

vn 0.651088 -0.357514 -0.669528
f 6438/2531/2340 6437/2530/2339 7186/2529/2339 7185/2528/2340 

vn 0.661447 -0.315977 -0.680181
f 6439/2535/2341 6438/2534/2340 7185/2533/2340 7184/2532/2341 

vn 0.689555 -0.147351 -0.709085
f 6440/2539/2342 6439/2538/2341 7184/2537/2341 7183/2536/2342 

vn 0.697152 0.00618426 -0.716897
f 6441/2543/2343 6440/2542/2342 7183/2541/2342 7182/2540/2343 

vn 0.690205 0.140948 -0.709754
f 6442/2547/2344 6441/2546/2343 7182/2545/2343 7181/2544/2344 

vn 0.670631 0.273258 -0.689625
f 6443/2551/2345 6442/2550/2344 7181/2549/2344 7180/2548/2345 

vn 0.631608 0.42335 -0.649497
f 6444/2555/2346 6443/2554/2345 7180/2553/2345 7179/2552/2346 

vn 0.547267 0.619509 -0.562767
f 6445/2559/2347 6444/2558/2346 7179/2557/2346 7178/2556/2347 

vn 0.481247 0.723531 -0.494877
f 6446/2563/2348 6445/2562/2347 7178/2561/2347 7177/2560/2348 

vn 0.179412 0.96632 -0.184494
vn 0.213359 0.952019 -0.219402
f 6447/2567/2349 6446/2566/2350 7177/2565/2350 7176/2564/2349 

vn 0.15104 0.97625 -0.155318
f 6448/2571/2351 6447/2570/2349 7176/2569/2349 7175/2568/2351 

vn 0.168371 0.970399 -0.173139
f 6449/2575/2352 6448/2574/2351 7175/2573/2351 7174/2572/2352 

vn 0.196072 0.959637 -0.201625
f 6450/2579/2353 6449/2578/2352 7174/2577/2352 7173/2576/2353 

vn -0.663186 0.308385 0.68197
f 6451/2583/2354 6450/2582/2353 7173/2581/2353 7172/2580/2354 

vn -0.217589 -0.950047 0.223752
f 6451/2587/2354 6452/2586/2355 7171/2585/2355 7172/2584/2354 

vn 0.186071 -0.963725 -0.191341
vn -0.667571 -0.288264 0.686478
f 6452/2591/2356 6453/2590/2357 7170/2589/2357 7171/2588/2356 

vn -0.219638 0.949077 0.225858
f 6454/2595/2358 6453/2594/2357 7170/2593/2357 7169/2592/2358 

vn -0.225474 0.946257 0.23186
f 6455/2599/2359 6454/2598/2358 7169/2597/2358 7168/2596/2359 

vn -0.228777 0.944624 0.235257
f 6456/2603/2360 6455/2602/2359 7168/2601/2359 7167/2600/2360 

vn -0.231188 0.943416 0.237736
f 6457/2607/2361 6456/2606/2360 7167/2605/2360 7166/2604/2361 

vn -0.233243 0.942375 0.239849
f 6458/2611/2362 6457/2610/2361 7166/2609/2361 7165/2608/2362 

vn -0.235193 0.941377 0.241854
f 6459/2615/2363 6458/2614/2362 7165/2613/2362 7164/2612/2363 

vn -0.237779 0.940039 0.244514
f 6460/2619/2364 6459/2618/2363 7164/2617/2363 7163/2616/2364 

vn -0.244634 0.936414 0.251562
f 6461/2623/2365 6460/2622/2364 7163/2621/2364 7162/2620/2365 

vn -0.254825 0.930805 0.262042
f 6462/2627/2366 6461/2626/2365 7162/2625/2365 7161/2624/2366 

vn -0.26133 0.927087 0.268731
f 6463/2631/2367 6462/2630/2366 7161/2629/2366 7160/2628/2367 

vn -0.261669 0.92689 0.26908
f 6464/2635/2368 6463/2634/2367 7160/2633/2367 7159/2632/2368 

vn -0.258303 0.928831 0.265619
f 6465/2639/2369 6464/2638/2368 7159/2637/2368 7158/2636/2369 

vn -0.254047 0.931243 0.261242
f 6466/2643/2370 6465/2642/2369 7158/2641/2369 7157/2640/2370 

vn -0.250186 0.933391 0.257272
f 6467/2647/2371 6466/2646/2370 7157/2645/2370 7156/2644/2371 

f 6468/2651/2276 6467/2650/2371 7156/2649/2371 7155/2648/2276 

vn 0.696496 0.0438108 -0.716222
f 6469/2435/2372 7248/2434/2372 7277/2433/2372 7154/2432/2372 

vn 0.64681 0.37315 -0.665129
f 6412/2655/2373 6411/2654/2373 7212/2653/2373 7211/2652/2373 

vn 0.372504 0.845287 -0.383054
f 6411/2659/2374 6410/2658/2374 7213/2657/2374 7212/2656/2374 

vn -0.0239189 0.999411 0.0245963
vn -0.127941 0.983017 0.131564
f 6410/2663/2375 6409/2662/2376 7214/2661/2376 7213/2660/2375 

f 6409/2667/2376 6408/2666/1849 6812/2665/1849 7214/2664/2376 

vn -0.638201 -0.402494 0.656276
f 7230/2085/2377 7229/2084/2241 7231/2083/2241 7244/2082/2377 

vn -0.656 0.338537 0.674579
f 7215/2081/2378 7230/2080/2378 7244/2079/2378 7216/2078/2378 

g Mesh15 ___246_8 ___248_4 Model

v 22.8424 21.325 -26.278
v 22.5941 21.3614 -26.0227
v 24.0279 21.3614 -24.6283
v 24.2762 21.325 -24.8837
f 7305/1/1846 7306/2/1847 7307/3/1847 7308/4/1846 

v 28.6019 19.5638 -32.2006
v 29.9554 20.3111 -33.5924
v 32.096 21.3793 -35.7937
v 36.0809 23.3679 -39.8914
v 38.2542 24.4525 -42.1263
v 38.8386 24.4812 -42.7273
v 39.3108 24.0531 -43.2128
v 39.4084 23.705 -43.3132
v 39.1935 23.5879 -43.0923
v 38.3446 23.1251 -42.2193
v 37.1064 22.449 -40.9461
v 35.6236 21.6376 -39.4212
v 34.0406 20.7689 -37.7934
v 32.502 19.9209 -36.2112
v 31.1525 19.1716 -34.8235
v 30.1365 18.5988 -33.7787
v 29.5069 18.2347 -33.1313
v 28.8239 17.8611 -32.4289
v 28.0542 17.4585 -31.6374
v 27.2526 17.0512 -30.8131
v 27.0832 16.9752 -30.639
v 27.0548 16.9874 -30.6098
v 26.4739 16.6635 -30.0124
v 25.7729 16.3197 -29.2915
v 25.2043 16.044 -28.7069
v 24.823 15.8608 -28.3148
v 24.6838 15.7944 -28.1715
v 24.7215 15.7671 -28.2103
v 24.7728 15.6669 -28.2631
v 24.8071 15.5652 -28.2983
v 24.8254 15.4628 -28.3172
v 24.8289 15.3606 -28.3208
v 24.8186 15.2594 -28.3102
v 24.7956 15.16 -28.2866
v 24.7653 15.0602 -28.2554
v 24.7471 14.9499 -28.2367
v 24.742 14.8336 -28.2314
v 24.7481 14.7178 -28.2377
v 24.764 14.6092 -28.254
v 24.7879 14.5142 -28.2786
v 24.8183 14.4394 -28.3099
v 24.8535 14.3913 -28.346
v 24.8954 14.3719 -28.3892
v 24.9689 14.3495 -28.4647
v 25.0709 14.3157 -28.5696
v 25.1914 14.2696 -28.6935
v 25.3204 14.2104 -28.8262
v 25.4444 14.152 -28.9537
v 25.5243 14.1837 -29.0359
v 25.7135 14.2721 -29.2305
v 25.9989 14.4106 -29.5239
v 26.3673 14.593 -29.9028
v 26.8056 14.8128 -30.3535
v 27.3007 15.0637 -30.8626
v 27.8393 15.3393 -31.4165
v 28.4084 15.6332 -32.0017
v 29.0206 15.9542 -32.6312
v 29.5832 16.264 -33.2097
v 30.1359 16.5824 -33.7781
v 30.7916 16.9653 -34.4523
v 31.6632 17.4688 -35.3487
v 32.8638 18.1491 -36.5832
v 34.5062 19.0622 -38.2722
v 36.7034 20.2641 -40.5315
v 39.5682 21.8109 -43.4776
v 39.5833 21.3189 -43.4931
v 39.6375 19.5466 -43.5488
v 39.2578 19.3316 -43.1584
v 38.2509 18.7613 -42.1229
v 36.8148 17.948 -40.6461
v 35.1475 17.0039 -38.9317
v 33.4473 16.041 -37.1833
v 31.9121 15.1716 -35.6046
v 30.7401 14.5079 -34.3994
v 30.1293 14.162 -33.7713
v 29.8022 14.011 -33.4349
v 28.4539 13.4115 -32.0485
v 26.2552 12.4351 -29.7875
v 23.4974 11.2128 -26.9516
v 20.4717 9.87512 -23.8402
v 17.4694 8.55301 -20.7529
v 14.782 7.37723 -17.9893
v 12.7006 6.47856 -15.849
v 11.4381 5.95688 -14.5507
v 10.2093 5.50929 -13.2871
v 8.81559 5.0439 -11.8539
v 7.35834 4.5846 -10.3554
v 5.93886 4.15526 -8.89573
v 4.65846 3.77976 -7.57905
v 3.61844 3.48198 -6.50959
v 2.92013 3.2858 -5.7915
v 2.66485 3.21511 -5.52899
v 2.65767 3.2719 -5.5216
v 2.62854 3.4458 -5.49165
v 2.45903 3.58885 -5.31733
v 2.38275 3.65285 -5.23889
v 1.86445 4.08772 -4.70592
v 1.54835 4.35295 -4.38086
v 1.54415 4.57962 -4.37655
v 1.54003 5.06168 -4.37231
v 1.53748 5.35953 -4.36969
v 1.36498 5.52721 -4.1923
v 0.974626 5.99085 -3.79089
v 0.687049 6.59404 -3.49517
v 0.760732 7.16697 -3.57094
v 1.04666 7.58404 -3.86497
v 1.23952 7.76408 -4.06328
v 1.13941 7.9384 -3.96035
v 0.869922 8.45569 -3.68322
v 0.580309 9.17764 -3.3854
v 0.430411 9.84977 -3.23126
v 0.430177 10.2922 -3.23102
v 0.465322 10.5877 -3.26716
v 0.422535 10.8098 -3.22316
v 0.28673 10.9851 -3.08351
v 0.108295 11.1319 -2.90002
v -5.9508e-14 11.3086 -2.78866
v 0.0411254 11.538 -2.83095
v 0.158001 11.7329 -2.95114
v 0.235347 11.8656 -3.03067
v 0.246368 12.0146 -3.04201
v 0.315701 12.2039 -3.1133
v 0.466686 12.3226 -3.26856
v 0.620801 12.2415 -3.42704
v 0.857831 12.1223 -3.67079
v 1.15284 11.9561 -3.97416
v 1.3529 11.6417 -4.17988
v 1.4638 11.4236 -4.29391
v 1.51795 11.4489 -4.34961
v 1.5677 11.6818 -4.40077
v 1.62366 12.2029 -4.45831
v 1.75001 12.8099 -4.58824
v 1.96746 13.0751 -4.81184
v 2.12002 13.1357 -4.96872
v 2.18241 13.1025 -5.03288
v 2.31343 12.9751 -5.16761
v 2.45711 12.772 -5.31537
v 2.53072 12.5461 -5.39105
v 2.52966 12.3508 -5.38997
v 2.57183 12.1464 -5.43333
v 2.68776 11.8957 -5.55254
v 2.78955 11.611 -5.65721
v 2.95501 11.3312 -5.82737
v 3.18849 11.1158 -6.06746
v 3.36391 11.0198 -6.24785
v 3.48781 11.0299 -6.37525
v 3.58884 11.1627 -6.47914
v 3.66746 11.4469 -6.55999
v 3.64475 11.8188 -6.53664
v 3.47975 12.1294 -6.36697
v 3.26975 12.2521 -6.15102
v 3.10105 12.3577 -5.97754
v 3.04243 12.5665 -5.91726
v 3.05401 12.786 -5.92917
v 3.05013 12.9393 -5.92518
v 2.95956 13.0322 -5.83205
v 2.83461 13.206 -5.70355
v 2.78981 13.4385 -5.65749
v 2.95586 13.6308 -5.82824
v 3.32447 13.6784 -6.20729
v 3.69403 13.7351 -6.58731
v 3.96469 13.9601 -6.86564
v 4.24007 14.2829 -7.14882
v 4.39073 14.4283 -7.30375
v 4.39962 14.2604 -7.31289
v 4.48203 14.0657 -7.39763
v 4.55542 13.9478 -7.4731
v 4.60789 13.9168 -7.52706
v 4.78424 13.7965 -7.7084
v 4.99969 13.5597 -7.92995
v 5.14084 13.1854 -8.07511
v 5.17606 12.7397 -8.11131
v 5.22435 12.4018 -8.16098
v 5.36574 12.2749 -8.30637
v 5.50815 12.2128 -8.45282
v 5.59245 12.1901 -8.53951
v 5.57348 12.1057 -8.51999
v 5.48735 11.8188 -8.43143
v 5.41638 11.5824 -8.35845
v 5.44185 11.5518 -8.38464
v 5.55783 11.4926 -8.5039
v 5.67117 11.3727 -8.62046
v 5.68813 11.1568 -8.6379
v 5.61058 10.8482 -8.55815
v 5.53549 10.6306 -8.48093
v 5.59954 10.6474 -8.54679
v 5.89329 10.8039 -8.84887
v 6.24664 11.0208 -9.21222
v 6.48727 11.3039 -9.45966
v 6.58702 11.7436 -9.56225
v 6.60751 12.0678 -9.58331
v 6.57887 12.0886 -9.55386
v 6.46412 12.0516 -9.43586
v 6.35053 12.0255 -9.31906
v 6.29296 12.088 -9.25985
v 6.21424 12.3685 -9.17891
v 6.15948 12.8291 -9.12259
v 6.19406 13.4074 -9.15815
v 6.34883 13.9714 -9.31731
v 6.56675 14.3723 -9.54139
v 6.78412 14.5702 -9.76492
v 6.94992 14.8267 -9.93542
v 7.03843 15.018 -10.0264
v 7.05519 15.0306 -10.0437
v 7.09849 14.9796 -10.0882
v 7.16349 14.883 -10.155
v 7.27054 14.7306 -10.2651
v 7.50579 14.4866 -10.507
v 7.75078 14.1625 -10.759
v 7.87819 13.7679 -10.89
v 7.91049 13.326 -10.9232
v 7.97451 12.9347 -10.989
v 8.1458 12.7052 -11.1652
v 8.28958 12.6627 -11.313
v 8.4409 12.6526 -11.4686
v 8.64062 12.5616 -11.674
v 8.81467 12.5023 -11.853
v 8.91001 12.4273 -11.951
v 8.89144 12.2994 -11.9319
v 8.81331 12.232 -11.8516
v 8.76347 12.2025 -11.8003
v 8.79541 12.1649 -11.8332
v 8.80948 12.0855 -11.8477
v 8.80622 11.9632 -11.8443
v 8.79984 11.8012 -11.8377
v 8.78172 11.5969 -11.8191
v 8.76406 11.3162 -11.8009
v 8.83176 10.9372 -11.8706
v 9.21703 10.5614 -12.2667
v 9.63418 10.3118 -12.6957
v 9.78119 10.2906 -12.8469
v 9.73498 10.4558 -12.7994
v 9.59174 10.7176 -12.6521
v 9.44581 10.9936 -12.502
v 9.42502 11.2385 -12.4806
v 9.45585 11.4356 -12.5123
v 9.43863 11.6287 -12.4946
v 9.35785 12.0526 -12.4116
v 9.33567 12.5028 -12.3887
v 9.47387 12.7684 -12.5309
v 9.64742 13.0334 -12.7093
v 9.76606 13.3399 -12.8313
v 9.74312 13.6385 -12.8077
v 9.50048 13.7276 -12.5582
v 9.22036 13.7432 -12.2702
v 9.08881 13.857 -12.1349
v 9.04799 14.0348 -12.0929
v 9.04354 14.1719 -12.0883
v 9.01995 14.1955 -12.0641
v 8.86001 14.2305 -11.8996
v 8.67908 14.3933 -11.7136
v 8.64551 14.7323 -11.679
v 8.89552 14.985 -11.9361
v 9.25554 15.1257 -12.3063
v 9.52879 15.2076 -12.5873
v 9.70956 15.3666 -12.7732
v 9.8514 15.6082 -12.9191
v 9.99898 15.8811 -13.0708
v 10.1897 15.9714 -13.267
v 10.4201 15.9012 -13.5039
v 10.6834 15.7567 -13.7746
v 10.9564 15.6641 -14.0554
v 11.1499 15.5827 -14.2543
v 11.1818 15.4477 -14.2871
v 11.1307 15.2786 -14.2346
v 11.0737 15.1515 -14.176
v 11.0704 15.1145 -14.1726
v 11.1356 15.004 -14.2397
v 11.1817 14.8242 -14.2871
v 11.1295 14.6347 -14.2334
v 11.0854 14.4964 -14.188
v 11.0934 14.3858 -14.1963
v 11.151 14.2471 -14.2555
v 11.1674 13.9438 -14.2723
v 11.1904 13.6075 -14.296
v 11.2964 13.4111 -14.405
v 11.4626 13.3581 -14.5759
v 11.6195 13.4377 -14.7372
v 11.7165 13.6379 -14.837
v 11.8306 13.7529 -14.9544
v 11.9577 13.7488 -15.085
v 12.0677 13.6394 -15.1982
v 12.1875 13.4187 -15.3214
v 12.279 13.2977 -15.4154
v 12.3079 13.5054 -15.4451
v 12.4338 13.907 -15.5746
v 12.5345 14.3104 -15.6782
v 12.4301 14.5693 -15.5708
v 12.2649 14.6358 -15.401
v 12.1342 14.6715 -15.2665
v 12.0711 14.8397 -15.2017
v 12.0717 15.023 -15.2023
v 12.0605 15.2082 -15.1907
v 11.9635 15.4459 -15.0909
v 11.868 15.7197 -14.9927
v 11.8957 15.9971 -15.0213
v 12.1397 16.2467 -15.2722
v 12.5195 16.3682 -15.6628
v 12.835 16.3931 -15.9872
v 12.9375 16.4176 -16.0926
v 13.2128 16.7288 -16.3757
v 13.547 17.1064 -16.7194
v 13.6467 17.188 -16.8219
v 13.6823 16.8409 -16.8585
v 13.7259 16.4155 -16.9033
v 13.739 16.2892 -16.9168
v 13.755 16.2524 -16.9332
v 13.8281 16.0843 -17.0084
v 13.9922 15.6969 -17.1772
v 14.128 15.254 -17.3168
v 14.2195 14.9159 -17.4109
v 14.3082 14.7914 -17.5021
v 14.4288 14.9702 -17.6261
v 14.5635 15.2639 -17.7647
v 14.685 15.4299 -17.8896
v 14.7867 15.395 -17.9941
v 14.8663 15.1647 -18.076
v 14.9112 14.7358 -18.1222
v 14.8177 14.3505 -18.0261
v 14.6487 14.1035 -17.8522
v 14.5323 13.9839 -17.7325
v 14.5907 13.8288 -17.7926
v 14.7651 13.6456 -17.972
v 14.9635 13.5258 -18.176
v 15.282 13.5711 -18.5035
v 15.6267 13.7472 -18.8579
v 15.808 13.9768 -19.0444
v 15.7934 14.1324 -19.0294
v 15.669 14.3189 -18.9014
v 15.5122 14.6994 -18.7402
v 15.4775 15.0426 -18.7045
v 15.5596 15.3579 -18.7889
v 15.6845 15.8299 -18.9174
v 15.7291 16.4065 -18.9633
v 15.6759 16.9267 -18.9085
v 15.5531 17.2808 -18.7823
v 15.44 17.5865 -18.6659
v 15.3718 17.8339 -18.5958
v 15.3602 17.9061 -18.584
v 15.5399 17.8189 -18.7687
v 15.9059 17.7268 -19.145
v 16.367 17.7807 -19.6192
v 16.6953 18.0622 -19.9568
v 16.8456 18.3797 -20.1113
v 16.8741 18.4236 -20.1407
v 16.8663 18.0555 -20.1326
v 16.8499 17.1601 -20.1158
v 16.9508 16.3854 -20.2196
v 17.232 15.9495 -20.5087
v 17.682 15.6154 -20.9715
v 18.0579 15.7309 -21.358
v 18.3228 16.2397 -21.6305
v 18.6004 16.7289 -21.9158
v 19.0566 17.1326 -22.385
v 19.5892 17.5023 -22.9327
v 19.9911 17.7825 -23.346
v 20.0986 18.0035 -23.4565
v 20.0007 18.2025 -23.3558
v 19.8463 18.3806 -23.1971
v 19.5685 18.5282 -22.9114
v 19.3161 18.6778 -22.6518
v 19.4007 18.8839 -22.7388
v 19.4577 19.2983 -22.7974
v 19.2859 19.8076 -22.6208
v 19.0624 20.1637 -22.391
v 18.7341 20.4139 -22.0534
v 18.4508 20.6373 -21.7621
v 18.5469 20.7739 -21.8608
v 18.9604 20.6828 -22.2861
v 19.3876 20.4595 -22.7254
v 19.6453 20.3285 -22.9904
v 19.6179 20.5327 -22.9622
v 19.4565 20.8903 -22.7962
v 19.3732 21.0552 -22.7106
v 19.4806 21.0366 -22.821
v 19.8135 20.8824 -23.1633
v 20.4323 20.4469 -23.7996
v 21.0142 19.4414 -24.398
v 21.3933 18.3363 -24.7879
v 21.6961 17.9794 -25.0992
v 21.912 18.292 -25.3212
v 22.0206 18.7305 -25.433
v 22.0855 19.1559 -25.4997
v 22.2408 19.5308 -25.6594
v 22.4741 19.8645 -25.8993
v 22.6658 20.1189 -26.0964
v 22.6711 20.561 -26.1018
v 22.5546 21.1213 -25.982
v 22.5517 21.1752 -25.9791
v 22.5348 21.1993 -25.9618
v 22.5001 21.3754 -25.926
v 23.1089 21.4532 -26.5521
v 23.3479 21.6092 -26.7979
v 23.7156 21.3612 -27.176
v 24.0434 20.6235 -27.513
v 24.1662 19.8671 -27.6393
v 24.1847 19.5321 -27.6583
v 24.241 19.5107 -27.7162
v 24.4019 19.3775 -27.8817
v 24.664 19.029 -28.1512
v 24.8099 18.3897 -28.3013
v 24.7635 17.7201 -28.2535
v 24.7084 17.4139 -28.1968
v 26.0825 18.1726 -29.6098
f 7309/5/1848 7310/6/1848 7311/7/1848 7312/8/1848 7313/9/1848 7314/10/1848 7315/11/1848 7316/12/1848 7317/13/1848 7318/14/1848 7319/15/1848 7320/16/1848 7321/17/1848 7322/18/1848 7323/19/1848 7324/20/1848 7325/21/1848 7326/22/1848 7327/23/1848 7328/24/1848 7329/25/1848 7330/26/1848 7331/27/1848 7332/28/1848 7333/29/1848 7334/30/1848 7335/31/1848 7336/32/1848 7337/33/1848 7338/34/1848 7339/35/1848 7340/36/1848 7341/37/1848 7342/38/1848 7343/39/1848 7344/40/1848 7345/41/1848 7346/42/1848 7347/43/1848 7348/44/1848 7349/45/1848 7350/46/1848 7351/47/1848 7352/48/1848 7353/49/1848 7354/50/1848 7355/51/1848 7356/52/1848 7357/53/1848 7358/54/1848 7359/55/1848 7360/56/1848 7361/57/1848 7362/58/1848 7363/59/1848 7364/60/1848 7365/61/1848 7366/62/1848 7367/63/1848 7368/64/1848 7369/65/1848 7370/66/1848 7371/67/1848 7372/68/1848 7373/69/1848 7374/70/1848 7375/71/1848 7376/72/1848 7377/73/1848 7378/74/1848 7379/75/1848 7380/76/1848 7381/77/1848 7382/78/1848 7383/79/1848 7384/80/1848 7385/81/1848 7386/82/1848 7387/83/1848 7388/84/1848 7389/85/1848 7390/86/1848 7391/87/1848 7392/88/1848 7393/89/1848 7394/90/1848 7395/91/1848 7396/92/1848 7397/93/1848 7398/94/1848 7399/95/1848 7400/96/1848 7401/97/1848 7402/98/1848 7403/99/1848 7404/100/1848 7405/101/1848 7406/102/1848 7407/103/1848 7408/104/1848 7409/105/1848 7410/106/1848 7411/107/1848 7412/108/1848 7413/109/1848 7414/110/1848 7415/111/1848 7416/112/1848 7417/113/1848 7418/114/1848 7419/115/1848 7420/116/1848 7421/117/1848 7422/118/1848 7423/119/1848 7424/120/1848 7425/121/1848 7426/122/1848 7427/123/1848 7428/124/1848 7429/125/1848 7430/126/1848 7431/127/1848 7432/128/1848 7433/129/1848 7434/130/1848 7435/131/1848 7436/132/1848 7437/133/1848 7438/134/1848 7439/135/1848 7440/136/1848 7441/137/1848 7442/138/1848 7443/139/1848 7444/140/1848 7445/141/1848 7446/142/1848 7447/143/1848 7448/144/1848 7449/145/1848 7450/146/1848 7451/147/1848 7452/148/1848 7453/149/1848 7454/150/1848 7455/151/1848 7456/152/1848 7457/153/1848 7458/154/1848 7459/155/1848 7460/156/1848 7461/157/1848 7462/158/1848 7463/159/1848 7464/160/1848 7465/161/1848 7466/162/1848 7467/163/1848 7468/164/1848 7469/165/1848 7470/166/1848 7471/167/1848 7472/168/1848 7473/169/1848 7474/170/1848 7475/171/1848 7476/172/1848 7477/173/1848 7478/174/1848 7479/175/1848 7480/176/1848 7481/177/1848 7482/178/1848 7483/179/1848 7484/180/1848 7485/181/1848 7486/182/1848 7487/183/1848 7488/184/1848 7489/185/1848 7490/186/1848 7491/187/1848 7492/188/1848 7493/189/1848 7494/190/1848 7495/191/1848 7496/192/1848 7497/193/1848 7498/194/1848 7499/195/1848 7500/196/1848 7501/197/1848 7502/198/1848 7503/199/1848 7504/200/1848 7505/201/1848 7506/202/1848 7507/203/1848 7508/204/1848 7509/205/1848 7510/206/1848 7511/207/1848 7512/208/1848 7513/209/1848 7514/210/1848 7515/211/1848 7516/212/1848 7517/213/1848 7518/214/1848 7519/215/1848 7520/216/1848 7521/217/1848 7522/218/1848 7523/219/1848 7524/220/1848 7525/221/1848 7526/222/1848 7527/223/1848 7528/224/1848 7529/225/1848 7530/226/1848 7531/227/1848 7532/228/1848 7533/229/1848 7534/230/1848 7535/231/1848 7536/232/1848 7537/233/1848 7538/234/1848 7539/235/1848 7540/236/1848 7541/237/1848 7542/238/1848 7543/239/1848 7544/240/1848 7545/241/1848 7546/242/1848 7547/243/1848 7548/244/1848 7549/245/1848 7550/246/1848 7551/247/1848 7552/248/1848 7553/249/1848 7554/250/1848 7555/251/1848 7556/252/1848 7557/253/1848 7558/254/1848 7559/255/1848 7560/256/1848 7561/257/1848 7562/258/1848 7563/259/1848 7564/260/1848 7565/261/1848 7566/262/1848 7567/263/1848 7568/264/1848 7569/265/1848 7570/266/1848 7571/267/1848 7572/268/1848 7573/269/1848 7574/270/1848 7575/271/1848 7576/272/1848 7577/273/1848 7578/274/1848 7579/275/1848 7580/276/1848 7581/277/1848 7582/278/1848 7583/279/1848 7584/280/1848 7585/281/1848 7586/282/1848 7587/283/1848 7588/284/1848 7589/285/1848 7590/286/1848 7591/287/1848 7592/288/1848 7593/289/1848 7594/290/1848 7595/291/1848 7596/292/1848 7597/293/1848 7598/294/1848 7599/295/1848 7600/296/1848 7601/297/1848 7602/298/1848 7603/299/1848 7604/300/1848 7605/301/1848 7606/302/1848 7607/303/1848 7608/304/1848 7609/305/1848 7610/306/1848 7611/307/1848 7612/308/1848 7613/309/1848 7614/310/1848 7615/311/1848 7616/312/1848 7617/313/1848 7618/314/1848 7619/315/1848 7620/316/1848 7621/317/1848 7622/318/1848 7623/319/1848 7624/320/1848 7625/321/1848 7626/322/1848 7627/323/1848 7628/324/1848 7629/325/1848 7630/326/1848 7631/327/1848 7632/328/1848 7633/329/1848 7634/330/1848 7635/331/1848 7636/332/1848 7637/333/1848 7638/334/1848 7639/335/1848 7640/336/1848 7641/337/1848 7642/338/1848 7643/339/1848 7644/340/1848 7645/341/1848 7646/342/1848 7647/343/1848 7648/344/1848 7649/345/1848 7650/346/1848 7651/347/1848 7652/348/1848 7653/349/1848 7654/350/1848 7655/351/1848 7656/352/1848 7657/353/1848 7658/354/1848 7659/355/1848 7660/356/1848 7661/357/1848 7662/358/1848 7663/359/1848 7664/360/1848 7665/361/1848 7666/362/1848 7667/363/1848 7668/364/1848 7669/365/1848 7670/366/1848 7671/367/1848 7672/368/1848 7673/369/1848 7674/370/1848 7675/371/1848 7676/372/1848 7677/373/1848 7678/374/1848 7679/375/1848 7680/376/1848 7681/377/1848 7682/378/1848 7683/379/1848 7684/380/1848 7685/381/1848 7686/382/1848 7687/383/1848 7688/384/1848 7689/385/1848 7690/386/1848 7691/387/1848 7692/388/1848 7693/389/1848 7694/390/1848 7695/391/1848 7696/392/1848 7697/393/1848 7698/394/1848 7699/395/1848 7306/396/1848 7305/397/1848 7700/398/1848 7701/399/1848 7702/400/1848 7703/401/1848 7704/402/1848 7705/403/1848 7706/404/1848 7707/405/1848 7708/406/1848 7709/407/1848 7710/408/1848 7711/409/1848 7712/410/1848 

v 30.0357 19.5638 -30.8063
v 31.3892 20.3111 -32.1981
f 7310/411/1850 7309/412/1851 7713/413/1851 7714/414/1850 

v 27.5163 18.1726 -28.2155
f 7309/412/1851 7712/415/1851 7715/416/1851 7713/413/1851 

v 26.1422 17.4139 -26.8025
f 7712/415/1851 7711/417/1851 7716/418/1851 7715/416/1851 

v 26.1973 17.7201 -26.8592
f 7711/419/1852 7710/420/1853 7717/421/1853 7716/422/1852 

v 26.2437 18.3897 -26.9069
f 7710/423/1853 7709/424/1854 7718/425/1854 7717/426/1853 

v 26.0979 19.029 -26.7569
f 7709/427/1855 7708/428/1855 7719/429/1855 7718/430/1855 

v 25.8357 19.3775 -26.4874
f 7708/431/1856 7707/432/1857 7720/433/1857 7719/434/1856 

v 25.6748 19.5107 -26.3219
f 7707/435/1857 7706/436/1858 7721/437/1858 7720/438/1857 

v 25.6185 19.5321 -26.264
f 7706/439/1858 7705/440/1859 7722/441/1859 7721/442/1858 

v 25.6 19.8671 -26.2449
f 7705/443/1860 7704/444/1861 7723/445/1861 7722/446/1860 

v 25.4772 20.6235 -26.1187
f 7704/447/1861 7703/448/1862 7724/449/1862 7723/450/1861 

v 25.1494 21.3612 -25.7816
f 7703/451/1862 7702/452/1863 7725/453/1863 7724/454/1862 

v 24.7818 21.6092 -25.4035
f 7702/455/1864 7701/456/1864 7726/457/1864 7725/458/1864 

v 24.5428 21.4532 -25.1578
f 7701/459/1865 7700/460/1866 7727/461/1866 7726/462/1865 

f 7700/463/1866 7305/464/1867 7308/465/1867 7727/466/1866 

v 23.9339 21.3754 -24.5317
v 23.9687 21.1993 -24.5674
v 23.9856 21.1752 -24.5848
v 23.9884 21.1213 -24.5877
v 24.1049 20.561 -24.7075
v 24.0996 20.1189 -24.702
v 23.908 19.8645 -24.505
v 23.6747 19.5308 -24.2651
v 23.5194 19.1559 -24.1054
v 23.4545 18.7305 -24.0387
v 23.3458 18.292 -23.9269
v 23.1299 17.9794 -23.7049
v 22.8271 18.3363 -23.3936
v 22.448 19.4414 -23.0037
v 21.8661 20.4469 -22.4053
v 21.2473 20.8824 -21.769
v 20.9144 21.0366 -21.4267
v 20.807 21.0552 -21.3162
v 20.8903 20.8903 -21.4019
v 21.0517 20.5327 -21.5679
v 21.0791 20.3285 -21.596
v 20.8214 20.4595 -21.331
v 20.3943 20.6828 -20.8918
v 19.9807 20.7739 -20.4665
v 19.8846 20.6373 -20.3677
v 20.1679 20.4139 -20.659
v 20.4963 20.1637 -20.9967
v 20.7197 19.8076 -21.2265
v 20.8915 19.2983 -21.4031
v 20.8345 18.8839 -21.3445
v 20.7499 18.6778 -21.2575
v 21.0023 18.5282 -21.517
v 21.2802 18.3806 -21.8028
v 21.4345 18.2025 -21.9615
v 21.5324 18.0035 -22.0622
v 21.4249 17.7825 -21.9516
v 21.023 17.5023 -21.5384
v 20.4904 17.1326 -20.9906
v 20.0342 16.7289 -20.5215
v 19.7567 16.2397 -20.2361
v 19.4917 15.7309 -19.9637
v 19.1158 15.6154 -19.5771
v 18.6658 15.9495 -19.1143
v 18.3846 16.3854 -18.8252
v 18.2837 17.1601 -18.7215
v 18.3001 18.0555 -18.7383
v 18.3079 18.4236 -18.7464
v 18.2794 18.3797 -18.717
v 18.1291 18.0622 -18.5625
v 17.8008 17.7807 -18.2249
v 17.3397 17.7268 -17.7507
v 16.9737 17.8189 -17.3743
v 16.7941 17.9061 -17.1896
v 16.8056 17.8339 -17.2015
v 16.8738 17.5865 -17.2716
v 16.987 17.2808 -17.388
v 17.1097 16.9267 -17.5142
v 17.1629 16.4065 -17.5689
v 17.1183 15.8299 -17.523
v 16.9934 15.3579 -17.3946
v 16.9113 15.0426 -17.3102
v 16.946 14.6994 -17.3458
v 17.1028 14.3189 -17.5071
v 17.2272 14.1324 -17.635
v 17.2418 13.9768 -17.6501
v 17.0605 13.7472 -17.4636
v 16.7158 13.5711 -17.1092
v 16.3973 13.5258 -16.7816
v 16.1989 13.6456 -16.5776
v 16.0245 13.8288 -16.3983
v 15.9661 13.9839 -16.3382
v 16.0825 14.1035 -16.4579
v 16.2515 14.3505 -16.6317
v 16.345 14.7358 -16.7278
v 16.3002 15.1647 -16.6817
v 16.2205 15.395 -16.5998
v 16.1188 15.4299 -16.4953
v 15.9974 15.2639 -16.3703
v 15.8626 14.9702 -16.2318
v 15.742 14.7914 -16.1078
v 15.6533 14.9159 -16.0165
v 15.5618 15.254 -15.9225
v 15.426 15.6969 -15.7828
v 15.2619 16.0843 -15.6141
v 15.1888 16.2524 -15.5389
v 15.1728 16.2892 -15.5225
v 15.1597 16.4155 -15.509
v 15.1161 16.8409 -15.4642
v 15.0806 17.188 -15.4276
v 14.9808 17.1064 -15.325
v 14.6467 16.7288 -14.9814
v 14.3713 16.4176 -14.6983
v 14.2688 16.3931 -14.5928
v 13.9533 16.3682 -14.2684
v 13.5735 16.2467 -13.8778
v 13.3295 15.9971 -13.6269
v 13.3018 15.7197 -13.5984
v 13.3973 15.4459 -13.6966
v 13.4943 15.2082 -13.7964
v 13.5056 15.023 -13.808
v 13.5049 14.8397 -13.8073
v 13.568 14.6715 -13.8722
v 13.6988 14.6358 -14.0066
v 13.8639 14.5693 -14.1765
v 13.9684 14.3104 -14.2839
v 13.8676 13.907 -14.1803
v 13.7417 13.5054 -14.0508
v 13.7128 13.2977 -14.0211
v 13.6214 13.4187 -13.9271
v 13.5015 13.6394 -13.8038
v 13.3915 13.7488 -13.6907
v 13.2645 13.7529 -13.56
v 13.1503 13.6379 -13.4427
v 13.0533 13.4377 -13.3429
v 12.8964 13.3581 -13.1815
v 12.7302 13.4111 -13.0107
v 12.6242 13.6075 -12.9017
v 12.6012 13.9438 -12.878
v 12.5848 14.2471 -12.8611
v 12.5273 14.3858 -12.802
v 12.5192 14.4964 -12.7937
v 12.5633 14.6347 -12.839
v 12.6156 14.8242 -12.8928
v 12.5695 15.004 -12.8454
v 12.5043 15.1145 -12.7783
v 12.5075 15.1515 -12.7817
v 12.5645 15.2786 -12.8403
v 12.6156 15.4477 -12.8928
v 12.5837 15.5827 -12.86
v 12.3902 15.6641 -12.661
v 12.1172 15.7567 -12.3803
v 11.8539 15.9012 -12.1096
v 11.6236 15.9714 -11.8727
v 11.4328 15.8811 -11.6765
v 11.2852 15.6082 -11.5247
v 11.1434 15.3666 -11.3789
v 10.9626 15.2076 -11.193
v 10.6894 15.1257 -10.912
v 10.3293 14.985 -10.5418
v 10.0793 14.7323 -10.2847
v 10.1129 14.3933 -10.3192
v 10.2938 14.2305 -10.5053
v 10.4538 14.1955 -10.6697
v 10.4774 14.1719 -10.694
v 10.4818 14.0348 -10.6986
v 10.5226 13.857 -10.7406
v 10.6542 13.7432 -10.8758
v 10.9343 13.7276 -11.1639
v 11.1769 13.6385 -11.4134
v 11.1999 13.3399 -11.437
v 11.0812 13.0334 -11.315
v 10.9077 12.7684 -11.1365
v 10.7695 12.5028 -10.9944
v 10.7917 12.0526 -11.0172
v 10.8725 11.6287 -11.1003
v 10.8897 11.4356 -11.118
v 10.8588 11.2385 -11.0863
v 10.8796 10.9936 -11.1077
v 11.0256 10.7176 -11.2577
v 11.1688 10.4558 -11.405
v 11.215 10.2906 -11.4526
v 11.068 10.3118 -11.3014
v 10.6509 10.5614 -10.8724
v 10.2656 10.9372 -10.4762
v 10.1979 11.3162 -10.4066
v 10.2155 11.5969 -10.4248
v 10.2337 11.8012 -10.4434
v 10.24 11.9632 -10.45
v 10.2433 12.0855 -10.4533
v 10.2292 12.1649 -10.4388
v 10.1973 12.2025 -10.406
v 10.2471 12.232 -10.4573
v 10.3253 12.2994 -10.5376
v 10.3438 12.4273 -10.5567
v 10.2485 12.5023 -10.4587
v 10.0744 12.5616 -10.2797
v 9.87472 12.6526 -10.0743
v 9.7234 12.6627 -9.91869
v 9.57962 12.7052 -9.77084
v 9.40833 12.9347 -9.5947
v 9.34431 13.326 -9.52887
v 9.31201 13.7679 -9.49565
v 9.1846 14.1625 -9.36463
v 8.93962 14.4866 -9.11271
v 8.70437 14.7306 -8.87079
v 8.59732 14.883 -8.76071
v 8.53231 14.9796 -8.69387
v 8.48901 15.0306 -8.64934
v 8.47225 15.018 -8.63211
v 8.38374 14.8267 -8.54109
v 8.21794 14.5702 -8.37059
v 8.00057 14.3723 -8.14706
v 7.78266 13.9714 -7.92298
v 7.62788 13.4074 -7.76382
v 7.5933 12.8291 -7.72826
v 7.64806 12.3685 -7.78458
v 7.72678 12.088 -7.86552
v 7.78436 12.0255 -7.92473
v 7.89794 12.0516 -8.04153
v 8.01269 12.0886 -8.15953
v 8.04133 12.0678 -8.18898
v 8.02085 11.7436 -8.16792
v 7.92109 11.3039 -8.06533
v 7.68046 11.0208 -7.81789
v 7.32711 10.8039 -7.45454
v 7.03336 10.6474 -7.15246
v 6.96931 10.6306 -7.0866
v 7.0444 10.8482 -7.16382
v 7.12196 11.1568 -7.24357
v 7.105 11.3727 -7.22613
v 6.99165 11.4926 -7.10957
v 6.87567 11.5518 -6.99031
v 6.8502 11.5824 -6.96412
v 6.92117 11.8188 -7.0371
v 7.0073 12.1057 -7.12566
v 7.02628 12.1901 -7.14518
v 6.94198 12.2128 -7.05849
v 6.79956 12.2749 -6.91204
v 6.65817 12.4018 -6.76665
v 6.60988 12.7397 -6.71698
v 6.57466 13.1854 -6.68078
v 6.43351 13.5597 -6.53562
v 6.21806 13.7965 -6.31407
v 6.04171 13.9168 -6.13273
v 5.98924 13.9478 -6.07877
v 5.91585 14.0657 -6.0033
v 5.83344 14.2604 -5.91856
v 5.82455 14.4283 -5.90942
v 5.67389 14.2829 -5.75449
v 5.39852 13.9601 -5.47131
v 5.12785 13.7351 -5.19298
v 4.75829 13.6784 -4.81296
v 4.38968 13.6308 -4.43391
v 4.22363 13.4385 -4.26316
v 4.26843 13.206 -4.30922
v 4.39338 13.0322 -4.43771
v 4.48395 12.9393 -4.53085
v 4.48784 12.786 -4.53484
v 4.47625 12.5665 -4.52293
v 4.53487 12.3577 -4.58321
v 4.70357 12.2521 -4.75669
v 4.91357 12.1294 -4.97264
v 5.07857 11.8188 -5.14231
v 5.10128 11.4469 -5.16566
v 5.02266 11.1627 -5.08481
v 4.92163 11.0299 -4.98092
v 4.79774 11.0198 -4.85352
v 4.62231 11.1158 -4.67313
v 4.38883 11.3312 -4.43304
v 4.22337 11.611 -4.26288
v 4.12158 11.8957 -4.15821
v 4.00565 12.1464 -4.039
v 3.96348 12.3508 -3.99564
v 3.96454 12.5461 -3.99672
v 3.89093 12.772 -3.92104
v 3.74725 12.9751 -3.77328
v 3.61623 13.1025 -3.63855
v 3.55384 13.1357 -3.57439
v 3.40128 13.0751 -3.41751
v 3.18383 12.8099 -3.19391
v 3.05748 12.2029 -3.06398
v 3.00153 11.6818 -3.00644
v 2.95177 11.4489 -2.95528
v 2.89762 11.4236 -2.89958
v 2.78673 11.6417 -2.78555
v 2.58667 11.9561 -2.57983
v 2.29165 12.1223 -2.27646
v 2.05462 12.2415 -2.03271
v 1.90051 12.3226 -1.87423
v 1.74952 12.2039 -1.71897
v 1.68019 12.0146 -1.64768
v 1.66917 11.8656 -1.63634
v 1.59182 11.7329 -1.55681
v 1.47495 11.538 -1.43662
v 1.43382 11.3086 -1.39433
v 1.54212 11.1319 -1.50569
v 1.72055 10.9851 -1.68918
v 1.85636 10.8098 -1.82883
v 1.89914 10.5877 -1.87283
v 1.864 10.2922 -1.83669
v 1.86423 9.84977 -1.83693
v 2.01413 9.17764 -1.99107
v 2.30374 8.45569 -2.28889
v 2.57323 7.9384 -2.56601
v 2.67334 7.76408 -2.66895
v 2.48048 7.58404 -2.47064
v 2.19455 7.16697 -2.17661
v 2.12087 6.59404 -2.10084
v 2.40845 5.99085 -2.39656
v 2.7988 5.52721 -2.79797
v 2.9713 5.35953 -2.97536
v 2.97385 5.06168 -2.97798
v 2.97797 4.57962 -2.98221
v 2.98217 4.35295 -2.98653
v 3.29827 4.08772 -3.31159
v 3.81657 3.65285 -3.84456
v 3.89285 3.58885 -3.923
v 4.06237 3.4458 -4.09732
v 4.09149 3.2719 -4.12727
v 4.09867 3.21511 -4.13466
v 4.35396 3.2858 -4.39717
v 5.05226 3.48198 -5.11525
v 6.09228 3.77976 -6.18472
v 7.37268 4.15526 -7.5014
v 8.79217 4.5846 -8.96108
v 10.2494 5.0439 -10.4596
v 11.6431 5.50929 -11.8928
v 12.8719 5.95688 -13.1564
v 14.1344 6.47856 -14.4546
v 16.2158 7.37723 -16.595
v 18.9033 8.55301 -19.3586
v 21.9055 9.87512 -22.4458
v 24.9312 11.2128 -25.5572
v 27.6891 12.4351 -28.3932
v 29.8878 13.4115 -30.6542
v 31.236 14.011 -32.0406
v 31.5631 14.162 -32.377
v 32.1739 14.5079 -33.0051
v 33.3459 15.1716 -34.2103
v 34.8811 16.041 -35.7889
v 36.5813 17.0039 -37.5373
v 38.2486 17.948 -39.2518
v 39.6847 18.7613 -40.7286
v 40.6917 19.3316 -41.7641
v 41.0713 19.5466 -42.1545
v 41.0171 21.3189 -42.0987
v 41.0021 21.8109 -42.0832
v 38.1372 20.2641 -39.1372
v 35.94 19.0622 -36.8778
v 34.2976 18.1491 -35.1889
v 33.0971 17.4688 -33.9543
v 32.2254 16.9653 -33.058
v 31.5697 16.5824 -32.3837
v 31.017 16.264 -31.8154
v 30.4544 15.9542 -31.2369
v 29.8422 15.6332 -30.6074
v 29.2732 15.3393 -30.0221
v 28.7345 15.0637 -29.4682
v 28.2395 14.8128 -28.9592
v 27.8012 14.593 -28.5085
v 27.4327 14.4106 -28.1296
v 27.1473 14.2721 -27.8361
v 26.9581 14.1837 -27.6416
v 26.8782 14.152 -27.5594
v 26.7542 14.2104 -27.4319
v 26.6252 14.2696 -27.2992
v 26.5047 14.3157 -27.1753
v 26.4027 14.3495 -27.0704
v 26.3292 14.3719 -26.9948
v 26.2873 14.3913 -26.9517
v 26.2521 14.4394 -26.9156
v 26.2218 14.5142 -26.8843
v 26.1978 14.6092 -26.8597
v 26.1819 14.7178 -26.8434
v 26.1758 14.8336 -26.837
v 26.181 14.9499 -26.8424
v 26.1991 15.0602 -26.8611
v 26.2294 15.16 -26.8922
v 26.2524 15.2594 -26.9159
v 26.2627 15.3606 -26.9264
v 26.2592 15.4628 -26.9229
v 26.2409 15.5652 -26.904
v 26.2066 15.6669 -26.8687
v 26.1553 15.7671 -26.816
v 26.1176 15.7944 -26.7772
v 26.2569 15.8608 -26.9204
v 26.6382 16.044 -27.3125
v 27.2067 16.3197 -27.8972
v 27.9077 16.6635 -28.618
v 28.4887 16.9874 -29.2154
v 28.5171 16.9752 -29.2446
v 28.6864 17.0512 -29.4188
v 29.488 17.4585 -30.2431
v 30.2577 17.8611 -31.0345
v 30.9407 18.2347 -31.7369
v 31.5703 18.5988 -32.3844
v 32.5863 19.1716 -33.4291
v 33.9359 19.9209 -34.8169
v 35.4744 20.7689 -36.399
v 37.0574 21.6376 -38.0269
v 38.5403 22.449 -39.5517
v 39.7784 23.1251 -40.825
v 40.6274 23.5879 -41.6979
v 40.8422 23.705 -41.9189
v 40.7446 24.0531 -41.8185
v 40.2724 24.4812 -41.3329
v 39.688 24.4525 -40.732
v 37.5147 23.3679 -38.4971
v 33.5298 21.3793 -34.3994
f 7714/467/1868 7713/468/1868 7715/469/1868 7716/470/1868 7717/471/1868 7718/472/1868 7719/473/1868 7720/474/1868 7721/475/1868 7722/476/1868 7723/477/1868 7724/478/1868 7725/479/1868 7726/480/1868 7727/481/1868 7308/482/1868 7307/483/1868 7728/484/1868 7729/485/1868 7730/486/1868 7731/487/1868 7732/488/1868 7733/489/1868 7734/490/1868 7735/491/1868 7736/492/1868 7737/493/1868 7738/494/1868 7739/495/1868 7740/496/1868 7741/497/1868 7742/498/1868 7743/499/1868 7744/500/1868 7745/501/1868 7746/502/1868 7747/503/1868 7748/504/1868 7749/505/1868 7750/506/1868 7751/507/1868 7752/508/1868 7753/509/1868 7754/510/1868 7755/511/1868 7756/512/1868 7757/513/1868 7758/514/1868 7759/515/1868 7760/516/1868 7761/517/1868 7762/518/1868 7763/519/1868 7764/520/1868 7765/521/1868 7766/522/1868 7767/523/1868 7768/524/1868 7769/525/1868 7770/526/1868 7771/527/1868 7772/528/1868 7773/529/1868 7774/530/1868 7775/531/1868 7776/532/1868 7777/533/1868 7778/534/1868 7779/535/1868 7780/536/1868 7781/537/1868 7782/538/1868 7783/539/1868 7784/540/1868 7785/541/1868 7786/542/1868 7787/543/1868 7788/544/1868 7789/545/1868 7790/546/1868 7791/547/1868 7792/548/1868 7793/549/1868 7794/550/1868 7795/551/1868 7796/552/1868 7797/553/1868 7798/554/1868 7799/555/1868 7800/556/1868 7801/557/1868 7802/558/1868 7803/559/1868 7804/560/1868 7805/561/1868 7806/562/1868 7807/563/1868 7808/564/1868 7809/565/1868 7810/566/1868 7811/567/1868 7812/568/1868 7813/569/1868 7814/570/1868 7815/571/1868 7816/572/1868 7817/573/1868 7818/574/1868 7819/575/1868 7820/576/1868 7821/577/1868 7822/578/1868 7823/579/1868 7824/580/1868 7825/581/1868 7826/582/1868 7827/583/1868 7828/584/1868 7829/585/1868 7830/586/1868 7831/587/1868 7832/588/1868 7833/589/1868 7834/590/1868 7835/591/1868 7836/592/1868 7837/593/1868 7838/594/1868 7839/595/1868 7840/596/1868 7841/597/1868 7842/598/1868 7843/599/1868 7844/600/1868 7845/601/1868 7846/602/1868 7847/603/1868 7848/604/1868 7849/605/1868 7850/606/1868 7851/607/1868 7852/608/1868 7853/609/1868 7854/610/1868 7855/611/1868 7856/612/1868 7857/613/1868 7858/614/1868 7859/615/1868 7860/616/1868 7861/617/1868 7862/618/1868 7863/619/1868 7864/620/1868 7865/621/1868 7866/622/1868 7867/623/1868 7868/624/1868 7869/625/1868 7870/626/1868 7871/627/1868 7872/628/1868 7873/629/1868 7874/630/1868 7875/631/1868 7876/632/1868 7877/633/1868 7878/634/1868 7879/635/1868 7880/636/1868 7881/637/1868 7882/638/1868 7883/639/1868 7884/640/1868 7885/641/1868 7886/642/1868 7887/643/1868 7888/644/1868 7889/645/1868 7890/646/1868 7891/647/1868 7892/648/1868 7893/649/1868 7894/650/1868 7895/651/1868 7896/652/1868 7897/653/1868 7898/654/1868 7899/655/1868 7900/656/1868 7901/657/1868 7902/658/1868 7903/659/1868 7904/660/1868 7905/661/1868 7906/662/1868 7907/663/1868 7908/664/1868 7909/665/1868 7910/666/1868 7911/667/1868 7912/668/1868 7913/669/1868 7914/670/1868 7915/671/1868 7916/672/1868 7917/673/1868 7918/674/1868 7919/675/1868 7920/676/1868 7921/677/1868 7922/678/1868 7923/679/1868 7924/680/1868 7925/681/1868 7926/682/1868 7927/683/1868 7928/684/1868 7929/685/1868 7930/686/1868 7931/687/1868 7932/688/1868 7933/689/1868 7934/690/1868 7935/691/1868 7936/692/1868 7937/693/1868 7938/694/1868 7939/695/1868 7940/696/1868 7941/697/1868 7942/698/1868 7943/699/1868 7944/700/1868 7945/701/1868 7946/702/1868 7947/703/1868 7948/704/1868 7949/705/1868 7950/706/1868 7951/707/1868 7952/708/1868 7953/709/1868 7954/710/1868 7955/711/1868 7956/712/1868 7957/713/1868 7958/714/1868 7959/715/1868 7960/716/1868 7961/717/1868 7962/718/1868 7963/719/1868 7964/720/1868 7965/721/1868 7966/722/1868 7967/723/1868 7968/724/1868 7969/725/1868 7970/726/1868 7971/727/1868 7972/728/1868 7973/729/1868 7974/730/1868 7975/731/1868 7976/732/1868 7977/733/1868 7978/734/1868 7979/735/1868 7980/736/1868 7981/737/1868 7982/738/1868 7983/739/1868 7984/740/1868 7985/741/1868 7986/742/1868 7987/743/1868 7988/744/1868 7989/745/1868 7990/746/1868 7991/747/1868 7992/748/1868 7993/749/1868 7994/750/1868 7995/751/1868 7996/752/1868 7997/753/1868 7998/754/1868 7999/755/1868 8000/756/1868 8001/757/1868 8002/758/1868 8003/759/1868 8004/760/1868 8005/761/1868 8006/762/1868 8007/763/1868 8008/764/1868 8009/765/1868 8010/766/1868 8011/767/1868 8012/768/1868 8013/769/1868 8014/770/1868 8015/771/1868 8016/772/1868 8017/773/1868 8018/774/1868 8019/775/1868 8020/776/1868 8021/777/1868 8022/778/1868 8023/779/1868 8024/780/1868 8025/781/1868 8026/782/1868 8027/783/1868 8028/784/1868 8029/785/1868 8030/786/1868 8031/787/1868 8032/788/1868 8033/789/1868 8034/790/1868 8035/791/1868 8036/792/1868 8037/793/1868 8038/794/1868 8039/795/1868 8040/796/1868 8041/797/1868 8042/798/1868 8043/799/1868 8044/800/1868 8045/801/1868 8046/802/1868 8047/803/1868 8048/804/1868 8049/805/1868 8050/806/1868 8051/807/1868 8052/808/1868 8053/809/1868 8054/810/1868 8055/811/1868 8056/812/1868 8057/813/1868 8058/814/1868 8059/815/1868 8060/816/1868 8061/817/1868 8062/818/1868 8063/819/1868 8064/820/1868 8065/821/1868 8066/822/1868 8067/823/1868 8068/824/1868 8069/825/1868 8070/826/1868 8071/827/1868 8072/828/1868 8073/829/1868 8074/830/1868 8075/831/1868 8076/832/1868 8077/833/1868 8078/834/1868 8079/835/1868 8080/836/1868 8081/837/1868 8082/838/1868 8083/839/1868 8084/840/1868 8085/841/1868 8086/842/1868 8087/843/1868 8088/844/1868 8089/845/1868 8090/846/1868 8091/847/1868 8092/848/1868 8093/849/1868 8094/850/1868 8095/851/1868 8096/852/1868 8097/853/1868 8098/854/1868 8099/855/1868 8100/856/1868 8101/857/1868 8102/858/1868 8103/859/1868 8104/860/1868 8105/861/1868 8106/862/1868 8107/863/1868 8108/864/1868 8109/865/1868 8110/866/1868 8111/867/1868 8112/868/1868 8113/869/1868 8114/870/1868 8115/871/1868 8116/872/1868 

f 7306/873/1847 7699/874/1869 7728/875/1869 7307/876/1847 

f 7699/877/1870 7698/878/1870 7729/879/1870 7728/880/1870 

f 7698/881/1871 7697/882/1871 7730/883/1871 7729/884/1871 

f 7697/885/1872 7696/886/1873 7731/887/1873 7730/888/1872 

f 7696/889/1873 7695/890/1874 7732/891/1874 7731/892/1873 

f 7695/893/1874 7694/894/1875 7733/895/1875 7732/896/1874 

f 7694/897/1876 7693/898/1877 7734/899/1877 7733/900/1876 

f 7693/901/1877 7692/902/1878 7735/903/1878 7734/904/1877 

f 7692/905/1878 7691/906/1879 7736/907/1879 7735/908/1878 

f 7691/909/1879 7690/910/1880 7737/911/1880 7736/912/1879 

f 7690/913/1880 7689/914/1881 7738/915/1881 7737/916/1880 

f 7689/917/1882 7688/918/1882 7739/919/1882 7738/920/1882 

f 7688/921/1883 7687/922/1883 7740/923/1883 7739/924/1883 

f 7687/925/1884 7686/926/1885 7741/927/1885 7740/928/1884 

f 7686/929/1885 7685/930/1886 7742/931/1886 7741/932/1885 

f 7685/933/1887 7684/934/1888 7743/935/1888 7742/936/1887 

f 7684/937/1888 7683/938/1889 7744/939/1889 7743/940/1888 

f 7683/941/1889 7682/942/1890 7745/943/1890 7744/944/1889 

f 7682/945/1891 7681/946/1892 7746/947/1892 7745/948/1891 

f 7681/949/1892 7680/950/1893 7747/951/1893 7746/952/1892 

f 7680/953/1894 7679/954/1894 7748/955/1894 7747/956/1894 

f 7679/957/1895 7678/958/1896 7749/959/1896 7748/960/1895 

f 7678/961/1896 7677/962/1897 7750/963/1897 7749/964/1896 

f 7677/965/1897 7676/966/1898 7751/967/1898 7750/968/1897 

f 7676/969/1899 7675/970/1899 7752/971/1899 7751/972/1899 

f 7675/973/1900 7674/974/1901 7753/975/1901 7752/976/1900 

f 7674/977/1901 7673/978/1902 7754/979/1902 7753/980/1901 

f 7673/981/1903 7672/982/1904 7755/983/1904 7754/984/1903 

f 7672/985/1904 7671/986/1905 7756/987/1905 7755/988/1904 

f 7671/989/1906 7670/990/1907 7757/991/1907 7756/992/1906 

f 7670/993/1907 7669/994/1908 7758/995/1908 7757/996/1907 

f 7669/997/1909 7668/998/1910 7759/999/1910 7758/1000/1909 

f 7668/1001/1910 7667/1002/1911 7760/1003/1911 7759/1004/1910 

f 7667/1005/1911 7666/1006/1912 7761/1007/1912 7760/1008/1911 

f 7666/1009/1912 7665/1010/1913 7762/1011/1913 7761/1012/1912 

f 7665/1013/1914 7664/1014/1914 7763/1015/1914 7762/1016/1914 

f 7664/1017/1915 7663/1018/1916 7764/1019/1916 7763/1020/1915 

f 7663/1021/1916 7662/1022/1917 7765/1023/1917 7764/1024/1916 

f 7662/1025/1917 7661/1026/1918 7766/1027/1918 7765/1028/1917 

f 7661/1029/1918 7660/1030/1919 7767/1031/1919 7766/1032/1918 

f 7660/1033/1919 7659/1034/1920 7768/1035/1920 7767/1036/1919 

f 7659/1037/1921 7658/1038/1921 7769/1039/1921 7768/1040/1921 

f 7658/1041/1922 7657/1042/1923 7770/1043/1923 7769/1044/1922 

f 7657/1045/1923 7656/1046/1924 7771/1047/1924 7770/1048/1923 

f 7656/1049/1925 7655/1050/1926 7772/1051/1926 7771/1052/1925 

f 7655/1053/1926 7654/1054/1927 7773/1055/1927 7772/1056/1926 

f 7654/1057/1927 7653/1058/1928 7774/1059/1928 7773/1060/1927 

f 7653/1061/1929 7652/1062/1930 7775/1063/1930 7774/1064/1929 

f 7652/1065/1930 7651/1066/1931 7776/1067/1931 7775/1068/1930 

f 7651/1069/1932 7650/1070/1932 7777/1071/1932 7776/1072/1932 

f 7650/1073/1933 7649/1074/1934 7778/1075/1934 7777/1076/1933 

f 7649/1077/1934 7648/1078/1935 7779/1079/1935 7778/1080/1934 

f 7648/1081/1935 7647/1082/1936 7780/1083/1936 7779/1084/1935 

f 7647/1085/1937 7646/1086/1938 7781/1087/1938 7780/1088/1937 

f 7646/1089/1938 7645/1090/1939 7782/1091/1939 7781/1092/1938 

f 7645/1093/1939 7644/1094/1940 7783/1095/1940 7782/1096/1939 

f 7644/1097/1940 7643/1098/1941 7784/1099/1941 7783/1100/1940 

f 7643/1101/1941 7642/1102/1942 7785/1103/1942 7784/1104/1941 

f 7642/1105/1942 7641/1106/1943 7786/1107/1943 7785/1108/1942 

f 7641/1109/1943 7640/1110/1944 7787/1111/1944 7786/1112/1943 

f 7640/1113/1944 7639/1114/1945 7788/1115/1945 7787/1116/1944 

f 7639/1117/1946 7638/1118/1946 7789/1119/1946 7788/1120/1946 

f 7638/1121/1947 7637/1122/1948 7790/1123/1948 7789/1124/1947 

f 7637/1125/1948 7636/1126/1949 7791/1127/1949 7790/1128/1948 

f 7636/1129/1950 7635/1130/1950 7792/1131/1950 7791/1132/1950 

f 7635/1133/1951 7634/1134/1951 7793/1135/1951 7792/1136/1951 

f 7634/1137/1952 7633/1138/1953 7794/1139/1953 7793/1140/1952 

f 7633/1141/1953 7632/1142/1954 7795/1143/1954 7794/1144/1953 

f 7632/1145/1955 7631/1146/1956 7796/1147/1956 7795/1148/1955 

f 7631/1149/1956 7630/1150/1957 7797/1151/1957 7796/1152/1956 

f 7630/1153/1958 7629/1154/1958 7798/1155/1958 7797/1156/1958 

f 7629/1157/1959 7628/1158/1960 7799/1159/1960 7798/1160/1959 

f 7628/1161/1960 7627/1162/1961 7800/1163/1961 7799/1164/1960 

f 7627/1165/1962 7626/1166/1962 7801/1167/1962 7800/1168/1962 

f 7626/1169/1963 7625/1170/1964 7802/1171/1964 7801/1172/1963 

f 7625/1173/1964 7624/1174/1965 7803/1175/1965 7802/1176/1964 

f 7624/1177/1966 7623/1178/1966 7804/1179/1966 7803/1180/1966 

f 7623/1181/1967 7622/1182/1968 7805/1183/1968 7804/1184/1967 

f 7622/1185/1968 7621/1186/1969 7806/1187/1969 7805/1188/1968 

f 7621/1189/1969 7620/1190/1970 7807/1191/1970 7806/1192/1969 

f 7620/1193/1971 7619/1194/1971 7808/1195/1971 7807/1196/1971 

f 7619/1197/1972 7618/1198/1973 7809/1199/1973 7808/1200/1972 

f 7618/1201/1973 7617/1202/1974 7810/1203/1974 7809/1204/1973 

f 7617/1205/1974 7616/1206/1975 7811/1207/1975 7810/1208/1974 

f 7616/1209/1975 7615/1210/1976 7812/1211/1976 7811/1212/1975 

f 7615/1210/1976 7614/1213/1976 7813/1214/1976 7812/1211/1976 

f 7614/1215/1977 7613/1216/1978 7814/1217/1978 7813/1218/1977 

f 7613/1219/1978 7612/1220/1979 7815/1221/1979 7814/1222/1978 

f 7612/1220/1979 7611/1223/1979 7816/1224/1979 7815/1221/1979 

f 7611/1225/1980 7610/1226/1981 7817/1227/1981 7816/1228/1980 

f 7610/1229/1981 7609/1230/1982 7818/1231/1982 7817/1232/1981 

f 7609/1230/1982 7608/1233/1982 7819/1234/1982 7818/1231/1982 

f 7608/1235/1983 7607/1236/1984 7820/1237/1984 7819/1238/1983 

f 7607/1239/1984 7606/1240/1985 7821/1241/1985 7820/1242/1984 

f 7606/1243/1985 7605/1244/1986 7822/1245/1986 7821/1246/1985 

f 7605/1247/1987 7604/1248/1987 7823/1249/1987 7822/1250/1987 

f 7604/1251/1988 7603/1252/1988 7824/1253/1988 7823/1254/1988 

f 7603/1255/1989 7602/1256/1990 7825/1257/1990 7824/1258/1989 

f 7602/1259/1990 7601/1260/1991 7826/1261/1991 7825/1262/1990 

f 7601/1263/1992 7600/1264/1993 7827/1265/1993 7826/1266/1992 

f 7600/1267/1993 7599/1268/1994 7828/1269/1994 7827/1270/1993 

f 7599/1271/1995 7598/1272/1995 7829/1273/1995 7828/1274/1995 

f 7598/1275/1996 7597/1276/1997 7830/1277/1997 7829/1278/1996 

f 7597/1279/1997 7596/1280/1998 7831/1281/1998 7830/1282/1997 

f 7596/1283/1999 7595/1284/1999 7832/1285/1999 7831/1286/1999 

f 7595/1287/2000 7594/1288/2001 7833/1289/2001 7832/1290/2000 

f 7594/1291/2001 7593/1292/2002 7834/1293/2002 7833/1294/2001 

f 7593/1295/2002 7592/1296/2003 7835/1297/2003 7834/1298/2002 

f 7592/1299/2004 7591/1300/2005 7836/1301/2005 7835/1302/2004 

f 7591/1303/2005 7590/1304/2006 7837/1305/2006 7836/1306/2005 

f 7590/1307/2006 7589/1308/2007 7838/1309/2007 7837/1310/2006 

f 7589/1311/2008 7588/1312/2008 7839/1313/2008 7838/1314/2008 

f 7588/1315/2009 7587/1316/2009 7840/1317/2009 7839/1318/2009 

f 7587/1319/2010 7586/1320/2010 7841/1321/2010 7840/1322/2010 

f 7586/1323/2011 7585/1324/2011 7842/1325/2011 7841/1326/2011 

f 7585/1327/2012 7584/1328/2012 7843/1329/2012 7842/1330/2012 

f 7584/1331/2013 7583/1332/2013 7844/1333/2013 7843/1334/2013 

f 7583/1335/2014 7582/1336/2015 7845/1337/2015 7844/1338/2014 

f 7582/1339/2015 7581/1340/2016 7846/1341/2016 7845/1342/2015 

f 7581/1343/2017 7580/1344/2017 7847/1345/2017 7846/1346/2017 

f 7580/1347/2018 7579/1348/2018 7848/1349/2018 7847/1350/2018 

f 7579/1351/2019 7578/1352/2020 7849/1353/2020 7848/1354/2019 

f 7578/1355/2020 7577/1356/2021 7850/1357/2021 7849/1358/2020 

f 7577/1359/2022 7576/1360/2022 7851/1361/2022 7850/1362/2022 

f 7576/1363/2023 7575/1364/2023 7852/1365/2023 7851/1366/2023 

f 7575/1367/2024 7574/1368/2024 7853/1369/2024 7852/1370/2024 

f 7574/1371/2025 7573/1372/2026 7854/1373/2026 7853/1374/2025 

f 7573/1375/2026 7572/1376/2027 7855/1377/2027 7854/1378/2026 

f 7572/1379/2028 7571/1380/2028 7856/1381/2028 7855/1382/2028 

f 7571/1383/2029 7570/1384/2030 7857/1385/2030 7856/1386/2029 

f 7570/1387/2030 7569/1388/2031 7858/1389/2031 7857/1390/2030 

f 7569/1391/2031 7568/1392/2032 7859/1393/2032 7858/1394/2031 

f 7568/1395/2032 7567/1396/2033 7860/1397/2033 7859/1398/2032 

f 7567/1399/2034 7566/1400/2034 7861/1401/2034 7860/1402/2034 

f 7566/1403/2035 7565/1404/2036 7862/1405/2036 7861/1406/2035 

f 7565/1407/2036 7564/1408/2037 7863/1409/2037 7862/1410/2036 

f 7564/1411/2037 7563/1412/2038 7864/1413/2038 7863/1414/2037 

f 7563/1415/2038 7562/1416/2039 7865/1417/2039 7864/1418/2038 

f 7562/1419/2039 7561/1420/2040 7866/1421/2040 7865/1422/2039 

f 7561/1423/2040 7560/1424/2041 7867/1425/2041 7866/1426/2040 

f 7560/1427/2042 7559/1428/2042 7868/1429/2042 7867/1430/2042 

f 7559/1431/2043 7558/1432/2043 7869/1433/2043 7868/1434/2043 

f 7558/1435/2044 7557/1436/2044 7870/1437/2044 7869/1438/2044 

f 7557/1439/2045 7556/1440/2045 7871/1441/2045 7870/1442/2045 

f 7556/1443/2046 7555/1444/2047 7872/1445/2047 7871/1446/2046 

f 7555/1447/2047 7554/1448/2048 7873/1449/2048 7872/1450/2047 

f 7554/1451/2049 7553/1452/2049 7874/1453/2049 7873/1454/2049 

f 7553/1455/2050 7552/1456/2051 7875/1457/2051 7874/1458/2050 

f 7552/1459/2051 7551/1460/2052 7876/1461/2052 7875/1462/2051 

f 7551/1463/2053 7550/1464/2053 7877/1465/2053 7876/1466/2053 

f 7550/1467/2054 7549/1468/2055 7878/1469/2055 7877/1470/2054 

f 7549/1471/2055 7548/1472/2056 7879/1473/2056 7878/1474/2055 

f 7548/1475/2056 7547/1476/2057 7880/1477/2057 7879/1478/2056 

f 7547/1479/2058 7546/1480/2059 7881/1481/2059 7880/1482/2058 

f 7546/1483/2059 7545/1484/2060 7882/1485/2060 7881/1486/2059 

f 7545/1487/2060 7544/1488/2061 7883/1489/2061 7882/1490/2060 

f 7544/1491/2061 7543/1492/2062 7884/1493/2062 7883/1494/2061 

f 7543/1495/2062 7542/1496/2063 7885/1497/2063 7884/1498/2062 

f 7542/1499/2064 7541/1500/2065 7886/1501/2065 7885/1502/2064 

f 7541/1503/2065 7540/1504/2066 7887/1505/2066 7886/1506/2065 

f 7540/1507/2066 7539/1508/2067 7888/1509/2067 7887/1510/2066 

f 7539/1511/2068 7538/1512/2069 7889/1513/2069 7888/1514/2068 

f 7538/1515/2069 7537/1516/2070 7890/1517/2070 7889/1518/2069 

f 7537/1519/2070 7536/1520/2071 7891/1521/2071 7890/1522/2070 

f 7536/1523/2072 7535/1524/2073 7892/1525/2073 7891/1526/2072 

f 7535/1527/2073 7534/1528/2074 7893/1529/2074 7892/1530/2073 

f 7534/1531/2074 7533/1532/2075 7894/1533/2075 7893/1534/2074 

f 7533/1535/2075 7532/1536/2076 7895/1537/2076 7894/1538/2075 

f 7532/1539/2076 7531/1540/2077 7896/1541/2077 7895/1542/2076 

f 7531/1543/2077 7530/1544/2078 7897/1545/2078 7896/1546/2077 

f 7530/1547/2079 7529/1548/2079 7898/1549/2079 7897/1550/2079 

f 7529/1551/2080 7528/1552/2081 7899/1553/2081 7898/1554/2080 

f 7528/1555/2081 7527/1556/2082 7900/1557/2082 7899/1558/2081 

f 7527/1559/2083 7526/1560/2083 7901/1561/2083 7900/1562/2083 

f 7526/1563/2084 7525/1564/2085 7902/1565/2085 7901/1566/2084 

f 7525/1567/2085 7524/1568/2086 7903/1569/2086 7902/1570/2085 

f 7524/1571/2086 7523/1572/2087 7904/1573/2087 7903/1574/2086 

f 7523/1575/2087 7522/1576/2088 7905/1577/2088 7904/1578/2087 

f 7522/1579/2088 7521/1580/2089 7906/1581/2089 7905/1582/2088 

f 7521/1583/2090 7520/1584/2090 7907/1585/2090 7906/1586/2090 

f 7520/1587/2091 7519/1588/2092 7908/1589/2092 7907/1590/2091 

f 7519/1591/2092 7518/1592/2093 7909/1593/2093 7908/1594/2092 

f 7518/1595/2093 7517/1596/2094 7910/1597/2094 7909/1598/2093 

f 7517/1599/2095 7516/1600/2096 7911/1601/2096 7910/1602/2095 

f 7516/1603/2096 7515/1604/2097 7912/1605/2097 7911/1606/2096 

f 7515/1607/2097 7514/1608/2098 7913/1609/2098 7912/1610/2097 

f 7514/1611/2098 7513/1612/2099 7914/1613/2099 7913/1614/2098 

f 7513/1615/2099 7512/1616/2100 7915/1617/2100 7914/1618/2099 

f 7512/1619/2101 7511/1620/2101 7916/1621/2101 7915/1622/2101 

f 7511/1623/2102 7510/1624/2103 7917/1625/2103 7916/1626/2102 

f 7510/1627/2103 7509/1628/2104 7918/1629/2104 7917/1630/2103 

f 7509/1631/2104 7508/1632/2105 7919/1633/2105 7918/1634/2104 

f 7508/1635/2105 7507/1636/2106 7920/1637/2106 7919/1638/2105 

f 7507/1639/2106 7506/1640/2107 7921/1641/2107 7920/1642/2106 

f 7506/1643/2107 7505/1644/2108 7922/1645/2108 7921/1646/2107 

f 7505/1647/2108 7504/1648/2109 7923/1649/2109 7922/1650/2108 

f 7504/1651/2109 7503/1652/2110 7924/1653/2110 7923/1654/2109 

f 7503/1655/2111 7502/1656/2111 7925/1657/2111 7924/1658/2111 

f 7502/1659/2112 7501/1660/2113 7926/1661/2113 7925/1662/2112 

f 7501/1663/2113 7500/1664/2114 7927/1665/2114 7926/1666/2113 

f 7500/1667/2115 7499/1668/2115 7928/1669/2115 7927/1670/2115 

f 7499/1671/2116 7498/1672/2117 7929/1673/2117 7928/1674/2116 

f 7498/1675/2117 7497/1676/2118 7930/1677/2118 7929/1678/2117 

f 7497/1679/2119 7496/1680/2120 7931/1681/2120 7930/1682/2119 

f 7496/1683/2120 7495/1684/2121 7932/1685/2121 7931/1686/2120 

f 7495/1687/2121 7494/1688/2122 7933/1689/2122 7932/1690/2121 

f 7494/1691/2122 7493/1692/2123 7934/1693/2123 7933/1694/2122 

f 7493/1695/2124 7492/1696/2125 7935/1697/2125 7934/1698/2124 

f 7492/1699/2125 7491/1700/2126 7936/1701/2126 7935/1702/2125 

f 7491/1703/2127 7490/1704/2127 7937/1705/2127 7936/1706/2127 

f 7490/1707/2128 7489/1708/2129 7938/1709/2129 7937/1710/2128 

f 7489/1711/2129 7488/1712/2130 7939/1713/2130 7938/1714/2129 

f 7488/1715/2131 7487/1716/2131 7940/1717/2131 7939/1718/2131 

f 7487/1719/2132 7486/1720/2132 7941/1721/2132 7940/1722/2132 

f 7486/1720/2132 7485/1723/2133 7942/1724/2133 7941/1721/2132 

f 7485/1725/2133 7484/1726/2134 7943/1727/2134 7942/1728/2133 

f 7484/1729/2135 7483/1730/2136 7944/1731/2136 7943/1732/2135 

f 7483/1733/2136 7482/1734/2137 7945/1735/2137 7944/1736/2136 

f 7482/1737/2137 7481/1738/2138 7946/1739/2138 7945/1740/2137 

f 7481/1741/2139 7480/1742/2140 7947/1743/2140 7946/1744/2139 

f 7480/1745/2140 7479/1746/2141 7948/1747/2141 7947/1748/2140 

f 7479/1749/2142 7478/1750/2142 7949/1751/2142 7948/1752/2142 

f 7478/1753/2143 7477/1754/2144 7950/1755/2144 7949/1756/2143 

f 7477/1757/2144 7476/1758/2145 7951/1759/2145 7950/1760/2144 

f 7476/1761/2145 7475/1762/2146 7952/1763/2146 7951/1764/2145 

f 7475/1765/2147 7474/1766/2148 7953/1767/2148 7952/1768/2147 

f 7474/1769/2148 7473/1770/2149 7954/1771/2149 7953/1772/2148 

f 7473/1773/2150 7472/1774/2150 7955/1775/2150 7954/1776/2150 

f 7472/1777/2151 7471/1778/2152 7956/1779/2152 7955/1780/2151 

f 7471/1781/2152 7470/1782/2153 7957/1783/2153 7956/1784/2152 

f 7470/1785/2153 7469/1786/2154 7958/1787/2154 7957/1788/2153 

f 7469/1789/2155 7468/1790/2156 7959/1791/2156 7958/1792/2155 

f 7468/1793/2156 7467/1794/2157 7960/1795/2157 7959/1796/2156 

f 7467/1797/2158 7466/1798/2158 7961/1799/2158 7960/1800/2158 

f 7466/1801/2159 7465/1802/2159 7962/1803/2159 7961/1804/2159 

f 7465/1805/2160 7464/1806/2161 7963/1807/2161 7962/1808/2160 

f 7464/1809/2161 7463/1810/2162 7964/1811/2162 7963/1812/2161 

f 7463/1813/2163 7462/1814/2164 7965/1815/2164 7964/1816/2163 

f 7462/1817/2164 7461/1818/2165 7966/1819/2165 7965/1820/2164 

f 7461/1821/2166 7460/1822/2166 7967/1823/2166 7966/1824/2166 

f 7460/1825/2167 7459/1826/2168 7968/1827/2168 7967/1828/2167 

f 7459/1829/2168 7458/1830/2169 7969/1831/2169 7968/1832/2168 

f 7458/1833/2170 7457/1834/2170 7970/1835/2170 7969/1836/2170 

f 7457/1837/2171 7456/1838/2171 7971/1839/2171 7970/1840/2171 

f 7456/1841/2172 7455/1842/2172 7972/1843/2172 7971/1844/2172 

f 7455/1845/2173 7454/1846/2173 7973/1847/2173 7972/1848/2173 

f 7454/1849/2174 7453/1850/2174 7974/1851/2174 7973/1852/2174 

f 7453/1853/2175 7452/1854/2176 7975/1855/2176 7974/1856/2175 

f 7452/1857/2176 7451/1858/2177 7976/1859/2177 7975/1860/2176 

f 7451/1861/2177 7450/1862/2178 7977/1863/2178 7976/1864/2177 

f 7450/1865/2178 7449/1866/2179 7978/1867/2179 7977/1868/2178 

f 7449/1869/2179 7448/1870/2180 7979/1871/2180 7978/1872/2179 

f 7448/1873/2180 7447/1874/2181 7980/1875/2181 7979/1876/2180 

f 7447/1877/2181 7446/1878/2182 7981/1879/2182 7980/1880/2181 

f 7446/1881/2183 7445/1882/2183 7982/1883/2183 7981/1884/2183 

f 7445/1885/2184 7444/1886/2185 7983/1887/2185 7982/1888/2184 

f 7444/1889/2185 7443/1890/2186 7984/1891/2186 7983/1892/2185 

f 7443/1893/2186 7442/1894/2187 7985/1895/2187 7984/1896/2186 

f 7442/1897/2188 7441/1898/2188 7986/1899/2188 7985/1900/2188 

f 7441/1901/2189 7440/1902/2189 7987/1903/2189 7986/1904/2189 

f 7440/1905/2190 7439/1906/2191 7988/1907/2191 7987/1908/2190 

f 7439/1909/2191 7438/1910/2192 7989/1911/2192 7988/1912/2191 

f 7438/1913/2192 7437/1914/2193 7990/1915/2193 7989/1916/2192 

f 7437/1917/2194 7436/1918/2194 7991/1919/2194 7990/1920/2194 

f 7436/1921/2195 7435/1922/2196 7992/1923/2196 7991/1924/2195 

f 7435/1925/2196 7434/1926/2197 7993/1927/2197 7992/1928/2196 

f 7434/1929/2198 7433/1930/2199 7994/1931/2199 7993/1932/2198 

f 7433/1933/2199 7432/1934/2200 7995/1935/2200 7994/1936/2199 

f 7432/1937/2200 7431/1938/2201 7996/1939/2201 7995/1940/2200 

f 7431/1941/2202 7430/1942/2202 7997/1943/2202 7996/1944/2202 

f 7430/1945/2203 7429/1946/2203 7998/1947/2203 7997/1948/2203 

f 7429/1949/2204 7428/1950/2204 7999/1951/2204 7998/1952/2204 

f 7428/1953/2205 7427/1954/2206 8000/1955/2206 7999/1956/2205 

f 7427/1957/2206 7426/1958/2207 8001/1959/2207 8000/1960/2206 

f 7426/1961/2208 7425/1962/2208 8002/1963/2208 8001/1964/2208 

f 7425/1965/2209 7424/1966/2210 8003/1967/2210 8002/1968/2209 

f 7424/1969/2210 7423/1970/2211 8004/1971/2211 8003/1972/2210 

f 7423/1973/2211 7422/1974/2212 8005/1975/2212 8004/1976/2211 

f 7422/1977/2213 7421/1978/2213 8006/1979/2213 8005/1980/2213 

f 7421/1981/2214 7420/1982/2215 8007/1983/2215 8006/1984/2214 

f 7420/1985/2215 7419/1986/2216 8008/1987/2216 8007/1988/2215 

f 7419/1989/2216 7418/1990/2217 8009/1991/2217 8008/1992/2216 

f 7418/1993/2217 7417/1994/2218 8010/1995/2218 8009/1996/2217 

f 7417/1997/2218 7416/1998/2219 8011/1999/2219 8010/2000/2218 

f 7416/2001/2219 7415/2002/2220 8012/2003/2220 8011/2004/2219 

f 7415/2005/2221 7414/2006/2222 8013/2007/2222 8012/2008/2221 

f 7414/2009/2222 7413/2010/2223 8014/2011/2223 8013/2012/2222 

f 7413/2013/2224 7412/2014/2224 8015/2015/2224 8014/2016/2224 

f 7412/2017/2225 7411/2018/2226 8016/2019/2226 8015/2020/2225 

f 7411/2021/2226 7410/2022/2227 8017/2023/2227 8016/2024/2226 

f 7410/2025/2227 7409/2026/2228 8018/2027/2228 8017/2028/2227 

f 7409/2029/2229 7408/2030/2229 8019/2031/2229 8018/2032/2229 

f 7408/2030/2229 7407/2033/2230 8020/2034/2230 8019/2031/2229 

f 7407/2035/2230 7406/2036/2231 8021/2037/2231 8020/2038/2230 

f 7406/2039/2232 7405/2040/2232 8022/2041/2232 8021/2042/2232 

f 7405/2040/2232 7404/2043/2232 8023/2044/2232 8022/2041/2232 

f 7404/2043/2232 7403/2045/2233 8024/2046/2233 8023/2044/2232 

f 7403/2047/2233 7402/2048/2234 8025/2049/2234 8024/2050/2233 

f 7402/2051/2235 7401/2052/2236 8026/2053/2236 8025/2054/2235 

f 7401/2055/2236 7400/2056/2237 8027/2057/2237 8026/2058/2236 

v 2.68373 2.96481 -5.5484
v 4.11755 2.96481 -4.15407
f 7400/2059/2238 8117/2060/2238 8118/2061/2238 8027/2062/2238 

v 2.63265 2.76119 -5.49588
v 39.6986 17.551 -43.6116
v 39.7633 15.4346 -43.6781
v 36.792 14.2255 -40.6227
v 31.595 12.1819 -35.2785
v 28.6962 11.0499 -32.2976
v 22.9656 8.3755 -26.4047
v 11.5139 3.07738 -14.6287
v 4.56376 5.55112e-15 -7.48168
v 4.01281 0.0776889 -6.91512
v 3.67121 0.283561 -6.56385
v 3.54443 0.407677 -6.43348
v 3.30951 0.944063 -6.1919
v 2.84912 2.05501 -5.71847
f 8119/2063/1848 8117/2064/1848 7400/96/1848 7399/95/1848 7398/94/1848 7397/93/1848 7396/92/1848 7395/91/1848 7394/90/1848 7393/89/1848 7392/88/1848 7391/87/1848 7390/86/1848 7389/85/1848 7388/84/1848 7387/83/1848 7386/82/1848 7385/81/1848 7384/80/1848 7383/79/1848 7382/78/1848 7381/77/1848 7380/76/1848 7379/75/1848 7378/74/1848 7377/73/1848 7376/72/1848 7375/71/1848 8120/2065/1848 8121/2066/1848 8122/2067/1848 8123/2068/1848 8124/2069/1848 8125/2070/1848 8126/2071/1848 8127/2072/1848 8128/2073/1848 8129/2074/1848 8130/2075/1848 8131/2076/1848 8132/2077/1848 

v 4.06647 2.76119 -4.10155
f 8117/2078/2378 8119/2079/2378 8133/2080/2378 8118/2081/2378 

v 4.28294 2.05501 -4.32414
f 8119/2082/2377 8132/2083/2241 8134/2084/2241 8133/2085/2377 

v 4.74333 0.944063 -4.79757
f 8132/2086/2241 8131/2087/2242 8135/2088/2242 8134/2089/2241 

v 4.97825 0.407677 -5.03915
f 8131/2090/2242 8130/2091/2243 8136/2092/2243 8135/2093/2242 

v 5.10503 0.283561 -5.16952
f 8130/2094/2244 8129/2095/2245 8137/2096/2245 8136/2097/2244 

v 5.44663 0.0776889 -5.52079
f 8129/2098/2245 8128/2099/2246 8138/2100/2246 8137/2101/2245 

v 5.99758 6.21725e-15 -6.08735
f 8128/2102/2246 8127/2103/2247 8139/2104/2247 8138/2105/2246 

v 12.9477 3.07738 -13.2343
f 8127/2106/2248 8126/2107/2249 8140/2108/2249 8139/2109/2248 

v 24.3994 8.3755 -25.0103
f 8126/2110/2249 8125/2111/2250 8141/2112/2250 8140/2113/2249 

v 30.13 11.0499 -30.9032
f 8125/2114/2250 8124/2115/2251 8142/2116/2251 8141/2117/2250 

v 33.0288 12.1819 -33.8842
f 8124/2118/2251 8123/2119/2252 8143/2120/2252 8142/2121/2251 

v 38.2258 14.2255 -39.2283
f 8123/2122/2252 8122/2123/2253 8144/2124/2253 8143/2125/2252 

v 41.1971 15.4346 -42.2838
f 8122/2126/2253 8121/2127/2254 8145/2128/2254 8144/2129/2253 

v 41.1324 17.551 -42.2172
f 8121/2130/2255 8120/2131/2255 8146/2132/2255 8145/2133/2255 

f 8120/2131/2255 7375/2134/2255 8052/2135/2255 8146/2132/2255 

f 7375/2136/2256 7376/2137/2256 8051/2138/2256 8052/2139/2256 

f 7376/2137/2256 7377/2140/2256 8050/2141/2256 8051/2138/2256 

f 7377/2140/2256 7378/2142/2256 8049/2143/2256 8050/2141/2256 

f 7378/2142/2256 7379/2144/2256 8048/2145/2256 8049/2143/2256 

f 7379/2144/2256 7380/2146/2256 8047/2147/2256 8048/2145/2256 

f 7380/2146/2256 7381/2148/2256 8046/2149/2256 8047/2147/2256 

f 7381/2148/2256 7382/2150/2256 8045/2151/2256 8046/2149/2256 

f 7382/2150/2256 7383/2152/2257 8044/2153/2257 8045/2151/2256 

f 7383/2154/2257 7384/2155/2258 8043/2156/2258 8044/2157/2257 

f 7384/2158/2258 7385/2159/2259 8042/2160/2259 8043/2161/2258 

f 7385/2162/2259 7386/2163/2260 8041/2164/2260 8042/2165/2259 

f 7386/2166/2260 7387/2167/2261 8040/2168/2261 8041/2169/2260 

f 7387/2170/2261 7388/2171/2262 8039/2172/2262 8040/2173/2261 

f 7388/2174/2262 7389/2175/2263 8038/2176/2263 8039/2177/2262 

f 7389/2178/2263 7390/2179/2264 8037/2180/2264 8038/2181/2263 

f 7390/2182/2264 7391/2183/2265 8036/2184/2265 8037/2185/2264 

f 7391/2186/2265 7392/2187/2266 8035/2188/2266 8036/2189/2265 

f 7392/2190/2266 7393/2191/2267 8034/2192/2267 8035/2193/2266 

f 7393/2194/2267 7394/2195/2268 8033/2196/2268 8034/2197/2267 

f 7394/2198/2268 7395/2199/2269 8032/2200/2269 8033/2201/2268 

f 7395/2202/2269 7396/2203/2270 8031/2204/2270 8032/2205/2269 

f 7396/2206/2270 7397/2207/2271 8030/2208/2271 8031/2209/2270 

f 7397/2210/2271 7398/2211/2272 8029/2212/2272 8030/2213/2271 

f 7398/2214/2272 7399/2215/2239 8028/2216/2239 8029/2217/2272 

f 7399/2218/2239 7400/2219/2240 8027/2220/2240 8028/2221/2239 

f 8118/2222/1868 8133/2223/1868 8134/2224/1868 8135/2225/1868 8136/2226/1868 8137/2227/1868 8138/2228/1868 8139/2229/1868 8140/2230/1868 8141/2231/1868 8142/2232/1868 8143/2233/1868 8144/2234/1868 8145/2066/1868 8146/2235/1868 8052/808/1868 8051/807/1868 8050/806/1868 8049/805/1868 8048/804/1868 8047/803/1868 8046/802/1868 8045/801/1868 8044/800/1868 8043/799/1868 8042/798/1868 8041/797/1868 8040/796/1868 8039/795/1868 8038/794/1868 8037/793/1868 8036/792/1868 8035/791/1868 8034/790/1868 8033/789/1868 8032/788/1868 8031/787/1868 8030/786/1868 8029/785/1868 8028/784/1868 8027/783/1868 

f 7375/2134/2255 7374/2236/2273 8053/2237/2273 8052/2135/2255 

f 7374/2238/2273 7373/2239/2274 8054/2240/2274 8053/2241/2273 

f 7373/2242/2275 7372/2243/2276 8055/2244/2276 8054/2245/2275 

v 30.1128 17.007 -33.7544
v 30.8913 17.4531 -34.5548
v 32.0871 18.1256 -35.7846
v 33.838 19.0989 -37.585
v 36.2814 20.447 -40.0976
v 39.555 22.2439 -43.464
v 39.5208 23.3626 -43.4288
v 39.1626 23.165 -43.0604
v 38.2002 22.6341 -42.0708
v 36.802 21.8628 -40.6329
v 35.1362 20.944 -38.92
v 33.3712 19.9707 -37.1051
v 31.6754 19.0356 -35.3612
v 30.217 18.2318 -33.8615
v 29.2895 17.7251 -32.9077
v 29.2885 17.6735 -32.9067
v 29.2889 17.6164 -32.9071
v 29.2913 17.5447 -32.9096
v 29.2968 17.4635 -32.9152
v 29.3064 17.3774 -32.9251
v 29.3212 17.2914 -32.9403
v 29.3422 17.2102 -32.9619
v 29.3715 17.1367 -32.992
v 29.4132 17.0623 -33.0349
v 29.4641 16.988 -33.0873
v 29.5196 16.9168 -33.1443
v 29.5751 16.8518 -33.2014
v 29.6262 16.7959 -33.254
v 29.6683 16.7523 -33.2972
f 8147/2246/1848 8148/2247/1848 8149/2248/1848 8150/2249/1848 8151/2250/1848 8152/2251/1848 7373/69/1848 7372/68/1848 7371/67/1848 7370/66/1848 7369/65/1848 7368/64/1848 7367/63/1848 7366/62/1848 7365/61/1848 7364/60/1848 7363/59/1848 7362/58/1848 7361/57/1848 7360/56/1848 7359/55/1848 7358/54/1848 7357/53/1848 7356/52/1848 7355/51/1848 7354/50/1848 7353/49/1848 7352/48/1848 7351/47/1848 7350/46/1848 7349/45/1848 7348/44/1848 7347/43/1848 7346/42/1848 7345/41/1848 7344/40/1848 7343/39/1848 7342/38/1848 7341/37/1848 7340/36/1848 7339/35/1848 7338/34/1848 7337/33/1848 7336/32/1848 7335/31/1848 7334/30/1848 7333/29/1848 7332/28/1848 7331/27/1848 7330/26/1848 7329/25/1848 7328/24/1848 7327/23/1848 7326/22/1848 7325/21/1848 7324/20/1848 7323/19/1848 7322/18/1848 7321/17/1848 7320/16/1848 7319/15/1848 7318/14/1848 7317/13/1848 7316/12/1848 8153/2252/1848 8154/2253/1848 8155/2254/1848 8156/2255/1848 8157/2256/1848 8158/2257/1848 8159/2258/1848 8160/2259/1848 8161/2260/1848 8162/2261/1848 8163/2262/1848 8164/2263/1848 8165/2264/1848 8166/2265/1848 8167/2266/1848 8168/2267/1848 8169/2268/1848 8170/2269/1848 8171/2270/1848 8172/2271/1848 8173/2272/1848 8174/2273/1848 8175/2274/1848 

v 39.5227 23.2973 -43.4308
f 8153/2252/1848 8176/2275/1848 8152/2251/1848 8151/2250/1848 8150/2249/1848 8149/2248/1848 8148/2247/1848 8147/2246/1848 8175/2274/1848 8174/2273/1848 8173/2272/1848 8172/2271/1848 8171/2270/1848 8170/2269/1848 8169/2268/1848 8168/2267/1848 8167/2266/1848 8166/2265/1848 8165/2264/1848 8164/2263/1848 8163/2262/1848 8162/2261/1848 8161/2260/1848 8160/2259/1848 8159/2258/1848 8158/2257/1848 8157/2256/1848 8156/2255/1848 8155/2254/1848 8154/2253/1848 

v 40.9546 23.3626 -42.0344
v 40.9565 23.2973 -42.0364
f 8176/2276/2282 8153/2277/2283 8177/2278/2283 8178/2279/2282 

f 8153/2280/2284 7316/2281/2284 8111/2282/2284 8177/2283/2284 

f 7316/2284/2285 7317/2285/2286 8110/2286/2286 8111/2287/2285 

f 7318/2288/2287 7317/2289/2286 8110/2290/2286 8109/2291/2287 

v 32.3251 17.4531 -33.1605
v 31.5466 17.007 -32.36
v 31.1021 16.7523 -31.9029
v 31.06 16.7959 -31.8596
v 31.0089 16.8518 -31.8071
v 30.9534 16.9168 -31.75
v 30.8979 16.988 -31.6929
v 30.847 17.0623 -31.6406
v 30.8053 17.1367 -31.5977
v 30.776 17.2102 -31.5676
v 30.755 17.2914 -31.546
v 30.7402 17.3774 -31.5308
v 30.7306 17.4635 -31.5209
v 30.7252 17.5447 -31.5153
v 30.7228 17.6164 -31.5128
v 30.7224 17.6735 -31.5124
v 30.7233 17.7251 -31.5134
v 31.6509 18.2318 -32.4672
v 33.1092 19.0356 -33.9669
v 34.8051 19.9707 -35.7107
v 36.57 20.944 -37.5257
v 38.2358 21.8628 -39.2386
v 39.634 22.6341 -40.6765
v 40.5964 23.165 -41.6661
v 40.9888 22.2439 -42.0696
v 37.7152 20.447 -38.7033
v 35.2718 19.0989 -36.1907
v 33.5209 18.1256 -34.3902
f 8179/2292/1868 8180/2293/1868 8181/2294/1868 8182/2295/1868 8183/2296/1868 8184/2297/1868 8185/2298/1868 8186/2299/1868 8187/2300/1868 8188/2301/1868 8189/2302/1868 8190/2303/1868 8191/2304/1868 8192/2305/1868 8193/2306/1868 8194/2307/1868 8195/2308/1868 8196/2309/1868 8197/2310/1868 8198/2311/1868 8199/2312/1868 8200/2313/1868 8201/2314/1868 8202/2315/1868 8177/2316/1868 8111/867/1868 8110/866/1868 8109/865/1868 8108/864/1868 8107/863/1868 8106/862/1868 8105/861/1868 8104/860/1868 8103/859/1868 8102/858/1868 8101/857/1868 8100/856/1868 8099/855/1868 8098/854/1868 8097/853/1868 8096/852/1868 8095/851/1868 8094/850/1868 8093/849/1868 8092/848/1868 8091/847/1868 8090/846/1868 8089/845/1868 8088/844/1868 8087/843/1868 8086/842/1868 8085/841/1868 8084/840/1868 8083/839/1868 8082/838/1868 8081/837/1868 8080/836/1868 8079/835/1868 8078/834/1868 8077/833/1868 8076/832/1868 8075/831/1868 8074/830/1868 8073/829/1868 8072/828/1868 8071/827/1868 8070/826/1868 8069/825/1868 8068/824/1868 8067/823/1868 8066/822/1868 8065/821/1868 8064/820/1868 8063/819/1868 8062/818/1868 8061/817/1868 8060/816/1868 8059/815/1868 8058/814/1868 8057/813/1868 8056/812/1868 8055/811/1868 8054/810/1868 8203/2317/1868 8204/2318/1868 8205/2319/1868 8206/2320/1868 

f 8178/2321/1868 8177/2316/1868 8202/2315/1868 8201/2314/1868 8200/2313/1868 8199/2312/1868 8198/2311/1868 8197/2310/1868 8196/2309/1868 8195/2308/1868 8194/2307/1868 8193/2306/1868 8192/2305/1868 8191/2304/1868 8190/2303/1868 8189/2302/1868 8188/2301/1868 8187/2300/1868 8186/2299/1868 8185/2298/1868 8184/2297/1868 8183/2296/1868 8182/2295/1868 8181/2294/1868 8180/2293/1868 8179/2292/1868 8206/2320/1868 8205/2319/1868 8204/2318/1868 8203/2317/1868 

f 8153/2322/2314 8154/2323/2288 8202/2324/2288 8177/2325/2314 

f 8154/2323/2288 8155/2326/2289 8201/2327/2289 8202/2324/2288 

f 8155/2326/2289 8156/2328/2290 8200/2329/2290 8201/2327/2289 

f 8156/2330/2290 8157/2331/2291 8199/2332/2291 8200/2333/2290 

f 8157/2331/2291 8158/2334/2292 8198/2335/2292 8199/2332/2291 

f 8158/2336/2292 8159/2337/2293 8197/2338/2293 8198/2339/2292 

f 8159/2340/2293 8160/2341/2294 8196/2342/2294 8197/2343/2293 

f 8161/2344/2295 8160/2345/2294 8196/2346/2294 8195/2347/2295 

f 8161/2348/2297 8195/2349/2297 8194/2350/2296 8162/2351/2296 

f 8162/2352/2296 8163/2353/2298 8193/2354/2298 8194/2355/2296 

f 8163/2356/2298 8164/2357/2299 8192/2358/2299 8193/2359/2298 

f 8164/2360/2299 8165/2361/2300 8191/2362/2300 8192/2363/2299 

f 8165/2364/2300 8166/2365/2301 8190/2366/2301 8191/2367/2300 

f 8166/2368/2301 8167/2369/2302 8189/2370/2302 8190/2371/2301 

f 8167/2372/2302 8168/2373/2303 8188/2374/2303 8189/2375/2302 

f 8168/2376/2303 8169/2377/2304 8187/2378/2304 8188/2379/2303 

f 8169/2380/2304 8170/2381/2305 8186/2382/2305 8187/2383/2304 

f 8170/2384/2305 8171/2385/2306 8185/2386/2306 8186/2387/2305 

f 8171/2388/2306 8172/2389/2307 8184/2390/2307 8185/2391/2306 

f 8172/2392/2307 8173/2393/2308 8183/2394/2308 8184/2395/2307 

f 8173/2396/2308 8174/2397/2309 8182/2398/2309 8183/2399/2308 

f 8175/2400/2310 8174/2401/2309 8182/2402/2309 8181/2403/2310 

f 8147/2404/2311 8175/2405/2312 8181/2406/2312 8180/2407/2311 

f 8147/2408/2311 8148/2409/2313 8179/2410/2313 8180/2411/2311 

f 8148/2412/2313 8149/2413/2277 8206/2414/2277 8179/2415/2313 

f 8149/2416/2277 8150/2417/2278 8205/2418/2278 8206/2419/2277 

f 8150/2420/2278 8151/2421/2279 8204/2422/2279 8205/2423/2278 

f 8151/2424/2279 8152/2425/2280 8203/2426/2280 8204/2427/2279 

f 8152/2428/2281 8176/2429/2282 8178/2430/2282 8203/2431/2281 

f 7373/2432/2372 8152/2433/2372 8203/2434/2372 8054/2435/2372 

f 7319/2436/2315 7318/2437/2287 8109/2438/2287 8108/2439/2315 

f 7320/2440/2316 7319/2441/2315 8108/2442/2315 8107/2443/2316 

f 7321/2444/2317 7320/2445/2316 8107/2446/2316 8106/2447/2317 

f 7322/2448/2318 7321/2449/2317 8106/2450/2317 8105/2451/2318 

f 7323/2452/2319 7322/2453/2318 8105/2454/2318 8104/2455/2319 

f 7324/2456/2320 7323/2457/2319 8104/2458/2319 8103/2459/2320 

f 7325/2460/2321 7324/2461/2320 8103/2462/2320 8102/2463/2321 

f 7326/2464/2322 7325/2465/2321 8102/2466/2321 8101/2467/2322 

f 7327/2468/2323 7326/2469/2322 8101/2470/2322 8100/2471/2323 

f 7328/2472/2324 7327/2473/2323 8100/2474/2323 8099/2475/2324 

f 7329/2476/2325 7328/2477/2324 8099/2478/2324 8098/2479/2325 

f 7330/2480/2326 8097/2481/2326 8098/2482/2326 7329/2483/2326 

f 7330/2484/2327 7331/2485/2328 8096/2486/2328 8097/2487/2327 

f 7332/2488/2329 7331/2489/2328 8096/2490/2328 8095/2491/2329 

f 7333/2492/2330 7332/2493/2329 8095/2494/2329 8094/2495/2330 

f 7334/2496/2331 7333/2497/2330 8094/2498/2330 8093/2499/2331 

f 7334/2500/2331 7335/2501/2332 8092/2502/2332 8093/2503/2331 

f 7335/2504/2333 7336/2505/2333 8091/2506/2333 8092/2507/2333 

f 7337/2508/2334 7336/2509/2335 8091/2510/2335 8090/2511/2334 

f 7338/2512/2336 7337/2513/2334 8090/2514/2334 8089/2515/2336 

f 7339/2516/2337 7338/2517/2336 8089/2518/2336 8088/2519/2337 

f 7340/2520/2338 7339/2521/2337 8088/2522/2337 8087/2523/2338 

f 7341/2524/2339 7340/2525/2338 8087/2526/2338 8086/2527/2339 

f 7342/2528/2340 7341/2529/2339 8086/2530/2339 8085/2531/2340 

f 7343/2532/2341 7342/2533/2340 8085/2534/2340 8084/2535/2341 

f 7344/2536/2342 7343/2537/2341 8084/2538/2341 8083/2539/2342 

f 7345/2540/2343 7344/2541/2342 8083/2542/2342 8082/2543/2343 

f 7346/2544/2344 7345/2545/2343 8082/2546/2343 8081/2547/2344 

f 7347/2548/2345 7346/2549/2344 8081/2550/2344 8080/2551/2345 

f 7348/2552/2346 7347/2553/2345 8080/2554/2345 8079/2555/2346 

f 7349/2556/2347 7348/2557/2346 8079/2558/2346 8078/2559/2347 

f 7350/2560/2348 7349/2561/2347 8078/2562/2347 8077/2563/2348 

f 7351/2564/2349 7350/2565/2350 8077/2566/2350 8076/2567/2349 

f 7352/2568/2351 7351/2569/2349 8076/2570/2349 8075/2571/2351 

f 7353/2572/2352 7352/2573/2351 8075/2574/2351 8074/2575/2352 

f 7354/2576/2353 7353/2577/2352 8074/2578/2352 8073/2579/2353 

f 7355/2580/2354 7354/2581/2353 8073/2582/2353 8072/2583/2354 

f 7355/2584/2354 7356/2585/2355 8071/2586/2355 8072/2587/2354 

f 7356/2588/2356 7357/2589/2357 8070/2590/2357 8071/2591/2356 

f 7358/2592/2358 7357/2593/2357 8070/2594/2357 8069/2595/2358 

f 7359/2596/2359 7358/2597/2358 8069/2598/2358 8068/2599/2359 

f 7360/2600/2360 7359/2601/2359 8068/2602/2359 8067/2603/2360 

f 7361/2604/2361 7360/2605/2360 8067/2606/2360 8066/2607/2361 

f 7362/2608/2362 7361/2609/2361 8066/2610/2361 8065/2611/2362 

f 7363/2612/2363 7362/2613/2362 8065/2614/2362 8064/2615/2363 

f 7364/2616/2364 7363/2617/2363 8064/2618/2363 8063/2619/2364 

f 7365/2620/2365 7364/2621/2364 8063/2622/2364 8062/2623/2365 

f 7366/2624/2366 7365/2625/2365 8062/2626/2365 8061/2627/2366 

f 7367/2628/2367 7366/2629/2366 8061/2630/2366 8060/2631/2367 

f 7368/2632/2368 7367/2633/2367 8060/2634/2367 8059/2635/2368 

f 7369/2636/2369 7368/2637/2368 8059/2638/2368 8058/2639/2369 

f 7370/2640/2370 7369/2641/2369 8058/2642/2369 8057/2643/2370 

f 7371/2644/2371 7370/2645/2370 8057/2646/2370 8056/2647/2371 

f 7372/2648/2276 7371/2649/2371 8056/2650/2371 8055/2651/2276 

f 7316/2652/2373 7315/2653/2373 8112/2654/2373 8111/2655/2373 

f 7315/2656/2374 7314/2657/2374 8113/2658/2374 8112/2659/2374 

f 7314/2660/2375 7313/2661/2376 8114/2662/2376 8113/2663/2375 

f 7313/2664/2376 7312/2665/1849 8115/2666/1849 8114/2667/2376 

f 7312/2665/1849 7311/2668/1849 8116/2669/1849 8115/2666/1849 

f 7311/2668/1849 7310/2670/1850 7714/2671/1850 8116/2669/1849 

g Mesh16 ___225_2 Model

v 247.994 26.3285 -46.5254
v 29.4434 26.3285 -46.5254
v 29.4434 30.1878 -46.5254
v 247.994 30.1878 -46.5254
f 8207/2734/1705 8208/2733/1705 8209/2732/1705 8210/2731/1705 

v 29.4434 26.3285 -44.5254
v 247.994 26.3285 -44.5254
f 8211/2691/1625 8212/2736/1625 8207/2735/1625 8208/2688/1625 

v 29.4434 24.813 -44.5254
v 247.994 24.813 -44.5254
f 8212/3622/1624 8211/2733/1624 8213/2884/1624 8214/3623/1624 

v 247.994 30.1878 -44.5254
v 29.4434 30.1878 -44.5254
f 8211/2733/1624 8212/3622/1624 8215/3621/1624 8216/2732/1624 

f 8215/2881/545 8212/2883/545 8207/2882/545 8210/2880/545 

v 247.994 24.813 -46.5254
f 8212/2883/545 8214/3625/545 8217/3624/545 8207/2882/545 

v 247.994 23.1918 -44.5254
v 247.994 23.1918 -46.5254
f 8214/3625/545 8218/3027/545 8219/3024/545 8217/3624/545 

v 66.7856 23.1918 -44.5254
v 126.482 23.1918 -44.5254
v 126.482 23.1379 -44.5254
v 126.482 23.0049 -44.5254
v 126.482 22.8158 -44.5254
v 126.482 22.5974 -44.5254
v 126.482 22.3763 -44.5254
v 126.482 22.1793 -44.5254
v 126.482 22.0329 -44.5254
v 126.482 21.964 -44.5254
v 126.496 21.8393 -44.5254
v 126.552 21.6949 -44.5254
v 126.646 21.563 -44.5254
v 126.775 21.4463 -44.5254
v 126.932 21.3479 -44.5254
v 127.115 21.2705 -44.5254
v 127.319 21.2171 -44.5254
v 127.54 21.1906 -44.5254
v 127.973 21.1881 -44.5254
v 129.847 21.1881 -44.5254
v 132.934 21.1881 -44.5254
v 136.749 21.1881 -44.5254
v 140.806 21.1881 -44.5254
v 144.621 21.1881 -44.5254
v 147.708 21.1881 -44.5254
v 149.582 21.1881 -44.5254
v 149.997 21.1901 -44.5254
v 150.177 21.2117 -44.5254
v 150.343 21.2551 -44.5254
v 150.492 21.318 -44.5254
v 150.62 21.3981 -44.5254
v 150.724 21.4929 -44.5254
v 150.801 21.6002 -44.5254
v 150.846 21.7176 -44.5254
v 150.858 21.8197 -44.5254
v 150.858 21.8967 -44.5254
v 150.858 22.0603 -44.5254
v 150.858 22.2806 -44.5254
v 150.858 22.5278 -44.5254
v 150.858 22.7719 -44.5254
v 150.858 22.9833 -44.5254
v 150.858 23.1319 -44.5254
v 150.858 23.1918 -44.5254
v 210.652 23.1918 -44.5254
v 210.652 23.1319 -44.5254
v 210.652 22.9833 -44.5254
v 210.652 22.7719 -44.5254
v 210.652 22.5278 -44.5254
v 210.652 22.2806 -44.5254
v 210.652 22.0603 -44.5254
v 210.652 21.8967 -44.5254
v 210.652 21.8197 -44.5254
v 210.663 21.7176 -44.5254
v 210.709 21.6002 -44.5254
v 210.785 21.4929 -44.5254
v 210.889 21.3981 -44.5254
v 211.018 21.318 -44.5254
v 211.167 21.2551 -44.5254
v 211.333 21.2117 -44.5254
v 211.512 21.1901 -44.5254
v 211.928 21.1881 -44.5254
v 213.802 21.1881 -44.5254
v 216.889 21.1881 -44.5254
v 220.703 21.1881 -44.5254
v 224.761 21.1881 -44.5254
v 228.575 21.1881 -44.5254
v 231.662 21.1881 -44.5254
v 233.537 21.1881 -44.5254
v 233.969 21.1906 -44.5254
v 234.19 21.2171 -44.5254
v 234.394 21.2705 -44.5254
v 234.577 21.3479 -44.5254
v 234.735 21.4463 -44.5254
v 234.863 21.563 -44.5254
v 234.957 21.6949 -44.5254
v 235.013 21.8393 -44.5254
v 235.027 21.964 -44.5254
v 235.027 22.0329 -44.5254
v 235.027 22.1793 -44.5254
v 235.027 22.3763 -44.5254
v 235.027 22.5974 -44.5254
v 235.027 22.8158 -44.5254
v 235.027 23.0049 -44.5254
v 235.027 23.1379 -44.5254
v 235.027 23.1918 -44.5254
v 29.4434 23.1918 -44.5254
v 42.4098 23.1918 -44.5254
v 42.4098 23.1379 -44.5254
v 42.4098 23.0049 -44.5254
v 42.4098 22.8158 -44.5254
v 42.4098 22.5974 -44.5254
v 42.4098 22.3763 -44.5254
v 42.4098 22.1793 -44.5254
v 42.4098 22.0329 -44.5254
v 42.4098 21.964 -44.5254
v 42.4242 21.8393 -44.5254
v 42.4801 21.6949 -44.5254
v 42.5742 21.563 -44.5254
v 42.7023 21.4463 -44.5254
v 42.86 21.3479 -44.5254
v 43.0431 21.2705 -44.5254
v 43.2472 21.2171 -44.5254
v 43.468 21.1906 -44.5254
v 43.9007 21.1881 -44.5254
v 45.7749 21.1881 -44.5254
v 48.8619 21.1881 -44.5254
v 52.6765 21.1881 -44.5254
v 56.7338 21.1881 -44.5254
v 60.5485 21.1881 -44.5254
v 63.6355 21.1881 -44.5254
v 65.5097 21.1881 -44.5254
v 65.9251 21.1901 -44.5254
v 66.1047 21.2117 -44.5254
v 66.2706 21.2551 -44.5254
v 66.4195 21.318 -44.5254
v 66.5477 21.3981 -44.5254
v 66.6519 21.4929 -44.5254
v 66.7285 21.6002 -44.5254
v 66.7739 21.7176 -44.5254
v 66.7856 21.8197 -44.5254
v 66.7856 21.8967 -44.5254
v 66.7856 22.0603 -44.5254
v 66.7856 22.2806 -44.5254
v 66.7856 22.5278 -44.5254
v 66.7856 22.7719 -44.5254
v 66.7856 22.9833 -44.5254
v 66.7856 23.1319 -44.5254
f 8220/3967/1624 8221/3966/1624 8222/3965/1624 8223/3964/1624 8224/3963/1624 8225/3962/1624 8226/3961/1624 8227/3960/1624 8228/3959/1624 8229/3958/1624 8230/3957/1624 8231/3956/1624 8232/3955/1624 8233/3954/1624 8234/3953/1624 8235/3952/1624 8236/3951/1624 8237/3950/1624 8238/3949/1624 8239/3948/1624 8240/3947/1624 8241/3946/1624 8242/3945/1624 8243/3944/1624 8244/3943/1624 8245/3942/1624 8246/3941/1624 8247/3940/1624 8248/3939/1624 8249/3938/1624 8250/3937/1624 8251/3936/1624 8252/3935/1624 8253/3934/1624 8254/3933/1624 8255/3932/1624 8256/3931/1624 8257/3930/1624 8258/3929/1624 8259/3928/1624 8260/3927/1624 8261/3926/1624 8262/3925/1624 8263/3924/1624 8264/3923/1624 8265/3922/1624 8266/3921/1624 8267/3920/1624 8268/3919/1624 8269/3918/1624 8270/3917/1624 8271/3916/1624 8272/3915/1624 8273/3914/1624 8274/3913/1624 8275/3912/1624 8276/3911/1624 8277/3910/1624 8278/3909/1624 8279/3908/1624 8280/3907/1624 8281/3906/1624 8282/3905/1624 8283/3904/1624 8284/3903/1624 8285/3902/1624 8286/3901/1624 8287/3682/1624 8288/3900/1624 8289/3899/1624 8290/3898/1624 8291/3897/1624 8292/3896/1624 8293/3895/1624 8294/3894/1624 8295/3893/1624 8296/3892/1624 8297/3891/1624 8298/3890/1624 8299/3889/1624 8300/3888/1624 8301/3887/1624 8302/3886/1624 8303/3885/1624 8304/3884/1624 8218/3883/1624 8214/3623/1624 8213/2884/1624 8305/2970/1624 8306/3882/1624 8307/3881/1624 8308/3880/1624 8309/3879/1624 8310/3878/1624 8311/3877/1624 8312/3876/1624 8313/3875/1624 8314/3874/1624 8315/3873/1624 8316/3872/1624 8317/3871/1624 8318/3870/1624 8319/3869/1624 8320/3868/1624 8321/3867/1624 8322/3866/1624 8323/3865/1624 8324/3864/1624 8325/3863/1624 8326/3862/1624 8327/3861/1624 8328/3860/1624 8329/3859/1624 8330/3858/1624 8331/3857/1624 8332/3856/1624 8333/3855/1624 8334/3854/1624 8335/3853/1624 8336/3852/1624 8337/3851/1624 8338/3850/1624 8339/3849/1624 8340/3848/1624 8341/3847/1624 8342/3846/1624 8343/3845/1624 8344/3844/1624 8345/3843/1624 8346/3842/1624 

v 66.7856 23.1918 -46.5254
v 126.482 23.1918 -46.5254
f 8221/3023/1631 8220/3022/1631 8347/3021/1631 8348/3020/1631 

v 66.7856 23.1319 -46.5254
f 8220/3027/545 8346/3026/545 8349/3025/545 8347/3024/545 

v 66.7856 22.9833 -46.5254
f 8346/3026/545 8345/3029/545 8350/3028/545 8349/3025/545 

v 66.7856 22.7719 -46.5254
f 8345/3029/545 8344/3031/545 8351/3030/545 8350/3028/545 

v 66.7856 22.5278 -46.5254
f 8344/3031/545 8343/3033/545 8352/3032/545 8351/3030/545 

v 66.7856 22.2806 -46.5254
f 8343/3033/545 8342/3035/545 8353/3034/545 8352/3032/545 

v 66.7856 22.0603 -46.5254
f 8342/3035/545 8341/3037/545 8354/3036/545 8353/3034/545 

v 66.7856 21.8967 -46.5254
f 8341/3037/545 8340/3039/545 8355/3038/545 8354/3036/545 

v 66.7856 21.8197 -46.5254
f 8340/3039/545 8339/3041/1632 8356/3040/1632 8355/3038/545 

v 66.7739 21.7176 -46.5254
f 8339/3045/1632 8338/3044/1633 8357/3043/1633 8356/3042/1632 

v 66.7285 21.6002 -46.5254
f 8338/3049/1633 8337/3048/1634 8358/3047/1634 8357/3046/1633 

v 66.6519 21.4929 -46.5254
f 8337/3053/1634 8336/3052/1635 8359/3051/1635 8358/3050/1634 

v 66.5477 21.3981 -46.5254
f 8336/3057/1635 8335/3056/1636 8360/3055/1636 8359/3054/1635 

v 66.4195 21.318 -46.5254
f 8335/3061/1636 8334/3060/1637 8361/3059/1637 8360/3058/1636 

v 66.2706 21.2551 -46.5254
f 8334/3065/1637 8333/3064/1638 8362/3063/1638 8361/3062/1637 

v 66.1047 21.2117 -46.5254
f 8333/3069/1638 8332/3068/1639 8363/3067/1639 8362/3066/1638 

v 65.9251 21.1901 -46.5254
f 8332/3073/1639 8331/3072/1640 8364/3071/1640 8363/3070/1639 

v 65.5097 21.1881 -46.5254
f 8331/3077/1640 8330/3076/1641 8365/3075/1641 8364/3074/1640 

v 63.6355 21.1881 -46.5254
f 8330/3081/1641 8329/3080/1631 8366/3079/1631 8365/3078/1641 

v 60.5485 21.1881 -46.5254
f 8329/3080/1631 8328/3083/1631 8367/3082/1631 8366/3079/1631 

v 56.7338 21.1881 -46.5254
f 8328/3083/1631 8327/3085/1631 8368/3084/1631 8367/3082/1631 

v 52.6765 21.1881 -46.5254
f 8327/3085/1631 8326/3087/1631 8369/3086/1631 8368/3084/1631 

v 48.8619 21.1881 -46.5254
f 8326/3087/1631 8325/3089/1631 8370/3088/1631 8369/3086/1631 

v 45.7749 21.1881 -46.5254
f 8325/3089/1631 8324/3091/1642 8371/3090/1642 8370/3088/1631 

v 43.9007 21.1881 -46.5254
f 8324/3091/1642 8323/3093/1643 8372/3092/1643 8371/3090/1642 

v 43.468 21.1906 -46.5254
f 8323/3097/1643 8322/3096/1644 8373/3095/1644 8372/3094/1643 

v 43.2472 21.2171 -46.5254
f 8322/3101/1644 8321/3100/1645 8374/3099/1645 8373/3098/1644 

v 43.0431 21.2705 -46.5254
f 8321/3105/1645 8320/3104/1646 8375/3103/1646 8374/3102/1645 

v 42.86 21.3479 -46.5254
f 8320/3109/1646 8319/3108/1647 8376/3107/1647 8375/3106/1646 

v 42.7023 21.4463 -46.5254
f 8319/3113/1647 8318/3112/1648 8377/3111/1648 8376/3110/1647 

v 42.5742 21.563 -46.5254
f 8318/3117/1648 8317/3116/1649 8378/3115/1649 8377/3114/1648 

v 42.4801 21.6949 -46.5254
f 8317/3121/1649 8316/3120/1650 8379/3119/1650 8378/3118/1649 

v 42.4242 21.8393 -46.5254
f 8316/3125/1650 8315/3124/1651 8380/3123/1651 8379/3122/1650 

v 42.4098 21.964 -46.5254
f 8315/3129/1651 8314/3128/1652 8381/3127/1652 8380/3126/1651 

vn -1 0 0
v 42.4098 22.0329 -46.5254
f 8314/3133/1652 8313/3132/2379 8382/3131/2379 8381/3130/1652 

v 42.4098 22.1793 -46.5254
f 8313/3132/2379 8312/3135/2379 8383/3134/2379 8382/3131/2379 

v 42.4098 22.3763 -46.5254
f 8312/3135/2379 8311/3137/2379 8384/3136/2379 8383/3134/2379 

v 42.4098 22.5974 -46.5254
f 8311/3137/2379 8310/3139/2379 8385/3138/2379 8384/3136/2379 

v 42.4098 22.8158 -46.5254
f 8310/3139/2379 8309/3141/2379 8386/3140/2379 8385/3138/2379 

v 42.4098 23.0049 -46.5254
f 8309/3141/2379 8308/3017/2379 8387/3014/2379 8386/3140/2379 

v 42.4098 23.1379 -46.5254
f 8308/3017/2379 8307/3016/2379 8388/3015/2379 8387/3014/2379 

v 42.4098 23.1918 -46.5254
f 8307/3016/2379 8306/3019/2379 8389/3018/2379 8388/3015/2379 

v 29.4434 23.1918 -46.5254
f 8306/3143/1631 8305/2691/1631 8390/2688/1631 8389/3142/1631 

v 29.4434 24.813 -46.5254
f 8305/3019/2379 8213/3145/2379 8391/3144/2379 8390/3018/2379 

f 8213/3145/2379 8211/3147/2379 8208/3146/2379 8391/3144/2379 

f 8211/3147/2379 8216/3149/2379 8209/3148/2379 8208/3146/2379 

f 8216/2691/1625 8215/2736/1625 8210/2735/1625 8209/2688/1625 

v 247.994 31.8836 -44.5254
v 29.4434 31.8836 -44.5254
f 8216/2732/1624 8215/3621/1624 8392/3492/1624 8393/2738/1624 

v 247.994 31.8836 -46.5254
f 8392/2879/545 8215/2881/545 8210/2880/545 8394/2878/545 

v 29.4434 31.8836 -46.5254
f 8210/2731/1705 8209/2732/1705 8395/2738/1705 8394/2737/1705 

f 8216/3149/2379 8393/3151/2379 8395/3150/2379 8209/3148/2379 

f 8393/2691/1625 8392/2736/1625 8394/2740/1625 8395/2739/1625 

v 247.994 33.5199 -44.5254
v 235.027 33.5199 -44.5254
v 235.027 33.5725 -44.5254
v 235.027 33.7115 -44.5254
v 235.027 33.9092 -44.5254
v 235.027 34.1376 -44.5254
v 235.027 34.3688 -44.5254
v 235.027 34.5749 -44.5254
v 235.027 34.7279 -44.5254
v 235.027 34.8 -44.5254
v 235.013 34.9304 -44.5254
v 234.957 35.0814 -44.5254
v 234.863 35.2193 -44.5254
v 234.735 35.3413 -44.5254
v 234.577 35.4443 -44.5254
v 234.394 35.5252 -44.5254
v 234.19 35.581 -44.5254
v 233.969 35.6088 -44.5254
v 233.537 35.6113 -44.5254
v 231.662 35.6113 -44.5254
v 228.575 35.6113 -44.5254
v 224.761 35.6113 -44.5254
v 220.703 35.6113 -44.5254
v 216.889 35.6113 -44.5254
v 213.802 35.6113 -44.5254
v 211.928 35.6113 -44.5254
v 211.512 35.6093 -44.5254
v 211.333 35.5867 -44.5254
v 211.167 35.5413 -44.5254
v 211.018 35.4755 -44.5254
v 210.889 35.3918 -44.5254
v 210.785 35.2926 -44.5254
v 210.709 35.1804 -44.5254
v 210.663 35.0576 -44.5254
v 210.652 34.9509 -44.5254
v 210.652 34.8703 -44.5254
v 210.652 34.6992 -44.5254
v 210.652 34.4689 -44.5254
v 210.652 34.2104 -44.5254
v 210.652 33.9551 -44.5254
v 210.652 33.7341 -44.5254
v 210.652 33.5786 -44.5254
v 210.652 33.5199 -44.5254
v 150.858 33.5199 -44.5254
v 150.858 33.5786 -44.5254
v 150.858 33.7341 -44.5254
v 150.858 33.9551 -44.5254
v 150.858 34.2104 -44.5254
v 150.858 34.4689 -44.5254
v 150.858 34.6992 -44.5254
v 150.858 34.8703 -44.5254
v 150.858 34.9509 -44.5254
v 150.846 35.0576 -44.5254
v 150.801 35.1804 -44.5254
v 150.724 35.2926 -44.5254
v 150.62 35.3918 -44.5254
v 150.492 35.4755 -44.5254
v 150.343 35.5413 -44.5254
v 150.177 35.5867 -44.5254
v 149.997 35.6093 -44.5254
v 149.582 35.6113 -44.5254
v 147.708 35.6113 -44.5254
v 144.621 35.6113 -44.5254
v 140.806 35.6113 -44.5254
v 136.749 35.6113 -44.5254
v 132.934 35.6113 -44.5254
v 129.847 35.6113 -44.5254
v 127.973 35.6113 -44.5254
v 127.54 35.6088 -44.5254
v 127.319 35.581 -44.5254
v 127.115 35.5252 -44.5254
v 126.932 35.4443 -44.5254
v 126.775 35.3413 -44.5254
v 126.646 35.2193 -44.5254
v 126.552 35.0814 -44.5254
v 126.496 34.9304 -44.5254
v 126.482 34.8 -44.5254
v 126.482 34.7279 -44.5254
v 126.482 34.5749 -44.5254
v 126.482 34.3688 -44.5254
v 126.482 34.1376 -44.5254
v 126.482 33.9092 -44.5254
v 126.482 33.7115 -44.5254
v 126.482 33.5725 -44.5254
v 126.482 33.5199 -44.5254
v 66.7711 33.5199 -44.5254
v 66.7856 33.5786 -44.5254
v 66.7856 33.7341 -44.5254
v 66.7856 33.9551 -44.5254
v 66.7856 34.2104 -44.5254
v 66.7856 34.4689 -44.5254
v 66.7856 34.6992 -44.5254
v 66.7856 34.8703 -44.5254
v 66.7856 34.9509 -44.5254
v 66.7739 35.0576 -44.5254
v 66.7285 35.1804 -44.5254
v 66.6519 35.2926 -44.5254
v 66.5477 35.3918 -44.5254
v 66.4195 35.4755 -44.5254
v 66.2706 35.5413 -44.5254
v 66.1047 35.5867 -44.5254
v 65.9251 35.6093 -44.5254
v 65.5097 35.6113 -44.5254
v 63.6355 35.6113 -44.5254
v 60.5485 35.6113 -44.5254
v 56.7338 35.6113 -44.5254
v 52.6765 35.6113 -44.5254
v 48.8619 35.6113 -44.5254
v 45.7749 35.6113 -44.5254
v 43.9007 35.6113 -44.5254
v 43.468 35.6088 -44.5254
v 43.2472 35.581 -44.5254
v 43.0431 35.5252 -44.5254
v 42.86 35.4443 -44.5254
v 42.7023 35.3413 -44.5254
v 42.5742 35.2193 -44.5254
v 42.4801 35.0814 -44.5254
v 42.4242 34.9304 -44.5254
v 42.4098 34.8 -44.5254
v 42.4098 34.7279 -44.5254
v 42.4098 34.5749 -44.5254
v 42.4098 34.3688 -44.5254
v 42.4098 34.1376 -44.5254
v 42.4098 33.9092 -44.5254
v 42.4098 33.7115 -44.5254
v 42.4098 33.5725 -44.5254
v 42.4098 33.5199 -44.5254
v 29.4434 33.5199 -44.5254
f 8396/3620/1624 8397/3619/1624 8398/3618/1624 8399/3617/1624 8400/3616/1624 8401/3615/1624 8402/3614/1624 8403/3613/1624 8404/3612/1624 8405/3611/1624 8406/3610/1624 8407/3609/1624 8408/3608/1624 8409/3607/1624 8410/3606/1624 8411/3605/1624 8412/3604/1624 8413/3603/1624 8414/3602/1624 8415/3601/1624 8416/3600/1624 8417/3599/1624 8418/3598/1624 8419/3597/1624 8420/3596/1624 8421/3595/1624 8422/3594/1624 8423/3593/1624 8424/3592/1624 8425/3591/1624 8426/3590/1624 8427/3589/1624 8428/3588/1624 8429/3587/1624 8430/3586/1624 8431/3585/1624 8432/3584/1624 8433/3583/1624 8434/3582/1624 8435/3581/1624 8436/3580/1624 8437/3579/1624 8438/3578/1624 8439/3577/1624 8440/3576/1624 8441/3575/1624 8442/3574/1624 8443/3573/1624 8444/3572/1624 8445/3571/1624 8446/3570/1624 8447/3569/1624 8448/3568/1624 8449/3567/1624 8450/3566/1624 8451/3565/1624 8452/3564/1624 8453/3563/1624 8454/3562/1624 8455/3561/1624 8456/3560/1624 8457/3559/1624 8458/3558/1624 8459/3557/1624 8460/3556/1624 8461/3555/1624 8462/3554/1624 8463/3553/1624 8464/3552/1624 8465/3551/1624 8466/3550/1624 8467/3549/1624 8468/3548/1624 8469/3547/1624 8470/3546/1624 8471/3545/1624 8472/3544/1624 8473/3543/1624 8474/3542/1624 8475/3541/1624 8476/3540/1624 8477/3539/1624 8478/3538/1624 8479/3537/1624 8480/3536/1624 8481/3535/1624 8482/3534/1624 8483/3533/1624 8484/3532/1624 8485/3531/1624 8486/3530/1624 8487/3529/1624 8488/3528/1624 8489/3527/1624 8490/3526/1624 8491/3525/1624 8492/3524/1624 8493/3523/1624 8494/3522/1624 8495/3521/1624 8496/3520/1624 8497/3519/1624 8498/3518/1624 8499/3517/1624 8500/3516/1624 8501/3515/1624 8502/3514/1624 8503/3513/1624 8504/3512/1624 8505/3511/1624 8506/3510/1624 8507/3509/1624 8508/3508/1624 8509/3507/1624 8510/3506/1624 8511/3505/1624 8512/3504/1624 8513/3503/1624 8514/3502/1624 8515/3501/1624 8516/3500/1624 8517/3499/1624 8518/3498/1624 8519/3497/1624 8520/3496/1624 8521/3495/1624 8522/3494/1624 8523/3493/1624 8393/2738/1624 8392/3492/1624 

v 247.994 33.5199 -46.5254
v 235.027 33.5199 -46.5254
f 8397/2877/1625 8396/2736/1625 8524/2740/1625 8525/2876/1625 

f 8396/2875/545 8392/2879/545 8394/2878/545 8524/2874/545 

vn -9.28484e-33 2.44249e-15 -1
v 29.4434 33.5199 -46.5254
v 42.4098 33.5199 -46.5254
v 42.4098 33.5725 -46.5254
v 42.4098 33.7115 -46.5254
v 42.4098 33.9092 -46.5254
v 42.4098 34.1376 -46.5254
v 42.4098 34.3688 -46.5254
v 42.4098 34.5749 -46.5254
v 42.4098 34.7279 -46.5254
v 42.4098 34.8 -46.5254
v 42.4242 34.9304 -46.5254
v 42.4801 35.0814 -46.5254
v 42.5742 35.2193 -46.5254
v 42.7023 35.3413 -46.5254
v 42.86 35.4443 -46.5254
v 43.0431 35.5252 -46.5254
v 43.2472 35.581 -46.5254
v 43.468 35.6088 -46.5254
v 43.9007 35.6113 -46.5254
v 45.7749 35.6113 -46.5254
v 48.8619 35.6113 -46.5254
v 52.6765 35.6113 -46.5254
v 56.7338 35.6113 -46.5254
v 60.5485 35.6113 -46.5254
v 63.6355 35.6113 -46.5254
v 65.5097 35.6113 -46.5254
v 65.9251 35.6093 -46.5254
v 66.1047 35.5867 -46.5254
v 66.2706 35.5413 -46.5254
v 66.4195 35.4755 -46.5254
v 66.5477 35.3918 -46.5254
v 66.6519 35.2926 -46.5254
v 66.7285 35.1804 -46.5254
v 66.7739 35.0576 -46.5254
v 66.7856 34.9509 -46.5254
v 66.7856 34.8703 -46.5254
v 66.7856 34.6992 -46.5254
v 66.7856 34.4689 -46.5254
v 66.7856 34.2104 -46.5254
v 66.7856 33.9551 -46.5254
v 66.7856 33.7341 -46.5254
v 66.7856 33.5786 -46.5254
v 66.7711 33.5199 -46.5254
v 126.482 33.5199 -46.5254
v 126.482 33.5725 -46.5254
v 126.482 33.7115 -46.5254
v 126.482 33.9092 -46.5254
v 126.482 34.1376 -46.5254
v 126.482 34.3688 -46.5254
v 126.482 34.5749 -46.5254
v 126.482 34.7279 -46.5254
v 126.482 34.8 -46.5254
v 126.496 34.9304 -46.5254
v 126.552 35.0814 -46.5254
v 126.646 35.2193 -46.5254
v 126.775 35.3413 -46.5254
v 126.932 35.4443 -46.5254
v 127.115 35.5252 -46.5254
v 127.319 35.581 -46.5254
v 127.54 35.6088 -46.5254
v 127.973 35.6113 -46.5254
v 129.847 35.6113 -46.5254
v 132.934 35.6113 -46.5254
v 136.749 35.6113 -46.5254
v 140.806 35.6113 -46.5254
v 144.621 35.6113 -46.5254
v 147.708 35.6113 -46.5254
v 149.582 35.6113 -46.5254
v 149.997 35.6093 -46.5254
v 150.177 35.5867 -46.5254
v 150.343 35.5413 -46.5254
v 150.492 35.4755 -46.5254
v 150.62 35.3918 -46.5254
v 150.724 35.2926 -46.5254
v 150.801 35.1804 -46.5254
v 150.846 35.0576 -46.5254
v 150.858 34.9509 -46.5254
v 150.858 34.8703 -46.5254
v 150.858 34.6992 -46.5254
v 150.858 34.4689 -46.5254
v 150.858 34.2104 -46.5254
v 150.858 33.9551 -46.5254
v 150.858 33.7341 -46.5254
v 150.858 33.5786 -46.5254
v 150.858 33.5199 -46.5254
v 210.652 33.5199 -46.5254
v 210.652 33.5786 -46.5254
v 210.652 33.7341 -46.5254
v 210.652 33.9551 -46.5254
v 210.652 34.2104 -46.5254
v 210.652 34.4689 -46.5254
v 210.652 34.6992 -46.5254
v 210.652 34.8703 -46.5254
v 210.652 34.9509 -46.5254
v 210.663 35.0576 -46.5254
v 210.709 35.1804 -46.5254
v 210.785 35.2926 -46.5254
v 210.889 35.3918 -46.5254
v 211.018 35.4755 -46.5254
v 211.167 35.5413 -46.5254
v 211.333 35.5867 -46.5254
v 211.512 35.6093 -46.5254
v 211.928 35.6113 -46.5254
v 213.802 35.6113 -46.5254
v 216.889 35.6113 -46.5254
v 220.703 35.6113 -46.5254
v 224.761 35.6113 -46.5254
v 228.575 35.6113 -46.5254
v 231.662 35.6113 -46.5254
v 233.537 35.6113 -46.5254
v 233.969 35.6088 -46.5254
v 234.19 35.581 -46.5254
v 234.394 35.5252 -46.5254
v 234.577 35.4443 -46.5254
v 234.735 35.3413 -46.5254
v 234.863 35.2193 -46.5254
v 234.957 35.0814 -46.5254
v 235.013 34.9304 -46.5254
v 235.027 34.8 -46.5254
v 235.027 34.7279 -46.5254
v 235.027 34.5749 -46.5254
v 235.027 34.3688 -46.5254
v 235.027 34.1376 -46.5254
v 235.027 33.9092 -46.5254
v 235.027 33.7115 -46.5254
v 235.027 33.5725 -46.5254
f 8525/2869/2380 8524/2868/2380 8394/2737/2380 8395/2867/2380 8526/2866/2380 8527/2865/2380 8528/2864/2380 8529/2863/2380 8530/2862/2380 8531/2861/2380 8532/2860/2380 8533/2859/2380 8534/2858/2380 8535/2857/2380 8536/2856/2380 8537/2855/2380 8538/2854/2380 8539/2853/2380 8540/2852/2380 8541/2851/2380 8542/2850/2380 8543/2849/2380 8544/2848/2380 8545/2847/2380 8546/2846/2380 8547/2845/2380 8548/2844/2380 8549/2843/2380 8550/2842/2380 8551/2841/2380 8552/2840/2380 8553/2839/2380 8554/2838/2380 8555/2837/2380 8556/2836/2380 8557/2835/2380 8558/2834/2380 8559/2833/2380 8560/2832/2380 8561/2831/2380 8562/2830/2380 8563/2829/2380 8564/2828/2380 8565/2827/2380 8566/2826/2380 8567/2825/2380 8568/2824/2380 8569/2823/2380 8570/2822/2380 8571/2821/2380 8572/2820/2380 8573/2819/2380 8574/2818/2380 8575/2817/2380 8576/2816/2380 8577/2815/2380 8578/2814/2380 8579/2813/2380 8580/2812/2380 8581/2811/2380 8582/2810/2380 8583/2809/2380 8584/2808/2380 8585/2807/2380 8586/2806/2380 8587/2805/2380 8588/2804/2380 8589/2803/2380 8590/2802/2380 8591/2801/2380 8592/2800/2380 8593/2799/2380 8594/2798/2380 8595/2797/2380 8596/2796/2380 8597/2795/2380 8598/2794/2380 8599/2793/2380 8600/2792/2380 8601/2791/2380 8602/2790/2380 8603/2789/2380 8604/2788/2380 8605/2787/2380 8606/2786/2380 8607/2785/2380 8608/2784/2380 8609/2783/2380 8610/2782/2380 8611/2781/2380 8612/2780/2380 8613/2779/2380 8614/2778/2380 8615/2777/2380 8616/2776/2380 8617/2775/2380 8618/2774/2380 8619/2773/2380 8620/2772/2380 8621/2771/2380 8622/2770/2380 8623/2769/2380 8624/2768/2380 8625/2767/2380 8626/2766/2380 8627/2765/2380 8628/2764/2380 8629/2763/2380 8630/2762/2380 8631/2761/2380 8632/2760/2380 8633/2759/2380 8634/2758/2380 8635/2757/2380 8636/2756/2380 8637/2755/2380 8638/2754/2380 8639/2753/2380 8640/2752/2380 8641/2751/2380 8642/2750/2380 8643/2749/2380 8644/2748/2380 8645/2747/2380 8646/2746/2380 8647/2745/2380 8648/2744/2380 8649/2743/2380 8650/2742/2380 8651/2741/2380 

f 8393/3151/2379 8523/3153/2379 8526/3152/2379 8395/3150/2379 

f 8523/2691/1625 8522/3155/1625 8527/3154/1625 8526/2739/1625 

f 8522/3153/2379 8521/3157/2379 8528/3156/2379 8527/3152/2379 

f 8521/3157/2379 8520/3159/2379 8529/3158/2379 8528/3156/2379 

f 8520/3159/2379 8519/3161/2379 8530/3160/2379 8529/3158/2379 

f 8519/3161/2379 8518/3163/2379 8531/3162/2379 8530/3160/2379 

f 8518/3163/2379 8517/3165/2379 8532/3164/2379 8531/3162/2379 

f 8517/3165/2379 8516/3167/2379 8533/3166/2379 8532/3164/2379 

f 8516/3167/2379 8515/3169/2379 8534/3168/2379 8533/3166/2379 

f 8515/3169/2379 8514/3171/1653 8535/3170/1653 8534/3168/2379 

f 8514/3175/1653 8513/3174/1654 8536/3173/1654 8535/3172/1653 

f 8513/3179/1654 8512/3178/1655 8537/3177/1655 8536/3176/1654 

f 8512/3183/1655 8511/3182/1656 8538/3181/1656 8537/3180/1655 

f 8511/3187/1656 8510/3186/1657 8539/3185/1657 8538/3184/1656 

f 8510/3191/1657 8509/3190/1658 8540/3189/1658 8539/3188/1657 

f 8509/3195/1658 8508/3194/1659 8541/3193/1659 8540/3192/1658 

f 8508/3199/1659 8507/3198/1660 8542/3197/1660 8541/3196/1659 

f 8507/3203/1660 8506/3202/1661 8543/3201/1661 8542/3200/1660 

f 8506/3207/1661 8505/3206/1662 8544/3205/1662 8543/3204/1661 

f 8505/3211/1662 8504/3210/1663 8545/3209/1663 8544/3208/1662 

f 8504/3210/1663 8503/3213/1664 8546/3212/1664 8545/3209/1663 

f 8503/3213/1664 8502/3215/1625 8547/3214/1625 8546/3212/1664 

f 8502/3215/1625 8501/3217/1625 8548/3216/1625 8547/3214/1625 

f 8501/3217/1625 8500/3219/1665 8549/3218/1665 8548/3216/1625 

f 8500/3219/1665 8499/3221/1665 8550/3220/1665 8549/3218/1665 

f 8499/3221/1665 8498/3223/1666 8551/3222/1666 8550/3220/1665 

f 8498/3227/1666 8497/3226/1667 8552/3225/1667 8551/3224/1666 

f 8497/3231/1667 8496/3230/1668 8553/3229/1668 8552/3228/1667 

f 8496/3235/1668 8495/3234/1669 8554/3233/1669 8553/3232/1668 

f 8495/3239/1669 8494/3238/1670 8555/3237/1670 8554/3236/1669 

f 8494/3243/1670 8493/3242/1671 8556/3241/1671 8555/3240/1670 

f 8493/3247/1671 8492/3246/1672 8557/3245/1672 8556/3244/1671 

f 8492/3251/1672 8491/3250/1673 8558/3249/1673 8557/3248/1672 

f 8491/3255/1673 8490/3254/1674 8559/3253/1674 8558/3252/1673 

f 8490/3259/1674 8489/3258/1675 8560/3257/1675 8559/3256/1674 

f 8489/3263/1675 8488/3262/545 8561/3261/545 8560/3260/1675 

f 8488/3262/545 8487/3265/545 8562/3264/545 8561/3261/545 

f 8487/3265/545 8486/3267/545 8563/3266/545 8562/3264/545 

f 8486/3267/545 8485/3269/545 8564/3268/545 8563/3266/545 

f 8485/3269/545 8484/3271/545 8565/3270/545 8564/3268/545 

f 8484/3271/545 8483/3273/545 8566/3272/545 8565/3270/545 

f 8483/3273/545 8482/3275/1676 8567/3274/1676 8566/3272/545 

f 8482/3279/1676 8481/3278/1677 8568/3277/1677 8567/3276/1676 

f 8481/3283/1625 8480/3282/1625 8569/3281/1625 8568/3280/1625 

f 8480/3153/2379 8479/3157/2379 8570/3156/2379 8569/3152/2379 

f 8479/3157/2379 8478/3159/2379 8571/3158/2379 8570/3156/2379 

f 8478/3159/2379 8477/3161/2379 8572/3160/2379 8571/3158/2379 

f 8477/3161/2379 8476/3163/2379 8573/3162/2379 8572/3160/2379 

f 8476/3163/2379 8475/3165/2379 8574/3164/2379 8573/3162/2379 

f 8475/3165/2379 8474/3167/2379 8575/3166/2379 8574/3164/2379 

f 8474/3167/2379 8473/3169/2379 8576/3168/2379 8575/3166/2379 

f 8473/3169/2379 8472/3171/1653 8577/3170/1653 8576/3168/2379 

f 8472/3287/1653 8471/3286/1654 8578/3285/1654 8577/3284/1653 

f 8471/3291/1654 8470/3290/1655 8579/3289/1655 8578/3288/1654 

f 8470/3295/1655 8469/3294/1656 8580/3293/1656 8579/3292/1655 

f 8469/3299/1656 8468/3298/1657 8581/3297/1657 8580/3296/1656 

f 8468/3303/1657 8467/3302/1658 8582/3301/1658 8581/3300/1657 

f 8467/3307/1658 8466/3306/1659 8583/3305/1659 8582/3304/1658 

f 8466/3311/1659 8465/3310/1660 8584/3309/1660 8583/3308/1659 

f 8465/3315/1660 8464/3314/1661 8585/3313/1661 8584/3312/1660 

f 8464/3319/1661 8463/3318/1662 8586/3317/1662 8585/3316/1661 

f 8463/3323/1662 8462/3322/1663 8587/3321/1663 8586/3320/1662 

f 8462/3322/1663 8461/3325/1664 8588/3324/1664 8587/3321/1663 

f 8461/3325/1664 8460/3327/1625 8589/3326/1625 8588/3324/1664 

f 8460/3327/1625 8459/3329/1625 8590/3328/1625 8589/3326/1625 

f 8459/3329/1625 8458/3331/1665 8591/3330/1665 8590/3328/1625 

f 8458/3331/1665 8457/3333/1665 8592/3332/1665 8591/3330/1665 

f 8457/3333/1665 8456/3335/1666 8593/3334/1666 8592/3332/1665 

f 8456/3339/1666 8455/3338/1667 8594/3337/1667 8593/3336/1666 

f 8455/3343/1667 8454/3342/1668 8595/3341/1668 8594/3340/1667 

f 8454/3347/1668 8453/3346/1669 8596/3345/1669 8595/3344/1668 

f 8453/3351/1669 8452/3350/1670 8597/3349/1670 8596/3348/1669 

f 8452/3355/1670 8451/3354/1671 8598/3353/1671 8597/3352/1670 

f 8451/3359/1671 8450/3358/1672 8599/3357/1672 8598/3356/1671 

f 8450/3363/1672 8449/3362/1673 8600/3361/1673 8599/3360/1672 

f 8449/3367/1673 8448/3366/1674 8601/3365/1674 8600/3364/1673 

f 8448/3371/1674 8447/3370/1675 8602/3369/1675 8601/3368/1674 

f 8447/3263/1675 8446/3262/545 8603/3261/545 8602/3260/1675 

f 8446/3262/545 8445/3265/545 8604/3264/545 8603/3261/545 

f 8445/3265/545 8444/3267/545 8605/3266/545 8604/3264/545 

f 8444/3267/545 8443/3269/545 8606/3268/545 8605/3266/545 

f 8443/3269/545 8442/3271/545 8607/3270/545 8606/3268/545 

f 8442/3271/545 8441/3273/545 8608/3272/545 8607/3270/545 

f 8441/3273/545 8440/3275/545 8609/3274/545 8608/3272/545 

f 8440/3275/545 8439/2875/545 8610/2874/545 8609/3274/545 

f 8439/3375/1625 8438/3374/1625 8611/3373/1625 8610/3372/1625 

f 8438/3153/1678 8437/3377/1679 8612/3376/1679 8611/3152/1678 

f 8437/3377/1679 8436/3379/1680 8613/3378/1680 8612/3376/1679 

f 8436/3379/1680 8435/3381/1681 8614/3380/1681 8613/3378/1680 

f 8435/3381/1681 8434/3383/1682 8615/3382/1682 8614/3380/1681 

f 8434/3383/1682 8433/3385/1683 8616/3384/1683 8615/3382/1682 

f 8433/3385/1683 8432/3387/1684 8617/3386/1684 8616/3384/1683 

f 8432/3387/1684 8431/3389/1685 8618/3388/1685 8617/3386/1684 

f 8431/3389/1685 8430/3391/1686 8619/3390/1686 8618/3388/1685 

f 8430/3395/1686 8429/3394/1687 8620/3393/1687 8619/3392/1686 

f 8429/3399/1687 8428/3398/1655 8621/3397/1655 8620/3396/1687 

f 8428/3403/1655 8427/3402/1656 8622/3401/1656 8621/3400/1655 

f 8427/3407/1656 8426/3406/1657 8623/3405/1657 8622/3404/1656 

f 8426/3411/1657 8425/3410/1658 8624/3409/1658 8623/3408/1657 

f 8425/3415/1658 8424/3414/1659 8625/3413/1659 8624/3412/1658 

f 8424/3419/1659 8423/3418/1660 8626/3417/1660 8625/3416/1659 

f 8423/3423/1660 8422/3422/1688 8627/3421/1688 8626/3420/1660 

f 8422/3427/1688 8421/3426/1689 8628/3425/1689 8627/3424/1688 

f 8421/3431/1689 8420/3430/1690 8629/3429/1690 8628/3428/1689 

f 8420/3430/1690 8419/3433/1691 8630/3432/1691 8629/3429/1690 

f 8419/3433/1691 8418/3435/1692 8631/3434/1692 8630/3432/1691 

f 8418/3435/1692 8417/3437/1693 8632/3436/1693 8631/3434/1692 

f 8417/3437/1693 8416/3439/1694 8633/3438/1694 8632/3436/1693 

f 8416/3439/1694 8415/3441/1695 8634/3440/1695 8633/3438/1694 

f 8415/3441/1695 8414/3443/1696 8635/3442/1696 8634/3440/1695 

f 8414/3447/1696 8413/3446/1697 8636/3445/1697 8635/3444/1696 

f 8413/3451/1697 8412/3450/1668 8637/3449/1668 8636/3448/1697 

f 8412/3455/1668 8411/3454/1669 8638/3453/1669 8637/3452/1668 

f 8411/3459/1669 8410/3458/1670 8639/3457/1670 8638/3456/1669 

f 8410/3463/1670 8409/3462/1671 8640/3461/1671 8639/3460/1670 

f 8409/3467/1671 8408/3466/1672 8641/3465/1672 8640/3464/1671 

f 8408/3471/1672 8407/3470/1673 8642/3469/1673 8641/3468/1672 

f 8407/3475/1673 8406/3474/1698 8643/3473/1698 8642/3472/1673 

f 8406/3479/1698 8405/3478/1699 8644/3477/1699 8643/3476/1698 

f 8405/3483/1699 8404/3482/1700 8645/3481/1700 8644/3480/1699 

f 8404/3482/1700 8403/3485/1701 8646/3484/1701 8645/3481/1700 

f 8403/3485/1701 8402/3487/1702 8647/3486/1702 8646/3484/1701 

f 8402/3487/1702 8401/3489/1703 8648/3488/1703 8647/3486/1702 

f 8401/3489/1703 8400/3491/1704 8649/3490/1704 8648/3488/1703 

f 8400/3491/1704 8399/2873/1627 8650/2870/1627 8649/3490/1704 

f 8399/2873/1627 8398/2872/1628 8651/2871/1628 8650/2870/1627 

f 8398/2872/1628 8397/2875/1629 8525/2874/1629 8651/2871/1628 

f 8208/2733/1705 8207/2734/1705 8217/2885/1705 8391/2884/1705 

vn 1.1993e-32 2.44249e-15 -1
v 235.027 23.1918 -46.5254
v 235.027 23.1379 -46.5254
v 235.027 23.0049 -46.5254
v 235.027 22.8158 -46.5254
v 235.027 22.5974 -46.5254
v 235.027 22.3763 -46.5254
v 235.027 22.1793 -46.5254
v 235.027 22.0329 -46.5254
v 235.027 21.964 -46.5254
v 235.013 21.8393 -46.5254
v 234.957 21.6949 -46.5254
v 234.863 21.563 -46.5254
v 234.735 21.4463 -46.5254
v 234.577 21.3479 -46.5254
v 234.394 21.2705 -46.5254
v 234.19 21.2171 -46.5254
v 233.969 21.1906 -46.5254
v 233.537 21.1881 -46.5254
v 231.662 21.1881 -46.5254
v 228.575 21.1881 -46.5254
v 224.761 21.1881 -46.5254
v 220.703 21.1881 -46.5254
v 216.889 21.1881 -46.5254
v 213.802 21.1881 -46.5254
v 211.928 21.1881 -46.5254
v 211.512 21.1901 -46.5254
v 211.333 21.2117 -46.5254
v 211.167 21.2551 -46.5254
v 211.018 21.318 -46.5254
v 210.889 21.3981 -46.5254
v 210.785 21.4929 -46.5254
v 210.709 21.6002 -46.5254
v 210.663 21.7176 -46.5254
v 210.652 21.8197 -46.5254
v 210.652 21.8967 -46.5254
v 210.652 22.0603 -46.5254
v 210.652 22.2806 -46.5254
v 210.652 22.5278 -46.5254
v 210.652 22.7719 -46.5254
v 210.652 22.9833 -46.5254
v 210.652 23.1319 -46.5254
v 210.652 23.1918 -46.5254
v 150.858 23.1918 -46.5254
v 150.858 23.1319 -46.5254
v 150.858 22.9833 -46.5254
v 150.858 22.7719 -46.5254
v 150.858 22.5278 -46.5254
v 150.858 22.2806 -46.5254
v 150.858 22.0603 -46.5254
v 150.858 21.8967 -46.5254
v 150.858 21.8197 -46.5254
v 150.846 21.7176 -46.5254
v 150.801 21.6002 -46.5254
v 150.724 21.4929 -46.5254
v 150.62 21.3981 -46.5254
v 150.492 21.318 -46.5254
v 150.343 21.2551 -46.5254
v 150.177 21.2117 -46.5254
v 149.997 21.1901 -46.5254
v 149.582 21.1881 -46.5254
v 147.708 21.1881 -46.5254
v 144.621 21.1881 -46.5254
v 140.806 21.1881 -46.5254
v 136.749 21.1881 -46.5254
v 132.934 21.1881 -46.5254
v 129.847 21.1881 -46.5254
v 127.973 21.1881 -46.5254
v 127.54 21.1906 -46.5254
v 127.319 21.2171 -46.5254
v 127.115 21.2705 -46.5254
v 126.932 21.3479 -46.5254
v 126.775 21.4463 -46.5254
v 126.646 21.563 -46.5254
v 126.552 21.6949 -46.5254
v 126.496 21.8393 -46.5254
v 126.482 21.964 -46.5254
v 126.482 22.0329 -46.5254
v 126.482 22.1793 -46.5254
v 126.482 22.3763 -46.5254
v 126.482 22.5974 -46.5254
v 126.482 22.8158 -46.5254
v 126.482 23.0049 -46.5254
v 126.482 23.1379 -46.5254
f 8348/3013/2381 8347/3012/2381 8349/3011/2381 8350/3010/2381 8351/3009/2381 8352/3008/2381 8353/3007/2381 8354/3006/2381 8355/3005/2381 8356/3004/2381 8357/3003/2381 8358/3002/2381 8359/3001/2381 8360/3000/2381 8361/2999/2381 8362/2998/2381 8363/2997/2381 8364/2996/2381 8365/2995/2381 8366/2994/2381 8367/2993/2381 8368/2992/2381 8369/2991/2381 8370/2990/2381 8371/2989/2381 8372/2988/2381 8373/2987/2381 8374/2986/2381 8375/2985/2381 8376/2984/2381 8377/2983/2381 8378/2982/2381 8379/2981/2381 8380/2980/2381 8381/2979/2381 8382/2978/2381 8383/2977/2381 8384/2976/2381 8385/2975/2381 8386/2974/2381 8387/2973/2381 8388/2972/2381 8389/2971/2381 8390/2970/2381 8391/2884/2381 8217/2885/2381 8219/2969/2381 8652/2968/2381 8653/2967/2381 8654/2966/2381 8655/2965/2381 8656/2964/2381 8657/2963/2381 8658/2962/2381 8659/2961/2381 8660/2960/2381 8661/2959/2381 8662/2958/2381 8663/2957/2381 8664/2956/2381 8665/2955/2381 8666/2954/2381 8667/2953/2381 8668/2952/2381 8669/2951/2381 8670/2950/2381 8671/2949/2381 8672/2948/2381 8673/2947/2381 8674/2946/2381 8675/2945/2381 8676/2944/2381 8677/2943/2381 8678/2942/2381 8679/2941/2381 8680/2940/2381 8681/2939/2381 8682/2938/2381 8683/2937/2381 8684/2936/2381 8685/2935/2381 8686/2934/2381 8687/2933/2381 8688/2932/2381 8689/2931/2381 8690/2930/2381 8691/2929/2381 8692/2928/2381 8693/2927/2381 8694/2926/2381 8695/2925/2381 8696/2924/2381 8697/2923/2381 8698/2922/2381 8699/2921/2381 8700/2920/2381 8701/2919/2381 8702/2918/2381 8703/2917/2381 8704/2916/2381 8705/2915/2381 8706/2914/2381 8707/2913/2381 8708/2912/2381 8709/2911/2381 8710/2910/2381 8711/2909/2381 8712/2908/2381 8713/2907/2381 8714/2906/2381 8715/2905/2381 8716/2904/2381 8717/2903/2381 8718/2902/2381 8719/2901/2381 8720/2900/2381 8721/2899/2381 8722/2898/2381 8723/2897/2381 8724/2896/2381 8725/2895/2381 8726/2894/2381 8727/2893/2381 8728/2892/2381 8729/2891/2381 8730/2890/2381 8731/2889/2381 8732/2888/2381 8733/2887/2381 8734/2886/2381 

f 8213/2691/1625 8214/2736/1625 8217/2735/1625 8391/2688/1625 

f 8218/3629/1631 8304/3628/1631 8652/3627/1631 8219/3626/1631 

f 8304/3027/1706 8303/3631/1707 8653/3630/1707 8652/3024/1706 

f 8303/3631/1707 8302/3633/1708 8654/3632/1708 8653/3630/1707 

f 8302/3633/1708 8301/3635/1709 8655/3634/1709 8654/3632/1708 

f 8301/3635/1709 8300/3637/1710 8656/3636/1710 8655/3634/1709 

f 8300/3637/1710 8299/3639/1711 8657/3638/1711 8656/3636/1710 

f 8299/3639/1711 8298/3641/1712 8658/3640/1712 8657/3638/1711 

f 8298/3641/1712 8297/3643/1713 8659/3642/1713 8658/3640/1712 

f 8297/3643/1713 8296/3645/1714 8660/3644/1714 8659/3642/1713 

f 8296/3649/1714 8295/3648/1715 8661/3647/1715 8660/3646/1714 

f 8295/3653/1715 8294/3652/1634 8662/3651/1634 8661/3650/1715 

f 8294/3657/1634 8293/3656/1635 8663/3655/1635 8662/3654/1634 

f 8293/3661/1635 8292/3660/1636 8664/3659/1636 8663/3658/1635 

f 8292/3665/1636 8291/3664/1637 8665/3663/1637 8664/3662/1636 

f 8291/3669/1637 8290/3668/1638 8666/3667/1638 8665/3666/1637 

f 8290/3673/1638 8289/3672/1639 8667/3671/1639 8666/3670/1638 

f 8289/3677/1639 8288/3676/1716 8668/3675/1716 8667/3674/1639 

f 8288/3681/1716 8287/3680/1717 8669/3679/1717 8668/3678/1716 

f 8287/3685/1717 8286/3684/1718 8670/3683/1718 8669/3682/1717 

f 8286/3684/1718 8285/3687/1719 8671/3686/1719 8670/3683/1718 

f 8285/3687/1719 8284/3689/1720 8672/3688/1720 8671/3686/1719 

f 8284/3689/1720 8283/3691/1721 8673/3690/1721 8672/3688/1720 

f 8283/3691/1721 8282/3693/1722 8674/3692/1722 8673/3690/1721 

f 8282/3693/1722 8281/3695/1723 8675/3694/1723 8674/3692/1722 

f 8281/3695/1723 8280/3697/1724 8676/3696/1724 8675/3694/1723 

f 8280/3701/1724 8279/3700/1725 8677/3699/1725 8676/3698/1724 

f 8279/3705/1725 8278/3704/1645 8678/3703/1645 8677/3702/1725 

f 8278/3709/1645 8277/3708/1646 8679/3707/1646 8678/3706/1645 

f 8277/3713/1646 8276/3712/1647 8680/3711/1647 8679/3710/1646 

f 8276/3717/1647 8275/3716/1648 8681/3715/1648 8680/3714/1647 

f 8275/3721/1648 8274/3720/1649 8682/3719/1649 8681/3718/1648 

f 8274/3725/1649 8273/3724/1650 8683/3723/1650 8682/3722/1649 

f 8273/3729/1650 8272/3728/1726 8684/3727/1726 8683/3726/1650 

f 8272/3733/1726 8271/3732/1727 8685/3731/1727 8684/3730/1726 

f 8271/3737/1727 8270/3736/1728 8686/3735/1728 8685/3734/1727 

f 8270/3736/1728 8269/3739/1729 8687/3738/1729 8686/3735/1728 

f 8269/3739/1729 8268/3741/1730 8688/3740/1730 8687/3738/1729 

f 8268/3741/1730 8267/3743/1731 8689/3742/1731 8688/3740/1730 

f 8267/3743/1731 8266/3745/1732 8690/3744/1732 8689/3742/1731 

f 8266/3745/1732 8265/3747/1733 8691/3746/1733 8690/3744/1732 

f 8265/3747/1733 8264/3749/1734 8692/3748/1734 8691/3746/1733 

f 8264/3749/1734 8263/3019/1735 8693/3018/1735 8692/3748/1734 

f 8263/3753/1631 8262/3752/1631 8694/3751/1631 8693/3750/1631 

f 8262/3027/545 8261/3026/545 8695/3025/545 8694/3024/545 

f 8261/3026/545 8260/3029/545 8696/3028/545 8695/3025/545 

f 8260/3029/545 8259/3031/545 8697/3030/545 8696/3028/545 

f 8259/3031/545 8258/3033/545 8698/3032/545 8697/3030/545 

f 8258/3033/545 8257/3035/545 8699/3034/545 8698/3032/545 

f 8257/3035/545 8256/3037/545 8700/3036/545 8699/3034/545 

f 8256/3037/545 8255/3039/545 8701/3038/545 8700/3036/545 

f 8255/3039/545 8254/3041/1632 8702/3040/1632 8701/3038/545 

f 8254/3757/1632 8253/3756/1633 8703/3755/1633 8702/3754/1632 

f 8253/3761/1633 8252/3760/1634 8704/3759/1634 8703/3758/1633 

f 8252/3765/1634 8251/3764/1635 8705/3763/1635 8704/3762/1634 

f 8251/3769/1635 8250/3768/1636 8706/3767/1636 8705/3766/1635 

f 8250/3773/1636 8249/3772/1637 8707/3771/1637 8706/3770/1636 

f 8249/3777/1637 8248/3776/1638 8708/3775/1638 8707/3774/1637 

f 8248/3781/1638 8247/3780/1639 8709/3779/1639 8708/3778/1638 

f 8247/3785/1639 8246/3784/1640 8710/3783/1640 8709/3782/1639 

f 8246/3789/1640 8245/3788/1641 8711/3787/1641 8710/3786/1640 

f 8245/3793/1641 8244/3792/1631 8712/3791/1631 8711/3790/1641 

f 8244/3792/1631 8243/3795/1631 8713/3794/1631 8712/3791/1631 

f 8243/3795/1631 8242/3797/1631 8714/3796/1631 8713/3794/1631 

f 8242/3797/1631 8241/3799/1631 8715/3798/1631 8714/3796/1631 

f 8241/3799/1631 8240/3801/1631 8716/3800/1631 8715/3798/1631 

f 8240/3801/1631 8239/3803/1642 8717/3802/1642 8716/3800/1631 

f 8239/3803/1642 8238/3805/1643 8718/3804/1643 8717/3802/1642 

f 8238/3809/1643 8237/3808/1644 8719/3807/1644 8718/3806/1643 

f 8237/3813/1644 8236/3812/1645 8720/3811/1645 8719/3810/1644 

f 8236/3817/1645 8235/3816/1646 8721/3815/1646 8720/3814/1645 

f 8235/3821/1646 8234/3820/1647 8722/3819/1647 8721/3818/1646 

f 8234/3825/1647 8233/3824/1648 8723/3823/1648 8722/3822/1647 

f 8233/3829/1648 8232/3828/1649 8724/3827/1649 8723/3826/1648 

f 8232/3833/1649 8231/3832/1650 8725/3831/1650 8724/3830/1649 

f 8231/3837/1650 8230/3836/1651 8726/3835/1651 8725/3834/1650 

f 8230/3841/1651 8229/3840/1652 8727/3839/1652 8726/3838/1651 

f 8229/3133/1652 8228/3132/2379 8728/3131/2379 8727/3130/1652 

f 8228/3132/2379 8227/3135/2379 8729/3134/2379 8728/3131/2379 

f 8227/3135/2379 8226/3137/2379 8730/3136/2379 8729/3134/2379 

f 8226/3137/2379 8225/3139/2379 8731/3138/2379 8730/3136/2379 

f 8225/3139/2379 8224/3141/2379 8732/3140/2379 8731/3138/2379 

f 8224/3141/2379 8223/3017/2379 8733/3014/2379 8732/3140/2379 

f 8223/3017/2379 8222/3016/2379 8734/3015/2379 8733/3014/2379 

f 8222/3016/2379 8221/3019/2379 8348/3018/2379 8734/3015/2379 

g Mesh17 ___224_2 Model

v 233.053 21.8987 -66.4854
v 233.053 22.0153 -66.4854
v 235.053 22.0153 -66.4854
v 235.053 21.8987 -66.4854
f 8735/3971/1736 8736/3970/1736 8737/3969/1736 8738/3968/1736 

v 233.053 24.8129 -46.5254
v 233.053 24.8129 -144.262
v 233.053 23.1917 -144.262
v 233.053 23.1917 -135.85
v 233.053 23.1434 -135.85
v 233.053 23.0157 -135.85
v 233.053 22.8347 -135.85
v 233.053 22.6264 -135.85
v 233.053 22.417 -135.85
v 233.053 22.2325 -135.85
v 233.053 22.0988 -135.85
v 233.053 22.0422 -135.85
v 233.053 21.8801 -135.841
v 233.053 21.7135 -135.812
v 233.053 21.562 -135.764
v 233.053 21.4291 -135.7
v 233.053 21.3183 -135.622
v 233.053 21.2329 -135.532
v 233.053 21.1765 -135.432
v 233.053 21.1526 -135.324
v 233.053 21.152 -135.001
v 233.053 21.152 -133.94
v 233.053 21.152 -132.344
v 233.053 21.152 -130.454
v 233.053 21.152 -128.51
v 233.053 21.152 -126.751
v 233.053 21.152 -125.417
v 233.053 21.152 -124.749
v 233.053 21.1597 -124.648
v 233.053 21.1939 -124.564
v 233.053 21.2529 -124.487
v 233.053 21.334 -124.419
v 233.053 21.4342 -124.361
v 233.053 21.5509 -124.316
v 233.053 21.6811 -124.285
v 233.053 21.8221 -124.27
v 233.053 21.8987 -124.269
v 233.053 22.0153 -124.269
v 233.053 22.2037 -124.269
v 233.053 22.4341 -124.269
v 233.053 22.6768 -124.269
v 233.053 22.9018 -124.269
v 233.053 23.0794 -124.269
v 233.053 23.1798 -124.269
v 233.053 23.1918 -123.517
v 233.053 23.1918 -118.75
v 233.053 23.1918 -110.71
v 233.053 23.1918 -100.706
v 233.053 23.1918 -90.0482
v 233.053 23.1918 -80.0446
v 233.053 23.1918 -72.0048
v 233.053 23.1918 -67.2379
v 233.053 23.1798 -66.4854
v 233.053 23.0794 -66.4854
v 233.053 22.9018 -66.4854
v 233.053 22.6768 -66.4854
v 233.053 22.4341 -66.4854
v 233.053 22.2037 -66.4854
v 233.053 21.8221 -66.4842
v 233.053 21.6811 -66.4692
v 233.053 21.5509 -66.4383
v 233.053 21.4342 -66.3932
v 233.053 21.334 -66.3357
v 233.053 21.2529 -66.2675
v 233.053 21.1939 -66.1904
v 233.053 21.1597 -66.106
v 233.053 21.152 -66.0057
v 233.053 21.152 -65.3373
v 233.053 21.152 -64.0036
v 233.053 21.152 -62.2446
v 233.053 21.152 -60.3002
v 233.053 21.152 -58.4103
v 233.053 21.152 -56.8148
v 233.053 21.152 -55.7538
v 233.053 21.1526 -55.4305
v 233.053 21.1765 -55.3228
v 233.053 21.2329 -55.2228
v 233.053 21.3183 -55.1326
v 233.053 21.4291 -55.0545
v 233.053 21.562 -54.9905
v 233.053 21.7135 -54.9427
v 233.053 21.8801 -54.9133
v 233.053 22.0422 -54.9043
v 233.053 22.0988 -54.9043
v 233.053 22.2325 -54.9043
v 233.053 22.417 -54.9043
v 233.053 22.6264 -54.9043
v 233.053 22.8347 -54.9043
v 233.053 23.0157 -54.9043
v 233.053 23.1434 -54.9043
v 233.053 23.1917 -54.9043
v 233.053 23.1917 -46.5254
f 8739/4069/1740 8740/4068/1740 8741/4067/1740 8742/4066/1740 8743/4065/1740 8744/4064/1740 8745/4063/1740 8746/4062/1740 8747/4061/1740 8748/4060/1740 8749/4059/1740 8750/4058/1740 8751/4057/1740 8752/4056/1740 8753/4055/1740 8754/4054/1740 8755/4053/1740 8756/4052/1740 8757/4051/1740 8758/4050/1740 8759/4049/1740 8760/4048/1740 8761/4047/1740 8762/4046/1740 8763/4045/1740 8764/4044/1740 8765/4043/1740 8766/4042/1740 8767/4041/1740 8768/4040/1740 8769/4039/1740 8770/4038/1740 8771/4037/1740 8772/4036/1740 8773/4035/1740 8774/4034/1740 8775/4033/1740 8776/4032/1740 8777/4031/1740 8778/4030/1740 8779/4029/1740 8780/4028/1740 8781/4027/1740 8782/4026/1740 8783/4025/1740 8784/4024/1740 8785/4023/1740 8786/4022/1740 8787/4021/1740 8788/4020/1740 8789/4019/1740 8790/4018/1740 8791/4017/1740 8792/4016/1740 8793/4015/1740 8794/4014/1740 8795/4013/1740 8796/4012/1740 8736/4011/1740 8735/4010/1740 8797/4009/1740 8798/4008/1740 8799/4007/1740 8800/4006/1740 8801/4005/1740 8802/4004/1740 8803/4003/1740 8804/4002/1740 8805/4001/1740 8806/4000/1740 8807/3999/1740 8808/3998/1740 8809/3997/1740 8810/3996/1740 8811/3995/1740 8812/3994/1740 8813/3993/1740 8814/3992/1740 8815/3991/1740 8816/3990/1740 8817/3989/1740 8818/3988/1740 8819/3987/1740 8820/3986/1740 8821/3985/1740 8822/3984/1740 8823/3983/1740 8824/3982/1740 8825/3981/1740 8826/3980/1740 8827/3979/1740 8828/3978/1740 8829/3977/1740 8830/3976/1740 

v 235.053 24.8129 -46.5254
v 235.053 24.8129 -144.262
f 8740/2688/1742 8739/4171/1742 8831/4170/1742 8832/2691/1742 

v 233.053 26.4731 -130.248
v 233.053 26.4731 -136.928
v 233.053 26.4731 -137.859
v 233.053 26.4731 -142.002
v 233.053 26.4731 -142.557
v 233.053 26.4731 -143.206
v 233.053 26.4731 -144.102
v 233.053 30.1877 -144.102
v 233.053 30.1877 -143.206
v 233.053 30.1877 -142.557
v 233.053 30.1877 -142.002
v 233.053 30.1877 -137.859
v 233.053 30.1877 -136.928
v 233.053 30.1877 -130.248
v 233.053 30.1877 -129.542
v 233.053 30.1877 -46.5254
v 233.053 31.8835 -46.5254
v 233.053 31.8835 -144.262
v 233.053 30.1877 -144.262
v 233.053 26.3284 -144.262
v 233.053 26.4731 -46.5254
v 233.053 26.4731 -129.542
f 8833/4218/1740 8834/4217/1740 8835/4216/1740 8836/4215/1740 8837/4214/1740 8838/4213/1740 8839/4212/1740 8840/4211/1740 8841/4210/1740 8842/4209/1740 8843/4208/1740 8844/4207/1740 8845/4206/1740 8846/4205/1740 8847/4204/1740 8848/4203/1740 8849/4202/1740 8850/4191/1740 8851/4192/1740 8852/4193/1740 8740/4068/1740 8739/4069/1740 8853/4201/1740 8854/4200/1740 

v 235.053 26.4731 -130.248
v 235.053 26.4731 -136.928
f 8834/4228/1742 8833/4226/1742 8855/4223/1742 8856/4227/1742 

v 235.053 26.4731 -129.542
f 8833/4226/1742 8854/4225/1742 8857/4224/1742 8855/4223/1742 

v 235.053 26.4731 -46.5254
f 8853/4073/1739 8854/4195/1739 8857/4194/1739 8858/4070/1739 

f 8848/4203/1740 8847/4204/1740 8854/4200/1740 8853/4201/1740 

v 235.053 30.1877 -129.542
v 235.053 30.1877 -46.5254
f 8848/4073/1739 8847/4195/1739 8859/4194/1739 8860/4070/1739 

v 235.053 30.1877 -130.248
f 8847/4195/1739 8846/4258/1739 8861/4257/1739 8859/4194/1739 

v 235.053 30.1877 -136.928
f 8846/4258/1739 8845/4256/1739 8862/4255/1739 8861/4257/1739 

v 235.053 30.1877 -137.859
f 8845/4256/1739 8844/4241/1739 8863/4238/1739 8862/4255/1739 

v 235.053 30.1877 -142.002
f 8844/4241/1739 8843/4240/1739 8864/4239/1739 8863/4238/1739 

v 235.053 30.1877 -142.557
f 8843/4240/1739 8842/4243/1739 8865/4242/1739 8864/4239/1739 

v 235.053 30.1877 -143.206
f 8842/4243/1739 8841/4245/1739 8866/4244/1739 8865/4242/1739 

v 235.053 30.1877 -144.102
f 8841/4245/1739 8840/4254/1739 8867/4253/1739 8866/4244/1739 

v 235.053 26.4731 -144.102
f 8840/4199/1741 8839/4198/1741 8868/4197/1741 8867/4196/1741 

v 235.053 26.4731 -143.206
f 8839/4252/1745 8838/4250/1744 8869/4247/1744 8868/4251/1745 

v 235.053 26.4731 -142.557
f 8838/4250/1744 8837/4249/1742 8870/4248/1742 8869/4247/1744 

v 235.053 26.4731 -142.002
f 8837/4249/1742 8836/4234/1743 8871/4233/1743 8870/4248/1742 

v 235.053 26.4731 -137.859
f 8836/4234/1743 8835/4232/1743 8872/4231/1743 8871/4233/1743 

f 8835/4232/1743 8834/4228/1742 8856/4227/1742 8872/4231/1743 

v 235.053 28.736 -137.859
v 235.053 27.9247 -137.859
f 8863/4207/1740 8873/4230/1740 8874/4229/1740 8872/4216/1740 8856/4217/1740 8862/4206/1740 

v 235.053 28.736 -141.326
f 8864/4208/1740 8875/4236/1740 8873/4230/1740 8863/4207/1740 

v 235.053 28.4424 -141.747
v 235.053 27.9247 -141.326
f 8864/4208/1740 8865/4209/1740 8876/4237/1740 8870/4214/1740 8871/4215/1740 8877/4235/1740 8874/4229/1740 8873/4230/1740 8875/4236/1740 

v 235.053 26.3284 -144.262
v 235.053 30.1877 -144.262
v 235.053 31.8835 -144.262
v 235.053 31.8835 -46.5254
f 8831/4076/1738 8832/4068/1738 8878/4193/1738 8879/4192/1738 8880/4191/1738 8881/4190/1738 8860/4189/1738 8859/4188/1738 8861/4187/1738 8862/4186/1738 8863/4185/1738 8864/4184/1738 8865/4183/1738 8866/4182/1738 8867/4181/1738 8868/4180/1738 8869/4179/1738 8870/4178/1738 8871/4177/1738 8872/4176/1738 8856/4175/1738 8855/4174/1738 8857/4173/1738 8858/4172/1738 

v 235.053 23.1434 -54.9043
v 235.053 23.0157 -54.9043
v 235.053 22.8347 -54.9043
v 235.053 22.6264 -54.9043
v 235.053 22.417 -54.9043
v 235.053 22.2325 -54.9043
v 235.053 22.0988 -54.9043
v 235.053 22.0422 -54.9043
v 235.053 21.8801 -54.9133
v 235.053 21.7135 -54.9427
v 235.053 21.562 -54.9905
v 235.053 21.4291 -55.0545
v 235.053 21.3183 -55.1326
v 235.053 21.2329 -55.2228
v 235.053 21.1765 -55.3228
v 235.053 21.1526 -55.4305
v 235.053 21.152 -55.7538
v 235.053 21.152 -56.8148
v 235.053 21.152 -58.4103
v 235.053 21.152 -60.3002
v 235.053 21.152 -62.2446
v 235.053 21.152 -64.0036
v 235.053 21.152 -65.3373
v 235.053 21.152 -66.0057
v 235.053 21.1597 -66.106
v 235.053 21.1939 -66.1904
v 235.053 21.2529 -66.2675
v 235.053 21.334 -66.3357
v 235.053 21.4342 -66.3932
v 235.053 21.5509 -66.4383
v 235.053 21.6811 -66.4692
v 235.053 21.8221 -66.4842
v 235.053 22.2037 -66.4854
v 235.053 22.4341 -66.4854
v 235.053 22.6768 -66.4854
v 235.053 22.9018 -66.4854
v 235.053 23.0794 -66.4854
v 235.053 23.1798 -66.4854
v 235.053 23.1918 -67.2379
v 235.053 23.1918 -72.0048
v 235.053 23.1918 -80.0446
v 235.053 23.1918 -90.0482
v 235.053 23.1918 -100.706
v 235.053 23.1918 -110.71
v 235.053 23.1918 -118.75
v 235.053 23.1918 -123.517
v 235.053 23.1798 -124.269
v 235.053 23.0794 -124.269
v 235.053 22.9018 -124.269
v 235.053 22.6768 -124.269
v 235.053 22.4341 -124.269
v 235.053 22.2037 -124.269
v 235.053 22.0153 -124.269
v 235.053 21.8987 -124.269
v 235.053 21.8221 -124.27
v 235.053 21.6811 -124.285
v 235.053 21.5509 -124.316
v 235.053 21.4342 -124.361
v 235.053 21.334 -124.419
v 235.053 21.2529 -124.487
v 235.053 21.1939 -124.564
v 235.053 21.1597 -124.648
v 235.053 21.152 -124.749
v 235.053 21.152 -125.417
v 235.053 21.152 -126.751
v 235.053 21.152 -128.51
v 235.053 21.152 -130.454
v 235.053 21.152 -132.344
v 235.053 21.152 -133.94
v 235.053 21.152 -135.001
v 235.053 21.1526 -135.324
v 235.053 21.1765 -135.432
v 235.053 21.2329 -135.532
v 235.053 21.3183 -135.622
v 235.053 21.4291 -135.7
v 235.053 21.562 -135.764
v 235.053 21.7135 -135.812
v 235.053 21.8801 -135.841
v 235.053 22.0422 -135.85
v 235.053 22.0988 -135.85
v 235.053 22.2325 -135.85
v 235.053 22.417 -135.85
v 235.053 22.6264 -135.85
v 235.053 22.8347 -135.85
v 235.053 23.0157 -135.85
v 235.053 23.1434 -135.85
v 235.053 23.1917 -135.85
v 235.053 23.1917 -144.262
v 235.053 23.1917 -46.5254
v 235.053 23.1917 -54.9043
f 8882/4165/1738 8883/4164/1738 8884/4163/1738 8885/4162/1738 8886/4161/1738 8887/4160/1738 8888/4159/1738 8889/4158/1738 8890/4157/1738 8891/4156/1738 8892/4155/1738 8893/4154/1738 8894/4153/1738 8895/4152/1738 8896/4151/1738 8897/4150/1738 8898/4149/1738 8899/4148/1738 8900/4147/1738 8901/4146/1738 8902/4145/1738 8903/4144/1738 8904/4143/1738 8905/4142/1738 8906/4141/1738 8907/4140/1738 8908/4139/1738 8909/4138/1738 8910/4137/1738 8911/4136/1738 8912/4135/1738 8913/4134/1738 8738/4133/1738 8737/4132/1738 8914/4131/1738 8915/4130/1738 8916/4129/1738 8917/4128/1738 8918/4127/1738 8919/4126/1738 8920/4125/1738 8921/4124/1738 8922/4123/1738 8923/4122/1738 8924/4121/1738 8925/4120/1738 8926/4119/1738 8927/4118/1738 8928/4117/1738 8929/4116/1738 8930/4115/1738 8931/4114/1738 8932/4113/1738 8933/4112/1738 8934/4111/1738 8935/4110/1738 8936/4109/1738 8937/4108/1738 8938/4107/1738 8939/4106/1738 8940/4105/1738 8941/4104/1738 8942/4103/1738 8943/4102/1738 8944/4101/1738 8945/4100/1738 8946/4099/1738 8947/4098/1738 8948/4097/1738 8949/4096/1738 8950/4095/1738 8951/4094/1738 8952/4093/1738 8953/4092/1738 8954/4091/1738 8955/4090/1738 8956/4089/1738 8957/4088/1738 8958/4087/1738 8959/4086/1738 8960/4085/1738 8961/4084/1738 8962/4083/1738 8963/4082/1738 8964/4081/1738 8965/4080/1738 8966/4079/1738 8967/4078/1738 8968/4077/1738 8969/4067/1738 8832/4068/1738 8831/4076/1738 8970/4075/1738 8971/4074/1738 

f 8828/4986/1741 8827/4984/1741 8883/4983/1741 8882/4985/1741 

f 8827/4984/1741 8826/4982/1741 8884/4981/1741 8883/4983/1741 

f 8826/4982/1741 8825/4980/1741 8885/4979/1741 8884/4981/1741 

f 8825/4980/1741 8824/4978/1741 8886/4977/1741 8885/4979/1741 

f 8824/4978/1741 8823/4976/1741 8887/4975/1741 8886/4977/1741 

f 8823/4976/1741 8822/4974/1741 8888/4971/1741 8887/4975/1741 

f 8822/4974/1741 8821/4973/1741 8889/4972/1741 8888/4971/1741 

f 8888/4971/1741 8822/4974/1741 8821/4973/1741 8889/4972/1741 

f 8821/4970/1839 8820/4969/1839 8890/4968/1839 8889/4967/1839 

f 8820/4969/1839 8890/4968/1839 8889/4967/1839 8821/4970/1839 

f 8820/4966/1838 8819/4965/1838 8891/4964/1838 8890/4963/1838 

f 8890/4963/1838 8820/4966/1838 8819/4965/1838 8891/4964/1838 

f 8819/4962/1837 8818/4961/1837 8892/4960/1837 8891/4959/1837 

f 8818/4961/1837 8892/4960/1837 8891/4959/1837 8819/4962/1837 

f 8818/4958/1836 8817/4957/1836 8893/4956/1836 8892/4955/1836 

f 8892/4955/1836 8818/4958/1836 8817/4957/1836 8893/4956/1836 

f 8817/4954/1835 8816/4953/1835 8894/4952/1835 8893/4951/1835 

f 8816/4953/1835 8894/4952/1835 8893/4951/1835 8817/4954/1835 

f 8816/4950/1834 8815/4949/1832 8895/4948/1832 8894/4947/1834 

f 8815/4946/1832 8814/4945/1833 8896/4944/1833 8895/4943/1832 

f 8814/4942/1831 8813/4941/1831 8897/4940/1831 8896/4939/1831 

f 8896/4939/1831 8814/4942/1831 8813/4941/1831 8897/4940/1831 

f 8813/4938/1830 8812/4937/1830 8898/4936/1830 8897/4935/1830 

f 8897/4935/1830 8813/4938/1830 8812/4937/1830 8898/4936/1830 

f 8812/4934/1739 8811/4932/1739 8899/4931/1739 8898/4933/1739 

f 8811/4932/1739 8899/4931/1739 8898/4933/1739 8812/4934/1739 

f 8811/4932/1739 8810/4930/1739 8900/4929/1739 8899/4931/1739 

f 8810/4930/1739 8809/4928/1829 8901/4927/1829 8900/4929/1739 

f 8809/4928/1829 8808/4926/1828 8902/4925/1828 8901/4927/1829 

f 8808/4926/1828 8807/4924/1827 8903/4923/1827 8902/4925/1828 

f 8807/4924/1827 8806/4922/1825 8904/4919/1825 8903/4923/1827 

f 8806/4922/1825 8805/4921/1826 8905/4920/1826 8904/4919/1825 

f 8805/4916/1824 8804/4915/1824 8906/4914/1824 8905/4913/1824 

f 8804/4918/1824 8906/4914/1824 8905/4913/1824 8805/4917/1824 

f 8804/4912/1823 8803/4911/1823 8907/4910/1823 8906/4909/1823 

f 8906/4909/1823 8804/4912/1823 8803/4911/1823 8907/4910/1823 

f 8803/4908/1822 8802/4907/1822 8908/4906/1822 8907/4905/1822 

f 8907/4905/1822 8803/4908/1822 8802/4907/1822 8908/4906/1822 

f 8802/4904/1821 8801/4903/1821 8909/4902/1821 8908/4901/1821 

f 8801/4903/1821 8909/4902/1821 8908/4901/1821 8802/4904/1821 

f 8801/4900/1820 8800/4899/1820 8910/4898/1820 8909/4897/1820 

f 8909/4897/1820 8801/4900/1820 8800/4899/1820 8910/4898/1820 

f 8800/4896/1819 8799/4895/1819 8911/4894/1819 8910/4893/1819 

f 8799/4895/1819 8911/4894/1819 8910/4893/1819 8800/4896/1819 

f 8799/4892/1818 8798/4891/1818 8912/4890/1818 8911/4889/1818 

f 8911/4889/1818 8799/4892/1818 8798/4891/1818 8912/4890/1818 

f 8798/4888/1817 8797/4887/1817 8913/4886/1817 8912/4885/1817 

f 8797/4887/1817 8913/4886/1817 8912/4885/1817 8798/4888/1817 

f 8797/3975/1737 8735/3974/1737 8738/3973/1737 8913/3972/1737 

f 8913/3972/1737 8797/3975/1737 8735/3974/1737 8738/3973/1737 

f 8736/3970/1736 8737/3969/1736 8738/3968/1736 8735/3971/1736 

f 8736/3970/1736 8796/4884/1736 8914/4883/1736 8737/3969/1736 

f 8796/4884/1736 8795/4882/1736 8915/4881/1736 8914/4883/1736 

f 8795/4882/1736 8794/4880/1736 8916/4879/1736 8915/4881/1736 

f 8794/4880/1736 8793/4878/1736 8917/4877/1736 8916/4879/1736 

f 8793/4878/1736 8792/4876/1736 8918/4873/1736 8917/4877/1736 

f 8792/4876/1736 8791/4875/1736 8919/4874/1736 8918/4873/1736 

f 8791/4872/1816 8790/4871/1816 8920/4870/1816 8919/4869/1816 

f 8919/4869/1816 8791/4872/1816 8790/4871/1816 8920/4870/1816 

f 8790/4868/1739 8789/4866/1739 8921/4865/1739 8920/4867/1739 

f 8789/4866/1739 8788/4864/1739 8922/4863/1739 8921/4865/1739 

f 8788/4864/1739 8787/4862/1739 8923/4861/1739 8922/4863/1739 

f 8787/4862/1739 8786/4860/1739 8924/4859/1739 8923/4861/1739 

f 8786/4860/1739 8785/4858/1815 8925/4857/1815 8924/4859/1739 

f 8785/4858/1815 8784/4856/1813 8926/4853/1813 8925/4857/1815 

f 8784/4856/1813 8783/4855/1814 8927/4854/1814 8926/4853/1813 

f 8783/4852/1812 8782/4851/1812 8928/4850/1812 8927/4849/1812 

f 8782/4851/1812 8928/4850/1812 8927/4849/1812 8783/4852/1812 

f 8782/4848/1741 8781/4846/1741 8929/4845/1741 8928/4847/1741 

f 8781/4846/1741 8780/4844/1741 8930/4843/1741 8929/4845/1741 

f 8780/4844/1741 8779/4842/1741 8931/4841/1741 8930/4843/1741 

f 8779/4842/1741 8778/4840/1741 8932/4839/1741 8931/4841/1741 

f 8778/4840/1741 8777/4838/1741 8933/4837/1741 8932/4839/1741 

f 8777/4838/1741 8776/4836/1741 8934/4833/1741 8933/4837/1741 

f 8776/4836/1741 8775/4835/1741 8935/4834/1741 8934/4833/1741 

f 8934/4833/1741 8776/4836/1741 8775/4835/1741 8935/4834/1741 

f 8775/4832/1811 8774/4831/1811 8936/4830/1811 8935/4829/1811 

f 8774/4831/1811 8936/4830/1811 8935/4829/1811 8775/4832/1811 

f 8774/4828/1810 8773/4827/1810 8937/4826/1810 8936/4825/1810 

f 8936/4825/1810 8774/4828/1810 8773/4827/1810 8937/4826/1810 

f 8773/4824/1809 8772/4823/1809 8938/4822/1809 8937/4821/1809 

f 8772/4823/1809 8938/4822/1809 8937/4821/1809 8773/4824/1809 

f 8772/4818/1808 8771/4817/1808 8939/4816/1808 8938/4815/1808 

f 8938/4815/1808 8772/4820/1808 8771/4819/1808 8939/4816/1808 

f 8771/4814/1807 8770/4813/1807 8940/4812/1807 8939/4811/1807 

f 8770/4813/1807 8940/4812/1807 8939/4811/1807 8771/4814/1807 

f 8770/4810/1806 8769/4809/1806 8941/4808/1806 8940/4807/1806 

f 8940/4807/1806 8770/4810/1806 8769/4809/1806 8941/4808/1806 

f 8769/4806/1805 8768/4805/1805 8942/4804/1805 8941/4803/1805 

f 8768/4805/1805 8942/4804/1805 8941/4803/1805 8769/4806/1805 

f 8768/4802/1804 8767/4801/1804 8943/4800/1804 8942/4799/1804 

f 8767/4798/1803 8766/4797/1803 8944/4796/1803 8943/4795/1803 

f 8943/4795/1803 8767/4798/1803 8766/4797/1803 8944/4796/1803 

f 8766/4794/1739 8765/4792/1739 8945/4791/1739 8944/4793/1739 

f 8765/4792/1739 8764/4790/1739 8946/4789/1739 8945/4791/1739 

f 8764/4790/1739 8763/4788/1739 8947/4787/1739 8946/4789/1739 

f 8763/4788/1739 8762/4786/1739 8948/4785/1739 8947/4787/1739 

f 8762/4786/1739 8761/4784/1739 8949/4783/1739 8948/4785/1739 

f 8761/4784/1739 8760/4782/1739 8950/4781/1739 8949/4783/1739 

f 8760/4782/1802 8759/4780/1802 8951/4777/1802 8950/4781/1802 

f 8950/4781/1802 8760/4782/1802 8759/4780/1802 8951/4777/1802 

f 8759/4780/1801 8758/4779/1801 8952/4778/1801 8951/4777/1801 

f 8758/4779/1801 8952/4778/1801 8951/4777/1801 8759/4780/1801 

f 8758/4776/1800 8757/4775/1798 8953/4774/1798 8952/4773/1800 

f 8757/4772/1798 8756/4771/1799 8954/4770/1799 8953/4769/1798 

f 8756/4768/1797 8755/4767/1797 8955/4766/1797 8954/4765/1797 

f 8954/4765/1797 8756/4768/1797 8755/4767/1797 8955/4766/1797 

f 8755/4764/1796 8754/4763/1796 8956/4762/1796 8955/4761/1796 

f 8955/4761/1796 8755/4764/1796 8754/4763/1796 8956/4762/1796 

f 8754/4760/1795 8753/4759/1795 8957/4758/1795 8956/4757/1795 

f 8753/4759/1795 8957/4758/1795 8956/4757/1795 8754/4760/1795 

f 8753/4756/1794 8752/4755/1794 8958/4754/1794 8957/4753/1794 

f 8957/4753/1794 8753/4756/1794 8752/4755/1794 8958/4754/1794 

f 8752/4752/1793 8751/4751/1793 8959/4750/1793 8958/4749/1793 

f 8751/4751/1793 8959/4750/1793 8958/4749/1793 8752/4752/1793 

f 8751/4748/1792 8750/4747/1792 8960/4746/1792 8959/4745/1792 

f 8959/4745/1792 8751/4748/1792 8750/4747/1792 8960/4746/1792 

f 8750/4744/1736 8749/4742/1736 8961/4741/1736 8960/4743/1736 

f 8749/4742/1736 8961/4741/1736 8960/4743/1736 8750/4744/1736 

f 8749/4742/1736 8748/4740/1736 8962/4739/1736 8961/4741/1736 

f 8748/4740/1736 8747/4738/1736 8963/4737/1736 8962/4739/1736 

f 8747/4738/1736 8746/4736/1736 8964/4735/1736 8963/4737/1736 

f 8746/4736/1736 8745/4734/1736 8965/4733/1736 8964/4735/1736 

f 8745/4734/1736 8744/4732/1736 8966/4731/1736 8965/4733/1736 

f 8744/4732/1736 8743/4730/1736 8967/4729/1736 8966/4731/1736 

f 8743/4730/1736 8742/4726/1736 8968/4725/1736 8967/4729/1736 

f 8742/4728/1739 8741/2688/1739 8969/2691/1739 8968/4727/1739 

f 8741/4726/1736 8740/4724/1736 8832/4723/1736 8969/4725/1736 

f 8740/4724/1736 8852/4722/1736 8878/4721/1736 8832/4723/1736 

f 8852/4722/1736 8851/4221/1736 8879/4220/1736 8878/4721/1736 

f 8851/4221/1736 8850/4454/1736 8880/4451/1736 8879/4220/1736 

v 233.053 33.5198 -144.262
v 235.053 33.5198 -144.262
f 8850/4454/1736 8972/4453/1736 8973/4452/1736 8880/4451/1736 

v 233.053 33.5864 -54.9043
v 233.053 33.743 -54.9043
v 233.053 33.965 -54.9043
v 233.053 34.2203 -54.9043
v 233.053 34.4771 -54.9043
v 233.053 34.7035 -54.9043
v 233.053 34.8673 -54.9043
v 233.053 34.9368 -54.9043
v 233.053 35.0905 -54.915
v 233.053 35.2312 -54.9494
v 233.053 35.345 -55.0046
v 233.053 35.434 -55.0773
v 233.053 35.5001 -55.1642
v 233.053 35.5455 -55.2621
v 233.053 35.5723 -55.368
v 233.053 35.5825 -55.4784
v 233.053 35.5827 -55.8017
v 233.053 35.5827 -56.8628
v 233.053 35.5827 -58.4582
v 233.053 35.5827 -60.3481
v 233.053 35.5827 -62.2926
v 233.053 35.5827 -64.0516
v 233.053 35.5827 -65.3853
v 233.053 35.5827 -66.0537
v 233.053 35.5806 -66.1528
v 233.053 35.5695 -66.2327
v 233.053 35.5464 -66.3028
v 233.053 35.5086 -66.3625
v 233.053 35.4533 -66.4112
v 233.053 35.3778 -66.4482
v 233.053 35.2795 -66.4728
v 233.053 35.1555 -66.4845
v 233.053 35.0759 -66.4854
v 233.053 34.9362 -66.4854
v 233.053 34.7105 -66.4854
v 233.053 34.4345 -66.4854
v 233.053 34.1439 -66.4854
v 233.053 33.8743 -66.4854
v 233.053 33.6616 -66.4854
v 233.053 33.5415 -66.4854
v 233.053 33.5271 -67.2379
v 233.053 33.5271 -72.0048
v 233.053 33.5271 -80.0446
v 233.053 33.5271 -90.0482
v 233.053 33.5271 -100.706
v 233.053 33.5271 -110.71
v 233.053 33.5271 -118.75
v 233.053 33.5271 -123.517
v 233.053 33.5415 -124.269
v 233.053 33.6616 -124.269
v 233.053 33.8743 -124.269
v 233.053 34.1439 -124.269
v 233.053 34.4345 -124.269
v 233.053 34.7105 -124.269
v 233.053 34.9362 -124.269
v 233.053 35.0759 -124.269
v 233.053 35.1555 -124.27
v 233.053 35.2795 -124.289
v 233.053 35.3778 -124.326
v 233.053 35.4533 -124.379
v 233.053 35.5086 -124.446
v 233.053 35.5464 -124.522
v 233.053 35.5695 -124.606
v 233.053 35.5806 -124.695
v 233.053 35.5827 -124.797
v 233.053 35.5827 -125.465
v 233.053 35.5827 -126.799
v 233.053 35.5827 -128.558
v 233.053 35.5827 -130.502
v 233.053 35.5827 -132.392
v 233.053 35.5827 -133.988
v 233.053 35.5827 -135.049
v 233.053 35.5825 -135.372
v 233.053 35.5723 -135.477
v 233.053 35.5455 -135.571
v 233.053 35.5001 -135.653
v 233.053 35.434 -135.723
v 233.053 35.345 -135.778
v 233.053 35.2312 -135.818
v 233.053 35.0905 -135.843
v 233.053 34.9368 -135.85
v 233.053 34.8673 -135.85
v 233.053 34.7035 -135.85
v 233.053 34.4771 -135.85
v 233.053 34.2203 -135.85
v 233.053 33.965 -135.85
v 233.053 33.743 -135.85
v 233.053 33.5864 -135.85
v 233.053 33.5198 -135.85
v 233.053 33.5198 -46.5254
v 233.053 33.5198 -54.9043
f 8974/4450/1740 8975/4449/1740 8976/4448/1740 8977/4447/1740 8978/4446/1740 8979/4445/1740 8980/4444/1740 8981/4443/1740 8982/4442/1740 8983/4441/1740 8984/4440/1740 8985/4439/1740 8986/4438/1740 8987/4437/1740 8988/4436/1740 8989/4435/1740 8990/4434/1740 8991/4433/1740 8992/4432/1740 8993/4431/1740 8994/4430/1740 8995/4429/1740 8996/4428/1740 8997/4427/1740 8998/4426/1740 8999/4425/1740 9000/4424/1740 9001/4423/1740 9002/4422/1740 9003/4421/1740 9004/4420/1740 9005/4419/1740 9006/4418/1740 9007/4417/1740 9008/4416/1740 9009/4415/1740 9010/4414/1740 9011/4413/1740 9012/4412/1740 9013/4411/1740 9014/4410/1740 9015/4409/1740 9016/4408/1740 9017/4407/1740 9018/4406/1740 9019/4405/1740 9020/4404/1740 9021/4403/1740 9022/4402/1740 9023/4401/1740 9024/4400/1740 9025/4399/1740 9026/4398/1740 9027/4397/1740 9028/4396/1740 9029/4395/1740 9030/4394/1740 9031/4393/1740 9032/4392/1740 9033/4391/1740 9034/4390/1740 9035/4389/1740 9036/4388/1740 9037/4387/1740 9038/4386/1740 9039/4385/1740 9040/4384/1740 9041/4383/1740 9042/4382/1740 9043/4381/1740 9044/4380/1740 9045/4379/1740 9046/4378/1740 9047/4377/1740 9048/4376/1740 9049/4375/1740 9050/4374/1740 9051/4373/1740 9052/4372/1740 9053/4371/1740 9054/4370/1740 9055/4369/1740 9056/4368/1740 9057/4367/1740 9058/4366/1740 9059/4365/1740 9060/4364/1740 9061/4363/1740 9062/4362/1740 8972/4361/1740 8850/4360/1740 8849/4202/1740 9063/4359/1740 9064/4358/1740 

v 235.053 33.5864 -54.9043
v 235.053 33.743 -54.9043
f 8975/4718/1741 8974/4720/1741 9065/4719/1741 9066/4717/1741 

v 235.053 33.5198 -54.9043
f 8974/4720/1741 9064/4262/1741 9067/4261/1741 9065/4719/1741 

v 235.053 33.5198 -46.5254
f 9064/4357/1742 9063/4356/1742 9068/4170/1742 9067/4355/1742 

f 9063/4262/1741 8849/4260/1741 8881/4259/1741 9068/4261/1741 

f 8849/4260/1741 8848/4199/1741 8860/4196/1741 8881/4259/1741 

f 8848/4199/1741 8853/4198/1741 8858/4197/1741 8860/4196/1741 

f 8853/4198/1741 8739/4169/1741 8831/4166/1741 8858/4197/1741 

f 8739/4169/1741 8830/4168/1741 8970/4167/1741 8831/4166/1741 

f 8830/4073/1739 8829/4072/1739 8971/4071/1739 8970/4070/1739 

f 8829/4168/1741 8828/4986/1741 8882/4985/1741 8971/4167/1741 

f 8859/4188/1738 8860/4189/1738 8858/4172/1738 8857/4173/1738 

f 8854/4222/1736 8847/4221/1736 8859/4220/1736 8857/4219/1736 

f 8861/4205/1740 8855/4218/1740 8857/4200/1740 8859/4204/1740 

f 8862/4206/1740 8856/4217/1740 8855/4218/1740 8861/4205/1740 

f 8850/2739/1742 8849/4356/1742 8881/4170/1742 8880/2691/1742 

v 235.053 33.5198 -135.85
v 235.053 33.5864 -135.85
v 235.053 33.743 -135.85
v 235.053 33.965 -135.85
v 235.053 34.2203 -135.85
v 235.053 34.4771 -135.85
v 235.053 34.7035 -135.85
v 235.053 34.8673 -135.85
v 235.053 34.9368 -135.85
v 235.053 35.0905 -135.843
v 235.053 35.2312 -135.818
v 235.053 35.345 -135.778
v 235.053 35.434 -135.723
v 235.053 35.5001 -135.653
v 235.053 35.5455 -135.571
v 235.053 35.5723 -135.477
v 235.053 35.5825 -135.372
v 235.053 35.5827 -135.049
v 235.053 35.5827 -133.988
v 235.053 35.5827 -132.392
v 235.053 35.5827 -130.502
v 235.053 35.5827 -128.558
v 235.053 35.5827 -126.799
v 235.053 35.5827 -125.465
v 235.053 35.5827 -124.797
v 235.053 35.5806 -124.695
v 235.053 35.5695 -124.606
v 235.053 35.5464 -124.522
v 235.053 35.5086 -124.446
v 235.053 35.4533 -124.379
v 235.053 35.3778 -124.326
v 235.053 35.2795 -124.289
v 235.053 35.1555 -124.27
v 235.053 35.0759 -124.269
v 235.053 34.9362 -124.269
v 235.053 34.7105 -124.269
v 235.053 34.4345 -124.269
v 235.053 34.1439 -124.269
v 235.053 33.8743 -124.269
v 235.053 33.6616 -124.269
v 235.053 33.5415 -124.269
v 235.053 33.5271 -123.517
v 235.053 33.5271 -118.75
v 235.053 33.5271 -110.71
v 235.053 33.5271 -100.706
v 235.053 33.5271 -90.0482
v 235.053 33.5271 -80.0446
v 235.053 33.5271 -72.0048
v 235.053 33.5271 -67.2379
v 235.053 33.5415 -66.4854
v 235.053 33.6616 -66.4854
v 235.053 33.8743 -66.4854
v 235.053 34.1439 -66.4854
v 235.053 34.4345 -66.4854
v 235.053 34.7105 -66.4854
v 235.053 34.9362 -66.4854
v 235.053 35.0759 -66.4854
v 235.053 35.1555 -66.4845
v 235.053 35.2795 -66.4728
v 235.053 35.3778 -66.4482
v 235.053 35.4533 -66.4112
v 235.053 35.5086 -66.3625
v 235.053 35.5464 -66.3028
v 235.053 35.5695 -66.2327
v 235.053 35.5806 -66.1528
v 235.053 35.5827 -66.0537
v 235.053 35.5827 -65.3853
v 235.053 35.5827 -64.0516
v 235.053 35.5827 -62.2926
v 235.053 35.5827 -60.3481
v 235.053 35.5827 -58.4582
v 235.053 35.5827 -56.8628
v 235.053 35.5827 -55.8017
v 235.053 35.5825 -55.4784
v 235.053 35.5723 -55.368
v 235.053 35.5455 -55.2621
v 235.053 35.5001 -55.1642
v 235.053 35.434 -55.0773
v 235.053 35.345 -55.0046
v 235.053 35.2312 -54.9494
v 235.053 35.0905 -54.915
v 235.053 34.9368 -54.9043
v 235.053 34.8673 -54.9043
v 235.053 34.7035 -54.9043
v 235.053 34.4771 -54.9043
v 235.053 34.2203 -54.9043
v 235.053 33.965 -54.9043
f 8881/4190/1738 8880/4191/1738 8973/4354/1738 9069/4353/1738 9070/4352/1738 9071/4351/1738 9072/4350/1738 9073/4349/1738 9074/4348/1738 9075/4347/1738 9076/4346/1738 9077/4345/1738 9078/4344/1738 9079/4343/1738 9080/4342/1738 9081/4341/1738 9082/4340/1738 9083/4339/1738 9084/4338/1738 9085/4337/1738 9086/4336/1738 9087/4335/1738 9088/4334/1738 9089/4333/1738 9090/4332/1738 9091/4331/1738 9092/4330/1738 9093/4329/1738 9094/4328/1738 9095/4327/1738 9096/4326/1738 9097/4325/1738 9098/4324/1738 9099/4323/1738 9100/4322/1738 9101/4321/1738 9102/4320/1738 9103/4319/1738 9104/4318/1738 9105/4317/1738 9106/4316/1738 9107/4315/1738 9108/4314/1738 9109/4313/1738 9110/4312/1738 9111/4311/1738 9112/4310/1738 9113/4309/1738 9114/4308/1738 9115/4307/1738 9116/4306/1738 9117/4305/1738 9118/4304/1738 9119/4303/1738 9120/4302/1738 9121/4301/1738 9122/4300/1738 9123/4299/1738 9124/4298/1738 9125/4297/1738 9126/4296/1738 9127/4295/1738 9128/4294/1738 9129/4293/1738 9130/4292/1738 9131/4291/1738 9132/4290/1738 9133/4289/1738 9134/4288/1738 9135/4287/1738 9136/4286/1738 9137/4285/1738 9138/4284/1738 9139/4283/1738 9140/4282/1738 9141/4281/1738 9142/4280/1738 9143/4279/1738 9144/4278/1738 9145/4277/1738 9146/4276/1738 9147/4275/1738 9148/4274/1738 9149/4273/1738 9150/4272/1738 9151/4271/1738 9152/4270/1738 9153/4269/1738 9154/4268/1738 9155/4267/1738 9066/4266/1738 9065/4265/1738 9067/4264/1738 9068/4263/1738 

f 8972/2739/1742 9062/4456/1742 9069/4455/1742 8973/2691/1742 

f 9062/4453/1736 9061/4458/1736 9070/4457/1736 9069/4452/1736 

f 9061/4458/1736 9060/4460/1736 9071/4459/1736 9070/4457/1736 

f 9060/4460/1736 9059/4462/1736 9072/4461/1736 9071/4459/1736 

f 9059/4462/1736 9058/4464/1736 9073/4463/1736 9072/4461/1736 

f 9058/4464/1736 9057/4466/1736 9074/4465/1736 9073/4463/1736 

f 9057/4466/1736 9056/4468/1736 9075/4467/1736 9074/4465/1736 

f 9056/4468/1736 9055/4470/1736 9076/4469/1736 9075/4467/1736 

f 9055/4470/1736 9054/4472/1736 9077/4471/1736 9076/4469/1736 

f 9076/4469/1736 9055/4470/1736 9054/4472/1736 9077/4471/1736 

f 9054/4476/1746 9053/4475/1746 9078/4474/1746 9077/4473/1746 

f 9053/4475/1746 9078/4474/1746 9077/4473/1746 9054/4476/1746 

f 9053/4480/1747 9052/4479/1747 9079/4478/1747 9078/4477/1747 

f 9078/4477/1747 9053/4480/1747 9052/4479/1747 9079/4478/1747 

f 9052/4484/1748 9051/4483/1748 9080/4482/1748 9079/4481/1748 

f 9051/4483/1748 9080/4482/1748 9079/4481/1748 9052/4484/1748 

f 9051/4488/1749 9050/4487/1749 9081/4486/1749 9080/4485/1749 

f 9050/4492/1750 9049/4491/1750 9082/4490/1750 9081/4489/1750 

f 9049/4491/1750 9082/4490/1750 9081/4489/1750 9050/4492/1750 

f 9049/4496/1751 9048/4495/1751 9083/4494/1751 9082/4493/1751 

f 9082/4493/1751 9049/4496/1751 9048/4495/1751 9083/4494/1751 

f 9048/4500/1752 9047/4499/1752 9084/4498/1752 9083/4497/1752 

f 9047/4499/1752 9084/4498/1752 9083/4497/1752 9048/4500/1752 

f 9047/4504/1753 9046/4503/1753 9085/4502/1753 9084/4501/1753 

f 9084/4501/1753 9047/4504/1753 9046/4503/1753 9085/4502/1753 

f 9046/4508/1754 9045/4507/1754 9086/4506/1754 9085/4505/1754 

f 9085/4505/1754 9046/4508/1754 9045/4507/1754 9086/4506/1754 

f 9045/4512/1755 9044/4511/1755 9087/4510/1755 9086/4509/1755 

f 9044/4511/1755 9087/4510/1755 9086/4509/1755 9045/4512/1755 

f 9044/4511/1742 9043/4514/1742 9088/4513/1742 9087/4510/1742 

f 9043/4514/1742 9042/4516/1742 9089/4515/1742 9088/4513/1742 

f 9042/4516/1742 9041/4518/1742 9090/4517/1742 9089/4515/1742 

f 9041/4518/1742 9040/4520/1742 9091/4519/1742 9090/4517/1742 

f 9040/4520/1742 9039/4522/1742 9092/4521/1742 9091/4519/1742 

f 9039/4522/1742 9038/4524/1742 9093/4523/1742 9092/4521/1742 

f 9092/4521/1742 9039/4522/1742 9038/4524/1742 9093/4523/1742 

f 9038/4528/1756 9037/4527/1756 9094/4526/1756 9093/4525/1756 

f 9037/4527/1756 9094/4526/1756 9093/4525/1756 9038/4528/1756 

f 9037/4532/1757 9036/4531/1757 9095/4530/1757 9094/4529/1757 

f 9094/4529/1757 9037/4532/1757 9036/4531/1757 9095/4530/1757 

f 9036/4536/1758 9035/4535/1758 9096/4534/1758 9095/4533/1758 

f 9035/4535/1758 9096/4534/1758 9095/4533/1758 9036/4536/1758 

f 9035/4540/1759 9034/4539/1759 9097/4538/1759 9096/4537/1759 

f 9096/4537/1759 9035/4540/1759 9034/4539/1759 9097/4538/1759 

f 9034/4544/1760 9033/4543/1760 9098/4542/1760 9097/4541/1760 

f 9033/4543/1760 9098/4542/1760 9097/4541/1760 9034/4544/1760 

f 9033/4548/1761 9032/4547/1761 9099/4546/1761 9098/4545/1761 

f 9098/4545/1761 9033/4548/1761 9032/4547/1761 9099/4546/1761 

f 9032/4552/1762 9031/4551/1762 9100/4550/1762 9099/4549/1762 

f 9099/4549/1762 9032/4552/1762 9031/4551/1762 9100/4550/1762 

f 9031/4556/1763 9030/4555/1763 9101/4554/1763 9100/4553/1763 

f 9100/4553/1763 9031/4556/1763 9030/4555/1763 9101/4554/1763 

f 9030/4560/1764 9029/4559/1764 9102/4558/1764 9101/4557/1764 

f 9029/4559/1764 9102/4558/1764 9101/4557/1764 9030/4560/1764 

f 9029/4564/1741 9028/4563/1741 9103/4562/1741 9102/4561/1741 

f 9028/4563/1741 9027/4566/1741 9104/4565/1741 9103/4562/1741 

f 9027/4566/1741 9026/4568/1741 9105/4567/1741 9104/4565/1741 

f 9026/4568/1741 9025/4570/1741 9106/4569/1741 9105/4567/1741 

f 9025/4570/1741 9024/4572/1741 9107/4571/1741 9106/4569/1741 

f 9024/4572/1741 9023/4574/1741 9108/4573/1741 9107/4571/1741 

f 9023/4574/1741 9022/4576/1741 9109/4575/1741 9108/4573/1741 

f 9022/4580/1765 9021/4579/1765 9110/4578/1765 9109/4577/1765 

f 9109/4577/1765 9022/4580/1765 9021/4579/1765 9110/4578/1765 

f 9021/4584/1766 9020/4583/1767 9111/4582/1767 9110/4581/1766 

f 9020/4583/1767 9019/4586/1768 9112/4585/1768 9111/4582/1767 

f 9019/4586/1768 9018/4588/1769 9113/4587/1769 9112/4585/1768 

f 9018/4588/1769 9017/4590/1742 9114/4589/1742 9113/4587/1769 

f 9017/4590/1742 9016/4592/1742 9115/4591/1742 9114/4589/1742 

f 9016/4592/1742 9015/4594/1742 9116/4593/1742 9115/4591/1742 

f 9015/4594/1742 9014/4596/1742 9117/4595/1742 9116/4593/1742 

f 9014/4600/1770 9013/4599/1770 9118/4598/1770 9117/4597/1770 

f 9013/4599/1770 9118/4598/1770 9117/4597/1770 9014/4600/1770 

f 9013/4604/1736 9012/4603/1736 9119/4602/1736 9118/4601/1736 

f 9012/4603/1736 9011/4606/1736 9120/4605/1736 9119/4602/1736 

f 9011/4606/1736 9010/4608/1736 9121/4607/1736 9120/4605/1736 

f 9010/4608/1736 9009/4610/1736 9122/4609/1736 9121/4607/1736 

f 9009/4610/1736 9008/4612/1736 9123/4611/1736 9122/4609/1736 

f 9008/4612/1736 9007/4614/1736 9124/4613/1736 9123/4611/1736 

f 9007/4614/1736 9006/4616/1736 9125/4615/1736 9124/4613/1736 

f 9124/4613/1736 9007/4614/1736 9006/4616/1736 9125/4615/1736 

f 9006/4620/1771 9005/4619/1771 9126/4618/1771 9125/4617/1771 

f 9005/4619/1771 9126/4618/1771 9125/4617/1771 9006/4620/1771 

f 9005/4624/1772 9004/4623/1772 9127/4622/1772 9126/4621/1772 

f 9126/4621/1772 9005/4624/1772 9004/4623/1772 9127/4622/1772 

f 9004/4628/1773 9003/4627/1773 9128/4626/1773 9127/4625/1773 

f 9003/4627/1773 9128/4626/1773 9127/4625/1773 9004/4628/1773 

f 9003/4632/1774 9002/4631/1774 9129/4630/1774 9128/4629/1774 

f 9128/4629/1774 9003/4632/1774 9002/4631/1774 9129/4630/1774 

f 9002/4636/1775 9001/4635/1775 9130/4634/1775 9129/4633/1775 

f 9001/4635/1775 9130/4634/1775 9129/4633/1775 9002/4636/1775 

f 9001/4640/1776 9000/4639/1776 9131/4638/1776 9130/4637/1776 

f 9130/4637/1776 9001/4640/1776 9000/4639/1776 9131/4638/1776 

f 9000/4644/1777 8999/4643/1777 9132/4642/1777 9131/4641/1777 

f 8999/4643/1777 9132/4642/1777 9131/4641/1777 9000/4644/1777 

f 8999/4648/1778 8998/4647/1778 9133/4646/1778 9132/4645/1778 

f 9132/4645/1778 8999/4648/1778 8998/4647/1778 9133/4646/1778 

f 8998/4652/1779 8997/4651/1779 9134/4650/1779 9133/4649/1779 

f 8997/4651/1779 9134/4650/1779 9133/4649/1779 8998/4652/1779 

f 8997/4656/1780 8996/4655/1781 9135/4654/1781 9134/4653/1780 

f 8996/4655/1781 8995/4658/1742 9136/4657/1742 9135/4654/1781 

f 8995/4658/1742 8994/4660/1742 9137/4659/1742 9136/4657/1742 

f 8994/4660/1742 8993/4662/1742 9138/4661/1742 9137/4659/1742 

f 8993/4662/1742 8992/4664/1742 9139/4663/1742 9138/4661/1742 

f 8992/4664/1742 8991/4666/1742 9140/4665/1742 9139/4663/1742 

f 8991/4666/1742 8990/4668/1742 9141/4667/1742 9140/4665/1742 

f 9140/4665/1742 8991/4666/1742 8990/4668/1742 9141/4667/1742 

f 8990/4672/1782 8989/4671/1782 9142/4670/1782 9141/4669/1782 

f 8989/4671/1782 9142/4670/1782 9141/4669/1782 8990/4672/1782 

f 8989/4676/1783 8988/4675/1783 9143/4674/1783 9142/4673/1783 

f 9142/4673/1783 8989/4676/1783 8988/4675/1783 9143/4674/1783 

f 8988/4680/1784 8987/4679/1784 9144/4678/1784 9143/4677/1784 

f 8987/4679/1784 9144/4678/1784 9143/4677/1784 8988/4680/1784 

f 8987/4684/1785 8986/4683/1785 9145/4682/1785 9144/4681/1785 

f 9144/4681/1785 8987/4684/1785 8986/4683/1785 9145/4682/1785 

f 8986/4688/1786 8985/4687/1786 9146/4686/1786 9145/4685/1786 

f 8985/4687/1786 9146/4686/1786 9145/4685/1786 8986/4688/1786 

f 8985/4692/1787 8984/4691/1788 9147/4690/1788 9146/4689/1787 

f 8984/4696/1788 8983/4695/1789 9148/4694/1789 9147/4693/1788 

f 8983/4700/1790 8982/4699/1790 9149/4698/1790 9148/4697/1790 

f 9148/4697/1790 8983/4700/1790 8982/4699/1790 9149/4698/1790 

f 8982/4704/1791 8981/4703/1791 9150/4702/1791 9149/4701/1791 

f 9149/4701/1791 8982/4704/1791 8981/4703/1791 9150/4702/1791 

f 8981/4708/1741 8980/4707/1741 9151/4706/1741 9150/4705/1741 

f 8980/4707/1741 9151/4706/1741 9150/4705/1741 8981/4708/1741 

f 8980/4707/1741 8979/4710/1741 9152/4709/1741 9151/4706/1741 

f 8979/4710/1741 8978/4712/1741 9153/4711/1741 9152/4709/1741 

f 8978/4712/1741 8977/4714/1741 9154/4713/1741 9153/4711/1741 

f 8977/4714/1741 8976/4716/1741 9155/4715/1741 9154/4713/1741 

f 8976/4716/1741 8975/4718/1741 9066/4717/1741 9155/4715/1741 

v 235.053 28.4424 -142.395
f 8866/4210/1740 9156/4246/1740 8869/4213/1740 8870/4214/1740 8876/4237/1740 8865/4209/1740 

f 8869/4213/1740 9156/4246/1740 8866/4210/1740 8867/4211/1740 8868/4212/1740 

f 8871/4215/1740 8872/4216/1740 8874/4229/1740 8877/4235/1740 

