# Alias OBJ Model File
# Exported from SketchUp, (c) 2000-2012 Trimble Navigation Limited
# File units = millimeters

mtllib 8.mtl

g Mesh1 ___178_1 ___387_1 Model

usemtl _1
v 90.42 15.2134 -121.594
vt -0.155627 -0.0369354
vn -1 -1.40063e-09 -5.71438e-11
v 90.42 24.3744 -100.323
vt 0.269593 0.0546746
v 90.42 26.2113 -101.114
vt 0.253779 0.0730435
v 90.42 17.0503 -122.385
vt -0.171441 -0.0185665
f 1/1/1 2/2/1 3/3/1 4/4/1 

vt 1.1427e-10 -0.0861127
vn 1.20016e-09 -0.918446 0.395546
v 175.21 15.2134 -121.594
vt 1.69496 -0.0861127
v 172.455 16.4 -118.839
vt 1.63988 -0.0561127
v 153.939 24.3744 -100.323
vt 1.26974 0.145492
vt -1.46448e-09 0.145492
f 1/5/2 5/6/2 6/7/2 7/8/2 2/9/2 

vt 5.31178e-10 0.0168709
vn 6.21864e-10 -0.395545 -0.918446
v 175.21 17.0503 -122.385
vt -1.69496 0.0168709
vt -1.69496 -0.00312912
vt 4.63303e-10 -0.00312912
f 4/10/3 8/11/3 5/12/3 1/13/3 

v 153.939 26.2113 -101.114
vt -1.26974 0.145492
vn -1.03377e-09 0.918446 -0.395545
v 172.455 18.2369 -119.63
vt -1.63988 -0.0561127
vt -1.69496 -0.0861127
vt -3.29671e-11 -0.0861127
vt 1.35363e-09 0.145492
f 9/14/4 10/15/4 8/16/4 4/17/4 3/18/4 

vt 0.612633 -0.100491
vn 0.736501 0.267561 0.621271
vt 1.13422 -0.183252
vt 1.1463 -0.164188
vt 0.62472 -0.081427
f 7/19/5 6/20/5 10/21/5 9/22/5 

vt 1.21183 -0.195567
vt 1.22392 -0.176504
f 6/20/5 5/23/5 8/24/5 10/21/5 

vt -6.46482e-10 -0.00312912
vn -8.32744e-17 0.395545 0.918446
vt 1.26974 -0.00312912
vt 1.26974 0.0168709
vt -6.90367e-10 0.0168709
f 2/25/6 7/26/6 9/27/6 3/28/6 

g Mesh2 ___178_2 ___387_1 Model

v 90.42 17.0503 -122.385
vn 1 -1.40063e-09 -5.71438e-11
v 90.42 26.2113 -101.114
v 90.42 24.3744 -100.323
v 90.42 15.2134 -121.594
f 11/4/7 12/3/7 13/2/7 14/1/7 

vn 1.03377e-09 0.918446 -0.395545
v 5.62965 17.0503 -122.385
v 8.38499 18.2369 -119.63
v 26.9013 26.2113 -101.114
f 12/18/8 11/17/8 15/16/8 16/15/8 17/14/8 

vn -6.21864e-10 -0.395545 -0.918446
v 5.62965 15.2134 -121.594
f 14/13/9 18/12/9 15/11/9 11/10/9 

vn -1.20016e-09 -0.918446 0.395546
v 26.9013 24.3744 -100.323
v 8.38499 16.4 -118.839
f 13/9/10 19/8/10 20/7/10 18/6/10 14/5/10 

vn 8.32744e-17 0.395545 0.918446
f 12/28/11 17/27/11 19/26/11 13/25/11 

vn -0.736501 0.267561 0.621271
f 17/22/12 16/21/12 20/20/12 19/19/12 

f 16/21/12 15/24/12 18/23/12 20/20/12 

g Mesh3 ___137_1 ___151_1 ___436_1 ___532_1 Model

v 17.8388 11.2844 -106.526
vt 0.050079 1.33619e-14
vn -0.706572 -0.0357612 -0.706737
v 17.8253 11.8075 -106.539
vt 0.0605424 9.75233e-15
v 19.2397 11.8089 -107.953
vt 0.0605424 0.02
v 19.2532 11.2858 -107.94
vt 0.050079 0.02
f 21/29/13 22/30/13 23/31/13 24/32/13 

v 20.8181 13.8947 -103.544
vt -0.129069 0.0473987
vn -0.707156 -0.000667116 0.707057
v 19.4039 13.8932 -104.958
vt -0.169051 0.0473987
v 19.406 11.8932 -104.958
vt -0.169051 0.0273987
v 20.0429 11.8938 -104.321
vt -0.151044 0.0273987
v 20.1637 11.7707 -104.201
vt -0.14763 0.0261665
v 20.4389 11.771 -103.925
vt -0.139851 0.0261665
v 20.1381 11.6343 -104.226
vt -0.14836 0.024802
v 19.9497 11.3907 -104.415
vt -0.153691 0.0223683
v 19.4049 11.455 -104.96
vt -0.169093 0.0230171
v 19.1546 11.5743 -105.21
vt -0.176168 0.0242125
v 19.0453 11.7007 -105.319
vt -0.179252 0.0254781
v 19.0349 11.8928 -105.33
vt -0.179543 0.0273987
v 17.8253 11.8915 -106.539
vt -0.213742 0.0273987
vt -0.213742 0.0265586
vt -0.213376 0.0213275
v 17.9008 10.9357 -106.465
vt -0.211634 0.0178404
v 18.1079 10.5944 -106.258
vt -0.205788 0.0144242
v 18.6509 10.2054 -105.715
vt -0.190447 0.0105287
v 19.0924 10.1046 -105.274
vt -0.177967 0.00951628
v 19.951 10.1055 -104.415
vt -0.153691 0.00951628
v 20.0615 9.13091 -104.305
vt -0.150595 -0.000230763
v 17.8284 8.64445 -106.539
vt -0.213747 -0.0050718
v 17.8576 8.37749 -106.51
vt -0.212929 -0.00774172
v 16.4147 8.36972 -107.954
vt -0.253722 -0.00780426
v 16.4138 9.2265 -107.954
vt -0.253723 0.000763577
v 14.889 9.22435 -109.479
vt -0.296834 0.000758184
v 14.8351 8.60421 -109.533
vt -0.298373 -0.00544263
v 14.8144 8.36509 -109.554
vt -0.298966 -0.0078336
v 14.7876 8.13304 -109.581
vt -0.299728 -0.0101539
v 14.7549 7.90804 -109.614
vt -0.300659 -0.0124035
v 14.7163 7.6901 -109.653
vt -0.301758 -0.0145825
v 14.6716 7.47923 -109.698
vt -0.303026 -0.0166908
v 14.621 7.27541 -109.748
vt -0.304463 -0.0187284
v 14.5644 7.07866 -109.805
vt -0.306068 -0.0206953
v 14.5382 6.9993 -109.831
vt -0.30681 -0.0214886
v 14.5018 6.88897 -109.868
vt -0.307842 -0.0225916
v 14.4333 6.70634 -109.937
vt -0.309784 -0.0244171
v 14.3588 6.53077 -110.011
vt -0.311895 -0.026172
v 14.2783 6.36226 -110.092
vt -0.314175 -0.0278563
v 14.1919 6.20081 -110.178
vt -0.316623 -0.0294699
v 14.0995 6.04643 -110.271
vt -0.31924 -0.0310127
v 14.0011 5.8991 -110.37
vt -0.322025 -0.032485
v 13.8968 5.75883 -110.474
vt -0.324979 -0.0338865
v 13.7864 5.62563 -110.584
vt -0.328102 -0.0352174
v 13.6701 5.49949 -110.701
vt -0.331393 -0.0364776
v 13.5479 5.38041 -110.823
vt -0.334853 -0.0376671
v 13.4196 5.26839 -110.952
vt -0.338481 -0.038786
v 13.2854 5.16343 -111.086
vt -0.342278 -0.0398341
v 13.4718 4.32782 -110.9
vt -0.337031 -0.0481921
v 16.4924 5.36395 -107.879
vt -0.251608 -0.0378628
v 17.1581 5.15007 -107.213
vt -0.232796 -0.0400086
v 18.3507 5.15133 -106.02
vt -0.199079 -0.0400086
v 18.3977 4.7209 -105.974
vt -0.197762 -0.0443133
v 20.4939 5.17752 -103.877
vt -0.138484 -0.0397692
v 20.3858 6.16587 -103.984
vt -0.141512 -0.0298846
v 20.8258 6.16633 -103.544
vt -0.129071 -0.0298846
v 20.8223 9.66402 -103.544
vt -0.129071 0.00509226
v 22.2364 9.66551 -102.13
vt -0.0890911 0.00509226
v 22.2399 6.15629 -102.129
vt -0.0890911 -0.03
v 24.9082 6.1591 -99.4607
vt -0.0136518 -0.03
v 24.9026 11.7006 -99.4609
vt -0.0136518 0.0254146
v 24.9024 11.899 -99.4609
vt -0.0136518 0.0273987
v 20.8201 11.8947 -103.544
vt -0.129069 0.0273987
f 25/33/14 26/34/14 27/35/14 28/36/14 29/37/14 30/38/14 31/39/14 32/40/14 33/41/14 34/42/14 35/43/14 36/44/14 37/45/14 22/46/14 21/47/14 38/48/14 39/49/14 40/50/14 41/51/14 42/52/14 43/53/14 44/54/14 45/55/14 46/56/14 47/57/14 48/58/14 49/59/14 50/60/14 51/61/14 52/62/14 53/63/14 54/64/14 55/65/14 56/66/14 57/67/14 58/68/14 59/69/14 60/70/14 61/71/14 62/72/14 63/73/14 64/74/14 65/75/14 66/76/14 67/77/14 68/78/14 69/79/14 70/80/14 71/81/14 72/82/14 73/83/14 74/84/14 75/85/14 76/86/14 77/87/14 78/88/14 79/89/14 80/90/14 81/91/14 82/92/14 83/93/14 84/94/14 85/95/14 

v 22.2325 13.896 -104.958
vt -0.129069 0.02
vn -0.0010105 0.999999 -4.43145e-05
v 20.8183 13.8945 -106.373
vt -0.169051 0.02
vt -0.169051 -2.70191e-14
vt -0.129069 -1.25809e-14
f 86/96/15 87/97/15 26/98/15 25/99/15 

v 21.5781 11.7721 -105.615
vt 0.14763 0.0261669
vn 0.707157 0.000662263 -0.707056
v 21.4572 11.8952 -105.735
vt 0.151043 0.0273992
v 20.8203 11.8945 -106.372
vt 0.16905 0.0273992
vt 0.16905 0.0473992
vt 0.129068 0.0473992
v 22.2345 11.896 -104.958
vt 0.129068 0.0273992
v 26.3167 11.9003 -100.875
vt 0.013651 0.0273992
v 26.3169 11.7019 -100.875
vt 0.013651 0.025415
v 26.3225 6.16047 -100.875
vt 0.013651 -0.0299996
v 23.6543 6.15765 -103.544
vt 0.0890902 -0.0299996
v 23.6507 9.66688 -103.544
vt 0.0890902 0.00509268
v 22.2367 9.66539 -104.958
vt 0.12907 0.00509268
v 22.2402 6.1677 -104.958
vt 0.12907 -0.0298842
v 21.8002 6.16723 -105.398
vt 0.141511 -0.0298842
v 21.9082 5.17889 -105.291
vt 0.138483 -0.0397688
v 19.8121 4.72227 -107.388
vt 0.197761 -0.0443129
v 19.7649 5.15255 -107.434
vt 0.199079 -0.0400095
v 18.5723 5.15129 -108.627
vt 0.232796 -0.0400095
v 17.9067 5.36524 -109.293
vt 0.251609 -0.0378631
v 14.8861 4.32911 -112.314
vt 0.337032 -0.0481925
v 14.6997 5.16472 -112.5
vt 0.342279 -0.0398345
v 14.8339 5.26968 -112.366
vt 0.338482 -0.0387863
v 14.9622 5.3817 -112.237
vt 0.334853 -0.0376674
v 15.0844 5.50078 -112.115
vt 0.331393 -0.0364779
v 15.2007 5.62692 -111.999
vt 0.328102 -0.0352177
v 15.3111 5.76013 -111.888
vt 0.32498 -0.0338868
v 15.4154 5.90039 -111.784
vt 0.322026 -0.0324853
v 15.5138 6.04772 -111.685
vt 0.31924 -0.0310131
v 15.6062 6.2021 -111.593
vt 0.316623 -0.0294702
v 15.6926 6.36355 -111.506
vt 0.314175 -0.0278566
v 15.7731 6.53206 -111.425
vt 0.311896 -0.0261724
v 15.8476 6.70763 -111.351
vt 0.309785 -0.0244175
v 15.9161 6.89026 -111.282
vt 0.307842 -0.0225919
v 15.9525 7.00059 -111.246
vt 0.306811 -0.021489
v 15.9787 7.07995 -111.219
vt 0.306069 -0.0206956
v 16.0353 7.27671 -111.163
vt 0.304463 -0.0187287
v 16.0859 7.48052 -111.112
vt 0.303027 -0.0166911
v 16.1306 7.69139 -111.067
vt 0.301759 -0.0145828
v 16.1692 7.90933 -111.028
vt 0.30066 -0.0124039
v 16.2019 8.13433 -110.995
vt 0.299729 -0.0101542
v 16.2287 8.36639 -110.968
vt 0.298967 -0.00783394
v 16.2494 8.6055 -110.947
vt 0.298373 -0.00544296
v 16.3033 9.22564 -110.893
vt 0.296834 0.00075785
v 17.8282 9.22725 -109.368
vt 0.253721 0.00075785
v 17.8291 8.37108 -109.368
vt 0.253721 -0.00780384
v 19.2719 8.37886 -107.925
vt 0.212929 -0.0077413
v 19.2427 8.64582 -107.953
vt 0.213746 -0.00507138
v 21.4759 9.13228 -105.719
vt 0.150595 -0.000230343
v 21.3654 10.1069 -105.829
vt 0.153691 0.0095167
v 20.5068 10.106 -106.688
vt 0.177966 0.0095167
v 20.0652 10.2067 -107.129
vt 0.190446 0.0105291
v 19.5222 10.5957 -107.672
vt 0.205787 0.0144246
v 19.3151 10.9371 -107.879
vt 0.211633 0.0178408
vt 0.213375 0.0213279
vt 0.213741 0.026559
v 19.2396 11.8929 -107.953
vt 0.213741 0.0273992
v 20.4492 11.8941 -106.744
vt 0.179542 0.0273992
v 20.4597 11.7021 -106.733
vt 0.179251 0.0254786
v 20.5689 11.5756 -106.624
vt 0.176167 0.0242129
v 20.8193 11.4564 -106.374
vt 0.169092 0.0230176
v 21.3641 11.3921 -105.829
vt 0.153691 0.0223687
v 21.5524 11.6356 -105.64
vt 0.148359 0.0248024
v 21.8532 11.7724 -105.339
vt 0.139851 0.0261669
f 88/100/16 89/101/16 90/102/16 87/103/16 86/104/16 91/105/16 92/106/16 93/107/16 94/108/16 95/109/16 96/110/16 97/111/16 98/112/16 99/113/16 100/114/16 101/115/16 102/116/16 103/117/16 104/118/16 105/119/16 106/120/16 107/121/16 108/122/16 109/123/16 110/124/16 111/125/16 112/126/16 113/127/16 114/128/16 115/129/16 116/130/16 117/131/16 118/132/16 119/133/16 120/134/16 121/135/16 122/136/16 123/137/16 124/138/16 125/139/16 126/140/16 127/141/16 128/142/16 129/143/16 130/144/16 131/145/16 132/146/16 133/147/16 134/148/16 135/149/16 136/150/16 137/151/16 138/152/16 24/153/16 23/154/16 139/155/16 140/156/16 141/157/16 142/158/16 143/159/16 144/160/16 145/161/16 146/162/16 

vt 0.150322 -1.30363e-14
vn -0.412944 -0.811322 -0.413804
vt 0.154531 -1.30363e-14
vt 0.154531 0.02
vt 0.150322 0.02
f 29/163/17 28/164/17 89/165/17 88/166/17 

vt 0.169051 0.02
vn 0.0010105 -0.999999 4.43145e-05
vt 0.151044 0.02
vt 0.151044 -2.33065e-14
vt 0.169051 -3.05256e-14
f 90/167/18 89/168/18 28/169/18 27/170/18 

vt 0.169051 0.0273987
vn 0.707172 0.000683265 -0.707042
vt 0.151044 0.0273987
vt 0.14763 0.0261665
vt 0.139851 0.0261665
vt 0.14836 0.024802
vt 0.153691 0.0223683
vt 0.169093 0.0230171
vt 0.176168 0.0242125
vt 0.179252 0.0254781
vt 0.179543 0.0273987
f 90/171/19 89/172/19 88/173/19 146/174/19 145/175/19 144/176/19 143/177/19 142/178/19 141/179/19 140/180/19 

vt 0.139851 -2.11853e-14
vt 0.14763 -2.11853e-14
vt 0.14763 0.02
vt 0.139851 0.02
f 30/181/18 29/182/18 88/183/18 146/184/18 

vt -0.126142 -1.57204e-14
vn -0.21681 0.952033 -0.21593
vt -0.117207 -1.57204e-14
vt -0.117207 0.02
vt -0.126142 0.02
f 31/185/20 30/186/20 146/187/20 145/188/20 

vt -0.083394 -3.231e-15
vn -0.477312 0.738202 -0.476687
vt -0.0761765 -3.231e-15
vt -0.0761765 0.02
vt -0.083394 0.02
f 32/189/21 31/190/21 145/191/21 144/192/21 

vt -0.172357 -1.75761e-14
vn 0.0583249 0.996535 0.0592987
vt -0.156902 -1.75761e-14
vt -0.156902 0.02
vt -0.172357 0.02
f 33/193/22 32/194/22 144/195/22 143/196/22 

vt -0.182393 -1.80739e-14
vn 0.225268 0.947669 0.226225
vt -0.174925 -1.80739e-14
vt -0.174925 0.02
vt -0.182393 0.02
f 34/197/23 33/198/23 143/199/23 142/200/23 

vt -0.170889 -1.40728e-14
vn 0.44765 0.773612 0.44848
vt -0.1669 -1.40728e-14
vt -0.1669 0.02
vt -0.170889 0.02
f 35/201/24 34/202/24 142/203/24 141/204/24 

vt -0.0681766 0.02
vn 0.704945 0.0762855 0.705148
vt -0.0681766 7.88406e-16
vt -0.0643263 4.39796e-15
vt -0.0643263 0.02
f 140/205/25 36/206/25 35/207/25 141/208/25 

vt -0.179543 0.02
vt -0.213742 0.02
vt -0.213742 -1.13442e-14
vt -0.179543 -1.13442e-14
f 140/209/15 139/210/15 37/211/15 36/212/15 

vt 0.0530906 1.00807e-14
vn -0.707041 -0.000745804 -0.707172
vt 0.0547701 1.00807e-14
vt 0.0547701 0.02
vt 0.0530906 0.02
f 22/213/26 37/214/26 139/215/26 23/216/26 

vt 0.0547701 -2.47415e-14
vt 0.0947501 -1.75223e-14
vt 0.0947501 0.02
f 90/215/26 27/217/26 26/218/26 87/219/26 

vt -0.0547701 1.07571e-14
vn 0.707041 0.000745804 0.707172
vt -0.0547701 0.02
vt -0.0947501 0.02
vt -0.0947501 1.07571e-14
f 85/220/27 91/221/27 86/222/27 25/223/27 

vt -0.0136518 0.02
vt -0.129069 -8.74911e-15
vt -0.0136518 -1.53e-15
f 92/224/15 91/96/15 85/225/15 84/226/15 

vt -0.0547701 4.25008e-15
vt -0.0508038 7.85963e-15
vt -0.0508038 0.02
f 92/221/27 84/227/27 83/228/27 93/229/27 

vt -0.0508038 7.94084e-15
vt 0.05997 7.94084e-15
vt 0.05997 0.02
f 93/229/27 83/230/27 82/231/27 94/232/27 

vt 0.0136518 7.43229e-15
vt 0.0890911 -3.39638e-15
vt 0.0890911 0.02
vt 0.0136518 0.02
f 82/233/18 81/234/18 95/235/18 94/236/18 

vt 0.0101794 0.02
vt -0.05997 0.02
vt -0.05997 -3.4241e-15
vt 0.0101794 -3.4241e-15
f 96/237/26 95/238/26 81/239/26 80/240/26 

vt 0.129071 0.02
vt 0.0890911 -3.64574e-15
vt 0.129071 -1.8084e-14
f 97/241/18 96/235/18 80/242/18 79/243/18 

vt 0.0597394 0.02
vt -0.0101794 0.02
vt -0.0101794 -1.77791e-14
vt 0.0597394 -1.77791e-14
f 98/244/27 97/245/27 79/246/27 78/247/27 

vt 0.208898 0.02
vn 0.108094 -0.988348 0.107159
vt 0.148928 0.02
vt 0.148928 -1.35989e-14
vt 0.208898 -1.72084e-14
f 101/248/28 100/249/28 76/250/28 75/251/28 

vt -0.0576225 1.87054e-06
vn -0.698752 -0.152126 -0.699002
vt -0.048917 2.31346e-06
vt -0.0489196 0.0200011
vt -0.0576225 0.0200019
f 75/252/29 74/253/29 102/254/29 101/255/29 

vt 0.232797 0.0200013
vn 0.000960483 -1 9.43269e-05
vt 0.19908 0.0200021
vt 0.199079 3.2728e-06
vt 0.232796 2.50397e-06
f 103/256/30 102/257/30 74/258/30 73/259/30 

vt 0.228484 0.0200019
vn -0.156254 -0.975137 -0.157141
vt 0.209188 0.0200023
vt 0.209188 3.51089e-06
vt 0.228483 1.91471e-06
f 104/260/31 103/261/31 73/262/31 72/263/31 

vt 0.350233 0.0199951
vn 0.167083 -0.971831 0.166216
vt 0.26235 0.0199983
vt 0.262348 -1.70976e-06
vt 0.350231 -4.90707e-06
f 105/264/32 104/265/32 72/266/32 71/267/32 

vt 0.0265816 0.0200025
vn -0.674285 -0.30033 -0.674642
vt 0.00906944 0.020002
vt 0.00907051 2.03716e-06
vt 0.0265827 2.49082e-06
f 106/268/33 105/269/33 71/270/33 70/271/33 

vt -0.333815 0.0199947
vn -0.357268 0.863279 -0.356523
vt -0.338152 0.0199945
vn -0.342476 0.875179 -0.341719
vt -0.33815 -5.52944e-06
vt -0.333814 -5.34474e-06
f 107/272/34 106/273/35 70/274/35 69/275/34 

vt -0.324562 0.0199948
vn -0.386693 0.837551 -0.385975
vt -0.328825 0.0199946
vt -0.328823 -5.36587e-06
vt -0.32456 -5.1809e-06
f 108/276/36 107/277/34 69/278/34 68/279/36 

vt -0.314413 0.019995
vn -0.416051 0.808934 -0.415364
vt -0.318612 0.0199948
vt -0.31861 -5.16007e-06
vt -0.314412 -4.97483e-06
f 109/280/37 108/281/36 68/282/36 67/283/37 

vt -0.303333 0.0199953
vn -0.445069 0.777438 -0.444413
vt -0.307477 0.0199951
vt -0.307475 -4.90925e-06
vt -0.303331 -4.72374e-06
f 110/284/38 109/285/37 67/286/37 66/287/38 

vt -0.291305 0.0199956
vn -0.473457 0.743145 -0.472836
vt -0.295407 0.0199954
vt -0.295405 -4.61182e-06
vt -0.291303 -4.42603e-06
f 111/288/39 110/289/38 66/290/38 65/291/39 

vt -0.278339 0.0199959
vn -0.500925 0.706211 -0.500341
vt -0.282411 0.0199957
vt -0.282409 -4.26767e-06
vt -0.278337 -4.08161e-06
f 112/292/40 111/293/39 65/294/39 64/295/40 

vt -0.264472 0.0199963
vn -0.527191 0.666868 -0.526647
vt -0.268524 0.0199961
vt -0.268522 -3.87834e-06
vt -0.26447 -3.69201e-06
f 113/296/41 112/297/40 64/298/40 63/299/41 

vt -0.249764 0.0199967
vn -0.552 0.625419 -0.551496
vt -0.253809 0.0199966
vt -0.253807 -3.44702e-06
vt -0.249762 -3.26041e-06
f 114/300/42 113/301/41 63/302/41 62/303/42 

vt -0.234302 0.0199972
vn -0.575128 0.582225 -0.574667
vt -0.238351 0.019997
vt -0.238349 -2.97846e-06
vt -0.2343 -2.79159e-06
f 115/304/43 114/305/42 62/306/42 61/307/43 

vt -0.218189 0.0199977
vn -0.596401 0.537689 -0.595983
vt -0.222255 0.0199975
vt -0.222253 -2.47874e-06
vt -0.218187 -2.2916e-06
f 116/308/44 115/309/43 61/310/43 60/311/44 

vt -0.201548 0.0199982
vn -0.615694 0.492242 -0.61532
vt -0.205642 0.019998
vt -0.20564 -1.95487e-06
vt -0.201546 -1.76746e-06
f 117/312/45 116/313/44 60/314/44 59/315/45 

vt -0.184505 0.0199988
vn -0.632937 0.446317 -0.632607
vt -0.188639 0.0199986
vt -0.188637 -1.41438e-06
vt -0.184503 -1.2267e-06
f 118/316/46 117/317/45 59/318/45 58/319/46 

vt -0.168944 0.0199992
vn -0.640834 0.423152 -0.640526
vt -0.171378 0.0199991
vt -0.171376 -8.6486e-07
vt -0.168942 -7.55533e-07
f 119/320/47 118/321/46 58/322/46 57/323/47 

vt -0.167193 0.0199993
vn -0.648114 0.400335 -0.647827
vt -0.167191 -6.76901e-07
f 120/324/48 119/320/47 57/323/47 56/325/48 

vt -0.149737 0.0199999
vn -0.661255 0.354689 -0.661012
vt -0.153984 0.0199997
vt -0.153982 -3.1354e-07
vt -0.149735 -1.25309e-07
f 121/326/49 120/327/48 56/328/48 55/329/49 

vt -0.132255 0.0200004
vn -0.672435 0.309729 -0.672234
vt -0.136574 0.0200002
vt -0.136573 2.33025e-07
vt -0.132253 4.21527e-07
f 122/330/50 121/331/49 55/332/49 54/333/50 

vt -0.114853 0.020001
vn -0.681759 0.265756 -0.6816
vt -0.119254 0.0200008
vt -0.119252 7.69206e-07
vt -0.114851 9.5798e-07
f 123/334/51 122/335/50 54/336/50 53/337/51 

vt -0.0976182 0.0200015
vn -0.689358 0.223018 -0.689238
vt -0.102111 0.0200013
vt -0.102109 1.29042e-06
vt -0.0976165 1.47947e-06
f 124/338/52 123/339/51 53/340/51 52/341/52 

vt -0.0806244 0.020002
vn -0.695376 0.18171 -0.695294
vt -0.0852168 0.0200018
vt -0.085215 1.79318e-06
vt -0.0806227 1.9825e-06
f 125/342/53 124/343/52 52/344/52 51/345/53 

vt -0.0639274 0.0200025
vn -0.699966 0.141974 -0.699922
vt -0.0686279 0.0200023
vt -0.0686262 2.27502e-06
vt -0.0639257 2.46461e-06
f 126/346/54 125/347/53 51/348/53 50/349/54 

vt -0.0475674 0.0200029
vn -0.701795 0.122491 -0.701769
vt -0.0523837 0.0200027
vt -0.052382 2.73441e-06
vt -0.0475658 2.92428e-06
f 127/350/55 126/351/54 50/352/54 49/353/55 

vt -0.0350768 0.0200034
vt -0.0350751 3.41667e-06
f 128/354/55 127/350/55 49/353/55 48/355/55 

vt 0.0155925 -1.75797e-06
vn 0.707032 0.000778158 0.707182
vt 0.0155925 0.0199982
vt -0.00152231 0.0199978
vt -0.0015346 -2.78167e-06
f 46/356/56 130/357/56 129/358/56 47/359/56 

vt -0.212976 0.02
vn -0.00317729 0.999993 -0.00221151
vt -0.253769 0.02
vt -0.253769 -3.23146e-14
vt -0.212976 -1.78764e-14
f 131/360/57 130/361/57 46/362/57 45/363/57 

vt 0.0223547 1.28214e-14
vn -0.69873 -0.152207 -0.699006
vt 0.0223547 0.02
vt 0.0169553 0.02
vt 0.0169553 1.28214e-14
f 44/364/58 132/365/58 131/366/58 45/367/58 

vt -0.148928 0.02
vn -0.108094 0.988348 -0.107159
vt -0.212817 0.02
vt -0.212817 -1.74355e-14
vt -0.148928 -1.74355e-14
f 133/368/59 132/369/59 44/370/59 43/371/59 

vt 0.213747 -0.0050718
vt 0.213376 0.0213275
vt 0.211634 0.0178404
vt 0.205788 0.0144242
vt 0.190447 0.0105287
vt 0.177967 0.00951628
vt 0.153691 0.00951628
vt 0.150595 -0.000230763
f 132/372/19 24/373/19 138/374/19 137/375/19 136/376/19 135/377/19 134/378/19 133/379/19 

vt 0.0411297 0.02
vn -0.707031 0.00629735 -0.707155
vt -0.0116437 0.02
vt -0.0116437 1.37685e-14
vt 0.0411297 1.37685e-14
f 24/380/60 132/381/60 44/382/60 21/383/60 

vn -0.707172 -0.000683265 0.707042
f 21/47/61 44/54/61 43/53/61 42/52/61 41/51/61 40/50/61 39/49/61 38/48/61 

vt -0.0231771 0.02
vn 0.698123 0.157665 0.698403
vt -0.0429059 0.02
vt -0.0429059 2.26223e-16
vt -0.0231771 3.83578e-15
f 133/384/62 134/385/62 42/386/62 43/387/62 

vt -0.153691 0.02
vt -0.177967 0.02
vt -0.177967 -2.12956e-14
vt -0.153691 -2.12956e-14
f 134/388/15 135/389/15 41/390/15 42/391/15 

vt -0.178717 0.02
vn 0.112177 0.987225 0.113152
vt -0.19136 0.02
vt -0.19136 -1.82509e-14
vt -0.178717 -2.18605e-14
f 135/392/63 136/393/63 40/394/63 41/395/63 

vt -0.179348 0.02
vn 0.319125 0.892037 0.320045
vt -0.196552 0.02
vt -0.196552 -1.58402e-14
vt -0.179348 -1.58402e-14
f 136/396/64 137/397/64 39/398/64 40/399/64 

vt -0.155732 0.02
vn 0.536454 0.650887 0.537181
vt -0.164722 0.02
vt -0.164722 -4.19835e-15
vt -0.155732 -4.19835e-15
f 137/400/65 138/401/65 38/402/65 39/403/65 

vt -0.085893 0.02
vn 0.685715 0.243092 0.686076
vt -0.0930779 0.02
vt -0.0930779 9.43794e-15
vt -0.085893 9.43794e-15
f 138/404/66 24/405/66 21/406/66 38/407/66 

g Mesh4 ___436_1 ___532_1 Model

v 8.48342 12.3114 -115.882
vt 0.009995 0.123543
vn -0.137755 -0.980687 -0.138842
v 4.56682 13.4159 -119.799
vt 0.009995 0.180019
v 5.98117 13.4175 -121.213
vt 0.049975 0.180019
v 9.89776 12.3129 -117.297
vt 0.049975 0.123543
f 147/408/67 148/409/67 149/410/67 150/411/67 

v 24.9981 25.7128 -99.3506
vt -0.20745 0.113835
vn -0.707169 -0.000763139 0.707045
v 24.9954 28.0778 -99.3505
vt -0.20745 0.137486
v 15.113 24.534 -109.238
vt 0.07206 0.102155
v 8.83558 23.3691 -115.518
vt 0.249575 0.0905733
v 8.83769 21.4257 -115.518
vt 0.249575 0.0711399
v 0.222645 19.4773 -124.137
vt 0.493205 0.0517487
v 3.55271e-15 18.9249 -124.36
vt 0.499517 0.0462275
v 0.457543 16.2785 -123.906
vt 0.486662 0.0197583
v 3.6268 15.6804 -120.736
vt 0.397076 0.0137434
v 3.62789 14.6804 -120.736
vt 0.397076 0.00374344
vt 0.370569 -0.00891172
vt 0.25987 -0.02
v 8.48388 11.8812 -115.882
vt 0.25987 -0.0243013
v 26.9612 11.9012 -97.4017
vt -0.262535 -0.0243013
v 26.9741 0.00372333 -97.4017
vt -0.262535 -0.143276
v 28.3882 0.00525437 -95.9874
vt -0.302515 -0.143276
v 28.3703 16.684 -95.9875
vt -0.302515 0.0235112
v 25.0078 16.6804 -99.3506
vt -0.207449 0.0235112
v 25.0035 20.5563 -99.3505
vt -0.207449 0.0622703
f 151/412/68 152/413/68 153/414/68 154/415/68 155/416/68 156/417/68 157/418/68 158/419/68 159/420/68 160/421/68 148/422/68 147/423/68 161/424/68 162/425/68 163/426/68 164/427/68 165/428/68 166/429/68 167/430/68 

vt -0.00999351 0.137486
vn 0.707055 0.000765559 0.707158
vt -0.0099958 0.113835
v 26.4121 25.7143 -100.764
vt -0.049967 0.113836
v 26.4094 28.0794 -100.764
vt -0.0499647 0.137486
f 152/431/69 151/432/69 168/433/69 169/434/69 

vt -0.00999806 0.113836
vn 0.707047 0.000761317 0.707166
vt -0.00999529 0.0622708
v 26.4176 20.5578 -100.764
vt -0.0499668 0.062271
vt -0.0499693 0.113836
f 151/435/70 167/436/70 170/437/70 168/438/70 

vt -0.00999755 0.0622703
vn 0.707039 0.000765541 0.707174
vt -0.0100002 0.0235112
v 26.4219 16.6819 -100.764
vt -0.0499717 0.0235115
vt -0.049969 0.0622706
f 167/439/71 166/440/71 171/441/71 170/442/71 

vt 0.0100002 0.151333
vn -0.00109186 0.999999 9.29099e-06
v 29.7843 16.6856 -97.4013
vt 0.0499717 0.151333
vt 0.0499717 0.103776
vt 0.0100003 0.103776
f 165/443/72 172/444/72 171/445/72 166/446/72 

vt -0.00999982 0.0235112
vn 0.707041 0.000765417 0.707172
vt -0.00999517 -0.143276
v 29.8025 0.0067856 -97.4014
vt -0.0499752 -0.143276
vt -0.0499713 0.0235115
f 165/447/73 164/448/73 173/449/73 172/450/73 

vt -0.00999492 0.151333
vn 0.00108268 -0.999999 3.3396e-08
vt -0.00999493 0.131333
v 28.3885 0.00525456 -98.8158
vt -0.0499749 0.131333
vt -0.0499749 0.151333
f 164/451/74 163/452/74 174/453/74 173/454/74 

vt 0.00999493 -0.143276
vn -0.707041 -0.000765521 -0.707172
vt 0.00999493 -0.0243013
v 28.3756 11.9028 -98.8158
vt 0.0499749 -0.0243013
vt 0.0499749 -0.143276
f 163/455/75 162/456/75 175/457/75 174/458/75 

v 9.89823 11.8828 -117.297
vt -0.049975 -0.13
vt -0.009995 -0.13
f 176/459/74 175/453/74 162/452/74 161/460/74 

v 5.04223 14.682 -122.15
vt -0.397077 0.0037432
vn 0.707175 0.000774679 -0.707039
v 5.04115 15.682 -122.15
vt -0.397077 0.0137432
v 1.87189 16.28 -125.32
vt -0.486662 0.0197581
v 1.41434 18.9265 -125.774
vt -0.499517 0.0462273
v 1.63699 19.4788 -125.551
vt -0.493205 0.0517485
v 10.252 21.4273 -116.932
vt -0.249575 0.0711397
v 10.2499 23.3706 -116.932
vt -0.249575 0.0905731
v 16.5273 24.5356 -110.653
vt -0.0720603 0.102155
vt 0.207449 0.137486
vt 0.207449 0.113835
vt 0.207449 0.0622704
vt 0.207449 0.0235113
vt 0.302515 0.0235113
vt 0.302515 -0.143277
vt 0.262535 -0.143277
vt 0.262535 -0.0243015
vt -0.25987 -0.0243015
vt -0.25987 -0.0200002
vt -0.370569 -0.00891196
f 177/461/76 178/462/76 179/463/76 180/464/76 181/465/76 182/466/76 183/467/76 184/468/76 169/469/76 168/470/76 170/471/76 171/472/76 172/473/76 173/474/76 174/475/76 175/476/76 176/477/76 150/478/76 149/479/76 

vt 0.009995 0.0137434
vn -0.707041 -0.000765543 -0.707172
vt 0.049975 0.0137434
vt 0.049975 0.00374343
vt 0.009995 0.00374343
f 159/480/77 178/481/77 177/482/77 160/483/77 

vt 0.049975 0.243917
vn -0.0929793 -0.991214 -0.0940697
vt 0.049975 0.1987
vt 0.009995 0.1987
vt 0.009995 0.243917
f 179/484/78 178/485/78 159/486/78 158/487/78 

vt 0.009995 0.103914
vn -0.6868 -0.236827 -0.687182
vt 0.049975 0.103914
vt 0.049975 0.0766748
vt 0.009995 0.0766748
f 157/488/79 180/489/79 179/490/79 158/491/79 

vt 0.009995 -0.0839204
vn -0.614304 0.495765 -0.61388
vt 0.009995 -0.0775601
vt 0.049975 -0.0775601
vt 0.049975 -0.0839204
f 157/492/80 156/493/80 181/494/80 180/495/80 

vt 0.049975 -0.23553
vn -0.112166 0.987457 -0.111118
vt 0.009995 -0.23553
vt 0.009995 -0.112121
vt 0.049975 -0.112121
f 181/496/81 156/497/81 155/498/81 182/499/81 

vt 0.049975 0.0905733
vt 0.049975 0.0711399
vt 0.009995 0.0711399
vt 0.009995 0.0905733
f 183/500/77 182/501/77 155/502/77 154/503/77 

vt 0.009995 -0.0225342
vn -0.0925112 0.991503 -0.0914545
vt 0.049975 -0.0225342
vt 0.049975 -0.112088
vt 0.009995 -0.112088
f 153/504/82 184/505/82 183/506/82 154/507/82 

vt 0.00999902 -0.00992299
vn -0.174273 0.969339 -0.173236
vt 0.00998591 0.134297
vt 0.0499571 0.134297
vt 0.049979 -0.00992191
f 153/508/83 152/509/83 169/510/83 184/511/83 

vt 0.049975 0.146284
vn -0.487361 -0.723952 -0.488234
vt 0.049975 0.127954
vt 0.009995 0.127954
vt 0.009995 0.146284
f 177/512/84 149/513/84 148/514/84 160/515/84 

vt 0.049975 -0.0243013
vt 0.009995 -0.0243013
vt 0.009995 -0.02
vt 0.049975 -0.02
f 176/516/75 161/517/75 147/518/75 150/519/75 

g Mesh5 ___436_1 ___532_1 Model

v 23.5741 6.15769 -100.795
vt 0.00999237 0.0833491
vn -0.00100876 0.999999 1.56616e-05
v 24.9082 6.1591 -99.4607
vt 0.00999237 0.102218
v 26.3225 6.16047 -100.875
vt 0.0499724 0.102218
v 24.9884 6.15922 -102.209
vt 0.0499724 0.0833491
f 185/520/85 186/521/85 187/522/85 188/523/85 

v 23.5803 1.95399e-14 -100.795
vt -0.166597 -0.143277
vn -0.707171 -0.00072444 0.707042
v 24.9144 0.00140727 -99.4608
vt -0.204316 -0.143277
vt -0.204324 -0.0817002
vt -0.166604 -0.0816998
f 189/524/86 190/525/86 186/526/86 185/527/86 

vt -0.00999237 0.102218
vn 0.00100876 -0.999999 -1.56616e-05
vt -0.00999237 0.0833491
v 24.9946 0.00153123 -102.209
vt -0.0499724 0.0833491
v 26.3288 0.0027738 -100.875
vt -0.0499724 0.102218
f 190/528/87 189/529/87 191/530/87 192/531/87 

vt 0.0499606 -0.143272
vn -0.707041 -0.00070216 -0.707172
vt 0.00998058 -0.143272
vt 0.00998564 -0.0816947
vt 0.0499656 -0.0816947
f 191/532/88 189/533/88 185/534/88 188/535/88 

vt 0.204316 -0.143278
vn 0.707171 0.00072444 -0.707042
vt 0.166597 -0.143276
vt 0.166604 -0.081699
vt 0.204324 -0.081701
f 192/536/89 191/537/89 188/538/89 187/539/89 

vt -0.00998058 -0.143271
vn 0.707041 0.00070216 0.707172
vt -0.0499606 -0.143272
vt -0.0499656 -0.0816955
vt -0.00998565 -0.0816939
f 190/540/90 192/541/90 187/542/90 186/543/90 

g Mesh6 ___475_1 ___532_1 Model

v 48.7801 11.9679 -100.323
vt -0.03998 0.115763
vn -4.78266e-12 8.77533e-13 1
v 48.7801 24.3744 -100.323
vt -0.03998 0.239828
v 46.7801 24.3744 -100.323
vt 5.29696e-12 0.239828
v 46.7801 11.9679 -100.323
vt -7.71284e-13 0.115763
f 193/544/91 194/545/91 195/546/91 196/547/91 

v 48.7801 14.5173 -107.628
vt 0.0152217 0.141257
vn 1 -5.5186e-11 -4.15369e-11
v 48.7801 12.2878 -107.626
vt 0.0152748 0.118962
v 48.7801 12.288 -108.387
vt 5.3091e-05 0.118964
v 48.7801 12.2815 -114.629
vt -0.124713 0.118899
v 48.7801 14.8318 -114.631
vt -0.124766 0.144401
v 48.7801 14.8353 -121.594
vt -0.263957 0.144437
v 48.7801 15.2134 -121.594
vt -0.263953 0.148218
vt 0.161267 0.239828
vt 0.161267 0.115763
v 48.7801 11.9689 -101.38
vt 0.140134 0.115773
v 48.7801 9.9689 -101.379
vt 0.140144 0.0957729
v 48.7801 9.96789 -105.625
vt 0.0552744 0.0957627
v 48.7801 14.5174 -105.625
vt 0.0552648 0.141258
f 197/548/92 198/549/92 199/550/92 200/551/92 201/552/92 202/553/92 203/554/92 194/555/92 193/556/92 204/557/92 205/558/92 206/559/92 207/560/92 

v 46.7801 14.5173 -107.628
vt 1.65498e-21 0.141258
vn 1.08725e-19 -0.000223251 1
v 46.7801 12.2878 -107.626
vt 7.71121e-11 0.118964
vt -0.03998 0.118964
vt -0.03998 0.141258
f 208/561/93 209/562/93 198/563/93 197/564/93 

v 46.7801 15.2134 -121.594
vt 0.263953 0.148218
vn -1 8.6425e-11 3.15476e-11
v 46.7801 14.8353 -121.594
vt 0.263957 0.144437
v 46.7801 14.8318 -114.631
vt 0.124766 0.144401
v 46.7801 12.2815 -114.629
vt 0.124713 0.118899
v 46.7801 12.288 -108.387
vt -5.3091e-05 0.118964
vt -0.0152748 0.118962
vt -0.0152217 0.141257
v 46.7801 14.5174 -105.625
vt -0.0552648 0.141258
v 46.7801 9.96789 -105.625
vt -0.0552744 0.0957627
v 46.7801 9.9689 -101.379
vt -0.140144 0.0957729
v 46.7801 11.9689 -101.38
vt -0.140134 0.115773
vt -0.161267 0.115763
vt -0.161267 0.239828
f 210/565/94 211/566/94 212/567/94 213/568/94 214/569/94 209/570/94 208/571/94 215/572/94 216/573/94 217/574/94 218/575/94 196/576/94 195/577/94 

vt -2.91963e-12 0.14437
vn 1.4478e-11 0.000509454 -1
vt -9.88975e-12 0.148151
vt 0.03998 0.148151
vt 0.03998 0.14437
f 211/578/95 210/579/95 203/580/95 202/581/95 

vt -3.05754e-11 -0.0626471
vn 3.67251e-11 0.918446 -0.395546
vt 8.90483e-12 0.168957
vt 0.03998 0.168957
vt 0.03998 -0.0626471
f 210/582/96 195/583/96 194/584/96 203/585/96 

vt 3.97249e-12 -0.132118
vn -1.68823e-11 -1 -0.000509454
vt -0.03998 -0.132118
vt -0.03998 -0.0624878
vt 4.87323e-12 -0.0624878
f 211/586/97 202/587/97 201/588/97 212/589/97 

vt 0.03998 0.144466
vn 5.7188e-20 -0.00104141 -0.999999
vt 0.03998 0.118964
vt -7.71121e-11 0.118964
vt -7.13512e-21 0.144466
f 201/590/98 200/591/98 213/592/98 212/593/98 

vt 7.71121e-11 -0.0622638
vn 5.42101e-20 -0.999999 0.00104141
vt -0.03998 -0.0622638
vt -0.03998 0.000150449
vt 7.71121e-11 0.000150449
f 213/594/99 200/595/99 199/596/99 214/597/99 

vt -0.03998 0.00761468
vn 2.01188e-17 -1 -0.000223251
vt 7.71121e-11 0.00761468
vt 7.71121e-11 -2.03029e-15
vt -0.03998 -2.25515e-16
f 198/598/100 209/599/100 214/600/100 199/601/100 

vn 8.13152e-20 -1 -2.71051e-20
vt -0.03998 0.0276462
vt -2.29614e-20 0.0276462
vt -2.29611e-20 0.00761468
f 197/598/101 207/602/101 215/603/101 208/604/101 

vt 0.03998 0.0957627
vn 1.63133e-55 -2.71051e-20 -1
vt 9.01706e-57 0.0957627
vt 9.0155e-57 0.141258
vt 0.03998 0.141258
f 206/605/102 216/606/102 215/607/102 207/608/102 

vt -0.03998 0.0276739
vn -4.38179e-20 -1 0.000238931
vt -0.03998 0.0701298
vt 8.38893e-21 0.0701298
vt 8.38804e-21 0.0276739
f 206/609/103 205/610/103 217/611/103 216/612/103 

vt 1.3713e-24 0.0957561
vn 9.78496e-24 0.000238931 1
vt -0.03998 0.0957561
vt -0.03998 0.115756
vt 1.37121e-24 0.115756
f 217/613/104 205/614/104 204/615/104 218/616/104 

vt 6.27237e-21 0.0805625
vn -2.7105e-20 -1 -0.000959563
vt 6.27292e-21 0.069991
vt -0.03998 0.069991
vt -0.03998 0.0805625
f 196/617/105 218/618/105 204/619/105 193/620/105 

g Mesh7 ___475_2 ___532_1 Model

v 134.06 11.9679 -100.323
vn 4.78266e-12 8.77533e-13 1
v 134.06 24.3744 -100.323
v 132.06 24.3744 -100.323
v 132.06 11.9679 -100.323
f 219/547/106 220/546/106 221/545/106 222/544/106 

vn 1 8.6425e-11 3.15476e-11
v 134.06 11.9689 -101.38
v 134.06 9.9689 -101.379
v 134.06 9.96789 -105.625
v 134.06 14.5174 -105.625
v 134.06 14.5173 -107.628
v 134.06 12.2878 -107.626
v 134.06 12.288 -108.387
v 134.06 12.2815 -114.629
v 134.06 14.8318 -114.631
v 134.06 14.8353 -121.594
v 134.06 15.2134 -121.594
f 220/577/107 219/576/107 223/575/107 224/574/107 225/573/107 226/572/107 227/571/107 228/570/107 229/569/107 230/568/107 231/567/107 232/566/107 233/565/107 

vn 0 -1 -0.000959563
v 132.06 11.9689 -101.38
f 222/620/108 234/619/108 223/618/108 219/617/108 

v 132.06 14.5174 -105.625
vn -1 -5.5186e-11 -4.15369e-11
v 132.06 9.96789 -105.625
v 132.06 9.9689 -101.379
v 132.06 15.2134 -121.594
v 132.06 14.8353 -121.594
v 132.06 14.8318 -114.631
v 132.06 12.2815 -114.629
v 132.06 12.288 -108.387
v 132.06 12.2878 -107.626
v 132.06 14.5173 -107.628
f 235/560/109 236/559/109 237/558/109 234/557/109 222/556/109 221/555/109 238/554/109 239/553/109 240/552/109 241/551/109 242/550/109 243/549/109 244/548/109 

vn -3.30872e-24 -5.42101e-20 -1
f 235/608/110 226/607/110 225/606/110 236/605/110 

vn -1.0842e-19 -1 -0
f 227/604/111 226/603/111 235/602/111 244/598/111 

vn -1.08727e-19 -0.000223251 1
f 244/564/112 243/563/112 228/562/112 227/561/112 

vn -2.01459e-17 -1 -0.000223251
f 242/601/113 229/600/113 228/599/113 243/598/113 

vn -8.13151e-20 -0.999999 0.00104141
f 229/597/114 242/596/114 241/595/114 230/594/114 

vn -5.72195e-20 -0.00104141 -0.999999
f 231/593/115 230/592/115 241/591/115 240/590/115 

vn 1.68823e-11 -1 -0.000509454
f 231/589/116 240/588/116 239/587/116 232/586/116 

vn -1.4478e-11 0.000509454 -1
f 239/581/117 238/580/117 233/579/117 232/578/117 

vn -3.67251e-11 0.918446 -0.395546
f 238/585/118 221/584/118 220/583/118 233/582/118 

vn 1.67128e-20 -1 0.000238931
f 225/612/119 224/611/119 237/610/119 236/609/119 

vn 1.85117e-39 0.000238931 1
f 223/616/120 234/615/120 237/614/120 224/613/120 

g Mesh8 ___137_2 ___151_2 ___436_2 ___532_1 Model

v 161.55 11.3628 -107.934
vn 0.706676 -0.0349961 -0.706672
v 161.563 11.8859 -107.947
v 162.977 11.8861 -106.533
v 162.964 11.363 -106.52
f 245/32/121 246/31/121 247/30/121 248/29/121 

v 158.949 11.8466 -105.333
vn -0.707092 -0.00010333 -0.707121
v 159.25 11.7102 -105.634
v 159.439 11.4668 -105.823
v 159.984 11.5317 -106.367
v 160.234 11.6513 -106.618
v 160.343 11.7778 -106.727
v 160.353 11.9699 -106.737
v 161.563 11.9699 -107.947
v 161.489 11.0141 -107.872
v 161.282 10.6725 -107.665
v 160.739 10.2829 -107.123
v 160.298 10.1816 -106.681
v 159.439 10.1816 -105.823
v 159.33 9.20691 -105.713
v 161.563 8.72286 -107.947
v 161.535 8.45587 -107.918
v 162.978 8.44966 -109.361
v 162.977 9.30583 -109.361
v 164.503 9.30587 -110.886
v 164.557 8.68579 -110.94
v 164.578 8.44669 -110.961
v 164.605 8.21466 -110.988
v 164.638 7.9897 -111.021
v 164.677 7.77181 -111.06
v 164.722 7.56098 -111.105
v 164.773 7.35722 -111.156
v 164.829 7.16053 -111.212
v 164.856 7.0812 -111.239
v 164.892 6.97091 -111.275
v 164.961 6.78835 -111.344
v 165.036 6.61286 -111.418
v 165.116 6.44444 -111.499
v 165.203 6.28309 -111.586
v 165.296 6.1288 -111.678
v 165.394 5.98158 -111.777
v 165.499 5.84143 -111.881
v 165.609 5.70834 -111.992
v 165.726 5.58233 -112.108
v 165.848 5.46338 -112.23
v 165.976 5.3515 -112.359
v 166.111 5.24668 -112.493
v 165.925 4.41088 -112.307
v 162.903 5.44373 -109.286
v 162.238 5.22907 -108.621
v 161.045 5.22903 -107.428
v 160.998 4.7987 -107.381
v 158.901 5.25305 -105.285
v 159.008 6.24151 -105.392
v 158.568 6.2415 -104.952
v 158.568 9.73919 -104.952
v 157.154 9.73915 -103.538
v 157.154 6.22992 -103.537
v 154.486 6.22985 -100.869
v 154.485 11.7713 -100.869
v 154.485 11.9697 -100.869
v 158.568 11.9698 -104.952
v 158.568 13.9698 -104.952
v 159.982 13.9699 -106.366
v 159.982 11.9699 -106.366
v 159.345 11.9699 -105.729
v 159.224 11.8466 -105.608
f 249/162/122 250/161/122 251/160/122 252/159/122 253/158/122 254/157/122 255/156/122 256/155/122 246/154/122 245/153/122 257/152/122 258/151/122 259/150/122 260/149/122 261/148/122 262/147/122 263/146/122 264/145/122 265/144/122 266/143/122 267/142/122 268/141/122 269/140/122 270/139/122 271/138/122 272/137/122 273/136/122 274/135/122 275/134/122 276/133/122 277/132/122 278/131/122 279/130/122 280/129/122 281/128/122 282/127/122 283/126/122 284/125/122 285/124/122 286/123/122 287/122/122 288/121/122 289/120/122 290/119/122 291/118/122 292/117/122 293/116/122 294/115/122 295/114/122 296/113/122 297/112/122 298/111/122 299/110/122 300/109/122 301/108/122 302/107/122 303/106/122 304/105/122 305/104/122 306/103/122 307/102/122 308/101/122 309/100/122 

vn 0.215799 0.952268 -0.21591
v 160.364 11.8468 -103.919
v 160.665 11.7103 -104.22
f 250/188/123 249/187/123 310/186/123 311/185/123 

vn -0.707107 -8.23435e-05 -0.707107
f 255/180/124 254/179/124 253/178/124 252/177/124 251/176/124 250/175/124 249/174/124 309/173/124 308/172/124 307/171/124 

vn -0.705092 0.0755221 0.705083
v 161.757 11.778 -105.313
v 161.768 11.97 -105.323
f 254/208/125 312/207/125 313/206/125 255/205/125 

vn -0.448529 0.773127 0.448439
v 161.648 11.6514 -105.204
f 254/204/126 253/203/126 314/202/126 312/201/126 

vn -0.226314 0.947425 0.226204
v 161.398 11.5319 -104.953
f 253/200/127 252/199/127 315/198/127 314/197/127 

vn -0.0594093 0.996471 0.0592932
v 160.853 11.467 -104.409
f 252/196/128 251/195/128 316/194/128 315/193/128 

vn 0.476557 0.738719 -0.476643
f 251/192/129 250/191/129 311/190/129 316/189/129 

v 159.982 11.97 -103.538
vn 0.707092 9.84765e-05 0.707122
v 155.899 11.9699 -99.4549
v 155.899 11.7715 -99.4549
v 155.9 6.23001 -99.4546
v 158.568 6.23009 -102.123
v 158.568 9.73931 -102.123
v 159.982 9.73935 -103.538
v 159.983 6.24166 -103.537
v 160.423 6.24168 -103.977
v 160.316 5.25321 -103.87
v 162.413 4.79886 -105.967
v 162.459 5.22934 -106.014
v 163.652 5.22937 -107.206
v 164.317 5.44397 -107.872
v 167.339 4.41112 -110.893
v 167.525 5.24692 -111.079
v 167.39 5.35174 -110.944
v 167.262 5.46362 -110.816
v 167.14 5.58257 -110.694
v 167.023 5.70858 -110.577
v 166.913 5.84167 -110.467
v 166.808 5.98182 -110.362
v 166.71 6.12904 -110.264
v 166.617 6.28333 -110.171
v 166.53 6.44468 -110.085
v 166.45 6.6131 -110.004
v 166.375 6.78859 -109.93
v 166.306 6.97115 -109.861
v 166.27 7.08144 -109.824
v 166.244 7.16077 -109.798
v 166.187 7.35746 -109.741
v 166.136 7.56122 -109.691
v 166.091 7.77205 -109.646
v 166.052 7.98994 -109.607
v 166.019 8.2149 -109.574
v 165.992 8.44693 -109.547
v 165.971 8.68603 -109.526
v 165.917 9.30611 -109.472
v 164.392 9.30661 -107.947
v 164.392 8.44982 -107.947
v 162.949 8.45604 -106.504
v 162.978 8.72303 -106.533
v 160.744 9.20707 -104.299
v 160.853 10.1818 -104.408
v 161.712 10.1818 -105.267
v 162.153 10.2831 -105.709
v 162.696 10.6726 -106.251
v 162.903 11.0142 -106.458
v 162.977 11.9701 -106.533
v 160.639 11.8468 -104.194
v 160.759 11.97 -104.315
v 161.396 11.97 -104.952
v 161.396 13.97 -104.952
v 159.982 13.97 -103.538
f 317/95/130 318/94/130 319/93/130 320/92/130 321/91/130 322/90/130 323/89/130 324/88/130 325/87/130 326/86/130 327/85/130 328/84/130 329/83/130 330/82/130 331/81/130 332/80/130 333/79/130 334/78/130 335/77/130 336/76/130 337/75/130 338/74/130 339/73/130 340/72/130 341/71/130 342/70/130 343/69/130 344/68/130 345/67/130 346/66/130 347/65/130 348/64/130 349/63/130 350/62/130 351/61/130 352/60/130 353/59/130 354/58/130 355/57/130 356/56/130 357/55/130 358/54/130 359/53/130 360/52/130 361/51/130 362/50/130 363/49/130 364/48/130 248/47/130 247/46/130 365/45/130 313/44/130 312/43/130 314/42/130 315/41/130 316/40/130 311/39/130 310/38/130 366/37/130 367/36/130 368/35/130 369/34/130 370/33/130 

vn -7.218e-05 1 -4.42713e-05
f 318/226/131 317/225/131 304/96/131 303/224/131 

vn -0.707107 -1.97344e-05 0.707107
f 370/223/132 305/222/132 304/221/132 317/220/132 

f 370/99/131 369/98/131 306/97/131 305/96/131 

vn 0.707107 1.97344e-05 -0.707107
f 306/219/133 369/218/133 368/217/133 307/215/133 

vn 7.218e-05 -1 4.42713e-05
f 368/170/134 367/169/134 308/168/134 307/167/134 

vn 0.41386 -0.810874 -0.413766
f 309/166/135 308/165/135 367/164/135 366/163/135 

f 249/184/134 309/183/134 366/182/134 310/181/134 

f 302/229/132 319/228/132 318/227/132 303/221/132 

f 301/232/132 320/231/132 319/230/132 302/229/132 

f 301/236/134 300/235/134 321/234/134 320/233/134 

f 322/240/133 321/239/133 300/238/133 299/237/133 

f 323/243/134 322/242/134 299/235/134 298/241/134 

f 324/247/132 323/246/132 298/245/132 297/244/132 

vn -0.107034 -0.988465 0.107149
f 327/251/136 326/250/136 295/249/136 294/248/136 

vn 0.69898 -0.151369 -0.698938
f 294/255/137 293/254/137 328/253/137 327/252/137 

vn 0.000122192 -1 9.42883e-05
f 329/259/138 328/258/138 293/257/138 292/256/138 

vn 0.157324 -0.974967 -0.157127
f 330/263/139 329/262/139 292/261/139 291/260/139 

vn -0.166046 -0.972011 0.166201
f 331/267/140 330/266/140 291/265/140 290/264/140 

vn 0.674672 -0.2996 -0.67458
f 332/271/141 331/270/141 290/269/141 289/268/141 

vn 0.356366 0.863665 -0.35649
vn 0.34156 0.875549 -0.341687
f 333/275/142 332/274/143 289/273/143 288/272/142 

vn 0.385822 0.837969 -0.38594
f 334/279/144 333/278/142 288/277/142 287/276/144 

vn 0.415214 0.809384 -0.415325
f 335/283/145 334/282/144 287/281/144 286/280/145 

vn 0.444268 0.77792 -0.444372
f 336/287/146 335/286/145 286/285/145 285/284/146 

vn 0.472696 0.743657 -0.472793
f 337/291/147 336/290/146 285/289/146 284/288/147 

vn 0.500206 0.706753 -0.500295
f 338/295/148 337/294/147 284/293/147 283/292/148 

vn 0.526517 0.667438 -0.526598
f 339/299/149 338/298/148 283/297/148 282/296/149 

vn 0.551373 0.626016 -0.551445
f 340/303/150 339/302/149 282/301/149 281/300/150 

vn 0.57455 0.582847 -0.574614
f 341/307/151 340/306/150 281/305/150 280/304/151 

vn 0.595874 0.538335 -0.595928
f 342/311/152 341/310/151 280/309/151 279/308/152 

vn 0.615218 0.492908 -0.615263
f 343/315/153 342/314/152 279/313/152 278/312/153 

vn 0.632512 0.447002 -0.632549
f 344/319/154 343/318/153 278/317/153 277/316/154 

vn 0.640435 0.423846 -0.640467
f 345/323/155 344/322/154 277/321/154 276/320/155 

vn 0.64774 0.401037 -0.647768
f 346/325/156 345/323/155 276/320/155 275/324/156 

vn 0.660932 0.355405 -0.660951
f 347/329/157 346/328/156 275/327/156 274/326/157 

vn 0.672161 0.310456 -0.672172
f 348/333/158 347/332/157 274/331/157 273/330/158 

vn 0.681534 0.266494 -0.681537
f 349/337/159 348/336/158 273/335/158 272/334/159 

vn 0.689179 0.223764 -0.689175
f 350/341/160 349/340/159 272/339/159 271/338/160 

vn 0.695242 0.182462 -0.69523
f 351/345/161 350/344/160 271/343/160 270/342/161 

vn 0.699877 0.142731 -0.699857
f 352/349/162 351/348/161 270/347/161 269/346/162 

vn 0.701727 0.123251 -0.701704
f 353/353/163 352/352/162 269/351/162 268/350/163 

f 354/355/163 353/353/163 268/350/163 267/354/163 

vn -0.707097 1.26304e-05 0.707117
f 355/359/164 266/358/164 265/357/164 356/356/164 

vn 0.00209481 0.999995 -0.00221126
f 357/363/165 356/362/165 265/361/165 264/360/165 

vn 0.698959 -0.15145 -0.698941
f 357/367/166 264/366/166 263/365/166 358/364/166 

vn 0.107034 0.988465 -0.107149
f 359/371/167 358/370/167 263/369/167 262/368/167 

vn 0.707107 8.23435e-05 0.707107
f 364/48/168 363/49/168 362/50/168 361/51/168 360/52/168 359/53/168 358/54/168 248/47/168 

vn -0.537208 0.650305 0.537132
f 363/403/169 364/402/169 257/401/169 258/400/169 

vn -0.686041 0.242349 0.686013
f 364/407/170 248/406/170 245/405/170 257/404/170 

vn 0.707089 0.00706287 -0.70709
f 248/383/171 358/382/171 263/381/171 245/380/171 

f 262/379/124 261/378/124 260/377/124 259/376/124 258/375/124 257/374/124 245/373/124 263/372/124 

vn -0.698357 0.156909 0.698339
f 359/387/172 360/386/172 261/385/172 262/384/172 

f 360/391/131 361/390/131 260/389/131 261/388/131 

vn -0.113256 0.987103 0.113141
f 361/395/173 362/394/173 259/393/173 260/392/173 

vn -0.32012 0.891691 0.320016
f 362/399/174 363/398/174 258/397/174 259/396/174 

f 246/216/133 256/215/133 365/214/133 247/213/133 

f 313/212/131 365/211/131 256/210/131 255/209/131 

g Mesh9 ___436_2 ___532_1 Model

v 170.905 12.4 -117.289
vn 0.13883 -0.980537 -0.13883
v 174.821 13.5089 -121.205
v 176.235 13.5089 -119.791
v 172.32 12.4 -115.875
f 371/411/175 372/410/175 373/409/175 374/408/175 

vn -0.70711 9.06731e-06 -0.707104
v 170.905 11.9699 -117.289
v 152.426 11.9699 -98.8101
v 152.426 0.0724015 -98.8101
v 151.012 0.0724014 -97.3959
v 151.012 16.7512 -97.3957
v 154.375 16.7512 -100.759
v 154.375 20.6271 -100.758
v 154.375 25.7836 -100.759
v 154.375 28.1487 -100.758
v 164.262 24.6155 -110.646
v 170.541 23.4574 -116.925
v 170.541 21.514 -116.925
v 179.159 19.5749 -125.543
v 179.382 19.0228 -125.766
v 178.928 16.3759 -125.311
v 175.759 15.7744 -122.143
v 175.759 14.7744 -122.143
f 372/479/176 371/478/176 375/477/176 376/476/176 377/475/176 378/474/176 379/473/176 380/472/176 381/471/176 382/470/176 383/469/176 384/468/176 385/467/176 386/466/176 387/465/176 388/464/176 389/463/176 390/462/176 391/461/176 

vn 0.707107 1.68134e-08 -0.707107
v 172.32 11.9699 -115.875
f 371/519/177 374/518/177 392/517/177 375/516/177 

v 155.789 20.6271 -99.3445
vn 0.707104 2.46667e-06 0.70711
v 155.789 16.7512 -99.3446
v 152.426 16.7512 -95.9818
v 152.426 0.0724014 -95.9816
v 153.84 0.0724014 -97.3959
v 153.84 11.9699 -97.3959
v 177.173 14.7744 -120.728
v 177.173 15.7744 -120.728
v 180.342 16.3759 -123.897
v 180.797 19.0228 -124.352
v 180.573 19.5749 -124.129
v 171.955 21.514 -115.511
v 171.955 23.4574 -115.511
v 165.676 24.6155 -109.232
v 155.789 28.1486 -99.3445
v 155.789 25.7836 -99.3446
f 393/430/178 394/429/178 395/428/178 396/427/178 397/426/178 398/425/178 392/424/178 374/423/178 373/422/178 399/421/178 400/420/178 401/419/178 402/418/178 403/417/178 404/416/178 405/415/178 406/414/178 407/413/178 408/412/178 

vn -0.707105 5.09055e-09 0.707109
f 381/442/179 380/441/179 394/440/179 393/439/179 

vn 9.17104e-06 1 9.34163e-06
f 394/446/180 380/445/180 379/444/180 395/443/180 

vn -0.707106 -1.20637e-07 0.707107
f 379/450/181 378/449/181 396/448/181 395/447/181 

vn 7.37561e-09 -1 -1.64021e-08
f 378/454/182 377/453/182 397/452/182 396/451/182 

vn 0.707107 1.68133e-08 -0.707107
f 377/458/183 376/457/183 398/456/183 397/455/183 

vn 7.37564e-09 -1 -1.64021e-08
f 392/460/184 398/452/184 376/453/184 375/459/184 

vn -0.707113 -4.22762e-06 0.707101
f 382/438/185 381/437/185 393/436/185 408/435/185 

vn -0.70712 6.24211e-09 0.707093
f 383/434/186 382/433/186 408/432/186 407/431/186 

vn 0.173239 0.969527 -0.17322
f 384/511/187 383/510/187 407/509/187 406/508/187 

vn 0.0914461 0.991602 -0.0914461
f 405/507/188 385/506/188 384/505/188 406/504/188 

vn 0.707107 -5.15946e-09 -0.707107
f 405/503/189 404/502/189 386/501/189 385/500/189 

vn 0.111107 0.987578 -0.111107
f 386/499/190 404/498/190 403/497/190 387/496/190 

vn 0.613823 0.496429 -0.613823
f 388/495/191 387/494/191 403/493/191 402/492/191 

vn 0.687119 -0.236083 -0.687119
f 401/491/192 389/490/192 388/489/192 402/488/192 

vn 0.0940611 -0.991113 -0.0940611
f 401/487/193 400/486/193 390/485/193 389/484/193 

vn 0.707107 -5.14388e-09 -0.707107
f 399/483/194 391/482/194 390/481/194 400/480/194 

vn 0.488189 -0.723424 -0.488189
f 399/515/195 373/514/195 372/513/195 391/512/195 

g Mesh10 ___436_2 ___532_1 Model

v 155.82 6.23005 -102.203
vn -7.39258e-05 1 1.57046e-05
v 154.486 6.22985 -100.869
v 155.9 6.23001 -99.4546
v 157.234 6.23005 -100.789
f 409/523/196 410/522/196 411/521/196 412/520/196 

vn -0.707107 -4.11686e-05 -0.707107
v 155.82 0.0723528 -102.203
v 154.486 0.0721508 -100.869
f 410/539/197 409/538/197 413/537/197 414/536/197 

vn 0.707107 6.33782e-05 -0.707107
v 157.235 0.0723527 -100.789
f 409/535/198 412/534/198 415/533/198 413/532/198 

vn 0.707107 4.11686e-05 0.707107
v 155.9 0.0723155 -99.4547
f 412/527/199 411/526/199 416/525/199 415/524/199 

vn -0.707107 -6.33782e-05 0.707107
f 411/543/200 410/542/200 414/541/200 416/540/200 

vn 7.39258e-05 -1 -1.57046e-05
f 414/531/201 413/530/201 415/529/201 416/528/201 

g Mesh11 ___178_3 ___387_2 ___532_1 Model

v 90.42 15.2134 -121.594
v 90.42 24.3744 -100.323
v 90.42 26.2113 -101.114
v 90.42 17.0503 -122.385
f 417/1/1 418/2/1 419/3/1 420/4/1 

v 175.21 15.2134 -121.594
v 172.455 16.4 -118.839
v 153.939 24.3744 -100.323
f 417/5/2 421/6/2 422/7/2 423/8/2 418/9/2 

v 175.21 17.0503 -122.385
f 420/10/3 424/11/3 421/12/3 417/13/3 

v 153.939 26.2113 -101.114
v 172.455 18.2369 -119.63
f 425/14/4 426/15/4 424/16/4 420/17/4 419/18/4 

f 423/19/5 422/20/5 426/21/5 425/22/5 

f 422/20/5 421/23/5 424/24/5 426/21/5 

f 418/25/6 423/26/6 425/27/6 419/28/6 

g Mesh12 ___178_4 ___387_2 ___532_1 Model

v 90.42 17.0503 -122.385
v 90.42 26.2113 -101.114
v 90.42 24.3744 -100.323
v 90.42 15.2134 -121.594
f 427/4/7 428/3/7 429/2/7 430/1/7 

v 5.62965 17.0503 -122.385
v 8.38499 18.2369 -119.63
v 26.9013 26.2113 -101.114
f 428/18/8 427/17/8 431/16/8 432/15/8 433/14/8 

v 5.62965 15.2134 -121.594
f 430/13/9 434/12/9 431/11/9 427/10/9 

v 26.9013 24.3744 -100.323
v 8.38499 16.4 -118.839
f 429/9/10 435/8/10 436/7/10 434/6/10 430/5/10 

f 428/28/11 433/27/11 435/26/11 429/25/11 

f 433/22/12 432/21/12 436/20/12 435/19/12 

f 432/21/12 431/24/12 434/23/12 436/20/12 

g Mesh13 ___475_3 ___541_1 Model

v 155.433 11.8703 -37.7365
vn -1 8.77534e-13 4.78305e-12
v 155.433 24.2768 -37.7365
v 155.433 24.2768 -39.7365
v 155.433 11.8703 -39.7365
f 437/547/202 438/546/202 439/545/202 440/544/202 

vn -3.15473e-11 8.6425e-11 1
v 156.49 11.8713 -37.7365
v 156.49 9.87127 -37.7365
v 160.735 9.87026 -37.7365
v 160.736 14.4198 -37.7365
v 162.739 14.4196 -37.7365
v 162.736 12.1902 -37.7365
v 163.498 12.1904 -37.7365
v 169.739 12.1839 -37.7365
v 169.742 14.7341 -37.7365
v 176.705 14.7377 -37.7365
v 176.705 15.1158 -37.7365
f 438/577/203 437/576/203 441/575/203 442/574/203 443/573/203 444/572/203 445/571/203 446/570/203 447/569/203 448/568/203 449/567/203 450/566/203 451/565/203 

vn 0.000959563 -1 1.88738e-18
v 156.49 11.8713 -39.7365
f 440/620/204 452/619/204 441/618/204 437/617/204 

v 160.736 14.4198 -39.7365
vn 4.15365e-11 -5.5186e-11 -1
v 160.735 9.87026 -39.7365
v 156.49 9.87127 -39.7365
v 176.705 15.1158 -39.7365
v 176.705 14.7377 -39.7365
v 169.742 14.7341 -39.7365
v 169.739 12.1839 -39.7365
v 163.498 12.1904 -39.7365
v 162.736 12.1902 -39.7365
v 162.739 14.4196 -39.7365
f 453/560/205 454/559/205 455/558/205 452/557/205 440/556/205 439/555/205 456/554/205 457/553/205 458/552/205 459/551/205 460/550/205 461/549/205 462/548/205 

vn 1 -8.21945e-19 -3.82857e-16
f 453/608/206 444/607/206 443/606/206 454/605/206 

vn -7.67735e-19 -1 2.14633e-18
f 445/604/207 444/603/207 453/602/207 462/598/207 

vn -1 -0.000223251 3.82749e-16
f 462/564/208 461/563/208 446/562/208 445/561/208 

vn 0.000223251 -1 -1.79766e-17
f 460/601/209 447/600/209 446/599/209 461/598/209 

vn -0.00104141 -0.999999 2.57215e-18
f 447/597/210 460/596/210 459/595/210 448/594/210 

vn 0.999999 -0.00104141 -3.82912e-16
f 449/593/211 448/592/211 459/591/211 458/590/211 

vn 0.000509454 -1 1.68823e-11
f 449/589/212 458/588/212 457/587/212 450/586/212 

vn 1 0.000509454 -1.44784e-11
f 457/581/213 456/580/213 451/579/213 450/578/213 

vn 0.395546 0.918446 -3.67253e-11
f 456/585/214 439/584/214 438/583/214 451/582/214 

vn -0.000238931 -1 2.36294e-18
f 443/612/215 442/611/215 455/610/215 454/609/215 

vn -1 0.000238931 3.82856e-16
f 441/616/216 452/615/216 455/614/216 442/613/216 

g Mesh14 ___481_1 ___541_1 Model

v 176.705 15.1158 -62.8873
vn 5.71434e-11 -1.40063e-09 -1
v 155.433 24.2768 -62.8873
v 156.224 26.1137 -62.8873
v 177.496 16.9527 -62.8873
f 463/1/217 464/2/217 465/3/217 466/4/217 

vt 0.549508 -0.0861127
vn -0.395546 -0.918446 1.20016e-09
v 176.705 15.1158 -5.58607
v 173.949 16.3024 -8.34141
v 155.433 24.2768 -26.8577
vt 0.549508 0.145492
f 463/621/218 467/6/218 468/7/218 469/8/218 464/622/218 

vt -0.549508 0.0168709
vn 0.918446 -0.395545 6.21863e-10
v 177.496 16.9527 -5.58607
vt -0.549508 -0.00312912
f 466/623/219 470/11/219 467/12/219 463/624/219 

v 156.224 26.1137 -26.8577
vn 0.395545 0.918446 -1.03377e-09
v 174.74 18.1393 -8.34141
vt -0.549508 -0.0861127
vt -0.549508 0.145492
f 471/14/220 472/15/220 470/16/220 466/625/220 465/626/220 

vn -0.621271 0.267561 0.736501
f 469/19/221 468/20/221 472/21/221 471/22/221 

f 468/20/221 467/23/221 470/24/221 472/21/221 

vt 0.549508 -0.00312912
vn -0.918446 0.395545 2.67467e-16
vt 0.549508 0.0168709
f 464/627/222 469/26/222 471/27/222 465/628/222 

g Mesh15 ___481_2 ___541_1 Model

v 177.496 16.9527 -62.8873
vn 5.71442e-11 -1.40063e-09 1
v 156.224 26.1137 -62.8873
v 155.433 24.2768 -62.8873
v 176.705 15.1158 -62.8873
f 473/4/223 474/3/223 475/2/223 476/1/223 

vn 0.395545 0.918446 1.03377e-09
v 177.496 16.9527 -120.188
v 174.74 18.1393 -117.433
v 156.224 26.1137 -98.9168
f 474/626/224 473/625/224 477/16/224 478/15/224 479/14/224 

vn 0.918446 -0.395545 -6.21864e-10
v 176.705 15.1158 -120.188
f 476/624/225 480/12/225 477/11/225 473/623/225 

vn -0.395546 -0.918446 -1.20016e-09
v 155.433 24.2768 -98.9168
v 173.949 16.3024 -117.433
f 475/622/226 481/8/226 482/7/226 480/6/226 476/621/226 

vn -0.918446 0.395545 4.34016e-16
f 474/628/227 479/27/227 481/26/227 475/627/227 

vn -0.621271 0.267561 -0.736501
f 479/22/228 478/21/228 482/20/228 481/19/228 

f 478/21/228 477/24/228 480/23/228 482/20/228 

g Mesh16 ___475_4 ___541_1 Model

v 155.433 11.8703 -86.0381
vn -1 8.77534e-13 -4.78228e-12
v 155.433 24.2768 -86.0381
v 155.433 24.2768 -88.0381
v 155.433 11.8703 -88.0381
f 483/544/229 484/545/229 485/546/229 486/547/229 

v 162.739 14.4196 -86.0381
vn 4.15373e-11 -5.5186e-11 1
v 162.736 12.1902 -86.0381
v 163.498 12.1904 -86.0381
v 169.739 12.1839 -86.0381
v 169.742 14.7341 -86.0381
v 176.705 14.7377 -86.0381
v 176.705 15.1158 -86.0381
v 156.49 11.8713 -86.0381
v 156.49 9.87127 -86.0381
v 160.735 9.87026 -86.0381
v 160.736 14.4198 -86.0381
f 487/548/230 488/549/230 489/550/230 490/551/230 491/552/230 492/553/230 493/554/230 484/555/230 483/556/230 494/557/230 495/558/230 496/559/230 497/560/230 

v 162.739 14.4196 -88.0381
vn -1 -0.000223251 3.82966e-16
v 162.736 12.1902 -88.0381
f 498/561/231 499/562/231 488/563/231 487/564/231 

v 176.705 15.1158 -88.0381
vn -3.1548e-11 8.6425e-11 -1
v 176.705 14.7377 -88.0381
v 169.742 14.7341 -88.0381
v 169.739 12.1839 -88.0381
v 163.498 12.1904 -88.0381
v 160.736 14.4198 -88.0381
v 160.735 9.87026 -88.0381
v 156.49 9.87127 -88.0381
v 156.49 11.8713 -88.0381
f 500/565/232 501/566/232 502/567/232 503/568/232 504/569/232 499/570/232 498/571/232 505/572/232 506/573/232 507/574/232 508/575/232 486/576/232 485/577/232 

vn 1 0.000509454 1.44776e-11
f 501/578/233 500/579/233 493/580/233 492/581/233 

vn 0.395546 0.918446 3.67249e-11
f 500/582/234 485/583/234 484/584/234 493/585/234 

vn 0.000509454 -1 -1.68823e-11
f 501/586/235 492/587/235 491/588/235 502/589/235 

vn 0.999999 -0.00104141 -3.82797e-16
f 491/590/236 490/591/236 503/592/236 502/593/236 

vn -0.00104141 -0.999999 2.68057e-18
f 503/594/237 490/595/237 489/596/237 504/597/237 

vn 0.000223251 -1 2.2261e-17
f 488/598/238 499/599/238 504/600/238 489/601/238 

vn -7.67735e-19 -1 2.30897e-18
f 487/598/239 497/602/239 505/603/239 498/604/239 

f 496/605/206 506/606/206 505/607/206 497/608/206 

vn -0.000238931 -1 2.27531e-18
f 496/609/240 495/610/240 507/611/240 506/612/240 

f 507/613/216 495/614/216 494/615/216 508/616/216 

vn 0.000959563 -1 1.83317e-18
f 486/617/241 508/618/241 494/619/241 483/620/241 

g Mesh17 ___480_1 ___529_1 Model

v 25.2484 26.0794 -101.971
vt -1.08491 -2.56033e-06
vn -0.707107 -4.60679e-06 0.707107
v 26.4651 26.0794 -100.754
vt -1.05051 -2.37633e-06
v 26.4651 27.0794 -100.754
vt -1.05051 0.00999756
v 25.2484 27.0794 -101.971
vt -1.08491 0.00999738
f 509/629/242 510/630/242 511/631/242 512/632/242 

v 23.8345 26.0794 -100.557
vt -1.38583e-10 0.767528
vn 6.02286e-06 -1 -4.94556e-07
v 23.8345 26.0794 -101.975
vt -1.63763e-09 0.781711
vt -0.0282639 0.781668
vt -0.0525857 0.769501
v 25.0512 26.0794 -99.3403
vt -0.024322 0.755362
f 513/633/243 514/634/243 509/635/243 510/636/243 515/637/243 

vt -1.53429 3.18962e-08
vn -1 2.32455e-10 -5.80766e-08
v 23.8345 27.0794 -100.557
vt -1.53429 0.01
v 23.8345 27.0794 -101.975
vt -1.56264 0.01
vt -1.56264 3.38122e-08
f 513/638/244 516/639/244 517/640/244 514/641/244 

vt 1.05047 -1.21952e-06
vn 0.707079 2.3057e-06 -0.707135
vt 1.08486 -1.21951e-06
vt 1.08486 0.00999878
v 25.0512 27.0794 -99.3403
vt 1.05047 0.00999872
f 515/642/245 513/643/245 516/644/245 518/645/245 

vn -5.51915e-08 -1 8.90206e-10
v 90.42 26.0794 -101.971
vt -1.33104 0.781668
v 90.42 26.0794 -99.9752
vt -1.33104 0.761711
v 25.8345 26.0794 -99.9752
vt -0.03998 0.761711
v 25.8345 26.0794 -25.8041
vt -0.03998 0.02
v 90.42 26.0794 -25.8041
vt -1.33104 0.02
v 90.42 26.0794 -23.8041
vt -1.33104 9.15847e-09
v 25.2484 26.0794 -23.8041
vt -0.0282639 -2.91925e-17
v 26.4651 26.0794 -25.0208
vt -0.0525857 0.012167
v 25.0512 26.0794 -26.4347
vt -0.024322 0.0263061
v 23.8345 26.0794 -25.2181
vt -1.38195e-10 0.0141401
vt -1.38195e-10 0.767528
f 509/635/246 519/646/246 520/647/246 521/648/246 522/649/246 523/650/246 524/651/246 525/652/246 526/653/246 527/654/246 528/655/246 513/656/246 515/637/246 510/636/246 

v 25.2484 28.0794 -101.971
vt -0.0282637 0.0199996
vn 1.21521e-09 4.72014e-07 -1
v 90.42 28.0794 -101.971
vt -1.33104 0.0199996
vt -1.33104 -3.53923e-07
vt -0.0282639 -3.36946e-07
vt -0.0282637 0.0099996
f 529/657/247 530/658/247 519/659/247 509/660/247 512/661/247 

v 44.8345 28.0794 -99.9752
vt 0.41979 0.761711
vn 7.01976e-08 1 -6.96521e-10
v 90.42 28.0794 -99.9752
vt 1.33104 0.761711
vt 1.33104 0.781668
vt 0.0282636 0.781668
v 26.4651 28.0794 -100.754
vt 0.0525855 0.769501
v 25.0512 28.0794 -99.3403
vt 0.0243218 0.755362
v 23.8345 28.0794 -100.557
vt -2.80651e-09 0.767528
v 23.8345 28.0794 -25.2181
vt -2.80651e-09 0.0141401
v 25.0512 28.0794 -26.4347
vt 0.0243218 0.0263061
v 26.4651 28.0794 -25.0208
vt 0.0525855 0.012167
v 25.2484 28.0794 -23.8041
vt 0.0282636 9.16233e-09
v 90.42 28.0794 -23.8041
vt 1.33104 9.16233e-09
v 90.42 28.0794 -25.8041
vt 1.33104 0.02
v 44.8345 28.0794 -25.8041
vt 0.41979 0.02
v 37.8345 28.0794 -25.8041
vt 0.27986 0.02
v 25.8345 28.0794 -25.8041
vt 0.03998 0.02
v 25.8345 28.0794 -59.8896
vt 0.03998 0.360855
v 25.8345 28.0794 -65.8896
vt 0.03998 0.420855
v 25.8345 28.0794 -99.9752
vt 0.03998 0.761711
v 37.8345 28.0794 -99.9752
vt 0.27986 0.761711
f 531/662/248 532/663/248 530/664/248 529/665/248 533/666/248 534/667/248 535/668/248 536/669/248 537/670/248 538/671/248 539/672/248 540/673/248 541/674/248 542/675/248 543/676/248 544/677/248 545/678/248 546/679/248 547/680/248 548/681/248 

vt -0.41979 0.02
vn -5.4813e-11 -2.46144e-09 -1
vt -1.33104 4.82842e-08
vt -0.03998 3.56948e-08
vt -0.27986 0.02
f 531/682/249 532/650/249 520/683/249 521/684/249 547/649/249 548/685/249 

vn 5.67543e-08 1 -4.01681e-09
v 27.8345 28.0794 -65.8896
vt 0.07996 0.420855
v 27.8345 28.0794 -59.8896
vt 0.07996 0.360855
v 37.8345 28.0794 -27.8041
vt 0.27986 0.04
v 44.8345 28.0794 -27.8041
vt 0.41979 0.04
v 90.42 28.0794 -29.8041
vt 1.33104 0.06
v 29.8345 28.0794 -29.8041
vt 0.11994 0.06
v 29.8345 28.0794 -95.9752
vt 0.11994 0.721711
v 90.42 28.0794 -95.9752
vt 1.33104 0.721711
v 44.8345 28.0794 -97.9752
vt 0.41979 0.741711
v 37.8345 28.0794 -97.9752
vt 0.27986 0.741711
f 547/680/250 546/679/250 549/686/250 550/687/250 545/678/250 544/677/250 543/676/250 551/688/250 552/689/250 542/675/250 541/674/250 553/690/250 554/691/250 555/692/250 556/693/250 532/663/250 531/662/250 557/694/250 558/695/250 548/681/250 

vn -1 3.96099e-09 -1.70078e-17
vt -0.72135 0.02
vt -0.84129 0.02
vt -1.52266 0.02
vt -1.52266 3.38991e-08
vt -0.03998 3.70942e-08
f 544/649/251 545/696/251 546/697/251 547/698/251 521/699/251 522/700/251 

vn 7.81153e-10 1 2.60384e-10
f 546/679/252 545/678/252 550/687/252 549/686/252 

vt 0.03998 3.7078e-08
vn 4.37939e-11 3.14975e-09 1
vt 1.33104 4.80698e-08
f 522/701/253 523/702/253 541/674/253 542/675/253 543/676/253 544/677/253 

vn 1 6.75366e-08 1.11337e-13
vt 1.83435e-08 0.0199999
vt 1.83079e-08 -2.99336e-08
vt 0.03998 3.03722e-09
f 541/677/254 540/703/254 524/704/254 523/705/254 

vn 7.02643e-09 2.29852e-07 1
vt 0.0282637 0.02
vt 0.0282639 3.20126e-08
vt 1.33104 1.5036e-08
f 540/674/255 539/706/255 525/707/255 524/708/255 

vt -0.0543819 1.69951e-07
vn -0.707107 -4.6068e-06 -0.707107
vt -0.0199856 -1.40452e-08
vt -0.0199854 0.0199999
vt -0.0543817 0.0200001
f 526/709/256 525/710/256 539/711/256 538/712/256 

vt -0.019986 -7.57834e-08
vn -0.707112 -3.95797e-06 0.707102
vt 0.0199852 1.08334e-07
vt 0.019985 0.02
vt -0.0199862 0.0199999
f 527/713/257 526/714/257 538/715/257 537/716/257 

vt 0.0199863 5.49508e-08
vn 0.707078 2.3057e-06 0.707135
vt 0.0543813 5.4946e-08
vt 0.0543812 0.02
vt 0.0199863 0.0200001
f 528/717/258 527/718/258 537/719/258 536/720/258 

vt -0.028266 0.02
vn -1 -3.45669e-09 -1.48182e-08
vt -1.53429 0.02
vt -0.028266 3.18962e-08
f 536/721/259 535/722/259 516/639/259 513/638/259 528/723/259 

vt 1.08487 0.0199984
vn 0.70708 3.02169e-06 -0.707133
vt 1.05047 0.0199983
vt 1.05047 0.00999833
vt 1.08487 0.00999839
f 535/724/260 534/725/260 518/726/260 516/727/260 

vt -1.08491 0.0200009
vn -0.707112 -1.71957e-06 -0.707102
vt -1.12489 0.0200011
vt -1.12489 0.0100011
vt -1.08491 0.0100009
f 534/728/261 533/729/261 511/730/261 518/731/261 

vt -1.05051 0.0199985
vn -0.707107 -3.02175e-06 0.707107
vt -1.08491 0.0199983
vt -1.08491 0.00999827
vt -1.05051 0.00999845
f 533/732/262 529/733/262 512/734/262 511/735/262 

vt 0.0282638 0.781668
vn -3.35261e-06 1 9.208e-07
vt 1.35831e-07 0.781711
vt 1.34037e-07 0.767528
vt 0.0243219 0.755362
vt 0.0525856 0.769501
f 512/736/263 517/737/263 516/738/263 518/739/263 511/740/263 

vt -0.0235848 -1.52715e-07
vn 0.00299442 2.36313e-07 -0.999996
vt 0.0046792 -1.50916e-07
vt 0.00467914 0.00999985
vt -0.0235846 0.00999978
f 509/741/264 514/742/264 517/743/264 512/744/264 

vt -1.12489 2.29598e-06
vn -0.707112 -3.95797e-06 -0.707102
vt -1.08492 2.11186e-06
vt -1.08491 0.010002
vt -1.12489 0.0100022
f 510/745/265 515/746/265 518/747/265 511/748/265 

vn 2.24134e-09 1 -7.84468e-09
f 543/676/266 542/675/266 552/689/266 551/688/266 

vt -0.11994 0.02
vn -1.77756e-11 -3.76927e-09 -1
v 90.42 26.0794 -29.8041
vt -1.33104 1.65139e-09
v 29.8345 26.0794 -29.8041
vt -0.11994 3.6912e-08
f 554/749/267 553/650/267 559/750/267 560/751/267 

vt 1.4427 0.02
vn 1 -3.9216e-09 1.68932e-17
vt 0.11994 0.02
vt 0.11994 3.69211e-08
v 29.8345 26.0794 -95.9752
vt 1.4427 3.40706e-08
f 555/752/268 554/753/268 560/754/268 561/755/268 

vn 1.77756e-11 3.76927e-09 1
vt 0.11994 3.65556e-08
v 90.42 26.0794 -95.9752
vt 1.33104 2.72032e-09
f 556/674/269 555/753/269 561/756/269 562/757/269 

vn 2.24134e-09 1 7.84468e-09
f 531/662/270 548/681/270 558/695/270 557/694/270 

vt 1.56256 0.0199999
vn 1 6.75366e-08 -1.06167e-13
vt 1.52266 0.02
vt 1.52266 1.43967e-09
vt 1.56256 -2.99336e-08
f 530/758/271 532/759/271 520/760/271 519/761/271 

g Mesh18 ___480_2 ___529_1 Model

v 155.592 27.0794 -101.971
vn 0.707107 -4.60679e-06 0.707107
v 154.375 27.0794 -100.754
v 154.375 26.0794 -100.754
v 155.592 26.0794 -101.971
f 563/632/272 564/631/272 565/630/272 566/629/272 

vn 3.35261e-06 1 9.208e-07
v 155.789 27.0794 -99.3403
v 157.006 27.0794 -100.557
v 157.006 27.0794 -101.975
f 564/740/273 567/739/273 568/738/273 569/737/273 563/736/273 

vn 0.707112 -3.95797e-06 -0.707102
v 155.789 26.0794 -99.3403
f 564/748/274 567/747/274 570/746/274 565/745/274 

vn 0.707112 -1.71957e-06 -0.707102
v 154.375 28.0794 -100.754
v 155.789 28.0794 -99.3403
f 567/731/275 564/730/275 571/729/275 572/728/275 

vn 0.707107 -3.02175e-06 0.707107
v 155.592 28.0794 -101.971
f 564/735/276 563/734/276 573/733/276 571/732/276 

vn -1.21521e-09 4.72014e-07 -1
v 90.42 26.0794 -101.971
v 90.42 28.0794 -101.971
f 563/661/277 566/660/277 574/659/277 575/658/277 573/657/277 

vn -0.00299442 2.36313e-07 -0.999996
v 157.006 26.0794 -101.975
f 563/744/278 569/743/278 576/742/278 566/741/278 

vn 1 2.32455e-10 -5.80766e-08
v 157.006 26.0794 -100.557
f 576/641/279 569/640/279 568/639/279 577/638/279 

vn -0.707079 2.3057e-06 -0.707135
f 567/645/280 568/644/280 577/643/280 570/642/280 

vn -0.70708 3.02169e-06 -0.707133
v 157.006 28.0794 -100.557
f 568/727/281 567/726/281 572/725/281 578/724/281 

v 143.006 28.0794 -99.9752
vn -7.01976e-08 1 -6.96521e-10
v 155.006 28.0794 -99.9752
v 155.006 28.0794 -65.8896
v 155.006 28.0794 -59.8896
v 155.006 28.0794 -25.8041
v 143.006 28.0794 -25.8041
v 136.006 28.0794 -25.8041
v 90.42 28.0794 -25.8041
v 90.42 28.0794 -23.8041
v 155.592 28.0794 -23.8041
v 154.375 28.0794 -25.0208
v 155.789 28.0794 -26.4347
v 157.006 28.0794 -25.2181
v 90.42 28.0794 -99.9752
v 136.006 28.0794 -99.9752
f 579/681/282 580/680/282 581/679/282 582/678/282 583/677/282 584/676/282 585/675/282 586/674/282 587/673/282 588/672/282 589/671/282 590/670/282 591/669/282 578/668/282 572/667/282 571/666/282 573/665/282 575/664/282 592/663/282 593/662/282 

vn 5.4813e-11 -2.46144e-09 -1
v 155.006 26.0794 -99.9752
v 90.42 26.0794 -99.9752
f 579/685/283 580/649/283 594/684/283 595/683/283 592/650/283 593/682/283 

vn -5.67543e-08 1 -4.01681e-09
v 143.006 28.0794 -97.9752
v 136.006 28.0794 -97.9752
v 90.42 28.0794 -95.9752
v 151.006 28.0794 -95.9752
v 151.006 28.0794 -29.8041
v 90.42 28.0794 -29.8041
v 136.006 28.0794 -27.8041
v 143.006 28.0794 -27.8041
v 153.006 28.0794 -59.8896
v 153.006 28.0794 -65.8896
f 579/681/284 596/695/284 597/694/284 593/662/284 592/663/284 598/693/284 599/692/284 600/691/284 601/690/284 586/674/284 585/675/284 602/689/284 603/688/284 584/676/284 583/677/284 582/678/284 604/687/284 605/686/284 581/679/284 580/680/284 

vn -2.24134e-09 1 7.84468e-09
f 597/694/285 596/695/285 579/681/285 593/662/285 

v 90.42 26.0794 -95.9752
vn -1.77756e-11 3.76927e-09 1
v 151.006 26.0794 -95.9752
f 606/757/286 607/756/286 599/753/286 598/674/286 

vn -1 -3.9216e-09 1.68932e-17
v 151.006 26.0794 -29.8041
f 607/755/287 608/754/287 600/753/287 599/752/287 

vn 1.77756e-11 -3.76927e-09 -1
v 90.42 26.0794 -29.8041
f 608/751/288 609/750/288 601/650/288 600/749/288 

vn -4.37939e-11 3.14975e-09 1
v 90.42 26.0794 -25.8041
v 155.006 26.0794 -25.8041
f 583/677/289 584/676/289 585/675/289 586/674/289 610/702/289 611/701/289 

vn -2.24134e-09 1 -7.84468e-09
f 603/688/290 602/689/290 585/675/290 584/676/290 

vn -1 6.75366e-08 1.11337e-13
v 90.42 26.0794 -23.8041
f 610/705/291 612/704/291 587/703/291 586/677/291 

vn 5.51915e-08 -1 8.90206e-10
v 157.006 26.0794 -25.2181
v 155.789 26.0794 -26.4347
v 154.375 26.0794 -25.0208
v 155.592 26.0794 -23.8041
f 565/636/292 570/637/292 577/656/292 613/655/292 614/654/292 615/653/292 616/652/292 612/651/292 610/650/292 611/649/292 594/648/292 595/647/292 574/646/292 566/635/292 

vn -6.02286e-06 -1 -4.94556e-07
f 570/637/293 565/636/293 566/635/293 576/634/293 577/633/293 

vn 1 -3.45669e-09 -1.48182e-08
f 613/723/294 577/638/294 568/639/294 578/722/294 591/721/294 

vn -0.707078 2.3057e-06 0.707135
f 591/720/295 590/719/295 614/718/295 613/717/295 

vn 0.707112 -3.95797e-06 0.707102
f 590/716/296 589/715/296 615/714/296 614/713/296 

vn 0.707107 -4.6068e-06 -0.707107
f 589/712/297 588/711/297 616/710/297 615/709/297 

vn -7.02643e-09 2.29852e-07 1
f 612/708/298 616/707/298 588/706/298 587/674/298 

vn 1 3.96099e-09 -1.70078e-17
f 611/700/299 594/699/299 580/698/299 581/697/299 582/696/299 583/649/299 

vn -7.81153e-10 1 2.60384e-10
f 605/686/300 604/687/300 582/678/300 581/679/300 

vn -1 6.75366e-08 -1.06167e-13
f 574/761/301 595/760/301 592/759/301 575/758/301 

g Mesh19 ___137_3 ___151_3 ___436_3 ___532_2 Model

v 19.2532 11.2858 -17.8339
vn -0.706572 -0.0357612 0.706737
v 19.2397 11.8089 -17.8209
v 17.8253 11.8075 -19.235
v 17.8388 11.2844 -19.248
f 617/32/302 618/31/302 619/30/302 620/29/302 

v 21.8532 11.7724 -20.4349
vn 0.707157 0.000662263 0.707056
v 21.5524 11.6356 -20.1339
v 21.3641 11.3921 -19.9453
v 20.8193 11.4564 -19.4005
v 20.5689 11.5756 -19.1501
v 20.4597 11.7021 -19.041
v 20.4492 11.8941 -19.0307
v 19.2396 11.8929 -17.8209
v 19.3151 10.9371 -17.8955
v 19.5222 10.5957 -18.1023
v 20.0652 10.2067 -18.6451
v 20.5068 10.106 -19.0866
v 21.3654 10.1069 -19.9453
v 21.4759 9.13228 -20.0549
v 19.2427 8.64582 -17.8209
v 19.2719 8.37886 -17.8498
v 17.8291 8.37108 -16.4067
v 17.8282 9.22725 -16.4067
v 16.3033 9.22564 -14.8815
v 16.2494 8.6055 -14.8271
v 16.2287 8.36639 -14.8062
v 16.2019 8.13433 -14.7792
v 16.1692 7.90933 -14.7463
v 16.1306 7.69139 -14.7075
v 16.0859 7.48052 -14.6626
v 16.0353 7.27671 -14.6118
v 15.9787 7.07995 -14.5551
v 15.9525 7.00059 -14.5288
v 15.9161 6.89026 -14.4924
v 15.8476 6.70763 -14.4237
v 15.7731 6.53206 -14.349
v 15.6926 6.36355 -14.2684
v 15.6062 6.2021 -14.1818
v 15.5138 6.04772 -14.0892
v 15.4154 5.90039 -13.9907
v 15.3111 5.76013 -13.8862
v 15.2007 5.62692 -13.7758
v 15.0844 5.50078 -13.6594
v 14.9622 5.3817 -13.537
v 14.8339 5.26968 -13.4087
v 14.6997 5.16472 -13.2744
v 14.8861 4.32911 -13.46
v 17.9067 5.36524 -16.4817
v 18.5723 5.15129 -17.1472
v 19.7649 5.15255 -18.3399
v 19.8121 4.72227 -18.3865
v 21.9082 5.17889 -20.4836
v 21.8002 6.16723 -20.3764
v 22.2402 6.1677 -20.8165
v 22.2367 9.66539 -20.8164
v 23.6507 9.66688 -22.2307
v 23.6543 6.15765 -22.2308
v 26.3225 6.16047 -24.8996
v 26.3169 11.7019 -24.8994
v 26.3167 11.9003 -24.8994
v 22.2345 11.896 -20.8163
v 22.2325 13.896 -20.8162
v 20.8183 13.8945 -19.4018
v 20.8203 11.8945 -19.4019
v 21.4572 11.8952 -20.0389
v 21.5781 11.7721 -20.1597
f 621/162/303 622/161/303 623/160/303 624/159/303 625/158/303 626/157/303 627/156/303 628/155/303 618/154/303 617/153/303 629/152/303 630/151/303 631/150/303 632/149/303 633/148/303 634/147/303 635/146/303 636/145/303 637/144/303 638/143/303 639/142/303 640/141/303 641/140/303 642/139/303 643/138/303 644/137/303 645/136/303 646/135/303 647/134/303 648/133/303 649/132/303 650/131/303 651/130/303 652/129/303 653/128/303 654/127/303 655/126/303 656/125/303 657/124/303 658/123/303 659/122/303 660/121/303 661/120/303 662/119/303 663/118/303 664/117/303 665/116/303 666/115/303 667/114/303 668/113/303 669/112/303 670/111/303 671/110/303 672/109/303 673/108/303 674/107/303 675/106/303 676/105/303 677/104/303 678/103/303 679/102/303 680/101/303 681/100/303 

vn -0.21681 0.952033 0.21593
v 20.4389 11.771 -21.849
v 20.1381 11.6343 -21.548
f 622/188/304 621/187/304 682/186/304 683/185/304 

vn 0.707172 0.000683265 0.707042
f 627/180/305 626/179/305 625/178/305 624/177/305 623/176/305 622/175/305 621/174/305 681/173/305 680/172/305 679/171/305 

vn 0.704945 0.0762855 -0.705148
v 19.0453 11.7007 -20.4551
v 19.0349 11.8928 -20.4448
f 626/208/306 684/207/306 685/206/306 627/205/306 

vn 0.44765 0.773612 -0.44848
v 19.1546 11.5743 -20.5642
f 626/204/307 625/203/307 686/202/307 684/201/307 

vn 0.225268 0.947669 -0.226225
v 19.4049 11.455 -20.8145
f 625/200/308 624/199/308 687/198/308 686/197/308 

vn 0.0583249 0.996535 -0.0592987
v 19.9497 11.3907 -21.3594
f 624/196/309 623/195/309 688/194/309 687/193/309 

vn -0.477312 0.738202 0.476687
f 623/192/310 622/191/310 683/190/310 688/189/310 

v 20.8201 11.8947 -22.2304
vn -0.707156 -0.000667116 -0.707057
v 24.9024 11.899 -26.3134
v 24.9026 11.7006 -26.3134
v 24.9082 6.1591 -26.3137
v 22.2399 6.15629 -23.6449
v 22.2364 9.66551 -23.6448
v 20.8223 9.66402 -22.2304
v 20.8258 6.16633 -22.2306
v 20.3858 6.16587 -21.7905
v 20.4939 5.17752 -21.8976
v 18.3977 4.7209 -19.8006
v 18.3507 5.15133 -19.754
v 17.1581 5.15007 -18.5613
v 16.4924 5.36395 -17.8958
v 13.4718 4.32782 -14.8742
v 13.2854 5.16343 -14.6885
v 13.4196 5.26839 -14.8228
v 13.5479 5.38041 -14.9511
v 13.6701 5.49949 -15.0735
v 13.7864 5.62563 -15.1899
v 13.8968 5.75883 -15.3004
v 14.0011 5.8991 -15.4048
v 14.0995 6.04643 -15.5034
v 14.1919 6.20081 -15.5959
v 14.2783 6.36226 -15.6825
v 14.3588 6.53077 -15.7631
v 14.4333 6.70634 -15.8378
v 14.5018 6.88897 -15.9065
v 14.5382 6.9993 -15.943
v 14.5644 7.07866 -15.9692
v 14.621 7.27541 -16.026
v 14.6716 7.47923 -16.0768
v 14.7163 7.6901 -16.1216
v 14.7549 7.90804 -16.1605
v 14.7876 8.13304 -16.1934
v 14.8144 8.36509 -16.2203
v 14.8351 8.60421 -16.2413
v 14.889 9.22435 -16.2957
v 16.4138 9.2265 -17.8208
v 16.4147 8.36972 -17.8208
v 17.8576 8.37749 -19.2639
v 17.8284 8.64445 -19.2349
v 20.0615 9.13091 -21.469
v 19.951 10.1055 -21.3594
v 19.0924 10.1046 -20.5007
v 18.6509 10.2054 -20.0592
v 18.1079 10.5944 -19.5164
v 17.9008 10.9357 -19.3096
v 17.8253 11.8915 -19.235
v 20.1637 11.7707 -21.5738
v 20.0429 11.8938 -21.453
v 19.406 11.8932 -20.816
v 19.4039 13.8932 -20.8159
v 20.8181 13.8947 -22.2303
f 689/95/311 690/94/311 691/93/311 692/92/311 693/91/311 694/90/311 695/89/311 696/88/311 697/87/311 698/86/311 699/85/311 700/84/311 701/83/311 702/82/311 703/81/311 704/80/311 705/79/311 706/78/311 707/77/311 708/76/311 709/75/311 710/74/311 711/73/311 712/72/311 713/71/311 714/70/311 715/69/311 716/68/311 717/67/311 718/66/311 719/65/311 720/64/311 721/63/311 722/62/311 723/61/311 724/60/311 725/59/311 726/58/311 727/57/311 728/56/311 729/55/311 730/54/311 731/53/311 732/52/311 733/51/311 734/50/311 735/49/311 736/48/311 620/47/311 619/46/311 737/45/311 685/44/311 684/43/311 686/42/311 687/41/311 688/40/311 683/39/311 682/38/311 738/37/311 739/36/311 740/35/311 741/34/311 742/33/311 

vn -0.0010105 0.999999 4.43145e-05
f 690/226/312 689/225/312 676/96/312 675/224/312 

vn 0.707041 0.000745804 -0.707172
f 742/223/313 677/222/313 676/221/313 689/220/313 

f 742/99/312 741/98/312 678/97/312 677/96/312 

vn -0.707041 -0.000745804 0.707172
f 678/219/314 741/218/314 740/217/314 679/215/314 

vn 0.0010105 -0.999999 -4.43145e-05
f 740/170/315 739/169/315 680/168/315 679/167/315 

vn -0.412944 -0.811322 0.413804
f 681/166/316 680/165/316 739/164/316 738/163/316 

f 621/184/315 681/183/315 738/182/315 682/181/315 

f 674/229/313 691/228/313 690/227/313 675/221/313 

f 673/232/313 692/231/313 691/230/313 674/229/313 

f 673/236/315 672/235/315 693/234/315 692/233/315 

f 694/240/314 693/239/314 672/238/314 671/237/314 

f 695/243/315 694/242/315 671/235/315 670/241/315 

f 696/247/313 695/246/313 670/245/313 669/244/313 

vn 0.108094 -0.988348 -0.107159
f 699/251/317 698/250/317 667/249/317 666/248/317 

vn -0.698752 -0.152126 0.699002
f 666/255/318 665/254/318 700/253/318 699/252/318 

vn 0.000960483 -1 -9.43269e-05
f 701/259/319 700/258/319 665/257/319 664/256/319 

vn -0.156254 -0.975137 0.157141
f 702/263/320 701/262/320 664/261/320 663/260/320 

vn 0.167083 -0.971831 -0.166216
f 703/267/321 702/266/321 663/265/321 662/264/321 

vn -0.674285 -0.30033 0.674642
f 704/271/322 703/270/322 662/269/322 661/268/322 

vn -0.357268 0.863279 0.356523
vn -0.342476 0.875179 0.341719
f 705/275/323 704/274/324 661/273/324 660/272/323 

vn -0.386693 0.837551 0.385975
f 706/279/325 705/278/323 660/277/323 659/276/325 

vn -0.416051 0.808934 0.415364
f 707/283/326 706/282/325 659/281/325 658/280/326 

vn -0.445069 0.777438 0.444413
f 708/287/327 707/286/326 658/285/326 657/284/327 

vn -0.473457 0.743145 0.472836
f 709/291/328 708/290/327 657/289/327 656/288/328 

vn -0.500925 0.706211 0.500341
f 710/295/329 709/294/328 656/293/328 655/292/329 

vn -0.527191 0.666868 0.526647
f 711/299/330 710/298/329 655/297/329 654/296/330 

vn -0.552 0.625419 0.551496
f 712/303/331 711/302/330 654/301/330 653/300/331 

vn -0.575128 0.582225 0.574667
f 713/307/332 712/306/331 653/305/331 652/304/332 

vn -0.596401 0.537689 0.595983
f 714/311/333 713/310/332 652/309/332 651/308/333 

vn -0.615694 0.492242 0.61532
f 715/315/334 714/314/333 651/313/333 650/312/334 

vn -0.632937 0.446317 0.632607
f 716/319/335 715/318/334 650/317/334 649/316/335 

vn -0.640834 0.423152 0.640526
f 717/323/336 716/322/335 649/321/335 648/320/336 

vn -0.648114 0.400335 0.647827
f 718/325/337 717/323/336 648/320/336 647/324/337 

vn -0.661255 0.354689 0.661012
f 719/329/338 718/328/337 647/327/337 646/326/338 

vn -0.672435 0.309729 0.672234
f 720/333/339 719/332/338 646/331/338 645/330/339 

vn -0.681759 0.265756 0.6816
f 721/337/340 720/336/339 645/335/339 644/334/340 

vn -0.689358 0.223018 0.689238
f 722/341/341 721/340/340 644/339/340 643/338/341 

vn -0.695376 0.18171 0.695294
f 723/345/342 722/344/341 643/343/341 642/342/342 

vn -0.699966 0.141974 0.699922
f 724/349/343 723/348/342 642/347/342 641/346/343 

vn -0.701795 0.122491 0.701769
f 725/353/344 724/352/343 641/351/343 640/350/344 

f 726/355/344 725/353/344 640/350/344 639/354/344 

vn 0.707032 0.000778158 -0.707182
f 727/359/345 638/358/345 637/357/345 728/356/345 

vn -0.00317729 0.999993 0.00221151
f 729/363/346 728/362/346 637/361/346 636/360/346 

vn -0.69873 -0.152207 0.699006
f 729/367/347 636/366/347 635/365/347 730/364/347 

vn -0.108094 0.988348 0.107159
f 731/371/348 730/370/348 635/369/348 634/368/348 

vn -0.707172 -0.000683265 -0.707042
f 736/48/349 735/49/349 734/50/349 733/51/349 732/52/349 731/53/349 730/54/349 620/47/349 

vn 0.536454 0.650887 -0.537181
f 735/403/350 736/402/350 629/401/350 630/400/350 

vn 0.685715 0.243092 -0.686076
f 736/407/351 620/406/351 617/405/351 629/404/351 

vn -0.707031 0.00629735 0.707155
f 620/383/352 730/382/352 635/381/352 617/380/352 

f 634/379/305 633/378/305 632/377/305 631/376/305 630/375/305 629/374/305 617/373/305 635/372/305 

vn 0.698123 0.157665 -0.698403
f 731/387/353 732/386/353 633/385/353 634/384/353 

f 732/391/312 733/390/312 632/389/312 633/388/312 

vn 0.112177 0.987225 -0.113152
f 733/395/354 734/394/354 631/393/354 632/392/354 

vn 0.319125 0.892037 -0.320045
f 734/399/355 735/398/355 630/397/355 631/396/355 

f 618/216/314 628/215/314 737/214/314 619/213/314 

f 685/212/312 737/211/312 628/210/312 627/209/312 

g Mesh20 ___436_3 ___532_2 Model

v 9.89776 12.3129 -8.47781
vn -0.137755 -0.980687 0.138842
v 5.98117 13.4175 -4.5617
v 4.56682 13.4159 -5.97578
v 8.48342 12.3114 -9.8919
f 743/411/356 744/410/356 745/409/356 746/408/356 

vn 0.707175 0.000774679 0.707039
v 9.89823 11.8828 -8.47781
v 28.3756 11.9028 -26.9586
v 28.3885 0.00525456 -26.9586
v 29.8025 0.0067856 -28.3729
v 29.7843 16.6856 -28.3731
v 26.4219 16.6819 -25.01
v 26.4176 20.5578 -25.01
v 26.4121 25.7143 -25.01
v 26.4094 28.0794 -25.01
v 16.5273 24.5356 -15.1218
v 10.2499 23.3706 -8.84202
v 10.252 21.4273 -8.84202
v 1.63699 19.4788 -0.223284
v 1.41434 18.9265 7.4607e-14
v 1.87189 16.28 -0.454762
v 5.04115 15.682 -3.62396
v 5.04223 14.682 -3.62396
f 744/479/357 743/478/357 747/477/357 748/476/357 749/475/357 750/474/357 751/473/357 752/472/357 753/471/357 754/470/357 755/469/357 756/468/357 757/467/357 758/466/357 759/465/357 760/464/357 761/463/357 762/462/357 763/461/357 

vn -0.707041 -0.000765521 0.707172
v 8.48388 11.8812 -9.8919
f 743/519/358 746/518/358 764/517/358 747/516/358 

v 25.0035 20.5563 -26.4238
vn -0.707169 -0.000763139 -0.707045
v 25.0078 16.6804 -26.4237
v 28.3703 16.684 -29.7868
v 28.3882 0.00525437 -29.787
v 26.9741 0.00372333 -28.3727
v 26.9612 11.9012 -28.3727
v 3.62789 14.6804 -5.03804
v 3.6268 15.6804 -5.03804
v 0.457543 16.2785 -1.86885
v 3.55271e-15 18.9249 -1.41408
v 0.222645 19.4773 -1.63737
v 8.83769 21.4257 -10.2561
v 8.83558 23.3691 -10.2561
v 15.113 24.534 -16.5359
v 24.9954 28.0778 -26.4238
v 24.9981 25.7128 -26.4238
f 765/430/359 766/429/359 767/428/359 768/427/359 769/426/359 770/425/359 764/424/359 746/423/359 745/422/359 771/421/359 772/420/359 773/419/359 774/418/359 775/417/359 776/416/359 777/415/359 778/414/359 779/413/359 780/412/359 

vn 0.707039 0.000765541 -0.707174
f 753/442/360 752/441/360 766/440/360 765/439/360 

vn -0.00109186 0.999999 -9.29099e-06
f 766/446/361 752/445/361 751/444/361 767/443/361 

vn 0.707041 0.000765417 -0.707172
f 751/450/362 750/449/362 768/448/362 767/447/362 

vn 0.00108268 -0.999999 -3.3396e-08
f 750/454/363 749/453/363 769/452/363 768/451/363 

f 749/458/358 748/457/358 770/456/358 769/455/358 

f 764/460/363 770/452/363 748/453/363 747/459/363 

vn 0.707047 0.000761317 -0.707166
f 754/438/364 753/437/364 765/436/364 780/435/364 

vn 0.707055 0.000765559 -0.707158
f 755/434/365 754/433/365 780/432/365 779/431/365 

vn -0.174273 0.969339 0.173236
f 756/511/366 755/510/366 779/509/366 778/508/366 

vn -0.0925112 0.991503 0.0914545
f 777/507/367 757/506/367 756/505/367 778/504/367 

vn -0.707041 -0.000765543 0.707172
f 777/503/368 776/502/368 758/501/368 757/500/368 

vn -0.112166 0.987457 0.111118
f 758/499/369 776/498/369 775/497/369 759/496/369 

vn -0.614304 0.495765 0.61388
f 760/495/370 759/494/370 775/493/370 774/492/370 

vn -0.6868 -0.236827 0.687182
f 773/491/371 761/490/371 760/489/371 774/488/371 

vn -0.0929793 -0.991214 0.0940697
f 773/487/372 772/486/372 762/485/372 761/484/372 

f 771/483/368 763/482/368 762/481/368 772/480/368 

vn -0.487361 -0.723952 0.488234
f 771/515/373 745/514/373 744/513/373 763/512/373 

g Mesh21 ___436_3 ___532_2 Model

v 24.9884 6.15922 -23.5652
vn -0.00100876 0.999999 -1.56616e-05
v 26.3225 6.16047 -24.8996
v 24.9082 6.1591 -26.3137
v 23.5741 6.15769 -24.9793
f 781/523/374 782/522/374 783/521/374 784/520/374 

vn 0.707171 0.00072444 0.707042
v 24.9946 0.00153123 -23.5651
v 26.3288 0.0027738 -24.8995
f 782/539/375 781/538/375 785/537/375 786/536/375 

vn -0.707041 -0.00070216 0.707172
v 23.5803 1.95399e-14 -24.9792
f 781/535/376 784/534/376 787/533/376 785/532/376 

vn -0.707171 -0.00072444 -0.707042
v 24.9144 0.00140727 -26.3136
f 784/527/377 783/526/377 788/525/377 787/524/377 

vn 0.707041 0.00070216 -0.707172
f 783/543/378 782/542/378 786/541/378 788/540/378 

vn 0.00100876 -0.999999 1.56616e-05
f 786/531/379 785/530/379 787/529/379 788/528/379 

g Mesh22 ___475_5 ___532_2 Model

v 46.7801 11.9679 -25.4518
vn -4.78266e-12 8.77533e-13 -1
v 46.7801 24.3744 -25.4518
v 48.7801 24.3744 -25.4518
v 48.7801 11.9679 -25.4518
f 789/547/380 790/546/380 791/545/380 792/544/380 

vn -1 8.6425e-11 -3.15476e-11
v 46.7801 11.9689 -24.3946
v 46.7801 9.9689 -24.3951
v 46.7801 9.96789 -20.1495
v 46.7801 14.5174 -20.149
v 46.7801 14.5173 -18.1459
v 46.7801 12.2878 -18.1485
v 46.7801 12.288 -17.3871
v 46.7801 12.2815 -11.1456
v 46.7801 14.8318 -11.143
v 46.7801 14.8353 -4.17996
v 46.7801 15.2134 -4.18015
f 790/577/381 789/576/381 793/575/381 794/574/381 795/573/381 796/572/381 797/571/381 798/570/381 799/569/381 800/568/381 801/567/381 802/566/381 803/565/381 

vn -2.7105e-20 -1 0.000959563
v 48.7801 11.9689 -24.3946
f 792/620/382 804/619/382 793/618/382 789/617/382 

v 48.7801 14.5174 -20.149
vn 1 -5.5186e-11 4.15369e-11
v 48.7801 9.96789 -20.1495
v 48.7801 9.9689 -24.3951
v 48.7801 15.2134 -4.18015
v 48.7801 14.8353 -4.17996
v 48.7801 14.8318 -11.143
v 48.7801 12.2815 -11.1456
v 48.7801 12.288 -17.3871
v 48.7801 12.2878 -18.1485
v 48.7801 14.5173 -18.1459
f 805/560/383 806/559/383 807/558/383 804/557/383 792/556/383 791/555/383 808/554/383 809/553/383 810/552/383 811/551/383 812/550/383 813/549/383 814/548/383 

vn 1.63133e-55 -2.71051e-20 1
f 805/608/384 796/607/384 795/606/384 806/605/384 

vn 8.13152e-20 -1 2.71051e-20
f 797/604/385 796/603/385 805/602/385 814/598/385 

vn 1.08725e-19 -0.000223251 -1
f 814/564/386 813/563/386 798/562/386 797/561/386 

vn 2.01188e-17 -1 0.000223251
f 812/601/387 799/600/387 798/599/387 813/598/387 

vn 5.42101e-20 -0.999999 -0.00104141
f 799/597/388 812/596/388 811/595/388 800/594/388 

vn 5.7188e-20 -0.00104141 0.999999
f 801/593/389 800/592/389 811/591/389 810/590/389 

vn -1.68823e-11 -1 0.000509454
f 801/589/390 810/588/390 809/587/390 802/586/390 

vn 1.4478e-11 0.000509454 1
f 809/581/391 808/580/391 803/579/391 802/578/391 

vn 3.67251e-11 0.918446 0.395546
f 808/585/392 791/584/392 790/583/392 803/582/392 

vn -4.38179e-20 -1 -0.000238931
f 795/612/393 794/611/393 807/610/393 806/609/393 

vn 9.78496e-24 0.000238931 -1
f 793/616/394 804/615/394 807/614/394 794/613/394 

g Mesh23 ___475_6 ___532_2 Model

v 132.06 11.9679 -25.4518
vn 4.78266e-12 8.77533e-13 -1
v 132.06 24.3744 -25.4518
v 134.06 24.3744 -25.4518
v 134.06 11.9679 -25.4518
f 815/544/395 816/545/395 817/546/395 818/547/395 

v 132.06 14.5173 -18.1459
vn -1 -5.5186e-11 4.15369e-11
v 132.06 12.2878 -18.1485
v 132.06 12.288 -17.3871
v 132.06 12.2815 -11.1456
v 132.06 14.8318 -11.143
v 132.06 14.8353 -4.17996
v 132.06 15.2134 -4.18015
v 132.06 11.9689 -24.3946
v 132.06 9.9689 -24.3951
v 132.06 9.96789 -20.1495
v 132.06 14.5174 -20.149
f 819/548/396 820/549/396 821/550/396 822/551/396 823/552/396 824/553/396 825/554/396 816/555/396 815/556/396 826/557/396 827/558/396 828/559/396 829/560/396 

v 134.06 14.5173 -18.1459
vn -1.08727e-19 -0.000223251 -1
v 134.06 12.2878 -18.1485
f 830/561/397 831/562/397 820/563/397 819/564/397 

v 134.06 15.2134 -4.18015
vn 1 8.6425e-11 -3.15476e-11
v 134.06 14.8353 -4.17996
v 134.06 14.8318 -11.143
v 134.06 12.2815 -11.1456
v 134.06 12.288 -17.3871
v 134.06 14.5174 -20.149
v 134.06 9.96789 -20.1495
v 134.06 9.9689 -24.3951
v 134.06 11.9689 -24.3946
f 832/565/398 833/566/398 834/567/398 835/568/398 836/569/398 831/570/398 830/571/398 837/572/398 838/573/398 839/574/398 840/575/398 818/576/398 817/577/398 

vn -1.4478e-11 0.000509454 1
f 833/578/399 832/579/399 825/580/399 824/581/399 

vn -3.67251e-11 0.918446 0.395546
f 832/582/400 817/583/400 816/584/400 825/585/400 

vn 1.68823e-11 -1 0.000509454
f 833/586/401 824/587/401 823/588/401 834/589/401 

vn -5.72195e-20 -0.00104141 0.999999
f 823/590/402 822/591/402 835/592/402 834/593/402 

vn -8.13151e-20 -0.999999 -0.00104141
f 835/594/403 822/595/403 821/596/403 836/597/403 

vn -2.01459e-17 -1 0.000223251
f 820/598/404 831/599/404 836/600/404 821/601/404 

f 819/598/111 829/602/111 837/603/111 830/604/111 

vn -3.30872e-24 -5.42101e-20 1
f 828/605/405 838/606/405 837/607/405 829/608/405 

vn 1.67128e-20 -1 -0.000238931
f 828/609/406 827/610/406 839/611/406 838/612/406 

vn 1.85117e-39 0.000238931 -1
f 839/613/407 827/614/407 826/615/407 840/616/407 

vn 0 -1 0.000959563
f 818/617/408 840/618/408 826/619/408 815/620/408 

g Mesh24 ___137_4 ___151_4 ___436_4 ___532_2 Model

v 162.964 11.363 -19.2547
vn 0.706676 -0.0349961 0.706672
v 162.977 11.8861 -19.2417
v 161.563 11.8859 -17.8275
v 161.55 11.3628 -17.8404
f 841/29/409 842/30/409 843/31/409 844/32/409 

v 159.982 13.97 -22.2367
vn 0.707092 9.84765e-05 -0.707122
v 161.396 13.97 -20.8224
v 161.396 11.97 -20.8225
v 160.759 11.97 -21.4595
v 160.639 11.8468 -21.5802
v 160.364 11.8468 -21.8554
v 160.665 11.7103 -21.5544
v 160.853 11.467 -21.3659
v 161.398 11.5319 -20.8211
v 161.648 11.6514 -20.5708
v 161.757 11.778 -20.4617
v 161.768 11.97 -20.4514
v 162.977 11.9701 -19.2417
v 162.903 11.0142 -19.3163
v 162.696 10.6726 -19.5231
v 162.153 10.2831 -20.0658
v 161.712 10.1818 -20.5072
v 160.853 10.1818 -21.3659
v 160.744 9.20707 -21.4755
v 162.978 8.72303 -19.2416
v 162.949 8.45604 -19.2706
v 164.392 8.44982 -17.8276
v 164.392 9.30661 -17.8276
v 165.917 9.30611 -16.3026
v 165.971 8.68603 -16.2482
v 165.992 8.44693 -16.2273
v 166.019 8.2149 -16.2003
v 166.052 7.98994 -16.1674
v 166.091 7.77205 -16.1286
v 166.136 7.56122 -16.0837
v 166.187 7.35746 -16.0329
v 166.244 7.16077 -15.9762
v 166.27 7.08144 -15.9499
v 166.306 6.97115 -15.9135
v 166.375 6.78859 -15.8448
v 166.45 6.6131 -15.7701
v 166.53 6.44468 -15.6895
v 166.617 6.28333 -15.6029
v 166.71 6.12904 -15.5104
v 166.808 5.98182 -15.4119
v 166.913 5.84167 -15.3074
v 167.023 5.70858 -15.197
v 167.14 5.58257 -15.0806
v 167.262 5.46362 -14.9582
v 167.39 5.35174 -14.8299
v 167.525 5.24692 -14.6956
v 167.339 4.41112 -14.8812
v 164.317 5.44397 -17.9026
v 163.652 5.22937 -18.568
v 162.459 5.22934 -19.7606
v 162.413 4.79886 -19.8072
v 160.316 5.25321 -21.9041
v 160.423 6.24168 -21.7969
v 159.983 6.24166 -22.237
v 159.982 9.73935 -22.2368
v 158.568 9.73931 -23.651
v 158.568 6.23009 -23.6512
v 155.9 6.23001 -26.3197
v 155.899 11.7715 -26.3195
v 155.899 11.9699 -26.3195
v 159.982 11.97 -22.2368
f 845/33/410 846/34/410 847/35/410 848/36/410 849/37/410 850/38/410 851/39/410 852/40/410 853/41/410 854/42/410 855/43/410 856/44/410 857/45/410 842/46/410 841/47/410 858/48/410 859/49/410 860/50/410 861/51/410 862/52/410 863/53/410 864/54/410 865/55/410 866/56/410 867/57/410 868/58/410 869/59/410 870/60/410 871/61/410 872/62/410 873/63/410 874/64/410 875/65/410 876/66/410 877/67/410 878/68/410 879/69/410 880/70/410 881/71/410 882/72/410 883/73/410 884/74/410 885/75/410 886/76/410 887/77/410 888/78/410 889/79/410 890/80/410 891/81/410 892/82/410 893/83/410 894/84/410 895/85/410 896/86/410 897/87/410 898/88/410 899/89/410 900/90/410 901/91/410 902/92/410 903/93/410 904/94/410 905/95/410 

v 158.568 13.9698 -20.8225
vn -7.218e-05 1 4.42713e-05
v 159.982 13.9699 -19.4082
f 906/96/411 907/97/411 846/98/411 845/99/411 

v 159.224 11.8466 -20.166
vn -0.707092 -0.00010333 0.707121
v 159.345 11.9699 -20.0453
v 159.982 11.9699 -19.4083
v 158.568 11.9698 -20.8226
v 154.485 11.9697 -24.9052
v 154.485 11.7713 -24.9053
v 154.486 6.22985 -24.9055
v 157.154 6.22992 -22.237
v 157.154 9.73915 -22.2368
v 158.568 9.73919 -20.8226
v 158.568 6.2415 -20.8228
v 159.008 6.24151 -20.3827
v 158.901 5.25305 -20.4899
v 160.998 4.7987 -18.393
v 161.045 5.22903 -18.3464
v 162.238 5.22907 -17.1538
v 162.903 5.44373 -16.4884
v 165.925 4.41088 -13.467
v 166.111 5.24668 -13.2813
v 165.976 5.3515 -13.4156
v 165.848 5.46338 -13.5439
v 165.726 5.58233 -13.6663
v 165.609 5.70834 -13.7827
v 165.499 5.84143 -13.8931
v 165.394 5.98158 -13.9976
v 165.296 6.1288 -14.0961
v 165.203 6.28309 -14.1887
v 165.116 6.44444 -14.2753
v 165.036 6.61286 -14.3559
v 164.961 6.78835 -14.4305
v 164.892 6.97091 -14.4992
v 164.856 7.0812 -14.5357
v 164.829 7.16053 -14.5619
v 164.773 7.35722 -14.6187
v 164.722 7.56098 -14.6695
v 164.677 7.77181 -14.7143
v 164.638 7.9897 -14.7532
v 164.605 8.21466 -14.7861
v 164.578 8.44669 -14.813
v 164.557 8.68579 -14.834
v 164.503 9.30587 -14.8884
v 162.977 9.30583 -16.4134
v 162.978 8.44966 -16.4134
v 161.535 8.45587 -17.8564
v 161.563 8.72286 -17.8274
v 159.33 9.20691 -20.0613
v 159.439 10.1816 -19.9517
v 160.298 10.1816 -19.093
v 160.739 10.2829 -18.6515
v 161.282 10.6725 -18.1089
v 161.489 11.0141 -17.9021
v 161.563 11.9699 -17.8275
v 160.353 11.9699 -19.0372
v 160.343 11.7778 -19.0475
v 160.234 11.6513 -19.1566
v 159.984 11.5317 -19.4069
v 159.439 11.4668 -19.9516
v 159.25 11.7102 -20.1402
v 158.949 11.8466 -20.4412
f 908/100/412 909/101/412 910/102/412 907/103/412 906/104/412 911/105/412 912/106/412 913/107/412 914/108/412 915/109/412 916/110/412 917/111/412 918/112/412 919/113/412 920/114/412 921/115/412 922/116/412 923/117/412 924/118/412 925/119/412 926/120/412 927/121/412 928/122/412 929/123/412 930/124/412 931/125/412 932/126/412 933/127/412 934/128/412 935/129/412 936/130/412 937/131/412 938/132/412 939/133/412 940/134/412 941/135/412 942/136/412 943/137/412 944/138/412 945/139/412 946/140/412 947/141/412 948/142/412 949/143/412 950/144/412 951/145/412 952/146/412 953/147/412 954/148/412 955/149/412 956/150/412 957/151/412 958/152/412 844/153/412 843/154/412 959/155/412 960/156/412 961/157/412 962/158/412 963/159/412 964/160/412 965/161/412 966/162/412 

vn 0.41386 -0.810874 0.413766
f 849/163/413 848/164/413 909/165/413 908/166/413 

vn 7.218e-05 -1 -4.42713e-05
f 910/167/414 909/168/414 848/169/414 847/170/414 

vn -0.707107 -8.23435e-05 0.707107
f 910/171/415 909/172/415 908/173/415 966/174/415 965/175/415 964/176/415 963/177/415 962/178/415 961/179/415 960/180/415 

f 850/181/414 849/182/414 908/183/414 966/184/414 

vn 0.215799 0.952268 0.21591
f 851/185/416 850/186/416 966/187/416 965/188/416 

vn 0.476557 0.738719 0.476643
f 852/189/417 851/190/417 965/191/417 964/192/417 

vn -0.0594093 0.996471 -0.0592932
f 853/193/418 852/194/418 964/195/418 963/196/418 

vn -0.226314 0.947425 -0.226204
f 854/197/419 853/198/419 963/199/419 962/200/419 

vn -0.448529 0.773127 -0.448439
f 855/201/420 854/202/420 962/203/420 961/204/420 

vn -0.705092 0.0755221 -0.705083
f 960/205/421 856/206/421 855/207/421 961/208/421 

f 960/209/411 959/210/411 857/211/411 856/212/411 

vn 0.707107 1.97344e-05 0.707107
f 842/213/422 857/214/422 959/215/422 843/216/422 

f 910/215/422 847/217/422 846/218/422 907/219/422 

vn -0.707107 -1.97344e-05 -0.707107
f 905/220/423 911/221/423 906/222/423 845/223/423 

f 912/224/411 911/96/411 905/225/411 904/226/411 

f 912/221/423 904/227/423 903/228/423 913/229/423 

f 913/229/423 903/230/423 902/231/423 914/232/423 

f 902/233/414 901/234/414 915/235/414 914/236/414 

f 916/237/422 915/238/422 901/239/422 900/240/422 

f 917/241/414 916/235/414 900/242/414 899/243/414 

f 918/244/423 917/245/423 899/246/423 898/247/423 

vn -0.107034 -0.988465 -0.107149
f 921/248/424 920/249/424 896/250/424 895/251/424 

vn 0.69898 -0.151369 0.698938
f 895/252/425 894/253/425 922/254/425 921/255/425 

vn 0.000122192 -1 -9.42883e-05
f 923/256/426 922/257/426 894/258/426 893/259/426 

vn 0.157324 -0.974967 0.157127
f 924/260/427 923/261/427 893/262/427 892/263/427 

vn -0.166046 -0.972011 -0.166201
f 925/264/428 924/265/428 892/266/428 891/267/428 

vn 0.674672 -0.2996 0.67458
f 926/268/429 925/269/429 891/270/429 890/271/429 

vn 0.356366 0.863665 0.35649
vn 0.34156 0.875549 0.341687
f 927/272/430 926/273/431 890/274/431 889/275/430 

vn 0.385822 0.837969 0.38594
f 928/276/432 927/277/430 889/278/430 888/279/432 

vn 0.415214 0.809384 0.415325
f 929/280/433 928/281/432 888/282/432 887/283/433 

vn 0.444268 0.77792 0.444372
f 930/284/434 929/285/433 887/286/433 886/287/434 

vn 0.472696 0.743657 0.472793
f 931/288/435 930/289/434 886/290/434 885/291/435 

vn 0.500206 0.706753 0.500295
f 932/292/436 931/293/435 885/294/435 884/295/436 

vn 0.526517 0.667438 0.526598
f 933/296/437 932/297/436 884/298/436 883/299/437 

vn 0.551373 0.626016 0.551445
f 934/300/438 933/301/437 883/302/437 882/303/438 

vn 0.57455 0.582847 0.574614
f 935/304/439 934/305/438 882/306/438 881/307/439 

vn 0.595874 0.538335 0.595928
f 936/308/440 935/309/439 881/310/439 880/311/440 

vn 0.615218 0.492908 0.615263
f 937/312/441 936/313/440 880/314/440 879/315/441 

vn 0.632512 0.447002 0.632549
f 938/316/442 937/317/441 879/318/441 878/319/442 

vn 0.640435 0.423846 0.640467
f 939/320/443 938/321/442 878/322/442 877/323/443 

vn 0.64774 0.401037 0.647768
f 940/324/444 939/320/443 877/323/443 876/325/444 

vn 0.660932 0.355405 0.660951
f 941/326/445 940/327/444 876/328/444 875/329/445 

vn 0.672161 0.310456 0.672172
f 942/330/446 941/331/445 875/332/445 874/333/446 

vn 0.681534 0.266494 0.681537
f 943/334/447 942/335/446 874/336/446 873/337/447 

vn 0.689179 0.223764 0.689175
f 944/338/448 943/339/447 873/340/447 872/341/448 

vn 0.695242 0.182462 0.69523
f 945/342/449 944/343/448 872/344/448 871/345/449 

vn 0.699877 0.142731 0.699857
f 946/346/450 945/347/449 871/348/449 870/349/450 

vn 0.701727 0.123251 0.701704
f 947/350/451 946/351/450 870/352/450 869/353/451 

f 948/354/451 947/350/451 869/353/451 868/355/451 

vn -0.707097 1.26304e-05 -0.707117
f 866/356/452 950/357/452 949/358/452 867/359/452 

vn 0.00209481 0.999995 0.00221126
f 951/360/453 950/361/453 866/362/453 865/363/453 

vn 0.698959 -0.15145 0.698941
f 864/364/454 952/365/454 951/366/454 865/367/454 

vn 0.107034 0.988465 0.107149
f 953/368/455 952/369/455 864/370/455 863/371/455 

f 952/372/415 844/373/415 958/374/415 957/375/415 956/376/415 955/377/415 954/378/415 953/379/415 

vn 0.707089 0.00706287 0.70709
f 844/380/456 952/381/456 864/382/456 841/383/456 

vn 0.707107 8.23435e-05 -0.707107
f 841/47/457 864/54/457 863/53/457 862/52/457 861/51/457 860/50/457 859/49/457 858/48/457 

vn -0.698357 0.156909 -0.698339
f 953/384/458 954/385/458 862/386/458 863/387/458 

f 954/388/411 955/389/411 861/390/411 862/391/411 

vn -0.113256 0.987103 -0.113141
f 955/392/459 956/393/459 860/394/459 861/395/459 

vn -0.32012 0.891691 -0.320016
f 956/396/460 957/397/460 859/398/460 860/399/460 

vn -0.537208 0.650305 -0.537132
f 957/400/461 958/401/461 858/402/461 859/403/461 

vn -0.686041 0.242349 -0.686013
f 958/404/462 844/405/462 841/406/462 858/407/462 

g Mesh25 ___436_4 ___532_2 Model

v 172.32 12.4 -9.89943
vn 0.13883 -0.980537 0.13883
v 176.235 13.5089 -5.98368
v 174.821 13.5089 -4.56946
v 170.905 12.4 -8.48522
f 967/408/463 968/409/463 969/410/463 970/411/463 

v 155.789 25.7836 -26.4298
vn 0.707104 2.46667e-06 -0.70711
v 155.789 28.1486 -26.4299
v 165.676 24.6155 -16.5428
v 171.955 23.4574 -10.2636
v 171.955 21.514 -10.2636
v 180.573 19.5749 -1.64566
v 180.797 19.0228 -1.4224
v 180.342 16.3759 -1.87712
v 177.173 15.7744 -5.04602
v 177.173 14.7744 -5.04602
v 172.32 11.9699 -9.89943
v 153.84 11.9699 -28.3785
v 153.84 0.0724014 -28.3785
v 152.426 0.0724014 -29.7927
v 152.426 16.7512 -29.7925
v 155.789 16.7512 -26.4297
v 155.789 20.6271 -26.4298
f 971/412/464 972/413/464 973/414/464 974/415/464 975/416/464 976/417/464 977/418/464 978/419/464 979/420/464 980/421/464 968/422/464 967/423/464 981/424/464 982/425/464 983/426/464 984/427/464 985/428/464 986/429/464 987/430/464 

vn -0.70712 6.24211e-09 -0.707093
v 154.375 25.7836 -25.0158
v 154.375 28.1487 -25.0159
f 972/431/465 971/432/465 988/433/465 989/434/465 

vn -0.707113 -4.22762e-06 -0.707101
v 154.375 20.6271 -25.0159
f 971/435/466 987/436/466 990/437/466 988/438/466 

vn -0.707105 5.09055e-09 -0.707109
v 154.375 16.7512 -25.0158
f 987/439/467 986/440/467 991/441/467 990/442/467 

vn 9.17104e-06 1 -9.34163e-06
v 151.012 16.7512 -28.3786
f 985/443/468 992/444/468 991/445/468 986/446/468 

vn -0.707106 -1.20637e-07 -0.707107
v 151.012 0.0724014 -28.3785
f 985/447/469 984/448/469 993/449/469 992/450/469 

vn 7.37561e-09 -1 1.64021e-08
v 152.426 0.0724015 -26.9643
f 984/451/470 983/452/470 994/453/470 993/454/470 

vn 0.707107 1.68133e-08 0.707107
v 152.426 11.9699 -26.9643
f 983/455/471 982/456/471 995/457/471 994/458/471 

v 170.905 11.9699 -8.48522
vn 7.37564e-09 -1 1.64021e-08
f 996/459/472 995/453/472 982/452/472 981/460/472 

v 175.759 14.7744 -3.63181
vn -0.70711 9.06731e-06 0.707104
v 175.759 15.7744 -3.63181
v 178.928 16.3759 -0.462905
v 179.382 19.0228 -0.00818574
v 179.159 19.5749 -0.231449
v 170.541 21.514 -8.84939
v 170.541 23.4574 -8.84939
v 164.262 24.6155 -15.1286
f 997/461/473 998/462/473 999/463/473 1000/464/473 1001/465/473 1002/466/473 1003/467/473 1004/468/473 989/469/473 988/470/473 990/471/473 991/472/473 992/473/473 993/474/473 994/475/473 995/476/473 996/477/473 970/478/473 969/479/473 

vn 0.707107 -5.14388e-09 0.707107
f 979/480/474 998/481/474 997/482/474 980/483/474 

vn 0.0940611 -0.991113 0.0940611
f 999/484/475 998/485/475 979/486/475 978/487/475 

vn 0.687119 -0.236083 0.687119
f 977/488/476 1000/489/476 999/490/476 978/491/476 

vn 0.613823 0.496429 0.613823
f 977/492/477 976/493/477 1001/494/477 1000/495/477 

vn 0.111107 0.987578 0.111107
f 1001/496/478 976/497/478 975/498/478 1002/499/478 

vn 0.707107 -5.15946e-09 0.707107
f 1003/500/479 1002/501/479 975/502/479 974/503/479 

vn 0.0914461 0.991602 0.0914461
f 973/504/480 1004/505/480 1003/506/480 974/507/480 

vn 0.173239 0.969527 0.17322
f 973/508/481 972/509/481 989/510/481 1004/511/481 

vn 0.488189 -0.723424 0.488189
f 997/512/482 969/513/482 968/514/482 980/515/482 

vn 0.707107 1.68134e-08 0.707107
f 996/516/483 981/517/483 967/518/483 970/519/483 

g Mesh26 ___436_4 ___532_2 Model

v 157.234 6.23005 -24.9855
vn -7.39258e-05 1 -1.57046e-05
v 155.9 6.23001 -26.3197
v 154.486 6.22985 -24.9055
v 155.82 6.23005 -23.5712
f 1005/520/484 1006/521/484 1007/522/484 1008/523/484 

v 157.235 0.0723527 -24.9854
vn 0.707107 4.11686e-05 -0.707107
v 155.9 0.0723155 -26.3196
f 1009/524/485 1010/525/485 1006/526/485 1005/527/485 

vn 7.39258e-05 -1 1.57046e-05
v 155.82 0.0723528 -23.5711
v 154.486 0.0721508 -24.9054
f 1010/528/486 1009/529/486 1011/530/486 1012/531/486 

vn 0.707107 6.33782e-05 0.707107
f 1011/532/487 1009/533/487 1005/534/487 1008/535/487 

vn -0.707107 -4.11686e-05 0.707107
f 1012/536/488 1011/537/488 1008/538/488 1007/539/488 

vn -0.707107 -6.33782e-05 -0.707107
f 1010/540/489 1012/541/489 1007/542/489 1006/543/489 

g Mesh27 ___178_5 ___387_3 ___532_2 Model

v 90.42 17.0503 -3.38906
vn -1 -1.40063e-09 5.71438e-11
v 90.42 26.2113 -24.6607
v 90.42 24.3744 -25.4518
v 90.42 15.2134 -4.18015
f 1013/4/490 1014/3/490 1015/2/490 1016/1/490 

vn -1.03377e-09 0.918446 0.395545
v 175.21 17.0503 -3.38906
v 172.455 18.2369 -6.1444
v 153.939 26.2113 -24.6607
f 1014/18/491 1013/17/491 1017/16/491 1018/15/491 1019/14/491 

vn 6.21864e-10 -0.395545 0.918446
v 175.21 15.2134 -4.18015
f 1016/13/492 1020/12/492 1017/11/492 1013/10/492 

vn 1.20016e-09 -0.918446 -0.395546
v 153.939 24.3744 -25.4518
v 172.455 16.4 -6.93549
f 1015/9/493 1021/8/493 1022/7/493 1020/6/493 1016/5/493 

vn -8.32744e-17 0.395545 -0.918446
f 1014/28/494 1019/27/494 1021/26/494 1015/25/494 

vn 0.736501 0.267561 -0.621271
f 1019/22/495 1018/21/495 1022/20/495 1021/19/495 

f 1018/21/495 1017/24/495 1020/23/495 1022/20/495 

g Mesh28 ___178_6 ___387_3 ___532_2 Model

v 90.42 15.2134 -4.18015
vn 1 -1.40063e-09 5.71438e-11
v 90.42 24.3744 -25.4518
v 90.42 26.2113 -24.6607
v 90.42 17.0503 -3.38906
f 1023/1/496 1024/2/496 1025/3/496 1026/4/496 

vn -1.20016e-09 -0.918446 -0.395546
v 5.62965 15.2134 -4.18015
v 8.38499 16.4 -6.93549
v 26.9013 24.3744 -25.4518
f 1023/5/497 1027/6/497 1028/7/497 1029/8/497 1024/9/497 

vn -6.21864e-10 -0.395545 0.918446
v 5.62965 17.0503 -3.38906
f 1026/10/498 1030/11/498 1027/12/498 1023/13/498 

v 26.9013 26.2113 -24.6607
vn 1.03377e-09 0.918446 0.395545
v 8.38499 18.2369 -6.1444
f 1031/14/499 1032/15/499 1030/16/499 1026/17/499 1025/18/499 

vn -0.736501 0.267561 -0.621271
f 1029/19/500 1028/20/500 1032/21/500 1031/22/500 

f 1028/20/500 1027/23/500 1030/24/500 1032/21/500 

vn 8.32744e-17 0.395545 -0.918446
f 1024/25/501 1029/26/501 1031/27/501 1025/28/501 

g Mesh29 ___475_7 ___541_2 Model

v 25.443 11.8703 -39.7365
vn 1 8.77534e-13 4.78305e-12
v 25.443 24.2768 -39.7365
v 25.443 24.2768 -37.7365
v 25.443 11.8703 -37.7365
f 1033/544/502 1034/545/502 1035/546/502 1036/547/502 

v 18.1371 14.4196 -39.7365
vn -4.15365e-11 -5.5186e-11 -1
v 18.1397 12.1902 -39.7365
v 17.3783 12.1904 -39.7365
v 11.1368 12.1839 -39.7365
v 11.1342 14.7341 -39.7365
v 4.17115 14.7377 -39.7365
v 4.17134 15.1158 -39.7365
v 24.3858 11.8713 -39.7365
v 24.3863 9.87127 -39.7365
v 20.1407 9.87026 -39.7365
v 20.1402 14.4198 -39.7365
f 1037/548/503 1038/549/503 1039/550/503 1040/551/503 1041/552/503 1042/553/503 1043/554/503 1034/555/503 1033/556/503 1044/557/503 1045/558/503 1046/559/503 1047/560/503 

v 18.1371 14.4196 -37.7365
vn 1 -0.000223251 3.82749e-16
v 18.1397 12.1902 -37.7365
f 1048/561/504 1049/562/504 1038/563/504 1037/564/504 

v 4.17134 15.1158 -37.7365
vn 3.15473e-11 8.6425e-11 1
v 4.17115 14.7377 -37.7365
v 11.1342 14.7341 -37.7365
v 11.1368 12.1839 -37.7365
v 17.3783 12.1904 -37.7365
v 20.1402 14.4198 -37.7365
v 20.1407 9.87026 -37.7365
v 24.3863 9.87127 -37.7365
v 24.3858 11.8713 -37.7365
f 1050/565/505 1051/566/505 1052/567/505 1053/568/505 1054/569/505 1049/570/505 1048/571/505 1055/572/505 1056/573/505 1057/574/505 1058/575/505 1036/576/505 1035/577/505 

vn -1 0.000509454 -1.44784e-11
f 1051/578/506 1050/579/506 1043/580/506 1042/581/506 

vn -0.395546 0.918446 -3.67253e-11
f 1050/582/507 1035/583/507 1034/584/507 1043/585/507 

vn -0.000509454 -1 1.68823e-11
f 1051/586/508 1042/587/508 1041/588/508 1052/589/508 

vn -0.999999 -0.00104141 -3.82912e-16
f 1041/590/509 1040/591/509 1053/592/509 1052/593/509 

vn 0.00104141 -0.999999 2.57215e-18
f 1053/594/510 1040/595/510 1039/596/510 1054/597/510 

vn -0.000223251 -1 -1.79766e-17
f 1038/598/511 1049/599/511 1054/600/511 1039/601/511 

vn 7.67735e-19 -1 2.14633e-18
f 1037/598/512 1047/602/512 1055/603/512 1048/604/512 

vn -1 -8.21945e-19 -3.82857e-16
f 1046/605/513 1056/606/513 1055/607/513 1047/608/513 

vn 0.000238931 -1 2.36294e-18
f 1046/609/514 1045/610/514 1057/611/514 1056/612/514 

vn 1 0.000238931 3.82856e-16
f 1057/613/515 1045/614/515 1044/615/515 1058/616/515 

vn -0.000959563 -1 1.88738e-18
f 1036/617/516 1058/618/516 1044/619/516 1033/620/516 

g Mesh30 ___481_3 ___541_2 Model

v 3.38025 16.9527 -62.8873
vn -5.71434e-11 -1.40063e-09 -1
v 24.6519 26.1137 -62.8873
v 25.443 24.2768 -62.8873
v 4.17134 15.1158 -62.8873
f 1059/4/517 1060/3/517 1061/2/517 1062/1/517 

vn -0.395545 0.918446 -1.03377e-09
v 3.38025 16.9527 -5.58607
v 6.13559 18.1393 -8.34141
v 24.6519 26.1137 -26.8577
f 1060/626/518 1059/625/518 1063/16/518 1064/15/518 1065/14/518 

vn -0.918446 -0.395545 6.21863e-10
v 4.17134 15.1158 -5.58607
f 1062/624/519 1066/12/519 1063/11/519 1059/623/519 

vn 0.395546 -0.918446 1.20016e-09
v 25.443 24.2768 -26.8577
v 6.92668 16.3024 -8.34141
f 1061/622/520 1067/8/520 1068/7/520 1066/6/520 1062/621/520 

vn 0.918446 0.395545 2.67467e-16
f 1060/628/521 1065/27/521 1067/26/521 1061/627/521 

vn 0.621271 0.267561 0.736501
f 1065/22/522 1064/21/522 1068/20/522 1067/19/522 

f 1064/21/522 1063/24/522 1066/23/522 1068/20/522 

g Mesh31 ___481_4 ___541_2 Model

v 4.17134 15.1158 -62.8873
vn -5.71442e-11 -1.40063e-09 1
v 25.443 24.2768 -62.8873
v 24.6519 26.1137 -62.8873
v 3.38025 16.9527 -62.8873
f 1069/1/523 1070/2/523 1071/3/523 1072/4/523 

vn 0.395546 -0.918446 -1.20016e-09
v 4.17134 15.1158 -120.188
v 6.92668 16.3024 -117.433
v 25.443 24.2768 -98.9168
f 1069/621/524 1073/6/524 1074/7/524 1075/8/524 1070/622/524 

vn -0.918446 -0.395545 -6.21864e-10
v 3.38025 16.9527 -120.188
f 1072/623/525 1076/11/525 1073/12/525 1069/624/525 

v 24.6519 26.1137 -98.9168
vn -0.395545 0.918446 1.03377e-09
v 6.13559 18.1393 -117.433
f 1077/14/526 1078/15/526 1076/16/526 1072/625/526 1071/626/526 

vn 0.621271 0.267561 -0.736501
f 1075/19/527 1074/20/527 1078/21/527 1077/22/527 

f 1074/20/527 1073/23/527 1076/24/527 1078/21/527 

vn 0.918446 0.395545 4.34016e-16
f 1070/627/528 1075/26/528 1077/27/528 1071/628/528 

g Mesh32 ___475_8 ___541_2 Model

v 25.443 11.8703 -88.0381
vn 1 8.77534e-13 -4.78228e-12
v 25.443 24.2768 -88.0381
v 25.443 24.2768 -86.0381
v 25.443 11.8703 -86.0381
f 1079/547/529 1080/546/529 1081/545/529 1082/544/529 

vn 3.1548e-11 8.6425e-11 -1
v 24.3858 11.8713 -88.0381
v 24.3863 9.87127 -88.0381
v 20.1407 9.87026 -88.0381
v 20.1402 14.4198 -88.0381
v 18.1371 14.4196 -88.0381
v 18.1397 12.1902 -88.0381
v 17.3783 12.1904 -88.0381
v 11.1368 12.1839 -88.0381
v 11.1342 14.7341 -88.0381
v 4.17115 14.7377 -88.0381
v 4.17134 15.1158 -88.0381
f 1080/577/530 1079/576/530 1083/575/530 1084/574/530 1085/573/530 1086/572/530 1087/571/530 1088/570/530 1089/569/530 1090/568/530 1091/567/530 1092/566/530 1093/565/530 

vn -0.000959563 -1 1.83317e-18
v 24.3858 11.8713 -86.0381
f 1082/620/531 1094/619/531 1083/618/531 1079/617/531 

v 20.1402 14.4198 -86.0381
vn -4.15373e-11 -5.5186e-11 1
v 20.1407 9.87026 -86.0381
v 24.3863 9.87127 -86.0381
v 4.17134 15.1158 -86.0381
v 4.17115 14.7377 -86.0381
v 11.1342 14.7341 -86.0381
v 11.1368 12.1839 -86.0381
v 17.3783 12.1904 -86.0381
v 18.1397 12.1902 -86.0381
v 18.1371 14.4196 -86.0381
f 1095/560/532 1096/559/532 1097/558/532 1094/557/532 1082/556/532 1081/555/532 1098/554/532 1099/553/532 1100/552/532 1101/551/532 1102/550/532 1103/549/532 1104/548/532 

f 1095/608/513 1086/607/513 1085/606/513 1096/605/513 

vn 7.67735e-19 -1 2.30897e-18
f 1087/604/533 1086/603/533 1095/602/533 1104/598/533 

vn 1 -0.000223251 3.82966e-16
f 1104/564/534 1103/563/534 1088/562/534 1087/561/534 

vn -0.000223251 -1 2.2261e-17
f 1102/601/535 1089/600/535 1088/599/535 1103/598/535 

vn 0.00104141 -0.999999 2.68057e-18
f 1089/597/536 1102/596/536 1101/595/536 1090/594/536 

vn -0.999999 -0.00104141 -3.82797e-16
f 1091/593/537 1090/592/537 1101/591/537 1100/590/537 

vn -0.000509454 -1 -1.68823e-11
f 1091/589/538 1100/588/538 1099/587/538 1092/586/538 

vn -1 0.000509454 1.44776e-11
f 1099/581/539 1098/580/539 1093/579/539 1092/578/539 

vn -0.395546 0.918446 3.67249e-11
f 1098/585/540 1081/584/540 1080/583/540 1093/582/540 

vn 0.000238931 -1 2.27531e-18
f 1085/612/541 1084/611/541 1097/610/541 1096/609/541 

f 1083/616/515 1094/615/515 1097/614/515 1084/613/515 

